experiment,pioreactor_unit,timestamp,event_name,message,data,timestamp_localtime,hours_since_experiment_created
Yeast Grow 4 Days,pioreactor02,2025-09-20T05:14:10.579Z,UpdatedHeaterDC,delta_dc=25,"{""current_dc"": 25.0, ""delta_dc"": 25, ""target_temperature"": 32.0, ""latest_temperature"": 18.0625}",2025-09-20 07:14:10.579,0.196944444444
Yeast Grow 4 Days,pioreactor02,2025-09-20T05:17:36.654Z,UpdatedHeaterDC,delta_dc=25,"{""current_dc"": 50.0, ""delta_dc"": 25, ""target_temperature"": 32.0, ""latest_temperature"": 16.49}",2025-09-20 07:17:36.654,0.254166666667
Yeast Grow 4 Days,pioreactor02,2025-09-20T05:20:56.655Z,UpdatedHeaterDC,delta_dc=25,"{""current_dc"": 75.0, ""delta_dc"": 25, ""target_temperature"": 32.0, ""latest_temperature"": 16.58}",2025-09-20 07:20:56.655,0.309722222222
Yeast Grow 4 Days,pioreactor02,2025-09-20T05:24:16.696Z,UpdatedHeaterDC,delta_dc=25,"{""current_dc"": 100.0, ""delta_dc"": 25, ""target_temperature"": 32.0, ""latest_temperature"": 17.21}",2025-09-20 07:24:16.696,0.365277777778
Yeast Grow 4 Days,pioreactor02,2025-09-20T05:27:36.655Z,UpdatedHeaterDC,delta_dc=25,"{""current_dc"": 100.0, ""delta_dc"": 25, ""target_temperature"": 32.0, ""latest_temperature"": 18.18}",2025-09-20 07:27:36.655,0.420833333333
Yeast Grow 4 Days,pioreactor02,2025-09-20T05:30:56.655Z,UpdatedHeaterDC,delta_dc=20.81199999999999,"{""current_dc"": 100.0, ""delta_dc"": 20.81199999999999, ""target_temperature"": 32.0, ""latest_temperature"": 20.28}",2025-09-20 07:30:56.655,0.476388888889
Yeast Grow 4 Days,pioreactor02,2025-09-20T05:34:16.654Z,UpdatedHeaterDC,delta_dc=17.29600000000001,"{""current_dc"": 100.0, ""delta_dc"": 17.29600000000001, ""target_temperature"": 32.0, ""latest_temperature"": 22.11}",2025-09-20 07:34:16.654,0.531944444444
Yeast Grow 4 Days,pioreactor02,2025-09-20T05:37:36.655Z,UpdatedHeaterDC,delta_dc=15.849999999999998,"{""current_dc"": 100.0, ""delta_dc"": 15.849999999999998, ""target_temperature"": 32.0, ""latest_temperature"": 23.48}",2025-09-20 07:37:36.655,0.5875
Yeast Grow 4 Days,pioreactor02,2025-09-20T05:40:56.655Z,UpdatedHeaterDC,delta_dc=12.360000000000003,"{""current_dc"": 100.0, ""delta_dc"": 12.360000000000003, ""target_temperature"": 32.0, ""latest_temperature"": 24.84}",2025-09-20 07:40:56.655,0.643055555556
Yeast Grow 4 Days,pioreactor02,2025-09-20T05:44:16.650Z,UpdatedHeaterDC,delta_dc=11.847999999999992,"{""current_dc"": 100.0, ""delta_dc"": 11.847999999999992, ""target_temperature"": 32.0, ""latest_temperature"": 25.78}",2025-09-20 07:44:16.650,0.698611111111
Yeast Grow 4 Days,pioreactor02,2025-09-20T05:47:36.654Z,UpdatedHeaterDC,delta_dc=8.61200000000002,"{""current_dc"": 100.0, ""delta_dc"": 8.61200000000002, ""target_temperature"": 32.0, ""latest_temperature"": 26.83}",2025-09-20 07:47:36.654,0.754166666667
Yeast Grow 4 Days,pioreactor02,2025-09-20T05:50:56.655Z,UpdatedHeaterDC,delta_dc=8.473999999999997,"{""current_dc"": 100.0, ""delta_dc"": 8.473999999999997, ""target_temperature"": 32.0, ""latest_temperature"": 27.52}",2025-09-20 07:50:56.655,0.809722222222
Yeast Grow 4 Days,pioreactor02,2025-09-20T05:54:16.655Z,UpdatedHeaterDC,delta_dc=6.1759999999999895,"{""current_dc"": 100.0, ""delta_dc"": 6.1759999999999895, ""target_temperature"": 32.0, ""latest_temperature"": 28.28}",2025-09-20 07:54:16.655,0.865277777778
Yeast Grow 4 Days,pioreactor02,2025-09-20T05:57:36.659Z,UpdatedHeaterDC,delta_dc=6.576,"{""current_dc"": 100.0, ""delta_dc"": 6.576, ""target_temperature"": 32.0, ""latest_temperature"": 28.71}",2025-09-20 07:57:36.659,0.920833333333
Yeast Grow 4 Days,pioreactor02,2025-09-20T06:00:56.655Z,UpdatedHeaterDC,delta_dc=3.0820000000000123,"{""current_dc"": 100.0, ""delta_dc"": 3.0820000000000123, ""target_temperature"": 32.0, ""latest_temperature"": 29.47}",2025-09-20 08:00:56.655,0.976388888889
Yeast Grow 4 Days,pioreactor02,2025-09-20T06:04:16.654Z,UpdatedHeaterDC,delta_dc=3.265999999999997,"{""current_dc"": 100.0, ""delta_dc"": 3.265999999999997, ""target_temperature"": 32.0, ""latest_temperature"": 29.93}",2025-09-20 08:04:16.654,1.031944444444
Yeast Grow 4 Days,pioreactor02,2025-09-20T06:07:36.654Z,UpdatedHeaterDC,delta_dc=2.5020000000000113,"{""current_dc"": 100.0, ""delta_dc"": 2.5020000000000113, ""target_temperature"": 32.0, ""latest_temperature"": 30.33}",2025-09-20 08:07:36.654,1.0875
Yeast Grow 4 Days,pioreactor02,2025-09-20T06:10:56.655Z,UpdatedHeaterDC,delta_dc=0.5259999999999967,"{""current_dc"": 100.0, ""delta_dc"": 0.5259999999999967, ""target_temperature"": 32.0, ""latest_temperature"": 30.86}",2025-09-20 08:10:56.655,1.143055555556
Yeast Grow 4 Days,pioreactor02,2025-09-20T06:14:16.740Z,UpdatedHeaterDC,delta_dc=-0.3480000000000043,"{""current_dc"": 99.65, ""delta_dc"": -0.3480000000000043, ""target_temperature"": 32.0, ""latest_temperature"": 31.32}",2025-09-20 08:14:16.740,1.198611111111
Yeast Grow 4 Days,pioreactor02,2025-09-20T06:17:36.655Z,UpdatedHeaterDC,delta_dc=-0.8239999999999965,"{""current_dc"": 98.83, ""delta_dc"": -0.8239999999999965, ""target_temperature"": 32.0, ""latest_temperature"": 31.68}",2025-09-20 08:17:36.655,1.254166666667
Yeast Grow 4 Days,pioreactor02,2025-09-20T06:20:56.656Z,UpdatedHeaterDC,delta_dc=-0.8960000000000135,"{""current_dc"": 97.93, ""delta_dc"": -0.8960000000000135, ""target_temperature"": 32.0, ""latest_temperature"": 31.92}",2025-09-20 08:20:56.656,1.309722222222
Yeast Grow 4 Days,pioreactor02,2025-09-20T06:24:16.697Z,UpdatedHeaterDC,delta_dc=-1.5920000000000043,"{""current_dc"": 96.34, ""delta_dc"": -1.5920000000000043, ""target_temperature"": 32.0, ""latest_temperature"": 32.17}",2025-09-20 08:24:16.697,1.365277777778
Yeast Grow 4 Days,pioreactor02,2025-09-20T06:27:36.655Z,UpdatedHeaterDC,delta_dc=-1.8819999999999737,"{""current_dc"": 94.46, ""delta_dc"": -1.8819999999999737, ""target_temperature"": 32.0, ""latest_temperature"": 32.37}",2025-09-20 08:27:36.655,1.420833333333
Yeast Grow 4 Days,pioreactor02,2025-09-20T06:30:56.697Z,UpdatedHeaterDC,delta_dc=-2.1860000000000057,"{""current_dc"": 92.27, ""delta_dc"": -2.1860000000000057, ""target_temperature"": 32.0, ""latest_temperature"": 32.54}",2025-09-20 08:30:56.697,1.476388888889
Yeast Grow 4 Days,pioreactor02,2025-09-20T06:34:16.655Z,UpdatedHeaterDC,delta_dc=-1.4759999999999835,"{""current_dc"": 90.79, ""delta_dc"": -1.4759999999999835, ""target_temperature"": 32.0, ""latest_temperature"": 32.55}",2025-09-20 08:34:16.655,1.531944444444
Yeast Grow 4 Days,pioreactor02,2025-09-20T06:37:36.654Z,UpdatedHeaterDC,delta_dc=-1.7180000000000377,"{""current_dc"": 89.07, ""delta_dc"": -1.7180000000000377, ""target_temperature"": 32.0, ""latest_temperature"": 32.59}",2025-09-20 08:37:36.654,1.5875
Yeast Grow 4 Days,pioreactor02,2025-09-20T06:40:56.659Z,UpdatedHeaterDC,delta_dc=-0.09399999999998854,"{""current_dc"": 88.98, ""delta_dc"": -0.09399999999998854, ""target_temperature"": 32.0, ""latest_temperature"": 32.39}",2025-09-20 08:40:56.659,1.643055555556
Yeast Grow 4 Days,pioreactor02,2025-09-20T06:44:16.697Z,UpdatedHeaterDC,delta_dc=-1.1579999999999728,"{""current_dc"": 87.82, ""delta_dc"": -1.1579999999999728, ""target_temperature"": 32.0, ""latest_temperature"": 32.41}",2025-09-20 08:44:16.697,1.698611111111
Yeast Grow 4 Days,pioreactor02,2025-09-20T06:47:36.656Z,UpdatedHeaterDC,delta_dc=-1.7140000000000157,"{""current_dc"": 86.11, ""delta_dc"": -1.7140000000000157, ""target_temperature"": 32.0, ""latest_temperature"": 32.5}",2025-09-20 08:47:36.656,1.754166666667
Yeast Grow 4 Days,pioreactor02,2025-09-20T06:50:56.654Z,UpdatedHeaterDC,delta_dc=-1.804000000000002,"{""current_dc"": 84.31, ""delta_dc"": -1.804000000000002, ""target_temperature"": 32.0, ""latest_temperature"": 32.57}",2025-09-20 08:50:56.654,1.809722222222
Yeast Grow 4 Days,pioreactor02,2025-09-20T06:54:16.655Z,UpdatedHeaterDC,delta_dc=-0.1140000000000172,"{""current_dc"": 84.2, ""delta_dc"": -0.1140000000000172, ""target_temperature"": 32.0, ""latest_temperature"": 32.38}",2025-09-20 08:54:16.655,1.865277777778
Yeast Grow 4 Days,pioreactor02,2025-09-20T06:57:36.655Z,UpdatedHeaterDC,delta_dc=1.2440000000000095,"{""current_dc"": 85.44, ""delta_dc"": 1.2440000000000095, ""target_temperature"": 32.0, ""latest_temperature"": 32.07}",2025-09-20 08:57:36.655,1.920833333333
Yeast Grow 4 Days,pioreactor02,2025-09-20T07:00:56.655Z,UpdatedHeaterDC,delta_dc=-0.8299999999999741,"{""current_dc"": 84.61, ""delta_dc"": -0.8299999999999741, ""target_temperature"": 32.0, ""latest_temperature"": 32.16}",2025-09-20 09:00:56.655,1.976388888889
Yeast Grow 4 Days,pioreactor02,2025-09-20T07:04:16.654Z,UpdatedHeaterDC,delta_dc=-0.48800000000002797,"{""current_dc"": 84.12, ""delta_dc"": -0.48800000000002797, ""target_temperature"": 32.0, ""latest_temperature"": 32.17}",2025-09-20 09:04:16.654,2.031944444444
Yeast Grow 4 Days,pioreactor02,2025-09-20T07:07:36.674Z,UpdatedHeaterDC,delta_dc=0.06199999999999756,"{""current_dc"": 84.18, ""delta_dc"": 0.06199999999999756, ""target_temperature"": 32.0, ""latest_temperature"": 32.1}",2025-09-20 09:07:36.674,2.0875
Yeast Grow 4 Days,pioreactor02,2025-09-20T07:10:56.659Z,UpdatedHeaterDC,delta_dc=0.24399999999999833,"{""current_dc"": 84.42, ""delta_dc"": 0.24399999999999833, ""target_temperature"": 32.0, ""latest_temperature"": 32.03}",2025-09-20 09:10:56.659,2.143055555556
Yeast Grow 4 Days,pioreactor02,2025-09-20T07:14:16.654Z,UpdatedHeaterDC,delta_dc=-0.582000000000005,"{""current_dc"": 83.84, ""delta_dc"": -0.582000000000005, ""target_temperature"": 32.0, ""latest_temperature"": 32.1}",2025-09-20 09:14:16.654,2.198611111111
Yeast Grow 4 Days,pioreactor02,2025-09-20T07:17:36.655Z,UpdatedHeaterDC,delta_dc=0.4600000000000065,"{""current_dc"": 84.3, ""delta_dc"": 0.4600000000000065, ""target_temperature"": 32.0, ""latest_temperature"": 32.0}",2025-09-20 09:17:36.655,2.254166666667
Yeast Grow 4 Days,pioreactor02,2025-09-20T07:20:56.655Z,UpdatedHeaterDC,delta_dc=-0.35999999999997956,"{""current_dc"": 83.94, ""delta_dc"": -0.35999999999997956, ""target_temperature"": 32.0, ""latest_temperature"": 32.05}",2025-09-20 09:20:56.655,2.309722222222
Yeast Grow 4 Days,pioreactor02,2025-09-20T07:24:16.655Z,UpdatedHeaterDC,delta_dc=-1.4259999999999904,"{""current_dc"": 82.51, ""delta_dc"": -1.4259999999999904, ""target_temperature"": 32.0, ""latest_temperature"": 32.23}",2025-09-20 09:24:16.655,2.365277777778
Yeast Grow 4 Days,pioreactor02,2025-09-20T07:27:36.655Z,UpdatedHeaterDC,delta_dc=-0.30999999999999805,"{""current_dc"": 82.2, ""delta_dc"": -0.30999999999999805, ""target_temperature"": 32.0, ""latest_temperature"": 32.19}",2025-09-20 09:27:36.655,2.420833333333
Yeast Grow 4 Days,pioreactor02,2025-09-20T07:30:56.655Z,UpdatedHeaterDC,delta_dc=0.7299999999999669,"{""current_dc"": 82.93, ""delta_dc"": 0.7299999999999669, ""target_temperature"": 32.0, ""latest_temperature"": 32.02}",2025-09-20 09:30:56.655,2.476388888889
Yeast Grow 4 Days,pioreactor02,2025-09-20T07:34:16.656Z,UpdatedHeaterDC,delta_dc=1.0280000000000071,"{""current_dc"": 83.96, ""delta_dc"": 1.0280000000000071, ""target_temperature"": 32.0, ""latest_temperature"": 31.87}",2025-09-20 09:34:16.656,2.531944444444
Yeast Grow 4 Days,pioreactor02,2025-09-20T07:37:36.655Z,UpdatedHeaterDC,delta_dc=0.05000000000000357,"{""current_dc"": 84.01, ""delta_dc"": 0.05000000000000357, ""target_temperature"": 32.0, ""latest_temperature"": 31.91}",2025-09-20 09:37:36.655,2.5875
Yeast Grow 4 Days,pioreactor02,2025-09-20T07:40:56.655Z,UpdatedHeaterDC,delta_dc=-0.34199999999998804,"{""current_dc"": 83.67, ""delta_dc"": -0.34199999999998804, ""target_temperature"": 32.0, ""latest_temperature"": 31.99}",2025-09-20 09:40:56.655,2.643055555556
Yeast Grow 4 Days,pioreactor02,2025-09-20T07:44:16.656Z,UpdatedHeaterDC,delta_dc=1.1059999999999937,"{""current_dc"": 84.78, ""delta_dc"": 1.1059999999999937, ""target_temperature"": 32.0, ""latest_temperature"": 31.84}",2025-09-20 09:44:16.656,2.698611111111
Yeast Grow 4 Days,pioreactor02,2025-09-20T07:47:36.655Z,UpdatedHeaterDC,delta_dc=0.12800000000000655,"{""current_dc"": 84.91, ""delta_dc"": 0.12800000000000655, ""target_temperature"": 32.0, ""latest_temperature"": 31.88}",2025-09-20 09:47:36.655,2.754166666667
Yeast Grow 4 Days,pioreactor02,2025-09-20T07:50:56.654Z,UpdatedHeaterDC,delta_dc=-0.04800000000000251,"{""current_dc"": 84.86, ""delta_dc"": -0.04800000000000251, ""target_temperature"": 32.0, ""latest_temperature"": 31.93}",2025-09-20 09:50:56.654,2.809722222222
Yeast Grow 4 Days,pioreactor02,2025-09-20T07:54:16.655Z,UpdatedHeaterDC,delta_dc=0.39800000000000896,"{""current_dc"": 85.26, ""delta_dc"": 0.39800000000000896, ""target_temperature"": 32.0, ""latest_temperature"": 31.9}",2025-09-20 09:54:16.655,2.865277777778
Yeast Grow 4 Days,pioreactor02,2025-09-20T07:57:36.655Z,UpdatedHeaterDC,delta_dc=1.6999999999999986,"{""current_dc"": 86.96, ""delta_dc"": 1.6999999999999986, ""target_temperature"": 32.0, ""latest_temperature"": 31.7}",2025-09-20 09:57:36.655,2.920833333333
Yeast Grow 4 Days,pioreactor02,2025-09-20T08:00:56.654Z,UpdatedHeaterDC,delta_dc=-1.163999999999995,"{""current_dc"": 85.8, ""delta_dc"": -1.163999999999995, ""target_temperature"": 32.0, ""latest_temperature"": 31.97}",2025-09-20 10:00:56.654,2.976388888889
Yeast Grow 4 Days,pioreactor02,2025-09-20T08:04:16.658Z,UpdatedHeaterDC,delta_dc=0.4379999999999825,"{""current_dc"": 86.24, ""delta_dc"": 0.4379999999999825, ""target_temperature"": 32.0, ""latest_temperature"": 31.92}",2025-09-20 10:04:16.658,3.031944444444
Yeast Grow 4 Days,pioreactor02,2025-09-20T08:07:36.655Z,UpdatedHeaterDC,delta_dc=0.20799999999999558,"{""current_dc"": 86.45, ""delta_dc"": 0.20799999999999558, ""target_temperature"": 32.0, ""latest_temperature"": 31.92}",2025-09-20 10:07:36.655,3.0875
Yeast Grow 4 Days,pioreactor02,2025-09-20T08:10:56.655Z,UpdatedHeaterDC,delta_dc=-0.5840000000000003,"{""current_dc"": 85.87, ""delta_dc"": -0.5840000000000003, ""target_temperature"": 32.0, ""latest_temperature"": 32.03}",2025-09-20 10:10:56.655,3.143055555556
Yeast Grow 4 Days,pioreactor02,2025-09-20T08:14:16.654Z,UpdatedHeaterDC,delta_dc=-0.07800000000000296,"{""current_dc"": 85.79, ""delta_dc"": -0.07800000000000296, ""target_temperature"": 32.0, ""latest_temperature"": 32.03}",2025-09-20 10:14:16.654,3.198611111111
Yeast Grow 4 Days,pioreactor02,2025-09-20T08:17:36.655Z,UpdatedHeaterDC,delta_dc=1.2179999999999949,"{""current_dc"": 87.01, ""delta_dc"": 1.2179999999999949, ""target_temperature"": 32.0, ""latest_temperature"": 31.85}",2025-09-20 10:17:36.655,3.254166666667
Yeast Grow 4 Days,pioreactor02,2025-09-20T08:20:56.650Z,UpdatedHeaterDC,delta_dc=-0.11400000000000571,"{""current_dc"": 86.9, ""delta_dc"": -0.11400000000000571, ""target_temperature"": 32.0, ""latest_temperature"": 31.92}",2025-09-20 10:20:56.650,3.309722222222
Yeast Grow 4 Days,pioreactor02,2025-09-20T08:24:16.655Z,UpdatedHeaterDC,delta_dc=-0.07999999999999827,"{""current_dc"": 86.82, ""delta_dc"": -0.07999999999999827, ""target_temperature"": 32.0, ""latest_temperature"": 31.96}",2025-09-20 10:24:16.655,3.365277777778
Yeast Grow 4 Days,pioreactor02,2025-09-20T08:27:36.655Z,UpdatedHeaterDC,delta_dc=-1.3359999999999714,"{""current_dc"": 85.48, ""delta_dc"": -1.3359999999999714, ""target_temperature"": 32.0, ""latest_temperature"": 32.16}",2025-09-20 10:27:36.655,3.420833333333
Yeast Grow 4 Days,pioreactor02,2025-09-20T08:30:56.655Z,UpdatedHeaterDC,delta_dc=0.3039999999999679,"{""current_dc"": 85.78, ""delta_dc"": 0.3039999999999679, ""target_temperature"": 32.0, ""latest_temperature"": 32.06}",2025-09-20 10:30:56.655,3.476388888889
Yeast Grow 4 Days,pioreactor02,2025-09-20T08:34:16.655Z,UpdatedHeaterDC,delta_dc=-1.091999999999973,"{""current_dc"": 84.69, ""delta_dc"": -1.091999999999973, ""target_temperature"": 32.0, ""latest_temperature"": 32.19}",2025-09-20 10:34:16.655,3.531944444444
Yeast Grow 4 Days,pioreactor02,2025-09-20T08:37:36.655Z,UpdatedHeaterDC,delta_dc=-0.06200000000002892,"{""current_dc"": 84.63, ""delta_dc"": -0.06200000000002892, ""target_temperature"": 32.0, ""latest_temperature"": 32.13}",2025-09-20 10:37:36.655,3.5875
Yeast Grow 4 Days,pioreactor02,2025-09-20T08:40:56.654Z,UpdatedHeaterDC,delta_dc=-0.6260000000000006,"{""current_dc"": 84.0, ""delta_dc"": -0.6260000000000006, ""target_temperature"": 32.0, ""latest_temperature"": 32.17}",2025-09-20 10:40:56.654,3.643055555556
Yeast Grow 4 Days,pioreactor02,2025-09-20T08:44:16.656Z,UpdatedHeaterDC,delta_dc=4.022000000000002,"{""current_dc"": 88.02, ""delta_dc"": 4.022000000000002, ""target_temperature"": 32.0, ""latest_temperature"": 31.55}",2025-09-20 10:44:16.656,3.698611111111
Yeast Grow 4 Days,pioreactor02,2025-09-20T08:47:36.655Z,UpdatedHeaterDC,delta_dc=-2.214000000000019,"{""current_dc"": 85.81, ""delta_dc"": -2.214000000000019, ""target_temperature"": 32.0, ""latest_temperature"": 32.02}",2025-09-20 10:47:36.655,3.754166666667
Yeast Grow 4 Days,pioreactor02,2025-09-20T08:50:56.696Z,UpdatedHeaterDC,delta_dc=-0.26799999999996515,"{""current_dc"": 85.54, ""delta_dc"": -0.26799999999996515, ""target_temperature"": 32.0, ""latest_temperature"": 32.05}",2025-09-20 10:50:56.696,3.809722222222
Yeast Grow 4 Days,pioreactor02,2025-09-20T08:54:16.656Z,UpdatedHeaterDC,delta_dc=-0.12999999999999262,"{""current_dc"": 85.41, ""delta_dc"": -0.12999999999999262, ""target_temperature"": 32.0, ""latest_temperature"": 32.05}",2025-09-20 10:54:16.656,3.865277777778
Yeast Grow 4 Days,pioreactor02,2025-09-20T08:57:36.655Z,UpdatedHeaterDC,delta_dc=-0.20200000000002943,"{""current_dc"": 85.21, ""delta_dc"": -0.20200000000002943, ""target_temperature"": 32.0, ""latest_temperature"": 32.06}",2025-09-20 10:57:36.655,3.920833333333
Yeast Grow 4 Days,pioreactor02,2025-09-20T09:00:56.655Z,UpdatedHeaterDC,delta_dc=-2.531999999999994,"{""current_dc"": 82.68, ""delta_dc"": -2.531999999999994, ""target_temperature"": 32.0, ""latest_temperature"": 32.39}",2025-09-20 11:00:56.655,3.976388888889
Yeast Grow 4 Days,pioreactor02,2025-09-20T09:04:16.655Z,UpdatedHeaterDC,delta_dc=-0.005999999999997452,"{""current_dc"": 82.67, ""delta_dc"": -0.005999999999997452, ""target_temperature"": 32.0, ""latest_temperature"": 32.25}",2025-09-20 11:04:16.655,4.031944444444
Yeast Grow 4 Days,pioreactor02,2025-09-20T09:07:36.654Z,UpdatedHeaterDC,delta_dc=1.5819999999999905,"{""current_dc"": 84.25, ""delta_dc"": 1.5819999999999905, ""target_temperature"": 32.0, ""latest_temperature"": 31.94}",2025-09-20 11:07:36.654,4.0875
Yeast Grow 4 Days,pioreactor02,2025-09-20T09:10:56.655Z,UpdatedHeaterDC,delta_dc=-0.9960000000000042,"{""current_dc"": 83.25, ""delta_dc"": -0.9960000000000042, ""target_temperature"": 32.0, ""latest_temperature"": 32.1}",2025-09-20 11:10:56.655,4.143055555556
Yeast Grow 4 Days,pioreactor02,2025-09-20T09:14:16.655Z,UpdatedHeaterDC,delta_dc=-1.5560000000000016,"{""current_dc"": 81.69, ""delta_dc"": -1.5560000000000016, ""target_temperature"": 32.0, ""latest_temperature"": 32.28}",2025-09-20 11:14:16.655,4.198611111111
Yeast Grow 4 Days,pioreactor02,2025-09-20T09:17:36.655Z,UpdatedHeaterDC,delta_dc=0.42400000000002364,"{""current_dc"": 82.11, ""delta_dc"": 0.42400000000002364, ""target_temperature"": 32.0, ""latest_temperature"": 32.12}",2025-09-20 11:17:36.655,4.254166666667
Yeast Grow 4 Days,pioreactor02,2025-09-20T09:20:56.655Z,UpdatedHeaterDC,delta_dc=0.48000000000000254,"{""current_dc"": 82.59, ""delta_dc"": 0.48000000000000254, ""target_temperature"": 32.0, ""latest_temperature"": 32.01}",2025-09-20 11:20:56.655,4.309722222222
Yeast Grow 4 Days,pioreactor02,2025-09-20T09:24:16.655Z,UpdatedHeaterDC,delta_dc=0.4059999999999959,"{""current_dc"": 83.0, ""delta_dc"": 0.4059999999999959, ""target_temperature"": 32.0, ""latest_temperature"": 31.95}",2025-09-20 11:24:16.655,4.365277777778
Yeast Grow 4 Days,pioreactor02,2025-09-20T09:27:36.655Z,UpdatedHeaterDC,delta_dc=-0.013999999999995072,"{""current_dc"": 82.99, ""delta_dc"": -0.013999999999995072, ""target_temperature"": 32.0, ""latest_temperature"": 31.97}",2025-09-20 11:27:36.655,4.420833333333
Yeast Grow 4 Days,pioreactor02,2025-09-20T09:30:56.655Z,UpdatedHeaterDC,delta_dc=-1.0019999999999867,"{""current_dc"": 81.99, ""delta_dc"": -1.0019999999999867, ""target_temperature"": 32.0, ""latest_temperature"": 32.12}",2025-09-20 11:30:56.655,4.476388888889
Yeast Grow 4 Days,pioreactor02,2025-09-20T09:34:16.655Z,UpdatedHeaterDC,delta_dc=-0.7440000000000098,"{""current_dc"": 81.25, ""delta_dc"": -0.7440000000000098, ""target_temperature"": 32.0, ""latest_temperature"": 32.18}",2025-09-20 11:34:16.655,4.531944444444
Yeast Grow 4 Days,pioreactor02,2025-09-20T09:37:36.655Z,UpdatedHeaterDC,delta_dc=-0.9720000000000013,"{""current_dc"": 80.28, ""delta_dc"": -0.9720000000000013, ""target_temperature"": 32.0, ""latest_temperature"": 32.25}",2025-09-20 11:37:36.655,4.5875
Yeast Grow 4 Days,pioreactor02,2025-09-20T09:40:56.696Z,UpdatedHeaterDC,delta_dc=-0.21799999999998365,"{""current_dc"": 80.06, ""delta_dc"": -0.21799999999998365, ""target_temperature"": 32.0, ""latest_temperature"": 32.19}",2025-09-20 11:40:56.696,4.643055555556
Yeast Grow 4 Days,pioreactor02,2025-09-20T09:44:16.655Z,UpdatedHeaterDC,delta_dc=1.0899999999999976,"{""current_dc"": 81.15, ""delta_dc"": 1.0899999999999976, ""target_temperature"": 32.0, ""latest_temperature"": 31.97}",2025-09-20 11:44:16.655,4.698611111111
Yeast Grow 4 Days,pioreactor02,2025-09-20T09:47:36.658Z,UpdatedHeaterDC,delta_dc=-0.930000000000001,"{""current_dc"": 80.22, ""delta_dc"": -0.930000000000001, ""target_temperature"": 32.0, ""latest_temperature"": 32.11}",2025-09-20 11:47:36.658,4.754166666667
Yeast Grow 4 Days,pioreactor02,2025-09-20T09:50:56.656Z,UpdatedHeaterDC,delta_dc=0.14600000000001784,"{""current_dc"": 80.37, ""delta_dc"": 0.14600000000001784, ""target_temperature"": 32.0, ""latest_temperature"": 32.05}",2025-09-20 11:50:56.656,4.809722222222
Yeast Grow 4 Days,pioreactor02,2025-09-20T09:54:16.651Z,UpdatedHeaterDC,delta_dc=0.5179999999999808,"{""current_dc"": 80.89, ""delta_dc"": 0.5179999999999808, ""target_temperature"": 32.0, ""latest_temperature"": 31.96}",2025-09-20 11:54:16.651,4.865277777778
Yeast Grow 4 Days,pioreactor02,2025-09-20T09:57:36.654Z,UpdatedHeaterDC,delta_dc=0.8240000000000081,"{""current_dc"": 81.71, ""delta_dc"": 0.8240000000000081, ""target_temperature"": 32.0, ""latest_temperature"": 31.86}",2025-09-20 11:57:36.654,4.920833333333
Yeast Grow 4 Days,pioreactor02,2025-09-20T10:00:56.655Z,UpdatedHeaterDC,delta_dc=-0.5719999999999914,"{""current_dc"": 81.14, ""delta_dc"": -0.5719999999999914, ""target_temperature"": 32.0, ""latest_temperature"": 31.99}",2025-09-20 12:00:56.655,4.976388888889
Yeast Grow 4 Days,pioreactor02,2025-09-20T10:04:16.658Z,UpdatedHeaterDC,delta_dc=0.5299999999999805,"{""current_dc"": 81.67, ""delta_dc"": 0.5299999999999805, ""target_temperature"": 32.0, ""latest_temperature"": 31.92}",2025-09-20 12:04:16.658,5.031944444444
Yeast Grow 4 Days,pioreactor02,2025-09-20T10:07:36.654Z,UpdatedHeaterDC,delta_dc=-0.5840000000000003,"{""current_dc"": 81.09, ""delta_dc"": -0.5840000000000003, ""target_temperature"": 32.0, ""latest_temperature"": 32.03}",2025-09-20 12:07:36.654,5.0875
Yeast Grow 4 Days,pioreactor02,2025-09-20T10:10:56.654Z,UpdatedHeaterDC,delta_dc=1.073999999999998,"{""current_dc"": 82.16, ""delta_dc"": 1.073999999999998, ""target_temperature"": 32.0, ""latest_temperature"": 31.87}",2025-09-20 12:10:56.654,5.143055555556
Yeast Grow 4 Days,pioreactor02,2025-09-20T10:14:16.654Z,UpdatedHeaterDC,delta_dc=0.2660000000000118,"{""current_dc"": 82.43, ""delta_dc"": 0.2660000000000118, ""target_temperature"": 32.0, ""latest_temperature"": 31.88}",2025-09-20 12:14:16.654,5.198611111111
Yeast Grow 4 Days,pioreactor02,2025-09-20T10:17:36.655Z,UpdatedHeaterDC,delta_dc=0.23999999999999133,"{""current_dc"": 82.67, ""delta_dc"": 0.23999999999999133, ""target_temperature"": 32.0, ""latest_temperature"": 31.89}",2025-09-20 12:17:36.655,5.254166666667
Yeast Grow 4 Days,pioreactor02,2025-09-20T10:20:56.655Z,UpdatedHeaterDC,delta_dc=1.5819999999999963,"{""current_dc"": 84.25, ""delta_dc"": 1.5819999999999963, ""target_temperature"": 32.0, ""latest_temperature"": 31.71}",2025-09-20 12:20:56.655,5.309722222222
Yeast Grow 4 Days,pioreactor02,2025-09-20T10:24:16.654Z,UpdatedHeaterDC,delta_dc=-0.03799999999999809,"{""current_dc"": 84.21, ""delta_dc"": -0.03799999999999809, ""target_temperature"": 32.0, ""latest_temperature"": 31.82}",2025-09-20 12:24:16.654,5.365277777778
Yeast Grow 4 Days,pioreactor02,2025-09-20T10:27:36.655Z,UpdatedHeaterDC,delta_dc=-0.5400000000000048,"{""current_dc"": 83.67, ""delta_dc"": -0.5400000000000048, ""target_temperature"": 32.0, ""latest_temperature"": 31.96}",2025-09-20 12:27:36.655,5.420833333333
Yeast Grow 4 Days,pioreactor02,2025-09-20T10:30:56.658Z,UpdatedHeaterDC,delta_dc=0.32000000000000595,"{""current_dc"": 83.99, ""delta_dc"": 0.32000000000000595, ""target_temperature"": 32.0, ""latest_temperature"": 31.93}",2025-09-20 12:30:56.658,5.476388888889
Yeast Grow 4 Days,pioreactor02,2025-09-20T10:34:16.655Z,UpdatedHeaterDC,delta_dc=1.0460000000000078,"{""current_dc"": 85.04, ""delta_dc"": 1.0460000000000078, ""target_temperature"": 32.0, ""latest_temperature"": 31.81}",2025-09-20 12:34:16.655,5.531944444444
Yeast Grow 4 Days,pioreactor02,2025-09-20T10:37:36.654Z,UpdatedHeaterDC,delta_dc=1.357999999999985,"{""current_dc"": 86.4, ""delta_dc"": 1.357999999999985, ""target_temperature"": 32.0, ""latest_temperature"": 31.69}",2025-09-20 12:37:36.654,5.5875
Yeast Grow 4 Days,pioreactor02,2025-09-20T10:40:56.655Z,UpdatedHeaterDC,delta_dc=-0.4900000000000012,"{""current_dc"": 85.91, ""delta_dc"": -0.4900000000000012, ""target_temperature"": 32.0, ""latest_temperature"": 31.87}",2025-09-20 12:40:56.655,5.643055555556
Yeast Grow 4 Days,pioreactor02,2025-09-20T10:44:16.655Z,UpdatedHeaterDC,delta_dc=-0.7420000000000179,"{""current_dc"": 85.17, ""delta_dc"": -0.7420000000000179, ""target_temperature"": 32.0, ""latest_temperature"": 32.02}",2025-09-20 12:44:16.655,5.698611111111
Yeast Grow 4 Days,pioreactor02,2025-09-20T10:47:36.655Z,UpdatedHeaterDC,delta_dc=-0.34000000000000197,"{""current_dc"": 84.83, ""delta_dc"": -0.34000000000000197, ""target_temperature"": 32.0, ""latest_temperature"": 32.06}",2025-09-20 12:47:36.655,5.754166666667
Yeast Grow 4 Days,pioreactor02,2025-09-20T10:50:56.655Z,UpdatedHeaterDC,delta_dc=-1.0199999999999874,"{""current_dc"": 83.81, ""delta_dc"": -1.0199999999999874, ""target_temperature"": 32.0, ""latest_temperature"": 32.18}",2025-09-20 12:50:56.655,5.809722222222
Yeast Grow 4 Days,pioreactor02,2025-09-20T10:54:16.654Z,UpdatedHeaterDC,delta_dc=-1.4760000000000033,"{""current_dc"": 82.33, ""delta_dc"": -1.4760000000000033, ""target_temperature"": 32.0, ""latest_temperature"": 32.32}",2025-09-20 12:54:16.654,5.865277777778
Yeast Grow 4 Days,pioreactor02,2025-09-20T10:57:36.655Z,UpdatedHeaterDC,delta_dc=-1.1199999999999946,"{""current_dc"": 81.21, ""delta_dc"": -1.1199999999999946, ""target_temperature"": 32.0, ""latest_temperature"": 32.36}",2025-09-20 12:57:36.655,5.920833333333
Yeast Grow 4 Days,pioreactor02,2025-09-20T11:00:56.654Z,UpdatedHeaterDC,delta_dc=0.7920000000000156,"{""current_dc"": 82.0, ""delta_dc"": 0.7920000000000156, ""target_temperature"": 32.0, ""latest_temperature"": 32.12}",2025-09-20 13:00:56.654,5.976388888889
Yeast Grow 4 Days,pioreactor02,2025-09-20T11:04:16.655Z,UpdatedHeaterDC,delta_dc=0.047999999999986165,"{""current_dc"": 82.05, ""delta_dc"": 0.047999999999986165, ""target_temperature"": 32.0, ""latest_temperature"": 32.07}",2025-09-20 13:04:16.655,6.031944444444
Yeast Grow 4 Days,pioreactor02,2025-09-20T11:07:36.658Z,UpdatedHeaterDC,delta_dc=-0.18200000000000074,"{""current_dc"": 81.87, ""delta_dc"": -0.18200000000000074, ""target_temperature"": 32.0, ""latest_temperature"": 32.07}",2025-09-20 13:07:36.658,6.0875
Yeast Grow 4 Days,pioreactor02,2025-09-20T11:10:56.654Z,UpdatedHeaterDC,delta_dc=0.897999999999989,"{""current_dc"": 82.77, ""delta_dc"": 0.897999999999989, ""target_temperature"": 32.0, ""latest_temperature"": 31.92}",2025-09-20 13:10:56.654,6.143055555556
Yeast Grow 4 Days,pioreactor02,2025-09-20T11:14:16.655Z,UpdatedHeaterDC,delta_dc=-1.3040000000000105,"{""current_dc"": 81.47, ""delta_dc"": -1.3040000000000105, ""target_temperature"": 32.0, ""latest_temperature"": 32.13}",2025-09-20 13:14:16.655,6.198611111111
Yeast Grow 4 Days,pioreactor02,2025-09-20T11:17:36.658Z,UpdatedHeaterDC,delta_dc=0.9580000000000168,"{""current_dc"": 82.43, ""delta_dc"": 0.9580000000000168, ""target_temperature"": 32.0, ""latest_temperature"": 31.95}",2025-09-20 13:17:36.658,6.254166666667
Yeast Grow 4 Days,pioreactor02,2025-09-20T11:20:56.655Z,UpdatedHeaterDC,delta_dc=-1.5260000000000011,"{""current_dc"": 80.9, ""delta_dc"": -1.5260000000000011, ""target_temperature"": 32.0, ""latest_temperature"": 32.18}",2025-09-20 13:20:56.655,6.309722222222
Yeast Grow 4 Days,pioreactor02,2025-09-20T11:24:16.654Z,UpdatedHeaterDC,delta_dc=-1.9080000000000197,"{""current_dc"": 78.99, ""delta_dc"": -1.9080000000000197, ""target_temperature"": 32.0, ""latest_temperature"": 32.38}",2025-09-20 13:24:16.654,6.365277777778
Yeast Grow 4 Days,pioreactor02,2025-09-20T11:27:36.655Z,UpdatedHeaterDC,delta_dc=-1.0599999999999925,"{""current_dc"": 77.93, ""delta_dc"": -1.0599999999999925, ""target_temperature"": 32.0, ""latest_temperature"": 32.39}",2025-09-20 13:27:36.655,6.420833333333
Yeast Grow 4 Days,pioreactor02,2025-09-20T11:30:56.655Z,UpdatedHeaterDC,delta_dc=0.1380000000000251,"{""current_dc"": 78.07, ""delta_dc"": 0.1380000000000251, ""target_temperature"": 32.0, ""latest_temperature"": 32.23}",2025-09-20 13:30:56.655,6.476388888889
Yeast Grow 4 Days,pioreactor02,2025-09-20T11:34:16.655Z,UpdatedHeaterDC,delta_dc=0.33799999999997526,"{""current_dc"": 78.41, ""delta_dc"": 0.33799999999997526, ""target_temperature"": 32.0, ""latest_temperature"": 32.1}",2025-09-20 13:34:16.655,6.531944444444
Yeast Grow 4 Days,pioreactor02,2025-09-20T11:37:36.655Z,UpdatedHeaterDC,delta_dc=-0.26000000000000373,"{""current_dc"": 78.15, ""delta_dc"": -0.26000000000000373, ""target_temperature"": 32.0, ""latest_temperature"": 32.1}",2025-09-20 13:37:36.655,6.5875
Yeast Grow 4 Days,pioreactor02,2025-09-20T11:40:56.654Z,UpdatedHeaterDC,delta_dc=1.6840000000000186,"{""current_dc"": 79.83, ""delta_dc"": 1.6840000000000186, ""target_temperature"": 32.0, ""latest_temperature"": 31.83}",2025-09-20 13:40:56.654,6.643055555556
Yeast Grow 4 Days,pioreactor02,2025-09-20T11:44:16.655Z,UpdatedHeaterDC,delta_dc=-0.6380000000000108,"{""current_dc"": 79.19, ""delta_dc"": -0.6380000000000108, ""target_temperature"": 32.0, ""latest_temperature"": 31.98}",2025-09-20 13:44:16.655,6.698611111111
Yeast Grow 4 Days,pioreactor02,2025-09-20T11:47:36.655Z,UpdatedHeaterDC,delta_dc=0.41200000000000403,"{""current_dc"": 79.6, ""delta_dc"": 0.41200000000000403, ""target_temperature"": 32.0, ""latest_temperature"": 31.93}",2025-09-20 13:47:36.655,6.754166666667
Yeast Grow 4 Days,pioreactor02,2025-09-20T11:50:56.655Z,UpdatedHeaterDC,delta_dc=3.205999999999987,"{""current_dc"": 82.81, ""delta_dc"": 3.205999999999987, ""target_temperature"": 32.0, ""latest_temperature"": 31.51}",2025-09-20 13:50:56.655,6.809722222222
Yeast Grow 4 Days,pioreactor02,2025-09-20T11:54:16.655Z,UpdatedHeaterDC,delta_dc=0.3380000000000031,"{""current_dc"": 83.15, ""delta_dc"": 0.3380000000000031, ""target_temperature"": 32.0, ""latest_temperature"": 31.64}",2025-09-20 13:54:16.655,6.865277777778
Yeast Grow 4 Days,pioreactor02,2025-09-20T11:57:36.658Z,UpdatedHeaterDC,delta_dc=1.7279999999999944,"{""current_dc"": 84.88, ""delta_dc"": 1.7279999999999944, ""target_temperature"": 32.0, ""latest_temperature"": 31.53}",2025-09-20 13:57:36.658,6.920833333333
Yeast Grow 4 Days,pioreactor02,2025-09-20T12:00:56.655Z,UpdatedHeaterDC,delta_dc=-0.0019999999999895657,"{""current_dc"": 84.88, ""delta_dc"": -0.0019999999999895657, ""target_temperature"": 32.0, ""latest_temperature"": 31.7}",2025-09-20 14:00:56.655,6.976388888889
Yeast Grow 4 Days,pioreactor02,2025-09-20T12:04:16.740Z,UpdatedHeaterDC,delta_dc=-0.3000000000000134,"{""current_dc"": 84.58, ""delta_dc"": -0.3000000000000134, ""target_temperature"": 32.0, ""latest_temperature"": 31.85}",2025-09-20 14:04:16.740,7.031944444444
Yeast Grow 4 Days,pioreactor02,2025-09-20T12:07:36.654Z,UpdatedHeaterDC,delta_dc=-0.18599999999999137,"{""current_dc"": 84.39, ""delta_dc"": -0.18599999999999137, ""target_temperature"": 32.0, ""latest_temperature"": 31.93}",2025-09-20 14:07:36.654,7.0875
Yeast Grow 4 Days,pioreactor02,2025-09-20T12:10:56.655Z,UpdatedHeaterDC,delta_dc=-0.7540000000000177,"{""current_dc"": 83.64, ""delta_dc"": -0.7540000000000177, ""target_temperature"": 32.0, ""latest_temperature"": 32.06}",2025-09-20 14:10:56.655,7.143055555556
Yeast Grow 4 Days,pioreactor02,2025-09-20T12:14:16.654Z,UpdatedHeaterDC,delta_dc=-0.7319999999999935,"{""current_dc"": 82.91, ""delta_dc"": -0.7319999999999935, ""target_temperature"": 32.0, ""latest_temperature"": 32.14}",2025-09-20 14:14:16.654,7.198611111111
Yeast Grow 4 Days,pioreactor02,2025-09-20T12:17:36.655Z,UpdatedHeaterDC,delta_dc=-0.29200000000001586,"{""current_dc"": 82.62, ""delta_dc"": -0.29200000000001586, ""target_temperature"": 32.0, ""latest_temperature"": 32.13}",2025-09-20 14:17:36.655,7.254166666667
Yeast Grow 4 Days,pioreactor02,2025-09-20T12:20:56.656Z,UpdatedHeaterDC,delta_dc=-0.8420000000000087,"{""current_dc"": 81.78, ""delta_dc"": -0.8420000000000087, ""target_temperature"": 32.0, ""latest_temperature"": 32.2}",2025-09-20 14:20:56.656,7.309722222222
Yeast Grow 4 Days,pioreactor02,2025-09-20T12:24:16.655Z,UpdatedHeaterDC,delta_dc=0.2000000000000028,"{""current_dc"": 81.98, ""delta_dc"": 0.2000000000000028, ""target_temperature"": 32.0, ""latest_temperature"": 32.1}",2025-09-20 14:24:16.655,7.365277777778
Yeast Grow 4 Days,pioreactor02,2025-09-20T12:27:36.656Z,UpdatedHeaterDC,delta_dc=-0.1159999999999812,"{""current_dc"": 81.86, ""delta_dc"": -0.1159999999999812, ""target_temperature"": 32.0, ""latest_temperature"": 32.08}",2025-09-20 14:27:36.656,7.420833333333
Yeast Grow 4 Days,pioreactor02,2025-09-20T12:30:56.654Z,UpdatedHeaterDC,delta_dc=-0.8560000000000201,"{""current_dc"": 81.0, ""delta_dc"": -0.8560000000000201, ""target_temperature"": 32.0, ""latest_temperature"": 32.17}",2025-09-20 14:30:56.654,7.476388888889
Yeast Grow 4 Days,pioreactor02,2025-09-20T12:34:16.655Z,UpdatedHeaterDC,delta_dc=0.13399999999998324,"{""current_dc"": 81.13, ""delta_dc"": 0.13399999999998324, ""target_temperature"": 32.0, ""latest_temperature"": 32.09}",2025-09-20 14:34:16.655,7.531944444444
Yeast Grow 4 Days,pioreactor02,2025-09-20T12:37:36.654Z,UpdatedHeaterDC,delta_dc=1.5660000000000167,"{""current_dc"": 82.7, ""delta_dc"": 1.5660000000000167, ""target_temperature"": 32.0, ""latest_temperature"": 31.84}",2025-09-20 14:37:36.654,7.5875
Yeast Grow 4 Days,pioreactor02,2025-09-20T12:40:56.654Z,UpdatedHeaterDC,delta_dc=1.4959999999999902,"{""current_dc"": 84.2, ""delta_dc"": 1.4959999999999902, ""target_temperature"": 32.0, ""latest_temperature"": 31.69}",2025-09-20 14:40:56.654,7.643055555556
Yeast Grow 4 Days,pioreactor02,2025-09-20T12:44:16.654Z,UpdatedHeaterDC,delta_dc=0.8059999999999967,"{""current_dc"": 85.01, ""delta_dc"": 0.8059999999999967, ""target_temperature"": 32.0, ""latest_temperature"": 31.69}",2025-09-20 14:44:16.654,7.698611111111
Yeast Grow 4 Days,pioreactor02,2025-09-20T12:47:36.656Z,UpdatedHeaterDC,delta_dc=1.022000000000005,"{""current_dc"": 86.03, ""delta_dc"": 1.022000000000005, ""target_temperature"": 32.0, ""latest_temperature"": 31.66}",2025-09-20 14:47:36.656,7.754166666667
Yeast Grow 4 Days,pioreactor02,2025-09-20T12:50:56.655Z,UpdatedHeaterDC,delta_dc=0.09200000000000375,"{""current_dc"": 86.12, ""delta_dc"": 0.09200000000000375, ""target_temperature"": 32.0, ""latest_temperature"": 31.77}",2025-09-20 14:50:56.655,7.809722222222
Yeast Grow 4 Days,pioreactor02,2025-09-20T12:54:16.650Z,UpdatedHeaterDC,delta_dc=-0.19399999999999473,"{""current_dc"": 85.93, ""delta_dc"": -0.19399999999999473, ""target_temperature"": 32.0, ""latest_temperature"": 31.88}",2025-09-20 14:54:16.650,7.865277777778
Yeast Grow 4 Days,pioreactor02,2025-09-20T12:57:36.655Z,UpdatedHeaterDC,delta_dc=-0.04800000000000251,"{""current_dc"": 85.88, ""delta_dc"": -0.04800000000000251, ""target_temperature"": 32.0, ""latest_temperature"": 31.93}",2025-09-20 14:57:36.655,7.920833333333
Yeast Grow 4 Days,pioreactor02,2025-09-20T13:00:56.654Z,UpdatedHeaterDC,delta_dc=-0.9700000000000258,"{""current_dc"": 84.91, ""delta_dc"": -0.9700000000000258, ""target_temperature"": 32.0, ""latest_temperature"": 32.09}",2025-09-20 15:00:56.654,7.976388888889
Yeast Grow 4 Days,pioreactor02,2025-09-20T13:04:16.655Z,UpdatedHeaterDC,delta_dc=-1.3859999999999841,"{""current_dc"": 83.52, ""delta_dc"": -1.3859999999999841, ""target_temperature"": 32.0, ""latest_temperature"": 32.25}",2025-09-20 15:04:16.655,8.031944444444
Yeast Grow 4 Days,pioreactor02,2025-09-20T13:07:36.656Z,UpdatedHeaterDC,delta_dc=-0.3620000000000062,"{""current_dc"": 83.16, ""delta_dc"": -0.3620000000000062, ""target_temperature"": 32.0, ""latest_temperature"": 32.21}",2025-09-20 15:07:36.656,8.0875
Yeast Grow 4 Days,pioreactor02,2025-09-20T13:10:56.658Z,UpdatedHeaterDC,delta_dc=0.2459999999999936,"{""current_dc"": 83.41, ""delta_dc"": 0.2459999999999936, ""target_temperature"": 32.0, ""latest_temperature"": 32.1}",2025-09-20 15:10:56.658,8.143055555556
Yeast Grow 4 Days,pioreactor02,2025-09-20T13:14:16.655Z,UpdatedHeaterDC,delta_dc=-0.5479999999999976,"{""current_dc"": 82.86, ""delta_dc"": -0.5479999999999976, ""target_temperature"": 32.0, ""latest_temperature"": 32.14}",2025-09-20 15:14:16.655,8.198611111111
Yeast Grow 4 Days,pioreactor02,2025-09-20T13:17:36.655Z,UpdatedHeaterDC,delta_dc=-0.07600000000000767,"{""current_dc"": 82.78, ""delta_dc"": -0.07600000000000767, ""target_temperature"": 32.0, ""latest_temperature"": 32.1}",2025-09-20 15:17:36.655,8.254166666667
Yeast Grow 4 Days,pioreactor02,2025-09-20T13:20:56.655Z,UpdatedHeaterDC,delta_dc=-0.043999999999995515,"{""current_dc"": 82.74, ""delta_dc"": -0.043999999999995515, ""target_temperature"": 32.0, ""latest_temperature"": 32.07}",2025-09-20 15:20:56.655,8.309722222222
Yeast Grow 4 Days,pioreactor02,2025-09-20T13:24:16.656Z,UpdatedHeaterDC,delta_dc=0.6820000000000064,"{""current_dc"": 83.42, ""delta_dc"": 0.6820000000000064, ""target_temperature"": 32.0, ""latest_temperature"": 31.95}",2025-09-20 15:24:16.656,8.365277777778
Yeast Grow 4 Days,pioreactor02,2025-09-20T13:27:36.659Z,UpdatedHeaterDC,delta_dc=0.6340000000000039,"{""current_dc"": 84.05, ""delta_dc"": 0.6340000000000039, ""target_temperature"": 32.0, ""latest_temperature"": 31.88}",2025-09-20 15:27:36.659,8.420833333333
Yeast Grow 4 Days,pioreactor02,2025-09-20T13:30:56.655Z,UpdatedHeaterDC,delta_dc=1.0319999999999871,"{""current_dc"": 85.08, ""delta_dc"": 1.0319999999999871, ""target_temperature"": 32.0, ""latest_temperature"": 31.78}",2025-09-20 15:30:56.655,8.476388888889
Yeast Grow 4 Days,pioreactor02,2025-09-20T13:34:16.655Z,UpdatedHeaterDC,delta_dc=0.715999999999994,"{""current_dc"": 85.8, ""delta_dc"": 0.715999999999994, ""target_temperature"": 32.0, ""latest_temperature"": 31.76}",2025-09-20 15:34:16.655,8.531944444444
Yeast Grow 4 Days,pioreactor02,2025-09-20T13:37:36.654Z,UpdatedHeaterDC,delta_dc=0.12000000000001948,"{""current_dc"": 85.92, ""delta_dc"": 0.12000000000001948, ""target_temperature"": 32.0, ""latest_temperature"": 31.83}",2025-09-20 15:37:36.654,8.5875
Yeast Grow 4 Days,pioreactor02,2025-09-20T13:40:56.659Z,UpdatedHeaterDC,delta_dc=-0.6380000000000108,"{""current_dc"": 85.28, ""delta_dc"": -0.6380000000000108, ""target_temperature"": 32.0, ""latest_temperature"": 31.98}",2025-09-20 15:40:56.659,8.643055555556
Yeast Grow 4 Days,pioreactor02,2025-09-20T13:44:16.655Z,UpdatedHeaterDC,delta_dc=0.48399999999998966,"{""current_dc"": 85.76, ""delta_dc"": 0.48399999999998966, ""target_temperature"": 32.0, ""latest_temperature"": 31.92}",2025-09-20 15:44:16.655,8.698611111111
Yeast Grow 4 Days,pioreactor02,2025-09-20T13:47:36.655Z,UpdatedHeaterDC,delta_dc=0.1360000000000099,"{""current_dc"": 85.9, ""delta_dc"": 0.1360000000000099, ""target_temperature"": 32.0, ""latest_temperature"": 31.93}",2025-09-20 15:47:36.655,8.754166666667
Yeast Grow 4 Days,pioreactor02,2025-09-20T13:50:56.655Z,UpdatedHeaterDC,delta_dc=-0.7540000000000177,"{""current_dc"": 85.15, ""delta_dc"": -0.7540000000000177, ""target_temperature"": 32.0, ""latest_temperature"": 32.06}",2025-09-20 15:50:56.655,8.809722222222
Yeast Grow 4 Days,pioreactor02,2025-09-20T13:54:16.655Z,UpdatedHeaterDC,delta_dc=-0.0839999999999691,"{""current_dc"": 85.07, ""delta_dc"": -0.0839999999999691, ""target_temperature"": 32.0, ""latest_temperature"": 32.05}",2025-09-20 15:54:16.655,8.865277777778
Yeast Grow 4 Days,pioreactor02,2025-09-20T13:57:36.656Z,UpdatedHeaterDC,delta_dc=-0.20200000000002943,"{""current_dc"": 84.87, ""delta_dc"": -0.20200000000002943, ""target_temperature"": 32.0, ""latest_temperature"": 32.06}",2025-09-20 15:57:36.656,8.920833333333
Yeast Grow 4 Days,pioreactor02,2025-09-20T14:00:56.655Z,UpdatedHeaterDC,delta_dc=-0.1560000000000059,"{""current_dc"": 84.71, ""delta_dc"": -0.1560000000000059, ""target_temperature"": 32.0, ""latest_temperature"": 32.06}",2025-09-20 16:00:56.655,8.976388888889
Yeast Grow 4 Days,pioreactor02,2025-09-20T14:04:16.654Z,UpdatedHeaterDC,delta_dc=-0.011999999999983413,"{""current_dc"": 84.7, ""delta_dc"": -0.011999999999983413, ""target_temperature"": 32.0, ""latest_temperature"": 32.04}",2025-09-20 16:04:16.654,9.031944444444
Yeast Grow 4 Days,pioreactor02,2025-09-20T14:07:36.655Z,UpdatedHeaterDC,delta_dc=-0.4640000000000285,"{""current_dc"": 84.24, ""delta_dc"": -0.4640000000000285, ""target_temperature"": 32.0, ""latest_temperature"": 32.09}",2025-09-20 16:07:36.655,9.0875
Yeast Grow 4 Days,pioreactor02,2025-09-20T14:10:56.696Z,UpdatedHeaterDC,delta_dc=-0.5939999999999884,"{""current_dc"": 83.65, ""delta_dc"": -0.5939999999999884, ""target_temperature"": 32.0, ""latest_temperature"": 32.14}",2025-09-20 16:10:56.696,9.143055555556
Yeast Grow 4 Days,pioreactor02,2025-09-20T14:14:16.655Z,UpdatedHeaterDC,delta_dc=0.9319999999999964,"{""current_dc"": 84.58, ""delta_dc"": 0.9319999999999964, ""target_temperature"": 32.0, ""latest_temperature"": 31.96}",2025-09-20 16:14:16.655,9.198611111111
Yeast Grow 4 Days,pioreactor02,2025-09-20T14:17:36.655Z,UpdatedHeaterDC,delta_dc=-0.18399999999999606,"{""current_dc"": 84.4, ""delta_dc"": -0.18399999999999606, ""target_temperature"": 32.0, ""latest_temperature"": 32.0}",2025-09-20 16:17:36.655,9.254166666667
Yeast Grow 4 Days,pioreactor02,2025-09-20T14:20:56.656Z,UpdatedHeaterDC,delta_dc=-1.1519999999999753,"{""current_dc"": 83.25, ""delta_dc"": -1.1519999999999753, ""target_temperature"": 32.0, ""latest_temperature"": 32.16}",2025-09-20 16:20:56.656,9.309722222222
Yeast Grow 4 Days,pioreactor02,2025-09-20T14:24:16.654Z,UpdatedHeaterDC,delta_dc=0.519999999999976,"{""current_dc"": 83.77, ""delta_dc"": 0.519999999999976, ""target_temperature"": 32.0, ""latest_temperature"": 32.03}",2025-09-20 16:24:16.654,9.365277777778
Yeast Grow 4 Days,pioreactor02,2025-09-20T14:27:36.659Z,UpdatedHeaterDC,delta_dc=0.06600000000001954,"{""current_dc"": 83.84, ""delta_dc"": 0.06600000000001954, ""target_temperature"": 32.0, ""latest_temperature"": 32.01}",2025-09-20 16:27:36.659,9.420833333333
Yeast Grow 4 Days,pioreactor02,2025-09-20T14:30:56.654Z,UpdatedHeaterDC,delta_dc=0.11800000000000209,"{""current_dc"": 83.96, ""delta_dc"": 0.11800000000000209, ""target_temperature"": 32.0, ""latest_temperature"": 31.99}",2025-09-20 16:30:56.654,9.476388888889
Yeast Grow 4 Days,pioreactor02,2025-09-20T14:34:16.658Z,UpdatedHeaterDC,delta_dc=1.2499999999999907,"{""current_dc"": 85.21, ""delta_dc"": 1.2499999999999907, ""target_temperature"": 32.0, ""latest_temperature"": 31.82}",2025-09-20 16:34:16.658,9.531944444444
Yeast Grow 4 Days,pioreactor02,2025-09-20T14:37:36.654Z,UpdatedHeaterDC,delta_dc=0.25199999999999106,"{""current_dc"": 85.46, ""delta_dc"": 0.25199999999999106, ""target_temperature"": 32.0, ""latest_temperature"": 31.85}",2025-09-20 16:37:36.654,9.5875
Yeast Grow 4 Days,pioreactor02,2025-09-20T14:40:56.650Z,UpdatedHeaterDC,delta_dc=-0.6899999999999934,"{""current_dc"": 84.77, ""delta_dc"": -0.6899999999999934, ""target_temperature"": 32.0, ""latest_temperature"": 32.0}",2025-09-20 16:40:56.650,9.643055555556
Yeast Grow 4 Days,pioreactor02,2025-09-20T14:44:16.655Z,UpdatedHeaterDC,delta_dc=-1.2240000000000122,"{""current_dc"": 83.55, ""delta_dc"": -1.2240000000000122, ""target_temperature"": 32.0, ""latest_temperature"": 32.17}",2025-09-20 16:44:16.655,9.698611111111
Yeast Grow 4 Days,pioreactor02,2025-09-20T14:47:36.655Z,UpdatedHeaterDC,delta_dc=0.854000000000019,"{""current_dc"": 84.4, ""delta_dc"": 0.854000000000019, ""target_temperature"": 32.0, ""latest_temperature"": 31.99}",2025-09-20 16:47:36.655,9.754166666667
Yeast Grow 4 Days,pioreactor02,2025-09-20T14:50:56.658Z,UpdatedHeaterDC,delta_dc=-1.1259999999999968,"{""current_dc"": 83.27, ""delta_dc"": -1.1259999999999968, ""target_temperature"": 32.0, ""latest_temperature"": 32.15}",2025-09-20 16:50:56.658,9.809722222222
Yeast Grow 4 Days,pioreactor02,2025-09-20T14:54:16.655Z,UpdatedHeaterDC,delta_dc=-0.03000000000001682,"{""current_dc"": 83.24, ""delta_dc"": -0.03000000000001682, ""target_temperature"": 32.0, ""latest_temperature"": 32.1}",2025-09-20 16:54:16.655,9.865277777778
Yeast Grow 4 Days,pioreactor02,2025-09-20T14:57:36.655Z,UpdatedHeaterDC,delta_dc=-0.1159999999999812,"{""current_dc"": 83.12, ""delta_dc"": -0.1159999999999812, ""target_temperature"": 32.0, ""latest_temperature"": 32.08}",2025-09-20 16:57:36.655,9.920833333333
Yeast Grow 4 Days,pioreactor02,2025-09-20T15:00:56.654Z,UpdatedHeaterDC,delta_dc=0.07999999999999827,"{""current_dc"": 83.2, ""delta_dc"": 0.07999999999999827, ""target_temperature"": 32.0, ""latest_temperature"": 32.04}",2025-09-20 17:00:56.654,9.976388888889
Yeast Grow 4 Days,pioreactor02,2025-09-20T15:04:16.655Z,UpdatedHeaterDC,delta_dc=1.1920000000000002,"{""current_dc"": 84.39, ""delta_dc"": 1.1920000000000002, ""target_temperature"": 32.0, ""latest_temperature"": 31.86}",2025-09-20 17:04:16.655,10.031944444444
Yeast Grow 4 Days,pioreactor02,2025-09-20T15:07:36.654Z,UpdatedHeaterDC,delta_dc=0.22000000000000458,"{""current_dc"": 84.61, ""delta_dc"": 0.22000000000000458, ""target_temperature"": 32.0, ""latest_temperature"": 31.88}",2025-09-20 17:07:36.654,10.0875
Yeast Grow 4 Days,pioreactor02,2025-09-20T15:10:56.654Z,UpdatedHeaterDC,delta_dc=0.9600000000000015,"{""current_dc"": 85.57, ""delta_dc"": 0.9600000000000015, ""target_temperature"": 32.0, ""latest_temperature"": 31.79}",2025-09-20 17:10:56.654,10.143055555556
Yeast Grow 4 Days,pioreactor02,2025-09-20T15:14:16.662Z,UpdatedHeaterDC,delta_dc=0.6179999999999879,"{""current_dc"": 86.19, ""delta_dc"": 0.6179999999999879, ""target_temperature"": 32.0, ""latest_temperature"": 31.78}",2025-09-20 17:14:16.662,10.198611111111
Yeast Grow 4 Days,pioreactor02,2025-09-20T15:17:36.655Z,UpdatedHeaterDC,delta_dc=0.5719999999999971,"{""current_dc"": 86.76, ""delta_dc"": 0.5719999999999971, ""target_temperature"": 32.0, ""latest_temperature"": 31.78}",2025-09-20 17:17:36.655,10.254166666667
Yeast Grow 4 Days,pioreactor02,2025-09-20T15:20:56.655Z,UpdatedHeaterDC,delta_dc=-0.36399999999999577,"{""current_dc"": 86.4, ""delta_dc"": -0.36399999999999577, ""target_temperature"": 32.0, ""latest_temperature"": 31.91}",2025-09-20 17:20:56.655,10.309722222222
Yeast Grow 4 Days,pioreactor02,2025-09-20T15:24:16.655Z,UpdatedHeaterDC,delta_dc=0.09000000000000272,"{""current_dc"": 86.49, ""delta_dc"": 0.09000000000000272, ""target_temperature"": 32.0, ""latest_temperature"": 31.93}",2025-09-20 17:24:16.655,10.365277777778
Yeast Grow 4 Days,pioreactor02,2025-09-20T15:27:36.650Z,UpdatedHeaterDC,delta_dc=-1.1139999999999972,"{""current_dc"": 85.38, ""delta_dc"": -1.1139999999999972, ""target_temperature"": 32.0, ""latest_temperature"": 32.11}",2025-09-20 17:27:36.650,10.420833333333
Yeast Grow 4 Days,pioreactor02,2025-09-20T15:30:56.650Z,UpdatedHeaterDC,delta_dc=0.5780000000000085,"{""current_dc"": 85.96, ""delta_dc"": 0.5780000000000085, ""target_temperature"": 32.0, ""latest_temperature"": 31.99}",2025-09-20 17:30:56.650,10.476388888889
Yeast Grow 4 Days,pioreactor02,2025-09-20T15:34:16.655Z,UpdatedHeaterDC,delta_dc=-1.1259999999999968,"{""current_dc"": 84.83, ""delta_dc"": -1.1259999999999968, ""target_temperature"": 32.0, ""latest_temperature"": 32.15}",2025-09-20 17:34:16.655,10.531944444444
Yeast Grow 4 Days,pioreactor02,2025-09-20T15:37:36.655Z,UpdatedHeaterDC,delta_dc=0.6899999999999934,"{""current_dc"": 85.52, ""delta_dc"": 0.6899999999999934, ""target_temperature"": 32.0, ""latest_temperature"": 32.0}",2025-09-20 17:37:36.655,10.5875
Yeast Grow 4 Days,pioreactor02,2025-09-20T15:40:56.655Z,UpdatedHeaterDC,delta_dc=-0.5759999999999876,"{""current_dc"": 84.94, ""delta_dc"": -0.5759999999999876, ""target_temperature"": 32.0, ""latest_temperature"": 32.08}",2025-09-20 17:40:56.655,10.643055555556
Yeast Grow 4 Days,pioreactor02,2025-09-20T15:44:16.656Z,UpdatedHeaterDC,delta_dc=-0.7839999999999833,"{""current_dc"": 84.16, ""delta_dc"": -0.7839999999999833, ""target_temperature"": 32.0, ""latest_temperature"": 32.16}",2025-09-20 17:44:16.656,10.698611111111
Yeast Grow 4 Days,pioreactor02,2025-09-20T15:47:36.654Z,UpdatedHeaterDC,delta_dc=0.8799999999999812,"{""current_dc"": 85.04, ""delta_dc"": 0.8799999999999812, ""target_temperature"": 32.0, ""latest_temperature"": 31.98}",2025-09-20 17:47:36.654,10.754166666667
Yeast Grow 4 Days,pioreactor02,2025-09-20T15:50:56.654Z,UpdatedHeaterDC,delta_dc=0.2680000000000071,"{""current_dc"": 85.31, ""delta_dc"": 0.2680000000000071, ""target_temperature"": 32.0, ""latest_temperature"": 31.95}",2025-09-20 17:50:56.654,10.809722222222
Yeast Grow 4 Days,pioreactor02,2025-09-20T15:54:16.655Z,UpdatedHeaterDC,delta_dc=-0.15799999999999198,"{""current_dc"": 85.15, ""delta_dc"": -0.15799999999999198, ""target_temperature"": 32.0, ""latest_temperature"": 31.99}",2025-09-20 17:54:16.655,10.865277777778
Yeast Grow 4 Days,pioreactor02,2025-09-20T15:57:36.655Z,UpdatedHeaterDC,delta_dc=-0.04600000000000719,"{""current_dc"": 85.1, ""delta_dc"": -0.04600000000000719, ""target_temperature"": 32.0, ""latest_temperature"": 32.0}",2025-09-20 17:57:36.655,10.920833333333
Yeast Grow 4 Days,pioreactor02,2025-09-20T16:00:56.655Z,UpdatedHeaterDC,delta_dc=-1.008000000000004,"{""current_dc"": 84.09, ""delta_dc"": -1.008000000000004, ""target_temperature"": 32.0, ""latest_temperature"": 32.14}",2025-09-20 18:00:56.655,10.976388888889
Yeast Grow 4 Days,pioreactor02,2025-09-20T16:04:16.658Z,UpdatedHeaterDC,delta_dc=0.5720000000000169,"{""current_dc"": 84.66, ""delta_dc"": 0.5720000000000169, ""target_temperature"": 32.0, ""latest_temperature"": 32.01}",2025-09-20 18:04:16.658,11.031944444444
Yeast Grow 4 Days,pioreactor02,2025-09-20T16:07:36.656Z,UpdatedHeaterDC,delta_dc=0.11800000000000209,"{""current_dc"": 84.78, ""delta_dc"": 0.11800000000000209, ""target_temperature"": 32.0, ""latest_temperature"": 31.99}",2025-09-20 18:07:36.656,11.0875
Yeast Grow 4 Days,pioreactor02,2025-09-20T16:10:56.654Z,UpdatedHeaterDC,delta_dc=0.818,"{""current_dc"": 85.6, ""delta_dc"": 0.818, ""target_temperature"": 32.0, ""latest_temperature"": 31.88}",2025-09-20 18:10:56.654,11.143055555556
Yeast Grow 4 Days,pioreactor02,2025-09-20T16:14:16.658Z,UpdatedHeaterDC,delta_dc=0.8879999999999902,"{""current_dc"": 86.49, ""delta_dc"": 0.8879999999999902, ""target_temperature"": 32.0, ""latest_temperature"": 31.8}",2025-09-20 18:14:16.658,11.198611111111
Yeast Grow 4 Days,pioreactor02,2025-09-20T16:17:36.655Z,UpdatedHeaterDC,delta_dc=-1.279999999999976,"{""current_dc"": 85.21, ""delta_dc"": -1.279999999999976, ""target_temperature"": 32.0, ""latest_temperature"": 32.05}",2025-09-20 18:17:36.655,11.254166666667
Yeast Grow 4 Days,pioreactor02,2025-09-20T16:20:56.655Z,UpdatedHeaterDC,delta_dc=-0.8500000000000028,"{""current_dc"": 84.36, ""delta_dc"": -0.8500000000000028, ""target_temperature"": 32.0, ""latest_temperature"": 32.15}",2025-09-20 18:20:56.655,11.309722222222
Yeast Grow 4 Days,pioreactor02,2025-09-20T16:24:16.658Z,UpdatedHeaterDC,delta_dc=2.0580000000000025,"{""current_dc"": 86.42, ""delta_dc"": 2.0580000000000025, ""target_temperature"": 32.0, ""latest_temperature"": 31.81}",2025-09-20 18:24:16.658,11.365277777778
Yeast Grow 4 Days,pioreactor02,2025-09-20T16:27:36.654Z,UpdatedHeaterDC,delta_dc=-0.6579999999999976,"{""current_dc"": 85.76, ""delta_dc"": -0.6579999999999976, ""target_temperature"": 32.0, ""latest_temperature"": 31.97}",2025-09-20 18:27:36.654,11.420833333333
Yeast Grow 4 Days,pioreactor02,2025-09-20T16:30:56.655Z,UpdatedHeaterDC,delta_dc=0.29399999999998555,"{""current_dc"": 86.05, ""delta_dc"": 0.29399999999998555, ""target_temperature"": 32.0, ""latest_temperature"": 31.94}",2025-09-20 18:30:56.655,11.476388888889
Yeast Grow 4 Days,pioreactor02,2025-09-20T16:34:16.655Z,UpdatedHeaterDC,delta_dc=0.5160000000000018,"{""current_dc"": 86.57, ""delta_dc"": 0.5160000000000018, ""target_temperature"": 32.0, ""latest_temperature"": 31.89}",2025-09-20 18:34:16.655,11.531944444444
Yeast Grow 4 Days,pioreactor02,2025-09-20T16:37:36.697Z,UpdatedHeaterDC,delta_dc=0.06999999999999035,"{""current_dc"": 86.64, ""delta_dc"": 0.06999999999999035, ""target_temperature"": 32.0, ""latest_temperature"": 31.92}",2025-09-20 18:37:36.697,11.5875
Yeast Grow 4 Days,pioreactor02,2025-09-20T16:40:56.657Z,UpdatedHeaterDC,delta_dc=-0.3679999999999921,"{""current_dc"": 86.27, ""delta_dc"": -0.3679999999999921, ""target_temperature"": 32.0, ""latest_temperature"": 32.0}",2025-09-20 18:40:56.657,11.643055555556
Yeast Grow 4 Days,pioreactor02,2025-09-20T16:44:16.655Z,UpdatedHeaterDC,delta_dc=1.4399999999999948,"{""current_dc"": 87.71, ""delta_dc"": 1.4399999999999948, ""target_temperature"": 32.0, ""latest_temperature"": 31.8}",2025-09-20 18:44:16.655,11.698611111111
Yeast Grow 4 Days,pioreactor02,2025-09-20T16:47:36.654Z,UpdatedHeaterDC,delta_dc=-0.4880000000000059,"{""current_dc"": 87.22, ""delta_dc"": -0.4880000000000059, ""target_temperature"": 32.0, ""latest_temperature"": 31.94}",2025-09-20 18:47:36.654,11.754166666667
Yeast Grow 4 Days,pioreactor02,2025-09-20T16:50:56.654Z,UpdatedHeaterDC,delta_dc=-0.8519999999999819,"{""current_dc"": 86.37, ""delta_dc"": -0.8519999999999819, ""target_temperature"": 32.0, ""latest_temperature"": 32.08}",2025-09-20 18:50:56.654,11.809722222222
Yeast Grow 4 Days,pioreactor02,2025-09-20T16:54:16.655Z,UpdatedHeaterDC,delta_dc=-0.6400000000000119,"{""current_dc"": 85.73, ""delta_dc"": -0.6400000000000119, ""target_temperature"": 32.0, ""latest_temperature"": 32.14}",2025-09-20 18:54:16.655,11.865277777778
Yeast Grow 4 Days,pioreactor02,2025-09-20T16:57:36.655Z,UpdatedHeaterDC,delta_dc=0.5720000000000169,"{""current_dc"": 86.3, ""delta_dc"": 0.5720000000000169, ""target_temperature"": 32.0, ""latest_temperature"": 32.01}",2025-09-20 18:57:36.655,11.920833333333
Yeast Grow 4 Days,pioreactor02,2025-09-20T17:00:56.655Z,UpdatedHeaterDC,delta_dc=-0.5299999999999969,"{""current_dc"": 85.77, ""delta_dc"": -0.5299999999999969, ""target_temperature"": 32.0, ""latest_temperature"": 32.08}",2025-09-20 19:00:56.655,11.976388888889
Yeast Grow 4 Days,pioreactor02,2025-09-20T17:04:16.696Z,UpdatedHeaterDC,delta_dc=-0.9280000000000057,"{""current_dc"": 84.84, ""delta_dc"": -0.9280000000000057, ""target_temperature"": 32.0, ""latest_temperature"": 32.18}",2025-09-20 19:04:16.696,12.031944444444
Yeast Grow 4 Days,pioreactor02,2025-09-20T17:07:36.655Z,UpdatedHeaterDC,delta_dc=0.17999999999997413,"{""current_dc"": 85.02, ""delta_dc"": 0.17999999999997413, ""target_temperature"": 32.0, ""latest_temperature"": 32.09}",2025-09-20 19:07:36.655,12.0875
Yeast Grow 4 Days,pioreactor02,2025-09-20T17:10:56.696Z,UpdatedHeaterDC,delta_dc=-0.16199999999997206,"{""current_dc"": 84.86, ""delta_dc"": -0.16199999999997206, ""target_temperature"": 32.0, ""latest_temperature"": 32.08}",2025-09-20 19:10:56.696,12.143055555556
Yeast Grow 4 Days,pioreactor02,2025-09-20T17:14:16.654Z,UpdatedHeaterDC,delta_dc=-0.1360000000000099,"{""current_dc"": 84.72, ""delta_dc"": -0.1360000000000099, ""target_temperature"": 32.0, ""latest_temperature"": 32.07}",2025-09-20 19:14:16.654,12.198611111111
Yeast Grow 4 Days,pioreactor02,2025-09-20T17:17:36.655Z,UpdatedHeaterDC,delta_dc=-0.037999999999978246,"{""current_dc"": 84.68, ""delta_dc"": -0.037999999999978246, ""target_temperature"": 32.0, ""latest_temperature"": 32.05}",2025-09-20 19:17:36.655,12.254166666667
Yeast Grow 4 Days,pioreactor02,2025-09-20T17:20:56.654Z,UpdatedHeaterDC,delta_dc=0.30199999999999816,"{""current_dc"": 84.98, ""delta_dc"": 0.30199999999999816, ""target_temperature"": 32.0, ""latest_temperature"": 31.99}",2025-09-20 19:20:56.654,12.309722222222
Yeast Grow 4 Days,pioreactor02,2025-09-20T17:24:16.654Z,UpdatedHeaterDC,delta_dc=1.970000000000001,"{""current_dc"": 86.95, ""delta_dc"": 1.970000000000001, ""target_temperature"": 32.0, ""latest_temperature"": 31.72}",2025-09-20 19:24:16.654,12.365277777778
Yeast Grow 4 Days,pioreactor02,2025-09-20T17:27:36.651Z,UpdatedHeaterDC,delta_dc=-0.8560000000000144,"{""current_dc"": 86.09, ""delta_dc"": -0.8560000000000144, ""target_temperature"": 32.0, ""latest_temperature"": 31.94}",2025-09-20 19:27:36.651,12.420833333333
Yeast Grow 4 Days,pioreactor02,2025-09-20T17:30:56.655Z,UpdatedHeaterDC,delta_dc=0.15599999999999667,"{""current_dc"": 86.25, ""delta_dc"": 0.15599999999999667, ""target_temperature"": 32.0, ""latest_temperature"": 31.94}",2025-09-20 19:30:56.655,12.476388888889
Yeast Grow 4 Days,pioreactor02,2025-09-20T17:34:16.655Z,UpdatedHeaterDC,delta_dc=1.5240000000000058,"{""current_dc"": 87.77, ""delta_dc"": 1.5240000000000058, ""target_temperature"": 32.0, ""latest_temperature"": 31.75}",2025-09-20 19:34:16.655,12.531944444444
Yeast Grow 4 Days,pioreactor02,2025-09-20T17:37:36.654Z,UpdatedHeaterDC,delta_dc=-2.158000000000004,"{""current_dc"": 85.61, ""delta_dc"": -2.158000000000004, ""target_temperature"": 32.0, ""latest_temperature"": 32.14}",2025-09-20 19:37:36.654,12.5875
Yeast Grow 4 Days,pioreactor02,2025-09-20T17:40:56.655Z,UpdatedHeaterDC,delta_dc=-0.9399999999999892,"{""current_dc"": 84.67, ""delta_dc"": -0.9399999999999892, ""target_temperature"": 32.0, ""latest_temperature"": 32.22}",2025-09-20 19:40:56.655,12.643055555556
Yeast Grow 4 Days,pioreactor02,2025-09-20T17:44:16.655Z,UpdatedHeaterDC,delta_dc=0.8679999999999721,"{""current_dc"": 85.54, ""delta_dc"": 0.8679999999999721, ""target_temperature"": 32.0, ""latest_temperature"": 32.02}",2025-09-20 19:44:16.655,12.698611111111
Yeast Grow 4 Days,pioreactor02,2025-09-20T17:47:36.654Z,UpdatedHeaterDC,delta_dc=1.0280000000000071,"{""current_dc"": 86.57, ""delta_dc"": 1.0280000000000071, ""target_temperature"": 32.0, ""latest_temperature"": 31.87}",2025-09-20 19:47:36.654,12.754166666667
Yeast Grow 4 Days,pioreactor02,2025-09-20T17:50:56.696Z,UpdatedHeaterDC,delta_dc=-0.8859999999999892,"{""current_dc"": 85.68, ""delta_dc"": -0.8859999999999892, ""target_temperature"": 32.0, ""latest_temperature"": 32.04}",2025-09-20 19:50:56.696,12.809722222222
Yeast Grow 4 Days,pioreactor02,2025-09-20T17:54:16.659Z,UpdatedHeaterDC,delta_dc=-0.6079999999999999,"{""current_dc"": 85.07, ""delta_dc"": -0.6079999999999999, ""target_temperature"": 32.0, ""latest_temperature"": 32.11}",2025-09-20 19:54:16.659,12.865277777778
Yeast Grow 4 Days,pioreactor02,2025-09-20T17:57:36.654Z,UpdatedHeaterDC,delta_dc=0.7939999999999912,"{""current_dc"": 85.86, ""delta_dc"": 0.7939999999999912, ""target_temperature"": 32.0, ""latest_temperature"": 31.96}",2025-09-20 19:57:36.654,12.920833333333
Yeast Grow 4 Days,pioreactor02,2025-09-20T18:00:56.700Z,UpdatedHeaterDC,delta_dc=0.32000000000000595,"{""current_dc"": 86.18, ""delta_dc"": 0.32000000000000595, ""target_temperature"": 32.0, ""latest_temperature"": 31.93}",2025-09-20 20:00:56.700,12.976388888889
Yeast Grow 4 Days,pioreactor02,2025-09-20T18:04:16.654Z,UpdatedHeaterDC,delta_dc=0.6139999999999914,"{""current_dc"": 86.79, ""delta_dc"": 0.6139999999999914, ""target_temperature"": 32.0, ""latest_temperature"": 31.87}",2025-09-20 20:04:16.654,13.031944444444
Yeast Grow 4 Days,pioreactor02,2025-09-20T18:07:36.654Z,UpdatedHeaterDC,delta_dc=-0.3819999999999872,"{""current_dc"": 86.41, ""delta_dc"": -0.3819999999999872, ""target_temperature"": 32.0, ""latest_temperature"": 31.97}",2025-09-20 20:07:36.654,13.0875
Yeast Grow 4 Days,pioreactor02,2025-09-20T18:10:56.650Z,UpdatedHeaterDC,delta_dc=-2.0820000000000274,"{""current_dc"": 84.33, ""delta_dc"": -2.0820000000000274, ""target_temperature"": 32.0, ""latest_temperature"": 32.27}",2025-09-20 20:10:56.650,13.143055555556
Yeast Grow 4 Days,pioreactor02,2025-09-20T18:14:16.654Z,UpdatedHeaterDC,delta_dc=0.7380000000000123,"{""current_dc"": 85.07, ""delta_dc"": 0.7380000000000123, ""target_temperature"": 32.0, ""latest_temperature"": 32.07}",2025-09-20 20:14:16.654,13.198611111111
Yeast Grow 4 Days,pioreactor02,2025-09-20T18:17:36.659Z,UpdatedHeaterDC,delta_dc=0.8260000000000033,"{""current_dc"": 85.9, ""delta_dc"": 0.8260000000000033, ""target_temperature"": 32.0, ""latest_temperature"": 31.93}",2025-09-20 20:17:36.659,13.254166666667
Yeast Grow 4 Days,pioreactor02,2025-09-20T18:20:56.655Z,UpdatedHeaterDC,delta_dc=1.9099999999999895,"{""current_dc"": 87.81, ""delta_dc"": 1.9099999999999895, ""target_temperature"": 32.0, ""latest_temperature"": 31.69}",2025-09-20 20:20:56.655,13.309722222222
Yeast Grow 4 Days,pioreactor02,2025-09-20T18:24:16.655Z,UpdatedHeaterDC,delta_dc=1.022000000000005,"{""current_dc"": 88.83, ""delta_dc"": 1.022000000000005, ""target_temperature"": 32.0, ""latest_temperature"": 31.66}",2025-09-20 20:24:16.655,13.365277777778
Yeast Grow 4 Days,pioreactor02,2025-09-20T18:27:36.655Z,UpdatedHeaterDC,delta_dc=-0.2680000000000013,"{""current_dc"": 88.56, ""delta_dc"": -0.2680000000000013, ""target_temperature"": 32.0, ""latest_temperature"": 31.82}",2025-09-20 20:27:36.655,13.420833333333
Yeast Grow 4 Days,pioreactor02,2025-09-20T18:30:56.655Z,UpdatedHeaterDC,delta_dc=-0.10799999999998838,"{""current_dc"": 88.45, ""delta_dc"": -0.10799999999998838, ""target_temperature"": 32.0, ""latest_temperature"": 31.9}",2025-09-20 20:30:56.655,13.476388888889
Yeast Grow 4 Days,pioreactor02,2025-09-20T18:34:16.657Z,UpdatedHeaterDC,delta_dc=-0.38799999999999524,"{""current_dc"": 88.06, ""delta_dc"": -0.38799999999999524, ""target_temperature"": 32.0, ""latest_temperature"": 31.99}",2025-09-20 20:34:16.657,13.531944444444
Yeast Grow 4 Days,pioreactor02,2025-09-20T18:37:36.655Z,UpdatedHeaterDC,delta_dc=-1.0540000000000112,"{""current_dc"": 87.01, ""delta_dc"": -1.0540000000000112, ""target_temperature"": 32.0, ""latest_temperature"": 32.14}",2025-09-20 20:37:36.655,13.5875
Yeast Grow 4 Days,pioreactor02,2025-09-20T18:40:56.655Z,UpdatedHeaterDC,delta_dc=-0.5079999999999728,"{""current_dc"": 86.5, ""delta_dc"": -0.5079999999999728, ""target_temperature"": 32.0, ""latest_temperature"": 32.16}",2025-09-20 20:40:56.655,13.643055555556
Yeast Grow 4 Days,pioreactor02,2025-09-20T18:44:16.654Z,UpdatedHeaterDC,delta_dc=-0.8480000000000075,"{""current_dc"": 85.65, ""delta_dc"": -0.8480000000000075, ""target_temperature"": 32.0, ""latest_temperature"": 32.22}",2025-09-20 20:44:16.654,13.698611111111
Yeast Grow 4 Days,pioreactor02,2025-09-20T18:47:36.654Z,UpdatedHeaterDC,delta_dc=-0.5000000000000114,"{""current_dc"": 85.15, ""delta_dc"": -0.5000000000000114, ""target_temperature"": 32.0, ""latest_temperature"": 32.21}",2025-09-20 20:47:36.654,13.754166666667
Yeast Grow 4 Days,pioreactor02,2025-09-20T18:50:56.654Z,UpdatedHeaterDC,delta_dc=-0.8339999999999961,"{""current_dc"": 84.32, ""delta_dc"": -0.8339999999999961, ""target_temperature"": 32.0, ""latest_temperature"": 32.25}",2025-09-20 20:50:56.654,13.809722222222
Yeast Grow 4 Days,pioreactor02,2025-09-20T18:54:16.654Z,UpdatedHeaterDC,delta_dc=-0.21799999999998365,"{""current_dc"": 84.1, ""delta_dc"": -0.21799999999998365, ""target_temperature"": 32.0, ""latest_temperature"": 32.19}",2025-09-20 20:54:16.654,13.865277777778
Yeast Grow 4 Days,pioreactor02,2025-09-20T18:57:36.654Z,UpdatedHeaterDC,delta_dc=1.1619999999999835,"{""current_dc"": 85.26, ""delta_dc"": 1.1619999999999835, ""target_temperature"": 32.0, ""latest_temperature"": 31.96}",2025-09-20 20:57:36.654,13.920833333333
Yeast Grow 4 Days,pioreactor02,2025-09-20T19:00:56.654Z,UpdatedHeaterDC,delta_dc=0.680000000000011,"{""current_dc"": 85.94, ""delta_dc"": 0.680000000000011, ""target_temperature"": 32.0, ""latest_temperature"": 31.88}",2025-09-20 21:00:56.654,13.976388888889
Yeast Grow 4 Days,pioreactor02,2025-09-20T19:04:16.654Z,UpdatedHeaterDC,delta_dc=0.8879999999999902,"{""current_dc"": 86.83, ""delta_dc"": 0.8879999999999902, ""target_temperature"": 32.0, ""latest_temperature"": 31.8}",2025-09-20 21:04:16.654,14.031944444444
Yeast Grow 4 Days,pioreactor02,2025-09-20T19:07:36.657Z,UpdatedHeaterDC,delta_dc=0.3760000000000012,"{""current_dc"": 87.21, ""delta_dc"": 0.3760000000000012, ""target_temperature"": 32.0, ""latest_temperature"": 31.82}",2025-09-20 21:07:36.657,14.0875
Yeast Grow 4 Days,pioreactor02,2025-09-20T19:10:56.654Z,UpdatedHeaterDC,delta_dc=-0.10799999999998838,"{""current_dc"": 87.1, ""delta_dc"": -0.10799999999998838, ""target_temperature"": 32.0, ""latest_temperature"": 31.9}",2025-09-20 21:10:56.654,14.143055555556
Yeast Grow 4 Days,pioreactor02,2025-09-20T19:14:16.655Z,UpdatedHeaterDC,delta_dc=0.26000000000000373,"{""current_dc"": 87.36, ""delta_dc"": 0.26000000000000373, ""target_temperature"": 32.0, ""latest_temperature"": 31.9}",2025-09-20 21:14:16.655,14.198611111111
Yeast Grow 4 Days,pioreactor02,2025-09-20T19:17:36.655Z,UpdatedHeaterDC,delta_dc=0.6199999999999832,"{""current_dc"": 87.98, ""delta_dc"": 0.6199999999999832, ""target_temperature"": 32.0, ""latest_temperature"": 31.85}",2025-09-20 21:17:36.655,14.254166666667
Yeast Grow 4 Days,pioreactor02,2025-09-20T19:20:56.656Z,UpdatedHeaterDC,delta_dc=-0.9060000000000016,"{""current_dc"": 87.07, ""delta_dc"": -0.9060000000000016, ""target_temperature"": 32.0, ""latest_temperature"": 32.03}",2025-09-20 21:20:56.656,14.309722222222
Yeast Grow 4 Days,pioreactor02,2025-09-20T19:24:16.654Z,UpdatedHeaterDC,delta_dc=0.06600000000001954,"{""current_dc"": 87.14, ""delta_dc"": 0.06600000000001954, ""target_temperature"": 32.0, ""latest_temperature"": 32.01}",2025-09-20 21:24:16.654,14.365277777778
Yeast Grow 4 Days,pioreactor02,2025-09-20T19:27:36.654Z,UpdatedHeaterDC,delta_dc=-0.5299999999999969,"{""current_dc"": 86.61, ""delta_dc"": -0.5299999999999969, ""target_temperature"": 32.0, ""latest_temperature"": 32.08}",2025-09-20 21:27:36.654,14.420833333333
Yeast Grow 4 Days,pioreactor02,2025-09-20T19:30:56.659Z,UpdatedHeaterDC,delta_dc=-0.8560000000000201,"{""current_dc"": 85.75, ""delta_dc"": -0.8560000000000201, ""target_temperature"": 32.0, ""latest_temperature"": 32.17}",2025-09-20 21:30:56.659,14.476388888889
Yeast Grow 4 Days,pioreactor02,2025-09-20T19:34:16.654Z,UpdatedHeaterDC,delta_dc=-0.29799999999998195,"{""current_dc"": 85.45, ""delta_dc"": -0.29799999999998195, ""target_temperature"": 32.0, ""latest_temperature"": 32.15}",2025-09-20 21:34:16.654,14.531944444444
Yeast Grow 4 Days,pioreactor02,2025-09-20T19:37:36.654Z,UpdatedHeaterDC,delta_dc=1.0499999999999985,"{""current_dc"": 86.5, ""delta_dc"": 1.0499999999999985, ""target_temperature"": 32.0, ""latest_temperature"": 31.95}",2025-09-20 21:37:36.654,14.5875
Yeast Grow 4 Days,pioreactor02,2025-09-20T19:40:56.656Z,UpdatedHeaterDC,delta_dc=1.0659999999999947,"{""current_dc"": 87.57, ""delta_dc"": 1.0659999999999947, ""target_temperature"": 32.0, ""latest_temperature"": 31.82}",2025-09-20 21:40:56.656,14.643055555556
Yeast Grow 4 Days,pioreactor02,2025-09-20T19:44:16.658Z,UpdatedHeaterDC,delta_dc=0.5400000000000105,"{""current_dc"": 88.11, ""delta_dc"": 0.5400000000000105, ""target_temperature"": 32.0, ""latest_temperature"": 31.81}",2025-09-20 21:44:16.658,14.698611111111
Yeast Grow 4 Days,pioreactor02,2025-09-20T19:47:36.654Z,UpdatedHeaterDC,delta_dc=0.061999999999986954,"{""current_dc"": 88.17, ""delta_dc"": 0.061999999999986954, ""target_temperature"": 32.0, ""latest_temperature"": 31.87}",2025-09-20 21:47:36.654,14.754166666667
Yeast Grow 4 Days,pioreactor02,2025-09-20T19:50:56.656Z,UpdatedHeaterDC,delta_dc=-0.8140000000000035,"{""current_dc"": 87.36, ""delta_dc"": -0.8140000000000035, ""target_temperature"": 32.0, ""latest_temperature"": 32.03}",2025-09-20 21:50:56.656,14.809722222222
Yeast Grow 4 Days,pioreactor02,2025-09-20T19:54:16.696Z,UpdatedHeaterDC,delta_dc=0.13800000000000523,"{""current_dc"": 87.5, ""delta_dc"": 0.13800000000000523, ""target_temperature"": 32.0, ""latest_temperature"": 32.0}",2025-09-20 21:54:16.696,14.865277777778
Yeast Grow 4 Days,pioreactor02,2025-09-20T19:57:36.655Z,UpdatedHeaterDC,delta_dc=-1.5120000000000062,"{""current_dc"": 85.99, ""delta_dc"": -1.5120000000000062, ""target_temperature"": 32.0, ""latest_temperature"": 32.21}",2025-09-20 21:57:36.655,14.920833333333
Yeast Grow 4 Days,pioreactor02,2025-09-20T20:00:56.654Z,UpdatedHeaterDC,delta_dc=-0.6179999999999879,"{""current_dc"": 85.37, ""delta_dc"": -0.6179999999999879, ""target_temperature"": 32.0, ""latest_temperature"": 32.22}",2025-09-20 22:00:56.654,14.976388888889
Yeast Grow 4 Days,pioreactor02,2025-09-20T20:04:16.654Z,UpdatedHeaterDC,delta_dc=1.0119999999999947,"{""current_dc"": 86.38, ""delta_dc"": 1.0119999999999947, ""target_temperature"": 32.0, ""latest_temperature"": 32.0}",2025-09-20 22:04:16.654,15.031944444444
Yeast Grow 4 Days,pioreactor02,2025-09-20T20:07:36.696Z,UpdatedHeaterDC,delta_dc=1.008000000000004,"{""current_dc"": 87.39, ""delta_dc"": 1.008000000000004, ""target_temperature"": 32.0, ""latest_temperature"": 31.86}",2025-09-20 22:07:36.696,15.0875
Yeast Grow 4 Days,pioreactor02,2025-09-20T20:10:56.655Z,UpdatedHeaterDC,delta_dc=-0.21200000000001182,"{""current_dc"": 87.18, ""delta_dc"": -0.21200000000001182, ""target_temperature"": 32.0, ""latest_temperature"": 31.94}",2025-09-20 22:10:56.655,15.143055555556
Yeast Grow 4 Days,pioreactor02,2025-09-20T20:14:16.655Z,UpdatedHeaterDC,delta_dc=0.73200000000001,"{""current_dc"": 87.91, ""delta_dc"": 0.73200000000001, ""target_temperature"": 32.0, ""latest_temperature"": 31.86}",2025-09-20 22:14:16.655,15.198611111111
Yeast Grow 4 Days,pioreactor02,2025-09-20T20:17:36.659Z,UpdatedHeaterDC,delta_dc=0.5800000000000096,"{""current_dc"": 88.49, ""delta_dc"": 0.5800000000000096, ""target_temperature"": 32.0, ""latest_temperature"": 31.83}",2025-09-20 22:17:36.659,15.254166666667
Yeast Grow 4 Days,pioreactor02,2025-09-20T20:20:56.655Z,UpdatedHeaterDC,delta_dc=0.5139999999999901,"{""current_dc"": 89.0, ""delta_dc"": 0.5139999999999901, ""target_temperature"": 32.0, ""latest_temperature"": 31.82}",2025-09-20 22:20:56.655,15.309722222222
Yeast Grow 4 Days,pioreactor02,2025-09-20T20:24:16.654Z,UpdatedHeaterDC,delta_dc=0.10799999999999416,"{""current_dc"": 89.11, ""delta_dc"": 0.10799999999999416, ""target_temperature"": 32.0, ""latest_temperature"": 31.87}",2025-09-20 22:24:16.654,15.365277777778
Yeast Grow 4 Days,pioreactor02,2025-09-20T20:27:36.655Z,UpdatedHeaterDC,delta_dc=-0.3819999999999872,"{""current_dc"": 88.73, ""delta_dc"": -0.3819999999999872, ""target_temperature"": 32.0, ""latest_temperature"": 31.97}",2025-09-20 22:27:36.655,15.420833333333
Yeast Grow 4 Days,pioreactor02,2025-09-20T20:30:56.655Z,UpdatedHeaterDC,delta_dc=-0.930000000000001,"{""current_dc"": 87.8, ""delta_dc"": -0.930000000000001, ""target_temperature"": 32.0, ""latest_temperature"": 32.11}",2025-09-20 22:30:56.655,15.476388888889
Yeast Grow 4 Days,pioreactor02,2025-09-20T20:34:16.655Z,UpdatedHeaterDC,delta_dc=0.4340000000000117,"{""current_dc"": 88.23, ""delta_dc"": 0.4340000000000117, ""target_temperature"": 32.0, ""latest_temperature"": 32.01}",2025-09-20 22:34:16.655,15.531944444444
Yeast Grow 4 Days,pioreactor02,2025-09-20T20:37:36.658Z,UpdatedHeaterDC,delta_dc=-0.8179999999999907,"{""current_dc"": 87.41, ""delta_dc"": -0.8179999999999907, ""target_temperature"": 32.0, ""latest_temperature"": 32.12}",2025-09-20 22:37:36.658,15.5875
Yeast Grow 4 Days,pioreactor02,2025-09-20T20:40:56.659Z,UpdatedHeaterDC,delta_dc=-0.09600000000003633,"{""current_dc"": 87.31, ""delta_dc"": -0.09600000000003633, ""target_temperature"": 32.0, ""latest_temperature"": 32.09}",2025-09-20 22:40:56.659,15.643055555556
Yeast Grow 4 Days,pioreactor02,2025-09-20T20:44:16.658Z,UpdatedHeaterDC,delta_dc=0.5580000000000126,"{""current_dc"": 87.87, ""delta_dc"": 0.5580000000000126, ""target_temperature"": 32.0, ""latest_temperature"": 31.98}",2025-09-20 22:44:16.658,15.698611111111
Yeast Grow 4 Days,pioreactor02,2025-09-20T20:47:36.655Z,UpdatedHeaterDC,delta_dc=-0.09199999999999803,"{""current_dc"": 87.78, ""delta_dc"": -0.09199999999999803, ""target_temperature"": 32.0, ""latest_temperature"": 32.0}",2025-09-20 22:47:36.655,15.754166666667
Yeast Grow 4 Days,pioreactor02,2025-09-20T20:50:56.654Z,UpdatedHeaterDC,delta_dc=-1.008000000000004,"{""current_dc"": 86.77, ""delta_dc"": -1.008000000000004, ""target_temperature"": 32.0, ""latest_temperature"": 32.14}",2025-09-20 22:50:56.654,15.809722222222
Yeast Grow 4 Days,pioreactor02,2025-09-20T20:54:16.655Z,UpdatedHeaterDC,delta_dc=-0.1479999999999933,"{""current_dc"": 86.62, ""delta_dc"": -0.1479999999999933, ""target_temperature"": 32.0, ""latest_temperature"": 32.11}",2025-09-20 22:54:16.655,15.865277777778
Yeast Grow 4 Days,pioreactor02,2025-09-20T20:57:36.654Z,UpdatedHeaterDC,delta_dc=-0.21400000000001287,"{""current_dc"": 86.41, ""delta_dc"": -0.21400000000001287, ""target_temperature"": 32.0, ""latest_temperature"": 32.1}",2025-09-20 22:57:36.654,15.920833333333
Yeast Grow 4 Days,pioreactor02,2025-09-20T21:00:56.658Z,UpdatedHeaterDC,delta_dc=-0.7640000000000058,"{""current_dc"": 85.65, ""delta_dc"": -0.7640000000000058, ""target_temperature"": 32.0, ""latest_temperature"": 32.17}",2025-09-20 23:00:56.658,15.976388888889
Yeast Grow 4 Days,pioreactor02,2025-09-20T21:04:16.656Z,UpdatedHeaterDC,delta_dc=0.4220000000000283,"{""current_dc"": 86.07, ""delta_dc"": 0.4220000000000283, ""target_temperature"": 32.0, ""latest_temperature"": 32.05}",2025-09-20 23:04:16.656,16.031944444444
Yeast Grow 4 Days,pioreactor02,2025-09-20T21:07:36.658Z,UpdatedHeaterDC,delta_dc=-0.05800000000000694,"{""current_dc"": 86.01, ""delta_dc"": -0.05800000000000694, ""target_temperature"": 32.0, ""latest_temperature"": 32.04}",2025-09-20 23:07:36.658,16.0875
Yeast Grow 4 Days,pioreactor02,2025-09-20T21:10:56.655Z,UpdatedHeaterDC,delta_dc=1.2639999999999858,"{""current_dc"": 87.27, ""delta_dc"": 1.2639999999999858, ""target_temperature"": 32.0, ""latest_temperature"": 31.85}",2025-09-20 23:10:56.655,16.143055555556
Yeast Grow 4 Days,pioreactor02,2025-09-20T21:14:16.654Z,UpdatedHeaterDC,delta_dc=-0.4019999999999996,"{""current_dc"": 86.87, ""delta_dc"": -0.4019999999999996, ""target_temperature"": 32.0, ""latest_temperature"": 31.96}",2025-09-20 23:14:16.654,16.198611111111
Yeast Grow 4 Days,pioreactor02,2025-09-20T21:17:36.655Z,UpdatedHeaterDC,delta_dc=0.6079999999999999,"{""current_dc"": 87.48, ""delta_dc"": 0.6079999999999999, ""target_temperature"": 32.0, ""latest_temperature"": 31.89}",2025-09-20 23:17:36.655,16.254166666667
Yeast Grow 4 Days,pioreactor02,2025-09-20T21:20:56.654Z,UpdatedHeaterDC,delta_dc=0.42999999999999544,"{""current_dc"": 87.91, ""delta_dc"": 0.42999999999999544, ""target_temperature"": 32.0, ""latest_temperature"": 31.87}",2025-09-20 23:20:56.654,16.309722222222
Yeast Grow 4 Days,pioreactor02,2025-09-20T21:24:16.655Z,UpdatedHeaterDC,delta_dc=-0.8140000000000035,"{""current_dc"": 87.1, ""delta_dc"": -0.8140000000000035, ""target_temperature"": 32.0, ""latest_temperature"": 32.03}",2025-09-20 23:24:16.655,16.365277777778
Yeast Grow 4 Days,pioreactor02,2025-09-20T21:27:36.655Z,UpdatedHeaterDC,delta_dc=0.42599999999999905,"{""current_dc"": 87.53, ""delta_dc"": 0.42599999999999905, ""target_temperature"": 32.0, ""latest_temperature"": 31.96}",2025-09-20 23:27:36.655,16.420833333333
Yeast Grow 4 Days,pioreactor02,2025-09-20T21:30:56.656Z,UpdatedHeaterDC,delta_dc=-0.6160000000000124,"{""current_dc"": 86.91, ""delta_dc"": -0.6160000000000124, ""target_temperature"": 32.0, ""latest_temperature"": 32.06}",2025-09-20 23:30:56.656,16.476388888889
Yeast Grow 4 Days,pioreactor02,2025-09-20T21:34:16.654Z,UpdatedHeaterDC,delta_dc=0.13199999999998793,"{""current_dc"": 87.04, ""delta_dc"": 0.13199999999998793, ""target_temperature"": 32.0, ""latest_temperature"": 32.02}",2025-09-20 23:34:16.654,16.531944444444
Yeast Grow 4 Days,pioreactor02,2025-09-20T21:37:36.655Z,UpdatedHeaterDC,delta_dc=-0.5560000000000102,"{""current_dc"": 86.48, ""delta_dc"": -0.5560000000000102, ""target_temperature"": 32.0, ""latest_temperature"": 32.09}",2025-09-20 23:37:36.655,16.5875
Yeast Grow 4 Days,pioreactor02,2025-09-20T21:40:56.654Z,UpdatedHeaterDC,delta_dc=0.5580000000000126,"{""current_dc"": 87.04, ""delta_dc"": 0.5580000000000126, ""target_temperature"": 32.0, ""latest_temperature"": 31.98}",2025-09-20 23:40:56.654,16.643055555556
Yeast Grow 4 Days,pioreactor02,2025-09-20T21:44:16.654Z,UpdatedHeaterDC,delta_dc=-1.0280000000000165,"{""current_dc"": 86.01, ""delta_dc"": -1.0280000000000165, ""target_temperature"": 32.0, ""latest_temperature"": 32.13}",2025-09-20 23:44:16.654,16.698611111111
Yeast Grow 4 Days,pioreactor02,2025-09-20T21:47:36.654Z,UpdatedHeaterDC,delta_dc=0.6700000000000229,"{""current_dc"": 86.68, ""delta_dc"": 0.6700000000000229, ""target_temperature"": 32.0, ""latest_temperature"": 31.99}",2025-09-20 23:47:36.654,16.754166666667
Yeast Grow 4 Days,pioreactor02,2025-09-20T21:50:56.655Z,UpdatedHeaterDC,delta_dc=-0.26200000000001533,"{""current_dc"": 86.42, ""delta_dc"": -0.26200000000001533, ""target_temperature"": 32.0, ""latest_temperature"": 32.03}",2025-09-20 23:50:56.655,16.809722222222
Yeast Grow 4 Days,pioreactor02,2025-09-20T21:54:16.654Z,UpdatedHeaterDC,delta_dc=-0.582000000000005,"{""current_dc"": 85.84, ""delta_dc"": -0.582000000000005, ""target_temperature"": 32.0, ""latest_temperature"": 32.1}",2025-09-20 23:54:16.654,16.865277777778
Yeast Grow 4 Days,pioreactor02,2025-09-20T21:57:36.655Z,UpdatedHeaterDC,delta_dc=1.6120000000000074,"{""current_dc"": 87.45, ""delta_dc"": 1.6120000000000074, ""target_temperature"": 32.0, ""latest_temperature"": 31.84}",2025-09-20 23:57:36.655,16.920833333333
Yeast Grow 4 Days,pioreactor02,2025-09-20T22:00:56.655Z,UpdatedHeaterDC,delta_dc=-1.168000000000017,"{""current_dc"": 86.28, ""delta_dc"": -1.168000000000017, ""target_temperature"": 32.0, ""latest_temperature"": 32.06}",2025-09-21 00:00:56.655,16.976388888889
Yeast Grow 4 Days,pioreactor02,2025-09-20T22:04:16.654Z,UpdatedHeaterDC,delta_dc=1.2120000000000033,"{""current_dc"": 87.49, ""delta_dc"": 1.2120000000000033, ""target_temperature"": 32.0, ""latest_temperature"": 31.87}",2025-09-21 00:04:16.654,17.031944444444
Yeast Grow 4 Days,pioreactor02,2025-09-20T22:07:36.655Z,UpdatedHeaterDC,delta_dc=-0.09399999999999334,"{""current_dc"": 87.4, ""delta_dc"": -0.09399999999999334, ""target_temperature"": 32.0, ""latest_temperature"": 31.93}",2025-09-21 00:07:36.655,17.0875
Yeast Grow 4 Days,pioreactor02,2025-09-20T22:10:56.658Z,UpdatedHeaterDC,delta_dc=-0.03400000000000744,"{""current_dc"": 87.37, ""delta_dc"": -0.03400000000000744, ""target_temperature"": 32.0, ""latest_temperature"": 31.96}",2025-09-21 00:10:56.658,17.143055555556
Yeast Grow 4 Days,pioreactor02,2025-09-20T22:14:16.655Z,UpdatedHeaterDC,delta_dc=-1.5519999999999796,"{""current_dc"": 85.82, ""delta_dc"": -1.5519999999999796, ""target_temperature"": 32.0, ""latest_temperature"": 32.19}",2025-09-21 00:14:16.655,17.198611111111
Yeast Grow 4 Days,pioreactor02,2025-09-20T22:17:36.654Z,UpdatedHeaterDC,delta_dc=0.4419999999999731,"{""current_dc"": 86.26, ""delta_dc"": 0.4419999999999731, ""target_temperature"": 32.0, ""latest_temperature"": 32.06}",2025-09-21 00:17:36.654,17.254166666667
Yeast Grow 4 Days,pioreactor02,2025-09-20T22:20:56.654Z,UpdatedHeaterDC,delta_dc=-0.8039999999999793,"{""current_dc"": 85.46, ""delta_dc"": -0.8039999999999793, ""target_temperature"": 32.0, ""latest_temperature"": 32.15}",2025-09-21 00:20:56.654,17.309722222222
Yeast Grow 4 Days,pioreactor02,2025-09-20T22:24:16.655Z,UpdatedHeaterDC,delta_dc=0.5459999999999708,"{""current_dc"": 86.01, ""delta_dc"": 0.5459999999999708, ""target_temperature"": 32.0, ""latest_temperature"": 32.02}",2025-09-21 00:24:16.655,17.365277777778
Yeast Grow 4 Days,pioreactor02,2025-09-20T22:27:36.659Z,UpdatedHeaterDC,delta_dc=1.4600000000000235,"{""current_dc"": 87.47, ""delta_dc"": 1.4600000000000235, ""target_temperature"": 32.0, ""latest_temperature"": 31.81}",2025-09-21 00:27:36.659,17.420833333333
Yeast Grow 4 Days,pioreactor02,2025-09-20T22:30:56.658Z,UpdatedHeaterDC,delta_dc=-0.5140000000000007,"{""current_dc"": 86.96, ""delta_dc"": -0.5140000000000007, ""target_temperature"": 32.0, ""latest_temperature"": 31.95}",2025-09-21 00:30:56.658,17.476388888889
Yeast Grow 4 Days,pioreactor02,2025-09-20T22:34:16.655Z,UpdatedHeaterDC,delta_dc=0.13000000000000186,"{""current_dc"": 87.09, ""delta_dc"": 0.13000000000000186, ""target_temperature"": 32.0, ""latest_temperature"": 31.95}",2025-09-21 00:34:16.655,17.531944444444
Yeast Grow 4 Days,pioreactor02,2025-09-20T22:37:36.659Z,UpdatedHeaterDC,delta_dc=0.13000000000000186,"{""current_dc"": 87.22, ""delta_dc"": 0.13000000000000186, ""target_temperature"": 32.0, ""latest_temperature"": 31.95}",2025-09-21 00:37:36.659,17.5875
Yeast Grow 4 Days,pioreactor02,2025-09-20T22:40:56.656Z,UpdatedHeaterDC,delta_dc=0.5619999999999926,"{""current_dc"": 87.78, ""delta_dc"": 0.5619999999999926, ""target_temperature"": 32.0, ""latest_temperature"": 31.89}",2025-09-21 00:40:56.656,17.643055555556
Yeast Grow 4 Days,pioreactor02,2025-09-20T22:44:16.654Z,UpdatedHeaterDC,delta_dc=-0.36200000000000043,"{""current_dc"": 87.42, ""delta_dc"": -0.36200000000000043, ""target_temperature"": 32.0, ""latest_temperature"": 31.98}",2025-09-21 00:44:16.654,17.698611111111
Yeast Grow 4 Days,pioreactor02,2025-09-20T22:47:36.659Z,UpdatedHeaterDC,delta_dc=-0.09199999999999803,"{""current_dc"": 87.33, ""delta_dc"": -0.09199999999999803, ""target_temperature"": 32.0, ""latest_temperature"": 32.0}",2025-09-21 00:47:36.659,17.754166666667
Yeast Grow 4 Days,pioreactor02,2025-09-20T22:50:56.658Z,UpdatedHeaterDC,delta_dc=-0.1440000000000225,"{""current_dc"": 87.19, ""delta_dc"": -0.1440000000000225, ""target_temperature"": 32.0, ""latest_temperature"": 32.02}",2025-09-21 00:50:56.658,17.809722222222
Yeast Grow 4 Days,pioreactor02,2025-09-20T22:54:16.654Z,UpdatedHeaterDC,delta_dc=0.5960000000000164,"{""current_dc"": 87.79, ""delta_dc"": 0.5960000000000164, ""target_temperature"": 32.0, ""latest_temperature"": 31.93}",2025-09-21 00:54:16.654,17.865277777778
Yeast Grow 4 Days,pioreactor02,2025-09-20T22:57:36.655Z,UpdatedHeaterDC,delta_dc=-0.3220000000000013,"{""current_dc"": 87.47, ""delta_dc"": -0.3220000000000013, ""target_temperature"": 32.0, ""latest_temperature"": 32.0}",2025-09-21 00:57:36.655,17.920833333333
Yeast Grow 4 Days,pioreactor02,2025-09-20T23:00:56.655Z,UpdatedHeaterDC,delta_dc=0.1439999999999969,"{""current_dc"": 87.61, ""delta_dc"": 0.1439999999999969, ""target_temperature"": 32.0, ""latest_temperature"": 31.98}",2025-09-21 01:00:56.655,17.976388888889
Yeast Grow 4 Days,pioreactor02,2025-09-20T23:04:16.654Z,UpdatedHeaterDC,delta_dc=0.6280000000000122,"{""current_dc"": 88.24, ""delta_dc"": 0.6280000000000122, ""target_temperature"": 32.0, ""latest_temperature"": 31.9}",2025-09-21 01:04:16.654,18.031944444444
Yeast Grow 4 Days,pioreactor02,2025-09-20T23:07:36.658Z,UpdatedHeaterDC,delta_dc=0.043999999999995515,"{""current_dc"": 88.28, ""delta_dc"": 0.043999999999995515, ""target_temperature"": 32.0, ""latest_temperature"": 31.93}",2025-09-21 01:07:36.658,18.0875
Yeast Grow 4 Days,pioreactor02,2025-09-20T23:10:56.658Z,UpdatedHeaterDC,delta_dc=-0.8260000000000033,"{""current_dc"": 87.45, ""delta_dc"": -0.8260000000000033, ""target_temperature"": 32.0, ""latest_temperature"": 32.07}",2025-09-21 01:10:56.658,18.143055555556
Yeast Grow 4 Days,pioreactor02,2025-09-20T23:14:16.655Z,UpdatedHeaterDC,delta_dc=-0.9739999999999966,"{""current_dc"": 86.48, ""delta_dc"": -0.9739999999999966, ""target_temperature"": 32.0, ""latest_temperature"": 32.18}",2025-09-21 01:14:16.655,18.198611111111
Yeast Grow 4 Days,pioreactor02,2025-09-20T23:17:36.654Z,UpdatedHeaterDC,delta_dc=-1.043999999999987,"{""current_dc"": 85.44, ""delta_dc"": -1.043999999999987, ""target_temperature"": 32.0, ""latest_temperature"": 32.26}",2025-09-21 01:17:36.654,18.254166666667
Yeast Grow 4 Days,pioreactor02,2025-09-20T23:20:56.657Z,UpdatedHeaterDC,delta_dc=0.5479999999999662,"{""current_dc"": 85.99, ""delta_dc"": 0.5479999999999662, ""target_temperature"": 32.0, ""latest_temperature"": 32.09}",2025-09-21 01:20:56.657,18.309722222222
Yeast Grow 4 Days,pioreactor02,2025-09-20T23:24:16.654Z,UpdatedHeaterDC,delta_dc=-0.30599999999999455,"{""current_dc"": 85.68, ""delta_dc"": -0.30599999999999455, ""target_temperature"": 32.0, ""latest_temperature"": 32.1}",2025-09-21 01:24:16.654,18.365277777778
Yeast Grow 4 Days,pioreactor02,2025-09-20T23:27:36.655Z,UpdatedHeaterDC,delta_dc=-0.5479999999999976,"{""current_dc"": 85.13, ""delta_dc"": -0.5479999999999976, ""target_temperature"": 32.0, ""latest_temperature"": 32.14}",2025-09-21 01:27:36.655,18.420833333333
Yeast Grow 4 Days,pioreactor02,2025-09-20T23:30:56.656Z,UpdatedHeaterDC,delta_dc=0.284000000000023,"{""current_dc"": 85.41, ""delta_dc"": 0.284000000000023, ""target_temperature"": 32.0, ""latest_temperature"": 32.05}",2025-09-21 01:30:56.656,18.476388888889
Yeast Grow 4 Days,pioreactor02,2025-09-20T23:34:16.654Z,UpdatedHeaterDC,delta_dc=0.44599999999999507,"{""current_dc"": 85.86, ""delta_dc"": 0.44599999999999507, ""target_temperature"": 32.0, ""latest_temperature"": 31.97}",2025-09-21 01:34:16.654,18.531944444444
Yeast Grow 4 Days,pioreactor02,2025-09-20T23:37:36.655Z,UpdatedHeaterDC,delta_dc=0.07800000000000296,"{""current_dc"": 85.94, ""delta_dc"": 0.07800000000000296, ""target_temperature"": 32.0, ""latest_temperature"": 31.97}",2025-09-21 01:37:36.655,18.5875
Yeast Grow 4 Days,pioreactor02,2025-09-20T23:40:56.659Z,UpdatedHeaterDC,delta_dc=1.5899999999999834,"{""current_dc"": 87.53, ""delta_dc"": 1.5899999999999834, ""target_temperature"": 32.0, ""latest_temperature"": 31.76}",2025-09-21 01:40:56.659,18.643055555556
Yeast Grow 4 Days,pioreactor02,2025-09-20T23:44:16.655Z,UpdatedHeaterDC,delta_dc=-1.0319999999999816,"{""current_dc"": 86.5, ""delta_dc"": -1.0319999999999816, ""target_temperature"": 32.0, ""latest_temperature"": 31.99}",2025-09-21 01:44:16.655,18.698611111111
Yeast Grow 4 Days,pioreactor02,2025-09-20T23:47:36.654Z,UpdatedHeaterDC,delta_dc=-0.26200000000001533,"{""current_dc"": 86.24, ""delta_dc"": -0.26200000000001533, ""target_temperature"": 32.0, ""latest_temperature"": 32.03}",2025-09-21 01:47:36.654,18.754166666667
Yeast Grow 4 Days,pioreactor02,2025-09-20T23:50:56.654Z,UpdatedHeaterDC,delta_dc=-0.006000000000017283,"{""current_dc"": 86.23, ""delta_dc"": -0.006000000000017283, ""target_temperature"": 32.0, ""latest_temperature"": 32.02}",2025-09-21 01:50:56.654,18.809722222222
Yeast Grow 4 Days,pioreactor02,2025-09-20T23:54:16.655Z,UpdatedHeaterDC,delta_dc=1.1720000000000041,"{""current_dc"": 87.4, ""delta_dc"": 1.1720000000000041, ""target_temperature"": 32.0, ""latest_temperature"": 31.85}",2025-09-21 01:54:16.655,18.865277777778
Yeast Grow 4 Days,pioreactor02,2025-09-20T23:57:36.658Z,UpdatedHeaterDC,delta_dc=1.1100000000000065,"{""current_dc"": 88.51, ""delta_dc"": 1.1100000000000065, ""target_temperature"": 32.0, ""latest_temperature"": 31.75}",2025-09-21 01:57:36.658,18.920833333333
Yeast Grow 4 Days,pioreactor02,2025-09-21T00:00:56.655Z,UpdatedHeaterDC,delta_dc=-0.42999999999998967,"{""current_dc"": 88.08, ""delta_dc"": -0.42999999999998967, ""target_temperature"": 32.0, ""latest_temperature"": 31.9}",2025-09-21 02:00:56.655,18.976388888889
Yeast Grow 4 Days,pioreactor02,2025-09-21T00:04:16.655Z,UpdatedHeaterDC,delta_dc=0.26000000000000373,"{""current_dc"": 88.34, ""delta_dc"": 0.26000000000000373, ""target_temperature"": 32.0, ""latest_temperature"": 31.9}",2025-09-21 02:04:16.655,19.031944444444
Yeast Grow 4 Days,pioreactor02,2025-09-21T00:07:36.654Z,UpdatedHeaterDC,delta_dc=-0.5319999999999921,"{""current_dc"": 87.81, ""delta_dc"": -0.5319999999999921, ""target_temperature"": 32.0, ""latest_temperature"": 32.01}",2025-09-21 02:07:36.654,19.0875
Yeast Grow 4 Days,pioreactor02,2025-09-21T00:10:56.655Z,UpdatedHeaterDC,delta_dc=-0.5299999999999969,"{""current_dc"": 87.28, ""delta_dc"": -0.5299999999999969, ""target_temperature"": 32.0, ""latest_temperature"": 32.08}",2025-09-21 02:10:56.655,19.143055555556
Yeast Grow 4 Days,pioreactor02,2025-09-21T00:14:16.654Z,UpdatedHeaterDC,delta_dc=1.303999999999985,"{""current_dc"": 88.58, ""delta_dc"": 1.303999999999985, ""target_temperature"": 32.0, ""latest_temperature"": 31.87}",2025-09-21 02:14:16.654,19.198611111111
Yeast Grow 4 Days,pioreactor02,2025-09-21T00:17:36.655Z,UpdatedHeaterDC,delta_dc=-0.5979999999999954,"{""current_dc"": 87.98, ""delta_dc"": -0.5979999999999954, ""target_temperature"": 32.0, ""latest_temperature"": 32.0}",2025-09-21 02:17:36.655,19.254166666667
Yeast Grow 4 Days,pioreactor02,2025-09-21T00:20:56.654Z,UpdatedHeaterDC,delta_dc=-0.2879999999999938,"{""current_dc"": 87.69, ""delta_dc"": -0.2879999999999938, ""target_temperature"": 32.0, ""latest_temperature"": 32.04}",2025-09-21 02:20:56.654,19.309722222222
Yeast Grow 4 Days,pioreactor02,2025-09-21T00:24:16.654Z,UpdatedHeaterDC,delta_dc=0.18399999999999606,"{""current_dc"": 87.87, ""delta_dc"": 0.18399999999999606, ""target_temperature"": 32.0, ""latest_temperature"": 32.0}",2025-09-21 02:24:16.654,19.365277777778
Yeast Grow 4 Days,pioreactor02,2025-09-21T00:27:36.655Z,UpdatedHeaterDC,delta_dc=-0.7200000000000102,"{""current_dc"": 87.15, ""delta_dc"": -0.7200000000000102, ""target_temperature"": 32.0, ""latest_temperature"": 32.1}",2025-09-21 02:27:36.655,19.420833333333
Yeast Grow 4 Days,pioreactor02,2025-09-21T00:30:56.654Z,UpdatedHeaterDC,delta_dc=-0.4760000000000119,"{""current_dc"": 86.67, ""delta_dc"": -0.4760000000000119, ""target_temperature"": 32.0, ""latest_temperature"": 32.13}",2025-09-21 02:30:56.654,19.476388888889
Yeast Grow 4 Days,pioreactor02,2025-09-21T00:34:16.655Z,UpdatedHeaterDC,delta_dc=0.3100000000000178,"{""current_dc"": 86.98, ""delta_dc"": 0.3100000000000178, ""target_temperature"": 32.0, ""latest_temperature"": 32.04}",2025-09-21 02:34:16.655,19.531944444444
Yeast Grow 4 Days,pioreactor02,2025-09-21T00:37:36.655Z,UpdatedHeaterDC,delta_dc=-0.7520000000000223,"{""current_dc"": 86.23, ""delta_dc"": -0.7520000000000223, ""target_temperature"": 32.0, ""latest_temperature"": 32.13}",2025-09-21 02:37:36.655,19.5875
Yeast Grow 4 Days,pioreactor02,2025-09-21T00:40:56.655Z,UpdatedHeaterDC,delta_dc=-0.05000000000001281,"{""current_dc"": 86.18, ""delta_dc"": -0.05000000000001281, ""target_temperature"": 32.0, ""latest_temperature"": 32.09}",2025-09-21 02:40:56.655,19.643055555556
Yeast Grow 4 Days,pioreactor02,2025-09-21T00:44:16.651Z,UpdatedHeaterDC,delta_dc=-0.8819999999999822,"{""current_dc"": 85.3, ""delta_dc"": -0.8819999999999822, ""target_temperature"": 32.0, ""latest_temperature"": 32.18}",2025-09-21 02:44:16.651,19.698611111111
Yeast Grow 4 Days,pioreactor02,2025-09-21T00:47:36.655Z,UpdatedHeaterDC,delta_dc=0.3239999999999966,"{""current_dc"": 85.62, ""delta_dc"": 0.3239999999999966, ""target_temperature"": 32.0, ""latest_temperature"": 32.07}",2025-09-21 02:47:36.655,19.754166666667
Yeast Grow 4 Days,pioreactor02,2025-09-21T00:50:56.654Z,UpdatedHeaterDC,delta_dc=0.39400000000001256,"{""current_dc"": 86.01, ""delta_dc"": 0.39400000000001256, ""target_temperature"": 32.0, ""latest_temperature"": 31.99}",2025-09-21 02:50:56.654,19.809722222222
Yeast Grow 4 Days,pioreactor02,2025-09-21T00:54:16.654Z,UpdatedHeaterDC,delta_dc=0.17000000000000098,"{""current_dc"": 86.18, ""delta_dc"": 0.17000000000000098, ""target_temperature"": 32.0, ""latest_temperature"": 31.97}",2025-09-21 02:54:16.654,19.865277777778
Yeast Grow 4 Days,pioreactor02,2025-09-21T00:57:36.655Z,UpdatedHeaterDC,delta_dc=0.726000000000002,"{""current_dc"": 86.91, ""delta_dc"": 0.726000000000002, ""target_temperature"": 32.0, ""latest_temperature"": 31.88}",2025-09-21 02:57:36.655,19.920833333333
Yeast Grow 4 Days,pioreactor02,2025-09-21T01:00:56.655Z,UpdatedHeaterDC,delta_dc=-0.8399999999999983,"{""current_dc"": 86.07, ""delta_dc"": -0.8399999999999983, ""target_temperature"": 32.0, ""latest_temperature"": 32.04}",2025-09-21 03:00:56.655,19.976388888889
Yeast Grow 4 Days,pioreactor02,2025-09-21T01:04:16.659Z,UpdatedHeaterDC,delta_dc=0.5440000000000011,"{""current_dc"": 86.61, ""delta_dc"": 0.5440000000000011, ""target_temperature"": 32.0, ""latest_temperature"": 31.95}",2025-09-21 03:04:16.659,20.031944444444
Yeast Grow 4 Days,pioreactor02,2025-09-21T01:07:36.650Z,UpdatedHeaterDC,delta_dc=-1.2380000000000073,"{""current_dc"": 85.37, ""delta_dc"": -1.2380000000000073, ""target_temperature"": 32.0, ""latest_temperature"": 32.14}",2025-09-21 03:07:36.650,20.0875
Yeast Grow 4 Days,pioreactor02,2025-09-21T01:10:56.654Z,UpdatedHeaterDC,delta_dc=0.49999999999998,"{""current_dc"": 85.87, ""delta_dc"": 0.49999999999998, ""target_temperature"": 32.0, ""latest_temperature"": 32.02}",2025-09-21 03:10:56.654,20.143055555556
Yeast Grow 4 Days,pioreactor02,2025-09-21T01:14:16.654Z,UpdatedHeaterDC,delta_dc=0.0200000000000287,"{""current_dc"": 85.89, ""delta_dc"": 0.0200000000000287, ""target_temperature"": 32.0, ""latest_temperature"": 32.01}",2025-09-21 03:14:16.654,20.198611111111
Yeast Grow 4 Days,pioreactor02,2025-09-21T01:17:36.654Z,UpdatedHeaterDC,delta_dc=0.6219999999999786,"{""current_dc"": 86.51, ""delta_dc"": 0.6219999999999786, ""target_temperature"": 32.0, ""latest_temperature"": 31.92}",2025-09-21 03:17:36.654,20.254166666667
Yeast Grow 4 Days,pioreactor02,2025-09-21T01:20:56.654Z,UpdatedHeaterDC,delta_dc=0.9280000000000057,"{""current_dc"": 87.44, ""delta_dc"": 0.9280000000000057, ""target_temperature"": 32.0, ""latest_temperature"": 31.82}",2025-09-21 03:20:56.654,20.309722222222
Yeast Grow 4 Days,pioreactor02,2025-09-21T01:24:16.654Z,UpdatedHeaterDC,delta_dc=-0.6119999999999904,"{""current_dc"": 86.83, ""delta_dc"": -0.6119999999999904, ""target_temperature"": 32.0, ""latest_temperature"": 31.97}",2025-09-21 03:24:16.654,20.365277777778
Yeast Grow 4 Days,pioreactor02,2025-09-21T01:27:36.654Z,UpdatedHeaterDC,delta_dc=-0.42599999999999905,"{""current_dc"": 86.4, ""delta_dc"": -0.42599999999999905, ""target_temperature"": 32.0, ""latest_temperature"": 32.04}",2025-09-21 03:27:36.654,20.420833333333
Yeast Grow 4 Days,pioreactor02,2025-09-21T01:30:56.655Z,UpdatedHeaterDC,delta_dc=0.32799999999999296,"{""current_dc"": 86.73, ""delta_dc"": 0.32799999999999296, ""target_temperature"": 32.0, ""latest_temperature"": 31.98}",2025-09-21 03:30:56.655,20.476388888889
Yeast Grow 4 Days,pioreactor02,2025-09-21T01:34:16.654Z,UpdatedHeaterDC,delta_dc=0.33999999999999275,"{""current_dc"": 87.07, ""delta_dc"": 0.33999999999999275, ""target_temperature"": 32.0, ""latest_temperature"": 31.94}",2025-09-21 03:34:16.654,20.531944444444
Yeast Grow 4 Days,pioreactor02,2025-09-21T01:37:36.654Z,UpdatedHeaterDC,delta_dc=0.15599999999999667,"{""current_dc"": 87.23, ""delta_dc"": 0.15599999999999667, ""target_temperature"": 32.0, ""latest_temperature"": 31.94}",2025-09-21 03:37:36.654,20.5875
Yeast Grow 4 Days,pioreactor02,2025-09-21T01:40:56.658Z,UpdatedHeaterDC,delta_dc=0.5880000000000131,"{""current_dc"": 87.82, ""delta_dc"": 0.5880000000000131, ""target_temperature"": 32.0, ""latest_temperature"": 31.88}",2025-09-21 03:40:56.658,20.643055555556
Yeast Grow 4 Days,pioreactor02,2025-09-21T01:44:16.654Z,UpdatedHeaterDC,delta_dc=-0.40800000000000763,"{""current_dc"": 87.41, ""delta_dc"": -0.40800000000000763, ""target_temperature"": 32.0, ""latest_temperature"": 31.98}",2025-09-21 03:44:16.654,20.698611111111
Yeast Grow 4 Days,pioreactor02,2025-09-21T01:47:36.696Z,UpdatedHeaterDC,delta_dc=-0.7400000000000225,"{""current_dc"": 86.67, ""delta_dc"": -0.7400000000000225, ""target_temperature"": 32.0, ""latest_temperature"": 32.09}",2025-09-21 03:47:36.696,20.754166666667
Yeast Grow 4 Days,pioreactor02,2025-09-21T01:50:56.655Z,UpdatedHeaterDC,delta_dc=0.12600000000002182,"{""current_dc"": 86.8, ""delta_dc"": 0.12600000000002182, ""target_temperature"": 32.0, ""latest_temperature"": 32.04}",2025-09-21 03:50:56.655,20.809722222222
Yeast Grow 4 Days,pioreactor02,2025-09-21T01:54:16.658Z,UpdatedHeaterDC,delta_dc=0.40000000000000424,"{""current_dc"": 87.2, ""delta_dc"": 0.40000000000000424, ""target_temperature"": 32.0, ""latest_temperature"": 31.97}",2025-09-21 03:54:16.658,20.865277777778
Yeast Grow 4 Days,pioreactor02,2025-09-21T01:57:36.654Z,UpdatedHeaterDC,delta_dc=-0.7860000000000298,"{""current_dc"": 86.41, ""delta_dc"": -0.7860000000000298, ""target_temperature"": 32.0, ""latest_temperature"": 32.09}",2025-09-21 03:57:36.654,20.920833333333
Yeast Grow 4 Days,pioreactor02,2025-09-21T02:00:56.655Z,UpdatedHeaterDC,delta_dc=0.5580000000000126,"{""current_dc"": 86.97, ""delta_dc"": 0.5580000000000126, ""target_temperature"": 32.0, ""latest_temperature"": 31.98}",2025-09-21 04:00:56.655,20.976388888889
Yeast Grow 4 Days,pioreactor02,2025-09-21T02:04:16.654Z,UpdatedHeaterDC,delta_dc=0.33999999999999275,"{""current_dc"": 87.31, ""delta_dc"": 0.33999999999999275, ""target_temperature"": 32.0, ""latest_temperature"": 31.94}",2025-09-21 04:04:16.654,21.031944444444
Yeast Grow 4 Days,pioreactor02,2025-09-21T02:07:36.655Z,UpdatedHeaterDC,delta_dc=0.08400000000001101,"{""current_dc"": 87.39, ""delta_dc"": 0.08400000000001101, ""target_temperature"": 32.0, ""latest_temperature"": 31.95}",2025-09-21 04:07:36.655,21.0875
Yeast Grow 4 Days,pioreactor02,2025-09-21T02:10:56.654Z,UpdatedHeaterDC,delta_dc=0.2739999999999988,"{""current_dc"": 87.66, ""delta_dc"": 0.2739999999999988, ""target_temperature"": 32.0, ""latest_temperature"": 31.93}",2025-09-21 04:10:56.654,21.143055555556
Yeast Grow 4 Days,pioreactor02,2025-09-21T02:14:16.654Z,UpdatedHeaterDC,delta_dc=-1.6899999999999848,"{""current_dc"": 85.97, ""delta_dc"": -1.6899999999999848, ""target_temperature"": 32.0, ""latest_temperature"": 32.19}",2025-09-21 04:14:16.654,21.198611111111
Yeast Grow 4 Days,pioreactor02,2025-09-21T02:17:36.654Z,UpdatedHeaterDC,delta_dc=-0.566000000000031,"{""current_dc"": 85.4, ""delta_dc"": -0.566000000000031, ""target_temperature"": 32.0, ""latest_temperature"": 32.2}",2025-09-21 04:17:36.654,21.254166666667
Yeast Grow 4 Days,pioreactor02,2025-09-21T02:20:56.655Z,UpdatedHeaterDC,delta_dc=-0.7359999999999645,"{""current_dc"": 84.66, ""delta_dc"": -0.7359999999999645, ""target_temperature"": 32.0, ""latest_temperature"": 32.23}",2025-09-21 04:20:56.655,21.309722222222
Yeast Grow 4 Days,pioreactor02,2025-09-21T02:24:16.655Z,UpdatedHeaterDC,delta_dc=0.049999999999981504,"{""current_dc"": 84.71, ""delta_dc"": 0.049999999999981504, ""target_temperature"": 32.0, ""latest_temperature"": 32.14}",2025-09-21 04:24:16.655,21.365277777778
Yeast Grow 4 Days,pioreactor02,2025-09-21T02:27:36.655Z,UpdatedHeaterDC,delta_dc=-0.1479999999999933,"{""current_dc"": 84.56, ""delta_dc"": -0.1479999999999933, ""target_temperature"": 32.0, ""latest_temperature"": 32.11}",2025-09-21 04:27:36.655,21.420833333333
Yeast Grow 4 Days,pioreactor02,2025-09-21T02:30:56.655Z,UpdatedHeaterDC,delta_dc=-0.21400000000001287,"{""current_dc"": 84.35, ""delta_dc"": -0.21400000000001287, ""target_temperature"": 32.0, ""latest_temperature"": 32.1}",2025-09-21 04:30:56.655,21.476388888889
Yeast Grow 4 Days,pioreactor02,2025-09-21T02:34:16.655Z,UpdatedHeaterDC,delta_dc=-0.980000000000014,"{""current_dc"": 83.37, ""delta_dc"": -0.980000000000014, ""target_temperature"": 32.0, ""latest_temperature"": 32.2}",2025-09-21 04:34:16.655,21.531944444444
Yeast Grow 4 Days,pioreactor02,2025-09-21T02:37:36.655Z,UpdatedHeaterDC,delta_dc=-0.2319999999999624,"{""current_dc"": 83.14, ""delta_dc"": -0.2319999999999624, ""target_temperature"": 32.0, ""latest_temperature"": 32.16}",2025-09-21 04:37:36.655,21.5875
Yeast Grow 4 Days,pioreactor02,2025-09-21T02:40:56.654Z,UpdatedHeaterDC,delta_dc=1.023999999999978,"{""current_dc"": 84.16, ""delta_dc"": 1.023999999999978, ""target_temperature"": 32.0, ""latest_temperature"": 31.96}",2025-09-21 04:40:56.654,21.643055555556
Yeast Grow 4 Days,pioreactor02,2025-09-21T02:44:16.655Z,UpdatedHeaterDC,delta_dc=-0.11199999999998482,"{""current_dc"": 84.05, ""delta_dc"": -0.11199999999998482, ""target_temperature"": 32.0, ""latest_temperature"": 31.99}",2025-09-21 04:44:16.655,21.698611111111
Yeast Grow 4 Days,pioreactor02,2025-09-21T02:47:36.656Z,UpdatedHeaterDC,delta_dc=0.17000000000000098,"{""current_dc"": 84.22, ""delta_dc"": 0.17000000000000098, ""target_temperature"": 32.0, ""latest_temperature"": 31.97}",2025-09-21 04:47:36.656,21.754166666667
Yeast Grow 4 Days,pioreactor02,2025-09-21T02:50:56.654Z,UpdatedHeaterDC,delta_dc=0.582000000000005,"{""current_dc"": 84.8, ""delta_dc"": 0.582000000000005, ""target_temperature"": 32.0, ""latest_temperature"": 31.9}",2025-09-21 04:50:56.654,21.809722222222
Yeast Grow 4 Days,pioreactor02,2025-09-21T02:54:16.655Z,UpdatedHeaterDC,delta_dc=-0.4600000000000065,"{""current_dc"": 84.34, ""delta_dc"": -0.4600000000000065, ""target_temperature"": 32.0, ""latest_temperature"": 32.0}",2025-09-21 04:54:16.655,21.865277777778
Yeast Grow 4 Days,pioreactor02,2025-09-21T02:57:36.654Z,UpdatedHeaterDC,delta_dc=1.7999999999999998,"{""current_dc"": 86.14, ""delta_dc"": 1.7999999999999998, ""target_temperature"": 32.0, ""latest_temperature"": 31.75}",2025-09-21 04:57:36.654,21.920833333333
Yeast Grow 4 Days,pioreactor02,2025-09-21T03:00:56.655Z,UpdatedHeaterDC,delta_dc=0.14599999999999796,"{""current_dc"": 86.29, ""delta_dc"": 0.14599999999999796, ""target_temperature"": 32.0, ""latest_temperature"": 31.82}",2025-09-21 05:00:56.655,21.976388888889
Yeast Grow 4 Days,pioreactor02,2025-09-21T03:04:16.654Z,UpdatedHeaterDC,delta_dc=1.8360000000000083,"{""current_dc"": 88.13, ""delta_dc"": 1.8360000000000083, ""target_temperature"": 32.0, ""latest_temperature"": 31.63}",2025-09-21 05:04:16.654,22.031944444444
Yeast Grow 4 Days,pioreactor02,2025-09-21T03:07:36.656Z,UpdatedHeaterDC,delta_dc=0.025999999999984258,"{""current_dc"": 88.16, ""delta_dc"": 0.025999999999984258, ""target_temperature"": 32.0, ""latest_temperature"": 31.76}",2025-09-21 05:07:36.656,22.0875
Yeast Grow 4 Days,pioreactor02,2025-09-21T03:10:56.655Z,UpdatedHeaterDC,delta_dc=-1.320000000000001,"{""current_dc"": 86.84, ""delta_dc"": -1.320000000000001, ""target_temperature"": 32.0, ""latest_temperature"": 32.03}",2025-09-21 05:10:56.655,22.143055555556
Yeast Grow 4 Days,pioreactor02,2025-09-21T03:14:16.654Z,UpdatedHeaterDC,delta_dc=0.13800000000000523,"{""current_dc"": 86.98, ""delta_dc"": 0.13800000000000523, ""target_temperature"": 32.0, ""latest_temperature"": 32.0}",2025-09-21 05:14:16.654,22.198611111111
Yeast Grow 4 Days,pioreactor02,2025-09-21T03:17:36.655Z,UpdatedHeaterDC,delta_dc=-0.07199999999998567,"{""current_dc"": 86.91, ""delta_dc"": -0.07199999999998567, ""target_temperature"": 32.0, ""latest_temperature"": 32.01}",2025-09-21 05:17:36.655,22.254166666667
Yeast Grow 4 Days,pioreactor02,2025-09-21T03:20:56.696Z,UpdatedHeaterDC,delta_dc=-0.6020000000000336,"{""current_dc"": 86.31, ""delta_dc"": -0.6020000000000336, ""target_temperature"": 32.0, ""latest_temperature"": 32.09}",2025-09-21 05:20:56.696,22.309722222222
Yeast Grow 4 Days,pioreactor02,2025-09-21T03:24:16.656Z,UpdatedHeaterDC,delta_dc=-0.16199999999997206,"{""current_dc"": 86.15, ""delta_dc"": -0.16199999999997206, ""target_temperature"": 32.0, ""latest_temperature"": 32.08}",2025-09-21 05:24:16.656,22.365277777778
Yeast Grow 4 Days,pioreactor02,2025-09-21T03:27:36.654Z,UpdatedHeaterDC,delta_dc=0.4400000000000034,"{""current_dc"": 86.59, ""delta_dc"": 0.4400000000000034, ""target_temperature"": 32.0, ""latest_temperature"": 31.99}",2025-09-21 05:27:36.654,22.420833333333
Yeast Grow 4 Days,pioreactor02,2025-09-21T03:30:56.655Z,UpdatedHeaterDC,delta_dc=-0.26200000000001533,"{""current_dc"": 86.33, ""delta_dc"": -0.26200000000001533, ""target_temperature"": 32.0, ""latest_temperature"": 32.03}",2025-09-21 05:30:56.655,22.476388888889
Yeast Grow 4 Days,pioreactor02,2025-09-21T03:34:16.650Z,UpdatedHeaterDC,delta_dc=-1.086000000000007,"{""current_dc"": 85.24, ""delta_dc"": -1.086000000000007, ""target_temperature"": 32.0, ""latest_temperature"": 32.17}",2025-09-21 05:34:16.650,22.531944444444
Yeast Grow 4 Days,pioreactor02,2025-09-21T03:37:36.655Z,UpdatedHeaterDC,delta_dc=-0.7299999999999983,"{""current_dc"": 84.51, ""delta_dc"": -0.7299999999999983, ""target_temperature"": 32.0, ""latest_temperature"": 32.21}",2025-09-21 05:37:36.655,22.5875
Yeast Grow 4 Days,pioreactor02,2025-09-21T03:40:56.655Z,UpdatedHeaterDC,delta_dc=0.67800000000001,"{""current_dc"": 85.19, ""delta_dc"": 0.67800000000001, ""target_temperature"": 32.0, ""latest_temperature"": 32.04}",2025-09-21 05:40:56.655,22.643055555556
Yeast Grow 4 Days,pioreactor02,2025-09-21T03:44:16.654Z,UpdatedHeaterDC,delta_dc=-0.39199999999999163,"{""current_dc"": 84.8, ""delta_dc"": -0.39199999999999163, ""target_temperature"": 32.0, ""latest_temperature"": 32.08}",2025-09-21 05:44:16.654,22.698611111111
Yeast Grow 4 Days,pioreactor02,2025-09-21T03:47:36.655Z,UpdatedHeaterDC,delta_dc=-1.0720000000000285,"{""current_dc"": 83.73, ""delta_dc"": -1.0720000000000285, ""target_temperature"": 32.0, ""latest_temperature"": 32.2}",2025-09-21 05:47:36.655,22.754166666667
Yeast Grow 4 Days,pioreactor02,2025-09-21T03:50:56.658Z,UpdatedHeaterDC,delta_dc=1.2800000000000182,"{""current_dc"": 85.01, ""delta_dc"": 1.2800000000000182, ""target_temperature"": 32.0, ""latest_temperature"": 31.95}",2025-09-21 05:50:56.658,22.809722222222
Yeast Grow 4 Days,pioreactor02,2025-09-21T03:54:16.659Z,UpdatedHeaterDC,delta_dc=0.5619999999999926,"{""current_dc"": 85.57, ""delta_dc"": 0.5619999999999926, ""target_temperature"": 32.0, ""latest_temperature"": 31.89}",2025-09-21 05:54:16.659,22.865277777778
Yeast Grow 4 Days,pioreactor02,2025-09-21T03:57:36.654Z,UpdatedHeaterDC,delta_dc=0.1420000000000016,"{""current_dc"": 85.71, ""delta_dc"": 0.1420000000000016, ""target_temperature"": 32.0, ""latest_temperature"": 31.91}",2025-09-21 05:57:36.654,22.920833333333
Yeast Grow 4 Days,pioreactor02,2025-09-21T04:00:56.696Z,UpdatedHeaterDC,delta_dc=-0.6300000000000074,"{""current_dc"": 85.08, ""delta_dc"": -0.6300000000000074, ""target_temperature"": 32.0, ""latest_temperature"": 32.03}",2025-09-21 06:00:56.696,22.976388888889
Yeast Grow 4 Days,pioreactor02,2025-09-21T04:04:16.654Z,UpdatedHeaterDC,delta_dc=0.21000000000001648,"{""current_dc"": 85.29, ""delta_dc"": 0.21000000000001648, ""target_temperature"": 32.0, ""latest_temperature"": 31.99}",2025-09-21 06:04:16.654,23.031944444444
Yeast Grow 4 Days,pioreactor02,2025-09-21T04:07:36.655Z,UpdatedHeaterDC,delta_dc=0.7459999999999887,"{""current_dc"": 86.04, ""delta_dc"": 0.7459999999999887, ""target_temperature"": 32.0, ""latest_temperature"": 31.89}",2025-09-21 06:07:36.655,23.0875
Yeast Grow 4 Days,pioreactor02,2025-09-21T04:10:56.696Z,UpdatedHeaterDC,delta_dc=-1.2260000000000075,"{""current_dc"": 84.81, ""delta_dc"": -1.2260000000000075, ""target_temperature"": 32.0, ""latest_temperature"": 32.1}",2025-09-21 06:10:56.696,23.143055555556
Yeast Grow 4 Days,pioreactor02,2025-09-21T04:14:16.655Z,UpdatedHeaterDC,delta_dc=1.1800000000000168,"{""current_dc"": 85.99, ""delta_dc"": 1.1800000000000168, ""target_temperature"": 32.0, ""latest_temperature"": 31.9}",2025-09-21 06:14:16.655,23.198611111111
Yeast Grow 4 Days,pioreactor02,2025-09-21T04:17:36.654Z,UpdatedHeaterDC,delta_dc=-0.24399999999999833,"{""current_dc"": 85.75, ""delta_dc"": -0.24399999999999833, ""target_temperature"": 32.0, ""latest_temperature"": 31.97}",2025-09-21 06:17:36.654,23.254166666667
Yeast Grow 4 Days,pioreactor02,2025-09-21T04:20:56.655Z,UpdatedHeaterDC,delta_dc=-1.0740000000000236,"{""current_dc"": 84.68, ""delta_dc"": -1.0740000000000236, ""target_temperature"": 32.0, ""latest_temperature"": 32.13}",2025-09-21 06:20:56.655,23.309722222222
Yeast Grow 4 Days,pioreactor02,2025-09-21T04:24:16.655Z,UpdatedHeaterDC,delta_dc=-1.6340000000000046,"{""current_dc"": 83.05, ""delta_dc"": -1.6340000000000046, ""target_temperature"": 32.0, ""latest_temperature"": 32.31}",2025-09-21 06:24:16.655,23.365277777778
Yeast Grow 4 Days,pioreactor02,2025-09-21T04:27:36.655Z,UpdatedHeaterDC,delta_dc=0.4180000000000063,"{""current_dc"": 83.47, ""delta_dc"": 0.4180000000000063, ""target_temperature"": 32.0, ""latest_temperature"": 32.14}",2025-09-21 06:27:36.655,23.420833333333
Yeast Grow 4 Days,pioreactor02,2025-09-21T04:30:56.655Z,UpdatedHeaterDC,delta_dc=-1.1559999999999975,"{""current_dc"": 82.31, ""delta_dc"": -1.1559999999999975, ""target_temperature"": 32.0, ""latest_temperature"": 32.25}",2025-09-21 06:30:56.655,23.476388888889
Yeast Grow 4 Days,pioreactor02,2025-09-21T04:34:16.654Z,UpdatedHeaterDC,delta_dc=-0.14599999999999796,"{""current_dc"": 82.16, ""delta_dc"": -0.14599999999999796, ""target_temperature"": 32.0, ""latest_temperature"": 32.18}",2025-09-21 06:34:16.654,23.531944444444
Yeast Grow 4 Days,pioreactor02,2025-09-21T04:37:36.655Z,UpdatedHeaterDC,delta_dc=0.39599999999998226,"{""current_dc"": 82.56, ""delta_dc"": 0.39599999999998226, ""target_temperature"": 32.0, ""latest_temperature"": 32.06}",2025-09-21 06:37:36.655,23.5875
Yeast Grow 4 Days,pioreactor02,2025-09-21T04:40:56.655Z,UpdatedHeaterDC,delta_dc=-0.1560000000000059,"{""current_dc"": 82.4, ""delta_dc"": -0.1560000000000059, ""target_temperature"": 32.0, ""latest_temperature"": 32.06}",2025-09-21 06:40:56.655,23.643055555556
Yeast Grow 4 Days,pioreactor02,2025-09-21T04:44:16.655Z,UpdatedHeaterDC,delta_dc=0.27600000000001046,"{""current_dc"": 82.68, ""delta_dc"": 0.27600000000001046, ""target_temperature"": 32.0, ""latest_temperature"": 32.0}",2025-09-21 06:44:16.655,23.698611111111
Yeast Grow 4 Days,pioreactor02,2025-09-21T04:47:36.654Z,UpdatedHeaterDC,delta_dc=0.6479999999999989,"{""current_dc"": 83.33, ""delta_dc"": 0.6479999999999989, ""target_temperature"": 32.0, ""latest_temperature"": 31.91}",2025-09-21 06:47:36.654,23.754166666667
Yeast Grow 4 Days,pioreactor02,2025-09-21T04:50:56.655Z,UpdatedHeaterDC,delta_dc=-0.12600000000000547,"{""current_dc"": 83.2, ""delta_dc"": -0.12600000000000547, ""target_temperature"": 32.0, ""latest_temperature"": 31.96}",2025-09-21 06:50:56.655,23.809722222222
Yeast Grow 4 Days,pioreactor02,2025-09-21T04:54:16.655Z,UpdatedHeaterDC,delta_dc=1.7600000000000007,"{""current_dc"": 84.96, ""delta_dc"": 1.7600000000000007, ""target_temperature"": 32.0, ""latest_temperature"": 31.73}",2025-09-21 06:54:16.655,23.865277777778
Yeast Grow 4 Days,pioreactor02,2025-09-21T04:57:36.655Z,UpdatedHeaterDC,delta_dc=0.2700000000000082,"{""current_dc"": 85.23, ""delta_dc"": 0.2700000000000082, ""target_temperature"": 32.0, ""latest_temperature"": 31.79}",2025-09-21 06:57:36.655,23.920833333333
Yeast Grow 4 Days,pioreactor02,2025-09-21T05:00:56.654Z,UpdatedHeaterDC,delta_dc=0.6899999999999991,"{""current_dc"": 85.92, ""delta_dc"": 0.6899999999999991, ""target_temperature"": 32.0, ""latest_temperature"": 31.77}",2025-09-21 07:00:56.654,23.976388888889
Yeast Grow 4 Days,pioreactor02,2025-09-21T05:04:16.654Z,UpdatedHeaterDC,delta_dc=0.31000000000000727,"{""current_dc"": 86.23, ""delta_dc"": 0.31000000000000727, ""target_temperature"": 32.0, ""latest_temperature"": 31.81}",2025-09-21 07:04:16.654,24.031944444444
Yeast Grow 4 Days,pioreactor02,2025-09-21T05:07:36.654Z,UpdatedHeaterDC,delta_dc=0.061999999999986954,"{""current_dc"": 86.29, ""delta_dc"": 0.061999999999986954, ""target_temperature"": 32.0, ""latest_temperature"": 31.87}",2025-09-21 07:07:36.654,24.0875
Yeast Grow 4 Days,pioreactor02,2025-09-21T05:10:56.658Z,UpdatedHeaterDC,delta_dc=-1.677999999999985,"{""current_dc"": 84.61, ""delta_dc"": -1.677999999999985, ""target_temperature"": 32.0, ""latest_temperature"": 32.15}",2025-09-21 07:10:56.658,24.143055555556
Yeast Grow 4 Days,pioreactor02,2025-09-21T05:14:16.655Z,UpdatedHeaterDC,delta_dc=1.2659999999999811,"{""current_dc"": 85.88, ""delta_dc"": 1.2659999999999811, ""target_temperature"": 32.0, ""latest_temperature"": 31.92}",2025-09-21 07:14:16.655,24.198611111111
Yeast Grow 4 Days,pioreactor02,2025-09-21T05:17:36.655Z,UpdatedHeaterDC,delta_dc=-1.0880000000000023,"{""current_dc"": 84.79, ""delta_dc"": -1.0880000000000023, ""target_temperature"": 32.0, ""latest_temperature"": 32.1}",2025-09-21 07:17:36.655,24.254166666667
Yeast Grow 4 Days,pioreactor02,2025-09-21T05:20:56.655Z,UpdatedHeaterDC,delta_dc=1.1080000000000054,"{""current_dc"": 85.9, ""delta_dc"": 1.1080000000000054, ""target_temperature"": 32.0, ""latest_temperature"": 31.91}",2025-09-21 07:20:56.655,24.309722222222
Yeast Grow 4 Days,pioreactor02,2025-09-21T05:24:16.655Z,UpdatedHeaterDC,delta_dc=-1.9260000000000055,"{""current_dc"": 83.97, ""delta_dc"": -1.9260000000000055, ""target_temperature"": 32.0, ""latest_temperature"": 32.21}",2025-09-21 07:24:16.655,24.365277777778
Yeast Grow 4 Days,pioreactor02,2025-09-21T05:27:36.655Z,UpdatedHeaterDC,delta_dc=0.5339999999999875,"{""current_dc"": 84.5, ""delta_dc"": 0.5339999999999875, ""target_temperature"": 32.0, ""latest_temperature"": 32.06}",2025-09-21 07:27:36.655,24.420833333333
Yeast Grow 4 Days,pioreactor02,2025-09-21T05:30:56.655Z,UpdatedHeaterDC,delta_dc=0.6360000000000156,"{""current_dc"": 85.14, ""delta_dc"": 0.6360000000000156, ""target_temperature"": 32.0, ""latest_temperature"": 31.95}",2025-09-21 07:30:56.655,24.476388888889
Yeast Grow 4 Days,pioreactor02,2025-09-21T05:34:16.654Z,UpdatedHeaterDC,delta_dc=-0.08600000000000634,"{""current_dc"": 85.05, ""delta_dc"": -0.08600000000000634, ""target_temperature"": 32.0, ""latest_temperature"": 31.98}",2025-09-21 07:34:16.654,24.531944444444
Yeast Grow 4 Days,pioreactor02,2025-09-21T05:37:36.655Z,UpdatedHeaterDC,delta_dc=-0.3799999999999919,"{""current_dc"": 84.67, ""delta_dc"": -0.3799999999999919, ""target_temperature"": 32.0, ""latest_temperature"": 32.04}",2025-09-21 07:37:36.655,24.5875
Yeast Grow 4 Days,pioreactor02,2025-09-21T05:40:56.656Z,UpdatedHeaterDC,delta_dc=-1.4719999999999813,"{""current_dc"": 83.2, ""delta_dc"": -1.4719999999999813, ""target_temperature"": 32.0, ""latest_temperature"": 32.23}",2025-09-21 07:40:56.656,24.643055555556
Yeast Grow 4 Days,pioreactor02,2025-09-21T05:44:16.658Z,UpdatedHeaterDC,delta_dc=-1.1740000000000308,"{""current_dc"": 82.03, ""delta_dc"": -1.1740000000000308, ""target_temperature"": 32.0, ""latest_temperature"": 32.31}",2025-09-21 07:44:16.658,24.698611111111
Yeast Grow 4 Days,pioreactor02,2025-09-21T05:47:36.696Z,UpdatedHeaterDC,delta_dc=0.993999999999994,"{""current_dc"": 83.02, ""delta_dc"": 0.993999999999994, ""target_temperature"": 32.0, ""latest_temperature"": 32.06}",2025-09-21 07:47:36.696,24.754166666667
Yeast Grow 4 Days,pioreactor02,2025-09-21T05:50:56.651Z,UpdatedHeaterDC,delta_dc=1.2840000000000145,"{""current_dc"": 84.3, ""delta_dc"": 1.2840000000000145, ""target_temperature"": 32.0, ""latest_temperature"": 31.86}",2025-09-21 07:50:56.651,24.809722222222
Yeast Grow 4 Days,pioreactor02,2025-09-21T05:54:16.654Z,UpdatedHeaterDC,delta_dc=0.6519999999999953,"{""current_dc"": 84.95, ""delta_dc"": 0.6519999999999953, ""target_temperature"": 32.0, ""latest_temperature"": 31.82}",2025-09-21 07:54:16.654,24.865277777778
Yeast Grow 4 Days,pioreactor02,2025-09-21T05:57:36.655Z,UpdatedHeaterDC,delta_dc=-0.10799999999998838,"{""current_dc"": 84.84, ""delta_dc"": -0.10799999999998838, ""target_temperature"": 32.0, ""latest_temperature"": 31.9}",2025-09-21 07:57:36.655,24.920833333333
Yeast Grow 4 Days,pioreactor02,2025-09-21T06:00:56.655Z,UpdatedHeaterDC,delta_dc=0.18799999999999245,"{""current_dc"": 85.03, ""delta_dc"": 0.18799999999999245, ""target_temperature"": 32.0, ""latest_temperature"": 31.91}",2025-09-21 08:00:56.655,24.976388888889
Yeast Grow 4 Days,pioreactor02,2025-09-21T06:04:16.656Z,UpdatedHeaterDC,delta_dc=-0.4139999999999993,"{""current_dc"": 84.62, ""delta_dc"": -0.4139999999999993, ""target_temperature"": 32.0, ""latest_temperature"": 32.0}",2025-09-21 08:04:16.656,25.031944444444
Yeast Grow 4 Days,pioreactor02,2025-09-21T06:07:36.655Z,UpdatedHeaterDC,delta_dc=1.6560000000000028,"{""current_dc"": 86.28, ""delta_dc"": 1.6560000000000028, ""target_temperature"": 32.0, ""latest_temperature"": 31.77}",2025-09-21 08:07:36.655,25.0875
Yeast Grow 4 Days,pioreactor02,2025-09-21T06:10:56.700Z,UpdatedHeaterDC,delta_dc=-0.770000000000008,"{""current_dc"": 85.51, ""delta_dc"": -0.770000000000008, ""target_temperature"": 32.0, ""latest_temperature"": 31.96}",2025-09-21 08:10:56.700,25.143055555556
Yeast Grow 4 Days,pioreactor02,2025-09-21T06:14:16.655Z,UpdatedHeaterDC,delta_dc=0.03200000000001211,"{""current_dc"": 85.54, ""delta_dc"": 0.03200000000001211, ""target_temperature"": 32.0, ""latest_temperature"": 31.97}",2025-09-21 08:14:16.655,25.198611111111
Yeast Grow 4 Days,pioreactor02,2025-09-21T06:17:36.655Z,UpdatedHeaterDC,delta_dc=0.7979999999999876,"{""current_dc"": 86.34, ""delta_dc"": 0.7979999999999876, ""target_temperature"": 32.0, ""latest_temperature"": 31.87}",2025-09-21 08:17:36.655,25.254166666667
Yeast Grow 4 Days,pioreactor02,2025-09-21T06:20:56.656Z,UpdatedHeaterDC,delta_dc=0.7700000000000138,"{""current_dc"": 87.11, ""delta_dc"": 0.7700000000000138, ""target_temperature"": 32.0, ""latest_temperature"": 31.81}",2025-09-21 08:20:56.656,25.309722222222
Yeast Grow 4 Days,pioreactor02,2025-09-21T06:24:16.654Z,UpdatedHeaterDC,delta_dc=-0.08200000000000995,"{""current_dc"": 87.03, ""delta_dc"": -0.08200000000000995, ""target_temperature"": 32.0, ""latest_temperature"": 31.89}",2025-09-21 08:24:16.654,25.365277777778
Yeast Grow 4 Days,pioreactor02,2025-09-21T06:27:36.654Z,UpdatedHeaterDC,delta_dc=-0.9380000000000137,"{""current_dc"": 86.09, ""delta_dc"": -0.9380000000000137, ""target_temperature"": 32.0, ""latest_temperature"": 32.06}",2025-09-21 08:27:36.654,25.420833333333
Yeast Grow 4 Days,pioreactor02,2025-09-21T06:30:56.655Z,UpdatedHeaterDC,delta_dc=-1.5959999999999752,"{""current_dc"": 84.49, ""delta_dc"": -1.5959999999999752, ""target_temperature"": 32.0, ""latest_temperature"": 32.26}",2025-09-21 08:30:56.655,25.476388888889
Yeast Grow 4 Days,pioreactor02,2025-09-21T06:34:16.658Z,UpdatedHeaterDC,delta_dc=-2.3320000000000234,"{""current_dc"": 82.16, ""delta_dc"": -2.3320000000000234, ""target_temperature"": 32.0, ""latest_temperature"": 32.49}",2025-09-21 08:34:16.658,25.531944444444
Yeast Grow 4 Days,pioreactor02,2025-09-21T06:37:36.656Z,UpdatedHeaterDC,delta_dc=-1.6339999999999848,"{""current_dc"": 80.53, ""delta_dc"": -1.6339999999999848, ""target_temperature"": 32.0, ""latest_temperature"": 32.54}",2025-09-21 08:37:36.656,25.5875
Yeast Grow 4 Days,pioreactor02,2025-09-21T06:40:56.655Z,UpdatedHeaterDC,delta_dc=-1.116000000000004,"{""current_dc"": 79.41, ""delta_dc"": -1.116000000000004, ""target_temperature"": 32.0, ""latest_temperature"": 32.5}",2025-09-21 08:40:56.655,25.643055555556
Yeast Grow 4 Days,pioreactor02,2025-09-21T06:44:16.655Z,UpdatedHeaterDC,delta_dc=-3.2440000000000224,"{""current_dc"": 76.17, ""delta_dc"": -3.2440000000000224, ""target_temperature"": 32.0, ""latest_temperature"": 32.77}",2025-09-21 08:44:16.655,25.698611111111
Yeast Grow 4 Days,pioreactor02,2025-09-21T06:47:36.658Z,UpdatedHeaterDC,delta_dc=-0.20200000000000817,"{""current_dc"": 75.97, ""delta_dc"": -0.20200000000000817, ""target_temperature"": 32.0, ""latest_temperature"": 32.52}",2025-09-21 08:47:36.658,25.754166666667
Yeast Grow 4 Days,pioreactor02,2025-09-21T06:50:56.655Z,UpdatedHeaterDC,delta_dc=-1.927999999999996,"{""current_dc"": 74.04, ""delta_dc"": -1.927999999999996, ""target_temperature"": 32.0, ""latest_temperature"": 32.6}",2025-09-21 08:50:56.655,25.809722222222
Yeast Grow 4 Days,pioreactor02,2025-09-21T06:54:16.655Z,UpdatedHeaterDC,delta_dc=-0.6959999999999711,"{""current_dc"": 73.34, ""delta_dc"": -0.6959999999999711, ""target_temperature"": 32.0, ""latest_temperature"": 32.48}",2025-09-21 08:54:16.655,25.865277777778
Yeast Grow 4 Days,pioreactor02,2025-09-21T06:57:36.654Z,UpdatedHeaterDC,delta_dc=1.4159999999999897,"{""current_dc"": 74.76, ""delta_dc"": 1.4159999999999897, ""target_temperature"": 32.0, ""latest_temperature"": 32.11}",2025-09-21 08:57:36.654,25.920833333333
Yeast Grow 4 Days,pioreactor02,2025-09-21T07:00:56.655Z,UpdatedHeaterDC,delta_dc=-2.5900000000000003,"{""current_dc"": 72.17, ""delta_dc"": -2.5900000000000003, ""target_temperature"": 32.0, ""latest_temperature"": 32.43}",2025-09-21 09:00:56.655,25.976388888889
Yeast Grow 4 Days,pioreactor02,2025-09-21T07:04:16.655Z,UpdatedHeaterDC,delta_dc=-1.4779999999999789,"{""current_dc"": 70.69, ""delta_dc"": -1.4779999999999789, ""target_temperature"": 32.0, ""latest_temperature"": 32.48}",2025-09-21 09:04:16.655,26.031944444444
Yeast Grow 4 Days,pioreactor02,2025-09-21T07:07:36.655Z,UpdatedHeaterDC,delta_dc=-0.3120000000000247,"{""current_dc"": 70.38, ""delta_dc"": -0.3120000000000247, ""target_temperature"": 32.0, ""latest_temperature"": 32.35}",2025-09-21 09:07:36.655,26.0875
Yeast Grow 4 Days,pioreactor02,2025-09-21T07:10:56.656Z,UpdatedHeaterDC,delta_dc=0.7460000000000249,"{""current_dc"": 71.13, ""delta_dc"": 0.7460000000000249, ""target_temperature"": 32.0, ""latest_temperature"": 32.12}",2025-09-21 09:10:56.656,26.143055555556
Yeast Grow 4 Days,pioreactor02,2025-09-21T07:14:16.654Z,UpdatedHeaterDC,delta_dc=0.26399999999999435,"{""current_dc"": 71.39, ""delta_dc"": 0.26399999999999435, ""target_temperature"": 32.0, ""latest_temperature"": 32.04}",2025-09-21 09:14:16.654,26.198611111111
Yeast Grow 4 Days,pioreactor02,2025-09-21T07:17:36.657Z,UpdatedHeaterDC,delta_dc=1.4080000000000084,"{""current_dc"": 72.8, ""delta_dc"": 1.4080000000000084, ""target_temperature"": 32.0, ""latest_temperature"": 31.83}",2025-09-21 09:17:36.657,26.254166666667
Yeast Grow 4 Days,pioreactor02,2025-09-21T07:20:56.655Z,UpdatedHeaterDC,delta_dc=0.009999999999988074,"{""current_dc"": 72.81, ""delta_dc"": 0.009999999999988074, ""target_temperature"": 32.0, ""latest_temperature"": 31.89}",2025-09-21 09:20:56.655,26.309722222222
Yeast Grow 4 Days,pioreactor02,2025-09-21T07:24:16.655Z,UpdatedHeaterDC,delta_dc=-0.28999999999998916,"{""current_dc"": 72.52, ""delta_dc"": -0.28999999999998916, ""target_temperature"": 32.0, ""latest_temperature"": 31.97}",2025-09-21 09:24:16.655,26.365277777778
Yeast Grow 4 Days,pioreactor02,2025-09-21T07:27:36.655Z,UpdatedHeaterDC,delta_dc=1.1579999999999926,"{""current_dc"": 73.68, ""delta_dc"": 1.1579999999999926, ""target_temperature"": 32.0, ""latest_temperature"": 31.82}",2025-09-21 09:27:36.655,26.420833333333
Yeast Grow 4 Days,pioreactor02,2025-09-21T07:30:56.655Z,UpdatedHeaterDC,delta_dc=-1.8360000000000025,"{""current_dc"": 71.84, ""delta_dc"": -1.8360000000000025, ""target_temperature"": 32.0, ""latest_temperature"": 32.14}",2025-09-21 09:30:56.655,26.476388888889
Yeast Grow 4 Days,pioreactor02,2025-09-21T07:34:16.655Z,UpdatedHeaterDC,delta_dc=-0.004000000000021958,"{""current_dc"": 71.84, ""delta_dc"": -0.004000000000021958, ""target_temperature"": 32.0, ""latest_temperature"": 32.09}",2025-09-21 09:34:16.655,26.531944444444
Yeast Grow 4 Days,pioreactor02,2025-09-21T07:37:36.655Z,UpdatedHeaterDC,delta_dc=0.6300000000000239,"{""current_dc"": 72.47, ""delta_dc"": 0.6300000000000239, ""target_temperature"": 32.0, ""latest_temperature"": 31.97}",2025-09-21 09:37:36.655,26.5875
Yeast Grow 4 Days,pioreactor02,2025-09-21T07:40:56.654Z,UpdatedHeaterDC,delta_dc=0.29399999999998555,"{""current_dc"": 72.76, ""delta_dc"": 0.29399999999998555, ""target_temperature"": 32.0, ""latest_temperature"": 31.94}",2025-09-21 09:40:56.654,26.643055555556
Yeast Grow 4 Days,pioreactor02,2025-09-21T07:44:16.655Z,UpdatedHeaterDC,delta_dc=1.0200000000000038,"{""current_dc"": 73.78, ""delta_dc"": 1.0200000000000038, ""target_temperature"": 32.0, ""latest_temperature"": 31.82}",2025-09-21 09:44:16.655,26.698611111111
Yeast Grow 4 Days,pioreactor02,2025-09-21T07:47:36.655Z,UpdatedHeaterDC,delta_dc=0.6119999999999961,"{""current_dc"": 74.39, ""delta_dc"": 0.6119999999999961, ""target_temperature"": 32.0, ""latest_temperature"": 31.8}",2025-09-21 09:47:36.655,26.754166666667
Yeast Grow 4 Days,pioreactor02,2025-09-21T07:50:56.654Z,UpdatedHeaterDC,delta_dc=0.23200000000000431,"{""current_dc"": 74.62, ""delta_dc"": 0.23200000000000431, ""target_temperature"": 32.0, ""latest_temperature"": 31.84}",2025-09-21 09:50:56.654,26.809722222222
Yeast Grow 4 Days,pioreactor02,2025-09-21T07:54:16.654Z,UpdatedHeaterDC,delta_dc=1.2079999999999962,"{""current_dc"": 75.83, ""delta_dc"": 1.2079999999999962, ""target_temperature"": 32.0, ""latest_temperature"": 31.73}",2025-09-21 09:54:16.654,26.865277777778
Yeast Grow 4 Days,pioreactor02,2025-09-21T07:57:36.654Z,UpdatedHeaterDC,delta_dc=1.062000000000004,"{""current_dc"": 76.89, ""delta_dc"": 1.062000000000004, ""target_temperature"": 32.0, ""latest_temperature"": 31.68}",2025-09-21 09:57:36.654,26.920833333333
Yeast Grow 4 Days,pioreactor02,2025-09-21T08:00:56.655Z,UpdatedHeaterDC,delta_dc=-2.4800000000000053,"{""current_dc"": 74.41, ""delta_dc"": -2.4800000000000053, ""target_temperature"": 32.0, ""latest_temperature"": 32.14}",2025-09-21 10:00:56.655,26.976388888889
Yeast Grow 4 Days,pioreactor02,2025-09-21T08:04:16.656Z,UpdatedHeaterDC,delta_dc=0.7160000000000137,"{""current_dc"": 75.13, ""delta_dc"": 0.7160000000000137, ""target_temperature"": 32.0, ""latest_temperature"": 31.99}",2025-09-21 10:04:16.656,27.031944444444
Yeast Grow 4 Days,pioreactor02,2025-09-21T08:07:36.655Z,UpdatedHeaterDC,delta_dc=-0.838000000000003,"{""current_dc"": 74.29, ""delta_dc"": -0.838000000000003, ""target_temperature"": 32.0, ""latest_temperature"": 32.11}",2025-09-21 10:07:36.655,27.0875
Yeast Grow 4 Days,pioreactor02,2025-09-21T08:10:56.654Z,UpdatedHeaterDC,delta_dc=0.7220000000000055,"{""current_dc"": 75.01, ""delta_dc"": 0.7220000000000055, ""target_temperature"": 32.0, ""latest_temperature"": 31.97}",2025-09-21 10:10:56.654,27.143055555556
Yeast Grow 4 Days,pioreactor02,2025-09-21T08:14:16.655Z,UpdatedHeaterDC,delta_dc=-0.2099999999999909,"{""current_dc"": 74.8, ""delta_dc"": -0.2099999999999909, ""target_temperature"": 32.0, ""latest_temperature"": 32.01}",2025-09-21 10:14:16.655,27.198611111111
Yeast Grow 4 Days,pioreactor02,2025-09-21T08:17:36.654Z,UpdatedHeaterDC,delta_dc=-0.8900000000000277,"{""current_dc"": 73.91, ""delta_dc"": -0.8900000000000277, ""target_temperature"": 32.0, ""latest_temperature"": 32.13}",2025-09-21 10:17:36.654,27.254166666667
