experiment,pioreactor_unit,timestamp,measured_rpm,timestamp_localtime,hours_since_experiment_created
Long Yeast Grow,pioreactor02,2025-09-18T23:22:00.365Z,748.4,2025-09-19 01:22:00.365,0.046666666667
Long Yeast Grow,pioreactor02,2025-09-18T23:22:02.072Z,687.3,2025-09-19 01:22:02.072,0.047222222222
Long Yeast Grow,pioreactor02,2025-09-18T23:22:03.778Z,628.7,2025-09-19 01:22:03.778,0.0475
Long Yeast Grow,pioreactor02,2025-09-19T01:35:59.686Z,590.5,2025-09-19 03:35:59.686,2.279722222222
Long Yeast Grow,pioreactor02,2025-09-19T01:36:01.393Z,580.3,2025-09-19 03:36:01.393,2.280277777778
Long Yeast Grow,pioreactor02,2025-09-19T01:36:03.101Z,576.4,2025-09-19 03:36:03.101,2.280833333333
Long Yeast Grow,pioreactor02,2025-09-19T01:36:04.809Z,562.6,2025-09-19 03:36:04.809,2.281111111111
Long Yeast Grow,pioreactor02,2025-09-19T01:36:06.516Z,551.2,2025-09-19 03:36:06.516,2.281666666667
Long Yeast Grow,pioreactor02,2025-09-19T01:36:08.223Z,543.9,2025-09-19 03:36:08.223,2.282222222222
Long Yeast Grow,pioreactor02,2025-09-19T01:36:09.931Z,528.8,2025-09-19 03:36:09.931,2.2825
Long Yeast Grow,pioreactor02,2025-09-19T01:36:11.638Z,521.0,2025-09-19 03:36:11.638,2.283055555556
Long Yeast Grow,pioreactor02,2025-09-19T01:36:13.345Z,512.9,2025-09-19 03:36:13.345,2.283611111111
Long Yeast Grow,pioreactor02,2025-09-19T01:36:25.871Z,506.1,2025-09-19 03:36:25.871,2.286944444444
Long Yeast Grow,pioreactor02,2025-09-19T01:36:48.871Z,511.6,2025-09-19 03:36:48.871,2.293333333333
Long Yeast Grow,pioreactor02,2025-09-19T01:37:11.871Z,421.0,2025-09-19 03:37:11.871,2.299722222222
Long Yeast Grow,pioreactor02,2025-09-19T01:37:34.871Z,431.0,2025-09-19 03:37:34.871,2.306111111111
Long Yeast Grow,pioreactor02,2025-09-19T01:37:57.871Z,530.7,2025-09-19 03:37:57.871,2.3125
Long Yeast Grow,pioreactor02,2025-09-19T01:38:20.871Z,563.4,2025-09-19 03:38:20.871,2.318888888889
Long Yeast Grow,pioreactor02,2025-09-19T01:38:43.871Z,558.8,2025-09-19 03:38:43.871,2.325277777778
Long Yeast Grow,pioreactor02,2025-09-19T01:39:06.871Z,550.1,2025-09-19 03:39:06.871,2.331666666667
Long Yeast Grow,pioreactor02,2025-09-19T01:39:29.871Z,545.1,2025-09-19 03:39:29.871,2.338055555556
Long Yeast Grow,pioreactor02,2025-09-19T01:39:52.871Z,520.4,2025-09-19 03:39:52.871,2.344444444444
Long Yeast Grow,pioreactor02,2025-09-19T01:40:15.871Z,519.7,2025-09-19 03:40:15.871,2.350833333333
Long Yeast Grow,pioreactor02,2025-09-19T01:40:38.871Z,518.0,2025-09-19 03:40:38.871,2.357222222222
Long Yeast Grow,pioreactor02,2025-09-19T01:41:01.871Z,522.9,2025-09-19 03:41:01.871,2.363611111111
Long Yeast Grow,pioreactor02,2025-09-19T01:41:24.871Z,521.6,2025-09-19 03:41:24.871,2.37
Long Yeast Grow,pioreactor02,2025-09-19T01:41:47.871Z,522.9,2025-09-19 03:41:47.871,2.376388888889
Long Yeast Grow,pioreactor02,2025-09-19T01:42:10.871Z,522.9,2025-09-19 03:42:10.871,2.382777777778
Long Yeast Grow,pioreactor02,2025-09-19T01:42:33.871Z,518.3,2025-09-19 03:42:33.871,2.389166666667
Long Yeast Grow,pioreactor02,2025-09-19T01:42:56.871Z,404.9,2025-09-19 03:42:56.871,2.395555555556
Long Yeast Grow,pioreactor02,2025-09-19T01:43:19.871Z,411.5,2025-09-19 03:43:19.871,2.401944444444
Long Yeast Grow,pioreactor02,2025-09-19T01:43:42.871Z,419.3,2025-09-19 03:43:42.871,2.408333333333
Long Yeast Grow,pioreactor02,2025-09-19T01:44:05.871Z,431.3,2025-09-19 03:44:05.871,2.414722222222
Long Yeast Grow,pioreactor02,2025-09-19T01:44:28.871Z,572.1,2025-09-19 03:44:28.871,2.421111111111
Long Yeast Grow,pioreactor02,2025-09-19T01:44:51.871Z,560.6,2025-09-19 03:44:51.871,2.4275
Long Yeast Grow,pioreactor02,2025-09-19T01:45:14.871Z,553.6,2025-09-19 03:45:14.871,2.433888888889
Long Yeast Grow,pioreactor02,2025-09-19T01:45:37.871Z,538.0,2025-09-19 03:45:37.871,2.440277777778
Long Yeast Grow,pioreactor02,2025-09-19T01:46:00.871Z,547.5,2025-09-19 03:46:00.871,2.446666666667
Long Yeast Grow,pioreactor02,2025-09-19T01:46:23.871Z,515.6,2025-09-19 03:46:23.871,2.453055555556
Long Yeast Grow,pioreactor02,2025-09-19T01:46:46.871Z,500.5,2025-09-19 03:46:46.871,2.459444444444
Long Yeast Grow,pioreactor02,2025-09-19T01:47:09.871Z,511.2,2025-09-19 03:47:09.871,2.465833333333
Long Yeast Grow,pioreactor02,2025-09-19T01:47:32.871Z,514.4,2025-09-19 03:47:32.871,2.472222222222
Long Yeast Grow,pioreactor02,2025-09-19T01:47:55.871Z,498.4,2025-09-19 03:47:55.871,2.478611111111
Long Yeast Grow,pioreactor02,2025-09-19T01:48:18.871Z,512.9,2025-09-19 03:48:18.871,2.485
Long Yeast Grow,pioreactor02,2025-09-19T01:48:41.871Z,500.3,2025-09-19 03:48:41.871,2.491388888889
Long Yeast Grow,pioreactor02,2025-09-19T01:49:04.871Z,516.7,2025-09-19 03:49:04.871,2.497777777778
Long Yeast Grow,pioreactor02,2025-09-19T01:49:27.871Z,512.8,2025-09-19 03:49:27.871,2.504166666667
Long Yeast Grow,pioreactor02,2025-09-19T01:49:50.871Z,509.2,2025-09-19 03:49:50.871,2.510555555556
Long Yeast Grow,pioreactor02,2025-09-19T01:50:13.871Z,506.0,2025-09-19 03:50:13.871,2.516944444444
Long Yeast Grow,pioreactor02,2025-09-19T01:50:36.871Z,500.1,2025-09-19 03:50:36.871,2.523333333333
Long Yeast Grow,pioreactor02,2025-09-19T01:50:59.871Z,496.2,2025-09-19 03:50:59.871,2.529722222222
Long Yeast Grow,pioreactor02,2025-09-19T01:51:22.871Z,498.5,2025-09-19 03:51:22.871,2.536111111111
Long Yeast Grow,pioreactor02,2025-09-19T01:51:45.871Z,507.9,2025-09-19 03:51:45.871,2.5425
Long Yeast Grow,pioreactor02,2025-09-19T01:52:08.871Z,496.0,2025-09-19 03:52:08.871,2.548888888889
Long Yeast Grow,pioreactor02,2025-09-19T01:52:31.871Z,402.4,2025-09-19 03:52:31.871,2.555277777778
Long Yeast Grow,pioreactor02,2025-09-19T01:52:54.871Z,413.2,2025-09-19 03:52:54.871,2.561666666667
Long Yeast Grow,pioreactor02,2025-09-19T01:53:17.871Z,418.1,2025-09-19 03:53:17.871,2.568055555556
Long Yeast Grow,pioreactor02,2025-09-19T01:53:40.871Z,565.0,2025-09-19 03:53:40.871,2.574444444444
Long Yeast Grow,pioreactor02,2025-09-19T01:54:03.871Z,555.1,2025-09-19 03:54:03.871,2.580833333333
Long Yeast Grow,pioreactor02,2025-09-19T01:54:26.871Z,545.9,2025-09-19 03:54:26.871,2.587222222222
Long Yeast Grow,pioreactor02,2025-09-19T01:54:49.871Z,540.3,2025-09-19 03:54:49.871,2.593611111111
Long Yeast Grow,pioreactor02,2025-09-19T01:55:12.871Z,531.9,2025-09-19 03:55:12.871,2.6
Long Yeast Grow,pioreactor02,2025-09-19T01:55:35.871Z,524.0,2025-09-19 03:55:35.871,2.606388888889
Long Yeast Grow,pioreactor02,2025-09-19T01:55:58.871Z,521.3,2025-09-19 03:55:58.871,2.612777777778
Long Yeast Grow,pioreactor02,2025-09-19T01:56:21.871Z,512.6,2025-09-19 03:56:21.871,2.619166666667
Long Yeast Grow,pioreactor02,2025-09-19T01:56:44.871Z,503.4,2025-09-19 03:56:44.871,2.625555555556
Long Yeast Grow,pioreactor02,2025-09-19T01:57:07.871Z,508.2,2025-09-19 03:57:07.871,2.631944444444
Long Yeast Grow,pioreactor02,2025-09-19T01:57:30.871Z,506.3,2025-09-19 03:57:30.871,2.638333333333
Long Yeast Grow,pioreactor02,2025-09-19T01:57:53.871Z,499.4,2025-09-19 03:57:53.871,2.644722222222
Long Yeast Grow,pioreactor02,2025-09-19T01:58:16.871Z,511.0,2025-09-19 03:58:16.871,2.651111111111
Long Yeast Grow,pioreactor02,2025-09-19T01:58:39.871Z,503.0,2025-09-19 03:58:39.871,2.6575
Long Yeast Grow,pioreactor02,2025-09-19T01:59:02.871Z,503.3,2025-09-19 03:59:02.871,2.663888888889
Long Yeast Grow,pioreactor02,2025-09-19T01:59:25.871Z,496.0,2025-09-19 03:59:25.871,2.670277777778
Long Yeast Grow,pioreactor02,2025-09-19T01:59:48.871Z,500.0,2025-09-19 03:59:48.871,2.676666666667
Long Yeast Grow,pioreactor02,2025-09-19T02:00:11.871Z,502.6,2025-09-19 04:00:11.871,2.683055555556
Long Yeast Grow,pioreactor02,2025-09-19T02:00:34.871Z,500.0,2025-09-19 04:00:34.871,2.689444444444
Long Yeast Grow,pioreactor02,2025-09-19T02:00:57.871Z,500.0,2025-09-19 04:00:57.871,2.695833333333
Long Yeast Grow,pioreactor02,2025-09-19T02:01:20.871Z,509.9,2025-09-19 04:01:20.871,2.702222222222
Long Yeast Grow,pioreactor02,2025-09-19T02:01:43.871Z,508.9,2025-09-19 04:01:43.871,2.708611111111
Long Yeast Grow,pioreactor02,2025-09-19T02:02:06.871Z,514.1,2025-09-19 04:02:06.871,2.715
Long Yeast Grow,pioreactor02,2025-09-19T02:02:29.871Z,505.0,2025-09-19 04:02:29.871,2.721388888889
Long Yeast Grow,pioreactor02,2025-09-19T02:02:52.871Z,511.8,2025-09-19 04:02:52.871,2.727777777778
Long Yeast Grow,pioreactor02,2025-09-19T02:03:15.871Z,499.3,2025-09-19 04:03:15.871,2.734166666667
Long Yeast Grow,pioreactor02,2025-09-19T02:03:38.871Z,503.2,2025-09-19 04:03:38.871,2.740555555556
Long Yeast Grow,pioreactor02,2025-09-19T02:04:01.871Z,499.1,2025-09-19 04:04:01.871,2.746944444444
Long Yeast Grow,pioreactor02,2025-09-19T02:04:24.871Z,499.4,2025-09-19 04:04:24.871,2.753333333333
Long Yeast Grow,pioreactor02,2025-09-19T02:04:47.871Z,510.4,2025-09-19 04:04:47.871,2.759722222222
Long Yeast Grow,pioreactor02,2025-09-19T02:05:10.871Z,499.6,2025-09-19 04:05:10.871,2.766111111111
Long Yeast Grow,pioreactor02,2025-09-19T02:05:33.871Z,499.7,2025-09-19 04:05:33.871,2.7725
Long Yeast Grow,pioreactor02,2025-09-19T02:05:56.871Z,394.9,2025-09-19 04:05:56.871,2.778888888889
Long Yeast Grow,pioreactor02,2025-09-19T02:06:19.871Z,404.1,2025-09-19 04:06:19.871,2.785277777778
Long Yeast Grow,pioreactor02,2025-09-19T02:06:42.871Z,411.0,2025-09-19 04:06:42.871,2.791666666667
Long Yeast Grow,pioreactor02,2025-09-19T02:07:05.871Z,418.2,2025-09-19 04:07:05.871,2.798055555556
Long Yeast Grow,pioreactor02,2025-09-19T02:07:28.871Z,574.4,2025-09-19 04:07:28.871,2.804444444444
Long Yeast Grow,pioreactor02,2025-09-19T02:07:51.871Z,561.0,2025-09-19 04:07:51.871,2.810833333333
Long Yeast Grow,pioreactor02,2025-09-19T02:08:14.871Z,563.4,2025-09-19 04:08:14.871,2.817222222222
Long Yeast Grow,pioreactor02,2025-09-19T02:08:37.871Z,550.2,2025-09-19 04:08:37.871,2.823611111111
Long Yeast Grow,pioreactor02,2025-09-19T02:09:00.871Z,538.9,2025-09-19 04:09:00.871,2.83
Long Yeast Grow,pioreactor02,2025-09-19T02:09:23.871Z,533.2,2025-09-19 04:09:23.871,2.836388888889
Long Yeast Grow,pioreactor02,2025-09-19T02:09:46.871Z,528.7,2025-09-19 04:09:46.871,2.842777777778
Long Yeast Grow,pioreactor02,2025-09-19T02:10:09.871Z,520.0,2025-09-19 04:10:09.871,2.849166666667
Long Yeast Grow,pioreactor02,2025-09-19T02:10:32.871Z,512.0,2025-09-19 04:10:32.871,2.855555555556
Long Yeast Grow,pioreactor02,2025-09-19T02:10:55.871Z,511.3,2025-09-19 04:10:55.871,2.861944444444
Long Yeast Grow,pioreactor02,2025-09-19T02:11:18.871Z,510.8,2025-09-19 04:11:18.871,2.868333333333
Long Yeast Grow,pioreactor02,2025-09-19T02:11:41.871Z,510.7,2025-09-19 04:11:41.871,2.874722222222
Long Yeast Grow,pioreactor02,2025-09-19T02:12:04.871Z,515.1,2025-09-19 04:12:04.871,2.881111111111
Long Yeast Grow,pioreactor02,2025-09-19T02:12:27.871Z,494.3,2025-09-19 04:12:27.871,2.8875
Long Yeast Grow,pioreactor02,2025-09-19T02:12:50.871Z,494.6,2025-09-19 04:12:50.871,2.893888888889
Long Yeast Grow,pioreactor02,2025-09-19T02:13:13.871Z,498.6,2025-09-19 04:13:13.871,2.900277777778
Long Yeast Grow,pioreactor02,2025-09-19T02:13:36.871Z,499.4,2025-09-19 04:13:36.871,2.906666666667
Long Yeast Grow,pioreactor02,2025-09-19T02:13:59.871Z,487.4,2025-09-19 04:13:59.871,2.913055555556
Long Yeast Grow,pioreactor02,2025-09-19T02:14:22.871Z,503.1,2025-09-19 04:14:22.871,2.919444444444
Long Yeast Grow,pioreactor02,2025-09-19T02:14:45.871Z,506.5,2025-09-19 04:14:45.871,2.925833333333
Long Yeast Grow,pioreactor02,2025-09-19T02:15:08.871Z,488.3,2025-09-19 04:15:08.871,2.932222222222
Long Yeast Grow,pioreactor02,2025-09-19T02:15:31.871Z,492.6,2025-09-19 04:15:31.871,2.938611111111
Long Yeast Grow,pioreactor02,2025-09-19T02:15:54.871Z,473.2,2025-09-19 04:15:54.871,2.945
Long Yeast Grow,pioreactor02,2025-09-19T02:16:17.871Z,398.9,2025-09-19 04:16:17.871,2.951388888889
Long Yeast Grow,pioreactor02,2025-09-19T02:16:40.871Z,400.9,2025-09-19 04:16:40.871,2.957777777778
Long Yeast Grow,pioreactor02,2025-09-19T02:17:03.871Z,409.7,2025-09-19 04:17:03.871,2.964166666667
Long Yeast Grow,pioreactor02,2025-09-19T02:17:26.871Z,421.2,2025-09-19 04:17:26.871,2.970555555556
Long Yeast Grow,pioreactor02,2025-09-19T02:17:49.871Z,582.0,2025-09-19 04:17:49.871,2.976944444444
Long Yeast Grow,pioreactor02,2025-09-19T02:18:12.871Z,572.7,2025-09-19 04:18:12.871,2.983333333333
Long Yeast Grow,pioreactor02,2025-09-19T02:18:35.871Z,556.7,2025-09-19 04:18:35.871,2.989722222222
Long Yeast Grow,pioreactor02,2025-09-19T02:18:58.871Z,546.4,2025-09-19 04:18:58.871,2.996111111111
Long Yeast Grow,pioreactor02,2025-09-19T02:19:21.871Z,542.4,2025-09-19 04:19:21.871,3.0025
Long Yeast Grow,pioreactor02,2025-09-19T02:19:44.871Z,531.4,2025-09-19 04:19:44.871,3.008888888889
Long Yeast Grow,pioreactor02,2025-09-19T02:20:07.871Z,518.2,2025-09-19 04:20:07.871,3.015277777778
Long Yeast Grow,pioreactor02,2025-09-19T02:20:30.871Z,506.2,2025-09-19 04:20:30.871,3.021666666667
Long Yeast Grow,pioreactor02,2025-09-19T02:20:53.871Z,511.5,2025-09-19 04:20:53.871,3.028055555556
Long Yeast Grow,pioreactor02,2025-09-19T02:21:16.871Z,499.2,2025-09-19 04:21:16.871,3.034444444444
Long Yeast Grow,pioreactor02,2025-09-19T02:21:39.871Z,507.8,2025-09-19 04:21:39.871,3.040833333333
Long Yeast Grow,pioreactor02,2025-09-19T02:22:02.871Z,499.3,2025-09-19 04:22:02.871,3.047222222222
Long Yeast Grow,pioreactor02,2025-09-19T02:22:25.871Z,499.5,2025-09-19 04:22:25.871,3.053611111111
Long Yeast Grow,pioreactor02,2025-09-19T02:22:48.871Z,503.4,2025-09-19 04:22:48.871,3.06
Long Yeast Grow,pioreactor02,2025-09-19T02:23:11.871Z,490.5,2025-09-19 04:23:11.871,3.066388888889
Long Yeast Grow,pioreactor02,2025-09-19T02:23:34.871Z,500.9,2025-09-19 04:23:34.871,3.072777777778
Long Yeast Grow,pioreactor02,2025-09-19T02:23:57.871Z,505.7,2025-09-19 04:23:57.871,3.079166666667
Long Yeast Grow,pioreactor02,2025-09-19T02:24:20.871Z,500.4,2025-09-19 04:24:20.871,3.085555555556
Long Yeast Grow,pioreactor02,2025-09-19T02:24:43.871Z,498.6,2025-09-19 04:24:43.871,3.091944444444
Long Yeast Grow,pioreactor02,2025-09-19T02:25:06.871Z,504.4,2025-09-19 04:25:06.871,3.098333333333
Long Yeast Grow,pioreactor02,2025-09-19T02:25:29.871Z,507.3,2025-09-19 04:25:29.871,3.104722222222
Long Yeast Grow,pioreactor02,2025-09-19T02:25:52.871Z,500.1,2025-09-19 04:25:52.871,3.111111111111
Long Yeast Grow,pioreactor02,2025-09-19T02:26:15.871Z,506.1,2025-09-19 04:26:15.871,3.1175
Long Yeast Grow,pioreactor02,2025-09-19T02:26:38.871Z,500.0,2025-09-19 04:26:38.871,3.123888888889
Long Yeast Grow,pioreactor02,2025-09-19T02:27:01.871Z,499.5,2025-09-19 04:27:01.871,3.130277777778
Long Yeast Grow,pioreactor02,2025-09-19T02:27:24.871Z,489.7,2025-09-19 04:27:24.871,3.136666666667
Long Yeast Grow,pioreactor02,2025-09-19T02:27:47.871Z,499.0,2025-09-19 04:27:47.871,3.143055555556
Long Yeast Grow,pioreactor02,2025-09-19T02:28:10.871Z,492.3,2025-09-19 04:28:10.871,3.149444444444
Long Yeast Grow,pioreactor02,2025-09-19T02:28:33.871Z,492.4,2025-09-19 04:28:33.871,3.155833333333
Long Yeast Grow,pioreactor02,2025-09-19T02:28:56.871Z,506.8,2025-09-19 04:28:56.871,3.162222222222
Long Yeast Grow,pioreactor02,2025-09-19T02:29:19.871Z,502.6,2025-09-19 04:29:19.871,3.168611111111
Long Yeast Grow,pioreactor02,2025-09-19T02:29:42.871Z,499.5,2025-09-19 04:29:42.871,3.175
Long Yeast Grow,pioreactor02,2025-09-19T02:30:05.871Z,500.5,2025-09-19 04:30:05.871,3.181388888889
Long Yeast Grow,pioreactor02,2025-09-19T02:30:28.871Z,500.3,2025-09-19 04:30:28.871,3.187777777778
Long Yeast Grow,pioreactor02,2025-09-19T02:30:51.871Z,500.7,2025-09-19 04:30:51.871,3.194166666667
Long Yeast Grow,pioreactor02,2025-09-19T02:31:14.871Z,506.7,2025-09-19 04:31:14.871,3.200555555556
Long Yeast Grow,pioreactor02,2025-09-19T02:31:37.871Z,500.3,2025-09-19 04:31:37.871,3.206944444444
Long Yeast Grow,pioreactor02,2025-09-19T02:32:00.871Z,504.9,2025-09-19 04:32:00.871,3.213333333333
Long Yeast Grow,pioreactor02,2025-09-19T02:32:23.871Z,499.6,2025-09-19 04:32:23.871,3.219722222222
Long Yeast Grow,pioreactor02,2025-09-19T02:32:46.871Z,498.3,2025-09-19 04:32:46.871,3.226111111111
Long Yeast Grow,pioreactor02,2025-09-19T02:33:09.871Z,499.6,2025-09-19 04:33:09.871,3.2325
Long Yeast Grow,pioreactor02,2025-09-19T02:33:32.871Z,500.5,2025-09-19 04:33:32.871,3.238888888889
Long Yeast Grow,pioreactor02,2025-09-19T02:33:55.871Z,496.4,2025-09-19 04:33:55.871,3.245277777778
Long Yeast Grow,pioreactor02,2025-09-19T02:34:18.871Z,492.7,2025-09-19 04:34:18.871,3.251666666667
Long Yeast Grow,pioreactor02,2025-09-19T02:34:41.871Z,499.6,2025-09-19 04:34:41.871,3.258055555556
Long Yeast Grow,pioreactor02,2025-09-19T02:35:04.871Z,513.3,2025-09-19 04:35:04.871,3.264444444444
Long Yeast Grow,pioreactor02,2025-09-19T02:35:27.871Z,493.8,2025-09-19 04:35:27.871,3.270833333333
Long Yeast Grow,pioreactor02,2025-09-19T02:35:50.871Z,500.5,2025-09-19 04:35:50.871,3.277222222222
Long Yeast Grow,pioreactor02,2025-09-19T02:36:13.871Z,508.1,2025-09-19 04:36:13.871,3.283611111111
Long Yeast Grow,pioreactor02,2025-09-19T02:36:36.871Z,499.5,2025-09-19 04:36:36.871,3.29
Long Yeast Grow,pioreactor02,2025-09-19T02:36:59.871Z,488.6,2025-09-19 04:36:59.871,3.296388888889
Long Yeast Grow,pioreactor02,2025-09-19T02:37:22.871Z,499.9,2025-09-19 04:37:22.871,3.302777777778
Long Yeast Grow,pioreactor02,2025-09-19T02:37:45.871Z,495.9,2025-09-19 04:37:45.871,3.309166666667
Long Yeast Grow,pioreactor02,2025-09-19T02:38:08.871Z,504.6,2025-09-19 04:38:08.871,3.315555555556
Long Yeast Grow,pioreactor02,2025-09-19T02:38:31.871Z,500.8,2025-09-19 04:38:31.871,3.321944444444
Long Yeast Grow,pioreactor02,2025-09-19T02:38:54.871Z,494.3,2025-09-19 04:38:54.871,3.328333333333
Long Yeast Grow,pioreactor02,2025-09-19T02:39:17.871Z,491.2,2025-09-19 04:39:17.871,3.334722222222
Long Yeast Grow,pioreactor02,2025-09-19T02:39:40.871Z,503.5,2025-09-19 04:39:40.871,3.341111111111
Long Yeast Grow,pioreactor02,2025-09-19T02:40:03.871Z,499.7,2025-09-19 04:40:03.871,3.3475
Long Yeast Grow,pioreactor02,2025-09-19T02:40:26.871Z,499.7,2025-09-19 04:40:26.871,3.353888888889
Long Yeast Grow,pioreactor02,2025-09-19T02:40:49.871Z,503.4,2025-09-19 04:40:49.871,3.360277777778
Long Yeast Grow,pioreactor02,2025-09-19T02:41:12.871Z,500.0,2025-09-19 04:41:12.871,3.366666666667
Long Yeast Grow,pioreactor02,2025-09-19T02:41:35.871Z,499.9,2025-09-19 04:41:35.871,3.373055555556
Long Yeast Grow,pioreactor02,2025-09-19T02:41:58.871Z,502.7,2025-09-19 04:41:58.871,3.379444444444
Long Yeast Grow,pioreactor02,2025-09-19T02:42:21.871Z,504.3,2025-09-19 04:42:21.871,3.385833333333
Long Yeast Grow,pioreactor02,2025-09-19T02:42:44.871Z,499.3,2025-09-19 04:42:44.871,3.392222222222
Long Yeast Grow,pioreactor02,2025-09-19T02:43:07.871Z,501.6,2025-09-19 04:43:07.871,3.398611111111
Long Yeast Grow,pioreactor02,2025-09-19T02:43:30.871Z,496.4,2025-09-19 04:43:30.871,3.405
Long Yeast Grow,pioreactor02,2025-09-19T02:43:53.871Z,489.5,2025-09-19 04:43:53.871,3.411388888889
Long Yeast Grow,pioreactor02,2025-09-19T02:44:16.871Z,499.9,2025-09-19 04:44:16.871,3.417777777778
Long Yeast Grow,pioreactor02,2025-09-19T02:44:39.871Z,493.7,2025-09-19 04:44:39.871,3.424166666667
Long Yeast Grow,pioreactor02,2025-09-19T02:45:02.871Z,506.3,2025-09-19 04:45:02.871,3.430555555556
Long Yeast Grow,pioreactor02,2025-09-19T02:45:25.871Z,505.7,2025-09-19 04:45:25.871,3.436944444444
Long Yeast Grow,pioreactor02,2025-09-19T02:45:48.871Z,503.6,2025-09-19 04:45:48.871,3.443333333333
Long Yeast Grow,pioreactor02,2025-09-19T02:46:11.871Z,499.7,2025-09-19 04:46:11.871,3.449722222222
Long Yeast Grow,pioreactor02,2025-09-19T02:46:34.871Z,500.8,2025-09-19 04:46:34.871,3.456111111111
Long Yeast Grow,pioreactor02,2025-09-19T02:46:57.871Z,499.1,2025-09-19 04:46:57.871,3.4625
Long Yeast Grow,pioreactor02,2025-09-19T02:47:20.871Z,499.7,2025-09-19 04:47:20.871,3.468888888889
Long Yeast Grow,pioreactor02,2025-09-19T02:47:43.871Z,499.8,2025-09-19 04:47:43.871,3.475277777778
Long Yeast Grow,pioreactor02,2025-09-19T02:48:06.871Z,500.5,2025-09-19 04:48:06.871,3.481666666667
Long Yeast Grow,pioreactor02,2025-09-19T02:48:29.871Z,499.4,2025-09-19 04:48:29.871,3.488055555556
Long Yeast Grow,pioreactor02,2025-09-19T02:48:52.871Z,499.3,2025-09-19 04:48:52.871,3.494444444444
Long Yeast Grow,pioreactor02,2025-09-19T02:49:15.871Z,505.9,2025-09-19 04:49:15.871,3.500833333333
Long Yeast Grow,pioreactor02,2025-09-19T02:49:38.871Z,500.2,2025-09-19 04:49:38.871,3.507222222222
Long Yeast Grow,pioreactor02,2025-09-19T02:50:01.871Z,491.2,2025-09-19 04:50:01.871,3.513611111111
Long Yeast Grow,pioreactor02,2025-09-19T02:50:24.871Z,499.7,2025-09-19 04:50:24.871,3.52
Long Yeast Grow,pioreactor02,2025-09-19T02:50:47.871Z,496.0,2025-09-19 04:50:47.871,3.526388888889
Long Yeast Grow,pioreactor02,2025-09-19T02:51:10.871Z,500.3,2025-09-19 04:51:10.871,3.532777777778
Long Yeast Grow,pioreactor02,2025-09-19T02:51:33.871Z,497.0,2025-09-19 04:51:33.871,3.539166666667
Long Yeast Grow,pioreactor02,2025-09-19T02:51:56.871Z,506.0,2025-09-19 04:51:56.871,3.545555555556
Long Yeast Grow,pioreactor02,2025-09-19T02:52:19.871Z,504.0,2025-09-19 04:52:19.871,3.551944444444
Long Yeast Grow,pioreactor02,2025-09-19T02:52:42.871Z,500.5,2025-09-19 04:52:42.871,3.558333333333
Long Yeast Grow,pioreactor02,2025-09-19T02:53:05.871Z,500.3,2025-09-19 04:53:05.871,3.564722222222
Long Yeast Grow,pioreactor02,2025-09-19T02:53:28.871Z,494.1,2025-09-19 04:53:28.871,3.571111111111
Long Yeast Grow,pioreactor02,2025-09-19T02:53:51.871Z,491.1,2025-09-19 04:53:51.871,3.5775
Long Yeast Grow,pioreactor02,2025-09-19T02:54:14.871Z,499.5,2025-09-19 04:54:14.871,3.583888888889
Long Yeast Grow,pioreactor02,2025-09-19T02:54:37.871Z,506.8,2025-09-19 04:54:37.871,3.590277777778
Long Yeast Grow,pioreactor02,2025-09-19T02:55:00.871Z,503.9,2025-09-19 04:55:00.871,3.596666666667
Long Yeast Grow,pioreactor02,2025-09-19T02:55:23.871Z,501.3,2025-09-19 04:55:23.871,3.603055555556
Long Yeast Grow,pioreactor02,2025-09-19T02:55:46.871Z,503.1,2025-09-19 04:55:46.871,3.609444444444
Long Yeast Grow,pioreactor02,2025-09-19T02:56:09.871Z,497.9,2025-09-19 04:56:09.871,3.615833333333
Long Yeast Grow,pioreactor02,2025-09-19T02:56:32.871Z,505.9,2025-09-19 04:56:32.871,3.622222222222
Long Yeast Grow,pioreactor02,2025-09-19T02:56:55.871Z,496.8,2025-09-19 04:56:55.871,3.628611111111
Long Yeast Grow,pioreactor02,2025-09-19T02:57:18.871Z,496.1,2025-09-19 04:57:18.871,3.635
Long Yeast Grow,pioreactor02,2025-09-19T02:57:41.871Z,503.7,2025-09-19 04:57:41.871,3.641388888889
Long Yeast Grow,pioreactor02,2025-09-19T02:58:04.871Z,506.9,2025-09-19 04:58:04.871,3.647777777778
Long Yeast Grow,pioreactor02,2025-09-19T02:58:27.871Z,499.1,2025-09-19 04:58:27.871,3.654166666667
Long Yeast Grow,pioreactor02,2025-09-19T02:58:50.871Z,504.5,2025-09-19 04:58:50.871,3.660555555556
Long Yeast Grow,pioreactor02,2025-09-19T02:59:13.871Z,460.6,2025-09-19 04:59:13.871,3.666944444444
Long Yeast Grow,pioreactor02,2025-09-19T02:59:36.871Z,402.5,2025-09-19 04:59:36.871,3.673333333333
Long Yeast Grow,pioreactor02,2025-09-19T02:59:59.871Z,406.7,2025-09-19 04:59:59.871,3.679722222222
Long Yeast Grow,pioreactor02,2025-09-19T03:00:22.871Z,413.5,2025-09-19 05:00:22.871,3.686111111111
Long Yeast Grow,pioreactor02,2025-09-19T03:00:45.871Z,563.9,2025-09-19 05:00:45.871,3.6925
Long Yeast Grow,pioreactor02,2025-09-19T03:01:08.871Z,546.5,2025-09-19 05:01:08.871,3.698888888889
Long Yeast Grow,pioreactor02,2025-09-19T03:01:31.871Z,545.3,2025-09-19 05:01:31.871,3.705277777778
Long Yeast Grow,pioreactor02,2025-09-19T03:01:54.871Z,526.7,2025-09-19 05:01:54.871,3.711666666667
Long Yeast Grow,pioreactor02,2025-09-19T03:02:17.871Z,519.7,2025-09-19 05:02:17.871,3.718055555556
Long Yeast Grow,pioreactor02,2025-09-19T03:02:40.871Z,521.5,2025-09-19 05:02:40.871,3.724444444444
Long Yeast Grow,pioreactor02,2025-09-19T03:03:03.871Z,516.4,2025-09-19 05:03:03.871,3.730833333333
Long Yeast Grow,pioreactor02,2025-09-19T03:03:26.871Z,518.3,2025-09-19 05:03:26.871,3.737222222222
Long Yeast Grow,pioreactor02,2025-09-19T03:03:49.871Z,513.6,2025-09-19 05:03:49.871,3.743611111111
Long Yeast Grow,pioreactor02,2025-09-19T03:04:12.871Z,513.3,2025-09-19 05:04:12.871,3.75
Long Yeast Grow,pioreactor02,2025-09-19T03:04:35.871Z,505.3,2025-09-19 05:04:35.871,3.756388888889
Long Yeast Grow,pioreactor02,2025-09-19T03:04:58.871Z,501.4,2025-09-19 05:04:58.871,3.762777777778
Long Yeast Grow,pioreactor02,2025-09-19T03:05:21.871Z,506.8,2025-09-19 05:05:21.871,3.769166666667
Long Yeast Grow,pioreactor02,2025-09-19T03:05:44.871Z,510.2,2025-09-19 05:05:44.871,3.775555555556
Long Yeast Grow,pioreactor02,2025-09-19T03:06:07.871Z,499.1,2025-09-19 05:06:07.871,3.781944444444
Long Yeast Grow,pioreactor02,2025-09-19T03:06:30.871Z,497.5,2025-09-19 05:06:30.871,3.788333333333
Long Yeast Grow,pioreactor02,2025-09-19T03:06:53.871Z,503.1,2025-09-19 05:06:53.871,3.794722222222
Long Yeast Grow,pioreactor02,2025-09-19T03:07:16.871Z,496.7,2025-09-19 05:07:16.871,3.801111111111
Long Yeast Grow,pioreactor02,2025-09-19T03:07:39.871Z,507.5,2025-09-19 05:07:39.871,3.8075
Long Yeast Grow,pioreactor02,2025-09-19T03:08:02.871Z,500.4,2025-09-19 05:08:02.871,3.813888888889
Long Yeast Grow,pioreactor02,2025-09-19T03:08:25.871Z,503.8,2025-09-19 05:08:25.871,3.820277777778
Long Yeast Grow,pioreactor02,2025-09-19T03:08:48.871Z,502.3,2025-09-19 05:08:48.871,3.826666666667
Long Yeast Grow,pioreactor02,2025-09-19T03:09:11.871Z,499.7,2025-09-19 05:09:11.871,3.833055555556
Long Yeast Grow,pioreactor02,2025-09-19T03:09:34.871Z,508.3,2025-09-19 05:09:34.871,3.839444444444
Long Yeast Grow,pioreactor02,2025-09-19T03:09:57.871Z,500.8,2025-09-19 05:09:57.871,3.845833333333
Long Yeast Grow,pioreactor02,2025-09-19T03:10:20.871Z,494.5,2025-09-19 05:10:20.871,3.852222222222
Long Yeast Grow,pioreactor02,2025-09-19T03:10:43.871Z,499.4,2025-09-19 05:10:43.871,3.858611111111
Long Yeast Grow,pioreactor02,2025-09-19T03:11:06.871Z,497.2,2025-09-19 05:11:06.871,3.865
Long Yeast Grow,pioreactor02,2025-09-19T03:11:29.871Z,504.8,2025-09-19 05:11:29.871,3.871388888889
Long Yeast Grow,pioreactor02,2025-09-19T03:11:52.871Z,490.4,2025-09-19 05:11:52.871,3.877777777778
Long Yeast Grow,pioreactor02,2025-09-19T03:12:15.871Z,501.3,2025-09-19 05:12:15.871,3.884166666667
Long Yeast Grow,pioreactor02,2025-09-19T03:12:38.871Z,499.6,2025-09-19 05:12:38.871,3.890555555556
Long Yeast Grow,pioreactor02,2025-09-19T03:13:01.871Z,498.7,2025-09-19 05:13:01.871,3.896944444444
Long Yeast Grow,pioreactor02,2025-09-19T03:13:24.871Z,501.0,2025-09-19 05:13:24.871,3.903333333333
Long Yeast Grow,pioreactor02,2025-09-19T03:13:47.871Z,504.1,2025-09-19 05:13:47.871,3.909722222222
Long Yeast Grow,pioreactor02,2025-09-19T03:14:10.871Z,504.1,2025-09-19 05:14:10.871,3.916111111111
Long Yeast Grow,pioreactor02,2025-09-19T03:14:33.871Z,499.7,2025-09-19 05:14:33.871,3.9225
Long Yeast Grow,pioreactor02,2025-09-19T03:14:56.871Z,503.3,2025-09-19 05:14:56.871,3.928888888889
Long Yeast Grow,pioreactor02,2025-09-19T03:15:19.871Z,500.9,2025-09-19 05:15:19.871,3.935277777778
Long Yeast Grow,pioreactor02,2025-09-19T03:15:42.871Z,499.3,2025-09-19 05:15:42.871,3.941666666667
Long Yeast Grow,pioreactor02,2025-09-19T03:16:05.871Z,500.8,2025-09-19 05:16:05.871,3.948055555556
Long Yeast Grow,pioreactor02,2025-09-19T03:16:28.871Z,500.6,2025-09-19 05:16:28.871,3.954444444444
Long Yeast Grow,pioreactor02,2025-09-19T03:16:51.871Z,485.4,2025-09-19 05:16:51.871,3.960833333333
Long Yeast Grow,pioreactor02,2025-09-19T03:17:14.871Z,497.6,2025-09-19 05:17:14.871,3.967222222222
Long Yeast Grow,pioreactor02,2025-09-19T03:17:37.871Z,499.3,2025-09-19 05:17:37.871,3.973611111111
Long Yeast Grow,pioreactor02,2025-09-19T03:18:00.871Z,501.6,2025-09-19 05:18:00.871,3.98
Long Yeast Grow,pioreactor02,2025-09-19T03:18:23.871Z,502.7,2025-09-19 05:18:23.871,3.986388888889
Long Yeast Grow,pioreactor02,2025-09-19T03:18:46.871Z,503.1,2025-09-19 05:18:46.871,3.992777777778
Long Yeast Grow,pioreactor02,2025-09-19T03:19:09.871Z,500.0,2025-09-19 05:19:09.871,3.999166666667
Long Yeast Grow,pioreactor02,2025-09-19T03:19:32.871Z,497.7,2025-09-19 05:19:32.871,4.005555555556
Long Yeast Grow,pioreactor02,2025-09-19T03:19:55.871Z,496.0,2025-09-19 05:19:55.871,4.011944444444
Long Yeast Grow,pioreactor02,2025-09-19T03:20:18.871Z,498.6,2025-09-19 05:20:18.871,4.018333333333
Long Yeast Grow,pioreactor02,2025-09-19T03:20:41.871Z,498.8,2025-09-19 05:20:41.871,4.024722222222
Long Yeast Grow,pioreactor02,2025-09-19T03:21:04.871Z,505.3,2025-09-19 05:21:04.871,4.031111111111
Long Yeast Grow,pioreactor02,2025-09-19T03:21:27.871Z,499.5,2025-09-19 05:21:27.871,4.0375
Long Yeast Grow,pioreactor02,2025-09-19T03:21:50.871Z,501.4,2025-09-19 05:21:50.871,4.043888888889
Long Yeast Grow,pioreactor02,2025-09-19T03:22:13.871Z,499.5,2025-09-19 05:22:13.871,4.050277777778
Long Yeast Grow,pioreactor02,2025-09-19T03:22:36.871Z,500.0,2025-09-19 05:22:36.871,4.056666666667
Long Yeast Grow,pioreactor02,2025-09-19T03:22:59.871Z,497.8,2025-09-19 05:22:59.871,4.063055555556
Long Yeast Grow,pioreactor02,2025-09-19T03:23:22.871Z,494.7,2025-09-19 05:23:22.871,4.069444444444
Long Yeast Grow,pioreactor02,2025-09-19T03:23:45.871Z,510.2,2025-09-19 05:23:45.871,4.075833333333
Long Yeast Grow,pioreactor02,2025-09-19T03:24:08.871Z,501.1,2025-09-19 05:24:08.871,4.082222222222
Long Yeast Grow,pioreactor02,2025-09-19T03:24:31.871Z,500.3,2025-09-19 05:24:31.871,4.088611111111
Long Yeast Grow,pioreactor02,2025-09-19T03:24:54.871Z,499.4,2025-09-19 05:24:54.871,4.095
Long Yeast Grow,pioreactor02,2025-09-19T03:25:17.871Z,500.2,2025-09-19 05:25:17.871,4.101388888889
Long Yeast Grow,pioreactor02,2025-09-19T03:25:40.871Z,507.7,2025-09-19 05:25:40.871,4.107777777778
Long Yeast Grow,pioreactor02,2025-09-19T03:26:03.871Z,506.1,2025-09-19 05:26:03.871,4.114166666667
Long Yeast Grow,pioreactor02,2025-09-19T03:26:26.871Z,499.9,2025-09-19 05:26:26.871,4.120555555556
Long Yeast Grow,pioreactor02,2025-09-19T03:26:49.871Z,500.9,2025-09-19 05:26:49.871,4.126944444444
Long Yeast Grow,pioreactor02,2025-09-19T03:27:12.871Z,494.4,2025-09-19 05:27:12.871,4.133333333333
Long Yeast Grow,pioreactor02,2025-09-19T03:27:35.871Z,496.0,2025-09-19 05:27:35.871,4.139722222222
Long Yeast Grow,pioreactor02,2025-09-19T03:27:58.871Z,504.4,2025-09-19 05:27:58.871,4.146111111111
Long Yeast Grow,pioreactor02,2025-09-19T03:28:21.871Z,500.2,2025-09-19 05:28:21.871,4.1525
Long Yeast Grow,pioreactor02,2025-09-19T03:28:44.871Z,483.6,2025-09-19 05:28:44.871,4.158888888889
Long Yeast Grow,pioreactor02,2025-09-19T03:29:07.871Z,503.5,2025-09-19 05:29:07.871,4.165277777778
Long Yeast Grow,pioreactor02,2025-09-19T03:29:30.871Z,492.1,2025-09-19 05:29:30.871,4.171666666667
Long Yeast Grow,pioreactor02,2025-09-19T03:29:53.871Z,500.0,2025-09-19 05:29:53.871,4.178055555556
Long Yeast Grow,pioreactor02,2025-09-19T03:30:16.871Z,499.4,2025-09-19 05:30:16.871,4.184444444444
Long Yeast Grow,pioreactor02,2025-09-19T03:30:39.871Z,502.5,2025-09-19 05:30:39.871,4.190833333333
Long Yeast Grow,pioreactor02,2025-09-19T03:31:02.871Z,506.7,2025-09-19 05:31:02.871,4.197222222222
Long Yeast Grow,pioreactor02,2025-09-19T03:31:25.871Z,499.8,2025-09-19 05:31:25.871,4.203611111111
Long Yeast Grow,pioreactor02,2025-09-19T03:31:48.871Z,499.6,2025-09-19 05:31:48.871,4.21
Long Yeast Grow,pioreactor02,2025-09-19T03:32:11.871Z,504.7,2025-09-19 05:32:11.871,4.216388888889
Long Yeast Grow,pioreactor02,2025-09-19T03:32:34.871Z,500.2,2025-09-19 05:32:34.871,4.222777777778
Long Yeast Grow,pioreactor02,2025-09-19T03:32:57.871Z,505.3,2025-09-19 05:32:57.871,4.229166666667
Long Yeast Grow,pioreactor02,2025-09-19T03:33:20.871Z,503.4,2025-09-19 05:33:20.871,4.235555555556
Long Yeast Grow,pioreactor02,2025-09-19T03:33:43.871Z,497.8,2025-09-19 05:33:43.871,4.241944444444
Long Yeast Grow,pioreactor02,2025-09-19T03:34:06.871Z,503.9,2025-09-19 05:34:06.871,4.248333333333
Long Yeast Grow,pioreactor02,2025-09-19T03:34:29.871Z,499.4,2025-09-19 05:34:29.871,4.254722222222
Long Yeast Grow,pioreactor02,2025-09-19T03:34:52.871Z,506.1,2025-09-19 05:34:52.871,4.261111111111
Long Yeast Grow,pioreactor02,2025-09-19T03:35:15.871Z,499.6,2025-09-19 05:35:15.871,4.2675
Long Yeast Grow,pioreactor02,2025-09-19T03:35:38.871Z,488.6,2025-09-19 05:35:38.871,4.273888888889
Long Yeast Grow,pioreactor02,2025-09-19T03:36:01.871Z,494.6,2025-09-19 05:36:01.871,4.280277777778
Long Yeast Grow,pioreactor02,2025-09-19T03:36:24.871Z,500.1,2025-09-19 05:36:24.871,4.286666666667
Long Yeast Grow,pioreactor02,2025-09-19T03:36:47.871Z,501.2,2025-09-19 05:36:47.871,4.293055555556
Long Yeast Grow,pioreactor02,2025-09-19T03:37:10.871Z,492.3,2025-09-19 05:37:10.871,4.299444444444
Long Yeast Grow,pioreactor02,2025-09-19T03:37:33.871Z,494.6,2025-09-19 05:37:33.871,4.305833333333
Long Yeast Grow,pioreactor02,2025-09-19T03:37:56.871Z,502.3,2025-09-19 05:37:56.871,4.312222222222
Long Yeast Grow,pioreactor02,2025-09-19T03:38:19.871Z,506.2,2025-09-19 05:38:19.871,4.318611111111
Long Yeast Grow,pioreactor02,2025-09-19T03:38:42.871Z,506.3,2025-09-19 05:38:42.871,4.325
Long Yeast Grow,pioreactor02,2025-09-19T03:39:05.871Z,494.4,2025-09-19 05:39:05.871,4.331388888889
Long Yeast Grow,pioreactor02,2025-09-19T03:39:28.871Z,493.2,2025-09-19 05:39:28.871,4.337777777778
Long Yeast Grow,pioreactor02,2025-09-19T03:39:51.871Z,498.1,2025-09-19 05:39:51.871,4.344166666667
Long Yeast Grow,pioreactor02,2025-09-19T03:40:14.871Z,500.6,2025-09-19 05:40:14.871,4.350555555556
Long Yeast Grow,pioreactor02,2025-09-19T03:40:37.871Z,496.3,2025-09-19 05:40:37.871,4.356944444444
Long Yeast Grow,pioreactor02,2025-09-19T03:41:00.871Z,508.6,2025-09-19 05:41:00.871,4.363333333333
Long Yeast Grow,pioreactor02,2025-09-19T03:41:23.871Z,498.4,2025-09-19 05:41:23.871,4.369722222222
Long Yeast Grow,pioreactor02,2025-09-19T03:41:46.871Z,506.0,2025-09-19 05:41:46.871,4.376111111111
Long Yeast Grow,pioreactor02,2025-09-19T03:42:09.871Z,491.9,2025-09-19 05:42:09.871,4.3825
Long Yeast Grow,pioreactor02,2025-09-19T03:42:32.871Z,499.7,2025-09-19 05:42:32.871,4.388888888889
Long Yeast Grow,pioreactor02,2025-09-19T03:42:55.871Z,499.6,2025-09-19 05:42:55.871,4.395277777778
Long Yeast Grow,pioreactor02,2025-09-19T03:43:18.871Z,506.1,2025-09-19 05:43:18.871,4.401666666667
Long Yeast Grow,pioreactor02,2025-09-19T03:43:41.871Z,505.4,2025-09-19 05:43:41.871,4.408055555556
Long Yeast Grow,pioreactor02,2025-09-19T03:44:04.871Z,505.0,2025-09-19 05:44:04.871,4.414444444444
Long Yeast Grow,pioreactor02,2025-09-19T03:44:27.871Z,488.3,2025-09-19 05:44:27.871,4.420833333333
Long Yeast Grow,pioreactor02,2025-09-19T03:44:50.871Z,494.6,2025-09-19 05:44:50.871,4.427222222222
Long Yeast Grow,pioreactor02,2025-09-19T03:45:13.871Z,501.7,2025-09-19 05:45:13.871,4.433611111111
Long Yeast Grow,pioreactor02,2025-09-19T03:45:36.871Z,494.7,2025-09-19 05:45:36.871,4.44
Long Yeast Grow,pioreactor02,2025-09-19T03:45:59.871Z,501.7,2025-09-19 05:45:59.871,4.446388888889
Long Yeast Grow,pioreactor02,2025-09-19T03:46:22.871Z,500.1,2025-09-19 05:46:22.871,4.452777777778
Long Yeast Grow,pioreactor02,2025-09-19T03:46:45.871Z,501.5,2025-09-19 05:46:45.871,4.459166666667
Long Yeast Grow,pioreactor02,2025-09-19T03:47:08.871Z,502.8,2025-09-19 05:47:08.871,4.465555555556
Long Yeast Grow,pioreactor02,2025-09-19T03:47:31.871Z,498.6,2025-09-19 05:47:31.871,4.471944444444
Long Yeast Grow,pioreactor02,2025-09-19T03:47:54.871Z,505.5,2025-09-19 05:47:54.871,4.478333333333
Long Yeast Grow,pioreactor02,2025-09-19T03:48:17.871Z,500.9,2025-09-19 05:48:17.871,4.484722222222
Long Yeast Grow,pioreactor02,2025-09-19T03:48:40.871Z,496.2,2025-09-19 05:48:40.871,4.491111111111
Long Yeast Grow,pioreactor02,2025-09-19T03:49:03.871Z,502.4,2025-09-19 05:49:03.871,4.4975
Long Yeast Grow,pioreactor02,2025-09-19T03:49:26.871Z,501.1,2025-09-19 05:49:26.871,4.503888888889
Long Yeast Grow,pioreactor02,2025-09-19T03:49:49.871Z,507.3,2025-09-19 05:49:49.871,4.510277777778
Long Yeast Grow,pioreactor02,2025-09-19T03:50:12.871Z,500.1,2025-09-19 05:50:12.871,4.516666666667
Long Yeast Grow,pioreactor02,2025-09-19T03:50:35.871Z,504.5,2025-09-19 05:50:35.871,4.523055555556
Long Yeast Grow,pioreactor02,2025-09-19T03:50:58.871Z,500.0,2025-09-19 05:50:58.871,4.529444444444
Long Yeast Grow,pioreactor02,2025-09-19T03:51:21.871Z,499.1,2025-09-19 05:51:21.871,4.535833333333
Long Yeast Grow,pioreactor02,2025-09-19T03:51:44.871Z,502.8,2025-09-19 05:51:44.871,4.542222222222
Long Yeast Grow,pioreactor02,2025-09-19T03:52:07.871Z,494.8,2025-09-19 05:52:07.871,4.548611111111
Long Yeast Grow,pioreactor02,2025-09-19T03:52:30.871Z,400.6,2025-09-19 05:52:30.871,4.555
Long Yeast Grow,pioreactor02,2025-09-19T03:52:53.871Z,411.4,2025-09-19 05:52:53.871,4.561388888889
Long Yeast Grow,pioreactor02,2025-09-19T03:53:16.871Z,427.1,2025-09-19 05:53:16.871,4.567777777778
Long Yeast Grow,pioreactor02,2025-09-19T03:53:39.871Z,541.8,2025-09-19 05:53:39.871,4.574166666667
Long Yeast Grow,pioreactor02,2025-09-19T03:54:02.871Z,546.2,2025-09-19 05:54:02.871,4.580555555556
Long Yeast Grow,pioreactor02,2025-09-19T03:54:25.871Z,535.9,2025-09-19 05:54:25.871,4.586944444444
Long Yeast Grow,pioreactor02,2025-09-19T03:54:48.871Z,530.1,2025-09-19 05:54:48.871,4.593333333333
Long Yeast Grow,pioreactor02,2025-09-19T03:55:11.871Z,522.5,2025-09-19 05:55:11.871,4.599722222222
Long Yeast Grow,pioreactor02,2025-09-19T03:55:34.871Z,520.3,2025-09-19 05:55:34.871,4.606111111111
Long Yeast Grow,pioreactor02,2025-09-19T03:55:57.871Z,515.2,2025-09-19 05:55:57.871,4.6125
Long Yeast Grow,pioreactor02,2025-09-19T03:56:20.871Z,508.3,2025-09-19 05:56:20.871,4.618888888889
Long Yeast Grow,pioreactor02,2025-09-19T03:56:43.871Z,500.7,2025-09-19 05:56:43.871,4.625277777778
Long Yeast Grow,pioreactor02,2025-09-19T03:57:06.871Z,510.1,2025-09-19 05:57:06.871,4.631666666667
Long Yeast Grow,pioreactor02,2025-09-19T03:57:29.871Z,507.5,2025-09-19 05:57:29.871,4.638055555556
Long Yeast Grow,pioreactor02,2025-09-19T03:57:52.871Z,504.0,2025-09-19 05:57:52.871,4.644444444444
Long Yeast Grow,pioreactor02,2025-09-19T03:58:15.871Z,510.1,2025-09-19 05:58:15.871,4.650833333333
Long Yeast Grow,pioreactor02,2025-09-19T03:58:38.871Z,505.5,2025-09-19 05:58:38.871,4.657222222222
Long Yeast Grow,pioreactor02,2025-09-19T03:59:01.871Z,503.7,2025-09-19 05:59:01.871,4.663611111111
Long Yeast Grow,pioreactor02,2025-09-19T03:59:24.871Z,500.9,2025-09-19 05:59:24.871,4.67
Long Yeast Grow,pioreactor02,2025-09-19T03:59:47.871Z,496.8,2025-09-19 05:59:47.871,4.676388888889
Long Yeast Grow,pioreactor02,2025-09-19T04:00:10.871Z,490.6,2025-09-19 06:00:10.871,4.682777777778
Long Yeast Grow,pioreactor02,2025-09-19T04:00:33.871Z,490.8,2025-09-19 06:00:33.871,4.689166666667
Long Yeast Grow,pioreactor02,2025-09-19T04:00:56.871Z,507.9,2025-09-19 06:00:56.871,4.695555555556
Long Yeast Grow,pioreactor02,2025-09-19T04:01:19.871Z,499.0,2025-09-19 06:01:19.871,4.701944444444
Long Yeast Grow,pioreactor02,2025-09-19T04:01:42.871Z,506.8,2025-09-19 06:01:42.871,4.708333333333
Long Yeast Grow,pioreactor02,2025-09-19T04:02:05.871Z,502.5,2025-09-19 06:02:05.871,4.714722222222
Long Yeast Grow,pioreactor02,2025-09-19T04:02:28.871Z,497.9,2025-09-19 06:02:28.871,4.721111111111
Long Yeast Grow,pioreactor02,2025-09-19T04:02:51.871Z,506.1,2025-09-19 06:02:51.871,4.7275
Long Yeast Grow,pioreactor02,2025-09-19T04:03:14.871Z,499.7,2025-09-19 06:03:14.871,4.733888888889
Long Yeast Grow,pioreactor02,2025-09-19T04:03:37.871Z,502.6,2025-09-19 06:03:37.871,4.740277777778
Long Yeast Grow,pioreactor02,2025-09-19T04:04:00.871Z,413.1,2025-09-19 06:04:00.871,4.746666666667
Long Yeast Grow,pioreactor02,2025-09-19T04:04:23.871Z,414.7,2025-09-19 06:04:23.871,4.753055555556
Long Yeast Grow,pioreactor02,2025-09-19T04:04:46.871Z,418.8,2025-09-19 06:04:46.871,4.759444444444
Long Yeast Grow,pioreactor02,2025-09-19T04:05:09.871Z,549.5,2025-09-19 06:05:09.871,4.765833333333
Long Yeast Grow,pioreactor02,2025-09-19T04:05:32.871Z,544.1,2025-09-19 06:05:32.871,4.772222222222
Long Yeast Grow,pioreactor02,2025-09-19T04:05:55.871Z,534.8,2025-09-19 06:05:55.871,4.778611111111
Long Yeast Grow,pioreactor02,2025-09-19T04:06:18.871Z,524.0,2025-09-19 06:06:18.871,4.785
Long Yeast Grow,pioreactor02,2025-09-19T04:06:41.871Z,516.5,2025-09-19 06:06:41.871,4.791388888889
Long Yeast Grow,pioreactor02,2025-09-19T04:07:04.871Z,515.3,2025-09-19 06:07:04.871,4.797777777778
Long Yeast Grow,pioreactor02,2025-09-19T04:07:27.871Z,511.8,2025-09-19 06:07:27.871,4.804166666667
Long Yeast Grow,pioreactor02,2025-09-19T04:07:50.871Z,510.6,2025-09-19 06:07:50.871,4.810555555556
Long Yeast Grow,pioreactor02,2025-09-19T04:08:13.871Z,505.8,2025-09-19 06:08:13.871,4.816944444444
Long Yeast Grow,pioreactor02,2025-09-19T04:08:36.871Z,501.3,2025-09-19 06:08:36.871,4.823333333333
Long Yeast Grow,pioreactor02,2025-09-19T04:08:59.871Z,502.4,2025-09-19 06:08:59.871,4.829722222222
Long Yeast Grow,pioreactor02,2025-09-19T04:09:22.871Z,504.1,2025-09-19 06:09:22.871,4.836111111111
Long Yeast Grow,pioreactor02,2025-09-19T04:09:45.871Z,500.0,2025-09-19 06:09:45.871,4.8425
Long Yeast Grow,pioreactor02,2025-09-19T04:10:08.871Z,500.8,2025-09-19 06:10:08.871,4.848888888889
Long Yeast Grow,pioreactor02,2025-09-19T04:10:31.871Z,504.3,2025-09-19 06:10:31.871,4.855277777778
Long Yeast Grow,pioreactor02,2025-09-19T04:10:54.871Z,499.6,2025-09-19 06:10:54.871,4.861666666667
Long Yeast Grow,pioreactor02,2025-09-19T04:11:17.871Z,500.0,2025-09-19 06:11:17.871,4.868055555556
Long Yeast Grow,pioreactor02,2025-09-19T04:11:40.871Z,500.1,2025-09-19 06:11:40.871,4.874444444444
Long Yeast Grow,pioreactor02,2025-09-19T04:12:03.871Z,497.6,2025-09-19 06:12:03.871,4.880833333333
Long Yeast Grow,pioreactor02,2025-09-19T04:12:26.871Z,508.1,2025-09-19 06:12:26.871,4.887222222222
Long Yeast Grow,pioreactor02,2025-09-19T04:12:49.871Z,502.6,2025-09-19 06:12:49.871,4.893611111111
Long Yeast Grow,pioreactor02,2025-09-19T04:13:12.871Z,499.3,2025-09-19 06:13:12.871,4.9
Long Yeast Grow,pioreactor02,2025-09-19T04:13:35.871Z,503.7,2025-09-19 06:13:35.871,4.906388888889
Long Yeast Grow,pioreactor02,2025-09-19T04:13:58.871Z,499.5,2025-09-19 06:13:58.871,4.912777777778
Long Yeast Grow,pioreactor02,2025-09-19T04:14:21.871Z,496.4,2025-09-19 06:14:21.871,4.919166666667
Long Yeast Grow,pioreactor02,2025-09-19T04:14:44.871Z,499.1,2025-09-19 06:14:44.871,4.925555555556
Long Yeast Grow,pioreactor02,2025-09-19T04:15:07.871Z,504.5,2025-09-19 06:15:07.871,4.931944444444
Long Yeast Grow,pioreactor02,2025-09-19T04:15:30.871Z,506.3,2025-09-19 06:15:30.871,4.938333333333
Long Yeast Grow,pioreactor02,2025-09-19T04:15:53.871Z,499.7,2025-09-19 06:15:53.871,4.944722222222
Long Yeast Grow,pioreactor02,2025-09-19T04:16:16.871Z,504.9,2025-09-19 06:16:16.871,4.951111111111
Long Yeast Grow,pioreactor02,2025-09-19T04:16:39.871Z,504.8,2025-09-19 06:16:39.871,4.9575
Long Yeast Grow,pioreactor02,2025-09-19T04:17:02.871Z,492.7,2025-09-19 06:17:02.871,4.963888888889
Long Yeast Grow,pioreactor02,2025-09-19T04:17:25.871Z,501.8,2025-09-19 06:17:25.871,4.970277777778
Long Yeast Grow,pioreactor02,2025-09-19T04:17:48.871Z,501.0,2025-09-19 06:17:48.871,4.976666666667
Long Yeast Grow,pioreactor02,2025-09-19T04:18:11.871Z,494.8,2025-09-19 06:18:11.871,4.983055555556
Long Yeast Grow,pioreactor02,2025-09-19T04:18:34.871Z,499.0,2025-09-19 06:18:34.871,4.989444444444
Long Yeast Grow,pioreactor02,2025-09-19T04:18:57.871Z,497.1,2025-09-19 06:18:57.871,4.995833333333
Long Yeast Grow,pioreactor02,2025-09-19T04:19:20.871Z,499.8,2025-09-19 06:19:20.871,5.002222222222
Long Yeast Grow,pioreactor02,2025-09-19T04:19:43.871Z,499.9,2025-09-19 06:19:43.871,5.008611111111
Long Yeast Grow,pioreactor02,2025-09-19T04:20:06.871Z,494.0,2025-09-19 06:20:06.871,5.015
Long Yeast Grow,pioreactor02,2025-09-19T04:20:29.871Z,499.2,2025-09-19 06:20:29.871,5.021388888889
Long Yeast Grow,pioreactor02,2025-09-19T04:20:52.871Z,498.7,2025-09-19 06:20:52.871,5.027777777778
Long Yeast Grow,pioreactor02,2025-09-19T04:21:15.871Z,507.3,2025-09-19 06:21:15.871,5.034166666667
Long Yeast Grow,pioreactor02,2025-09-19T04:21:38.871Z,499.6,2025-09-19 06:21:38.871,5.040555555556
Long Yeast Grow,pioreactor02,2025-09-19T04:22:01.871Z,503.9,2025-09-19 06:22:01.871,5.046944444444
Long Yeast Grow,pioreactor02,2025-09-19T04:22:24.871Z,504.4,2025-09-19 06:22:24.871,5.053333333333
Long Yeast Grow,pioreactor02,2025-09-19T04:22:47.871Z,492.4,2025-09-19 06:22:47.871,5.059722222222
Long Yeast Grow,pioreactor02,2025-09-19T04:23:10.871Z,500.1,2025-09-19 06:23:10.871,5.066111111111
Long Yeast Grow,pioreactor02,2025-09-19T04:23:33.871Z,500.9,2025-09-19 06:23:33.871,5.0725
Long Yeast Grow,pioreactor02,2025-09-19T04:23:56.871Z,499.2,2025-09-19 06:23:56.871,5.078888888889
Long Yeast Grow,pioreactor02,2025-09-19T04:24:19.871Z,500.6,2025-09-19 06:24:19.871,5.085277777778
Long Yeast Grow,pioreactor02,2025-09-19T04:24:42.871Z,500.3,2025-09-19 06:24:42.871,5.091666666667
Long Yeast Grow,pioreactor02,2025-09-19T04:25:05.871Z,504.7,2025-09-19 06:25:05.871,5.098055555556
Long Yeast Grow,pioreactor02,2025-09-19T04:25:28.871Z,503.4,2025-09-19 06:25:28.871,5.104444444444
Long Yeast Grow,pioreactor02,2025-09-19T04:25:51.871Z,495.7,2025-09-19 06:25:51.871,5.110833333333
Long Yeast Grow,pioreactor02,2025-09-19T04:26:14.871Z,501.5,2025-09-19 06:26:14.871,5.117222222222
Long Yeast Grow,pioreactor02,2025-09-19T04:26:37.871Z,499.9,2025-09-19 06:26:37.871,5.123611111111
Long Yeast Grow,pioreactor02,2025-09-19T04:27:00.871Z,503.0,2025-09-19 06:27:00.871,5.13
Long Yeast Grow,pioreactor02,2025-09-19T04:27:23.871Z,499.2,2025-09-19 06:27:23.871,5.136388888889
Long Yeast Grow,pioreactor02,2025-09-19T04:27:46.871Z,484.3,2025-09-19 06:27:46.871,5.142777777778
Long Yeast Grow,pioreactor02,2025-09-19T04:28:09.871Z,502.2,2025-09-19 06:28:09.871,5.149166666667
Long Yeast Grow,pioreactor02,2025-09-19T04:28:32.871Z,491.9,2025-09-19 06:28:32.871,5.155555555556
Long Yeast Grow,pioreactor02,2025-09-19T04:28:55.871Z,511.0,2025-09-19 06:28:55.871,5.161944444444
Long Yeast Grow,pioreactor02,2025-09-19T04:29:18.871Z,499.9,2025-09-19 06:29:18.871,5.168333333333
Long Yeast Grow,pioreactor02,2025-09-19T04:29:41.871Z,495.7,2025-09-19 06:29:41.871,5.174722222222
Long Yeast Grow,pioreactor02,2025-09-19T04:30:04.871Z,492.2,2025-09-19 06:30:04.871,5.181111111111
Long Yeast Grow,pioreactor02,2025-09-19T04:30:27.871Z,504.1,2025-09-19 06:30:27.871,5.1875
Long Yeast Grow,pioreactor02,2025-09-19T04:30:50.871Z,507.6,2025-09-19 06:30:50.871,5.193888888889
Long Yeast Grow,pioreactor02,2025-09-19T04:31:13.871Z,497.9,2025-09-19 06:31:13.871,5.200277777778
Long Yeast Grow,pioreactor02,2025-09-19T04:31:36.871Z,508.0,2025-09-19 06:31:36.871,5.206666666667
Long Yeast Grow,pioreactor02,2025-09-19T04:31:59.871Z,490.8,2025-09-19 06:31:59.871,5.213055555556
Long Yeast Grow,pioreactor02,2025-09-19T04:32:22.871Z,500.8,2025-09-19 06:32:22.871,5.219444444444
Long Yeast Grow,pioreactor02,2025-09-19T04:32:45.871Z,488.0,2025-09-19 06:32:45.871,5.225833333333
Long Yeast Grow,pioreactor02,2025-09-19T04:33:08.871Z,505.9,2025-09-19 06:33:08.871,5.232222222222
Long Yeast Grow,pioreactor02,2025-09-19T04:33:31.871Z,501.7,2025-09-19 06:33:31.871,5.238611111111
Long Yeast Grow,pioreactor02,2025-09-19T04:33:54.871Z,488.8,2025-09-19 06:33:54.871,5.245
Long Yeast Grow,pioreactor02,2025-09-19T04:34:17.871Z,506.6,2025-09-19 06:34:17.871,5.251388888889
Long Yeast Grow,pioreactor02,2025-09-19T04:34:40.871Z,504.5,2025-09-19 06:34:40.871,5.257777777778
Long Yeast Grow,pioreactor02,2025-09-19T04:35:03.871Z,511.8,2025-09-19 06:35:03.871,5.264166666667
Long Yeast Grow,pioreactor02,2025-09-19T04:35:26.871Z,500.1,2025-09-19 06:35:26.871,5.270555555556
Long Yeast Grow,pioreactor02,2025-09-19T04:35:49.871Z,500.4,2025-09-19 06:35:49.871,5.276944444444
Long Yeast Grow,pioreactor02,2025-09-19T04:36:12.871Z,497.0,2025-09-19 06:36:12.871,5.283333333333
Long Yeast Grow,pioreactor02,2025-09-19T04:36:35.871Z,489.3,2025-09-19 06:36:35.871,5.289722222222
Long Yeast Grow,pioreactor02,2025-09-19T04:36:58.871Z,504.3,2025-09-19 06:36:58.871,5.296111111111
Long Yeast Grow,pioreactor02,2025-09-19T04:37:21.871Z,504.6,2025-09-19 06:37:21.871,5.3025
Long Yeast Grow,pioreactor02,2025-09-19T04:37:44.871Z,498.6,2025-09-19 06:37:44.871,5.308888888889
Long Yeast Grow,pioreactor02,2025-09-19T04:38:07.871Z,499.4,2025-09-19 06:38:07.871,5.315277777778
Long Yeast Grow,pioreactor02,2025-09-19T04:38:30.871Z,500.5,2025-09-19 06:38:30.871,5.321666666667
Long Yeast Grow,pioreactor02,2025-09-19T04:38:53.871Z,493.6,2025-09-19 06:38:53.871,5.328055555556
Long Yeast Grow,pioreactor02,2025-09-19T04:39:16.871Z,500.6,2025-09-19 06:39:16.871,5.334444444444
Long Yeast Grow,pioreactor02,2025-09-19T04:39:39.871Z,500.2,2025-09-19 06:39:39.871,5.340833333333
Long Yeast Grow,pioreactor02,2025-09-19T04:40:02.871Z,491.6,2025-09-19 06:40:02.871,5.347222222222
Long Yeast Grow,pioreactor02,2025-09-19T04:40:25.871Z,501.5,2025-09-19 06:40:25.871,5.353611111111
Long Yeast Grow,pioreactor02,2025-09-19T04:40:48.871Z,495.0,2025-09-19 06:40:48.871,5.36
Long Yeast Grow,pioreactor02,2025-09-19T04:41:11.871Z,494.9,2025-09-19 06:41:11.871,5.366388888889
Long Yeast Grow,pioreactor02,2025-09-19T04:41:34.871Z,507.5,2025-09-19 06:41:34.871,5.372777777778
Long Yeast Grow,pioreactor02,2025-09-19T04:41:57.871Z,506.7,2025-09-19 06:41:57.871,5.379166666667
Long Yeast Grow,pioreactor02,2025-09-19T04:42:20.871Z,511.2,2025-09-19 06:42:20.871,5.385555555556
Long Yeast Grow,pioreactor02,2025-09-19T04:42:43.871Z,497.3,2025-09-19 06:42:43.871,5.391944444444
Long Yeast Grow,pioreactor02,2025-09-19T04:43:06.871Z,498.7,2025-09-19 06:43:06.871,5.398333333333
Long Yeast Grow,pioreactor02,2025-09-19T04:43:29.871Z,499.0,2025-09-19 06:43:29.871,5.404722222222
Long Yeast Grow,pioreactor02,2025-09-19T04:43:52.871Z,506.2,2025-09-19 06:43:52.871,5.411111111111
Long Yeast Grow,pioreactor02,2025-09-19T04:44:15.871Z,499.8,2025-09-19 06:44:15.871,5.4175
Long Yeast Grow,pioreactor02,2025-09-19T04:44:38.871Z,484.9,2025-09-19 06:44:38.871,5.423888888889
Long Yeast Grow,pioreactor02,2025-09-19T04:45:01.871Z,497.5,2025-09-19 06:45:01.871,5.430277777778
Long Yeast Grow,pioreactor02,2025-09-19T04:45:24.871Z,499.0,2025-09-19 06:45:24.871,5.436666666667
Long Yeast Grow,pioreactor02,2025-09-19T04:45:47.871Z,509.0,2025-09-19 06:45:47.871,5.443055555556
Long Yeast Grow,pioreactor02,2025-09-19T04:46:10.871Z,501.5,2025-09-19 06:46:10.871,5.449444444444
Long Yeast Grow,pioreactor02,2025-09-19T04:46:33.871Z,498.7,2025-09-19 06:46:33.871,5.455833333333
Long Yeast Grow,pioreactor02,2025-09-19T04:46:56.871Z,490.8,2025-09-19 06:46:56.871,5.462222222222
Long Yeast Grow,pioreactor02,2025-09-19T04:47:19.871Z,496.3,2025-09-19 06:47:19.871,5.468611111111
Long Yeast Grow,pioreactor02,2025-09-19T04:47:42.871Z,505.6,2025-09-19 06:47:42.871,5.475
Long Yeast Grow,pioreactor02,2025-09-19T04:48:05.871Z,506.3,2025-09-19 06:48:05.871,5.481388888889
Long Yeast Grow,pioreactor02,2025-09-19T04:48:28.871Z,496.5,2025-09-19 06:48:28.871,5.487777777778
Long Yeast Grow,pioreactor02,2025-09-19T04:48:51.871Z,495.6,2025-09-19 06:48:51.871,5.494166666667
Long Yeast Grow,pioreactor02,2025-09-19T04:49:14.871Z,499.5,2025-09-19 06:49:14.871,5.500555555556
Long Yeast Grow,pioreactor02,2025-09-19T04:49:37.871Z,500.5,2025-09-19 06:49:37.871,5.506944444444
Long Yeast Grow,pioreactor02,2025-09-19T04:50:00.871Z,500.7,2025-09-19 06:50:00.871,5.513333333333
Long Yeast Grow,pioreactor02,2025-09-19T04:50:23.871Z,502.3,2025-09-19 06:50:23.871,5.519722222222
Long Yeast Grow,pioreactor02,2025-09-19T04:50:46.871Z,501.7,2025-09-19 06:50:46.871,5.526111111111
Long Yeast Grow,pioreactor02,2025-09-19T04:51:09.871Z,500.9,2025-09-19 06:51:09.871,5.5325
Long Yeast Grow,pioreactor02,2025-09-19T04:51:32.871Z,504.9,2025-09-19 06:51:32.871,5.538888888889
Long Yeast Grow,pioreactor02,2025-09-19T04:51:55.871Z,501.9,2025-09-19 06:51:55.871,5.545277777778
Long Yeast Grow,pioreactor02,2025-09-19T04:52:18.871Z,498.4,2025-09-19 06:52:18.871,5.551666666667
Long Yeast Grow,pioreactor02,2025-09-19T04:52:41.871Z,488.6,2025-09-19 06:52:41.871,5.558055555556
Long Yeast Grow,pioreactor02,2025-09-19T04:53:04.871Z,510.5,2025-09-19 06:53:04.871,5.564444444444
Long Yeast Grow,pioreactor02,2025-09-19T04:53:27.871Z,504.0,2025-09-19 06:53:27.871,5.570833333333
Long Yeast Grow,pioreactor02,2025-09-19T04:53:50.871Z,504.1,2025-09-19 06:53:50.871,5.577222222222
Long Yeast Grow,pioreactor02,2025-09-19T04:54:13.871Z,501.1,2025-09-19 06:54:13.871,5.583611111111
Long Yeast Grow,pioreactor02,2025-09-19T04:54:36.871Z,497.9,2025-09-19 06:54:36.871,5.59
Long Yeast Grow,pioreactor02,2025-09-19T04:54:59.871Z,499.7,2025-09-19 06:54:59.871,5.596388888889
Long Yeast Grow,pioreactor02,2025-09-19T04:55:22.871Z,498.6,2025-09-19 06:55:22.871,5.602777777778
Long Yeast Grow,pioreactor02,2025-09-19T04:55:45.871Z,501.0,2025-09-19 06:55:45.871,5.609166666667
Long Yeast Grow,pioreactor02,2025-09-19T04:56:08.871Z,505.0,2025-09-19 06:56:08.871,5.615555555556
Long Yeast Grow,pioreactor02,2025-09-19T04:56:31.871Z,479.7,2025-09-19 06:56:31.871,5.621944444444
Long Yeast Grow,pioreactor02,2025-09-19T04:56:54.871Z,503.2,2025-09-19 06:56:54.871,5.628333333333
Long Yeast Grow,pioreactor02,2025-09-19T04:57:17.871Z,501.3,2025-09-19 06:57:17.871,5.634722222222
Long Yeast Grow,pioreactor02,2025-09-19T04:57:40.871Z,503.8,2025-09-19 06:57:40.871,5.641111111111
Long Yeast Grow,pioreactor02,2025-09-19T04:58:03.871Z,499.9,2025-09-19 06:58:03.871,5.6475
Long Yeast Grow,pioreactor02,2025-09-19T04:58:26.871Z,484.2,2025-09-19 06:58:26.871,5.653888888889
Long Yeast Grow,pioreactor02,2025-09-19T04:58:49.871Z,501.3,2025-09-19 06:58:49.871,5.660277777778
Long Yeast Grow,pioreactor02,2025-09-19T04:59:12.871Z,508.8,2025-09-19 06:59:12.871,5.666666666667
Long Yeast Grow,pioreactor02,2025-09-19T04:59:35.871Z,500.9,2025-09-19 06:59:35.871,5.673055555556
Long Yeast Grow,pioreactor02,2025-09-19T04:59:58.871Z,500.4,2025-09-19 06:59:58.871,5.679444444444
Long Yeast Grow,pioreactor02,2025-09-19T05:00:21.871Z,501.4,2025-09-19 07:00:21.871,5.685833333333
Long Yeast Grow,pioreactor02,2025-09-19T05:00:44.871Z,504.6,2025-09-19 07:00:44.871,5.692222222222
Long Yeast Grow,pioreactor02,2025-09-19T05:01:07.871Z,499.9,2025-09-19 07:01:07.871,5.698611111111
Long Yeast Grow,pioreactor02,2025-09-19T05:01:30.871Z,501.0,2025-09-19 07:01:30.871,5.705
Long Yeast Grow,pioreactor02,2025-09-19T05:01:53.871Z,504.5,2025-09-19 07:01:53.871,5.711388888889
Long Yeast Grow,pioreactor02,2025-09-19T05:02:16.871Z,512.3,2025-09-19 07:02:16.871,5.717777777778
Long Yeast Grow,pioreactor02,2025-09-19T05:02:39.871Z,498.2,2025-09-19 07:02:39.871,5.724166666667
Long Yeast Grow,pioreactor02,2025-09-19T05:03:02.871Z,507.6,2025-09-19 07:03:02.871,5.730555555556
Long Yeast Grow,pioreactor02,2025-09-19T05:03:25.871Z,493.7,2025-09-19 07:03:25.871,5.736944444444
Long Yeast Grow,pioreactor02,2025-09-19T05:03:48.871Z,500.6,2025-09-19 07:03:48.871,5.743333333333
Long Yeast Grow,pioreactor02,2025-09-19T05:04:11.871Z,496.8,2025-09-19 07:04:11.871,5.749722222222
Long Yeast Grow,pioreactor02,2025-09-19T05:04:34.871Z,500.5,2025-09-19 07:04:34.871,5.756111111111
Long Yeast Grow,pioreactor02,2025-09-19T05:04:57.871Z,498.5,2025-09-19 07:04:57.871,5.7625
Long Yeast Grow,pioreactor02,2025-09-19T05:05:20.871Z,508.6,2025-09-19 07:05:20.871,5.768888888889
Long Yeast Grow,pioreactor02,2025-09-19T05:05:43.871Z,507.5,2025-09-19 07:05:43.871,5.775277777778
Long Yeast Grow,pioreactor02,2025-09-19T05:06:06.871Z,500.5,2025-09-19 07:06:06.871,5.781666666667
Long Yeast Grow,pioreactor02,2025-09-19T05:06:29.871Z,499.9,2025-09-19 07:06:29.871,5.788055555556
Long Yeast Grow,pioreactor02,2025-09-19T05:06:52.871Z,499.9,2025-09-19 07:06:52.871,5.794444444444
Long Yeast Grow,pioreactor02,2025-09-19T05:07:15.871Z,497.2,2025-09-19 07:07:15.871,5.800833333333
Long Yeast Grow,pioreactor02,2025-09-19T05:07:38.871Z,499.3,2025-09-19 07:07:38.871,5.807222222222
Long Yeast Grow,pioreactor02,2025-09-19T05:08:01.871Z,503.2,2025-09-19 07:08:01.871,5.813611111111
Long Yeast Grow,pioreactor02,2025-09-19T05:08:24.871Z,496.6,2025-09-19 07:08:24.871,5.82
Long Yeast Grow,pioreactor02,2025-09-19T05:08:47.871Z,496.2,2025-09-19 07:08:47.871,5.826388888889
Long Yeast Grow,pioreactor02,2025-09-19T05:09:10.871Z,494.0,2025-09-19 07:09:10.871,5.832777777778
Long Yeast Grow,pioreactor02,2025-09-19T05:09:33.871Z,505.1,2025-09-19 07:09:33.871,5.839166666667
Long Yeast Grow,pioreactor02,2025-09-19T05:09:56.871Z,475.1,2025-09-19 07:09:56.871,5.845555555556
Long Yeast Grow,pioreactor02,2025-09-19T05:10:19.871Z,499.7,2025-09-19 07:10:19.871,5.851944444444
Long Yeast Grow,pioreactor02,2025-09-19T05:10:42.871Z,499.7,2025-09-19 07:10:42.871,5.858333333333
Long Yeast Grow,pioreactor02,2025-09-19T05:11:05.871Z,499.1,2025-09-19 07:11:05.871,5.864722222222
Long Yeast Grow,pioreactor02,2025-09-19T05:11:28.871Z,499.7,2025-09-19 07:11:28.871,5.871111111111
Long Yeast Grow,pioreactor02,2025-09-19T05:11:51.871Z,495.9,2025-09-19 07:11:51.871,5.8775
Long Yeast Grow,pioreactor02,2025-09-19T05:12:14.871Z,494.2,2025-09-19 07:12:14.871,5.883888888889
Long Yeast Grow,pioreactor02,2025-09-19T05:12:37.871Z,496.8,2025-09-19 07:12:37.871,5.890277777778
Long Yeast Grow,pioreactor02,2025-09-19T05:13:00.871Z,499.5,2025-09-19 07:13:00.871,5.896666666667
Long Yeast Grow,pioreactor02,2025-09-19T05:13:23.871Z,469.5,2025-09-19 07:13:23.871,5.903055555556
Long Yeast Grow,pioreactor02,2025-09-19T05:13:46.871Z,500.3,2025-09-19 07:13:46.871,5.909444444444
Long Yeast Grow,pioreactor02,2025-09-19T05:14:09.871Z,506.3,2025-09-19 07:14:09.871,5.915833333333
Long Yeast Grow,pioreactor02,2025-09-19T05:14:32.871Z,510.0,2025-09-19 07:14:32.871,5.922222222222
Long Yeast Grow,pioreactor02,2025-09-19T05:14:55.871Z,500.3,2025-09-19 07:14:55.871,5.928611111111
Long Yeast Grow,pioreactor02,2025-09-19T05:15:18.871Z,503.1,2025-09-19 07:15:18.871,5.935
Long Yeast Grow,pioreactor02,2025-09-19T05:15:41.871Z,493.3,2025-09-19 07:15:41.871,5.941388888889
Long Yeast Grow,pioreactor02,2025-09-19T05:16:04.871Z,507.2,2025-09-19 07:16:04.871,5.947777777778
Long Yeast Grow,pioreactor02,2025-09-19T05:16:27.871Z,502.0,2025-09-19 07:16:27.871,5.954166666667
Long Yeast Grow,pioreactor02,2025-09-19T05:16:50.871Z,498.9,2025-09-19 07:16:50.871,5.960555555556
Long Yeast Grow,pioreactor02,2025-09-19T05:17:13.871Z,500.6,2025-09-19 07:17:13.871,5.966944444444
Long Yeast Grow,pioreactor02,2025-09-19T05:17:36.871Z,513.2,2025-09-19 07:17:36.871,5.973333333333
Long Yeast Grow,pioreactor02,2025-09-19T05:17:59.871Z,505.6,2025-09-19 07:17:59.871,5.979722222222
Long Yeast Grow,pioreactor02,2025-09-19T05:18:22.871Z,500.7,2025-09-19 07:18:22.871,5.986111111111
Long Yeast Grow,pioreactor02,2025-09-19T05:18:45.871Z,498.1,2025-09-19 07:18:45.871,5.9925
Long Yeast Grow,pioreactor02,2025-09-19T05:19:08.871Z,500.4,2025-09-19 07:19:08.871,5.998888888889
Long Yeast Grow,pioreactor02,2025-09-19T05:19:31.871Z,508.2,2025-09-19 07:19:31.871,6.005277777778
Long Yeast Grow,pioreactor02,2025-09-19T05:19:54.871Z,500.1,2025-09-19 07:19:54.871,6.011666666667
Long Yeast Grow,pioreactor02,2025-09-19T05:20:17.871Z,489.2,2025-09-19 07:20:17.871,6.018055555556
Long Yeast Grow,pioreactor02,2025-09-19T05:20:40.871Z,503.4,2025-09-19 07:20:40.871,6.024444444444
Long Yeast Grow,pioreactor02,2025-09-19T05:21:03.871Z,497.4,2025-09-19 07:21:03.871,6.030833333333
Long Yeast Grow,pioreactor02,2025-09-19T05:21:26.871Z,501.1,2025-09-19 07:21:26.871,6.037222222222
Long Yeast Grow,pioreactor02,2025-09-19T05:21:49.871Z,496.3,2025-09-19 07:21:49.871,6.043611111111
Long Yeast Grow,pioreactor02,2025-09-19T05:22:12.871Z,500.4,2025-09-19 07:22:12.871,6.05
Long Yeast Grow,pioreactor02,2025-09-19T05:22:35.871Z,496.6,2025-09-19 07:22:35.871,6.056388888889
Long Yeast Grow,pioreactor02,2025-09-19T05:22:58.871Z,500.7,2025-09-19 07:22:58.871,6.062777777778
Long Yeast Grow,pioreactor02,2025-09-19T05:23:21.871Z,502.2,2025-09-19 07:23:21.871,6.069166666667
Long Yeast Grow,pioreactor02,2025-09-19T05:23:44.871Z,496.5,2025-09-19 07:23:44.871,6.075555555556
Long Yeast Grow,pioreactor02,2025-09-19T05:24:07.871Z,496.3,2025-09-19 07:24:07.871,6.081944444444
Long Yeast Grow,pioreactor02,2025-09-19T05:24:30.871Z,499.2,2025-09-19 07:24:30.871,6.088333333333
Long Yeast Grow,pioreactor02,2025-09-19T05:24:53.871Z,503.5,2025-09-19 07:24:53.871,6.094722222222
Long Yeast Grow,pioreactor02,2025-09-19T05:25:16.871Z,498.6,2025-09-19 07:25:16.871,6.101111111111
Long Yeast Grow,pioreactor02,2025-09-19T05:25:39.871Z,494.8,2025-09-19 07:25:39.871,6.1075
Long Yeast Grow,pioreactor02,2025-09-19T05:26:02.871Z,501.0,2025-09-19 07:26:02.871,6.113888888889
Long Yeast Grow,pioreactor02,2025-09-19T05:26:25.871Z,505.0,2025-09-19 07:26:25.871,6.120277777778
Long Yeast Grow,pioreactor02,2025-09-19T05:26:48.871Z,500.8,2025-09-19 07:26:48.871,6.126666666667
Long Yeast Grow,pioreactor02,2025-09-19T05:27:11.871Z,509.5,2025-09-19 07:27:11.871,6.133055555556
Long Yeast Grow,pioreactor02,2025-09-19T05:27:34.871Z,501.7,2025-09-19 07:27:34.871,6.139444444444
Long Yeast Grow,pioreactor02,2025-09-19T05:27:57.871Z,498.8,2025-09-19 07:27:57.871,6.145833333333
Long Yeast Grow,pioreactor02,2025-09-19T05:28:20.871Z,501.7,2025-09-19 07:28:20.871,6.152222222222
Long Yeast Grow,pioreactor02,2025-09-19T05:28:43.871Z,500.3,2025-09-19 07:28:43.871,6.158611111111
Long Yeast Grow,pioreactor02,2025-09-19T05:29:06.871Z,506.7,2025-09-19 07:29:06.871,6.165
Long Yeast Grow,pioreactor02,2025-09-19T05:29:29.871Z,496.9,2025-09-19 07:29:29.871,6.171388888889
Long Yeast Grow,pioreactor02,2025-09-19T05:29:52.871Z,505.1,2025-09-19 07:29:52.871,6.177777777778
Long Yeast Grow,pioreactor02,2025-09-19T05:30:15.871Z,500.4,2025-09-19 07:30:15.871,6.184166666667
Long Yeast Grow,pioreactor02,2025-09-19T05:30:38.871Z,501.4,2025-09-19 07:30:38.871,6.190555555556
Long Yeast Grow,pioreactor02,2025-09-19T05:31:01.871Z,499.6,2025-09-19 07:31:01.871,6.196944444444
Long Yeast Grow,pioreactor02,2025-09-19T05:31:24.871Z,499.0,2025-09-19 07:31:24.871,6.203333333333
Long Yeast Grow,pioreactor02,2025-09-19T05:31:47.871Z,499.5,2025-09-19 07:31:47.871,6.209722222222
Long Yeast Grow,pioreactor02,2025-09-19T05:32:10.871Z,495.5,2025-09-19 07:32:10.871,6.216111111111
Long Yeast Grow,pioreactor02,2025-09-19T05:32:33.871Z,499.8,2025-09-19 07:32:33.871,6.2225
Long Yeast Grow,pioreactor02,2025-09-19T05:32:56.871Z,499.6,2025-09-19 07:32:56.871,6.228888888889
Long Yeast Grow,pioreactor02,2025-09-19T05:33:19.871Z,499.8,2025-09-19 07:33:19.871,6.235277777778
Long Yeast Grow,pioreactor02,2025-09-19T05:33:42.871Z,500.3,2025-09-19 07:33:42.871,6.241666666667
Long Yeast Grow,pioreactor02,2025-09-19T05:34:05.871Z,501.8,2025-09-19 07:34:05.871,6.248055555556
Long Yeast Grow,pioreactor02,2025-09-19T05:34:28.871Z,500.6,2025-09-19 07:34:28.871,6.254444444444
Long Yeast Grow,pioreactor02,2025-09-19T05:34:51.871Z,506.4,2025-09-19 07:34:51.871,6.260833333333
Long Yeast Grow,pioreactor02,2025-09-19T05:35:14.871Z,485.2,2025-09-19 07:35:14.871,6.267222222222
Long Yeast Grow,pioreactor02,2025-09-19T05:35:37.871Z,509.5,2025-09-19 07:35:37.871,6.273611111111
Long Yeast Grow,pioreactor02,2025-09-19T05:36:00.871Z,509.6,2025-09-19 07:36:00.871,6.28
Long Yeast Grow,pioreactor02,2025-09-19T05:36:23.871Z,492.2,2025-09-19 07:36:23.871,6.286388888889
Long Yeast Grow,pioreactor02,2025-09-19T05:36:46.871Z,495.1,2025-09-19 07:36:46.871,6.292777777778
Long Yeast Grow,pioreactor02,2025-09-19T05:37:09.871Z,506.5,2025-09-19 07:37:09.871,6.299166666667
Long Yeast Grow,pioreactor02,2025-09-19T05:37:32.871Z,499.7,2025-09-19 07:37:32.871,6.305555555556
Long Yeast Grow,pioreactor02,2025-09-19T05:37:55.871Z,500.2,2025-09-19 07:37:55.871,6.311944444444
Long Yeast Grow,pioreactor02,2025-09-19T05:38:18.871Z,499.7,2025-09-19 07:38:18.871,6.318333333333
Long Yeast Grow,pioreactor02,2025-09-19T05:38:41.871Z,511.9,2025-09-19 07:38:41.871,6.324722222222
Long Yeast Grow,pioreactor02,2025-09-19T05:39:04.871Z,495.8,2025-09-19 07:39:04.871,6.331111111111
Long Yeast Grow,pioreactor02,2025-09-19T05:39:27.871Z,505.6,2025-09-19 07:39:27.871,6.3375
Long Yeast Grow,pioreactor02,2025-09-19T05:39:50.871Z,497.9,2025-09-19 07:39:50.871,6.343888888889
Long Yeast Grow,pioreactor02,2025-09-19T05:40:13.871Z,488.1,2025-09-19 07:40:13.871,6.350277777778
Long Yeast Grow,pioreactor02,2025-09-19T05:40:36.871Z,494.5,2025-09-19 07:40:36.871,6.356666666667
Long Yeast Grow,pioreactor02,2025-09-19T05:40:59.871Z,499.5,2025-09-19 07:40:59.871,6.363055555556
Long Yeast Grow,pioreactor02,2025-09-19T05:41:22.871Z,500.0,2025-09-19 07:41:22.871,6.369444444444
Long Yeast Grow,pioreactor02,2025-09-19T05:41:45.871Z,506.4,2025-09-19 07:41:45.871,6.375833333333
Long Yeast Grow,pioreactor02,2025-09-19T05:42:08.871Z,498.7,2025-09-19 07:42:08.871,6.382222222222
Long Yeast Grow,pioreactor02,2025-09-19T05:42:31.871Z,499.7,2025-09-19 07:42:31.871,6.388611111111
Long Yeast Grow,pioreactor02,2025-09-19T05:42:54.871Z,500.4,2025-09-19 07:42:54.871,6.395
Long Yeast Grow,pioreactor02,2025-09-19T05:43:17.871Z,499.5,2025-09-19 07:43:17.871,6.401388888889
Long Yeast Grow,pioreactor02,2025-09-19T05:43:40.871Z,499.2,2025-09-19 07:43:40.871,6.407777777778
Long Yeast Grow,pioreactor02,2025-09-19T05:44:03.871Z,501.3,2025-09-19 07:44:03.871,6.414166666667
Long Yeast Grow,pioreactor02,2025-09-19T05:44:26.871Z,505.1,2025-09-19 07:44:26.871,6.420555555556
Long Yeast Grow,pioreactor02,2025-09-19T05:44:49.871Z,495.0,2025-09-19 07:44:49.871,6.426944444444
Long Yeast Grow,pioreactor02,2025-09-19T05:45:12.871Z,491.0,2025-09-19 07:45:12.871,6.433333333333
Long Yeast Grow,pioreactor02,2025-09-19T05:45:35.871Z,500.0,2025-09-19 07:45:35.871,6.439722222222
Long Yeast Grow,pioreactor02,2025-09-19T05:45:58.871Z,499.9,2025-09-19 07:45:58.871,6.446111111111
Long Yeast Grow,pioreactor02,2025-09-19T05:46:21.871Z,506.1,2025-09-19 07:46:21.871,6.4525
Long Yeast Grow,pioreactor02,2025-09-19T05:46:44.871Z,504.7,2025-09-19 07:46:44.871,6.458888888889
Long Yeast Grow,pioreactor02,2025-09-19T05:47:07.871Z,500.1,2025-09-19 07:47:07.871,6.465277777778
Long Yeast Grow,pioreactor02,2025-09-19T05:47:30.871Z,505.9,2025-09-19 07:47:30.871,6.471666666667
Long Yeast Grow,pioreactor02,2025-09-19T05:47:53.871Z,493.5,2025-09-19 07:47:53.871,6.478055555556
Long Yeast Grow,pioreactor02,2025-09-19T05:48:16.871Z,503.8,2025-09-19 07:48:16.871,6.484444444444
Long Yeast Grow,pioreactor02,2025-09-19T05:48:39.871Z,501.2,2025-09-19 07:48:39.871,6.490833333333
Long Yeast Grow,pioreactor02,2025-09-19T05:49:02.871Z,499.3,2025-09-19 07:49:02.871,6.497222222222
Long Yeast Grow,pioreactor02,2025-09-19T05:49:25.871Z,501.1,2025-09-19 07:49:25.871,6.503611111111
Long Yeast Grow,pioreactor02,2025-09-19T05:49:48.871Z,500.8,2025-09-19 07:49:48.871,6.51
Long Yeast Grow,pioreactor02,2025-09-19T05:50:11.871Z,500.1,2025-09-19 07:50:11.871,6.516388888889
Long Yeast Grow,pioreactor02,2025-09-19T05:50:34.871Z,499.8,2025-09-19 07:50:34.871,6.522777777778
Long Yeast Grow,pioreactor02,2025-09-19T05:50:57.871Z,500.4,2025-09-19 07:50:57.871,6.529166666667
Long Yeast Grow,pioreactor02,2025-09-19T05:51:20.871Z,500.4,2025-09-19 07:51:20.871,6.535555555556
Long Yeast Grow,pioreactor02,2025-09-19T05:51:43.871Z,500.2,2025-09-19 07:51:43.871,6.541944444444
Long Yeast Grow,pioreactor02,2025-09-19T05:52:06.871Z,497.5,2025-09-19 07:52:06.871,6.548333333333
Long Yeast Grow,pioreactor02,2025-09-19T05:52:29.871Z,499.3,2025-09-19 07:52:29.871,6.554722222222
Long Yeast Grow,pioreactor02,2025-09-19T05:52:52.871Z,500.1,2025-09-19 07:52:52.871,6.561111111111
Long Yeast Grow,pioreactor02,2025-09-19T05:53:15.871Z,498.3,2025-09-19 07:53:15.871,6.5675
Long Yeast Grow,pioreactor02,2025-09-19T05:53:38.871Z,497.0,2025-09-19 07:53:38.871,6.573888888889
Long Yeast Grow,pioreactor02,2025-09-19T05:54:01.871Z,506.2,2025-09-19 07:54:01.871,6.580277777778
Long Yeast Grow,pioreactor02,2025-09-19T05:54:24.871Z,500.7,2025-09-19 07:54:24.871,6.586666666667
Long Yeast Grow,pioreactor02,2025-09-19T05:54:47.871Z,497.4,2025-09-19 07:54:47.871,6.593055555556
Long Yeast Grow,pioreactor02,2025-09-19T05:55:10.871Z,501.1,2025-09-19 07:55:10.871,6.599444444444
Long Yeast Grow,pioreactor02,2025-09-19T05:55:33.871Z,502.8,2025-09-19 07:55:33.871,6.605833333333
Long Yeast Grow,pioreactor02,2025-09-19T05:55:56.871Z,499.7,2025-09-19 07:55:56.871,6.612222222222
Long Yeast Grow,pioreactor02,2025-09-19T05:56:19.871Z,502.4,2025-09-19 07:56:19.871,6.618611111111
Long Yeast Grow,pioreactor02,2025-09-19T05:56:42.871Z,499.1,2025-09-19 07:56:42.871,6.625
Long Yeast Grow,pioreactor02,2025-09-19T05:57:05.871Z,499.9,2025-09-19 07:57:05.871,6.631388888889
Long Yeast Grow,pioreactor02,2025-09-19T05:57:28.871Z,489.8,2025-09-19 07:57:28.871,6.637777777778
Long Yeast Grow,pioreactor02,2025-09-19T05:57:51.871Z,507.5,2025-09-19 07:57:51.871,6.644166666667
Long Yeast Grow,pioreactor02,2025-09-19T05:58:14.871Z,505.6,2025-09-19 07:58:14.871,6.650555555556
Long Yeast Grow,pioreactor02,2025-09-19T05:58:37.871Z,497.1,2025-09-19 07:58:37.871,6.656944444444
Long Yeast Grow,pioreactor02,2025-09-19T05:59:00.871Z,508.1,2025-09-19 07:59:00.871,6.663333333333
Long Yeast Grow,pioreactor02,2025-09-19T05:59:23.871Z,509.5,2025-09-19 07:59:23.871,6.669722222222
Long Yeast Grow,pioreactor02,2025-09-19T05:59:46.871Z,494.0,2025-09-19 07:59:46.871,6.676111111111
Long Yeast Grow,pioreactor02,2025-09-19T06:00:09.871Z,500.9,2025-09-19 08:00:09.871,6.6825
Long Yeast Grow,pioreactor02,2025-09-19T06:00:32.871Z,499.1,2025-09-19 08:00:32.871,6.688888888889
Long Yeast Grow,pioreactor02,2025-09-19T06:00:55.871Z,500.5,2025-09-19 08:00:55.871,6.695277777778
Long Yeast Grow,pioreactor02,2025-09-19T06:01:18.871Z,500.9,2025-09-19 08:01:18.871,6.701666666667
Long Yeast Grow,pioreactor02,2025-09-19T06:01:41.871Z,499.9,2025-09-19 08:01:41.871,6.708055555556
Long Yeast Grow,pioreactor02,2025-09-19T06:02:04.871Z,496.2,2025-09-19 08:02:04.871,6.714444444444
Long Yeast Grow,pioreactor02,2025-09-19T06:02:27.871Z,506.4,2025-09-19 08:02:27.871,6.720833333333
Long Yeast Grow,pioreactor02,2025-09-19T06:02:50.871Z,501.8,2025-09-19 08:02:50.871,6.727222222222
Long Yeast Grow,pioreactor02,2025-09-19T06:03:13.871Z,496.4,2025-09-19 08:03:13.871,6.733611111111
Long Yeast Grow,pioreactor02,2025-09-19T06:03:36.871Z,495.1,2025-09-19 08:03:36.871,6.74
Long Yeast Grow,pioreactor02,2025-09-19T06:03:59.871Z,500.6,2025-09-19 08:03:59.871,6.746388888889
Long Yeast Grow,pioreactor02,2025-09-19T06:04:22.871Z,499.1,2025-09-19 08:04:22.871,6.752777777778
Long Yeast Grow,pioreactor02,2025-09-19T06:04:45.871Z,499.6,2025-09-19 08:04:45.871,6.759166666667
Long Yeast Grow,pioreactor02,2025-09-19T06:05:08.871Z,499.4,2025-09-19 08:05:08.871,6.765555555556
Long Yeast Grow,pioreactor02,2025-09-19T06:05:31.871Z,494.8,2025-09-19 08:05:31.871,6.771944444444
Long Yeast Grow,pioreactor02,2025-09-19T06:05:54.871Z,503.9,2025-09-19 08:05:54.871,6.778333333333
Long Yeast Grow,pioreactor02,2025-09-19T06:06:17.871Z,494.8,2025-09-19 08:06:17.871,6.784722222222
Long Yeast Grow,pioreactor02,2025-09-19T06:06:40.871Z,499.9,2025-09-19 08:06:40.871,6.791111111111
Long Yeast Grow,pioreactor02,2025-09-19T06:07:03.871Z,499.7,2025-09-19 08:07:03.871,6.7975
Long Yeast Grow,pioreactor02,2025-09-19T06:07:26.871Z,505.8,2025-09-19 08:07:26.871,6.803888888889
Long Yeast Grow,pioreactor02,2025-09-19T06:07:49.871Z,506.5,2025-09-19 08:07:49.871,6.810277777778
Long Yeast Grow,pioreactor02,2025-09-19T06:08:12.871Z,494.6,2025-09-19 08:08:12.871,6.816666666667
Long Yeast Grow,pioreactor02,2025-09-19T06:08:35.871Z,500.2,2025-09-19 08:08:35.871,6.823055555556
Long Yeast Grow,pioreactor02,2025-09-19T06:08:58.871Z,489.9,2025-09-19 08:08:58.871,6.829444444444
Long Yeast Grow,pioreactor02,2025-09-19T06:09:21.871Z,507.6,2025-09-19 08:09:21.871,6.835833333333
Long Yeast Grow,pioreactor02,2025-09-19T06:09:44.871Z,505.2,2025-09-19 08:09:44.871,6.842222222222
Long Yeast Grow,pioreactor02,2025-09-19T06:10:07.871Z,488.7,2025-09-19 08:10:07.871,6.848611111111
Long Yeast Grow,pioreactor02,2025-09-19T06:10:30.871Z,498.5,2025-09-19 08:10:30.871,6.855
Long Yeast Grow,pioreactor02,2025-09-19T06:10:53.871Z,500.7,2025-09-19 08:10:53.871,6.861388888889
Long Yeast Grow,pioreactor02,2025-09-19T06:11:16.871Z,497.3,2025-09-19 08:11:16.871,6.867777777778
Long Yeast Grow,pioreactor02,2025-09-19T06:11:39.871Z,512.8,2025-09-19 08:11:39.871,6.874166666667
Long Yeast Grow,pioreactor02,2025-09-19T06:12:02.871Z,495.5,2025-09-19 08:12:02.871,6.880555555556
Long Yeast Grow,pioreactor02,2025-09-19T06:12:25.871Z,500.2,2025-09-19 08:12:25.871,6.886944444444
Long Yeast Grow,pioreactor02,2025-09-19T06:12:48.871Z,506.0,2025-09-19 08:12:48.871,6.893333333333
Long Yeast Grow,pioreactor02,2025-09-19T06:13:11.871Z,497.2,2025-09-19 08:13:11.871,6.899722222222
Long Yeast Grow,pioreactor02,2025-09-19T06:13:34.871Z,494.9,2025-09-19 08:13:34.871,6.906111111111
Long Yeast Grow,pioreactor02,2025-09-19T06:13:57.871Z,495.4,2025-09-19 08:13:57.871,6.9125
Long Yeast Grow,pioreactor02,2025-09-19T06:14:20.871Z,499.5,2025-09-19 08:14:20.871,6.918888888889
Long Yeast Grow,pioreactor02,2025-09-19T06:14:43.871Z,500.5,2025-09-19 08:14:43.871,6.925277777778
Long Yeast Grow,pioreactor02,2025-09-19T06:15:06.871Z,510.8,2025-09-19 08:15:06.871,6.931666666667
Long Yeast Grow,pioreactor02,2025-09-19T06:15:29.871Z,498.5,2025-09-19 08:15:29.871,6.938055555556
Long Yeast Grow,pioreactor02,2025-09-19T06:15:52.871Z,502.8,2025-09-19 08:15:52.871,6.944444444444
Long Yeast Grow,pioreactor02,2025-09-19T06:16:15.871Z,509.1,2025-09-19 08:16:15.871,6.950833333333
Long Yeast Grow,pioreactor02,2025-09-19T06:16:38.871Z,491.9,2025-09-19 08:16:38.871,6.957222222222
Long Yeast Grow,pioreactor02,2025-09-19T06:17:01.871Z,503.8,2025-09-19 08:17:01.871,6.963611111111
Long Yeast Grow,pioreactor02,2025-09-19T06:17:24.871Z,498.5,2025-09-19 08:17:24.871,6.97
Long Yeast Grow,pioreactor02,2025-09-19T06:17:47.871Z,499.9,2025-09-19 08:17:47.871,6.976388888889
Long Yeast Grow,pioreactor02,2025-09-19T06:18:10.871Z,501.2,2025-09-19 08:18:10.871,6.982777777778
Long Yeast Grow,pioreactor02,2025-09-19T06:18:33.871Z,487.2,2025-09-19 08:18:33.871,6.989166666667
Long Yeast Grow,pioreactor02,2025-09-19T06:18:56.871Z,496.3,2025-09-19 08:18:56.871,6.995555555556
Long Yeast Grow,pioreactor02,2025-09-19T06:19:19.871Z,503.7,2025-09-19 08:19:19.871,7.001944444444
Long Yeast Grow,pioreactor02,2025-09-19T06:19:42.871Z,499.8,2025-09-19 08:19:42.871,7.008333333333
Long Yeast Grow,pioreactor02,2025-09-19T06:20:05.871Z,498.8,2025-09-19 08:20:05.871,7.014722222222
Long Yeast Grow,pioreactor02,2025-09-19T06:20:28.871Z,493.9,2025-09-19 08:20:28.871,7.021111111111
Long Yeast Grow,pioreactor02,2025-09-19T06:20:51.871Z,492.3,2025-09-19 08:20:51.871,7.0275
Long Yeast Grow,pioreactor02,2025-09-19T06:21:14.871Z,496.5,2025-09-19 08:21:14.871,7.033888888889
Long Yeast Grow,pioreactor02,2025-09-19T06:21:37.871Z,507.2,2025-09-19 08:21:37.871,7.040277777778
Long Yeast Grow,pioreactor02,2025-09-19T06:22:00.871Z,499.9,2025-09-19 08:22:00.871,7.046666666667
Long Yeast Grow,pioreactor02,2025-09-19T06:22:23.871Z,500.9,2025-09-19 08:22:23.871,7.053055555556
Long Yeast Grow,pioreactor02,2025-09-19T06:22:46.871Z,501.8,2025-09-19 08:22:46.871,7.059444444444
Long Yeast Grow,pioreactor02,2025-09-19T06:23:09.871Z,500.0,2025-09-19 08:23:09.871,7.065833333333
Long Yeast Grow,pioreactor02,2025-09-19T06:23:32.871Z,502.6,2025-09-19 08:23:32.871,7.072222222222
Long Yeast Grow,pioreactor02,2025-09-19T06:23:55.871Z,494.3,2025-09-19 08:23:55.871,7.078611111111
Long Yeast Grow,pioreactor02,2025-09-19T06:24:18.871Z,489.0,2025-09-19 08:24:18.871,7.085
Long Yeast Grow,pioreactor02,2025-09-19T06:24:41.871Z,496.3,2025-09-19 08:24:41.871,7.091388888889
Long Yeast Grow,pioreactor02,2025-09-19T06:25:04.871Z,500.5,2025-09-19 08:25:04.871,7.097777777778
Long Yeast Grow,pioreactor02,2025-09-19T06:25:27.871Z,499.2,2025-09-19 08:25:27.871,7.104166666667
Long Yeast Grow,pioreactor02,2025-09-19T06:25:50.871Z,502.3,2025-09-19 08:25:50.871,7.110555555556
Long Yeast Grow,pioreactor02,2025-09-19T06:26:13.871Z,493.2,2025-09-19 08:26:13.871,7.116944444444
Long Yeast Grow,pioreactor02,2025-09-19T06:26:36.871Z,500.0,2025-09-19 08:26:36.871,7.123333333333
Long Yeast Grow,pioreactor02,2025-09-19T06:26:59.871Z,504.0,2025-09-19 08:26:59.871,7.129722222222
Long Yeast Grow,pioreactor02,2025-09-19T06:27:22.871Z,493.0,2025-09-19 08:27:22.871,7.136111111111
Long Yeast Grow,pioreactor02,2025-09-19T06:27:45.871Z,499.8,2025-09-19 08:27:45.871,7.1425
Long Yeast Grow,pioreactor02,2025-09-19T06:28:08.871Z,506.4,2025-09-19 08:28:08.871,7.148888888889
Long Yeast Grow,pioreactor02,2025-09-19T06:28:31.871Z,504.3,2025-09-19 08:28:31.871,7.155277777778
Long Yeast Grow,pioreactor02,2025-09-19T06:28:54.871Z,503.2,2025-09-19 08:28:54.871,7.161666666667
Long Yeast Grow,pioreactor02,2025-09-19T06:29:17.871Z,497.1,2025-09-19 08:29:17.871,7.168055555556
Long Yeast Grow,pioreactor02,2025-09-19T06:29:40.871Z,503.6,2025-09-19 08:29:40.871,7.174444444444
Long Yeast Grow,pioreactor02,2025-09-19T06:30:03.871Z,492.8,2025-09-19 08:30:03.871,7.180833333333
Long Yeast Grow,pioreactor02,2025-09-19T06:30:26.871Z,499.6,2025-09-19 08:30:26.871,7.187222222222
Long Yeast Grow,pioreactor02,2025-09-19T06:30:49.871Z,500.1,2025-09-19 08:30:49.871,7.193611111111
Long Yeast Grow,pioreactor02,2025-09-19T06:31:12.871Z,501.6,2025-09-19 08:31:12.871,7.2
Long Yeast Grow,pioreactor02,2025-09-19T06:31:35.871Z,507.1,2025-09-19 08:31:35.871,7.206388888889
Long Yeast Grow,pioreactor02,2025-09-19T06:31:58.871Z,493.3,2025-09-19 08:31:58.871,7.212777777778
Long Yeast Grow,pioreactor02,2025-09-19T06:32:21.871Z,503.6,2025-09-19 08:32:21.871,7.219166666667
Long Yeast Grow,pioreactor02,2025-09-19T06:32:44.871Z,499.4,2025-09-19 08:32:44.871,7.225555555556
Long Yeast Grow,pioreactor02,2025-09-19T06:33:07.871Z,499.9,2025-09-19 08:33:07.871,7.231944444444
Long Yeast Grow,pioreactor02,2025-09-19T06:33:30.871Z,498.7,2025-09-19 08:33:30.871,7.238333333333
Long Yeast Grow,pioreactor02,2025-09-19T06:33:53.871Z,503.2,2025-09-19 08:33:53.871,7.244722222222
Long Yeast Grow,pioreactor02,2025-09-19T06:34:16.871Z,492.6,2025-09-19 08:34:16.871,7.251111111111
Long Yeast Grow,pioreactor02,2025-09-19T06:34:39.871Z,508.7,2025-09-19 08:34:39.871,7.2575
Long Yeast Grow,pioreactor02,2025-09-19T06:35:02.871Z,491.9,2025-09-19 08:35:02.871,7.263888888889
Long Yeast Grow,pioreactor02,2025-09-19T06:35:25.871Z,503.7,2025-09-19 08:35:25.871,7.270277777778
Long Yeast Grow,pioreactor02,2025-09-19T06:35:48.871Z,502.3,2025-09-19 08:35:48.871,7.276666666667
Long Yeast Grow,pioreactor02,2025-09-19T06:36:11.871Z,502.9,2025-09-19 08:36:11.871,7.283055555556
Long Yeast Grow,pioreactor02,2025-09-19T06:36:34.871Z,499.5,2025-09-19 08:36:34.871,7.289444444444
Long Yeast Grow,pioreactor02,2025-09-19T06:36:57.871Z,501.6,2025-09-19 08:36:57.871,7.295833333333
Long Yeast Grow,pioreactor02,2025-09-19T06:37:20.871Z,495.4,2025-09-19 08:37:20.871,7.302222222222
Long Yeast Grow,pioreactor02,2025-09-19T06:37:43.871Z,500.7,2025-09-19 08:37:43.871,7.308611111111
Long Yeast Grow,pioreactor02,2025-09-19T06:38:06.871Z,499.2,2025-09-19 08:38:06.871,7.315
Long Yeast Grow,pioreactor02,2025-09-19T06:38:29.871Z,499.5,2025-09-19 08:38:29.871,7.321388888889
Long Yeast Grow,pioreactor02,2025-09-19T06:38:52.871Z,499.0,2025-09-19 08:38:52.871,7.327777777778
Long Yeast Grow,pioreactor02,2025-09-19T06:39:15.871Z,503.4,2025-09-19 08:39:15.871,7.334166666667
Long Yeast Grow,pioreactor02,2025-09-19T06:39:38.871Z,497.5,2025-09-19 08:39:38.871,7.340555555556
Long Yeast Grow,pioreactor02,2025-09-19T06:40:01.871Z,495.5,2025-09-19 08:40:01.871,7.346944444444
Long Yeast Grow,pioreactor02,2025-09-19T06:40:24.871Z,500.5,2025-09-19 08:40:24.871,7.353333333333
Long Yeast Grow,pioreactor02,2025-09-19T06:40:47.871Z,505.0,2025-09-19 08:40:47.871,7.359722222222
Long Yeast Grow,pioreactor02,2025-09-19T06:41:10.871Z,497.6,2025-09-19 08:41:10.871,7.366111111111
Long Yeast Grow,pioreactor02,2025-09-19T06:41:33.871Z,503.3,2025-09-19 08:41:33.871,7.3725
Long Yeast Grow,pioreactor02,2025-09-19T06:41:56.871Z,501.9,2025-09-19 08:41:56.871,7.378888888889
Long Yeast Grow,pioreactor02,2025-09-19T06:42:19.871Z,500.5,2025-09-19 08:42:19.871,7.385277777778
Long Yeast Grow,pioreactor02,2025-09-19T06:42:42.871Z,501.2,2025-09-19 08:42:42.871,7.391666666667
Long Yeast Grow,pioreactor02,2025-09-19T06:43:05.871Z,498.3,2025-09-19 08:43:05.871,7.398055555556
Long Yeast Grow,pioreactor02,2025-09-19T06:43:28.871Z,497.5,2025-09-19 08:43:28.871,7.404444444444
Long Yeast Grow,pioreactor02,2025-09-19T06:43:51.871Z,501.5,2025-09-19 08:43:51.871,7.410833333333
Long Yeast Grow,pioreactor02,2025-09-19T06:44:14.871Z,501.2,2025-09-19 08:44:14.871,7.417222222222
Long Yeast Grow,pioreactor02,2025-09-19T06:44:37.871Z,499.2,2025-09-19 08:44:37.871,7.423611111111
Long Yeast Grow,pioreactor02,2025-09-19T06:45:00.871Z,499.3,2025-09-19 08:45:00.871,7.43
Long Yeast Grow,pioreactor02,2025-09-19T06:45:23.871Z,498.7,2025-09-19 08:45:23.871,7.436388888889
Long Yeast Grow,pioreactor02,2025-09-19T06:45:46.871Z,500.2,2025-09-19 08:45:46.871,7.442777777778
Long Yeast Grow,pioreactor02,2025-09-19T06:46:09.871Z,500.5,2025-09-19 08:46:09.871,7.449166666667
Long Yeast Grow,pioreactor02,2025-09-19T06:46:32.871Z,499.3,2025-09-19 08:46:32.871,7.455555555556
Long Yeast Grow,pioreactor02,2025-09-19T06:46:55.871Z,497.8,2025-09-19 08:46:55.871,7.461944444444
Long Yeast Grow,pioreactor02,2025-09-19T06:47:18.871Z,509.1,2025-09-19 08:47:18.871,7.468333333333
Long Yeast Grow,pioreactor02,2025-09-19T06:47:41.871Z,496.1,2025-09-19 08:47:41.871,7.474722222222
Long Yeast Grow,pioreactor02,2025-09-19T06:48:04.871Z,500.2,2025-09-19 08:48:04.871,7.481111111111
Long Yeast Grow,pioreactor02,2025-09-19T06:48:27.871Z,500.4,2025-09-19 08:48:27.871,7.4875
Long Yeast Grow,pioreactor02,2025-09-19T06:48:50.871Z,500.4,2025-09-19 08:48:50.871,7.493888888889
Long Yeast Grow,pioreactor02,2025-09-19T06:49:13.871Z,493.9,2025-09-19 08:49:13.871,7.500277777778
Long Yeast Grow,pioreactor02,2025-09-19T06:49:36.871Z,499.7,2025-09-19 08:49:36.871,7.506666666667
Long Yeast Grow,pioreactor02,2025-09-19T06:49:59.871Z,495.9,2025-09-19 08:49:59.871,7.513055555556
Long Yeast Grow,pioreactor02,2025-09-19T06:50:22.871Z,499.4,2025-09-19 08:50:22.871,7.519444444444
Long Yeast Grow,pioreactor02,2025-09-19T06:50:45.871Z,501.7,2025-09-19 08:50:45.871,7.525833333333
Long Yeast Grow,pioreactor02,2025-09-19T06:51:08.871Z,493.9,2025-09-19 08:51:08.871,7.532222222222
Long Yeast Grow,pioreactor02,2025-09-19T06:51:31.871Z,500.2,2025-09-19 08:51:31.871,7.538611111111
Long Yeast Grow,pioreactor02,2025-09-19T06:51:54.871Z,499.9,2025-09-19 08:51:54.871,7.545
Long Yeast Grow,pioreactor02,2025-09-19T06:52:17.871Z,499.5,2025-09-19 08:52:17.871,7.551388888889
Long Yeast Grow,pioreactor02,2025-09-19T06:52:40.871Z,503.7,2025-09-19 08:52:40.871,7.557777777778
Long Yeast Grow,pioreactor02,2025-09-19T06:53:03.871Z,499.0,2025-09-19 08:53:03.871,7.564166666667
Long Yeast Grow,pioreactor02,2025-09-19T06:53:26.871Z,502.6,2025-09-19 08:53:26.871,7.570555555556
Long Yeast Grow,pioreactor02,2025-09-19T06:53:49.871Z,503.6,2025-09-19 08:53:49.871,7.576944444444
Long Yeast Grow,pioreactor02,2025-09-19T06:54:12.871Z,505.3,2025-09-19 08:54:12.871,7.583333333333
Long Yeast Grow,pioreactor02,2025-09-19T06:54:35.871Z,496.7,2025-09-19 08:54:35.871,7.589722222222
Long Yeast Grow,pioreactor02,2025-09-19T06:54:58.871Z,499.8,2025-09-19 08:54:58.871,7.596111111111
Long Yeast Grow,pioreactor02,2025-09-19T06:55:21.871Z,500.5,2025-09-19 08:55:21.871,7.6025
Long Yeast Grow,pioreactor02,2025-09-19T06:55:44.871Z,496.9,2025-09-19 08:55:44.871,7.608888888889
Long Yeast Grow,pioreactor02,2025-09-19T06:56:07.871Z,499.6,2025-09-19 08:56:07.871,7.615277777778
Long Yeast Grow,pioreactor02,2025-09-19T06:56:30.871Z,500.6,2025-09-19 08:56:30.871,7.621666666667
Long Yeast Grow,pioreactor02,2025-09-19T06:56:53.871Z,500.4,2025-09-19 08:56:53.871,7.628055555556
Long Yeast Grow,pioreactor02,2025-09-19T06:57:16.871Z,505.4,2025-09-19 08:57:16.871,7.634444444444
Long Yeast Grow,pioreactor02,2025-09-19T06:57:39.871Z,500.2,2025-09-19 08:57:39.871,7.640833333333
Long Yeast Grow,pioreactor02,2025-09-19T06:58:02.871Z,498.3,2025-09-19 08:58:02.871,7.647222222222
Long Yeast Grow,pioreactor02,2025-09-19T06:58:25.871Z,500.3,2025-09-19 08:58:25.871,7.653611111111
Long Yeast Grow,pioreactor02,2025-09-19T06:58:48.871Z,500.4,2025-09-19 08:58:48.871,7.66
Long Yeast Grow,pioreactor02,2025-09-19T06:59:11.871Z,503.5,2025-09-19 08:59:11.871,7.666388888889
Long Yeast Grow,pioreactor02,2025-09-19T06:59:34.871Z,500.0,2025-09-19 08:59:34.871,7.672777777778
Long Yeast Grow,pioreactor02,2025-09-19T06:59:57.871Z,499.8,2025-09-19 08:59:57.871,7.679166666667
Long Yeast Grow,pioreactor02,2025-09-19T07:00:20.871Z,496.5,2025-09-19 09:00:20.871,7.685555555556
Long Yeast Grow,pioreactor02,2025-09-19T07:00:43.871Z,500.5,2025-09-19 09:00:43.871,7.691944444444
Long Yeast Grow,pioreactor02,2025-09-19T07:01:06.871Z,499.1,2025-09-19 09:01:06.871,7.698333333333
Long Yeast Grow,pioreactor02,2025-09-19T07:01:29.871Z,494.3,2025-09-19 09:01:29.871,7.704722222222
Long Yeast Grow,pioreactor02,2025-09-19T07:01:52.871Z,499.4,2025-09-19 09:01:52.871,7.711111111111
Long Yeast Grow,pioreactor02,2025-09-19T07:02:15.871Z,517.2,2025-09-19 09:02:15.871,7.7175
Long Yeast Grow,pioreactor02,2025-09-19T07:02:38.871Z,423.4,2025-09-19 09:02:38.871,7.723888888889
Long Yeast Grow,pioreactor02,2025-09-19T07:03:01.871Z,416.3,2025-09-19 09:03:01.871,7.730277777778
Long Yeast Grow,pioreactor02,2025-09-19T07:03:24.871Z,527.9,2025-09-19 09:03:24.871,7.736666666667
Long Yeast Grow,pioreactor02,2025-09-19T07:03:47.871Z,525.8,2025-09-19 09:03:47.871,7.743055555556
Long Yeast Grow,pioreactor02,2025-09-19T07:04:10.871Z,518.5,2025-09-19 09:04:10.871,7.749444444444
Long Yeast Grow,pioreactor02,2025-09-19T07:04:33.871Z,519.3,2025-09-19 09:04:33.871,7.755833333333
Long Yeast Grow,pioreactor02,2025-09-19T07:04:56.871Z,511.2,2025-09-19 09:04:56.871,7.762222222222
Long Yeast Grow,pioreactor02,2025-09-19T07:05:19.871Z,518.1,2025-09-19 09:05:19.871,7.768611111111
Long Yeast Grow,pioreactor02,2025-09-19T07:05:42.871Z,500.5,2025-09-19 09:05:42.871,7.775
Long Yeast Grow,pioreactor02,2025-09-19T07:06:05.871Z,506.9,2025-09-19 09:06:05.871,7.781388888889
Long Yeast Grow,pioreactor02,2025-09-19T07:06:28.871Z,500.6,2025-09-19 09:06:28.871,7.787777777778
Long Yeast Grow,pioreactor02,2025-09-19T07:06:51.871Z,500.2,2025-09-19 09:06:51.871,7.794166666667
Long Yeast Grow,pioreactor02,2025-09-19T07:07:14.871Z,504.8,2025-09-19 09:07:14.871,7.800555555556
Long Yeast Grow,pioreactor02,2025-09-19T07:07:37.871Z,505.0,2025-09-19 09:07:37.871,7.806944444444
Long Yeast Grow,pioreactor02,2025-09-19T07:08:00.871Z,502.9,2025-09-19 09:08:00.871,7.813333333333
Long Yeast Grow,pioreactor02,2025-09-19T07:08:23.871Z,504.4,2025-09-19 09:08:23.871,7.819722222222
Long Yeast Grow,pioreactor02,2025-09-19T07:08:46.871Z,499.9,2025-09-19 09:08:46.871,7.826111111111
Long Yeast Grow,pioreactor02,2025-09-19T07:09:09.871Z,510.6,2025-09-19 09:09:09.871,7.8325
Long Yeast Grow,pioreactor02,2025-09-19T07:09:32.871Z,502.3,2025-09-19 09:09:32.871,7.838888888889
Long Yeast Grow,pioreactor02,2025-09-19T07:09:55.871Z,494.4,2025-09-19 09:09:55.871,7.845277777778
Long Yeast Grow,pioreactor02,2025-09-19T07:10:18.871Z,500.2,2025-09-19 09:10:18.871,7.851666666667
Long Yeast Grow,pioreactor02,2025-09-19T07:10:41.871Z,500.9,2025-09-19 09:10:41.871,7.858055555556
Long Yeast Grow,pioreactor02,2025-09-19T07:11:04.871Z,503.6,2025-09-19 09:11:04.871,7.864444444444
Long Yeast Grow,pioreactor02,2025-09-19T07:11:27.871Z,496.7,2025-09-19 09:11:27.871,7.870833333333
Long Yeast Grow,pioreactor02,2025-09-19T07:11:50.871Z,504.4,2025-09-19 09:11:50.871,7.877222222222
Long Yeast Grow,pioreactor02,2025-09-19T07:12:13.871Z,412.0,2025-09-19 09:12:13.871,7.883611111111
Long Yeast Grow,pioreactor02,2025-09-19T07:12:36.871Z,419.2,2025-09-19 09:12:36.871,7.89
Long Yeast Grow,pioreactor02,2025-09-19T07:12:59.871Z,529.6,2025-09-19 09:12:59.871,7.896388888889
Long Yeast Grow,pioreactor02,2025-09-19T07:13:22.871Z,522.0,2025-09-19 09:13:22.871,7.902777777778
Long Yeast Grow,pioreactor02,2025-09-19T07:13:45.871Z,531.8,2025-09-19 09:13:45.871,7.909166666667
Long Yeast Grow,pioreactor02,2025-09-19T07:14:08.871Z,512.2,2025-09-19 09:14:08.871,7.915555555556
Long Yeast Grow,pioreactor02,2025-09-19T07:14:31.871Z,512.1,2025-09-19 09:14:31.871,7.921944444444
Long Yeast Grow,pioreactor02,2025-09-19T07:14:54.871Z,505.8,2025-09-19 09:14:54.871,7.928333333333
Long Yeast Grow,pioreactor02,2025-09-19T07:15:17.871Z,510.8,2025-09-19 09:15:17.871,7.934722222222
Long Yeast Grow,pioreactor02,2025-09-19T07:15:40.871Z,499.2,2025-09-19 09:15:40.871,7.941111111111
Long Yeast Grow,pioreactor02,2025-09-19T07:16:03.871Z,515.7,2025-09-19 09:16:03.871,7.9475
Long Yeast Grow,pioreactor02,2025-09-19T07:16:26.871Z,499.3,2025-09-19 09:16:26.871,7.953888888889
Long Yeast Grow,pioreactor02,2025-09-19T07:16:49.871Z,508.8,2025-09-19 09:16:49.871,7.960277777778
Long Yeast Grow,pioreactor02,2025-09-19T07:17:12.871Z,506.6,2025-09-19 09:17:12.871,7.966666666667
Long Yeast Grow,pioreactor02,2025-09-19T07:17:35.871Z,507.5,2025-09-19 09:17:35.871,7.973055555556
Long Yeast Grow,pioreactor02,2025-09-19T07:17:58.871Z,506.9,2025-09-19 09:17:58.871,7.979444444444
Long Yeast Grow,pioreactor02,2025-09-19T07:18:21.871Z,500.6,2025-09-19 09:18:21.871,7.985833333333
Long Yeast Grow,pioreactor02,2025-09-19T07:18:44.871Z,503.0,2025-09-19 09:18:44.871,7.992222222222
Long Yeast Grow,pioreactor02,2025-09-19T07:19:07.871Z,501.0,2025-09-19 09:19:07.871,7.998611111111
Long Yeast Grow,pioreactor02,2025-09-19T07:19:30.871Z,500.8,2025-09-19 09:19:30.871,8.005
Long Yeast Grow,pioreactor02,2025-09-19T07:19:53.871Z,500.3,2025-09-19 09:19:53.871,8.011388888889
Long Yeast Grow,pioreactor02,2025-09-19T07:20:16.871Z,479.9,2025-09-19 09:20:16.871,8.017777777778
Long Yeast Grow,pioreactor02,2025-09-19T07:20:39.871Z,484.6,2025-09-19 09:20:39.871,8.024166666667
Long Yeast Grow,pioreactor02,2025-09-19T07:21:02.871Z,498.6,2025-09-19 09:21:02.871,8.030555555556
Long Yeast Grow,pioreactor02,2025-09-19T07:21:25.871Z,503.5,2025-09-19 09:21:25.871,8.036944444444
Long Yeast Grow,pioreactor02,2025-09-19T07:21:48.871Z,494.5,2025-09-19 09:21:48.871,8.043333333333
Long Yeast Grow,pioreactor02,2025-09-19T07:22:11.871Z,498.8,2025-09-19 09:22:11.871,8.049722222222
Long Yeast Grow,pioreactor02,2025-09-19T07:22:34.871Z,500.0,2025-09-19 09:22:34.871,8.056111111111
Long Yeast Grow,pioreactor02,2025-09-19T07:22:57.871Z,506.1,2025-09-19 09:22:57.871,8.0625
Long Yeast Grow,pioreactor02,2025-09-19T07:23:20.871Z,506.8,2025-09-19 09:23:20.871,8.068888888889
Long Yeast Grow,pioreactor02,2025-09-19T07:23:43.871Z,499.8,2025-09-19 09:23:43.871,8.075277777778
Long Yeast Grow,pioreactor02,2025-09-19T07:24:06.871Z,503.3,2025-09-19 09:24:06.871,8.081666666667
Long Yeast Grow,pioreactor02,2025-09-19T07:24:29.871Z,499.1,2025-09-19 09:24:29.871,8.088055555556
Long Yeast Grow,pioreactor02,2025-09-19T07:24:52.871Z,497.5,2025-09-19 09:24:52.871,8.094444444444
Long Yeast Grow,pioreactor02,2025-09-19T07:25:15.871Z,494.5,2025-09-19 09:25:15.871,8.100833333333
Long Yeast Grow,pioreactor02,2025-09-19T07:25:38.871Z,502.8,2025-09-19 09:25:38.871,8.107222222222
Long Yeast Grow,pioreactor02,2025-09-19T07:26:01.871Z,500.0,2025-09-19 09:26:01.871,8.113611111111
Long Yeast Grow,pioreactor02,2025-09-19T07:26:24.871Z,505.3,2025-09-19 09:26:24.871,8.12
Long Yeast Grow,pioreactor02,2025-09-19T07:26:47.871Z,498.4,2025-09-19 09:26:47.871,8.126388888889
Long Yeast Grow,pioreactor02,2025-09-19T07:27:10.871Z,501.5,2025-09-19 09:27:10.871,8.132777777778
Long Yeast Grow,pioreactor02,2025-09-19T07:27:33.871Z,500.1,2025-09-19 09:27:33.871,8.139166666667
Long Yeast Grow,pioreactor02,2025-09-19T07:27:56.871Z,502.5,2025-09-19 09:27:56.871,8.145555555556
Long Yeast Grow,pioreactor02,2025-09-19T07:28:19.871Z,501.2,2025-09-19 09:28:19.871,8.151944444444
Long Yeast Grow,pioreactor02,2025-09-19T07:28:42.871Z,500.3,2025-09-19 09:28:42.871,8.158333333333
Long Yeast Grow,pioreactor02,2025-09-19T07:29:05.871Z,500.6,2025-09-19 09:29:05.871,8.164722222222
Long Yeast Grow,pioreactor02,2025-09-19T07:29:28.871Z,495.4,2025-09-19 09:29:28.871,8.171111111111
Long Yeast Grow,pioreactor02,2025-09-19T07:29:51.871Z,500.1,2025-09-19 09:29:51.871,8.1775
Long Yeast Grow,pioreactor02,2025-09-19T07:30:14.871Z,499.8,2025-09-19 09:30:14.871,8.183888888889
Long Yeast Grow,pioreactor02,2025-09-19T07:30:37.871Z,498.9,2025-09-19 09:30:37.871,8.190277777778
Long Yeast Grow,pioreactor02,2025-09-19T07:31:00.871Z,497.5,2025-09-19 09:31:00.871,8.196666666667
Long Yeast Grow,pioreactor02,2025-09-19T07:31:23.871Z,494.3,2025-09-19 09:31:23.871,8.203055555556
Long Yeast Grow,pioreactor02,2025-09-19T07:31:46.871Z,497.8,2025-09-19 09:31:46.871,8.209444444444
Long Yeast Grow,pioreactor02,2025-09-19T07:32:09.871Z,500.2,2025-09-19 09:32:09.871,8.215833333333
Long Yeast Grow,pioreactor02,2025-09-19T07:32:32.871Z,496.6,2025-09-19 09:32:32.871,8.222222222222
Long Yeast Grow,pioreactor02,2025-09-19T07:32:55.871Z,508.5,2025-09-19 09:32:55.871,8.228611111111
Long Yeast Grow,pioreactor02,2025-09-19T07:33:18.871Z,500.1,2025-09-19 09:33:18.871,8.235
Long Yeast Grow,pioreactor02,2025-09-19T07:33:41.871Z,503.2,2025-09-19 09:33:41.871,8.241388888889
Long Yeast Grow,pioreactor02,2025-09-19T07:34:04.871Z,494.7,2025-09-19 09:34:04.871,8.247777777778
Long Yeast Grow,pioreactor02,2025-09-19T07:34:27.871Z,499.5,2025-09-19 09:34:27.871,8.254166666667
Long Yeast Grow,pioreactor02,2025-09-19T07:34:50.871Z,499.9,2025-09-19 09:34:50.871,8.260555555556
Long Yeast Grow,pioreactor02,2025-09-19T07:35:13.871Z,506.1,2025-09-19 09:35:13.871,8.266944444444
Long Yeast Grow,pioreactor02,2025-09-19T07:35:36.871Z,506.1,2025-09-19 09:35:36.871,8.273333333333
Long Yeast Grow,pioreactor02,2025-09-19T07:35:59.871Z,505.9,2025-09-19 09:35:59.871,8.279722222222
Long Yeast Grow,pioreactor02,2025-09-19T07:36:22.871Z,507.5,2025-09-19 09:36:22.871,8.286111111111
Long Yeast Grow,pioreactor02,2025-09-19T07:36:45.871Z,500.2,2025-09-19 09:36:45.871,8.2925
Long Yeast Grow,pioreactor02,2025-09-19T07:37:08.871Z,500.2,2025-09-19 09:37:08.871,8.298888888889
Long Yeast Grow,pioreactor02,2025-09-19T07:37:31.871Z,500.4,2025-09-19 09:37:31.871,8.305277777778
Long Yeast Grow,pioreactor02,2025-09-19T07:37:54.871Z,499.9,2025-09-19 09:37:54.871,8.311666666667
Long Yeast Grow,pioreactor02,2025-09-19T07:38:17.871Z,483.7,2025-09-19 09:38:17.871,8.318055555556
Long Yeast Grow,pioreactor02,2025-09-19T07:38:40.871Z,501.9,2025-09-19 09:38:40.871,8.324444444444
Long Yeast Grow,pioreactor02,2025-09-19T07:39:03.871Z,500.8,2025-09-19 09:39:03.871,8.330833333333
Long Yeast Grow,pioreactor02,2025-09-19T07:39:26.871Z,501.3,2025-09-19 09:39:26.871,8.337222222222
Long Yeast Grow,pioreactor02,2025-09-19T07:39:49.871Z,497.7,2025-09-19 09:39:49.871,8.343611111111
Long Yeast Grow,pioreactor02,2025-09-19T07:40:12.871Z,499.5,2025-09-19 09:40:12.871,8.35
Long Yeast Grow,pioreactor02,2025-09-19T07:40:35.871Z,503.4,2025-09-19 09:40:35.871,8.356388888889
Long Yeast Grow,pioreactor02,2025-09-19T07:40:58.871Z,499.7,2025-09-19 09:40:58.871,8.362777777778
Long Yeast Grow,pioreactor02,2025-09-19T07:41:21.871Z,499.5,2025-09-19 09:41:21.871,8.369166666667
Long Yeast Grow,pioreactor02,2025-09-19T07:41:44.871Z,500.6,2025-09-19 09:41:44.871,8.375555555556
Long Yeast Grow,pioreactor02,2025-09-19T07:42:07.871Z,508.0,2025-09-19 09:42:07.871,8.381944444444
Long Yeast Grow,pioreactor02,2025-09-19T07:42:30.871Z,495.8,2025-09-19 09:42:30.871,8.388333333333
Long Yeast Grow,pioreactor02,2025-09-19T07:42:53.871Z,502.3,2025-09-19 09:42:53.871,8.394722222222
Long Yeast Grow,pioreactor02,2025-09-19T07:43:16.871Z,502.4,2025-09-19 09:43:16.871,8.401111111111
Long Yeast Grow,pioreactor02,2025-09-19T07:43:39.871Z,505.1,2025-09-19 09:43:39.871,8.4075
Long Yeast Grow,pioreactor02,2025-09-19T07:44:02.871Z,496.2,2025-09-19 09:44:02.871,8.413888888889
Long Yeast Grow,pioreactor02,2025-09-19T07:44:25.871Z,499.9,2025-09-19 09:44:25.871,8.420277777778
Long Yeast Grow,pioreactor02,2025-09-19T07:44:48.871Z,500.3,2025-09-19 09:44:48.871,8.426666666667
Long Yeast Grow,pioreactor02,2025-09-19T07:45:11.871Z,499.3,2025-09-19 09:45:11.871,8.433055555556
Long Yeast Grow,pioreactor02,2025-09-19T07:45:34.871Z,500.9,2025-09-19 09:45:34.871,8.439444444444
Long Yeast Grow,pioreactor02,2025-09-19T07:45:57.871Z,512.3,2025-09-19 09:45:57.871,8.445833333333
Long Yeast Grow,pioreactor02,2025-09-19T07:46:20.871Z,500.0,2025-09-19 09:46:20.871,8.452222222222
Long Yeast Grow,pioreactor02,2025-09-19T07:46:43.871Z,500.7,2025-09-19 09:46:43.871,8.458611111111
Long Yeast Grow,pioreactor02,2025-09-19T07:47:06.871Z,492.3,2025-09-19 09:47:06.871,8.465
Long Yeast Grow,pioreactor02,2025-09-19T07:47:29.871Z,500.0,2025-09-19 09:47:29.871,8.471388888889
Long Yeast Grow,pioreactor02,2025-09-19T07:47:52.871Z,499.7,2025-09-19 09:47:52.871,8.477777777778
Long Yeast Grow,pioreactor02,2025-09-19T07:48:15.871Z,500.4,2025-09-19 09:48:15.871,8.484166666667
Long Yeast Grow,pioreactor02,2025-09-19T07:48:38.871Z,484.5,2025-09-19 09:48:38.871,8.490555555556
Long Yeast Grow,pioreactor02,2025-09-19T07:49:01.871Z,490.9,2025-09-19 09:49:01.871,8.496944444444
Long Yeast Grow,pioreactor02,2025-09-19T07:49:24.871Z,505.7,2025-09-19 09:49:24.871,8.503333333333
Long Yeast Grow,pioreactor02,2025-09-19T07:49:47.871Z,500.6,2025-09-19 09:49:47.871,8.509722222222
Long Yeast Grow,pioreactor02,2025-09-19T07:50:10.871Z,500.0,2025-09-19 09:50:10.871,8.516111111111
Long Yeast Grow,pioreactor02,2025-09-19T07:50:33.871Z,500.1,2025-09-19 09:50:33.871,8.5225
Long Yeast Grow,pioreactor02,2025-09-19T07:50:56.871Z,504.7,2025-09-19 09:50:56.871,8.528888888889
Long Yeast Grow,pioreactor02,2025-09-19T07:51:19.871Z,495.0,2025-09-19 09:51:19.871,8.535277777778
Long Yeast Grow,pioreactor02,2025-09-19T07:51:42.871Z,497.5,2025-09-19 09:51:42.871,8.541666666667
Long Yeast Grow,pioreactor02,2025-09-19T07:52:05.871Z,503.4,2025-09-19 09:52:05.871,8.548055555556
Long Yeast Grow,pioreactor02,2025-09-19T07:52:28.871Z,501.9,2025-09-19 09:52:28.871,8.554444444444
Long Yeast Grow,pioreactor02,2025-09-19T07:52:51.871Z,499.9,2025-09-19 09:52:51.871,8.560833333333
Long Yeast Grow,pioreactor02,2025-09-19T07:53:14.871Z,501.2,2025-09-19 09:53:14.871,8.567222222222
Long Yeast Grow,pioreactor02,2025-09-19T07:53:37.871Z,494.9,2025-09-19 09:53:37.871,8.573611111111
Long Yeast Grow,pioreactor02,2025-09-19T07:54:00.871Z,506.5,2025-09-19 09:54:00.871,8.58
Long Yeast Grow,pioreactor02,2025-09-19T07:54:23.871Z,500.8,2025-09-19 09:54:23.871,8.586388888889
Long Yeast Grow,pioreactor02,2025-09-19T07:54:46.871Z,504.9,2025-09-19 09:54:46.871,8.592777777778
Long Yeast Grow,pioreactor02,2025-09-19T07:55:09.871Z,490.1,2025-09-19 09:55:09.871,8.599166666667
Long Yeast Grow,pioreactor02,2025-09-19T07:55:32.871Z,506.0,2025-09-19 09:55:32.871,8.605555555556
Long Yeast Grow,pioreactor02,2025-09-19T07:55:55.871Z,499.5,2025-09-19 09:55:55.871,8.611944444444
Long Yeast Grow,pioreactor02,2025-09-19T07:56:18.871Z,500.9,2025-09-19 09:56:18.871,8.618333333333
Long Yeast Grow,pioreactor02,2025-09-19T07:56:41.871Z,498.2,2025-09-19 09:56:41.871,8.624722222222
Long Yeast Grow,pioreactor02,2025-09-19T07:57:04.871Z,512.8,2025-09-19 09:57:04.871,8.631111111111
Long Yeast Grow,pioreactor02,2025-09-19T07:57:27.871Z,500.5,2025-09-19 09:57:27.871,8.6375
Long Yeast Grow,pioreactor02,2025-09-19T07:57:50.871Z,500.4,2025-09-19 09:57:50.871,8.643888888889
Long Yeast Grow,pioreactor02,2025-09-19T07:58:13.871Z,494.5,2025-09-19 09:58:13.871,8.650277777778
Long Yeast Grow,pioreactor02,2025-09-19T07:58:36.871Z,500.5,2025-09-19 09:58:36.871,8.656666666667
Long Yeast Grow,pioreactor02,2025-09-19T07:58:59.871Z,495.8,2025-09-19 09:58:59.871,8.663055555556
Long Yeast Grow,pioreactor02,2025-09-19T07:59:22.871Z,500.2,2025-09-19 09:59:22.871,8.669444444444
Long Yeast Grow,pioreactor02,2025-09-19T07:59:45.871Z,500.7,2025-09-19 09:59:45.871,8.675833333333
Long Yeast Grow,pioreactor02,2025-09-19T08:00:08.871Z,503.4,2025-09-19 10:00:08.871,8.682222222222
Long Yeast Grow,pioreactor02,2025-09-19T08:00:31.871Z,493.7,2025-09-19 10:00:31.871,8.688611111111
Long Yeast Grow,pioreactor02,2025-09-19T08:00:54.871Z,502.9,2025-09-19 10:00:54.871,8.695
Long Yeast Grow,pioreactor02,2025-09-19T08:01:17.871Z,498.2,2025-09-19 10:01:17.871,8.701388888889
Long Yeast Grow,pioreactor02,2025-09-19T08:01:40.871Z,494.7,2025-09-19 10:01:40.871,8.707777777778
Long Yeast Grow,pioreactor02,2025-09-19T08:02:03.871Z,499.4,2025-09-19 10:02:03.871,8.714166666667
Long Yeast Grow,pioreactor02,2025-09-19T08:02:26.871Z,501.1,2025-09-19 10:02:26.871,8.720555555556
Long Yeast Grow,pioreactor02,2025-09-19T08:02:49.871Z,499.7,2025-09-19 10:02:49.871,8.726944444444
Long Yeast Grow,pioreactor02,2025-09-19T08:03:12.871Z,499.6,2025-09-19 10:03:12.871,8.733333333333
Long Yeast Grow,pioreactor02,2025-09-19T08:03:35.871Z,500.1,2025-09-19 10:03:35.871,8.739722222222
Long Yeast Grow,pioreactor02,2025-09-19T08:03:58.871Z,504.3,2025-09-19 10:03:58.871,8.746111111111
Long Yeast Grow,pioreactor02,2025-09-19T08:04:21.871Z,503.4,2025-09-19 10:04:21.871,8.7525
Long Yeast Grow,pioreactor02,2025-09-19T08:04:44.871Z,509.9,2025-09-19 10:04:44.871,8.758888888889
Long Yeast Grow,pioreactor02,2025-09-19T08:05:07.871Z,500.7,2025-09-19 10:05:07.871,8.765277777778
Long Yeast Grow,pioreactor02,2025-09-19T08:05:30.871Z,503.3,2025-09-19 10:05:30.871,8.771666666667
Long Yeast Grow,pioreactor02,2025-09-19T08:05:53.871Z,504.6,2025-09-19 10:05:53.871,8.778055555556
Long Yeast Grow,pioreactor02,2025-09-19T08:06:16.871Z,499.7,2025-09-19 10:06:16.871,8.784444444444
Long Yeast Grow,pioreactor02,2025-09-19T08:06:39.871Z,494.6,2025-09-19 10:06:39.871,8.790833333333
Long Yeast Grow,pioreactor02,2025-09-19T08:07:02.871Z,500.6,2025-09-19 10:07:02.871,8.797222222222
Long Yeast Grow,pioreactor02,2025-09-19T08:07:25.871Z,500.3,2025-09-19 10:07:25.871,8.803611111111
Long Yeast Grow,pioreactor02,2025-09-19T08:07:48.871Z,503.9,2025-09-19 10:07:48.871,8.81
Long Yeast Grow,pioreactor02,2025-09-19T08:08:11.871Z,496.0,2025-09-19 10:08:11.871,8.816388888889
Long Yeast Grow,pioreactor02,2025-09-19T08:08:34.871Z,491.0,2025-09-19 10:08:34.871,8.822777777778
Long Yeast Grow,pioreactor02,2025-09-19T08:08:57.871Z,501.7,2025-09-19 10:08:57.871,8.829166666667
Long Yeast Grow,pioreactor02,2025-09-19T08:09:20.871Z,499.3,2025-09-19 10:09:20.871,8.835555555556
Long Yeast Grow,pioreactor02,2025-09-19T08:09:43.871Z,498.8,2025-09-19 10:09:43.871,8.841944444444
Long Yeast Grow,pioreactor02,2025-09-19T08:10:06.871Z,500.3,2025-09-19 10:10:06.871,8.848333333333
Long Yeast Grow,pioreactor02,2025-09-19T08:10:29.871Z,502.5,2025-09-19 10:10:29.871,8.854722222222
Long Yeast Grow,pioreactor02,2025-09-19T08:10:52.871Z,500.4,2025-09-19 10:10:52.871,8.861111111111
Long Yeast Grow,pioreactor02,2025-09-19T08:11:15.871Z,508.4,2025-09-19 10:11:15.871,8.8675
Long Yeast Grow,pioreactor02,2025-09-19T08:11:38.871Z,500.4,2025-09-19 10:11:38.871,8.873888888889
Long Yeast Grow,pioreactor02,2025-09-19T08:12:01.871Z,498.8,2025-09-19 10:12:01.871,8.880277777778
Long Yeast Grow,pioreactor02,2025-09-19T08:12:24.871Z,499.1,2025-09-19 10:12:24.871,8.886666666667
Long Yeast Grow,pioreactor02,2025-09-19T08:12:47.871Z,496.2,2025-09-19 10:12:47.871,8.893055555556
Long Yeast Grow,pioreactor02,2025-09-19T08:13:10.871Z,500.5,2025-09-19 10:13:10.871,8.899444444444
Long Yeast Grow,pioreactor02,2025-09-19T08:13:33.871Z,496.2,2025-09-19 10:13:33.871,8.905833333333
Long Yeast Grow,pioreactor02,2025-09-19T08:13:56.871Z,501.5,2025-09-19 10:13:56.871,8.912222222222
Long Yeast Grow,pioreactor02,2025-09-19T08:14:19.871Z,497.4,2025-09-19 10:14:19.871,8.918611111111
Long Yeast Grow,pioreactor02,2025-09-19T08:14:42.871Z,506.3,2025-09-19 10:14:42.871,8.925
Long Yeast Grow,pioreactor02,2025-09-19T08:15:05.871Z,503.2,2025-09-19 10:15:05.871,8.931388888889
Long Yeast Grow,pioreactor02,2025-09-19T08:15:28.871Z,491.1,2025-09-19 10:15:28.871,8.937777777778
Long Yeast Grow,pioreactor02,2025-09-19T08:15:51.871Z,499.7,2025-09-19 10:15:51.871,8.944166666667
Long Yeast Grow,pioreactor02,2025-09-19T08:16:14.871Z,503.4,2025-09-19 10:16:14.871,8.950555555556
Long Yeast Grow,pioreactor02,2025-09-19T08:16:37.871Z,487.8,2025-09-19 10:16:37.871,8.956944444444
Long Yeast Grow,pioreactor02,2025-09-19T08:17:00.871Z,501.0,2025-09-19 10:17:00.871,8.963333333333
Long Yeast Grow,pioreactor02,2025-09-19T08:17:23.871Z,505.8,2025-09-19 10:17:23.871,8.969722222222
Long Yeast Grow,pioreactor02,2025-09-19T08:17:46.871Z,499.4,2025-09-19 10:17:46.871,8.976111111111
Long Yeast Grow,pioreactor02,2025-09-19T08:18:09.871Z,506.3,2025-09-19 10:18:09.871,8.9825
Long Yeast Grow,pioreactor02,2025-09-19T08:18:32.871Z,500.7,2025-09-19 10:18:32.871,8.988888888889
Long Yeast Grow,pioreactor02,2025-09-19T08:18:55.871Z,499.2,2025-09-19 10:18:55.871,8.995277777778
Long Yeast Grow,pioreactor02,2025-09-19T08:19:18.871Z,500.4,2025-09-19 10:19:18.871,9.001666666667
Long Yeast Grow,pioreactor02,2025-09-19T08:19:41.871Z,505.1,2025-09-19 10:19:41.871,9.008055555556
Long Yeast Grow,pioreactor02,2025-09-19T08:20:04.871Z,499.9,2025-09-19 10:20:04.871,9.014444444444
Long Yeast Grow,pioreactor02,2025-09-19T08:20:27.871Z,498.8,2025-09-19 10:20:27.871,9.020833333333
Long Yeast Grow,pioreactor02,2025-09-19T08:20:50.871Z,506.6,2025-09-19 10:20:50.871,9.027222222222
Long Yeast Grow,pioreactor02,2025-09-19T08:21:13.871Z,499.3,2025-09-19 10:21:13.871,9.033611111111
Long Yeast Grow,pioreactor02,2025-09-19T08:21:36.871Z,500.2,2025-09-19 10:21:36.871,9.04
Long Yeast Grow,pioreactor02,2025-09-19T08:21:59.871Z,499.4,2025-09-19 10:21:59.871,9.046388888889
Long Yeast Grow,pioreactor02,2025-09-19T08:22:22.871Z,499.8,2025-09-19 10:22:22.871,9.052777777778
Long Yeast Grow,pioreactor02,2025-09-19T08:22:45.871Z,501.2,2025-09-19 10:22:45.871,9.059166666667
Long Yeast Grow,pioreactor02,2025-09-19T08:23:08.871Z,475.0,2025-09-19 10:23:08.871,9.065555555556
Long Yeast Grow,pioreactor02,2025-09-19T08:23:31.871Z,502.7,2025-09-19 10:23:31.871,9.071944444444
Long Yeast Grow,pioreactor02,2025-09-19T08:23:54.871Z,499.1,2025-09-19 10:23:54.871,9.078333333333
Long Yeast Grow,pioreactor02,2025-09-19T08:24:17.871Z,503.2,2025-09-19 10:24:17.871,9.084722222222
Long Yeast Grow,pioreactor02,2025-09-19T08:24:40.871Z,498.5,2025-09-19 10:24:40.871,9.091111111111
Long Yeast Grow,pioreactor02,2025-09-19T08:25:03.871Z,499.5,2025-09-19 10:25:03.871,9.0975
Long Yeast Grow,pioreactor02,2025-09-19T08:25:26.871Z,504.5,2025-09-19 10:25:26.871,9.103888888889
Long Yeast Grow,pioreactor02,2025-09-19T08:25:49.871Z,498.9,2025-09-19 10:25:49.871,9.110277777778
Long Yeast Grow,pioreactor02,2025-09-19T08:26:12.871Z,499.8,2025-09-19 10:26:12.871,9.116666666667
Long Yeast Grow,pioreactor02,2025-09-19T08:26:35.871Z,505.5,2025-09-19 10:26:35.871,9.123055555556
Long Yeast Grow,pioreactor02,2025-09-19T08:26:58.871Z,497.8,2025-09-19 10:26:58.871,9.129444444444
Long Yeast Grow,pioreactor02,2025-09-19T08:27:21.871Z,499.2,2025-09-19 10:27:21.871,9.135833333333
Long Yeast Grow,pioreactor02,2025-09-19T08:27:44.871Z,497.5,2025-09-19 10:27:44.871,9.142222222222
Long Yeast Grow,pioreactor02,2025-09-19T08:28:07.871Z,501.2,2025-09-19 10:28:07.871,9.148611111111
Long Yeast Grow,pioreactor02,2025-09-19T08:28:30.871Z,499.6,2025-09-19 10:28:30.871,9.155
Long Yeast Grow,pioreactor02,2025-09-19T08:28:53.871Z,506.8,2025-09-19 10:28:53.871,9.161388888889
Long Yeast Grow,pioreactor02,2025-09-19T08:29:16.871Z,504.7,2025-09-19 10:29:16.871,9.167777777778
Long Yeast Grow,pioreactor02,2025-09-19T08:29:39.871Z,498.3,2025-09-19 10:29:39.871,9.174166666667
Long Yeast Grow,pioreactor02,2025-09-19T08:30:02.871Z,497.0,2025-09-19 10:30:02.871,9.180555555556
Long Yeast Grow,pioreactor02,2025-09-19T08:30:25.871Z,500.7,2025-09-19 10:30:25.871,9.186944444444
Long Yeast Grow,pioreactor02,2025-09-19T08:30:48.871Z,504.0,2025-09-19 10:30:48.871,9.193333333333
Long Yeast Grow,pioreactor02,2025-09-19T08:31:11.871Z,492.3,2025-09-19 10:31:11.871,9.199722222222
Long Yeast Grow,pioreactor02,2025-09-19T08:31:34.871Z,497.6,2025-09-19 10:31:34.871,9.206111111111
Long Yeast Grow,pioreactor02,2025-09-19T08:31:57.871Z,500.2,2025-09-19 10:31:57.871,9.2125
Long Yeast Grow,pioreactor02,2025-09-19T08:32:20.871Z,501.8,2025-09-19 10:32:20.871,9.218888888889
Long Yeast Grow,pioreactor02,2025-09-19T08:32:43.871Z,499.7,2025-09-19 10:32:43.871,9.225277777778
Long Yeast Grow,pioreactor02,2025-09-19T08:33:06.871Z,491.9,2025-09-19 10:33:06.871,9.231666666667
Long Yeast Grow,pioreactor02,2025-09-19T08:33:29.871Z,507.9,2025-09-19 10:33:29.871,9.238055555556
Long Yeast Grow,pioreactor02,2025-09-19T08:33:52.871Z,503.5,2025-09-19 10:33:52.871,9.244444444444
Long Yeast Grow,pioreactor02,2025-09-19T08:34:15.871Z,504.2,2025-09-19 10:34:15.871,9.250833333333
Long Yeast Grow,pioreactor02,2025-09-19T08:34:38.871Z,495.0,2025-09-19 10:34:38.871,9.257222222222
Long Yeast Grow,pioreactor02,2025-09-19T08:35:01.871Z,495.9,2025-09-19 10:35:01.871,9.263611111111
Long Yeast Grow,pioreactor02,2025-09-19T08:35:24.871Z,499.6,2025-09-19 10:35:24.871,9.27
Long Yeast Grow,pioreactor02,2025-09-19T08:35:47.871Z,499.7,2025-09-19 10:35:47.871,9.276388888889
Long Yeast Grow,pioreactor02,2025-09-19T08:36:10.871Z,505.2,2025-09-19 10:36:10.871,9.282777777778
Long Yeast Grow,pioreactor02,2025-09-19T08:36:33.871Z,499.5,2025-09-19 10:36:33.871,9.289166666667
Long Yeast Grow,pioreactor02,2025-09-19T08:36:56.871Z,500.0,2025-09-19 10:36:56.871,9.295555555556
Long Yeast Grow,pioreactor02,2025-09-19T08:37:19.871Z,499.5,2025-09-19 10:37:19.871,9.301944444444
Long Yeast Grow,pioreactor02,2025-09-19T08:37:42.871Z,498.0,2025-09-19 10:37:42.871,9.308333333333
Long Yeast Grow,pioreactor02,2025-09-19T08:38:05.871Z,510.5,2025-09-19 10:38:05.871,9.314722222222
Long Yeast Grow,pioreactor02,2025-09-19T08:38:28.871Z,502.3,2025-09-19 10:38:28.871,9.321111111111
Long Yeast Grow,pioreactor02,2025-09-19T08:38:51.871Z,491.9,2025-09-19 10:38:51.871,9.3275
Long Yeast Grow,pioreactor02,2025-09-19T08:39:14.871Z,500.3,2025-09-19 10:39:14.871,9.333888888889
Long Yeast Grow,pioreactor02,2025-09-19T08:39:37.871Z,500.6,2025-09-19 10:39:37.871,9.340277777778
Long Yeast Grow,pioreactor02,2025-09-19T08:40:00.871Z,499.3,2025-09-19 10:40:00.871,9.346666666667
Long Yeast Grow,pioreactor02,2025-09-19T08:40:23.871Z,502.2,2025-09-19 10:40:23.871,9.353055555556
Long Yeast Grow,pioreactor02,2025-09-19T08:40:46.871Z,500.2,2025-09-19 10:40:46.871,9.359444444444
Long Yeast Grow,pioreactor02,2025-09-19T08:41:09.871Z,496.4,2025-09-19 10:41:09.871,9.365833333333
Long Yeast Grow,pioreactor02,2025-09-19T08:41:32.871Z,499.5,2025-09-19 10:41:32.871,9.372222222222
Long Yeast Grow,pioreactor02,2025-09-19T08:41:55.871Z,503.6,2025-09-19 10:41:55.871,9.378611111111
Long Yeast Grow,pioreactor02,2025-09-19T08:42:18.871Z,499.2,2025-09-19 10:42:18.871,9.385
Long Yeast Grow,pioreactor02,2025-09-19T08:42:41.871Z,500.2,2025-09-19 10:42:41.871,9.391388888889
Long Yeast Grow,pioreactor02,2025-09-19T08:43:04.871Z,499.6,2025-09-19 10:43:04.871,9.397777777778
Long Yeast Grow,pioreactor02,2025-09-19T08:43:27.871Z,499.5,2025-09-19 10:43:27.871,9.404166666667
Long Yeast Grow,pioreactor02,2025-09-19T08:43:50.871Z,501.8,2025-09-19 10:43:50.871,9.410555555556
Long Yeast Grow,pioreactor02,2025-09-19T08:44:13.871Z,492.4,2025-09-19 10:44:13.871,9.416944444444
Long Yeast Grow,pioreactor02,2025-09-19T08:44:36.871Z,492.4,2025-09-19 10:44:36.871,9.423333333333
Long Yeast Grow,pioreactor02,2025-09-19T08:44:59.871Z,496.0,2025-09-19 10:44:59.871,9.429722222222
Long Yeast Grow,pioreactor02,2025-09-19T08:45:22.871Z,499.2,2025-09-19 10:45:22.871,9.436111111111
Long Yeast Grow,pioreactor02,2025-09-19T08:45:45.871Z,510.2,2025-09-19 10:45:45.871,9.4425
Long Yeast Grow,pioreactor02,2025-09-19T08:46:08.871Z,509.1,2025-09-19 10:46:08.871,9.448888888889
Long Yeast Grow,pioreactor02,2025-09-19T08:46:31.871Z,496.7,2025-09-19 10:46:31.871,9.455277777778
Long Yeast Grow,pioreactor02,2025-09-19T08:46:54.871Z,496.2,2025-09-19 10:46:54.871,9.461666666667
Long Yeast Grow,pioreactor02,2025-09-19T08:47:17.871Z,498.7,2025-09-19 10:47:17.871,9.468055555556
Long Yeast Grow,pioreactor02,2025-09-19T08:47:40.871Z,496.1,2025-09-19 10:47:40.871,9.474444444444
Long Yeast Grow,pioreactor02,2025-09-19T08:48:03.871Z,483.9,2025-09-19 10:48:03.871,9.480833333333
Long Yeast Grow,pioreactor02,2025-09-19T08:48:26.871Z,500.0,2025-09-19 10:48:26.871,9.487222222222
Long Yeast Grow,pioreactor02,2025-09-19T08:48:49.871Z,515.0,2025-09-19 10:48:49.871,9.493611111111
Long Yeast Grow,pioreactor02,2025-09-19T08:49:12.871Z,507.4,2025-09-19 10:49:12.871,9.5
Long Yeast Grow,pioreactor02,2025-09-19T08:49:35.871Z,499.1,2025-09-19 10:49:35.871,9.506388888889
Long Yeast Grow,pioreactor02,2025-09-19T08:49:58.871Z,493.7,2025-09-19 10:49:58.871,9.512777777778
Long Yeast Grow,pioreactor02,2025-09-19T08:50:21.871Z,499.4,2025-09-19 10:50:21.871,9.519166666667
Long Yeast Grow,pioreactor02,2025-09-19T08:50:44.871Z,496.6,2025-09-19 10:50:44.871,9.525555555556
Long Yeast Grow,pioreactor02,2025-09-19T08:51:07.871Z,494.4,2025-09-19 10:51:07.871,9.531944444444
Long Yeast Grow,pioreactor02,2025-09-19T08:51:30.871Z,505.4,2025-09-19 10:51:30.871,9.538333333333
Long Yeast Grow,pioreactor02,2025-09-19T08:51:53.871Z,500.1,2025-09-19 10:51:53.871,9.544722222222
Long Yeast Grow,pioreactor02,2025-09-19T08:52:16.871Z,499.4,2025-09-19 10:52:16.871,9.551111111111
Long Yeast Grow,pioreactor02,2025-09-19T08:52:39.871Z,500.1,2025-09-19 10:52:39.871,9.5575
Long Yeast Grow,pioreactor02,2025-09-19T08:53:02.871Z,503.6,2025-09-19 10:53:02.871,9.563888888889
Long Yeast Grow,pioreactor02,2025-09-19T08:53:25.871Z,494.6,2025-09-19 10:53:25.871,9.570277777778
Long Yeast Grow,pioreactor02,2025-09-19T08:53:48.871Z,500.4,2025-09-19 10:53:48.871,9.576666666667
Long Yeast Grow,pioreactor02,2025-09-19T08:54:11.871Z,500.2,2025-09-19 10:54:11.871,9.583055555556
Long Yeast Grow,pioreactor02,2025-09-19T08:54:34.871Z,499.6,2025-09-19 10:54:34.871,9.589444444444
Long Yeast Grow,pioreactor02,2025-09-19T08:54:57.871Z,501.2,2025-09-19 10:54:57.871,9.595833333333
Long Yeast Grow,pioreactor02,2025-09-19T08:55:20.871Z,502.0,2025-09-19 10:55:20.871,9.602222222222
Long Yeast Grow,pioreactor02,2025-09-19T08:55:43.871Z,507.5,2025-09-19 10:55:43.871,9.608611111111
Long Yeast Grow,pioreactor02,2025-09-19T08:56:06.871Z,499.9,2025-09-19 10:56:06.871,9.615
Long Yeast Grow,pioreactor02,2025-09-19T08:56:29.871Z,506.1,2025-09-19 10:56:29.871,9.621388888889
Long Yeast Grow,pioreactor02,2025-09-19T08:56:52.871Z,496.9,2025-09-19 10:56:52.871,9.627777777778
Long Yeast Grow,pioreactor02,2025-09-19T08:57:15.871Z,501.0,2025-09-19 10:57:15.871,9.634166666667
Long Yeast Grow,pioreactor02,2025-09-19T08:57:38.871Z,500.4,2025-09-19 10:57:38.871,9.640555555556
Long Yeast Grow,pioreactor02,2025-09-19T08:58:01.871Z,499.7,2025-09-19 10:58:01.871,9.646944444444
Long Yeast Grow,pioreactor02,2025-09-19T08:58:24.871Z,500.1,2025-09-19 10:58:24.871,9.653333333333
Long Yeast Grow,pioreactor02,2025-09-19T08:58:47.871Z,493.1,2025-09-19 10:58:47.871,9.659722222222
Long Yeast Grow,pioreactor02,2025-09-19T08:59:10.871Z,496.3,2025-09-19 10:59:10.871,9.666111111111
Long Yeast Grow,pioreactor02,2025-09-19T08:59:33.871Z,498.5,2025-09-19 10:59:33.871,9.6725
Long Yeast Grow,pioreactor02,2025-09-19T08:59:56.871Z,501.1,2025-09-19 10:59:56.871,9.678888888889
Long Yeast Grow,pioreactor02,2025-09-19T09:00:19.871Z,491.8,2025-09-19 11:00:19.871,9.685277777778
Long Yeast Grow,pioreactor02,2025-09-19T09:00:42.871Z,497.9,2025-09-19 11:00:42.871,9.691666666667
Long Yeast Grow,pioreactor02,2025-09-19T09:01:05.871Z,502.9,2025-09-19 11:01:05.871,9.698055555556
Long Yeast Grow,pioreactor02,2025-09-19T09:01:28.871Z,508.1,2025-09-19 11:01:28.871,9.704444444444
Long Yeast Grow,pioreactor02,2025-09-19T09:01:51.871Z,500.6,2025-09-19 11:01:51.871,9.710833333333
Long Yeast Grow,pioreactor02,2025-09-19T09:02:14.871Z,500.1,2025-09-19 11:02:14.871,9.717222222222
Long Yeast Grow,pioreactor02,2025-09-19T09:02:37.871Z,503.6,2025-09-19 11:02:37.871,9.723611111111
Long Yeast Grow,pioreactor02,2025-09-19T09:03:00.871Z,500.6,2025-09-19 11:03:00.871,9.73
Long Yeast Grow,pioreactor02,2025-09-19T09:03:23.871Z,500.7,2025-09-19 11:03:23.871,9.736388888889
Long Yeast Grow,pioreactor02,2025-09-19T09:03:46.871Z,496.4,2025-09-19 11:03:46.871,9.742777777778
Long Yeast Grow,pioreactor02,2025-09-19T09:04:09.871Z,500.3,2025-09-19 11:04:09.871,9.749166666667
Long Yeast Grow,pioreactor02,2025-09-19T09:04:32.871Z,500.0,2025-09-19 11:04:32.871,9.755555555556
Long Yeast Grow,pioreactor02,2025-09-19T09:04:55.871Z,518.4,2025-09-19 11:04:55.871,9.761944444444
Long Yeast Grow,pioreactor02,2025-09-19T09:05:18.871Z,500.5,2025-09-19 11:05:18.871,9.768333333333
Long Yeast Grow,pioreactor02,2025-09-19T09:05:41.871Z,495.5,2025-09-19 11:05:41.871,9.774722222222
Long Yeast Grow,pioreactor02,2025-09-19T09:06:04.871Z,504.1,2025-09-19 11:06:04.871,9.781111111111
Long Yeast Grow,pioreactor02,2025-09-19T09:06:27.871Z,500.1,2025-09-19 11:06:27.871,9.7875
Long Yeast Grow,pioreactor02,2025-09-19T09:06:50.871Z,494.2,2025-09-19 11:06:50.871,9.793888888889
Long Yeast Grow,pioreactor02,2025-09-19T09:07:13.871Z,499.8,2025-09-19 11:07:13.871,9.800277777778
Long Yeast Grow,pioreactor02,2025-09-19T09:07:36.871Z,506.0,2025-09-19 11:07:36.871,9.806666666667
Long Yeast Grow,pioreactor02,2025-09-19T09:07:59.871Z,496.0,2025-09-19 11:07:59.871,9.813055555556
Long Yeast Grow,pioreactor02,2025-09-19T09:08:22.871Z,499.2,2025-09-19 11:08:22.871,9.819444444444
Long Yeast Grow,pioreactor02,2025-09-19T09:08:45.871Z,493.3,2025-09-19 11:08:45.871,9.825833333333
Long Yeast Grow,pioreactor02,2025-09-19T09:09:08.871Z,501.7,2025-09-19 11:09:08.871,9.832222222222
Long Yeast Grow,pioreactor02,2025-09-19T09:09:31.871Z,499.9,2025-09-19 11:09:31.871,9.838611111111
Long Yeast Grow,pioreactor02,2025-09-19T09:09:54.871Z,497.8,2025-09-19 11:09:54.871,9.845
Long Yeast Grow,pioreactor02,2025-09-19T09:10:17.871Z,489.9,2025-09-19 11:10:17.871,9.851388888889
Long Yeast Grow,pioreactor02,2025-09-19T09:10:40.871Z,500.3,2025-09-19 11:10:40.871,9.857777777778
Long Yeast Grow,pioreactor02,2025-09-19T09:11:03.871Z,504.9,2025-09-19 11:11:03.871,9.864166666667
Long Yeast Grow,pioreactor02,2025-09-19T09:11:26.871Z,483.2,2025-09-19 11:11:26.871,9.870555555556
Long Yeast Grow,pioreactor02,2025-09-19T09:11:49.871Z,499.5,2025-09-19 11:11:49.871,9.876944444444
Long Yeast Grow,pioreactor02,2025-09-19T09:12:12.871Z,503.4,2025-09-19 11:12:12.871,9.883333333333
Long Yeast Grow,pioreactor02,2025-09-19T09:12:35.871Z,507.7,2025-09-19 11:12:35.871,9.889722222222
Long Yeast Grow,pioreactor02,2025-09-19T09:12:58.871Z,500.2,2025-09-19 11:12:58.871,9.896111111111
Long Yeast Grow,pioreactor02,2025-09-19T09:13:21.871Z,499.7,2025-09-19 11:13:21.871,9.9025
Long Yeast Grow,pioreactor02,2025-09-19T09:13:44.871Z,493.9,2025-09-19 11:13:44.871,9.908888888889
Long Yeast Grow,pioreactor02,2025-09-19T09:14:07.871Z,499.7,2025-09-19 11:14:07.871,9.915277777778
Long Yeast Grow,pioreactor02,2025-09-19T09:14:30.871Z,495.2,2025-09-19 11:14:30.871,9.921666666667
Long Yeast Grow,pioreactor02,2025-09-19T09:14:53.871Z,503.4,2025-09-19 11:14:53.871,9.928055555556
Long Yeast Grow,pioreactor02,2025-09-19T09:15:16.871Z,502.9,2025-09-19 11:15:16.871,9.934444444444
Long Yeast Grow,pioreactor02,2025-09-19T09:15:39.871Z,499.4,2025-09-19 11:15:39.871,9.940833333333
Long Yeast Grow,pioreactor02,2025-09-19T09:16:02.871Z,499.2,2025-09-19 11:16:02.871,9.947222222222
Long Yeast Grow,pioreactor02,2025-09-19T09:16:25.871Z,511.0,2025-09-19 11:16:25.871,9.953611111111
Long Yeast Grow,pioreactor02,2025-09-19T09:16:48.871Z,499.4,2025-09-19 11:16:48.871,9.96
Long Yeast Grow,pioreactor02,2025-09-19T09:17:11.871Z,501.4,2025-09-19 11:17:11.871,9.966388888889
Long Yeast Grow,pioreactor02,2025-09-19T09:17:34.871Z,490.4,2025-09-19 11:17:34.871,9.972777777778
Long Yeast Grow,pioreactor02,2025-09-19T09:17:57.871Z,499.7,2025-09-19 11:17:57.871,9.979166666667
Long Yeast Grow,pioreactor02,2025-09-19T09:18:20.871Z,499.1,2025-09-19 11:18:20.871,9.985555555556
Long Yeast Grow,pioreactor02,2025-09-19T09:18:43.871Z,493.3,2025-09-19 11:18:43.871,9.991944444444
Long Yeast Grow,pioreactor02,2025-09-19T09:19:06.871Z,502.1,2025-09-19 11:19:06.871,9.998333333333
Long Yeast Grow,pioreactor02,2025-09-19T09:19:29.871Z,494.6,2025-09-19 11:19:29.871,10.004722222222
Long Yeast Grow,pioreactor02,2025-09-19T09:19:52.871Z,508.1,2025-09-19 11:19:52.871,10.011111111111
Long Yeast Grow,pioreactor02,2025-09-19T09:20:15.871Z,498.0,2025-09-19 11:20:15.871,10.0175
Long Yeast Grow,pioreactor02,2025-09-19T09:20:38.871Z,508.2,2025-09-19 11:20:38.871,10.023888888889
Long Yeast Grow,pioreactor02,2025-09-19T09:21:01.871Z,500.1,2025-09-19 11:21:01.871,10.030277777778
Long Yeast Grow,pioreactor02,2025-09-19T09:21:24.871Z,490.0,2025-09-19 11:21:24.871,10.036666666667
Long Yeast Grow,pioreactor02,2025-09-19T09:21:47.871Z,499.1,2025-09-19 11:21:47.871,10.043055555556
Long Yeast Grow,pioreactor02,2025-09-19T09:22:10.871Z,499.4,2025-09-19 11:22:10.871,10.049444444444
Long Yeast Grow,pioreactor02,2025-09-19T09:22:33.871Z,504.1,2025-09-19 11:22:33.871,10.055833333333
Long Yeast Grow,pioreactor02,2025-09-19T09:22:56.871Z,501.2,2025-09-19 11:22:56.871,10.062222222222
Long Yeast Grow,pioreactor02,2025-09-19T09:23:19.871Z,491.2,2025-09-19 11:23:19.871,10.068611111111
Long Yeast Grow,pioreactor02,2025-09-19T09:23:42.871Z,506.3,2025-09-19 11:23:42.871,10.075
Long Yeast Grow,pioreactor02,2025-09-19T09:24:05.871Z,499.9,2025-09-19 11:24:05.871,10.081388888889
Long Yeast Grow,pioreactor02,2025-09-19T09:24:28.871Z,498.6,2025-09-19 11:24:28.871,10.087777777778
Long Yeast Grow,pioreactor02,2025-09-19T09:24:51.871Z,501.3,2025-09-19 11:24:51.871,10.094166666667
Long Yeast Grow,pioreactor02,2025-09-19T09:25:14.871Z,504.1,2025-09-19 11:25:14.871,10.100555555556
Long Yeast Grow,pioreactor02,2025-09-19T09:25:37.871Z,500.3,2025-09-19 11:25:37.871,10.106944444444
Long Yeast Grow,pioreactor02,2025-09-19T09:26:00.871Z,505.5,2025-09-19 11:26:00.871,10.113333333333
Long Yeast Grow,pioreactor02,2025-09-19T09:26:23.871Z,498.7,2025-09-19 11:26:23.871,10.119722222222
Long Yeast Grow,pioreactor02,2025-09-19T09:26:46.871Z,504.9,2025-09-19 11:26:46.871,10.126111111111
Long Yeast Grow,pioreactor02,2025-09-19T09:27:09.871Z,496.3,2025-09-19 11:27:09.871,10.1325
Long Yeast Grow,pioreactor02,2025-09-19T09:27:32.871Z,507.1,2025-09-19 11:27:32.871,10.138888888889
Long Yeast Grow,pioreactor02,2025-09-19T09:27:55.871Z,499.5,2025-09-19 11:27:55.871,10.145277777778
Long Yeast Grow,pioreactor02,2025-09-19T09:28:18.871Z,502.3,2025-09-19 11:28:18.871,10.151666666667
Long Yeast Grow,pioreactor02,2025-09-19T09:28:41.871Z,500.7,2025-09-19 11:28:41.871,10.158055555556
Long Yeast Grow,pioreactor02,2025-09-19T09:29:04.871Z,503.0,2025-09-19 11:29:04.871,10.164444444444
Long Yeast Grow,pioreactor02,2025-09-19T09:29:27.871Z,499.2,2025-09-19 11:29:27.871,10.170833333333
Long Yeast Grow,pioreactor02,2025-09-19T09:29:50.871Z,488.7,2025-09-19 11:29:50.871,10.177222222222
Long Yeast Grow,pioreactor02,2025-09-19T09:30:13.871Z,497.4,2025-09-19 11:30:13.871,10.183611111111
Long Yeast Grow,pioreactor02,2025-09-19T09:30:36.871Z,503.6,2025-09-19 11:30:36.871,10.19
Long Yeast Grow,pioreactor02,2025-09-19T09:30:59.871Z,499.6,2025-09-19 11:30:59.871,10.196388888889
Long Yeast Grow,pioreactor02,2025-09-19T09:31:22.871Z,499.9,2025-09-19 11:31:22.871,10.202777777778
Long Yeast Grow,pioreactor02,2025-09-19T09:31:45.871Z,504.5,2025-09-19 11:31:45.871,10.209166666667
Long Yeast Grow,pioreactor02,2025-09-19T09:32:08.871Z,497.8,2025-09-19 11:32:08.871,10.215555555556
Long Yeast Grow,pioreactor02,2025-09-19T09:32:31.871Z,497.8,2025-09-19 11:32:31.871,10.221944444444
Long Yeast Grow,pioreactor02,2025-09-19T09:32:54.871Z,506.8,2025-09-19 11:32:54.871,10.228333333333
Long Yeast Grow,pioreactor02,2025-09-19T09:33:17.871Z,504.3,2025-09-19 11:33:17.871,10.234722222222
Long Yeast Grow,pioreactor02,2025-09-19T09:33:40.871Z,500.0,2025-09-19 11:33:40.871,10.241111111111
Long Yeast Grow,pioreactor02,2025-09-19T09:34:03.871Z,490.1,2025-09-19 11:34:03.871,10.2475
Long Yeast Grow,pioreactor02,2025-09-19T09:34:26.871Z,499.5,2025-09-19 11:34:26.871,10.253888888889
Long Yeast Grow,pioreactor02,2025-09-19T09:34:49.871Z,500.8,2025-09-19 11:34:49.871,10.260277777778
Long Yeast Grow,pioreactor02,2025-09-19T09:35:12.871Z,499.5,2025-09-19 11:35:12.871,10.266666666667
Long Yeast Grow,pioreactor02,2025-09-19T09:35:35.871Z,500.0,2025-09-19 11:35:35.871,10.273055555556
Long Yeast Grow,pioreactor02,2025-09-19T09:35:58.871Z,497.0,2025-09-19 11:35:58.871,10.279444444444
Long Yeast Grow,pioreactor02,2025-09-19T09:36:21.871Z,504.8,2025-09-19 11:36:21.871,10.285833333333
Long Yeast Grow,pioreactor02,2025-09-19T09:36:44.871Z,498.6,2025-09-19 11:36:44.871,10.292222222222
Long Yeast Grow,pioreactor02,2025-09-19T09:37:07.871Z,500.2,2025-09-19 11:37:07.871,10.298611111111
Long Yeast Grow,pioreactor02,2025-09-19T09:37:30.871Z,498.8,2025-09-19 11:37:30.871,10.305
Long Yeast Grow,pioreactor02,2025-09-19T09:37:53.871Z,505.5,2025-09-19 11:37:53.871,10.311388888889
Long Yeast Grow,pioreactor02,2025-09-19T09:38:16.871Z,511.7,2025-09-19 11:38:16.871,10.317777777778
Long Yeast Grow,pioreactor02,2025-09-19T09:38:39.871Z,480.4,2025-09-19 11:38:39.871,10.324166666667
Long Yeast Grow,pioreactor02,2025-09-19T09:39:02.871Z,483.9,2025-09-19 11:39:02.871,10.330555555556
Long Yeast Grow,pioreactor02,2025-09-19T09:39:25.871Z,500.6,2025-09-19 11:39:25.871,10.336944444444
Long Yeast Grow,pioreactor02,2025-09-19T09:39:48.871Z,505.9,2025-09-19 11:39:48.871,10.343333333333
Long Yeast Grow,pioreactor02,2025-09-19T09:40:11.871Z,501.9,2025-09-19 11:40:11.871,10.349722222222
Long Yeast Grow,pioreactor02,2025-09-19T09:40:34.871Z,499.9,2025-09-19 11:40:34.871,10.356111111111
Long Yeast Grow,pioreactor02,2025-09-19T09:40:57.871Z,500.2,2025-09-19 11:40:57.871,10.3625
Long Yeast Grow,pioreactor02,2025-09-19T09:41:20.871Z,498.1,2025-09-19 11:41:20.871,10.368888888889
Long Yeast Grow,pioreactor02,2025-09-19T09:41:43.871Z,502.8,2025-09-19 11:41:43.871,10.375277777778
Long Yeast Grow,pioreactor02,2025-09-19T09:42:06.871Z,499.8,2025-09-19 11:42:06.871,10.381666666667
Long Yeast Grow,pioreactor02,2025-09-19T09:42:29.871Z,508.6,2025-09-19 11:42:29.871,10.388055555556
Long Yeast Grow,pioreactor02,2025-09-19T09:42:52.871Z,511.4,2025-09-19 11:42:52.871,10.394444444444
Long Yeast Grow,pioreactor02,2025-09-19T09:43:15.871Z,500.0,2025-09-19 11:43:15.871,10.400833333333
Long Yeast Grow,pioreactor02,2025-09-19T09:43:38.871Z,494.9,2025-09-19 11:43:38.871,10.407222222222
Long Yeast Grow,pioreactor02,2025-09-19T09:44:01.871Z,501.7,2025-09-19 11:44:01.871,10.413611111111
Long Yeast Grow,pioreactor02,2025-09-19T09:44:24.871Z,501.1,2025-09-19 11:44:24.871,10.42
Long Yeast Grow,pioreactor02,2025-09-19T09:44:47.871Z,500.3,2025-09-19 11:44:47.871,10.426388888889
Long Yeast Grow,pioreactor02,2025-09-19T09:45:10.871Z,499.9,2025-09-19 11:45:10.871,10.432777777778
Long Yeast Grow,pioreactor02,2025-09-19T09:45:33.871Z,508.0,2025-09-19 11:45:33.871,10.439166666667
Long Yeast Grow,pioreactor02,2025-09-19T09:45:56.871Z,407.8,2025-09-19 11:45:56.871,10.445555555556
Long Yeast Grow,pioreactor02,2025-09-19T09:46:19.871Z,411.8,2025-09-19 11:46:19.871,10.451944444444
Long Yeast Grow,pioreactor02,2025-09-19T09:46:42.871Z,415.0,2025-09-19 11:46:42.871,10.458333333333
Long Yeast Grow,pioreactor02,2025-09-19T09:47:05.871Z,560.6,2025-09-19 11:47:05.871,10.464722222222
Long Yeast Grow,pioreactor02,2025-09-19T09:47:28.871Z,548.3,2025-09-19 11:47:28.871,10.471111111111
Long Yeast Grow,pioreactor02,2025-09-19T09:47:51.871Z,539.3,2025-09-19 11:47:51.871,10.4775
Long Yeast Grow,pioreactor02,2025-09-19T09:48:14.871Z,528.4,2025-09-19 11:48:14.871,10.483888888889
Long Yeast Grow,pioreactor02,2025-09-19T09:48:37.871Z,527.0,2025-09-19 11:48:37.871,10.490277777778
Long Yeast Grow,pioreactor02,2025-09-19T09:49:00.871Z,514.3,2025-09-19 11:49:00.871,10.496666666667
Long Yeast Grow,pioreactor02,2025-09-19T09:49:23.871Z,509.7,2025-09-19 11:49:23.871,10.503055555556
Long Yeast Grow,pioreactor02,2025-09-19T09:49:46.871Z,512.5,2025-09-19 11:49:46.871,10.509444444444
Long Yeast Grow,pioreactor02,2025-09-19T09:50:09.871Z,500.1,2025-09-19 11:50:09.871,10.515833333333
Long Yeast Grow,pioreactor02,2025-09-19T09:50:32.871Z,503.2,2025-09-19 11:50:32.871,10.522222222222
Long Yeast Grow,pioreactor02,2025-09-19T09:50:55.871Z,500.4,2025-09-19 11:50:55.871,10.528611111111
Long Yeast Grow,pioreactor02,2025-09-19T09:51:18.871Z,501.9,2025-09-19 11:51:18.871,10.535
Long Yeast Grow,pioreactor02,2025-09-19T09:51:41.871Z,506.0,2025-09-19 11:51:41.871,10.541388888889
Long Yeast Grow,pioreactor02,2025-09-19T09:52:04.871Z,500.7,2025-09-19 11:52:04.871,10.547777777778
Long Yeast Grow,pioreactor02,2025-09-19T09:52:27.871Z,506.6,2025-09-19 11:52:27.871,10.554166666667
Long Yeast Grow,pioreactor02,2025-09-19T09:52:50.871Z,499.5,2025-09-19 11:52:50.871,10.560555555556
Long Yeast Grow,pioreactor02,2025-09-19T09:53:13.871Z,500.7,2025-09-19 11:53:13.871,10.566944444444
Long Yeast Grow,pioreactor02,2025-09-19T09:53:36.871Z,497.3,2025-09-19 11:53:36.871,10.573333333333
Long Yeast Grow,pioreactor02,2025-09-19T09:53:59.871Z,493.2,2025-09-19 11:53:59.871,10.579722222222
Long Yeast Grow,pioreactor02,2025-09-19T09:54:22.871Z,503.6,2025-09-19 11:54:22.871,10.586111111111
Long Yeast Grow,pioreactor02,2025-09-19T09:54:45.871Z,499.2,2025-09-19 11:54:45.871,10.5925
Long Yeast Grow,pioreactor02,2025-09-19T09:55:08.871Z,499.4,2025-09-19 11:55:08.871,10.598888888889
Long Yeast Grow,pioreactor02,2025-09-19T09:55:31.871Z,507.8,2025-09-19 11:55:31.871,10.605277777778
Long Yeast Grow,pioreactor02,2025-09-19T09:55:54.871Z,499.7,2025-09-19 11:55:54.871,10.611666666667
Long Yeast Grow,pioreactor02,2025-09-19T09:56:17.871Z,506.3,2025-09-19 11:56:17.871,10.618055555556
Long Yeast Grow,pioreactor02,2025-09-19T09:56:40.871Z,499.6,2025-09-19 11:56:40.871,10.624444444444
Long Yeast Grow,pioreactor02,2025-09-19T09:57:03.871Z,497.4,2025-09-19 11:57:03.871,10.630833333333
Long Yeast Grow,pioreactor02,2025-09-19T09:57:26.871Z,499.8,2025-09-19 11:57:26.871,10.637222222222
Long Yeast Grow,pioreactor02,2025-09-19T09:57:49.871Z,493.9,2025-09-19 11:57:49.871,10.643611111111
Long Yeast Grow,pioreactor02,2025-09-19T09:58:12.871Z,499.3,2025-09-19 11:58:12.871,10.65
Long Yeast Grow,pioreactor02,2025-09-19T09:58:35.871Z,500.2,2025-09-19 11:58:35.871,10.656388888889
Long Yeast Grow,pioreactor02,2025-09-19T09:58:58.871Z,501.5,2025-09-19 11:58:58.871,10.662777777778
Long Yeast Grow,pioreactor02,2025-09-19T09:59:21.871Z,500.4,2025-09-19 11:59:21.871,10.669166666667
Long Yeast Grow,pioreactor02,2025-09-19T09:59:44.871Z,501.6,2025-09-19 11:59:44.871,10.675555555556
Long Yeast Grow,pioreactor02,2025-09-19T10:00:07.871Z,500.5,2025-09-19 12:00:07.871,10.681944444444
Long Yeast Grow,pioreactor02,2025-09-19T10:00:30.871Z,499.7,2025-09-19 12:00:30.871,10.688333333333
Long Yeast Grow,pioreactor02,2025-09-19T10:00:53.871Z,498.0,2025-09-19 12:00:53.871,10.694722222222
Long Yeast Grow,pioreactor02,2025-09-19T10:01:16.871Z,496.8,2025-09-19 12:01:16.871,10.701111111111
Long Yeast Grow,pioreactor02,2025-09-19T10:01:39.871Z,508.4,2025-09-19 12:01:39.871,10.7075
Long Yeast Grow,pioreactor02,2025-09-19T10:02:02.871Z,511.3,2025-09-19 12:02:02.871,10.713888888889
Long Yeast Grow,pioreactor02,2025-09-19T10:02:25.871Z,506.3,2025-09-19 12:02:25.871,10.720277777778
Long Yeast Grow,pioreactor02,2025-09-19T10:02:48.871Z,504.7,2025-09-19 12:02:48.871,10.726666666667
Long Yeast Grow,pioreactor02,2025-09-19T10:03:11.871Z,500.6,2025-09-19 12:03:11.871,10.733055555556
Long Yeast Grow,pioreactor02,2025-09-19T10:03:34.871Z,498.2,2025-09-19 12:03:34.871,10.739444444444
Long Yeast Grow,pioreactor02,2025-09-19T10:03:57.871Z,500.0,2025-09-19 12:03:57.871,10.745833333333
Long Yeast Grow,pioreactor02,2025-09-19T10:04:20.871Z,491.0,2025-09-19 12:04:20.871,10.752222222222
Long Yeast Grow,pioreactor02,2025-09-19T10:04:43.871Z,499.1,2025-09-19 12:04:43.871,10.758611111111
Long Yeast Grow,pioreactor02,2025-09-19T10:05:06.871Z,503.0,2025-09-19 12:05:06.871,10.765
Long Yeast Grow,pioreactor02,2025-09-19T10:05:29.871Z,501.6,2025-09-19 12:05:29.871,10.771388888889
Long Yeast Grow,pioreactor02,2025-09-19T10:05:52.871Z,493.3,2025-09-19 12:05:52.871,10.777777777778
Long Yeast Grow,pioreactor02,2025-09-19T10:06:15.871Z,506.5,2025-09-19 12:06:15.871,10.784166666667
Long Yeast Grow,pioreactor02,2025-09-19T10:06:38.871Z,500.8,2025-09-19 12:06:38.871,10.790555555556
Long Yeast Grow,pioreactor02,2025-09-19T10:07:01.871Z,498.6,2025-09-19 12:07:01.871,10.796944444444
Long Yeast Grow,pioreactor02,2025-09-19T10:07:24.871Z,494.2,2025-09-19 12:07:24.871,10.803333333333
Long Yeast Grow,pioreactor02,2025-09-19T10:07:47.871Z,497.8,2025-09-19 12:07:47.871,10.809722222222
Long Yeast Grow,pioreactor02,2025-09-19T10:08:10.871Z,513.4,2025-09-19 12:08:10.871,10.816111111111
Long Yeast Grow,pioreactor02,2025-09-19T10:08:33.871Z,500.3,2025-09-19 12:08:33.871,10.8225
Long Yeast Grow,pioreactor02,2025-09-19T10:08:56.871Z,499.4,2025-09-19 12:08:56.871,10.828888888889
Long Yeast Grow,pioreactor02,2025-09-19T10:09:19.871Z,504.7,2025-09-19 12:09:19.871,10.835277777778
Long Yeast Grow,pioreactor02,2025-09-19T10:09:42.871Z,499.1,2025-09-19 12:09:42.871,10.841666666667
Long Yeast Grow,pioreactor02,2025-09-19T10:10:05.871Z,501.9,2025-09-19 12:10:05.871,10.848055555556
Long Yeast Grow,pioreactor02,2025-09-19T10:10:28.871Z,501.5,2025-09-19 12:10:28.871,10.854444444444
Long Yeast Grow,pioreactor02,2025-09-19T10:10:51.871Z,499.8,2025-09-19 12:10:51.871,10.860833333333
Long Yeast Grow,pioreactor02,2025-09-19T10:11:14.871Z,499.6,2025-09-19 12:11:14.871,10.867222222222
Long Yeast Grow,pioreactor02,2025-09-19T10:11:37.871Z,499.7,2025-09-19 12:11:37.871,10.873611111111
Long Yeast Grow,pioreactor02,2025-09-19T10:12:00.871Z,501.1,2025-09-19 12:12:00.871,10.88
Long Yeast Grow,pioreactor02,2025-09-19T10:12:23.871Z,497.8,2025-09-19 12:12:23.871,10.886388888889
Long Yeast Grow,pioreactor02,2025-09-19T10:12:46.871Z,495.6,2025-09-19 12:12:46.871,10.892777777778
Long Yeast Grow,pioreactor02,2025-09-19T10:13:09.871Z,498.5,2025-09-19 12:13:09.871,10.899166666667
Long Yeast Grow,pioreactor02,2025-09-19T10:13:32.871Z,499.4,2025-09-19 12:13:32.871,10.905555555556
Long Yeast Grow,pioreactor02,2025-09-19T10:13:55.871Z,500.4,2025-09-19 12:13:55.871,10.911944444444
Long Yeast Grow,pioreactor02,2025-09-19T10:14:18.871Z,501.3,2025-09-19 12:14:18.871,10.918333333333
Long Yeast Grow,pioreactor02,2025-09-19T10:14:41.871Z,500.1,2025-09-19 12:14:41.871,10.924722222222
Long Yeast Grow,pioreactor02,2025-09-19T10:15:04.871Z,499.5,2025-09-19 12:15:04.871,10.931111111111
Long Yeast Grow,pioreactor02,2025-09-19T10:15:27.871Z,498.2,2025-09-19 12:15:27.871,10.9375
Long Yeast Grow,pioreactor02,2025-09-19T10:15:50.871Z,498.4,2025-09-19 12:15:50.871,10.943888888889
Long Yeast Grow,pioreactor02,2025-09-19T10:16:13.871Z,497.1,2025-09-19 12:16:13.871,10.950277777778
Long Yeast Grow,pioreactor02,2025-09-19T10:16:36.871Z,499.6,2025-09-19 12:16:36.871,10.956666666667
Long Yeast Grow,pioreactor02,2025-09-19T10:16:59.871Z,486.8,2025-09-19 12:16:59.871,10.963055555556
Long Yeast Grow,pioreactor02,2025-09-19T10:17:22.871Z,500.2,2025-09-19 12:17:22.871,10.969444444444
Long Yeast Grow,pioreactor02,2025-09-19T10:17:45.871Z,498.5,2025-09-19 12:17:45.871,10.975833333333
Long Yeast Grow,pioreactor02,2025-09-19T10:18:08.871Z,509.3,2025-09-19 12:18:08.871,10.982222222222
Long Yeast Grow,pioreactor02,2025-09-19T10:18:31.871Z,499.3,2025-09-19 12:18:31.871,10.988611111111
Long Yeast Grow,pioreactor02,2025-09-19T10:18:54.871Z,505.5,2025-09-19 12:18:54.871,10.995
Long Yeast Grow,pioreactor02,2025-09-19T10:19:17.871Z,499.9,2025-09-19 12:19:17.871,11.001388888889
Long Yeast Grow,pioreactor02,2025-09-19T10:19:40.871Z,496.3,2025-09-19 12:19:40.871,11.007777777778
Long Yeast Grow,pioreactor02,2025-09-19T10:20:03.871Z,500.9,2025-09-19 12:20:03.871,11.014166666667
Long Yeast Grow,pioreactor02,2025-09-19T10:20:26.871Z,494.8,2025-09-19 12:20:26.871,11.020555555556
Long Yeast Grow,pioreactor02,2025-09-19T10:20:49.871Z,499.9,2025-09-19 12:20:49.871,11.026944444444
Long Yeast Grow,pioreactor02,2025-09-19T10:21:12.871Z,499.9,2025-09-19 12:21:12.871,11.033333333333
Long Yeast Grow,pioreactor02,2025-09-19T10:21:35.871Z,507.0,2025-09-19 12:21:35.871,11.039722222222
Long Yeast Grow,pioreactor02,2025-09-19T10:21:58.871Z,507.5,2025-09-19 12:21:58.871,11.046111111111
Long Yeast Grow,pioreactor02,2025-09-19T10:22:21.871Z,502.0,2025-09-19 12:22:21.871,11.0525
Long Yeast Grow,pioreactor02,2025-09-19T10:22:44.871Z,488.9,2025-09-19 12:22:44.871,11.058888888889
Long Yeast Grow,pioreactor02,2025-09-19T10:23:07.871Z,496.4,2025-09-19 12:23:07.871,11.065277777778
Long Yeast Grow,pioreactor02,2025-09-19T10:23:30.871Z,499.5,2025-09-19 12:23:30.871,11.071666666667
Long Yeast Grow,pioreactor02,2025-09-19T10:23:53.871Z,501.0,2025-09-19 12:23:53.871,11.078055555556
Long Yeast Grow,pioreactor02,2025-09-19T10:24:16.871Z,499.2,2025-09-19 12:24:16.871,11.084444444444
Long Yeast Grow,pioreactor02,2025-09-19T10:24:39.871Z,502.3,2025-09-19 12:24:39.871,11.090833333333
Long Yeast Grow,pioreactor02,2025-09-19T10:25:02.871Z,496.7,2025-09-19 12:25:02.871,11.097222222222
Long Yeast Grow,pioreactor02,2025-09-19T10:25:25.871Z,497.0,2025-09-19 12:25:25.871,11.103611111111
Long Yeast Grow,pioreactor02,2025-09-19T10:25:48.871Z,502.2,2025-09-19 12:25:48.871,11.11
Long Yeast Grow,pioreactor02,2025-09-19T10:26:11.871Z,499.5,2025-09-19 12:26:11.871,11.116388888889
Long Yeast Grow,pioreactor02,2025-09-19T10:26:34.871Z,501.2,2025-09-19 12:26:34.871,11.122777777778
Long Yeast Grow,pioreactor02,2025-09-19T10:26:57.871Z,498.9,2025-09-19 12:26:57.871,11.129166666667
Long Yeast Grow,pioreactor02,2025-09-19T10:27:20.871Z,500.5,2025-09-19 12:27:20.871,11.135555555556
Long Yeast Grow,pioreactor02,2025-09-19T10:27:43.871Z,503.5,2025-09-19 12:27:43.871,11.141944444444
Long Yeast Grow,pioreactor02,2025-09-19T10:28:06.871Z,500.5,2025-09-19 12:28:06.871,11.148333333333
Long Yeast Grow,pioreactor02,2025-09-19T10:28:29.871Z,501.9,2025-09-19 12:28:29.871,11.154722222222
Long Yeast Grow,pioreactor02,2025-09-19T10:28:52.871Z,500.0,2025-09-19 12:28:52.871,11.161111111111
Long Yeast Grow,pioreactor02,2025-09-19T10:29:15.871Z,499.5,2025-09-19 12:29:15.871,11.1675
Long Yeast Grow,pioreactor02,2025-09-19T10:29:38.871Z,500.0,2025-09-19 12:29:38.871,11.173888888889
Long Yeast Grow,pioreactor02,2025-09-19T10:30:01.871Z,504.9,2025-09-19 12:30:01.871,11.180277777778
Long Yeast Grow,pioreactor02,2025-09-19T10:30:24.871Z,488.5,2025-09-19 12:30:24.871,11.186666666667
Long Yeast Grow,pioreactor02,2025-09-19T10:30:47.871Z,499.7,2025-09-19 12:30:47.871,11.193055555556
Long Yeast Grow,pioreactor02,2025-09-19T10:31:10.871Z,500.1,2025-09-19 12:31:10.871,11.199444444444
Long Yeast Grow,pioreactor02,2025-09-19T10:31:33.871Z,498.8,2025-09-19 12:31:33.871,11.205833333333
Long Yeast Grow,pioreactor02,2025-09-19T10:31:56.871Z,492.7,2025-09-19 12:31:56.871,11.212222222222
Long Yeast Grow,pioreactor02,2025-09-19T10:32:19.871Z,501.6,2025-09-19 12:32:19.871,11.218611111111
Long Yeast Grow,pioreactor02,2025-09-19T10:32:42.871Z,499.9,2025-09-19 12:32:42.871,11.225
Long Yeast Grow,pioreactor02,2025-09-19T10:33:05.871Z,508.5,2025-09-19 12:33:05.871,11.231388888889
Long Yeast Grow,pioreactor02,2025-09-19T10:33:28.871Z,499.1,2025-09-19 12:33:28.871,11.237777777778
Long Yeast Grow,pioreactor02,2025-09-19T10:33:51.871Z,499.1,2025-09-19 12:33:51.871,11.244166666667
Long Yeast Grow,pioreactor02,2025-09-19T10:34:14.871Z,500.8,2025-09-19 12:34:14.871,11.250555555556
Long Yeast Grow,pioreactor02,2025-09-19T10:34:37.871Z,497.3,2025-09-19 12:34:37.871,11.256944444444
Long Yeast Grow,pioreactor02,2025-09-19T10:35:00.871Z,498.4,2025-09-19 12:35:00.871,11.263333333333
Long Yeast Grow,pioreactor02,2025-09-19T10:35:23.871Z,500.0,2025-09-19 12:35:23.871,11.269722222222
Long Yeast Grow,pioreactor02,2025-09-19T10:35:46.871Z,500.1,2025-09-19 12:35:46.871,11.276111111111
Long Yeast Grow,pioreactor02,2025-09-19T10:36:09.871Z,500.4,2025-09-19 12:36:09.871,11.2825
Long Yeast Grow,pioreactor02,2025-09-19T10:36:32.871Z,504.3,2025-09-19 12:36:32.871,11.288888888889
Long Yeast Grow,pioreactor02,2025-09-19T10:36:55.871Z,500.2,2025-09-19 12:36:55.871,11.295277777778
Long Yeast Grow,pioreactor02,2025-09-19T10:37:18.871Z,500.2,2025-09-19 12:37:18.871,11.301666666667
Long Yeast Grow,pioreactor02,2025-09-19T10:37:41.871Z,502.3,2025-09-19 12:37:41.871,11.308055555556
Long Yeast Grow,pioreactor02,2025-09-19T10:38:04.871Z,503.5,2025-09-19 12:38:04.871,11.314444444444
Long Yeast Grow,pioreactor02,2025-09-19T10:38:27.871Z,498.4,2025-09-19 12:38:27.871,11.320833333333
Long Yeast Grow,pioreactor02,2025-09-19T10:38:50.871Z,500.1,2025-09-19 12:38:50.871,11.327222222222
Long Yeast Grow,pioreactor02,2025-09-19T10:39:13.871Z,503.0,2025-09-19 12:39:13.871,11.333611111111
Long Yeast Grow,pioreactor02,2025-09-19T10:39:36.871Z,484.9,2025-09-19 12:39:36.871,11.34
Long Yeast Grow,pioreactor02,2025-09-19T10:39:59.871Z,502.0,2025-09-19 12:39:59.871,11.346388888889
Long Yeast Grow,pioreactor02,2025-09-19T10:40:22.871Z,504.8,2025-09-19 12:40:22.871,11.352777777778
Long Yeast Grow,pioreactor02,2025-09-19T10:40:45.871Z,501.8,2025-09-19 12:40:45.871,11.359166666667
Long Yeast Grow,pioreactor02,2025-09-19T10:41:08.871Z,500.9,2025-09-19 12:41:08.871,11.365555555556
Long Yeast Grow,pioreactor02,2025-09-19T10:41:31.871Z,497.0,2025-09-19 12:41:31.871,11.371944444444
Long Yeast Grow,pioreactor02,2025-09-19T10:41:54.871Z,499.8,2025-09-19 12:41:54.871,11.378333333333
Long Yeast Grow,pioreactor02,2025-09-19T10:42:17.871Z,500.1,2025-09-19 12:42:17.871,11.384722222222
Long Yeast Grow,pioreactor02,2025-09-19T10:42:40.871Z,506.3,2025-09-19 12:42:40.871,11.391111111111
Long Yeast Grow,pioreactor02,2025-09-19T10:43:03.871Z,502.3,2025-09-19 12:43:03.871,11.3975
Long Yeast Grow,pioreactor02,2025-09-19T10:43:26.871Z,498.5,2025-09-19 12:43:26.871,11.403888888889
Long Yeast Grow,pioreactor02,2025-09-19T10:43:49.871Z,501.4,2025-09-19 12:43:49.871,11.410277777778
Long Yeast Grow,pioreactor02,2025-09-19T10:44:12.871Z,494.0,2025-09-19 12:44:12.871,11.416666666667
Long Yeast Grow,pioreactor02,2025-09-19T10:44:35.871Z,500.3,2025-09-19 12:44:35.871,11.423055555556
Long Yeast Grow,pioreactor02,2025-09-19T10:44:58.871Z,500.9,2025-09-19 12:44:58.871,11.429444444444
Long Yeast Grow,pioreactor02,2025-09-19T10:45:21.871Z,500.2,2025-09-19 12:45:21.871,11.435833333333
Long Yeast Grow,pioreactor02,2025-09-19T10:45:44.871Z,500.8,2025-09-19 12:45:44.871,11.442222222222
Long Yeast Grow,pioreactor02,2025-09-19T10:46:07.871Z,497.3,2025-09-19 12:46:07.871,11.448611111111
Long Yeast Grow,pioreactor02,2025-09-19T10:46:30.871Z,497.9,2025-09-19 12:46:30.871,11.455
Long Yeast Grow,pioreactor02,2025-09-19T10:46:53.871Z,500.9,2025-09-19 12:46:53.871,11.461388888889
Long Yeast Grow,pioreactor02,2025-09-19T10:47:16.871Z,500.5,2025-09-19 12:47:16.871,11.467777777778
Long Yeast Grow,pioreactor02,2025-09-19T10:47:39.871Z,499.9,2025-09-19 12:47:39.871,11.474166666667
Long Yeast Grow,pioreactor02,2025-09-19T10:48:02.871Z,499.0,2025-09-19 12:48:02.871,11.480555555556
Long Yeast Grow,pioreactor02,2025-09-19T10:48:25.871Z,500.7,2025-09-19 12:48:25.871,11.486944444444
Long Yeast Grow,pioreactor02,2025-09-19T10:48:48.871Z,499.0,2025-09-19 12:48:48.871,11.493333333333
Long Yeast Grow,pioreactor02,2025-09-19T10:49:11.871Z,502.3,2025-09-19 12:49:11.871,11.499722222222
Long Yeast Grow,pioreactor02,2025-09-19T10:49:34.871Z,493.8,2025-09-19 12:49:34.871,11.506111111111
Long Yeast Grow,pioreactor02,2025-09-19T10:49:57.871Z,505.8,2025-09-19 12:49:57.871,11.5125
Long Yeast Grow,pioreactor02,2025-09-19T10:50:20.871Z,499.7,2025-09-19 12:50:20.871,11.518888888889
Long Yeast Grow,pioreactor02,2025-09-19T10:50:43.871Z,499.8,2025-09-19 12:50:43.871,11.525277777778
Long Yeast Grow,pioreactor02,2025-09-19T10:51:06.871Z,490.9,2025-09-19 12:51:06.871,11.531666666667
Long Yeast Grow,pioreactor02,2025-09-19T10:51:29.871Z,498.7,2025-09-19 12:51:29.871,11.538055555556
Long Yeast Grow,pioreactor02,2025-09-19T10:51:52.871Z,499.7,2025-09-19 12:51:52.871,11.544444444444
Long Yeast Grow,pioreactor02,2025-09-19T10:52:15.871Z,497.0,2025-09-19 12:52:15.871,11.550833333333
Long Yeast Grow,pioreactor02,2025-09-19T10:52:38.871Z,500.6,2025-09-19 12:52:38.871,11.557222222222
Long Yeast Grow,pioreactor02,2025-09-19T10:53:01.871Z,500.8,2025-09-19 12:53:01.871,11.563611111111
Long Yeast Grow,pioreactor02,2025-09-19T10:53:24.871Z,497.5,2025-09-19 12:53:24.871,11.57
Long Yeast Grow,pioreactor02,2025-09-19T10:53:47.871Z,499.4,2025-09-19 12:53:47.871,11.576388888889
Long Yeast Grow,pioreactor02,2025-09-19T10:54:10.871Z,496.8,2025-09-19 12:54:10.871,11.582777777778
Long Yeast Grow,pioreactor02,2025-09-19T10:54:33.871Z,503.9,2025-09-19 12:54:33.871,11.589166666667
Long Yeast Grow,pioreactor02,2025-09-19T10:54:56.871Z,500.1,2025-09-19 12:54:56.871,11.595555555556
Long Yeast Grow,pioreactor02,2025-09-19T10:55:19.871Z,501.0,2025-09-19 12:55:19.871,11.601944444444
Long Yeast Grow,pioreactor02,2025-09-19T10:55:42.871Z,501.4,2025-09-19 12:55:42.871,11.608333333333
Long Yeast Grow,pioreactor02,2025-09-19T10:56:05.871Z,497.7,2025-09-19 12:56:05.871,11.614722222222
Long Yeast Grow,pioreactor02,2025-09-19T10:56:28.871Z,504.4,2025-09-19 12:56:28.871,11.621111111111
Long Yeast Grow,pioreactor02,2025-09-19T10:56:51.871Z,505.4,2025-09-19 12:56:51.871,11.6275
Long Yeast Grow,pioreactor02,2025-09-19T10:57:14.871Z,507.8,2025-09-19 12:57:14.871,11.633888888889
Long Yeast Grow,pioreactor02,2025-09-19T10:57:37.871Z,503.8,2025-09-19 12:57:37.871,11.640277777778
Long Yeast Grow,pioreactor02,2025-09-19T10:58:00.871Z,494.4,2025-09-19 12:58:00.871,11.646666666667
Long Yeast Grow,pioreactor02,2025-09-19T10:58:23.871Z,497.2,2025-09-19 12:58:23.871,11.653055555556
Long Yeast Grow,pioreactor02,2025-09-19T10:58:46.871Z,504.8,2025-09-19 12:58:46.871,11.659444444444
Long Yeast Grow,pioreactor02,2025-09-19T10:59:09.871Z,494.7,2025-09-19 12:59:09.871,11.665833333333
Long Yeast Grow,pioreactor02,2025-09-19T10:59:32.871Z,495.6,2025-09-19 12:59:32.871,11.672222222222
Long Yeast Grow,pioreactor02,2025-09-19T10:59:55.871Z,495.6,2025-09-19 12:59:55.871,11.678611111111
Long Yeast Grow,pioreactor02,2025-09-19T11:00:18.871Z,499.8,2025-09-19 13:00:18.871,11.685
Long Yeast Grow,pioreactor02,2025-09-19T11:00:41.871Z,505.5,2025-09-19 13:00:41.871,11.691388888889
Long Yeast Grow,pioreactor02,2025-09-19T11:01:04.871Z,499.7,2025-09-19 13:01:04.871,11.697777777778
Long Yeast Grow,pioreactor02,2025-09-19T11:01:27.871Z,504.6,2025-09-19 13:01:27.871,11.704166666667
Long Yeast Grow,pioreactor02,2025-09-19T11:01:50.871Z,495.3,2025-09-19 13:01:50.871,11.710555555556
Long Yeast Grow,pioreactor02,2025-09-19T11:02:13.871Z,497.8,2025-09-19 13:02:13.871,11.716944444444
Long Yeast Grow,pioreactor02,2025-09-19T11:02:36.871Z,497.3,2025-09-19 13:02:36.871,11.723333333333
Long Yeast Grow,pioreactor02,2025-09-19T11:02:59.871Z,500.5,2025-09-19 13:02:59.871,11.729722222222
Long Yeast Grow,pioreactor02,2025-09-19T11:03:22.871Z,504.7,2025-09-19 13:03:22.871,11.736111111111
Long Yeast Grow,pioreactor02,2025-09-19T11:03:45.871Z,503.3,2025-09-19 13:03:45.871,11.7425
Long Yeast Grow,pioreactor02,2025-09-19T11:04:08.871Z,495.0,2025-09-19 13:04:08.871,11.748888888889
Long Yeast Grow,pioreactor02,2025-09-19T11:04:31.871Z,500.0,2025-09-19 13:04:31.871,11.755277777778
Long Yeast Grow,pioreactor02,2025-09-19T11:04:54.871Z,502.2,2025-09-19 13:04:54.871,11.761666666667
Long Yeast Grow,pioreactor02,2025-09-19T11:05:17.871Z,500.1,2025-09-19 13:05:17.871,11.768055555556
Long Yeast Grow,pioreactor02,2025-09-19T11:05:40.871Z,501.9,2025-09-19 13:05:40.871,11.774444444444
Long Yeast Grow,pioreactor02,2025-09-19T11:06:03.871Z,495.7,2025-09-19 13:06:03.871,11.780833333333
Long Yeast Grow,pioreactor02,2025-09-19T11:06:26.871Z,500.3,2025-09-19 13:06:26.871,11.787222222222
Long Yeast Grow,pioreactor02,2025-09-19T11:06:49.871Z,501.3,2025-09-19 13:06:49.871,11.793611111111
Long Yeast Grow,pioreactor02,2025-09-19T11:07:12.871Z,499.3,2025-09-19 13:07:12.871,11.8
Long Yeast Grow,pioreactor02,2025-09-19T11:07:35.871Z,500.2,2025-09-19 13:07:35.871,11.806388888889
Long Yeast Grow,pioreactor02,2025-09-19T11:07:58.871Z,500.6,2025-09-19 13:07:58.871,11.812777777778
Long Yeast Grow,pioreactor02,2025-09-19T11:08:21.871Z,499.6,2025-09-19 13:08:21.871,11.819166666667
Long Yeast Grow,pioreactor02,2025-09-19T11:08:44.871Z,499.5,2025-09-19 13:08:44.871,11.825555555556
Long Yeast Grow,pioreactor02,2025-09-19T11:09:07.871Z,500.6,2025-09-19 13:09:07.871,11.831944444444
Long Yeast Grow,pioreactor02,2025-09-19T11:09:30.871Z,495.2,2025-09-19 13:09:30.871,11.838333333333
Long Yeast Grow,pioreactor02,2025-09-19T11:09:53.871Z,497.2,2025-09-19 13:09:53.871,11.844722222222
Long Yeast Grow,pioreactor02,2025-09-19T11:10:16.871Z,496.0,2025-09-19 13:10:16.871,11.851111111111
Long Yeast Grow,pioreactor02,2025-09-19T11:10:39.871Z,504.1,2025-09-19 13:10:39.871,11.8575
Long Yeast Grow,pioreactor02,2025-09-19T11:11:02.871Z,497.3,2025-09-19 13:11:02.871,11.863888888889
Long Yeast Grow,pioreactor02,2025-09-19T11:11:25.871Z,500.5,2025-09-19 13:11:25.871,11.870277777778
Long Yeast Grow,pioreactor02,2025-09-19T11:11:48.871Z,499.8,2025-09-19 13:11:48.871,11.876666666667
Long Yeast Grow,pioreactor02,2025-09-19T11:12:11.871Z,500.5,2025-09-19 13:12:11.871,11.883055555556
Long Yeast Grow,pioreactor02,2025-09-19T11:12:34.871Z,499.5,2025-09-19 13:12:34.871,11.889444444444
Long Yeast Grow,pioreactor02,2025-09-19T11:12:57.871Z,507.2,2025-09-19 13:12:57.871,11.895833333333
Long Yeast Grow,pioreactor02,2025-09-19T11:13:20.871Z,506.0,2025-09-19 13:13:20.871,11.902222222222
Long Yeast Grow,pioreactor02,2025-09-19T11:13:43.871Z,499.1,2025-09-19 13:13:43.871,11.908611111111
Long Yeast Grow,pioreactor02,2025-09-19T11:14:06.871Z,499.4,2025-09-19 13:14:06.871,11.915
Long Yeast Grow,pioreactor02,2025-09-19T11:14:29.871Z,500.0,2025-09-19 13:14:29.871,11.921388888889
Long Yeast Grow,pioreactor02,2025-09-19T11:14:52.871Z,507.2,2025-09-19 13:14:52.871,11.927777777778
Long Yeast Grow,pioreactor02,2025-09-19T11:15:15.871Z,503.4,2025-09-19 13:15:15.871,11.934166666667
Long Yeast Grow,pioreactor02,2025-09-19T11:15:38.871Z,488.3,2025-09-19 13:15:38.871,11.940555555556
Long Yeast Grow,pioreactor02,2025-09-19T11:16:01.871Z,503.1,2025-09-19 13:16:01.871,11.946944444444
Long Yeast Grow,pioreactor02,2025-09-19T11:16:24.871Z,496.9,2025-09-19 13:16:24.871,11.953333333333
Long Yeast Grow,pioreactor02,2025-09-19T11:16:47.871Z,499.3,2025-09-19 13:16:47.871,11.959722222222
Long Yeast Grow,pioreactor02,2025-09-19T11:17:10.871Z,496.9,2025-09-19 13:17:10.871,11.966111111111
Long Yeast Grow,pioreactor02,2025-09-19T11:17:33.871Z,499.9,2025-09-19 13:17:33.871,11.9725
Long Yeast Grow,pioreactor02,2025-09-19T11:17:56.871Z,500.0,2025-09-19 13:17:56.871,11.978888888889
Long Yeast Grow,pioreactor02,2025-09-19T11:18:19.871Z,504.3,2025-09-19 13:18:19.871,11.985277777778
Long Yeast Grow,pioreactor02,2025-09-19T11:18:42.871Z,498.4,2025-09-19 13:18:42.871,11.991666666667
Long Yeast Grow,pioreactor02,2025-09-19T11:19:05.871Z,499.3,2025-09-19 13:19:05.871,11.998055555556
Long Yeast Grow,pioreactor02,2025-09-19T11:19:28.871Z,499.7,2025-09-19 13:19:28.871,12.004444444444
Long Yeast Grow,pioreactor02,2025-09-19T11:19:51.871Z,497.7,2025-09-19 13:19:51.871,12.010833333333
Long Yeast Grow,pioreactor02,2025-09-19T11:20:14.871Z,502.6,2025-09-19 13:20:14.871,12.017222222222
Long Yeast Grow,pioreactor02,2025-09-19T11:20:37.871Z,508.9,2025-09-19 13:20:37.871,12.023611111111
Long Yeast Grow,pioreactor02,2025-09-19T11:21:00.871Z,500.6,2025-09-19 13:21:00.871,12.03
Long Yeast Grow,pioreactor02,2025-09-19T11:21:23.871Z,507.2,2025-09-19 13:21:23.871,12.036388888889
Long Yeast Grow,pioreactor02,2025-09-19T11:21:46.871Z,500.5,2025-09-19 13:21:46.871,12.042777777778
Long Yeast Grow,pioreactor02,2025-09-19T11:22:09.871Z,507.2,2025-09-19 13:22:09.871,12.049166666667
Long Yeast Grow,pioreactor02,2025-09-19T11:22:32.871Z,499.6,2025-09-19 13:22:32.871,12.055555555556
Long Yeast Grow,pioreactor02,2025-09-19T11:22:55.871Z,506.7,2025-09-19 13:22:55.871,12.061944444444
Long Yeast Grow,pioreactor02,2025-09-19T11:23:18.871Z,494.3,2025-09-19 13:23:18.871,12.068333333333
Long Yeast Grow,pioreactor02,2025-09-19T11:23:41.871Z,499.3,2025-09-19 13:23:41.871,12.074722222222
Long Yeast Grow,pioreactor02,2025-09-19T11:24:04.871Z,492.7,2025-09-19 13:24:04.871,12.081111111111
Long Yeast Grow,pioreactor02,2025-09-19T11:24:27.871Z,499.2,2025-09-19 13:24:27.871,12.0875
Long Yeast Grow,pioreactor02,2025-09-19T11:24:50.871Z,508.2,2025-09-19 13:24:50.871,12.093888888889
Long Yeast Grow,pioreactor02,2025-09-19T11:25:13.871Z,500.2,2025-09-19 13:25:13.871,12.100277777778
Long Yeast Grow,pioreactor02,2025-09-19T11:25:36.871Z,495.3,2025-09-19 13:25:36.871,12.106666666667
Long Yeast Grow,pioreactor02,2025-09-19T11:25:59.871Z,496.2,2025-09-19 13:25:59.871,12.113055555556
Long Yeast Grow,pioreactor02,2025-09-19T11:26:22.871Z,502.9,2025-09-19 13:26:22.871,12.119444444444
Long Yeast Grow,pioreactor02,2025-09-19T11:26:45.871Z,500.4,2025-09-19 13:26:45.871,12.125833333333
Long Yeast Grow,pioreactor02,2025-09-19T11:27:08.871Z,500.4,2025-09-19 13:27:08.871,12.132222222222
Long Yeast Grow,pioreactor02,2025-09-19T11:27:31.871Z,493.5,2025-09-19 13:27:31.871,12.138611111111
Long Yeast Grow,pioreactor02,2025-09-19T11:27:54.871Z,493.8,2025-09-19 13:27:54.871,12.145
Long Yeast Grow,pioreactor02,2025-09-19T11:28:17.871Z,500.2,2025-09-19 13:28:17.871,12.151388888889
Long Yeast Grow,pioreactor02,2025-09-19T11:28:40.871Z,500.0,2025-09-19 13:28:40.871,12.157777777778
Long Yeast Grow,pioreactor02,2025-09-19T11:29:03.871Z,500.2,2025-09-19 13:29:03.871,12.164166666667
Long Yeast Grow,pioreactor02,2025-09-19T11:29:26.871Z,501.6,2025-09-19 13:29:26.871,12.170555555556
Long Yeast Grow,pioreactor02,2025-09-19T11:29:49.871Z,499.3,2025-09-19 13:29:49.871,12.176944444444
Long Yeast Grow,pioreactor02,2025-09-19T11:30:12.871Z,503.6,2025-09-19 13:30:12.871,12.183333333333
Long Yeast Grow,pioreactor02,2025-09-19T11:30:35.871Z,499.0,2025-09-19 13:30:35.871,12.189722222222
Long Yeast Grow,pioreactor02,2025-09-19T11:30:58.871Z,497.8,2025-09-19 13:30:58.871,12.196111111111
Long Yeast Grow,pioreactor02,2025-09-19T11:31:21.871Z,501.7,2025-09-19 13:31:21.871,12.2025
Long Yeast Grow,pioreactor02,2025-09-19T11:31:44.871Z,496.1,2025-09-19 13:31:44.871,12.208888888889
Long Yeast Grow,pioreactor02,2025-09-19T11:32:07.871Z,501.8,2025-09-19 13:32:07.871,12.215277777778
Long Yeast Grow,pioreactor02,2025-09-19T11:32:30.871Z,496.6,2025-09-19 13:32:30.871,12.221666666667
Long Yeast Grow,pioreactor02,2025-09-19T11:32:53.871Z,484.8,2025-09-19 13:32:53.871,12.228055555556
Long Yeast Grow,pioreactor02,2025-09-19T11:33:16.871Z,494.6,2025-09-19 13:33:16.871,12.234444444444
Long Yeast Grow,pioreactor02,2025-09-19T11:33:39.871Z,505.1,2025-09-19 13:33:39.871,12.240833333333
Long Yeast Grow,pioreactor02,2025-09-19T11:34:02.871Z,499.4,2025-09-19 13:34:02.871,12.247222222222
Long Yeast Grow,pioreactor02,2025-09-19T11:34:25.871Z,503.1,2025-09-19 13:34:25.871,12.253611111111
Long Yeast Grow,pioreactor02,2025-09-19T11:34:48.871Z,500.0,2025-09-19 13:34:48.871,12.26
Long Yeast Grow,pioreactor02,2025-09-19T11:35:11.871Z,500.1,2025-09-19 13:35:11.871,12.266388888889
Long Yeast Grow,pioreactor02,2025-09-19T11:35:34.871Z,506.5,2025-09-19 13:35:34.871,12.272777777778
Long Yeast Grow,pioreactor02,2025-09-19T11:35:57.871Z,500.1,2025-09-19 13:35:57.871,12.279166666667
Long Yeast Grow,pioreactor02,2025-09-19T11:36:20.871Z,501.8,2025-09-19 13:36:20.871,12.285555555556
Long Yeast Grow,pioreactor02,2025-09-19T11:36:43.871Z,498.9,2025-09-19 13:36:43.871,12.291944444444
Long Yeast Grow,pioreactor02,2025-09-19T11:37:06.871Z,505.8,2025-09-19 13:37:06.871,12.298333333333
Long Yeast Grow,pioreactor02,2025-09-19T11:37:29.871Z,487.8,2025-09-19 13:37:29.871,12.304722222222
Long Yeast Grow,pioreactor02,2025-09-19T11:37:52.871Z,496.2,2025-09-19 13:37:52.871,12.311111111111
Long Yeast Grow,pioreactor02,2025-09-19T11:38:15.871Z,503.6,2025-09-19 13:38:15.871,12.3175
Long Yeast Grow,pioreactor02,2025-09-19T11:38:38.871Z,501.1,2025-09-19 13:38:38.871,12.323888888889
Long Yeast Grow,pioreactor02,2025-09-19T11:39:01.871Z,500.9,2025-09-19 13:39:01.871,12.330277777778
Long Yeast Grow,pioreactor02,2025-09-19T11:39:24.871Z,503.1,2025-09-19 13:39:24.871,12.336666666667
Long Yeast Grow,pioreactor02,2025-09-19T11:39:47.871Z,498.6,2025-09-19 13:39:47.871,12.343055555556
Long Yeast Grow,pioreactor02,2025-09-19T11:40:10.871Z,499.6,2025-09-19 13:40:10.871,12.349444444444
Long Yeast Grow,pioreactor02,2025-09-19T11:40:33.871Z,502.4,2025-09-19 13:40:33.871,12.355833333333
Long Yeast Grow,pioreactor02,2025-09-19T11:40:56.871Z,489.3,2025-09-19 13:40:56.871,12.362222222222
Long Yeast Grow,pioreactor02,2025-09-19T11:41:19.871Z,499.5,2025-09-19 13:41:19.871,12.368611111111
Long Yeast Grow,pioreactor02,2025-09-19T11:41:42.871Z,506.5,2025-09-19 13:41:42.871,12.375
Long Yeast Grow,pioreactor02,2025-09-19T11:42:05.871Z,503.8,2025-09-19 13:42:05.871,12.381388888889
Long Yeast Grow,pioreactor02,2025-09-19T11:42:28.871Z,501.7,2025-09-19 13:42:28.871,12.387777777778
Long Yeast Grow,pioreactor02,2025-09-19T11:42:51.871Z,499.5,2025-09-19 13:42:51.871,12.394166666667
Long Yeast Grow,pioreactor02,2025-09-19T11:43:14.871Z,501.8,2025-09-19 13:43:14.871,12.400555555556
Long Yeast Grow,pioreactor02,2025-09-19T11:43:37.871Z,492.7,2025-09-19 13:43:37.871,12.406944444444
Long Yeast Grow,pioreactor02,2025-09-19T11:44:00.871Z,498.5,2025-09-19 13:44:00.871,12.413333333333
Long Yeast Grow,pioreactor02,2025-09-19T11:44:23.871Z,499.3,2025-09-19 13:44:23.871,12.419722222222
Long Yeast Grow,pioreactor02,2025-09-19T11:44:46.871Z,499.9,2025-09-19 13:44:46.871,12.426111111111
Long Yeast Grow,pioreactor02,2025-09-19T11:45:09.871Z,499.2,2025-09-19 13:45:09.871,12.4325
Long Yeast Grow,pioreactor02,2025-09-19T11:45:32.871Z,502.1,2025-09-19 13:45:32.871,12.438888888889
Long Yeast Grow,pioreactor02,2025-09-19T11:45:55.871Z,501.0,2025-09-19 13:45:55.871,12.445277777778
Long Yeast Grow,pioreactor02,2025-09-19T11:46:18.871Z,496.5,2025-09-19 13:46:18.871,12.451666666667
Long Yeast Grow,pioreactor02,2025-09-19T11:46:41.871Z,499.7,2025-09-19 13:46:41.871,12.458055555556
Long Yeast Grow,pioreactor02,2025-09-19T11:47:04.871Z,499.8,2025-09-19 13:47:04.871,12.464444444444
Long Yeast Grow,pioreactor02,2025-09-19T11:47:27.871Z,500.3,2025-09-19 13:47:27.871,12.470833333333
Long Yeast Grow,pioreactor02,2025-09-19T11:47:50.871Z,502.0,2025-09-19 13:47:50.871,12.477222222222
Long Yeast Grow,pioreactor02,2025-09-19T11:48:13.871Z,500.9,2025-09-19 13:48:13.871,12.483611111111
Long Yeast Grow,pioreactor02,2025-09-19T11:48:36.871Z,501.0,2025-09-19 13:48:36.871,12.49
Long Yeast Grow,pioreactor02,2025-09-19T11:48:59.871Z,502.3,2025-09-19 13:48:59.871,12.496388888889
Long Yeast Grow,pioreactor02,2025-09-19T11:49:22.871Z,506.4,2025-09-19 13:49:22.871,12.502777777778
Long Yeast Grow,pioreactor02,2025-09-19T11:49:45.871Z,499.8,2025-09-19 13:49:45.871,12.509166666667
Long Yeast Grow,pioreactor02,2025-09-19T11:50:08.871Z,494.9,2025-09-19 13:50:08.871,12.515555555556
Long Yeast Grow,pioreactor02,2025-09-19T11:50:31.871Z,493.4,2025-09-19 13:50:31.871,12.521944444444
Long Yeast Grow,pioreactor02,2025-09-19T11:50:54.871Z,497.2,2025-09-19 13:50:54.871,12.528333333333
Long Yeast Grow,pioreactor02,2025-09-19T11:51:17.871Z,507.3,2025-09-19 13:51:17.871,12.534722222222
Long Yeast Grow,pioreactor02,2025-09-19T11:51:40.871Z,499.9,2025-09-19 13:51:40.871,12.541111111111
Long Yeast Grow,pioreactor02,2025-09-19T11:52:03.871Z,504.4,2025-09-19 13:52:03.871,12.5475
Long Yeast Grow,pioreactor02,2025-09-19T11:52:26.871Z,500.3,2025-09-19 13:52:26.871,12.553888888889
Long Yeast Grow,pioreactor02,2025-09-19T11:52:49.871Z,499.2,2025-09-19 13:52:49.871,12.560277777778
Long Yeast Grow,pioreactor02,2025-09-19T11:53:12.871Z,500.2,2025-09-19 13:53:12.871,12.566666666667
Long Yeast Grow,pioreactor02,2025-09-19T11:53:35.871Z,499.6,2025-09-19 13:53:35.871,12.573055555556
Long Yeast Grow,pioreactor02,2025-09-19T11:53:58.871Z,498.2,2025-09-19 13:53:58.871,12.579444444444
Long Yeast Grow,pioreactor02,2025-09-19T11:54:21.871Z,493.5,2025-09-19 13:54:21.871,12.585833333333
Long Yeast Grow,pioreactor02,2025-09-19T11:54:44.871Z,502.0,2025-09-19 13:54:44.871,12.592222222222
Long Yeast Grow,pioreactor02,2025-09-19T11:55:07.871Z,505.4,2025-09-19 13:55:07.871,12.598611111111
Long Yeast Grow,pioreactor02,2025-09-19T11:55:30.871Z,496.7,2025-09-19 13:55:30.871,12.605
Long Yeast Grow,pioreactor02,2025-09-19T11:55:53.871Z,500.3,2025-09-19 13:55:53.871,12.611388888889
Long Yeast Grow,pioreactor02,2025-09-19T11:56:16.871Z,500.1,2025-09-19 13:56:16.871,12.617777777778
Long Yeast Grow,pioreactor02,2025-09-19T11:56:39.871Z,503.3,2025-09-19 13:56:39.871,12.624166666667
Long Yeast Grow,pioreactor02,2025-09-19T11:57:02.871Z,496.3,2025-09-19 13:57:02.871,12.630555555556
Long Yeast Grow,pioreactor02,2025-09-19T11:57:25.871Z,499.9,2025-09-19 13:57:25.871,12.636944444444
Long Yeast Grow,pioreactor02,2025-09-19T11:57:48.871Z,496.0,2025-09-19 13:57:48.871,12.643333333333
Long Yeast Grow,pioreactor02,2025-09-19T11:58:11.871Z,499.8,2025-09-19 13:58:11.871,12.649722222222
Long Yeast Grow,pioreactor02,2025-09-19T11:58:34.871Z,507.1,2025-09-19 13:58:34.871,12.656111111111
Long Yeast Grow,pioreactor02,2025-09-19T11:58:57.871Z,500.5,2025-09-19 13:58:57.871,12.6625
Long Yeast Grow,pioreactor02,2025-09-19T11:59:20.871Z,500.1,2025-09-19 13:59:20.871,12.668888888889
Long Yeast Grow,pioreactor02,2025-09-19T11:59:43.871Z,500.5,2025-09-19 13:59:43.871,12.675277777778
Long Yeast Grow,pioreactor02,2025-09-19T12:00:06.871Z,499.2,2025-09-19 14:00:06.871,12.681666666667
Long Yeast Grow,pioreactor02,2025-09-19T12:00:29.871Z,499.3,2025-09-19 14:00:29.871,12.688055555556
Long Yeast Grow,pioreactor02,2025-09-19T12:00:52.871Z,499.0,2025-09-19 14:00:52.871,12.694444444444
Long Yeast Grow,pioreactor02,2025-09-19T12:01:15.871Z,504.9,2025-09-19 14:01:15.871,12.700833333333
Long Yeast Grow,pioreactor02,2025-09-19T12:01:38.871Z,499.6,2025-09-19 14:01:38.871,12.707222222222
Long Yeast Grow,pioreactor02,2025-09-19T12:02:01.871Z,498.7,2025-09-19 14:02:01.871,12.713611111111
Long Yeast Grow,pioreactor02,2025-09-19T12:02:24.871Z,500.3,2025-09-19 14:02:24.871,12.72
Long Yeast Grow,pioreactor02,2025-09-19T12:02:47.871Z,500.9,2025-09-19 14:02:47.871,12.726388888889
Long Yeast Grow,pioreactor02,2025-09-19T12:03:10.871Z,496.6,2025-09-19 14:03:10.871,12.732777777778
Long Yeast Grow,pioreactor02,2025-09-19T12:03:33.871Z,491.3,2025-09-19 14:03:33.871,12.739166666667
Long Yeast Grow,pioreactor02,2025-09-19T12:03:56.871Z,500.1,2025-09-19 14:03:56.871,12.745555555556
Long Yeast Grow,pioreactor02,2025-09-19T12:04:19.871Z,497.2,2025-09-19 14:04:19.871,12.751944444444
Long Yeast Grow,pioreactor02,2025-09-19T12:04:42.871Z,497.3,2025-09-19 14:04:42.871,12.758333333333
Long Yeast Grow,pioreactor02,2025-09-19T12:05:05.871Z,502.4,2025-09-19 14:05:05.871,12.764722222222
Long Yeast Grow,pioreactor02,2025-09-19T12:05:28.871Z,497.5,2025-09-19 14:05:28.871,12.771111111111
Long Yeast Grow,pioreactor02,2025-09-19T12:05:51.871Z,500.6,2025-09-19 14:05:51.871,12.7775
Long Yeast Grow,pioreactor02,2025-09-19T12:06:14.871Z,500.7,2025-09-19 14:06:14.871,12.783888888889
Long Yeast Grow,pioreactor02,2025-09-19T12:06:37.871Z,495.1,2025-09-19 14:06:37.871,12.790277777778
Long Yeast Grow,pioreactor02,2025-09-19T12:07:00.871Z,499.8,2025-09-19 14:07:00.871,12.796666666667
Long Yeast Grow,pioreactor02,2025-09-19T12:07:23.871Z,500.2,2025-09-19 14:07:23.871,12.803055555556
Long Yeast Grow,pioreactor02,2025-09-19T12:07:46.871Z,508.7,2025-09-19 14:07:46.871,12.809444444444
Long Yeast Grow,pioreactor02,2025-09-19T12:08:09.871Z,500.4,2025-09-19 14:08:09.871,12.815833333333
Long Yeast Grow,pioreactor02,2025-09-19T12:08:32.871Z,500.3,2025-09-19 14:08:32.871,12.822222222222
Long Yeast Grow,pioreactor02,2025-09-19T12:08:55.871Z,500.3,2025-09-19 14:08:55.871,12.828611111111
Long Yeast Grow,pioreactor02,2025-09-19T12:09:18.871Z,505.2,2025-09-19 14:09:18.871,12.835
Long Yeast Grow,pioreactor02,2025-09-19T12:09:41.871Z,501.0,2025-09-19 14:09:41.871,12.841388888889
Long Yeast Grow,pioreactor02,2025-09-19T12:10:04.871Z,503.0,2025-09-19 14:10:04.871,12.847777777778
Long Yeast Grow,pioreactor02,2025-09-19T12:10:27.871Z,498.2,2025-09-19 14:10:27.871,12.854166666667
Long Yeast Grow,pioreactor02,2025-09-19T12:10:50.871Z,491.1,2025-09-19 14:10:50.871,12.860555555556
Long Yeast Grow,pioreactor02,2025-09-19T12:11:13.871Z,497.4,2025-09-19 14:11:13.871,12.866944444444
Long Yeast Grow,pioreactor02,2025-09-19T12:11:36.871Z,503.1,2025-09-19 14:11:36.871,12.873333333333
Long Yeast Grow,pioreactor02,2025-09-19T12:11:59.871Z,499.6,2025-09-19 14:11:59.871,12.879722222222
Long Yeast Grow,pioreactor02,2025-09-19T12:12:22.871Z,503.4,2025-09-19 14:12:22.871,12.886111111111
Long Yeast Grow,pioreactor02,2025-09-19T12:12:45.871Z,500.1,2025-09-19 14:12:45.871,12.8925
Long Yeast Grow,pioreactor02,2025-09-19T12:13:08.871Z,501.1,2025-09-19 14:13:08.871,12.898888888889
Long Yeast Grow,pioreactor02,2025-09-19T12:13:31.871Z,491.9,2025-09-19 14:13:31.871,12.905277777778
Long Yeast Grow,pioreactor02,2025-09-19T12:13:54.871Z,501.8,2025-09-19 14:13:54.871,12.911666666667
Long Yeast Grow,pioreactor02,2025-09-19T12:14:17.871Z,508.7,2025-09-19 14:14:17.871,12.918055555556
Long Yeast Grow,pioreactor02,2025-09-19T12:14:40.871Z,498.7,2025-09-19 14:14:40.871,12.924444444444
Long Yeast Grow,pioreactor02,2025-09-19T12:15:03.871Z,500.8,2025-09-19 14:15:03.871,12.930833333333
Long Yeast Grow,pioreactor02,2025-09-19T12:15:26.871Z,501.2,2025-09-19 14:15:26.871,12.937222222222
Long Yeast Grow,pioreactor02,2025-09-19T12:15:49.871Z,504.4,2025-09-19 14:15:49.871,12.943611111111
Long Yeast Grow,pioreactor02,2025-09-19T12:16:12.871Z,499.7,2025-09-19 14:16:12.871,12.95
Long Yeast Grow,pioreactor02,2025-09-19T12:16:35.871Z,497.0,2025-09-19 14:16:35.871,12.956388888889
Long Yeast Grow,pioreactor02,2025-09-19T12:16:58.871Z,497.2,2025-09-19 14:16:58.871,12.962777777778
Long Yeast Grow,pioreactor02,2025-09-19T12:17:21.871Z,499.9,2025-09-19 14:17:21.871,12.969166666667
Long Yeast Grow,pioreactor02,2025-09-19T12:17:44.871Z,494.6,2025-09-19 14:17:44.871,12.975555555556
Long Yeast Grow,pioreactor02,2025-09-19T12:18:07.871Z,500.4,2025-09-19 14:18:07.871,12.981944444444
Long Yeast Grow,pioreactor02,2025-09-19T12:18:30.871Z,500.9,2025-09-19 14:18:30.871,12.988333333333
Long Yeast Grow,pioreactor02,2025-09-19T12:18:53.871Z,500.3,2025-09-19 14:18:53.871,12.994722222222
Long Yeast Grow,pioreactor02,2025-09-19T12:19:16.871Z,505.0,2025-09-19 14:19:16.871,13.001111111111
Long Yeast Grow,pioreactor02,2025-09-19T12:19:39.871Z,499.7,2025-09-19 14:19:39.871,13.0075
Long Yeast Grow,pioreactor02,2025-09-19T12:20:02.871Z,502.4,2025-09-19 14:20:02.871,13.013888888889
Long Yeast Grow,pioreactor02,2025-09-19T12:20:25.871Z,499.5,2025-09-19 14:20:25.871,13.020277777778
Long Yeast Grow,pioreactor02,2025-09-19T12:20:48.871Z,499.4,2025-09-19 14:20:48.871,13.026666666667
Long Yeast Grow,pioreactor02,2025-09-19T12:21:11.871Z,501.5,2025-09-19 14:21:11.871,13.033055555556
Long Yeast Grow,pioreactor02,2025-09-19T12:21:34.871Z,501.8,2025-09-19 14:21:34.871,13.039444444444
Long Yeast Grow,pioreactor02,2025-09-19T12:21:57.871Z,494.4,2025-09-19 14:21:57.871,13.045833333333
Long Yeast Grow,pioreactor02,2025-09-19T12:22:20.871Z,500.2,2025-09-19 14:22:20.871,13.052222222222
Long Yeast Grow,pioreactor02,2025-09-19T12:22:43.871Z,500.2,2025-09-19 14:22:43.871,13.058611111111
Long Yeast Grow,pioreactor02,2025-09-19T12:23:06.871Z,510.9,2025-09-19 14:23:06.871,13.065
Long Yeast Grow,pioreactor02,2025-09-19T12:23:29.871Z,504.5,2025-09-19 14:23:29.871,13.071388888889
Long Yeast Grow,pioreactor02,2025-09-19T12:23:52.871Z,501.1,2025-09-19 14:23:52.871,13.077777777778
Long Yeast Grow,pioreactor02,2025-09-19T12:24:15.871Z,500.6,2025-09-19 14:24:15.871,13.084166666667
Long Yeast Grow,pioreactor02,2025-09-19T12:24:38.871Z,497.3,2025-09-19 14:24:38.871,13.090555555556
Long Yeast Grow,pioreactor02,2025-09-19T12:25:01.871Z,493.0,2025-09-19 14:25:01.871,13.096944444444
Long Yeast Grow,pioreactor02,2025-09-19T12:25:24.871Z,500.3,2025-09-19 14:25:24.871,13.103333333333
Long Yeast Grow,pioreactor02,2025-09-19T12:25:47.871Z,506.1,2025-09-19 14:25:47.871,13.109722222222
Long Yeast Grow,pioreactor02,2025-09-19T12:26:10.871Z,488.8,2025-09-19 14:26:10.871,13.116111111111
Long Yeast Grow,pioreactor02,2025-09-19T12:26:33.871Z,492.4,2025-09-19 14:26:33.871,13.1225
Long Yeast Grow,pioreactor02,2025-09-19T12:26:56.871Z,509.5,2025-09-19 14:26:56.871,13.128888888889
Long Yeast Grow,pioreactor02,2025-09-19T12:27:19.871Z,495.4,2025-09-19 14:27:19.871,13.135277777778
Long Yeast Grow,pioreactor02,2025-09-19T12:27:42.871Z,493.9,2025-09-19 14:27:42.871,13.141666666667
Long Yeast Grow,pioreactor02,2025-09-19T12:28:05.871Z,501.1,2025-09-19 14:28:05.871,13.148055555556
Long Yeast Grow,pioreactor02,2025-09-19T12:28:28.871Z,497.5,2025-09-19 14:28:28.871,13.154444444444
Long Yeast Grow,pioreactor02,2025-09-19T12:28:51.871Z,505.3,2025-09-19 14:28:51.871,13.160833333333
Long Yeast Grow,pioreactor02,2025-09-19T12:29:14.871Z,499.5,2025-09-19 14:29:14.871,13.167222222222
Long Yeast Grow,pioreactor02,2025-09-19T12:29:37.871Z,500.1,2025-09-19 14:29:37.871,13.173611111111
Long Yeast Grow,pioreactor02,2025-09-19T12:30:00.871Z,492.8,2025-09-19 14:30:00.871,13.18
Long Yeast Grow,pioreactor02,2025-09-19T12:30:23.871Z,507.9,2025-09-19 14:30:23.871,13.186388888889
Long Yeast Grow,pioreactor02,2025-09-19T12:30:46.871Z,496.0,2025-09-19 14:30:46.871,13.192777777778
Long Yeast Grow,pioreactor02,2025-09-19T12:31:09.871Z,500.3,2025-09-19 14:31:09.871,13.199166666667
Long Yeast Grow,pioreactor02,2025-09-19T12:31:32.871Z,499.7,2025-09-19 14:31:32.871,13.205555555556
Long Yeast Grow,pioreactor02,2025-09-19T12:31:55.871Z,505.7,2025-09-19 14:31:55.871,13.211944444444
Long Yeast Grow,pioreactor02,2025-09-19T12:32:18.871Z,503.5,2025-09-19 14:32:18.871,13.218333333333
Long Yeast Grow,pioreactor02,2025-09-19T12:32:41.871Z,496.2,2025-09-19 14:32:41.871,13.224722222222
Long Yeast Grow,pioreactor02,2025-09-19T12:33:04.871Z,492.9,2025-09-19 14:33:04.871,13.231111111111
Long Yeast Grow,pioreactor02,2025-09-19T12:33:27.871Z,498.4,2025-09-19 14:33:27.871,13.2375
Long Yeast Grow,pioreactor02,2025-09-19T12:33:50.871Z,497.9,2025-09-19 14:33:50.871,13.243888888889
Long Yeast Grow,pioreactor02,2025-09-19T12:34:13.871Z,502.6,2025-09-19 14:34:13.871,13.250277777778
Long Yeast Grow,pioreactor02,2025-09-19T12:34:36.871Z,500.8,2025-09-19 14:34:36.871,13.256666666667
Long Yeast Grow,pioreactor02,2025-09-19T12:34:59.871Z,499.9,2025-09-19 14:34:59.871,13.263055555556
Long Yeast Grow,pioreactor02,2025-09-19T12:35:22.871Z,498.9,2025-09-19 14:35:22.871,13.269444444444
Long Yeast Grow,pioreactor02,2025-09-19T12:35:45.871Z,509.7,2025-09-19 14:35:45.871,13.275833333333
Long Yeast Grow,pioreactor02,2025-09-19T12:36:08.871Z,500.5,2025-09-19 14:36:08.871,13.282222222222
Long Yeast Grow,pioreactor02,2025-09-19T12:36:31.871Z,504.5,2025-09-19 14:36:31.871,13.288611111111
Long Yeast Grow,pioreactor02,2025-09-19T12:36:54.871Z,508.4,2025-09-19 14:36:54.871,13.295
Long Yeast Grow,pioreactor02,2025-09-19T12:37:17.871Z,500.7,2025-09-19 14:37:17.871,13.301388888889
Long Yeast Grow,pioreactor02,2025-09-19T12:37:40.871Z,510.7,2025-09-19 14:37:40.871,13.307777777778
Long Yeast Grow,pioreactor02,2025-09-19T12:38:03.871Z,500.7,2025-09-19 14:38:03.871,13.314166666667
Long Yeast Grow,pioreactor02,2025-09-19T12:38:26.871Z,496.3,2025-09-19 14:38:26.871,13.320555555556
Long Yeast Grow,pioreactor02,2025-09-19T12:38:49.871Z,496.7,2025-09-19 14:38:49.871,13.326944444444
Long Yeast Grow,pioreactor02,2025-09-19T12:39:12.871Z,501.2,2025-09-19 14:39:12.871,13.333333333333
Long Yeast Grow,pioreactor02,2025-09-19T12:39:35.871Z,502.6,2025-09-19 14:39:35.871,13.339722222222
Long Yeast Grow,pioreactor02,2025-09-19T12:39:58.871Z,488.9,2025-09-19 14:39:58.871,13.346111111111
Long Yeast Grow,pioreactor02,2025-09-19T12:40:21.871Z,499.5,2025-09-19 14:40:21.871,13.3525
Long Yeast Grow,pioreactor02,2025-09-19T12:40:44.871Z,501.2,2025-09-19 14:40:44.871,13.358888888889
Long Yeast Grow,pioreactor02,2025-09-19T12:41:07.871Z,493.9,2025-09-19 14:41:07.871,13.365277777778
Long Yeast Grow,pioreactor02,2025-09-19T12:41:30.871Z,508.8,2025-09-19 14:41:30.871,13.371666666667
Long Yeast Grow,pioreactor02,2025-09-19T12:41:53.871Z,499.8,2025-09-19 14:41:53.871,13.378055555556
Long Yeast Grow,pioreactor02,2025-09-19T12:42:16.871Z,494.9,2025-09-19 14:42:16.871,13.384444444444
Long Yeast Grow,pioreactor02,2025-09-19T12:42:39.871Z,504.3,2025-09-19 14:42:39.871,13.390833333333
Long Yeast Grow,pioreactor02,2025-09-19T12:43:02.871Z,500.3,2025-09-19 14:43:02.871,13.397222222222
Long Yeast Grow,pioreactor02,2025-09-19T12:43:25.871Z,489.6,2025-09-19 14:43:25.871,13.403611111111
Long Yeast Grow,pioreactor02,2025-09-19T12:43:48.871Z,504.8,2025-09-19 14:43:48.871,13.41
Long Yeast Grow,pioreactor02,2025-09-19T12:44:11.871Z,499.9,2025-09-19 14:44:11.871,13.416388888889
Long Yeast Grow,pioreactor02,2025-09-19T12:44:34.871Z,497.5,2025-09-19 14:44:34.871,13.422777777778
Long Yeast Grow,pioreactor02,2025-09-19T12:44:57.871Z,499.9,2025-09-19 14:44:57.871,13.429166666667
Long Yeast Grow,pioreactor02,2025-09-19T12:45:20.871Z,499.5,2025-09-19 14:45:20.871,13.435555555556
Long Yeast Grow,pioreactor02,2025-09-19T12:45:43.871Z,495.4,2025-09-19 14:45:43.871,13.441944444444
Long Yeast Grow,pioreactor02,2025-09-19T12:46:06.871Z,498.7,2025-09-19 14:46:06.871,13.448333333333
Long Yeast Grow,pioreactor02,2025-09-19T12:46:29.871Z,496.5,2025-09-19 14:46:29.871,13.454722222222
Long Yeast Grow,pioreactor02,2025-09-19T12:46:52.871Z,500.7,2025-09-19 14:46:52.871,13.461111111111
Long Yeast Grow,pioreactor02,2025-09-19T12:47:15.871Z,507.7,2025-09-19 14:47:15.871,13.4675
Long Yeast Grow,pioreactor02,2025-09-19T12:47:38.871Z,500.1,2025-09-19 14:47:38.871,13.473888888889
Long Yeast Grow,pioreactor02,2025-09-19T12:48:01.871Z,508.4,2025-09-19 14:48:01.871,13.480277777778
Long Yeast Grow,pioreactor02,2025-09-19T12:48:24.871Z,500.7,2025-09-19 14:48:24.871,13.486666666667
Long Yeast Grow,pioreactor02,2025-09-19T12:48:47.871Z,501.2,2025-09-19 14:48:47.871,13.493055555556
Long Yeast Grow,pioreactor02,2025-09-19T12:49:10.871Z,496.2,2025-09-19 14:49:10.871,13.499444444444
Long Yeast Grow,pioreactor02,2025-09-19T12:49:33.871Z,505.0,2025-09-19 14:49:33.871,13.505833333333
Long Yeast Grow,pioreactor02,2025-09-19T12:49:56.871Z,488.8,2025-09-19 14:49:56.871,13.512222222222
Long Yeast Grow,pioreactor02,2025-09-19T12:50:19.871Z,499.8,2025-09-19 14:50:19.871,13.518611111111
Long Yeast Grow,pioreactor02,2025-09-19T12:50:42.871Z,502.5,2025-09-19 14:50:42.871,13.525
Long Yeast Grow,pioreactor02,2025-09-19T12:51:05.871Z,495.7,2025-09-19 14:51:05.871,13.531388888889
Long Yeast Grow,pioreactor02,2025-09-19T12:51:28.871Z,498.8,2025-09-19 14:51:28.871,13.537777777778
Long Yeast Grow,pioreactor02,2025-09-19T12:51:51.871Z,502.5,2025-09-19 14:51:51.871,13.544166666667
Long Yeast Grow,pioreactor02,2025-09-19T12:52:14.871Z,499.3,2025-09-19 14:52:14.871,13.550555555556
Long Yeast Grow,pioreactor02,2025-09-19T12:52:37.871Z,503.6,2025-09-19 14:52:37.871,13.556944444444
Long Yeast Grow,pioreactor02,2025-09-19T12:53:00.871Z,499.4,2025-09-19 14:53:00.871,13.563333333333
Long Yeast Grow,pioreactor02,2025-09-19T12:53:23.871Z,496.2,2025-09-19 14:53:23.871,13.569722222222
Long Yeast Grow,pioreactor02,2025-09-19T12:53:46.871Z,495.5,2025-09-19 14:53:46.871,13.576111111111
Long Yeast Grow,pioreactor02,2025-09-19T12:54:09.871Z,491.5,2025-09-19 14:54:09.871,13.5825
Long Yeast Grow,pioreactor02,2025-09-19T12:54:32.871Z,499.2,2025-09-19 14:54:32.871,13.588888888889
Long Yeast Grow,pioreactor02,2025-09-19T12:54:55.871Z,501.4,2025-09-19 14:54:55.871,13.595277777778
Long Yeast Grow,pioreactor02,2025-09-19T12:55:18.871Z,504.2,2025-09-19 14:55:18.871,13.601666666667
Long Yeast Grow,pioreactor02,2025-09-19T12:55:41.871Z,503.6,2025-09-19 14:55:41.871,13.608055555556
Long Yeast Grow,pioreactor02,2025-09-19T12:56:04.871Z,500.8,2025-09-19 14:56:04.871,13.614444444444
Long Yeast Grow,pioreactor02,2025-09-19T12:56:27.871Z,499.6,2025-09-19 14:56:27.871,13.620833333333
Long Yeast Grow,pioreactor02,2025-09-19T12:56:50.871Z,501.2,2025-09-19 14:56:50.871,13.627222222222
Long Yeast Grow,pioreactor02,2025-09-19T12:57:13.871Z,499.7,2025-09-19 14:57:13.871,13.633611111111
Long Yeast Grow,pioreactor02,2025-09-19T12:57:36.871Z,490.2,2025-09-19 14:57:36.871,13.64
Long Yeast Grow,pioreactor02,2025-09-19T12:57:59.871Z,500.0,2025-09-19 14:57:59.871,13.646388888889
Long Yeast Grow,pioreactor02,2025-09-19T12:58:22.871Z,494.9,2025-09-19 14:58:22.871,13.652777777778
Long Yeast Grow,pioreactor02,2025-09-19T12:58:45.871Z,500.0,2025-09-19 14:58:45.871,13.659166666667
Long Yeast Grow,pioreactor02,2025-09-19T12:59:08.871Z,499.2,2025-09-19 14:59:08.871,13.665555555556
Long Yeast Grow,pioreactor02,2025-09-19T12:59:31.871Z,499.1,2025-09-19 14:59:31.871,13.671944444444
Long Yeast Grow,pioreactor02,2025-09-19T12:59:54.871Z,505.3,2025-09-19 14:59:54.871,13.678333333333
Long Yeast Grow,pioreactor02,2025-09-19T13:00:17.871Z,507.2,2025-09-19 15:00:17.871,13.684722222222
Long Yeast Grow,pioreactor02,2025-09-19T13:00:40.871Z,505.5,2025-09-19 15:00:40.871,13.691111111111
Long Yeast Grow,pioreactor02,2025-09-19T13:01:03.871Z,493.6,2025-09-19 15:01:03.871,13.6975
Long Yeast Grow,pioreactor02,2025-09-19T13:01:26.871Z,499.6,2025-09-19 15:01:26.871,13.703888888889
Long Yeast Grow,pioreactor02,2025-09-19T13:01:49.871Z,499.6,2025-09-19 15:01:49.871,13.710277777778
Long Yeast Grow,pioreactor02,2025-09-19T13:02:12.871Z,503.0,2025-09-19 15:02:12.871,13.716666666667
Long Yeast Grow,pioreactor02,2025-09-19T13:02:35.871Z,499.9,2025-09-19 15:02:35.871,13.723055555556
Long Yeast Grow,pioreactor02,2025-09-19T13:02:58.871Z,502.9,2025-09-19 15:02:58.871,13.729444444444
Long Yeast Grow,pioreactor02,2025-09-19T13:03:21.871Z,500.2,2025-09-19 15:03:21.871,13.735833333333
Long Yeast Grow,pioreactor02,2025-09-19T13:03:44.871Z,497.3,2025-09-19 15:03:44.871,13.742222222222
Long Yeast Grow,pioreactor02,2025-09-19T13:04:07.871Z,500.9,2025-09-19 15:04:07.871,13.748611111111
Long Yeast Grow,pioreactor02,2025-09-19T13:04:30.871Z,491.0,2025-09-19 15:04:30.871,13.755
Long Yeast Grow,pioreactor02,2025-09-19T13:04:53.871Z,498.9,2025-09-19 15:04:53.871,13.761388888889
Long Yeast Grow,pioreactor02,2025-09-19T13:05:16.871Z,499.9,2025-09-19 15:05:16.871,13.767777777778
Long Yeast Grow,pioreactor02,2025-09-19T13:05:39.871Z,499.8,2025-09-19 15:05:39.871,13.774166666667
Long Yeast Grow,pioreactor02,2025-09-19T13:06:02.871Z,505.2,2025-09-19 15:06:02.871,13.780555555556
Long Yeast Grow,pioreactor02,2025-09-19T13:06:25.871Z,498.6,2025-09-19 15:06:25.871,13.786944444444
Long Yeast Grow,pioreactor02,2025-09-19T13:06:48.871Z,495.0,2025-09-19 15:06:48.871,13.793333333333
Long Yeast Grow,pioreactor02,2025-09-19T13:07:11.871Z,499.9,2025-09-19 15:07:11.871,13.799722222222
Long Yeast Grow,pioreactor02,2025-09-19T13:07:34.871Z,498.0,2025-09-19 15:07:34.871,13.806111111111
Long Yeast Grow,pioreactor02,2025-09-19T13:07:57.871Z,501.4,2025-09-19 15:07:57.871,13.8125
Long Yeast Grow,pioreactor02,2025-09-19T13:08:20.871Z,500.3,2025-09-19 15:08:20.871,13.818888888889
Long Yeast Grow,pioreactor02,2025-09-19T13:08:43.871Z,502.9,2025-09-19 15:08:43.871,13.825277777778
Long Yeast Grow,pioreactor02,2025-09-19T13:09:06.871Z,499.6,2025-09-19 15:09:06.871,13.831666666667
Long Yeast Grow,pioreactor02,2025-09-19T13:09:29.871Z,507.5,2025-09-19 15:09:29.871,13.838055555556
Long Yeast Grow,pioreactor02,2025-09-19T13:09:52.871Z,503.2,2025-09-19 15:09:52.871,13.844444444444
Long Yeast Grow,pioreactor02,2025-09-19T13:10:15.871Z,499.6,2025-09-19 15:10:15.871,13.850833333333
Long Yeast Grow,pioreactor02,2025-09-19T13:10:38.871Z,499.7,2025-09-19 15:10:38.871,13.857222222222
Long Yeast Grow,pioreactor02,2025-09-19T13:11:01.871Z,496.1,2025-09-19 15:11:01.871,13.863611111111
Long Yeast Grow,pioreactor02,2025-09-19T13:11:24.871Z,501.0,2025-09-19 15:11:24.871,13.87
Long Yeast Grow,pioreactor02,2025-09-19T13:11:47.871Z,504.0,2025-09-19 15:11:47.871,13.876388888889
Long Yeast Grow,pioreactor02,2025-09-19T13:12:10.871Z,500.3,2025-09-19 15:12:10.871,13.882777777778
Long Yeast Grow,pioreactor02,2025-09-19T13:12:33.871Z,500.8,2025-09-19 15:12:33.871,13.889166666667
Long Yeast Grow,pioreactor02,2025-09-19T13:12:56.871Z,497.0,2025-09-19 15:12:56.871,13.895555555556
Long Yeast Grow,pioreactor02,2025-09-19T13:13:19.871Z,508.2,2025-09-19 15:13:19.871,13.901944444444
Long Yeast Grow,pioreactor02,2025-09-19T13:13:42.871Z,495.5,2025-09-19 15:13:42.871,13.908333333333
Long Yeast Grow,pioreactor02,2025-09-19T13:14:05.871Z,501.7,2025-09-19 15:14:05.871,13.914722222222
Long Yeast Grow,pioreactor02,2025-09-19T13:14:28.871Z,496.8,2025-09-19 15:14:28.871,13.921111111111
Long Yeast Grow,pioreactor02,2025-09-19T13:14:51.871Z,506.2,2025-09-19 15:14:51.871,13.9275
Long Yeast Grow,pioreactor02,2025-09-19T13:15:14.871Z,499.9,2025-09-19 15:15:14.871,13.933888888889
Long Yeast Grow,pioreactor02,2025-09-19T13:15:37.871Z,501.1,2025-09-19 15:15:37.871,13.940277777778
Long Yeast Grow,pioreactor02,2025-09-19T13:16:00.871Z,503.8,2025-09-19 15:16:00.871,13.946666666667
Long Yeast Grow,pioreactor02,2025-09-19T13:16:23.871Z,500.9,2025-09-19 15:16:23.871,13.953055555556
Long Yeast Grow,pioreactor02,2025-09-19T13:16:46.871Z,492.2,2025-09-19 15:16:46.871,13.959444444444
Long Yeast Grow,pioreactor02,2025-09-19T13:17:09.871Z,493.3,2025-09-19 15:17:09.871,13.965833333333
Long Yeast Grow,pioreactor02,2025-09-19T13:17:32.871Z,501.3,2025-09-19 15:17:32.871,13.972222222222
Long Yeast Grow,pioreactor02,2025-09-19T13:17:55.871Z,499.5,2025-09-19 15:17:55.871,13.978611111111
Long Yeast Grow,pioreactor02,2025-09-19T13:18:18.871Z,498.5,2025-09-19 15:18:18.871,13.985
Long Yeast Grow,pioreactor02,2025-09-19T13:18:41.871Z,497.3,2025-09-19 15:18:41.871,13.991388888889
Long Yeast Grow,pioreactor02,2025-09-19T13:19:04.871Z,507.7,2025-09-19 15:19:04.871,13.997777777778
Long Yeast Grow,pioreactor02,2025-09-19T13:19:27.871Z,507.3,2025-09-19 15:19:27.871,14.004166666667
Long Yeast Grow,pioreactor02,2025-09-19T13:19:50.871Z,502.1,2025-09-19 15:19:50.871,14.010555555556
Long Yeast Grow,pioreactor02,2025-09-19T13:20:13.871Z,500.1,2025-09-19 15:20:13.871,14.016944444444
Long Yeast Grow,pioreactor02,2025-09-19T13:20:36.871Z,504.4,2025-09-19 15:20:36.871,14.023333333333
Long Yeast Grow,pioreactor02,2025-09-19T13:20:59.871Z,508.9,2025-09-19 15:20:59.871,14.029722222222
Long Yeast Grow,pioreactor02,2025-09-19T13:21:22.871Z,501.1,2025-09-19 15:21:22.871,14.036111111111
Long Yeast Grow,pioreactor02,2025-09-19T13:21:45.871Z,507.5,2025-09-19 15:21:45.871,14.0425
Long Yeast Grow,pioreactor02,2025-09-19T13:22:08.871Z,503.8,2025-09-19 15:22:08.871,14.048888888889
Long Yeast Grow,pioreactor02,2025-09-19T13:22:31.871Z,500.5,2025-09-19 15:22:31.871,14.055277777778
Long Yeast Grow,pioreactor02,2025-09-19T13:22:54.871Z,501.9,2025-09-19 15:22:54.871,14.061666666667
Long Yeast Grow,pioreactor02,2025-09-19T13:23:17.871Z,499.1,2025-09-19 15:23:17.871,14.068055555556
Long Yeast Grow,pioreactor02,2025-09-19T13:23:40.871Z,496.6,2025-09-19 15:23:40.871,14.074444444444
Long Yeast Grow,pioreactor02,2025-09-19T13:24:03.871Z,498.6,2025-09-19 15:24:03.871,14.080833333333
Long Yeast Grow,pioreactor02,2025-09-19T13:24:26.871Z,494.4,2025-09-19 15:24:26.871,14.087222222222
Long Yeast Grow,pioreactor02,2025-09-19T13:24:49.871Z,501.3,2025-09-19 15:24:49.871,14.093611111111
Long Yeast Grow,pioreactor02,2025-09-19T13:25:12.871Z,500.0,2025-09-19 15:25:12.871,14.1
Long Yeast Grow,pioreactor02,2025-09-19T13:25:35.871Z,500.6,2025-09-19 15:25:35.871,14.106388888889
Long Yeast Grow,pioreactor02,2025-09-19T13:25:58.871Z,503.4,2025-09-19 15:25:58.871,14.112777777778
Long Yeast Grow,pioreactor02,2025-09-19T13:26:21.871Z,498.8,2025-09-19 15:26:21.871,14.119166666667
Long Yeast Grow,pioreactor02,2025-09-19T13:26:44.871Z,498.2,2025-09-19 15:26:44.871,14.125555555556
Long Yeast Grow,pioreactor02,2025-09-19T13:27:07.871Z,499.6,2025-09-19 15:27:07.871,14.131944444444
Long Yeast Grow,pioreactor02,2025-09-19T13:27:30.871Z,494.6,2025-09-19 15:27:30.871,14.138333333333
Long Yeast Grow,pioreactor02,2025-09-19T13:27:53.871Z,500.3,2025-09-19 15:27:53.871,14.144722222222
Long Yeast Grow,pioreactor02,2025-09-19T13:28:16.871Z,494.0,2025-09-19 15:28:16.871,14.151111111111
Long Yeast Grow,pioreactor02,2025-09-19T13:28:39.871Z,499.9,2025-09-19 15:28:39.871,14.1575
Long Yeast Grow,pioreactor02,2025-09-19T13:29:02.871Z,500.2,2025-09-19 15:29:02.871,14.163888888889
Long Yeast Grow,pioreactor02,2025-09-19T13:29:25.871Z,500.3,2025-09-19 15:29:25.871,14.170277777778
Long Yeast Grow,pioreactor02,2025-09-19T13:29:48.871Z,498.9,2025-09-19 15:29:48.871,14.176666666667
Long Yeast Grow,pioreactor02,2025-09-19T13:30:11.871Z,489.4,2025-09-19 15:30:11.871,14.183055555556
Long Yeast Grow,pioreactor02,2025-09-19T13:30:34.871Z,494.7,2025-09-19 15:30:34.871,14.189444444444
Long Yeast Grow,pioreactor02,2025-09-19T13:30:57.871Z,499.0,2025-09-19 15:30:57.871,14.195833333333
Long Yeast Grow,pioreactor02,2025-09-19T13:31:20.871Z,499.0,2025-09-19 15:31:20.871,14.202222222222
Long Yeast Grow,pioreactor02,2025-09-19T13:31:43.871Z,510.7,2025-09-19 15:31:43.871,14.208611111111
Long Yeast Grow,pioreactor02,2025-09-19T13:32:06.871Z,500.6,2025-09-19 15:32:06.871,14.215
Long Yeast Grow,pioreactor02,2025-09-19T13:32:29.871Z,500.4,2025-09-19 15:32:29.871,14.221388888889
Long Yeast Grow,pioreactor02,2025-09-19T13:32:52.871Z,409.1,2025-09-19 15:32:52.871,14.227777777778
Long Yeast Grow,pioreactor02,2025-09-19T13:33:15.871Z,421.6,2025-09-19 15:33:15.871,14.234166666667
Long Yeast Grow,pioreactor02,2025-09-19T13:33:38.871Z,421.2,2025-09-19 15:33:38.871,14.240555555556
Long Yeast Grow,pioreactor02,2025-09-19T13:34:01.871Z,545.7,2025-09-19 15:34:01.871,14.246944444444
Long Yeast Grow,pioreactor02,2025-09-19T13:34:24.871Z,546.1,2025-09-19 15:34:24.871,14.253333333333
Long Yeast Grow,pioreactor02,2025-09-19T13:34:47.871Z,536.3,2025-09-19 15:34:47.871,14.259722222222
Long Yeast Grow,pioreactor02,2025-09-19T13:35:10.871Z,526.3,2025-09-19 15:35:10.871,14.266111111111
Long Yeast Grow,pioreactor02,2025-09-19T13:35:33.871Z,523.1,2025-09-19 15:35:33.871,14.2725
Long Yeast Grow,pioreactor02,2025-09-19T13:35:56.871Z,515.9,2025-09-19 15:35:56.871,14.278888888889
Long Yeast Grow,pioreactor02,2025-09-19T13:36:19.871Z,518.7,2025-09-19 15:36:19.871,14.285277777778
Long Yeast Grow,pioreactor02,2025-09-19T13:36:42.871Z,504.4,2025-09-19 15:36:42.871,14.291666666667
Long Yeast Grow,pioreactor02,2025-09-19T13:37:05.871Z,504.3,2025-09-19 15:37:05.871,14.298055555556
Long Yeast Grow,pioreactor02,2025-09-19T13:37:28.871Z,506.1,2025-09-19 15:37:28.871,14.304444444444
Long Yeast Grow,pioreactor02,2025-09-19T13:37:51.871Z,502.7,2025-09-19 15:37:51.871,14.310833333333
Long Yeast Grow,pioreactor02,2025-09-19T13:38:14.871Z,501.0,2025-09-19 15:38:14.871,14.317222222222
Long Yeast Grow,pioreactor02,2025-09-19T13:38:37.871Z,508.3,2025-09-19 15:38:37.871,14.323611111111
Long Yeast Grow,pioreactor02,2025-09-19T13:39:00.871Z,495.3,2025-09-19 15:39:00.871,14.33
Long Yeast Grow,pioreactor02,2025-09-19T13:39:23.871Z,507.3,2025-09-19 15:39:23.871,14.336388888889
Long Yeast Grow,pioreactor02,2025-09-19T13:39:46.871Z,499.5,2025-09-19 15:39:46.871,14.342777777778
Long Yeast Grow,pioreactor02,2025-09-19T13:40:09.871Z,492.9,2025-09-19 15:40:09.871,14.349166666667
Long Yeast Grow,pioreactor02,2025-09-19T13:40:32.871Z,504.1,2025-09-19 15:40:32.871,14.355555555556
Long Yeast Grow,pioreactor02,2025-09-19T13:40:55.871Z,498.6,2025-09-19 15:40:55.871,14.361944444444
Long Yeast Grow,pioreactor02,2025-09-19T13:41:18.871Z,506.3,2025-09-19 15:41:18.871,14.368333333333
Long Yeast Grow,pioreactor02,2025-09-19T13:41:41.871Z,502.4,2025-09-19 15:41:41.871,14.374722222222
Long Yeast Grow,pioreactor02,2025-09-19T13:42:04.871Z,500.1,2025-09-19 15:42:04.871,14.381111111111
Long Yeast Grow,pioreactor02,2025-09-19T13:42:27.871Z,495.9,2025-09-19 15:42:27.871,14.3875
Long Yeast Grow,pioreactor02,2025-09-19T13:42:50.871Z,495.9,2025-09-19 15:42:50.871,14.393888888889
Long Yeast Grow,pioreactor02,2025-09-19T13:43:13.871Z,502.6,2025-09-19 15:43:13.871,14.400277777778
Long Yeast Grow,pioreactor02,2025-09-19T13:43:36.871Z,503.5,2025-09-19 15:43:36.871,14.406666666667
Long Yeast Grow,pioreactor02,2025-09-19T13:43:59.871Z,505.8,2025-09-19 15:43:59.871,14.413055555556
Long Yeast Grow,pioreactor02,2025-09-19T13:44:22.871Z,500.0,2025-09-19 15:44:22.871,14.419444444444
Long Yeast Grow,pioreactor02,2025-09-19T13:44:45.871Z,505.8,2025-09-19 15:44:45.871,14.425833333333
Long Yeast Grow,pioreactor02,2025-09-19T13:45:08.871Z,500.2,2025-09-19 15:45:08.871,14.432222222222
Long Yeast Grow,pioreactor02,2025-09-19T13:45:31.871Z,499.9,2025-09-19 15:45:31.871,14.438611111111
Long Yeast Grow,pioreactor02,2025-09-19T13:45:54.871Z,502.7,2025-09-19 15:45:54.871,14.445
Long Yeast Grow,pioreactor02,2025-09-19T13:46:17.871Z,498.9,2025-09-19 15:46:17.871,14.451388888889
Long Yeast Grow,pioreactor02,2025-09-19T13:46:40.871Z,500.5,2025-09-19 15:46:40.871,14.457777777778
Long Yeast Grow,pioreactor02,2025-09-19T13:47:03.871Z,498.2,2025-09-19 15:47:03.871,14.464166666667
Long Yeast Grow,pioreactor02,2025-09-19T13:47:26.871Z,499.1,2025-09-19 15:47:26.871,14.470555555556
Long Yeast Grow,pioreactor02,2025-09-19T13:47:49.871Z,492.2,2025-09-19 15:47:49.871,14.476944444444
Long Yeast Grow,pioreactor02,2025-09-19T13:48:12.871Z,497.0,2025-09-19 15:48:12.871,14.483333333333
Long Yeast Grow,pioreactor02,2025-09-19T13:48:35.871Z,499.6,2025-09-19 15:48:35.871,14.489722222222
Long Yeast Grow,pioreactor02,2025-09-19T13:48:58.871Z,500.3,2025-09-19 15:48:58.871,14.496111111111
Long Yeast Grow,pioreactor02,2025-09-19T13:49:21.871Z,498.4,2025-09-19 15:49:21.871,14.5025
Long Yeast Grow,pioreactor02,2025-09-19T13:49:44.871Z,502.1,2025-09-19 15:49:44.871,14.508888888889
Long Yeast Grow,pioreactor02,2025-09-19T13:50:07.871Z,500.0,2025-09-19 15:50:07.871,14.515277777778
Long Yeast Grow,pioreactor02,2025-09-19T13:50:30.871Z,496.1,2025-09-19 15:50:30.871,14.521666666667
Long Yeast Grow,pioreactor02,2025-09-19T13:50:53.871Z,493.4,2025-09-19 15:50:53.871,14.528055555556
Long Yeast Grow,pioreactor02,2025-09-19T13:51:16.871Z,495.9,2025-09-19 15:51:16.871,14.534444444444
Long Yeast Grow,pioreactor02,2025-09-19T13:51:39.871Z,500.2,2025-09-19 15:51:39.871,14.540833333333
Long Yeast Grow,pioreactor02,2025-09-19T13:52:02.871Z,502.0,2025-09-19 15:52:02.871,14.547222222222
Long Yeast Grow,pioreactor02,2025-09-19T13:52:25.871Z,501.4,2025-09-19 15:52:25.871,14.553611111111
Long Yeast Grow,pioreactor02,2025-09-19T13:52:48.871Z,497.6,2025-09-19 15:52:48.871,14.56
Long Yeast Grow,pioreactor02,2025-09-19T13:53:11.871Z,494.8,2025-09-19 15:53:11.871,14.566388888889
Long Yeast Grow,pioreactor02,2025-09-19T13:53:34.871Z,484.3,2025-09-19 15:53:34.871,14.572777777778
Long Yeast Grow,pioreactor02,2025-09-19T13:53:57.871Z,491.5,2025-09-19 15:53:57.871,14.579166666667
Long Yeast Grow,pioreactor02,2025-09-19T13:54:20.871Z,503.5,2025-09-19 15:54:20.871,14.585555555556
Long Yeast Grow,pioreactor02,2025-09-19T13:54:43.871Z,506.3,2025-09-19 15:54:43.871,14.591944444444
Long Yeast Grow,pioreactor02,2025-09-19T13:55:06.871Z,503.9,2025-09-19 15:55:06.871,14.598333333333
Long Yeast Grow,pioreactor02,2025-09-19T13:55:29.871Z,500.5,2025-09-19 15:55:29.871,14.604722222222
Long Yeast Grow,pioreactor02,2025-09-19T13:55:52.871Z,499.2,2025-09-19 15:55:52.871,14.611111111111
Long Yeast Grow,pioreactor02,2025-09-19T13:56:15.871Z,499.8,2025-09-19 15:56:15.871,14.6175
Long Yeast Grow,pioreactor02,2025-09-19T13:56:38.871Z,497.0,2025-09-19 15:56:38.871,14.623888888889
Long Yeast Grow,pioreactor02,2025-09-19T13:57:01.871Z,500.6,2025-09-19 15:57:01.871,14.630277777778
Long Yeast Grow,pioreactor02,2025-09-19T13:57:24.871Z,500.1,2025-09-19 15:57:24.871,14.636666666667
Long Yeast Grow,pioreactor02,2025-09-19T13:57:47.871Z,512.3,2025-09-19 15:57:47.871,14.643055555556
Long Yeast Grow,pioreactor02,2025-09-19T13:58:10.871Z,499.3,2025-09-19 15:58:10.871,14.649444444444
Long Yeast Grow,pioreactor02,2025-09-19T13:58:33.871Z,501.8,2025-09-19 15:58:33.871,14.655833333333
Long Yeast Grow,pioreactor02,2025-09-19T13:58:56.871Z,501.6,2025-09-19 15:58:56.871,14.662222222222
Long Yeast Grow,pioreactor02,2025-09-19T13:59:19.871Z,501.7,2025-09-19 15:59:19.871,14.668611111111
Long Yeast Grow,pioreactor02,2025-09-19T13:59:42.871Z,494.3,2025-09-19 15:59:42.871,14.675
Long Yeast Grow,pioreactor02,2025-09-19T14:00:05.871Z,499.7,2025-09-19 16:00:05.871,14.681388888889
Long Yeast Grow,pioreactor02,2025-09-19T14:00:28.871Z,500.1,2025-09-19 16:00:28.871,14.687777777778
Long Yeast Grow,pioreactor02,2025-09-19T14:00:51.871Z,500.6,2025-09-19 16:00:51.871,14.694166666667
Long Yeast Grow,pioreactor02,2025-09-19T14:01:14.871Z,496.1,2025-09-19 16:01:14.871,14.700555555556
Long Yeast Grow,pioreactor02,2025-09-19T14:01:37.871Z,505.2,2025-09-19 16:01:37.871,14.706944444444
Long Yeast Grow,pioreactor02,2025-09-19T14:02:00.871Z,501.5,2025-09-19 16:02:00.871,14.713333333333
Long Yeast Grow,pioreactor02,2025-09-19T14:02:23.871Z,488.5,2025-09-19 16:02:23.871,14.719722222222
Long Yeast Grow,pioreactor02,2025-09-19T14:02:46.871Z,510.0,2025-09-19 16:02:46.871,14.726111111111
Long Yeast Grow,pioreactor02,2025-09-19T14:03:09.871Z,499.4,2025-09-19 16:03:09.871,14.7325
Long Yeast Grow,pioreactor02,2025-09-19T14:03:32.871Z,500.4,2025-09-19 16:03:32.871,14.738888888889
Long Yeast Grow,pioreactor02,2025-09-19T14:03:55.871Z,500.2,2025-09-19 16:03:55.871,14.745277777778
Long Yeast Grow,pioreactor02,2025-09-19T14:04:18.871Z,513.7,2025-09-19 16:04:18.871,14.751666666667
Long Yeast Grow,pioreactor02,2025-09-19T14:04:41.871Z,506.8,2025-09-19 16:04:41.871,14.758055555556
Long Yeast Grow,pioreactor02,2025-09-19T14:05:04.871Z,507.7,2025-09-19 16:05:04.871,14.764444444444
Long Yeast Grow,pioreactor02,2025-09-19T14:05:27.871Z,499.9,2025-09-19 16:05:27.871,14.770833333333
Long Yeast Grow,pioreactor02,2025-09-19T14:05:50.871Z,507.1,2025-09-19 16:05:50.871,14.777222222222
Long Yeast Grow,pioreactor02,2025-09-19T14:06:13.871Z,493.6,2025-09-19 16:06:13.871,14.783611111111
Long Yeast Grow,pioreactor02,2025-09-19T14:06:36.871Z,500.1,2025-09-19 16:06:36.871,14.79
Long Yeast Grow,pioreactor02,2025-09-19T14:06:59.871Z,497.2,2025-09-19 16:06:59.871,14.796388888889
Long Yeast Grow,pioreactor02,2025-09-19T14:07:22.871Z,498.5,2025-09-19 16:07:22.871,14.802777777778
Long Yeast Grow,pioreactor02,2025-09-19T14:07:45.871Z,499.8,2025-09-19 16:07:45.871,14.809166666667
Long Yeast Grow,pioreactor02,2025-09-19T14:08:08.871Z,489.5,2025-09-19 16:08:08.871,14.815555555556
Long Yeast Grow,pioreactor02,2025-09-19T14:08:31.871Z,499.6,2025-09-19 16:08:31.871,14.821944444444
Long Yeast Grow,pioreactor02,2025-09-19T14:08:54.871Z,504.6,2025-09-19 16:08:54.871,14.828333333333
Long Yeast Grow,pioreactor02,2025-09-19T14:09:17.871Z,498.5,2025-09-19 16:09:17.871,14.834722222222
Long Yeast Grow,pioreactor02,2025-09-19T14:09:40.871Z,495.0,2025-09-19 16:09:40.871,14.841111111111
Long Yeast Grow,pioreactor02,2025-09-19T14:10:03.871Z,497.8,2025-09-19 16:10:03.871,14.8475
Long Yeast Grow,pioreactor02,2025-09-19T14:10:26.871Z,500.6,2025-09-19 16:10:26.871,14.853888888889
Long Yeast Grow,pioreactor02,2025-09-19T14:10:49.871Z,500.9,2025-09-19 16:10:49.871,14.860277777778
Long Yeast Grow,pioreactor02,2025-09-19T14:11:12.871Z,500.7,2025-09-19 16:11:12.871,14.866666666667
Long Yeast Grow,pioreactor02,2025-09-19T14:11:35.871Z,501.3,2025-09-19 16:11:35.871,14.873055555556
Long Yeast Grow,pioreactor02,2025-09-19T14:11:58.871Z,495.2,2025-09-19 16:11:58.871,14.879444444444
Long Yeast Grow,pioreactor02,2025-09-19T14:12:21.871Z,500.7,2025-09-19 16:12:21.871,14.885833333333
Long Yeast Grow,pioreactor02,2025-09-19T14:12:44.871Z,503.3,2025-09-19 16:12:44.871,14.892222222222
Long Yeast Grow,pioreactor02,2025-09-19T14:13:07.871Z,499.9,2025-09-19 16:13:07.871,14.898611111111
Long Yeast Grow,pioreactor02,2025-09-19T14:13:30.871Z,489.9,2025-09-19 16:13:30.871,14.905
Long Yeast Grow,pioreactor02,2025-09-19T14:13:53.871Z,495.2,2025-09-19 16:13:53.871,14.911388888889
Long Yeast Grow,pioreactor02,2025-09-19T14:14:16.871Z,500.1,2025-09-19 16:14:16.871,14.917777777778
Long Yeast Grow,pioreactor02,2025-09-19T14:14:39.871Z,501.8,2025-09-19 16:14:39.871,14.924166666667
Long Yeast Grow,pioreactor02,2025-09-19T14:15:02.871Z,498.6,2025-09-19 16:15:02.871,14.930555555556
Long Yeast Grow,pioreactor02,2025-09-19T14:15:25.871Z,498.9,2025-09-19 16:15:25.871,14.936944444444
Long Yeast Grow,pioreactor02,2025-09-19T14:15:48.871Z,505.4,2025-09-19 16:15:48.871,14.943333333333
Long Yeast Grow,pioreactor02,2025-09-19T14:16:11.871Z,508.0,2025-09-19 16:16:11.871,14.949722222222
Long Yeast Grow,pioreactor02,2025-09-19T14:16:34.871Z,498.8,2025-09-19 16:16:34.871,14.956111111111
Long Yeast Grow,pioreactor02,2025-09-19T14:16:57.871Z,499.0,2025-09-19 16:16:57.871,14.9625
Long Yeast Grow,pioreactor02,2025-09-19T14:17:20.871Z,506.4,2025-09-19 16:17:20.871,14.968888888889
Long Yeast Grow,pioreactor02,2025-09-19T14:17:43.871Z,489.4,2025-09-19 16:17:43.871,14.975277777778
Long Yeast Grow,pioreactor02,2025-09-19T14:18:06.871Z,505.2,2025-09-19 16:18:06.871,14.981666666667
Long Yeast Grow,pioreactor02,2025-09-19T14:18:29.871Z,505.5,2025-09-19 16:18:29.871,14.988055555556
Long Yeast Grow,pioreactor02,2025-09-19T14:18:52.871Z,497.6,2025-09-19 16:18:52.871,14.994444444444
Long Yeast Grow,pioreactor02,2025-09-19T14:19:15.871Z,505.0,2025-09-19 16:19:15.871,15.000833333333
Long Yeast Grow,pioreactor02,2025-09-19T14:19:38.871Z,500.7,2025-09-19 16:19:38.871,15.007222222222
Long Yeast Grow,pioreactor02,2025-09-19T14:20:01.871Z,502.6,2025-09-19 16:20:01.871,15.013611111111
Long Yeast Grow,pioreactor02,2025-09-19T14:20:24.871Z,500.2,2025-09-19 16:20:24.871,15.02
Long Yeast Grow,pioreactor02,2025-09-19T14:20:47.871Z,489.7,2025-09-19 16:20:47.871,15.026388888889
Long Yeast Grow,pioreactor02,2025-09-19T14:21:10.871Z,502.6,2025-09-19 16:21:10.871,15.032777777778
Long Yeast Grow,pioreactor02,2025-09-19T14:21:33.871Z,500.0,2025-09-19 16:21:33.871,15.039166666667
Long Yeast Grow,pioreactor02,2025-09-19T14:21:56.871Z,497.5,2025-09-19 16:21:56.871,15.045555555556
Long Yeast Grow,pioreactor02,2025-09-19T14:22:19.871Z,494.2,2025-09-19 16:22:19.871,15.051944444444
Long Yeast Grow,pioreactor02,2025-09-19T14:22:42.871Z,499.8,2025-09-19 16:22:42.871,15.058333333333
Long Yeast Grow,pioreactor02,2025-09-19T14:23:05.871Z,499.2,2025-09-19 16:23:05.871,15.064722222222
Long Yeast Grow,pioreactor02,2025-09-19T14:23:28.871Z,500.3,2025-09-19 16:23:28.871,15.071111111111
Long Yeast Grow,pioreactor02,2025-09-19T14:23:51.871Z,493.9,2025-09-19 16:23:51.871,15.0775
Long Yeast Grow,pioreactor02,2025-09-19T14:24:14.871Z,496.0,2025-09-19 16:24:14.871,15.083888888889
Long Yeast Grow,pioreactor02,2025-09-19T14:24:37.871Z,495.4,2025-09-19 16:24:37.871,15.090277777778
Long Yeast Grow,pioreactor02,2025-09-19T14:25:00.871Z,506.0,2025-09-19 16:25:00.871,15.096666666667
Long Yeast Grow,pioreactor02,2025-09-19T14:25:23.871Z,498.3,2025-09-19 16:25:23.871,15.103055555556
Long Yeast Grow,pioreactor02,2025-09-19T14:25:46.871Z,507.4,2025-09-19 16:25:46.871,15.109444444444
Long Yeast Grow,pioreactor02,2025-09-19T14:26:09.871Z,498.1,2025-09-19 16:26:09.871,15.115833333333
Long Yeast Grow,pioreactor02,2025-09-19T14:26:32.871Z,497.9,2025-09-19 16:26:32.871,15.122222222222
Long Yeast Grow,pioreactor02,2025-09-19T14:26:55.871Z,508.1,2025-09-19 16:26:55.871,15.128611111111
Long Yeast Grow,pioreactor02,2025-09-19T14:27:18.871Z,498.7,2025-09-19 16:27:18.871,15.135
Long Yeast Grow,pioreactor02,2025-09-19T14:27:41.871Z,505.7,2025-09-19 16:27:41.871,15.141388888889
Long Yeast Grow,pioreactor02,2025-09-19T14:28:04.871Z,498.8,2025-09-19 16:28:04.871,15.147777777778
Long Yeast Grow,pioreactor02,2025-09-19T14:28:27.871Z,501.5,2025-09-19 16:28:27.871,15.154166666667
Long Yeast Grow,pioreactor02,2025-09-19T14:28:50.871Z,480.4,2025-09-19 16:28:50.871,15.160555555556
Long Yeast Grow,pioreactor02,2025-09-19T14:29:13.871Z,496.7,2025-09-19 16:29:13.871,15.166944444444
Long Yeast Grow,pioreactor02,2025-09-19T14:29:36.871Z,500.6,2025-09-19 16:29:36.871,15.173333333333
Long Yeast Grow,pioreactor02,2025-09-19T14:29:59.871Z,492.2,2025-09-19 16:29:59.871,15.179722222222
Long Yeast Grow,pioreactor02,2025-09-19T14:30:22.871Z,505.3,2025-09-19 16:30:22.871,15.186111111111
Long Yeast Grow,pioreactor02,2025-09-19T14:30:45.871Z,501.5,2025-09-19 16:30:45.871,15.1925
Long Yeast Grow,pioreactor02,2025-09-19T14:31:08.871Z,501.2,2025-09-19 16:31:08.871,15.198888888889
Long Yeast Grow,pioreactor02,2025-09-19T14:31:31.871Z,499.7,2025-09-19 16:31:31.871,15.205277777778
Long Yeast Grow,pioreactor02,2025-09-19T14:31:54.871Z,508.8,2025-09-19 16:31:54.871,15.211666666667
Long Yeast Grow,pioreactor02,2025-09-19T14:32:17.871Z,503.0,2025-09-19 16:32:17.871,15.218055555556
Long Yeast Grow,pioreactor02,2025-09-19T14:32:40.871Z,501.4,2025-09-19 16:32:40.871,15.224444444444
Long Yeast Grow,pioreactor02,2025-09-19T14:33:03.871Z,499.9,2025-09-19 16:33:03.871,15.230833333333
Long Yeast Grow,pioreactor02,2025-09-19T14:33:26.871Z,494.7,2025-09-19 16:33:26.871,15.237222222222
Long Yeast Grow,pioreactor02,2025-09-19T14:33:49.871Z,499.9,2025-09-19 16:33:49.871,15.243611111111
Long Yeast Grow,pioreactor02,2025-09-19T14:34:12.871Z,507.0,2025-09-19 16:34:12.871,15.25
Long Yeast Grow,pioreactor02,2025-09-19T14:34:35.871Z,492.3,2025-09-19 16:34:35.871,15.256388888889
Long Yeast Grow,pioreactor02,2025-09-19T14:34:58.871Z,499.2,2025-09-19 16:34:58.871,15.262777777778
Long Yeast Grow,pioreactor02,2025-09-19T14:35:21.871Z,499.5,2025-09-19 16:35:21.871,15.269166666667
Long Yeast Grow,pioreactor02,2025-09-19T14:35:44.871Z,487.8,2025-09-19 16:35:44.871,15.275555555556
Long Yeast Grow,pioreactor02,2025-09-19T14:36:07.871Z,495.7,2025-09-19 16:36:07.871,15.281944444444
Long Yeast Grow,pioreactor02,2025-09-19T14:36:30.871Z,504.5,2025-09-19 16:36:30.871,15.288333333333
Long Yeast Grow,pioreactor02,2025-09-19T14:36:53.871Z,496.3,2025-09-19 16:36:53.871,15.294722222222
Long Yeast Grow,pioreactor02,2025-09-19T14:37:16.871Z,499.2,2025-09-19 16:37:16.871,15.301111111111
Long Yeast Grow,pioreactor02,2025-09-19T14:37:39.871Z,500.1,2025-09-19 16:37:39.871,15.3075
Long Yeast Grow,pioreactor02,2025-09-19T14:38:02.871Z,505.3,2025-09-19 16:38:02.871,15.313888888889
Long Yeast Grow,pioreactor02,2025-09-19T14:38:25.871Z,506.1,2025-09-19 16:38:25.871,15.320277777778
Long Yeast Grow,pioreactor02,2025-09-19T14:38:48.871Z,504.6,2025-09-19 16:38:48.871,15.326666666667
Long Yeast Grow,pioreactor02,2025-09-19T14:39:11.871Z,510.0,2025-09-19 16:39:11.871,15.333055555556
Long Yeast Grow,pioreactor02,2025-09-19T14:39:34.871Z,497.2,2025-09-19 16:39:34.871,15.339444444444
Long Yeast Grow,pioreactor02,2025-09-19T14:39:57.871Z,500.9,2025-09-19 16:39:57.871,15.345833333333
Long Yeast Grow,pioreactor02,2025-09-19T14:40:20.871Z,491.6,2025-09-19 16:40:20.871,15.352222222222
Long Yeast Grow,pioreactor02,2025-09-19T14:40:43.871Z,507.3,2025-09-19 16:40:43.871,15.358611111111
Long Yeast Grow,pioreactor02,2025-09-19T14:41:06.871Z,500.5,2025-09-19 16:41:06.871,15.365
Long Yeast Grow,pioreactor02,2025-09-19T14:41:29.871Z,503.8,2025-09-19 16:41:29.871,15.371388888889
Long Yeast Grow,pioreactor02,2025-09-19T14:41:52.871Z,500.4,2025-09-19 16:41:52.871,15.377777777778
Long Yeast Grow,pioreactor02,2025-09-19T14:42:15.871Z,497.1,2025-09-19 16:42:15.871,15.384166666667
Long Yeast Grow,pioreactor02,2025-09-19T14:42:38.871Z,498.2,2025-09-19 16:42:38.871,15.390555555556
Long Yeast Grow,pioreactor02,2025-09-19T14:43:01.871Z,495.1,2025-09-19 16:43:01.871,15.396944444444
Long Yeast Grow,pioreactor02,2025-09-19T14:43:24.871Z,500.2,2025-09-19 16:43:24.871,15.403333333333
Long Yeast Grow,pioreactor02,2025-09-19T14:43:47.871Z,506.4,2025-09-19 16:43:47.871,15.409722222222
Long Yeast Grow,pioreactor02,2025-09-19T14:44:10.871Z,498.3,2025-09-19 16:44:10.871,15.416111111111
Long Yeast Grow,pioreactor02,2025-09-19T14:44:33.871Z,491.2,2025-09-19 16:44:33.871,15.4225
Long Yeast Grow,pioreactor02,2025-09-19T14:44:56.871Z,505.2,2025-09-19 16:44:56.871,15.428888888889
Long Yeast Grow,pioreactor02,2025-09-19T14:45:19.871Z,500.5,2025-09-19 16:45:19.871,15.435277777778
Long Yeast Grow,pioreactor02,2025-09-19T14:45:42.871Z,504.6,2025-09-19 16:45:42.871,15.441666666667
Long Yeast Grow,pioreactor02,2025-09-19T14:46:05.871Z,498.9,2025-09-19 16:46:05.871,15.448055555556
Long Yeast Grow,pioreactor02,2025-09-19T14:46:28.871Z,500.1,2025-09-19 16:46:28.871,15.454444444444
Long Yeast Grow,pioreactor02,2025-09-19T14:46:51.871Z,494.4,2025-09-19 16:46:51.871,15.460833333333
Long Yeast Grow,pioreactor02,2025-09-19T14:47:14.871Z,503.3,2025-09-19 16:47:14.871,15.467222222222
Long Yeast Grow,pioreactor02,2025-09-19T14:47:37.871Z,503.0,2025-09-19 16:47:37.871,15.473611111111
Long Yeast Grow,pioreactor02,2025-09-19T14:48:00.871Z,501.2,2025-09-19 16:48:00.871,15.48
Long Yeast Grow,pioreactor02,2025-09-19T14:48:23.871Z,502.4,2025-09-19 16:48:23.871,15.486388888889
Long Yeast Grow,pioreactor02,2025-09-19T14:48:46.871Z,504.4,2025-09-19 16:48:46.871,15.492777777778
Long Yeast Grow,pioreactor02,2025-09-19T14:49:09.871Z,497.9,2025-09-19 16:49:09.871,15.499166666667
Long Yeast Grow,pioreactor02,2025-09-19T14:49:32.871Z,496.2,2025-09-19 16:49:32.871,15.505555555556
Long Yeast Grow,pioreactor02,2025-09-19T14:49:55.871Z,508.3,2025-09-19 16:49:55.871,15.511944444444
Long Yeast Grow,pioreactor02,2025-09-19T14:50:18.871Z,499.2,2025-09-19 16:50:18.871,15.518333333333
Long Yeast Grow,pioreactor02,2025-09-19T14:50:41.871Z,500.5,2025-09-19 16:50:41.871,15.524722222222
Long Yeast Grow,pioreactor02,2025-09-19T14:51:04.871Z,499.5,2025-09-19 16:51:04.871,15.531111111111
Long Yeast Grow,pioreactor02,2025-09-19T14:51:27.871Z,496.7,2025-09-19 16:51:27.871,15.5375
Long Yeast Grow,pioreactor02,2025-09-19T14:51:50.871Z,496.0,2025-09-19 16:51:50.871,15.543888888889
Long Yeast Grow,pioreactor02,2025-09-19T14:52:13.871Z,504.7,2025-09-19 16:52:13.871,15.550277777778
Long Yeast Grow,pioreactor02,2025-09-19T14:52:36.871Z,502.4,2025-09-19 16:52:36.871,15.556666666667
Long Yeast Grow,pioreactor02,2025-09-19T14:52:59.871Z,501.1,2025-09-19 16:52:59.871,15.563055555556
Long Yeast Grow,pioreactor02,2025-09-19T14:53:22.871Z,495.7,2025-09-19 16:53:22.871,15.569444444444
Long Yeast Grow,pioreactor02,2025-09-19T14:53:45.871Z,502.7,2025-09-19 16:53:45.871,15.575833333333
Long Yeast Grow,pioreactor02,2025-09-19T14:54:08.871Z,500.2,2025-09-19 16:54:08.871,15.582222222222
Long Yeast Grow,pioreactor02,2025-09-19T14:54:31.871Z,497.0,2025-09-19 16:54:31.871,15.588611111111
Long Yeast Grow,pioreactor02,2025-09-19T14:54:54.871Z,499.9,2025-09-19 16:54:54.871,15.595
Long Yeast Grow,pioreactor02,2025-09-19T14:55:17.871Z,496.5,2025-09-19 16:55:17.871,15.601388888889
Long Yeast Grow,pioreactor02,2025-09-19T14:55:40.871Z,504.3,2025-09-19 16:55:40.871,15.607777777778
Long Yeast Grow,pioreactor02,2025-09-19T14:56:03.871Z,496.8,2025-09-19 16:56:03.871,15.614166666667
Long Yeast Grow,pioreactor02,2025-09-19T14:56:26.871Z,505.1,2025-09-19 16:56:26.871,15.620555555556
Long Yeast Grow,pioreactor02,2025-09-19T14:56:49.871Z,504.0,2025-09-19 16:56:49.871,15.626944444444
Long Yeast Grow,pioreactor02,2025-09-19T14:57:12.871Z,500.5,2025-09-19 16:57:12.871,15.633333333333
Long Yeast Grow,pioreactor02,2025-09-19T14:57:35.871Z,500.4,2025-09-19 16:57:35.871,15.639722222222
Long Yeast Grow,pioreactor02,2025-09-19T14:57:58.871Z,494.4,2025-09-19 16:57:58.871,15.646111111111
Long Yeast Grow,pioreactor02,2025-09-19T14:58:21.871Z,504.4,2025-09-19 16:58:21.871,15.6525
Long Yeast Grow,pioreactor02,2025-09-19T14:58:44.871Z,501.1,2025-09-19 16:58:44.871,15.658888888889
Long Yeast Grow,pioreactor02,2025-09-19T14:59:07.871Z,507.5,2025-09-19 16:59:07.871,15.665277777778
Long Yeast Grow,pioreactor02,2025-09-19T14:59:30.871Z,487.7,2025-09-19 16:59:30.871,15.671666666667
Long Yeast Grow,pioreactor02,2025-09-19T14:59:53.871Z,502.6,2025-09-19 16:59:53.871,15.678055555556
Long Yeast Grow,pioreactor02,2025-09-19T15:00:16.871Z,498.4,2025-09-19 17:00:16.871,15.684444444444
Long Yeast Grow,pioreactor02,2025-09-19T15:00:39.871Z,498.9,2025-09-19 17:00:39.871,15.690833333333
Long Yeast Grow,pioreactor02,2025-09-19T15:01:02.871Z,490.8,2025-09-19 17:01:02.871,15.697222222222
Long Yeast Grow,pioreactor02,2025-09-19T15:01:25.871Z,509.6,2025-09-19 17:01:25.871,15.703611111111
Long Yeast Grow,pioreactor02,2025-09-19T15:01:48.871Z,504.5,2025-09-19 17:01:48.871,15.71
Long Yeast Grow,pioreactor02,2025-09-19T15:02:11.871Z,502.6,2025-09-19 17:02:11.871,15.716388888889
Long Yeast Grow,pioreactor02,2025-09-19T15:02:34.871Z,488.2,2025-09-19 17:02:34.871,15.722777777778
Long Yeast Grow,pioreactor02,2025-09-19T15:02:57.871Z,408.5,2025-09-19 17:02:57.871,15.729166666667
Long Yeast Grow,pioreactor02,2025-09-19T15:03:20.871Z,415.7,2025-09-19 17:03:20.871,15.735555555556
Long Yeast Grow,pioreactor02,2025-09-19T15:03:43.871Z,513.8,2025-09-19 17:03:43.871,15.741944444444
Long Yeast Grow,pioreactor02,2025-09-19T15:04:06.871Z,533.0,2025-09-19 17:04:06.871,15.748333333333
Long Yeast Grow,pioreactor02,2025-09-19T15:04:29.871Z,529.7,2025-09-19 17:04:29.871,15.754722222222
Long Yeast Grow,pioreactor02,2025-09-19T15:04:52.871Z,531.5,2025-09-19 17:04:52.871,15.761111111111
Long Yeast Grow,pioreactor02,2025-09-19T15:05:15.871Z,515.5,2025-09-19 17:05:15.871,15.7675
Long Yeast Grow,pioreactor02,2025-09-19T15:05:38.871Z,515.9,2025-09-19 17:05:38.871,15.773888888889
Long Yeast Grow,pioreactor02,2025-09-19T15:06:01.871Z,510.9,2025-09-19 17:06:01.871,15.780277777778
Long Yeast Grow,pioreactor02,2025-09-19T15:06:24.871Z,507.5,2025-09-19 17:06:24.871,15.786666666667
Long Yeast Grow,pioreactor02,2025-09-19T15:06:47.871Z,495.4,2025-09-19 17:06:47.871,15.793055555556
Long Yeast Grow,pioreactor02,2025-09-19T15:07:10.871Z,497.9,2025-09-19 17:07:10.871,15.799444444444
Long Yeast Grow,pioreactor02,2025-09-19T15:07:33.871Z,507.3,2025-09-19 17:07:33.871,15.805833333333
Long Yeast Grow,pioreactor02,2025-09-19T15:07:56.871Z,503.7,2025-09-19 17:07:56.871,15.812222222222
Long Yeast Grow,pioreactor02,2025-09-19T15:08:19.871Z,508.7,2025-09-19 17:08:19.871,15.818611111111
Long Yeast Grow,pioreactor02,2025-09-19T15:08:42.871Z,504.9,2025-09-19 17:08:42.871,15.825
Long Yeast Grow,pioreactor02,2025-09-19T15:09:05.871Z,502.6,2025-09-19 17:09:05.871,15.831388888889
Long Yeast Grow,pioreactor02,2025-09-19T15:09:28.871Z,499.8,2025-09-19 17:09:28.871,15.837777777778
Long Yeast Grow,pioreactor02,2025-09-19T15:09:51.871Z,501.6,2025-09-19 17:09:51.871,15.844166666667
Long Yeast Grow,pioreactor02,2025-09-19T15:10:14.871Z,495.5,2025-09-19 17:10:14.871,15.850555555556
Long Yeast Grow,pioreactor02,2025-09-19T15:10:37.871Z,497.5,2025-09-19 17:10:37.871,15.856944444444
Long Yeast Grow,pioreactor02,2025-09-19T15:11:00.871Z,501.1,2025-09-19 17:11:00.871,15.863333333333
Long Yeast Grow,pioreactor02,2025-09-19T15:11:23.871Z,499.6,2025-09-19 17:11:23.871,15.869722222222
Long Yeast Grow,pioreactor02,2025-09-19T15:11:46.871Z,499.3,2025-09-19 17:11:46.871,15.876111111111
Long Yeast Grow,pioreactor02,2025-09-19T15:12:09.871Z,506.0,2025-09-19 17:12:09.871,15.8825
Long Yeast Grow,pioreactor02,2025-09-19T15:12:32.871Z,499.9,2025-09-19 17:12:32.871,15.888888888889
Long Yeast Grow,pioreactor02,2025-09-19T15:12:55.871Z,503.5,2025-09-19 17:12:55.871,15.895277777778
Long Yeast Grow,pioreactor02,2025-09-19T15:13:18.871Z,497.2,2025-09-19 17:13:18.871,15.901666666667
Long Yeast Grow,pioreactor02,2025-09-19T15:13:41.871Z,495.2,2025-09-19 17:13:41.871,15.908055555556
Long Yeast Grow,pioreactor02,2025-09-19T15:14:04.871Z,504.4,2025-09-19 17:14:04.871,15.914444444444
Long Yeast Grow,pioreactor02,2025-09-19T15:14:27.871Z,488.6,2025-09-19 17:14:27.871,15.920833333333
Long Yeast Grow,pioreactor02,2025-09-19T15:14:50.871Z,511.0,2025-09-19 17:14:50.871,15.927222222222
Long Yeast Grow,pioreactor02,2025-09-19T15:15:13.871Z,499.5,2025-09-19 17:15:13.871,15.933611111111
Long Yeast Grow,pioreactor02,2025-09-19T15:15:36.871Z,499.8,2025-09-19 17:15:36.871,15.94
Long Yeast Grow,pioreactor02,2025-09-19T15:15:59.871Z,496.4,2025-09-19 17:15:59.871,15.946388888889
Long Yeast Grow,pioreactor02,2025-09-19T15:16:22.871Z,502.5,2025-09-19 17:16:22.871,15.952777777778
Long Yeast Grow,pioreactor02,2025-09-19T15:16:45.871Z,495.5,2025-09-19 17:16:45.871,15.959166666667
Long Yeast Grow,pioreactor02,2025-09-19T15:17:08.871Z,499.9,2025-09-19 17:17:08.871,15.965555555556
Long Yeast Grow,pioreactor02,2025-09-19T15:17:31.871Z,500.2,2025-09-19 17:17:31.871,15.971944444444
Long Yeast Grow,pioreactor02,2025-09-19T15:17:54.871Z,490.4,2025-09-19 17:17:54.871,15.978333333333
Long Yeast Grow,pioreactor02,2025-09-19T15:18:17.871Z,510.2,2025-09-19 17:18:17.871,15.984722222222
Long Yeast Grow,pioreactor02,2025-09-19T15:18:40.871Z,507.9,2025-09-19 17:18:40.871,15.991111111111
Long Yeast Grow,pioreactor02,2025-09-19T15:19:03.871Z,502.8,2025-09-19 17:19:03.871,15.9975
Long Yeast Grow,pioreactor02,2025-09-19T15:19:26.871Z,500.3,2025-09-19 17:19:26.871,16.003888888889
Long Yeast Grow,pioreactor02,2025-09-19T15:19:49.871Z,499.8,2025-09-19 17:19:49.871,16.010277777778
Long Yeast Grow,pioreactor02,2025-09-19T15:20:12.871Z,502.9,2025-09-19 17:20:12.871,16.016666666667
Long Yeast Grow,pioreactor02,2025-09-19T15:20:35.871Z,488.5,2025-09-19 17:20:35.871,16.023055555556
Long Yeast Grow,pioreactor02,2025-09-19T15:20:58.871Z,483.7,2025-09-19 17:20:58.871,16.029444444444
Long Yeast Grow,pioreactor02,2025-09-19T15:21:21.871Z,504.6,2025-09-19 17:21:21.871,16.035833333333
Long Yeast Grow,pioreactor02,2025-09-19T15:21:44.871Z,498.7,2025-09-19 17:21:44.871,16.042222222222
Long Yeast Grow,pioreactor02,2025-09-19T15:22:07.871Z,503.8,2025-09-19 17:22:07.871,16.048611111111
Long Yeast Grow,pioreactor02,2025-09-19T15:22:30.871Z,503.5,2025-09-19 17:22:30.871,16.055
Long Yeast Grow,pioreactor02,2025-09-19T15:22:53.871Z,508.9,2025-09-19 17:22:53.871,16.061388888889
Long Yeast Grow,pioreactor02,2025-09-19T15:23:16.871Z,493.2,2025-09-19 17:23:16.871,16.067777777778
Long Yeast Grow,pioreactor02,2025-09-19T15:23:39.871Z,496.4,2025-09-19 17:23:39.871,16.074166666667
Long Yeast Grow,pioreactor02,2025-09-19T15:24:02.871Z,500.6,2025-09-19 17:24:02.871,16.080555555556
Long Yeast Grow,pioreactor02,2025-09-19T15:24:25.871Z,500.1,2025-09-19 17:24:25.871,16.086944444444
Long Yeast Grow,pioreactor02,2025-09-19T15:24:48.871Z,507.8,2025-09-19 17:24:48.871,16.093333333333
Long Yeast Grow,pioreactor02,2025-09-19T15:25:11.871Z,499.4,2025-09-19 17:25:11.871,16.099722222222
Long Yeast Grow,pioreactor02,2025-09-19T15:25:34.871Z,502.2,2025-09-19 17:25:34.871,16.106111111111
Long Yeast Grow,pioreactor02,2025-09-19T15:25:57.871Z,500.5,2025-09-19 17:25:57.871,16.1125
Long Yeast Grow,pioreactor02,2025-09-19T15:26:20.871Z,413.5,2025-09-19 17:26:20.871,16.118888888889
Long Yeast Grow,pioreactor02,2025-09-19T15:26:43.871Z,413.1,2025-09-19 17:26:43.871,16.125277777778
Long Yeast Grow,pioreactor02,2025-09-19T15:27:06.871Z,539.6,2025-09-19 17:27:06.871,16.131666666667
Long Yeast Grow,pioreactor02,2025-09-19T15:27:29.871Z,529.6,2025-09-19 17:27:29.871,16.138055555556
Long Yeast Grow,pioreactor02,2025-09-19T15:27:52.871Z,526.8,2025-09-19 17:27:52.871,16.144444444444
Long Yeast Grow,pioreactor02,2025-09-19T15:28:15.871Z,522.7,2025-09-19 17:28:15.871,16.150833333333
Long Yeast Grow,pioreactor02,2025-09-19T15:28:38.871Z,515.9,2025-09-19 17:28:38.871,16.157222222222
Long Yeast Grow,pioreactor02,2025-09-19T15:29:01.871Z,509.2,2025-09-19 17:29:01.871,16.163611111111
Long Yeast Grow,pioreactor02,2025-09-19T15:29:24.871Z,508.7,2025-09-19 17:29:24.871,16.17
Long Yeast Grow,pioreactor02,2025-09-19T15:29:47.871Z,499.8,2025-09-19 17:29:47.871,16.176388888889
Long Yeast Grow,pioreactor02,2025-09-19T15:30:10.871Z,499.2,2025-09-19 17:30:10.871,16.182777777778
Long Yeast Grow,pioreactor02,2025-09-19T15:30:33.871Z,505.9,2025-09-19 17:30:33.871,16.189166666667
Long Yeast Grow,pioreactor02,2025-09-19T15:30:56.871Z,501.6,2025-09-19 17:30:56.871,16.195555555556
Long Yeast Grow,pioreactor02,2025-09-19T15:31:19.871Z,500.9,2025-09-19 17:31:19.871,16.201944444444
Long Yeast Grow,pioreactor02,2025-09-19T15:31:42.871Z,499.3,2025-09-19 17:31:42.871,16.208333333333
Long Yeast Grow,pioreactor02,2025-09-19T15:32:05.871Z,504.0,2025-09-19 17:32:05.871,16.214722222222
Long Yeast Grow,pioreactor02,2025-09-19T15:32:28.871Z,500.8,2025-09-19 17:32:28.871,16.221111111111
Long Yeast Grow,pioreactor02,2025-09-19T15:32:51.871Z,492.1,2025-09-19 17:32:51.871,16.2275
Long Yeast Grow,pioreactor02,2025-09-19T15:33:14.871Z,500.9,2025-09-19 17:33:14.871,16.233888888889
Long Yeast Grow,pioreactor02,2025-09-19T15:33:37.871Z,496.0,2025-09-19 17:33:37.871,16.240277777778
Long Yeast Grow,pioreactor02,2025-09-19T15:34:00.871Z,485.4,2025-09-19 17:34:00.871,16.246666666667
Long Yeast Grow,pioreactor02,2025-09-19T15:34:23.871Z,500.0,2025-09-19 17:34:23.871,16.253055555556
Long Yeast Grow,pioreactor02,2025-09-19T15:34:46.871Z,499.6,2025-09-19 17:34:46.871,16.259444444444
Long Yeast Grow,pioreactor02,2025-09-19T15:35:09.871Z,501.5,2025-09-19 17:35:09.871,16.265833333333
Long Yeast Grow,pioreactor02,2025-09-19T15:35:32.871Z,499.4,2025-09-19 17:35:32.871,16.272222222222
Long Yeast Grow,pioreactor02,2025-09-19T15:35:55.871Z,499.8,2025-09-19 17:35:55.871,16.278611111111
Long Yeast Grow,pioreactor02,2025-09-19T15:36:18.871Z,506.6,2025-09-19 17:36:18.871,16.285
Long Yeast Grow,pioreactor02,2025-09-19T15:36:41.871Z,499.3,2025-09-19 17:36:41.871,16.291388888889
Long Yeast Grow,pioreactor02,2025-09-19T15:37:04.871Z,505.2,2025-09-19 17:37:04.871,16.297777777778
Long Yeast Grow,pioreactor02,2025-09-19T15:37:27.871Z,502.0,2025-09-19 17:37:27.871,16.304166666667
Long Yeast Grow,pioreactor02,2025-09-19T15:37:50.871Z,506.1,2025-09-19 17:37:50.871,16.310555555556
Long Yeast Grow,pioreactor02,2025-09-19T15:38:13.871Z,513.0,2025-09-19 17:38:13.871,16.316944444444
Long Yeast Grow,pioreactor02,2025-09-19T15:38:36.871Z,499.9,2025-09-19 17:38:36.871,16.323333333333
Long Yeast Grow,pioreactor02,2025-09-19T15:38:59.871Z,505.0,2025-09-19 17:38:59.871,16.329722222222
Long Yeast Grow,pioreactor02,2025-09-19T15:39:22.871Z,494.9,2025-09-19 17:39:22.871,16.336111111111
Long Yeast Grow,pioreactor02,2025-09-19T15:39:45.871Z,496.4,2025-09-19 17:39:45.871,16.3425
Long Yeast Grow,pioreactor02,2025-09-19T15:40:08.871Z,409.0,2025-09-19 17:40:08.871,16.348888888889
Long Yeast Grow,pioreactor02,2025-09-19T15:40:31.871Z,423.9,2025-09-19 17:40:31.871,16.355277777778
Long Yeast Grow,pioreactor02,2025-09-19T15:40:54.871Z,427.9,2025-09-19 17:40:54.871,16.361666666667
Long Yeast Grow,pioreactor02,2025-09-19T15:41:17.871Z,550.7,2025-09-19 17:41:17.871,16.368055555556
Long Yeast Grow,pioreactor02,2025-09-19T15:41:40.871Z,552.3,2025-09-19 17:41:40.871,16.374444444444
Long Yeast Grow,pioreactor02,2025-09-19T15:42:03.871Z,528.6,2025-09-19 17:42:03.871,16.380833333333
Long Yeast Grow,pioreactor02,2025-09-19T15:42:26.871Z,527.3,2025-09-19 17:42:26.871,16.387222222222
Long Yeast Grow,pioreactor02,2025-09-19T15:42:49.871Z,522.2,2025-09-19 17:42:49.871,16.393611111111
Long Yeast Grow,pioreactor02,2025-09-19T15:43:12.871Z,512.3,2025-09-19 17:43:12.871,16.4
Long Yeast Grow,pioreactor02,2025-09-19T15:43:35.871Z,516.8,2025-09-19 17:43:35.871,16.406388888889
Long Yeast Grow,pioreactor02,2025-09-19T15:43:58.871Z,505.8,2025-09-19 17:43:58.871,16.412777777778
Long Yeast Grow,pioreactor02,2025-09-19T15:44:21.871Z,510.8,2025-09-19 17:44:21.871,16.419166666667
Long Yeast Grow,pioreactor02,2025-09-19T15:44:44.871Z,506.8,2025-09-19 17:44:44.871,16.425555555556
Long Yeast Grow,pioreactor02,2025-09-19T15:45:07.871Z,503.9,2025-09-19 17:45:07.871,16.431944444444
Long Yeast Grow,pioreactor02,2025-09-19T15:45:30.871Z,501.2,2025-09-19 17:45:30.871,16.438333333333
Long Yeast Grow,pioreactor02,2025-09-19T15:45:53.871Z,500.5,2025-09-19 17:45:53.871,16.444722222222
Long Yeast Grow,pioreactor02,2025-09-19T15:46:16.871Z,507.3,2025-09-19 17:46:16.871,16.451111111111
Long Yeast Grow,pioreactor02,2025-09-19T15:46:39.871Z,494.8,2025-09-19 17:46:39.871,16.4575
Long Yeast Grow,pioreactor02,2025-09-19T15:47:02.871Z,500.6,2025-09-19 17:47:02.871,16.463888888889
Long Yeast Grow,pioreactor02,2025-09-19T15:47:25.871Z,499.9,2025-09-19 17:47:25.871,16.470277777778
Long Yeast Grow,pioreactor02,2025-09-19T15:47:48.871Z,498.7,2025-09-19 17:47:48.871,16.476666666667
Long Yeast Grow,pioreactor02,2025-09-19T15:48:11.871Z,503.6,2025-09-19 17:48:11.871,16.483055555556
Long Yeast Grow,pioreactor02,2025-09-19T15:48:34.871Z,500.2,2025-09-19 17:48:34.871,16.489444444444
Long Yeast Grow,pioreactor02,2025-09-19T15:48:57.871Z,498.1,2025-09-19 17:48:57.871,16.495833333333
Long Yeast Grow,pioreactor02,2025-09-19T15:49:20.871Z,507.3,2025-09-19 17:49:20.871,16.502222222222
Long Yeast Grow,pioreactor02,2025-09-19T15:49:43.871Z,498.8,2025-09-19 17:49:43.871,16.508611111111
Long Yeast Grow,pioreactor02,2025-09-19T15:50:06.871Z,495.6,2025-09-19 17:50:06.871,16.515
Long Yeast Grow,pioreactor02,2025-09-19T15:50:29.871Z,501.8,2025-09-19 17:50:29.871,16.521388888889
Long Yeast Grow,pioreactor02,2025-09-19T15:50:52.871Z,494.6,2025-09-19 17:50:52.871,16.527777777778
Long Yeast Grow,pioreactor02,2025-09-19T15:51:15.871Z,506.7,2025-09-19 17:51:15.871,16.534166666667
Long Yeast Grow,pioreactor02,2025-09-19T15:51:38.871Z,499.9,2025-09-19 17:51:38.871,16.540555555556
Long Yeast Grow,pioreactor02,2025-09-19T15:52:01.871Z,499.9,2025-09-19 17:52:01.871,16.546944444444
Long Yeast Grow,pioreactor02,2025-09-19T15:52:24.871Z,504.5,2025-09-19 17:52:24.871,16.553333333333
Long Yeast Grow,pioreactor02,2025-09-19T15:52:47.871Z,492.5,2025-09-19 17:52:47.871,16.559722222222
Long Yeast Grow,pioreactor02,2025-09-19T15:53:10.871Z,502.7,2025-09-19 17:53:10.871,16.566111111111
Long Yeast Grow,pioreactor02,2025-09-19T15:53:33.871Z,495.0,2025-09-19 17:53:33.871,16.5725
Long Yeast Grow,pioreactor02,2025-09-19T15:53:56.871Z,497.0,2025-09-19 17:53:56.871,16.578888888889
Long Yeast Grow,pioreactor02,2025-09-19T15:54:19.871Z,494.0,2025-09-19 17:54:19.871,16.585277777778
Long Yeast Grow,pioreactor02,2025-09-19T15:54:42.871Z,500.6,2025-09-19 17:54:42.871,16.591666666667
Long Yeast Grow,pioreactor02,2025-09-19T15:55:05.871Z,500.0,2025-09-19 17:55:05.871,16.598055555556
Long Yeast Grow,pioreactor02,2025-09-19T15:55:28.871Z,512.9,2025-09-19 17:55:28.871,16.604444444444
Long Yeast Grow,pioreactor02,2025-09-19T15:55:51.871Z,494.3,2025-09-19 17:55:51.871,16.610833333333
Long Yeast Grow,pioreactor02,2025-09-19T15:56:14.871Z,485.9,2025-09-19 17:56:14.871,16.617222222222
Long Yeast Grow,pioreactor02,2025-09-19T15:56:37.871Z,495.6,2025-09-19 17:56:37.871,16.623611111111
Long Yeast Grow,pioreactor02,2025-09-19T15:57:00.871Z,501.0,2025-09-19 17:57:00.871,16.63
Long Yeast Grow,pioreactor02,2025-09-19T15:57:23.871Z,494.6,2025-09-19 17:57:23.871,16.636388888889
Long Yeast Grow,pioreactor02,2025-09-19T15:57:46.871Z,505.6,2025-09-19 17:57:46.871,16.642777777778
Long Yeast Grow,pioreactor02,2025-09-19T15:58:09.871Z,506.8,2025-09-19 17:58:09.871,16.649166666667
Long Yeast Grow,pioreactor02,2025-09-19T15:58:32.871Z,506.2,2025-09-19 17:58:32.871,16.655555555556
Long Yeast Grow,pioreactor02,2025-09-19T15:58:55.871Z,503.4,2025-09-19 17:58:55.871,16.661944444444
Long Yeast Grow,pioreactor02,2025-09-19T15:59:18.871Z,499.9,2025-09-19 17:59:18.871,16.668333333333
Long Yeast Grow,pioreactor02,2025-09-19T15:59:41.871Z,501.9,2025-09-19 17:59:41.871,16.674722222222
Long Yeast Grow,pioreactor02,2025-09-19T16:00:04.871Z,501.4,2025-09-19 18:00:04.871,16.681111111111
Long Yeast Grow,pioreactor02,2025-09-19T16:00:27.871Z,499.7,2025-09-19 18:00:27.871,16.6875
Long Yeast Grow,pioreactor02,2025-09-19T16:00:50.871Z,492.1,2025-09-19 18:00:50.871,16.693888888889
Long Yeast Grow,pioreactor02,2025-09-19T16:01:13.871Z,499.5,2025-09-19 18:01:13.871,16.700277777778
Long Yeast Grow,pioreactor02,2025-09-19T16:01:36.871Z,502.4,2025-09-19 18:01:36.871,16.706666666667
Long Yeast Grow,pioreactor02,2025-09-19T16:01:59.871Z,500.8,2025-09-19 18:01:59.871,16.713055555556
Long Yeast Grow,pioreactor02,2025-09-19T16:02:22.871Z,490.7,2025-09-19 18:02:22.871,16.719444444444
Long Yeast Grow,pioreactor02,2025-09-19T16:02:45.871Z,508.1,2025-09-19 18:02:45.871,16.725833333333
Long Yeast Grow,pioreactor02,2025-09-19T16:03:08.871Z,482.0,2025-09-19 18:03:08.871,16.732222222222
Long Yeast Grow,pioreactor02,2025-09-19T16:03:31.871Z,499.7,2025-09-19 18:03:31.871,16.738611111111
Long Yeast Grow,pioreactor02,2025-09-19T16:03:54.871Z,501.3,2025-09-19 18:03:54.871,16.745
Long Yeast Grow,pioreactor02,2025-09-19T16:04:17.871Z,509.8,2025-09-19 18:04:17.871,16.751388888889
Long Yeast Grow,pioreactor02,2025-09-19T16:04:40.871Z,502.2,2025-09-19 18:04:40.871,16.757777777778
Long Yeast Grow,pioreactor02,2025-09-19T16:05:03.871Z,499.9,2025-09-19 18:05:03.871,16.764166666667
Long Yeast Grow,pioreactor02,2025-09-19T16:05:26.871Z,513.7,2025-09-19 18:05:26.871,16.770555555556
Long Yeast Grow,pioreactor02,2025-09-19T16:05:49.871Z,499.8,2025-09-19 18:05:49.871,16.776944444444
Long Yeast Grow,pioreactor02,2025-09-19T16:06:12.871Z,499.2,2025-09-19 18:06:12.871,16.783333333333
Long Yeast Grow,pioreactor02,2025-09-19T16:06:35.871Z,500.8,2025-09-19 18:06:35.871,16.789722222222
Long Yeast Grow,pioreactor02,2025-09-19T16:06:58.871Z,496.8,2025-09-19 18:06:58.871,16.796111111111
Long Yeast Grow,pioreactor02,2025-09-19T16:07:21.871Z,499.3,2025-09-19 18:07:21.871,16.8025
Long Yeast Grow,pioreactor02,2025-09-19T16:07:44.871Z,499.5,2025-09-19 18:07:44.871,16.808888888889
Long Yeast Grow,pioreactor02,2025-09-19T16:08:07.871Z,500.4,2025-09-19 18:08:07.871,16.815277777778
Long Yeast Grow,pioreactor02,2025-09-19T16:08:30.871Z,494.2,2025-09-19 18:08:30.871,16.821666666667
Long Yeast Grow,pioreactor02,2025-09-19T16:08:53.871Z,408.0,2025-09-19 18:08:53.871,16.828055555556
Long Yeast Grow,pioreactor02,2025-09-19T16:09:16.871Z,414.2,2025-09-19 18:09:16.871,16.834444444444
Long Yeast Grow,pioreactor02,2025-09-19T16:09:39.871Z,543.7,2025-09-19 18:09:39.871,16.840833333333
Long Yeast Grow,pioreactor02,2025-09-19T16:10:02.871Z,528.4,2025-09-19 18:10:02.871,16.847222222222
Long Yeast Grow,pioreactor02,2025-09-19T16:10:25.871Z,525.6,2025-09-19 18:10:25.871,16.853611111111
Long Yeast Grow,pioreactor02,2025-09-19T16:10:48.871Z,515.8,2025-09-19 18:10:48.871,16.86
Long Yeast Grow,pioreactor02,2025-09-19T16:11:11.871Z,511.2,2025-09-19 18:11:11.871,16.866388888889
Long Yeast Grow,pioreactor02,2025-09-19T16:11:34.871Z,517.2,2025-09-19 18:11:34.871,16.872777777778
Long Yeast Grow,pioreactor02,2025-09-19T16:11:57.871Z,505.3,2025-09-19 18:11:57.871,16.879166666667
Long Yeast Grow,pioreactor02,2025-09-19T16:12:20.871Z,512.5,2025-09-19 18:12:20.871,16.885555555556
Long Yeast Grow,pioreactor02,2025-09-19T16:12:43.871Z,509.8,2025-09-19 18:12:43.871,16.891944444444
Long Yeast Grow,pioreactor02,2025-09-19T16:13:06.871Z,499.9,2025-09-19 18:13:06.871,16.898333333333
Long Yeast Grow,pioreactor02,2025-09-19T16:13:29.871Z,487.8,2025-09-19 18:13:29.871,16.904722222222
Long Yeast Grow,pioreactor02,2025-09-19T16:13:52.871Z,501.2,2025-09-19 18:13:52.871,16.911111111111
Long Yeast Grow,pioreactor02,2025-09-19T16:14:15.871Z,506.9,2025-09-19 18:14:15.871,16.9175
Long Yeast Grow,pioreactor02,2025-09-19T16:14:38.871Z,500.0,2025-09-19 18:14:38.871,16.923888888889
Long Yeast Grow,pioreactor02,2025-09-19T16:15:01.871Z,499.8,2025-09-19 18:15:01.871,16.930277777778
Long Yeast Grow,pioreactor02,2025-09-19T16:15:24.871Z,503.9,2025-09-19 18:15:24.871,16.936666666667
Long Yeast Grow,pioreactor02,2025-09-19T16:15:47.871Z,502.2,2025-09-19 18:15:47.871,16.943055555556
Long Yeast Grow,pioreactor02,2025-09-19T16:16:10.871Z,500.3,2025-09-19 18:16:10.871,16.949444444444
Long Yeast Grow,pioreactor02,2025-09-19T16:16:33.871Z,496.0,2025-09-19 18:16:33.871,16.955833333333
Long Yeast Grow,pioreactor02,2025-09-19T16:16:56.871Z,499.9,2025-09-19 18:16:56.871,16.962222222222
Long Yeast Grow,pioreactor02,2025-09-19T16:17:19.871Z,496.8,2025-09-19 18:17:19.871,16.968611111111
Long Yeast Grow,pioreactor02,2025-09-19T16:17:42.871Z,498.2,2025-09-19 18:17:42.871,16.975
Long Yeast Grow,pioreactor02,2025-09-19T16:18:05.871Z,499.3,2025-09-19 18:18:05.871,16.981388888889
Long Yeast Grow,pioreactor02,2025-09-19T16:18:28.871Z,507.1,2025-09-19 18:18:28.871,16.987777777778
Long Yeast Grow,pioreactor02,2025-09-19T16:18:51.871Z,499.2,2025-09-19 18:18:51.871,16.994166666667
Long Yeast Grow,pioreactor02,2025-09-19T16:19:14.871Z,509.1,2025-09-19 18:19:14.871,17.000555555556
Long Yeast Grow,pioreactor02,2025-09-19T16:19:37.871Z,500.3,2025-09-19 18:19:37.871,17.006944444444
Long Yeast Grow,pioreactor02,2025-09-19T16:20:00.871Z,483.8,2025-09-19 18:20:00.871,17.013333333333
Long Yeast Grow,pioreactor02,2025-09-19T16:20:23.871Z,493.7,2025-09-19 18:20:23.871,17.019722222222
Long Yeast Grow,pioreactor02,2025-09-19T16:20:46.871Z,498.6,2025-09-19 18:20:46.871,17.026111111111
Long Yeast Grow,pioreactor02,2025-09-19T16:21:09.871Z,510.5,2025-09-19 18:21:09.871,17.0325
Long Yeast Grow,pioreactor02,2025-09-19T16:21:32.871Z,500.3,2025-09-19 18:21:32.871,17.038888888889
Long Yeast Grow,pioreactor02,2025-09-19T16:21:55.871Z,504.5,2025-09-19 18:21:55.871,17.045277777778
Long Yeast Grow,pioreactor02,2025-09-19T16:22:18.871Z,507.8,2025-09-19 18:22:18.871,17.051666666667
Long Yeast Grow,pioreactor02,2025-09-19T16:22:41.871Z,500.6,2025-09-19 18:22:41.871,17.058055555556
Long Yeast Grow,pioreactor02,2025-09-19T16:23:04.871Z,505.0,2025-09-19 18:23:04.871,17.064444444444
Long Yeast Grow,pioreactor02,2025-09-19T16:23:27.871Z,486.2,2025-09-19 18:23:27.871,17.070833333333
Long Yeast Grow,pioreactor02,2025-09-19T16:23:50.871Z,490.9,2025-09-19 18:23:50.871,17.077222222222
Long Yeast Grow,pioreactor02,2025-09-19T16:24:13.871Z,502.0,2025-09-19 18:24:13.871,17.083611111111
Long Yeast Grow,pioreactor02,2025-09-19T16:24:36.871Z,500.4,2025-09-19 18:24:36.871,17.09
Long Yeast Grow,pioreactor02,2025-09-19T16:24:59.871Z,508.1,2025-09-19 18:24:59.871,17.096388888889
Long Yeast Grow,pioreactor02,2025-09-19T16:25:22.871Z,507.9,2025-09-19 18:25:22.871,17.102777777778
Long Yeast Grow,pioreactor02,2025-09-19T16:25:45.871Z,494.8,2025-09-19 18:25:45.871,17.109166666667
Long Yeast Grow,pioreactor02,2025-09-19T16:26:08.871Z,508.8,2025-09-19 18:26:08.871,17.115555555556
Long Yeast Grow,pioreactor02,2025-09-19T16:26:31.871Z,499.9,2025-09-19 18:26:31.871,17.121944444444
Long Yeast Grow,pioreactor02,2025-09-19T16:26:54.871Z,498.8,2025-09-19 18:26:54.871,17.128333333333
Long Yeast Grow,pioreactor02,2025-09-19T16:27:17.871Z,491.3,2025-09-19 18:27:17.871,17.134722222222
Long Yeast Grow,pioreactor02,2025-09-19T16:27:40.871Z,500.9,2025-09-19 18:27:40.871,17.141111111111
Long Yeast Grow,pioreactor02,2025-09-19T16:28:03.871Z,510.9,2025-09-19 18:28:03.871,17.1475
Long Yeast Grow,pioreactor02,2025-09-19T16:28:26.871Z,499.1,2025-09-19 18:28:26.871,17.153888888889
Long Yeast Grow,pioreactor02,2025-09-19T16:28:49.871Z,502.0,2025-09-19 18:28:49.871,17.160277777778
Long Yeast Grow,pioreactor02,2025-09-19T16:29:12.871Z,500.1,2025-09-19 18:29:12.871,17.166666666667
Long Yeast Grow,pioreactor02,2025-09-19T16:29:35.871Z,494.7,2025-09-19 18:29:35.871,17.173055555556
Long Yeast Grow,pioreactor02,2025-09-19T16:29:58.871Z,499.9,2025-09-19 18:29:58.871,17.179444444444
Long Yeast Grow,pioreactor02,2025-09-19T16:30:21.871Z,494.7,2025-09-19 18:30:21.871,17.185833333333
Long Yeast Grow,pioreactor02,2025-09-19T16:30:44.871Z,501.1,2025-09-19 18:30:44.871,17.192222222222
Long Yeast Grow,pioreactor02,2025-09-19T16:31:07.871Z,500.7,2025-09-19 18:31:07.871,17.198611111111
Long Yeast Grow,pioreactor02,2025-09-19T16:31:30.871Z,500.5,2025-09-19 18:31:30.871,17.205
Long Yeast Grow,pioreactor02,2025-09-19T16:31:53.871Z,501.0,2025-09-19 18:31:53.871,17.211388888889
Long Yeast Grow,pioreactor02,2025-09-19T16:32:16.871Z,498.0,2025-09-19 18:32:16.871,17.217777777778
Long Yeast Grow,pioreactor02,2025-09-19T16:32:39.871Z,499.8,2025-09-19 18:32:39.871,17.224166666667
Long Yeast Grow,pioreactor02,2025-09-19T16:33:02.871Z,507.3,2025-09-19 18:33:02.871,17.230555555556
Long Yeast Grow,pioreactor02,2025-09-19T16:33:25.871Z,499.9,2025-09-19 18:33:25.871,17.236944444444
Long Yeast Grow,pioreactor02,2025-09-19T16:33:48.871Z,499.5,2025-09-19 18:33:48.871,17.243333333333
Long Yeast Grow,pioreactor02,2025-09-19T16:34:11.871Z,502.1,2025-09-19 18:34:11.871,17.249722222222
Long Yeast Grow,pioreactor02,2025-09-19T16:34:34.871Z,494.0,2025-09-19 18:34:34.871,17.256111111111
Long Yeast Grow,pioreactor02,2025-09-19T16:34:57.871Z,499.0,2025-09-19 18:34:57.871,17.2625
Long Yeast Grow,pioreactor02,2025-09-19T16:35:20.871Z,499.8,2025-09-19 18:35:20.871,17.268888888889
Long Yeast Grow,pioreactor02,2025-09-19T16:35:43.871Z,500.0,2025-09-19 18:35:43.871,17.275277777778
Long Yeast Grow,pioreactor02,2025-09-19T16:36:06.871Z,499.9,2025-09-19 18:36:06.871,17.281666666667
Long Yeast Grow,pioreactor02,2025-09-19T16:36:29.871Z,494.6,2025-09-19 18:36:29.871,17.288055555556
Long Yeast Grow,pioreactor02,2025-09-19T16:36:52.871Z,499.4,2025-09-19 18:36:52.871,17.294444444444
Long Yeast Grow,pioreactor02,2025-09-19T16:37:15.871Z,504.7,2025-09-19 18:37:15.871,17.300833333333
Long Yeast Grow,pioreactor02,2025-09-19T16:37:38.871Z,494.2,2025-09-19 18:37:38.871,17.307222222222
Long Yeast Grow,pioreactor02,2025-09-19T16:38:01.871Z,505.2,2025-09-19 18:38:01.871,17.313611111111
Long Yeast Grow,pioreactor02,2025-09-19T16:38:24.871Z,505.8,2025-09-19 18:38:24.871,17.32
Long Yeast Grow,pioreactor02,2025-09-19T16:38:47.871Z,503.2,2025-09-19 18:38:47.871,17.326388888889
Long Yeast Grow,pioreactor02,2025-09-19T16:39:10.871Z,499.7,2025-09-19 18:39:10.871,17.332777777778
Long Yeast Grow,pioreactor02,2025-09-19T16:39:33.871Z,499.2,2025-09-19 18:39:33.871,17.339166666667
Long Yeast Grow,pioreactor02,2025-09-19T16:39:56.871Z,493.5,2025-09-19 18:39:56.871,17.345555555556
Long Yeast Grow,pioreactor02,2025-09-19T16:40:19.871Z,499.0,2025-09-19 18:40:19.871,17.351944444444
Long Yeast Grow,pioreactor02,2025-09-19T16:40:42.871Z,507.8,2025-09-19 18:40:42.871,17.358333333333
Long Yeast Grow,pioreactor02,2025-09-19T16:41:05.871Z,506.4,2025-09-19 18:41:05.871,17.364722222222
Long Yeast Grow,pioreactor02,2025-09-19T16:41:28.871Z,503.5,2025-09-19 18:41:28.871,17.371111111111
Long Yeast Grow,pioreactor02,2025-09-19T16:41:51.871Z,500.3,2025-09-19 18:41:51.871,17.3775
Long Yeast Grow,pioreactor02,2025-09-19T16:42:14.871Z,506.2,2025-09-19 18:42:14.871,17.383888888889
Long Yeast Grow,pioreactor02,2025-09-19T16:42:37.871Z,500.0,2025-09-19 18:42:37.871,17.390277777778
Long Yeast Grow,pioreactor02,2025-09-19T16:43:00.871Z,499.7,2025-09-19 18:43:00.871,17.396666666667
Long Yeast Grow,pioreactor02,2025-09-19T16:43:23.871Z,500.0,2025-09-19 18:43:23.871,17.403055555556
Long Yeast Grow,pioreactor02,2025-09-19T16:43:46.871Z,489.8,2025-09-19 18:43:46.871,17.409444444444
Long Yeast Grow,pioreactor02,2025-09-19T16:44:09.871Z,503.4,2025-09-19 18:44:09.871,17.415833333333
Long Yeast Grow,pioreactor02,2025-09-19T16:44:32.871Z,506.4,2025-09-19 18:44:32.871,17.422222222222
Long Yeast Grow,pioreactor02,2025-09-19T16:44:55.871Z,499.1,2025-09-19 18:44:55.871,17.428611111111
Long Yeast Grow,pioreactor02,2025-09-19T16:45:18.871Z,500.2,2025-09-19 18:45:18.871,17.435
Long Yeast Grow,pioreactor02,2025-09-19T16:45:41.871Z,499.6,2025-09-19 18:45:41.871,17.441388888889
Long Yeast Grow,pioreactor02,2025-09-19T16:46:04.871Z,498.7,2025-09-19 18:46:04.871,17.447777777778
Long Yeast Grow,pioreactor02,2025-09-19T16:46:27.871Z,499.9,2025-09-19 18:46:27.871,17.454166666667
Long Yeast Grow,pioreactor02,2025-09-19T16:46:50.871Z,495.1,2025-09-19 18:46:50.871,17.460555555556
Long Yeast Grow,pioreactor02,2025-09-19T16:47:13.871Z,499.4,2025-09-19 18:47:13.871,17.466944444444
Long Yeast Grow,pioreactor02,2025-09-19T16:47:36.871Z,495.7,2025-09-19 18:47:36.871,17.473333333333
Long Yeast Grow,pioreactor02,2025-09-19T16:47:59.871Z,507.4,2025-09-19 18:47:59.871,17.479722222222
Long Yeast Grow,pioreactor02,2025-09-19T16:48:22.871Z,500.2,2025-09-19 18:48:22.871,17.486111111111
Long Yeast Grow,pioreactor02,2025-09-19T16:48:45.871Z,506.5,2025-09-19 18:48:45.871,17.4925
Long Yeast Grow,pioreactor02,2025-09-19T16:49:08.871Z,500.6,2025-09-19 18:49:08.871,17.498888888889
Long Yeast Grow,pioreactor02,2025-09-19T16:49:31.871Z,494.8,2025-09-19 18:49:31.871,17.505277777778
Long Yeast Grow,pioreactor02,2025-09-19T16:49:54.871Z,499.2,2025-09-19 18:49:54.871,17.511666666667
Long Yeast Grow,pioreactor02,2025-09-19T16:50:17.871Z,497.7,2025-09-19 18:50:17.871,17.518055555556
Long Yeast Grow,pioreactor02,2025-09-19T16:50:40.871Z,503.3,2025-09-19 18:50:40.871,17.524444444444
Long Yeast Grow,pioreactor02,2025-09-19T16:51:03.871Z,491.6,2025-09-19 18:51:03.871,17.530833333333
Long Yeast Grow,pioreactor02,2025-09-19T16:51:26.871Z,499.6,2025-09-19 18:51:26.871,17.537222222222
Long Yeast Grow,pioreactor02,2025-09-19T16:51:49.871Z,496.6,2025-09-19 18:51:49.871,17.543611111111
Long Yeast Grow,pioreactor02,2025-09-19T16:52:12.871Z,499.0,2025-09-19 18:52:12.871,17.55
Long Yeast Grow,pioreactor02,2025-09-19T16:52:35.871Z,502.8,2025-09-19 18:52:35.871,17.556388888889
Long Yeast Grow,pioreactor02,2025-09-19T16:52:58.871Z,481.0,2025-09-19 18:52:58.871,17.562777777778
Long Yeast Grow,pioreactor02,2025-09-19T16:53:21.871Z,495.5,2025-09-19 18:53:21.871,17.569166666667
Long Yeast Grow,pioreactor02,2025-09-19T16:53:44.871Z,507.7,2025-09-19 18:53:44.871,17.575555555556
Long Yeast Grow,pioreactor02,2025-09-19T16:54:07.871Z,510.5,2025-09-19 18:54:07.871,17.581944444444
Long Yeast Grow,pioreactor02,2025-09-19T16:54:30.871Z,487.2,2025-09-19 18:54:30.871,17.588333333333
Long Yeast Grow,pioreactor02,2025-09-19T16:54:53.871Z,508.4,2025-09-19 18:54:53.871,17.594722222222
Long Yeast Grow,pioreactor02,2025-09-19T16:55:16.871Z,499.8,2025-09-19 18:55:16.871,17.601111111111
Long Yeast Grow,pioreactor02,2025-09-19T16:55:39.871Z,501.4,2025-09-19 18:55:39.871,17.6075
Long Yeast Grow,pioreactor02,2025-09-19T16:56:02.871Z,503.9,2025-09-19 18:56:02.871,17.613888888889
Long Yeast Grow,pioreactor02,2025-09-19T16:56:25.871Z,499.5,2025-09-19 18:56:25.871,17.620277777778
Long Yeast Grow,pioreactor02,2025-09-19T16:56:48.871Z,500.3,2025-09-19 18:56:48.871,17.626666666667
Long Yeast Grow,pioreactor02,2025-09-19T16:57:11.871Z,490.8,2025-09-19 18:57:11.871,17.633055555556
Long Yeast Grow,pioreactor02,2025-09-19T16:57:34.871Z,497.1,2025-09-19 18:57:34.871,17.639444444444
Long Yeast Grow,pioreactor02,2025-09-19T16:57:57.871Z,508.1,2025-09-19 18:57:57.871,17.645833333333
Long Yeast Grow,pioreactor02,2025-09-19T16:58:20.871Z,499.3,2025-09-19 18:58:20.871,17.652222222222
Long Yeast Grow,pioreactor02,2025-09-19T16:58:43.871Z,499.4,2025-09-19 18:58:43.871,17.658611111111
Long Yeast Grow,pioreactor02,2025-09-19T16:59:06.871Z,500.4,2025-09-19 18:59:06.871,17.665
Long Yeast Grow,pioreactor02,2025-09-19T16:59:29.871Z,510.0,2025-09-19 18:59:29.871,17.671388888889
Long Yeast Grow,pioreactor02,2025-09-19T16:59:52.871Z,503.3,2025-09-19 18:59:52.871,17.677777777778
Long Yeast Grow,pioreactor02,2025-09-19T17:00:15.871Z,498.5,2025-09-19 19:00:15.871,17.684166666667
Long Yeast Grow,pioreactor02,2025-09-19T17:00:38.871Z,501.2,2025-09-19 19:00:38.871,17.690555555556
Long Yeast Grow,pioreactor02,2025-09-19T17:01:01.871Z,496.9,2025-09-19 19:01:01.871,17.696944444444
Long Yeast Grow,pioreactor02,2025-09-19T17:01:24.871Z,501.1,2025-09-19 19:01:24.871,17.703333333333
Long Yeast Grow,pioreactor02,2025-09-19T17:01:47.871Z,499.4,2025-09-19 19:01:47.871,17.709722222222
Long Yeast Grow,pioreactor02,2025-09-19T17:02:10.871Z,494.3,2025-09-19 19:02:10.871,17.716111111111
Long Yeast Grow,pioreactor02,2025-09-19T17:02:33.871Z,484.3,2025-09-19 19:02:33.871,17.7225
Long Yeast Grow,pioreactor02,2025-09-19T17:02:56.871Z,509.0,2025-09-19 19:02:56.871,17.728888888889
Long Yeast Grow,pioreactor02,2025-09-19T17:03:19.871Z,498.0,2025-09-19 19:03:19.871,17.735277777778
Long Yeast Grow,pioreactor02,2025-09-19T17:03:42.871Z,498.8,2025-09-19 19:03:42.871,17.741666666667
Long Yeast Grow,pioreactor02,2025-09-19T17:04:05.871Z,507.2,2025-09-19 19:04:05.871,17.748055555556
Long Yeast Grow,pioreactor02,2025-09-19T17:04:28.871Z,499.9,2025-09-19 19:04:28.871,17.754444444444
Long Yeast Grow,pioreactor02,2025-09-19T17:04:51.871Z,494.0,2025-09-19 19:04:51.871,17.760833333333
Long Yeast Grow,pioreactor02,2025-09-19T17:05:14.871Z,501.8,2025-09-19 19:05:14.871,17.767222222222
Long Yeast Grow,pioreactor02,2025-09-19T17:05:37.871Z,495.8,2025-09-19 19:05:37.871,17.773611111111
Long Yeast Grow,pioreactor02,2025-09-19T17:06:00.871Z,500.5,2025-09-19 19:06:00.871,17.78
Long Yeast Grow,pioreactor02,2025-09-19T17:06:23.871Z,503.5,2025-09-19 19:06:23.871,17.786388888889
Long Yeast Grow,pioreactor02,2025-09-19T17:06:46.871Z,496.6,2025-09-19 19:06:46.871,17.792777777778
Long Yeast Grow,pioreactor02,2025-09-19T17:07:09.871Z,505.8,2025-09-19 19:07:09.871,17.799166666667
Long Yeast Grow,pioreactor02,2025-09-19T17:07:32.871Z,489.0,2025-09-19 19:07:32.871,17.805555555556
Long Yeast Grow,pioreactor02,2025-09-19T17:07:55.871Z,502.9,2025-09-19 19:07:55.871,17.811944444444
Long Yeast Grow,pioreactor02,2025-09-19T17:08:18.871Z,506.7,2025-09-19 19:08:18.871,17.818333333333
Long Yeast Grow,pioreactor02,2025-09-19T17:08:41.871Z,501.6,2025-09-19 19:08:41.871,17.824722222222
Long Yeast Grow,pioreactor02,2025-09-19T17:09:04.871Z,505.4,2025-09-19 19:09:04.871,17.831111111111
Long Yeast Grow,pioreactor02,2025-09-19T17:09:27.871Z,500.2,2025-09-19 19:09:27.871,17.8375
Long Yeast Grow,pioreactor02,2025-09-19T17:09:50.871Z,507.8,2025-09-19 19:09:50.871,17.843888888889
Long Yeast Grow,pioreactor02,2025-09-19T17:10:13.871Z,494.5,2025-09-19 19:10:13.871,17.850277777778
Long Yeast Grow,pioreactor02,2025-09-19T17:10:36.871Z,496.3,2025-09-19 19:10:36.871,17.856666666667
Long Yeast Grow,pioreactor02,2025-09-19T17:10:59.871Z,500.0,2025-09-19 19:10:59.871,17.863055555556
Long Yeast Grow,pioreactor02,2025-09-19T17:11:22.871Z,500.5,2025-09-19 19:11:22.871,17.869444444444
Long Yeast Grow,pioreactor02,2025-09-19T17:11:45.871Z,499.3,2025-09-19 19:11:45.871,17.875833333333
Long Yeast Grow,pioreactor02,2025-09-19T17:12:08.871Z,508.2,2025-09-19 19:12:08.871,17.882222222222
Long Yeast Grow,pioreactor02,2025-09-19T17:12:31.871Z,495.1,2025-09-19 19:12:31.871,17.888611111111
Long Yeast Grow,pioreactor02,2025-09-19T17:12:54.871Z,495.0,2025-09-19 19:12:54.871,17.895
Long Yeast Grow,pioreactor02,2025-09-19T17:13:17.871Z,495.9,2025-09-19 19:13:17.871,17.901388888889
Long Yeast Grow,pioreactor02,2025-09-19T17:13:40.871Z,500.0,2025-09-19 19:13:40.871,17.907777777778
Long Yeast Grow,pioreactor02,2025-09-19T17:14:03.871Z,498.1,2025-09-19 19:14:03.871,17.914166666667
Long Yeast Grow,pioreactor02,2025-09-19T17:14:26.871Z,514.2,2025-09-19 19:14:26.871,17.920555555556
Long Yeast Grow,pioreactor02,2025-09-19T17:14:49.871Z,502.0,2025-09-19 19:14:49.871,17.926944444444
Long Yeast Grow,pioreactor02,2025-09-19T17:15:12.871Z,498.2,2025-09-19 19:15:12.871,17.933333333333
Long Yeast Grow,pioreactor02,2025-09-19T17:15:35.871Z,489.8,2025-09-19 19:15:35.871,17.939722222222
Long Yeast Grow,pioreactor02,2025-09-19T17:15:58.871Z,494.7,2025-09-19 19:15:58.871,17.946111111111
Long Yeast Grow,pioreactor02,2025-09-19T17:16:21.871Z,499.6,2025-09-19 19:16:21.871,17.9525
Long Yeast Grow,pioreactor02,2025-09-19T17:16:44.871Z,503.0,2025-09-19 19:16:44.871,17.958888888889
Long Yeast Grow,pioreactor02,2025-09-19T17:17:07.871Z,496.3,2025-09-19 19:17:07.871,17.965277777778
Long Yeast Grow,pioreactor02,2025-09-19T17:17:30.871Z,498.4,2025-09-19 19:17:30.871,17.971666666667
Long Yeast Grow,pioreactor02,2025-09-19T17:17:53.871Z,505.8,2025-09-19 19:17:53.871,17.978055555556
Long Yeast Grow,pioreactor02,2025-09-19T17:18:16.871Z,500.6,2025-09-19 19:18:16.871,17.984444444444
Long Yeast Grow,pioreactor02,2025-09-19T17:18:39.871Z,491.9,2025-09-19 19:18:39.871,17.990833333333
Long Yeast Grow,pioreactor02,2025-09-19T17:19:02.871Z,506.0,2025-09-19 19:19:02.871,17.997222222222
Long Yeast Grow,pioreactor02,2025-09-19T17:19:25.871Z,505.4,2025-09-19 19:19:25.871,18.003611111111
Long Yeast Grow,pioreactor02,2025-09-19T17:19:48.871Z,492.4,2025-09-19 19:19:48.871,18.01
Long Yeast Grow,pioreactor02,2025-09-19T17:20:11.871Z,500.2,2025-09-19 19:20:11.871,18.016388888889
Long Yeast Grow,pioreactor02,2025-09-19T17:20:34.871Z,499.3,2025-09-19 19:20:34.871,18.022777777778
Long Yeast Grow,pioreactor02,2025-09-19T17:20:57.871Z,501.4,2025-09-19 19:20:57.871,18.029166666667
Long Yeast Grow,pioreactor02,2025-09-19T17:21:20.871Z,497.3,2025-09-19 19:21:20.871,18.035555555556
Long Yeast Grow,pioreactor02,2025-09-19T17:21:43.871Z,501.1,2025-09-19 19:21:43.871,18.041944444444
Long Yeast Grow,pioreactor02,2025-09-19T17:22:06.871Z,496.3,2025-09-19 19:22:06.871,18.048333333333
Long Yeast Grow,pioreactor02,2025-09-19T17:22:29.871Z,500.4,2025-09-19 19:22:29.871,18.054722222222
Long Yeast Grow,pioreactor02,2025-09-19T17:22:52.871Z,498.0,2025-09-19 19:22:52.871,18.061111111111
Long Yeast Grow,pioreactor02,2025-09-19T17:23:15.871Z,501.1,2025-09-19 19:23:15.871,18.0675
Long Yeast Grow,pioreactor02,2025-09-19T17:23:38.871Z,499.9,2025-09-19 19:23:38.871,18.073888888889
Long Yeast Grow,pioreactor02,2025-09-19T17:24:01.871Z,499.1,2025-09-19 19:24:01.871,18.080277777778
Long Yeast Grow,pioreactor02,2025-09-19T17:24:24.871Z,495.6,2025-09-19 19:24:24.871,18.086666666667
Long Yeast Grow,pioreactor02,2025-09-19T17:24:47.871Z,509.6,2025-09-19 19:24:47.871,18.093055555556
Long Yeast Grow,pioreactor02,2025-09-19T17:25:10.871Z,503.9,2025-09-19 19:25:10.871,18.099444444444
Long Yeast Grow,pioreactor02,2025-09-19T17:25:33.871Z,503.8,2025-09-19 19:25:33.871,18.105833333333
Long Yeast Grow,pioreactor02,2025-09-19T17:25:56.871Z,499.5,2025-09-19 19:25:56.871,18.112222222222
Long Yeast Grow,pioreactor02,2025-09-19T17:26:19.871Z,505.9,2025-09-19 19:26:19.871,18.118611111111
Long Yeast Grow,pioreactor02,2025-09-19T17:26:42.871Z,495.4,2025-09-19 19:26:42.871,18.125
Long Yeast Grow,pioreactor02,2025-09-19T17:27:05.871Z,491.9,2025-09-19 19:27:05.871,18.131388888889
Long Yeast Grow,pioreactor02,2025-09-19T17:27:28.871Z,503.6,2025-09-19 19:27:28.871,18.137777777778
Long Yeast Grow,pioreactor02,2025-09-19T17:27:51.871Z,500.5,2025-09-19 19:27:51.871,18.144166666667
Long Yeast Grow,pioreactor02,2025-09-19T17:28:14.871Z,518.5,2025-09-19 19:28:14.871,18.150555555556
Long Yeast Grow,pioreactor02,2025-09-19T17:28:37.871Z,499.4,2025-09-19 19:28:37.871,18.156944444444
Long Yeast Grow,pioreactor02,2025-09-19T17:29:00.871Z,506.9,2025-09-19 19:29:00.871,18.163333333333
Long Yeast Grow,pioreactor02,2025-09-19T17:29:23.871Z,500.1,2025-09-19 19:29:23.871,18.169722222222
Long Yeast Grow,pioreactor02,2025-09-19T17:29:46.871Z,494.9,2025-09-19 19:29:46.871,18.176111111111
Long Yeast Grow,pioreactor02,2025-09-19T17:30:09.871Z,485.0,2025-09-19 19:30:09.871,18.1825
Long Yeast Grow,pioreactor02,2025-09-19T17:30:32.871Z,492.3,2025-09-19 19:30:32.871,18.188888888889
Long Yeast Grow,pioreactor02,2025-09-19T17:30:55.871Z,500.8,2025-09-19 19:30:55.871,18.195277777778
Long Yeast Grow,pioreactor02,2025-09-19T17:31:18.871Z,500.5,2025-09-19 19:31:18.871,18.201666666667
Long Yeast Grow,pioreactor02,2025-09-19T17:31:41.871Z,506.2,2025-09-19 19:31:41.871,18.208055555556
Long Yeast Grow,pioreactor02,2025-09-19T17:32:04.871Z,505.3,2025-09-19 19:32:04.871,18.214444444444
Long Yeast Grow,pioreactor02,2025-09-19T17:32:27.871Z,500.1,2025-09-19 19:32:27.871,18.220833333333
Long Yeast Grow,pioreactor02,2025-09-19T17:32:50.871Z,503.4,2025-09-19 19:32:50.871,18.227222222222
Long Yeast Grow,pioreactor02,2025-09-19T17:33:13.871Z,496.3,2025-09-19 19:33:13.871,18.233611111111
Long Yeast Grow,pioreactor02,2025-09-19T17:33:36.871Z,501.0,2025-09-19 19:33:36.871,18.24
Long Yeast Grow,pioreactor02,2025-09-19T17:33:59.871Z,494.8,2025-09-19 19:33:59.871,18.246388888889
Long Yeast Grow,pioreactor02,2025-09-19T17:34:22.871Z,493.6,2025-09-19 19:34:22.871,18.252777777778
Long Yeast Grow,pioreactor02,2025-09-19T17:34:45.871Z,502.4,2025-09-19 19:34:45.871,18.259166666667
Long Yeast Grow,pioreactor02,2025-09-19T17:35:08.871Z,509.9,2025-09-19 19:35:08.871,18.265555555556
Long Yeast Grow,pioreactor02,2025-09-19T17:35:31.871Z,505.2,2025-09-19 19:35:31.871,18.271944444444
Long Yeast Grow,pioreactor02,2025-09-19T17:35:54.871Z,491.6,2025-09-19 19:35:54.871,18.278333333333
Long Yeast Grow,pioreactor02,2025-09-19T17:36:17.871Z,501.2,2025-09-19 19:36:17.871,18.284722222222
Long Yeast Grow,pioreactor02,2025-09-19T17:36:40.871Z,494.2,2025-09-19 19:36:40.871,18.291111111111
Long Yeast Grow,pioreactor02,2025-09-19T17:37:03.871Z,499.8,2025-09-19 19:37:03.871,18.2975
Long Yeast Grow,pioreactor02,2025-09-19T17:37:26.871Z,500.2,2025-09-19 19:37:26.871,18.303888888889
Long Yeast Grow,pioreactor02,2025-09-19T17:37:49.871Z,500.2,2025-09-19 19:37:49.871,18.310277777778
Long Yeast Grow,pioreactor02,2025-09-19T17:38:12.871Z,487.5,2025-09-19 19:38:12.871,18.316666666667
Long Yeast Grow,pioreactor02,2025-09-19T17:38:35.871Z,509.2,2025-09-19 19:38:35.871,18.323055555556
Long Yeast Grow,pioreactor02,2025-09-19T17:38:58.871Z,503.3,2025-09-19 19:38:58.871,18.329444444444
Long Yeast Grow,pioreactor02,2025-09-19T17:39:21.871Z,498.5,2025-09-19 19:39:21.871,18.335833333333
Long Yeast Grow,pioreactor02,2025-09-19T17:39:44.871Z,504.5,2025-09-19 19:39:44.871,18.342222222222
Long Yeast Grow,pioreactor02,2025-09-19T17:40:07.871Z,505.5,2025-09-19 19:40:07.871,18.348611111111
Long Yeast Grow,pioreactor02,2025-09-19T17:40:30.871Z,500.5,2025-09-19 19:40:30.871,18.355
Long Yeast Grow,pioreactor02,2025-09-19T17:40:53.871Z,499.3,2025-09-19 19:40:53.871,18.361388888889
Long Yeast Grow,pioreactor02,2025-09-19T17:41:16.871Z,505.2,2025-09-19 19:41:16.871,18.367777777778
Long Yeast Grow,pioreactor02,2025-09-19T17:41:39.871Z,510.6,2025-09-19 19:41:39.871,18.374166666667
Long Yeast Grow,pioreactor02,2025-09-19T17:42:02.871Z,506.9,2025-09-19 19:42:02.871,18.380555555556
Long Yeast Grow,pioreactor02,2025-09-19T17:42:25.871Z,506.1,2025-09-19 19:42:25.871,18.386944444444
Long Yeast Grow,pioreactor02,2025-09-19T17:42:48.871Z,498.4,2025-09-19 19:42:48.871,18.393333333333
Long Yeast Grow,pioreactor02,2025-09-19T17:43:11.871Z,494.2,2025-09-19 19:43:11.871,18.399722222222
Long Yeast Grow,pioreactor02,2025-09-19T17:43:34.871Z,492.8,2025-09-19 19:43:34.871,18.406111111111
Long Yeast Grow,pioreactor02,2025-09-19T17:43:57.871Z,493.4,2025-09-19 19:43:57.871,18.4125
Long Yeast Grow,pioreactor02,2025-09-19T17:44:20.871Z,491.5,2025-09-19 19:44:20.871,18.418888888889
Long Yeast Grow,pioreactor02,2025-09-19T17:44:43.871Z,501.0,2025-09-19 19:44:43.871,18.425277777778
Long Yeast Grow,pioreactor02,2025-09-19T17:45:06.871Z,493.7,2025-09-19 19:45:06.871,18.431666666667
Long Yeast Grow,pioreactor02,2025-09-19T17:45:29.871Z,492.4,2025-09-19 19:45:29.871,18.438055555556
Long Yeast Grow,pioreactor02,2025-09-19T17:45:52.871Z,503.4,2025-09-19 19:45:52.871,18.444444444444
Long Yeast Grow,pioreactor02,2025-09-19T17:46:15.871Z,498.4,2025-09-19 19:46:15.871,18.450833333333
Long Yeast Grow,pioreactor02,2025-09-19T17:46:38.871Z,503.2,2025-09-19 19:46:38.871,18.457222222222
Long Yeast Grow,pioreactor02,2025-09-19T17:47:01.871Z,503.7,2025-09-19 19:47:01.871,18.463611111111
Long Yeast Grow,pioreactor02,2025-09-19T17:47:24.871Z,487.5,2025-09-19 19:47:24.871,18.47
Long Yeast Grow,pioreactor02,2025-09-19T17:47:47.871Z,503.0,2025-09-19 19:47:47.871,18.476388888889
Long Yeast Grow,pioreactor02,2025-09-19T17:48:10.871Z,509.5,2025-09-19 19:48:10.871,18.482777777778
Long Yeast Grow,pioreactor02,2025-09-19T17:48:33.871Z,497.1,2025-09-19 19:48:33.871,18.489166666667
Long Yeast Grow,pioreactor02,2025-09-19T17:48:56.871Z,504.5,2025-09-19 19:48:56.871,18.495555555556
Long Yeast Grow,pioreactor02,2025-09-19T17:49:19.871Z,504.2,2025-09-19 19:49:19.871,18.501944444444
Long Yeast Grow,pioreactor02,2025-09-19T17:49:42.871Z,499.7,2025-09-19 19:49:42.871,18.508333333333
Long Yeast Grow,pioreactor02,2025-09-19T17:50:05.871Z,497.3,2025-09-19 19:50:05.871,18.514722222222
Long Yeast Grow,pioreactor02,2025-09-19T17:50:28.871Z,503.1,2025-09-19 19:50:28.871,18.521111111111
Long Yeast Grow,pioreactor02,2025-09-19T17:50:51.871Z,489.4,2025-09-19 19:50:51.871,18.5275
Long Yeast Grow,pioreactor02,2025-09-19T17:51:14.871Z,499.0,2025-09-19 19:51:14.871,18.533888888889
Long Yeast Grow,pioreactor02,2025-09-19T17:51:37.871Z,502.6,2025-09-19 19:51:37.871,18.540277777778
Long Yeast Grow,pioreactor02,2025-09-19T17:52:00.871Z,502.1,2025-09-19 19:52:00.871,18.546666666667
Long Yeast Grow,pioreactor02,2025-09-19T17:52:23.871Z,512.1,2025-09-19 19:52:23.871,18.553055555556
Long Yeast Grow,pioreactor02,2025-09-19T17:52:46.871Z,499.7,2025-09-19 19:52:46.871,18.559444444444
Long Yeast Grow,pioreactor02,2025-09-19T17:53:09.871Z,503.7,2025-09-19 19:53:09.871,18.565833333333
Long Yeast Grow,pioreactor02,2025-09-19T17:53:32.871Z,505.7,2025-09-19 19:53:32.871,18.572222222222
Long Yeast Grow,pioreactor02,2025-09-19T17:53:55.871Z,491.2,2025-09-19 19:53:55.871,18.578611111111
Long Yeast Grow,pioreactor02,2025-09-19T17:54:18.871Z,492.8,2025-09-19 19:54:18.871,18.585
Long Yeast Grow,pioreactor02,2025-09-19T17:54:41.871Z,501.0,2025-09-19 19:54:41.871,18.591388888889
Long Yeast Grow,pioreactor02,2025-09-19T17:55:04.871Z,500.1,2025-09-19 19:55:04.871,18.597777777778
Long Yeast Grow,pioreactor02,2025-09-19T17:55:27.871Z,500.0,2025-09-19 19:55:27.871,18.604166666667
Long Yeast Grow,pioreactor02,2025-09-19T17:55:50.871Z,501.6,2025-09-19 19:55:50.871,18.610555555556
Long Yeast Grow,pioreactor02,2025-09-19T17:56:13.871Z,504.7,2025-09-19 19:56:13.871,18.616944444444
Long Yeast Grow,pioreactor02,2025-09-19T17:56:36.871Z,500.9,2025-09-19 19:56:36.871,18.623333333333
Long Yeast Grow,pioreactor02,2025-09-19T17:56:59.871Z,486.9,2025-09-19 19:56:59.871,18.629722222222
Long Yeast Grow,pioreactor02,2025-09-19T17:57:22.871Z,483.5,2025-09-19 19:57:22.871,18.636111111111
Long Yeast Grow,pioreactor02,2025-09-19T17:57:45.871Z,504.2,2025-09-19 19:57:45.871,18.6425
Long Yeast Grow,pioreactor02,2025-09-19T17:58:08.871Z,496.1,2025-09-19 19:58:08.871,18.648888888889
Long Yeast Grow,pioreactor02,2025-09-19T17:58:31.871Z,501.4,2025-09-19 19:58:31.871,18.655277777778
Long Yeast Grow,pioreactor02,2025-09-19T17:58:54.871Z,511.4,2025-09-19 19:58:54.871,18.661666666667
Long Yeast Grow,pioreactor02,2025-09-19T17:59:17.871Z,500.1,2025-09-19 19:59:17.871,18.668055555556
Long Yeast Grow,pioreactor02,2025-09-19T17:59:40.871Z,502.7,2025-09-19 19:59:40.871,18.674444444444
Long Yeast Grow,pioreactor02,2025-09-19T18:00:03.871Z,498.5,2025-09-19 20:00:03.871,18.680833333333
Long Yeast Grow,pioreactor02,2025-09-19T18:00:26.871Z,502.9,2025-09-19 20:00:26.871,18.687222222222
Long Yeast Grow,pioreactor02,2025-09-19T18:00:49.871Z,501.9,2025-09-19 20:00:49.871,18.693611111111
Long Yeast Grow,pioreactor02,2025-09-19T18:01:12.871Z,500.2,2025-09-19 20:01:12.871,18.7
Long Yeast Grow,pioreactor02,2025-09-19T18:01:35.871Z,504.1,2025-09-19 20:01:35.871,18.706388888889
Long Yeast Grow,pioreactor02,2025-09-19T18:01:58.871Z,511.1,2025-09-19 20:01:58.871,18.712777777778
Long Yeast Grow,pioreactor02,2025-09-19T18:02:21.871Z,500.5,2025-09-19 20:02:21.871,18.719166666667
Long Yeast Grow,pioreactor02,2025-09-19T18:02:44.871Z,501.4,2025-09-19 20:02:44.871,18.725555555556
Long Yeast Grow,pioreactor02,2025-09-19T18:03:07.871Z,498.7,2025-09-19 20:03:07.871,18.731944444444
Long Yeast Grow,pioreactor02,2025-09-19T18:03:30.871Z,488.4,2025-09-19 20:03:30.871,18.738333333333
Long Yeast Grow,pioreactor02,2025-09-19T18:03:53.871Z,495.4,2025-09-19 20:03:53.871,18.744722222222
Long Yeast Grow,pioreactor02,2025-09-19T18:04:16.871Z,502.7,2025-09-19 20:04:16.871,18.751111111111
Long Yeast Grow,pioreactor02,2025-09-19T18:04:39.871Z,499.8,2025-09-19 20:04:39.871,18.7575
Long Yeast Grow,pioreactor02,2025-09-19T18:05:02.871Z,495.0,2025-09-19 20:05:02.871,18.763888888889
Long Yeast Grow,pioreactor02,2025-09-19T18:05:25.871Z,501.0,2025-09-19 20:05:25.871,18.770277777778
Long Yeast Grow,pioreactor02,2025-09-19T18:05:48.871Z,496.3,2025-09-19 20:05:48.871,18.776666666667
Long Yeast Grow,pioreactor02,2025-09-19T18:06:11.871Z,517.5,2025-09-19 20:06:11.871,18.783055555556
Long Yeast Grow,pioreactor02,2025-09-19T18:06:34.871Z,507.4,2025-09-19 20:06:34.871,18.789444444444
Long Yeast Grow,pioreactor02,2025-09-19T18:06:57.871Z,499.9,2025-09-19 20:06:57.871,18.795833333333
Long Yeast Grow,pioreactor02,2025-09-19T18:07:20.871Z,497.3,2025-09-19 20:07:20.871,18.802222222222
Long Yeast Grow,pioreactor02,2025-09-19T18:07:43.871Z,491.1,2025-09-19 20:07:43.871,18.808611111111
Long Yeast Grow,pioreactor02,2025-09-19T18:08:06.871Z,506.2,2025-09-19 20:08:06.871,18.815
Long Yeast Grow,pioreactor02,2025-09-19T18:08:29.871Z,496.5,2025-09-19 20:08:29.871,18.821388888889
Long Yeast Grow,pioreactor02,2025-09-19T18:08:52.871Z,499.7,2025-09-19 20:08:52.871,18.827777777778
Long Yeast Grow,pioreactor02,2025-09-19T18:09:15.871Z,496.1,2025-09-19 20:09:15.871,18.834166666667
Long Yeast Grow,pioreactor02,2025-09-19T18:09:38.871Z,501.4,2025-09-19 20:09:38.871,18.840555555556
Long Yeast Grow,pioreactor02,2025-09-19T18:10:01.871Z,495.1,2025-09-19 20:10:01.871,18.846944444444
Long Yeast Grow,pioreactor02,2025-09-19T18:10:24.871Z,500.6,2025-09-19 20:10:24.871,18.853333333333
Long Yeast Grow,pioreactor02,2025-09-19T18:10:47.871Z,500.3,2025-09-19 20:10:47.871,18.859722222222
Long Yeast Grow,pioreactor02,2025-09-19T18:11:10.871Z,495.7,2025-09-19 20:11:10.871,18.866111111111
Long Yeast Grow,pioreactor02,2025-09-19T18:11:33.871Z,495.4,2025-09-19 20:11:33.871,18.8725
Long Yeast Grow,pioreactor02,2025-09-19T18:11:56.871Z,503.8,2025-09-19 20:11:56.871,18.878888888889
Long Yeast Grow,pioreactor02,2025-09-19T18:12:19.871Z,504.5,2025-09-19 20:12:19.871,18.885277777778
Long Yeast Grow,pioreactor02,2025-09-19T18:12:42.871Z,486.0,2025-09-19 20:12:42.871,18.891666666667
Long Yeast Grow,pioreactor02,2025-09-19T18:13:05.871Z,499.7,2025-09-19 20:13:05.871,18.898055555556
Long Yeast Grow,pioreactor02,2025-09-19T18:13:28.871Z,494.0,2025-09-19 20:13:28.871,18.904444444444
Long Yeast Grow,pioreactor02,2025-09-19T18:13:51.871Z,493.7,2025-09-19 20:13:51.871,18.910833333333
Long Yeast Grow,pioreactor02,2025-09-19T18:14:14.871Z,506.1,2025-09-19 20:14:14.871,18.917222222222
Long Yeast Grow,pioreactor02,2025-09-19T18:14:37.871Z,500.9,2025-09-19 20:14:37.871,18.923611111111
Long Yeast Grow,pioreactor02,2025-09-19T18:15:00.871Z,503.3,2025-09-19 20:15:00.871,18.93
Long Yeast Grow,pioreactor02,2025-09-19T18:15:23.871Z,505.0,2025-09-19 20:15:23.871,18.936388888889
Long Yeast Grow,pioreactor02,2025-09-19T18:15:46.871Z,505.2,2025-09-19 20:15:46.871,18.942777777778
Long Yeast Grow,pioreactor02,2025-09-19T18:16:09.871Z,499.0,2025-09-19 20:16:09.871,18.949166666667
Long Yeast Grow,pioreactor02,2025-09-19T18:16:32.871Z,485.2,2025-09-19 20:16:32.871,18.955555555556
Long Yeast Grow,pioreactor02,2025-09-19T18:16:55.871Z,500.5,2025-09-19 20:16:55.871,18.961944444444
Long Yeast Grow,pioreactor02,2025-09-19T18:17:18.871Z,500.7,2025-09-19 20:17:18.871,18.968333333333
Long Yeast Grow,pioreactor02,2025-09-19T18:17:41.871Z,493.0,2025-09-19 20:17:41.871,18.974722222222
Long Yeast Grow,pioreactor02,2025-09-19T18:18:04.871Z,499.7,2025-09-19 20:18:04.871,18.981111111111
Long Yeast Grow,pioreactor02,2025-09-19T18:18:27.871Z,503.4,2025-09-19 20:18:27.871,18.9875
Long Yeast Grow,pioreactor02,2025-09-19T18:18:50.871Z,514.6,2025-09-19 20:18:50.871,18.993888888889
Long Yeast Grow,pioreactor02,2025-09-19T18:19:13.871Z,510.7,2025-09-19 20:19:13.871,19.000277777778
Long Yeast Grow,pioreactor02,2025-09-19T18:19:36.871Z,491.4,2025-09-19 20:19:36.871,19.006666666667
Long Yeast Grow,pioreactor02,2025-09-19T18:19:59.871Z,500.2,2025-09-19 20:19:59.871,19.013055555556
Long Yeast Grow,pioreactor02,2025-09-19T18:20:22.871Z,498.4,2025-09-19 20:20:22.871,19.019444444444
Long Yeast Grow,pioreactor02,2025-09-19T18:20:45.871Z,502.8,2025-09-19 20:20:45.871,19.025833333333
Long Yeast Grow,pioreactor02,2025-09-19T18:21:08.871Z,500.1,2025-09-19 20:21:08.871,19.032222222222
Long Yeast Grow,pioreactor02,2025-09-19T18:21:31.871Z,498.9,2025-09-19 20:21:31.871,19.038611111111
Long Yeast Grow,pioreactor02,2025-09-19T18:21:54.871Z,500.8,2025-09-19 20:21:54.871,19.045
Long Yeast Grow,pioreactor02,2025-09-19T18:22:17.871Z,491.2,2025-09-19 20:22:17.871,19.051388888889
Long Yeast Grow,pioreactor02,2025-09-19T18:22:40.871Z,506.9,2025-09-19 20:22:40.871,19.057777777778
Long Yeast Grow,pioreactor02,2025-09-19T18:23:03.871Z,505.8,2025-09-19 20:23:03.871,19.064166666667
Long Yeast Grow,pioreactor02,2025-09-19T18:23:26.871Z,501.9,2025-09-19 20:23:26.871,19.070555555556
Long Yeast Grow,pioreactor02,2025-09-19T18:23:49.871Z,479.5,2025-09-19 20:23:49.871,19.076944444444
Long Yeast Grow,pioreactor02,2025-09-19T18:24:12.871Z,507.7,2025-09-19 20:24:12.871,19.083333333333
Long Yeast Grow,pioreactor02,2025-09-19T18:24:35.871Z,499.9,2025-09-19 20:24:35.871,19.089722222222
Long Yeast Grow,pioreactor02,2025-09-19T18:24:58.871Z,509.3,2025-09-19 20:24:58.871,19.096111111111
Long Yeast Grow,pioreactor02,2025-09-19T18:25:21.871Z,510.7,2025-09-19 20:25:21.871,19.1025
Long Yeast Grow,pioreactor02,2025-09-19T18:25:44.871Z,499.9,2025-09-19 20:25:44.871,19.108888888889
Long Yeast Grow,pioreactor02,2025-09-19T18:26:07.871Z,507.2,2025-09-19 20:26:07.871,19.115277777778
Long Yeast Grow,pioreactor02,2025-09-19T18:26:30.871Z,477.7,2025-09-19 20:26:30.871,19.121666666667
Long Yeast Grow,pioreactor02,2025-09-19T18:26:53.871Z,415.0,2025-09-19 20:26:53.871,19.128055555556
Long Yeast Grow,pioreactor02,2025-09-19T18:27:16.871Z,519.2,2025-09-19 20:27:16.871,19.134444444444
Long Yeast Grow,pioreactor02,2025-09-19T18:27:39.871Z,509.4,2025-09-19 20:27:39.871,19.140833333333
Long Yeast Grow,pioreactor02,2025-09-19T18:28:02.871Z,517.3,2025-09-19 20:28:02.871,19.147222222222
Long Yeast Grow,pioreactor02,2025-09-19T18:28:25.871Z,515.6,2025-09-19 20:28:25.871,19.153611111111
Long Yeast Grow,pioreactor02,2025-09-19T18:28:48.871Z,497.7,2025-09-19 20:28:48.871,19.16
Long Yeast Grow,pioreactor02,2025-09-19T18:29:11.871Z,513.3,2025-09-19 20:29:11.871,19.166388888889
Long Yeast Grow,pioreactor02,2025-09-19T18:29:34.871Z,505.9,2025-09-19 20:29:34.871,19.172777777778
Long Yeast Grow,pioreactor02,2025-09-19T18:29:57.871Z,492.9,2025-09-19 20:29:57.871,19.179166666667
Long Yeast Grow,pioreactor02,2025-09-19T18:30:20.871Z,507.8,2025-09-19 20:30:20.871,19.185555555556
Long Yeast Grow,pioreactor02,2025-09-19T18:30:43.871Z,500.7,2025-09-19 20:30:43.871,19.191944444444
Long Yeast Grow,pioreactor02,2025-09-19T18:31:06.871Z,488.5,2025-09-19 20:31:06.871,19.198333333333
Long Yeast Grow,pioreactor02,2025-09-19T18:31:29.871Z,505.2,2025-09-19 20:31:29.871,19.204722222222
Long Yeast Grow,pioreactor02,2025-09-19T18:31:52.871Z,510.5,2025-09-19 20:31:52.871,19.211111111111
Long Yeast Grow,pioreactor02,2025-09-19T18:32:15.871Z,497.2,2025-09-19 20:32:15.871,19.2175
Long Yeast Grow,pioreactor02,2025-09-19T18:32:38.871Z,499.5,2025-09-19 20:32:38.871,19.223888888889
Long Yeast Grow,pioreactor02,2025-09-19T18:33:01.871Z,495.3,2025-09-19 20:33:01.871,19.230277777778
Long Yeast Grow,pioreactor02,2025-09-19T18:33:24.871Z,502.2,2025-09-19 20:33:24.871,19.236666666667
Long Yeast Grow,pioreactor02,2025-09-19T18:33:47.871Z,499.3,2025-09-19 20:33:47.871,19.243055555556
Long Yeast Grow,pioreactor02,2025-09-19T18:34:10.871Z,495.6,2025-09-19 20:34:10.871,19.249444444444
Long Yeast Grow,pioreactor02,2025-09-19T18:34:33.871Z,502.8,2025-09-19 20:34:33.871,19.255833333333
Long Yeast Grow,pioreactor02,2025-09-19T18:34:56.871Z,512.5,2025-09-19 20:34:56.871,19.262222222222
Long Yeast Grow,pioreactor02,2025-09-19T18:35:19.871Z,502.8,2025-09-19 20:35:19.871,19.268611111111
Long Yeast Grow,pioreactor02,2025-09-19T18:35:42.871Z,500.1,2025-09-19 20:35:42.871,19.275
Long Yeast Grow,pioreactor02,2025-09-19T18:36:05.871Z,492.8,2025-09-19 20:36:05.871,19.281388888889
Long Yeast Grow,pioreactor02,2025-09-19T18:36:28.871Z,499.0,2025-09-19 20:36:28.871,19.287777777778
Long Yeast Grow,pioreactor02,2025-09-19T18:36:51.871Z,494.7,2025-09-19 20:36:51.871,19.294166666667
Long Yeast Grow,pioreactor02,2025-09-19T18:37:14.871Z,506.1,2025-09-19 20:37:14.871,19.300555555556
Long Yeast Grow,pioreactor02,2025-09-19T18:37:37.871Z,473.3,2025-09-19 20:37:37.871,19.306944444444
Long Yeast Grow,pioreactor02,2025-09-19T18:38:00.871Z,499.4,2025-09-19 20:38:00.871,19.313333333333
Long Yeast Grow,pioreactor02,2025-09-19T18:38:23.871Z,509.2,2025-09-19 20:38:23.871,19.319722222222
Long Yeast Grow,pioreactor02,2025-09-19T18:38:46.871Z,496.4,2025-09-19 20:38:46.871,19.326111111111
Long Yeast Grow,pioreactor02,2025-09-19T18:39:09.871Z,498.7,2025-09-19 20:39:09.871,19.3325
Long Yeast Grow,pioreactor02,2025-09-19T18:39:32.871Z,498.4,2025-09-19 20:39:32.871,19.338888888889
Long Yeast Grow,pioreactor02,2025-09-19T18:39:55.871Z,502.2,2025-09-19 20:39:55.871,19.345277777778
Long Yeast Grow,pioreactor02,2025-09-19T18:40:18.871Z,500.5,2025-09-19 20:40:18.871,19.351666666667
Long Yeast Grow,pioreactor02,2025-09-19T18:40:41.871Z,498.9,2025-09-19 20:40:41.871,19.358055555556
Long Yeast Grow,pioreactor02,2025-09-19T18:41:04.871Z,497.5,2025-09-19 20:41:04.871,19.364444444444
Long Yeast Grow,pioreactor02,2025-09-19T18:41:27.871Z,496.5,2025-09-19 20:41:27.871,19.370833333333
Long Yeast Grow,pioreactor02,2025-09-19T18:41:50.871Z,503.6,2025-09-19 20:41:50.871,19.377222222222
Long Yeast Grow,pioreactor02,2025-09-19T18:42:13.871Z,499.1,2025-09-19 20:42:13.871,19.383611111111
Long Yeast Grow,pioreactor02,2025-09-19T18:42:36.871Z,498.9,2025-09-19 20:42:36.871,19.39
Long Yeast Grow,pioreactor02,2025-09-19T18:42:59.871Z,512.1,2025-09-19 20:42:59.871,19.396388888889
Long Yeast Grow,pioreactor02,2025-09-19T18:43:22.871Z,499.9,2025-09-19 20:43:22.871,19.402777777778
Long Yeast Grow,pioreactor02,2025-09-19T18:43:45.871Z,499.9,2025-09-19 20:43:45.871,19.409166666667
Long Yeast Grow,pioreactor02,2025-09-19T18:44:08.871Z,488.9,2025-09-19 20:44:08.871,19.415555555556
Long Yeast Grow,pioreactor02,2025-09-19T18:44:31.871Z,498.3,2025-09-19 20:44:31.871,19.421944444444
Long Yeast Grow,pioreactor02,2025-09-19T18:44:54.871Z,504.9,2025-09-19 20:44:54.871,19.428333333333
Long Yeast Grow,pioreactor02,2025-09-19T18:45:17.871Z,495.4,2025-09-19 20:45:17.871,19.434722222222
Long Yeast Grow,pioreactor02,2025-09-19T18:45:40.871Z,503.4,2025-09-19 20:45:40.871,19.441111111111
Long Yeast Grow,pioreactor02,2025-09-19T18:46:03.871Z,508.2,2025-09-19 20:46:03.871,19.4475
Long Yeast Grow,pioreactor02,2025-09-19T18:46:26.871Z,509.0,2025-09-19 20:46:26.871,19.453888888889
Long Yeast Grow,pioreactor02,2025-09-19T18:46:49.871Z,488.4,2025-09-19 20:46:49.871,19.460277777778
Long Yeast Grow,pioreactor02,2025-09-19T18:47:12.871Z,489.0,2025-09-19 20:47:12.871,19.466666666667
Long Yeast Grow,pioreactor02,2025-09-19T18:47:35.871Z,500.6,2025-09-19 20:47:35.871,19.473055555556
Long Yeast Grow,pioreactor02,2025-09-19T18:47:58.871Z,494.5,2025-09-19 20:47:58.871,19.479444444444
Long Yeast Grow,pioreactor02,2025-09-19T18:48:21.871Z,510.8,2025-09-19 20:48:21.871,19.485833333333
Long Yeast Grow,pioreactor02,2025-09-19T18:48:44.871Z,508.5,2025-09-19 20:48:44.871,19.492222222222
Long Yeast Grow,pioreactor02,2025-09-19T18:49:07.871Z,508.9,2025-09-19 20:49:07.871,19.498611111111
Long Yeast Grow,pioreactor02,2025-09-19T18:49:30.871Z,499.0,2025-09-19 20:49:30.871,19.505
Long Yeast Grow,pioreactor02,2025-09-19T18:49:53.871Z,488.8,2025-09-19 20:49:53.871,19.511388888889
Long Yeast Grow,pioreactor02,2025-09-19T18:50:16.871Z,499.9,2025-09-19 20:50:16.871,19.517777777778
Long Yeast Grow,pioreactor02,2025-09-19T18:50:39.871Z,500.1,2025-09-19 20:50:39.871,19.524166666667
Long Yeast Grow,pioreactor02,2025-09-19T18:51:02.871Z,502.2,2025-09-19 20:51:02.871,19.530555555556
Long Yeast Grow,pioreactor02,2025-09-19T18:51:25.871Z,499.8,2025-09-19 20:51:25.871,19.536944444444
Long Yeast Grow,pioreactor02,2025-09-19T18:51:48.871Z,505.8,2025-09-19 20:51:48.871,19.543333333333
Long Yeast Grow,pioreactor02,2025-09-19T18:52:11.871Z,499.7,2025-09-19 20:52:11.871,19.549722222222
Long Yeast Grow,pioreactor02,2025-09-19T18:52:34.871Z,510.5,2025-09-19 20:52:34.871,19.556111111111
Long Yeast Grow,pioreactor02,2025-09-19T18:52:57.871Z,485.0,2025-09-19 20:52:57.871,19.5625
Long Yeast Grow,pioreactor02,2025-09-19T18:53:20.871Z,509.2,2025-09-19 20:53:20.871,19.568888888889
Long Yeast Grow,pioreactor02,2025-09-19T18:53:43.871Z,487.2,2025-09-19 20:53:43.871,19.575277777778
Long Yeast Grow,pioreactor02,2025-09-19T18:54:06.871Z,500.9,2025-09-19 20:54:06.871,19.581666666667
Long Yeast Grow,pioreactor02,2025-09-19T18:54:29.871Z,495.9,2025-09-19 20:54:29.871,19.588055555556
Long Yeast Grow,pioreactor02,2025-09-19T18:54:52.871Z,500.1,2025-09-19 20:54:52.871,19.594444444444
Long Yeast Grow,pioreactor02,2025-09-19T18:55:15.871Z,499.4,2025-09-19 20:55:15.871,19.600833333333
Long Yeast Grow,pioreactor02,2025-09-19T18:55:38.871Z,500.5,2025-09-19 20:55:38.871,19.607222222222
Long Yeast Grow,pioreactor02,2025-09-19T18:56:01.871Z,510.7,2025-09-19 20:56:01.871,19.613611111111
Long Yeast Grow,pioreactor02,2025-09-19T18:56:24.871Z,499.0,2025-09-19 20:56:24.871,19.62
Long Yeast Grow,pioreactor02,2025-09-19T18:56:47.871Z,488.9,2025-09-19 20:56:47.871,19.626388888889
Long Yeast Grow,pioreactor02,2025-09-19T18:57:10.871Z,501.0,2025-09-19 20:57:10.871,19.632777777778
Long Yeast Grow,pioreactor02,2025-09-19T18:57:33.871Z,499.7,2025-09-19 20:57:33.871,19.639166666667
Long Yeast Grow,pioreactor02,2025-09-19T18:57:56.871Z,499.4,2025-09-19 20:57:56.871,19.645555555556
Long Yeast Grow,pioreactor02,2025-09-19T18:58:19.871Z,508.0,2025-09-19 20:58:19.871,19.651944444444
Long Yeast Grow,pioreactor02,2025-09-19T18:58:42.871Z,509.9,2025-09-19 20:58:42.871,19.658333333333
Long Yeast Grow,pioreactor02,2025-09-19T18:59:05.871Z,495.4,2025-09-19 20:59:05.871,19.664722222222
Long Yeast Grow,pioreactor02,2025-09-19T18:59:28.871Z,497.3,2025-09-19 20:59:28.871,19.671111111111
Long Yeast Grow,pioreactor02,2025-09-19T18:59:51.871Z,498.4,2025-09-19 20:59:51.871,19.6775
Long Yeast Grow,pioreactor02,2025-09-19T19:00:14.871Z,500.4,2025-09-19 21:00:14.871,19.683888888889
Long Yeast Grow,pioreactor02,2025-09-19T19:00:37.871Z,497.2,2025-09-19 21:00:37.871,19.690277777778
Long Yeast Grow,pioreactor02,2025-09-19T19:01:00.871Z,500.7,2025-09-19 21:01:00.871,19.696666666667
Long Yeast Grow,pioreactor02,2025-09-19T19:01:23.871Z,496.7,2025-09-19 21:01:23.871,19.703055555556
Long Yeast Grow,pioreactor02,2025-09-19T19:01:46.871Z,504.4,2025-09-19 21:01:46.871,19.709444444444
Long Yeast Grow,pioreactor02,2025-09-19T19:02:09.871Z,509.5,2025-09-19 21:02:09.871,19.715833333333
Long Yeast Grow,pioreactor02,2025-09-19T19:02:32.871Z,496.2,2025-09-19 21:02:32.871,19.722222222222
Long Yeast Grow,pioreactor02,2025-09-19T19:02:55.871Z,498.2,2025-09-19 21:02:55.871,19.728611111111
Long Yeast Grow,pioreactor02,2025-09-19T19:03:18.871Z,479.6,2025-09-19 21:03:18.871,19.735
Long Yeast Grow,pioreactor02,2025-09-19T19:03:41.871Z,498.4,2025-09-19 21:03:41.871,19.741388888889
Long Yeast Grow,pioreactor02,2025-09-19T19:04:04.871Z,501.7,2025-09-19 21:04:04.871,19.747777777778
Long Yeast Grow,pioreactor02,2025-09-19T19:04:27.871Z,500.0,2025-09-19 21:04:27.871,19.754166666667
Long Yeast Grow,pioreactor02,2025-09-19T19:04:50.871Z,509.3,2025-09-19 21:04:50.871,19.760555555556
Long Yeast Grow,pioreactor02,2025-09-19T19:05:13.871Z,506.9,2025-09-19 21:05:13.871,19.766944444444
Long Yeast Grow,pioreactor02,2025-09-19T19:05:36.871Z,499.7,2025-09-19 21:05:36.871,19.773333333333
Long Yeast Grow,pioreactor02,2025-09-19T19:05:59.871Z,504.3,2025-09-19 21:05:59.871,19.779722222222
Long Yeast Grow,pioreactor02,2025-09-19T19:06:22.871Z,504.6,2025-09-19 21:06:22.871,19.786111111111
Long Yeast Grow,pioreactor02,2025-09-19T19:06:45.871Z,491.0,2025-09-19 21:06:45.871,19.7925
Long Yeast Grow,pioreactor02,2025-09-19T19:07:08.871Z,506.1,2025-09-19 21:07:08.871,19.798888888889
Long Yeast Grow,pioreactor02,2025-09-19T19:07:31.871Z,496.3,2025-09-19 21:07:31.871,19.805277777778
Long Yeast Grow,pioreactor02,2025-09-19T19:07:54.871Z,500.5,2025-09-19 21:07:54.871,19.811666666667
Long Yeast Grow,pioreactor02,2025-09-19T19:08:17.871Z,495.6,2025-09-19 21:08:17.871,19.818055555556
Long Yeast Grow,pioreactor02,2025-09-19T19:08:40.871Z,508.7,2025-09-19 21:08:40.871,19.824444444444
Long Yeast Grow,pioreactor02,2025-09-19T19:09:03.871Z,490.4,2025-09-19 21:09:03.871,19.830833333333
Long Yeast Grow,pioreactor02,2025-09-19T19:09:26.871Z,504.5,2025-09-19 21:09:26.871,19.837222222222
Long Yeast Grow,pioreactor02,2025-09-19T19:09:49.871Z,511.6,2025-09-19 21:09:49.871,19.843611111111
Long Yeast Grow,pioreactor02,2025-09-19T19:10:12.871Z,488.6,2025-09-19 21:10:12.871,19.85
Long Yeast Grow,pioreactor02,2025-09-19T19:10:35.871Z,489.3,2025-09-19 21:10:35.871,19.856388888889
Long Yeast Grow,pioreactor02,2025-09-19T19:10:58.871Z,493.8,2025-09-19 21:10:58.871,19.862777777778
Long Yeast Grow,pioreactor02,2025-09-19T19:11:21.871Z,499.2,2025-09-19 21:11:21.871,19.869166666667
Long Yeast Grow,pioreactor02,2025-09-19T19:11:44.871Z,508.4,2025-09-19 21:11:44.871,19.875555555556
Long Yeast Grow,pioreactor02,2025-09-19T19:12:07.871Z,494.1,2025-09-19 21:12:07.871,19.881944444444
Long Yeast Grow,pioreactor02,2025-09-19T19:12:30.871Z,501.6,2025-09-19 21:12:30.871,19.888333333333
Long Yeast Grow,pioreactor02,2025-09-19T19:12:53.871Z,503.9,2025-09-19 21:12:53.871,19.894722222222
Long Yeast Grow,pioreactor02,2025-09-19T19:13:16.871Z,482.7,2025-09-19 21:13:16.871,19.901111111111
Long Yeast Grow,pioreactor02,2025-09-19T19:13:39.871Z,496.5,2025-09-19 21:13:39.871,19.9075
Long Yeast Grow,pioreactor02,2025-09-19T19:14:02.871Z,507.2,2025-09-19 21:14:02.871,19.913888888889
Long Yeast Grow,pioreactor02,2025-09-19T19:14:25.871Z,505.4,2025-09-19 21:14:25.871,19.920277777778
Long Yeast Grow,pioreactor02,2025-09-19T19:14:48.871Z,500.0,2025-09-19 21:14:48.871,19.926666666667
Long Yeast Grow,pioreactor02,2025-09-19T19:15:11.871Z,507.3,2025-09-19 21:15:11.871,19.933055555556
Long Yeast Grow,pioreactor02,2025-09-19T19:15:34.871Z,505.6,2025-09-19 21:15:34.871,19.939444444444
Long Yeast Grow,pioreactor02,2025-09-19T19:15:57.871Z,500.5,2025-09-19 21:15:57.871,19.945833333333
Long Yeast Grow,pioreactor02,2025-09-19T19:16:20.871Z,499.2,2025-09-19 21:16:20.871,19.952222222222
Long Yeast Grow,pioreactor02,2025-09-19T19:16:43.871Z,508.2,2025-09-19 21:16:43.871,19.958611111111
Long Yeast Grow,pioreactor02,2025-09-19T19:17:06.871Z,476.8,2025-09-19 21:17:06.871,19.965
Long Yeast Grow,pioreactor02,2025-09-19T19:17:29.871Z,491.6,2025-09-19 21:17:29.871,19.971388888889
Long Yeast Grow,pioreactor02,2025-09-19T19:17:52.871Z,501.8,2025-09-19 21:17:52.871,19.977777777778
Long Yeast Grow,pioreactor02,2025-09-19T19:18:15.871Z,509.0,2025-09-19 21:18:15.871,19.984166666667
Long Yeast Grow,pioreactor02,2025-09-19T19:18:38.871Z,507.9,2025-09-19 21:18:38.871,19.990555555556
Long Yeast Grow,pioreactor02,2025-09-19T19:19:01.871Z,508.3,2025-09-19 21:19:01.871,19.996944444444
Long Yeast Grow,pioreactor02,2025-09-19T19:19:24.871Z,505.3,2025-09-19 21:19:24.871,20.003333333333
Long Yeast Grow,pioreactor02,2025-09-19T19:19:47.871Z,500.1,2025-09-19 21:19:47.871,20.009722222222
Long Yeast Grow,pioreactor02,2025-09-19T19:20:10.871Z,503.0,2025-09-19 21:20:10.871,20.016111111111
Long Yeast Grow,pioreactor02,2025-09-19T19:20:33.871Z,490.2,2025-09-19 21:20:33.871,20.0225
Long Yeast Grow,pioreactor02,2025-09-19T19:20:56.871Z,500.6,2025-09-19 21:20:56.871,20.028888888889
Long Yeast Grow,pioreactor02,2025-09-19T19:21:19.871Z,496.4,2025-09-19 21:21:19.871,20.035277777778
Long Yeast Grow,pioreactor02,2025-09-19T19:21:42.871Z,497.0,2025-09-19 21:21:42.871,20.041666666667
Long Yeast Grow,pioreactor02,2025-09-19T19:22:05.871Z,503.8,2025-09-19 21:22:05.871,20.048055555556
Long Yeast Grow,pioreactor02,2025-09-19T19:22:28.871Z,500.8,2025-09-19 21:22:28.871,20.054444444444
Long Yeast Grow,pioreactor02,2025-09-19T19:22:51.871Z,506.7,2025-09-19 21:22:51.871,20.060833333333
Long Yeast Grow,pioreactor02,2025-09-19T19:23:14.871Z,501.3,2025-09-19 21:23:14.871,20.067222222222
Long Yeast Grow,pioreactor02,2025-09-19T19:23:37.871Z,508.2,2025-09-19 21:23:37.871,20.073611111111
Long Yeast Grow,pioreactor02,2025-09-19T19:24:00.871Z,495.1,2025-09-19 21:24:00.871,20.08
Long Yeast Grow,pioreactor02,2025-09-19T19:24:23.871Z,479.4,2025-09-19 21:24:23.871,20.086388888889
Long Yeast Grow,pioreactor02,2025-09-19T19:24:46.871Z,499.3,2025-09-19 21:24:46.871,20.092777777778
Long Yeast Grow,pioreactor02,2025-09-19T19:25:09.871Z,508.3,2025-09-19 21:25:09.871,20.099166666667
Long Yeast Grow,pioreactor02,2025-09-19T19:25:32.871Z,508.7,2025-09-19 21:25:32.871,20.105555555556
Long Yeast Grow,pioreactor02,2025-09-19T19:25:55.871Z,504.3,2025-09-19 21:25:55.871,20.111944444444
Long Yeast Grow,pioreactor02,2025-09-19T19:26:18.871Z,499.4,2025-09-19 21:26:18.871,20.118333333333
Long Yeast Grow,pioreactor02,2025-09-19T19:26:41.871Z,500.6,2025-09-19 21:26:41.871,20.124722222222
Long Yeast Grow,pioreactor02,2025-09-19T19:27:04.871Z,498.0,2025-09-19 21:27:04.871,20.131111111111
Long Yeast Grow,pioreactor02,2025-09-19T19:27:27.871Z,499.5,2025-09-19 21:27:27.871,20.1375
Long Yeast Grow,pioreactor02,2025-09-19T19:27:50.871Z,500.7,2025-09-19 21:27:50.871,20.143888888889
Long Yeast Grow,pioreactor02,2025-09-19T19:28:13.871Z,499.6,2025-09-19 21:28:13.871,20.150277777778
Long Yeast Grow,pioreactor02,2025-09-19T19:28:36.871Z,505.0,2025-09-19 21:28:36.871,20.156666666667
Long Yeast Grow,pioreactor02,2025-09-19T19:28:59.871Z,481.7,2025-09-19 21:28:59.871,20.163055555556
Long Yeast Grow,pioreactor02,2025-09-19T19:29:22.871Z,512.5,2025-09-19 21:29:22.871,20.169444444444
Long Yeast Grow,pioreactor02,2025-09-19T19:29:45.871Z,502.5,2025-09-19 21:29:45.871,20.175833333333
Long Yeast Grow,pioreactor02,2025-09-19T19:30:08.871Z,498.9,2025-09-19 21:30:08.871,20.182222222222
Long Yeast Grow,pioreactor02,2025-09-19T19:30:31.871Z,507.9,2025-09-19 21:30:31.871,20.188611111111
Long Yeast Grow,pioreactor02,2025-09-19T19:30:54.871Z,491.8,2025-09-19 21:30:54.871,20.195
Long Yeast Grow,pioreactor02,2025-09-19T19:31:17.871Z,491.1,2025-09-19 21:31:17.871,20.201388888889
Long Yeast Grow,pioreactor02,2025-09-19T19:31:40.871Z,510.6,2025-09-19 21:31:40.871,20.207777777778
Long Yeast Grow,pioreactor02,2025-09-19T19:32:03.871Z,498.2,2025-09-19 21:32:03.871,20.214166666667
Long Yeast Grow,pioreactor02,2025-09-19T19:32:26.871Z,507.7,2025-09-19 21:32:26.871,20.220555555556
Long Yeast Grow,pioreactor02,2025-09-19T19:32:49.871Z,497.7,2025-09-19 21:32:49.871,20.226944444444
Long Yeast Grow,pioreactor02,2025-09-19T19:33:12.871Z,502.6,2025-09-19 21:33:12.871,20.233333333333
Long Yeast Grow,pioreactor02,2025-09-19T19:33:35.871Z,495.0,2025-09-19 21:33:35.871,20.239722222222
Long Yeast Grow,pioreactor02,2025-09-19T19:33:58.871Z,491.1,2025-09-19 21:33:58.871,20.246111111111
Long Yeast Grow,pioreactor02,2025-09-19T19:34:21.871Z,503.7,2025-09-19 21:34:21.871,20.2525
Long Yeast Grow,pioreactor02,2025-09-19T19:34:44.871Z,494.5,2025-09-19 21:34:44.871,20.258888888889
Long Yeast Grow,pioreactor02,2025-09-19T19:35:07.871Z,484.8,2025-09-19 21:35:07.871,20.265277777778
Long Yeast Grow,pioreactor02,2025-09-19T19:35:30.871Z,506.2,2025-09-19 21:35:30.871,20.271666666667
Long Yeast Grow,pioreactor02,2025-09-19T19:35:53.871Z,504.4,2025-09-19 21:35:53.871,20.278055555556
Long Yeast Grow,pioreactor02,2025-09-19T19:36:16.871Z,501.8,2025-09-19 21:36:16.871,20.284444444444
Long Yeast Grow,pioreactor02,2025-09-19T19:36:39.871Z,504.7,2025-09-19 21:36:39.871,20.290833333333
Long Yeast Grow,pioreactor02,2025-09-19T19:37:02.871Z,501.9,2025-09-19 21:37:02.871,20.297222222222
Long Yeast Grow,pioreactor02,2025-09-19T19:37:25.871Z,503.7,2025-09-19 21:37:25.871,20.303611111111
Long Yeast Grow,pioreactor02,2025-09-19T19:37:48.871Z,506.2,2025-09-19 21:37:48.871,20.31
Long Yeast Grow,pioreactor02,2025-09-19T19:38:11.871Z,505.2,2025-09-19 21:38:11.871,20.316388888889
Long Yeast Grow,pioreactor02,2025-09-19T19:38:34.871Z,408.7,2025-09-19 21:38:34.871,20.322777777778
Long Yeast Grow,pioreactor02,2025-09-19T19:38:57.871Z,429.8,2025-09-19 21:38:57.871,20.329166666667
Long Yeast Grow,pioreactor02,2025-09-19T19:39:20.871Z,533.3,2025-09-19 21:39:20.871,20.335555555556
Long Yeast Grow,pioreactor02,2025-09-19T19:39:43.871Z,523.7,2025-09-19 21:39:43.871,20.341944444444
Long Yeast Grow,pioreactor02,2025-09-19T19:40:06.871Z,526.1,2025-09-19 21:40:06.871,20.348333333333
Long Yeast Grow,pioreactor02,2025-09-19T19:40:29.871Z,516.7,2025-09-19 21:40:29.871,20.354722222222
Long Yeast Grow,pioreactor02,2025-09-19T19:40:52.871Z,513.9,2025-09-19 21:40:52.871,20.361111111111
Long Yeast Grow,pioreactor02,2025-09-19T19:41:15.871Z,496.6,2025-09-19 21:41:15.871,20.3675
Long Yeast Grow,pioreactor02,2025-09-19T19:41:38.871Z,514.1,2025-09-19 21:41:38.871,20.373888888889
Long Yeast Grow,pioreactor02,2025-09-19T19:42:01.871Z,496.7,2025-09-19 21:42:01.871,20.380277777778
Long Yeast Grow,pioreactor02,2025-09-19T19:42:24.871Z,486.4,2025-09-19 21:42:24.871,20.386666666667
Long Yeast Grow,pioreactor02,2025-09-19T19:42:47.871Z,421.7,2025-09-19 21:42:47.871,20.393055555556
Long Yeast Grow,pioreactor02,2025-09-19T19:43:10.871Z,533.9,2025-09-19 21:43:10.871,20.399444444444
Long Yeast Grow,pioreactor02,2025-09-19T19:43:33.871Z,521.9,2025-09-19 21:43:33.871,20.405833333333
Long Yeast Grow,pioreactor02,2025-09-19T19:43:56.871Z,518.1,2025-09-19 21:43:56.871,20.412222222222
Long Yeast Grow,pioreactor02,2025-09-19T19:44:19.871Z,513.4,2025-09-19 21:44:19.871,20.418611111111
Long Yeast Grow,pioreactor02,2025-09-19T19:44:42.871Z,508.8,2025-09-19 21:44:42.871,20.425
Long Yeast Grow,pioreactor02,2025-09-19T19:45:05.871Z,513.5,2025-09-19 21:45:05.871,20.431388888889
Long Yeast Grow,pioreactor02,2025-09-19T19:45:28.871Z,504.3,2025-09-19 21:45:28.871,20.437777777778
Long Yeast Grow,pioreactor02,2025-09-19T19:45:51.871Z,509.3,2025-09-19 21:45:51.871,20.444166666667
Long Yeast Grow,pioreactor02,2025-09-19T19:46:14.871Z,496.2,2025-09-19 21:46:14.871,20.450555555556
Long Yeast Grow,pioreactor02,2025-09-19T19:46:37.871Z,493.2,2025-09-19 21:46:37.871,20.456944444444
Long Yeast Grow,pioreactor02,2025-09-19T19:47:00.871Z,499.9,2025-09-19 21:47:00.871,20.463333333333
Long Yeast Grow,pioreactor02,2025-09-19T19:47:23.871Z,503.6,2025-09-19 21:47:23.871,20.469722222222
Long Yeast Grow,pioreactor02,2025-09-19T19:47:46.871Z,504.9,2025-09-19 21:47:46.871,20.476111111111
Long Yeast Grow,pioreactor02,2025-09-19T19:48:09.871Z,496.3,2025-09-19 21:48:09.871,20.4825
Long Yeast Grow,pioreactor02,2025-09-19T19:48:32.871Z,506.2,2025-09-19 21:48:32.871,20.488888888889
Long Yeast Grow,pioreactor02,2025-09-19T19:48:55.871Z,496.5,2025-09-19 21:48:55.871,20.495277777778
Long Yeast Grow,pioreactor02,2025-09-19T19:49:18.871Z,492.1,2025-09-19 21:49:18.871,20.501666666667
Long Yeast Grow,pioreactor02,2025-09-19T19:49:41.871Z,510.1,2025-09-19 21:49:41.871,20.508055555556
Long Yeast Grow,pioreactor02,2025-09-19T19:50:04.871Z,494.6,2025-09-19 21:50:04.871,20.514444444444
Long Yeast Grow,pioreactor02,2025-09-19T19:50:27.871Z,500.3,2025-09-19 21:50:27.871,20.520833333333
Long Yeast Grow,pioreactor02,2025-09-19T19:50:50.871Z,498.1,2025-09-19 21:50:50.871,20.527222222222
Long Yeast Grow,pioreactor02,2025-09-19T19:51:13.871Z,510.9,2025-09-19 21:51:13.871,20.533611111111
Long Yeast Grow,pioreactor02,2025-09-19T19:51:36.871Z,500.4,2025-09-19 21:51:36.871,20.54
Long Yeast Grow,pioreactor02,2025-09-19T19:51:59.871Z,496.2,2025-09-19 21:51:59.871,20.546388888889
Long Yeast Grow,pioreactor02,2025-09-19T19:52:22.871Z,499.1,2025-09-19 21:52:22.871,20.552777777778
Long Yeast Grow,pioreactor02,2025-09-19T19:52:45.871Z,502.0,2025-09-19 21:52:45.871,20.559166666667
Long Yeast Grow,pioreactor02,2025-09-19T19:53:08.871Z,506.7,2025-09-19 21:53:08.871,20.565555555556
Long Yeast Grow,pioreactor02,2025-09-19T19:53:31.871Z,496.3,2025-09-19 21:53:31.871,20.571944444444
Long Yeast Grow,pioreactor02,2025-09-19T19:53:54.871Z,419.8,2025-09-19 21:53:54.871,20.578333333333
Long Yeast Grow,pioreactor02,2025-09-19T19:54:17.871Z,514.7,2025-09-19 21:54:17.871,20.584722222222
Long Yeast Grow,pioreactor02,2025-09-19T19:54:40.871Z,515.5,2025-09-19 21:54:40.871,20.591111111111
Long Yeast Grow,pioreactor02,2025-09-19T19:55:03.871Z,509.7,2025-09-19 21:55:03.871,20.5975
Long Yeast Grow,pioreactor02,2025-09-19T19:55:26.871Z,509.9,2025-09-19 21:55:26.871,20.603888888889
Long Yeast Grow,pioreactor02,2025-09-19T19:55:49.871Z,510.5,2025-09-19 21:55:49.871,20.610277777778
Long Yeast Grow,pioreactor02,2025-09-19T19:56:12.871Z,509.4,2025-09-19 21:56:12.871,20.616666666667
Long Yeast Grow,pioreactor02,2025-09-19T19:56:35.871Z,499.3,2025-09-19 21:56:35.871,20.623055555556
Long Yeast Grow,pioreactor02,2025-09-19T19:56:58.871Z,495.7,2025-09-19 21:56:58.871,20.629444444444
Long Yeast Grow,pioreactor02,2025-09-19T19:57:21.871Z,500.2,2025-09-19 21:57:21.871,20.635833333333
Long Yeast Grow,pioreactor02,2025-09-19T19:57:44.871Z,510.4,2025-09-19 21:57:44.871,20.642222222222
Long Yeast Grow,pioreactor02,2025-09-19T19:58:07.871Z,502.8,2025-09-19 21:58:07.871,20.648611111111
Long Yeast Grow,pioreactor02,2025-09-19T19:58:30.871Z,495.4,2025-09-19 21:58:30.871,20.655
Long Yeast Grow,pioreactor02,2025-09-19T19:58:53.871Z,503.7,2025-09-19 21:58:53.871,20.661388888889
Long Yeast Grow,pioreactor02,2025-09-19T19:59:16.871Z,504.9,2025-09-19 21:59:16.871,20.667777777778
Long Yeast Grow,pioreactor02,2025-09-19T19:59:39.871Z,499.7,2025-09-19 21:59:39.871,20.674166666667
Long Yeast Grow,pioreactor02,2025-09-19T20:00:02.871Z,501.2,2025-09-19 22:00:02.871,20.680555555556
Long Yeast Grow,pioreactor02,2025-09-19T20:00:25.871Z,499.7,2025-09-19 22:00:25.871,20.686944444444
Long Yeast Grow,pioreactor02,2025-09-19T20:00:48.871Z,507.4,2025-09-19 22:00:48.871,20.693333333333
Long Yeast Grow,pioreactor02,2025-09-19T20:01:11.871Z,463.3,2025-09-19 22:01:11.871,20.699722222222
Long Yeast Grow,pioreactor02,2025-09-19T20:01:34.871Z,514.0,2025-09-19 22:01:34.871,20.706111111111
Long Yeast Grow,pioreactor02,2025-09-19T20:01:57.871Z,499.2,2025-09-19 22:01:57.871,20.7125
Long Yeast Grow,pioreactor02,2025-09-19T20:02:20.871Z,501.4,2025-09-19 22:02:20.871,20.718888888889
Long Yeast Grow,pioreactor02,2025-09-19T20:02:43.871Z,499.8,2025-09-19 22:02:43.871,20.725277777778
Long Yeast Grow,pioreactor02,2025-09-19T20:03:06.871Z,508.4,2025-09-19 22:03:06.871,20.731666666667
Long Yeast Grow,pioreactor02,2025-09-19T20:03:29.871Z,503.2,2025-09-19 22:03:29.871,20.738055555556
Long Yeast Grow,pioreactor02,2025-09-19T20:03:52.871Z,496.3,2025-09-19 22:03:52.871,20.744444444444
Long Yeast Grow,pioreactor02,2025-09-19T20:04:15.871Z,499.5,2025-09-19 22:04:15.871,20.750833333333
Long Yeast Grow,pioreactor02,2025-09-19T20:04:38.871Z,486.3,2025-09-19 22:04:38.871,20.757222222222
Long Yeast Grow,pioreactor02,2025-09-19T20:05:01.871Z,500.1,2025-09-19 22:05:01.871,20.763611111111
Long Yeast Grow,pioreactor02,2025-09-19T20:05:24.871Z,506.6,2025-09-19 22:05:24.871,20.77
Long Yeast Grow,pioreactor02,2025-09-19T20:05:47.871Z,504.5,2025-09-19 22:05:47.871,20.776388888889
Long Yeast Grow,pioreactor02,2025-09-19T20:06:10.871Z,499.8,2025-09-19 22:06:10.871,20.782777777778
Long Yeast Grow,pioreactor02,2025-09-19T20:06:33.871Z,502.7,2025-09-19 22:06:33.871,20.789166666667
Long Yeast Grow,pioreactor02,2025-09-19T20:06:56.871Z,494.9,2025-09-19 22:06:56.871,20.795555555556
Long Yeast Grow,pioreactor02,2025-09-19T20:07:19.871Z,495.7,2025-09-19 22:07:19.871,20.801944444444
Long Yeast Grow,pioreactor02,2025-09-19T20:07:42.871Z,500.5,2025-09-19 22:07:42.871,20.808333333333
Long Yeast Grow,pioreactor02,2025-09-19T20:08:05.871Z,503.1,2025-09-19 22:08:05.871,20.814722222222
Long Yeast Grow,pioreactor02,2025-09-19T20:08:28.871Z,500.3,2025-09-19 22:08:28.871,20.821111111111
Long Yeast Grow,pioreactor02,2025-09-19T20:08:51.871Z,500.7,2025-09-19 22:08:51.871,20.8275
Long Yeast Grow,pioreactor02,2025-09-19T20:09:14.871Z,485.6,2025-09-19 22:09:14.871,20.833888888889
Long Yeast Grow,pioreactor02,2025-09-19T20:09:37.871Z,501.2,2025-09-19 22:09:37.871,20.840277777778
Long Yeast Grow,pioreactor02,2025-09-19T20:10:00.871Z,503.3,2025-09-19 22:10:00.871,20.846666666667
Long Yeast Grow,pioreactor02,2025-09-19T20:10:23.871Z,500.5,2025-09-19 22:10:23.871,20.853055555556
Long Yeast Grow,pioreactor02,2025-09-19T20:10:46.871Z,502.2,2025-09-19 22:10:46.871,20.859444444444
Long Yeast Grow,pioreactor02,2025-09-19T20:11:09.871Z,493.2,2025-09-19 22:11:09.871,20.865833333333
Long Yeast Grow,pioreactor02,2025-09-19T20:11:32.871Z,509.1,2025-09-19 22:11:32.871,20.872222222222
Long Yeast Grow,pioreactor02,2025-09-19T20:11:55.871Z,486.8,2025-09-19 22:11:55.871,20.878611111111
Long Yeast Grow,pioreactor02,2025-09-19T20:12:18.871Z,502.6,2025-09-19 22:12:18.871,20.885
Long Yeast Grow,pioreactor02,2025-09-19T20:12:41.871Z,506.9,2025-09-19 22:12:41.871,20.891388888889
Long Yeast Grow,pioreactor02,2025-09-19T20:13:04.871Z,507.6,2025-09-19 22:13:04.871,20.897777777778
Long Yeast Grow,pioreactor02,2025-09-19T20:13:27.871Z,486.7,2025-09-19 22:13:27.871,20.904166666667
Long Yeast Grow,pioreactor02,2025-09-19T20:13:50.871Z,499.6,2025-09-19 22:13:50.871,20.910555555556
Long Yeast Grow,pioreactor02,2025-09-19T20:14:13.871Z,505.0,2025-09-19 22:14:13.871,20.916944444444
Long Yeast Grow,pioreactor02,2025-09-19T20:14:36.871Z,495.6,2025-09-19 22:14:36.871,20.923333333333
Long Yeast Grow,pioreactor02,2025-09-19T20:14:59.871Z,504.3,2025-09-19 22:14:59.871,20.929722222222
Long Yeast Grow,pioreactor02,2025-09-19T20:15:22.871Z,503.2,2025-09-19 22:15:22.871,20.936111111111
Long Yeast Grow,pioreactor02,2025-09-19T20:15:45.871Z,487.5,2025-09-19 22:15:45.871,20.9425
Long Yeast Grow,pioreactor02,2025-09-19T20:16:08.871Z,503.6,2025-09-19 22:16:08.871,20.948888888889
Long Yeast Grow,pioreactor02,2025-09-19T20:16:31.871Z,486.4,2025-09-19 22:16:31.871,20.955277777778
Long Yeast Grow,pioreactor02,2025-09-19T20:16:54.871Z,417.7,2025-09-19 22:16:54.871,20.961666666667
Long Yeast Grow,pioreactor02,2025-09-19T20:17:17.871Z,525.1,2025-09-19 22:17:17.871,20.968055555556
Long Yeast Grow,pioreactor02,2025-09-19T20:17:40.871Z,518.1,2025-09-19 22:17:40.871,20.974444444444
Long Yeast Grow,pioreactor02,2025-09-19T20:18:03.871Z,521.8,2025-09-19 22:18:03.871,20.980833333333
Long Yeast Grow,pioreactor02,2025-09-19T20:18:26.871Z,503.9,2025-09-19 22:18:26.871,20.987222222222
Long Yeast Grow,pioreactor02,2025-09-19T20:18:49.871Z,512.2,2025-09-19 22:18:49.871,20.993611111111
Long Yeast Grow,pioreactor02,2025-09-19T20:19:12.871Z,512.2,2025-09-19 22:19:12.871,21.0
Long Yeast Grow,pioreactor02,2025-09-19T20:19:35.871Z,505.7,2025-09-19 22:19:35.871,21.006388888889
Long Yeast Grow,pioreactor02,2025-09-19T20:19:58.871Z,405.4,2025-09-19 22:19:58.871,21.012777777778
Long Yeast Grow,pioreactor02,2025-09-19T20:20:21.871Z,521.7,2025-09-19 22:20:21.871,21.019166666667
Long Yeast Grow,pioreactor02,2025-09-19T20:20:44.871Z,524.0,2025-09-19 22:20:44.871,21.025555555556
Long Yeast Grow,pioreactor02,2025-09-19T20:21:07.871Z,511.8,2025-09-19 22:21:07.871,21.031944444444
Long Yeast Grow,pioreactor02,2025-09-19T20:21:30.871Z,514.1,2025-09-19 22:21:30.871,21.038333333333
Long Yeast Grow,pioreactor02,2025-09-19T20:21:53.871Z,514.3,2025-09-19 22:21:53.871,21.044722222222
Long Yeast Grow,pioreactor02,2025-09-19T20:22:16.871Z,498.6,2025-09-19 22:22:16.871,21.051111111111
Long Yeast Grow,pioreactor02,2025-09-19T20:22:39.871Z,512.6,2025-09-19 22:22:39.871,21.0575
Long Yeast Grow,pioreactor02,2025-09-19T20:23:02.871Z,508.0,2025-09-19 22:23:02.871,21.063888888889
Long Yeast Grow,pioreactor02,2025-09-19T20:23:25.871Z,500.1,2025-09-19 22:23:25.871,21.070277777778
Long Yeast Grow,pioreactor02,2025-09-19T20:23:48.871Z,492.0,2025-09-19 22:23:48.871,21.076666666667
Long Yeast Grow,pioreactor02,2025-09-19T20:24:11.871Z,497.1,2025-09-19 22:24:11.871,21.083055555556
Long Yeast Grow,pioreactor02,2025-09-19T20:24:34.871Z,500.2,2025-09-19 22:24:34.871,21.089444444444
Long Yeast Grow,pioreactor02,2025-09-19T20:24:57.871Z,500.2,2025-09-19 22:24:57.871,21.095833333333
Long Yeast Grow,pioreactor02,2025-09-19T20:25:20.871Z,506.6,2025-09-19 22:25:20.871,21.102222222222
Long Yeast Grow,pioreactor02,2025-09-19T20:25:43.871Z,498.6,2025-09-19 22:25:43.871,21.108611111111
Long Yeast Grow,pioreactor02,2025-09-19T20:26:06.871Z,494.1,2025-09-19 22:26:06.871,21.115
Long Yeast Grow,pioreactor02,2025-09-19T20:26:29.871Z,504.6,2025-09-19 22:26:29.871,21.121388888889
Long Yeast Grow,pioreactor02,2025-09-19T20:26:52.871Z,497.9,2025-09-19 22:26:52.871,21.127777777778
Long Yeast Grow,pioreactor02,2025-09-19T20:27:15.871Z,492.9,2025-09-19 22:27:15.871,21.134166666667
Long Yeast Grow,pioreactor02,2025-09-19T20:27:38.871Z,500.5,2025-09-19 22:27:38.871,21.140555555556
Long Yeast Grow,pioreactor02,2025-09-19T20:28:01.871Z,489.3,2025-09-19 22:28:01.871,21.146944444444
Long Yeast Grow,pioreactor02,2025-09-19T20:28:24.871Z,514.5,2025-09-19 22:28:24.871,21.153333333333
Long Yeast Grow,pioreactor02,2025-09-19T20:28:47.871Z,505.5,2025-09-19 22:28:47.871,21.159722222222
Long Yeast Grow,pioreactor02,2025-09-19T20:29:10.871Z,507.5,2025-09-19 22:29:10.871,21.166111111111
Long Yeast Grow,pioreactor02,2025-09-19T20:29:33.871Z,502.1,2025-09-19 22:29:33.871,21.1725
Long Yeast Grow,pioreactor02,2025-09-19T20:29:56.871Z,488.2,2025-09-19 22:29:56.871,21.178888888889
Long Yeast Grow,pioreactor02,2025-09-19T20:30:19.871Z,418.5,2025-09-19 22:30:19.871,21.185277777778
Long Yeast Grow,pioreactor02,2025-09-19T20:30:42.871Z,519.2,2025-09-19 22:30:42.871,21.191666666667
Long Yeast Grow,pioreactor02,2025-09-19T20:31:05.871Z,517.8,2025-09-19 22:31:05.871,21.198055555556
Long Yeast Grow,pioreactor02,2025-09-19T20:31:28.871Z,516.6,2025-09-19 22:31:28.871,21.204444444444
Long Yeast Grow,pioreactor02,2025-09-19T20:31:51.871Z,521.0,2025-09-19 22:31:51.871,21.210833333333
Long Yeast Grow,pioreactor02,2025-09-19T20:32:14.871Z,505.3,2025-09-19 22:32:14.871,21.217222222222
Long Yeast Grow,pioreactor02,2025-09-19T20:32:37.871Z,502.9,2025-09-19 22:32:37.871,21.223611111111
Long Yeast Grow,pioreactor02,2025-09-19T20:33:00.871Z,497.3,2025-09-19 22:33:00.871,21.23
Long Yeast Grow,pioreactor02,2025-09-19T20:33:23.871Z,508.5,2025-09-19 22:33:23.871,21.236388888889
Long Yeast Grow,pioreactor02,2025-09-19T20:33:46.871Z,499.1,2025-09-19 22:33:46.871,21.242777777778
Long Yeast Grow,pioreactor02,2025-09-19T20:34:09.871Z,505.4,2025-09-19 22:34:09.871,21.249166666667
Long Yeast Grow,pioreactor02,2025-09-19T20:34:32.871Z,492.3,2025-09-19 22:34:32.871,21.255555555556
Long Yeast Grow,pioreactor02,2025-09-19T20:34:55.871Z,504.7,2025-09-19 22:34:55.871,21.261944444444
Long Yeast Grow,pioreactor02,2025-09-19T20:35:18.871Z,499.7,2025-09-19 22:35:18.871,21.268333333333
Long Yeast Grow,pioreactor02,2025-09-19T20:35:41.871Z,499.5,2025-09-19 22:35:41.871,21.274722222222
Long Yeast Grow,pioreactor02,2025-09-19T20:36:04.871Z,490.2,2025-09-19 22:36:04.871,21.281111111111
Long Yeast Grow,pioreactor02,2025-09-19T20:36:27.871Z,510.3,2025-09-19 22:36:27.871,21.2875
Long Yeast Grow,pioreactor02,2025-09-19T20:36:50.871Z,500.1,2025-09-19 22:36:50.871,21.293888888889
Long Yeast Grow,pioreactor02,2025-09-19T20:37:13.871Z,496.1,2025-09-19 22:37:13.871,21.300277777778
Long Yeast Grow,pioreactor02,2025-09-19T20:37:36.871Z,498.3,2025-09-19 22:37:36.871,21.306666666667
Long Yeast Grow,pioreactor02,2025-09-19T20:37:59.871Z,499.5,2025-09-19 22:37:59.871,21.313055555556
Long Yeast Grow,pioreactor02,2025-09-19T20:38:22.871Z,515.7,2025-09-19 22:38:22.871,21.319444444444
Long Yeast Grow,pioreactor02,2025-09-19T20:38:45.871Z,480.7,2025-09-19 22:38:45.871,21.325833333333
Long Yeast Grow,pioreactor02,2025-09-19T20:39:08.871Z,509.0,2025-09-19 22:39:08.871,21.332222222222
Long Yeast Grow,pioreactor02,2025-09-19T20:39:31.871Z,497.4,2025-09-19 22:39:31.871,21.338611111111
Long Yeast Grow,pioreactor02,2025-09-19T20:39:54.871Z,506.7,2025-09-19 22:39:54.871,21.345
Long Yeast Grow,pioreactor02,2025-09-19T20:40:17.871Z,504.1,2025-09-19 22:40:17.871,21.351388888889
Long Yeast Grow,pioreactor02,2025-09-19T20:40:40.871Z,501.6,2025-09-19 22:40:40.871,21.357777777778
Long Yeast Grow,pioreactor02,2025-09-19T20:41:03.871Z,500.0,2025-09-19 22:41:03.871,21.364166666667
Long Yeast Grow,pioreactor02,2025-09-19T20:41:26.871Z,506.2,2025-09-19 22:41:26.871,21.370555555556
Long Yeast Grow,pioreactor02,2025-09-19T20:41:49.871Z,505.1,2025-09-19 22:41:49.871,21.376944444444
Long Yeast Grow,pioreactor02,2025-09-19T20:42:12.871Z,502.0,2025-09-19 22:42:12.871,21.383333333333
Long Yeast Grow,pioreactor02,2025-09-19T20:42:35.871Z,502.5,2025-09-19 22:42:35.871,21.389722222222
Long Yeast Grow,pioreactor02,2025-09-19T20:42:58.871Z,503.4,2025-09-19 22:42:58.871,21.396111111111
Long Yeast Grow,pioreactor02,2025-09-19T20:43:21.871Z,476.3,2025-09-19 22:43:21.871,21.4025
Long Yeast Grow,pioreactor02,2025-09-19T20:43:44.871Z,486.2,2025-09-19 22:43:44.871,21.408888888889
Long Yeast Grow,pioreactor02,2025-09-19T20:44:07.871Z,484.3,2025-09-19 22:44:07.871,21.415277777778
Long Yeast Grow,pioreactor02,2025-09-19T20:44:30.871Z,502.8,2025-09-19 22:44:30.871,21.421666666667
Long Yeast Grow,pioreactor02,2025-09-19T20:44:53.871Z,505.1,2025-09-19 22:44:53.871,21.428055555556
Long Yeast Grow,pioreactor02,2025-09-19T20:45:16.871Z,500.3,2025-09-19 22:45:16.871,21.434444444444
Long Yeast Grow,pioreactor02,2025-09-19T20:45:39.871Z,507.4,2025-09-19 22:45:39.871,21.440833333333
Long Yeast Grow,pioreactor02,2025-09-19T20:46:02.871Z,511.4,2025-09-19 22:46:02.871,21.447222222222
Long Yeast Grow,pioreactor02,2025-09-19T20:46:25.871Z,502.4,2025-09-19 22:46:25.871,21.453611111111
Long Yeast Grow,pioreactor02,2025-09-19T20:46:48.871Z,461.8,2025-09-19 22:46:48.871,21.46
Long Yeast Grow,pioreactor02,2025-09-19T20:47:11.871Z,498.8,2025-09-19 22:47:11.871,21.466388888889
Long Yeast Grow,pioreactor02,2025-09-19T20:47:34.871Z,507.2,2025-09-19 22:47:34.871,21.472777777778
Long Yeast Grow,pioreactor02,2025-09-19T20:47:57.871Z,499.3,2025-09-19 22:47:57.871,21.479166666667
Long Yeast Grow,pioreactor02,2025-09-19T20:48:20.871Z,511.6,2025-09-19 22:48:20.871,21.485555555556
Long Yeast Grow,pioreactor02,2025-09-19T20:48:43.871Z,501.4,2025-09-19 22:48:43.871,21.491944444444
Long Yeast Grow,pioreactor02,2025-09-19T20:49:06.871Z,494.1,2025-09-19 22:49:06.871,21.498333333333
Long Yeast Grow,pioreactor02,2025-09-19T20:49:29.871Z,508.9,2025-09-19 22:49:29.871,21.504722222222
Long Yeast Grow,pioreactor02,2025-09-19T20:49:52.871Z,494.5,2025-09-19 22:49:52.871,21.511111111111
Long Yeast Grow,pioreactor02,2025-09-19T20:50:15.871Z,498.0,2025-09-19 22:50:15.871,21.5175
Long Yeast Grow,pioreactor02,2025-09-19T20:50:38.871Z,492.4,2025-09-19 22:50:38.871,21.523888888889
Long Yeast Grow,pioreactor02,2025-09-19T20:51:01.871Z,499.5,2025-09-19 22:51:01.871,21.530277777778
Long Yeast Grow,pioreactor02,2025-09-19T20:51:24.871Z,506.2,2025-09-19 22:51:24.871,21.536666666667
Long Yeast Grow,pioreactor02,2025-09-19T20:51:47.871Z,511.9,2025-09-19 22:51:47.871,21.543055555556
Long Yeast Grow,pioreactor02,2025-09-19T20:52:10.871Z,496.7,2025-09-19 22:52:10.871,21.549444444444
Long Yeast Grow,pioreactor02,2025-09-19T20:52:33.871Z,499.2,2025-09-19 22:52:33.871,21.555833333333
Long Yeast Grow,pioreactor02,2025-09-19T20:52:56.871Z,499.6,2025-09-19 22:52:56.871,21.562222222222
Long Yeast Grow,pioreactor02,2025-09-19T20:53:19.871Z,501.4,2025-09-19 22:53:19.871,21.568611111111
Long Yeast Grow,pioreactor02,2025-09-19T20:53:42.871Z,499.4,2025-09-19 22:53:42.871,21.575
Long Yeast Grow,pioreactor02,2025-09-19T20:54:05.871Z,487.4,2025-09-19 22:54:05.871,21.581388888889
Long Yeast Grow,pioreactor02,2025-09-19T20:54:28.871Z,510.7,2025-09-19 22:54:28.871,21.587777777778
Long Yeast Grow,pioreactor02,2025-09-19T20:54:51.871Z,510.5,2025-09-19 22:54:51.871,21.594166666667
Long Yeast Grow,pioreactor02,2025-09-19T20:55:14.871Z,503.7,2025-09-19 22:55:14.871,21.600555555556
Long Yeast Grow,pioreactor02,2025-09-19T20:55:37.871Z,500.9,2025-09-19 22:55:37.871,21.606944444444
Long Yeast Grow,pioreactor02,2025-09-19T20:56:00.871Z,503.6,2025-09-19 22:56:00.871,21.613333333333
Long Yeast Grow,pioreactor02,2025-09-19T20:56:23.871Z,505.4,2025-09-19 22:56:23.871,21.619722222222
Long Yeast Grow,pioreactor02,2025-09-19T20:56:46.871Z,440.6,2025-09-19 22:56:46.871,21.626111111111
Long Yeast Grow,pioreactor02,2025-09-19T20:57:09.871Z,421.1,2025-09-19 22:57:09.871,21.6325
Long Yeast Grow,pioreactor02,2025-09-19T20:57:32.871Z,529.2,2025-09-19 22:57:32.871,21.638888888889
Long Yeast Grow,pioreactor02,2025-09-19T20:57:55.871Z,517.3,2025-09-19 22:57:55.871,21.645277777778
Long Yeast Grow,pioreactor02,2025-09-19T20:58:18.871Z,521.6,2025-09-19 22:58:18.871,21.651666666667
Long Yeast Grow,pioreactor02,2025-09-19T20:58:41.871Z,519.0,2025-09-19 22:58:41.871,21.658055555556
Long Yeast Grow,pioreactor02,2025-09-19T20:59:04.871Z,516.6,2025-09-19 22:59:04.871,21.664444444444
Long Yeast Grow,pioreactor02,2025-09-19T20:59:27.871Z,512.6,2025-09-19 22:59:27.871,21.670833333333
Long Yeast Grow,pioreactor02,2025-09-19T20:59:50.871Z,502.3,2025-09-19 22:59:50.871,21.677222222222
Long Yeast Grow,pioreactor02,2025-09-19T21:00:13.871Z,499.6,2025-09-19 23:00:13.871,21.683611111111
Long Yeast Grow,pioreactor02,2025-09-19T21:00:36.871Z,490.5,2025-09-19 23:00:36.871,21.69
Long Yeast Grow,pioreactor02,2025-09-19T21:00:59.871Z,499.7,2025-09-19 23:00:59.871,21.696388888889
Long Yeast Grow,pioreactor02,2025-09-19T21:01:22.871Z,513.9,2025-09-19 23:01:22.871,21.702777777778
Long Yeast Grow,pioreactor02,2025-09-19T21:01:45.871Z,500.2,2025-09-19 23:01:45.871,21.709166666667
Long Yeast Grow,pioreactor02,2025-09-19T21:02:08.871Z,492.5,2025-09-19 23:02:08.871,21.715555555556
Long Yeast Grow,pioreactor02,2025-09-19T21:02:31.871Z,520.9,2025-09-19 23:02:31.871,21.721944444444
Long Yeast Grow,pioreactor02,2025-09-19T21:02:54.871Z,499.5,2025-09-19 23:02:54.871,21.728333333333
Long Yeast Grow,pioreactor02,2025-09-19T21:03:17.871Z,499.0,2025-09-19 23:03:17.871,21.734722222222
Long Yeast Grow,pioreactor02,2025-09-19T21:03:40.871Z,492.7,2025-09-19 23:03:40.871,21.741111111111
Long Yeast Grow,pioreactor02,2025-09-19T21:04:03.871Z,500.5,2025-09-19 23:04:03.871,21.7475
Long Yeast Grow,pioreactor02,2025-09-19T21:04:26.871Z,499.9,2025-09-19 23:04:26.871,21.753888888889
Long Yeast Grow,pioreactor02,2025-09-19T21:04:49.871Z,500.3,2025-09-19 23:04:49.871,21.760277777778
Long Yeast Grow,pioreactor02,2025-09-19T21:05:12.871Z,500.1,2025-09-19 23:05:12.871,21.766666666667
Long Yeast Grow,pioreactor02,2025-09-19T21:05:35.871Z,507.2,2025-09-19 23:05:35.871,21.773055555556
Long Yeast Grow,pioreactor02,2025-09-19T21:05:58.871Z,495.2,2025-09-19 23:05:58.871,21.779444444444
Long Yeast Grow,pioreactor02,2025-09-19T21:06:21.871Z,496.6,2025-09-19 23:06:21.871,21.785833333333
Long Yeast Grow,pioreactor02,2025-09-19T21:06:44.871Z,499.9,2025-09-19 23:06:44.871,21.792222222222
Long Yeast Grow,pioreactor02,2025-09-19T21:07:07.871Z,494.2,2025-09-19 23:07:07.871,21.798611111111
Long Yeast Grow,pioreactor02,2025-09-19T21:07:30.871Z,493.4,2025-09-19 23:07:30.871,21.805
Long Yeast Grow,pioreactor02,2025-09-19T21:07:53.871Z,494.2,2025-09-19 23:07:53.871,21.811388888889
Long Yeast Grow,pioreactor02,2025-09-19T21:08:16.871Z,513.4,2025-09-19 23:08:16.871,21.817777777778
Long Yeast Grow,pioreactor02,2025-09-19T21:08:39.871Z,502.9,2025-09-19 23:08:39.871,21.824166666667
Long Yeast Grow,pioreactor02,2025-09-19T21:09:02.871Z,498.7,2025-09-19 23:09:02.871,21.830555555556
Long Yeast Grow,pioreactor02,2025-09-19T21:09:25.871Z,486.5,2025-09-19 23:09:25.871,21.836944444444
Long Yeast Grow,pioreactor02,2025-09-19T21:09:48.871Z,498.9,2025-09-19 23:09:48.871,21.843333333333
Long Yeast Grow,pioreactor02,2025-09-19T21:10:11.871Z,494.5,2025-09-19 23:10:11.871,21.849722222222
Long Yeast Grow,pioreactor02,2025-09-19T21:10:34.871Z,503.4,2025-09-19 23:10:34.871,21.856111111111
Long Yeast Grow,pioreactor02,2025-09-19T21:10:57.871Z,512.2,2025-09-19 23:10:57.871,21.8625
Long Yeast Grow,pioreactor02,2025-09-19T21:11:20.871Z,509.0,2025-09-19 23:11:20.871,21.868888888889
Long Yeast Grow,pioreactor02,2025-09-19T21:11:43.871Z,511.1,2025-09-19 23:11:43.871,21.875277777778
Long Yeast Grow,pioreactor02,2025-09-19T21:12:06.871Z,511.0,2025-09-19 23:12:06.871,21.881666666667
Long Yeast Grow,pioreactor02,2025-09-19T21:12:29.871Z,506.0,2025-09-19 23:12:29.871,21.888055555556
Long Yeast Grow,pioreactor02,2025-09-19T21:12:52.871Z,499.9,2025-09-19 23:12:52.871,21.894444444444
Long Yeast Grow,pioreactor02,2025-09-19T21:13:15.871Z,508.5,2025-09-19 23:13:15.871,21.900833333333
Long Yeast Grow,pioreactor02,2025-09-19T21:13:38.871Z,491.9,2025-09-19 23:13:38.871,21.907222222222
Long Yeast Grow,pioreactor02,2025-09-19T21:14:01.871Z,507.1,2025-09-19 23:14:01.871,21.913611111111
Long Yeast Grow,pioreactor02,2025-09-19T21:14:24.871Z,501.9,2025-09-19 23:14:24.871,21.92
Long Yeast Grow,pioreactor02,2025-09-19T21:14:47.871Z,505.9,2025-09-19 23:14:47.871,21.926388888889
Long Yeast Grow,pioreactor02,2025-09-19T21:15:10.871Z,489.6,2025-09-19 23:15:10.871,21.932777777778
Long Yeast Grow,pioreactor02,2025-09-19T21:15:33.871Z,498.3,2025-09-19 23:15:33.871,21.939166666667
Long Yeast Grow,pioreactor02,2025-09-19T21:15:56.871Z,510.0,2025-09-19 23:15:56.871,21.945555555556
Long Yeast Grow,pioreactor02,2025-09-19T21:16:19.871Z,500.8,2025-09-19 23:16:19.871,21.951944444444
Long Yeast Grow,pioreactor02,2025-09-19T21:16:42.871Z,501.1,2025-09-19 23:16:42.871,21.958333333333
Long Yeast Grow,pioreactor02,2025-09-19T21:17:05.871Z,493.0,2025-09-19 23:17:05.871,21.964722222222
Long Yeast Grow,pioreactor02,2025-09-19T21:17:28.871Z,497.4,2025-09-19 23:17:28.871,21.971111111111
Long Yeast Grow,pioreactor02,2025-09-19T21:17:51.871Z,495.7,2025-09-19 23:17:51.871,21.9775
Long Yeast Grow,pioreactor02,2025-09-19T21:18:14.871Z,514.4,2025-09-19 23:18:14.871,21.983888888889
Long Yeast Grow,pioreactor02,2025-09-19T21:18:37.871Z,491.1,2025-09-19 23:18:37.871,21.990277777778
Long Yeast Grow,pioreactor02,2025-09-19T21:19:00.871Z,496.6,2025-09-19 23:19:00.871,21.996666666667
Long Yeast Grow,pioreactor02,2025-09-19T21:19:23.871Z,488.3,2025-09-19 23:19:23.871,22.003055555556
Long Yeast Grow,pioreactor02,2025-09-19T21:19:46.871Z,498.5,2025-09-19 23:19:46.871,22.009444444444
Long Yeast Grow,pioreactor02,2025-09-19T21:20:09.871Z,493.4,2025-09-19 23:20:09.871,22.015833333333
Long Yeast Grow,pioreactor02,2025-09-19T21:20:32.871Z,500.4,2025-09-19 23:20:32.871,22.022222222222
Long Yeast Grow,pioreactor02,2025-09-19T21:20:55.871Z,507.6,2025-09-19 23:20:55.871,22.028611111111
Long Yeast Grow,pioreactor02,2025-09-19T21:21:18.871Z,505.0,2025-09-19 23:21:18.871,22.035
Long Yeast Grow,pioreactor02,2025-09-19T21:21:41.871Z,500.0,2025-09-19 23:21:41.871,22.041388888889
Long Yeast Grow,pioreactor02,2025-09-19T21:22:04.871Z,503.1,2025-09-19 23:22:04.871,22.047777777778
Long Yeast Grow,pioreactor02,2025-09-19T21:22:27.871Z,480.5,2025-09-19 23:22:27.871,22.054166666667
Long Yeast Grow,pioreactor02,2025-09-19T21:22:50.871Z,518.3,2025-09-19 23:22:50.871,22.060555555556
Long Yeast Grow,pioreactor02,2025-09-19T21:23:13.871Z,508.6,2025-09-19 23:23:13.871,22.066944444444
Long Yeast Grow,pioreactor02,2025-09-19T21:23:36.871Z,501.6,2025-09-19 23:23:36.871,22.073333333333
Long Yeast Grow,pioreactor02,2025-09-19T21:23:59.871Z,499.7,2025-09-19 23:23:59.871,22.079722222222
Long Yeast Grow,pioreactor02,2025-09-19T21:24:22.871Z,500.8,2025-09-19 23:24:22.871,22.086111111111
Long Yeast Grow,pioreactor02,2025-09-19T21:24:45.871Z,504.3,2025-09-19 23:24:45.871,22.0925
Long Yeast Grow,pioreactor02,2025-09-19T21:25:08.871Z,494.8,2025-09-19 23:25:08.871,22.098888888889
Long Yeast Grow,pioreactor02,2025-09-19T21:25:31.871Z,506.8,2025-09-19 23:25:31.871,22.105277777778
Long Yeast Grow,pioreactor02,2025-09-19T21:25:54.871Z,503.6,2025-09-19 23:25:54.871,22.111666666667
Long Yeast Grow,pioreactor02,2025-09-19T21:26:17.871Z,498.2,2025-09-19 23:26:17.871,22.118055555556
Long Yeast Grow,pioreactor02,2025-09-19T21:26:40.871Z,494.9,2025-09-19 23:26:40.871,22.124444444444
Long Yeast Grow,pioreactor02,2025-09-19T21:27:03.871Z,501.8,2025-09-19 23:27:03.871,22.130833333333
Long Yeast Grow,pioreactor02,2025-09-19T21:27:26.871Z,503.6,2025-09-19 23:27:26.871,22.137222222222
Long Yeast Grow,pioreactor02,2025-09-19T21:27:49.871Z,488.5,2025-09-19 23:27:49.871,22.143611111111
Long Yeast Grow,pioreactor02,2025-09-19T21:28:12.871Z,472.1,2025-09-19 23:28:12.871,22.15
Long Yeast Grow,pioreactor02,2025-09-19T21:28:35.871Z,462.1,2025-09-19 23:28:35.871,22.156388888889
Long Yeast Grow,pioreactor02,2025-09-19T21:28:58.871Z,504.1,2025-09-19 23:28:58.871,22.162777777778
Long Yeast Grow,pioreactor02,2025-09-19T21:29:21.871Z,515.5,2025-09-19 23:29:21.871,22.169166666667
Long Yeast Grow,pioreactor02,2025-09-19T21:29:44.871Z,510.3,2025-09-19 23:29:44.871,22.175555555556
Long Yeast Grow,pioreactor02,2025-09-19T21:30:07.871Z,500.1,2025-09-19 23:30:07.871,22.181944444444
Long Yeast Grow,pioreactor02,2025-09-19T21:30:30.871Z,414.4,2025-09-19 23:30:30.871,22.188333333333
Long Yeast Grow,pioreactor02,2025-09-19T21:30:53.871Z,511.3,2025-09-19 23:30:53.871,22.194722222222
Long Yeast Grow,pioreactor02,2025-09-19T21:31:16.871Z,522.1,2025-09-19 23:31:16.871,22.201111111111
Long Yeast Grow,pioreactor02,2025-09-19T21:31:39.871Z,514.8,2025-09-19 23:31:39.871,22.2075
Long Yeast Grow,pioreactor02,2025-09-19T21:32:02.871Z,406.0,2025-09-19 23:32:02.871,22.213888888889
Long Yeast Grow,pioreactor02,2025-09-19T21:32:25.871Z,530.8,2025-09-19 23:32:25.871,22.220277777778
Long Yeast Grow,pioreactor02,2025-09-19T21:32:48.871Z,523.0,2025-09-19 23:32:48.871,22.226666666667
Long Yeast Grow,pioreactor02,2025-09-19T21:33:11.871Z,523.3,2025-09-19 23:33:11.871,22.233055555556
Long Yeast Grow,pioreactor02,2025-09-19T21:33:34.871Z,518.9,2025-09-19 23:33:34.871,22.239444444444
Long Yeast Grow,pioreactor02,2025-09-19T21:33:57.871Z,495.3,2025-09-19 23:33:57.871,22.245833333333
Long Yeast Grow,pioreactor02,2025-09-19T21:34:20.871Z,509.1,2025-09-19 23:34:20.871,22.252222222222
Long Yeast Grow,pioreactor02,2025-09-19T21:34:43.871Z,513.3,2025-09-19 23:34:43.871,22.258611111111
Long Yeast Grow,pioreactor02,2025-09-19T21:35:06.871Z,498.8,2025-09-19 23:35:06.871,22.265
Long Yeast Grow,pioreactor02,2025-09-19T21:35:29.871Z,510.3,2025-09-19 23:35:29.871,22.271388888889
Long Yeast Grow,pioreactor02,2025-09-19T21:35:52.871Z,506.2,2025-09-19 23:35:52.871,22.277777777778
Long Yeast Grow,pioreactor02,2025-09-19T21:36:15.871Z,500.2,2025-09-19 23:36:15.871,22.284166666667
Long Yeast Grow,pioreactor02,2025-09-19T21:36:38.871Z,500.3,2025-09-19 23:36:38.871,22.290555555556
Long Yeast Grow,pioreactor02,2025-09-19T21:37:01.871Z,501.4,2025-09-19 23:37:01.871,22.296944444444
Long Yeast Grow,pioreactor02,2025-09-19T21:37:24.871Z,415.4,2025-09-19 23:37:24.871,22.303333333333
Long Yeast Grow,pioreactor02,2025-09-19T21:37:47.871Z,409.1,2025-09-19 23:37:47.871,22.309722222222
Long Yeast Grow,pioreactor02,2025-09-19T21:38:10.871Z,413.5,2025-09-19 23:38:10.871,22.316111111111
Long Yeast Grow,pioreactor02,2025-09-19T21:38:33.871Z,553.0,2025-09-19 23:38:33.871,22.3225
Long Yeast Grow,pioreactor02,2025-09-19T21:38:56.871Z,541.9,2025-09-19 23:38:56.871,22.328888888889
Long Yeast Grow,pioreactor02,2025-09-19T21:39:19.871Z,533.3,2025-09-19 23:39:19.871,22.335277777778
Long Yeast Grow,pioreactor02,2025-09-19T21:39:42.871Z,538.2,2025-09-19 23:39:42.871,22.341666666667
Long Yeast Grow,pioreactor02,2025-09-19T21:40:05.871Z,521.7,2025-09-19 23:40:05.871,22.348055555556
Long Yeast Grow,pioreactor02,2025-09-19T21:40:28.871Z,522.4,2025-09-19 23:40:28.871,22.354444444444
Long Yeast Grow,pioreactor02,2025-09-19T21:40:51.871Z,513.8,2025-09-19 23:40:51.871,22.360833333333
Long Yeast Grow,pioreactor02,2025-09-19T21:41:14.871Z,510.0,2025-09-19 23:41:14.871,22.367222222222
Long Yeast Grow,pioreactor02,2025-09-19T21:41:37.871Z,509.3,2025-09-19 23:41:37.871,22.373611111111
Long Yeast Grow,pioreactor02,2025-09-19T21:42:00.871Z,513.5,2025-09-19 23:42:00.871,22.38
Long Yeast Grow,pioreactor02,2025-09-19T21:42:23.871Z,488.5,2025-09-19 23:42:23.871,22.386388888889
Long Yeast Grow,pioreactor02,2025-09-19T21:42:46.871Z,513.4,2025-09-19 23:42:46.871,22.392777777778
Long Yeast Grow,pioreactor02,2025-09-19T21:43:09.871Z,499.9,2025-09-19 23:43:09.871,22.399166666667
Long Yeast Grow,pioreactor02,2025-09-19T21:43:32.871Z,487.0,2025-09-19 23:43:32.871,22.405555555556
Long Yeast Grow,pioreactor02,2025-09-19T21:43:55.871Z,504.8,2025-09-19 23:43:55.871,22.411944444444
Long Yeast Grow,pioreactor02,2025-09-19T21:44:18.871Z,414.0,2025-09-19 23:44:18.871,22.418333333333
Long Yeast Grow,pioreactor02,2025-09-19T21:44:41.871Z,516.2,2025-09-19 23:44:41.871,22.424722222222
Long Yeast Grow,pioreactor02,2025-09-19T21:45:04.871Z,519.6,2025-09-19 23:45:04.871,22.431111111111
Long Yeast Grow,pioreactor02,2025-09-19T21:45:27.871Z,522.1,2025-09-19 23:45:27.871,22.4375
Long Yeast Grow,pioreactor02,2025-09-19T21:45:50.871Z,513.7,2025-09-19 23:45:50.871,22.443888888889
Long Yeast Grow,pioreactor02,2025-09-19T21:46:13.871Z,518.0,2025-09-19 23:46:13.871,22.450277777778
Long Yeast Grow,pioreactor02,2025-09-19T21:46:36.871Z,481.8,2025-09-19 23:46:36.871,22.456666666667
Long Yeast Grow,pioreactor02,2025-09-19T21:46:59.871Z,504.4,2025-09-19 23:46:59.871,22.463055555556
Long Yeast Grow,pioreactor02,2025-09-19T21:47:22.871Z,499.5,2025-09-19 23:47:22.871,22.469444444444
Long Yeast Grow,pioreactor02,2025-09-19T21:47:45.871Z,506.8,2025-09-19 23:47:45.871,22.475833333333
Long Yeast Grow,pioreactor02,2025-09-19T21:48:08.871Z,505.6,2025-09-19 23:48:08.871,22.482222222222
Long Yeast Grow,pioreactor02,2025-09-19T21:48:31.871Z,506.5,2025-09-19 23:48:31.871,22.488611111111
Long Yeast Grow,pioreactor02,2025-09-19T21:48:54.871Z,512.5,2025-09-19 23:48:54.871,22.495
Long Yeast Grow,pioreactor02,2025-09-19T21:49:17.871Z,500.7,2025-09-19 23:49:17.871,22.501388888889
Long Yeast Grow,pioreactor02,2025-09-19T21:49:40.871Z,496.0,2025-09-19 23:49:40.871,22.507777777778
Long Yeast Grow,pioreactor02,2025-09-19T21:50:03.871Z,401.6,2025-09-19 23:50:03.871,22.514166666667
Long Yeast Grow,pioreactor02,2025-09-19T21:50:26.871Z,410.3,2025-09-19 23:50:26.871,22.520555555556
Long Yeast Grow,pioreactor02,2025-09-19T21:50:49.871Z,415.9,2025-09-19 23:50:49.871,22.526944444444
Long Yeast Grow,pioreactor02,2025-09-19T21:51:12.871Z,554.6,2025-09-19 23:51:12.871,22.533333333333
Long Yeast Grow,pioreactor02,2025-09-19T21:51:35.871Z,553.5,2025-09-19 23:51:35.871,22.539722222222
Long Yeast Grow,pioreactor02,2025-09-19T21:51:58.871Z,541.5,2025-09-19 23:51:58.871,22.546111111111
Long Yeast Grow,pioreactor02,2025-09-19T21:52:21.871Z,533.7,2025-09-19 23:52:21.871,22.5525
Long Yeast Grow,pioreactor02,2025-09-19T21:52:44.871Z,527.4,2025-09-19 23:52:44.871,22.558888888889
Long Yeast Grow,pioreactor02,2025-09-19T21:53:07.871Z,521.4,2025-09-19 23:53:07.871,22.565277777778
Long Yeast Grow,pioreactor02,2025-09-19T21:53:30.871Z,510.3,2025-09-19 23:53:30.871,22.571666666667
Long Yeast Grow,pioreactor02,2025-09-19T21:53:53.871Z,502.3,2025-09-19 23:53:53.871,22.578055555556
Long Yeast Grow,pioreactor02,2025-09-19T21:54:16.871Z,496.7,2025-09-19 23:54:16.871,22.584444444444
Long Yeast Grow,pioreactor02,2025-09-19T21:54:39.871Z,501.1,2025-09-19 23:54:39.871,22.590833333333
Long Yeast Grow,pioreactor02,2025-09-19T21:55:02.871Z,512.7,2025-09-19 23:55:02.871,22.597222222222
Long Yeast Grow,pioreactor02,2025-09-19T21:55:25.871Z,498.6,2025-09-19 23:55:25.871,22.603611111111
Long Yeast Grow,pioreactor02,2025-09-19T21:55:48.871Z,505.7,2025-09-19 23:55:48.871,22.61
Long Yeast Grow,pioreactor02,2025-09-19T21:56:11.871Z,500.0,2025-09-19 23:56:11.871,22.616388888889
Long Yeast Grow,pioreactor02,2025-09-19T21:56:34.871Z,508.0,2025-09-19 23:56:34.871,22.622777777778
Long Yeast Grow,pioreactor02,2025-09-19T21:56:57.871Z,490.8,2025-09-19 23:56:57.871,22.629166666667
Long Yeast Grow,pioreactor02,2025-09-19T21:57:20.871Z,500.5,2025-09-19 23:57:20.871,22.635555555556
Long Yeast Grow,pioreactor02,2025-09-19T21:57:43.871Z,489.1,2025-09-19 23:57:43.871,22.641944444444
Long Yeast Grow,pioreactor02,2025-09-19T21:58:06.871Z,507.0,2025-09-19 23:58:06.871,22.648333333333
Long Yeast Grow,pioreactor02,2025-09-19T21:58:29.871Z,511.6,2025-09-19 23:58:29.871,22.654722222222
Long Yeast Grow,pioreactor02,2025-09-19T21:58:52.871Z,504.4,2025-09-19 23:58:52.871,22.661111111111
Long Yeast Grow,pioreactor02,2025-09-19T21:59:15.871Z,506.4,2025-09-19 23:59:15.871,22.6675
Long Yeast Grow,pioreactor02,2025-09-19T21:59:38.871Z,495.8,2025-09-19 23:59:38.871,22.673888888889
Long Yeast Grow,pioreactor02,2025-09-19T22:00:01.871Z,499.7,2025-09-20 00:00:01.871,22.680277777778
Long Yeast Grow,pioreactor02,2025-09-19T22:00:24.871Z,491.0,2025-09-20 00:00:24.871,22.686666666667
Long Yeast Grow,pioreactor02,2025-09-19T22:00:47.871Z,404.5,2025-09-20 00:00:47.871,22.693055555556
Long Yeast Grow,pioreactor02,2025-09-19T22:01:10.871Z,522.0,2025-09-20 00:01:10.871,22.699444444444
Long Yeast Grow,pioreactor02,2025-09-19T22:01:33.871Z,520.6,2025-09-20 00:01:33.871,22.705833333333
Long Yeast Grow,pioreactor02,2025-09-19T22:01:56.871Z,519.0,2025-09-20 00:01:56.871,22.712222222222
Long Yeast Grow,pioreactor02,2025-09-19T22:02:19.871Z,504.4,2025-09-20 00:02:19.871,22.718611111111
Long Yeast Grow,pioreactor02,2025-09-19T22:02:42.871Z,514.9,2025-09-20 00:02:42.871,22.725
Long Yeast Grow,pioreactor02,2025-09-19T22:03:05.871Z,514.0,2025-09-20 00:03:05.871,22.731388888889
Long Yeast Grow,pioreactor02,2025-09-19T22:03:28.871Z,493.9,2025-09-20 00:03:28.871,22.737777777778
Long Yeast Grow,pioreactor02,2025-09-19T22:03:51.871Z,499.4,2025-09-20 00:03:51.871,22.744166666667
Long Yeast Grow,pioreactor02,2025-09-19T22:04:14.871Z,494.4,2025-09-20 00:04:14.871,22.750555555556
Long Yeast Grow,pioreactor02,2025-09-19T22:04:37.871Z,495.6,2025-09-20 00:04:37.871,22.756944444444
Long Yeast Grow,pioreactor02,2025-09-19T22:05:00.871Z,509.2,2025-09-20 00:05:00.871,22.763333333333
Long Yeast Grow,pioreactor02,2025-09-19T22:05:23.871Z,488.0,2025-09-20 00:05:23.871,22.769722222222
Long Yeast Grow,pioreactor02,2025-09-19T22:05:46.871Z,498.2,2025-09-20 00:05:46.871,22.776111111111
Long Yeast Grow,pioreactor02,2025-09-19T22:06:09.871Z,500.6,2025-09-20 00:06:09.871,22.7825
Long Yeast Grow,pioreactor02,2025-09-19T22:06:32.871Z,508.6,2025-09-20 00:06:32.871,22.788888888889
Long Yeast Grow,pioreactor02,2025-09-19T22:06:55.871Z,496.2,2025-09-20 00:06:55.871,22.795277777778
Long Yeast Grow,pioreactor02,2025-09-19T22:07:18.871Z,504.3,2025-09-20 00:07:18.871,22.801666666667
Long Yeast Grow,pioreactor02,2025-09-19T22:07:41.871Z,492.4,2025-09-20 00:07:41.871,22.808055555556
Long Yeast Grow,pioreactor02,2025-09-19T22:08:04.871Z,508.4,2025-09-20 00:08:04.871,22.814444444444
Long Yeast Grow,pioreactor02,2025-09-19T22:08:27.871Z,512.4,2025-09-20 00:08:27.871,22.820833333333
Long Yeast Grow,pioreactor02,2025-09-19T22:08:50.871Z,503.6,2025-09-20 00:08:50.871,22.827222222222
Long Yeast Grow,pioreactor02,2025-09-19T22:09:13.871Z,494.4,2025-09-20 00:09:13.871,22.833611111111
Long Yeast Grow,pioreactor02,2025-09-19T22:09:36.871Z,498.1,2025-09-20 00:09:36.871,22.84
Long Yeast Grow,pioreactor02,2025-09-19T22:09:59.871Z,505.3,2025-09-20 00:09:59.871,22.846388888889
Long Yeast Grow,pioreactor02,2025-09-19T22:10:22.871Z,498.5,2025-09-20 00:10:22.871,22.852777777778
Long Yeast Grow,pioreactor02,2025-09-19T22:10:45.871Z,487.4,2025-09-20 00:10:45.871,22.859166666667
Long Yeast Grow,pioreactor02,2025-09-19T22:11:08.871Z,511.0,2025-09-20 00:11:08.871,22.865555555556
Long Yeast Grow,pioreactor02,2025-09-19T22:11:31.871Z,508.7,2025-09-20 00:11:31.871,22.871944444444
Long Yeast Grow,pioreactor02,2025-09-19T22:11:54.871Z,489.4,2025-09-20 00:11:54.871,22.878333333333
Long Yeast Grow,pioreactor02,2025-09-19T22:12:17.871Z,493.4,2025-09-20 00:12:17.871,22.884722222222
Long Yeast Grow,pioreactor02,2025-09-19T22:12:40.871Z,512.9,2025-09-20 00:12:40.871,22.891111111111
Long Yeast Grow,pioreactor02,2025-09-19T22:13:03.871Z,500.1,2025-09-20 00:13:03.871,22.8975
Long Yeast Grow,pioreactor02,2025-09-19T22:13:26.871Z,503.7,2025-09-20 00:13:26.871,22.903888888889
Long Yeast Grow,pioreactor02,2025-09-19T22:13:49.871Z,499.6,2025-09-20 00:13:49.871,22.910277777778
Long Yeast Grow,pioreactor02,2025-09-19T22:14:12.871Z,479.7,2025-09-20 00:14:12.871,22.916666666667
Long Yeast Grow,pioreactor02,2025-09-19T22:14:35.871Z,470.8,2025-09-20 00:14:35.871,22.923055555556
Long Yeast Grow,pioreactor02,2025-09-19T22:14:58.871Z,509.9,2025-09-20 00:14:58.871,22.929444444444
Long Yeast Grow,pioreactor02,2025-09-19T22:15:21.871Z,514.5,2025-09-20 00:15:21.871,22.935833333333
Long Yeast Grow,pioreactor02,2025-09-19T22:15:44.871Z,500.3,2025-09-20 00:15:44.871,22.942222222222
Long Yeast Grow,pioreactor02,2025-09-19T22:16:07.871Z,505.6,2025-09-20 00:16:07.871,22.948611111111
Long Yeast Grow,pioreactor02,2025-09-19T22:16:30.871Z,491.5,2025-09-20 00:16:30.871,22.955
Long Yeast Grow,pioreactor02,2025-09-19T22:16:53.871Z,497.2,2025-09-20 00:16:53.871,22.961388888889
Long Yeast Grow,pioreactor02,2025-09-19T22:17:16.871Z,500.0,2025-09-20 00:17:16.871,22.967777777778
Long Yeast Grow,pioreactor02,2025-09-19T22:17:39.871Z,499.0,2025-09-20 00:17:39.871,22.974166666667
Long Yeast Grow,pioreactor02,2025-09-19T22:18:02.871Z,512.2,2025-09-20 00:18:02.871,22.980555555556
Long Yeast Grow,pioreactor02,2025-09-19T22:18:25.871Z,505.7,2025-09-20 00:18:25.871,22.986944444444
Long Yeast Grow,pioreactor02,2025-09-19T22:18:48.871Z,509.2,2025-09-20 00:18:48.871,22.993333333333
Long Yeast Grow,pioreactor02,2025-09-19T22:19:11.871Z,474.1,2025-09-20 00:19:11.871,22.999722222222
Long Yeast Grow,pioreactor02,2025-09-19T22:19:34.871Z,511.6,2025-09-20 00:19:34.871,23.006111111111
Long Yeast Grow,pioreactor02,2025-09-19T22:19:57.871Z,500.9,2025-09-20 00:19:57.871,23.0125
Long Yeast Grow,pioreactor02,2025-09-19T22:20:20.871Z,404.6,2025-09-20 00:20:20.871,23.018888888889
Long Yeast Grow,pioreactor02,2025-09-19T22:20:43.871Z,408.7,2025-09-20 00:20:43.871,23.025277777778
Long Yeast Grow,pioreactor02,2025-09-19T22:21:06.871Z,410.7,2025-09-20 00:21:06.871,23.031666666667
Long Yeast Grow,pioreactor02,2025-09-19T22:21:29.871Z,566.4,2025-09-20 00:21:29.871,23.038055555556
Long Yeast Grow,pioreactor02,2025-09-19T22:21:52.871Z,553.0,2025-09-20 00:21:52.871,23.044444444444
Long Yeast Grow,pioreactor02,2025-09-19T22:22:15.871Z,548.1,2025-09-20 00:22:15.871,23.050833333333
Long Yeast Grow,pioreactor02,2025-09-19T22:22:38.871Z,536.2,2025-09-20 00:22:38.871,23.057222222222
Long Yeast Grow,pioreactor02,2025-09-19T22:23:01.871Z,524.7,2025-09-20 00:23:01.871,23.063611111111
Long Yeast Grow,pioreactor02,2025-09-19T22:23:24.871Z,517.9,2025-09-20 00:23:24.871,23.07
Long Yeast Grow,pioreactor02,2025-09-19T22:23:47.871Z,507.9,2025-09-20 00:23:47.871,23.076388888889
Long Yeast Grow,pioreactor02,2025-09-19T22:24:10.871Z,511.6,2025-09-20 00:24:10.871,23.082777777778
Long Yeast Grow,pioreactor02,2025-09-19T22:24:33.871Z,494.6,2025-09-20 00:24:33.871,23.089166666667
Long Yeast Grow,pioreactor02,2025-09-19T22:24:56.871Z,517.3,2025-09-20 00:24:56.871,23.095555555556
Long Yeast Grow,pioreactor02,2025-09-19T22:25:19.871Z,513.1,2025-09-20 00:25:19.871,23.101944444444
Long Yeast Grow,pioreactor02,2025-09-19T22:25:42.871Z,500.1,2025-09-20 00:25:42.871,23.108333333333
Long Yeast Grow,pioreactor02,2025-09-19T22:26:05.871Z,510.5,2025-09-20 00:26:05.871,23.114722222222
Long Yeast Grow,pioreactor02,2025-09-19T22:26:28.871Z,478.4,2025-09-20 00:26:28.871,23.121111111111
Long Yeast Grow,pioreactor02,2025-09-19T22:26:51.871Z,413.5,2025-09-20 00:26:51.871,23.1275
Long Yeast Grow,pioreactor02,2025-09-19T22:27:14.871Z,502.7,2025-09-20 00:27:14.871,23.133888888889
Long Yeast Grow,pioreactor02,2025-09-19T22:27:37.871Z,524.0,2025-09-20 00:27:37.871,23.140277777778
Long Yeast Grow,pioreactor02,2025-09-19T22:28:00.871Z,525.4,2025-09-20 00:28:00.871,23.146666666667
Long Yeast Grow,pioreactor02,2025-09-19T22:28:23.871Z,515.6,2025-09-20 00:28:23.871,23.153055555556
Long Yeast Grow,pioreactor02,2025-09-19T22:28:46.871Z,517.3,2025-09-20 00:28:46.871,23.159444444444
Long Yeast Grow,pioreactor02,2025-09-19T22:29:09.871Z,502.3,2025-09-20 00:29:09.871,23.165833333333
Long Yeast Grow,pioreactor02,2025-09-19T22:29:32.871Z,505.9,2025-09-20 00:29:32.871,23.172222222222
Long Yeast Grow,pioreactor02,2025-09-19T22:29:55.871Z,501.9,2025-09-20 00:29:55.871,23.178611111111
Long Yeast Grow,pioreactor02,2025-09-19T22:30:18.871Z,410.8,2025-09-20 00:30:18.871,23.185
Long Yeast Grow,pioreactor02,2025-09-19T22:30:41.871Z,504.6,2025-09-20 00:30:41.871,23.191388888889
Long Yeast Grow,pioreactor02,2025-09-19T22:31:04.871Z,521.1,2025-09-20 00:31:04.871,23.197777777778
Long Yeast Grow,pioreactor02,2025-09-19T22:31:27.871Z,525.5,2025-09-20 00:31:27.871,23.204166666667
Long Yeast Grow,pioreactor02,2025-09-19T22:31:50.871Z,516.4,2025-09-20 00:31:50.871,23.210555555556
Long Yeast Grow,pioreactor02,2025-09-19T22:32:13.871Z,505.9,2025-09-20 00:32:13.871,23.216944444444
Long Yeast Grow,pioreactor02,2025-09-19T22:32:36.871Z,507.2,2025-09-20 00:32:36.871,23.223333333333
Long Yeast Grow,pioreactor02,2025-09-19T22:32:59.871Z,500.1,2025-09-20 00:32:59.871,23.229722222222
Long Yeast Grow,pioreactor02,2025-09-19T22:33:22.871Z,503.8,2025-09-20 00:33:22.871,23.236111111111
Long Yeast Grow,pioreactor02,2025-09-19T22:33:45.871Z,500.2,2025-09-20 00:33:45.871,23.2425
Long Yeast Grow,pioreactor02,2025-09-19T22:34:08.871Z,478.9,2025-09-20 00:34:08.871,23.248888888889
Long Yeast Grow,pioreactor02,2025-09-19T22:34:31.871Z,499.8,2025-09-20 00:34:31.871,23.255277777778
Long Yeast Grow,pioreactor02,2025-09-19T22:34:54.871Z,508.3,2025-09-20 00:34:54.871,23.261666666667
Long Yeast Grow,pioreactor02,2025-09-19T22:35:17.871Z,496.3,2025-09-20 00:35:17.871,23.268055555556
Long Yeast Grow,pioreactor02,2025-09-19T22:35:40.871Z,506.9,2025-09-20 00:35:40.871,23.274444444444
Long Yeast Grow,pioreactor02,2025-09-19T22:36:03.871Z,512.6,2025-09-20 00:36:03.871,23.280833333333
Long Yeast Grow,pioreactor02,2025-09-19T22:36:26.871Z,511.9,2025-09-20 00:36:26.871,23.287222222222
Long Yeast Grow,pioreactor02,2025-09-19T22:36:49.871Z,500.4,2025-09-20 00:36:49.871,23.293611111111
Long Yeast Grow,pioreactor02,2025-09-19T22:37:12.871Z,505.6,2025-09-20 00:37:12.871,23.3
Long Yeast Grow,pioreactor02,2025-09-19T22:37:35.871Z,404.3,2025-09-20 00:37:35.871,23.306388888889
Long Yeast Grow,pioreactor02,2025-09-19T22:37:58.871Z,514.0,2025-09-20 00:37:58.871,23.312777777778
Long Yeast Grow,pioreactor02,2025-09-19T22:38:21.871Z,515.9,2025-09-20 00:38:21.871,23.319166666667
Long Yeast Grow,pioreactor02,2025-09-19T22:38:44.871Z,524.1,2025-09-20 00:38:44.871,23.325555555556
Long Yeast Grow,pioreactor02,2025-09-19T22:39:07.871Z,507.6,2025-09-20 00:39:07.871,23.331944444444
Long Yeast Grow,pioreactor02,2025-09-19T22:39:30.871Z,510.1,2025-09-20 00:39:30.871,23.338333333333
Long Yeast Grow,pioreactor02,2025-09-19T22:39:53.871Z,508.0,2025-09-20 00:39:53.871,23.344722222222
Long Yeast Grow,pioreactor02,2025-09-19T22:40:16.871Z,506.9,2025-09-20 00:40:16.871,23.351111111111
Long Yeast Grow,pioreactor02,2025-09-19T22:40:39.871Z,493.5,2025-09-20 00:40:39.871,23.3575
Long Yeast Grow,pioreactor02,2025-09-19T22:41:02.871Z,499.5,2025-09-20 00:41:02.871,23.363888888889
Long Yeast Grow,pioreactor02,2025-09-19T22:41:25.871Z,490.0,2025-09-20 00:41:25.871,23.370277777778
Long Yeast Grow,pioreactor02,2025-09-19T22:41:48.871Z,510.8,2025-09-20 00:41:48.871,23.376666666667
Long Yeast Grow,pioreactor02,2025-09-19T22:42:11.871Z,496.8,2025-09-20 00:42:11.871,23.383055555556
Long Yeast Grow,pioreactor02,2025-09-19T22:42:34.871Z,511.1,2025-09-20 00:42:34.871,23.389444444444
Long Yeast Grow,pioreactor02,2025-09-19T22:42:57.871Z,505.1,2025-09-20 00:42:57.871,23.395833333333
Long Yeast Grow,pioreactor02,2025-09-19T22:43:20.871Z,503.7,2025-09-20 00:43:20.871,23.402222222222
Long Yeast Grow,pioreactor02,2025-09-19T22:43:43.871Z,499.8,2025-09-20 00:43:43.871,23.408611111111
Long Yeast Grow,pioreactor02,2025-09-19T22:44:06.871Z,409.1,2025-09-20 00:44:06.871,23.415
Long Yeast Grow,pioreactor02,2025-09-19T22:44:29.871Z,520.1,2025-09-20 00:44:29.871,23.421388888889
Long Yeast Grow,pioreactor02,2025-09-19T22:44:52.871Z,525.6,2025-09-20 00:44:52.871,23.427777777778
Long Yeast Grow,pioreactor02,2025-09-19T22:45:15.871Z,511.8,2025-09-20 00:45:15.871,23.434166666667
Long Yeast Grow,pioreactor02,2025-09-19T22:45:38.871Z,514.4,2025-09-20 00:45:38.871,23.440555555556
Long Yeast Grow,pioreactor02,2025-09-19T22:46:01.871Z,498.9,2025-09-20 00:46:01.871,23.446944444444
Long Yeast Grow,pioreactor02,2025-09-19T22:46:24.871Z,503.8,2025-09-20 00:46:24.871,23.453333333333
Long Yeast Grow,pioreactor02,2025-09-19T22:46:47.871Z,491.2,2025-09-20 00:46:47.871,23.459722222222
Long Yeast Grow,pioreactor02,2025-09-19T22:47:10.871Z,504.5,2025-09-20 00:47:10.871,23.466111111111
Long Yeast Grow,pioreactor02,2025-09-19T22:47:33.871Z,402.7,2025-09-20 00:47:33.871,23.4725
Long Yeast Grow,pioreactor02,2025-09-19T22:47:56.871Z,413.8,2025-09-20 00:47:56.871,23.478888888889
Long Yeast Grow,pioreactor02,2025-09-19T22:48:19.871Z,414.9,2025-09-20 00:48:19.871,23.485277777778
Long Yeast Grow,pioreactor02,2025-09-19T22:48:42.871Z,556.9,2025-09-20 00:48:42.871,23.491666666667
Long Yeast Grow,pioreactor02,2025-09-19T22:49:05.871Z,550.7,2025-09-20 00:49:05.871,23.498055555556
Long Yeast Grow,pioreactor02,2025-09-19T22:49:28.871Z,543.3,2025-09-20 00:49:28.871,23.504444444444
Long Yeast Grow,pioreactor02,2025-09-19T22:49:51.871Z,529.5,2025-09-20 00:49:51.871,23.510833333333
Long Yeast Grow,pioreactor02,2025-09-19T22:50:14.871Z,524.9,2025-09-20 00:50:14.871,23.517222222222
Long Yeast Grow,pioreactor02,2025-09-19T22:50:37.871Z,523.1,2025-09-20 00:50:37.871,23.523611111111
Long Yeast Grow,pioreactor02,2025-09-19T22:51:00.871Z,519.2,2025-09-20 00:51:00.871,23.53
Long Yeast Grow,pioreactor02,2025-09-19T22:51:23.871Z,512.2,2025-09-20 00:51:23.871,23.536388888889
Long Yeast Grow,pioreactor02,2025-09-19T22:51:46.871Z,498.1,2025-09-20 00:51:46.871,23.542777777778
Long Yeast Grow,pioreactor02,2025-09-19T22:52:09.871Z,501.7,2025-09-20 00:52:09.871,23.549166666667
Long Yeast Grow,pioreactor02,2025-09-19T22:52:32.871Z,507.6,2025-09-20 00:52:32.871,23.555555555556
Long Yeast Grow,pioreactor02,2025-09-19T22:52:55.871Z,507.2,2025-09-20 00:52:55.871,23.561944444444
Long Yeast Grow,pioreactor02,2025-09-19T22:53:18.871Z,504.8,2025-09-20 00:53:18.871,23.568333333333
Long Yeast Grow,pioreactor02,2025-09-19T22:53:41.871Z,500.2,2025-09-20 00:53:41.871,23.574722222222
Long Yeast Grow,pioreactor02,2025-09-19T22:54:04.871Z,493.0,2025-09-20 00:54:04.871,23.581111111111
Long Yeast Grow,pioreactor02,2025-09-19T22:54:27.871Z,503.2,2025-09-20 00:54:27.871,23.5875
Long Yeast Grow,pioreactor02,2025-09-19T22:54:50.871Z,504.5,2025-09-20 00:54:50.871,23.593888888889
Long Yeast Grow,pioreactor02,2025-09-19T22:55:13.871Z,509.3,2025-09-20 00:55:13.871,23.600277777778
Long Yeast Grow,pioreactor02,2025-09-19T22:55:36.871Z,481.3,2025-09-20 00:55:36.871,23.606666666667
Long Yeast Grow,pioreactor02,2025-09-19T22:55:59.871Z,402.2,2025-09-20 00:55:59.871,23.613055555556
Long Yeast Grow,pioreactor02,2025-09-19T22:56:22.871Z,411.3,2025-09-20 00:56:22.871,23.619444444444
Long Yeast Grow,pioreactor02,2025-09-19T22:56:45.871Z,418.9,2025-09-20 00:56:45.871,23.625833333333
Long Yeast Grow,pioreactor02,2025-09-19T22:57:08.871Z,554.7,2025-09-20 00:57:08.871,23.632222222222
Long Yeast Grow,pioreactor02,2025-09-19T22:57:31.871Z,552.5,2025-09-20 00:57:31.871,23.638611111111
Long Yeast Grow,pioreactor02,2025-09-19T22:57:54.871Z,540.2,2025-09-20 00:57:54.871,23.645
Long Yeast Grow,pioreactor02,2025-09-19T22:58:17.871Z,542.5,2025-09-20 00:58:17.871,23.651388888889
Long Yeast Grow,pioreactor02,2025-09-19T22:58:40.871Z,527.7,2025-09-20 00:58:40.871,23.657777777778
Long Yeast Grow,pioreactor02,2025-09-19T22:59:03.871Z,529.4,2025-09-20 00:59:03.871,23.664166666667
Long Yeast Grow,pioreactor02,2025-09-19T22:59:26.871Z,512.4,2025-09-20 00:59:26.871,23.670555555556
Long Yeast Grow,pioreactor02,2025-09-19T22:59:49.871Z,513.8,2025-09-20 00:59:49.871,23.676944444444
Long Yeast Grow,pioreactor02,2025-09-19T23:00:12.871Z,497.5,2025-09-20 01:00:12.871,23.683333333333
Long Yeast Grow,pioreactor02,2025-09-19T23:00:35.871Z,497.4,2025-09-20 01:00:35.871,23.689722222222
Long Yeast Grow,pioreactor02,2025-09-19T23:00:58.871Z,486.7,2025-09-20 01:00:58.871,23.696111111111
Long Yeast Grow,pioreactor02,2025-09-19T23:01:21.871Z,412.4,2025-09-20 01:01:21.871,23.7025
Long Yeast Grow,pioreactor02,2025-09-19T23:01:44.871Z,523.9,2025-09-20 01:01:44.871,23.708888888889
Long Yeast Grow,pioreactor02,2025-09-19T23:02:07.871Z,522.0,2025-09-20 01:02:07.871,23.715277777778
Long Yeast Grow,pioreactor02,2025-09-19T23:02:30.871Z,529.9,2025-09-20 01:02:30.871,23.721666666667
Long Yeast Grow,pioreactor02,2025-09-19T23:02:53.871Z,511.8,2025-09-20 01:02:53.871,23.728055555556
Long Yeast Grow,pioreactor02,2025-09-19T23:03:16.871Z,502.7,2025-09-20 01:03:16.871,23.734444444444
Long Yeast Grow,pioreactor02,2025-09-19T23:03:39.871Z,499.1,2025-09-20 01:03:39.871,23.740833333333
Long Yeast Grow,pioreactor02,2025-09-19T23:04:02.871Z,505.8,2025-09-20 01:04:02.871,23.747222222222
Long Yeast Grow,pioreactor02,2025-09-19T23:04:25.871Z,503.9,2025-09-20 01:04:25.871,23.753611111111
Long Yeast Grow,pioreactor02,2025-09-19T23:04:48.871Z,507.9,2025-09-20 01:04:48.871,23.76
Long Yeast Grow,pioreactor02,2025-09-19T23:05:11.871Z,499.7,2025-09-20 01:05:11.871,23.766388888889
Long Yeast Grow,pioreactor02,2025-09-19T23:05:34.871Z,505.0,2025-09-20 01:05:34.871,23.772777777778
Long Yeast Grow,pioreactor02,2025-09-19T23:05:57.871Z,499.3,2025-09-20 01:05:57.871,23.779166666667
Long Yeast Grow,pioreactor02,2025-09-19T23:06:20.871Z,502.6,2025-09-20 01:06:20.871,23.785555555556
Long Yeast Grow,pioreactor02,2025-09-19T23:06:43.871Z,493.4,2025-09-20 01:06:43.871,23.791944444444
Long Yeast Grow,pioreactor02,2025-09-19T23:07:06.871Z,509.4,2025-09-20 01:07:06.871,23.798333333333
Long Yeast Grow,pioreactor02,2025-09-19T23:07:29.871Z,413.8,2025-09-20 01:07:29.871,23.804722222222
Long Yeast Grow,pioreactor02,2025-09-19T23:07:52.871Z,521.9,2025-09-20 01:07:52.871,23.811111111111
Long Yeast Grow,pioreactor02,2025-09-19T23:08:15.871Z,519.9,2025-09-20 01:08:15.871,23.8175
Long Yeast Grow,pioreactor02,2025-09-19T23:08:38.871Z,516.3,2025-09-20 01:08:38.871,23.823888888889
Long Yeast Grow,pioreactor02,2025-09-19T23:09:01.871Z,509.7,2025-09-20 01:09:01.871,23.830277777778
Long Yeast Grow,pioreactor02,2025-09-19T23:09:24.871Z,507.5,2025-09-20 01:09:24.871,23.836666666667
Long Yeast Grow,pioreactor02,2025-09-19T23:09:47.871Z,515.2,2025-09-20 01:09:47.871,23.843055555556
Long Yeast Grow,pioreactor02,2025-09-19T23:10:10.871Z,504.5,2025-09-20 01:10:10.871,23.849444444444
Long Yeast Grow,pioreactor02,2025-09-19T23:10:33.871Z,418.1,2025-09-20 01:10:33.871,23.855833333333
Long Yeast Grow,pioreactor02,2025-09-19T23:10:56.871Z,523.0,2025-09-20 01:10:56.871,23.862222222222
Long Yeast Grow,pioreactor02,2025-09-19T23:11:19.871Z,518.7,2025-09-20 01:11:19.871,23.868611111111
Long Yeast Grow,pioreactor02,2025-09-19T23:11:42.871Z,500.5,2025-09-20 01:11:42.871,23.875
Long Yeast Grow,pioreactor02,2025-09-19T23:12:05.871Z,519.0,2025-09-20 01:12:05.871,23.881388888889
Long Yeast Grow,pioreactor02,2025-09-19T23:12:28.871Z,504.8,2025-09-20 01:12:28.871,23.887777777778
Long Yeast Grow,pioreactor02,2025-09-19T23:12:51.871Z,496.7,2025-09-20 01:12:51.871,23.894166666667
Long Yeast Grow,pioreactor02,2025-09-19T23:13:14.871Z,487.5,2025-09-20 01:13:14.871,23.900555555556
Long Yeast Grow,pioreactor02,2025-09-19T23:13:37.871Z,443.8,2025-09-20 01:13:37.871,23.906944444444
Long Yeast Grow,pioreactor02,2025-09-19T23:14:00.871Z,525.7,2025-09-20 01:14:00.871,23.913333333333
Long Yeast Grow,pioreactor02,2025-09-19T23:14:23.871Z,514.4,2025-09-20 01:14:23.871,23.919722222222
Long Yeast Grow,pioreactor02,2025-09-19T23:14:46.871Z,520.1,2025-09-20 01:14:46.871,23.926111111111
Long Yeast Grow,pioreactor02,2025-09-19T23:15:09.871Z,513.0,2025-09-20 01:15:09.871,23.9325
Long Yeast Grow,pioreactor02,2025-09-19T23:15:32.871Z,507.9,2025-09-20 01:15:32.871,23.938888888889
Long Yeast Grow,pioreactor02,2025-09-19T23:15:55.871Z,493.1,2025-09-20 01:15:55.871,23.945277777778
Long Yeast Grow,pioreactor02,2025-09-19T23:16:18.871Z,504.0,2025-09-20 01:16:18.871,23.951666666667
Long Yeast Grow,pioreactor02,2025-09-19T23:16:41.871Z,491.7,2025-09-20 01:16:41.871,23.958055555556
Long Yeast Grow,pioreactor02,2025-09-19T23:17:04.871Z,503.2,2025-09-20 01:17:04.871,23.964444444444
Long Yeast Grow,pioreactor02,2025-09-19T23:17:27.871Z,494.5,2025-09-20 01:17:27.871,23.970833333333
Long Yeast Grow,pioreactor02,2025-09-19T23:17:50.871Z,499.6,2025-09-20 01:17:50.871,23.977222222222
Long Yeast Grow,pioreactor02,2025-09-19T23:18:13.871Z,400.8,2025-09-20 01:18:13.871,23.983611111111
Long Yeast Grow,pioreactor02,2025-09-19T23:18:36.871Z,414.5,2025-09-20 01:18:36.871,23.99
Long Yeast Grow,pioreactor02,2025-09-19T23:18:59.871Z,420.9,2025-09-20 01:18:59.871,23.996388888889
Long Yeast Grow,pioreactor02,2025-09-19T23:19:22.871Z,559.3,2025-09-20 01:19:22.871,24.002777777778
Long Yeast Grow,pioreactor02,2025-09-19T23:19:45.871Z,546.2,2025-09-20 01:19:45.871,24.009166666667
Long Yeast Grow,pioreactor02,2025-09-19T23:20:08.871Z,539.2,2025-09-20 01:20:08.871,24.015555555556
Long Yeast Grow,pioreactor02,2025-09-19T23:20:31.871Z,529.2,2025-09-20 01:20:31.871,24.021944444444
Long Yeast Grow,pioreactor02,2025-09-19T23:20:54.871Z,525.1,2025-09-20 01:20:54.871,24.028333333333
Long Yeast Grow,pioreactor02,2025-09-19T23:21:17.871Z,518.2,2025-09-20 01:21:17.871,24.034722222222
Long Yeast Grow,pioreactor02,2025-09-19T23:21:40.871Z,517.4,2025-09-20 01:21:40.871,24.041111111111
Long Yeast Grow,pioreactor02,2025-09-19T23:22:03.871Z,519.1,2025-09-20 01:22:03.871,24.0475
Long Yeast Grow,pioreactor02,2025-09-19T23:22:26.871Z,512.3,2025-09-20 01:22:26.871,24.053888888889
Long Yeast Grow,pioreactor02,2025-09-19T23:22:49.871Z,507.2,2025-09-20 01:22:49.871,24.060277777778
Long Yeast Grow,pioreactor02,2025-09-19T23:23:12.871Z,497.3,2025-09-20 01:23:12.871,24.066666666667
Long Yeast Grow,pioreactor02,2025-09-19T23:23:35.871Z,500.8,2025-09-20 01:23:35.871,24.073055555556
Long Yeast Grow,pioreactor02,2025-09-19T23:23:58.871Z,460.1,2025-09-20 01:23:58.871,24.079444444444
Long Yeast Grow,pioreactor02,2025-09-19T23:24:21.871Z,406.6,2025-09-20 01:24:21.871,24.085833333333
Long Yeast Grow,pioreactor02,2025-09-19T23:24:44.871Z,413.6,2025-09-20 01:24:44.871,24.092222222222
Long Yeast Grow,pioreactor02,2025-09-19T23:25:07.871Z,550.8,2025-09-20 01:25:07.871,24.098611111111
Long Yeast Grow,pioreactor02,2025-09-19T23:25:30.871Z,540.6,2025-09-20 01:25:30.871,24.105
Long Yeast Grow,pioreactor02,2025-09-19T23:25:53.871Z,542.5,2025-09-20 01:25:53.871,24.111388888889
Long Yeast Grow,pioreactor02,2025-09-19T23:26:16.871Z,525.6,2025-09-20 01:26:16.871,24.117777777778
Long Yeast Grow,pioreactor02,2025-09-19T23:26:39.871Z,505.4,2025-09-20 01:26:39.871,24.124166666667
Long Yeast Grow,pioreactor02,2025-09-19T23:27:02.871Z,504.1,2025-09-20 01:27:02.871,24.130555555556
Long Yeast Grow,pioreactor02,2025-09-19T23:27:25.871Z,511.3,2025-09-20 01:27:25.871,24.136944444444
Long Yeast Grow,pioreactor02,2025-09-19T23:27:48.871Z,512.0,2025-09-20 01:27:48.871,24.143333333333
Long Yeast Grow,pioreactor02,2025-09-19T23:28:11.871Z,523.0,2025-09-20 01:28:11.871,24.149722222222
Long Yeast Grow,pioreactor02,2025-09-19T23:28:34.871Z,499.0,2025-09-20 01:28:34.871,24.156111111111
Long Yeast Grow,pioreactor02,2025-09-19T23:28:57.871Z,508.3,2025-09-20 01:28:57.871,24.1625
Long Yeast Grow,pioreactor02,2025-09-19T23:29:20.871Z,503.6,2025-09-20 01:29:20.871,24.168888888889
Long Yeast Grow,pioreactor02,2025-09-19T23:29:43.871Z,503.1,2025-09-20 01:29:43.871,24.175277777778
Long Yeast Grow,pioreactor02,2025-09-19T23:30:06.871Z,495.3,2025-09-20 01:30:06.871,24.181666666667
Long Yeast Grow,pioreactor02,2025-09-19T23:30:29.871Z,500.9,2025-09-20 01:30:29.871,24.188055555556
Long Yeast Grow,pioreactor02,2025-09-19T23:30:52.871Z,506.7,2025-09-20 01:30:52.871,24.194444444444
Long Yeast Grow,pioreactor02,2025-09-19T23:31:15.871Z,500.5,2025-09-20 01:31:15.871,24.200833333333
Long Yeast Grow,pioreactor02,2025-09-19T23:31:38.871Z,500.7,2025-09-20 01:31:38.871,24.207222222222
Long Yeast Grow,pioreactor02,2025-09-19T23:32:01.871Z,413.6,2025-09-20 01:32:01.871,24.213611111111
Long Yeast Grow,pioreactor02,2025-09-19T23:32:24.871Z,519.2,2025-09-20 01:32:24.871,24.22
Long Yeast Grow,pioreactor02,2025-09-19T23:32:47.871Z,522.7,2025-09-20 01:32:47.871,24.226388888889
Long Yeast Grow,pioreactor02,2025-09-19T23:33:10.871Z,521.1,2025-09-20 01:33:10.871,24.232777777778
Long Yeast Grow,pioreactor02,2025-09-19T23:33:33.871Z,507.5,2025-09-20 01:33:33.871,24.239166666667
Long Yeast Grow,pioreactor02,2025-09-19T23:33:56.871Z,503.4,2025-09-20 01:33:56.871,24.245555555556
Long Yeast Grow,pioreactor02,2025-09-19T23:34:19.871Z,500.1,2025-09-20 01:34:19.871,24.251944444444
Long Yeast Grow,pioreactor02,2025-09-19T23:34:42.871Z,500.9,2025-09-20 01:34:42.871,24.258333333333
Long Yeast Grow,pioreactor02,2025-09-19T23:35:05.871Z,500.1,2025-09-20 01:35:05.871,24.264722222222
Long Yeast Grow,pioreactor02,2025-09-19T23:35:28.871Z,503.5,2025-09-20 01:35:28.871,24.271111111111
Long Yeast Grow,pioreactor02,2025-09-19T23:35:51.871Z,497.7,2025-09-20 01:35:51.871,24.2775
Long Yeast Grow,pioreactor02,2025-09-19T23:36:14.871Z,509.8,2025-09-20 01:36:14.871,24.283888888889
Long Yeast Grow,pioreactor02,2025-09-19T23:36:37.871Z,501.7,2025-09-20 01:36:37.871,24.290277777778
Long Yeast Grow,pioreactor02,2025-09-19T23:37:00.871Z,499.6,2025-09-20 01:37:00.871,24.296666666667
Long Yeast Grow,pioreactor02,2025-09-19T23:37:23.871Z,415.6,2025-09-20 01:37:23.871,24.303055555556
Long Yeast Grow,pioreactor02,2025-09-19T23:37:46.871Z,520.4,2025-09-20 01:37:46.871,24.309444444444
Long Yeast Grow,pioreactor02,2025-09-19T23:38:09.871Z,518.6,2025-09-20 01:38:09.871,24.315833333333
Long Yeast Grow,pioreactor02,2025-09-19T23:38:32.871Z,518.1,2025-09-20 01:38:32.871,24.322222222222
Long Yeast Grow,pioreactor02,2025-09-19T23:38:55.871Z,510.0,2025-09-20 01:38:55.871,24.328611111111
Long Yeast Grow,pioreactor02,2025-09-19T23:39:18.871Z,505.4,2025-09-20 01:39:18.871,24.335
Long Yeast Grow,pioreactor02,2025-09-19T23:39:41.871Z,495.4,2025-09-20 01:39:41.871,24.341388888889
Long Yeast Grow,pioreactor02,2025-09-19T23:40:04.871Z,500.3,2025-09-20 01:40:04.871,24.347777777778
Long Yeast Grow,pioreactor02,2025-09-19T23:40:27.871Z,473.3,2025-09-20 01:40:27.871,24.354166666667
Long Yeast Grow,pioreactor02,2025-09-19T23:40:50.871Z,503.5,2025-09-20 01:40:50.871,24.360555555556
Long Yeast Grow,pioreactor02,2025-09-19T23:41:13.871Z,508.2,2025-09-20 01:41:13.871,24.366944444444
Long Yeast Grow,pioreactor02,2025-09-19T23:41:36.871Z,506.5,2025-09-20 01:41:36.871,24.373333333333
Long Yeast Grow,pioreactor02,2025-09-19T23:41:59.871Z,493.7,2025-09-20 01:41:59.871,24.379722222222
Long Yeast Grow,pioreactor02,2025-09-19T23:42:22.871Z,515.6,2025-09-20 01:42:22.871,24.386111111111
Long Yeast Grow,pioreactor02,2025-09-19T23:42:45.871Z,500.8,2025-09-20 01:42:45.871,24.3925
Long Yeast Grow,pioreactor02,2025-09-19T23:43:08.871Z,503.2,2025-09-20 01:43:08.871,24.398888888889
Long Yeast Grow,pioreactor02,2025-09-19T23:43:31.871Z,489.0,2025-09-20 01:43:31.871,24.405277777778
Long Yeast Grow,pioreactor02,2025-09-19T23:43:54.871Z,499.7,2025-09-20 01:43:54.871,24.411666666667
Long Yeast Grow,pioreactor02,2025-09-19T23:44:17.871Z,500.2,2025-09-20 01:44:17.871,24.418055555556
Long Yeast Grow,pioreactor02,2025-09-19T23:44:40.871Z,505.7,2025-09-20 01:44:40.871,24.424444444444
Long Yeast Grow,pioreactor02,2025-09-19T23:45:03.871Z,506.0,2025-09-20 01:45:03.871,24.430833333333
Long Yeast Grow,pioreactor02,2025-09-19T23:45:26.871Z,500.1,2025-09-20 01:45:26.871,24.437222222222
Long Yeast Grow,pioreactor02,2025-09-19T23:45:49.871Z,498.9,2025-09-20 01:45:49.871,24.443611111111
Long Yeast Grow,pioreactor02,2025-09-19T23:46:12.871Z,507.2,2025-09-20 01:46:12.871,24.45
Long Yeast Grow,pioreactor02,2025-09-19T23:46:35.871Z,490.2,2025-09-20 01:46:35.871,24.456388888889
Long Yeast Grow,pioreactor02,2025-09-19T23:46:58.871Z,500.5,2025-09-20 01:46:58.871,24.462777777778
Long Yeast Grow,pioreactor02,2025-09-19T23:47:21.871Z,502.6,2025-09-20 01:47:21.871,24.469166666667
Long Yeast Grow,pioreactor02,2025-09-19T23:47:44.871Z,503.3,2025-09-20 01:47:44.871,24.475555555556
Long Yeast Grow,pioreactor02,2025-09-19T23:48:07.871Z,511.2,2025-09-20 01:48:07.871,24.481944444444
Long Yeast Grow,pioreactor02,2025-09-19T23:48:30.871Z,510.9,2025-09-20 01:48:30.871,24.488333333333
Long Yeast Grow,pioreactor02,2025-09-19T23:48:53.871Z,501.6,2025-09-20 01:48:53.871,24.494722222222
Long Yeast Grow,pioreactor02,2025-09-19T23:49:16.871Z,488.4,2025-09-20 01:49:16.871,24.501111111111
Long Yeast Grow,pioreactor02,2025-09-19T23:49:39.871Z,400.5,2025-09-20 01:49:39.871,24.5075
Long Yeast Grow,pioreactor02,2025-09-19T23:50:02.871Z,411.3,2025-09-20 01:50:02.871,24.513888888889
Long Yeast Grow,pioreactor02,2025-09-19T23:50:25.871Z,417.5,2025-09-20 01:50:25.871,24.520277777778
Long Yeast Grow,pioreactor02,2025-09-19T23:50:48.871Z,558.1,2025-09-20 01:50:48.871,24.526666666667
Long Yeast Grow,pioreactor02,2025-09-19T23:51:11.871Z,544.5,2025-09-20 01:51:11.871,24.533055555556
Long Yeast Grow,pioreactor02,2025-09-19T23:51:34.871Z,542.0,2025-09-20 01:51:34.871,24.539444444444
Long Yeast Grow,pioreactor02,2025-09-19T23:51:57.871Z,532.2,2025-09-20 01:51:57.871,24.545833333333
Long Yeast Grow,pioreactor02,2025-09-19T23:52:20.871Z,515.3,2025-09-20 01:52:20.871,24.552222222222
Long Yeast Grow,pioreactor02,2025-09-19T23:52:43.871Z,514.7,2025-09-20 01:52:43.871,24.558611111111
Long Yeast Grow,pioreactor02,2025-09-19T23:53:06.871Z,514.7,2025-09-20 01:53:06.871,24.565
Long Yeast Grow,pioreactor02,2025-09-19T23:53:29.871Z,514.4,2025-09-20 01:53:29.871,24.571388888889
Long Yeast Grow,pioreactor02,2025-09-19T23:53:52.871Z,508.7,2025-09-20 01:53:52.871,24.577777777778
Long Yeast Grow,pioreactor02,2025-09-19T23:54:15.871Z,502.8,2025-09-20 01:54:15.871,24.584166666667
Long Yeast Grow,pioreactor02,2025-09-19T23:54:38.871Z,495.8,2025-09-20 01:54:38.871,24.590555555556
Long Yeast Grow,pioreactor02,2025-09-19T23:55:01.871Z,518.3,2025-09-20 01:55:01.871,24.596944444444
Long Yeast Grow,pioreactor02,2025-09-19T23:55:24.871Z,501.0,2025-09-20 01:55:24.871,24.603333333333
Long Yeast Grow,pioreactor02,2025-09-19T23:55:47.871Z,486.6,2025-09-20 01:55:47.871,24.609722222222
Long Yeast Grow,pioreactor02,2025-09-19T23:56:10.871Z,509.8,2025-09-20 01:56:10.871,24.616111111111
Long Yeast Grow,pioreactor02,2025-09-19T23:56:33.871Z,500.7,2025-09-20 01:56:33.871,24.6225
Long Yeast Grow,pioreactor02,2025-09-19T23:56:56.871Z,491.0,2025-09-20 01:56:56.871,24.628888888889
Long Yeast Grow,pioreactor02,2025-09-19T23:57:19.871Z,499.2,2025-09-20 01:57:19.871,24.635277777778
Long Yeast Grow,pioreactor02,2025-09-19T23:57:42.871Z,446.7,2025-09-20 01:57:42.871,24.641666666667
Long Yeast Grow,pioreactor02,2025-09-19T23:58:05.871Z,402.9,2025-09-20 01:58:05.871,24.648055555556
Long Yeast Grow,pioreactor02,2025-09-19T23:58:28.871Z,409.7,2025-09-20 01:58:28.871,24.654444444444
Long Yeast Grow,pioreactor02,2025-09-19T23:58:51.871Z,419.7,2025-09-20 01:58:51.871,24.660833333333
Long Yeast Grow,pioreactor02,2025-09-19T23:59:14.871Z,571.4,2025-09-20 01:59:14.871,24.667222222222
Long Yeast Grow,pioreactor02,2025-09-19T23:59:37.871Z,552.0,2025-09-20 01:59:37.871,24.673611111111
Long Yeast Grow,pioreactor02,2025-09-20T00:00:00.871Z,539.1,2025-09-20 02:00:00.871,24.68
Long Yeast Grow,pioreactor02,2025-09-20T00:00:23.871Z,537.4,2025-09-20 02:00:23.871,24.686388888889
Long Yeast Grow,pioreactor02,2025-09-20T00:00:46.871Z,532.5,2025-09-20 02:00:46.871,24.692777777778
Long Yeast Grow,pioreactor02,2025-09-20T00:01:09.871Z,522.5,2025-09-20 02:01:09.871,24.699166666667
Long Yeast Grow,pioreactor02,2025-09-20T00:01:32.871Z,524.4,2025-09-20 02:01:32.871,24.705555555556
Long Yeast Grow,pioreactor02,2025-09-20T00:01:55.871Z,516.3,2025-09-20 02:01:55.871,24.711944444444
Long Yeast Grow,pioreactor02,2025-09-20T00:02:18.871Z,517.4,2025-09-20 02:02:18.871,24.718333333333
Long Yeast Grow,pioreactor02,2025-09-20T00:02:41.871Z,399.9,2025-09-20 02:02:41.871,24.724722222222
Long Yeast Grow,pioreactor02,2025-09-20T00:03:04.871Z,410.8,2025-09-20 02:03:04.871,24.731111111111
Long Yeast Grow,pioreactor02,2025-09-20T00:03:27.871Z,413.6,2025-09-20 02:03:27.871,24.7375
Long Yeast Grow,pioreactor02,2025-09-20T00:03:50.871Z,425.0,2025-09-20 02:03:50.871,24.743888888889
Long Yeast Grow,pioreactor02,2025-09-20T00:04:13.871Z,571.0,2025-09-20 02:04:13.871,24.750277777778
Long Yeast Grow,pioreactor02,2025-09-20T00:04:36.871Z,566.9,2025-09-20 02:04:36.871,24.756666666667
Long Yeast Grow,pioreactor02,2025-09-20T00:04:59.871Z,557.4,2025-09-20 02:04:59.871,24.763055555556
Long Yeast Grow,pioreactor02,2025-09-20T00:05:22.871Z,542.4,2025-09-20 02:05:22.871,24.769444444444
Long Yeast Grow,pioreactor02,2025-09-20T00:05:45.871Z,522.8,2025-09-20 02:05:45.871,24.775833333333
Long Yeast Grow,pioreactor02,2025-09-20T00:06:08.871Z,531.3,2025-09-20 02:06:08.871,24.782222222222
Long Yeast Grow,pioreactor02,2025-09-20T00:06:31.871Z,518.1,2025-09-20 02:06:31.871,24.788611111111
Long Yeast Grow,pioreactor02,2025-09-20T00:06:54.871Z,511.7,2025-09-20 02:06:54.871,24.795
Long Yeast Grow,pioreactor02,2025-09-20T00:07:17.871Z,512.4,2025-09-20 02:07:17.871,24.801388888889
Long Yeast Grow,pioreactor02,2025-09-20T00:07:40.871Z,513.2,2025-09-20 02:07:40.871,24.807777777778
Long Yeast Grow,pioreactor02,2025-09-20T00:08:03.871Z,507.2,2025-09-20 02:08:03.871,24.814166666667
Long Yeast Grow,pioreactor02,2025-09-20T00:08:26.871Z,508.9,2025-09-20 02:08:26.871,24.820555555556
Long Yeast Grow,pioreactor02,2025-09-20T00:08:49.871Z,399.5,2025-09-20 02:08:49.871,24.826944444444
Long Yeast Grow,pioreactor02,2025-09-20T00:09:12.871Z,411.2,2025-09-20 02:09:12.871,24.833333333333
Long Yeast Grow,pioreactor02,2025-09-20T00:09:35.871Z,417.4,2025-09-20 02:09:35.871,24.839722222222
Long Yeast Grow,pioreactor02,2025-09-20T00:09:58.871Z,551.3,2025-09-20 02:09:58.871,24.846111111111
Long Yeast Grow,pioreactor02,2025-09-20T00:10:21.871Z,544.8,2025-09-20 02:10:21.871,24.8525
Long Yeast Grow,pioreactor02,2025-09-20T00:10:44.871Z,542.9,2025-09-20 02:10:44.871,24.858888888889
Long Yeast Grow,pioreactor02,2025-09-20T00:11:07.871Z,527.8,2025-09-20 02:11:07.871,24.865277777778
Long Yeast Grow,pioreactor02,2025-09-20T00:11:30.871Z,531.4,2025-09-20 02:11:30.871,24.871666666667
Long Yeast Grow,pioreactor02,2025-09-20T00:11:53.871Z,523.8,2025-09-20 02:11:53.871,24.878055555556
Long Yeast Grow,pioreactor02,2025-09-20T00:12:16.871Z,509.5,2025-09-20 02:12:16.871,24.884444444444
Long Yeast Grow,pioreactor02,2025-09-20T00:12:39.871Z,512.1,2025-09-20 02:12:39.871,24.890833333333
Long Yeast Grow,pioreactor02,2025-09-20T00:13:02.871Z,501.2,2025-09-20 02:13:02.871,24.897222222222
Long Yeast Grow,pioreactor02,2025-09-20T00:13:25.871Z,464.0,2025-09-20 02:13:25.871,24.903611111111
Long Yeast Grow,pioreactor02,2025-09-20T00:13:48.871Z,508.8,2025-09-20 02:13:48.871,24.91
Long Yeast Grow,pioreactor02,2025-09-20T00:14:11.871Z,511.9,2025-09-20 02:14:11.871,24.916388888889
Long Yeast Grow,pioreactor02,2025-09-20T00:14:34.871Z,504.8,2025-09-20 02:14:34.871,24.922777777778
Long Yeast Grow,pioreactor02,2025-09-20T00:14:57.871Z,507.7,2025-09-20 02:14:57.871,24.929166666667
Long Yeast Grow,pioreactor02,2025-09-20T00:15:20.871Z,513.4,2025-09-20 02:15:20.871,24.935555555556
Long Yeast Grow,pioreactor02,2025-09-20T00:15:43.871Z,507.5,2025-09-20 02:15:43.871,24.941944444444
Long Yeast Grow,pioreactor02,2025-09-20T00:16:06.871Z,510.9,2025-09-20 02:16:06.871,24.948333333333
Long Yeast Grow,pioreactor02,2025-09-20T00:16:29.871Z,492.9,2025-09-20 02:16:29.871,24.954722222222
Long Yeast Grow,pioreactor02,2025-09-20T00:16:52.871Z,499.1,2025-09-20 02:16:52.871,24.961111111111
Long Yeast Grow,pioreactor02,2025-09-20T00:17:15.871Z,504.7,2025-09-20 02:17:15.871,24.9675
Long Yeast Grow,pioreactor02,2025-09-20T00:17:38.871Z,493.8,2025-09-20 02:17:38.871,24.973888888889
Long Yeast Grow,pioreactor02,2025-09-20T00:18:01.871Z,492.7,2025-09-20 02:18:01.871,24.980277777778
Long Yeast Grow,pioreactor02,2025-09-20T00:18:24.871Z,512.6,2025-09-20 02:18:24.871,24.986666666667
Long Yeast Grow,pioreactor02,2025-09-20T00:18:47.871Z,508.5,2025-09-20 02:18:47.871,24.993055555556
Long Yeast Grow,pioreactor02,2025-09-20T00:19:10.871Z,502.3,2025-09-20 02:19:10.871,24.999444444444
Long Yeast Grow,pioreactor02,2025-09-20T00:19:33.871Z,401.2,2025-09-20 02:19:33.871,25.005833333333
Long Yeast Grow,pioreactor02,2025-09-20T00:19:56.871Z,406.4,2025-09-20 02:19:56.871,25.012222222222
Long Yeast Grow,pioreactor02,2025-09-20T00:20:19.871Z,413.5,2025-09-20 02:20:19.871,25.018611111111
Long Yeast Grow,pioreactor02,2025-09-20T00:20:42.871Z,553.8,2025-09-20 02:20:42.871,25.025
Long Yeast Grow,pioreactor02,2025-09-20T00:21:05.871Z,552.7,2025-09-20 02:21:05.871,25.031388888889
Long Yeast Grow,pioreactor02,2025-09-20T00:21:28.871Z,545.2,2025-09-20 02:21:28.871,25.037777777778
Long Yeast Grow,pioreactor02,2025-09-20T00:21:51.871Z,539.3,2025-09-20 02:21:51.871,25.044166666667
Long Yeast Grow,pioreactor02,2025-09-20T00:22:14.871Z,533.6,2025-09-20 02:22:14.871,25.050555555556
Long Yeast Grow,pioreactor02,2025-09-20T00:22:37.871Z,499.9,2025-09-20 02:22:37.871,25.056944444444
Long Yeast Grow,pioreactor02,2025-09-20T00:23:00.871Z,518.7,2025-09-20 02:23:00.871,25.063333333333
Long Yeast Grow,pioreactor02,2025-09-20T00:23:23.871Z,508.0,2025-09-20 02:23:23.871,25.069722222222
Long Yeast Grow,pioreactor02,2025-09-20T00:23:46.871Z,504.5,2025-09-20 02:23:46.871,25.076111111111
Long Yeast Grow,pioreactor02,2025-09-20T00:24:09.871Z,494.7,2025-09-20 02:24:09.871,25.0825
Long Yeast Grow,pioreactor02,2025-09-20T00:24:32.871Z,498.7,2025-09-20 02:24:32.871,25.088888888889
Long Yeast Grow,pioreactor02,2025-09-20T00:24:55.871Z,515.0,2025-09-20 02:24:55.871,25.095277777778
Long Yeast Grow,pioreactor02,2025-09-20T00:25:18.871Z,507.8,2025-09-20 02:25:18.871,25.101666666667
Long Yeast Grow,pioreactor02,2025-09-20T00:25:41.871Z,495.7,2025-09-20 02:25:41.871,25.108055555556
Long Yeast Grow,pioreactor02,2025-09-20T00:26:04.871Z,503.9,2025-09-20 02:26:04.871,25.114444444444
Long Yeast Grow,pioreactor02,2025-09-20T00:26:27.871Z,505.5,2025-09-20 02:26:27.871,25.120833333333
Long Yeast Grow,pioreactor02,2025-09-20T00:26:50.871Z,417.9,2025-09-20 02:26:50.871,25.127222222222
Long Yeast Grow,pioreactor02,2025-09-20T00:27:13.871Z,517.7,2025-09-20 02:27:13.871,25.133611111111
Long Yeast Grow,pioreactor02,2025-09-20T00:27:36.871Z,513.8,2025-09-20 02:27:36.871,25.14
Long Yeast Grow,pioreactor02,2025-09-20T00:27:59.871Z,517.2,2025-09-20 02:27:59.871,25.146388888889
Long Yeast Grow,pioreactor02,2025-09-20T00:28:22.871Z,508.0,2025-09-20 02:28:22.871,25.152777777778
Long Yeast Grow,pioreactor02,2025-09-20T00:28:45.871Z,516.4,2025-09-20 02:28:45.871,25.159166666667
Long Yeast Grow,pioreactor02,2025-09-20T00:29:08.871Z,504.3,2025-09-20 02:29:08.871,25.165555555556
Long Yeast Grow,pioreactor02,2025-09-20T00:29:31.871Z,510.3,2025-09-20 02:29:31.871,25.171944444444
Long Yeast Grow,pioreactor02,2025-09-20T00:29:54.871Z,453.9,2025-09-20 02:29:54.871,25.178333333333
Long Yeast Grow,pioreactor02,2025-09-20T00:30:17.871Z,401.9,2025-09-20 02:30:17.871,25.184722222222
Long Yeast Grow,pioreactor02,2025-09-20T00:30:40.871Z,405.6,2025-09-20 02:30:40.871,25.191111111111
Long Yeast Grow,pioreactor02,2025-09-20T00:31:03.871Z,414.8,2025-09-20 02:31:03.871,25.1975
Long Yeast Grow,pioreactor02,2025-09-20T00:31:26.871Z,565.7,2025-09-20 02:31:26.871,25.203888888889
Long Yeast Grow,pioreactor02,2025-09-20T00:31:49.871Z,556.1,2025-09-20 02:31:49.871,25.210277777778
Long Yeast Grow,pioreactor02,2025-09-20T00:32:12.871Z,550.0,2025-09-20 02:32:12.871,25.216666666667
Long Yeast Grow,pioreactor02,2025-09-20T00:32:35.871Z,536.9,2025-09-20 02:32:35.871,25.223055555556
Long Yeast Grow,pioreactor02,2025-09-20T00:32:58.871Z,533.4,2025-09-20 02:32:58.871,25.229444444444
Long Yeast Grow,pioreactor02,2025-09-20T00:33:21.871Z,510.5,2025-09-20 02:33:21.871,25.235833333333
Long Yeast Grow,pioreactor02,2025-09-20T00:33:44.871Z,525.5,2025-09-20 02:33:44.871,25.242222222222
Long Yeast Grow,pioreactor02,2025-09-20T00:34:07.871Z,507.5,2025-09-20 02:34:07.871,25.248611111111
Long Yeast Grow,pioreactor02,2025-09-20T00:34:30.871Z,492.2,2025-09-20 02:34:30.871,25.255
Long Yeast Grow,pioreactor02,2025-09-20T00:34:53.871Z,401.9,2025-09-20 02:34:53.871,25.261388888889
Long Yeast Grow,pioreactor02,2025-09-20T00:35:16.871Z,410.2,2025-09-20 02:35:16.871,25.267777777778
Long Yeast Grow,pioreactor02,2025-09-20T00:35:39.871Z,417.3,2025-09-20 02:35:39.871,25.274166666667
Long Yeast Grow,pioreactor02,2025-09-20T00:36:02.871Z,566.6,2025-09-20 02:36:02.871,25.280555555556
Long Yeast Grow,pioreactor02,2025-09-20T00:36:25.871Z,554.5,2025-09-20 02:36:25.871,25.286944444444
Long Yeast Grow,pioreactor02,2025-09-20T00:36:48.871Z,539.5,2025-09-20 02:36:48.871,25.293333333333
Long Yeast Grow,pioreactor02,2025-09-20T00:37:11.871Z,539.5,2025-09-20 02:37:11.871,25.299722222222
Long Yeast Grow,pioreactor02,2025-09-20T00:37:34.871Z,519.0,2025-09-20 02:37:34.871,25.306111111111
Long Yeast Grow,pioreactor02,2025-09-20T00:37:57.871Z,521.5,2025-09-20 02:37:57.871,25.3125
Long Yeast Grow,pioreactor02,2025-09-20T00:38:20.871Z,518.4,2025-09-20 02:38:20.871,25.318888888889
Long Yeast Grow,pioreactor02,2025-09-20T00:38:43.871Z,516.9,2025-09-20 02:38:43.871,25.325277777778
Long Yeast Grow,pioreactor02,2025-09-20T00:39:06.871Z,506.1,2025-09-20 02:39:06.871,25.331666666667
Long Yeast Grow,pioreactor02,2025-09-20T00:39:29.871Z,503.9,2025-09-20 02:39:29.871,25.338055555556
Long Yeast Grow,pioreactor02,2025-09-20T00:39:52.871Z,494.7,2025-09-20 02:39:52.871,25.344444444444
Long Yeast Grow,pioreactor02,2025-09-20T00:40:15.871Z,476.5,2025-09-20 02:40:15.871,25.350833333333
Long Yeast Grow,pioreactor02,2025-09-20T00:40:38.871Z,495.6,2025-09-20 02:40:38.871,25.357222222222
Long Yeast Grow,pioreactor02,2025-09-20T00:41:01.871Z,503.5,2025-09-20 02:41:01.871,25.363611111111
Long Yeast Grow,pioreactor02,2025-09-20T00:41:24.871Z,520.8,2025-09-20 02:41:24.871,25.37
Long Yeast Grow,pioreactor02,2025-09-20T00:41:47.871Z,506.9,2025-09-20 02:41:47.871,25.376388888889
Long Yeast Grow,pioreactor02,2025-09-20T00:42:10.871Z,509.1,2025-09-20 02:42:10.871,25.382777777778
Long Yeast Grow,pioreactor02,2025-09-20T00:42:33.871Z,499.3,2025-09-20 02:42:33.871,25.389166666667
Long Yeast Grow,pioreactor02,2025-09-20T00:42:56.871Z,508.1,2025-09-20 02:42:56.871,25.395555555556
Long Yeast Grow,pioreactor02,2025-09-20T00:43:19.871Z,456.1,2025-09-20 02:43:19.871,25.401944444444
Long Yeast Grow,pioreactor02,2025-09-20T00:43:42.871Z,403.3,2025-09-20 02:43:42.871,25.408333333333
Long Yeast Grow,pioreactor02,2025-09-20T00:44:05.871Z,411.1,2025-09-20 02:44:05.871,25.414722222222
Long Yeast Grow,pioreactor02,2025-09-20T00:44:28.871Z,414.7,2025-09-20 02:44:28.871,25.421111111111
Long Yeast Grow,pioreactor02,2025-09-20T00:44:51.871Z,555.0,2025-09-20 02:44:51.871,25.4275
Long Yeast Grow,pioreactor02,2025-09-20T00:45:14.871Z,556.6,2025-09-20 02:45:14.871,25.433888888889
Long Yeast Grow,pioreactor02,2025-09-20T00:45:37.871Z,549.6,2025-09-20 02:45:37.871,25.440277777778
Long Yeast Grow,pioreactor02,2025-09-20T00:46:00.871Z,533.8,2025-09-20 02:46:00.871,25.446666666667
Long Yeast Grow,pioreactor02,2025-09-20T00:46:23.871Z,530.0,2025-09-20 02:46:23.871,25.453055555556
Long Yeast Grow,pioreactor02,2025-09-20T00:46:46.871Z,518.1,2025-09-20 02:46:46.871,25.459444444444
Long Yeast Grow,pioreactor02,2025-09-20T00:47:09.871Z,512.9,2025-09-20 02:47:09.871,25.465833333333
Long Yeast Grow,pioreactor02,2025-09-20T00:47:32.871Z,521.1,2025-09-20 02:47:32.871,25.472222222222
Long Yeast Grow,pioreactor02,2025-09-20T00:47:55.871Z,495.5,2025-09-20 02:47:55.871,25.478611111111
Long Yeast Grow,pioreactor02,2025-09-20T00:48:18.871Z,515.1,2025-09-20 02:48:18.871,25.485
Long Yeast Grow,pioreactor02,2025-09-20T00:48:41.871Z,499.9,2025-09-20 02:48:41.871,25.491388888889
Long Yeast Grow,pioreactor02,2025-09-20T00:49:04.871Z,502.2,2025-09-20 02:49:04.871,25.497777777778
Long Yeast Grow,pioreactor02,2025-09-20T00:49:27.871Z,487.9,2025-09-20 02:49:27.871,25.504166666667
Long Yeast Grow,pioreactor02,2025-09-20T00:49:50.871Z,504.4,2025-09-20 02:49:50.871,25.510555555556
Long Yeast Grow,pioreactor02,2025-09-20T00:50:13.871Z,512.7,2025-09-20 02:50:13.871,25.516944444444
Long Yeast Grow,pioreactor02,2025-09-20T00:50:36.871Z,402.6,2025-09-20 02:50:36.871,25.523333333333
Long Yeast Grow,pioreactor02,2025-09-20T00:50:59.871Z,407.9,2025-09-20 02:50:59.871,25.529722222222
Long Yeast Grow,pioreactor02,2025-09-20T00:51:22.871Z,419.2,2025-09-20 02:51:22.871,25.536111111111
Long Yeast Grow,pioreactor02,2025-09-20T00:51:45.871Z,560.6,2025-09-20 02:51:45.871,25.5425
Long Yeast Grow,pioreactor02,2025-09-20T00:52:08.871Z,549.0,2025-09-20 02:52:08.871,25.548888888889
Long Yeast Grow,pioreactor02,2025-09-20T00:52:31.871Z,539.0,2025-09-20 02:52:31.871,25.555277777778
Long Yeast Grow,pioreactor02,2025-09-20T00:52:54.871Z,537.6,2025-09-20 02:52:54.871,25.561666666667
Long Yeast Grow,pioreactor02,2025-09-20T00:53:17.871Z,518.8,2025-09-20 02:53:17.871,25.568055555556
Long Yeast Grow,pioreactor02,2025-09-20T00:53:40.871Z,524.2,2025-09-20 02:53:40.871,25.574444444444
Long Yeast Grow,pioreactor02,2025-09-20T00:54:03.871Z,515.0,2025-09-20 02:54:03.871,25.580833333333
Long Yeast Grow,pioreactor02,2025-09-20T00:54:26.871Z,514.4,2025-09-20 02:54:26.871,25.587222222222
Long Yeast Grow,pioreactor02,2025-09-20T00:54:49.871Z,510.2,2025-09-20 02:54:49.871,25.593611111111
Long Yeast Grow,pioreactor02,2025-09-20T00:55:12.871Z,509.4,2025-09-20 02:55:12.871,25.6
Long Yeast Grow,pioreactor02,2025-09-20T00:55:35.871Z,506.7,2025-09-20 02:55:35.871,25.606388888889
Long Yeast Grow,pioreactor02,2025-09-20T00:55:58.871Z,511.0,2025-09-20 02:55:58.871,25.612777777778
Long Yeast Grow,pioreactor02,2025-09-20T00:56:21.871Z,503.5,2025-09-20 02:56:21.871,25.619166666667
Long Yeast Grow,pioreactor02,2025-09-20T00:56:44.871Z,399.8,2025-09-20 02:56:44.871,25.625555555556
Long Yeast Grow,pioreactor02,2025-09-20T00:57:07.871Z,408.8,2025-09-20 02:57:07.871,25.631944444444
Long Yeast Grow,pioreactor02,2025-09-20T00:57:30.871Z,413.0,2025-09-20 02:57:30.871,25.638333333333
Long Yeast Grow,pioreactor02,2025-09-20T00:57:53.871Z,542.0,2025-09-20 02:57:53.871,25.644722222222
Long Yeast Grow,pioreactor02,2025-09-20T00:58:16.871Z,549.4,2025-09-20 02:58:16.871,25.651111111111
Long Yeast Grow,pioreactor02,2025-09-20T00:58:39.871Z,538.0,2025-09-20 02:58:39.871,25.6575
Long Yeast Grow,pioreactor02,2025-09-20T00:59:02.871Z,533.1,2025-09-20 02:59:02.871,25.663888888889
Long Yeast Grow,pioreactor02,2025-09-20T00:59:25.871Z,534.2,2025-09-20 02:59:25.871,25.670277777778
Long Yeast Grow,pioreactor02,2025-09-20T00:59:48.871Z,527.1,2025-09-20 02:59:48.871,25.676666666667
Long Yeast Grow,pioreactor02,2025-09-20T01:00:11.871Z,510.4,2025-09-20 03:00:11.871,25.683055555556
Long Yeast Grow,pioreactor02,2025-09-20T01:00:34.871Z,517.9,2025-09-20 03:00:34.871,25.689444444444
Long Yeast Grow,pioreactor02,2025-09-20T01:00:57.871Z,494.1,2025-09-20 03:00:57.871,25.695833333333
Long Yeast Grow,pioreactor02,2025-09-20T01:01:20.871Z,509.9,2025-09-20 03:01:20.871,25.702222222222
Long Yeast Grow,pioreactor02,2025-09-20T01:01:43.871Z,503.2,2025-09-20 03:01:43.871,25.708611111111
Long Yeast Grow,pioreactor02,2025-09-20T01:02:06.871Z,506.5,2025-09-20 03:02:06.871,25.715
Long Yeast Grow,pioreactor02,2025-09-20T01:02:29.871Z,495.3,2025-09-20 03:02:29.871,25.721388888889
Long Yeast Grow,pioreactor02,2025-09-20T01:02:52.871Z,511.8,2025-09-20 03:02:52.871,25.727777777778
Long Yeast Grow,pioreactor02,2025-09-20T01:03:15.871Z,498.8,2025-09-20 03:03:15.871,25.734166666667
Long Yeast Grow,pioreactor02,2025-09-20T01:03:38.871Z,400.5,2025-09-20 03:03:38.871,25.740555555556
Long Yeast Grow,pioreactor02,2025-09-20T01:04:01.871Z,408.6,2025-09-20 03:04:01.871,25.746944444444
Long Yeast Grow,pioreactor02,2025-09-20T01:04:24.871Z,412.2,2025-09-20 03:04:24.871,25.753333333333
Long Yeast Grow,pioreactor02,2025-09-20T01:04:47.871Z,549.7,2025-09-20 03:04:47.871,25.759722222222
Long Yeast Grow,pioreactor02,2025-09-20T01:05:10.871Z,557.0,2025-09-20 03:05:10.871,25.766111111111
Long Yeast Grow,pioreactor02,2025-09-20T01:05:33.871Z,541.8,2025-09-20 03:05:33.871,25.7725
Long Yeast Grow,pioreactor02,2025-09-20T01:05:56.871Z,540.2,2025-09-20 03:05:56.871,25.778888888889
Long Yeast Grow,pioreactor02,2025-09-20T01:06:19.871Z,527.0,2025-09-20 03:06:19.871,25.785277777778
Long Yeast Grow,pioreactor02,2025-09-20T01:06:42.871Z,516.2,2025-09-20 03:06:42.871,25.791666666667
Long Yeast Grow,pioreactor02,2025-09-20T01:07:05.871Z,509.7,2025-09-20 03:07:05.871,25.798055555556
Long Yeast Grow,pioreactor02,2025-09-20T01:07:28.871Z,514.8,2025-09-20 03:07:28.871,25.804444444444
Long Yeast Grow,pioreactor02,2025-09-20T01:07:51.871Z,508.7,2025-09-20 03:07:51.871,25.810833333333
Long Yeast Grow,pioreactor02,2025-09-20T01:08:14.871Z,498.9,2025-09-20 03:08:14.871,25.817222222222
Long Yeast Grow,pioreactor02,2025-09-20T01:08:37.871Z,492.7,2025-09-20 03:08:37.871,25.823611111111
Long Yeast Grow,pioreactor02,2025-09-20T01:09:00.871Z,514.6,2025-09-20 03:09:00.871,25.83
Long Yeast Grow,pioreactor02,2025-09-20T01:09:23.871Z,502.9,2025-09-20 03:09:23.871,25.836388888889
Long Yeast Grow,pioreactor02,2025-09-20T01:09:46.871Z,502.3,2025-09-20 03:09:46.871,25.842777777778
Long Yeast Grow,pioreactor02,2025-09-20T01:10:09.871Z,501.4,2025-09-20 03:10:09.871,25.849166666667
Long Yeast Grow,pioreactor02,2025-09-20T01:10:32.871Z,501.5,2025-09-20 03:10:32.871,25.855555555556
Long Yeast Grow,pioreactor02,2025-09-20T01:10:55.871Z,487.0,2025-09-20 03:10:55.871,25.861944444444
Long Yeast Grow,pioreactor02,2025-09-20T01:11:18.871Z,504.2,2025-09-20 03:11:18.871,25.868333333333
Long Yeast Grow,pioreactor02,2025-09-20T01:11:41.871Z,492.6,2025-09-20 03:11:41.871,25.874722222222
Long Yeast Grow,pioreactor02,2025-09-20T01:12:04.871Z,500.4,2025-09-20 03:12:04.871,25.881111111111
Long Yeast Grow,pioreactor02,2025-09-20T01:12:27.871Z,498.9,2025-09-20 03:12:27.871,25.8875
Long Yeast Grow,pioreactor02,2025-09-20T01:12:50.871Z,515.8,2025-09-20 03:12:50.871,25.893888888889
Long Yeast Grow,pioreactor02,2025-09-20T01:13:13.871Z,504.5,2025-09-20 03:13:13.871,25.900277777778
Long Yeast Grow,pioreactor02,2025-09-20T01:13:36.871Z,482.9,2025-09-20 03:13:36.871,25.906666666667
Long Yeast Grow,pioreactor02,2025-09-20T01:13:59.871Z,512.3,2025-09-20 03:13:59.871,25.913055555556
Long Yeast Grow,pioreactor02,2025-09-20T01:14:22.871Z,500.6,2025-09-20 03:14:22.871,25.919444444444
Long Yeast Grow,pioreactor02,2025-09-20T01:14:45.871Z,402.5,2025-09-20 03:14:45.871,25.925833333333
Long Yeast Grow,pioreactor02,2025-09-20T01:15:08.871Z,407.9,2025-09-20 03:15:08.871,25.932222222222
Long Yeast Grow,pioreactor02,2025-09-20T01:15:31.871Z,416.3,2025-09-20 03:15:31.871,25.938611111111
Long Yeast Grow,pioreactor02,2025-09-20T01:15:54.871Z,560.0,2025-09-20 03:15:54.871,25.945
Long Yeast Grow,pioreactor02,2025-09-20T01:16:17.871Z,552.8,2025-09-20 03:16:17.871,25.951388888889
Long Yeast Grow,pioreactor02,2025-09-20T01:16:40.871Z,534.2,2025-09-20 03:16:40.871,25.957777777778
Long Yeast Grow,pioreactor02,2025-09-20T01:17:03.871Z,536.8,2025-09-20 03:17:03.871,25.964166666667
Long Yeast Grow,pioreactor02,2025-09-20T01:17:26.871Z,526.1,2025-09-20 03:17:26.871,25.970555555556
Long Yeast Grow,pioreactor02,2025-09-20T01:17:49.871Z,505.7,2025-09-20 03:17:49.871,25.976944444444
Long Yeast Grow,pioreactor02,2025-09-20T01:18:12.871Z,519.1,2025-09-20 03:18:12.871,25.983333333333
Long Yeast Grow,pioreactor02,2025-09-20T01:18:35.871Z,506.2,2025-09-20 03:18:35.871,25.989722222222
Long Yeast Grow,pioreactor02,2025-09-20T01:18:58.871Z,518.8,2025-09-20 03:18:58.871,25.996111111111
Long Yeast Grow,pioreactor02,2025-09-20T01:19:21.871Z,500.1,2025-09-20 03:19:21.871,26.0025
Long Yeast Grow,pioreactor02,2025-09-20T01:19:44.871Z,484.5,2025-09-20 03:19:44.871,26.008888888889
Long Yeast Grow,pioreactor02,2025-09-20T01:20:07.871Z,509.8,2025-09-20 03:20:07.871,26.015277777778
Long Yeast Grow,pioreactor02,2025-09-20T01:20:30.871Z,506.1,2025-09-20 03:20:30.871,26.021666666667
Long Yeast Grow,pioreactor02,2025-09-20T01:20:53.871Z,504.5,2025-09-20 03:20:53.871,26.028055555556
Long Yeast Grow,pioreactor02,2025-09-20T01:21:16.871Z,515.0,2025-09-20 03:21:16.871,26.034444444444
Long Yeast Grow,pioreactor02,2025-09-20T01:21:39.871Z,427.0,2025-09-20 03:21:39.871,26.040833333333
Long Yeast Grow,pioreactor02,2025-09-20T01:22:02.871Z,515.5,2025-09-20 03:22:02.871,26.047222222222
Long Yeast Grow,pioreactor02,2025-09-20T01:22:25.871Z,521.6,2025-09-20 03:22:25.871,26.053611111111
Long Yeast Grow,pioreactor02,2025-09-20T01:22:48.871Z,510.7,2025-09-20 03:22:48.871,26.06
Long Yeast Grow,pioreactor02,2025-09-20T01:23:11.871Z,501.5,2025-09-20 03:23:11.871,26.066388888889
Long Yeast Grow,pioreactor02,2025-09-20T01:23:34.871Z,500.9,2025-09-20 03:23:34.871,26.072777777778
Long Yeast Grow,pioreactor02,2025-09-20T01:23:57.871Z,509.1,2025-09-20 03:23:57.871,26.079166666667
Long Yeast Grow,pioreactor02,2025-09-20T01:24:20.871Z,479.5,2025-09-20 03:24:20.871,26.085555555556
Long Yeast Grow,pioreactor02,2025-09-20T01:24:43.871Z,514.0,2025-09-20 03:24:43.871,26.091944444444
Long Yeast Grow,pioreactor02,2025-09-20T01:25:06.871Z,482.6,2025-09-20 03:25:06.871,26.098333333333
Long Yeast Grow,pioreactor02,2025-09-20T01:25:29.871Z,401.7,2025-09-20 03:25:29.871,26.104722222222
Long Yeast Grow,pioreactor02,2025-09-20T01:25:52.871Z,409.0,2025-09-20 03:25:52.871,26.111111111111
Long Yeast Grow,pioreactor02,2025-09-20T01:26:15.871Z,417.8,2025-09-20 03:26:15.871,26.1175
Long Yeast Grow,pioreactor02,2025-09-20T01:26:38.871Z,563.0,2025-09-20 03:26:38.871,26.123888888889
Long Yeast Grow,pioreactor02,2025-09-20T01:27:01.871Z,554.3,2025-09-20 03:27:01.871,26.130277777778
Long Yeast Grow,pioreactor02,2025-09-20T01:27:24.871Z,547.0,2025-09-20 03:27:24.871,26.136666666667
Long Yeast Grow,pioreactor02,2025-09-20T01:27:47.871Z,541.6,2025-09-20 03:27:47.871,26.143055555556
Long Yeast Grow,pioreactor02,2025-09-20T01:28:10.871Z,527.2,2025-09-20 03:28:10.871,26.149444444444
Long Yeast Grow,pioreactor02,2025-09-20T01:28:33.871Z,522.2,2025-09-20 03:28:33.871,26.155833333333
Long Yeast Grow,pioreactor02,2025-09-20T01:28:56.871Z,499.9,2025-09-20 03:28:56.871,26.162222222222
Long Yeast Grow,pioreactor02,2025-09-20T01:29:19.871Z,508.2,2025-09-20 03:29:19.871,26.168611111111
Long Yeast Grow,pioreactor02,2025-09-20T01:29:42.871Z,514.0,2025-09-20 03:29:42.871,26.175
Long Yeast Grow,pioreactor02,2025-09-20T01:30:05.871Z,511.8,2025-09-20 03:30:05.871,26.181388888889
Long Yeast Grow,pioreactor02,2025-09-20T01:30:28.871Z,494.9,2025-09-20 03:30:28.871,26.187777777778
Long Yeast Grow,pioreactor02,2025-09-20T01:30:51.871Z,508.9,2025-09-20 03:30:51.871,26.194166666667
Long Yeast Grow,pioreactor02,2025-09-20T01:31:14.871Z,501.0,2025-09-20 03:31:14.871,26.200555555556
Long Yeast Grow,pioreactor02,2025-09-20T01:31:37.871Z,399.0,2025-09-20 03:31:37.871,26.206944444444
Long Yeast Grow,pioreactor02,2025-09-20T01:32:00.871Z,408.4,2025-09-20 03:32:00.871,26.213333333333
Long Yeast Grow,pioreactor02,2025-09-20T01:32:23.871Z,412.2,2025-09-20 03:32:23.871,26.219722222222
Long Yeast Grow,pioreactor02,2025-09-20T01:32:46.871Z,560.3,2025-09-20 03:32:46.871,26.226111111111
Long Yeast Grow,pioreactor02,2025-09-20T01:33:09.871Z,562.0,2025-09-20 03:33:09.871,26.2325
Long Yeast Grow,pioreactor02,2025-09-20T01:33:32.871Z,545.2,2025-09-20 03:33:32.871,26.238888888889
Long Yeast Grow,pioreactor02,2025-09-20T01:33:55.871Z,534.0,2025-09-20 03:33:55.871,26.245277777778
Long Yeast Grow,pioreactor02,2025-09-20T01:34:18.871Z,526.2,2025-09-20 03:34:18.871,26.251666666667
Long Yeast Grow,pioreactor02,2025-09-20T01:34:41.871Z,517.5,2025-09-20 03:34:41.871,26.258055555556
Long Yeast Grow,pioreactor02,2025-09-20T01:35:04.871Z,522.4,2025-09-20 03:35:04.871,26.264444444444
Long Yeast Grow,pioreactor02,2025-09-20T01:35:27.871Z,511.0,2025-09-20 03:35:27.871,26.270833333333
Long Yeast Grow,pioreactor02,2025-09-20T01:35:50.871Z,499.9,2025-09-20 03:35:50.871,26.277222222222
Long Yeast Grow,pioreactor02,2025-09-20T01:36:13.871Z,479.6,2025-09-20 03:36:13.871,26.283611111111
Long Yeast Grow,pioreactor02,2025-09-20T01:36:36.871Z,402.4,2025-09-20 03:36:36.871,26.29
Long Yeast Grow,pioreactor02,2025-09-20T01:36:59.871Z,408.6,2025-09-20 03:36:59.871,26.296388888889
Long Yeast Grow,pioreactor02,2025-09-20T01:37:22.871Z,413.2,2025-09-20 03:37:22.871,26.302777777778
Long Yeast Grow,pioreactor02,2025-09-20T01:37:45.871Z,553.6,2025-09-20 03:37:45.871,26.309166666667
Long Yeast Grow,pioreactor02,2025-09-20T01:38:08.871Z,551.8,2025-09-20 03:38:08.871,26.315555555556
Long Yeast Grow,pioreactor02,2025-09-20T01:38:31.871Z,546.7,2025-09-20 03:38:31.871,26.321944444444
Long Yeast Grow,pioreactor02,2025-09-20T01:38:54.871Z,535.5,2025-09-20 03:38:54.871,26.328333333333
Long Yeast Grow,pioreactor02,2025-09-20T01:39:17.871Z,527.7,2025-09-20 03:39:17.871,26.334722222222
Long Yeast Grow,pioreactor02,2025-09-20T01:39:40.871Z,526.0,2025-09-20 03:39:40.871,26.341111111111
Long Yeast Grow,pioreactor02,2025-09-20T01:40:03.871Z,513.6,2025-09-20 03:40:03.871,26.3475
Long Yeast Grow,pioreactor02,2025-09-20T01:40:26.871Z,512.4,2025-09-20 03:40:26.871,26.353888888889
Long Yeast Grow,pioreactor02,2025-09-20T01:40:49.871Z,506.6,2025-09-20 03:40:49.871,26.360277777778
Long Yeast Grow,pioreactor02,2025-09-20T01:41:12.871Z,500.7,2025-09-20 03:41:12.871,26.366666666667
Long Yeast Grow,pioreactor02,2025-09-20T01:41:35.871Z,508.9,2025-09-20 03:41:35.871,26.373055555556
Long Yeast Grow,pioreactor02,2025-09-20T01:41:58.871Z,498.4,2025-09-20 03:41:58.871,26.379444444444
Long Yeast Grow,pioreactor02,2025-09-20T01:42:21.871Z,508.7,2025-09-20 03:42:21.871,26.385833333333
Long Yeast Grow,pioreactor02,2025-09-20T01:42:44.871Z,512.5,2025-09-20 03:42:44.871,26.392222222222
Long Yeast Grow,pioreactor02,2025-09-20T01:43:07.871Z,499.9,2025-09-20 03:43:07.871,26.398611111111
Long Yeast Grow,pioreactor02,2025-09-20T01:43:30.871Z,399.3,2025-09-20 03:43:30.871,26.405
Long Yeast Grow,pioreactor02,2025-09-20T01:43:53.871Z,407.4,2025-09-20 03:43:53.871,26.411388888889
Long Yeast Grow,pioreactor02,2025-09-20T01:44:16.871Z,412.2,2025-09-20 03:44:16.871,26.417777777778
Long Yeast Grow,pioreactor02,2025-09-20T01:44:39.871Z,445.6,2025-09-20 03:44:39.871,26.424166666667
Long Yeast Grow,pioreactor02,2025-09-20T01:45:02.871Z,570.1,2025-09-20 03:45:02.871,26.430555555556
Long Yeast Grow,pioreactor02,2025-09-20T01:45:25.871Z,560.4,2025-09-20 03:45:25.871,26.436944444444
Long Yeast Grow,pioreactor02,2025-09-20T01:45:48.871Z,553.6,2025-09-20 03:45:48.871,26.443333333333
Long Yeast Grow,pioreactor02,2025-09-20T01:46:11.871Z,533.8,2025-09-20 03:46:11.871,26.449722222222
Long Yeast Grow,pioreactor02,2025-09-20T01:46:34.871Z,531.5,2025-09-20 03:46:34.871,26.456111111111
Long Yeast Grow,pioreactor02,2025-09-20T01:46:57.871Z,517.0,2025-09-20 03:46:57.871,26.4625
Long Yeast Grow,pioreactor02,2025-09-20T01:47:20.871Z,511.8,2025-09-20 03:47:20.871,26.468888888889
Long Yeast Grow,pioreactor02,2025-09-20T01:47:43.871Z,508.4,2025-09-20 03:47:43.871,26.475277777778
Long Yeast Grow,pioreactor02,2025-09-20T01:48:06.871Z,512.5,2025-09-20 03:48:06.871,26.481666666667
Long Yeast Grow,pioreactor02,2025-09-20T01:48:29.871Z,512.7,2025-09-20 03:48:29.871,26.488055555556
Long Yeast Grow,pioreactor02,2025-09-20T01:48:52.871Z,502.5,2025-09-20 03:48:52.871,26.494444444444
Long Yeast Grow,pioreactor02,2025-09-20T01:49:15.871Z,416.0,2025-09-20 03:49:15.871,26.500833333333
Long Yeast Grow,pioreactor02,2025-09-20T01:49:38.871Z,520.9,2025-09-20 03:49:38.871,26.507222222222
Long Yeast Grow,pioreactor02,2025-09-20T01:50:01.871Z,520.3,2025-09-20 03:50:01.871,26.513611111111
Long Yeast Grow,pioreactor02,2025-09-20T01:50:24.871Z,512.1,2025-09-20 03:50:24.871,26.52
Long Yeast Grow,pioreactor02,2025-09-20T01:50:47.871Z,510.9,2025-09-20 03:50:47.871,26.526388888889
Long Yeast Grow,pioreactor02,2025-09-20T01:51:10.871Z,507.4,2025-09-20 03:51:10.871,26.532777777778
Long Yeast Grow,pioreactor02,2025-09-20T01:51:33.871Z,509.3,2025-09-20 03:51:33.871,26.539166666667
Long Yeast Grow,pioreactor02,2025-09-20T01:51:56.871Z,512.8,2025-09-20 03:51:56.871,26.545555555556
Long Yeast Grow,pioreactor02,2025-09-20T01:52:19.871Z,507.5,2025-09-20 03:52:19.871,26.551944444444
Long Yeast Grow,pioreactor02,2025-09-20T01:52:42.871Z,504.2,2025-09-20 03:52:42.871,26.558333333333
Long Yeast Grow,pioreactor02,2025-09-20T01:53:05.871Z,491.9,2025-09-20 03:53:05.871,26.564722222222
Long Yeast Grow,pioreactor02,2025-09-20T01:53:28.871Z,401.3,2025-09-20 03:53:28.871,26.571111111111
Long Yeast Grow,pioreactor02,2025-09-20T01:53:51.871Z,408.0,2025-09-20 03:53:51.871,26.5775
Long Yeast Grow,pioreactor02,2025-09-20T01:54:14.871Z,412.2,2025-09-20 03:54:14.871,26.583888888889
Long Yeast Grow,pioreactor02,2025-09-20T01:54:37.871Z,550.6,2025-09-20 03:54:37.871,26.590277777778
Long Yeast Grow,pioreactor02,2025-09-20T01:55:00.871Z,549.7,2025-09-20 03:55:00.871,26.596666666667
Long Yeast Grow,pioreactor02,2025-09-20T01:55:23.871Z,546.1,2025-09-20 03:55:23.871,26.603055555556
Long Yeast Grow,pioreactor02,2025-09-20T01:55:46.871Z,543.2,2025-09-20 03:55:46.871,26.609444444444
Long Yeast Grow,pioreactor02,2025-09-20T01:56:09.871Z,525.0,2025-09-20 03:56:09.871,26.615833333333
Long Yeast Grow,pioreactor02,2025-09-20T01:56:32.871Z,525.9,2025-09-20 03:56:32.871,26.622222222222
Long Yeast Grow,pioreactor02,2025-09-20T01:56:55.871Z,509.2,2025-09-20 03:56:55.871,26.628611111111
Long Yeast Grow,pioreactor02,2025-09-20T01:57:18.871Z,507.7,2025-09-20 03:57:18.871,26.635
Long Yeast Grow,pioreactor02,2025-09-20T01:57:41.871Z,403.7,2025-09-20 03:57:41.871,26.641388888889
Long Yeast Grow,pioreactor02,2025-09-20T01:58:04.871Z,411.4,2025-09-20 03:58:04.871,26.647777777778
Long Yeast Grow,pioreactor02,2025-09-20T01:58:27.871Z,417.8,2025-09-20 03:58:27.871,26.654166666667
Long Yeast Grow,pioreactor02,2025-09-20T01:58:50.871Z,563.0,2025-09-20 03:58:50.871,26.660555555556
Long Yeast Grow,pioreactor02,2025-09-20T01:59:13.871Z,555.3,2025-09-20 03:59:13.871,26.666944444444
Long Yeast Grow,pioreactor02,2025-09-20T01:59:36.871Z,542.4,2025-09-20 03:59:36.871,26.673333333333
Long Yeast Grow,pioreactor02,2025-09-20T01:59:59.871Z,539.2,2025-09-20 03:59:59.871,26.679722222222
Long Yeast Grow,pioreactor02,2025-09-20T02:00:22.871Z,519.1,2025-09-20 04:00:22.871,26.686111111111
Long Yeast Grow,pioreactor02,2025-09-20T02:00:45.871Z,522.7,2025-09-20 04:00:45.871,26.6925
Long Yeast Grow,pioreactor02,2025-09-20T02:01:08.871Z,522.0,2025-09-20 04:01:08.871,26.698888888889
Long Yeast Grow,pioreactor02,2025-09-20T02:01:31.871Z,510.0,2025-09-20 04:01:31.871,26.705277777778
Long Yeast Grow,pioreactor02,2025-09-20T02:01:54.871Z,507.3,2025-09-20 04:01:54.871,26.711666666667
Long Yeast Grow,pioreactor02,2025-09-20T02:02:17.871Z,497.5,2025-09-20 04:02:17.871,26.718055555556
Long Yeast Grow,pioreactor02,2025-09-20T02:02:40.871Z,505.4,2025-09-20 04:02:40.871,26.724444444444
Long Yeast Grow,pioreactor02,2025-09-20T02:03:03.871Z,503.1,2025-09-20 04:03:03.871,26.730833333333
Long Yeast Grow,pioreactor02,2025-09-20T02:03:26.871Z,509.7,2025-09-20 04:03:26.871,26.737222222222
Long Yeast Grow,pioreactor02,2025-09-20T02:03:49.871Z,490.7,2025-09-20 04:03:49.871,26.743611111111
Long Yeast Grow,pioreactor02,2025-09-20T02:04:12.871Z,505.5,2025-09-20 04:04:12.871,26.75
Long Yeast Grow,pioreactor02,2025-09-20T02:04:35.871Z,496.5,2025-09-20 04:04:35.871,26.756388888889
Long Yeast Grow,pioreactor02,2025-09-20T02:04:58.871Z,400.4,2025-09-20 04:04:58.871,26.762777777778
Long Yeast Grow,pioreactor02,2025-09-20T02:05:21.871Z,410.1,2025-09-20 04:05:21.871,26.769166666667
Long Yeast Grow,pioreactor02,2025-09-20T02:05:44.871Z,416.5,2025-09-20 04:05:44.871,26.775555555556
Long Yeast Grow,pioreactor02,2025-09-20T02:06:07.871Z,561.6,2025-09-20 04:06:07.871,26.781944444444
Long Yeast Grow,pioreactor02,2025-09-20T02:06:30.871Z,545.0,2025-09-20 04:06:30.871,26.788333333333
Long Yeast Grow,pioreactor02,2025-09-20T02:06:53.871Z,535.2,2025-09-20 04:06:53.871,26.794722222222
Long Yeast Grow,pioreactor02,2025-09-20T02:07:16.871Z,528.0,2025-09-20 04:07:16.871,26.801111111111
Long Yeast Grow,pioreactor02,2025-09-20T02:07:39.871Z,534.5,2025-09-20 04:07:39.871,26.8075
Long Yeast Grow,pioreactor02,2025-09-20T02:08:02.871Z,519.0,2025-09-20 04:08:02.871,26.813888888889
Long Yeast Grow,pioreactor02,2025-09-20T02:08:25.871Z,518.6,2025-09-20 04:08:25.871,26.820277777778
Long Yeast Grow,pioreactor02,2025-09-20T02:08:48.871Z,493.2,2025-09-20 04:08:48.871,26.826666666667
Long Yeast Grow,pioreactor02,2025-09-20T02:09:11.871Z,511.5,2025-09-20 04:09:11.871,26.833055555556
Long Yeast Grow,pioreactor02,2025-09-20T02:09:34.871Z,494.5,2025-09-20 04:09:34.871,26.839444444444
Long Yeast Grow,pioreactor02,2025-09-20T02:09:57.871Z,498.2,2025-09-20 04:09:57.871,26.845833333333
Long Yeast Grow,pioreactor02,2025-09-20T02:10:20.871Z,495.9,2025-09-20 04:10:20.871,26.852222222222
Long Yeast Grow,pioreactor02,2025-09-20T02:10:43.871Z,400.7,2025-09-20 04:10:43.871,26.858611111111
Long Yeast Grow,pioreactor02,2025-09-20T02:11:06.871Z,411.5,2025-09-20 04:11:06.871,26.865
Long Yeast Grow,pioreactor02,2025-09-20T02:11:29.871Z,413.6,2025-09-20 04:11:29.871,26.871388888889
Long Yeast Grow,pioreactor02,2025-09-20T02:11:52.871Z,555.0,2025-09-20 04:11:52.871,26.877777777778
Long Yeast Grow,pioreactor02,2025-09-20T02:12:15.871Z,562.1,2025-09-20 04:12:15.871,26.884166666667
Long Yeast Grow,pioreactor02,2025-09-20T02:12:38.871Z,550.1,2025-09-20 04:12:38.871,26.890555555556
Long Yeast Grow,pioreactor02,2025-09-20T02:13:01.871Z,545.8,2025-09-20 04:13:01.871,26.896944444444
Long Yeast Grow,pioreactor02,2025-09-20T02:13:24.871Z,522.2,2025-09-20 04:13:24.871,26.903333333333
Long Yeast Grow,pioreactor02,2025-09-20T02:13:47.871Z,517.4,2025-09-20 04:13:47.871,26.909722222222
Long Yeast Grow,pioreactor02,2025-09-20T02:14:10.871Z,514.6,2025-09-20 04:14:10.871,26.916111111111
Long Yeast Grow,pioreactor02,2025-09-20T02:14:33.871Z,514.1,2025-09-20 04:14:33.871,26.9225
Long Yeast Grow,pioreactor02,2025-09-20T02:14:56.871Z,512.3,2025-09-20 04:14:56.871,26.928888888889
Long Yeast Grow,pioreactor02,2025-09-20T02:15:19.871Z,401.9,2025-09-20 04:15:19.871,26.935277777778
Long Yeast Grow,pioreactor02,2025-09-20T02:15:42.871Z,409.5,2025-09-20 04:15:42.871,26.941666666667
Long Yeast Grow,pioreactor02,2025-09-20T02:16:05.871Z,417.9,2025-09-20 04:16:05.871,26.948055555556
Long Yeast Grow,pioreactor02,2025-09-20T02:16:28.871Z,558.5,2025-09-20 04:16:28.871,26.954444444444
Long Yeast Grow,pioreactor02,2025-09-20T02:16:51.871Z,552.8,2025-09-20 04:16:51.871,26.960833333333
Long Yeast Grow,pioreactor02,2025-09-20T02:17:14.871Z,534.6,2025-09-20 04:17:14.871,26.967222222222
Long Yeast Grow,pioreactor02,2025-09-20T02:17:37.871Z,533.1,2025-09-20 04:17:37.871,26.973611111111
Long Yeast Grow,pioreactor02,2025-09-20T02:18:00.871Z,531.4,2025-09-20 04:18:00.871,26.98
Long Yeast Grow,pioreactor02,2025-09-20T02:18:23.871Z,523.0,2025-09-20 04:18:23.871,26.986388888889
Long Yeast Grow,pioreactor02,2025-09-20T02:18:46.871Z,519.9,2025-09-20 04:18:46.871,26.992777777778
Long Yeast Grow,pioreactor02,2025-09-20T02:19:09.871Z,507.0,2025-09-20 04:19:09.871,26.999166666667
Long Yeast Grow,pioreactor02,2025-09-20T02:19:32.871Z,510.0,2025-09-20 04:19:32.871,27.005555555556
Long Yeast Grow,pioreactor02,2025-09-20T02:19:55.871Z,500.6,2025-09-20 04:19:55.871,27.011944444444
Long Yeast Grow,pioreactor02,2025-09-20T02:20:18.871Z,468.8,2025-09-20 04:20:18.871,27.018333333333
Long Yeast Grow,pioreactor02,2025-09-20T02:20:41.871Z,402.7,2025-09-20 04:20:41.871,27.024722222222
Long Yeast Grow,pioreactor02,2025-09-20T02:21:04.871Z,531.8,2025-09-20 04:21:04.871,27.031111111111
Long Yeast Grow,pioreactor02,2025-09-20T02:21:27.871Z,530.5,2025-09-20 04:21:27.871,27.0375
Long Yeast Grow,pioreactor02,2025-09-20T02:21:50.871Z,526.5,2025-09-20 04:21:50.871,27.043888888889
Long Yeast Grow,pioreactor02,2025-09-20T02:22:13.871Z,515.9,2025-09-20 04:22:13.871,27.050277777778
Long Yeast Grow,pioreactor02,2025-09-20T02:22:36.871Z,511.7,2025-09-20 04:22:36.871,27.056666666667
Long Yeast Grow,pioreactor02,2025-09-20T02:22:59.871Z,510.3,2025-09-20 04:22:59.871,27.063055555556
Long Yeast Grow,pioreactor02,2025-09-20T02:23:22.871Z,508.7,2025-09-20 04:23:22.871,27.069444444444
Long Yeast Grow,pioreactor02,2025-09-20T02:23:45.871Z,500.8,2025-09-20 04:23:45.871,27.075833333333
Long Yeast Grow,pioreactor02,2025-09-20T02:24:08.871Z,493.3,2025-09-20 04:24:08.871,27.082222222222
Long Yeast Grow,pioreactor02,2025-09-20T02:24:31.871Z,497.1,2025-09-20 04:24:31.871,27.088611111111
Long Yeast Grow,pioreactor02,2025-09-20T02:24:54.871Z,510.4,2025-09-20 04:24:54.871,27.095
Long Yeast Grow,pioreactor02,2025-09-20T02:25:17.871Z,507.1,2025-09-20 04:25:17.871,27.101388888889
Long Yeast Grow,pioreactor02,2025-09-20T02:25:40.871Z,469.4,2025-09-20 04:25:40.871,27.107777777778
Long Yeast Grow,pioreactor02,2025-09-20T02:26:03.871Z,403.3,2025-09-20 04:26:03.871,27.114166666667
Long Yeast Grow,pioreactor02,2025-09-20T02:26:26.871Z,412.2,2025-09-20 04:26:26.871,27.120555555556
Long Yeast Grow,pioreactor02,2025-09-20T02:26:49.871Z,421.0,2025-09-20 04:26:49.871,27.126944444444
Long Yeast Grow,pioreactor02,2025-09-20T02:27:12.871Z,557.3,2025-09-20 04:27:12.871,27.133333333333
Long Yeast Grow,pioreactor02,2025-09-20T02:27:35.871Z,553.8,2025-09-20 04:27:35.871,27.139722222222
Long Yeast Grow,pioreactor02,2025-09-20T02:27:58.871Z,539.4,2025-09-20 04:27:58.871,27.146111111111
Long Yeast Grow,pioreactor02,2025-09-20T02:28:21.871Z,539.1,2025-09-20 04:28:21.871,27.1525
Long Yeast Grow,pioreactor02,2025-09-20T02:28:44.871Z,531.7,2025-09-20 04:28:44.871,27.158888888889
Long Yeast Grow,pioreactor02,2025-09-20T02:29:07.871Z,527.1,2025-09-20 04:29:07.871,27.165277777778
Long Yeast Grow,pioreactor02,2025-09-20T02:29:30.871Z,516.6,2025-09-20 04:29:30.871,27.171666666667
Long Yeast Grow,pioreactor02,2025-09-20T02:29:53.871Z,518.3,2025-09-20 04:29:53.871,27.178055555556
Long Yeast Grow,pioreactor02,2025-09-20T02:30:16.871Z,514.4,2025-09-20 04:30:16.871,27.184444444444
Long Yeast Grow,pioreactor02,2025-09-20T02:30:39.871Z,498.6,2025-09-20 04:30:39.871,27.190833333333
Long Yeast Grow,pioreactor02,2025-09-20T02:31:02.871Z,416.3,2025-09-20 04:31:02.871,27.197222222222
Long Yeast Grow,pioreactor02,2025-09-20T02:31:25.871Z,522.6,2025-09-20 04:31:25.871,27.203611111111
Long Yeast Grow,pioreactor02,2025-09-20T02:31:48.871Z,525.3,2025-09-20 04:31:48.871,27.21
Long Yeast Grow,pioreactor02,2025-09-20T02:32:11.871Z,500.6,2025-09-20 04:32:11.871,27.216388888889
Long Yeast Grow,pioreactor02,2025-09-20T02:32:34.871Z,520.6,2025-09-20 04:32:34.871,27.222777777778
Long Yeast Grow,pioreactor02,2025-09-20T02:32:57.871Z,503.1,2025-09-20 04:32:57.871,27.229166666667
Long Yeast Grow,pioreactor02,2025-09-20T02:33:20.871Z,493.1,2025-09-20 04:33:20.871,27.235555555556
Long Yeast Grow,pioreactor02,2025-09-20T02:33:43.871Z,508.4,2025-09-20 04:33:43.871,27.241944444444
Long Yeast Grow,pioreactor02,2025-09-20T02:34:06.871Z,403.0,2025-09-20 04:34:06.871,27.248333333333
Long Yeast Grow,pioreactor02,2025-09-20T02:34:29.871Z,408.5,2025-09-20 04:34:29.871,27.254722222222
Long Yeast Grow,pioreactor02,2025-09-20T02:34:52.871Z,413.1,2025-09-20 04:34:52.871,27.261111111111
Long Yeast Grow,pioreactor02,2025-09-20T02:35:15.871Z,556.7,2025-09-20 04:35:15.871,27.2675
Long Yeast Grow,pioreactor02,2025-09-20T02:35:38.871Z,543.2,2025-09-20 04:35:38.871,27.273888888889
Long Yeast Grow,pioreactor02,2025-09-20T02:36:01.871Z,538.3,2025-09-20 04:36:01.871,27.280277777778
Long Yeast Grow,pioreactor02,2025-09-20T02:36:24.871Z,543.0,2025-09-20 04:36:24.871,27.286666666667
Long Yeast Grow,pioreactor02,2025-09-20T02:36:47.871Z,532.0,2025-09-20 04:36:47.871,27.293055555556
Long Yeast Grow,pioreactor02,2025-09-20T02:37:10.871Z,509.2,2025-09-20 04:37:10.871,27.299444444444
Long Yeast Grow,pioreactor02,2025-09-20T02:37:33.871Z,520.7,2025-09-20 04:37:33.871,27.305833333333
Long Yeast Grow,pioreactor02,2025-09-20T02:37:56.871Z,512.2,2025-09-20 04:37:56.871,27.312222222222
Long Yeast Grow,pioreactor02,2025-09-20T02:38:19.871Z,507.2,2025-09-20 04:38:19.871,27.318611111111
Long Yeast Grow,pioreactor02,2025-09-20T02:38:42.871Z,510.2,2025-09-20 04:38:42.871,27.325
Long Yeast Grow,pioreactor02,2025-09-20T02:39:05.871Z,504.6,2025-09-20 04:39:05.871,27.331388888889
Long Yeast Grow,pioreactor02,2025-09-20T02:39:28.871Z,416.4,2025-09-20 04:39:28.871,27.337777777778
Long Yeast Grow,pioreactor02,2025-09-20T02:39:51.871Z,525.4,2025-09-20 04:39:51.871,27.344166666667
Long Yeast Grow,pioreactor02,2025-09-20T02:40:14.871Z,509.4,2025-09-20 04:40:14.871,27.350555555556
Long Yeast Grow,pioreactor02,2025-09-20T02:40:37.871Z,480.8,2025-09-20 04:40:37.871,27.356944444444
Long Yeast Grow,pioreactor02,2025-09-20T02:41:00.871Z,403.2,2025-09-20 04:41:00.871,27.363333333333
Long Yeast Grow,pioreactor02,2025-09-20T02:41:23.871Z,416.2,2025-09-20 04:41:23.871,27.369722222222
Long Yeast Grow,pioreactor02,2025-09-20T02:41:46.871Z,553.1,2025-09-20 04:41:46.871,27.376111111111
Long Yeast Grow,pioreactor02,2025-09-20T02:42:09.871Z,542.7,2025-09-20 04:42:09.871,27.3825
Long Yeast Grow,pioreactor02,2025-09-20T02:42:32.871Z,535.5,2025-09-20 04:42:32.871,27.388888888889
Long Yeast Grow,pioreactor02,2025-09-20T02:42:55.871Z,533.5,2025-09-20 04:42:55.871,27.395277777778
Long Yeast Grow,pioreactor02,2025-09-20T02:43:18.871Z,526.0,2025-09-20 04:43:18.871,27.401666666667
Long Yeast Grow,pioreactor02,2025-09-20T02:43:41.871Z,513.4,2025-09-20 04:43:41.871,27.408055555556
Long Yeast Grow,pioreactor02,2025-09-20T02:44:04.871Z,511.4,2025-09-20 04:44:04.871,27.414444444444
Long Yeast Grow,pioreactor02,2025-09-20T02:44:27.871Z,513.3,2025-09-20 04:44:27.871,27.420833333333
Long Yeast Grow,pioreactor02,2025-09-20T02:44:50.871Z,510.6,2025-09-20 04:44:50.871,27.427222222222
Long Yeast Grow,pioreactor02,2025-09-20T02:45:13.871Z,403.5,2025-09-20 04:45:13.871,27.433611111111
Long Yeast Grow,pioreactor02,2025-09-20T02:45:36.871Z,411.1,2025-09-20 04:45:36.871,27.44
Long Yeast Grow,pioreactor02,2025-09-20T02:45:59.871Z,421.2,2025-09-20 04:45:59.871,27.446388888889
Long Yeast Grow,pioreactor02,2025-09-20T02:46:22.871Z,565.3,2025-09-20 04:46:22.871,27.452777777778
Long Yeast Grow,pioreactor02,2025-09-20T02:46:45.871Z,551.4,2025-09-20 04:46:45.871,27.459166666667
Long Yeast Grow,pioreactor02,2025-09-20T02:47:08.871Z,534.5,2025-09-20 04:47:08.871,27.465555555556
Long Yeast Grow,pioreactor02,2025-09-20T02:47:31.871Z,530.5,2025-09-20 04:47:31.871,27.471944444444
Long Yeast Grow,pioreactor02,2025-09-20T02:47:54.871Z,527.5,2025-09-20 04:47:54.871,27.478333333333
Long Yeast Grow,pioreactor02,2025-09-20T02:48:17.871Z,526.1,2025-09-20 04:48:17.871,27.484722222222
Long Yeast Grow,pioreactor02,2025-09-20T02:48:40.871Z,516.1,2025-09-20 04:48:40.871,27.491111111111
Long Yeast Grow,pioreactor02,2025-09-20T02:49:03.871Z,510.3,2025-09-20 04:49:03.871,27.4975
Long Yeast Grow,pioreactor02,2025-09-20T02:49:26.871Z,501.5,2025-09-20 04:49:26.871,27.503888888889
Long Yeast Grow,pioreactor02,2025-09-20T02:49:49.871Z,495.4,2025-09-20 04:49:49.871,27.510277777778
Long Yeast Grow,pioreactor02,2025-09-20T02:50:12.871Z,504.0,2025-09-20 04:50:12.871,27.516666666667
Long Yeast Grow,pioreactor02,2025-09-20T02:50:35.871Z,499.3,2025-09-20 04:50:35.871,27.523055555556
Long Yeast Grow,pioreactor02,2025-09-20T02:50:58.871Z,499.7,2025-09-20 04:50:58.871,27.529444444444
Long Yeast Grow,pioreactor02,2025-09-20T02:51:21.871Z,511.9,2025-09-20 04:51:21.871,27.535833333333
Long Yeast Grow,pioreactor02,2025-09-20T02:51:44.871Z,501.0,2025-09-20 04:51:44.871,27.542222222222
Long Yeast Grow,pioreactor02,2025-09-20T02:52:07.871Z,510.1,2025-09-20 04:52:07.871,27.548611111111
Long Yeast Grow,pioreactor02,2025-09-20T02:52:30.871Z,479.3,2025-09-20 04:52:30.871,27.555
Long Yeast Grow,pioreactor02,2025-09-20T02:52:53.871Z,404.8,2025-09-20 04:52:53.871,27.561388888889
Long Yeast Grow,pioreactor02,2025-09-20T02:53:16.871Z,409.8,2025-09-20 04:53:16.871,27.567777777778
Long Yeast Grow,pioreactor02,2025-09-20T02:53:39.871Z,414.7,2025-09-20 04:53:39.871,27.574166666667
Long Yeast Grow,pioreactor02,2025-09-20T02:54:02.871Z,563.1,2025-09-20 04:54:02.871,27.580555555556
Long Yeast Grow,pioreactor02,2025-09-20T02:54:25.871Z,554.9,2025-09-20 04:54:25.871,27.586944444444
Long Yeast Grow,pioreactor02,2025-09-20T02:54:48.871Z,546.6,2025-09-20 04:54:48.871,27.593333333333
Long Yeast Grow,pioreactor02,2025-09-20T02:55:11.871Z,535.6,2025-09-20 04:55:11.871,27.599722222222
Long Yeast Grow,pioreactor02,2025-09-20T02:55:34.871Z,528.8,2025-09-20 04:55:34.871,27.606111111111
Long Yeast Grow,pioreactor02,2025-09-20T02:55:57.871Z,521.1,2025-09-20 04:55:57.871,27.6125
Long Yeast Grow,pioreactor02,2025-09-20T02:56:20.871Z,514.7,2025-09-20 04:56:20.871,27.618888888889
Long Yeast Grow,pioreactor02,2025-09-20T02:56:43.871Z,511.6,2025-09-20 04:56:43.871,27.625277777778
Long Yeast Grow,pioreactor02,2025-09-20T02:57:06.871Z,503.7,2025-09-20 04:57:06.871,27.631666666667
Long Yeast Grow,pioreactor02,2025-09-20T02:57:29.871Z,504.6,2025-09-20 04:57:29.871,27.638055555556
Long Yeast Grow,pioreactor02,2025-09-20T02:57:52.871Z,492.4,2025-09-20 04:57:52.871,27.644444444444
Long Yeast Grow,pioreactor02,2025-09-20T02:58:15.871Z,431.9,2025-09-20 04:58:15.871,27.650833333333
Long Yeast Grow,pioreactor02,2025-09-20T02:58:38.871Z,524.0,2025-09-20 04:58:38.871,27.657222222222
Long Yeast Grow,pioreactor02,2025-09-20T02:59:01.871Z,518.0,2025-09-20 04:59:01.871,27.663611111111
Long Yeast Grow,pioreactor02,2025-09-20T02:59:24.871Z,516.3,2025-09-20 04:59:24.871,27.67
Long Yeast Grow,pioreactor02,2025-09-20T02:59:47.871Z,504.6,2025-09-20 04:59:47.871,27.676388888889
Long Yeast Grow,pioreactor02,2025-09-20T03:00:10.871Z,420.6,2025-09-20 05:00:10.871,27.682777777778
Long Yeast Grow,pioreactor02,2025-09-20T03:00:33.871Z,531.0,2025-09-20 05:00:33.871,27.689166666667
Long Yeast Grow,pioreactor02,2025-09-20T03:00:56.871Z,516.3,2025-09-20 05:00:56.871,27.695555555556
Long Yeast Grow,pioreactor02,2025-09-20T03:01:19.871Z,505.5,2025-09-20 05:01:19.871,27.701944444444
Long Yeast Grow,pioreactor02,2025-09-20T03:01:42.871Z,524.7,2025-09-20 05:01:42.871,27.708333333333
Long Yeast Grow,pioreactor02,2025-09-20T03:02:05.871Z,513.4,2025-09-20 05:02:05.871,27.714722222222
Long Yeast Grow,pioreactor02,2025-09-20T03:02:28.871Z,511.4,2025-09-20 05:02:28.871,27.721111111111
Long Yeast Grow,pioreactor02,2025-09-20T03:02:51.871Z,494.0,2025-09-20 05:02:51.871,27.7275
Long Yeast Grow,pioreactor02,2025-09-20T03:03:14.871Z,502.6,2025-09-20 05:03:14.871,27.733888888889
Long Yeast Grow,pioreactor02,2025-09-20T03:03:37.871Z,497.8,2025-09-20 05:03:37.871,27.740277777778
Long Yeast Grow,pioreactor02,2025-09-20T03:04:00.871Z,413.5,2025-09-20 05:04:00.871,27.746666666667
Long Yeast Grow,pioreactor02,2025-09-20T03:04:23.871Z,508.9,2025-09-20 05:04:23.871,27.753055555556
Long Yeast Grow,pioreactor02,2025-09-20T03:04:46.871Z,528.0,2025-09-20 05:04:46.871,27.759444444444
Long Yeast Grow,pioreactor02,2025-09-20T03:05:09.871Z,526.6,2025-09-20 05:05:09.871,27.765833333333
Long Yeast Grow,pioreactor02,2025-09-20T03:05:32.871Z,520.4,2025-09-20 05:05:32.871,27.772222222222
Long Yeast Grow,pioreactor02,2025-09-20T03:05:55.871Z,444.6,2025-09-20 05:05:55.871,27.778611111111
Long Yeast Grow,pioreactor02,2025-09-20T03:06:18.871Z,404.7,2025-09-20 05:06:18.871,27.785
Long Yeast Grow,pioreactor02,2025-09-20T03:06:41.871Z,409.4,2025-09-20 05:06:41.871,27.791388888889
Long Yeast Grow,pioreactor02,2025-09-20T03:07:04.871Z,418.9,2025-09-20 05:07:04.871,27.797777777778
Long Yeast Grow,pioreactor02,2025-09-20T03:07:27.871Z,568.7,2025-09-20 05:07:27.871,27.804166666667
Long Yeast Grow,pioreactor02,2025-09-20T03:07:50.871Z,561.1,2025-09-20 05:07:50.871,27.810555555556
Long Yeast Grow,pioreactor02,2025-09-20T03:08:13.871Z,556.0,2025-09-20 05:08:13.871,27.816944444444
Long Yeast Grow,pioreactor02,2025-09-20T03:08:36.871Z,537.4,2025-09-20 05:08:36.871,27.823333333333
Long Yeast Grow,pioreactor02,2025-09-20T03:08:59.871Z,534.0,2025-09-20 05:08:59.871,27.829722222222
Long Yeast Grow,pioreactor02,2025-09-20T03:09:22.871Z,521.5,2025-09-20 05:09:22.871,27.836111111111
Long Yeast Grow,pioreactor02,2025-09-20T03:09:45.871Z,523.4,2025-09-20 05:09:45.871,27.8425
Long Yeast Grow,pioreactor02,2025-09-20T03:10:08.871Z,414.4,2025-09-20 05:10:08.871,27.848888888889
Long Yeast Grow,pioreactor02,2025-09-20T03:10:31.871Z,407.9,2025-09-20 05:10:31.871,27.855277777778
Long Yeast Grow,pioreactor02,2025-09-20T03:10:54.871Z,414.0,2025-09-20 05:10:54.871,27.861666666667
Long Yeast Grow,pioreactor02,2025-09-20T03:11:17.871Z,560.4,2025-09-20 05:11:17.871,27.868055555556
Long Yeast Grow,pioreactor02,2025-09-20T03:11:40.871Z,555.9,2025-09-20 05:11:40.871,27.874444444444
Long Yeast Grow,pioreactor02,2025-09-20T03:12:03.871Z,542.2,2025-09-20 05:12:03.871,27.880833333333
Long Yeast Grow,pioreactor02,2025-09-20T03:12:26.871Z,536.0,2025-09-20 05:12:26.871,27.887222222222
Long Yeast Grow,pioreactor02,2025-09-20T03:12:49.871Z,526.4,2025-09-20 05:12:49.871,27.893611111111
Long Yeast Grow,pioreactor02,2025-09-20T03:13:12.871Z,520.8,2025-09-20 05:13:12.871,27.9
Long Yeast Grow,pioreactor02,2025-09-20T03:13:35.871Z,510.7,2025-09-20 05:13:35.871,27.906388888889
Long Yeast Grow,pioreactor02,2025-09-20T03:13:58.871Z,506.5,2025-09-20 05:13:58.871,27.912777777778
Long Yeast Grow,pioreactor02,2025-09-20T03:14:21.871Z,507.4,2025-09-20 05:14:21.871,27.919166666667
Long Yeast Grow,pioreactor02,2025-09-20T03:14:44.871Z,499.8,2025-09-20 05:14:44.871,27.925555555556
Long Yeast Grow,pioreactor02,2025-09-20T03:15:07.871Z,498.2,2025-09-20 05:15:07.871,27.931944444444
Long Yeast Grow,pioreactor02,2025-09-20T03:15:30.871Z,500.0,2025-09-20 05:15:30.871,27.938333333333
Long Yeast Grow,pioreactor02,2025-09-20T03:15:53.871Z,416.7,2025-09-20 05:15:53.871,27.944722222222
Long Yeast Grow,pioreactor02,2025-09-20T03:16:16.871Z,521.2,2025-09-20 05:16:16.871,27.951111111111
Long Yeast Grow,pioreactor02,2025-09-20T03:16:39.871Z,512.1,2025-09-20 05:16:39.871,27.9575
Long Yeast Grow,pioreactor02,2025-09-20T03:17:02.871Z,503.7,2025-09-20 05:17:02.871,27.963888888889
Long Yeast Grow,pioreactor02,2025-09-20T03:17:25.871Z,522.4,2025-09-20 05:17:25.871,27.970277777778
Long Yeast Grow,pioreactor02,2025-09-20T03:17:48.871Z,514.3,2025-09-20 05:17:48.871,27.976666666667
Long Yeast Grow,pioreactor02,2025-09-20T03:18:11.871Z,503.0,2025-09-20 05:18:11.871,27.983055555556
Long Yeast Grow,pioreactor02,2025-09-20T03:18:34.871Z,507.8,2025-09-20 05:18:34.871,27.989444444444
Long Yeast Grow,pioreactor02,2025-09-20T03:18:57.871Z,505.5,2025-09-20 05:18:57.871,27.995833333333
Long Yeast Grow,pioreactor02,2025-09-20T03:19:20.871Z,499.3,2025-09-20 05:19:20.871,28.002222222222
Long Yeast Grow,pioreactor02,2025-09-20T03:19:43.871Z,507.2,2025-09-20 05:19:43.871,28.008611111111
Long Yeast Grow,pioreactor02,2025-09-20T03:20:06.871Z,414.1,2025-09-20 05:20:06.871,28.015
Long Yeast Grow,pioreactor02,2025-09-20T03:20:29.871Z,530.7,2025-09-20 05:20:29.871,28.021388888889
Long Yeast Grow,pioreactor02,2025-09-20T03:20:52.871Z,518.2,2025-09-20 05:20:52.871,28.027777777778
Long Yeast Grow,pioreactor02,2025-09-20T03:21:15.871Z,506.5,2025-09-20 05:21:15.871,28.034166666667
Long Yeast Grow,pioreactor02,2025-09-20T03:21:38.871Z,519.3,2025-09-20 05:21:38.871,28.040555555556
Long Yeast Grow,pioreactor02,2025-09-20T03:22:01.871Z,500.2,2025-09-20 05:22:01.871,28.046944444444
Long Yeast Grow,pioreactor02,2025-09-20T03:22:24.871Z,501.8,2025-09-20 05:22:24.871,28.053333333333
Long Yeast Grow,pioreactor02,2025-09-20T03:22:47.871Z,509.6,2025-09-20 05:22:47.871,28.059722222222
Long Yeast Grow,pioreactor02,2025-09-20T03:23:10.871Z,500.3,2025-09-20 05:23:10.871,28.066111111111
Long Yeast Grow,pioreactor02,2025-09-20T03:23:33.871Z,504.4,2025-09-20 05:23:33.871,28.0725
Long Yeast Grow,pioreactor02,2025-09-20T03:23:56.871Z,492.6,2025-09-20 05:23:56.871,28.078888888889
Long Yeast Grow,pioreactor02,2025-09-20T03:24:19.871Z,400.4,2025-09-20 05:24:19.871,28.085277777778
Long Yeast Grow,pioreactor02,2025-09-20T03:24:42.871Z,409.6,2025-09-20 05:24:42.871,28.091666666667
Long Yeast Grow,pioreactor02,2025-09-20T03:25:05.871Z,414.6,2025-09-20 05:25:05.871,28.098055555556
Long Yeast Grow,pioreactor02,2025-09-20T03:25:28.871Z,562.8,2025-09-20 05:25:28.871,28.104444444444
Long Yeast Grow,pioreactor02,2025-09-20T03:25:51.871Z,553.0,2025-09-20 05:25:51.871,28.110833333333
Long Yeast Grow,pioreactor02,2025-09-20T03:26:14.871Z,543.7,2025-09-20 05:26:14.871,28.117222222222
Long Yeast Grow,pioreactor02,2025-09-20T03:26:37.871Z,537.1,2025-09-20 05:26:37.871,28.123611111111
Long Yeast Grow,pioreactor02,2025-09-20T03:27:00.871Z,523.3,2025-09-20 05:27:00.871,28.13
Long Yeast Grow,pioreactor02,2025-09-20T03:27:23.871Z,513.8,2025-09-20 05:27:23.871,28.136388888889
Long Yeast Grow,pioreactor02,2025-09-20T03:27:46.871Z,507.7,2025-09-20 05:27:46.871,28.142777777778
Long Yeast Grow,pioreactor02,2025-09-20T03:28:09.871Z,504.4,2025-09-20 05:28:09.871,28.149166666667
Long Yeast Grow,pioreactor02,2025-09-20T03:28:32.871Z,516.3,2025-09-20 05:28:32.871,28.155555555556
Long Yeast Grow,pioreactor02,2025-09-20T03:28:55.871Z,505.5,2025-09-20 05:28:55.871,28.161944444444
Long Yeast Grow,pioreactor02,2025-09-20T03:29:18.871Z,399.2,2025-09-20 05:29:18.871,28.168333333333
Long Yeast Grow,pioreactor02,2025-09-20T03:29:41.871Z,410.5,2025-09-20 05:29:41.871,28.174722222222
Long Yeast Grow,pioreactor02,2025-09-20T03:30:04.871Z,414.4,2025-09-20 05:30:04.871,28.181111111111
Long Yeast Grow,pioreactor02,2025-09-20T03:30:27.871Z,553.5,2025-09-20 05:30:27.871,28.1875
Long Yeast Grow,pioreactor02,2025-09-20T03:30:50.871Z,554.8,2025-09-20 05:30:50.871,28.193888888889
Long Yeast Grow,pioreactor02,2025-09-20T03:31:13.871Z,545.3,2025-09-20 05:31:13.871,28.200277777778
Long Yeast Grow,pioreactor02,2025-09-20T03:31:36.871Z,536.3,2025-09-20 05:31:36.871,28.206666666667
Long Yeast Grow,pioreactor02,2025-09-20T03:31:59.871Z,525.2,2025-09-20 05:31:59.871,28.213055555556
Long Yeast Grow,pioreactor02,2025-09-20T03:32:22.871Z,522.4,2025-09-20 05:32:22.871,28.219444444444
Long Yeast Grow,pioreactor02,2025-09-20T03:32:45.871Z,508.8,2025-09-20 05:32:45.871,28.225833333333
Long Yeast Grow,pioreactor02,2025-09-20T03:33:08.871Z,516.7,2025-09-20 05:33:08.871,28.232222222222
Long Yeast Grow,pioreactor02,2025-09-20T03:33:31.871Z,500.2,2025-09-20 05:33:31.871,28.238611111111
Long Yeast Grow,pioreactor02,2025-09-20T03:33:54.871Z,503.8,2025-09-20 05:33:54.871,28.245
Long Yeast Grow,pioreactor02,2025-09-20T03:34:17.871Z,501.2,2025-09-20 05:34:17.871,28.251388888889
Long Yeast Grow,pioreactor02,2025-09-20T03:34:40.871Z,401.9,2025-09-20 05:34:40.871,28.257777777778
Long Yeast Grow,pioreactor02,2025-09-20T03:35:03.871Z,409.2,2025-09-20 05:35:03.871,28.264166666667
Long Yeast Grow,pioreactor02,2025-09-20T03:35:26.871Z,419.3,2025-09-20 05:35:26.871,28.270555555556
Long Yeast Grow,pioreactor02,2025-09-20T03:35:49.871Z,553.1,2025-09-20 05:35:49.871,28.276944444444
Long Yeast Grow,pioreactor02,2025-09-20T03:36:12.871Z,552.7,2025-09-20 05:36:12.871,28.283333333333
Long Yeast Grow,pioreactor02,2025-09-20T03:36:35.871Z,541.9,2025-09-20 05:36:35.871,28.289722222222
Long Yeast Grow,pioreactor02,2025-09-20T03:36:58.871Z,539.5,2025-09-20 05:36:58.871,28.296111111111
Long Yeast Grow,pioreactor02,2025-09-20T03:37:21.871Z,527.0,2025-09-20 05:37:21.871,28.3025
Long Yeast Grow,pioreactor02,2025-09-20T03:37:44.871Z,524.8,2025-09-20 05:37:44.871,28.308888888889
Long Yeast Grow,pioreactor02,2025-09-20T03:38:07.871Z,524.6,2025-09-20 05:38:07.871,28.315277777778
Long Yeast Grow,pioreactor02,2025-09-20T03:38:30.871Z,507.8,2025-09-20 05:38:30.871,28.321666666667
Long Yeast Grow,pioreactor02,2025-09-20T03:38:53.871Z,508.6,2025-09-20 05:38:53.871,28.328055555556
Long Yeast Grow,pioreactor02,2025-09-20T03:39:16.871Z,509.5,2025-09-20 05:39:16.871,28.334444444444
Long Yeast Grow,pioreactor02,2025-09-20T03:39:39.871Z,498.3,2025-09-20 05:39:39.871,28.340833333333
Long Yeast Grow,pioreactor02,2025-09-20T03:40:02.871Z,416.2,2025-09-20 05:40:02.871,28.347222222222
Long Yeast Grow,pioreactor02,2025-09-20T03:40:25.871Z,519.3,2025-09-20 05:40:25.871,28.353611111111
Long Yeast Grow,pioreactor02,2025-09-20T03:40:48.871Z,513.6,2025-09-20 05:40:48.871,28.36
Long Yeast Grow,pioreactor02,2025-09-20T03:41:11.871Z,517.7,2025-09-20 05:41:11.871,28.366388888889
Long Yeast Grow,pioreactor02,2025-09-20T03:41:34.871Z,510.8,2025-09-20 05:41:34.871,28.372777777778
Long Yeast Grow,pioreactor02,2025-09-20T03:41:57.871Z,518.2,2025-09-20 05:41:57.871,28.379166666667
Long Yeast Grow,pioreactor02,2025-09-20T03:42:20.871Z,465.6,2025-09-20 05:42:20.871,28.385555555556
Long Yeast Grow,pioreactor02,2025-09-20T03:42:43.871Z,404.5,2025-09-20 05:42:43.871,28.391944444444
Long Yeast Grow,pioreactor02,2025-09-20T03:43:06.871Z,413.7,2025-09-20 05:43:06.871,28.398333333333
Long Yeast Grow,pioreactor02,2025-09-20T03:43:29.871Z,415.8,2025-09-20 05:43:29.871,28.404722222222
Long Yeast Grow,pioreactor02,2025-09-20T03:43:52.871Z,548.6,2025-09-20 05:43:52.871,28.411111111111
Long Yeast Grow,pioreactor02,2025-09-20T03:44:15.871Z,551.8,2025-09-20 05:44:15.871,28.4175
Long Yeast Grow,pioreactor02,2025-09-20T03:44:38.871Z,541.7,2025-09-20 05:44:38.871,28.423888888889
Long Yeast Grow,pioreactor02,2025-09-20T03:45:01.871Z,541.1,2025-09-20 05:45:01.871,28.430277777778
Long Yeast Grow,pioreactor02,2025-09-20T03:45:24.871Z,528.0,2025-09-20 05:45:24.871,28.436666666667
Long Yeast Grow,pioreactor02,2025-09-20T03:45:47.871Z,531.5,2025-09-20 05:45:47.871,28.443055555556
Long Yeast Grow,pioreactor02,2025-09-20T03:46:10.871Z,525.3,2025-09-20 05:46:10.871,28.449444444444
Long Yeast Grow,pioreactor02,2025-09-20T03:46:33.871Z,505.7,2025-09-20 05:46:33.871,28.455833333333
Long Yeast Grow,pioreactor02,2025-09-20T03:46:56.871Z,510.4,2025-09-20 05:46:56.871,28.462222222222
Long Yeast Grow,pioreactor02,2025-09-20T03:47:19.871Z,510.7,2025-09-20 05:47:19.871,28.468611111111
Long Yeast Grow,pioreactor02,2025-09-20T03:47:42.871Z,502.6,2025-09-20 05:47:42.871,28.475
Long Yeast Grow,pioreactor02,2025-09-20T03:48:05.871Z,498.2,2025-09-20 05:48:05.871,28.481388888889
Long Yeast Grow,pioreactor02,2025-09-20T03:48:28.871Z,513.1,2025-09-20 05:48:28.871,28.487777777778
Long Yeast Grow,pioreactor02,2025-09-20T03:48:51.871Z,496.3,2025-09-20 05:48:51.871,28.494166666667
Long Yeast Grow,pioreactor02,2025-09-20T03:49:14.871Z,500.2,2025-09-20 05:49:14.871,28.500555555556
Long Yeast Grow,pioreactor02,2025-09-20T03:49:37.871Z,497.3,2025-09-20 05:49:37.871,28.506944444444
Long Yeast Grow,pioreactor02,2025-09-20T03:50:00.871Z,501.0,2025-09-20 05:50:00.871,28.513333333333
Long Yeast Grow,pioreactor02,2025-09-20T03:50:23.871Z,408.0,2025-09-20 05:50:23.871,28.519722222222
Long Yeast Grow,pioreactor02,2025-09-20T03:50:46.871Z,528.4,2025-09-20 05:50:46.871,28.526111111111
Long Yeast Grow,pioreactor02,2025-09-20T03:51:09.871Z,520.9,2025-09-20 05:51:09.871,28.5325
Long Yeast Grow,pioreactor02,2025-09-20T03:51:32.871Z,516.9,2025-09-20 05:51:32.871,28.538888888889
Long Yeast Grow,pioreactor02,2025-09-20T03:51:55.871Z,505.6,2025-09-20 05:51:55.871,28.545277777778
Long Yeast Grow,pioreactor02,2025-09-20T03:52:18.871Z,511.2,2025-09-20 05:52:18.871,28.551666666667
Long Yeast Grow,pioreactor02,2025-09-20T03:52:41.871Z,500.1,2025-09-20 05:52:41.871,28.558055555556
Long Yeast Grow,pioreactor02,2025-09-20T03:53:04.871Z,505.0,2025-09-20 05:53:04.871,28.564444444444
Long Yeast Grow,pioreactor02,2025-09-20T03:53:27.871Z,414.3,2025-09-20 05:53:27.871,28.570833333333
Long Yeast Grow,pioreactor02,2025-09-20T03:53:50.871Z,519.7,2025-09-20 05:53:50.871,28.577222222222
Long Yeast Grow,pioreactor02,2025-09-20T03:54:13.871Z,514.7,2025-09-20 05:54:13.871,28.583611111111
Long Yeast Grow,pioreactor02,2025-09-20T03:54:36.871Z,517.7,2025-09-20 05:54:36.871,28.59
Long Yeast Grow,pioreactor02,2025-09-20T03:54:59.871Z,517.1,2025-09-20 05:54:59.871,28.596388888889
Long Yeast Grow,pioreactor02,2025-09-20T03:55:22.871Z,511.6,2025-09-20 05:55:22.871,28.602777777778
Long Yeast Grow,pioreactor02,2025-09-20T03:55:45.871Z,498.8,2025-09-20 05:55:45.871,28.609166666667
Long Yeast Grow,pioreactor02,2025-09-20T03:56:08.871Z,516.2,2025-09-20 05:56:08.871,28.615555555556
Long Yeast Grow,pioreactor02,2025-09-20T03:56:31.871Z,413.6,2025-09-20 05:56:31.871,28.621944444444
Long Yeast Grow,pioreactor02,2025-09-20T03:56:54.871Z,517.7,2025-09-20 05:56:54.871,28.628333333333
Long Yeast Grow,pioreactor02,2025-09-20T03:57:17.871Z,521.9,2025-09-20 05:57:17.871,28.634722222222
Long Yeast Grow,pioreactor02,2025-09-20T03:57:40.871Z,499.1,2025-09-20 05:57:40.871,28.641111111111
Long Yeast Grow,pioreactor02,2025-09-20T03:58:03.871Z,519.8,2025-09-20 05:58:03.871,28.6475
Long Yeast Grow,pioreactor02,2025-09-20T03:58:26.871Z,500.7,2025-09-20 05:58:26.871,28.653888888889
Long Yeast Grow,pioreactor02,2025-09-20T03:58:49.871Z,517.9,2025-09-20 05:58:49.871,28.660277777778
Long Yeast Grow,pioreactor02,2025-09-20T03:59:12.871Z,513.7,2025-09-20 05:59:12.871,28.666666666667
Long Yeast Grow,pioreactor02,2025-09-20T03:59:35.871Z,501.8,2025-09-20 05:59:35.871,28.673055555556
Long Yeast Grow,pioreactor02,2025-09-20T03:59:58.871Z,482.4,2025-09-20 05:59:58.871,28.679444444444
Long Yeast Grow,pioreactor02,2025-09-20T04:00:21.871Z,501.0,2025-09-20 06:00:21.871,28.685833333333
Long Yeast Grow,pioreactor02,2025-09-20T04:00:44.871Z,469.2,2025-09-20 06:00:44.871,28.692222222222
Long Yeast Grow,pioreactor02,2025-09-20T04:01:07.871Z,405.9,2025-09-20 06:01:07.871,28.698611111111
Long Yeast Grow,pioreactor02,2025-09-20T04:01:30.871Z,412.4,2025-09-20 06:01:30.871,28.705
Long Yeast Grow,pioreactor02,2025-09-20T04:01:53.871Z,544.4,2025-09-20 06:01:53.871,28.711388888889
Long Yeast Grow,pioreactor02,2025-09-20T04:02:16.871Z,540.9,2025-09-20 06:02:16.871,28.717777777778
Long Yeast Grow,pioreactor02,2025-09-20T04:02:39.871Z,535.7,2025-09-20 06:02:39.871,28.724166666667
Long Yeast Grow,pioreactor02,2025-09-20T04:03:02.871Z,531.3,2025-09-20 06:03:02.871,28.730555555556
Long Yeast Grow,pioreactor02,2025-09-20T04:03:25.871Z,520.5,2025-09-20 06:03:25.871,28.736944444444
Long Yeast Grow,pioreactor02,2025-09-20T04:03:48.871Z,511.4,2025-09-20 06:03:48.871,28.743333333333
Long Yeast Grow,pioreactor02,2025-09-20T04:04:11.871Z,510.9,2025-09-20 06:04:11.871,28.749722222222
Long Yeast Grow,pioreactor02,2025-09-20T04:04:34.871Z,492.3,2025-09-20 06:04:34.871,28.756111111111
Long Yeast Grow,pioreactor02,2025-09-20T04:04:57.871Z,507.3,2025-09-20 06:04:57.871,28.7625
Long Yeast Grow,pioreactor02,2025-09-20T04:05:20.871Z,496.0,2025-09-20 06:05:20.871,28.768888888889
Long Yeast Grow,pioreactor02,2025-09-20T04:05:43.871Z,504.3,2025-09-20 06:05:43.871,28.775277777778
Long Yeast Grow,pioreactor02,2025-09-20T04:06:06.871Z,494.9,2025-09-20 06:06:06.871,28.781666666667
Long Yeast Grow,pioreactor02,2025-09-20T04:06:29.871Z,513.6,2025-09-20 06:06:29.871,28.788055555556
Long Yeast Grow,pioreactor02,2025-09-20T04:06:52.871Z,502.3,2025-09-20 06:06:52.871,28.794444444444
Long Yeast Grow,pioreactor02,2025-09-20T04:07:15.871Z,401.9,2025-09-20 06:07:15.871,28.800833333333
Long Yeast Grow,pioreactor02,2025-09-20T04:07:38.871Z,410.0,2025-09-20 06:07:38.871,28.807222222222
Long Yeast Grow,pioreactor02,2025-09-20T04:08:01.871Z,411.3,2025-09-20 06:08:01.871,28.813611111111
Long Yeast Grow,pioreactor02,2025-09-20T04:08:24.871Z,543.4,2025-09-20 06:08:24.871,28.82
Long Yeast Grow,pioreactor02,2025-09-20T04:08:47.871Z,556.1,2025-09-20 06:08:47.871,28.826388888889
Long Yeast Grow,pioreactor02,2025-09-20T04:09:10.871Z,549.0,2025-09-20 06:09:10.871,28.832777777778
Long Yeast Grow,pioreactor02,2025-09-20T04:09:33.871Z,538.3,2025-09-20 06:09:33.871,28.839166666667
Long Yeast Grow,pioreactor02,2025-09-20T04:09:56.871Z,523.7,2025-09-20 06:09:56.871,28.845555555556
Long Yeast Grow,pioreactor02,2025-09-20T04:10:19.871Z,528.2,2025-09-20 06:10:19.871,28.851944444444
Long Yeast Grow,pioreactor02,2025-09-20T04:10:42.871Z,520.3,2025-09-20 06:10:42.871,28.858333333333
Long Yeast Grow,pioreactor02,2025-09-20T04:11:05.871Z,508.7,2025-09-20 06:11:05.871,28.864722222222
Long Yeast Grow,pioreactor02,2025-09-20T04:11:28.871Z,511.5,2025-09-20 06:11:28.871,28.871111111111
Long Yeast Grow,pioreactor02,2025-09-20T04:11:51.871Z,503.2,2025-09-20 06:11:51.871,28.8775
Long Yeast Grow,pioreactor02,2025-09-20T04:12:14.871Z,509.2,2025-09-20 06:12:14.871,28.883888888889
Long Yeast Grow,pioreactor02,2025-09-20T04:12:37.871Z,399.6,2025-09-20 06:12:37.871,28.890277777778
Long Yeast Grow,pioreactor02,2025-09-20T04:13:00.871Z,410.0,2025-09-20 06:13:00.871,28.896666666667
Long Yeast Grow,pioreactor02,2025-09-20T04:13:23.871Z,413.6,2025-09-20 06:13:23.871,28.903055555556
Long Yeast Grow,pioreactor02,2025-09-20T04:13:46.871Z,530.3,2025-09-20 06:13:46.871,28.909444444444
Long Yeast Grow,pioreactor02,2025-09-20T04:14:09.871Z,543.5,2025-09-20 06:14:09.871,28.915833333333
Long Yeast Grow,pioreactor02,2025-09-20T04:14:32.871Z,547.0,2025-09-20 06:14:32.871,28.922222222222
Long Yeast Grow,pioreactor02,2025-09-20T04:14:55.871Z,542.5,2025-09-20 06:14:55.871,28.928611111111
Long Yeast Grow,pioreactor02,2025-09-20T04:15:18.871Z,528.8,2025-09-20 06:15:18.871,28.935
Long Yeast Grow,pioreactor02,2025-09-20T04:15:41.871Z,529.2,2025-09-20 06:15:41.871,28.941388888889
Long Yeast Grow,pioreactor02,2025-09-20T04:16:04.871Z,510.5,2025-09-20 06:16:04.871,28.947777777778
Long Yeast Grow,pioreactor02,2025-09-20T04:16:27.871Z,515.4,2025-09-20 06:16:27.871,28.954166666667
Long Yeast Grow,pioreactor02,2025-09-20T04:16:50.871Z,508.9,2025-09-20 06:16:50.871,28.960555555556
Long Yeast Grow,pioreactor02,2025-09-20T04:17:13.871Z,501.5,2025-09-20 06:17:13.871,28.966944444444
Long Yeast Grow,pioreactor02,2025-09-20T04:17:36.871Z,500.4,2025-09-20 06:17:36.871,28.973333333333
Long Yeast Grow,pioreactor02,2025-09-20T04:17:59.871Z,499.9,2025-09-20 06:17:59.871,28.979722222222
Long Yeast Grow,pioreactor02,2025-09-20T04:18:22.871Z,507.5,2025-09-20 06:18:22.871,28.986111111111
Long Yeast Grow,pioreactor02,2025-09-20T04:18:45.871Z,502.5,2025-09-20 06:18:45.871,28.9925
Long Yeast Grow,pioreactor02,2025-09-20T04:19:08.871Z,402.6,2025-09-20 06:19:08.871,28.998888888889
Long Yeast Grow,pioreactor02,2025-09-20T04:19:31.871Z,407.3,2025-09-20 06:19:31.871,29.005277777778
Long Yeast Grow,pioreactor02,2025-09-20T04:19:54.871Z,418.0,2025-09-20 06:19:54.871,29.011666666667
Long Yeast Grow,pioreactor02,2025-09-20T04:20:17.871Z,554.7,2025-09-20 06:20:17.871,29.018055555556
Long Yeast Grow,pioreactor02,2025-09-20T04:20:40.871Z,555.1,2025-09-20 06:20:40.871,29.024444444444
Long Yeast Grow,pioreactor02,2025-09-20T04:21:03.871Z,541.2,2025-09-20 06:21:03.871,29.030833333333
Long Yeast Grow,pioreactor02,2025-09-20T04:21:26.871Z,532.7,2025-09-20 06:21:26.871,29.037222222222
Long Yeast Grow,pioreactor02,2025-09-20T04:21:49.871Z,533.3,2025-09-20 06:21:49.871,29.043611111111
Long Yeast Grow,pioreactor02,2025-09-20T04:22:12.871Z,523.7,2025-09-20 06:22:12.871,29.05
Long Yeast Grow,pioreactor02,2025-09-20T04:22:35.871Z,507.6,2025-09-20 06:22:35.871,29.056388888889
Long Yeast Grow,pioreactor02,2025-09-20T04:22:58.871Z,518.8,2025-09-20 06:22:58.871,29.062777777778
Long Yeast Grow,pioreactor02,2025-09-20T04:23:21.871Z,507.3,2025-09-20 06:23:21.871,29.069166666667
Long Yeast Grow,pioreactor02,2025-09-20T04:23:44.871Z,498.6,2025-09-20 06:23:44.871,29.075555555556
Long Yeast Grow,pioreactor02,2025-09-20T04:24:07.871Z,495.8,2025-09-20 06:24:07.871,29.081944444444
Long Yeast Grow,pioreactor02,2025-09-20T04:24:30.871Z,501.1,2025-09-20 06:24:30.871,29.088333333333
Long Yeast Grow,pioreactor02,2025-09-20T04:24:53.871Z,427.9,2025-09-20 06:24:53.871,29.094722222222
Long Yeast Grow,pioreactor02,2025-09-20T04:25:16.871Z,533.5,2025-09-20 06:25:16.871,29.101111111111
Long Yeast Grow,pioreactor02,2025-09-20T04:25:39.871Z,519.3,2025-09-20 06:25:39.871,29.1075
Long Yeast Grow,pioreactor02,2025-09-20T04:26:02.871Z,507.4,2025-09-20 06:26:02.871,29.113888888889
Long Yeast Grow,pioreactor02,2025-09-20T04:26:25.871Z,509.3,2025-09-20 06:26:25.871,29.120277777778
Long Yeast Grow,pioreactor02,2025-09-20T04:26:48.871Z,511.7,2025-09-20 06:26:48.871,29.126666666667
Long Yeast Grow,pioreactor02,2025-09-20T04:27:11.871Z,416.4,2025-09-20 06:27:11.871,29.133055555556
Long Yeast Grow,pioreactor02,2025-09-20T04:27:34.871Z,521.1,2025-09-20 06:27:34.871,29.139444444444
Long Yeast Grow,pioreactor02,2025-09-20T04:27:57.871Z,523.0,2025-09-20 06:27:57.871,29.145833333333
Long Yeast Grow,pioreactor02,2025-09-20T04:28:20.871Z,505.7,2025-09-20 06:28:20.871,29.152222222222
Long Yeast Grow,pioreactor02,2025-09-20T04:28:43.871Z,514.3,2025-09-20 06:28:43.871,29.158611111111
Long Yeast Grow,pioreactor02,2025-09-20T04:29:06.871Z,513.6,2025-09-20 06:29:06.871,29.165
Long Yeast Grow,pioreactor02,2025-09-20T04:29:29.871Z,499.4,2025-09-20 06:29:29.871,29.171388888889
Long Yeast Grow,pioreactor02,2025-09-20T04:29:52.871Z,488.9,2025-09-20 06:29:52.871,29.177777777778
Long Yeast Grow,pioreactor02,2025-09-20T04:30:15.871Z,403.5,2025-09-20 06:30:15.871,29.184166666667
Long Yeast Grow,pioreactor02,2025-09-20T04:30:38.871Z,409.1,2025-09-20 06:30:38.871,29.190555555556
Long Yeast Grow,pioreactor02,2025-09-20T04:31:01.871Z,414.4,2025-09-20 06:31:01.871,29.196944444444
Long Yeast Grow,pioreactor02,2025-09-20T04:31:24.871Z,564.9,2025-09-20 06:31:24.871,29.203333333333
Long Yeast Grow,pioreactor02,2025-09-20T04:31:47.871Z,557.5,2025-09-20 06:31:47.871,29.209722222222
Long Yeast Grow,pioreactor02,2025-09-20T04:32:10.871Z,544.6,2025-09-20 06:32:10.871,29.216111111111
Long Yeast Grow,pioreactor02,2025-09-20T04:32:33.871Z,530.6,2025-09-20 06:32:33.871,29.2225
Long Yeast Grow,pioreactor02,2025-09-20T04:32:56.871Z,530.0,2025-09-20 06:32:56.871,29.228888888889
Long Yeast Grow,pioreactor02,2025-09-20T04:33:19.871Z,514.7,2025-09-20 06:33:19.871,29.235277777778
Long Yeast Grow,pioreactor02,2025-09-20T04:33:42.871Z,522.3,2025-09-20 06:33:42.871,29.241666666667
Long Yeast Grow,pioreactor02,2025-09-20T04:34:05.871Z,517.3,2025-09-20 06:34:05.871,29.248055555556
Long Yeast Grow,pioreactor02,2025-09-20T04:34:28.871Z,503.9,2025-09-20 06:34:28.871,29.254444444444
Long Yeast Grow,pioreactor02,2025-09-20T04:34:51.871Z,509.0,2025-09-20 06:34:51.871,29.260833333333
Long Yeast Grow,pioreactor02,2025-09-20T04:35:14.871Z,500.3,2025-09-20 06:35:14.871,29.267222222222
Long Yeast Grow,pioreactor02,2025-09-20T04:35:37.871Z,510.1,2025-09-20 06:35:37.871,29.273611111111
Long Yeast Grow,pioreactor02,2025-09-20T04:36:00.871Z,489.9,2025-09-20 06:36:00.871,29.28
Long Yeast Grow,pioreactor02,2025-09-20T04:36:23.871Z,477.1,2025-09-20 06:36:23.871,29.286388888889
Long Yeast Grow,pioreactor02,2025-09-20T04:36:46.871Z,403.3,2025-09-20 06:36:46.871,29.292777777778
Long Yeast Grow,pioreactor02,2025-09-20T04:37:09.871Z,409.2,2025-09-20 06:37:09.871,29.299166666667
Long Yeast Grow,pioreactor02,2025-09-20T04:37:32.871Z,415.3,2025-09-20 06:37:32.871,29.305555555556
Long Yeast Grow,pioreactor02,2025-09-20T04:37:55.871Z,565.9,2025-09-20 06:37:55.871,29.311944444444
Long Yeast Grow,pioreactor02,2025-09-20T04:38:18.871Z,553.7,2025-09-20 06:38:18.871,29.318333333333
Long Yeast Grow,pioreactor02,2025-09-20T04:38:41.871Z,545.6,2025-09-20 06:38:41.871,29.324722222222
Long Yeast Grow,pioreactor02,2025-09-20T04:39:04.871Z,531.5,2025-09-20 06:39:04.871,29.331111111111
Long Yeast Grow,pioreactor02,2025-09-20T04:39:27.871Z,528.4,2025-09-20 06:39:27.871,29.3375
Long Yeast Grow,pioreactor02,2025-09-20T04:39:50.871Z,518.3,2025-09-20 06:39:50.871,29.343888888889
Long Yeast Grow,pioreactor02,2025-09-20T04:40:13.871Z,524.7,2025-09-20 06:40:13.871,29.350277777778
Long Yeast Grow,pioreactor02,2025-09-20T04:40:36.871Z,504.8,2025-09-20 06:40:36.871,29.356666666667
Long Yeast Grow,pioreactor02,2025-09-20T04:40:59.871Z,515.8,2025-09-20 06:40:59.871,29.363055555556
Long Yeast Grow,pioreactor02,2025-09-20T04:41:22.871Z,502.0,2025-09-20 06:41:22.871,29.369444444444
Long Yeast Grow,pioreactor02,2025-09-20T04:41:45.871Z,503.5,2025-09-20 06:41:45.871,29.375833333333
Long Yeast Grow,pioreactor02,2025-09-20T04:42:08.871Z,512.7,2025-09-20 06:42:08.871,29.382222222222
Long Yeast Grow,pioreactor02,2025-09-20T04:42:31.871Z,486.3,2025-09-20 06:42:31.871,29.388611111111
Long Yeast Grow,pioreactor02,2025-09-20T04:42:54.871Z,416.4,2025-09-20 06:42:54.871,29.395
Long Yeast Grow,pioreactor02,2025-09-20T04:43:17.871Z,523.8,2025-09-20 06:43:17.871,29.401388888889
Long Yeast Grow,pioreactor02,2025-09-20T04:43:40.871Z,508.3,2025-09-20 06:43:40.871,29.407777777778
Long Yeast Grow,pioreactor02,2025-09-20T04:44:03.871Z,513.3,2025-09-20 06:44:03.871,29.414166666667
