experiment,pioreactor_unit,timestamp,event_name,message,data,timestamp_localtime,hours_since_experiment_created
Long Yeast Grow,pioreactor02,2025-09-19T01:36:27.370Z,UpdatedHeaterDC,delta_dc=25,"{""current_dc"": 25.0, ""delta_dc"": 25, ""target_temperature"": 36.0, ""latest_temperature"": 19.875}",2025-09-19 03:36:27.370,2.2875
Long Yeast Grow,pioreactor02,2025-09-19T01:39:53.446Z,UpdatedHeaterDC,delta_dc=23.697000000000013,"{""current_dc"": 48.7, ""delta_dc"": 23.697000000000013, ""target_temperature"": 30.0, ""latest_temperature"": 20.24}",2025-09-19 03:39:53.446,2.344722222222
Long Yeast Grow,pioreactor02,2025-09-19T01:43:13.452Z,UpdatedHeaterDC,delta_dc=13.27999999999998,"{""current_dc"": 61.98, ""delta_dc"": 13.27999999999998, ""target_temperature"": 30.0, ""latest_temperature"": 21.92}",2025-09-19 03:43:13.452,2.400277777778
Long Yeast Grow,pioreactor02,2025-09-19T01:46:33.451Z,UpdatedHeaterDC,delta_dc=12.368000000000002,"{""current_dc"": 74.35, ""delta_dc"": 12.368000000000002, ""target_temperature"": 30.0, ""latest_temperature"": 23.12}",2025-09-19 03:46:33.451,2.455833333333
Long Yeast Grow,pioreactor02,2025-09-19T01:49:53.451Z,UpdatedHeaterDC,delta_dc=6.296000000000003,"{""current_dc"": 80.65, ""delta_dc"": 6.296000000000003, ""target_temperature"": 30.0, ""latest_temperature"": 24.73}",2025-09-19 03:49:53.451,2.511388888889
Long Yeast Grow,pioreactor02,2025-09-19T01:53:13.451Z,UpdatedHeaterDC,delta_dc=3.4060000000000015,"{""current_dc"": 84.06, ""delta_dc"": 3.4060000000000015, ""target_temperature"": 30.0, ""latest_temperature"": 26.16}",2025-09-19 03:53:13.451,2.566944444444
Long Yeast Grow,pioreactor02,2025-09-19T01:56:33.449Z,UpdatedHeaterDC,delta_dc=0.2639999999999896,"{""current_dc"": 84.32, ""delta_dc"": 0.2639999999999896, ""target_temperature"": 30.0, ""latest_temperature"": 27.51}",2025-09-19 03:56:33.449,2.6225
Long Yeast Grow,pioreactor02,2025-09-19T01:59:53.450Z,UpdatedHeaterDC,delta_dc=-1.5899999999999852,"{""current_dc"": 82.73, ""delta_dc"": -1.5899999999999852, ""target_temperature"": 30.0, ""latest_temperature"": 28.63}",2025-09-19 03:59:53.450,2.678055555556
Long Yeast Grow,pioreactor02,2025-09-19T02:03:13.449Z,UpdatedHeaterDC,delta_dc=-3.277999999999992,"{""current_dc"": 79.45, ""delta_dc"": -3.277999999999992, ""target_temperature"": 30.0, ""latest_temperature"": 29.58}",2025-09-19 04:03:13.449,2.733611111111
Long Yeast Grow,pioreactor02,2025-09-19T02:06:33.450Z,UpdatedHeaterDC,delta_dc=-4.307999999999995,"{""current_dc"": 75.14, ""delta_dc"": -4.307999999999995, ""target_temperature"": 30.0, ""latest_temperature"": 30.33}",2025-09-19 04:06:33.450,2.789166666667
Long Yeast Grow,pioreactor02,2025-09-19T02:09:53.450Z,UpdatedHeaterDC,delta_dc=-4.746000000000015,"{""current_dc"": 70.39, ""delta_dc"": -4.746000000000015, ""target_temperature"": 30.0, ""latest_temperature"": 30.87}",2025-09-19 04:09:53.450,2.844722222222
Long Yeast Grow,pioreactor02,2025-09-19T02:13:13.451Z,UpdatedHeaterDC,delta_dc=-6.005999999999999,"{""current_dc"": 64.38, ""delta_dc"": -6.005999999999999, ""target_temperature"": 30.0, ""latest_temperature"": 31.39}",2025-09-19 04:13:13.451,2.900277777778
Long Yeast Grow,pioreactor02,2025-09-19T02:16:33.449Z,UpdatedHeaterDC,delta_dc=-4.693999999999991,"{""current_dc"": 59.69, ""delta_dc"": -4.693999999999991, ""target_temperature"": 30.0, ""latest_temperature"": 31.54}",2025-09-19 04:16:33.449,2.955833333333
Long Yeast Grow,pioreactor02,2025-09-19T02:19:53.449Z,UpdatedHeaterDC,delta_dc=-5.155999999999999,"{""current_dc"": 54.53, ""delta_dc"": -5.155999999999999, ""target_temperature"": 30.0, ""latest_temperature"": 31.7}",2025-09-19 04:19:53.449,3.011388888889
Long Yeast Grow,pioreactor02,2025-09-19T02:23:13.450Z,UpdatedHeaterDC,delta_dc=-4.563999999999995,"{""current_dc"": 49.97, ""delta_dc"": -4.563999999999995, ""target_temperature"": 30.0, ""latest_temperature"": 31.72}",2025-09-19 04:23:13.450,3.066944444444
Long Yeast Grow,pioreactor02,2025-09-19T02:26:33.450Z,UpdatedHeaterDC,delta_dc=-2.7440000000000087,"{""current_dc"": 47.23, ""delta_dc"": -2.7440000000000087, ""target_temperature"": 30.0, ""latest_temperature"": 31.48}",2025-09-19 04:26:33.450,3.1225
Long Yeast Grow,pioreactor02,2025-09-19T02:29:53.451Z,UpdatedHeaterDC,delta_dc=-1.9040000000000041,"{""current_dc"": 45.33, ""delta_dc"": -1.9040000000000041, ""target_temperature"": 30.0, ""latest_temperature"": 31.21}",2025-09-19 04:29:53.451,3.178055555556
Long Yeast Grow,pioreactor02,2025-09-19T02:33:13.451Z,UpdatedHeaterDC,delta_dc=-2.209999999999984,"{""current_dc"": 43.12, ""delta_dc"": -2.209999999999984, ""target_temperature"": 30.0, ""latest_temperature"": 31.08}",2025-09-19 04:33:13.451,3.233611111111
Long Yeast Grow,pioreactor02,2025-09-19T02:36:33.450Z,UpdatedHeaterDC,delta_dc=0.1439999999999797,"{""current_dc"": 43.26, ""delta_dc"": 0.1439999999999797, ""target_temperature"": 30.0, ""latest_temperature"": 30.67}",2025-09-19 04:36:33.450,3.289166666667
Long Yeast Grow,pioreactor02,2025-09-19T02:39:53.452Z,UpdatedHeaterDC,delta_dc=-0.30199999999998406,"{""current_dc"": 42.96, ""delta_dc"": -0.30199999999998406, ""target_temperature"": 30.0, ""latest_temperature"": 30.47}",2025-09-19 04:39:53.452,3.344722222222
Long Yeast Grow,pioreactor02,2025-09-19T02:43:13.492Z,UpdatedHeaterDC,delta_dc=-2.4460000000000095,"{""current_dc"": 40.51, ""delta_dc"": -2.4460000000000095, ""target_temperature"": 30.0, ""latest_temperature"": 30.64}",2025-09-19 04:43:13.492,3.400277777778
Long Yeast Grow,pioreactor02,2025-09-19T02:46:33.452Z,UpdatedHeaterDC,delta_dc=-0.7280000000000086,"{""current_dc"": 39.78, ""delta_dc"": -0.7280000000000086, ""target_temperature"": 30.0, ""latest_temperature"": 30.51}",2025-09-19 04:46:33.452,3.455833333333
Long Yeast Grow,pioreactor02,2025-09-19T02:49:53.451Z,UpdatedHeaterDC,delta_dc=-0.17400000000000315,"{""current_dc"": 39.61, ""delta_dc"": -0.17400000000000315, ""target_temperature"": 30.0, ""latest_temperature"": 30.35}",2025-09-19 04:49:53.451,3.511388888889
Long Yeast Grow,pioreactor02,2025-09-19T02:53:13.449Z,UpdatedHeaterDC,delta_dc=0.5300000000000167,"{""current_dc"": 40.14, ""delta_dc"": 0.5300000000000167, ""target_temperature"": 30.0, ""latest_temperature"": 30.15}",2025-09-19 04:53:13.449,3.566944444444
Long Yeast Grow,pioreactor02,2025-09-19T02:56:33.450Z,UpdatedHeaterDC,delta_dc=0.6899999999999934,"{""current_dc"": 40.83, ""delta_dc"": 0.6899999999999934, ""target_temperature"": 30.0, ""latest_temperature"": 30.0}",2025-09-19 04:56:33.450,3.6225
Long Yeast Grow,pioreactor02,2025-09-19T02:59:53.450Z,UpdatedHeaterDC,delta_dc=-0.07200000000001125,"{""current_dc"": 40.76, ""delta_dc"": -0.07200000000001125, ""target_temperature"": 30.0, ""latest_temperature"": 30.01}",2025-09-19 04:59:53.450,3.678055555556
Long Yeast Grow,pioreactor02,2025-09-19T03:03:13.450Z,UpdatedHeaterDC,delta_dc=0.838000000000003,"{""current_dc"": 41.6, ""delta_dc"": 0.838000000000003, ""target_temperature"": 30.0, ""latest_temperature"": 29.89}",2025-09-19 05:03:13.450,3.733611111111
Long Yeast Grow,pioreactor02,2025-09-19T03:06:33.493Z,UpdatedHeaterDC,delta_dc=0.7180000000000148,"{""current_dc"": 42.32, ""delta_dc"": 0.7180000000000148, ""target_temperature"": 30.0, ""latest_temperature"": 29.83}",2025-09-19 05:06:33.493,3.789166666667
Long Yeast Grow,pioreactor02,2025-09-19T03:09:53.450Z,UpdatedHeaterDC,delta_dc=-0.2780000000000058,"{""current_dc"": 42.04, ""delta_dc"": -0.2780000000000058, ""target_temperature"": 30.0, ""latest_temperature"": 29.93}",2025-09-19 05:09:53.450,3.844722222222
Long Yeast Grow,pioreactor02,2025-09-19T03:13:13.491Z,UpdatedHeaterDC,delta_dc=-0.03400000000000744,"{""current_dc"": 42.01, ""delta_dc"": -0.03400000000000744, ""target_temperature"": 30.0, ""latest_temperature"": 29.96}",2025-09-19 05:13:13.491,3.900277777778
Long Yeast Grow,pioreactor02,2025-09-19T03:16:33.450Z,UpdatedHeaterDC,delta_dc=0.39199999999999163,"{""current_dc"": 42.4, ""delta_dc"": 0.39199999999999163, ""target_temperature"": 30.0, ""latest_temperature"": 29.92}",2025-09-19 05:16:33.450,3.955833333333
Long Yeast Grow,pioreactor02,2025-09-19T03:19:53.454Z,UpdatedHeaterDC,delta_dc=1.0720000000000027,"{""current_dc"": 43.47, ""delta_dc"": 1.0720000000000027, ""target_temperature"": 30.0, ""latest_temperature"": 29.8}",2025-09-19 05:19:53.454,4.011388888889
Long Yeast Grow,pioreactor02,2025-09-19T03:23:13.449Z,UpdatedHeaterDC,delta_dc=-1.1360000000000048,"{""current_dc"": 42.33, ""delta_dc"": -1.1360000000000048, ""target_temperature"": 30.0, ""latest_temperature"": 30.03}",2025-09-19 05:23:13.449,4.066944444444
Long Yeast Grow,pioreactor02,2025-09-19T03:26:33.452Z,UpdatedHeaterDC,delta_dc=-0.07800000000000296,"{""current_dc"": 42.25, ""delta_dc"": -0.07800000000000296, ""target_temperature"": 30.0, ""latest_temperature"": 30.03}",2025-09-19 05:26:33.452,4.1225
Long Yeast Grow,pioreactor02,2025-09-19T03:29:53.466Z,UpdatedHeaterDC,delta_dc=1.794000000000008,"{""current_dc"": 44.04, ""delta_dc"": 1.794000000000008, ""target_temperature"": 30.0, ""latest_temperature"": 29.77}",2025-09-19 05:29:53.466,4.178055555556
Long Yeast Grow,pioreactor02,2025-09-19T03:33:13.450Z,UpdatedHeaterDC,delta_dc=-0.049999999999997824,"{""current_dc"": 43.99, ""delta_dc"": -0.049999999999997824, ""target_temperature"": 30.0, ""latest_temperature"": 29.86}",2025-09-19 05:33:13.450,4.233611111111
Long Yeast Grow,pioreactor02,2025-09-19T03:36:33.451Z,UpdatedHeaterDC,delta_dc=-0.2839999999999975,"{""current_dc"": 43.71, ""delta_dc"": -0.2839999999999975, ""target_temperature"": 30.0, ""latest_temperature"": 29.95}",2025-09-19 05:36:33.451,4.289166666667
Long Yeast Grow,pioreactor02,2025-09-19T03:39:53.451Z,UpdatedHeaterDC,delta_dc=0.13000000000000186,"{""current_dc"": 43.84, ""delta_dc"": 0.13000000000000186, ""target_temperature"": 30.0, ""latest_temperature"": 29.95}",2025-09-19 05:39:53.451,4.344722222222
Long Yeast Grow,pioreactor02,2025-09-19T03:43:13.451Z,UpdatedHeaterDC,delta_dc=-0.5179999999999971,"{""current_dc"": 43.32, ""delta_dc"": -0.5179999999999971, ""target_temperature"": 30.0, ""latest_temperature"": 30.04}",2025-09-19 05:43:13.451,4.400277777778
Long Yeast Grow,pioreactor02,2025-09-19T03:46:33.450Z,UpdatedHeaterDC,delta_dc=0.25600000000000733,"{""current_dc"": 43.58, ""delta_dc"": 0.25600000000000733, ""target_temperature"": 30.0, ""latest_temperature"": 29.99}",2025-09-19 05:46:33.450,4.455833333333
Long Yeast Grow,pioreactor02,2025-09-19T03:49:53.451Z,UpdatedHeaterDC,delta_dc=0.8899999999999856,"{""current_dc"": 44.47, ""delta_dc"": 0.8899999999999856, ""target_temperature"": 30.0, ""latest_temperature"": 29.87}",2025-09-19 05:49:53.451,4.511388888889
Long Yeast Grow,pioreactor02,2025-09-19T03:53:13.453Z,UpdatedHeaterDC,delta_dc=-0.5979999999999954,"{""current_dc"": 43.87, ""delta_dc"": -0.5979999999999954, ""target_temperature"": 30.0, ""latest_temperature"": 30.0}",2025-09-19 05:53:13.453,4.566944444444
Long Yeast Grow,pioreactor02,2025-09-19T03:56:33.450Z,UpdatedHeaterDC,delta_dc=0.7919999999999958,"{""current_dc"": 44.66, ""delta_dc"": 0.7919999999999958, ""target_temperature"": 30.0, ""latest_temperature"": 29.89}",2025-09-19 05:56:33.450,4.6225
Long Yeast Grow,pioreactor02,2025-09-19T03:59:53.450Z,UpdatedHeaterDC,delta_dc=-0.8660000000000024,"{""current_dc"": 43.79, ""delta_dc"": -0.8660000000000024, ""target_temperature"": 30.0, ""latest_temperature"": 30.05}",2025-09-19 05:59:53.450,4.678055555556
Long Yeast Grow,pioreactor02,2025-09-19T04:03:13.491Z,UpdatedHeaterDC,delta_dc=0.44600000000001144,"{""current_dc"": 44.24, ""delta_dc"": 0.44600000000001144, ""target_temperature"": 30.0, ""latest_temperature"": 29.97}",2025-09-19 06:03:13.491,4.733611111111
Long Yeast Grow,pioreactor02,2025-09-19T04:06:33.451Z,UpdatedHeaterDC,delta_dc=-0.7860000000000041,"{""current_dc"": 43.45, ""delta_dc"": -0.7860000000000041, ""target_temperature"": 30.0, ""latest_temperature"": 30.09}",2025-09-19 06:06:33.451,4.789166666667
Long Yeast Grow,pioreactor02,2025-09-19T04:09:53.450Z,UpdatedHeaterDC,delta_dc=0.7019999999999932,"{""current_dc"": 44.15, ""delta_dc"": 0.7019999999999932, ""target_temperature"": 30.0, ""latest_temperature"": 29.96}",2025-09-19 06:09:53.450,4.844722222222
Long Yeast Grow,pioreactor02,2025-09-19T04:13:13.493Z,UpdatedHeaterDC,delta_dc=0.10399999999999779,"{""current_dc"": 44.25, ""delta_dc"": 0.10399999999999779, ""target_temperature"": 30.0, ""latest_temperature"": 29.96}",2025-09-19 06:13:13.493,4.900277777778
Long Yeast Grow,pioreactor02,2025-09-19T04:16:33.449Z,UpdatedHeaterDC,delta_dc=-0.25600000000000733,"{""current_dc"": 43.99, ""delta_dc"": -0.25600000000000733, ""target_temperature"": 30.0, ""latest_temperature"": 30.01}",2025-09-19 06:16:33.449,4.955833333333
Long Yeast Grow,pioreactor02,2025-09-19T04:19:53.451Z,UpdatedHeaterDC,delta_dc=0.40600000000001235,"{""current_dc"": 44.4, ""delta_dc"": 0.40600000000001235, ""target_temperature"": 30.0, ""latest_temperature"": 29.95}",2025-09-19 06:19:53.451,5.011388888889
Long Yeast Grow,pioreactor02,2025-09-19T04:23:13.451Z,UpdatedHeaterDC,delta_dc=-1.8860000000000063,"{""current_dc"": 42.51, ""delta_dc"": -1.8860000000000063, ""target_temperature"": 30.0, ""latest_temperature"": 30.23}",2025-09-19 06:23:13.451,5.066944444444
Long Yeast Grow,pioreactor02,2025-09-19T04:26:33.450Z,UpdatedHeaterDC,delta_dc=0.6979999999999967,"{""current_dc"": 43.21, ""delta_dc"": 0.6979999999999967, ""target_temperature"": 30.0, ""latest_temperature"": 30.05}",2025-09-19 06:26:33.450,5.1225
Long Yeast Grow,pioreactor02,2025-09-19T04:29:53.451Z,UpdatedHeaterDC,delta_dc=0.37400000000000017,"{""current_dc"": 43.58, ""delta_dc"": 0.37400000000000017, ""target_temperature"": 30.0, ""latest_temperature"": 29.98}",2025-09-19 06:29:53.451,5.178055555556
Long Yeast Grow,pioreactor02,2025-09-19T04:33:13.449Z,UpdatedHeaterDC,delta_dc=1.060000000000003,"{""current_dc"": 44.64, ""delta_dc"": 1.060000000000003, ""target_temperature"": 30.0, ""latest_temperature"": 29.84}",2025-09-19 06:33:13.449,5.233611111111
Long Yeast Grow,pioreactor02,2025-09-19T04:36:33.449Z,UpdatedHeaterDC,delta_dc=-0.5920000000000036,"{""current_dc"": 44.05, ""delta_dc"": -0.5920000000000036, ""target_temperature"": 30.0, ""latest_temperature"": 29.98}",2025-09-19 06:36:33.449,5.289166666667
Long Yeast Grow,pioreactor02,2025-09-19T04:39:53.492Z,UpdatedHeaterDC,delta_dc=0.6999999999999978,"{""current_dc"": 44.75, ""delta_dc"": 0.6999999999999978, ""target_temperature"": 30.0, ""latest_temperature"": 29.89}",2025-09-19 06:39:53.492,5.344722222222
Long Yeast Grow,pioreactor02,2025-09-19T04:43:13.450Z,UpdatedHeaterDC,delta_dc=-0.7220000000000055,"{""current_dc"": 44.03, ""delta_dc"": -0.7220000000000055, ""target_temperature"": 30.0, ""latest_temperature"": 30.03}",2025-09-19 06:43:13.450,5.400277777778
Long Yeast Grow,pioreactor02,2025-09-19T04:46:33.491Z,UpdatedHeaterDC,delta_dc=0.4980000000000103,"{""current_dc"": 44.53, ""delta_dc"": 0.4980000000000103, ""target_temperature"": 30.0, ""latest_temperature"": 29.95}",2025-09-19 06:46:33.491,5.455833333333
Long Yeast Grow,pioreactor02,2025-09-19T04:49:53.450Z,UpdatedHeaterDC,delta_dc=0.8499999999999864,"{""current_dc"": 45.38, ""delta_dc"": 0.8499999999999864, ""target_temperature"": 30.0, ""latest_temperature"": 29.85}",2025-09-19 06:49:53.450,5.511388888889
Long Yeast Grow,pioreactor02,2025-09-19T04:53:13.451Z,UpdatedHeaterDC,delta_dc=0.17400000000001373,"{""current_dc"": 45.55, ""delta_dc"": 0.17400000000001373, ""target_temperature"": 30.0, ""latest_temperature"": 29.88}",2025-09-19 06:53:13.451,5.566944444444
Long Yeast Grow,pioreactor02,2025-09-19T04:56:33.452Z,UpdatedHeaterDC,delta_dc=-0.6960000000000015,"{""current_dc"": 44.85, ""delta_dc"": -0.6960000000000015, ""target_temperature"": 30.0, ""latest_temperature"": 30.02}",2025-09-19 06:56:33.452,5.6225
Long Yeast Grow,pioreactor02,2025-09-19T04:59:53.451Z,UpdatedHeaterDC,delta_dc=0.3799999999999919,"{""current_dc"": 45.23, ""delta_dc"": 0.3799999999999919, ""target_temperature"": 30.0, ""latest_temperature"": 29.96}",2025-09-19 06:59:53.451,5.678055555556
Long Yeast Grow,pioreactor02,2025-09-19T05:03:13.450Z,UpdatedHeaterDC,delta_dc=-0.975999999999992,"{""current_dc"": 44.25, ""delta_dc"": -0.975999999999992, ""target_temperature"": 30.0, ""latest_temperature"": 30.11}",2025-09-19 07:03:13.450,5.733611111111
Long Yeast Grow,pioreactor02,2025-09-19T05:06:33.450Z,UpdatedHeaterDC,delta_dc=-0.5020000000000067,"{""current_dc"": 43.75, ""delta_dc"": -0.5020000000000067, ""target_temperature"": 30.0, ""latest_temperature"": 30.14}",2025-09-19 07:06:33.450,5.789166666667
Long Yeast Grow,pioreactor02,2025-09-19T05:09:53.451Z,UpdatedHeaterDC,delta_dc=0.6440000000000026,"{""current_dc"": 44.39, ""delta_dc"": 0.6440000000000026, ""target_temperature"": 30.0, ""latest_temperature"": 30.0}",2025-09-19 07:09:53.451,5.844722222222
Long Yeast Grow,pioreactor02,2025-09-19T05:13:13.449Z,UpdatedHeaterDC,delta_dc=-0.7919999999999958,"{""current_dc"": 43.6, ""delta_dc"": -0.7919999999999958, ""target_temperature"": 30.0, ""latest_temperature"": 30.11}",2025-09-19 07:13:13.449,5.900277777778
Long Yeast Grow,pioreactor02,2025-09-19T05:16:33.450Z,UpdatedHeaterDC,delta_dc=-0.28599999999999853,"{""current_dc"": 43.31, ""delta_dc"": -0.28599999999999853, ""target_temperature"": 30.0, ""latest_temperature"": 30.11}",2025-09-19 07:16:33.450,5.955833333333
Long Yeast Grow,pioreactor02,2025-09-19T05:19:53.451Z,UpdatedHeaterDC,delta_dc=1.2260000000000075,"{""current_dc"": 44.54, ""delta_dc"": 1.2260000000000075, ""target_temperature"": 30.0, ""latest_temperature"": 29.9}",2025-09-19 07:19:53.451,6.011388888889
Long Yeast Grow,pioreactor02,2025-09-19T05:23:13.449Z,UpdatedHeaterDC,delta_dc=0.5479999999999976,"{""current_dc"": 45.09, ""delta_dc"": 0.5479999999999976, ""target_temperature"": 30.0, ""latest_temperature"": 29.86}",2025-09-19 07:23:13.449,6.066944444444
Long Yeast Grow,pioreactor02,2025-09-19T05:26:33.452Z,UpdatedHeaterDC,delta_dc=-1.0759999999999934,"{""current_dc"": 44.01, ""delta_dc"": -1.0759999999999934, ""target_temperature"": 30.0, ""latest_temperature"": 30.06}",2025-09-19 07:26:33.452,6.1225
Long Yeast Grow,pioreactor02,2025-09-19T05:29:53.450Z,UpdatedHeaterDC,delta_dc=0.13199999999999718,"{""current_dc"": 44.14, ""delta_dc"": 0.13199999999999718, ""target_temperature"": 30.0, ""latest_temperature"": 30.02}",2025-09-19 07:29:53.450,6.178055555556
Long Yeast Grow,pioreactor02,2025-09-19T05:33:13.497Z,UpdatedHeaterDC,delta_dc=-3.0039999999999996,"{""current_dc"": 41.14, ""delta_dc"": -3.0039999999999996, ""target_temperature"": 30.0, ""latest_temperature"": 30.43}",2025-09-19 07:33:13.497,6.233611111111
Long Yeast Grow,pioreactor02,2025-09-19T05:36:33.450Z,UpdatedHeaterDC,delta_dc=1.4020000000000108,"{""current_dc"": 42.54, ""delta_dc"": 1.4020000000000108, ""target_temperature"": 30.0, ""latest_temperature"": 30.08}",2025-09-19 07:36:33.450,6.289166666667
Long Yeast Grow,pioreactor02,2025-09-19T05:39:53.451Z,UpdatedHeaterDC,delta_dc=0.4400000000000034,"{""current_dc"": 42.98, ""delta_dc"": 0.4400000000000034, ""target_temperature"": 30.0, ""latest_temperature"": 29.99}",2025-09-19 07:39:53.451,6.344722222222
Long Yeast Grow,pioreactor02,2025-09-19T05:43:13.451Z,UpdatedHeaterDC,delta_dc=-1.629999999999999,"{""current_dc"": 41.35, ""delta_dc"": -1.629999999999999, ""target_temperature"": 30.0, ""latest_temperature"": 30.22}",2025-09-19 07:43:13.451,6.400277777778
Long Yeast Grow,pioreactor02,2025-09-19T05:46:33.450Z,UpdatedHeaterDC,delta_dc=-0.5719999999999971,"{""current_dc"": 40.78, ""delta_dc"": -0.5719999999999971, ""target_temperature"": 30.0, ""latest_temperature"": 30.22}",2025-09-19 07:46:33.450,6.455833333333
Long Yeast Grow,pioreactor02,2025-09-19T05:49:53.450Z,UpdatedHeaterDC,delta_dc=-0.7880000000000053,"{""current_dc"": 39.99, ""delta_dc"": -0.7880000000000053, ""target_temperature"": 30.0, ""latest_temperature"": 30.25}",2025-09-19 07:49:53.450,6.511388888889
Long Yeast Grow,pioreactor02,2025-09-19T05:53:13.450Z,UpdatedHeaterDC,delta_dc=2.8779999999999886,"{""current_dc"": 42.87, ""delta_dc"": 2.8779999999999886, ""target_temperature"": 30.0, ""latest_temperature"": 29.76}",2025-09-19 07:53:13.450,6.566944444444
Long Yeast Grow,pioreactor02,2025-09-19T05:56:33.450Z,UpdatedHeaterDC,delta_dc=-2.255999999999994,"{""current_dc"": 40.61, ""delta_dc"": -2.255999999999994, ""target_temperature"": 30.0, ""latest_temperature"": 30.16}",2025-09-19 07:56:33.450,6.6225
Long Yeast Grow,pioreactor02,2025-09-19T05:59:53.450Z,UpdatedHeaterDC,delta_dc=-0.7039999999999942,"{""current_dc"": 39.91, ""delta_dc"": -0.7039999999999942, ""target_temperature"": 30.0, ""latest_temperature"": 30.2}",2025-09-19 07:59:53.450,6.678055555556
Long Yeast Grow,pioreactor02,2025-09-19T06:03:13.493Z,UpdatedHeaterDC,delta_dc=-1.311999999999994,"{""current_dc"": 38.6, ""delta_dc"": -1.311999999999994, ""target_temperature"": 30.0, ""latest_temperature"": 30.31}",2025-09-19 08:03:13.493,6.733611111111
Long Yeast Grow,pioreactor02,2025-09-19T06:06:33.450Z,UpdatedHeaterDC,delta_dc=3.2980000000000054,"{""current_dc"": 41.9, ""delta_dc"": 3.2980000000000054, ""target_temperature"": 30.0, ""latest_temperature"": 29.74}",2025-09-19 08:06:33.450,6.789166666667
Long Yeast Grow,pioreactor02,2025-09-19T06:09:53.451Z,UpdatedHeaterDC,delta_dc=-1.6279999999999977,"{""current_dc"": 40.27, ""delta_dc"": -1.6279999999999977, ""target_temperature"": 30.0, ""latest_temperature"": 30.06}",2025-09-19 08:09:53.451,6.844722222222
Long Yeast Grow,pioreactor02,2025-09-19T06:13:13.451Z,UpdatedHeaterDC,delta_dc=0.8519999999999819,"{""current_dc"": 41.12, ""delta_dc"": 0.8519999999999819, ""target_temperature"": 30.0, ""latest_temperature"": 29.92}",2025-09-19 08:13:13.451,6.900277777778
Long Yeast Grow,pioreactor02,2025-09-19T06:16:33.451Z,UpdatedHeaterDC,delta_dc=1.288000000000011,"{""current_dc"": 42.41, ""delta_dc"": 1.288000000000011, ""target_temperature"": 30.0, ""latest_temperature"": 29.77}",2025-09-19 08:16:33.451,6.955833333333
Long Yeast Grow,pioreactor02,2025-09-19T06:19:53.449Z,UpdatedHeaterDC,delta_dc=1.0299999999999918,"{""current_dc"": 43.44, ""delta_dc"": 1.0299999999999918, ""target_temperature"": 30.0, ""latest_temperature"": 29.71}",2025-09-19 08:19:53.449,7.011388888889
Long Yeast Grow,pioreactor02,2025-09-19T06:23:13.452Z,UpdatedHeaterDC,delta_dc=-0.7580000000000082,"{""current_dc"": 42.68, ""delta_dc"": -0.7580000000000082, ""target_temperature"": 30.0, ""latest_temperature"": 29.92}",2025-09-19 08:23:13.452,7.066944444444
Long Yeast Grow,pioreactor02,2025-09-19T06:26:33.449Z,UpdatedHeaterDC,delta_dc=0.9280000000000057,"{""current_dc"": 43.61, ""delta_dc"": 0.9280000000000057, ""target_temperature"": 30.0, ""latest_temperature"": 29.82}",2025-09-19 08:26:33.449,7.1225
Long Yeast Grow,pioreactor02,2025-09-19T06:29:53.452Z,UpdatedHeaterDC,delta_dc=0.036000000000008525,"{""current_dc"": 43.65, ""delta_dc"": 0.036000000000008525, ""target_temperature"": 30.0, ""latest_temperature"": 29.88}",2025-09-19 08:29:53.452,7.178055555556
Long Yeast Grow,pioreactor02,2025-09-19T06:33:13.450Z,UpdatedHeaterDC,delta_dc=-0.19199999999999942,"{""current_dc"": 43.46, ""delta_dc"": -0.19199999999999942, ""target_temperature"": 30.0, ""latest_temperature"": 29.95}",2025-09-19 08:33:13.450,7.233611111111
Long Yeast Grow,pioreactor02,2025-09-19T06:36:33.449Z,UpdatedHeaterDC,delta_dc=0.20199999999998752,"{""current_dc"": 43.66, ""delta_dc"": 0.20199999999998752, ""target_temperature"": 30.0, ""latest_temperature"": 29.94}",2025-09-19 08:36:33.449,7.289166666667
Long Yeast Grow,pioreactor02,2025-09-19T06:39:53.450Z,UpdatedHeaterDC,delta_dc=1.236000000000012,"{""current_dc"": 44.9, ""delta_dc"": 1.236000000000012, ""target_temperature"": 30.0, ""latest_temperature"": 29.79}",2025-09-19 08:39:53.450,7.344722222222
Long Yeast Grow,pioreactor02,2025-09-19T06:43:13.450Z,UpdatedHeaterDC,delta_dc=0.5460000000000023,"{""current_dc"": 45.45, ""delta_dc"": 0.5460000000000023, ""target_temperature"": 30.0, ""latest_temperature"": 29.79}",2025-09-19 08:43:13.450,7.400277777778
Long Yeast Grow,pioreactor02,2025-09-19T06:46:33.491Z,UpdatedHeaterDC,delta_dc=-0.030000000000011073,"{""current_dc"": 45.42, ""delta_dc"": -0.030000000000011073, ""target_temperature"": 30.0, ""latest_temperature"": 29.87}",2025-09-19 08:46:33.491,7.455833333333
Long Yeast Grow,pioreactor02,2025-09-19T06:49:53.449Z,UpdatedHeaterDC,delta_dc=-0.9580000000000005,"{""current_dc"": 44.46, ""delta_dc"": -0.9580000000000005, ""target_temperature"": 30.0, ""latest_temperature"": 30.05}",2025-09-19 08:49:53.449,7.511388888889
Long Yeast Grow,pioreactor02,2025-09-19T06:53:13.451Z,UpdatedHeaterDC,delta_dc=-0.20199999999998752,"{""current_dc"": 44.26, ""delta_dc"": -0.20199999999998752, ""target_temperature"": 30.0, ""latest_temperature"": 30.06}",2025-09-19 08:53:13.451,7.566944444444
Long Yeast Grow,pioreactor02,2025-09-19T06:56:33.449Z,UpdatedHeaterDC,delta_dc=0.7799999999999961,"{""current_dc"": 45.04, ""delta_dc"": 0.7799999999999961, ""target_temperature"": 30.0, ""latest_temperature"": 29.93}",2025-09-19 08:56:33.449,7.6225
Long Yeast Grow,pioreactor02,2025-09-19T06:59:53.452Z,UpdatedHeaterDC,delta_dc=-0.5380000000000095,"{""current_dc"": 44.5, ""delta_dc"": -0.5380000000000095, ""target_temperature"": 30.0, ""latest_temperature"": 30.03}",2025-09-19 08:59:53.452,7.678055555556
Long Yeast Grow,pioreactor02,2025-09-19T07:03:13.451Z,UpdatedHeaterDC,delta_dc=1.434000000000003,"{""current_dc"": 45.93, ""delta_dc"": 1.434000000000003, ""target_temperature"": 30.0, ""latest_temperature"": 29.82}",2025-09-19 09:03:13.451,7.733611111111
Long Yeast Grow,pioreactor02,2025-09-19T07:06:33.449Z,UpdatedHeaterDC,delta_dc=-0.1799999999999997,"{""current_dc"": 45.75, ""delta_dc"": -0.1799999999999997, ""target_temperature"": 30.0, ""latest_temperature"": 29.91}",2025-09-19 09:06:33.449,7.789166666667
Long Yeast Grow,pioreactor02,2025-09-19T07:09:53.454Z,UpdatedHeaterDC,delta_dc=-0.9899999999999871,"{""current_dc"": 44.76, ""delta_dc"": -0.9899999999999871, ""target_temperature"": 30.0, ""latest_temperature"": 30.08}",2025-09-19 09:09:53.454,7.844722222222
Long Yeast Grow,pioreactor02,2025-09-19T07:13:13.450Z,UpdatedHeaterDC,delta_dc=0.07999999999999827,"{""current_dc"": 44.84, ""delta_dc"": 0.07999999999999827, ""target_temperature"": 30.0, ""latest_temperature"": 30.04}",2025-09-19 09:13:13.450,7.900277777778
Long Yeast Grow,pioreactor02,2025-09-19T07:16:33.491Z,UpdatedHeaterDC,delta_dc=0.47199999999998987,"{""current_dc"": 45.31, ""delta_dc"": 0.47199999999998987, ""target_temperature"": 30.0, ""latest_temperature"": 29.96}",2025-09-19 09:16:33.491,7.955833333333
Long Yeast Grow,pioreactor02,2025-09-19T07:19:53.450Z,UpdatedHeaterDC,delta_dc=-0.7599999999999838,"{""current_dc"": 44.55, ""delta_dc"": -0.7599999999999838, ""target_temperature"": 30.0, ""latest_temperature"": 30.08}",2025-09-19 09:19:53.450,8.011388888889
Long Yeast Grow,pioreactor02,2025-09-19T07:23:13.454Z,UpdatedHeaterDC,delta_dc=1.2319999999999993,"{""current_dc"": 45.78, ""delta_dc"": 1.2319999999999993, ""target_temperature"": 30.0, ""latest_temperature"": 29.88}",2025-09-19 09:23:13.454,8.066944444444
Long Yeast Grow,pioreactor02,2025-09-19T07:26:33.449Z,UpdatedHeaterDC,delta_dc=1.1759999999999842,"{""current_dc"": 46.96, ""delta_dc"": 1.1759999999999842, ""target_temperature"": 30.0, ""latest_temperature"": 29.76}",2025-09-19 09:26:33.449,8.1225
Long Yeast Grow,pioreactor02,2025-09-19T07:29:53.451Z,UpdatedHeaterDC,delta_dc=-1.463999999999998,"{""current_dc"": 45.5, ""delta_dc"": -1.463999999999998, ""target_temperature"": 30.0, ""latest_temperature"": 30.05}",2025-09-19 09:29:53.451,8.178055555556
Long Yeast Grow,pioreactor02,2025-09-19T07:33:13.451Z,UpdatedHeaterDC,delta_dc=0.013999999999995072,"{""current_dc"": 45.51, ""delta_dc"": 0.013999999999995072, ""target_temperature"": 30.0, ""latest_temperature"": 30.03}",2025-09-19 09:33:13.451,8.233611111111
Long Yeast Grow,pioreactor02,2025-09-19T07:36:33.450Z,UpdatedHeaterDC,delta_dc=0.7139999999999929,"{""current_dc"": 46.22, ""delta_dc"": 0.7139999999999929, ""target_temperature"": 30.0, ""latest_temperature"": 29.92}",2025-09-19 09:36:33.450,8.289166666667
Long Yeast Grow,pioreactor02,2025-09-19T07:39:53.451Z,UpdatedHeaterDC,delta_dc=1.3599999999999965,"{""current_dc"": 47.58, ""delta_dc"": 1.3599999999999965, ""target_temperature"": 30.0, ""latest_temperature"": 29.76}",2025-09-19 09:39:53.451,8.344722222222
Long Yeast Grow,pioreactor02,2025-09-19T07:43:13.451Z,UpdatedHeaterDC,delta_dc=-1.176000000000004,"{""current_dc"": 46.4, ""delta_dc"": -1.176000000000004, ""target_temperature"": 30.0, ""latest_temperature"": 30.01}",2025-09-19 09:43:13.451,8.400277777778
Long Yeast Grow,pioreactor02,2025-09-19T07:46:33.451Z,UpdatedHeaterDC,delta_dc=0.40600000000001235,"{""current_dc"": 46.81, ""delta_dc"": 0.40600000000001235, ""target_temperature"": 30.0, ""latest_temperature"": 29.95}",2025-09-19 09:46:33.451,8.455833333333
Long Yeast Grow,pioreactor02,2025-09-19T07:49:53.451Z,UpdatedHeaterDC,delta_dc=-0.08600000000000634,"{""current_dc"": 46.72, ""delta_dc"": -0.08600000000000634, ""target_temperature"": 30.0, ""latest_temperature"": 29.98}",2025-09-19 09:49:53.451,8.511388888889
Long Yeast Grow,pioreactor02,2025-09-19T07:53:13.539Z,UpdatedHeaterDC,delta_dc=-0.09199999999999803,"{""current_dc"": 46.63, ""delta_dc"": -0.09199999999999803, ""target_temperature"": 30.0, ""latest_temperature"": 30.0}",2025-09-19 09:53:13.539,8.566944444444
Long Yeast Grow,pioreactor02,2025-09-19T07:56:33.450Z,UpdatedHeaterDC,delta_dc=-0.504000000000002,"{""current_dc"": 46.13, ""delta_dc"": -0.504000000000002, ""target_temperature"": 30.0, ""latest_temperature"": 30.07}",2025-09-19 09:56:33.450,8.6225
Long Yeast Grow,pioreactor02,2025-09-19T07:59:53.450Z,UpdatedHeaterDC,delta_dc=0.4659999999999982,"{""current_dc"": 46.6, ""delta_dc"": 0.4659999999999982, ""target_temperature"": 30.0, ""latest_temperature"": 29.98}",2025-09-19 09:59:53.450,8.678055555556
Long Yeast Grow,pioreactor02,2025-09-19T08:03:13.450Z,UpdatedHeaterDC,delta_dc=0.8439999999999948,"{""current_dc"": 47.44, ""delta_dc"": 0.8439999999999948, ""target_temperature"": 30.0, ""latest_temperature"": 29.87}",2025-09-19 10:03:13.450,8.733611111111
Long Yeast Grow,pioreactor02,2025-09-19T08:06:33.451Z,UpdatedHeaterDC,delta_dc=-0.8140000000000035,"{""current_dc"": 46.63, ""delta_dc"": -0.8140000000000035, ""target_temperature"": 30.0, ""latest_temperature"": 30.03}",2025-09-19 10:06:33.451,8.789166666667
Long Yeast Grow,pioreactor02,2025-09-19T08:09:53.449Z,UpdatedHeaterDC,delta_dc=-0.6539999999999906,"{""current_dc"": 45.98, ""delta_dc"": -0.6539999999999906, ""target_temperature"": 30.0, ""latest_temperature"": 30.11}",2025-09-19 10:09:53.449,8.844722222222
Long Yeast Grow,pioreactor02,2025-09-19T08:13:13.451Z,UpdatedHeaterDC,delta_dc=0.14599999999999222,"{""current_dc"": 46.13, ""delta_dc"": 0.14599999999999222, ""target_temperature"": 30.0, ""latest_temperature"": 30.05}",2025-09-19 10:13:13.451,8.900277777778
Long Yeast Grow,pioreactor02,2025-09-19T08:16:33.491Z,UpdatedHeaterDC,delta_dc=0.08600000000000634,"{""current_dc"": 46.22, ""delta_dc"": 0.08600000000000634, ""target_temperature"": 30.0, ""latest_temperature"": 30.02}",2025-09-19 10:16:33.491,8.955833333333
Long Yeast Grow,pioreactor02,2025-09-19T08:19:53.450Z,UpdatedHeaterDC,delta_dc=0.3080000000000062,"{""current_dc"": 46.53, ""delta_dc"": 0.3080000000000062, ""target_temperature"": 30.0, ""latest_temperature"": 29.97}",2025-09-19 10:19:53.450,9.011388888889
Long Yeast Grow,pioreactor02,2025-09-19T08:23:13.496Z,UpdatedHeaterDC,delta_dc=-0.42599999999999905,"{""current_dc"": 46.1, ""delta_dc"": -0.42599999999999905, ""target_temperature"": 30.0, ""latest_temperature"": 30.04}",2025-09-19 10:23:13.496,9.066944444444
Long Yeast Grow,pioreactor02,2025-09-19T08:26:33.451Z,UpdatedHeaterDC,delta_dc=0.5440000000000011,"{""current_dc"": 46.64, ""delta_dc"": 0.5440000000000011, ""target_temperature"": 30.0, ""latest_temperature"": 29.95}",2025-09-19 10:26:33.451,9.1225
Long Yeast Grow,pioreactor02,2025-09-19T08:29:53.450Z,UpdatedHeaterDC,delta_dc=-0.37400000000000017,"{""current_dc"": 46.27, ""delta_dc"": -0.37400000000000017, ""target_temperature"": 30.0, ""latest_temperature"": 30.02}",2025-09-19 10:29:53.450,9.178055555556
Long Yeast Grow,pioreactor02,2025-09-19T08:33:13.450Z,UpdatedHeaterDC,delta_dc=0.09199999999999803,"{""current_dc"": 46.36, ""delta_dc"": 0.09199999999999803, ""target_temperature"": 30.0, ""latest_temperature"": 30.0}",2025-09-19 10:33:13.450,9.233611111111
Long Yeast Grow,pioreactor02,2025-09-19T08:36:33.452Z,UpdatedHeaterDC,delta_dc=0.6479999999999989,"{""current_dc"": 47.01, ""delta_dc"": 0.6479999999999989, ""target_temperature"": 30.0, ""latest_temperature"": 29.91}",2025-09-19 10:36:33.452,9.289166666667
Long Yeast Grow,pioreactor02,2025-09-19T08:39:53.451Z,UpdatedHeaterDC,delta_dc=-0.7019999999999932,"{""current_dc"": 46.31, ""delta_dc"": -0.7019999999999932, ""target_temperature"": 30.0, ""latest_temperature"": 30.04}",2025-09-19 10:39:53.451,9.344722222222
Long Yeast Grow,pioreactor02,2025-09-19T08:43:13.451Z,UpdatedHeaterDC,delta_dc=1.1920000000000002,"{""current_dc"": 47.5, ""delta_dc"": 1.1920000000000002, ""target_temperature"": 30.0, ""latest_temperature"": 29.86}",2025-09-19 10:43:13.451,9.400277777778
Long Yeast Grow,pioreactor02,2025-09-19T08:46:33.451Z,UpdatedHeaterDC,delta_dc=-0.4279999999999944,"{""current_dc"": 47.07, ""delta_dc"": -0.4279999999999944, ""target_temperature"": 30.0, ""latest_temperature"": 29.97}",2025-09-19 10:46:33.451,9.455833333333
Long Yeast Grow,pioreactor02,2025-09-19T08:49:53.450Z,UpdatedHeaterDC,delta_dc=-0.930000000000001,"{""current_dc"": 46.14, ""delta_dc"": -0.930000000000001, ""target_temperature"": 30.0, ""latest_temperature"": 30.11}",2025-09-19 10:49:53.450,9.511388888889
Long Yeast Grow,pioreactor02,2025-09-19T08:53:13.452Z,UpdatedHeaterDC,delta_dc=1.6579999999999984,"{""current_dc"": 47.8, ""delta_dc"": 1.6579999999999984, ""target_temperature"": 30.0, ""latest_temperature"": 29.84}",2025-09-19 10:53:13.452,9.566944444444
Long Yeast Grow,pioreactor02,2025-09-19T08:56:33.449Z,UpdatedHeaterDC,delta_dc=0.19999999999999218,"{""current_dc"": 48.0, ""delta_dc"": 0.19999999999999218, ""target_temperature"": 30.0, ""latest_temperature"": 29.87}",2025-09-19 10:56:33.449,9.6225
Long Yeast Grow,pioreactor02,2025-09-19T08:59:53.451Z,UpdatedHeaterDC,delta_dc=-0.09399999999999334,"{""current_dc"": 47.91, ""delta_dc"": -0.09399999999999334, ""target_temperature"": 30.0, ""latest_temperature"": 29.93}",2025-09-19 10:59:53.451,9.678055555556
Long Yeast Grow,pioreactor02,2025-09-19T09:03:13.492Z,UpdatedHeaterDC,delta_dc=-0.6820000000000064,"{""current_dc"": 47.23, ""delta_dc"": -0.6820000000000064, ""target_temperature"": 30.0, ""latest_temperature"": 30.05}",2025-09-19 11:03:13.492,9.733611111111
Long Yeast Grow,pioreactor02,2025-09-19T09:06:33.450Z,UpdatedHeaterDC,delta_dc=0.013999999999995072,"{""current_dc"": 47.24, ""delta_dc"": 0.013999999999995072, ""target_temperature"": 30.0, ""latest_temperature"": 30.03}",2025-09-19 11:06:33.450,9.789166666667
Long Yeast Grow,pioreactor02,2025-09-19T09:09:53.449Z,UpdatedHeaterDC,delta_dc=-0.582000000000005,"{""current_dc"": 46.66, ""delta_dc"": -0.582000000000005, ""target_temperature"": 30.0, ""latest_temperature"": 30.1}",2025-09-19 11:09:53.449,9.844722222222
Long Yeast Grow,pioreactor02,2025-09-19T09:13:13.449Z,UpdatedHeaterDC,delta_dc=-0.4759999999999863,"{""current_dc"": 46.18, ""delta_dc"": -0.4759999999999863, ""target_temperature"": 30.0, ""latest_temperature"": 30.13}",2025-09-19 11:13:13.449,9.900277777778
Long Yeast Grow,pioreactor02,2025-09-19T09:16:33.451Z,UpdatedHeaterDC,delta_dc=-0.05000000000000357,"{""current_dc"": 46.13, ""delta_dc"": -0.05000000000000357, ""target_temperature"": 30.0, ""latest_temperature"": 30.09}",2025-09-19 11:16:33.451,9.955833333333
Long Yeast Grow,pioreactor02,2025-09-19T09:19:53.450Z,UpdatedHeaterDC,delta_dc=1.4220000000000033,"{""current_dc"": 47.55, ""delta_dc"": 1.4220000000000033, ""target_temperature"": 30.0, ""latest_temperature"": 29.86}",2025-09-19 11:19:53.450,10.011388888889
Long Yeast Grow,pioreactor02,2025-09-19T09:23:13.450Z,UpdatedHeaterDC,delta_dc=-1.0759999999999934,"{""current_dc"": 46.47, ""delta_dc"": -1.0759999999999934, ""target_temperature"": 30.0, ""latest_temperature"": 30.06}",2025-09-19 11:23:13.450,10.066944444444
Long Yeast Grow,pioreactor02,2025-09-19T09:26:33.451Z,UpdatedHeaterDC,delta_dc=1.06799999999999,"{""current_dc"": 47.54, ""delta_dc"": 1.06799999999999, ""target_temperature"": 30.0, ""latest_temperature"": 29.89}",2025-09-19 11:26:33.451,10.1225
Long Yeast Grow,pioreactor02,2025-09-19T09:29:53.450Z,UpdatedHeaterDC,delta_dc=0.5739999999999923,"{""current_dc"": 48.11, ""delta_dc"": 0.5739999999999923, ""target_temperature"": 30.0, ""latest_temperature"": 29.85}",2025-09-19 11:29:53.450,10.178055555556
Long Yeast Grow,pioreactor02,2025-09-19T09:33:13.449Z,UpdatedHeaterDC,delta_dc=-1.0499999999999985,"{""current_dc"": 47.06, ""delta_dc"": -1.0499999999999985, ""target_temperature"": 30.0, ""latest_temperature"": 30.05}",2025-09-19 11:33:13.449,10.233611111111
Long Yeast Grow,pioreactor02,2025-09-19T09:36:33.492Z,UpdatedHeaterDC,delta_dc=-0.5619999999999926,"{""current_dc"": 46.5, ""delta_dc"": -0.5619999999999926, ""target_temperature"": 30.0, ""latest_temperature"": 30.11}",2025-09-19 11:36:33.492,10.289166666667
Long Yeast Grow,pioreactor02,2025-09-19T09:39:53.451Z,UpdatedHeaterDC,delta_dc=1.5140000000000013,"{""current_dc"": 48.01, ""delta_dc"": 1.5140000000000013, ""target_temperature"": 30.0, ""latest_temperature"": 29.86}",2025-09-19 11:39:53.451,10.344722222222
Long Yeast Grow,pioreactor02,2025-09-19T09:43:13.451Z,UpdatedHeaterDC,delta_dc=-0.9319999999999964,"{""current_dc"": 47.08, ""delta_dc"": -0.9319999999999964, ""target_temperature"": 30.0, ""latest_temperature"": 30.04}",2025-09-19 11:43:13.451,10.400277777778
Long Yeast Grow,pioreactor02,2025-09-19T09:46:33.446Z,UpdatedHeaterDC,delta_dc=0.25600000000000733,"{""current_dc"": 47.34, ""delta_dc"": 0.25600000000000733, ""target_temperature"": 30.0, ""latest_temperature"": 29.99}",2025-09-19 11:46:33.446,10.455833333333
Long Yeast Grow,pioreactor02,2025-09-19T09:49:53.449Z,UpdatedHeaterDC,delta_dc=-0.3340000000000011,"{""current_dc"": 47.01, ""delta_dc"": -0.3340000000000011, ""target_temperature"": 30.0, ""latest_temperature"": 30.04}",2025-09-19 11:49:53.449,10.511388888889
Long Yeast Grow,pioreactor02,2025-09-19T09:53:13.450Z,UpdatedHeaterDC,delta_dc=0.32799999999999296,"{""current_dc"": 47.34, ""delta_dc"": 0.32799999999999296, ""target_temperature"": 30.0, ""latest_temperature"": 29.98}",2025-09-19 11:53:13.450,10.566944444444
Long Yeast Grow,pioreactor02,2025-09-19T09:56:33.449Z,UpdatedHeaterDC,delta_dc=-1.460000000000007,"{""current_dc"": 45.88, ""delta_dc"": -1.460000000000007, ""target_temperature"": 30.0, ""latest_temperature"": 30.19}",2025-09-19 11:56:33.449,10.6225
Long Yeast Grow,pioreactor02,2025-09-19T09:59:53.449Z,UpdatedHeaterDC,delta_dc=1.1619999999999997,"{""current_dc"": 47.04, ""delta_dc"": 1.1619999999999997, ""target_temperature"": 30.0, ""latest_temperature"": 29.96}",2025-09-19 11:59:53.449,10.678055555556
Long Yeast Grow,pioreactor02,2025-09-19T10:03:13.450Z,UpdatedHeaterDC,delta_dc=-0.6159999999999868,"{""current_dc"": 46.42, ""delta_dc"": -0.6159999999999868, ""target_temperature"": 30.0, ""latest_temperature"": 30.06}",2025-09-19 12:03:13.450,10.733611111111
Long Yeast Grow,pioreactor02,2025-09-19T10:06:33.449Z,UpdatedHeaterDC,delta_dc=1.2839999999999983,"{""current_dc"": 47.7, ""delta_dc"": 1.2839999999999983, ""target_temperature"": 30.0, ""latest_temperature"": 29.86}",2025-09-19 12:06:33.449,10.789166666667
Long Yeast Grow,pioreactor02,2025-09-19T10:09:53.449Z,UpdatedHeaterDC,delta_dc=1.083999999999986,"{""current_dc"": 48.78, ""delta_dc"": 1.083999999999986, ""target_temperature"": 30.0, ""latest_temperature"": 29.76}",2025-09-19 12:09:53.449,10.844722222222
Long Yeast Grow,pioreactor02,2025-09-19T10:13:13.452Z,UpdatedHeaterDC,delta_dc=-1.320000000000001,"{""current_dc"": 47.46, ""delta_dc"": -1.320000000000001, ""target_temperature"": 30.0, ""latest_temperature"": 30.03}",2025-09-19 12:13:13.452,10.900277777778
Long Yeast Grow,pioreactor02,2025-09-19T10:16:33.450Z,UpdatedHeaterDC,delta_dc=0.569999999999996,"{""current_dc"": 48.03, ""delta_dc"": 0.569999999999996, ""target_temperature"": 30.0, ""latest_temperature"": 29.94}",2025-09-19 12:16:33.450,10.955833333333
Long Yeast Grow,pioreactor02,2025-09-19T10:19:53.451Z,UpdatedHeaterDC,delta_dc=-1.06799999999999,"{""current_dc"": 46.96, ""delta_dc"": -1.06799999999999, ""target_temperature"": 30.0, ""latest_temperature"": 30.11}",2025-09-19 12:19:53.451,11.011388888889
Long Yeast Grow,pioreactor02,2025-09-19T10:23:13.493Z,UpdatedHeaterDC,delta_dc=0.7220000000000055,"{""current_dc"": 47.68, ""delta_dc"": 0.7220000000000055, ""target_temperature"": 30.0, ""latest_temperature"": 29.97}",2025-09-19 12:23:13.493,11.066944444444
Long Yeast Grow,pioreactor02,2025-09-19T10:26:33.451Z,UpdatedHeaterDC,delta_dc=-1.0020000000000122,"{""current_dc"": 46.68, ""delta_dc"": -1.0020000000000122, ""target_temperature"": 30.0, ""latest_temperature"": 30.12}",2025-09-19 12:26:33.451,11.1225
Long Yeast Grow,pioreactor02,2025-09-19T10:29:53.491Z,UpdatedHeaterDC,delta_dc=1.6319999999999943,"{""current_dc"": 48.31, ""delta_dc"": 1.6319999999999943, ""target_temperature"": 30.0, ""latest_temperature"": 29.85}",2025-09-19 12:29:53.491,11.178055555556
Long Yeast Grow,pioreactor02,2025-09-19T10:33:13.450Z,UpdatedHeaterDC,delta_dc=-0.9779999999999872,"{""current_dc"": 47.33, ""delta_dc"": -0.9779999999999872, ""target_temperature"": 30.0, ""latest_temperature"": 30.04}",2025-09-19 12:33:13.450,11.233611111111
Long Yeast Grow,pioreactor02,2025-09-19T10:36:33.452Z,UpdatedHeaterDC,delta_dc=0.039999999999999133,"{""current_dc"": 47.37, ""delta_dc"": 0.039999999999999133, ""target_temperature"": 30.0, ""latest_temperature"": 30.02}",2025-09-19 12:36:33.452,11.289166666667
Long Yeast Grow,pioreactor02,2025-09-19T10:39:53.449Z,UpdatedHeaterDC,delta_dc=-0.7720000000000091,"{""current_dc"": 46.6, ""delta_dc"": -0.7720000000000091, ""target_temperature"": 30.0, ""latest_temperature"": 30.12}",2025-09-19 12:39:53.449,11.344722222222
Long Yeast Grow,pioreactor02,2025-09-19T10:43:13.450Z,UpdatedHeaterDC,delta_dc=1.0560000000000065,"{""current_dc"": 47.66, ""delta_dc"": 1.0560000000000065, ""target_temperature"": 30.0, ""latest_temperature"": 29.93}",2025-09-19 12:43:13.450,11.400277777778
Long Yeast Grow,pioreactor02,2025-09-19T10:46:33.451Z,UpdatedHeaterDC,delta_dc=-1.761999999999996,"{""current_dc"": 45.9, ""delta_dc"": -1.761999999999996, ""target_temperature"": 30.0, ""latest_temperature"": 30.2}",2025-09-19 12:46:33.451,11.455833333333
Long Yeast Grow,pioreactor02,2025-09-19T10:49:53.451Z,UpdatedHeaterDC,delta_dc=1.9280000000000006,"{""current_dc"": 47.83, ""delta_dc"": 1.9280000000000006, ""target_temperature"": 30.0, ""latest_temperature"": 29.86}",2025-09-19 12:49:53.451,11.511388888889
Long Yeast Grow,pioreactor02,2025-09-19T10:53:13.493Z,UpdatedHeaterDC,delta_dc=-0.4279999999999944,"{""current_dc"": 47.4, ""delta_dc"": -0.4279999999999944, ""target_temperature"": 30.0, ""latest_temperature"": 29.97}",2025-09-19 12:53:13.493,11.566944444444
Long Yeast Grow,pioreactor02,2025-09-19T10:56:33.493Z,UpdatedHeaterDC,delta_dc=-1.2900000000000063,"{""current_dc"": 46.11, ""delta_dc"": -1.2900000000000063, ""target_temperature"": 30.0, ""latest_temperature"": 30.16}",2025-09-19 12:56:33.493,11.6225
Long Yeast Grow,pioreactor02,2025-09-19T10:59:53.451Z,UpdatedHeaterDC,delta_dc=0.6639999999999894,"{""current_dc"": 46.77, ""delta_dc"": 0.6639999999999894, ""target_temperature"": 30.0, ""latest_temperature"": 30.01}",2025-09-19 12:59:53.451,11.678055555556
Long Yeast Grow,pioreactor02,2025-09-19T11:03:13.449Z,UpdatedHeaterDC,delta_dc=0.7660000000000173,"{""current_dc"": 47.54, ""delta_dc"": 0.7660000000000173, ""target_temperature"": 30.0, ""latest_temperature"": 29.9}",2025-09-19 13:03:13.449,11.733611111111
Long Yeast Grow,pioreactor02,2025-09-19T11:06:33.450Z,UpdatedHeaterDC,delta_dc=-0.7480000000000003,"{""current_dc"": 46.79, ""delta_dc"": -0.7480000000000003, ""target_temperature"": 30.0, ""latest_temperature"": 30.04}",2025-09-19 13:06:33.450,11.789166666667
Long Yeast Grow,pioreactor02,2025-09-19T11:09:53.450Z,UpdatedHeaterDC,delta_dc=0.6879999999999981,"{""current_dc"": 47.48, ""delta_dc"": 0.6879999999999981, ""target_temperature"": 30.0, ""latest_temperature"": 29.93}",2025-09-19 13:09:53.450,11.844722222222
Long Yeast Grow,pioreactor02,2025-09-19T11:13:13.452Z,UpdatedHeaterDC,delta_dc=0.2539999999999864,"{""current_dc"": 47.73, ""delta_dc"": 0.2539999999999864, ""target_temperature"": 30.0, ""latest_temperature"": 29.92}",2025-09-19 13:13:13.452,11.900277777778
Long Yeast Grow,pioreactor02,2025-09-19T11:16:33.449Z,UpdatedHeaterDC,delta_dc=0.20799999999999558,"{""current_dc"": 47.94, ""delta_dc"": 0.20799999999999558, ""target_temperature"": 30.0, ""latest_temperature"": 29.92}",2025-09-19 13:16:33.449,11.955833333333
Long Yeast Grow,pioreactor02,2025-09-19T11:19:53.450Z,UpdatedHeaterDC,delta_dc=-0.4400000000000034,"{""current_dc"": 47.5, ""delta_dc"": -0.4400000000000034, ""target_temperature"": 30.0, ""latest_temperature"": 30.01}",2025-09-19 13:19:53.450,12.011388888889
Long Yeast Grow,pioreactor02,2025-09-19T11:23:13.535Z,UpdatedHeaterDC,delta_dc=-1.0339999999999825,"{""current_dc"": 46.47, ""delta_dc"": -1.0339999999999825, ""target_temperature"": 30.0, ""latest_temperature"": 30.15}",2025-09-19 13:23:13.535,12.066944444444
Long Yeast Grow,pioreactor02,2025-09-19T11:26:33.450Z,UpdatedHeaterDC,delta_dc=-0.24599999999999939,"{""current_dc"": 46.22, ""delta_dc"": -0.24599999999999939, ""target_temperature"": 30.0, ""latest_temperature"": 30.13}",2025-09-19 13:26:33.450,12.1225
Long Yeast Grow,pioreactor02,2025-09-19T11:29:53.450Z,UpdatedHeaterDC,delta_dc=0.3819999999999872,"{""current_dc"": 46.6, ""delta_dc"": 0.3819999999999872, ""target_temperature"": 30.0, ""latest_temperature"": 30.03}",2025-09-19 13:29:53.450,12.178055555556
Long Yeast Grow,pioreactor02,2025-09-19T11:33:13.451Z,UpdatedHeaterDC,delta_dc=0.28200000000000214,"{""current_dc"": 46.88, ""delta_dc"": 0.28200000000000214, ""target_temperature"": 30.0, ""latest_temperature"": 29.98}",2025-09-19 13:33:13.451,12.233611111111
Long Yeast Grow,pioreactor02,2025-09-19T11:36:33.450Z,UpdatedHeaterDC,delta_dc=-0.4520000000000032,"{""current_dc"": 46.43, ""delta_dc"": -0.4520000000000032, ""target_temperature"": 30.0, ""latest_temperature"": 30.05}",2025-09-19 13:36:33.450,12.289166666667
Long Yeast Grow,pioreactor02,2025-09-19T11:39:53.451Z,UpdatedHeaterDC,delta_dc=0.661999999999994,"{""current_dc"": 47.09, ""delta_dc"": 0.661999999999994, ""target_temperature"": 30.0, ""latest_temperature"": 29.94}",2025-09-19 13:39:53.451,12.344722222222
Long Yeast Grow,pioreactor02,2025-09-19T11:43:13.491Z,UpdatedHeaterDC,delta_dc=-0.7799999999999961,"{""current_dc"": 46.31, ""delta_dc"": -0.7799999999999961, ""target_temperature"": 30.0, ""latest_temperature"": 30.07}",2025-09-19 13:43:13.491,12.400277777778
Long Yeast Grow,pioreactor02,2025-09-19T11:46:33.450Z,UpdatedHeaterDC,delta_dc=0.6099999999999951,"{""current_dc"": 46.92, ""delta_dc"": 0.6099999999999951, ""target_temperature"": 30.0, ""latest_temperature"": 29.96}",2025-09-19 13:46:33.450,12.455833333333
Long Yeast Grow,pioreactor02,2025-09-19T11:49:53.449Z,UpdatedHeaterDC,delta_dc=-0.11199999999998482,"{""current_dc"": 46.81, ""delta_dc"": -0.11199999999998482, ""target_temperature"": 30.0, ""latest_temperature"": 29.99}",2025-09-19 13:49:53.449,12.511388888889
Long Yeast Grow,pioreactor02,2025-09-19T11:53:13.450Z,UpdatedHeaterDC,delta_dc=0.7459999999999887,"{""current_dc"": 47.56, ""delta_dc"": 0.7459999999999887, ""target_temperature"": 30.0, ""latest_temperature"": 29.89}",2025-09-19 13:53:13.450,12.566944444444
Long Yeast Grow,pioreactor02,2025-09-19T11:56:33.450Z,UpdatedHeaterDC,delta_dc=-0.5780000000000085,"{""current_dc"": 46.98, ""delta_dc"": -0.5780000000000085, ""target_temperature"": 30.0, ""latest_temperature"": 30.01}",2025-09-19 13:56:33.450,12.6225
Long Yeast Grow,pioreactor02,2025-09-19T11:59:53.450Z,UpdatedHeaterDC,delta_dc=0.3340000000000011,"{""current_dc"": 47.31, ""delta_dc"": 0.3340000000000011, ""target_temperature"": 30.0, ""latest_temperature"": 29.96}",2025-09-19 13:59:53.450,12.678055555556
Long Yeast Grow,pioreactor02,2025-09-19T12:03:13.452Z,UpdatedHeaterDC,delta_dc=0.17600000000000904,"{""current_dc"": 47.49, ""delta_dc"": 0.17600000000000904, ""target_temperature"": 30.0, ""latest_temperature"": 29.95}",2025-09-19 14:03:13.452,12.733611111111
Long Yeast Grow,pioreactor02,2025-09-19T12:06:33.493Z,UpdatedHeaterDC,delta_dc=0.13000000000000186,"{""current_dc"": 47.62, ""delta_dc"": 0.13000000000000186, ""target_temperature"": 30.0, ""latest_temperature"": 29.95}",2025-09-19 14:06:33.493,12.789166666667
Long Yeast Grow,pioreactor02,2025-09-19T12:09:53.446Z,UpdatedHeaterDC,delta_dc=0.20199999999998752,"{""current_dc"": 47.82, ""delta_dc"": 0.20199999999998752, ""target_temperature"": 30.0, ""latest_temperature"": 29.94}",2025-09-19 14:09:53.446,12.844722222222
Long Yeast Grow,pioreactor02,2025-09-19T12:13:13.451Z,UpdatedHeaterDC,delta_dc=-0.6359999999999992,"{""current_dc"": 47.18, ""delta_dc"": -0.6359999999999992, ""target_temperature"": 30.0, ""latest_temperature"": 30.05}",2025-09-19 14:13:13.451,12.900277777778
Long Yeast Grow,pioreactor02,2025-09-19T12:16:33.450Z,UpdatedHeaterDC,delta_dc=0.30200000000001453,"{""current_dc"": 47.48, ""delta_dc"": 0.30200000000001453, ""target_temperature"": 30.0, ""latest_temperature"": 29.99}",2025-09-19 14:16:33.450,12.955833333333
Long Yeast Grow,pioreactor02,2025-09-19T12:19:53.449Z,UpdatedHeaterDC,delta_dc=-1.342000000000005,"{""current_dc"": 46.14, ""delta_dc"": -1.342000000000005, ""target_temperature"": 30.0, ""latest_temperature"": 30.18}",2025-09-19 14:19:53.449,13.011388888889
Long Yeast Grow,pioreactor02,2025-09-19T12:23:13.450Z,UpdatedHeaterDC,delta_dc=1.2599999999999894,"{""current_dc"": 47.4, ""delta_dc"": 1.2599999999999894, ""target_temperature"": 30.0, ""latest_temperature"": 29.94}",2025-09-19 14:23:13.450,13.066944444444
Long Yeast Grow,pioreactor02,2025-09-19T12:26:33.450Z,UpdatedHeaterDC,delta_dc=-0.6359999999999992,"{""current_dc"": 46.76, ""delta_dc"": -0.6359999999999992, ""target_temperature"": 30.0, ""latest_temperature"": 30.05}",2025-09-19 14:26:33.450,13.1225
Long Yeast Grow,pioreactor02,2025-09-19T12:29:53.450Z,UpdatedHeaterDC,delta_dc=0.08600000000000634,"{""current_dc"": 46.85, ""delta_dc"": 0.08600000000000634, ""target_temperature"": 30.0, ""latest_temperature"": 30.02}",2025-09-19 14:29:53.450,13.178055555556
Long Yeast Grow,pioreactor02,2025-09-19T12:33:13.449Z,UpdatedHeaterDC,delta_dc=-0.41200000000000403,"{""current_dc"": 46.44, ""delta_dc"": -0.41200000000000403, ""target_temperature"": 30.0, ""latest_temperature"": 30.07}",2025-09-19 14:33:13.449,13.233611111111
Long Yeast Grow,pioreactor02,2025-09-19T12:36:33.450Z,UpdatedHeaterDC,delta_dc=0.17800000000000438,"{""current_dc"": 46.62, ""delta_dc"": 0.17800000000000438, ""target_temperature"": 30.0, ""latest_temperature"": 30.02}",2025-09-19 14:36:33.450,13.289166666667
Long Yeast Grow,pioreactor02,2025-09-19T12:39:53.450Z,UpdatedHeaterDC,delta_dc=1.0279999999999907,"{""current_dc"": 47.65, ""delta_dc"": 1.0279999999999907, ""target_temperature"": 30.0, ""latest_temperature"": 29.87}",2025-09-19 14:39:53.450,13.344722222222
Long Yeast Grow,pioreactor02,2025-09-19T12:43:13.450Z,UpdatedHeaterDC,delta_dc=-0.09399999999999334,"{""current_dc"": 47.56, ""delta_dc"": -0.09399999999999334, ""target_temperature"": 30.0, ""latest_temperature"": 29.93}",2025-09-19 14:43:13.450,13.400277777778
Long Yeast Grow,pioreactor02,2025-09-19T12:46:33.451Z,UpdatedHeaterDC,delta_dc=-1.0420000000000116,"{""current_dc"": 46.52, ""delta_dc"": -1.0420000000000116, ""target_temperature"": 30.0, ""latest_temperature"": 30.1}",2025-09-19 14:46:33.451,13.455833333333
Long Yeast Grow,pioreactor02,2025-09-19T12:49:53.450Z,UpdatedHeaterDC,delta_dc=1.0359999999999943,"{""current_dc"": 47.56, ""delta_dc"": 1.0359999999999943, ""target_temperature"": 30.0, ""latest_temperature"": 29.92}",2025-09-19 14:49:53.450,13.511388888889
Long Yeast Grow,pioreactor02,2025-09-19T12:53:13.491Z,UpdatedHeaterDC,delta_dc=-0.9439999999999797,"{""current_dc"": 46.62, ""delta_dc"": -0.9439999999999797, ""target_temperature"": 30.0, ""latest_temperature"": 30.08}",2025-09-19 14:53:13.491,13.566944444444
Long Yeast Grow,pioreactor02,2025-09-19T12:56:33.493Z,UpdatedHeaterDC,delta_dc=1.3759999999999961,"{""current_dc"": 48.0, ""delta_dc"": 1.3759999999999961, ""target_temperature"": 30.0, ""latest_temperature"": 29.86}",2025-09-19 14:56:33.493,13.6225
Long Yeast Grow,pioreactor02,2025-09-19T12:59:53.450Z,UpdatedHeaterDC,delta_dc=0.4359999999999871,"{""current_dc"": 48.44, ""delta_dc"": 0.4359999999999871, ""target_temperature"": 30.0, ""latest_temperature"": 29.85}",2025-09-19 14:59:53.450,13.678055555556
Long Yeast Grow,pioreactor02,2025-09-19T13:03:13.452Z,UpdatedHeaterDC,delta_dc=-0.5459999999999965,"{""current_dc"": 47.89, ""delta_dc"": -0.5459999999999965, ""target_temperature"": 30.0, ""latest_temperature"": 29.98}",2025-09-19 15:03:13.452,13.733611111111
Long Yeast Grow,pioreactor02,2025-09-19T13:06:33.450Z,UpdatedHeaterDC,delta_dc=-0.6679999999999857,"{""current_dc"": 47.22, ""delta_dc"": -0.6679999999999857, ""target_temperature"": 30.0, ""latest_temperature"": 30.08}",2025-09-19 15:06:33.450,13.789166666667
Long Yeast Grow,pioreactor02,2025-09-19T13:09:53.450Z,UpdatedHeaterDC,delta_dc=0.799999999999983,"{""current_dc"": 48.02, ""delta_dc"": 0.799999999999983, ""target_temperature"": 30.0, ""latest_temperature"": 29.94}",2025-09-19 15:09:53.450,13.844722222222
Long Yeast Grow,pioreactor02,2025-09-19T13:13:13.450Z,UpdatedHeaterDC,delta_dc=-0.2759999999999941,"{""current_dc"": 47.74, ""delta_dc"": -0.2759999999999941, ""target_temperature"": 30.0, ""latest_temperature"": 30.0}",2025-09-19 15:13:13.450,13.900277777778
Long Yeast Grow,pioreactor02,2025-09-19T13:16:33.491Z,UpdatedHeaterDC,delta_dc=-0.504000000000002,"{""current_dc"": 47.24, ""delta_dc"": -0.504000000000002, ""target_temperature"": 30.0, ""latest_temperature"": 30.07}",2025-09-19 15:16:33.491,13.955833333333
Long Yeast Grow,pioreactor02,2025-09-19T13:19:53.452Z,UpdatedHeaterDC,delta_dc=0.4659999999999982,"{""current_dc"": 47.71, ""delta_dc"": 0.4659999999999982, ""target_temperature"": 30.0, ""latest_temperature"": 29.98}",2025-09-19 15:19:53.452,14.011388888889
Long Yeast Grow,pioreactor02,2025-09-19T13:23:13.450Z,UpdatedHeaterDC,delta_dc=0.051999999999998894,"{""current_dc"": 47.76, ""delta_dc"": 0.051999999999998894, ""target_temperature"": 30.0, ""latest_temperature"": 29.98}",2025-09-19 15:23:13.450,14.066944444444
Long Yeast Grow,pioreactor02,2025-09-19T13:26:33.450Z,UpdatedHeaterDC,delta_dc=0.7720000000000091,"{""current_dc"": 48.53, ""delta_dc"": 0.7720000000000091, ""target_temperature"": 30.0, ""latest_temperature"": 29.88}",2025-09-19 15:26:33.450,14.1225
Long Yeast Grow,pioreactor02,2025-09-19T13:29:53.450Z,UpdatedHeaterDC,delta_dc=-0.47999999999999327,"{""current_dc"": 48.05, ""delta_dc"": -0.47999999999999327, ""target_temperature"": 30.0, ""latest_temperature"": 29.99}",2025-09-19 15:29:53.450,14.178055555556
Long Yeast Grow,pioreactor02,2025-09-19T13:33:13.450Z,UpdatedHeaterDC,delta_dc=-0.1900000000000041,"{""current_dc"": 47.86, ""delta_dc"": -0.1900000000000041, ""target_temperature"": 30.0, ""latest_temperature"": 30.02}",2025-09-19 15:33:13.450,14.233611111111
Long Yeast Grow,pioreactor02,2025-09-19T13:36:33.450Z,UpdatedHeaterDC,delta_dc=1.460000000000007,"{""current_dc"": 49.32, ""delta_dc"": 1.460000000000007, ""target_temperature"": 30.0, ""latest_temperature"": 29.81}",2025-09-19 15:36:33.450,14.289166666667
Long Yeast Grow,pioreactor02,2025-09-19T13:39:53.450Z,UpdatedHeaterDC,delta_dc=-0.2980000000000181,"{""current_dc"": 49.02, ""delta_dc"": -0.2980000000000181, ""target_temperature"": 30.0, ""latest_temperature"": 29.92}",2025-09-19 15:39:53.450,14.344722222222
Long Yeast Grow,pioreactor02,2025-09-19T13:43:13.450Z,UpdatedHeaterDC,delta_dc=-1.3759999999999961,"{""current_dc"": 47.64, ""delta_dc"": -1.3759999999999961, ""target_temperature"": 30.0, ""latest_temperature"": 30.14}",2025-09-19 15:43:13.450,14.400277777778
Long Yeast Grow,pioreactor02,2025-09-19T13:46:33.450Z,UpdatedHeaterDC,delta_dc=0.14000000000000054,"{""current_dc"": 47.78, ""delta_dc"": 0.14000000000000054, ""target_temperature"": 30.0, ""latest_temperature"": 30.07}",2025-09-19 15:46:33.450,14.455833333333
Long Yeast Grow,pioreactor02,2025-09-19T13:49:53.451Z,UpdatedHeaterDC,delta_dc=-1.0460000000000078,"{""current_dc"": 46.73, ""delta_dc"": -1.0460000000000078, ""target_temperature"": 30.0, ""latest_temperature"": 30.19}",2025-09-19 15:49:53.451,14.511388888889
Long Yeast Grow,pioreactor02,2025-09-19T13:53:13.450Z,UpdatedHeaterDC,delta_dc=0.6579999999999976,"{""current_dc"": 47.39, ""delta_dc"": 0.6579999999999976, ""target_temperature"": 30.0, ""latest_temperature"": 30.03}",2025-09-19 15:53:13.450,14.566944444444
Long Yeast Grow,pioreactor02,2025-09-19T13:56:33.450Z,UpdatedHeaterDC,delta_dc=-0.005999999999991706,"{""current_dc"": 47.38, ""delta_dc"": -0.005999999999991706, ""target_temperature"": 30.0, ""latest_temperature"": 30.02}",2025-09-19 15:56:33.450,14.6225
Long Yeast Grow,pioreactor02,2025-09-19T13:59:53.450Z,UpdatedHeaterDC,delta_dc=0.23599999999999494,"{""current_dc"": 47.62, ""delta_dc"": 0.23599999999999494, ""target_temperature"": 30.0, ""latest_temperature"": 29.98}",2025-09-19 15:59:53.450,14.678055555556
Long Yeast Grow,pioreactor02,2025-09-19T14:03:13.450Z,UpdatedHeaterDC,delta_dc=0.7720000000000091,"{""current_dc"": 48.39, ""delta_dc"": 0.7720000000000091, ""target_temperature"": 30.0, ""latest_temperature"": 29.88}",2025-09-19 16:03:13.450,14.733611111111
Long Yeast Grow,pioreactor02,2025-09-19T14:06:33.449Z,UpdatedHeaterDC,delta_dc=1.4640000000000035,"{""current_dc"": 49.85, ""delta_dc"": 1.4640000000000035, ""target_temperature"": 30.0, ""latest_temperature"": 29.72}",2025-09-19 16:06:33.449,14.789166666667
Long Yeast Grow,pioreactor02,2025-09-19T14:09:53.452Z,UpdatedHeaterDC,delta_dc=-0.7840000000000031,"{""current_dc"": 49.07, ""delta_dc"": -0.7840000000000031, ""target_temperature"": 30.0, ""latest_temperature"": 29.93}",2025-09-19 16:09:53.452,14.844722222222
Long Yeast Grow,pioreactor02,2025-09-19T14:13:13.495Z,UpdatedHeaterDC,delta_dc=-0.8260000000000033,"{""current_dc"": 48.24, ""delta_dc"": -0.8260000000000033, ""target_temperature"": 30.0, ""latest_temperature"": 30.07}",2025-09-19 16:13:13.495,14.900277777778
Long Yeast Grow,pioreactor02,2025-09-19T14:16:33.450Z,UpdatedHeaterDC,delta_dc=0.03400000000000744,"{""current_dc"": 48.27, ""delta_dc"": 0.03400000000000744, ""target_temperature"": 30.0, ""latest_temperature"": 30.04}",2025-09-19 16:16:33.450,14.955833333333
Long Yeast Grow,pioreactor02,2025-09-19T14:19:53.451Z,UpdatedHeaterDC,delta_dc=1.5520000000000052,"{""current_dc"": 49.82, ""delta_dc"": 1.5520000000000052, ""target_temperature"": 30.0, ""latest_temperature"": 29.81}",2025-09-19 16:19:53.451,15.011388888889
Long Yeast Grow,pioreactor02,2025-09-19T14:23:13.449Z,UpdatedHeaterDC,delta_dc=-2.4579999999999975,"{""current_dc"": 47.36, ""delta_dc"": -2.4579999999999975, ""target_temperature"": 30.0, ""latest_temperature"": 30.22}",2025-09-19 16:23:13.449,15.066944444444
Long Yeast Grow,pioreactor02,2025-09-19T14:26:33.450Z,UpdatedHeaterDC,delta_dc=2.0199999999999987,"{""current_dc"": 49.38, ""delta_dc"": 2.0199999999999987, ""target_temperature"": 30.0, ""latest_temperature"": 29.86}",2025-09-19 16:26:33.450,15.1225
Long Yeast Grow,pioreactor02,2025-09-19T14:29:53.451Z,UpdatedHeaterDC,delta_dc=-0.35600000000000875,"{""current_dc"": 49.02, ""delta_dc"": -0.35600000000000875, ""target_temperature"": 30.0, ""latest_temperature"": 29.96}",2025-09-19 16:29:53.451,15.178055555556
Long Yeast Grow,pioreactor02,2025-09-19T14:33:13.450Z,UpdatedHeaterDC,delta_dc=0.03200000000001211,"{""current_dc"": 49.05, ""delta_dc"": 0.03200000000001211, ""target_temperature"": 30.0, ""latest_temperature"": 29.97}",2025-09-19 16:33:13.450,15.233611111111
Long Yeast Grow,pioreactor02,2025-09-19T14:36:33.450Z,UpdatedHeaterDC,delta_dc=-0.13800000000000523,"{""current_dc"": 48.91, ""delta_dc"": -0.13800000000000523, ""target_temperature"": 30.0, ""latest_temperature"": 30.0}",2025-09-19 16:36:33.450,15.289166666667
Long Yeast Grow,pioreactor02,2025-09-19T14:39:53.449Z,UpdatedHeaterDC,delta_dc=0.4319999999999907,"{""current_dc"": 49.34, ""delta_dc"": 0.4319999999999907, ""target_temperature"": 30.0, ""latest_temperature"": 29.94}",2025-09-19 16:39:53.449,15.344722222222
Long Yeast Grow,pioreactor02,2025-09-19T14:43:13.450Z,UpdatedHeaterDC,delta_dc=0.5880000000000131,"{""current_dc"": 49.93, ""delta_dc"": 0.5880000000000131, ""target_temperature"": 30.0, ""latest_temperature"": 29.88}",2025-09-19 16:43:13.450,15.400277777778
Long Yeast Grow,pioreactor02,2025-09-19T14:46:33.453Z,UpdatedHeaterDC,delta_dc=-1.272000000000015,"{""current_dc"": 48.66, ""delta_dc"": -1.272000000000015, ""target_temperature"": 30.0, ""latest_temperature"": 30.1}",2025-09-19 16:46:33.453,15.455833333333
Long Yeast Grow,pioreactor02,2025-09-19T14:49:53.451Z,UpdatedHeaterDC,delta_dc=0.3160000000000096,"{""current_dc"": 48.98, ""delta_dc"": 0.3160000000000096, ""target_temperature"": 30.0, ""latest_temperature"": 30.02}",2025-09-19 16:49:53.451,15.511388888889
Long Yeast Grow,pioreactor02,2025-09-19T14:53:13.450Z,UpdatedHeaterDC,delta_dc=-0.12400000000001014,"{""current_dc"": 48.86, ""delta_dc"": -0.12400000000001014, ""target_temperature"": 30.0, ""latest_temperature"": 30.03}",2025-09-19 16:53:13.450,15.566944444444
Long Yeast Grow,pioreactor02,2025-09-19T14:56:33.449Z,UpdatedHeaterDC,delta_dc=-1.0139999999999958,"{""current_dc"": 47.85, ""delta_dc"": -1.0139999999999958, ""target_temperature"": 30.0, ""latest_temperature"": 30.16}",2025-09-19 16:56:33.449,15.6225
Long Yeast Grow,pioreactor02,2025-09-19T14:59:53.451Z,UpdatedHeaterDC,delta_dc=0.23199999999999857,"{""current_dc"": 48.08, ""delta_dc"": 0.23199999999999857, ""target_temperature"": 30.0, ""latest_temperature"": 30.07}",2025-09-19 16:59:53.451,15.678055555556
Long Yeast Grow,pioreactor02,2025-09-19T15:03:13.450Z,UpdatedHeaterDC,delta_dc=2.122000000000001,"{""current_dc"": 50.2, ""delta_dc"": 2.122000000000001, ""target_temperature"": 30.0, ""latest_temperature"": 29.75}",2025-09-19 17:03:13.450,15.733611111111
Long Yeast Grow,pioreactor02,2025-09-19T15:06:33.452Z,UpdatedHeaterDC,delta_dc=0.0020000000000010565,"{""current_dc"": 50.2, ""delta_dc"": 0.0020000000000010565, ""target_temperature"": 30.0, ""latest_temperature"": 29.84}",2025-09-19 17:06:33.452,15.789166666667
Long Yeast Grow,pioreactor02,2025-09-19T15:09:53.451Z,UpdatedHeaterDC,delta_dc=0.5599999999999973,"{""current_dc"": 50.76, ""delta_dc"": 0.5599999999999973, ""target_temperature"": 30.0, ""latest_temperature"": 29.82}",2025-09-19 17:09:53.451,15.844722222222
Long Yeast Grow,pioreactor02,2025-09-19T15:13:13.451Z,UpdatedHeaterDC,delta_dc=-1.1159999999999926,"{""current_dc"": 49.64, ""delta_dc"": -1.1159999999999926, ""target_temperature"": 30.0, ""latest_temperature"": 30.04}",2025-09-19 17:13:13.451,15.900277777778
Long Yeast Grow,pioreactor02,2025-09-19T15:16:33.450Z,UpdatedHeaterDC,delta_dc=-0.7519999999999967,"{""current_dc"": 48.89, ""delta_dc"": -0.7519999999999967, ""target_temperature"": 30.0, ""latest_temperature"": 30.13}",2025-09-19 17:16:33.450,15.955833333333
Long Yeast Grow,pioreactor02,2025-09-19T15:19:53.450Z,UpdatedHeaterDC,delta_dc=0.7419999999999923,"{""current_dc"": 49.63, ""delta_dc"": 0.7419999999999923, ""target_temperature"": 30.0, ""latest_temperature"": 29.98}",2025-09-19 17:19:53.450,16.011388888889
Long Yeast Grow,pioreactor02,2025-09-19T15:23:13.451Z,UpdatedHeaterDC,delta_dc=0.6999999999999978,"{""current_dc"": 50.33, ""delta_dc"": 0.6999999999999978, ""target_temperature"": 30.0, ""latest_temperature"": 29.89}",2025-09-19 17:23:13.451,16.066944444444
Long Yeast Grow,pioreactor02,2025-09-19T15:26:33.451Z,UpdatedHeaterDC,delta_dc=0.6460000000000037,"{""current_dc"": 50.98, ""delta_dc"": 0.6460000000000037, ""target_temperature"": 30.0, ""latest_temperature"": 29.84}",2025-09-19 17:26:33.451,16.1225
Long Yeast Grow,pioreactor02,2025-09-19T15:29:53.450Z,UpdatedHeaterDC,delta_dc=-1.5279999999999965,"{""current_dc"": 49.45, ""delta_dc"": -1.5279999999999965, ""target_temperature"": 30.0, ""latest_temperature"": 30.11}",2025-09-19 17:29:53.450,16.178055555556
Long Yeast Grow,pioreactor02,2025-09-19T15:33:13.449Z,UpdatedHeaterDC,delta_dc=0.9379999999999882,"{""current_dc"": 50.39, ""delta_dc"": 0.9379999999999882, ""target_temperature"": 30.0, ""latest_temperature"": 29.94}",2025-09-19 17:33:13.449,16.233611111111
Long Yeast Grow,pioreactor02,2025-09-19T15:36:33.450Z,UpdatedHeaterDC,delta_dc=-1.2119999999999869,"{""current_dc"": 49.18, ""delta_dc"": -1.2119999999999869, ""target_temperature"": 30.0, ""latest_temperature"": 30.13}",2025-09-19 17:36:33.450,16.289166666667
Long Yeast Grow,pioreactor02,2025-09-19T15:39:53.450Z,UpdatedHeaterDC,delta_dc=-0.05000000000000357,"{""current_dc"": 49.13, ""delta_dc"": -0.05000000000000357, ""target_temperature"": 30.0, ""latest_temperature"": 30.09}",2025-09-19 17:39:53.450,16.344722222222
Long Yeast Grow,pioreactor02,2025-09-19T15:43:13.450Z,UpdatedHeaterDC,delta_dc=0.34199999999998804,"{""current_dc"": 49.47, ""delta_dc"": 0.34199999999998804, ""target_temperature"": 30.0, ""latest_temperature"": 30.01}",2025-09-19 17:43:13.450,16.400277777778
Long Yeast Grow,pioreactor02,2025-09-19T15:46:33.452Z,UpdatedHeaterDC,delta_dc=-0.6019999999999918,"{""current_dc"": 48.87, ""delta_dc"": -0.6019999999999918, ""target_temperature"": 30.0, ""latest_temperature"": 30.09}",2025-09-19 17:46:33.452,16.455833333333
Long Yeast Grow,pioreactor02,2025-09-19T15:49:53.451Z,UpdatedHeaterDC,delta_dc=0.6300000000000074,"{""current_dc"": 49.5, ""delta_dc"": 0.6300000000000074, ""target_temperature"": 30.0, ""latest_temperature"": 29.97}",2025-09-19 17:49:53.451,16.511388888889
Long Yeast Grow,pioreactor02,2025-09-19T15:53:13.451Z,UpdatedHeaterDC,delta_dc=0.5099999999999937,"{""current_dc"": 50.01, ""delta_dc"": 0.5099999999999937, ""target_temperature"": 30.0, ""latest_temperature"": 29.91}",2025-09-19 17:53:13.451,16.566944444444
Long Yeast Grow,pioreactor02,2025-09-19T15:56:33.450Z,UpdatedHeaterDC,delta_dc=0.16199999999998838,"{""current_dc"": 50.17, ""delta_dc"": 0.16199999999998838, ""target_temperature"": 30.0, ""latest_temperature"": 29.92}",2025-09-19 17:56:33.450,16.6225
Long Yeast Grow,pioreactor02,2025-09-19T15:59:53.450Z,UpdatedHeaterDC,delta_dc=-1.447999999999982,"{""current_dc"": 48.72, ""delta_dc"": -1.447999999999982, ""target_temperature"": 30.0, ""latest_temperature"": 30.15}",2025-09-19 17:59:53.450,16.678055555556
Long Yeast Grow,pioreactor02,2025-09-19T16:03:13.450Z,UpdatedHeaterDC,delta_dc=0.5459999999999965,"{""current_dc"": 49.27, ""delta_dc"": 0.5459999999999965, ""target_temperature"": 30.0, ""latest_temperature"": 30.02}",2025-09-19 18:03:13.450,16.733611111111
Long Yeast Grow,pioreactor02,2025-09-19T16:06:33.452Z,UpdatedHeaterDC,delta_dc=0.5960000000000001,"{""current_dc"": 49.87, ""delta_dc"": 0.5960000000000001, ""target_temperature"": 30.0, ""latest_temperature"": 29.93}",2025-09-19 18:06:33.452,16.789166666667
Long Yeast Grow,pioreactor02,2025-09-19T16:09:53.451Z,UpdatedHeaterDC,delta_dc=-1.0420000000000116,"{""current_dc"": 48.83, ""delta_dc"": -1.0420000000000116, ""target_temperature"": 30.0, ""latest_temperature"": 30.1}",2025-09-19 18:09:53.451,16.844722222222
Long Yeast Grow,pioreactor02,2025-09-19T16:13:13.451Z,UpdatedHeaterDC,delta_dc=0.9640000000000085,"{""current_dc"": 49.79, ""delta_dc"": 0.9640000000000085, ""target_temperature"": 30.0, ""latest_temperature"": 29.93}",2025-09-19 18:13:13.451,16.900277777778
Long Yeast Grow,pioreactor02,2025-09-19T16:16:33.450Z,UpdatedHeaterDC,delta_dc=-0.6820000000000064,"{""current_dc"": 49.11, ""delta_dc"": -0.6820000000000064, ""target_temperature"": 30.0, ""latest_temperature"": 30.05}",2025-09-19 18:16:33.450,16.955833333333
Long Yeast Grow,pioreactor02,2025-09-19T16:19:53.449Z,UpdatedHeaterDC,delta_dc=0.5900000000000084,"{""current_dc"": 49.7, ""delta_dc"": 0.5900000000000084, ""target_temperature"": 30.0, ""latest_temperature"": 29.95}",2025-09-19 18:19:53.449,17.011388888889
Long Yeast Grow,pioreactor02,2025-09-19T16:23:13.452Z,UpdatedHeaterDC,delta_dc=0.490000000000007,"{""current_dc"": 50.19, ""delta_dc"": 0.490000000000007, ""target_temperature"": 30.0, ""latest_temperature"": 29.9}",2025-09-19 18:23:13.452,17.066944444444
Long Yeast Grow,pioreactor02,2025-09-19T16:26:33.451Z,UpdatedHeaterDC,delta_dc=-0.3160000000000096,"{""current_dc"": 49.87, ""delta_dc"": -0.3160000000000096, ""target_temperature"": 30.0, ""latest_temperature"": 29.98}",2025-09-19 18:26:33.451,17.1225
Long Yeast Grow,pioreactor02,2025-09-19T16:29:53.450Z,UpdatedHeaterDC,delta_dc=-0.8839999999999939,"{""current_dc"": 48.99, ""delta_dc"": -0.8839999999999939, ""target_temperature"": 30.0, ""latest_temperature"": 30.11}",2025-09-19 18:29:53.450,17.178055555556
Long Yeast Grow,pioreactor02,2025-09-19T16:33:13.450Z,UpdatedHeaterDC,delta_dc=2.233999999999986,"{""current_dc"": 51.22, ""delta_dc"": 2.233999999999986, ""target_temperature"": 30.0, ""latest_temperature"": 29.76}",2025-09-19 18:33:13.450,17.233611111111
Long Yeast Grow,pioreactor02,2025-09-19T16:36:33.450Z,UpdatedHeaterDC,delta_dc=-0.45599999999999374,"{""current_dc"": 50.76, ""delta_dc"": -0.45599999999999374, ""target_temperature"": 30.0, ""latest_temperature"": 29.91}",2025-09-19 18:36:33.450,17.289166666667
Long Yeast Grow,pioreactor02,2025-09-19T16:39:53.452Z,UpdatedHeaterDC,delta_dc=-0.9899999999999871,"{""current_dc"": 49.77, ""delta_dc"": -0.9899999999999871, ""target_temperature"": 30.0, ""latest_temperature"": 30.08}",2025-09-19 18:39:53.452,17.344722222222
Long Yeast Grow,pioreactor02,2025-09-19T16:43:13.446Z,UpdatedHeaterDC,delta_dc=-0.5680000000000007,"{""current_dc"": 49.2, ""delta_dc"": -0.5680000000000007, ""target_temperature"": 30.0, ""latest_temperature"": 30.13}",2025-09-19 18:43:13.446,17.400277777778
Long Yeast Grow,pioreactor02,2025-09-19T16:46:33.450Z,UpdatedHeaterDC,delta_dc=0.6700000000000066,"{""current_dc"": 49.87, ""delta_dc"": 0.6700000000000066, ""target_temperature"": 30.0, ""latest_temperature"": 29.99}",2025-09-19 18:46:33.450,17.455833333333
Long Yeast Grow,pioreactor02,2025-09-19T16:49:53.450Z,UpdatedHeaterDC,delta_dc=0.17000000000000098,"{""current_dc"": 50.04, ""delta_dc"": 0.17000000000000098, ""target_temperature"": 30.0, ""latest_temperature"": 29.97}",2025-09-19 18:49:53.450,17.511388888889
Long Yeast Grow,pioreactor02,2025-09-19T16:53:13.493Z,UpdatedHeaterDC,delta_dc=-0.3540000000000134,"{""current_dc"": 49.69, ""delta_dc"": -0.3540000000000134, ""target_temperature"": 30.0, ""latest_temperature"": 30.03}",2025-09-19 18:53:13.493,17.566944444444
Long Yeast Grow,pioreactor02,2025-09-19T16:56:33.450Z,UpdatedHeaterDC,delta_dc=1.2900000000000063,"{""current_dc"": 50.98, ""delta_dc"": 1.2900000000000063, ""target_temperature"": 30.0, ""latest_temperature"": 29.84}",2025-09-19 18:56:33.450,17.6225
Long Yeast Grow,pioreactor02,2025-09-19T16:59:53.450Z,UpdatedHeaterDC,delta_dc=-1.3119999999999883,"{""current_dc"": 49.67, ""delta_dc"": -1.3119999999999883, ""target_temperature"": 30.0, ""latest_temperature"": 30.08}",2025-09-19 18:59:53.450,17.678055555556
Long Yeast Grow,pioreactor02,2025-09-19T17:03:13.450Z,UpdatedHeaterDC,delta_dc=0.3679999999999921,"{""current_dc"": 50.04, ""delta_dc"": 0.3679999999999921, ""target_temperature"": 30.0, ""latest_temperature"": 30.0}",2025-09-19 19:03:13.450,17.733611111111
Long Yeast Grow,pioreactor02,2025-09-19T17:06:33.450Z,UpdatedHeaterDC,delta_dc=0.3600000000000051,"{""current_dc"": 50.4, ""delta_dc"": 0.3600000000000051, ""target_temperature"": 30.0, ""latest_temperature"": 29.95}",2025-09-19 19:06:33.450,17.789166666667
Long Yeast Grow,pioreactor02,2025-09-19T17:09:53.450Z,UpdatedHeaterDC,delta_dc=-0.30200000000001453,"{""current_dc"": 50.1, ""delta_dc"": -0.30200000000001453, ""target_temperature"": 30.0, ""latest_temperature"": 30.01}",2025-09-19 19:09:53.450,17.844722222222
Long Yeast Grow,pioreactor02,2025-09-19T17:13:13.452Z,UpdatedHeaterDC,delta_dc=0.6940000000000062,"{""current_dc"": 50.79, ""delta_dc"": 0.6940000000000062, ""target_temperature"": 30.0, ""latest_temperature"": 29.91}",2025-09-19 19:13:13.452,17.900277777778
Long Yeast Grow,pioreactor02,2025-09-19T17:16:33.491Z,UpdatedHeaterDC,delta_dc=-0.9899999999999871,"{""current_dc"": 49.8, ""delta_dc"": -0.9899999999999871, ""target_temperature"": 30.0, ""latest_temperature"": 30.08}",2025-09-19 19:16:33.491,17.955833333333
Long Yeast Grow,pioreactor02,2025-09-19T17:19:53.491Z,UpdatedHeaterDC,delta_dc=0.9439999999999797,"{""current_dc"": 50.74, ""delta_dc"": 0.9439999999999797, ""target_temperature"": 30.0, ""latest_temperature"": 29.92}",2025-09-19 19:19:53.491,18.011388888889
Long Yeast Grow,pioreactor02,2025-09-19T17:23:13.449Z,UpdatedHeaterDC,delta_dc=-0.07999999999999827,"{""current_dc"": 50.66, ""delta_dc"": -0.07999999999999827, ""target_temperature"": 30.0, ""latest_temperature"": 29.96}",2025-09-19 19:23:13.449,18.066944444444
Long Yeast Grow,pioreactor02,2025-09-19T17:26:33.450Z,UpdatedHeaterDC,delta_dc=1.1120000000000019,"{""current_dc"": 51.77, ""delta_dc"": 1.1120000000000019, ""target_temperature"": 30.0, ""latest_temperature"": 29.82}",2025-09-19 19:26:33.450,18.1225
Long Yeast Grow,pioreactor02,2025-09-19T17:29:53.451Z,UpdatedHeaterDC,delta_dc=-0.46799999999999353,"{""current_dc"": 51.3, ""delta_dc"": -0.46799999999999353, ""target_temperature"": 30.0, ""latest_temperature"": 29.95}",2025-09-19 19:29:53.451,18.178055555556
Long Yeast Grow,pioreactor02,2025-09-19T17:33:13.450Z,UpdatedHeaterDC,delta_dc=-0.7340000000000052,"{""current_dc"": 50.57, ""delta_dc"": -0.7340000000000052, ""target_temperature"": 30.0, ""latest_temperature"": 30.07}",2025-09-19 19:33:13.450,18.233611111111
Long Yeast Grow,pioreactor02,2025-09-19T17:36:33.449Z,UpdatedHeaterDC,delta_dc=0.1059999999999931,"{""current_dc"": 50.68, ""delta_dc"": 0.1059999999999931, ""target_temperature"": 30.0, ""latest_temperature"": 30.03}",2025-09-19 19:36:33.449,18.289166666667
Long Yeast Grow,pioreactor02,2025-09-19T17:39:53.450Z,UpdatedHeaterDC,delta_dc=-1.086000000000007,"{""current_dc"": 49.59, ""delta_dc"": -1.086000000000007, ""target_temperature"": 30.0, ""latest_temperature"": 30.17}",2025-09-19 19:39:53.450,18.344722222222
Long Yeast Grow,pioreactor02,2025-09-19T17:43:13.449Z,UpdatedHeaterDC,delta_dc=1.0700000000000016,"{""current_dc"": 50.66, ""delta_dc"": 1.0700000000000016, ""target_temperature"": 30.0, ""latest_temperature"": 29.96}",2025-09-19 19:43:13.449,18.400277777778
Long Yeast Grow,pioreactor02,2025-09-19T17:46:33.449Z,UpdatedHeaterDC,delta_dc=-0.11199999999998482,"{""current_dc"": 50.55, ""delta_dc"": -0.11199999999998482, ""target_temperature"": 30.0, ""latest_temperature"": 29.99}",2025-09-19 19:46:33.449,18.455833333333
Long Yeast Grow,pioreactor02,2025-09-19T17:49:53.451Z,UpdatedHeaterDC,delta_dc=0.674000000000003,"{""current_dc"": 51.22, ""delta_dc"": 0.674000000000003, ""target_temperature"": 30.0, ""latest_temperature"": 29.9}",2025-09-19 19:49:53.451,18.511388888889
Long Yeast Grow,pioreactor02,2025-09-19T17:53:13.450Z,UpdatedHeaterDC,delta_dc=-0.4600000000000065,"{""current_dc"": 50.76, ""delta_dc"": -0.4600000000000065, ""target_temperature"": 30.0, ""latest_temperature"": 30.0}",2025-09-19 19:53:13.450,18.566944444444
Long Yeast Grow,pioreactor02,2025-09-19T17:56:33.450Z,UpdatedHeaterDC,delta_dc=0.504000000000002,"{""current_dc"": 51.26, ""delta_dc"": 0.504000000000002, ""target_temperature"": 30.0, ""latest_temperature"": 29.93}",2025-09-19 19:56:33.450,18.6225
Long Yeast Grow,pioreactor02,2025-09-19T17:59:53.449Z,UpdatedHeaterDC,delta_dc=0.2539999999999864,"{""current_dc"": 51.51, ""delta_dc"": 0.2539999999999864, ""target_temperature"": 30.0, ""latest_temperature"": 29.92}",2025-09-19 19:59:53.449,18.678055555556
Long Yeast Grow,pioreactor02,2025-09-19T18:03:13.449Z,UpdatedHeaterDC,delta_dc=-0.7279999999999973,"{""current_dc"": 50.78, ""delta_dc"": -0.7279999999999973, ""target_temperature"": 30.0, ""latest_temperature"": 30.05}",2025-09-19 20:03:13.449,18.733611111111
Long Yeast Grow,pioreactor02,2025-09-19T18:06:33.451Z,UpdatedHeaterDC,delta_dc=-0.0579999999999906,"{""current_dc"": 50.72, ""delta_dc"": -0.0579999999999906, ""target_temperature"": 30.0, ""latest_temperature"": 30.04}",2025-09-19 20:06:33.451,18.789166666667
Long Yeast Grow,pioreactor02,2025-09-19T18:09:53.451Z,UpdatedHeaterDC,delta_dc=0.7599999999999838,"{""current_dc"": 51.48, ""delta_dc"": 0.7599999999999838, ""target_temperature"": 30.0, ""latest_temperature"": 29.92}",2025-09-19 20:09:53.451,18.844722222222
Long Yeast Grow,pioreactor02,2025-09-19T18:13:13.454Z,UpdatedHeaterDC,delta_dc=-0.511999999999989,"{""current_dc"": 50.97, ""delta_dc"": -0.511999999999989, ""target_temperature"": 30.0, ""latest_temperature"": 30.02}",2025-09-19 20:13:13.454,18.900277777778
Long Yeast Grow,pioreactor02,2025-09-19T18:16:33.450Z,UpdatedHeaterDC,delta_dc=0.3080000000000062,"{""current_dc"": 51.28, ""delta_dc"": 0.3080000000000062, ""target_temperature"": 30.0, ""latest_temperature"": 29.97}",2025-09-19 20:16:33.450,18.955833333333
Long Yeast Grow,pioreactor02,2025-09-19T18:19:53.452Z,UpdatedHeaterDC,delta_dc=0.29399999999998555,"{""current_dc"": 51.57, ""delta_dc"": 0.29399999999998555, ""target_temperature"": 30.0, ""latest_temperature"": 29.94}",2025-09-19 20:19:53.452,19.011388888889
Long Yeast Grow,pioreactor02,2025-09-19T18:23:13.450Z,UpdatedHeaterDC,delta_dc=-0.2759999999999941,"{""current_dc"": 51.29, ""delta_dc"": -0.2759999999999941, ""target_temperature"": 30.0, ""latest_temperature"": 30.0}",2025-09-19 20:23:13.450,19.066944444444
Long Yeast Grow,pioreactor02,2025-09-19T18:26:33.452Z,UpdatedHeaterDC,delta_dc=0.3600000000000051,"{""current_dc"": 51.65, ""delta_dc"": 0.3600000000000051, ""target_temperature"": 30.0, ""latest_temperature"": 29.95}",2025-09-19 20:26:33.452,19.1225
Long Yeast Grow,pioreactor02,2025-09-19T18:29:53.454Z,UpdatedHeaterDC,delta_dc=-0.37400000000000017,"{""current_dc"": 51.28, ""delta_dc"": -0.37400000000000017, ""target_temperature"": 30.0, ""latest_temperature"": 30.02}",2025-09-19 20:29:53.454,19.178055555556
Long Yeast Grow,pioreactor02,2025-09-19T18:33:13.449Z,UpdatedHeaterDC,delta_dc=0.3080000000000062,"{""current_dc"": 51.59, ""delta_dc"": 0.3080000000000062, ""target_temperature"": 30.0, ""latest_temperature"": 29.97}",2025-09-19 20:33:13.449,19.233611111111
Long Yeast Grow,pioreactor02,2025-09-19T18:36:33.450Z,UpdatedHeaterDC,delta_dc=0.29399999999998555,"{""current_dc"": 51.88, ""delta_dc"": 0.29399999999998555, ""target_temperature"": 30.0, ""latest_temperature"": 29.94}",2025-09-19 20:36:33.450,19.289166666667
Long Yeast Grow,pioreactor02,2025-09-19T18:39:53.451Z,UpdatedHeaterDC,delta_dc=-0.7799999999999961,"{""current_dc"": 51.1, ""delta_dc"": -0.7799999999999961, ""target_temperature"": 30.0, ""latest_temperature"": 30.07}",2025-09-19 20:39:53.451,19.344722222222
Long Yeast Grow,pioreactor02,2025-09-19T18:43:13.451Z,UpdatedHeaterDC,delta_dc=-0.3259999999999976,"{""current_dc"": 50.77, ""delta_dc"": -0.3259999999999976, ""target_temperature"": 30.0, ""latest_temperature"": 30.09}",2025-09-19 20:43:13.451,19.400277777778
Long Yeast Grow,pioreactor02,2025-09-19T18:46:33.453Z,UpdatedHeaterDC,delta_dc=0.12600000000000547,"{""current_dc"": 50.9, ""delta_dc"": 0.12600000000000547, ""target_temperature"": 30.0, ""latest_temperature"": 30.04}",2025-09-19 20:46:33.453,19.455833333333
Long Yeast Grow,pioreactor02,2025-09-19T18:49:53.451Z,UpdatedHeaterDC,delta_dc=1.0480000000000032,"{""current_dc"": 51.95, ""delta_dc"": 1.0480000000000032, ""target_temperature"": 30.0, ""latest_temperature"": 29.88}",2025-09-19 20:49:53.451,19.511388888889
Long Yeast Grow,pioreactor02,2025-09-19T18:53:13.452Z,UpdatedHeaterDC,delta_dc=-1.0560000000000065,"{""current_dc"": 50.89, ""delta_dc"": -1.0560000000000065, ""target_temperature"": 30.0, ""latest_temperature"": 30.07}",2025-09-19 20:53:13.452,19.566944444444
Long Yeast Grow,pioreactor02,2025-09-19T18:56:33.449Z,UpdatedHeaterDC,delta_dc=0.39400000000001256,"{""current_dc"": 51.28, ""delta_dc"": 0.39400000000001256, ""target_temperature"": 30.0, ""latest_temperature"": 29.99}",2025-09-19 20:56:33.449,19.6225
Long Yeast Grow,pioreactor02,2025-09-19T18:59:53.451Z,UpdatedHeaterDC,delta_dc=-0.3340000000000011,"{""current_dc"": 50.95, ""delta_dc"": -0.3340000000000011, ""target_temperature"": 30.0, ""latest_temperature"": 30.04}",2025-09-19 20:59:53.451,19.678055555556
Long Yeast Grow,pioreactor02,2025-09-19T19:03:13.452Z,UpdatedHeaterDC,delta_dc=-0.32000000000000595,"{""current_dc"": 50.63, ""delta_dc"": -0.32000000000000595, ""target_temperature"": 30.0, ""latest_temperature"": 30.07}",2025-09-19 21:03:13.452,19.733611111111
Long Yeast Grow,pioreactor02,2025-09-19T19:06:33.449Z,UpdatedHeaterDC,delta_dc=1.6179999999999992,"{""current_dc"": 52.25, ""delta_dc"": 1.6179999999999992, ""target_temperature"": 30.0, ""latest_temperature"": 29.82}",2025-09-19 21:06:33.449,19.789166666667
Long Yeast Grow,pioreactor02,2025-09-19T19:09:53.450Z,UpdatedHeaterDC,delta_dc=-1.4039999999999864,"{""current_dc"": 50.85, ""delta_dc"": -1.4039999999999864, ""target_temperature"": 30.0, ""latest_temperature"": 30.08}",2025-09-19 21:09:53.450,19.844722222222
Long Yeast Grow,pioreactor02,2025-09-19T19:13:13.451Z,UpdatedHeaterDC,delta_dc=0.511999999999989,"{""current_dc"": 51.36, ""delta_dc"": 0.511999999999989, ""target_temperature"": 30.0, ""latest_temperature"": 29.98}",2025-09-19 21:13:13.451,19.900277777778
Long Yeast Grow,pioreactor02,2025-09-19T19:16:33.491Z,UpdatedHeaterDC,delta_dc=-0.3799999999999919,"{""current_dc"": 50.98, ""delta_dc"": -0.3799999999999919, ""target_temperature"": 30.0, ""latest_temperature"": 30.04}",2025-09-19 21:16:33.491,19.955833333333
Long Yeast Grow,pioreactor02,2025-09-19T19:19:53.452Z,UpdatedHeaterDC,delta_dc=-0.03200000000001211,"{""current_dc"": 50.95, ""delta_dc"": -0.03200000000001211, ""target_temperature"": 30.0, ""latest_temperature"": 30.03}",2025-09-19 21:19:53.452,20.011388888889
Long Yeast Grow,pioreactor02,2025-09-19T19:23:13.451Z,UpdatedHeaterDC,delta_dc=-0.726000000000002,"{""current_dc"": 50.22, ""delta_dc"": -0.726000000000002, ""target_temperature"": 30.0, ""latest_temperature"": 30.12}",2025-09-19 21:23:13.451,20.066944444444
Long Yeast Grow,pioreactor02,2025-09-19T19:26:33.450Z,UpdatedHeaterDC,delta_dc=1.5600000000000085,"{""current_dc"": 51.78, ""delta_dc"": 1.5600000000000085, ""target_temperature"": 30.0, ""latest_temperature"": 29.86}",2025-09-19 21:26:33.450,20.1225
Long Yeast Grow,pioreactor02,2025-09-19T19:29:53.453Z,UpdatedHeaterDC,delta_dc=-0.6440000000000026,"{""current_dc"": 51.14, ""delta_dc"": -0.6440000000000026, ""target_temperature"": 30.0, ""latest_temperature"": 30.0}",2025-09-19 21:29:53.453,20.178055555556
Long Yeast Grow,pioreactor02,2025-09-19T19:33:13.454Z,UpdatedHeaterDC,delta_dc=0.0,"{""current_dc"": 51.14, ""delta_dc"": 0.0, ""target_temperature"": 30.0, ""latest_temperature"": 30.0}",2025-09-19 21:33:13.454,20.233611111111
Long Yeast Grow,pioreactor02,2025-09-19T19:36:33.450Z,UpdatedHeaterDC,delta_dc=-0.4319999999999907,"{""current_dc"": 50.71, ""delta_dc"": -0.4319999999999907, ""target_temperature"": 30.0, ""latest_temperature"": 30.06}",2025-09-19 21:36:33.450,20.289166666667
Long Yeast Grow,pioreactor02,2025-09-19T19:39:53.451Z,UpdatedHeaterDC,delta_dc=-0.9480000000000182,"{""current_dc"": 49.76, ""delta_dc"": -0.9480000000000182, ""target_temperature"": 30.0, ""latest_temperature"": 30.17}",2025-09-19 21:39:53.451,20.344722222222
Long Yeast Grow,pioreactor02,2025-09-19T19:43:13.450Z,UpdatedHeaterDC,delta_dc=0.494000000000014,"{""current_dc"": 50.25, ""delta_dc"": 0.494000000000014, ""target_temperature"": 30.0, ""latest_temperature"": 30.04}",2025-09-19 21:43:13.450,20.400277777778
Long Yeast Grow,pioreactor02,2025-09-19T19:46:33.450Z,UpdatedHeaterDC,delta_dc=0.975999999999992,"{""current_dc"": 51.23, ""delta_dc"": 0.975999999999992, ""target_temperature"": 30.0, ""latest_temperature"": 29.89}",2025-09-19 21:46:33.450,20.455833333333
Long Yeast Grow,pioreactor02,2025-09-19T19:49:53.455Z,UpdatedHeaterDC,delta_dc=-1.2979999999999932,"{""current_dc"": 49.93, ""delta_dc"": -1.2979999999999932, ""target_temperature"": 30.0, ""latest_temperature"": 30.11}",2025-09-19 21:49:53.455,20.511388888889
Long Yeast Grow,pioreactor02,2025-09-19T19:53:13.451Z,UpdatedHeaterDC,delta_dc=1.2979999999999932,"{""current_dc"": 51.23, ""delta_dc"": 1.2979999999999932, ""target_temperature"": 30.0, ""latest_temperature"": 29.89}",2025-09-19 21:53:13.451,20.566944444444
Long Yeast Grow,pioreactor02,2025-09-19T19:56:33.450Z,UpdatedHeaterDC,delta_dc=-0.14599999999999222,"{""current_dc"": 51.08, ""delta_dc"": -0.14599999999999222, ""target_temperature"": 30.0, ""latest_temperature"": 29.95}",2025-09-19 21:56:33.450,20.6225
Long Yeast Grow,pioreactor02,2025-09-19T19:59:53.450Z,UpdatedHeaterDC,delta_dc=0.5619999999999926,"{""current_dc"": 51.64, ""delta_dc"": 0.5619999999999926, ""target_temperature"": 30.0, ""latest_temperature"": 29.89}",2025-09-19 21:59:53.450,20.678055555556
Long Yeast Grow,pioreactor02,2025-09-19T20:03:13.449Z,UpdatedHeaterDC,delta_dc=-0.36200000000000043,"{""current_dc"": 51.28, ""delta_dc"": -0.36200000000000043, ""target_temperature"": 30.0, ""latest_temperature"": 29.98}",2025-09-19 22:03:13.449,20.733611111111
Long Yeast Grow,pioreactor02,2025-09-19T20:06:33.451Z,UpdatedHeaterDC,delta_dc=-0.09199999999999803,"{""current_dc"": 51.19, ""delta_dc"": -0.09199999999999803, ""target_temperature"": 30.0, ""latest_temperature"": 30.0}",2025-09-19 22:06:33.451,20.789166666667
Long Yeast Grow,pioreactor02,2025-09-19T20:09:53.451Z,UpdatedHeaterDC,delta_dc=0.2879999999999938,"{""current_dc"": 51.48, ""delta_dc"": 0.2879999999999938, ""target_temperature"": 30.0, ""latest_temperature"": 29.96}",2025-09-19 22:09:53.451,20.844722222222
Long Yeast Grow,pioreactor02,2025-09-19T20:13:13.454Z,UpdatedHeaterDC,delta_dc=0.32000000000000595,"{""current_dc"": 51.8, ""delta_dc"": 0.32000000000000595, ""target_temperature"": 30.0, ""latest_temperature"": 29.93}",2025-09-19 22:13:13.454,20.900277777778
Long Yeast Grow,pioreactor02,2025-09-19T20:16:33.450Z,UpdatedHeaterDC,delta_dc=-1.1860000000000084,"{""current_dc"": 50.61, ""delta_dc"": -1.1860000000000084, ""target_temperature"": 30.0, ""latest_temperature"": 30.12}",2025-09-19 22:16:33.450,20.955833333333
Long Yeast Grow,pioreactor02,2025-09-19T20:19:53.451Z,UpdatedHeaterDC,delta_dc=-0.0959999999999944,"{""current_dc"": 50.51, ""delta_dc"": -0.0959999999999944, ""target_temperature"": 30.0, ""latest_temperature"": 30.09}",2025-09-19 22:19:53.451,21.011388888889
Long Yeast Grow,pioreactor02,2025-09-19T20:23:13.450Z,UpdatedHeaterDC,delta_dc=2.070000000000002,"{""current_dc"": 52.58, ""delta_dc"": 2.070000000000002, ""target_temperature"": 30.0, ""latest_temperature"": 29.77}",2025-09-19 22:23:13.450,21.066944444444
Long Yeast Grow,pioreactor02,2025-09-19T20:26:33.450Z,UpdatedHeaterDC,delta_dc=-1.562000000000004,"{""current_dc"": 51.02, ""delta_dc"": -1.562000000000004, ""target_temperature"": 30.0, ""latest_temperature"": 30.07}",2025-09-19 22:26:33.450,21.1225
Long Yeast Grow,pioreactor02,2025-09-19T20:29:53.452Z,UpdatedHeaterDC,delta_dc=-0.038000000000003836,"{""current_dc"": 50.98, ""delta_dc"": -0.038000000000003836, ""target_temperature"": 30.0, ""latest_temperature"": 30.05}",2025-09-19 22:29:53.452,21.178055555556
Long Yeast Grow,pioreactor02,2025-09-19T20:33:13.452Z,UpdatedHeaterDC,delta_dc=-1.3539999999999885,"{""current_dc"": 49.63, ""delta_dc"": -1.3539999999999885, ""target_temperature"": 30.0, ""latest_temperature"": 30.22}",2025-09-19 22:33:13.452,21.233611111111
Long Yeast Grow,pioreactor02,2025-09-19T20:36:33.449Z,UpdatedHeaterDC,delta_dc=1.6599999999999935,"{""current_dc"": 51.29, ""delta_dc"": 1.6599999999999935, ""target_temperature"": 30.0, ""latest_temperature"": 29.91}",2025-09-19 22:36:33.449,21.289166666667
Long Yeast Grow,pioreactor02,2025-09-19T20:39:53.452Z,UpdatedHeaterDC,delta_dc=-0.05399999999999419,"{""current_dc"": 51.24, ""delta_dc"": -0.05399999999999419, ""target_temperature"": 30.0, ""latest_temperature"": 29.95}",2025-09-19 22:39:53.452,21.344722222222
Long Yeast Grow,pioreactor02,2025-09-19T20:43:13.449Z,UpdatedHeaterDC,delta_dc=-1.5980000000000123,"{""current_dc"": 49.64, ""delta_dc"": -1.5980000000000123, ""target_temperature"": 30.0, ""latest_temperature"": 30.19}",2025-09-19 22:43:13.449,21.400277777778
Long Yeast Grow,pioreactor02,2025-09-19T20:46:33.450Z,UpdatedHeaterDC,delta_dc=0.946000000000017,"{""current_dc"": 50.59, ""delta_dc"": 0.946000000000017, ""target_temperature"": 30.0, ""latest_temperature"": 29.99}",2025-09-19 22:46:33.450,21.455833333333
Long Yeast Grow,pioreactor02,2025-09-19T20:49:53.451Z,UpdatedHeaterDC,delta_dc=-1.629999999999999,"{""current_dc"": 48.96, ""delta_dc"": -1.629999999999999, ""target_temperature"": 30.0, ""latest_temperature"": 30.22}",2025-09-19 22:49:53.451,21.511388888889
Long Yeast Grow,pioreactor02,2025-09-19T20:53:13.497Z,UpdatedHeaterDC,delta_dc=-0.06799999999999501,"{""current_dc"": 48.89, ""delta_dc"": -0.06799999999999501, ""target_temperature"": 30.0, ""latest_temperature"": 30.15}",2025-09-19 22:53:13.497,21.566944444444
Long Yeast Grow,pioreactor02,2025-09-19T20:56:33.455Z,UpdatedHeaterDC,delta_dc=1.4100000000000037,"{""current_dc"": 50.3, ""delta_dc"": 1.4100000000000037, ""target_temperature"": 30.0, ""latest_temperature"": 29.9}",2025-09-19 22:56:33.455,21.6225
Long Yeast Grow,pioreactor02,2025-09-19T20:59:53.450Z,UpdatedHeaterDC,delta_dc=-1.3959999999999992,"{""current_dc"": 48.9, ""delta_dc"": -1.3959999999999992, ""target_temperature"": 30.0, ""latest_temperature"": 30.13}",2025-09-19 22:59:53.450,21.678055555556
Long Yeast Grow,pioreactor02,2025-09-19T21:03:13.451Z,UpdatedHeaterDC,delta_dc=0.7419999999999923,"{""current_dc"": 49.64, ""delta_dc"": 0.7419999999999923, ""target_temperature"": 30.0, ""latest_temperature"": 29.98}",2025-09-19 23:03:13.451,21.733611111111
Long Yeast Grow,pioreactor02,2025-09-19T21:06:33.451Z,UpdatedHeaterDC,delta_dc=-0.09199999999999803,"{""current_dc"": 49.55, ""delta_dc"": -0.09199999999999803, ""target_temperature"": 30.0, ""latest_temperature"": 30.0}",2025-09-19 23:06:33.451,21.789166666667
Long Yeast Grow,pioreactor02,2025-09-19T21:09:53.449Z,UpdatedHeaterDC,delta_dc=-0.4319999999999907,"{""current_dc"": 49.12, ""delta_dc"": -0.4319999999999907, ""target_temperature"": 30.0, ""latest_temperature"": 30.06}",2025-09-19 23:09:53.449,21.844722222222
Long Yeast Grow,pioreactor02,2025-09-19T21:13:13.451Z,UpdatedHeaterDC,delta_dc=0.34800000000000536,"{""current_dc"": 49.47, ""delta_dc"": 0.34800000000000536, ""target_temperature"": 30.0, ""latest_temperature"": 29.99}",2025-09-19 23:13:13.451,21.900277777778
Long Yeast Grow,pioreactor02,2025-09-19T21:16:33.452Z,UpdatedHeaterDC,delta_dc=1.4659999999999989,"{""current_dc"": 50.94, ""delta_dc"": 1.4659999999999989, ""target_temperature"": 30.0, ""latest_temperature"": 29.79}",2025-09-19 23:16:33.452,21.955833333333
Long Yeast Grow,pioreactor02,2025-09-19T21:19:53.454Z,UpdatedHeaterDC,delta_dc=-0.1019999999999967,"{""current_dc"": 50.84, ""delta_dc"": -0.1019999999999967, ""target_temperature"": 30.0, ""latest_temperature"": 29.88}",2025-09-19 23:19:53.454,22.011388888889
Long Yeast Grow,pioreactor02,2025-09-19T21:23:13.454Z,UpdatedHeaterDC,delta_dc=-0.9839999999999953,"{""current_dc"": 49.86, ""delta_dc"": -0.9839999999999953, ""target_temperature"": 30.0, ""latest_temperature"": 30.06}",2025-09-19 23:23:13.454,22.066944444444
Long Yeast Grow,pioreactor02,2025-09-19T21:26:33.446Z,UpdatedHeaterDC,delta_dc=-0.08400000000001101,"{""current_dc"": 49.78, ""delta_dc"": -0.08400000000001101, ""target_temperature"": 30.0, ""latest_temperature"": 30.05}",2025-09-19 23:26:33.446,22.1225
Long Yeast Grow,pioreactor02,2025-09-19T21:29:53.442Z,UpdatedHeaterDC,delta_dc=-1.2099999999999915,"{""current_dc"": 48.57, ""delta_dc"": -1.2099999999999915, ""target_temperature"": 30.0, ""latest_temperature"": 30.2}",2025-09-19 23:29:53.442,22.178055555556
Long Yeast Grow,pioreactor02,2025-09-19T21:33:13.443Z,UpdatedHeaterDC,delta_dc=-0.5920000000000094,"{""current_dc"": 47.98, ""delta_dc"": -0.5920000000000094, ""target_temperature"": 30.0, ""latest_temperature"": 30.21}",2025-09-19 23:33:13.443,22.233611111111
Long Yeast Grow,pioreactor02,2025-09-19T21:36:33.443Z,UpdatedHeaterDC,delta_dc=0.31800000000000483,"{""current_dc"": 48.3, ""delta_dc"": 0.31800000000000483, ""target_temperature"": 30.0, ""latest_temperature"": 30.09}",2025-09-19 23:36:33.443,22.289166666667
Long Yeast Grow,pioreactor02,2025-09-19T21:39:53.442Z,UpdatedHeaterDC,delta_dc=-0.01799999999999144,"{""current_dc"": 48.28, ""delta_dc"": -0.01799999999999144, ""target_temperature"": 30.0, ""latest_temperature"": 30.06}",2025-09-19 23:39:53.442,22.344722222222
Long Yeast Grow,pioreactor02,2025-09-19T21:43:13.446Z,UpdatedHeaterDC,delta_dc=-0.73200000000001,"{""current_dc"": 47.55, ""delta_dc"": -0.73200000000001, ""target_temperature"": 30.0, ""latest_temperature"": 30.14}",2025-09-19 23:43:13.446,22.400277777778
Long Yeast Grow,pioreactor02,2025-09-19T21:46:33.443Z,UpdatedHeaterDC,delta_dc=0.2839999999999975,"{""current_dc"": 47.83, ""delta_dc"": 0.2839999999999975, ""target_temperature"": 30.0, ""latest_temperature"": 30.05}",2025-09-19 23:46:33.443,22.455833333333
Long Yeast Grow,pioreactor02,2025-09-19T21:49:53.442Z,UpdatedHeaterDC,delta_dc=1.0940000000000105,"{""current_dc"": 48.92, ""delta_dc"": 1.0940000000000105, ""target_temperature"": 30.0, ""latest_temperature"": 29.88}",2025-09-19 23:49:53.442,22.511388888889
Long Yeast Grow,pioreactor02,2025-09-19T21:53:13.444Z,UpdatedHeaterDC,delta_dc=-0.7680000000000127,"{""current_dc"": 48.15, ""delta_dc"": -0.7680000000000127, ""target_temperature"": 30.0, ""latest_temperature"": 30.03}",2025-09-19 23:53:13.444,22.566944444444
Long Yeast Grow,pioreactor02,2025-09-19T21:56:33.441Z,UpdatedHeaterDC,delta_dc=0.3540000000000134,"{""current_dc"": 48.5, ""delta_dc"": 0.3540000000000134, ""target_temperature"": 30.0, ""latest_temperature"": 29.97}",2025-09-19 23:56:33.441,22.6225
Long Yeast Grow,pioreactor02,2025-09-19T21:59:53.443Z,UpdatedHeaterDC,delta_dc=-1.073999999999998,"{""current_dc"": 47.43, ""delta_dc"": -1.073999999999998, ""target_temperature"": 30.0, ""latest_temperature"": 30.13}",2025-09-19 23:59:53.443,22.678055555556
Long Yeast Grow,pioreactor02,2025-09-19T22:03:13.494Z,UpdatedHeaterDC,delta_dc=0.09399999999999334,"{""current_dc"": 47.52, ""delta_dc"": 0.09399999999999334, ""target_temperature"": 30.0, ""latest_temperature"": 30.07}",2025-09-20 00:03:13.494,22.733611111111
Long Yeast Grow,pioreactor02,2025-09-19T22:06:33.444Z,UpdatedHeaterDC,delta_dc=0.3220000000000013,"{""current_dc"": 47.84, ""delta_dc"": 0.3220000000000013, ""target_temperature"": 30.0, ""latest_temperature"": 30.0}",2025-09-20 00:06:33.444,22.789166666667
Long Yeast Grow,pioreactor02,2025-09-19T22:09:53.445Z,UpdatedHeaterDC,delta_dc=-0.7919999999999958,"{""current_dc"": 47.05, ""delta_dc"": -0.7919999999999958, ""target_temperature"": 30.0, ""latest_temperature"": 30.11}",2025-09-20 00:09:53.445,22.844722222222
Long Yeast Grow,pioreactor02,2025-09-19T22:13:13.443Z,UpdatedHeaterDC,delta_dc=0.6499999999999944,"{""current_dc"": 47.7, ""delta_dc"": 0.6499999999999944, ""target_temperature"": 30.0, ""latest_temperature"": 29.98}",2025-09-20 00:13:13.443,22.900277777778
Long Yeast Grow,pioreactor02,2025-09-19T22:16:33.442Z,UpdatedHeaterDC,delta_dc=-0.1640000000000093,"{""current_dc"": 47.54, ""delta_dc"": -0.1640000000000093, ""target_temperature"": 30.0, ""latest_temperature"": 30.01}",2025-09-20 00:16:33.442,22.955833333333
Long Yeast Grow,pioreactor02,2025-09-19T22:19:53.443Z,UpdatedHeaterDC,delta_dc=-0.17000000000000098,"{""current_dc"": 47.37, ""delta_dc"": -0.17000000000000098, ""target_temperature"": 30.0, ""latest_temperature"": 30.03}",2025-09-20 00:19:53.443,23.011388888889
Long Yeast Grow,pioreactor02,2025-09-19T22:23:13.442Z,UpdatedHeaterDC,delta_dc=-0.3659999999999968,"{""current_dc"": 47.0, ""delta_dc"": -0.3659999999999968, ""target_temperature"": 30.0, ""latest_temperature"": 30.07}",2025-09-20 00:23:13.442,23.066944444444
Long Yeast Grow,pioreactor02,2025-09-19T22:26:33.483Z,UpdatedHeaterDC,delta_dc=0.17800000000000438,"{""current_dc"": 47.18, ""delta_dc"": 0.17800000000000438, ""target_temperature"": 30.0, ""latest_temperature"": 30.02}",2025-09-20 00:26:33.483,23.1225
Long Yeast Grow,pioreactor02,2025-09-19T22:29:53.442Z,UpdatedHeaterDC,delta_dc=0.5239999999999888,"{""current_dc"": 47.7, ""delta_dc"": 0.5239999999999888, ""target_temperature"": 30.0, ""latest_temperature"": 29.94}",2025-09-20 00:29:53.442,23.178055555556
Long Yeast Grow,pioreactor02,2025-09-19T22:33:13.446Z,UpdatedHeaterDC,delta_dc=0.08400000000001101,"{""current_dc"": 47.78, ""delta_dc"": 0.08400000000001101, ""target_temperature"": 30.0, ""latest_temperature"": 29.95}",2025-09-20 00:33:13.446,23.233611111111
Long Yeast Grow,pioreactor02,2025-09-19T22:36:33.443Z,UpdatedHeaterDC,delta_dc=-0.37400000000000017,"{""current_dc"": 47.41, ""delta_dc"": -0.37400000000000017, ""target_temperature"": 30.0, ""latest_temperature"": 30.02}",2025-09-20 00:36:33.443,23.289166666667
Long Yeast Grow,pioreactor02,2025-09-19T22:39:53.443Z,UpdatedHeaterDC,delta_dc=-0.7720000000000091,"{""current_dc"": 46.64, ""delta_dc"": -0.7720000000000091, ""target_temperature"": 30.0, ""latest_temperature"": 30.12}",2025-09-20 00:39:53.443,23.344722222222
Long Yeast Grow,pioreactor02,2025-09-19T22:43:13.442Z,UpdatedHeaterDC,delta_dc=-0.5999999999999964,"{""current_dc"": 46.04, ""delta_dc"": -0.5999999999999964, ""target_temperature"": 30.0, ""latest_temperature"": 30.16}",2025-09-20 00:43:13.442,23.400277777778
Long Yeast Grow,pioreactor02,2025-09-19T22:46:33.444Z,UpdatedHeaterDC,delta_dc=0.4480000000000067,"{""current_dc"": 46.49, ""delta_dc"": 0.4480000000000067, ""target_temperature"": 30.0, ""latest_temperature"": 30.04}",2025-09-20 00:46:33.444,23.455833333333
Long Yeast Grow,pioreactor02,2025-09-19T22:49:53.441Z,UpdatedHeaterDC,delta_dc=0.6879999999999981,"{""current_dc"": 47.18, ""delta_dc"": 0.6879999999999981, ""target_temperature"": 30.0, ""latest_temperature"": 29.93}",2025-09-20 00:49:53.441,23.511388888889
Long Yeast Grow,pioreactor02,2025-09-19T22:53:13.444Z,UpdatedHeaterDC,delta_dc=-0.3220000000000013,"{""current_dc"": 46.86, ""delta_dc"": -0.3220000000000013, ""target_temperature"": 30.0, ""latest_temperature"": 30.0}",2025-09-20 00:53:13.444,23.566944444444
Long Yeast Grow,pioreactor02,2025-09-19T22:56:33.443Z,UpdatedHeaterDC,delta_dc=0.1439999999999969,"{""current_dc"": 47.0, ""delta_dc"": 0.1439999999999969, ""target_temperature"": 30.0, ""latest_temperature"": 29.98}",2025-09-20 00:56:33.443,23.6225
Long Yeast Grow,pioreactor02,2025-09-19T22:59:53.443Z,UpdatedHeaterDC,delta_dc=-0.4520000000000032,"{""current_dc"": 46.55, ""delta_dc"": -0.4520000000000032, ""target_temperature"": 30.0, ""latest_temperature"": 30.05}",2025-09-20 00:59:53.443,23.678055555556
Long Yeast Grow,pioreactor02,2025-09-19T23:03:13.446Z,UpdatedHeaterDC,delta_dc=-0.6340000000000039,"{""current_dc"": 45.92, ""delta_dc"": -0.6340000000000039, ""target_temperature"": 30.0, ""latest_temperature"": 30.12}",2025-09-20 01:03:13.446,23.733611111111
Long Yeast Grow,pioreactor02,2025-09-19T23:06:33.442Z,UpdatedHeaterDC,delta_dc=-0.38399999999998824,"{""current_dc"": 45.54, ""delta_dc"": -0.38399999999998824, ""target_temperature"": 30.0, ""latest_temperature"": 30.13}",2025-09-20 01:06:33.442,23.789166666667
Long Yeast Grow,pioreactor02,2025-09-19T23:09:53.441Z,UpdatedHeaterDC,delta_dc=1.3180000000000056,"{""current_dc"": 46.86, ""delta_dc"": 1.3180000000000056, ""target_temperature"": 30.0, ""latest_temperature"": 29.9}",2025-09-20 01:09:53.441,23.844722222222
Long Yeast Grow,pioreactor02,2025-09-19T23:13:13.442Z,UpdatedHeaterDC,delta_dc=-1.1080000000000054,"{""current_dc"": 45.75, ""delta_dc"": -1.1080000000000054, ""target_temperature"": 30.0, ""latest_temperature"": 30.09}",2025-09-20 01:13:13.442,23.900277777778
Long Yeast Grow,pioreactor02,2025-09-19T23:16:33.442Z,UpdatedHeaterDC,delta_dc=0.12600000000000547,"{""current_dc"": 45.88, ""delta_dc"": 0.12600000000000547, ""target_temperature"": 30.0, ""latest_temperature"": 30.04}",2025-09-20 01:16:33.442,23.955833333333
Long Yeast Grow,pioreactor02,2025-09-19T23:19:53.442Z,UpdatedHeaterDC,delta_dc=-0.03200000000001211,"{""current_dc"": 45.85, ""delta_dc"": -0.03200000000001211, ""target_temperature"": 30.0, ""latest_temperature"": 30.03}",2025-09-20 01:19:53.442,24.011388888889
Long Yeast Grow,pioreactor02,2025-09-19T23:23:13.443Z,UpdatedHeaterDC,delta_dc=0.7139999999999929,"{""current_dc"": 46.56, ""delta_dc"": 0.7139999999999929, ""target_temperature"": 30.0, ""latest_temperature"": 29.92}",2025-09-20 01:23:13.443,24.066944444444
Long Yeast Grow,pioreactor02,2025-09-19T23:26:33.446Z,UpdatedHeaterDC,delta_dc=-2.5279999999999974,"{""current_dc"": 44.03, ""delta_dc"": -2.5279999999999974, ""target_temperature"": 30.0, ""latest_temperature"": 30.3}",2025-09-20 01:26:33.446,24.1225
Long Yeast Grow,pioreactor02,2025-09-19T23:29:53.442Z,UpdatedHeaterDC,delta_dc=2.3159999999999963,"{""current_dc"": 46.35, ""delta_dc"": 2.3159999999999963, ""target_temperature"": 30.0, ""latest_temperature"": 29.87}",2025-09-20 01:29:53.442,24.178055555556
Long Yeast Grow,pioreactor02,2025-09-19T23:33:13.488Z,UpdatedHeaterDC,delta_dc=-1.6059999999999994,"{""current_dc"": 44.74, ""delta_dc"": -1.6059999999999994, ""target_temperature"": 30.0, ""latest_temperature"": 30.14}",2025-09-20 01:33:13.488,24.233611111111
Long Yeast Grow,pioreactor02,2025-09-19T23:36:33.441Z,UpdatedHeaterDC,delta_dc=0.7160000000000137,"{""current_dc"": 45.46, ""delta_dc"": 0.7160000000000137, ""target_temperature"": 30.0, ""latest_temperature"": 29.99}",2025-09-20 01:36:33.441,24.289166666667
Long Yeast Grow,pioreactor02,2025-09-19T23:39:53.442Z,UpdatedHeaterDC,delta_dc=0.9619999999999969,"{""current_dc"": 46.42, ""delta_dc"": 0.9619999999999969, ""target_temperature"": 30.0, ""latest_temperature"": 29.86}",2025-09-20 01:39:53.442,24.344722222222
Long Yeast Grow,pioreactor02,2025-09-19T23:43:13.443Z,UpdatedHeaterDC,delta_dc=0.07600000000000767,"{""current_dc"": 46.5, ""delta_dc"": 0.07600000000000767, ""target_temperature"": 30.0, ""latest_temperature"": 29.9}",2025-09-20 01:43:13.443,24.400277777778
Long Yeast Grow,pioreactor02,2025-09-19T23:46:33.442Z,UpdatedHeaterDC,delta_dc=-1.2520000000000024,"{""current_dc"": 45.25, ""delta_dc"": -1.2520000000000024, ""target_temperature"": 30.0, ""latest_temperature"": 30.11}",2025-09-20 01:46:33.442,24.455833333333
Long Yeast Grow,pioreactor02,2025-09-19T23:49:53.443Z,UpdatedHeaterDC,delta_dc=0.07400000000000659,"{""current_dc"": 45.32, ""delta_dc"": 0.07400000000000659, ""target_temperature"": 30.0, ""latest_temperature"": 30.06}",2025-09-20 01:49:53.443,24.511388888889
Long Yeast Grow,pioreactor02,2025-09-19T23:53:13.443Z,UpdatedHeaterDC,delta_dc=-0.08400000000001101,"{""current_dc"": 45.24, ""delta_dc"": -0.08400000000001101, ""target_temperature"": 30.0, ""latest_temperature"": 30.05}",2025-09-20 01:53:13.443,24.566944444444
Long Yeast Grow,pioreactor02,2025-09-19T23:56:33.442Z,UpdatedHeaterDC,delta_dc=-0.8499999999999864,"{""current_dc"": 44.39, ""delta_dc"": -0.8499999999999864, ""target_temperature"": 30.0, ""latest_temperature"": 30.15}",2025-09-20 01:56:33.442,24.6225
Long Yeast Grow,pioreactor02,2025-09-19T23:59:53.441Z,UpdatedHeaterDC,delta_dc=-1.2540000000000036,"{""current_dc"": 43.14, ""delta_dc"": -1.2540000000000036, ""target_temperature"": 30.0, ""latest_temperature"": 30.27}",2025-09-20 01:59:53.441,24.678055555556
Long Yeast Grow,pioreactor02,2025-09-20T00:03:13.443Z,UpdatedHeaterDC,delta_dc=1.5299999999999918,"{""current_dc"": 44.67, ""delta_dc"": 1.5299999999999918, ""target_temperature"": 30.0, ""latest_temperature"": 29.96}",2025-09-20 02:03:13.443,24.733611111111
Long Yeast Grow,pioreactor02,2025-09-20T00:06:33.443Z,UpdatedHeaterDC,delta_dc=-1.1920000000000002,"{""current_dc"": 43.48, ""delta_dc"": -1.1920000000000002, ""target_temperature"": 30.0, ""latest_temperature"": 30.14}",2025-09-20 02:06:33.443,24.789166666667
Long Yeast Grow,pioreactor02,2025-09-20T00:09:53.444Z,UpdatedHeaterDC,delta_dc=-0.2919999999999902,"{""current_dc"": 43.19, ""delta_dc"": -0.2919999999999902, ""target_temperature"": 30.0, ""latest_temperature"": 30.13}",2025-09-20 02:09:53.444,24.844722222222
Long Yeast Grow,pioreactor02,2025-09-20T00:13:13.443Z,UpdatedHeaterDC,delta_dc=-0.9859999999999964,"{""current_dc"": 42.2, ""delta_dc"": -0.9859999999999964, ""target_temperature"": 30.0, ""latest_temperature"": 30.22}",2025-09-20 02:13:13.443,24.900277777778
Long Yeast Grow,pioreactor02,2025-09-20T00:16:33.445Z,UpdatedHeaterDC,delta_dc=0.436000000000007,"{""current_dc"": 42.64, ""delta_dc"": 0.436000000000007, ""target_temperature"": 30.0, ""latest_temperature"": 30.08}",2025-09-20 02:16:33.445,24.955833333333
Long Yeast Grow,pioreactor02,2025-09-20T00:19:53.442Z,UpdatedHeaterDC,delta_dc=-1.2159999999999997,"{""current_dc"": 41.42, ""delta_dc"": -1.2159999999999997, ""target_temperature"": 30.0, ""latest_temperature"": 30.22}",2025-09-20 02:19:53.442,25.011388888889
Long Yeast Grow,pioreactor02,2025-09-20T00:23:13.443Z,UpdatedHeaterDC,delta_dc=1.7320000000000049,"{""current_dc"": 43.15, ""delta_dc"": 1.7320000000000049, ""target_temperature"": 30.0, ""latest_temperature"": 29.9}",2025-09-20 02:23:13.443,25.066944444444
Long Yeast Grow,pioreactor02,2025-09-20T00:26:33.442Z,UpdatedHeaterDC,delta_dc=-1.0359999999999943,"{""current_dc"": 42.11, ""delta_dc"": -1.0359999999999943, ""target_temperature"": 30.0, ""latest_temperature"": 30.08}",2025-09-20 02:26:33.442,25.1225
Long Yeast Grow,pioreactor02,2025-09-20T00:29:53.442Z,UpdatedHeaterDC,delta_dc=-0.20799999999999558,"{""current_dc"": 41.9, ""delta_dc"": -0.20799999999999558, ""target_temperature"": 30.0, ""latest_temperature"": 30.08}",2025-09-20 02:29:53.442,25.178055555556
Long Yeast Grow,pioreactor02,2025-09-20T00:33:13.443Z,UpdatedHeaterDC,delta_dc=0.07999999999999827,"{""current_dc"": 41.98, ""delta_dc"": 0.07999999999999827, ""target_temperature"": 30.0, ""latest_temperature"": 30.04}",2025-09-20 02:33:13.443,25.233611111111
Long Yeast Grow,pioreactor02,2025-09-20T00:36:33.442Z,UpdatedHeaterDC,delta_dc=1.119999999999989,"{""current_dc"": 43.1, ""delta_dc"": 1.119999999999989, ""target_temperature"": 30.0, ""latest_temperature"": 29.87}",2025-09-20 02:36:33.442,25.289166666667
Long Yeast Grow,pioreactor02,2025-09-20T00:39:53.442Z,UpdatedHeaterDC,delta_dc=-0.8140000000000035,"{""current_dc"": 42.29, ""delta_dc"": -0.8140000000000035, ""target_temperature"": 30.0, ""latest_temperature"": 30.03}",2025-09-20 02:39:53.442,25.344722222222
Long Yeast Grow,pioreactor02,2025-09-20T00:43:13.442Z,UpdatedHeaterDC,delta_dc=0.930000000000001,"{""current_dc"": 43.22, ""delta_dc"": 0.930000000000001, ""target_temperature"": 30.0, ""latest_temperature"": 29.89}",2025-09-20 02:43:13.442,25.400277777778
Long Yeast Grow,pioreactor02,2025-09-20T00:46:33.488Z,UpdatedHeaterDC,delta_dc=0.06999999999999035,"{""current_dc"": 43.29, ""delta_dc"": 0.06999999999999035, ""target_temperature"": 30.0, ""latest_temperature"": 29.92}",2025-09-20 02:46:33.488,25.455833333333
Long Yeast Grow,pioreactor02,2025-09-20T00:49:53.487Z,UpdatedHeaterDC,delta_dc=0.2800000000000068,"{""current_dc"": 43.57, ""delta_dc"": 0.2800000000000068, ""target_temperature"": 30.0, ""latest_temperature"": 29.91}",2025-09-20 02:49:53.487,25.511388888889
Long Yeast Grow,pioreactor02,2025-09-20T00:53:13.443Z,UpdatedHeaterDC,delta_dc=-2.070000000000002,"{""current_dc"": 41.5, ""delta_dc"": -2.070000000000002, ""target_temperature"": 30.0, ""latest_temperature"": 30.23}",2025-09-20 02:53:13.443,25.566944444444
Long Yeast Grow,pioreactor02,2025-09-20T00:56:33.442Z,UpdatedHeaterDC,delta_dc=2.6419999999999937,"{""current_dc"": 44.14, ""delta_dc"": 2.6419999999999937, ""target_temperature"": 30.0, ""latest_temperature"": 29.78}",2025-09-20 02:56:33.442,25.6225
Long Yeast Grow,pioreactor02,2025-09-20T00:59:53.443Z,UpdatedHeaterDC,delta_dc=-1.4439999999999853,"{""current_dc"": 42.7, ""delta_dc"": -1.4439999999999853, ""target_temperature"": 30.0, ""latest_temperature"": 30.06}",2025-09-20 02:59:53.443,25.678055555556
Long Yeast Grow,pioreactor02,2025-09-20T01:03:13.441Z,UpdatedHeaterDC,delta_dc=0.419999999999991,"{""current_dc"": 43.12, ""delta_dc"": 0.419999999999991, ""target_temperature"": 30.0, ""latest_temperature"": 29.98}",2025-09-20 03:03:13.441,25.733611111111
Long Yeast Grow,pioreactor02,2025-09-20T01:06:33.443Z,UpdatedHeaterDC,delta_dc=-2.035999999999995,"{""current_dc"": 41.08, ""delta_dc"": -2.035999999999995, ""target_temperature"": 30.0, ""latest_temperature"": 30.27}",2025-09-20 03:06:33.443,25.789166666667
Long Yeast Grow,pioreactor02,2025-09-20T01:09:53.442Z,UpdatedHeaterDC,delta_dc=0.1620000000000082,"{""current_dc"": 41.24, ""delta_dc"": 0.1620000000000082, ""target_temperature"": 30.0, ""latest_temperature"": 30.15}",2025-09-20 03:09:53.442,25.844722222222
Long Yeast Grow,pioreactor02,2025-09-20T01:13:13.445Z,UpdatedHeaterDC,delta_dc=-1.3260000000000147,"{""current_dc"": 39.91, ""delta_dc"": -1.3260000000000147, ""target_temperature"": 30.0, ""latest_temperature"": 30.28}",2025-09-20 03:13:13.445,25.900277777778
Long Yeast Grow,pioreactor02,2025-09-20T01:16:33.442Z,UpdatedHeaterDC,delta_dc=0.20800000000001545,"{""current_dc"": 40.12, ""delta_dc"": 0.20800000000001545, ""target_temperature"": 30.0, ""latest_temperature"": 30.15}",2025-09-20 03:16:33.442,25.955833333333
Long Yeast Grow,pioreactor02,2025-09-20T01:19:53.443Z,UpdatedHeaterDC,delta_dc=0.7620000000000046,"{""current_dc"": 40.88, ""delta_dc"": 0.7620000000000046, ""target_temperature"": 30.0, ""latest_temperature"": 29.99}",2025-09-20 03:19:53.443,26.011388888889
Long Yeast Grow,pioreactor02,2025-09-20T01:23:13.488Z,UpdatedHeaterDC,delta_dc=0.45799999999999486,"{""current_dc"": 41.34, ""delta_dc"": 0.45799999999999486, ""target_temperature"": 30.0, ""latest_temperature"": 29.93}",2025-09-20 03:23:13.488,26.066944444444
Long Yeast Grow,pioreactor02,2025-09-20T01:26:33.441Z,UpdatedHeaterDC,delta_dc=-0.6820000000000064,"{""current_dc"": 40.66, ""delta_dc"": -0.6820000000000064, ""target_temperature"": 30.0, ""latest_temperature"": 30.05}",2025-09-20 03:26:33.441,26.1225
Long Yeast Grow,pioreactor02,2025-09-20T01:29:53.441Z,UpdatedHeaterDC,delta_dc=0.23000000000000326,"{""current_dc"": 40.89, ""delta_dc"": 0.23000000000000326, ""target_temperature"": 30.0, ""latest_temperature"": 30.0}",2025-09-20 03:29:53.441,26.178055555556
Long Yeast Grow,pioreactor02,2025-09-20T01:33:13.441Z,UpdatedHeaterDC,delta_dc=0.8640000000000071,"{""current_dc"": 41.75, ""delta_dc"": 0.8640000000000071, ""target_temperature"": 30.0, ""latest_temperature"": 29.88}",2025-09-20 03:33:13.441,26.233611111111
Long Yeast Grow,pioreactor02,2025-09-20T01:36:33.442Z,UpdatedHeaterDC,delta_dc=-0.26400000000001067,"{""current_dc"": 41.49, ""delta_dc"": -0.26400000000001067, ""target_temperature"": 30.0, ""latest_temperature"": 29.96}",2025-09-20 03:36:33.442,26.289166666667
Long Yeast Grow,pioreactor02,2025-09-20T01:39:53.442Z,UpdatedHeaterDC,delta_dc=1.6160000000000039,"{""current_dc"": 43.11, ""delta_dc"": 1.6160000000000039, ""target_temperature"": 30.0, ""latest_temperature"": 29.75}",2025-09-20 03:39:53.442,26.344722222222
Long Yeast Grow,pioreactor02,2025-09-20T01:43:13.443Z,UpdatedHeaterDC,delta_dc=0.0020000000000010565,"{""current_dc"": 43.11, ""delta_dc"": 0.0020000000000010565, ""target_temperature"": 30.0, ""latest_temperature"": 29.84}",2025-09-20 03:43:13.443,26.400277777778
Long Yeast Grow,pioreactor02,2025-09-20T01:46:33.442Z,UpdatedHeaterDC,delta_dc=-1.3119999999999883,"{""current_dc"": 41.8, ""delta_dc"": -1.3119999999999883, ""target_temperature"": 30.0, ""latest_temperature"": 30.08}",2025-09-20 03:46:33.442,26.455833333333
Long Yeast Grow,pioreactor02,2025-09-20T01:49:53.443Z,UpdatedHeaterDC,delta_dc=0.8719999999999941,"{""current_dc"": 42.67, ""delta_dc"": 0.8719999999999941, ""target_temperature"": 30.0, ""latest_temperature"": 29.93}",2025-09-20 03:49:53.443,26.511388888889
Long Yeast Grow,pioreactor02,2025-09-20T01:53:13.483Z,UpdatedHeaterDC,delta_dc=-0.4659999999999982,"{""current_dc"": 42.2, ""delta_dc"": -0.4659999999999982, ""target_temperature"": 30.0, ""latest_temperature"": 30.02}",2025-09-20 03:53:13.483,26.566944444444
Long Yeast Grow,pioreactor02,2025-09-20T01:56:33.441Z,UpdatedHeaterDC,delta_dc=0.019999999999986782,"{""current_dc"": 42.22, ""delta_dc"": 0.019999999999986782, ""target_temperature"": 30.0, ""latest_temperature"": 30.01}",2025-09-20 03:56:33.441,26.6225
Long Yeast Grow,pioreactor02,2025-09-20T01:59:53.441Z,UpdatedHeaterDC,delta_dc=-0.09799999999998973,"{""current_dc"": 42.12, ""delta_dc"": -0.09799999999998973, ""target_temperature"": 30.0, ""latest_temperature"": 30.02}",2025-09-20 03:59:53.441,26.678055555556
Long Yeast Grow,pioreactor02,2025-09-20T02:03:13.445Z,UpdatedHeaterDC,delta_dc=1.2439999999999989,"{""current_dc"": 43.36, ""delta_dc"": 1.2439999999999989, ""target_temperature"": 30.0, ""latest_temperature"": 29.84}",2025-09-20 04:03:13.445,26.733611111111
Long Yeast Grow,pioreactor02,2025-09-20T02:06:33.490Z,UpdatedHeaterDC,delta_dc=-1.3839999999999995,"{""current_dc"": 41.98, ""delta_dc"": -1.3839999999999995, ""target_temperature"": 30.0, ""latest_temperature"": 30.09}",2025-09-20 04:06:33.490,26.789166666667
Long Yeast Grow,pioreactor02,2025-09-20T02:09:53.442Z,UpdatedHeaterDC,delta_dc=1.2780000000000065,"{""current_dc"": 43.26, ""delta_dc"": 1.2780000000000065, ""target_temperature"": 30.0, ""latest_temperature"": 29.88}",2025-09-20 04:09:53.442,26.844722222222
Long Yeast Grow,pioreactor02,2025-09-20T02:13:13.443Z,UpdatedHeaterDC,delta_dc=-0.5520000000000045,"{""current_dc"": 42.71, ""delta_dc"": -0.5520000000000045, ""target_temperature"": 30.0, ""latest_temperature"": 30.0}",2025-09-20 04:13:13.443,26.900277777778
Long Yeast Grow,pioreactor02,2025-09-20T02:16:33.443Z,UpdatedHeaterDC,delta_dc=-1.5120000000000062,"{""current_dc"": 41.2, ""delta_dc"": -1.5120000000000062, ""target_temperature"": 30.0, ""latest_temperature"": 30.21}",2025-09-20 04:16:33.443,26.955833333333
Long Yeast Grow,pioreactor02,2025-09-20T02:19:53.444Z,UpdatedHeaterDC,delta_dc=1.9740000000000077,"{""current_dc"": 43.17, ""delta_dc"": 1.9740000000000077, ""target_temperature"": 30.0, ""latest_temperature"": 29.86}",2025-09-20 04:19:53.444,27.011388888889
Long Yeast Grow,pioreactor02,2025-09-20T02:23:13.489Z,UpdatedHeaterDC,delta_dc=-0.4279999999999944,"{""current_dc"": 42.74, ""delta_dc"": -0.4279999999999944, ""target_temperature"": 30.0, ""latest_temperature"": 29.97}",2025-09-20 04:23:13.489,27.066944444444
Long Yeast Grow,pioreactor02,2025-09-20T02:26:33.443Z,UpdatedHeaterDC,delta_dc=1.374000000000001,"{""current_dc"": 44.11, ""delta_dc"": 1.374000000000001, ""target_temperature"": 30.0, ""latest_temperature"": 29.79}",2025-09-20 04:26:33.443,27.1225
Long Yeast Grow,pioreactor02,2025-09-20T02:29:53.441Z,UpdatedHeaterDC,delta_dc=-0.67800000000001,"{""current_dc"": 43.43, ""delta_dc"": -0.67800000000001, ""target_temperature"": 30.0, ""latest_temperature"": 29.96}",2025-09-20 04:29:53.441,27.178055555556
Long Yeast Grow,pioreactor02,2025-09-20T02:33:13.444Z,UpdatedHeaterDC,delta_dc=-0.7599999999999838,"{""current_dc"": 42.67, ""delta_dc"": -0.7599999999999838, ""target_temperature"": 30.0, ""latest_temperature"": 30.08}",2025-09-20 04:33:13.444,27.233611111111
Long Yeast Grow,pioreactor02,2025-09-20T02:36:33.443Z,UpdatedHeaterDC,delta_dc=-0.7119999999999975,"{""current_dc"": 41.96, ""delta_dc"": -0.7119999999999975, ""target_temperature"": 30.0, ""latest_temperature"": 30.15}",2025-09-20 04:36:33.443,27.289166666667
Long Yeast Grow,pioreactor02,2025-09-20T02:39:53.443Z,UpdatedHeaterDC,delta_dc=0.6179999999999822,"{""current_dc"": 42.58, ""delta_dc"": 0.6179999999999822, ""target_temperature"": 30.0, ""latest_temperature"": 30.01}",2025-09-20 04:39:53.443,27.344722222222
Long Yeast Grow,pioreactor02,2025-09-20T02:43:13.445Z,UpdatedHeaterDC,delta_dc=-2.3299999999999805,"{""current_dc"": 40.25, ""delta_dc"": -2.3299999999999805, ""target_temperature"": 30.0, ""latest_temperature"": 30.33}",2025-09-20 04:43:13.445,27.400277777778
Long Yeast Grow,pioreactor02,2025-09-20T02:46:33.448Z,UpdatedHeaterDC,delta_dc=1.805999999999986,"{""current_dc"": 42.06, ""delta_dc"": 1.805999999999986, ""target_temperature"": 30.0, ""latest_temperature"": 29.96}",2025-09-20 04:46:33.448,27.455833333333
Long Yeast Grow,pioreactor02,2025-09-20T02:49:53.441Z,UpdatedHeaterDC,delta_dc=0.680000000000011,"{""current_dc"": 42.74, ""delta_dc"": 0.680000000000011, ""target_temperature"": 30.0, ""latest_temperature"": 29.88}",2025-09-20 04:49:53.441,27.511388888889
Long Yeast Grow,pioreactor02,2025-09-20T02:53:13.485Z,UpdatedHeaterDC,delta_dc=-0.47999999999999327,"{""current_dc"": 42.26, ""delta_dc"": -0.47999999999999327, ""target_temperature"": 30.0, ""latest_temperature"": 29.99}",2025-09-20 04:53:13.485,27.566944444444
Long Yeast Grow,pioreactor02,2025-09-20T02:56:33.442Z,UpdatedHeaterDC,delta_dc=0.6019999999999918,"{""current_dc"": 42.86, ""delta_dc"": 0.6019999999999918, ""target_temperature"": 30.0, ""latest_temperature"": 29.91}",2025-09-20 04:56:33.442,27.6225
Long Yeast Grow,pioreactor02,2025-09-20T02:59:53.443Z,UpdatedHeaterDC,delta_dc=0.16199999999998838,"{""current_dc"": 43.02, ""delta_dc"": 0.16199999999998838, ""target_temperature"": 30.0, ""latest_temperature"": 29.92}",2025-09-20 04:59:53.443,27.678055555556
Long Yeast Grow,pioreactor02,2025-09-20T03:03:13.442Z,UpdatedHeaterDC,delta_dc=-2.455999999999986,"{""current_dc"": 40.56, ""delta_dc"": -2.455999999999986, ""target_temperature"": 30.0, ""latest_temperature"": 30.29}",2025-09-20 05:03:13.442,27.733611111111
Long Yeast Grow,pioreactor02,2025-09-20T03:06:33.441Z,UpdatedHeaterDC,delta_dc=0.9020000000000051,"{""current_dc"": 41.46, ""delta_dc"": 0.9020000000000051, ""target_temperature"": 30.0, ""latest_temperature"": 30.06}",2025-09-20 05:06:33.441,27.789166666667
Long Yeast Grow,pioreactor02,2025-09-20T03:09:53.443Z,UpdatedHeaterDC,delta_dc=-0.3720000000000049,"{""current_dc"": 41.09, ""delta_dc"": -0.3720000000000049, ""target_temperature"": 30.0, ""latest_temperature"": 30.09}",2025-09-20 05:09:53.443,27.844722222222
Long Yeast Grow,pioreactor02,2025-09-20T03:13:13.446Z,UpdatedHeaterDC,delta_dc=0.12600000000000547,"{""current_dc"": 41.22, ""delta_dc"": 0.12600000000000547, ""target_temperature"": 30.0, ""latest_temperature"": 30.04}",2025-09-20 05:13:13.446,27.900277777778
Long Yeast Grow,pioreactor02,2025-09-20T03:16:33.441Z,UpdatedHeaterDC,delta_dc=1.119999999999989,"{""current_dc"": 42.34, ""delta_dc"": 1.119999999999989, ""target_temperature"": 30.0, ""latest_temperature"": 29.87}",2025-09-20 05:16:33.441,27.955833333333
Long Yeast Grow,pioreactor02,2025-09-20T03:19:53.441Z,UpdatedHeaterDC,delta_dc=-0.02200000000000768,"{""current_dc"": 42.32, ""delta_dc"": -0.02200000000000768, ""target_temperature"": 30.0, ""latest_temperature"": 29.92}",2025-09-20 05:19:53.441,28.011388888889
Long Yeast Grow,pioreactor02,2025-09-20T03:23:13.442Z,UpdatedHeaterDC,delta_dc=-1.2319999999999993,"{""current_dc"": 41.09, ""delta_dc"": -1.2319999999999993, ""target_temperature"": 30.0, ""latest_temperature"": 30.12}",2025-09-20 05:23:13.442,28.066944444444
Long Yeast Grow,pioreactor02,2025-09-20T03:26:33.441Z,UpdatedHeaterDC,delta_dc=0.33599999999999636,"{""current_dc"": 41.43, ""delta_dc"": 0.33599999999999636, ""target_temperature"": 30.0, ""latest_temperature"": 30.03}",2025-09-20 05:26:33.441,28.1225
Long Yeast Grow,pioreactor02,2025-09-20T03:29:53.448Z,UpdatedHeaterDC,delta_dc=1.7219999999999969,"{""current_dc"": 43.15, ""delta_dc"": 1.7219999999999969, ""target_temperature"": 30.0, ""latest_temperature"": 29.78}",2025-09-20 05:29:53.448,28.178055555556
Long Yeast Grow,pioreactor02,2025-09-20T03:33:13.446Z,UpdatedHeaterDC,delta_dc=-1.515999999999997,"{""current_dc"": 41.63, ""delta_dc"": -1.515999999999997, ""target_temperature"": 30.0, ""latest_temperature"": 30.07}",2025-09-20 05:33:13.446,28.233611111111
Long Yeast Grow,pioreactor02,2025-09-20T03:36:33.445Z,UpdatedHeaterDC,delta_dc=1.0420000000000116,"{""current_dc"": 42.67, ""delta_dc"": 1.0420000000000116, ""target_temperature"": 30.0, ""latest_temperature"": 29.9}",2025-09-20 05:36:33.445,28.289166666667
Long Yeast Grow,pioreactor02,2025-09-20T03:39:53.442Z,UpdatedHeaterDC,delta_dc=0.33199999999998936,"{""current_dc"": 43.0, ""delta_dc"": 0.33199999999998936, ""target_temperature"": 30.0, ""latest_temperature"": 29.89}",2025-09-20 05:39:53.442,28.344722222222
Long Yeast Grow,pioreactor02,2025-09-20T03:43:13.446Z,UpdatedHeaterDC,delta_dc=-0.43399999999998606,"{""current_dc"": 42.57, ""delta_dc"": -0.43399999999998606, ""target_temperature"": 30.0, ""latest_temperature"": 29.99}",2025-09-20 05:43:13.446,28.400277777778
Long Yeast Grow,pioreactor02,2025-09-20T03:46:33.443Z,UpdatedHeaterDC,delta_dc=-1.2700000000000193,"{""current_dc"": 41.3, ""delta_dc"": -1.2700000000000193, ""target_temperature"": 30.0, ""latest_temperature"": 30.17}",2025-09-20 05:46:33.443,28.455833333333
Long Yeast Grow,pioreactor02,2025-09-20T03:49:53.441Z,UpdatedHeaterDC,delta_dc=1.4300000000000066,"{""current_dc"": 42.73, ""delta_dc"": 1.4300000000000066, ""target_temperature"": 30.0, ""latest_temperature"": 29.91}",2025-09-20 05:49:53.441,28.511388888889
Long Yeast Grow,pioreactor02,2025-09-20T03:53:13.441Z,UpdatedHeaterDC,delta_dc=0.7380000000000017,"{""current_dc"": 43.47, ""delta_dc"": 0.7380000000000017, ""target_temperature"": 30.0, ""latest_temperature"": 29.84}",2025-09-20 05:53:13.441,28.566944444444
Long Yeast Grow,pioreactor02,2025-09-20T03:56:33.442Z,UpdatedHeaterDC,delta_dc=-0.7360000000000005,"{""current_dc"": 42.73, ""delta_dc"": -0.7360000000000005, ""target_temperature"": 30.0, ""latest_temperature"": 30.0}",2025-09-20 05:56:33.442,28.6225
Long Yeast Grow,pioreactor02,2025-09-20T03:59:53.441Z,UpdatedHeaterDC,delta_dc=-1.0799999999999896,"{""current_dc"": 41.65, ""delta_dc"": -1.0799999999999896, ""target_temperature"": 30.0, ""latest_temperature"": 30.15}",2025-09-20 05:59:53.441,28.678055555556
Long Yeast Grow,pioreactor02,2025-09-20T04:03:13.442Z,UpdatedHeaterDC,delta_dc=-0.6780000000000157,"{""current_dc"": 40.97, ""delta_dc"": -0.6780000000000157, ""target_temperature"": 30.0, ""latest_temperature"": 30.19}",2025-09-20 06:03:13.442,28.733611111111
Long Yeast Grow,pioreactor02,2025-09-20T04:06:33.442Z,UpdatedHeaterDC,delta_dc=1.1619999999999997,"{""current_dc"": 42.13, ""delta_dc"": 1.1619999999999997, ""target_temperature"": 30.0, ""latest_temperature"": 29.96}",2025-09-20 06:06:33.442,28.789166666667
Long Yeast Grow,pioreactor02,2025-09-20T04:09:53.442Z,UpdatedHeaterDC,delta_dc=-0.25600000000000733,"{""current_dc"": 41.87, ""delta_dc"": -0.25600000000000733, ""target_temperature"": 30.0, ""latest_temperature"": 30.01}",2025-09-20 06:09:53.442,28.844722222222
Long Yeast Grow,pioreactor02,2025-09-20T04:13:13.443Z,UpdatedHeaterDC,delta_dc=1.7020000000000102,"{""current_dc"": 43.57, ""delta_dc"": 1.7020000000000102, ""target_temperature"": 30.0, ""latest_temperature"": 29.77}",2025-09-20 06:13:13.443,28.900277777778
Long Yeast Grow,pioreactor02,2025-09-20T04:16:33.442Z,UpdatedHeaterDC,delta_dc=0.237999999999996,"{""current_dc"": 43.81, ""delta_dc"": 0.237999999999996, ""target_temperature"": 30.0, ""latest_temperature"": 29.82}",2025-09-20 06:16:33.442,28.955833333333
Long Yeast Grow,pioreactor02,2025-09-20T04:19:53.442Z,UpdatedHeaterDC,delta_dc=1.3320000000000065,"{""current_dc"": 45.14, ""delta_dc"": 1.3320000000000065, ""target_temperature"": 30.0, ""latest_temperature"": 29.7}",2025-09-20 06:19:53.442,29.011388888889
Long Yeast Grow,pioreactor02,2025-09-20T04:23:13.485Z,UpdatedHeaterDC,delta_dc=-1.9559999999999909,"{""current_dc"": 43.18, ""delta_dc"": -1.9559999999999909, ""target_temperature"": 30.0, ""latest_temperature"": 30.08}",2025-09-20 06:23:13.485,29.066944444444
Long Yeast Grow,pioreactor02,2025-09-20T04:26:33.442Z,UpdatedHeaterDC,delta_dc=0.9439999999999797,"{""current_dc"": 44.12, ""delta_dc"": 0.9439999999999797, ""target_temperature"": 30.0, ""latest_temperature"": 29.92}",2025-09-20 06:26:33.442,29.1225
Long Yeast Grow,pioreactor02,2025-09-20T04:29:53.442Z,UpdatedHeaterDC,delta_dc=0.2800000000000068,"{""current_dc"": 44.4, ""delta_dc"": 0.2800000000000068, ""target_temperature"": 30.0, ""latest_temperature"": 29.91}",2025-09-20 06:29:53.442,29.178055555556
Long Yeast Grow,pioreactor02,2025-09-20T04:33:13.442Z,UpdatedHeaterDC,delta_dc=-1.0619999999999983,"{""current_dc"": 43.34, ""delta_dc"": -1.0619999999999983, ""target_temperature"": 30.0, ""latest_temperature"": 30.09}",2025-09-20 06:33:13.442,29.233611111111
Long Yeast Grow,pioreactor02,2025-09-20T04:36:33.446Z,UpdatedHeaterDC,delta_dc=-0.01799999999999144,"{""current_dc"": 43.32, ""delta_dc"": -0.01799999999999144, ""target_temperature"": 30.0, ""latest_temperature"": 30.06}",2025-09-20 06:36:33.446,29.289166666667
Long Yeast Grow,pioreactor02,2025-09-20T04:39:53.442Z,UpdatedHeaterDC,delta_dc=-0.5880000000000131,"{""current_dc"": 42.73, ""delta_dc"": -0.5880000000000131, ""target_temperature"": 30.0, ""latest_temperature"": 30.12}",2025-09-20 06:39:53.442,29.344722222222
Long Yeast Grow,pioreactor02,2025-09-20T04:43:13.487Z,UpdatedHeaterDC,delta_dc=1.6319999999999943,"{""current_dc"": 44.36, ""delta_dc"": 1.6319999999999943, ""target_temperature"": 30.0, ""latest_temperature"": 29.85}",2025-09-20 06:43:13.487,29.400277777778
