experiment,pioreactor_unit,timestamp,measured_rpm,timestamp_localtime,hours_since_experiment_created
Yeast Grow 4 Days,pioreactor02,2025-09-20T05:13:00.676Z,509.4,2025-09-20 07:13:00.676,0.1775
Yeast Grow 4 Days,pioreactor02,2025-09-20T05:13:03.862Z,478.4,2025-09-20 07:13:03.862,0.178333333333
Yeast Grow 4 Days,pioreactor02,2025-09-20T05:13:26.662Z,953.4,2025-09-20 07:13:26.662,0.184722222222
Yeast Grow 4 Days,pioreactor02,2025-09-20T05:13:49.862Z,576.4,2025-09-20 07:13:49.862,0.191111111111
Yeast Grow 4 Days,pioreactor02,2025-09-20T05:14:12.862Z,570.8,2025-09-20 07:14:12.862,0.1975
Yeast Grow 4 Days,pioreactor02,2025-09-20T05:14:35.862Z,555.2,2025-09-20 07:14:35.862,0.203888888889
Yeast Grow 4 Days,pioreactor02,2025-09-20T05:14:58.862Z,542.3,2025-09-20 07:14:58.862,0.210277777778
Yeast Grow 4 Days,pioreactor02,2025-09-20T05:15:21.862Z,536.4,2025-09-20 07:15:21.862,0.216666666667
Yeast Grow 4 Days,pioreactor02,2025-09-20T05:15:44.862Z,524.4,2025-09-20 07:15:44.862,0.223055555556
Yeast Grow 4 Days,pioreactor02,2025-09-20T05:16:07.862Z,526.9,2025-09-20 07:16:07.862,0.229444444444
Yeast Grow 4 Days,pioreactor02,2025-09-20T05:16:30.862Z,527.9,2025-09-20 07:16:30.862,0.235833333333
Yeast Grow 4 Days,pioreactor02,2025-09-20T05:16:53.862Z,515.0,2025-09-20 07:16:53.862,0.242222222222
Yeast Grow 4 Days,pioreactor02,2025-09-20T05:17:16.862Z,517.3,2025-09-20 07:17:16.862,0.248611111111
Yeast Grow 4 Days,pioreactor02,2025-09-20T05:17:39.862Z,500.2,2025-09-20 07:17:39.862,0.255
Yeast Grow 4 Days,pioreactor02,2025-09-20T05:18:02.862Z,503.0,2025-09-20 07:18:02.862,0.261388888889
Yeast Grow 4 Days,pioreactor02,2025-09-20T05:18:25.862Z,505.7,2025-09-20 07:18:25.862,0.267777777778
Yeast Grow 4 Days,pioreactor02,2025-09-20T05:18:48.862Z,508.1,2025-09-20 07:18:48.862,0.274166666667
Yeast Grow 4 Days,pioreactor02,2025-09-20T05:19:11.862Z,503.6,2025-09-20 07:19:11.862,0.280555555556
Yeast Grow 4 Days,pioreactor02,2025-09-20T05:19:34.862Z,512.3,2025-09-20 07:19:34.862,0.286944444444
Yeast Grow 4 Days,pioreactor02,2025-09-20T05:19:57.862Z,511.3,2025-09-20 07:19:57.862,0.293333333333
Yeast Grow 4 Days,pioreactor02,2025-09-20T05:20:20.862Z,508.0,2025-09-20 07:20:20.862,0.299722222222
Yeast Grow 4 Days,pioreactor02,2025-09-20T05:20:43.862Z,508.3,2025-09-20 07:20:43.862,0.306111111111
Yeast Grow 4 Days,pioreactor02,2025-09-20T05:21:06.862Z,501.0,2025-09-20 07:21:06.862,0.3125
Yeast Grow 4 Days,pioreactor02,2025-09-20T05:21:29.862Z,501.2,2025-09-20 07:21:29.862,0.318888888889
Yeast Grow 4 Days,pioreactor02,2025-09-20T05:21:52.862Z,497.1,2025-09-20 07:21:52.862,0.325277777778
Yeast Grow 4 Days,pioreactor02,2025-09-20T05:22:15.862Z,497.6,2025-09-20 07:22:15.862,0.331666666667
Yeast Grow 4 Days,pioreactor02,2025-09-20T05:22:38.862Z,511.0,2025-09-20 07:22:38.862,0.338055555556
Yeast Grow 4 Days,pioreactor02,2025-09-20T05:23:01.862Z,517.4,2025-09-20 07:23:01.862,0.344444444444
Yeast Grow 4 Days,pioreactor02,2025-09-20T05:23:24.862Z,520.1,2025-09-20 07:23:24.862,0.350833333333
Yeast Grow 4 Days,pioreactor02,2025-09-20T05:23:47.862Z,513.4,2025-09-20 07:23:47.862,0.357222222222
Yeast Grow 4 Days,pioreactor02,2025-09-20T05:24:10.862Z,513.7,2025-09-20 07:24:10.862,0.363611111111
Yeast Grow 4 Days,pioreactor02,2025-09-20T05:24:33.862Z,428.8,2025-09-20 07:24:33.862,0.37
Yeast Grow 4 Days,pioreactor02,2025-09-20T05:24:56.862Z,429.8,2025-09-20 07:24:56.862,0.376388888889
Yeast Grow 4 Days,pioreactor02,2025-09-20T05:25:19.862Z,483.7,2025-09-20 07:25:19.862,0.382777777778
Yeast Grow 4 Days,pioreactor02,2025-09-20T05:25:42.862Z,496.7,2025-09-20 07:25:42.862,0.389166666667
Yeast Grow 4 Days,pioreactor02,2025-09-20T05:26:05.862Z,520.0,2025-09-20 07:26:05.862,0.395555555556
Yeast Grow 4 Days,pioreactor02,2025-09-20T05:26:28.862Z,526.0,2025-09-20 07:26:28.862,0.401944444444
Yeast Grow 4 Days,pioreactor02,2025-09-20T05:26:51.862Z,517.3,2025-09-20 07:26:51.862,0.408333333333
Yeast Grow 4 Days,pioreactor02,2025-09-20T05:27:14.862Z,521.1,2025-09-20 07:27:14.862,0.414722222222
Yeast Grow 4 Days,pioreactor02,2025-09-20T05:27:37.862Z,521.0,2025-09-20 07:27:37.862,0.421111111111
Yeast Grow 4 Days,pioreactor02,2025-09-20T05:28:00.862Z,509.9,2025-09-20 07:28:00.862,0.4275
Yeast Grow 4 Days,pioreactor02,2025-09-20T05:28:23.862Z,521.5,2025-09-20 07:28:23.862,0.433888888889
Yeast Grow 4 Days,pioreactor02,2025-09-20T05:28:46.862Z,521.3,2025-09-20 07:28:46.862,0.440277777778
Yeast Grow 4 Days,pioreactor02,2025-09-20T05:29:09.862Z,516.6,2025-09-20 07:29:09.862,0.446666666667
Yeast Grow 4 Days,pioreactor02,2025-09-20T05:29:32.862Z,511.4,2025-09-20 07:29:32.862,0.453055555556
Yeast Grow 4 Days,pioreactor02,2025-09-20T05:29:55.862Z,499.9,2025-09-20 07:29:55.862,0.459444444444
Yeast Grow 4 Days,pioreactor02,2025-09-20T05:30:18.862Z,505.2,2025-09-20 07:30:18.862,0.465833333333
Yeast Grow 4 Days,pioreactor02,2025-09-20T05:30:41.862Z,507.5,2025-09-20 07:30:41.862,0.472222222222
Yeast Grow 4 Days,pioreactor02,2025-09-20T05:31:04.862Z,486.6,2025-09-20 07:31:04.862,0.478611111111
Yeast Grow 4 Days,pioreactor02,2025-09-20T05:31:27.862Z,493.6,2025-09-20 07:31:27.862,0.485
Yeast Grow 4 Days,pioreactor02,2025-09-20T05:31:50.862Z,507.6,2025-09-20 07:31:50.862,0.491388888889
Yeast Grow 4 Days,pioreactor02,2025-09-20T05:32:13.862Z,499.6,2025-09-20 07:32:13.862,0.497777777778
Yeast Grow 4 Days,pioreactor02,2025-09-20T05:32:36.862Z,516.5,2025-09-20 07:32:36.862,0.504166666667
Yeast Grow 4 Days,pioreactor02,2025-09-20T05:32:59.862Z,503.3,2025-09-20 07:32:59.862,0.510555555556
Yeast Grow 4 Days,pioreactor02,2025-09-20T05:33:22.862Z,492.4,2025-09-20 07:33:22.862,0.516944444444
Yeast Grow 4 Days,pioreactor02,2025-09-20T05:33:45.862Z,513.0,2025-09-20 07:33:45.862,0.523333333333
Yeast Grow 4 Days,pioreactor02,2025-09-20T05:34:08.862Z,499.0,2025-09-20 07:34:08.862,0.529722222222
Yeast Grow 4 Days,pioreactor02,2025-09-20T05:34:31.862Z,505.9,2025-09-20 07:34:31.862,0.536111111111
Yeast Grow 4 Days,pioreactor02,2025-09-20T05:34:54.862Z,500.1,2025-09-20 07:34:54.862,0.5425
Yeast Grow 4 Days,pioreactor02,2025-09-20T05:35:17.862Z,471.2,2025-09-20 07:35:17.862,0.548888888889
Yeast Grow 4 Days,pioreactor02,2025-09-20T05:35:40.862Z,500.0,2025-09-20 07:35:40.862,0.555277777778
Yeast Grow 4 Days,pioreactor02,2025-09-20T05:36:03.862Z,499.6,2025-09-20 07:36:03.862,0.561666666667
Yeast Grow 4 Days,pioreactor02,2025-09-20T05:36:26.862Z,514.6,2025-09-20 07:36:26.862,0.568055555556
Yeast Grow 4 Days,pioreactor02,2025-09-20T05:36:49.862Z,513.1,2025-09-20 07:36:49.862,0.574444444444
Yeast Grow 4 Days,pioreactor02,2025-09-20T05:37:12.862Z,513.4,2025-09-20 07:37:12.862,0.580833333333
Yeast Grow 4 Days,pioreactor02,2025-09-20T05:37:35.862Z,500.2,2025-09-20 07:37:35.862,0.587222222222
Yeast Grow 4 Days,pioreactor02,2025-09-20T05:37:58.862Z,500.4,2025-09-20 07:37:58.862,0.593611111111
Yeast Grow 4 Days,pioreactor02,2025-09-20T05:38:21.862Z,513.9,2025-09-20 07:38:21.862,0.6
Yeast Grow 4 Days,pioreactor02,2025-09-20T05:38:44.862Z,495.6,2025-09-20 07:38:44.862,0.606388888889
Yeast Grow 4 Days,pioreactor02,2025-09-20T05:39:07.862Z,511.6,2025-09-20 07:39:07.862,0.612777777778
Yeast Grow 4 Days,pioreactor02,2025-09-20T05:39:30.862Z,520.1,2025-09-20 07:39:30.862,0.619166666667
Yeast Grow 4 Days,pioreactor02,2025-09-20T05:39:53.862Z,499.3,2025-09-20 07:39:53.862,0.625555555556
Yeast Grow 4 Days,pioreactor02,2025-09-20T05:40:16.862Z,510.0,2025-09-20 07:40:16.862,0.631944444444
Yeast Grow 4 Days,pioreactor02,2025-09-20T05:40:39.862Z,506.0,2025-09-20 07:40:39.862,0.638333333333
Yeast Grow 4 Days,pioreactor02,2025-09-20T05:41:02.862Z,496.8,2025-09-20 07:41:02.862,0.644722222222
Yeast Grow 4 Days,pioreactor02,2025-09-20T05:41:25.862Z,494.0,2025-09-20 07:41:25.862,0.651111111111
Yeast Grow 4 Days,pioreactor02,2025-09-20T05:41:48.862Z,504.9,2025-09-20 07:41:48.862,0.6575
Yeast Grow 4 Days,pioreactor02,2025-09-20T05:42:11.862Z,494.8,2025-09-20 07:42:11.862,0.663888888889
Yeast Grow 4 Days,pioreactor02,2025-09-20T05:42:34.862Z,523.1,2025-09-20 07:42:34.862,0.670277777778
Yeast Grow 4 Days,pioreactor02,2025-09-20T05:42:57.862Z,506.7,2025-09-20 07:42:57.862,0.676666666667
Yeast Grow 4 Days,pioreactor02,2025-09-20T05:43:20.862Z,513.5,2025-09-20 07:43:20.862,0.683055555556
Yeast Grow 4 Days,pioreactor02,2025-09-20T05:43:43.862Z,501.3,2025-09-20 07:43:43.862,0.689444444444
Yeast Grow 4 Days,pioreactor02,2025-09-20T05:44:06.862Z,502.9,2025-09-20 07:44:06.862,0.695833333333
Yeast Grow 4 Days,pioreactor02,2025-09-20T05:44:29.862Z,479.5,2025-09-20 07:44:29.862,0.702222222222
Yeast Grow 4 Days,pioreactor02,2025-09-20T05:44:52.862Z,498.0,2025-09-20 07:44:52.862,0.708611111111
Yeast Grow 4 Days,pioreactor02,2025-09-20T05:45:15.862Z,500.1,2025-09-20 07:45:15.862,0.715
Yeast Grow 4 Days,pioreactor02,2025-09-20T05:45:38.862Z,499.9,2025-09-20 07:45:38.862,0.721388888889
Yeast Grow 4 Days,pioreactor02,2025-09-20T05:46:01.862Z,514.7,2025-09-20 07:46:01.862,0.727777777778
Yeast Grow 4 Days,pioreactor02,2025-09-20T05:46:24.862Z,512.8,2025-09-20 07:46:24.862,0.734166666667
Yeast Grow 4 Days,pioreactor02,2025-09-20T05:46:47.862Z,514.0,2025-09-20 07:46:47.862,0.740555555556
Yeast Grow 4 Days,pioreactor02,2025-09-20T05:47:10.862Z,504.1,2025-09-20 07:47:10.862,0.746944444444
Yeast Grow 4 Days,pioreactor02,2025-09-20T05:47:33.862Z,510.4,2025-09-20 07:47:33.862,0.753333333333
Yeast Grow 4 Days,pioreactor02,2025-09-20T05:47:56.862Z,481.9,2025-09-20 07:47:56.862,0.759722222222
Yeast Grow 4 Days,pioreactor02,2025-09-20T05:48:19.862Z,503.6,2025-09-20 07:48:19.862,0.766111111111
Yeast Grow 4 Days,pioreactor02,2025-09-20T05:48:42.862Z,487.9,2025-09-20 07:48:42.862,0.7725
Yeast Grow 4 Days,pioreactor02,2025-09-20T05:49:05.862Z,515.0,2025-09-20 07:49:05.862,0.778888888889
Yeast Grow 4 Days,pioreactor02,2025-09-20T05:49:28.862Z,514.7,2025-09-20 07:49:28.862,0.785277777778
Yeast Grow 4 Days,pioreactor02,2025-09-20T05:49:51.862Z,514.4,2025-09-20 07:49:51.862,0.791666666667
Yeast Grow 4 Days,pioreactor02,2025-09-20T05:50:14.862Z,497.1,2025-09-20 07:50:14.862,0.798055555556
Yeast Grow 4 Days,pioreactor02,2025-09-20T05:50:37.862Z,503.7,2025-09-20 07:50:37.862,0.804444444444
Yeast Grow 4 Days,pioreactor02,2025-09-20T05:51:00.862Z,473.4,2025-09-20 07:51:00.862,0.810833333333
Yeast Grow 4 Days,pioreactor02,2025-09-20T05:51:23.862Z,480.0,2025-09-20 07:51:23.862,0.817222222222
Yeast Grow 4 Days,pioreactor02,2025-09-20T05:51:46.862Z,501.5,2025-09-20 07:51:46.862,0.823611111111
Yeast Grow 4 Days,pioreactor02,2025-09-20T05:52:09.862Z,497.4,2025-09-20 07:52:09.862,0.83
Yeast Grow 4 Days,pioreactor02,2025-09-20T05:52:32.862Z,500.3,2025-09-20 07:52:32.862,0.836388888889
Yeast Grow 4 Days,pioreactor02,2025-09-20T05:52:55.862Z,505.2,2025-09-20 07:52:55.862,0.842777777778
Yeast Grow 4 Days,pioreactor02,2025-09-20T05:53:18.862Z,512.4,2025-09-20 07:53:18.862,0.849166666667
Yeast Grow 4 Days,pioreactor02,2025-09-20T05:53:41.862Z,487.3,2025-09-20 07:53:41.862,0.855555555556
Yeast Grow 4 Days,pioreactor02,2025-09-20T05:54:04.862Z,514.5,2025-09-20 07:54:04.862,0.861944444444
Yeast Grow 4 Days,pioreactor02,2025-09-20T05:54:27.862Z,501.1,2025-09-20 07:54:27.862,0.868333333333
Yeast Grow 4 Days,pioreactor02,2025-09-20T05:54:50.862Z,500.4,2025-09-20 07:54:50.862,0.874722222222
Yeast Grow 4 Days,pioreactor02,2025-09-20T05:55:13.862Z,486.3,2025-09-20 07:55:13.862,0.881111111111
Yeast Grow 4 Days,pioreactor02,2025-09-20T05:55:36.862Z,506.0,2025-09-20 07:55:36.862,0.8875
Yeast Grow 4 Days,pioreactor02,2025-09-20T05:55:59.862Z,510.6,2025-09-20 07:55:59.862,0.893888888889
Yeast Grow 4 Days,pioreactor02,2025-09-20T05:56:22.862Z,511.3,2025-09-20 07:56:22.862,0.900277777778
Yeast Grow 4 Days,pioreactor02,2025-09-20T05:56:45.862Z,512.5,2025-09-20 07:56:45.862,0.906666666667
Yeast Grow 4 Days,pioreactor02,2025-09-20T05:57:08.862Z,509.5,2025-09-20 07:57:08.862,0.913055555556
Yeast Grow 4 Days,pioreactor02,2025-09-20T05:57:31.862Z,503.7,2025-09-20 07:57:31.862,0.919444444444
Yeast Grow 4 Days,pioreactor02,2025-09-20T05:57:54.862Z,496.8,2025-09-20 07:57:54.862,0.925833333333
Yeast Grow 4 Days,pioreactor02,2025-09-20T05:58:17.862Z,495.0,2025-09-20 07:58:17.862,0.932222222222
Yeast Grow 4 Days,pioreactor02,2025-09-20T05:58:40.862Z,489.3,2025-09-20 07:58:40.862,0.938611111111
Yeast Grow 4 Days,pioreactor02,2025-09-20T05:59:03.862Z,496.2,2025-09-20 07:59:03.862,0.945
Yeast Grow 4 Days,pioreactor02,2025-09-20T05:59:26.862Z,500.1,2025-09-20 07:59:26.862,0.951388888889
Yeast Grow 4 Days,pioreactor02,2025-09-20T05:59:49.862Z,512.3,2025-09-20 07:59:49.862,0.957777777778
Yeast Grow 4 Days,pioreactor02,2025-09-20T06:00:12.862Z,510.1,2025-09-20 08:00:12.862,0.964166666667
Yeast Grow 4 Days,pioreactor02,2025-09-20T06:00:35.862Z,506.8,2025-09-20 08:00:35.862,0.970555555556
Yeast Grow 4 Days,pioreactor02,2025-09-20T06:00:58.862Z,500.6,2025-09-20 08:00:58.862,0.976944444444
Yeast Grow 4 Days,pioreactor02,2025-09-20T06:01:21.862Z,488.8,2025-09-20 08:01:21.862,0.983333333333
Yeast Grow 4 Days,pioreactor02,2025-09-20T06:01:44.862Z,491.0,2025-09-20 08:01:44.862,0.989722222222
Yeast Grow 4 Days,pioreactor02,2025-09-20T06:02:07.862Z,496.3,2025-09-20 08:02:07.862,0.996111111111
Yeast Grow 4 Days,pioreactor02,2025-09-20T06:02:30.862Z,499.4,2025-09-20 08:02:30.862,1.0025
Yeast Grow 4 Days,pioreactor02,2025-09-20T06:02:53.862Z,506.4,2025-09-20 08:02:53.862,1.008888888889
Yeast Grow 4 Days,pioreactor02,2025-09-20T06:03:16.862Z,492.6,2025-09-20 08:03:16.862,1.015277777778
Yeast Grow 4 Days,pioreactor02,2025-09-20T06:03:39.862Z,425.7,2025-09-20 08:03:39.862,1.021666666667
Yeast Grow 4 Days,pioreactor02,2025-09-20T06:04:02.862Z,508.9,2025-09-20 08:04:02.862,1.028055555556
Yeast Grow 4 Days,pioreactor02,2025-09-20T06:04:25.862Z,477.2,2025-09-20 08:04:25.862,1.034444444444
Yeast Grow 4 Days,pioreactor02,2025-09-20T06:04:48.862Z,521.2,2025-09-20 08:04:48.862,1.040833333333
Yeast Grow 4 Days,pioreactor02,2025-09-20T06:05:11.862Z,509.1,2025-09-20 08:05:11.862,1.047222222222
Yeast Grow 4 Days,pioreactor02,2025-09-20T06:05:34.862Z,501.6,2025-09-20 08:05:34.862,1.053611111111
Yeast Grow 4 Days,pioreactor02,2025-09-20T06:05:57.862Z,521.4,2025-09-20 08:05:57.862,1.06
Yeast Grow 4 Days,pioreactor02,2025-09-20T06:06:20.862Z,503.3,2025-09-20 08:06:20.862,1.066388888889
Yeast Grow 4 Days,pioreactor02,2025-09-20T06:06:43.862Z,518.0,2025-09-20 08:06:43.862,1.072777777778
Yeast Grow 4 Days,pioreactor02,2025-09-20T06:07:06.862Z,508.5,2025-09-20 08:07:06.862,1.079166666667
Yeast Grow 4 Days,pioreactor02,2025-09-20T06:07:29.862Z,515.2,2025-09-20 08:07:29.862,1.085555555556
Yeast Grow 4 Days,pioreactor02,2025-09-20T06:07:52.862Z,472.9,2025-09-20 08:07:52.862,1.091944444444
Yeast Grow 4 Days,pioreactor02,2025-09-20T06:08:15.862Z,496.3,2025-09-20 08:08:15.862,1.098333333333
Yeast Grow 4 Days,pioreactor02,2025-09-20T06:08:38.862Z,501.5,2025-09-20 08:08:38.862,1.104722222222
Yeast Grow 4 Days,pioreactor02,2025-09-20T06:09:01.862Z,505.8,2025-09-20 08:09:01.862,1.111111111111
Yeast Grow 4 Days,pioreactor02,2025-09-20T06:09:24.862Z,513.4,2025-09-20 08:09:24.862,1.1175
Yeast Grow 4 Days,pioreactor02,2025-09-20T06:09:47.862Z,506.3,2025-09-20 08:09:47.862,1.123888888889
Yeast Grow 4 Days,pioreactor02,2025-09-20T06:10:10.862Z,499.5,2025-09-20 08:10:10.862,1.130277777778
Yeast Grow 4 Days,pioreactor02,2025-09-20T06:10:33.862Z,500.4,2025-09-20 08:10:33.862,1.136666666667
Yeast Grow 4 Days,pioreactor02,2025-09-20T06:10:56.862Z,507.8,2025-09-20 08:10:56.862,1.143055555556
Yeast Grow 4 Days,pioreactor02,2025-09-20T06:11:19.862Z,484.8,2025-09-20 08:11:19.862,1.149444444444
Yeast Grow 4 Days,pioreactor02,2025-09-20T06:11:42.862Z,499.6,2025-09-20 08:11:42.862,1.155833333333
Yeast Grow 4 Days,pioreactor02,2025-09-20T06:12:05.862Z,494.1,2025-09-20 08:12:05.862,1.162222222222
Yeast Grow 4 Days,pioreactor02,2025-09-20T06:12:28.862Z,516.9,2025-09-20 08:12:28.862,1.168611111111
Yeast Grow 4 Days,pioreactor02,2025-09-20T06:12:51.862Z,518.7,2025-09-20 08:12:51.862,1.175
Yeast Grow 4 Days,pioreactor02,2025-09-20T06:13:14.862Z,508.7,2025-09-20 08:13:14.862,1.181388888889
Yeast Grow 4 Days,pioreactor02,2025-09-20T06:13:37.862Z,511.2,2025-09-20 08:13:37.862,1.187777777778
Yeast Grow 4 Days,pioreactor02,2025-09-20T06:14:00.862Z,506.7,2025-09-20 08:14:00.862,1.194166666667
Yeast Grow 4 Days,pioreactor02,2025-09-20T06:14:23.862Z,461.5,2025-09-20 08:14:23.862,1.200555555556
Yeast Grow 4 Days,pioreactor02,2025-09-20T06:14:46.862Z,503.7,2025-09-20 08:14:46.862,1.206944444444
Yeast Grow 4 Days,pioreactor02,2025-09-20T06:15:09.862Z,506.8,2025-09-20 08:15:09.862,1.213333333333
Yeast Grow 4 Days,pioreactor02,2025-09-20T06:15:32.862Z,499.9,2025-09-20 08:15:32.862,1.219722222222
Yeast Grow 4 Days,pioreactor02,2025-09-20T06:15:55.862Z,502.9,2025-09-20 08:15:55.862,1.226111111111
Yeast Grow 4 Days,pioreactor02,2025-09-20T06:16:18.862Z,512.2,2025-09-20 08:16:18.862,1.2325
Yeast Grow 4 Days,pioreactor02,2025-09-20T06:16:41.862Z,507.2,2025-09-20 08:16:41.862,1.238888888889
Yeast Grow 4 Days,pioreactor02,2025-09-20T06:17:04.862Z,500.2,2025-09-20 08:17:04.862,1.245277777778
Yeast Grow 4 Days,pioreactor02,2025-09-20T06:17:27.862Z,499.0,2025-09-20 08:17:27.862,1.251666666667
Yeast Grow 4 Days,pioreactor02,2025-09-20T06:17:50.862Z,454.9,2025-09-20 08:17:50.862,1.258055555556
Yeast Grow 4 Days,pioreactor02,2025-09-20T06:18:13.862Z,512.8,2025-09-20 08:18:13.862,1.264444444444
Yeast Grow 4 Days,pioreactor02,2025-09-20T06:18:36.862Z,424.3,2025-09-20 08:18:36.862,1.270833333333
Yeast Grow 4 Days,pioreactor02,2025-09-20T06:18:59.862Z,430.1,2025-09-20 08:18:59.862,1.277222222222
Yeast Grow 4 Days,pioreactor02,2025-09-20T06:19:22.862Z,537.0,2025-09-20 08:19:22.862,1.283611111111
Yeast Grow 4 Days,pioreactor02,2025-09-20T06:19:45.862Z,526.1,2025-09-20 08:19:45.862,1.29
Yeast Grow 4 Days,pioreactor02,2025-09-20T06:20:08.862Z,516.8,2025-09-20 08:20:08.862,1.296388888889
Yeast Grow 4 Days,pioreactor02,2025-09-20T06:20:31.862Z,520.7,2025-09-20 08:20:31.862,1.302777777778
Yeast Grow 4 Days,pioreactor02,2025-09-20T06:20:54.862Z,523.4,2025-09-20 08:20:54.862,1.309166666667
Yeast Grow 4 Days,pioreactor02,2025-09-20T06:21:17.862Z,505.8,2025-09-20 08:21:17.862,1.315555555556
Yeast Grow 4 Days,pioreactor02,2025-09-20T06:21:40.862Z,514.3,2025-09-20 08:21:40.862,1.321944444444
Yeast Grow 4 Days,pioreactor02,2025-09-20T06:22:03.862Z,499.1,2025-09-20 08:22:03.862,1.328333333333
Yeast Grow 4 Days,pioreactor02,2025-09-20T06:22:26.862Z,495.5,2025-09-20 08:22:26.862,1.334722222222
Yeast Grow 4 Days,pioreactor02,2025-09-20T06:22:49.862Z,511.9,2025-09-20 08:22:49.862,1.341111111111
Yeast Grow 4 Days,pioreactor02,2025-09-20T06:23:12.862Z,515.2,2025-09-20 08:23:12.862,1.3475
Yeast Grow 4 Days,pioreactor02,2025-09-20T06:23:35.862Z,505.3,2025-09-20 08:23:35.862,1.353888888889
Yeast Grow 4 Days,pioreactor02,2025-09-20T06:23:58.862Z,514.0,2025-09-20 08:23:58.862,1.360277777778
Yeast Grow 4 Days,pioreactor02,2025-09-20T06:24:21.862Z,486.4,2025-09-20 08:24:21.862,1.366666666667
Yeast Grow 4 Days,pioreactor02,2025-09-20T06:24:44.862Z,506.8,2025-09-20 08:24:44.862,1.373055555556
Yeast Grow 4 Days,pioreactor02,2025-09-20T06:25:07.862Z,504.7,2025-09-20 08:25:07.862,1.379444444444
Yeast Grow 4 Days,pioreactor02,2025-09-20T06:25:30.862Z,491.9,2025-09-20 08:25:30.862,1.385833333333
Yeast Grow 4 Days,pioreactor02,2025-09-20T06:25:53.862Z,492.9,2025-09-20 08:25:53.862,1.392222222222
Yeast Grow 4 Days,pioreactor02,2025-09-20T06:26:16.862Z,511.1,2025-09-20 08:26:16.862,1.398611111111
Yeast Grow 4 Days,pioreactor02,2025-09-20T06:26:39.862Z,495.9,2025-09-20 08:26:39.862,1.405
Yeast Grow 4 Days,pioreactor02,2025-09-20T06:27:02.862Z,507.1,2025-09-20 08:27:02.862,1.411388888889
Yeast Grow 4 Days,pioreactor02,2025-09-20T06:27:25.862Z,498.1,2025-09-20 08:27:25.862,1.417777777778
Yeast Grow 4 Days,pioreactor02,2025-09-20T06:27:48.862Z,465.2,2025-09-20 08:27:48.862,1.424166666667
Yeast Grow 4 Days,pioreactor02,2025-09-20T06:28:11.862Z,500.4,2025-09-20 08:28:11.862,1.430555555556
Yeast Grow 4 Days,pioreactor02,2025-09-20T06:28:34.862Z,497.2,2025-09-20 08:28:34.862,1.436944444444
Yeast Grow 4 Days,pioreactor02,2025-09-20T06:28:57.862Z,511.1,2025-09-20 08:28:57.862,1.443333333333
Yeast Grow 4 Days,pioreactor02,2025-09-20T06:29:20.862Z,512.2,2025-09-20 08:29:20.862,1.449722222222
Yeast Grow 4 Days,pioreactor02,2025-09-20T06:29:43.862Z,485.0,2025-09-20 08:29:43.862,1.456111111111
Yeast Grow 4 Days,pioreactor02,2025-09-20T06:30:06.862Z,508.0,2025-09-20 08:30:06.862,1.4625
Yeast Grow 4 Days,pioreactor02,2025-09-20T06:30:29.862Z,516.7,2025-09-20 08:30:29.862,1.468888888889
Yeast Grow 4 Days,pioreactor02,2025-09-20T06:30:52.862Z,506.0,2025-09-20 08:30:52.862,1.475277777778
Yeast Grow 4 Days,pioreactor02,2025-09-20T06:31:15.862Z,492.3,2025-09-20 08:31:15.862,1.481666666667
Yeast Grow 4 Days,pioreactor02,2025-09-20T06:31:38.862Z,500.7,2025-09-20 08:31:38.862,1.488055555556
Yeast Grow 4 Days,pioreactor02,2025-09-20T06:32:01.862Z,490.8,2025-09-20 08:32:01.862,1.494444444444
Yeast Grow 4 Days,pioreactor02,2025-09-20T06:32:24.862Z,495.2,2025-09-20 08:32:24.862,1.500833333333
Yeast Grow 4 Days,pioreactor02,2025-09-20T06:32:47.862Z,503.4,2025-09-20 08:32:47.862,1.507222222222
Yeast Grow 4 Days,pioreactor02,2025-09-20T06:33:10.862Z,499.0,2025-09-20 08:33:10.862,1.513611111111
Yeast Grow 4 Days,pioreactor02,2025-09-20T06:33:33.862Z,509.1,2025-09-20 08:33:33.862,1.52
Yeast Grow 4 Days,pioreactor02,2025-09-20T06:33:56.862Z,497.3,2025-09-20 08:33:56.862,1.526388888889
Yeast Grow 4 Days,pioreactor02,2025-09-20T06:34:19.862Z,486.0,2025-09-20 08:34:19.862,1.532777777778
Yeast Grow 4 Days,pioreactor02,2025-09-20T06:34:42.862Z,502.3,2025-09-20 08:34:42.862,1.539166666667
Yeast Grow 4 Days,pioreactor02,2025-09-20T06:35:05.862Z,481.1,2025-09-20 08:35:05.862,1.545555555556
Yeast Grow 4 Days,pioreactor02,2025-09-20T06:35:28.862Z,501.5,2025-09-20 08:35:28.862,1.551944444444
Yeast Grow 4 Days,pioreactor02,2025-09-20T06:35:51.862Z,510.3,2025-09-20 08:35:51.862,1.558333333333
Yeast Grow 4 Days,pioreactor02,2025-09-20T06:36:14.862Z,516.3,2025-09-20 08:36:14.862,1.564722222222
Yeast Grow 4 Days,pioreactor02,2025-09-20T06:36:37.862Z,494.6,2025-09-20 08:36:37.862,1.571111111111
Yeast Grow 4 Days,pioreactor02,2025-09-20T06:37:00.862Z,489.8,2025-09-20 08:37:00.862,1.5775
Yeast Grow 4 Days,pioreactor02,2025-09-20T06:37:23.862Z,514.5,2025-09-20 08:37:23.862,1.583888888889
Yeast Grow 4 Days,pioreactor02,2025-09-20T06:37:46.862Z,486.7,2025-09-20 08:37:46.862,1.590277777778
Yeast Grow 4 Days,pioreactor02,2025-09-20T06:38:09.862Z,506.8,2025-09-20 08:38:09.862,1.596666666667
Yeast Grow 4 Days,pioreactor02,2025-09-20T06:38:32.862Z,482.6,2025-09-20 08:38:32.862,1.603055555556
Yeast Grow 4 Days,pioreactor02,2025-09-20T06:38:55.862Z,491.5,2025-09-20 08:38:55.862,1.609444444444
Yeast Grow 4 Days,pioreactor02,2025-09-20T06:39:18.862Z,513.6,2025-09-20 08:39:18.862,1.615833333333
Yeast Grow 4 Days,pioreactor02,2025-09-20T06:39:41.862Z,515.3,2025-09-20 08:39:41.862,1.622222222222
Yeast Grow 4 Days,pioreactor02,2025-09-20T06:40:04.862Z,514.2,2025-09-20 08:40:04.862,1.628611111111
Yeast Grow 4 Days,pioreactor02,2025-09-20T06:40:27.862Z,500.8,2025-09-20 08:40:27.862,1.635
Yeast Grow 4 Days,pioreactor02,2025-09-20T06:40:50.862Z,493.6,2025-09-20 08:40:50.862,1.641388888889
Yeast Grow 4 Days,pioreactor02,2025-09-20T06:41:13.862Z,496.6,2025-09-20 08:41:13.862,1.647777777778
Yeast Grow 4 Days,pioreactor02,2025-09-20T06:41:36.862Z,475.2,2025-09-20 08:41:36.862,1.654166666667
Yeast Grow 4 Days,pioreactor02,2025-09-20T06:41:59.862Z,504.1,2025-09-20 08:41:59.862,1.660555555556
Yeast Grow 4 Days,pioreactor02,2025-09-20T06:42:22.862Z,488.1,2025-09-20 08:42:22.862,1.666944444444
Yeast Grow 4 Days,pioreactor02,2025-09-20T06:42:45.862Z,510.0,2025-09-20 08:42:45.862,1.673333333333
Yeast Grow 4 Days,pioreactor02,2025-09-20T06:43:08.862Z,494.8,2025-09-20 08:43:08.862,1.679722222222
Yeast Grow 4 Days,pioreactor02,2025-09-20T06:43:31.862Z,493.8,2025-09-20 08:43:31.862,1.686111111111
Yeast Grow 4 Days,pioreactor02,2025-09-20T06:43:54.862Z,508.4,2025-09-20 08:43:54.862,1.6925
Yeast Grow 4 Days,pioreactor02,2025-09-20T06:44:17.862Z,502.4,2025-09-20 08:44:17.862,1.698888888889
Yeast Grow 4 Days,pioreactor02,2025-09-20T06:44:40.862Z,500.4,2025-09-20 08:44:40.862,1.705277777778
Yeast Grow 4 Days,pioreactor02,2025-09-20T06:45:03.862Z,488.7,2025-09-20 08:45:03.862,1.711666666667
Yeast Grow 4 Days,pioreactor02,2025-09-20T06:45:26.862Z,504.0,2025-09-20 08:45:26.862,1.718055555556
Yeast Grow 4 Days,pioreactor02,2025-09-20T06:45:49.862Z,511.0,2025-09-20 08:45:49.862,1.724444444444
Yeast Grow 4 Days,pioreactor02,2025-09-20T06:46:12.862Z,518.3,2025-09-20 08:46:12.862,1.730833333333
Yeast Grow 4 Days,pioreactor02,2025-09-20T06:46:35.862Z,508.9,2025-09-20 08:46:35.862,1.737222222222
Yeast Grow 4 Days,pioreactor02,2025-09-20T06:46:58.862Z,485.1,2025-09-20 08:46:58.862,1.743611111111
Yeast Grow 4 Days,pioreactor02,2025-09-20T06:47:21.862Z,494.3,2025-09-20 08:47:21.862,1.75
Yeast Grow 4 Days,pioreactor02,2025-09-20T06:47:44.862Z,476.5,2025-09-20 08:47:44.862,1.756388888889
Yeast Grow 4 Days,pioreactor02,2025-09-20T06:48:07.862Z,503.5,2025-09-20 08:48:07.862,1.762777777778
Yeast Grow 4 Days,pioreactor02,2025-09-20T06:48:30.862Z,504.3,2025-09-20 08:48:30.862,1.769166666667
Yeast Grow 4 Days,pioreactor02,2025-09-20T06:48:53.862Z,506.8,2025-09-20 08:48:53.862,1.775555555556
Yeast Grow 4 Days,pioreactor02,2025-09-20T06:49:16.862Z,510.2,2025-09-20 08:49:16.862,1.781944444444
Yeast Grow 4 Days,pioreactor02,2025-09-20T06:49:39.862Z,498.2,2025-09-20 08:49:39.862,1.788333333333
Yeast Grow 4 Days,pioreactor02,2025-09-20T06:50:02.862Z,513.3,2025-09-20 08:50:02.862,1.794722222222
Yeast Grow 4 Days,pioreactor02,2025-09-20T06:50:25.862Z,505.0,2025-09-20 08:50:25.862,1.801111111111
Yeast Grow 4 Days,pioreactor02,2025-09-20T06:50:48.862Z,509.3,2025-09-20 08:50:48.862,1.8075
Yeast Grow 4 Days,pioreactor02,2025-09-20T06:51:11.862Z,438.4,2025-09-20 08:51:11.862,1.813888888889
Yeast Grow 4 Days,pioreactor02,2025-09-20T06:51:34.862Z,427.7,2025-09-20 08:51:34.862,1.820277777778
Yeast Grow 4 Days,pioreactor02,2025-09-20T06:51:57.862Z,434.5,2025-09-20 08:51:57.862,1.826666666667
Yeast Grow 4 Days,pioreactor02,2025-09-20T06:52:20.862Z,532.8,2025-09-20 08:52:20.862,1.833055555556
Yeast Grow 4 Days,pioreactor02,2025-09-20T06:52:43.862Z,535.4,2025-09-20 08:52:43.862,1.839444444444
Yeast Grow 4 Days,pioreactor02,2025-09-20T06:53:06.862Z,513.5,2025-09-20 08:53:06.862,1.845833333333
Yeast Grow 4 Days,pioreactor02,2025-09-20T06:53:29.862Z,524.6,2025-09-20 08:53:29.862,1.852222222222
Yeast Grow 4 Days,pioreactor02,2025-09-20T06:53:52.862Z,520.5,2025-09-20 08:53:52.862,1.858611111111
Yeast Grow 4 Days,pioreactor02,2025-09-20T06:54:15.862Z,486.4,2025-09-20 08:54:15.862,1.865
Yeast Grow 4 Days,pioreactor02,2025-09-20T06:54:38.862Z,503.9,2025-09-20 08:54:38.862,1.871388888889
Yeast Grow 4 Days,pioreactor02,2025-09-20T06:55:01.862Z,516.4,2025-09-20 08:55:01.862,1.877777777778
Yeast Grow 4 Days,pioreactor02,2025-09-20T06:55:24.862Z,507.0,2025-09-20 08:55:24.862,1.884166666667
Yeast Grow 4 Days,pioreactor02,2025-09-20T06:55:47.862Z,517.5,2025-09-20 08:55:47.862,1.890555555556
Yeast Grow 4 Days,pioreactor02,2025-09-20T06:56:10.862Z,520.2,2025-09-20 08:56:10.862,1.896944444444
Yeast Grow 4 Days,pioreactor02,2025-09-20T06:56:33.862Z,511.1,2025-09-20 08:56:33.862,1.903333333333
Yeast Grow 4 Days,pioreactor02,2025-09-20T06:56:56.862Z,506.4,2025-09-20 08:56:56.862,1.909722222222
Yeast Grow 4 Days,pioreactor02,2025-09-20T06:57:19.862Z,488.7,2025-09-20 08:57:19.862,1.916111111111
Yeast Grow 4 Days,pioreactor02,2025-09-20T06:57:42.862Z,489.1,2025-09-20 08:57:42.862,1.9225
Yeast Grow 4 Days,pioreactor02,2025-09-20T06:58:05.862Z,418.6,2025-09-20 08:58:05.862,1.928888888889
Yeast Grow 4 Days,pioreactor02,2025-09-20T06:58:28.862Z,507.4,2025-09-20 08:58:28.862,1.935277777778
Yeast Grow 4 Days,pioreactor02,2025-09-20T06:58:51.862Z,499.9,2025-09-20 08:58:51.862,1.941666666667
Yeast Grow 4 Days,pioreactor02,2025-09-20T06:59:14.862Z,520.1,2025-09-20 08:59:14.862,1.948055555556
Yeast Grow 4 Days,pioreactor02,2025-09-20T06:59:37.862Z,517.8,2025-09-20 08:59:37.862,1.954444444444
Yeast Grow 4 Days,pioreactor02,2025-09-20T07:00:00.862Z,509.5,2025-09-20 09:00:00.862,1.960833333333
Yeast Grow 4 Days,pioreactor02,2025-09-20T07:00:23.862Z,514.3,2025-09-20 09:00:23.862,1.967222222222
Yeast Grow 4 Days,pioreactor02,2025-09-20T07:00:46.862Z,504.2,2025-09-20 09:00:46.862,1.973611111111
Yeast Grow 4 Days,pioreactor02,2025-09-20T07:01:09.862Z,492.9,2025-09-20 09:01:09.862,1.98
Yeast Grow 4 Days,pioreactor02,2025-09-20T07:01:32.862Z,496.4,2025-09-20 09:01:32.862,1.986388888889
Yeast Grow 4 Days,pioreactor02,2025-09-20T07:01:55.862Z,507.4,2025-09-20 09:01:55.862,1.992777777778
Yeast Grow 4 Days,pioreactor02,2025-09-20T07:02:18.862Z,497.2,2025-09-20 09:02:18.862,1.999166666667
Yeast Grow 4 Days,pioreactor02,2025-09-20T07:02:41.862Z,490.4,2025-09-20 09:02:41.862,2.005555555556
Yeast Grow 4 Days,pioreactor02,2025-09-20T07:03:04.862Z,508.6,2025-09-20 09:03:04.862,2.011944444444
Yeast Grow 4 Days,pioreactor02,2025-09-20T07:03:27.862Z,512.9,2025-09-20 09:03:27.862,2.018333333333
Yeast Grow 4 Days,pioreactor02,2025-09-20T07:03:50.862Z,504.8,2025-09-20 09:03:50.862,2.024722222222
Yeast Grow 4 Days,pioreactor02,2025-09-20T07:04:13.862Z,493.4,2025-09-20 09:04:13.862,2.031111111111
Yeast Grow 4 Days,pioreactor02,2025-09-20T07:04:36.862Z,418.8,2025-09-20 09:04:36.862,2.0375
Yeast Grow 4 Days,pioreactor02,2025-09-20T07:04:59.862Z,426.6,2025-09-20 09:04:59.862,2.043888888889
Yeast Grow 4 Days,pioreactor02,2025-09-20T07:05:22.862Z,536.2,2025-09-20 09:05:22.862,2.050277777778
Yeast Grow 4 Days,pioreactor02,2025-09-20T07:05:45.862Z,529.5,2025-09-20 09:05:45.862,2.056666666667
Yeast Grow 4 Days,pioreactor02,2025-09-20T07:06:08.862Z,529.8,2025-09-20 09:06:08.862,2.063055555556
Yeast Grow 4 Days,pioreactor02,2025-09-20T07:06:31.862Z,526.2,2025-09-20 09:06:31.862,2.069444444444
Yeast Grow 4 Days,pioreactor02,2025-09-20T07:06:54.862Z,518.1,2025-09-20 09:06:54.862,2.075833333333
Yeast Grow 4 Days,pioreactor02,2025-09-20T07:07:17.862Z,514.3,2025-09-20 09:07:17.862,2.082222222222
Yeast Grow 4 Days,pioreactor02,2025-09-20T07:07:40.862Z,484.0,2025-09-20 09:07:40.862,2.088611111111
Yeast Grow 4 Days,pioreactor02,2025-09-20T07:08:03.862Z,498.3,2025-09-20 09:08:03.862,2.095
Yeast Grow 4 Days,pioreactor02,2025-09-20T07:08:26.862Z,493.3,2025-09-20 09:08:26.862,2.101388888889
Yeast Grow 4 Days,pioreactor02,2025-09-20T07:08:49.862Z,485.6,2025-09-20 09:08:49.862,2.107777777778
Yeast Grow 4 Days,pioreactor02,2025-09-20T07:09:12.862Z,519.3,2025-09-20 09:09:12.862,2.114166666667
Yeast Grow 4 Days,pioreactor02,2025-09-20T07:09:35.862Z,512.9,2025-09-20 09:09:35.862,2.120555555556
Yeast Grow 4 Days,pioreactor02,2025-09-20T07:09:58.862Z,501.4,2025-09-20 09:09:58.862,2.126944444444
Yeast Grow 4 Days,pioreactor02,2025-09-20T07:10:21.862Z,485.5,2025-09-20 09:10:21.862,2.133333333333
Yeast Grow 4 Days,pioreactor02,2025-09-20T07:10:44.862Z,504.6,2025-09-20 09:10:44.862,2.139722222222
Yeast Grow 4 Days,pioreactor02,2025-09-20T07:11:07.862Z,503.8,2025-09-20 09:11:07.862,2.146111111111
Yeast Grow 4 Days,pioreactor02,2025-09-20T07:11:30.862Z,491.2,2025-09-20 09:11:30.862,2.1525
Yeast Grow 4 Days,pioreactor02,2025-09-20T07:11:53.862Z,516.2,2025-09-20 09:11:53.862,2.158888888889
Yeast Grow 4 Days,pioreactor02,2025-09-20T07:12:16.862Z,514.9,2025-09-20 09:12:16.862,2.165277777778
Yeast Grow 4 Days,pioreactor02,2025-09-20T07:12:39.862Z,515.6,2025-09-20 09:12:39.862,2.171666666667
Yeast Grow 4 Days,pioreactor02,2025-09-20T07:13:02.862Z,505.8,2025-09-20 09:13:02.862,2.178055555556
Yeast Grow 4 Days,pioreactor02,2025-09-20T07:13:25.862Z,496.1,2025-09-20 09:13:25.862,2.184444444444
Yeast Grow 4 Days,pioreactor02,2025-09-20T07:13:48.862Z,493.9,2025-09-20 09:13:48.862,2.190833333333
Yeast Grow 4 Days,pioreactor02,2025-09-20T07:14:11.862Z,499.8,2025-09-20 09:14:11.862,2.197222222222
Yeast Grow 4 Days,pioreactor02,2025-09-20T07:14:34.862Z,415.5,2025-09-20 09:14:34.862,2.203611111111
Yeast Grow 4 Days,pioreactor02,2025-09-20T07:14:57.862Z,495.0,2025-09-20 09:14:57.862,2.21
Yeast Grow 4 Days,pioreactor02,2025-09-20T07:15:20.862Z,511.5,2025-09-20 09:15:20.862,2.216388888889
Yeast Grow 4 Days,pioreactor02,2025-09-20T07:15:43.862Z,508.5,2025-09-20 09:15:43.862,2.222777777778
Yeast Grow 4 Days,pioreactor02,2025-09-20T07:16:06.862Z,522.5,2025-09-20 09:16:06.862,2.229166666667
Yeast Grow 4 Days,pioreactor02,2025-09-20T07:16:29.862Z,518.0,2025-09-20 09:16:29.862,2.235555555556
Yeast Grow 4 Days,pioreactor02,2025-09-20T07:16:52.862Z,496.5,2025-09-20 09:16:52.862,2.241944444444
Yeast Grow 4 Days,pioreactor02,2025-09-20T07:17:15.862Z,495.1,2025-09-20 09:17:15.862,2.248333333333
Yeast Grow 4 Days,pioreactor02,2025-09-20T07:17:38.862Z,482.3,2025-09-20 09:17:38.862,2.254722222222
Yeast Grow 4 Days,pioreactor02,2025-09-20T07:18:01.862Z,503.0,2025-09-20 09:18:01.862,2.261111111111
Yeast Grow 4 Days,pioreactor02,2025-09-20T07:18:24.862Z,510.6,2025-09-20 09:18:24.862,2.2675
Yeast Grow 4 Days,pioreactor02,2025-09-20T07:18:47.862Z,424.6,2025-09-20 09:18:47.862,2.273888888889
Yeast Grow 4 Days,pioreactor02,2025-09-20T07:19:10.862Z,532.3,2025-09-20 09:19:10.862,2.280277777778
Yeast Grow 4 Days,pioreactor02,2025-09-20T07:19:33.862Z,513.9,2025-09-20 09:19:33.862,2.286666666667
Yeast Grow 4 Days,pioreactor02,2025-09-20T07:19:56.862Z,499.2,2025-09-20 09:19:56.862,2.293055555556
Yeast Grow 4 Days,pioreactor02,2025-09-20T07:20:19.862Z,518.1,2025-09-20 09:20:19.862,2.299444444444
Yeast Grow 4 Days,pioreactor02,2025-09-20T07:20:42.862Z,511.1,2025-09-20 09:20:42.862,2.305833333333
Yeast Grow 4 Days,pioreactor02,2025-09-20T07:21:05.862Z,496.4,2025-09-20 09:21:05.862,2.312222222222
Yeast Grow 4 Days,pioreactor02,2025-09-20T07:21:28.862Z,486.6,2025-09-20 09:21:28.862,2.318611111111
Yeast Grow 4 Days,pioreactor02,2025-09-20T07:21:51.862Z,509.9,2025-09-20 09:21:51.862,2.325
Yeast Grow 4 Days,pioreactor02,2025-09-20T07:22:14.862Z,499.8,2025-09-20 09:22:14.862,2.331388888889
Yeast Grow 4 Days,pioreactor02,2025-09-20T07:22:37.862Z,516.1,2025-09-20 09:22:37.862,2.337777777778
Yeast Grow 4 Days,pioreactor02,2025-09-20T07:23:00.862Z,506.4,2025-09-20 09:23:00.862,2.344166666667
Yeast Grow 4 Days,pioreactor02,2025-09-20T07:23:23.862Z,519.6,2025-09-20 09:23:23.862,2.350555555556
Yeast Grow 4 Days,pioreactor02,2025-09-20T07:23:46.862Z,511.2,2025-09-20 09:23:46.862,2.356944444444
Yeast Grow 4 Days,pioreactor02,2025-09-20T07:24:09.862Z,423.4,2025-09-20 09:24:09.862,2.363333333333
Yeast Grow 4 Days,pioreactor02,2025-09-20T07:24:32.862Z,426.6,2025-09-20 09:24:32.862,2.369722222222
Yeast Grow 4 Days,pioreactor02,2025-09-20T07:24:55.862Z,530.9,2025-09-20 09:24:55.862,2.376111111111
Yeast Grow 4 Days,pioreactor02,2025-09-20T07:25:18.862Z,529.4,2025-09-20 09:25:18.862,2.3825
Yeast Grow 4 Days,pioreactor02,2025-09-20T07:25:41.862Z,515.4,2025-09-20 09:25:41.862,2.388888888889
Yeast Grow 4 Days,pioreactor02,2025-09-20T07:26:04.862Z,522.4,2025-09-20 09:26:04.862,2.395277777778
Yeast Grow 4 Days,pioreactor02,2025-09-20T07:26:27.862Z,500.6,2025-09-20 09:26:27.862,2.401666666667
Yeast Grow 4 Days,pioreactor02,2025-09-20T07:26:50.862Z,513.2,2025-09-20 09:26:50.862,2.408055555556
Yeast Grow 4 Days,pioreactor02,2025-09-20T07:27:13.862Z,501.9,2025-09-20 09:27:13.862,2.414444444444
Yeast Grow 4 Days,pioreactor02,2025-09-20T07:27:36.862Z,500.8,2025-09-20 09:27:36.862,2.420833333333
Yeast Grow 4 Days,pioreactor02,2025-09-20T07:27:59.862Z,421.8,2025-09-20 09:27:59.862,2.427222222222
Yeast Grow 4 Days,pioreactor02,2025-09-20T07:28:22.862Z,508.8,2025-09-20 09:28:22.862,2.433611111111
Yeast Grow 4 Days,pioreactor02,2025-09-20T07:28:45.862Z,509.1,2025-09-20 09:28:45.862,2.44
Yeast Grow 4 Days,pioreactor02,2025-09-20T07:29:08.862Z,521.8,2025-09-20 09:29:08.862,2.446388888889
Yeast Grow 4 Days,pioreactor02,2025-09-20T07:29:31.862Z,518.5,2025-09-20 09:29:31.862,2.452777777778
Yeast Grow 4 Days,pioreactor02,2025-09-20T07:29:54.862Z,514.5,2025-09-20 09:29:54.862,2.459166666667
Yeast Grow 4 Days,pioreactor02,2025-09-20T07:30:17.862Z,502.7,2025-09-20 09:30:17.862,2.465555555556
Yeast Grow 4 Days,pioreactor02,2025-09-20T07:30:40.862Z,488.1,2025-09-20 09:30:40.862,2.471944444444
Yeast Grow 4 Days,pioreactor02,2025-09-20T07:31:03.862Z,447.7,2025-09-20 09:31:03.862,2.478333333333
Yeast Grow 4 Days,pioreactor02,2025-09-20T07:31:26.862Z,513.0,2025-09-20 09:31:26.862,2.484722222222
Yeast Grow 4 Days,pioreactor02,2025-09-20T07:31:49.862Z,512.3,2025-09-20 09:31:49.862,2.491111111111
Yeast Grow 4 Days,pioreactor02,2025-09-20T07:32:12.862Z,509.1,2025-09-20 09:32:12.862,2.4975
Yeast Grow 4 Days,pioreactor02,2025-09-20T07:32:35.862Z,511.9,2025-09-20 09:32:35.862,2.503888888889
Yeast Grow 4 Days,pioreactor02,2025-09-20T07:32:58.862Z,517.2,2025-09-20 09:32:58.862,2.510277777778
Yeast Grow 4 Days,pioreactor02,2025-09-20T07:33:21.862Z,504.9,2025-09-20 09:33:21.862,2.516666666667
Yeast Grow 4 Days,pioreactor02,2025-09-20T07:33:44.862Z,494.7,2025-09-20 09:33:44.862,2.523055555556
Yeast Grow 4 Days,pioreactor02,2025-09-20T07:34:07.862Z,507.3,2025-09-20 09:34:07.862,2.529444444444
Yeast Grow 4 Days,pioreactor02,2025-09-20T07:34:30.862Z,475.2,2025-09-20 09:34:30.862,2.535833333333
Yeast Grow 4 Days,pioreactor02,2025-09-20T07:34:53.862Z,493.5,2025-09-20 09:34:53.862,2.542222222222
Yeast Grow 4 Days,pioreactor02,2025-09-20T07:35:16.862Z,517.1,2025-09-20 09:35:16.862,2.548611111111
Yeast Grow 4 Days,pioreactor02,2025-09-20T07:35:39.862Z,500.2,2025-09-20 09:35:39.862,2.555
Yeast Grow 4 Days,pioreactor02,2025-09-20T07:36:02.862Z,498.5,2025-09-20 09:36:02.862,2.561388888889
Yeast Grow 4 Days,pioreactor02,2025-09-20T07:36:25.862Z,500.1,2025-09-20 09:36:25.862,2.567777777778
Yeast Grow 4 Days,pioreactor02,2025-09-20T07:36:48.862Z,509.1,2025-09-20 09:36:48.862,2.574166666667
Yeast Grow 4 Days,pioreactor02,2025-09-20T07:37:11.862Z,508.5,2025-09-20 09:37:11.862,2.580555555556
Yeast Grow 4 Days,pioreactor02,2025-09-20T07:37:34.862Z,504.0,2025-09-20 09:37:34.862,2.586944444444
Yeast Grow 4 Days,pioreactor02,2025-09-20T07:37:57.862Z,490.7,2025-09-20 09:37:57.862,2.593333333333
Yeast Grow 4 Days,pioreactor02,2025-09-20T07:38:20.862Z,421.1,2025-09-20 09:38:20.862,2.599722222222
Yeast Grow 4 Days,pioreactor02,2025-09-20T07:38:43.862Z,431.6,2025-09-20 09:38:43.862,2.606111111111
Yeast Grow 4 Days,pioreactor02,2025-09-20T07:39:06.862Z,533.8,2025-09-20 09:39:06.862,2.6125
Yeast Grow 4 Days,pioreactor02,2025-09-20T07:39:29.862Z,538.0,2025-09-20 09:39:29.862,2.618888888889
Yeast Grow 4 Days,pioreactor02,2025-09-20T07:39:52.862Z,514.6,2025-09-20 09:39:52.862,2.625277777778
Yeast Grow 4 Days,pioreactor02,2025-09-20T07:40:15.862Z,521.4,2025-09-20 09:40:15.862,2.631666666667
Yeast Grow 4 Days,pioreactor02,2025-09-20T07:40:38.862Z,509.8,2025-09-20 09:40:38.862,2.638055555556
Yeast Grow 4 Days,pioreactor02,2025-09-20T07:41:01.862Z,496.0,2025-09-20 09:41:01.862,2.644444444444
Yeast Grow 4 Days,pioreactor02,2025-09-20T07:41:24.862Z,501.4,2025-09-20 09:41:24.862,2.650833333333
Yeast Grow 4 Days,pioreactor02,2025-09-20T07:41:47.862Z,517.2,2025-09-20 09:41:47.862,2.657222222222
Yeast Grow 4 Days,pioreactor02,2025-09-20T07:42:10.862Z,491.7,2025-09-20 09:42:10.862,2.663611111111
Yeast Grow 4 Days,pioreactor02,2025-09-20T07:42:33.862Z,501.2,2025-09-20 09:42:33.862,2.67
Yeast Grow 4 Days,pioreactor02,2025-09-20T07:42:56.862Z,506.3,2025-09-20 09:42:56.862,2.676388888889
Yeast Grow 4 Days,pioreactor02,2025-09-20T07:43:19.862Z,510.7,2025-09-20 09:43:19.862,2.682777777778
Yeast Grow 4 Days,pioreactor02,2025-09-20T07:43:42.862Z,511.3,2025-09-20 09:43:42.862,2.689166666667
Yeast Grow 4 Days,pioreactor02,2025-09-20T07:44:05.862Z,502.7,2025-09-20 09:44:05.862,2.695555555556
Yeast Grow 4 Days,pioreactor02,2025-09-20T07:44:28.862Z,499.0,2025-09-20 09:44:28.862,2.701944444444
Yeast Grow 4 Days,pioreactor02,2025-09-20T07:44:51.862Z,492.0,2025-09-20 09:44:51.862,2.708333333333
Yeast Grow 4 Days,pioreactor02,2025-09-20T07:45:14.862Z,421.6,2025-09-20 09:45:14.862,2.714722222222
Yeast Grow 4 Days,pioreactor02,2025-09-20T07:45:37.862Z,504.9,2025-09-20 09:45:37.862,2.721111111111
Yeast Grow 4 Days,pioreactor02,2025-09-20T07:46:00.862Z,519.7,2025-09-20 09:46:00.862,2.7275
Yeast Grow 4 Days,pioreactor02,2025-09-20T07:46:23.862Z,517.6,2025-09-20 09:46:23.862,2.733888888889
Yeast Grow 4 Days,pioreactor02,2025-09-20T07:46:46.862Z,520.3,2025-09-20 09:46:46.862,2.740277777778
Yeast Grow 4 Days,pioreactor02,2025-09-20T07:47:09.862Z,507.8,2025-09-20 09:47:09.862,2.746666666667
Yeast Grow 4 Days,pioreactor02,2025-09-20T07:47:32.862Z,497.7,2025-09-20 09:47:32.862,2.753055555556
Yeast Grow 4 Days,pioreactor02,2025-09-20T07:47:55.862Z,495.3,2025-09-20 09:47:55.862,2.759444444444
Yeast Grow 4 Days,pioreactor02,2025-09-20T07:48:18.862Z,421.4,2025-09-20 09:48:18.862,2.765833333333
Yeast Grow 4 Days,pioreactor02,2025-09-20T07:48:41.862Z,517.1,2025-09-20 09:48:41.862,2.772222222222
Yeast Grow 4 Days,pioreactor02,2025-09-20T07:49:04.862Z,508.6,2025-09-20 09:49:04.862,2.778611111111
Yeast Grow 4 Days,pioreactor02,2025-09-20T07:49:27.862Z,523.4,2025-09-20 09:49:27.862,2.785
Yeast Grow 4 Days,pioreactor02,2025-09-20T07:49:50.862Z,522.4,2025-09-20 09:49:50.862,2.791388888889
Yeast Grow 4 Days,pioreactor02,2025-09-20T07:50:13.862Z,506.3,2025-09-20 09:50:13.862,2.797777777778
Yeast Grow 4 Days,pioreactor02,2025-09-20T07:50:36.862Z,509.7,2025-09-20 09:50:36.862,2.804166666667
Yeast Grow 4 Days,pioreactor02,2025-09-20T07:50:59.862Z,491.7,2025-09-20 09:50:59.862,2.810555555556
Yeast Grow 4 Days,pioreactor02,2025-09-20T07:51:22.862Z,498.0,2025-09-20 09:51:22.862,2.816944444444
Yeast Grow 4 Days,pioreactor02,2025-09-20T07:51:45.862Z,496.8,2025-09-20 09:51:45.862,2.823333333333
Yeast Grow 4 Days,pioreactor02,2025-09-20T07:52:08.862Z,508.6,2025-09-20 09:52:08.862,2.829722222222
Yeast Grow 4 Days,pioreactor02,2025-09-20T07:52:31.862Z,507.7,2025-09-20 09:52:31.862,2.836111111111
Yeast Grow 4 Days,pioreactor02,2025-09-20T07:52:54.862Z,513.5,2025-09-20 09:52:54.862,2.8425
Yeast Grow 4 Days,pioreactor02,2025-09-20T07:53:17.862Z,504.7,2025-09-20 09:53:17.862,2.848888888889
Yeast Grow 4 Days,pioreactor02,2025-09-20T07:53:40.862Z,508.8,2025-09-20 09:53:40.862,2.855277777778
Yeast Grow 4 Days,pioreactor02,2025-09-20T07:54:03.862Z,504.5,2025-09-20 09:54:03.862,2.861666666667
Yeast Grow 4 Days,pioreactor02,2025-09-20T07:54:26.862Z,481.6,2025-09-20 09:54:26.862,2.868055555556
Yeast Grow 4 Days,pioreactor02,2025-09-20T07:54:49.862Z,497.0,2025-09-20 09:54:49.862,2.874444444444
Yeast Grow 4 Days,pioreactor02,2025-09-20T07:55:12.862Z,486.9,2025-09-20 09:55:12.862,2.880833333333
Yeast Grow 4 Days,pioreactor02,2025-09-20T07:55:35.862Z,426.6,2025-09-20 09:55:35.862,2.887222222222
Yeast Grow 4 Days,pioreactor02,2025-09-20T07:55:58.862Z,528.7,2025-09-20 09:55:58.862,2.893611111111
Yeast Grow 4 Days,pioreactor02,2025-09-20T07:56:21.862Z,526.1,2025-09-20 09:56:21.862,2.9
Yeast Grow 4 Days,pioreactor02,2025-09-20T07:56:44.862Z,506.8,2025-09-20 09:56:44.862,2.906388888889
Yeast Grow 4 Days,pioreactor02,2025-09-20T07:57:07.862Z,499.0,2025-09-20 09:57:07.862,2.912777777778
Yeast Grow 4 Days,pioreactor02,2025-09-20T07:57:30.862Z,508.2,2025-09-20 09:57:30.862,2.919166666667
Yeast Grow 4 Days,pioreactor02,2025-09-20T07:57:53.862Z,484.1,2025-09-20 09:57:53.862,2.925555555556
Yeast Grow 4 Days,pioreactor02,2025-09-20T07:58:16.862Z,506.6,2025-09-20 09:58:16.862,2.931944444444
Yeast Grow 4 Days,pioreactor02,2025-09-20T07:58:39.862Z,503.7,2025-09-20 09:58:39.862,2.938333333333
Yeast Grow 4 Days,pioreactor02,2025-09-20T07:59:02.862Z,514.4,2025-09-20 09:59:02.862,2.944722222222
Yeast Grow 4 Days,pioreactor02,2025-09-20T07:59:25.862Z,505.3,2025-09-20 09:59:25.862,2.951111111111
Yeast Grow 4 Days,pioreactor02,2025-09-20T07:59:48.862Z,507.9,2025-09-20 09:59:48.862,2.9575
Yeast Grow 4 Days,pioreactor02,2025-09-20T08:00:11.862Z,498.8,2025-09-20 10:00:11.862,2.963888888889
Yeast Grow 4 Days,pioreactor02,2025-09-20T08:00:34.862Z,505.9,2025-09-20 10:00:34.862,2.970277777778
Yeast Grow 4 Days,pioreactor02,2025-09-20T08:00:57.862Z,497.6,2025-09-20 10:00:57.862,2.976666666667
Yeast Grow 4 Days,pioreactor02,2025-09-20T08:01:20.862Z,419.3,2025-09-20 10:01:20.862,2.983055555556
Yeast Grow 4 Days,pioreactor02,2025-09-20T08:01:43.862Z,423.0,2025-09-20 10:01:43.862,2.989444444444
Yeast Grow 4 Days,pioreactor02,2025-09-20T08:02:06.862Z,516.9,2025-09-20 10:02:06.862,2.995833333333
Yeast Grow 4 Days,pioreactor02,2025-09-20T08:02:29.862Z,530.7,2025-09-20 10:02:29.862,3.002222222222
Yeast Grow 4 Days,pioreactor02,2025-09-20T08:02:52.862Z,526.2,2025-09-20 10:02:52.862,3.008611111111
Yeast Grow 4 Days,pioreactor02,2025-09-20T08:03:15.862Z,514.8,2025-09-20 10:03:15.862,3.015
Yeast Grow 4 Days,pioreactor02,2025-09-20T08:03:38.862Z,513.2,2025-09-20 10:03:38.862,3.021388888889
Yeast Grow 4 Days,pioreactor02,2025-09-20T08:04:01.862Z,523.4,2025-09-20 10:04:01.862,3.027777777778
Yeast Grow 4 Days,pioreactor02,2025-09-20T08:04:24.862Z,515.1,2025-09-20 10:04:24.862,3.034166666667
Yeast Grow 4 Days,pioreactor02,2025-09-20T08:04:47.862Z,491.1,2025-09-20 10:04:47.862,3.040555555556
Yeast Grow 4 Days,pioreactor02,2025-09-20T08:05:10.862Z,505.1,2025-09-20 10:05:10.862,3.046944444444
Yeast Grow 4 Days,pioreactor02,2025-09-20T08:05:33.862Z,501.5,2025-09-20 10:05:33.862,3.053333333333
Yeast Grow 4 Days,pioreactor02,2025-09-20T08:05:56.862Z,500.7,2025-09-20 10:05:56.862,3.059722222222
Yeast Grow 4 Days,pioreactor02,2025-09-20T08:06:19.862Z,503.3,2025-09-20 10:06:19.862,3.066111111111
Yeast Grow 4 Days,pioreactor02,2025-09-20T08:06:42.862Z,517.0,2025-09-20 10:06:42.862,3.0725
Yeast Grow 4 Days,pioreactor02,2025-09-20T08:07:05.862Z,495.2,2025-09-20 10:07:05.862,3.078888888889
Yeast Grow 4 Days,pioreactor02,2025-09-20T08:07:28.862Z,489.8,2025-09-20 10:07:28.862,3.085277777778
Yeast Grow 4 Days,pioreactor02,2025-09-20T08:07:51.862Z,473.0,2025-09-20 10:07:51.862,3.091666666667
Yeast Grow 4 Days,pioreactor02,2025-09-20T08:08:14.862Z,515.1,2025-09-20 10:08:14.862,3.098055555556
Yeast Grow 4 Days,pioreactor02,2025-09-20T08:08:37.862Z,505.1,2025-09-20 10:08:37.862,3.104444444444
Yeast Grow 4 Days,pioreactor02,2025-09-20T08:09:00.862Z,498.1,2025-09-20 10:09:00.862,3.110833333333
Yeast Grow 4 Days,pioreactor02,2025-09-20T08:09:23.862Z,511.3,2025-09-20 10:09:23.862,3.117222222222
Yeast Grow 4 Days,pioreactor02,2025-09-20T08:09:46.862Z,507.4,2025-09-20 10:09:46.862,3.123611111111
Yeast Grow 4 Days,pioreactor02,2025-09-20T08:10:09.862Z,501.7,2025-09-20 10:10:09.862,3.13
Yeast Grow 4 Days,pioreactor02,2025-09-20T08:10:32.862Z,508.1,2025-09-20 10:10:32.862,3.136388888889
Yeast Grow 4 Days,pioreactor02,2025-09-20T08:10:55.862Z,489.6,2025-09-20 10:10:55.862,3.142777777778
Yeast Grow 4 Days,pioreactor02,2025-09-20T08:11:18.862Z,425.4,2025-09-20 10:11:18.862,3.149166666667
Yeast Grow 4 Days,pioreactor02,2025-09-20T08:11:41.862Z,427.6,2025-09-20 10:11:41.862,3.155555555556
Yeast Grow 4 Days,pioreactor02,2025-09-20T08:12:04.862Z,528.8,2025-09-20 10:12:04.862,3.161944444444
Yeast Grow 4 Days,pioreactor02,2025-09-20T08:12:27.862Z,533.2,2025-09-20 10:12:27.862,3.168333333333
Yeast Grow 4 Days,pioreactor02,2025-09-20T08:12:50.862Z,516.1,2025-09-20 10:12:50.862,3.174722222222
Yeast Grow 4 Days,pioreactor02,2025-09-20T08:13:13.862Z,510.8,2025-09-20 10:13:13.862,3.181111111111
Yeast Grow 4 Days,pioreactor02,2025-09-20T08:13:36.862Z,517.6,2025-09-20 10:13:36.862,3.1875
Yeast Grow 4 Days,pioreactor02,2025-09-20T08:13:59.862Z,514.6,2025-09-20 10:13:59.862,3.193888888889
Yeast Grow 4 Days,pioreactor02,2025-09-20T08:14:22.862Z,502.3,2025-09-20 10:14:22.862,3.200277777778
Yeast Grow 4 Days,pioreactor02,2025-09-20T08:14:45.862Z,499.9,2025-09-20 10:14:45.862,3.206666666667
Yeast Grow 4 Days,pioreactor02,2025-09-20T08:15:08.862Z,501.2,2025-09-20 10:15:08.862,3.213055555556
Yeast Grow 4 Days,pioreactor02,2025-09-20T08:15:31.862Z,500.7,2025-09-20 10:15:31.862,3.219444444444
Yeast Grow 4 Days,pioreactor02,2025-09-20T08:15:54.862Z,516.7,2025-09-20 10:15:54.862,3.225833333333
Yeast Grow 4 Days,pioreactor02,2025-09-20T08:16:17.862Z,481.7,2025-09-20 10:16:17.862,3.232222222222
Yeast Grow 4 Days,pioreactor02,2025-09-20T08:16:40.862Z,516.8,2025-09-20 10:16:40.862,3.238611111111
Yeast Grow 4 Days,pioreactor02,2025-09-20T08:17:03.862Z,513.0,2025-09-20 10:17:03.862,3.245
Yeast Grow 4 Days,pioreactor02,2025-09-20T08:17:26.862Z,490.6,2025-09-20 10:17:26.862,3.251388888889
Yeast Grow 4 Days,pioreactor02,2025-09-20T08:17:49.862Z,500.0,2025-09-20 10:17:49.862,3.257777777778
Yeast Grow 4 Days,pioreactor02,2025-09-20T08:18:12.862Z,503.9,2025-09-20 10:18:12.862,3.264166666667
Yeast Grow 4 Days,pioreactor02,2025-09-20T08:18:35.862Z,492.9,2025-09-20 10:18:35.862,3.270555555556
Yeast Grow 4 Days,pioreactor02,2025-09-20T08:18:58.862Z,494.3,2025-09-20 10:18:58.862,3.276944444444
Yeast Grow 4 Days,pioreactor02,2025-09-20T08:19:21.862Z,498.3,2025-09-20 10:19:21.862,3.283333333333
Yeast Grow 4 Days,pioreactor02,2025-09-20T08:19:44.862Z,493.1,2025-09-20 10:19:44.862,3.289722222222
Yeast Grow 4 Days,pioreactor02,2025-09-20T08:20:07.862Z,516.4,2025-09-20 10:20:07.862,3.296111111111
Yeast Grow 4 Days,pioreactor02,2025-09-20T08:20:30.862Z,507.3,2025-09-20 10:20:30.862,3.3025
Yeast Grow 4 Days,pioreactor02,2025-09-20T08:20:53.862Z,499.7,2025-09-20 10:20:53.862,3.308888888889
Yeast Grow 4 Days,pioreactor02,2025-09-20T08:21:16.862Z,418.4,2025-09-20 10:21:16.862,3.315277777778
Yeast Grow 4 Days,pioreactor02,2025-09-20T08:21:39.862Z,433.1,2025-09-20 10:21:39.862,3.321666666667
Yeast Grow 4 Days,pioreactor02,2025-09-20T08:22:02.862Z,530.8,2025-09-20 10:22:02.862,3.328055555556
Yeast Grow 4 Days,pioreactor02,2025-09-20T08:22:25.862Z,519.1,2025-09-20 10:22:25.862,3.334444444444
Yeast Grow 4 Days,pioreactor02,2025-09-20T08:22:48.862Z,510.8,2025-09-20 10:22:48.862,3.340833333333
Yeast Grow 4 Days,pioreactor02,2025-09-20T08:23:11.862Z,509.8,2025-09-20 10:23:11.862,3.347222222222
Yeast Grow 4 Days,pioreactor02,2025-09-20T08:23:34.862Z,525.0,2025-09-20 10:23:34.862,3.353611111111
Yeast Grow 4 Days,pioreactor02,2025-09-20T08:23:57.862Z,509.9,2025-09-20 10:23:57.862,3.36
Yeast Grow 4 Days,pioreactor02,2025-09-20T08:24:20.862Z,488.9,2025-09-20 10:24:20.862,3.366388888889
Yeast Grow 4 Days,pioreactor02,2025-09-20T08:24:43.862Z,515.1,2025-09-20 10:24:43.862,3.372777777778
Yeast Grow 4 Days,pioreactor02,2025-09-20T08:25:06.862Z,509.5,2025-09-20 10:25:06.862,3.379166666667
Yeast Grow 4 Days,pioreactor02,2025-09-20T08:25:29.862Z,511.1,2025-09-20 10:25:29.862,3.385555555556
Yeast Grow 4 Days,pioreactor02,2025-09-20T08:25:52.862Z,505.8,2025-09-20 10:25:52.862,3.391944444444
Yeast Grow 4 Days,pioreactor02,2025-09-20T08:26:15.862Z,509.3,2025-09-20 10:26:15.862,3.398333333333
Yeast Grow 4 Days,pioreactor02,2025-09-20T08:26:38.862Z,490.8,2025-09-20 10:26:38.862,3.404722222222
Yeast Grow 4 Days,pioreactor02,2025-09-20T08:27:01.862Z,470.4,2025-09-20 10:27:01.862,3.411111111111
Yeast Grow 4 Days,pioreactor02,2025-09-20T08:27:24.862Z,512.0,2025-09-20 10:27:24.862,3.4175
Yeast Grow 4 Days,pioreactor02,2025-09-20T08:27:47.862Z,502.7,2025-09-20 10:27:47.862,3.423888888889
Yeast Grow 4 Days,pioreactor02,2025-09-20T08:28:10.862Z,513.7,2025-09-20 10:28:10.862,3.430277777778
Yeast Grow 4 Days,pioreactor02,2025-09-20T08:28:33.862Z,506.2,2025-09-20 10:28:33.862,3.436666666667
Yeast Grow 4 Days,pioreactor02,2025-09-20T08:28:56.862Z,505.2,2025-09-20 10:28:56.862,3.443055555556
Yeast Grow 4 Days,pioreactor02,2025-09-20T08:29:19.862Z,497.1,2025-09-20 10:29:19.862,3.449444444444
Yeast Grow 4 Days,pioreactor02,2025-09-20T08:29:42.862Z,499.2,2025-09-20 10:29:42.862,3.455833333333
Yeast Grow 4 Days,pioreactor02,2025-09-20T08:30:05.862Z,508.8,2025-09-20 10:30:05.862,3.462222222222
Yeast Grow 4 Days,pioreactor02,2025-09-20T08:30:28.862Z,494.4,2025-09-20 10:30:28.862,3.468611111111
Yeast Grow 4 Days,pioreactor02,2025-09-20T08:30:51.862Z,501.3,2025-09-20 10:30:51.862,3.475
Yeast Grow 4 Days,pioreactor02,2025-09-20T08:31:14.862Z,504.2,2025-09-20 10:31:14.862,3.481388888889
Yeast Grow 4 Days,pioreactor02,2025-09-20T08:31:37.862Z,491.6,2025-09-20 10:31:37.862,3.487777777778
Yeast Grow 4 Days,pioreactor02,2025-09-20T08:32:00.862Z,482.9,2025-09-20 10:32:00.862,3.494166666667
Yeast Grow 4 Days,pioreactor02,2025-09-20T08:32:23.862Z,509.5,2025-09-20 10:32:23.862,3.500555555556
Yeast Grow 4 Days,pioreactor02,2025-09-20T08:32:46.862Z,502.7,2025-09-20 10:32:46.862,3.506944444444
Yeast Grow 4 Days,pioreactor02,2025-09-20T08:33:09.862Z,502.7,2025-09-20 10:33:09.862,3.513333333333
Yeast Grow 4 Days,pioreactor02,2025-09-20T08:33:32.862Z,498.4,2025-09-20 10:33:32.862,3.519722222222
Yeast Grow 4 Days,pioreactor02,2025-09-20T08:33:55.862Z,506.8,2025-09-20 10:33:55.862,3.526111111111
Yeast Grow 4 Days,pioreactor02,2025-09-20T08:34:18.862Z,495.8,2025-09-20 10:34:18.862,3.5325
Yeast Grow 4 Days,pioreactor02,2025-09-20T08:34:41.862Z,497.1,2025-09-20 10:34:41.862,3.538888888889
Yeast Grow 4 Days,pioreactor02,2025-09-20T08:35:04.862Z,484.7,2025-09-20 10:35:04.862,3.545277777778
Yeast Grow 4 Days,pioreactor02,2025-09-20T08:35:27.862Z,500.8,2025-09-20 10:35:27.862,3.551666666667
Yeast Grow 4 Days,pioreactor02,2025-09-20T08:35:50.862Z,504.8,2025-09-20 10:35:50.862,3.558055555556
Yeast Grow 4 Days,pioreactor02,2025-09-20T08:36:13.862Z,489.5,2025-09-20 10:36:13.862,3.564444444444
Yeast Grow 4 Days,pioreactor02,2025-09-20T08:36:36.862Z,500.8,2025-09-20 10:36:36.862,3.570833333333
Yeast Grow 4 Days,pioreactor02,2025-09-20T08:36:59.862Z,496.7,2025-09-20 10:36:59.862,3.577222222222
Yeast Grow 4 Days,pioreactor02,2025-09-20T08:37:22.862Z,517.6,2025-09-20 10:37:22.862,3.583611111111
Yeast Grow 4 Days,pioreactor02,2025-09-20T08:37:45.862Z,499.7,2025-09-20 10:37:45.862,3.59
Yeast Grow 4 Days,pioreactor02,2025-09-20T08:38:08.862Z,495.3,2025-09-20 10:38:08.862,3.596388888889
Yeast Grow 4 Days,pioreactor02,2025-09-20T08:38:31.862Z,494.5,2025-09-20 10:38:31.862,3.602777777778
Yeast Grow 4 Days,pioreactor02,2025-09-20T08:38:54.862Z,499.5,2025-09-20 10:38:54.862,3.609166666667
Yeast Grow 4 Days,pioreactor02,2025-09-20T08:39:17.862Z,487.5,2025-09-20 10:39:17.862,3.615555555556
Yeast Grow 4 Days,pioreactor02,2025-09-20T08:39:40.862Z,507.7,2025-09-20 10:39:40.862,3.621944444444
Yeast Grow 4 Days,pioreactor02,2025-09-20T08:40:03.862Z,505.2,2025-09-20 10:40:03.862,3.628333333333
Yeast Grow 4 Days,pioreactor02,2025-09-20T08:40:26.862Z,508.0,2025-09-20 10:40:26.862,3.634722222222
Yeast Grow 4 Days,pioreactor02,2025-09-20T08:40:49.862Z,509.8,2025-09-20 10:40:49.862,3.641111111111
Yeast Grow 4 Days,pioreactor02,2025-09-20T08:41:12.862Z,499.8,2025-09-20 10:41:12.862,3.6475
Yeast Grow 4 Days,pioreactor02,2025-09-20T08:41:35.862Z,510.3,2025-09-20 10:41:35.862,3.653888888889
Yeast Grow 4 Days,pioreactor02,2025-09-20T08:41:58.862Z,495.2,2025-09-20 10:41:58.862,3.660277777778
Yeast Grow 4 Days,pioreactor02,2025-09-20T08:42:21.862Z,502.7,2025-09-20 10:42:21.862,3.666666666667
Yeast Grow 4 Days,pioreactor02,2025-09-20T08:42:44.862Z,488.0,2025-09-20 10:42:44.862,3.673055555556
Yeast Grow 4 Days,pioreactor02,2025-09-20T08:43:07.862Z,508.9,2025-09-20 10:43:07.862,3.679444444444
Yeast Grow 4 Days,pioreactor02,2025-09-20T08:43:30.862Z,498.6,2025-09-20 10:43:30.862,3.685833333333
Yeast Grow 4 Days,pioreactor02,2025-09-20T08:43:53.862Z,500.1,2025-09-20 10:43:53.862,3.692222222222
Yeast Grow 4 Days,pioreactor02,2025-09-20T08:44:16.862Z,425.5,2025-09-20 10:44:16.862,3.698611111111
Yeast Grow 4 Days,pioreactor02,2025-09-20T08:44:39.862Z,503.0,2025-09-20 10:44:39.862,3.705
Yeast Grow 4 Days,pioreactor02,2025-09-20T08:45:02.862Z,498.0,2025-09-20 10:45:02.862,3.711388888889
Yeast Grow 4 Days,pioreactor02,2025-09-20T08:45:25.862Z,520.1,2025-09-20 10:45:25.862,3.717777777778
Yeast Grow 4 Days,pioreactor02,2025-09-20T08:45:48.862Z,514.9,2025-09-20 10:45:48.862,3.724166666667
Yeast Grow 4 Days,pioreactor02,2025-09-20T08:46:11.862Z,521.6,2025-09-20 10:46:11.862,3.730555555556
Yeast Grow 4 Days,pioreactor02,2025-09-20T08:46:34.862Z,513.9,2025-09-20 10:46:34.862,3.736944444444
Yeast Grow 4 Days,pioreactor02,2025-09-20T08:46:57.862Z,503.4,2025-09-20 10:46:57.862,3.743333333333
Yeast Grow 4 Days,pioreactor02,2025-09-20T08:47:20.862Z,506.5,2025-09-20 10:47:20.862,3.749722222222
Yeast Grow 4 Days,pioreactor02,2025-09-20T08:47:43.862Z,495.9,2025-09-20 10:47:43.862,3.756111111111
Yeast Grow 4 Days,pioreactor02,2025-09-20T08:48:06.862Z,498.0,2025-09-20 10:48:06.862,3.7625
Yeast Grow 4 Days,pioreactor02,2025-09-20T08:48:29.862Z,499.8,2025-09-20 10:48:29.862,3.768888888889
Yeast Grow 4 Days,pioreactor02,2025-09-20T08:48:52.862Z,495.2,2025-09-20 10:48:52.862,3.775277777778
Yeast Grow 4 Days,pioreactor02,2025-09-20T08:49:15.862Z,504.6,2025-09-20 10:49:15.862,3.781666666667
Yeast Grow 4 Days,pioreactor02,2025-09-20T08:49:38.862Z,498.5,2025-09-20 10:49:38.862,3.788055555556
Yeast Grow 4 Days,pioreactor02,2025-09-20T08:50:01.862Z,503.1,2025-09-20 10:50:01.862,3.794444444444
Yeast Grow 4 Days,pioreactor02,2025-09-20T08:50:24.862Z,496.9,2025-09-20 10:50:24.862,3.800833333333
Yeast Grow 4 Days,pioreactor02,2025-09-20T08:50:47.862Z,511.2,2025-09-20 10:50:47.862,3.807222222222
Yeast Grow 4 Days,pioreactor02,2025-09-20T08:51:10.862Z,502.8,2025-09-20 10:51:10.862,3.813611111111
Yeast Grow 4 Days,pioreactor02,2025-09-20T08:51:33.862Z,478.7,2025-09-20 10:51:33.862,3.82
Yeast Grow 4 Days,pioreactor02,2025-09-20T08:51:56.862Z,500.5,2025-09-20 10:51:56.862,3.826388888889
Yeast Grow 4 Days,pioreactor02,2025-09-20T08:52:19.862Z,499.2,2025-09-20 10:52:19.862,3.832777777778
Yeast Grow 4 Days,pioreactor02,2025-09-20T08:52:42.862Z,500.1,2025-09-20 10:52:42.862,3.839166666667
Yeast Grow 4 Days,pioreactor02,2025-09-20T08:53:05.862Z,490.2,2025-09-20 10:53:05.862,3.845555555556
Yeast Grow 4 Days,pioreactor02,2025-09-20T08:53:28.862Z,506.6,2025-09-20 10:53:28.862,3.851944444444
Yeast Grow 4 Days,pioreactor02,2025-09-20T08:53:51.862Z,493.2,2025-09-20 10:53:51.862,3.858333333333
Yeast Grow 4 Days,pioreactor02,2025-09-20T08:54:14.862Z,510.5,2025-09-20 10:54:14.862,3.864722222222
Yeast Grow 4 Days,pioreactor02,2025-09-20T08:54:37.862Z,460.7,2025-09-20 10:54:37.862,3.871111111111
Yeast Grow 4 Days,pioreactor02,2025-09-20T08:55:00.862Z,421.4,2025-09-20 10:55:00.862,3.8775
Yeast Grow 4 Days,pioreactor02,2025-09-20T08:55:23.862Z,514.9,2025-09-20 10:55:23.862,3.883888888889
Yeast Grow 4 Days,pioreactor02,2025-09-20T08:55:46.862Z,512.3,2025-09-20 10:55:46.862,3.890277777778
Yeast Grow 4 Days,pioreactor02,2025-09-20T08:56:09.862Z,524.9,2025-09-20 10:56:09.862,3.896666666667
Yeast Grow 4 Days,pioreactor02,2025-09-20T08:56:32.862Z,516.0,2025-09-20 10:56:32.862,3.903055555556
Yeast Grow 4 Days,pioreactor02,2025-09-20T08:56:55.862Z,517.3,2025-09-20 10:56:55.862,3.909444444444
Yeast Grow 4 Days,pioreactor02,2025-09-20T08:57:18.862Z,507.3,2025-09-20 10:57:18.862,3.915833333333
Yeast Grow 4 Days,pioreactor02,2025-09-20T08:57:41.862Z,502.9,2025-09-20 10:57:41.862,3.922222222222
Yeast Grow 4 Days,pioreactor02,2025-09-20T08:58:04.862Z,496.7,2025-09-20 10:58:04.862,3.928611111111
Yeast Grow 4 Days,pioreactor02,2025-09-20T08:58:27.862Z,502.2,2025-09-20 10:58:27.862,3.935
Yeast Grow 4 Days,pioreactor02,2025-09-20T08:58:50.862Z,510.8,2025-09-20 10:58:50.862,3.941388888889
Yeast Grow 4 Days,pioreactor02,2025-09-20T08:59:13.862Z,518.9,2025-09-20 10:59:13.862,3.947777777778
Yeast Grow 4 Days,pioreactor02,2025-09-20T08:59:36.862Z,499.3,2025-09-20 10:59:36.862,3.954166666667
Yeast Grow 4 Days,pioreactor02,2025-09-20T08:59:59.862Z,491.1,2025-09-20 10:59:59.862,3.960555555556
Yeast Grow 4 Days,pioreactor02,2025-09-20T09:00:22.862Z,486.8,2025-09-20 11:00:22.862,3.966944444444
Yeast Grow 4 Days,pioreactor02,2025-09-20T09:00:45.862Z,502.4,2025-09-20 11:00:45.862,3.973333333333
Yeast Grow 4 Days,pioreactor02,2025-09-20T09:01:08.862Z,512.0,2025-09-20 11:01:08.862,3.979722222222
Yeast Grow 4 Days,pioreactor02,2025-09-20T09:01:31.862Z,498.8,2025-09-20 11:01:31.862,3.986111111111
Yeast Grow 4 Days,pioreactor02,2025-09-20T09:01:54.862Z,500.6,2025-09-20 11:01:54.862,3.9925
Yeast Grow 4 Days,pioreactor02,2025-09-20T09:02:17.862Z,498.8,2025-09-20 11:02:17.862,3.998888888889
Yeast Grow 4 Days,pioreactor02,2025-09-20T09:02:40.862Z,503.7,2025-09-20 11:02:40.862,4.005277777778
Yeast Grow 4 Days,pioreactor02,2025-09-20T09:03:03.862Z,507.1,2025-09-20 11:03:03.862,4.011666666667
Yeast Grow 4 Days,pioreactor02,2025-09-20T09:03:26.862Z,503.3,2025-09-20 11:03:26.862,4.018055555556
Yeast Grow 4 Days,pioreactor02,2025-09-20T09:03:49.862Z,505.7,2025-09-20 11:03:49.862,4.024444444444
Yeast Grow 4 Days,pioreactor02,2025-09-20T09:04:12.862Z,515.4,2025-09-20 11:04:12.862,4.030833333333
Yeast Grow 4 Days,pioreactor02,2025-09-20T09:04:35.862Z,479.1,2025-09-20 11:04:35.862,4.037222222222
Yeast Grow 4 Days,pioreactor02,2025-09-20T09:04:58.862Z,424.4,2025-09-20 11:04:58.862,4.043611111111
Yeast Grow 4 Days,pioreactor02,2025-09-20T09:05:21.862Z,432.7,2025-09-20 11:05:21.862,4.05
Yeast Grow 4 Days,pioreactor02,2025-09-20T09:05:44.862Z,531.9,2025-09-20 11:05:44.862,4.056388888889
Yeast Grow 4 Days,pioreactor02,2025-09-20T09:06:07.862Z,528.0,2025-09-20 11:06:07.862,4.062777777778
Yeast Grow 4 Days,pioreactor02,2025-09-20T09:06:30.862Z,516.8,2025-09-20 11:06:30.862,4.069166666667
Yeast Grow 4 Days,pioreactor02,2025-09-20T09:06:53.862Z,518.2,2025-09-20 11:06:53.862,4.075555555556
Yeast Grow 4 Days,pioreactor02,2025-09-20T09:07:16.862Z,518.1,2025-09-20 11:07:16.862,4.081944444444
Yeast Grow 4 Days,pioreactor02,2025-09-20T09:07:39.862Z,509.0,2025-09-20 11:07:39.862,4.088333333333
Yeast Grow 4 Days,pioreactor02,2025-09-20T09:08:02.862Z,498.3,2025-09-20 11:08:02.862,4.094722222222
Yeast Grow 4 Days,pioreactor02,2025-09-20T09:08:25.862Z,501.5,2025-09-20 11:08:25.862,4.101111111111
Yeast Grow 4 Days,pioreactor02,2025-09-20T09:08:48.862Z,490.7,2025-09-20 11:08:48.862,4.1075
Yeast Grow 4 Days,pioreactor02,2025-09-20T09:09:11.862Z,515.6,2025-09-20 11:09:11.862,4.113888888889
Yeast Grow 4 Days,pioreactor02,2025-09-20T09:09:34.862Z,514.5,2025-09-20 11:09:34.862,4.120277777778
Yeast Grow 4 Days,pioreactor02,2025-09-20T09:09:57.862Z,500.4,2025-09-20 11:09:57.862,4.126666666667
Yeast Grow 4 Days,pioreactor02,2025-09-20T09:10:20.862Z,495.9,2025-09-20 11:10:20.862,4.133055555556
Yeast Grow 4 Days,pioreactor02,2025-09-20T09:10:43.862Z,512.3,2025-09-20 11:10:43.862,4.139444444444
Yeast Grow 4 Days,pioreactor02,2025-09-20T09:11:06.862Z,458.4,2025-09-20 11:11:06.862,4.145833333333
Yeast Grow 4 Days,pioreactor02,2025-09-20T09:11:29.862Z,428.7,2025-09-20 11:11:29.862,4.152222222222
Yeast Grow 4 Days,pioreactor02,2025-09-20T09:11:52.862Z,521.4,2025-09-20 11:11:52.862,4.158611111111
Yeast Grow 4 Days,pioreactor02,2025-09-20T09:12:15.862Z,520.7,2025-09-20 11:12:15.862,4.165
Yeast Grow 4 Days,pioreactor02,2025-09-20T09:12:38.862Z,523.1,2025-09-20 11:12:38.862,4.171388888889
Yeast Grow 4 Days,pioreactor02,2025-09-20T09:13:01.862Z,503.3,2025-09-20 11:13:01.862,4.177777777778
Yeast Grow 4 Days,pioreactor02,2025-09-20T09:13:24.862Z,508.4,2025-09-20 11:13:24.862,4.184166666667
Yeast Grow 4 Days,pioreactor02,2025-09-20T09:13:47.862Z,513.3,2025-09-20 11:13:47.862,4.190555555556
Yeast Grow 4 Days,pioreactor02,2025-09-20T09:14:10.862Z,490.9,2025-09-20 11:14:10.862,4.196944444444
Yeast Grow 4 Days,pioreactor02,2025-09-20T09:14:33.862Z,498.7,2025-09-20 11:14:33.862,4.203333333333
Yeast Grow 4 Days,pioreactor02,2025-09-20T09:14:56.862Z,505.3,2025-09-20 11:14:56.862,4.209722222222
Yeast Grow 4 Days,pioreactor02,2025-09-20T09:15:19.862Z,480.7,2025-09-20 11:15:19.862,4.216111111111
Yeast Grow 4 Days,pioreactor02,2025-09-20T09:15:42.862Z,512.1,2025-09-20 11:15:42.862,4.2225
Yeast Grow 4 Days,pioreactor02,2025-09-20T09:16:05.862Z,520.1,2025-09-20 11:16:05.862,4.228888888889
Yeast Grow 4 Days,pioreactor02,2025-09-20T09:16:28.862Z,483.8,2025-09-20 11:16:28.862,4.235277777778
Yeast Grow 4 Days,pioreactor02,2025-09-20T09:16:51.862Z,494.1,2025-09-20 11:16:51.862,4.241666666667
Yeast Grow 4 Days,pioreactor02,2025-09-20T09:17:14.862Z,503.3,2025-09-20 11:17:14.862,4.248055555556
Yeast Grow 4 Days,pioreactor02,2025-09-20T09:17:37.862Z,501.7,2025-09-20 11:17:37.862,4.254444444444
Yeast Grow 4 Days,pioreactor02,2025-09-20T09:18:00.862Z,500.8,2025-09-20 11:18:00.862,4.260833333333
Yeast Grow 4 Days,pioreactor02,2025-09-20T09:18:23.862Z,512.7,2025-09-20 11:18:23.862,4.267222222222
Yeast Grow 4 Days,pioreactor02,2025-09-20T09:18:46.862Z,503.0,2025-09-20 11:18:46.862,4.273611111111
Yeast Grow 4 Days,pioreactor02,2025-09-20T09:19:09.862Z,496.3,2025-09-20 11:19:09.862,4.28
Yeast Grow 4 Days,pioreactor02,2025-09-20T09:19:32.862Z,496.8,2025-09-20 11:19:32.862,4.286388888889
Yeast Grow 4 Days,pioreactor02,2025-09-20T09:19:55.862Z,515.1,2025-09-20 11:19:55.862,4.292777777778
Yeast Grow 4 Days,pioreactor02,2025-09-20T09:20:18.862Z,492.2,2025-09-20 11:20:18.862,4.299166666667
Yeast Grow 4 Days,pioreactor02,2025-09-20T09:20:41.862Z,512.9,2025-09-20 11:20:41.862,4.305555555556
Yeast Grow 4 Days,pioreactor02,2025-09-20T09:21:04.862Z,480.2,2025-09-20 11:21:04.862,4.311944444444
Yeast Grow 4 Days,pioreactor02,2025-09-20T09:21:27.862Z,425.5,2025-09-20 11:21:27.862,4.318333333333
Yeast Grow 4 Days,pioreactor02,2025-09-20T09:21:50.862Z,494.7,2025-09-20 11:21:50.862,4.324722222222
Yeast Grow 4 Days,pioreactor02,2025-09-20T09:22:13.862Z,517.8,2025-09-20 11:22:13.862,4.331111111111
Yeast Grow 4 Days,pioreactor02,2025-09-20T09:22:36.862Z,506.5,2025-09-20 11:22:36.862,4.3375
Yeast Grow 4 Days,pioreactor02,2025-09-20T09:22:59.862Z,525.8,2025-09-20 11:22:59.862,4.343888888889
Yeast Grow 4 Days,pioreactor02,2025-09-20T09:23:22.862Z,509.4,2025-09-20 11:23:22.862,4.350277777778
Yeast Grow 4 Days,pioreactor02,2025-09-20T09:23:45.862Z,519.3,2025-09-20 11:23:45.862,4.356666666667
Yeast Grow 4 Days,pioreactor02,2025-09-20T09:24:08.862Z,497.3,2025-09-20 11:24:08.862,4.363055555556
Yeast Grow 4 Days,pioreactor02,2025-09-20T09:24:31.862Z,495.0,2025-09-20 11:24:31.862,4.369444444444
Yeast Grow 4 Days,pioreactor02,2025-09-20T09:24:54.862Z,503.1,2025-09-20 11:24:54.862,4.375833333333
Yeast Grow 4 Days,pioreactor02,2025-09-20T09:25:17.862Z,491.1,2025-09-20 11:25:17.862,4.382222222222
Yeast Grow 4 Days,pioreactor02,2025-09-20T09:25:40.862Z,500.4,2025-09-20 11:25:40.862,4.388611111111
Yeast Grow 4 Days,pioreactor02,2025-09-20T09:26:03.862Z,515.5,2025-09-20 11:26:03.862,4.395
Yeast Grow 4 Days,pioreactor02,2025-09-20T09:26:26.862Z,514.4,2025-09-20 11:26:26.862,4.401388888889
Yeast Grow 4 Days,pioreactor02,2025-09-20T09:26:49.862Z,498.1,2025-09-20 11:26:49.862,4.407777777778
Yeast Grow 4 Days,pioreactor02,2025-09-20T09:27:12.862Z,502.3,2025-09-20 11:27:12.862,4.414166666667
Yeast Grow 4 Days,pioreactor02,2025-09-20T09:27:35.862Z,508.3,2025-09-20 11:27:35.862,4.420555555556
Yeast Grow 4 Days,pioreactor02,2025-09-20T09:27:58.862Z,473.4,2025-09-20 11:27:58.862,4.426944444444
Yeast Grow 4 Days,pioreactor02,2025-09-20T09:28:21.862Z,437.6,2025-09-20 11:28:21.862,4.433333333333
Yeast Grow 4 Days,pioreactor02,2025-09-20T09:28:44.862Z,519.0,2025-09-20 11:28:44.862,4.439722222222
Yeast Grow 4 Days,pioreactor02,2025-09-20T09:29:07.862Z,502.0,2025-09-20 11:29:07.862,4.446111111111
Yeast Grow 4 Days,pioreactor02,2025-09-20T09:29:30.862Z,521.8,2025-09-20 11:29:30.862,4.4525
Yeast Grow 4 Days,pioreactor02,2025-09-20T09:29:53.862Z,507.5,2025-09-20 11:29:53.862,4.458888888889
Yeast Grow 4 Days,pioreactor02,2025-09-20T09:30:16.862Z,512.3,2025-09-20 11:30:16.862,4.465277777778
Yeast Grow 4 Days,pioreactor02,2025-09-20T09:30:39.862Z,502.4,2025-09-20 11:30:39.862,4.471666666667
Yeast Grow 4 Days,pioreactor02,2025-09-20T09:31:02.862Z,491.4,2025-09-20 11:31:02.862,4.478055555556
Yeast Grow 4 Days,pioreactor02,2025-09-20T09:31:25.862Z,507.3,2025-09-20 11:31:25.862,4.484444444444
Yeast Grow 4 Days,pioreactor02,2025-09-20T09:31:48.862Z,425.1,2025-09-20 11:31:48.862,4.490833333333
Yeast Grow 4 Days,pioreactor02,2025-09-20T09:32:11.862Z,522.4,2025-09-20 11:32:11.862,4.497222222222
Yeast Grow 4 Days,pioreactor02,2025-09-20T09:32:34.862Z,522.0,2025-09-20 11:32:34.862,4.503611111111
Yeast Grow 4 Days,pioreactor02,2025-09-20T09:32:57.862Z,499.8,2025-09-20 11:32:57.862,4.51
Yeast Grow 4 Days,pioreactor02,2025-09-20T09:33:20.862Z,516.6,2025-09-20 11:33:20.862,4.516388888889
Yeast Grow 4 Days,pioreactor02,2025-09-20T09:33:43.862Z,513.6,2025-09-20 11:33:43.862,4.522777777778
Yeast Grow 4 Days,pioreactor02,2025-09-20T09:34:06.862Z,484.2,2025-09-20 11:34:06.862,4.529166666667
Yeast Grow 4 Days,pioreactor02,2025-09-20T09:34:29.862Z,503.3,2025-09-20 11:34:29.862,4.535555555556
Yeast Grow 4 Days,pioreactor02,2025-09-20T09:34:52.862Z,426.6,2025-09-20 11:34:52.862,4.541944444444
Yeast Grow 4 Days,pioreactor02,2025-09-20T09:35:15.862Z,521.7,2025-09-20 11:35:15.862,4.548333333333
Yeast Grow 4 Days,pioreactor02,2025-09-20T09:35:38.862Z,500.1,2025-09-20 11:35:38.862,4.554722222222
Yeast Grow 4 Days,pioreactor02,2025-09-20T09:36:01.862Z,516.6,2025-09-20 11:36:01.862,4.561111111111
Yeast Grow 4 Days,pioreactor02,2025-09-20T09:36:24.862Z,521.7,2025-09-20 11:36:24.862,4.5675
Yeast Grow 4 Days,pioreactor02,2025-09-20T09:36:47.862Z,501.4,2025-09-20 11:36:47.862,4.573888888889
Yeast Grow 4 Days,pioreactor02,2025-09-20T09:37:10.862Z,503.4,2025-09-20 11:37:10.862,4.580277777778
Yeast Grow 4 Days,pioreactor02,2025-09-20T09:37:33.862Z,516.0,2025-09-20 11:37:33.862,4.586666666667
Yeast Grow 4 Days,pioreactor02,2025-09-20T09:37:56.862Z,466.9,2025-09-20 11:37:56.862,4.593055555556
Yeast Grow 4 Days,pioreactor02,2025-09-20T09:38:19.862Z,509.2,2025-09-20 11:38:19.862,4.599444444444
Yeast Grow 4 Days,pioreactor02,2025-09-20T09:38:42.862Z,503.4,2025-09-20 11:38:42.862,4.605833333333
Yeast Grow 4 Days,pioreactor02,2025-09-20T09:39:05.862Z,500.1,2025-09-20 11:39:05.862,4.612222222222
Yeast Grow 4 Days,pioreactor02,2025-09-20T09:39:28.862Z,511.8,2025-09-20 11:39:28.862,4.618611111111
Yeast Grow 4 Days,pioreactor02,2025-09-20T09:39:51.862Z,512.5,2025-09-20 11:39:51.862,4.625
Yeast Grow 4 Days,pioreactor02,2025-09-20T09:40:14.862Z,511.6,2025-09-20 11:40:14.862,4.631388888889
Yeast Grow 4 Days,pioreactor02,2025-09-20T09:40:37.862Z,491.5,2025-09-20 11:40:37.862,4.637777777778
Yeast Grow 4 Days,pioreactor02,2025-09-20T09:41:00.862Z,486.5,2025-09-20 11:41:00.862,4.644166666667
Yeast Grow 4 Days,pioreactor02,2025-09-20T09:41:23.862Z,482.4,2025-09-20 11:41:23.862,4.650555555556
Yeast Grow 4 Days,pioreactor02,2025-09-20T09:41:46.862Z,501.1,2025-09-20 11:41:46.862,4.656944444444
Yeast Grow 4 Days,pioreactor02,2025-09-20T09:42:09.862Z,504.2,2025-09-20 11:42:09.862,4.663333333333
Yeast Grow 4 Days,pioreactor02,2025-09-20T09:42:32.862Z,511.0,2025-09-20 11:42:32.862,4.669722222222
Yeast Grow 4 Days,pioreactor02,2025-09-20T09:42:55.862Z,503.0,2025-09-20 11:42:55.862,4.676111111111
Yeast Grow 4 Days,pioreactor02,2025-09-20T09:43:18.862Z,507.7,2025-09-20 11:43:18.862,4.6825
Yeast Grow 4 Days,pioreactor02,2025-09-20T09:43:41.862Z,516.4,2025-09-20 11:43:41.862,4.688888888889
Yeast Grow 4 Days,pioreactor02,2025-09-20T09:44:04.862Z,508.1,2025-09-20 11:44:04.862,4.695277777778
Yeast Grow 4 Days,pioreactor02,2025-09-20T09:44:27.862Z,488.0,2025-09-20 11:44:27.862,4.701666666667
Yeast Grow 4 Days,pioreactor02,2025-09-20T09:44:50.862Z,490.5,2025-09-20 11:44:50.862,4.708055555556
Yeast Grow 4 Days,pioreactor02,2025-09-20T09:45:13.862Z,494.2,2025-09-20 11:45:13.862,4.714444444444
Yeast Grow 4 Days,pioreactor02,2025-09-20T09:45:36.862Z,509.0,2025-09-20 11:45:36.862,4.720833333333
Yeast Grow 4 Days,pioreactor02,2025-09-20T09:45:59.862Z,489.2,2025-09-20 11:45:59.862,4.727222222222
Yeast Grow 4 Days,pioreactor02,2025-09-20T09:46:22.862Z,499.0,2025-09-20 11:46:22.862,4.733611111111
Yeast Grow 4 Days,pioreactor02,2025-09-20T09:46:45.862Z,510.0,2025-09-20 11:46:45.862,4.74
Yeast Grow 4 Days,pioreactor02,2025-09-20T09:47:08.862Z,499.9,2025-09-20 11:47:08.862,4.746388888889
Yeast Grow 4 Days,pioreactor02,2025-09-20T09:47:31.862Z,514.5,2025-09-20 11:47:31.862,4.752777777778
Yeast Grow 4 Days,pioreactor02,2025-09-20T09:47:54.862Z,422.3,2025-09-20 11:47:54.862,4.759166666667
Yeast Grow 4 Days,pioreactor02,2025-09-20T09:48:17.862Z,440.7,2025-09-20 11:48:17.862,4.765555555556
Yeast Grow 4 Days,pioreactor02,2025-09-20T09:48:40.862Z,529.6,2025-09-20 11:48:40.862,4.771944444444
Yeast Grow 4 Days,pioreactor02,2025-09-20T09:49:03.862Z,516.1,2025-09-20 11:49:03.862,4.778333333333
Yeast Grow 4 Days,pioreactor02,2025-09-20T09:49:26.862Z,521.4,2025-09-20 11:49:26.862,4.784722222222
Yeast Grow 4 Days,pioreactor02,2025-09-20T09:49:49.862Z,519.1,2025-09-20 11:49:49.862,4.791111111111
Yeast Grow 4 Days,pioreactor02,2025-09-20T09:50:12.862Z,503.0,2025-09-20 11:50:12.862,4.7975
Yeast Grow 4 Days,pioreactor02,2025-09-20T09:50:35.862Z,519.1,2025-09-20 11:50:35.862,4.803888888889
Yeast Grow 4 Days,pioreactor02,2025-09-20T09:50:58.862Z,490.2,2025-09-20 11:50:58.862,4.810277777778
Yeast Grow 4 Days,pioreactor02,2025-09-20T09:51:21.862Z,485.0,2025-09-20 11:51:21.862,4.816666666667
Yeast Grow 4 Days,pioreactor02,2025-09-20T09:51:44.862Z,493.3,2025-09-20 11:51:44.862,4.823055555556
Yeast Grow 4 Days,pioreactor02,2025-09-20T09:52:07.862Z,515.6,2025-09-20 11:52:07.862,4.829444444444
Yeast Grow 4 Days,pioreactor02,2025-09-20T09:52:30.862Z,511.9,2025-09-20 11:52:30.862,4.835833333333
Yeast Grow 4 Days,pioreactor02,2025-09-20T09:52:53.862Z,494.9,2025-09-20 11:52:53.862,4.842222222222
Yeast Grow 4 Days,pioreactor02,2025-09-20T09:53:16.862Z,491.8,2025-09-20 11:53:16.862,4.848611111111
Yeast Grow 4 Days,pioreactor02,2025-09-20T09:53:39.862Z,509.6,2025-09-20 11:53:39.862,4.855
Yeast Grow 4 Days,pioreactor02,2025-09-20T09:54:02.862Z,488.7,2025-09-20 11:54:02.862,4.861388888889
Yeast Grow 4 Days,pioreactor02,2025-09-20T09:54:25.862Z,504.8,2025-09-20 11:54:25.862,4.867777777778
Yeast Grow 4 Days,pioreactor02,2025-09-20T09:54:48.862Z,511.2,2025-09-20 11:54:48.862,4.874166666667
Yeast Grow 4 Days,pioreactor02,2025-09-20T09:55:11.862Z,492.6,2025-09-20 11:55:11.862,4.880555555556
Yeast Grow 4 Days,pioreactor02,2025-09-20T09:55:34.862Z,511.0,2025-09-20 11:55:34.862,4.886944444444
Yeast Grow 4 Days,pioreactor02,2025-09-20T09:55:57.862Z,512.8,2025-09-20 11:55:57.862,4.893333333333
Yeast Grow 4 Days,pioreactor02,2025-09-20T09:56:20.862Z,507.2,2025-09-20 11:56:20.862,4.899722222222
Yeast Grow 4 Days,pioreactor02,2025-09-20T09:56:43.862Z,500.7,2025-09-20 11:56:43.862,4.906111111111
Yeast Grow 4 Days,pioreactor02,2025-09-20T09:57:06.862Z,513.1,2025-09-20 11:57:06.862,4.9125
Yeast Grow 4 Days,pioreactor02,2025-09-20T09:57:29.862Z,499.1,2025-09-20 11:57:29.862,4.918888888889
Yeast Grow 4 Days,pioreactor02,2025-09-20T09:57:52.862Z,490.5,2025-09-20 11:57:52.862,4.925277777778
Yeast Grow 4 Days,pioreactor02,2025-09-20T09:58:15.862Z,495.9,2025-09-20 11:58:15.862,4.931666666667
Yeast Grow 4 Days,pioreactor02,2025-09-20T09:58:38.862Z,505.2,2025-09-20 11:58:38.862,4.938055555556
Yeast Grow 4 Days,pioreactor02,2025-09-20T09:59:01.862Z,471.8,2025-09-20 11:59:01.862,4.944444444444
Yeast Grow 4 Days,pioreactor02,2025-09-20T09:59:24.862Z,513.9,2025-09-20 11:59:24.862,4.950833333333
Yeast Grow 4 Days,pioreactor02,2025-09-20T09:59:47.862Z,507.4,2025-09-20 11:59:47.862,4.957222222222
Yeast Grow 4 Days,pioreactor02,2025-09-20T10:00:10.862Z,511.3,2025-09-20 12:00:10.862,4.963611111111
Yeast Grow 4 Days,pioreactor02,2025-09-20T10:00:33.862Z,498.6,2025-09-20 12:00:33.862,4.97
Yeast Grow 4 Days,pioreactor02,2025-09-20T10:00:56.862Z,491.4,2025-09-20 12:00:56.862,4.976388888889
Yeast Grow 4 Days,pioreactor02,2025-09-20T10:01:19.862Z,467.5,2025-09-20 12:01:19.862,4.982777777778
Yeast Grow 4 Days,pioreactor02,2025-09-20T10:01:42.862Z,426.5,2025-09-20 12:01:42.862,4.989166666667
Yeast Grow 4 Days,pioreactor02,2025-09-20T10:02:05.862Z,438.2,2025-09-20 12:02:05.862,4.995555555556
Yeast Grow 4 Days,pioreactor02,2025-09-20T10:02:28.862Z,527.5,2025-09-20 12:02:28.862,5.001944444444
Yeast Grow 4 Days,pioreactor02,2025-09-20T10:02:51.862Z,510.5,2025-09-20 12:02:51.862,5.008333333333
Yeast Grow 4 Days,pioreactor02,2025-09-20T10:03:14.862Z,516.8,2025-09-20 12:03:14.862,5.014722222222
Yeast Grow 4 Days,pioreactor02,2025-09-20T10:03:37.862Z,511.3,2025-09-20 12:03:37.862,5.021111111111
Yeast Grow 4 Days,pioreactor02,2025-09-20T10:04:00.862Z,521.4,2025-09-20 12:04:00.862,5.0275
Yeast Grow 4 Days,pioreactor02,2025-09-20T10:04:23.862Z,498.8,2025-09-20 12:04:23.862,5.033888888889
Yeast Grow 4 Days,pioreactor02,2025-09-20T10:04:46.862Z,501.2,2025-09-20 12:04:46.862,5.040277777778
Yeast Grow 4 Days,pioreactor02,2025-09-20T10:05:09.862Z,504.3,2025-09-20 12:05:09.862,5.046666666667
Yeast Grow 4 Days,pioreactor02,2025-09-20T10:05:32.862Z,510.0,2025-09-20 12:05:32.862,5.053055555556
Yeast Grow 4 Days,pioreactor02,2025-09-20T10:05:55.862Z,501.3,2025-09-20 12:05:55.862,5.059444444444
Yeast Grow 4 Days,pioreactor02,2025-09-20T10:06:18.862Z,503.8,2025-09-20 12:06:18.862,5.065833333333
Yeast Grow 4 Days,pioreactor02,2025-09-20T10:06:41.862Z,498.3,2025-09-20 12:06:41.862,5.072222222222
Yeast Grow 4 Days,pioreactor02,2025-09-20T10:07:04.862Z,511.5,2025-09-20 12:07:04.862,5.078611111111
Yeast Grow 4 Days,pioreactor02,2025-09-20T10:07:27.862Z,509.8,2025-09-20 12:07:27.862,5.085
Yeast Grow 4 Days,pioreactor02,2025-09-20T10:07:50.862Z,420.9,2025-09-20 12:07:50.862,5.091388888889
Yeast Grow 4 Days,pioreactor02,2025-09-20T10:08:13.862Z,430.0,2025-09-20 12:08:13.862,5.097777777778
Yeast Grow 4 Days,pioreactor02,2025-09-20T10:08:36.862Z,530.0,2025-09-20 12:08:36.862,5.104166666667
Yeast Grow 4 Days,pioreactor02,2025-09-20T10:08:59.862Z,528.6,2025-09-20 12:08:59.862,5.110555555556
Yeast Grow 4 Days,pioreactor02,2025-09-20T10:09:22.862Z,520.3,2025-09-20 12:09:22.862,5.116944444444
Yeast Grow 4 Days,pioreactor02,2025-09-20T10:09:45.862Z,511.9,2025-09-20 12:09:45.862,5.123333333333
Yeast Grow 4 Days,pioreactor02,2025-09-20T10:10:08.862Z,479.6,2025-09-20 12:10:08.862,5.129722222222
Yeast Grow 4 Days,pioreactor02,2025-09-20T10:10:31.862Z,500.4,2025-09-20 12:10:31.862,5.136111111111
Yeast Grow 4 Days,pioreactor02,2025-09-20T10:10:54.862Z,515.9,2025-09-20 12:10:54.862,5.1425
Yeast Grow 4 Days,pioreactor02,2025-09-20T10:11:17.862Z,498.5,2025-09-20 12:11:17.862,5.148888888889
Yeast Grow 4 Days,pioreactor02,2025-09-20T10:11:40.862Z,504.2,2025-09-20 12:11:40.862,5.155277777778
Yeast Grow 4 Days,pioreactor02,2025-09-20T10:12:03.862Z,499.2,2025-09-20 12:12:03.862,5.161666666667
Yeast Grow 4 Days,pioreactor02,2025-09-20T10:12:26.862Z,516.2,2025-09-20 12:12:26.862,5.168055555556
Yeast Grow 4 Days,pioreactor02,2025-09-20T10:12:49.862Z,513.0,2025-09-20 12:12:49.862,5.174444444444
Yeast Grow 4 Days,pioreactor02,2025-09-20T10:13:12.862Z,501.2,2025-09-20 12:13:12.862,5.180833333333
Yeast Grow 4 Days,pioreactor02,2025-09-20T10:13:35.862Z,512.7,2025-09-20 12:13:35.862,5.187222222222
Yeast Grow 4 Days,pioreactor02,2025-09-20T10:13:58.862Z,499.1,2025-09-20 12:13:58.862,5.193611111111
Yeast Grow 4 Days,pioreactor02,2025-09-20T10:14:21.862Z,494.4,2025-09-20 12:14:21.862,5.2
Yeast Grow 4 Days,pioreactor02,2025-09-20T10:14:44.862Z,487.8,2025-09-20 12:14:44.862,5.206388888889
Yeast Grow 4 Days,pioreactor02,2025-09-20T10:15:07.862Z,482.4,2025-09-20 12:15:07.862,5.212777777778
Yeast Grow 4 Days,pioreactor02,2025-09-20T10:15:30.862Z,507.1,2025-09-20 12:15:30.862,5.219166666667
Yeast Grow 4 Days,pioreactor02,2025-09-20T10:15:53.862Z,517.6,2025-09-20 12:15:53.862,5.225555555556
Yeast Grow 4 Days,pioreactor02,2025-09-20T10:16:16.862Z,503.0,2025-09-20 12:16:16.862,5.231944444444
Yeast Grow 4 Days,pioreactor02,2025-09-20T10:16:39.862Z,503.5,2025-09-20 12:16:39.862,5.238333333333
Yeast Grow 4 Days,pioreactor02,2025-09-20T10:17:02.862Z,422.5,2025-09-20 12:17:02.862,5.244722222222
Yeast Grow 4 Days,pioreactor02,2025-09-20T10:17:25.862Z,431.4,2025-09-20 12:17:25.862,5.251111111111
Yeast Grow 4 Days,pioreactor02,2025-09-20T10:17:48.862Z,526.6,2025-09-20 12:17:48.862,5.2575
Yeast Grow 4 Days,pioreactor02,2025-09-20T10:18:11.862Z,514.3,2025-09-20 12:18:11.862,5.263888888889
Yeast Grow 4 Days,pioreactor02,2025-09-20T10:18:34.862Z,517.4,2025-09-20 12:18:34.862,5.270277777778
Yeast Grow 4 Days,pioreactor02,2025-09-20T10:18:57.862Z,505.2,2025-09-20 12:18:57.862,5.276666666667
Yeast Grow 4 Days,pioreactor02,2025-09-20T10:19:20.862Z,519.9,2025-09-20 12:19:20.862,5.283055555556
Yeast Grow 4 Days,pioreactor02,2025-09-20T10:19:43.862Z,510.2,2025-09-20 12:19:43.862,5.289444444444
Yeast Grow 4 Days,pioreactor02,2025-09-20T10:20:06.862Z,515.9,2025-09-20 12:20:06.862,5.295833333333
Yeast Grow 4 Days,pioreactor02,2025-09-20T10:20:29.862Z,499.7,2025-09-20 12:20:29.862,5.302222222222
Yeast Grow 4 Days,pioreactor02,2025-09-20T10:20:52.862Z,499.5,2025-09-20 12:20:52.862,5.308611111111
Yeast Grow 4 Days,pioreactor02,2025-09-20T10:21:15.862Z,500.1,2025-09-20 12:21:15.862,5.315
Yeast Grow 4 Days,pioreactor02,2025-09-20T10:21:38.862Z,512.9,2025-09-20 12:21:38.862,5.321388888889
Yeast Grow 4 Days,pioreactor02,2025-09-20T10:22:01.862Z,492.7,2025-09-20 12:22:01.862,5.327777777778
Yeast Grow 4 Days,pioreactor02,2025-09-20T10:22:24.862Z,503.3,2025-09-20 12:22:24.862,5.334166666667
Yeast Grow 4 Days,pioreactor02,2025-09-20T10:22:47.862Z,500.1,2025-09-20 12:22:47.862,5.340555555556
Yeast Grow 4 Days,pioreactor02,2025-09-20T10:23:10.862Z,504.1,2025-09-20 12:23:10.862,5.346944444444
Yeast Grow 4 Days,pioreactor02,2025-09-20T10:23:33.862Z,512.4,2025-09-20 12:23:33.862,5.353333333333
Yeast Grow 4 Days,pioreactor02,2025-09-20T10:23:56.862Z,493.2,2025-09-20 12:23:56.862,5.359722222222
Yeast Grow 4 Days,pioreactor02,2025-09-20T10:24:19.862Z,486.7,2025-09-20 12:24:19.862,5.366111111111
Yeast Grow 4 Days,pioreactor02,2025-09-20T10:24:42.862Z,506.2,2025-09-20 12:24:42.862,5.3725
Yeast Grow 4 Days,pioreactor02,2025-09-20T10:25:05.862Z,486.8,2025-09-20 12:25:05.862,5.378888888889
Yeast Grow 4 Days,pioreactor02,2025-09-20T10:25:28.862Z,423.1,2025-09-20 12:25:28.862,5.385277777778
Yeast Grow 4 Days,pioreactor02,2025-09-20T10:25:51.862Z,498.1,2025-09-20 12:25:51.862,5.391666666667
Yeast Grow 4 Days,pioreactor02,2025-09-20T10:26:14.862Z,537.4,2025-09-20 12:26:14.862,5.398055555556
Yeast Grow 4 Days,pioreactor02,2025-09-20T10:26:37.862Z,508.1,2025-09-20 12:26:37.862,5.404444444444
Yeast Grow 4 Days,pioreactor02,2025-09-20T10:27:00.862Z,499.6,2025-09-20 12:27:00.862,5.410833333333
Yeast Grow 4 Days,pioreactor02,2025-09-20T10:27:23.862Z,508.3,2025-09-20 12:27:23.862,5.417222222222
Yeast Grow 4 Days,pioreactor02,2025-09-20T10:27:46.862Z,484.1,2025-09-20 12:27:46.862,5.423611111111
Yeast Grow 4 Days,pioreactor02,2025-09-20T10:28:09.862Z,493.9,2025-09-20 12:28:09.862,5.43
Yeast Grow 4 Days,pioreactor02,2025-09-20T10:28:32.862Z,510.4,2025-09-20 12:28:32.862,5.436388888889
Yeast Grow 4 Days,pioreactor02,2025-09-20T10:28:55.862Z,504.5,2025-09-20 12:28:55.862,5.442777777778
Yeast Grow 4 Days,pioreactor02,2025-09-20T10:29:18.862Z,497.7,2025-09-20 12:29:18.862,5.449166666667
Yeast Grow 4 Days,pioreactor02,2025-09-20T10:29:41.862Z,502.2,2025-09-20 12:29:41.862,5.455555555556
Yeast Grow 4 Days,pioreactor02,2025-09-20T10:30:04.862Z,507.8,2025-09-20 12:30:04.862,5.461944444444
Yeast Grow 4 Days,pioreactor02,2025-09-20T10:30:27.862Z,504.9,2025-09-20 12:30:27.862,5.468333333333
Yeast Grow 4 Days,pioreactor02,2025-09-20T10:30:50.862Z,468.2,2025-09-20 12:30:50.862,5.474722222222
Yeast Grow 4 Days,pioreactor02,2025-09-20T10:31:13.862Z,509.4,2025-09-20 12:31:13.862,5.481111111111
Yeast Grow 4 Days,pioreactor02,2025-09-20T10:31:36.862Z,498.1,2025-09-20 12:31:36.862,5.4875
Yeast Grow 4 Days,pioreactor02,2025-09-20T10:31:59.862Z,514.7,2025-09-20 12:31:59.862,5.493888888889
Yeast Grow 4 Days,pioreactor02,2025-09-20T10:32:22.862Z,511.6,2025-09-20 12:32:22.862,5.500277777778
Yeast Grow 4 Days,pioreactor02,2025-09-20T10:32:45.862Z,516.1,2025-09-20 12:32:45.862,5.506666666667
Yeast Grow 4 Days,pioreactor02,2025-09-20T10:33:08.862Z,492.2,2025-09-20 12:33:08.862,5.513055555556
Yeast Grow 4 Days,pioreactor02,2025-09-20T10:33:31.862Z,509.5,2025-09-20 12:33:31.862,5.519444444444
Yeast Grow 4 Days,pioreactor02,2025-09-20T10:33:54.862Z,504.1,2025-09-20 12:33:54.862,5.525833333333
Yeast Grow 4 Days,pioreactor02,2025-09-20T10:34:17.862Z,499.6,2025-09-20 12:34:17.862,5.532222222222
Yeast Grow 4 Days,pioreactor02,2025-09-20T10:34:40.862Z,501.5,2025-09-20 12:34:40.862,5.538611111111
Yeast Grow 4 Days,pioreactor02,2025-09-20T10:35:03.862Z,496.4,2025-09-20 12:35:03.862,5.545
Yeast Grow 4 Days,pioreactor02,2025-09-20T10:35:26.862Z,508.9,2025-09-20 12:35:26.862,5.551388888889
Yeast Grow 4 Days,pioreactor02,2025-09-20T10:35:49.862Z,500.5,2025-09-20 12:35:49.862,5.557777777778
Yeast Grow 4 Days,pioreactor02,2025-09-20T10:36:12.862Z,501.5,2025-09-20 12:36:12.862,5.564166666667
Yeast Grow 4 Days,pioreactor02,2025-09-20T10:36:35.862Z,506.7,2025-09-20 12:36:35.862,5.570555555556
Yeast Grow 4 Days,pioreactor02,2025-09-20T10:36:58.862Z,508.4,2025-09-20 12:36:58.862,5.576944444444
Yeast Grow 4 Days,pioreactor02,2025-09-20T10:37:21.862Z,503.3,2025-09-20 12:37:21.862,5.583333333333
Yeast Grow 4 Days,pioreactor02,2025-09-20T10:37:44.862Z,494.5,2025-09-20 12:37:44.862,5.589722222222
Yeast Grow 4 Days,pioreactor02,2025-09-20T10:38:07.862Z,490.2,2025-09-20 12:38:07.862,5.596111111111
Yeast Grow 4 Days,pioreactor02,2025-09-20T10:38:30.862Z,493.7,2025-09-20 12:38:30.862,5.6025
Yeast Grow 4 Days,pioreactor02,2025-09-20T10:38:53.862Z,499.0,2025-09-20 12:38:53.862,5.608888888889
Yeast Grow 4 Days,pioreactor02,2025-09-20T10:39:16.862Z,508.0,2025-09-20 12:39:16.862,5.615277777778
Yeast Grow 4 Days,pioreactor02,2025-09-20T10:39:39.862Z,511.0,2025-09-20 12:39:39.862,5.621666666667
Yeast Grow 4 Days,pioreactor02,2025-09-20T10:40:02.862Z,473.1,2025-09-20 12:40:02.862,5.628055555556
Yeast Grow 4 Days,pioreactor02,2025-09-20T10:40:25.862Z,506.9,2025-09-20 12:40:25.862,5.634444444444
Yeast Grow 4 Days,pioreactor02,2025-09-20T10:40:48.862Z,502.8,2025-09-20 12:40:48.862,5.640833333333
Yeast Grow 4 Days,pioreactor02,2025-09-20T10:41:11.862Z,501.8,2025-09-20 12:41:11.862,5.647222222222
Yeast Grow 4 Days,pioreactor02,2025-09-20T10:41:34.862Z,429.7,2025-09-20 12:41:34.862,5.653611111111
Yeast Grow 4 Days,pioreactor02,2025-09-20T10:41:57.862Z,427.5,2025-09-20 12:41:57.862,5.66
Yeast Grow 4 Days,pioreactor02,2025-09-20T10:42:20.862Z,527.0,2025-09-20 12:42:20.862,5.666388888889
Yeast Grow 4 Days,pioreactor02,2025-09-20T10:42:43.862Z,521.9,2025-09-20 12:42:43.862,5.672777777778
Yeast Grow 4 Days,pioreactor02,2025-09-20T10:43:06.862Z,524.3,2025-09-20 12:43:06.862,5.679166666667
Yeast Grow 4 Days,pioreactor02,2025-09-20T10:43:29.862Z,525.8,2025-09-20 12:43:29.862,5.685555555556
Yeast Grow 4 Days,pioreactor02,2025-09-20T10:43:52.862Z,505.4,2025-09-20 12:43:52.862,5.691944444444
Yeast Grow 4 Days,pioreactor02,2025-09-20T10:44:15.862Z,510.0,2025-09-20 12:44:15.862,5.698333333333
Yeast Grow 4 Days,pioreactor02,2025-09-20T10:44:38.862Z,427.5,2025-09-20 12:44:38.862,5.704722222222
Yeast Grow 4 Days,pioreactor02,2025-09-20T10:45:01.862Z,436.3,2025-09-20 12:45:01.862,5.711111111111
Yeast Grow 4 Days,pioreactor02,2025-09-20T10:45:24.862Z,519.0,2025-09-20 12:45:24.862,5.7175
Yeast Grow 4 Days,pioreactor02,2025-09-20T10:45:47.862Z,532.5,2025-09-20 12:45:47.862,5.723888888889
Yeast Grow 4 Days,pioreactor02,2025-09-20T10:46:10.862Z,527.1,2025-09-20 12:46:10.862,5.730277777778
Yeast Grow 4 Days,pioreactor02,2025-09-20T10:46:33.862Z,509.2,2025-09-20 12:46:33.862,5.736666666667
Yeast Grow 4 Days,pioreactor02,2025-09-20T10:46:56.862Z,522.3,2025-09-20 12:46:56.862,5.743055555556
Yeast Grow 4 Days,pioreactor02,2025-09-20T10:47:19.862Z,510.6,2025-09-20 12:47:19.862,5.749444444444
Yeast Grow 4 Days,pioreactor02,2025-09-20T10:47:42.862Z,503.2,2025-09-20 12:47:42.862,5.755833333333
Yeast Grow 4 Days,pioreactor02,2025-09-20T10:48:05.862Z,511.6,2025-09-20 12:48:05.862,5.762222222222
Yeast Grow 4 Days,pioreactor02,2025-09-20T10:48:28.862Z,481.0,2025-09-20 12:48:28.862,5.768611111111
Yeast Grow 4 Days,pioreactor02,2025-09-20T10:48:51.862Z,426.5,2025-09-20 12:48:51.862,5.775
Yeast Grow 4 Days,pioreactor02,2025-09-20T10:49:14.862Z,527.9,2025-09-20 12:49:14.862,5.781388888889
Yeast Grow 4 Days,pioreactor02,2025-09-20T10:49:37.862Z,519.9,2025-09-20 12:49:37.862,5.787777777778
Yeast Grow 4 Days,pioreactor02,2025-09-20T10:50:00.862Z,509.8,2025-09-20 12:50:00.862,5.794166666667
Yeast Grow 4 Days,pioreactor02,2025-09-20T10:50:23.862Z,517.5,2025-09-20 12:50:23.862,5.800555555556
Yeast Grow 4 Days,pioreactor02,2025-09-20T10:50:46.862Z,514.5,2025-09-20 12:50:46.862,5.806944444444
Yeast Grow 4 Days,pioreactor02,2025-09-20T10:51:09.862Z,504.7,2025-09-20 12:51:09.862,5.813333333333
Yeast Grow 4 Days,pioreactor02,2025-09-20T10:51:32.862Z,501.6,2025-09-20 12:51:32.862,5.819722222222
Yeast Grow 4 Days,pioreactor02,2025-09-20T10:51:55.862Z,497.8,2025-09-20 12:51:55.862,5.826111111111
Yeast Grow 4 Days,pioreactor02,2025-09-20T10:52:18.862Z,500.9,2025-09-20 12:52:18.862,5.8325
Yeast Grow 4 Days,pioreactor02,2025-09-20T10:52:41.862Z,516.1,2025-09-20 12:52:41.862,5.838888888889
Yeast Grow 4 Days,pioreactor02,2025-09-20T10:53:04.862Z,505.6,2025-09-20 12:53:04.862,5.845277777778
Yeast Grow 4 Days,pioreactor02,2025-09-20T10:53:27.862Z,504.3,2025-09-20 12:53:27.862,5.851666666667
Yeast Grow 4 Days,pioreactor02,2025-09-20T10:53:50.862Z,493.3,2025-09-20 12:53:50.862,5.858055555556
Yeast Grow 4 Days,pioreactor02,2025-09-20T10:54:13.862Z,510.4,2025-09-20 12:54:13.862,5.864444444444
Yeast Grow 4 Days,pioreactor02,2025-09-20T10:54:36.862Z,502.8,2025-09-20 12:54:36.862,5.870833333333
Yeast Grow 4 Days,pioreactor02,2025-09-20T10:54:59.862Z,500.6,2025-09-20 12:54:59.862,5.877222222222
Yeast Grow 4 Days,pioreactor02,2025-09-20T10:55:22.862Z,491.8,2025-09-20 12:55:22.862,5.883611111111
Yeast Grow 4 Days,pioreactor02,2025-09-20T10:55:45.862Z,421.1,2025-09-20 12:55:45.862,5.89
Yeast Grow 4 Days,pioreactor02,2025-09-20T10:56:08.862Z,430.2,2025-09-20 12:56:08.862,5.896388888889
Yeast Grow 4 Days,pioreactor02,2025-09-20T10:56:31.862Z,532.2,2025-09-20 12:56:31.862,5.902777777778
Yeast Grow 4 Days,pioreactor02,2025-09-20T10:56:54.862Z,518.2,2025-09-20 12:56:54.862,5.909166666667
Yeast Grow 4 Days,pioreactor02,2025-09-20T10:57:17.862Z,517.5,2025-09-20 12:57:17.862,5.915555555556
Yeast Grow 4 Days,pioreactor02,2025-09-20T10:57:40.862Z,498.1,2025-09-20 12:57:40.862,5.921944444444
Yeast Grow 4 Days,pioreactor02,2025-09-20T10:58:03.862Z,510.8,2025-09-20 12:58:03.862,5.928333333333
Yeast Grow 4 Days,pioreactor02,2025-09-20T10:58:26.862Z,514.1,2025-09-20 12:58:26.862,5.934722222222
Yeast Grow 4 Days,pioreactor02,2025-09-20T10:58:49.862Z,502.1,2025-09-20 12:58:49.862,5.941111111111
Yeast Grow 4 Days,pioreactor02,2025-09-20T10:59:12.862Z,510.5,2025-09-20 12:59:12.862,5.9475
Yeast Grow 4 Days,pioreactor02,2025-09-20T10:59:35.862Z,512.8,2025-09-20 12:59:35.862,5.953888888889
Yeast Grow 4 Days,pioreactor02,2025-09-20T10:59:58.862Z,499.9,2025-09-20 12:59:58.862,5.960277777778
Yeast Grow 4 Days,pioreactor02,2025-09-20T11:00:21.862Z,506.0,2025-09-20 13:00:21.862,5.966666666667
Yeast Grow 4 Days,pioreactor02,2025-09-20T11:00:44.862Z,500.6,2025-09-20 13:00:44.862,5.973055555556
Yeast Grow 4 Days,pioreactor02,2025-09-20T11:01:07.862Z,487.4,2025-09-20 13:01:07.862,5.979444444444
Yeast Grow 4 Days,pioreactor02,2025-09-20T11:01:30.862Z,490.0,2025-09-20 13:01:30.862,5.985833333333
Yeast Grow 4 Days,pioreactor02,2025-09-20T11:01:53.862Z,504.6,2025-09-20 13:01:53.862,5.992222222222
Yeast Grow 4 Days,pioreactor02,2025-09-20T11:02:16.862Z,503.1,2025-09-20 13:02:16.862,5.998611111111
Yeast Grow 4 Days,pioreactor02,2025-09-20T11:02:39.862Z,508.6,2025-09-20 13:02:39.862,6.005
Yeast Grow 4 Days,pioreactor02,2025-09-20T11:03:02.862Z,501.7,2025-09-20 13:03:02.862,6.011388888889
Yeast Grow 4 Days,pioreactor02,2025-09-20T11:03:25.862Z,513.3,2025-09-20 13:03:25.862,6.017777777778
Yeast Grow 4 Days,pioreactor02,2025-09-20T11:03:48.862Z,502.3,2025-09-20 13:03:48.862,6.024166666667
Yeast Grow 4 Days,pioreactor02,2025-09-20T11:04:11.862Z,490.5,2025-09-20 13:04:11.862,6.030555555556
Yeast Grow 4 Days,pioreactor02,2025-09-20T11:04:34.862Z,429.6,2025-09-20 13:04:34.862,6.036944444444
Yeast Grow 4 Days,pioreactor02,2025-09-20T11:04:57.862Z,432.6,2025-09-20 13:04:57.862,6.043333333333
Yeast Grow 4 Days,pioreactor02,2025-09-20T11:05:20.862Z,527.7,2025-09-20 13:05:20.862,6.049722222222
Yeast Grow 4 Days,pioreactor02,2025-09-20T11:05:43.862Z,520.4,2025-09-20 13:05:43.862,6.056111111111
Yeast Grow 4 Days,pioreactor02,2025-09-20T11:06:06.862Z,512.3,2025-09-20 13:06:06.862,6.0625
Yeast Grow 4 Days,pioreactor02,2025-09-20T11:06:29.862Z,524.0,2025-09-20 13:06:29.862,6.068888888889
Yeast Grow 4 Days,pioreactor02,2025-09-20T11:06:52.862Z,512.3,2025-09-20 13:06:52.862,6.075277777778
Yeast Grow 4 Days,pioreactor02,2025-09-20T11:07:15.862Z,516.7,2025-09-20 13:07:15.862,6.081666666667
Yeast Grow 4 Days,pioreactor02,2025-09-20T11:07:38.862Z,497.8,2025-09-20 13:07:38.862,6.088055555556
Yeast Grow 4 Days,pioreactor02,2025-09-20T11:08:01.862Z,499.9,2025-09-20 13:08:01.862,6.094444444444
Yeast Grow 4 Days,pioreactor02,2025-09-20T11:08:24.862Z,503.5,2025-09-20 13:08:24.862,6.100833333333
Yeast Grow 4 Days,pioreactor02,2025-09-20T11:08:47.862Z,497.3,2025-09-20 13:08:47.862,6.107222222222
Yeast Grow 4 Days,pioreactor02,2025-09-20T11:09:10.862Z,506.4,2025-09-20 13:09:10.862,6.113611111111
Yeast Grow 4 Days,pioreactor02,2025-09-20T11:09:33.862Z,517.1,2025-09-20 13:09:33.862,6.12
Yeast Grow 4 Days,pioreactor02,2025-09-20T11:09:56.862Z,515.3,2025-09-20 13:09:56.862,6.126388888889
Yeast Grow 4 Days,pioreactor02,2025-09-20T11:10:19.862Z,496.1,2025-09-20 13:10:19.862,6.132777777778
Yeast Grow 4 Days,pioreactor02,2025-09-20T11:10:42.862Z,501.1,2025-09-20 13:10:42.862,6.139166666667
Yeast Grow 4 Days,pioreactor02,2025-09-20T11:11:05.862Z,483.5,2025-09-20 13:11:05.862,6.145555555556
Yeast Grow 4 Days,pioreactor02,2025-09-20T11:11:28.862Z,502.9,2025-09-20 13:11:28.862,6.151944444444
Yeast Grow 4 Days,pioreactor02,2025-09-20T11:11:51.862Z,504.2,2025-09-20 13:11:51.862,6.158333333333
Yeast Grow 4 Days,pioreactor02,2025-09-20T11:12:14.862Z,499.4,2025-09-20 13:12:14.862,6.164722222222
Yeast Grow 4 Days,pioreactor02,2025-09-20T11:12:37.862Z,512.5,2025-09-20 13:12:37.862,6.171111111111
Yeast Grow 4 Days,pioreactor02,2025-09-20T11:13:00.862Z,500.5,2025-09-20 13:13:00.862,6.1775
Yeast Grow 4 Days,pioreactor02,2025-09-20T11:13:23.862Z,499.4,2025-09-20 13:13:23.862,6.183888888889
Yeast Grow 4 Days,pioreactor02,2025-09-20T11:13:46.862Z,514.3,2025-09-20 13:13:46.862,6.190277777778
Yeast Grow 4 Days,pioreactor02,2025-09-20T11:14:09.862Z,505.3,2025-09-20 13:14:09.862,6.196666666667
Yeast Grow 4 Days,pioreactor02,2025-09-20T11:14:32.862Z,421.4,2025-09-20 13:14:32.862,6.203055555556
Yeast Grow 4 Days,pioreactor02,2025-09-20T11:14:55.862Z,428.2,2025-09-20 13:14:55.862,6.209444444444
Yeast Grow 4 Days,pioreactor02,2025-09-20T11:15:18.862Z,524.4,2025-09-20 13:15:18.862,6.215833333333
Yeast Grow 4 Days,pioreactor02,2025-09-20T11:15:41.862Z,516.3,2025-09-20 13:15:41.862,6.222222222222
Yeast Grow 4 Days,pioreactor02,2025-09-20T11:16:04.862Z,516.5,2025-09-20 13:16:04.862,6.228611111111
Yeast Grow 4 Days,pioreactor02,2025-09-20T11:16:27.862Z,519.9,2025-09-20 13:16:27.862,6.235
Yeast Grow 4 Days,pioreactor02,2025-09-20T11:16:50.862Z,510.1,2025-09-20 13:16:50.862,6.241388888889
Yeast Grow 4 Days,pioreactor02,2025-09-20T11:17:13.862Z,508.1,2025-09-20 13:17:13.862,6.247777777778
Yeast Grow 4 Days,pioreactor02,2025-09-20T11:17:36.862Z,506.0,2025-09-20 13:17:36.862,6.254166666667
Yeast Grow 4 Days,pioreactor02,2025-09-20T11:17:59.862Z,505.1,2025-09-20 13:17:59.862,6.260555555556
Yeast Grow 4 Days,pioreactor02,2025-09-20T11:18:22.862Z,499.0,2025-09-20 13:18:22.862,6.266944444444
Yeast Grow 4 Days,pioreactor02,2025-09-20T11:18:45.862Z,500.8,2025-09-20 13:18:45.862,6.273333333333
Yeast Grow 4 Days,pioreactor02,2025-09-20T11:19:08.862Z,506.8,2025-09-20 13:19:08.862,6.279722222222
Yeast Grow 4 Days,pioreactor02,2025-09-20T11:19:31.862Z,511.4,2025-09-20 13:19:31.862,6.286111111111
Yeast Grow 4 Days,pioreactor02,2025-09-20T11:19:54.862Z,503.1,2025-09-20 13:19:54.862,6.2925
Yeast Grow 4 Days,pioreactor02,2025-09-20T11:20:17.862Z,497.0,2025-09-20 13:20:17.862,6.298888888889
Yeast Grow 4 Days,pioreactor02,2025-09-20T11:20:40.862Z,510.1,2025-09-20 13:20:40.862,6.305277777778
Yeast Grow 4 Days,pioreactor02,2025-09-20T11:21:03.862Z,501.5,2025-09-20 13:21:03.862,6.311666666667
Yeast Grow 4 Days,pioreactor02,2025-09-20T11:21:26.862Z,501.5,2025-09-20 13:21:26.862,6.318055555556
Yeast Grow 4 Days,pioreactor02,2025-09-20T11:21:49.862Z,504.7,2025-09-20 13:21:49.862,6.324444444444
Yeast Grow 4 Days,pioreactor02,2025-09-20T11:22:12.862Z,495.4,2025-09-20 13:22:12.862,6.330833333333
Yeast Grow 4 Days,pioreactor02,2025-09-20T11:22:35.862Z,500.1,2025-09-20 13:22:35.862,6.337222222222
Yeast Grow 4 Days,pioreactor02,2025-09-20T11:22:58.862Z,506.4,2025-09-20 13:22:58.862,6.343611111111
Yeast Grow 4 Days,pioreactor02,2025-09-20T11:23:21.862Z,502.8,2025-09-20 13:23:21.862,6.35
Yeast Grow 4 Days,pioreactor02,2025-09-20T11:23:44.862Z,500.6,2025-09-20 13:23:44.862,6.356388888889
Yeast Grow 4 Days,pioreactor02,2025-09-20T11:24:07.862Z,494.9,2025-09-20 13:24:07.862,6.362777777778
Yeast Grow 4 Days,pioreactor02,2025-09-20T11:24:30.862Z,419.2,2025-09-20 13:24:30.862,6.369166666667
Yeast Grow 4 Days,pioreactor02,2025-09-20T11:24:53.862Z,431.6,2025-09-20 13:24:53.862,6.375555555556
Yeast Grow 4 Days,pioreactor02,2025-09-20T11:25:16.862Z,519.5,2025-09-20 13:25:16.862,6.381944444444
Yeast Grow 4 Days,pioreactor02,2025-09-20T11:25:39.862Z,515.6,2025-09-20 13:25:39.862,6.388333333333
Yeast Grow 4 Days,pioreactor02,2025-09-20T11:26:02.862Z,522.8,2025-09-20 13:26:02.862,6.394722222222
Yeast Grow 4 Days,pioreactor02,2025-09-20T11:26:25.862Z,519.4,2025-09-20 13:26:25.862,6.401111111111
Yeast Grow 4 Days,pioreactor02,2025-09-20T11:26:48.862Z,519.0,2025-09-20 13:26:48.862,6.4075
Yeast Grow 4 Days,pioreactor02,2025-09-20T11:27:11.862Z,508.6,2025-09-20 13:27:11.862,6.413888888889
Yeast Grow 4 Days,pioreactor02,2025-09-20T11:27:34.862Z,517.0,2025-09-20 13:27:34.862,6.420277777778
Yeast Grow 4 Days,pioreactor02,2025-09-20T11:27:57.862Z,488.3,2025-09-20 13:27:57.862,6.426666666667
Yeast Grow 4 Days,pioreactor02,2025-09-20T11:28:20.862Z,496.0,2025-09-20 13:28:20.862,6.433055555556
Yeast Grow 4 Days,pioreactor02,2025-09-20T11:28:43.862Z,509.3,2025-09-20 13:28:43.862,6.439444444444
Yeast Grow 4 Days,pioreactor02,2025-09-20T11:29:06.862Z,506.9,2025-09-20 13:29:06.862,6.445833333333
Yeast Grow 4 Days,pioreactor02,2025-09-20T11:29:29.862Z,510.5,2025-09-20 13:29:29.862,6.452222222222
Yeast Grow 4 Days,pioreactor02,2025-09-20T11:29:52.862Z,500.8,2025-09-20 13:29:52.862,6.458611111111
Yeast Grow 4 Days,pioreactor02,2025-09-20T11:30:15.862Z,501.6,2025-09-20 13:30:15.862,6.465
Yeast Grow 4 Days,pioreactor02,2025-09-20T11:30:38.862Z,500.9,2025-09-20 13:30:38.862,6.471388888889
Yeast Grow 4 Days,pioreactor02,2025-09-20T11:31:01.862Z,498.8,2025-09-20 13:31:01.862,6.477777777778
Yeast Grow 4 Days,pioreactor02,2025-09-20T11:31:24.862Z,495.8,2025-09-20 13:31:24.862,6.484166666667
Yeast Grow 4 Days,pioreactor02,2025-09-20T11:31:47.862Z,493.0,2025-09-20 13:31:47.862,6.490555555556
Yeast Grow 4 Days,pioreactor02,2025-09-20T11:32:10.862Z,490.4,2025-09-20 13:32:10.862,6.496944444444
Yeast Grow 4 Days,pioreactor02,2025-09-20T11:32:33.862Z,513.0,2025-09-20 13:32:33.862,6.503333333333
Yeast Grow 4 Days,pioreactor02,2025-09-20T11:32:56.862Z,486.2,2025-09-20 13:32:56.862,6.509722222222
Yeast Grow 4 Days,pioreactor02,2025-09-20T11:33:19.862Z,499.5,2025-09-20 13:33:19.862,6.516111111111
Yeast Grow 4 Days,pioreactor02,2025-09-20T11:33:42.862Z,496.5,2025-09-20 13:33:42.862,6.5225
Yeast Grow 4 Days,pioreactor02,2025-09-20T11:34:05.862Z,495.9,2025-09-20 13:34:05.862,6.528888888889
Yeast Grow 4 Days,pioreactor02,2025-09-20T11:34:28.862Z,503.5,2025-09-20 13:34:28.862,6.535277777778
Yeast Grow 4 Days,pioreactor02,2025-09-20T11:34:51.862Z,503.9,2025-09-20 13:34:51.862,6.541666666667
Yeast Grow 4 Days,pioreactor02,2025-09-20T11:35:14.862Z,478.5,2025-09-20 13:35:14.862,6.548055555556
Yeast Grow 4 Days,pioreactor02,2025-09-20T11:35:37.862Z,498.5,2025-09-20 13:35:37.862,6.554444444444
Yeast Grow 4 Days,pioreactor02,2025-09-20T11:36:00.862Z,517.0,2025-09-20 13:36:00.862,6.560833333333
Yeast Grow 4 Days,pioreactor02,2025-09-20T11:36:23.862Z,522.5,2025-09-20 13:36:23.862,6.567222222222
Yeast Grow 4 Days,pioreactor02,2025-09-20T11:36:46.862Z,495.5,2025-09-20 13:36:46.862,6.573611111111
Yeast Grow 4 Days,pioreactor02,2025-09-20T11:37:09.862Z,497.9,2025-09-20 13:37:09.862,6.58
Yeast Grow 4 Days,pioreactor02,2025-09-20T11:37:32.862Z,495.8,2025-09-20 13:37:32.862,6.586388888889
Yeast Grow 4 Days,pioreactor02,2025-09-20T11:37:55.862Z,500.4,2025-09-20 13:37:55.862,6.592777777778
Yeast Grow 4 Days,pioreactor02,2025-09-20T11:38:18.862Z,506.3,2025-09-20 13:38:18.862,6.599166666667
Yeast Grow 4 Days,pioreactor02,2025-09-20T11:38:41.862Z,505.1,2025-09-20 13:38:41.862,6.605555555556
Yeast Grow 4 Days,pioreactor02,2025-09-20T11:39:04.862Z,506.5,2025-09-20 13:39:04.862,6.611944444444
Yeast Grow 4 Days,pioreactor02,2025-09-20T11:39:27.862Z,503.5,2025-09-20 13:39:27.862,6.618333333333
Yeast Grow 4 Days,pioreactor02,2025-09-20T11:39:50.862Z,501.0,2025-09-20 13:39:50.862,6.624722222222
Yeast Grow 4 Days,pioreactor02,2025-09-20T11:40:13.862Z,490.7,2025-09-20 13:40:13.862,6.631111111111
Yeast Grow 4 Days,pioreactor02,2025-09-20T11:40:36.862Z,506.4,2025-09-20 13:40:36.862,6.6375
Yeast Grow 4 Days,pioreactor02,2025-09-20T11:40:59.862Z,487.3,2025-09-20 13:40:59.862,6.643888888889
Yeast Grow 4 Days,pioreactor02,2025-09-20T11:41:22.862Z,498.1,2025-09-20 13:41:22.862,6.650277777778
Yeast Grow 4 Days,pioreactor02,2025-09-20T11:41:45.862Z,508.5,2025-09-20 13:41:45.862,6.656666666667
Yeast Grow 4 Days,pioreactor02,2025-09-20T11:42:08.862Z,420.1,2025-09-20 13:42:08.862,6.663055555556
Yeast Grow 4 Days,pioreactor02,2025-09-20T11:42:31.862Z,495.9,2025-09-20 13:42:31.862,6.669444444444
Yeast Grow 4 Days,pioreactor02,2025-09-20T11:42:54.862Z,513.5,2025-09-20 13:42:54.862,6.675833333333
Yeast Grow 4 Days,pioreactor02,2025-09-20T11:43:17.862Z,519.7,2025-09-20 13:43:17.862,6.682222222222
Yeast Grow 4 Days,pioreactor02,2025-09-20T11:43:40.862Z,509.8,2025-09-20 13:43:40.862,6.688611111111
Yeast Grow 4 Days,pioreactor02,2025-09-20T11:44:03.862Z,513.3,2025-09-20 13:44:03.862,6.695
Yeast Grow 4 Days,pioreactor02,2025-09-20T11:44:26.862Z,505.6,2025-09-20 13:44:26.862,6.701388888889
Yeast Grow 4 Days,pioreactor02,2025-09-20T11:44:49.862Z,500.9,2025-09-20 13:44:49.862,6.707777777778
Yeast Grow 4 Days,pioreactor02,2025-09-20T11:45:12.862Z,502.5,2025-09-20 13:45:12.862,6.714166666667
Yeast Grow 4 Days,pioreactor02,2025-09-20T11:45:35.862Z,490.6,2025-09-20 13:45:35.862,6.720555555556
Yeast Grow 4 Days,pioreactor02,2025-09-20T11:45:58.862Z,510.2,2025-09-20 13:45:58.862,6.726944444444
Yeast Grow 4 Days,pioreactor02,2025-09-20T11:46:21.862Z,510.3,2025-09-20 13:46:21.862,6.733333333333
Yeast Grow 4 Days,pioreactor02,2025-09-20T11:46:44.862Z,507.7,2025-09-20 13:46:44.862,6.739722222222
Yeast Grow 4 Days,pioreactor02,2025-09-20T11:47:07.862Z,504.5,2025-09-20 13:47:07.862,6.746111111111
Yeast Grow 4 Days,pioreactor02,2025-09-20T11:47:30.862Z,489.4,2025-09-20 13:47:30.862,6.7525
Yeast Grow 4 Days,pioreactor02,2025-09-20T11:47:53.862Z,500.8,2025-09-20 13:47:53.862,6.758888888889
Yeast Grow 4 Days,pioreactor02,2025-09-20T11:48:16.862Z,496.6,2025-09-20 13:48:16.862,6.765277777778
Yeast Grow 4 Days,pioreactor02,2025-09-20T11:48:39.862Z,500.7,2025-09-20 13:48:39.862,6.771666666667
Yeast Grow 4 Days,pioreactor02,2025-09-20T11:49:02.862Z,494.4,2025-09-20 13:49:02.862,6.778055555556
Yeast Grow 4 Days,pioreactor02,2025-09-20T11:49:25.862Z,499.2,2025-09-20 13:49:25.862,6.784444444444
Yeast Grow 4 Days,pioreactor02,2025-09-20T11:49:48.862Z,505.6,2025-09-20 13:49:48.862,6.790833333333
Yeast Grow 4 Days,pioreactor02,2025-09-20T11:50:11.862Z,497.7,2025-09-20 13:50:11.862,6.797222222222
Yeast Grow 4 Days,pioreactor02,2025-09-20T11:50:34.862Z,498.9,2025-09-20 13:50:34.862,6.803611111111
Yeast Grow 4 Days,pioreactor02,2025-09-20T11:50:57.862Z,496.6,2025-09-20 13:50:57.862,6.81
Yeast Grow 4 Days,pioreactor02,2025-09-20T11:51:20.862Z,507.1,2025-09-20 13:51:20.862,6.816388888889
Yeast Grow 4 Days,pioreactor02,2025-09-20T11:51:43.862Z,493.9,2025-09-20 13:51:43.862,6.822777777778
Yeast Grow 4 Days,pioreactor02,2025-09-20T11:52:06.862Z,486.0,2025-09-20 13:52:06.862,6.829166666667
Yeast Grow 4 Days,pioreactor02,2025-09-20T11:52:29.862Z,511.9,2025-09-20 13:52:29.862,6.835555555556
Yeast Grow 4 Days,pioreactor02,2025-09-20T11:52:52.862Z,499.1,2025-09-20 13:52:52.862,6.841944444444
Yeast Grow 4 Days,pioreactor02,2025-09-20T11:53:15.862Z,501.2,2025-09-20 13:53:15.862,6.848333333333
Yeast Grow 4 Days,pioreactor02,2025-09-20T11:53:38.862Z,515.5,2025-09-20 13:53:38.862,6.854722222222
Yeast Grow 4 Days,pioreactor02,2025-09-20T11:54:01.862Z,491.7,2025-09-20 13:54:01.862,6.861111111111
Yeast Grow 4 Days,pioreactor02,2025-09-20T11:54:24.862Z,501.2,2025-09-20 13:54:24.862,6.8675
Yeast Grow 4 Days,pioreactor02,2025-09-20T11:54:47.862Z,503.0,2025-09-20 13:54:47.862,6.873888888889
Yeast Grow 4 Days,pioreactor02,2025-09-20T11:55:10.862Z,481.2,2025-09-20 13:55:10.862,6.880277777778
Yeast Grow 4 Days,pioreactor02,2025-09-20T11:55:33.862Z,500.2,2025-09-20 13:55:33.862,6.886666666667
Yeast Grow 4 Days,pioreactor02,2025-09-20T11:55:56.862Z,510.2,2025-09-20 13:55:56.862,6.893055555556
Yeast Grow 4 Days,pioreactor02,2025-09-20T11:56:19.862Z,505.5,2025-09-20 13:56:19.862,6.899444444444
Yeast Grow 4 Days,pioreactor02,2025-09-20T11:56:42.862Z,511.7,2025-09-20 13:56:42.862,6.905833333333
Yeast Grow 4 Days,pioreactor02,2025-09-20T11:57:05.862Z,500.4,2025-09-20 13:57:05.862,6.912222222222
Yeast Grow 4 Days,pioreactor02,2025-09-20T11:57:28.862Z,497.6,2025-09-20 13:57:28.862,6.918611111111
Yeast Grow 4 Days,pioreactor02,2025-09-20T11:57:51.862Z,496.0,2025-09-20 13:57:51.862,6.925
Yeast Grow 4 Days,pioreactor02,2025-09-20T11:58:14.862Z,489.2,2025-09-20 13:58:14.862,6.931388888889
Yeast Grow 4 Days,pioreactor02,2025-09-20T11:58:37.862Z,500.4,2025-09-20 13:58:37.862,6.937777777778
Yeast Grow 4 Days,pioreactor02,2025-09-20T11:59:00.862Z,503.7,2025-09-20 13:59:00.862,6.944166666667
Yeast Grow 4 Days,pioreactor02,2025-09-20T11:59:23.862Z,506.2,2025-09-20 13:59:23.862,6.950555555556
Yeast Grow 4 Days,pioreactor02,2025-09-20T11:59:46.862Z,500.5,2025-09-20 13:59:46.862,6.956944444444
Yeast Grow 4 Days,pioreactor02,2025-09-20T12:00:09.862Z,486.1,2025-09-20 14:00:09.862,6.963333333333
Yeast Grow 4 Days,pioreactor02,2025-09-20T12:00:32.862Z,500.8,2025-09-20 14:00:32.862,6.969722222222
Yeast Grow 4 Days,pioreactor02,2025-09-20T12:00:55.862Z,508.1,2025-09-20 14:00:55.862,6.976111111111
Yeast Grow 4 Days,pioreactor02,2025-09-20T12:01:18.862Z,496.5,2025-09-20 14:01:18.862,6.9825
Yeast Grow 4 Days,pioreactor02,2025-09-20T12:01:41.862Z,489.1,2025-09-20 14:01:41.862,6.988888888889
Yeast Grow 4 Days,pioreactor02,2025-09-20T12:02:04.862Z,490.8,2025-09-20 14:02:04.862,6.995277777778
Yeast Grow 4 Days,pioreactor02,2025-09-20T12:02:27.862Z,483.3,2025-09-20 14:02:27.862,7.001666666667
Yeast Grow 4 Days,pioreactor02,2025-09-20T12:02:50.862Z,512.5,2025-09-20 14:02:50.862,7.008055555556
Yeast Grow 4 Days,pioreactor02,2025-09-20T12:03:13.862Z,511.2,2025-09-20 14:03:13.862,7.014444444444
Yeast Grow 4 Days,pioreactor02,2025-09-20T12:03:36.862Z,507.9,2025-09-20 14:03:36.862,7.020833333333
Yeast Grow 4 Days,pioreactor02,2025-09-20T12:03:59.862Z,499.1,2025-09-20 14:03:59.862,7.027222222222
Yeast Grow 4 Days,pioreactor02,2025-09-20T12:04:22.862Z,499.1,2025-09-20 14:04:22.862,7.033611111111
Yeast Grow 4 Days,pioreactor02,2025-09-20T12:04:45.862Z,506.3,2025-09-20 14:04:45.862,7.04
Yeast Grow 4 Days,pioreactor02,2025-09-20T12:05:08.862Z,495.2,2025-09-20 14:05:08.862,7.046388888889
Yeast Grow 4 Days,pioreactor02,2025-09-20T12:05:31.862Z,495.8,2025-09-20 14:05:31.862,7.052777777778
Yeast Grow 4 Days,pioreactor02,2025-09-20T12:05:54.862Z,495.3,2025-09-20 14:05:54.862,7.059166666667
Yeast Grow 4 Days,pioreactor02,2025-09-20T12:06:17.862Z,500.2,2025-09-20 14:06:17.862,7.065555555556
Yeast Grow 4 Days,pioreactor02,2025-09-20T12:06:40.862Z,507.8,2025-09-20 14:06:40.862,7.071944444444
Yeast Grow 4 Days,pioreactor02,2025-09-20T12:07:03.862Z,512.6,2025-09-20 14:07:03.862,7.078333333333
Yeast Grow 4 Days,pioreactor02,2025-09-20T12:07:26.862Z,432.9,2025-09-20 14:07:26.862,7.084722222222
Yeast Grow 4 Days,pioreactor02,2025-09-20T12:07:49.862Z,506.4,2025-09-20 14:07:49.862,7.091111111111
Yeast Grow 4 Days,pioreactor02,2025-09-20T12:08:12.862Z,506.7,2025-09-20 14:08:12.862,7.0975
Yeast Grow 4 Days,pioreactor02,2025-09-20T12:08:35.862Z,514.0,2025-09-20 14:08:35.862,7.103888888889
Yeast Grow 4 Days,pioreactor02,2025-09-20T12:08:58.862Z,498.4,2025-09-20 14:08:58.862,7.110277777778
Yeast Grow 4 Days,pioreactor02,2025-09-20T12:09:21.862Z,520.0,2025-09-20 14:09:21.862,7.116666666667
Yeast Grow 4 Days,pioreactor02,2025-09-20T12:09:44.862Z,513.6,2025-09-20 14:09:44.862,7.123055555556
Yeast Grow 4 Days,pioreactor02,2025-09-20T12:10:07.862Z,508.7,2025-09-20 14:10:07.862,7.129444444444
Yeast Grow 4 Days,pioreactor02,2025-09-20T12:10:30.862Z,502.5,2025-09-20 14:10:30.862,7.135833333333
Yeast Grow 4 Days,pioreactor02,2025-09-20T12:10:53.862Z,492.7,2025-09-20 14:10:53.862,7.142222222222
Yeast Grow 4 Days,pioreactor02,2025-09-20T12:11:16.862Z,489.2,2025-09-20 14:11:16.862,7.148611111111
Yeast Grow 4 Days,pioreactor02,2025-09-20T12:11:39.862Z,499.6,2025-09-20 14:11:39.862,7.155
Yeast Grow 4 Days,pioreactor02,2025-09-20T12:12:02.862Z,505.4,2025-09-20 14:12:02.862,7.161388888889
Yeast Grow 4 Days,pioreactor02,2025-09-20T12:12:25.862Z,503.9,2025-09-20 14:12:25.862,7.167777777778
Yeast Grow 4 Days,pioreactor02,2025-09-20T12:12:48.862Z,512.9,2025-09-20 14:12:48.862,7.174166666667
Yeast Grow 4 Days,pioreactor02,2025-09-20T12:13:11.862Z,506.3,2025-09-20 14:13:11.862,7.180555555556
Yeast Grow 4 Days,pioreactor02,2025-09-20T12:13:34.862Z,499.3,2025-09-20 14:13:34.862,7.186944444444
Yeast Grow 4 Days,pioreactor02,2025-09-20T12:13:57.862Z,505.6,2025-09-20 14:13:57.862,7.193333333333
Yeast Grow 4 Days,pioreactor02,2025-09-20T12:14:20.862Z,470.9,2025-09-20 14:14:20.862,7.199722222222
Yeast Grow 4 Days,pioreactor02,2025-09-20T12:14:43.862Z,508.1,2025-09-20 14:14:43.862,7.206111111111
Yeast Grow 4 Days,pioreactor02,2025-09-20T12:15:06.862Z,488.6,2025-09-20 14:15:06.862,7.2125
Yeast Grow 4 Days,pioreactor02,2025-09-20T12:15:29.862Z,514.2,2025-09-20 14:15:29.862,7.218888888889
Yeast Grow 4 Days,pioreactor02,2025-09-20T12:15:52.862Z,493.3,2025-09-20 14:15:52.862,7.225277777778
Yeast Grow 4 Days,pioreactor02,2025-09-20T12:16:15.862Z,498.1,2025-09-20 14:16:15.862,7.231666666667
Yeast Grow 4 Days,pioreactor02,2025-09-20T12:16:38.862Z,507.5,2025-09-20 14:16:38.862,7.238055555556
Yeast Grow 4 Days,pioreactor02,2025-09-20T12:17:01.862Z,498.5,2025-09-20 14:17:01.862,7.244444444444
Yeast Grow 4 Days,pioreactor02,2025-09-20T12:17:24.862Z,511.6,2025-09-20 14:17:24.862,7.250833333333
Yeast Grow 4 Days,pioreactor02,2025-09-20T12:17:47.862Z,496.6,2025-09-20 14:17:47.862,7.257222222222
Yeast Grow 4 Days,pioreactor02,2025-09-20T12:18:10.862Z,488.5,2025-09-20 14:18:10.862,7.263611111111
Yeast Grow 4 Days,pioreactor02,2025-09-20T12:18:33.862Z,428.9,2025-09-20 14:18:33.862,7.27
Yeast Grow 4 Days,pioreactor02,2025-09-20T12:18:56.862Z,499.6,2025-09-20 14:18:56.862,7.276388888889
Yeast Grow 4 Days,pioreactor02,2025-09-20T12:19:19.862Z,520.5,2025-09-20 14:19:19.862,7.282777777778
Yeast Grow 4 Days,pioreactor02,2025-09-20T12:19:42.862Z,517.0,2025-09-20 14:19:42.862,7.289166666667
Yeast Grow 4 Days,pioreactor02,2025-09-20T12:20:05.862Z,508.7,2025-09-20 14:20:05.862,7.295555555556
Yeast Grow 4 Days,pioreactor02,2025-09-20T12:20:28.862Z,518.0,2025-09-20 14:20:28.862,7.301944444444
Yeast Grow 4 Days,pioreactor02,2025-09-20T12:20:51.862Z,493.2,2025-09-20 14:20:51.862,7.308333333333
Yeast Grow 4 Days,pioreactor02,2025-09-20T12:21:14.862Z,506.3,2025-09-20 14:21:14.862,7.314722222222
Yeast Grow 4 Days,pioreactor02,2025-09-20T12:21:37.862Z,489.0,2025-09-20 14:21:37.862,7.321111111111
Yeast Grow 4 Days,pioreactor02,2025-09-20T12:22:00.862Z,505.9,2025-09-20 14:22:00.862,7.3275
Yeast Grow 4 Days,pioreactor02,2025-09-20T12:22:23.862Z,430.0,2025-09-20 14:22:23.862,7.333888888889
Yeast Grow 4 Days,pioreactor02,2025-09-20T12:22:46.862Z,516.7,2025-09-20 14:22:46.862,7.340277777778
Yeast Grow 4 Days,pioreactor02,2025-09-20T12:23:09.862Z,516.1,2025-09-20 14:23:09.862,7.346666666667
Yeast Grow 4 Days,pioreactor02,2025-09-20T12:23:32.862Z,520.6,2025-09-20 14:23:32.862,7.353055555556
Yeast Grow 4 Days,pioreactor02,2025-09-20T12:23:55.862Z,517.5,2025-09-20 14:23:55.862,7.359444444444
Yeast Grow 4 Days,pioreactor02,2025-09-20T12:24:18.862Z,508.9,2025-09-20 14:24:18.862,7.365833333333
Yeast Grow 4 Days,pioreactor02,2025-09-20T12:24:41.862Z,500.7,2025-09-20 14:24:41.862,7.372222222222
Yeast Grow 4 Days,pioreactor02,2025-09-20T12:25:04.862Z,484.1,2025-09-20 14:25:04.862,7.378611111111
Yeast Grow 4 Days,pioreactor02,2025-09-20T12:25:27.862Z,514.3,2025-09-20 14:25:27.862,7.385
Yeast Grow 4 Days,pioreactor02,2025-09-20T12:25:50.862Z,511.4,2025-09-20 14:25:50.862,7.391388888889
Yeast Grow 4 Days,pioreactor02,2025-09-20T12:26:13.862Z,495.9,2025-09-20 14:26:13.862,7.397777777778
Yeast Grow 4 Days,pioreactor02,2025-09-20T12:26:36.862Z,507.4,2025-09-20 14:26:36.862,7.404166666667
Yeast Grow 4 Days,pioreactor02,2025-09-20T12:26:59.862Z,504.9,2025-09-20 14:26:59.862,7.410555555556
Yeast Grow 4 Days,pioreactor02,2025-09-20T12:27:22.862Z,509.7,2025-09-20 14:27:22.862,7.416944444444
Yeast Grow 4 Days,pioreactor02,2025-09-20T12:27:45.862Z,501.2,2025-09-20 14:27:45.862,7.423333333333
Yeast Grow 4 Days,pioreactor02,2025-09-20T12:28:08.862Z,498.8,2025-09-20 14:28:08.862,7.429722222222
Yeast Grow 4 Days,pioreactor02,2025-09-20T12:28:31.862Z,492.9,2025-09-20 14:28:31.862,7.436111111111
Yeast Grow 4 Days,pioreactor02,2025-09-20T12:28:54.862Z,505.8,2025-09-20 14:28:54.862,7.4425
Yeast Grow 4 Days,pioreactor02,2025-09-20T12:29:17.862Z,496.8,2025-09-20 14:29:17.862,7.448888888889
Yeast Grow 4 Days,pioreactor02,2025-09-20T12:29:40.862Z,508.6,2025-09-20 14:29:40.862,7.455277777778
Yeast Grow 4 Days,pioreactor02,2025-09-20T12:30:03.862Z,503.5,2025-09-20 14:30:03.862,7.461666666667
Yeast Grow 4 Days,pioreactor02,2025-09-20T12:30:26.862Z,510.8,2025-09-20 14:30:26.862,7.468055555556
Yeast Grow 4 Days,pioreactor02,2025-09-20T12:30:49.862Z,505.8,2025-09-20 14:30:49.862,7.474444444444
Yeast Grow 4 Days,pioreactor02,2025-09-20T12:31:12.862Z,424.4,2025-09-20 14:31:12.862,7.480833333333
Yeast Grow 4 Days,pioreactor02,2025-09-20T12:31:35.862Z,445.1,2025-09-20 14:31:35.862,7.487222222222
Yeast Grow 4 Days,pioreactor02,2025-09-20T12:31:58.862Z,521.8,2025-09-20 14:31:58.862,7.493611111111
Yeast Grow 4 Days,pioreactor02,2025-09-20T12:32:21.862Z,510.9,2025-09-20 14:32:21.862,7.5
Yeast Grow 4 Days,pioreactor02,2025-09-20T12:32:44.862Z,516.9,2025-09-20 14:32:44.862,7.506388888889
Yeast Grow 4 Days,pioreactor02,2025-09-20T12:33:07.862Z,529.6,2025-09-20 14:33:07.862,7.512777777778
Yeast Grow 4 Days,pioreactor02,2025-09-20T12:33:30.862Z,500.3,2025-09-20 14:33:30.862,7.519166666667
Yeast Grow 4 Days,pioreactor02,2025-09-20T12:33:53.862Z,493.7,2025-09-20 14:33:53.862,7.525555555556
Yeast Grow 4 Days,pioreactor02,2025-09-20T12:34:16.862Z,519.6,2025-09-20 14:34:16.862,7.531944444444
Yeast Grow 4 Days,pioreactor02,2025-09-20T12:34:39.862Z,494.7,2025-09-20 14:34:39.862,7.538333333333
Yeast Grow 4 Days,pioreactor02,2025-09-20T12:35:02.862Z,497.1,2025-09-20 14:35:02.862,7.544722222222
Yeast Grow 4 Days,pioreactor02,2025-09-20T12:35:25.862Z,494.1,2025-09-20 14:35:25.862,7.551111111111
Yeast Grow 4 Days,pioreactor02,2025-09-20T12:35:48.862Z,517.8,2025-09-20 14:35:48.862,7.5575
Yeast Grow 4 Days,pioreactor02,2025-09-20T12:36:11.862Z,503.9,2025-09-20 14:36:11.862,7.563888888889
Yeast Grow 4 Days,pioreactor02,2025-09-20T12:36:34.862Z,450.9,2025-09-20 14:36:34.862,7.570277777778
Yeast Grow 4 Days,pioreactor02,2025-09-20T12:36:57.862Z,507.7,2025-09-20 14:36:57.862,7.576666666667
Yeast Grow 4 Days,pioreactor02,2025-09-20T12:37:20.862Z,515.8,2025-09-20 14:37:20.862,7.583055555556
Yeast Grow 4 Days,pioreactor02,2025-09-20T12:37:43.862Z,494.8,2025-09-20 14:37:43.862,7.589444444444
Yeast Grow 4 Days,pioreactor02,2025-09-20T12:38:06.862Z,506.7,2025-09-20 14:38:06.862,7.595833333333
Yeast Grow 4 Days,pioreactor02,2025-09-20T12:38:29.862Z,505.0,2025-09-20 14:38:29.862,7.602222222222
Yeast Grow 4 Days,pioreactor02,2025-09-20T12:38:52.862Z,496.1,2025-09-20 14:38:52.862,7.608611111111
Yeast Grow 4 Days,pioreactor02,2025-09-20T12:39:15.862Z,514.3,2025-09-20 14:39:15.862,7.615
Yeast Grow 4 Days,pioreactor02,2025-09-20T12:39:38.862Z,500.8,2025-09-20 14:39:38.862,7.621388888889
Yeast Grow 4 Days,pioreactor02,2025-09-20T12:40:01.862Z,511.6,2025-09-20 14:40:01.862,7.627777777778
Yeast Grow 4 Days,pioreactor02,2025-09-20T12:40:24.862Z,510.4,2025-09-20 14:40:24.862,7.634166666667
Yeast Grow 4 Days,pioreactor02,2025-09-20T12:40:47.862Z,506.0,2025-09-20 14:40:47.862,7.640555555556
Yeast Grow 4 Days,pioreactor02,2025-09-20T12:41:10.862Z,497.7,2025-09-20 14:41:10.862,7.646944444444
Yeast Grow 4 Days,pioreactor02,2025-09-20T12:41:33.862Z,482.3,2025-09-20 14:41:33.862,7.653333333333
Yeast Grow 4 Days,pioreactor02,2025-09-20T12:41:56.862Z,507.2,2025-09-20 14:41:56.862,7.659722222222
Yeast Grow 4 Days,pioreactor02,2025-09-20T12:42:19.862Z,482.4,2025-09-20 14:42:19.862,7.666111111111
Yeast Grow 4 Days,pioreactor02,2025-09-20T12:42:42.862Z,508.5,2025-09-20 14:42:42.862,7.6725
Yeast Grow 4 Days,pioreactor02,2025-09-20T12:43:05.862Z,508.8,2025-09-20 14:43:05.862,7.678888888889
Yeast Grow 4 Days,pioreactor02,2025-09-20T12:43:28.862Z,498.6,2025-09-20 14:43:28.862,7.685277777778
Yeast Grow 4 Days,pioreactor02,2025-09-20T12:43:51.862Z,507.5,2025-09-20 14:43:51.862,7.691666666667
Yeast Grow 4 Days,pioreactor02,2025-09-20T12:44:14.862Z,511.7,2025-09-20 14:44:14.862,7.698055555556
Yeast Grow 4 Days,pioreactor02,2025-09-20T12:44:37.862Z,495.0,2025-09-20 14:44:37.862,7.704444444444
Yeast Grow 4 Days,pioreactor02,2025-09-20T12:45:00.862Z,482.4,2025-09-20 14:45:00.862,7.710833333333
Yeast Grow 4 Days,pioreactor02,2025-09-20T12:45:23.862Z,496.9,2025-09-20 14:45:23.862,7.717222222222
Yeast Grow 4 Days,pioreactor02,2025-09-20T12:45:46.862Z,509.4,2025-09-20 14:45:46.862,7.723611111111
Yeast Grow 4 Days,pioreactor02,2025-09-20T12:46:09.862Z,499.7,2025-09-20 14:46:09.862,7.73
Yeast Grow 4 Days,pioreactor02,2025-09-20T12:46:32.862Z,503.1,2025-09-20 14:46:32.862,7.736388888889
Yeast Grow 4 Days,pioreactor02,2025-09-20T12:46:55.862Z,493.9,2025-09-20 14:46:55.862,7.742777777778
Yeast Grow 4 Days,pioreactor02,2025-09-20T12:47:18.862Z,496.9,2025-09-20 14:47:18.862,7.749166666667
Yeast Grow 4 Days,pioreactor02,2025-09-20T12:47:41.862Z,505.2,2025-09-20 14:47:41.862,7.755555555556
Yeast Grow 4 Days,pioreactor02,2025-09-20T12:48:04.862Z,500.4,2025-09-20 14:48:04.862,7.761944444444
Yeast Grow 4 Days,pioreactor02,2025-09-20T12:48:27.862Z,422.2,2025-09-20 14:48:27.862,7.768333333333
Yeast Grow 4 Days,pioreactor02,2025-09-20T12:48:50.862Z,513.2,2025-09-20 14:48:50.862,7.774722222222
Yeast Grow 4 Days,pioreactor02,2025-09-20T12:49:13.862Z,503.5,2025-09-20 14:49:13.862,7.781111111111
Yeast Grow 4 Days,pioreactor02,2025-09-20T12:49:36.862Z,508.1,2025-09-20 14:49:36.862,7.7875
Yeast Grow 4 Days,pioreactor02,2025-09-20T12:49:59.862Z,514.3,2025-09-20 14:49:59.862,7.793888888889
Yeast Grow 4 Days,pioreactor02,2025-09-20T12:50:22.862Z,513.0,2025-09-20 14:50:22.862,7.800277777778
Yeast Grow 4 Days,pioreactor02,2025-09-20T12:50:45.862Z,503.9,2025-09-20 14:50:45.862,7.806666666667
Yeast Grow 4 Days,pioreactor02,2025-09-20T12:51:08.862Z,499.3,2025-09-20 14:51:08.862,7.813055555556
Yeast Grow 4 Days,pioreactor02,2025-09-20T12:51:31.862Z,501.6,2025-09-20 14:51:31.862,7.819444444444
Yeast Grow 4 Days,pioreactor02,2025-09-20T12:51:54.862Z,491.2,2025-09-20 14:51:54.862,7.825833333333
Yeast Grow 4 Days,pioreactor02,2025-09-20T12:52:17.862Z,496.8,2025-09-20 14:52:17.862,7.832222222222
Yeast Grow 4 Days,pioreactor02,2025-09-20T12:52:40.862Z,520.7,2025-09-20 14:52:40.862,7.838611111111
Yeast Grow 4 Days,pioreactor02,2025-09-20T12:53:03.862Z,504.9,2025-09-20 14:53:03.862,7.845
Yeast Grow 4 Days,pioreactor02,2025-09-20T12:53:26.862Z,495.1,2025-09-20 14:53:26.862,7.851388888889
Yeast Grow 4 Days,pioreactor02,2025-09-20T12:53:49.862Z,513.2,2025-09-20 14:53:49.862,7.857777777778
Yeast Grow 4 Days,pioreactor02,2025-09-20T12:54:12.862Z,507.6,2025-09-20 14:54:12.862,7.864166666667
Yeast Grow 4 Days,pioreactor02,2025-09-20T12:54:35.862Z,492.0,2025-09-20 14:54:35.862,7.870555555556
Yeast Grow 4 Days,pioreactor02,2025-09-20T12:54:58.862Z,502.1,2025-09-20 14:54:58.862,7.876944444444
Yeast Grow 4 Days,pioreactor02,2025-09-20T12:55:21.862Z,498.5,2025-09-20 14:55:21.862,7.883333333333
Yeast Grow 4 Days,pioreactor02,2025-09-20T12:55:44.862Z,504.7,2025-09-20 14:55:44.862,7.889722222222
Yeast Grow 4 Days,pioreactor02,2025-09-20T12:56:07.862Z,503.4,2025-09-20 14:56:07.862,7.896111111111
Yeast Grow 4 Days,pioreactor02,2025-09-20T12:56:30.862Z,504.3,2025-09-20 14:56:30.862,7.9025
Yeast Grow 4 Days,pioreactor02,2025-09-20T12:56:53.862Z,511.9,2025-09-20 14:56:53.862,7.908888888889
Yeast Grow 4 Days,pioreactor02,2025-09-20T12:57:16.862Z,499.5,2025-09-20 14:57:16.862,7.915277777778
Yeast Grow 4 Days,pioreactor02,2025-09-20T12:57:39.862Z,487.4,2025-09-20 14:57:39.862,7.921666666667
Yeast Grow 4 Days,pioreactor02,2025-09-20T12:58:02.862Z,468.2,2025-09-20 14:58:02.862,7.928055555556
Yeast Grow 4 Days,pioreactor02,2025-09-20T12:58:25.862Z,508.6,2025-09-20 14:58:25.862,7.934444444444
Yeast Grow 4 Days,pioreactor02,2025-09-20T12:58:48.862Z,507.8,2025-09-20 14:58:48.862,7.940833333333
Yeast Grow 4 Days,pioreactor02,2025-09-20T12:59:11.862Z,516.4,2025-09-20 14:59:11.862,7.947222222222
Yeast Grow 4 Days,pioreactor02,2025-09-20T12:59:34.862Z,504.1,2025-09-20 14:59:34.862,7.953611111111
Yeast Grow 4 Days,pioreactor02,2025-09-20T12:59:57.862Z,498.9,2025-09-20 14:59:57.862,7.96
Yeast Grow 4 Days,pioreactor02,2025-09-20T13:00:20.862Z,500.8,2025-09-20 15:00:20.862,7.966388888889
Yeast Grow 4 Days,pioreactor02,2025-09-20T13:00:43.862Z,486.8,2025-09-20 15:00:43.862,7.972777777778
Yeast Grow 4 Days,pioreactor02,2025-09-20T13:01:06.862Z,501.1,2025-09-20 15:01:06.862,7.979166666667
Yeast Grow 4 Days,pioreactor02,2025-09-20T13:01:29.862Z,498.2,2025-09-20 15:01:29.862,7.985555555556
Yeast Grow 4 Days,pioreactor02,2025-09-20T13:01:52.862Z,462.1,2025-09-20 15:01:52.862,7.991944444444
Yeast Grow 4 Days,pioreactor02,2025-09-20T13:02:15.862Z,509.1,2025-09-20 15:02:15.862,7.998333333333
Yeast Grow 4 Days,pioreactor02,2025-09-20T13:02:38.862Z,516.2,2025-09-20 15:02:38.862,8.004722222222
Yeast Grow 4 Days,pioreactor02,2025-09-20T13:03:01.862Z,507.3,2025-09-20 15:03:01.862,8.011111111111
Yeast Grow 4 Days,pioreactor02,2025-09-20T13:03:24.862Z,506.7,2025-09-20 15:03:24.862,8.0175
Yeast Grow 4 Days,pioreactor02,2025-09-20T13:03:47.862Z,508.6,2025-09-20 15:03:47.862,8.023888888889
Yeast Grow 4 Days,pioreactor02,2025-09-20T13:04:10.862Z,493.9,2025-09-20 15:04:10.862,8.030277777778
Yeast Grow 4 Days,pioreactor02,2025-09-20T13:04:33.862Z,423.3,2025-09-20 15:04:33.862,8.036666666667
Yeast Grow 4 Days,pioreactor02,2025-09-20T13:04:56.862Z,433.4,2025-09-20 15:04:56.862,8.043055555556
Yeast Grow 4 Days,pioreactor02,2025-09-20T13:05:19.862Z,526.4,2025-09-20 15:05:19.862,8.049444444444
Yeast Grow 4 Days,pioreactor02,2025-09-20T13:05:42.862Z,524.5,2025-09-20 15:05:42.862,8.055833333333
Yeast Grow 4 Days,pioreactor02,2025-09-20T13:06:05.862Z,526.9,2025-09-20 15:06:05.862,8.062222222222
Yeast Grow 4 Days,pioreactor02,2025-09-20T13:06:28.862Z,524.4,2025-09-20 15:06:28.862,8.068611111111
Yeast Grow 4 Days,pioreactor02,2025-09-20T13:06:51.862Z,516.6,2025-09-20 15:06:51.862,8.075
Yeast Grow 4 Days,pioreactor02,2025-09-20T13:07:14.862Z,494.3,2025-09-20 15:07:14.862,8.081388888889
Yeast Grow 4 Days,pioreactor02,2025-09-20T13:07:37.862Z,507.1,2025-09-20 15:07:37.862,8.087777777778
Yeast Grow 4 Days,pioreactor02,2025-09-20T13:08:00.862Z,501.8,2025-09-20 15:08:00.862,8.094166666667
Yeast Grow 4 Days,pioreactor02,2025-09-20T13:08:23.862Z,498.7,2025-09-20 15:08:23.862,8.100555555556
Yeast Grow 4 Days,pioreactor02,2025-09-20T13:08:46.862Z,495.2,2025-09-20 15:08:46.862,8.106944444444
Yeast Grow 4 Days,pioreactor02,2025-09-20T13:09:09.862Z,502.6,2025-09-20 15:09:09.862,8.113333333333
Yeast Grow 4 Days,pioreactor02,2025-09-20T13:09:32.862Z,517.0,2025-09-20 15:09:32.862,8.119722222222
Yeast Grow 4 Days,pioreactor02,2025-09-20T13:09:55.862Z,509.0,2025-09-20 15:09:55.862,8.126111111111
Yeast Grow 4 Days,pioreactor02,2025-09-20T13:10:18.862Z,506.4,2025-09-20 15:10:18.862,8.1325
Yeast Grow 4 Days,pioreactor02,2025-09-20T13:10:41.862Z,500.5,2025-09-20 15:10:41.862,8.138888888889
Yeast Grow 4 Days,pioreactor02,2025-09-20T13:11:04.862Z,499.4,2025-09-20 15:11:04.862,8.145277777778
Yeast Grow 4 Days,pioreactor02,2025-09-20T13:11:27.862Z,500.5,2025-09-20 15:11:27.862,8.151666666667
Yeast Grow 4 Days,pioreactor02,2025-09-20T13:11:50.862Z,498.0,2025-09-20 15:11:50.862,8.158055555556
Yeast Grow 4 Days,pioreactor02,2025-09-20T13:12:13.862Z,503.1,2025-09-20 15:12:13.862,8.164444444444
Yeast Grow 4 Days,pioreactor02,2025-09-20T13:12:36.862Z,512.1,2025-09-20 15:12:36.862,8.170833333333
Yeast Grow 4 Days,pioreactor02,2025-09-20T13:12:59.862Z,502.3,2025-09-20 15:12:59.862,8.177222222222
Yeast Grow 4 Days,pioreactor02,2025-09-20T13:13:22.862Z,508.5,2025-09-20 15:13:22.862,8.183611111111
Yeast Grow 4 Days,pioreactor02,2025-09-20T13:13:45.862Z,502.9,2025-09-20 15:13:45.862,8.19
Yeast Grow 4 Days,pioreactor02,2025-09-20T13:14:08.862Z,505.7,2025-09-20 15:14:08.862,8.196388888889
Yeast Grow 4 Days,pioreactor02,2025-09-20T13:14:31.862Z,501.6,2025-09-20 15:14:31.862,8.202777777778
Yeast Grow 4 Days,pioreactor02,2025-09-20T13:14:54.862Z,490.0,2025-09-20 15:14:54.862,8.209166666667
Yeast Grow 4 Days,pioreactor02,2025-09-20T13:15:17.862Z,493.5,2025-09-20 15:15:17.862,8.215555555556
Yeast Grow 4 Days,pioreactor02,2025-09-20T13:15:40.862Z,487.6,2025-09-20 15:15:40.862,8.221944444444
Yeast Grow 4 Days,pioreactor02,2025-09-20T13:16:03.862Z,506.0,2025-09-20 15:16:03.862,8.228333333333
Yeast Grow 4 Days,pioreactor02,2025-09-20T13:16:26.862Z,507.1,2025-09-20 15:16:26.862,8.234722222222
Yeast Grow 4 Days,pioreactor02,2025-09-20T13:16:49.862Z,500.3,2025-09-20 15:16:49.862,8.241111111111
Yeast Grow 4 Days,pioreactor02,2025-09-20T13:17:12.862Z,496.9,2025-09-20 15:17:12.862,8.2475
Yeast Grow 4 Days,pioreactor02,2025-09-20T13:17:35.862Z,499.4,2025-09-20 15:17:35.862,8.253888888889
Yeast Grow 4 Days,pioreactor02,2025-09-20T13:17:58.862Z,490.6,2025-09-20 15:17:58.862,8.260277777778
Yeast Grow 4 Days,pioreactor02,2025-09-20T13:18:21.862Z,497.7,2025-09-20 15:18:21.862,8.266666666667
Yeast Grow 4 Days,pioreactor02,2025-09-20T13:18:44.862Z,496.2,2025-09-20 15:18:44.862,8.273055555556
Yeast Grow 4 Days,pioreactor02,2025-09-20T13:19:07.862Z,514.3,2025-09-20 15:19:07.862,8.279444444444
Yeast Grow 4 Days,pioreactor02,2025-09-20T13:19:30.862Z,500.0,2025-09-20 15:19:30.862,8.285833333333
Yeast Grow 4 Days,pioreactor02,2025-09-20T13:19:53.862Z,492.1,2025-09-20 15:19:53.862,8.292222222222
Yeast Grow 4 Days,pioreactor02,2025-09-20T13:20:16.862Z,501.9,2025-09-20 15:20:16.862,8.298611111111
Yeast Grow 4 Days,pioreactor02,2025-09-20T13:20:39.862Z,495.9,2025-09-20 15:20:39.862,8.305
Yeast Grow 4 Days,pioreactor02,2025-09-20T13:21:02.862Z,491.3,2025-09-20 15:21:02.862,8.311388888889
Yeast Grow 4 Days,pioreactor02,2025-09-20T13:21:25.862Z,501.8,2025-09-20 15:21:25.862,8.317777777778
Yeast Grow 4 Days,pioreactor02,2025-09-20T13:21:48.862Z,470.9,2025-09-20 15:21:48.862,8.324166666667
Yeast Grow 4 Days,pioreactor02,2025-09-20T13:22:11.862Z,419.9,2025-09-20 15:22:11.862,8.330555555556
Yeast Grow 4 Days,pioreactor02,2025-09-20T13:22:34.862Z,526.8,2025-09-20 15:22:34.862,8.336944444444
Yeast Grow 4 Days,pioreactor02,2025-09-20T13:22:57.862Z,514.1,2025-09-20 15:22:57.862,8.343333333333
Yeast Grow 4 Days,pioreactor02,2025-09-20T13:23:20.862Z,510.0,2025-09-20 15:23:20.862,8.349722222222
Yeast Grow 4 Days,pioreactor02,2025-09-20T13:23:43.862Z,524.0,2025-09-20 15:23:43.862,8.356111111111
Yeast Grow 4 Days,pioreactor02,2025-09-20T13:24:06.862Z,514.0,2025-09-20 15:24:06.862,8.3625
Yeast Grow 4 Days,pioreactor02,2025-09-20T13:24:29.862Z,491.9,2025-09-20 15:24:29.862,8.368888888889
Yeast Grow 4 Days,pioreactor02,2025-09-20T13:24:52.862Z,502.2,2025-09-20 15:24:52.862,8.375277777778
Yeast Grow 4 Days,pioreactor02,2025-09-20T13:25:15.862Z,496.2,2025-09-20 15:25:15.862,8.381666666667
Yeast Grow 4 Days,pioreactor02,2025-09-20T13:25:38.862Z,506.1,2025-09-20 15:25:38.862,8.388055555556
Yeast Grow 4 Days,pioreactor02,2025-09-20T13:26:01.862Z,502.9,2025-09-20 15:26:01.862,8.394444444444
Yeast Grow 4 Days,pioreactor02,2025-09-20T13:26:24.862Z,520.0,2025-09-20 15:26:24.862,8.400833333333
Yeast Grow 4 Days,pioreactor02,2025-09-20T13:26:47.862Z,494.1,2025-09-20 15:26:47.862,8.407222222222
Yeast Grow 4 Days,pioreactor02,2025-09-20T13:27:10.862Z,510.0,2025-09-20 15:27:10.862,8.413611111111
Yeast Grow 4 Days,pioreactor02,2025-09-20T13:27:33.862Z,509.2,2025-09-20 15:27:33.862,8.42
Yeast Grow 4 Days,pioreactor02,2025-09-20T13:27:56.862Z,493.1,2025-09-20 15:27:56.862,8.426388888889
Yeast Grow 4 Days,pioreactor02,2025-09-20T13:28:19.862Z,489.3,2025-09-20 15:28:19.862,8.432777777778
Yeast Grow 4 Days,pioreactor02,2025-09-20T13:28:42.862Z,499.6,2025-09-20 15:28:42.862,8.439166666667
Yeast Grow 4 Days,pioreactor02,2025-09-20T13:29:05.862Z,506.1,2025-09-20 15:29:05.862,8.445555555556
Yeast Grow 4 Days,pioreactor02,2025-09-20T13:29:28.862Z,507.8,2025-09-20 15:29:28.862,8.451944444444
Yeast Grow 4 Days,pioreactor02,2025-09-20T13:29:51.862Z,500.2,2025-09-20 15:29:51.862,8.458333333333
Yeast Grow 4 Days,pioreactor02,2025-09-20T13:30:14.862Z,498.8,2025-09-20 15:30:14.862,8.464722222222
Yeast Grow 4 Days,pioreactor02,2025-09-20T13:30:37.862Z,491.2,2025-09-20 15:30:37.862,8.471111111111
Yeast Grow 4 Days,pioreactor02,2025-09-20T13:31:00.862Z,499.8,2025-09-20 15:31:00.862,8.4775
Yeast Grow 4 Days,pioreactor02,2025-09-20T13:31:23.862Z,506.8,2025-09-20 15:31:23.862,8.483888888889
Yeast Grow 4 Days,pioreactor02,2025-09-20T13:31:46.862Z,500.5,2025-09-20 15:31:46.862,8.490277777778
Yeast Grow 4 Days,pioreactor02,2025-09-20T13:32:09.862Z,499.3,2025-09-20 15:32:09.862,8.496666666667
Yeast Grow 4 Days,pioreactor02,2025-09-20T13:32:32.862Z,501.7,2025-09-20 15:32:32.862,8.503055555556
Yeast Grow 4 Days,pioreactor02,2025-09-20T13:32:55.862Z,501.5,2025-09-20 15:32:55.862,8.509444444444
Yeast Grow 4 Days,pioreactor02,2025-09-20T13:33:18.862Z,501.6,2025-09-20 15:33:18.862,8.515833333333
Yeast Grow 4 Days,pioreactor02,2025-09-20T13:33:41.862Z,503.0,2025-09-20 15:33:41.862,8.522222222222
Yeast Grow 4 Days,pioreactor02,2025-09-20T13:34:04.862Z,494.5,2025-09-20 15:34:04.862,8.528611111111
Yeast Grow 4 Days,pioreactor02,2025-09-20T13:34:27.862Z,509.7,2025-09-20 15:34:27.862,8.535
Yeast Grow 4 Days,pioreactor02,2025-09-20T13:34:50.862Z,462.1,2025-09-20 15:34:50.862,8.541388888889
Yeast Grow 4 Days,pioreactor02,2025-09-20T13:35:13.862Z,485.7,2025-09-20 15:35:13.862,8.547777777778
Yeast Grow 4 Days,pioreactor02,2025-09-20T13:35:36.862Z,498.9,2025-09-20 15:35:36.862,8.554166666667
Yeast Grow 4 Days,pioreactor02,2025-09-20T13:35:59.862Z,509.4,2025-09-20 15:35:59.862,8.560555555556
Yeast Grow 4 Days,pioreactor02,2025-09-20T13:36:22.862Z,512.5,2025-09-20 15:36:22.862,8.566944444444
Yeast Grow 4 Days,pioreactor02,2025-09-20T13:36:45.862Z,509.9,2025-09-20 15:36:45.862,8.573333333333
Yeast Grow 4 Days,pioreactor02,2025-09-20T13:37:08.862Z,499.3,2025-09-20 15:37:08.862,8.579722222222
Yeast Grow 4 Days,pioreactor02,2025-09-20T13:37:31.862Z,505.1,2025-09-20 15:37:31.862,8.586111111111
Yeast Grow 4 Days,pioreactor02,2025-09-20T13:37:54.862Z,491.0,2025-09-20 15:37:54.862,8.5925
Yeast Grow 4 Days,pioreactor02,2025-09-20T13:38:17.862Z,432.9,2025-09-20 15:38:17.862,8.598888888889
Yeast Grow 4 Days,pioreactor02,2025-09-20T13:38:40.862Z,424.5,2025-09-20 15:38:40.862,8.605277777778
Yeast Grow 4 Days,pioreactor02,2025-09-20T13:39:03.862Z,527.9,2025-09-20 15:39:03.862,8.611666666667
Yeast Grow 4 Days,pioreactor02,2025-09-20T13:39:26.862Z,526.3,2025-09-20 15:39:26.862,8.618055555556
Yeast Grow 4 Days,pioreactor02,2025-09-20T13:39:49.862Z,514.3,2025-09-20 15:39:49.862,8.624444444444
Yeast Grow 4 Days,pioreactor02,2025-09-20T13:40:12.862Z,529.5,2025-09-20 15:40:12.862,8.630833333333
Yeast Grow 4 Days,pioreactor02,2025-09-20T13:40:35.862Z,519.8,2025-09-20 15:40:35.862,8.637222222222
Yeast Grow 4 Days,pioreactor02,2025-09-20T13:40:58.862Z,482.9,2025-09-20 15:40:58.862,8.643611111111
Yeast Grow 4 Days,pioreactor02,2025-09-20T13:41:21.862Z,503.9,2025-09-20 15:41:21.862,8.65
Yeast Grow 4 Days,pioreactor02,2025-09-20T13:41:44.862Z,502.9,2025-09-20 15:41:44.862,8.656388888889
Yeast Grow 4 Days,pioreactor02,2025-09-20T13:42:07.862Z,517.3,2025-09-20 15:42:07.862,8.662777777778
Yeast Grow 4 Days,pioreactor02,2025-09-20T13:42:30.862Z,500.8,2025-09-20 15:42:30.862,8.669166666667
Yeast Grow 4 Days,pioreactor02,2025-09-20T13:42:53.862Z,503.8,2025-09-20 15:42:53.862,8.675555555556
Yeast Grow 4 Days,pioreactor02,2025-09-20T13:43:16.862Z,497.9,2025-09-20 15:43:16.862,8.681944444444
Yeast Grow 4 Days,pioreactor02,2025-09-20T13:43:39.862Z,504.1,2025-09-20 15:43:39.862,8.688333333333
Yeast Grow 4 Days,pioreactor02,2025-09-20T13:44:02.862Z,512.9,2025-09-20 15:44:02.862,8.694722222222
Yeast Grow 4 Days,pioreactor02,2025-09-20T13:44:25.862Z,494.6,2025-09-20 15:44:25.862,8.701111111111
Yeast Grow 4 Days,pioreactor02,2025-09-20T13:44:48.862Z,498.7,2025-09-20 15:44:48.862,8.7075
Yeast Grow 4 Days,pioreactor02,2025-09-20T13:45:11.862Z,511.9,2025-09-20 15:45:11.862,8.713888888889
Yeast Grow 4 Days,pioreactor02,2025-09-20T13:45:34.862Z,506.1,2025-09-20 15:45:34.862,8.720277777778
Yeast Grow 4 Days,pioreactor02,2025-09-20T13:45:57.862Z,510.6,2025-09-20 15:45:57.862,8.726666666667
Yeast Grow 4 Days,pioreactor02,2025-09-20T13:46:20.862Z,498.5,2025-09-20 15:46:20.862,8.733055555556
Yeast Grow 4 Days,pioreactor02,2025-09-20T13:46:43.862Z,489.6,2025-09-20 15:46:43.862,8.739444444444
Yeast Grow 4 Days,pioreactor02,2025-09-20T13:47:06.862Z,496.2,2025-09-20 15:47:06.862,8.745833333333
Yeast Grow 4 Days,pioreactor02,2025-09-20T13:47:29.862Z,508.1,2025-09-20 15:47:29.862,8.752222222222
Yeast Grow 4 Days,pioreactor02,2025-09-20T13:47:52.862Z,426.4,2025-09-20 15:47:52.862,8.758611111111
Yeast Grow 4 Days,pioreactor02,2025-09-20T13:48:15.862Z,435.1,2025-09-20 15:48:15.862,8.765
Yeast Grow 4 Days,pioreactor02,2025-09-20T13:48:38.862Z,522.1,2025-09-20 15:48:38.862,8.771388888889
Yeast Grow 4 Days,pioreactor02,2025-09-20T13:49:01.862Z,525.3,2025-09-20 15:49:01.862,8.777777777778
Yeast Grow 4 Days,pioreactor02,2025-09-20T13:49:24.862Z,527.1,2025-09-20 15:49:24.862,8.784166666667
Yeast Grow 4 Days,pioreactor02,2025-09-20T13:49:47.862Z,515.0,2025-09-20 15:49:47.862,8.790555555556
Yeast Grow 4 Days,pioreactor02,2025-09-20T13:50:10.862Z,512.7,2025-09-20 15:50:10.862,8.796944444444
Yeast Grow 4 Days,pioreactor02,2025-09-20T13:50:33.862Z,509.3,2025-09-20 15:50:33.862,8.803333333333
Yeast Grow 4 Days,pioreactor02,2025-09-20T13:50:56.862Z,497.6,2025-09-20 15:50:56.862,8.809722222222
Yeast Grow 4 Days,pioreactor02,2025-09-20T13:51:19.862Z,499.1,2025-09-20 15:51:19.862,8.816111111111
Yeast Grow 4 Days,pioreactor02,2025-09-20T13:51:42.862Z,501.5,2025-09-20 15:51:42.862,8.8225
Yeast Grow 4 Days,pioreactor02,2025-09-20T13:52:05.862Z,490.8,2025-09-20 15:52:05.862,8.828888888889
Yeast Grow 4 Days,pioreactor02,2025-09-20T13:52:28.862Z,513.6,2025-09-20 15:52:28.862,8.835277777778
Yeast Grow 4 Days,pioreactor02,2025-09-20T13:52:51.862Z,503.7,2025-09-20 15:52:51.862,8.841666666667
Yeast Grow 4 Days,pioreactor02,2025-09-20T13:53:14.862Z,519.4,2025-09-20 15:53:14.862,8.848055555556
Yeast Grow 4 Days,pioreactor02,2025-09-20T13:53:37.862Z,511.8,2025-09-20 15:53:37.862,8.854444444444
Yeast Grow 4 Days,pioreactor02,2025-09-20T13:54:00.862Z,491.2,2025-09-20 15:54:00.862,8.860833333333
Yeast Grow 4 Days,pioreactor02,2025-09-20T13:54:23.862Z,423.8,2025-09-20 15:54:23.862,8.867222222222
Yeast Grow 4 Days,pioreactor02,2025-09-20T13:54:46.862Z,436.0,2025-09-20 15:54:46.862,8.873611111111
Yeast Grow 4 Days,pioreactor02,2025-09-20T13:55:09.862Z,527.0,2025-09-20 15:55:09.862,8.88
Yeast Grow 4 Days,pioreactor02,2025-09-20T13:55:32.862Z,515.5,2025-09-20 15:55:32.862,8.886388888889
Yeast Grow 4 Days,pioreactor02,2025-09-20T13:55:55.862Z,523.7,2025-09-20 15:55:55.862,8.892777777778
Yeast Grow 4 Days,pioreactor02,2025-09-20T13:56:18.862Z,519.7,2025-09-20 15:56:18.862,8.899166666667
Yeast Grow 4 Days,pioreactor02,2025-09-20T13:56:41.862Z,499.8,2025-09-20 15:56:41.862,8.905555555556
Yeast Grow 4 Days,pioreactor02,2025-09-20T13:57:04.862Z,515.9,2025-09-20 15:57:04.862,8.911944444444
Yeast Grow 4 Days,pioreactor02,2025-09-20T13:57:27.862Z,515.5,2025-09-20 15:57:27.862,8.918333333333
Yeast Grow 4 Days,pioreactor02,2025-09-20T13:57:50.862Z,502.7,2025-09-20 15:57:50.862,8.924722222222
Yeast Grow 4 Days,pioreactor02,2025-09-20T13:58:13.862Z,499.5,2025-09-20 15:58:13.862,8.931111111111
Yeast Grow 4 Days,pioreactor02,2025-09-20T13:58:36.862Z,503.8,2025-09-20 15:58:36.862,8.9375
Yeast Grow 4 Days,pioreactor02,2025-09-20T13:58:59.862Z,505.3,2025-09-20 15:58:59.862,8.943888888889
Yeast Grow 4 Days,pioreactor02,2025-09-20T13:59:22.862Z,491.3,2025-09-20 15:59:22.862,8.950277777778
Yeast Grow 4 Days,pioreactor02,2025-09-20T13:59:45.862Z,506.3,2025-09-20 15:59:45.862,8.956666666667
Yeast Grow 4 Days,pioreactor02,2025-09-20T14:00:08.862Z,494.7,2025-09-20 16:00:08.862,8.963055555556
Yeast Grow 4 Days,pioreactor02,2025-09-20T14:00:31.862Z,518.9,2025-09-20 16:00:31.862,8.969444444444
Yeast Grow 4 Days,pioreactor02,2025-09-20T14:00:54.862Z,501.7,2025-09-20 16:00:54.862,8.975833333333
Yeast Grow 4 Days,pioreactor02,2025-09-20T14:01:17.862Z,496.3,2025-09-20 16:01:17.862,8.982222222222
Yeast Grow 4 Days,pioreactor02,2025-09-20T14:01:40.862Z,501.9,2025-09-20 16:01:40.862,8.988611111111
Yeast Grow 4 Days,pioreactor02,2025-09-20T14:02:03.862Z,499.0,2025-09-20 16:02:03.862,8.995
Yeast Grow 4 Days,pioreactor02,2025-09-20T14:02:26.862Z,507.0,2025-09-20 16:02:26.862,9.001388888889
Yeast Grow 4 Days,pioreactor02,2025-09-20T14:02:49.862Z,506.6,2025-09-20 16:02:49.862,9.007777777778
Yeast Grow 4 Days,pioreactor02,2025-09-20T14:03:12.862Z,500.7,2025-09-20 16:03:12.862,9.014166666667
Yeast Grow 4 Days,pioreactor02,2025-09-20T14:03:35.862Z,494.3,2025-09-20 16:03:35.862,9.020555555556
Yeast Grow 4 Days,pioreactor02,2025-09-20T14:03:58.862Z,497.0,2025-09-20 16:03:58.862,9.026944444444
Yeast Grow 4 Days,pioreactor02,2025-09-20T14:04:21.862Z,482.2,2025-09-20 16:04:21.862,9.033333333333
Yeast Grow 4 Days,pioreactor02,2025-09-20T14:04:44.862Z,502.9,2025-09-20 16:04:44.862,9.039722222222
Yeast Grow 4 Days,pioreactor02,2025-09-20T14:05:07.862Z,496.5,2025-09-20 16:05:07.862,9.046111111111
Yeast Grow 4 Days,pioreactor02,2025-09-20T14:05:30.862Z,498.6,2025-09-20 16:05:30.862,9.0525
Yeast Grow 4 Days,pioreactor02,2025-09-20T14:05:53.862Z,511.9,2025-09-20 16:05:53.862,9.058888888889
Yeast Grow 4 Days,pioreactor02,2025-09-20T14:06:16.862Z,509.4,2025-09-20 16:06:16.862,9.065277777778
Yeast Grow 4 Days,pioreactor02,2025-09-20T14:06:39.862Z,494.7,2025-09-20 16:06:39.862,9.071666666667
Yeast Grow 4 Days,pioreactor02,2025-09-20T14:07:02.862Z,512.0,2025-09-20 16:07:02.862,9.078055555556
Yeast Grow 4 Days,pioreactor02,2025-09-20T14:07:25.862Z,504.8,2025-09-20 16:07:25.862,9.084444444444
Yeast Grow 4 Days,pioreactor02,2025-09-20T14:07:48.862Z,429.2,2025-09-20 16:07:48.862,9.090833333333
Yeast Grow 4 Days,pioreactor02,2025-09-20T14:08:11.862Z,434.8,2025-09-20 16:08:11.862,9.097222222222
Yeast Grow 4 Days,pioreactor02,2025-09-20T14:08:34.862Z,521.7,2025-09-20 16:08:34.862,9.103611111111
Yeast Grow 4 Days,pioreactor02,2025-09-20T14:08:57.862Z,516.9,2025-09-20 16:08:57.862,9.11
Yeast Grow 4 Days,pioreactor02,2025-09-20T14:09:20.862Z,525.2,2025-09-20 16:09:20.862,9.116388888889
Yeast Grow 4 Days,pioreactor02,2025-09-20T14:09:43.862Z,518.3,2025-09-20 16:09:43.862,9.122777777778
Yeast Grow 4 Days,pioreactor02,2025-09-20T14:10:06.862Z,506.1,2025-09-20 16:10:06.862,9.129166666667
Yeast Grow 4 Days,pioreactor02,2025-09-20T14:10:29.862Z,503.9,2025-09-20 16:10:29.862,9.135555555556
Yeast Grow 4 Days,pioreactor02,2025-09-20T14:10:52.862Z,495.6,2025-09-20 16:10:52.862,9.141944444444
Yeast Grow 4 Days,pioreactor02,2025-09-20T14:11:15.862Z,489.7,2025-09-20 16:11:15.862,9.148333333333
Yeast Grow 4 Days,pioreactor02,2025-09-20T14:11:38.862Z,507.2,2025-09-20 16:11:38.862,9.154722222222
Yeast Grow 4 Days,pioreactor02,2025-09-20T14:12:01.862Z,500.6,2025-09-20 16:12:01.862,9.161111111111
Yeast Grow 4 Days,pioreactor02,2025-09-20T14:12:24.862Z,510.2,2025-09-20 16:12:24.862,9.1675
Yeast Grow 4 Days,pioreactor02,2025-09-20T14:12:47.862Z,513.3,2025-09-20 16:12:47.862,9.173888888889
Yeast Grow 4 Days,pioreactor02,2025-09-20T14:13:10.862Z,497.8,2025-09-20 16:13:10.862,9.180277777778
Yeast Grow 4 Days,pioreactor02,2025-09-20T14:13:33.862Z,511.5,2025-09-20 16:13:33.862,9.186666666667
Yeast Grow 4 Days,pioreactor02,2025-09-20T14:13:56.862Z,419.1,2025-09-20 16:13:56.862,9.193055555556
Yeast Grow 4 Days,pioreactor02,2025-09-20T14:14:19.862Z,441.3,2025-09-20 16:14:19.862,9.199444444444
Yeast Grow 4 Days,pioreactor02,2025-09-20T14:14:42.862Z,510.5,2025-09-20 16:14:42.862,9.205833333333
Yeast Grow 4 Days,pioreactor02,2025-09-20T14:15:05.862Z,517.6,2025-09-20 16:15:05.862,9.212222222222
Yeast Grow 4 Days,pioreactor02,2025-09-20T14:15:28.862Z,511.3,2025-09-20 16:15:28.862,9.218611111111
Yeast Grow 4 Days,pioreactor02,2025-09-20T14:15:51.862Z,524.8,2025-09-20 16:15:51.862,9.225
Yeast Grow 4 Days,pioreactor02,2025-09-20T14:16:14.862Z,521.3,2025-09-20 16:16:14.862,9.231388888889
Yeast Grow 4 Days,pioreactor02,2025-09-20T14:16:37.862Z,503.4,2025-09-20 16:16:37.862,9.237777777778
Yeast Grow 4 Days,pioreactor02,2025-09-20T14:17:00.862Z,508.5,2025-09-20 16:17:00.862,9.244166666667
Yeast Grow 4 Days,pioreactor02,2025-09-20T14:17:23.862Z,512.0,2025-09-20 16:17:23.862,9.250555555556
Yeast Grow 4 Days,pioreactor02,2025-09-20T14:17:46.862Z,505.9,2025-09-20 16:17:46.862,9.256944444444
Yeast Grow 4 Days,pioreactor02,2025-09-20T14:18:09.862Z,501.3,2025-09-20 16:18:09.862,9.263333333333
Yeast Grow 4 Days,pioreactor02,2025-09-20T14:18:32.862Z,497.5,2025-09-20 16:18:32.862,9.269722222222
Yeast Grow 4 Days,pioreactor02,2025-09-20T14:18:55.862Z,504.2,2025-09-20 16:18:55.862,9.276111111111
Yeast Grow 4 Days,pioreactor02,2025-09-20T14:19:18.862Z,506.6,2025-09-20 16:19:18.862,9.2825
Yeast Grow 4 Days,pioreactor02,2025-09-20T14:19:41.862Z,501.6,2025-09-20 16:19:41.862,9.288888888889
Yeast Grow 4 Days,pioreactor02,2025-09-20T14:20:04.862Z,494.8,2025-09-20 16:20:04.862,9.295277777778
Yeast Grow 4 Days,pioreactor02,2025-09-20T14:20:27.862Z,499.6,2025-09-20 16:20:27.862,9.301666666667
Yeast Grow 4 Days,pioreactor02,2025-09-20T14:20:50.862Z,509.1,2025-09-20 16:20:50.862,9.308055555556
Yeast Grow 4 Days,pioreactor02,2025-09-20T14:21:13.862Z,507.9,2025-09-20 16:21:13.862,9.314444444444
Yeast Grow 4 Days,pioreactor02,2025-09-20T14:21:36.862Z,490.2,2025-09-20 16:21:36.862,9.320833333333
Yeast Grow 4 Days,pioreactor02,2025-09-20T14:21:59.862Z,500.2,2025-09-20 16:21:59.862,9.327222222222
Yeast Grow 4 Days,pioreactor02,2025-09-20T14:22:22.862Z,507.4,2025-09-20 16:22:22.862,9.333611111111
Yeast Grow 4 Days,pioreactor02,2025-09-20T14:22:45.862Z,509.6,2025-09-20 16:22:45.862,9.34
Yeast Grow 4 Days,pioreactor02,2025-09-20T14:23:08.862Z,509.0,2025-09-20 16:23:08.862,9.346388888889
Yeast Grow 4 Days,pioreactor02,2025-09-20T14:23:31.862Z,505.2,2025-09-20 16:23:31.862,9.352777777778
Yeast Grow 4 Days,pioreactor02,2025-09-20T14:23:54.862Z,484.9,2025-09-20 16:23:54.862,9.359166666667
Yeast Grow 4 Days,pioreactor02,2025-09-20T14:24:17.862Z,504.5,2025-09-20 16:24:17.862,9.365555555556
Yeast Grow 4 Days,pioreactor02,2025-09-20T14:24:40.862Z,505.1,2025-09-20 16:24:40.862,9.371944444444
Yeast Grow 4 Days,pioreactor02,2025-09-20T14:25:03.862Z,423.4,2025-09-20 16:25:03.862,9.378333333333
Yeast Grow 4 Days,pioreactor02,2025-09-20T14:25:26.862Z,502.8,2025-09-20 16:25:26.862,9.384722222222
Yeast Grow 4 Days,pioreactor02,2025-09-20T14:25:49.862Z,515.4,2025-09-20 16:25:49.862,9.391111111111
Yeast Grow 4 Days,pioreactor02,2025-09-20T14:26:12.862Z,493.3,2025-09-20 16:26:12.862,9.3975
Yeast Grow 4 Days,pioreactor02,2025-09-20T14:26:35.862Z,498.7,2025-09-20 16:26:35.862,9.403888888889
Yeast Grow 4 Days,pioreactor02,2025-09-20T14:26:58.862Z,515.3,2025-09-20 16:26:58.862,9.410277777778
Yeast Grow 4 Days,pioreactor02,2025-09-20T14:27:21.862Z,505.5,2025-09-20 16:27:21.862,9.416666666667
Yeast Grow 4 Days,pioreactor02,2025-09-20T14:27:44.862Z,496.6,2025-09-20 16:27:44.862,9.423055555556
Yeast Grow 4 Days,pioreactor02,2025-09-20T14:28:07.862Z,500.5,2025-09-20 16:28:07.862,9.429444444444
Yeast Grow 4 Days,pioreactor02,2025-09-20T14:28:30.862Z,496.6,2025-09-20 16:28:30.862,9.435833333333
Yeast Grow 4 Days,pioreactor02,2025-09-20T14:28:53.862Z,503.4,2025-09-20 16:28:53.862,9.442222222222
Yeast Grow 4 Days,pioreactor02,2025-09-20T14:29:16.862Z,506.5,2025-09-20 16:29:16.862,9.448611111111
Yeast Grow 4 Days,pioreactor02,2025-09-20T14:29:39.862Z,509.5,2025-09-20 16:29:39.862,9.455
Yeast Grow 4 Days,pioreactor02,2025-09-20T14:30:02.862Z,512.6,2025-09-20 16:30:02.862,9.461388888889
Yeast Grow 4 Days,pioreactor02,2025-09-20T14:30:25.862Z,482.6,2025-09-20 16:30:25.862,9.467777777778
Yeast Grow 4 Days,pioreactor02,2025-09-20T14:30:48.862Z,515.4,2025-09-20 16:30:48.862,9.474166666667
Yeast Grow 4 Days,pioreactor02,2025-09-20T14:31:11.862Z,496.8,2025-09-20 16:31:11.862,9.480555555556
Yeast Grow 4 Days,pioreactor02,2025-09-20T14:31:34.862Z,503.5,2025-09-20 16:31:34.862,9.486944444444
Yeast Grow 4 Days,pioreactor02,2025-09-20T14:31:57.862Z,497.7,2025-09-20 16:31:57.862,9.493333333333
Yeast Grow 4 Days,pioreactor02,2025-09-20T14:32:20.862Z,500.1,2025-09-20 16:32:20.862,9.499722222222
Yeast Grow 4 Days,pioreactor02,2025-09-20T14:32:43.862Z,507.9,2025-09-20 16:32:43.862,9.506111111111
Yeast Grow 4 Days,pioreactor02,2025-09-20T14:33:06.862Z,514.0,2025-09-20 16:33:06.862,9.5125
Yeast Grow 4 Days,pioreactor02,2025-09-20T14:33:29.862Z,509.2,2025-09-20 16:33:29.862,9.518888888889
Yeast Grow 4 Days,pioreactor02,2025-09-20T14:33:52.862Z,510.2,2025-09-20 16:33:52.862,9.525277777778
Yeast Grow 4 Days,pioreactor02,2025-09-20T14:34:15.862Z,497.4,2025-09-20 16:34:15.862,9.531666666667
Yeast Grow 4 Days,pioreactor02,2025-09-20T14:34:38.862Z,427.9,2025-09-20 16:34:38.862,9.538055555556
Yeast Grow 4 Days,pioreactor02,2025-09-20T14:35:01.862Z,428.5,2025-09-20 16:35:01.862,9.544444444444
Yeast Grow 4 Days,pioreactor02,2025-09-20T14:35:24.862Z,512.2,2025-09-20 16:35:24.862,9.550833333333
Yeast Grow 4 Days,pioreactor02,2025-09-20T14:35:47.862Z,528.7,2025-09-20 16:35:47.862,9.557222222222
Yeast Grow 4 Days,pioreactor02,2025-09-20T14:36:10.862Z,518.4,2025-09-20 16:36:10.862,9.563611111111
Yeast Grow 4 Days,pioreactor02,2025-09-20T14:36:33.862Z,495.1,2025-09-20 16:36:33.862,9.57
Yeast Grow 4 Days,pioreactor02,2025-09-20T14:36:56.862Z,528.8,2025-09-20 16:36:56.862,9.576388888889
Yeast Grow 4 Days,pioreactor02,2025-09-20T14:37:19.862Z,499.6,2025-09-20 16:37:19.862,9.582777777778
Yeast Grow 4 Days,pioreactor02,2025-09-20T14:37:42.862Z,489.3,2025-09-20 16:37:42.862,9.589166666667
Yeast Grow 4 Days,pioreactor02,2025-09-20T14:38:05.862Z,501.7,2025-09-20 16:38:05.862,9.595555555556
Yeast Grow 4 Days,pioreactor02,2025-09-20T14:38:28.862Z,507.7,2025-09-20 16:38:28.862,9.601944444444
Yeast Grow 4 Days,pioreactor02,2025-09-20T14:38:51.862Z,504.3,2025-09-20 16:38:51.862,9.608333333333
Yeast Grow 4 Days,pioreactor02,2025-09-20T14:39:14.862Z,510.9,2025-09-20 16:39:14.862,9.614722222222
Yeast Grow 4 Days,pioreactor02,2025-09-20T14:39:37.862Z,516.1,2025-09-20 16:39:37.862,9.621111111111
Yeast Grow 4 Days,pioreactor02,2025-09-20T14:40:00.862Z,502.1,2025-09-20 16:40:00.862,9.6275
Yeast Grow 4 Days,pioreactor02,2025-09-20T14:40:23.862Z,504.8,2025-09-20 16:40:23.862,9.633888888889
Yeast Grow 4 Days,pioreactor02,2025-09-20T14:40:46.862Z,490.1,2025-09-20 16:40:46.862,9.640277777778
Yeast Grow 4 Days,pioreactor02,2025-09-20T14:41:09.862Z,496.1,2025-09-20 16:41:09.862,9.646666666667
Yeast Grow 4 Days,pioreactor02,2025-09-20T14:41:32.862Z,502.9,2025-09-20 16:41:32.862,9.653055555556
Yeast Grow 4 Days,pioreactor02,2025-09-20T14:41:55.862Z,496.3,2025-09-20 16:41:55.862,9.659444444444
Yeast Grow 4 Days,pioreactor02,2025-09-20T14:42:18.862Z,477.0,2025-09-20 16:42:18.862,9.665833333333
Yeast Grow 4 Days,pioreactor02,2025-09-20T14:42:41.862Z,503.1,2025-09-20 16:42:41.862,9.672222222222
Yeast Grow 4 Days,pioreactor02,2025-09-20T14:43:04.862Z,502.7,2025-09-20 16:43:04.862,9.678611111111
Yeast Grow 4 Days,pioreactor02,2025-09-20T14:43:27.862Z,499.1,2025-09-20 16:43:27.862,9.685
Yeast Grow 4 Days,pioreactor02,2025-09-20T14:43:50.862Z,426.1,2025-09-20 16:43:50.862,9.691388888889
Yeast Grow 4 Days,pioreactor02,2025-09-20T14:44:13.862Z,525.3,2025-09-20 16:44:13.862,9.697777777778
Yeast Grow 4 Days,pioreactor02,2025-09-20T14:44:36.862Z,513.6,2025-09-20 16:44:36.862,9.704166666667
Yeast Grow 4 Days,pioreactor02,2025-09-20T14:44:59.862Z,505.2,2025-09-20 16:44:59.862,9.710555555556
Yeast Grow 4 Days,pioreactor02,2025-09-20T14:45:22.862Z,509.9,2025-09-20 16:45:22.862,9.716944444444
Yeast Grow 4 Days,pioreactor02,2025-09-20T14:45:45.862Z,503.8,2025-09-20 16:45:45.862,9.723333333333
Yeast Grow 4 Days,pioreactor02,2025-09-20T14:46:08.862Z,505.9,2025-09-20 16:46:08.862,9.729722222222
Yeast Grow 4 Days,pioreactor02,2025-09-20T14:46:31.862Z,512.0,2025-09-20 16:46:31.862,9.736111111111
Yeast Grow 4 Days,pioreactor02,2025-09-20T14:46:54.862Z,515.5,2025-09-20 16:46:54.862,9.7425
Yeast Grow 4 Days,pioreactor02,2025-09-20T14:47:17.862Z,501.7,2025-09-20 16:47:17.862,9.748888888889
Yeast Grow 4 Days,pioreactor02,2025-09-20T14:47:40.862Z,495.9,2025-09-20 16:47:40.862,9.755277777778
Yeast Grow 4 Days,pioreactor02,2025-09-20T14:48:03.862Z,474.9,2025-09-20 16:48:03.862,9.761666666667
Yeast Grow 4 Days,pioreactor02,2025-09-20T14:48:26.862Z,419.5,2025-09-20 16:48:26.862,9.768055555556
Yeast Grow 4 Days,pioreactor02,2025-09-20T14:48:49.862Z,519.5,2025-09-20 16:48:49.862,9.774444444444
Yeast Grow 4 Days,pioreactor02,2025-09-20T14:49:12.862Z,527.2,2025-09-20 16:49:12.862,9.780833333333
Yeast Grow 4 Days,pioreactor02,2025-09-20T14:49:35.862Z,518.3,2025-09-20 16:49:35.862,9.787222222222
Yeast Grow 4 Days,pioreactor02,2025-09-20T14:49:58.862Z,500.8,2025-09-20 16:49:58.862,9.793611111111
Yeast Grow 4 Days,pioreactor02,2025-09-20T14:50:21.862Z,506.0,2025-09-20 16:50:21.862,9.8
Yeast Grow 4 Days,pioreactor02,2025-09-20T14:50:44.862Z,508.2,2025-09-20 16:50:44.862,9.806388888889
Yeast Grow 4 Days,pioreactor02,2025-09-20T14:51:07.862Z,490.8,2025-09-20 16:51:07.862,9.812777777778
Yeast Grow 4 Days,pioreactor02,2025-09-20T14:51:30.862Z,500.5,2025-09-20 16:51:30.862,9.819166666667
Yeast Grow 4 Days,pioreactor02,2025-09-20T14:51:53.862Z,506.6,2025-09-20 16:51:53.862,9.825555555556
Yeast Grow 4 Days,pioreactor02,2025-09-20T14:52:16.862Z,504.1,2025-09-20 16:52:16.862,9.831944444444
Yeast Grow 4 Days,pioreactor02,2025-09-20T14:52:39.862Z,508.7,2025-09-20 16:52:39.862,9.838333333333
Yeast Grow 4 Days,pioreactor02,2025-09-20T14:53:02.862Z,506.3,2025-09-20 16:53:02.862,9.844722222222
Yeast Grow 4 Days,pioreactor02,2025-09-20T14:53:25.862Z,507.7,2025-09-20 16:53:25.862,9.851111111111
Yeast Grow 4 Days,pioreactor02,2025-09-20T14:53:48.862Z,513.3,2025-09-20 16:53:48.862,9.8575
Yeast Grow 4 Days,pioreactor02,2025-09-20T14:54:11.862Z,488.1,2025-09-20 16:54:11.862,9.863888888889
Yeast Grow 4 Days,pioreactor02,2025-09-20T14:54:34.862Z,496.6,2025-09-20 16:54:34.862,9.870277777778
Yeast Grow 4 Days,pioreactor02,2025-09-20T14:54:57.862Z,498.4,2025-09-20 16:54:57.862,9.876666666667
Yeast Grow 4 Days,pioreactor02,2025-09-20T14:55:20.862Z,499.9,2025-09-20 16:55:20.862,9.883055555556
Yeast Grow 4 Days,pioreactor02,2025-09-20T14:55:43.862Z,484.0,2025-09-20 16:55:43.862,9.889444444444
Yeast Grow 4 Days,pioreactor02,2025-09-20T14:56:06.862Z,510.9,2025-09-20 16:56:06.862,9.895833333333
Yeast Grow 4 Days,pioreactor02,2025-09-20T14:56:29.862Z,512.3,2025-09-20 16:56:29.862,9.902222222222
Yeast Grow 4 Days,pioreactor02,2025-09-20T14:56:52.862Z,504.5,2025-09-20 16:56:52.862,9.908611111111
Yeast Grow 4 Days,pioreactor02,2025-09-20T14:57:15.862Z,511.9,2025-09-20 16:57:15.862,9.915
Yeast Grow 4 Days,pioreactor02,2025-09-20T14:57:38.862Z,494.1,2025-09-20 16:57:38.862,9.921388888889
Yeast Grow 4 Days,pioreactor02,2025-09-20T14:58:01.862Z,501.7,2025-09-20 16:58:01.862,9.927777777778
Yeast Grow 4 Days,pioreactor02,2025-09-20T14:58:24.862Z,480.0,2025-09-20 16:58:24.862,9.934166666667
Yeast Grow 4 Days,pioreactor02,2025-09-20T14:58:47.862Z,422.5,2025-09-20 16:58:47.862,9.940555555556
Yeast Grow 4 Days,pioreactor02,2025-09-20T14:59:10.862Z,461.8,2025-09-20 16:59:10.862,9.946944444444
Yeast Grow 4 Days,pioreactor02,2025-09-20T14:59:33.862Z,527.8,2025-09-20 16:59:33.862,9.953333333333
Yeast Grow 4 Days,pioreactor02,2025-09-20T14:59:56.862Z,519.8,2025-09-20 16:59:56.862,9.959722222222
Yeast Grow 4 Days,pioreactor02,2025-09-20T15:00:19.862Z,520.7,2025-09-20 17:00:19.862,9.966111111111
Yeast Grow 4 Days,pioreactor02,2025-09-20T15:00:42.862Z,496.4,2025-09-20 17:00:42.862,9.9725
Yeast Grow 4 Days,pioreactor02,2025-09-20T15:01:05.862Z,500.0,2025-09-20 17:01:05.862,9.978888888889
Yeast Grow 4 Days,pioreactor02,2025-09-20T15:01:28.862Z,519.2,2025-09-20 17:01:28.862,9.985277777778
Yeast Grow 4 Days,pioreactor02,2025-09-20T15:01:51.862Z,505.4,2025-09-20 17:01:51.862,9.991666666667
Yeast Grow 4 Days,pioreactor02,2025-09-20T15:02:14.862Z,511.5,2025-09-20 17:02:14.862,9.998055555556
Yeast Grow 4 Days,pioreactor02,2025-09-20T15:02:37.862Z,510.5,2025-09-20 17:02:37.862,10.004444444444
Yeast Grow 4 Days,pioreactor02,2025-09-20T15:03:00.862Z,505.5,2025-09-20 17:03:00.862,10.010833333333
Yeast Grow 4 Days,pioreactor02,2025-09-20T15:03:23.862Z,513.4,2025-09-20 17:03:23.862,10.017222222222
Yeast Grow 4 Days,pioreactor02,2025-09-20T15:03:46.862Z,507.6,2025-09-20 17:03:46.862,10.023611111111
Yeast Grow 4 Days,pioreactor02,2025-09-20T15:04:09.862Z,508.3,2025-09-20 17:04:09.862,10.03
Yeast Grow 4 Days,pioreactor02,2025-09-20T15:04:32.862Z,475.3,2025-09-20 17:04:32.862,10.036388888889
Yeast Grow 4 Days,pioreactor02,2025-09-20T15:04:55.862Z,489.1,2025-09-20 17:04:55.862,10.042777777778
Yeast Grow 4 Days,pioreactor02,2025-09-20T15:05:18.862Z,497.0,2025-09-20 17:05:18.862,10.049166666667
Yeast Grow 4 Days,pioreactor02,2025-09-20T15:05:41.862Z,499.6,2025-09-20 17:05:41.862,10.055555555556
Yeast Grow 4 Days,pioreactor02,2025-09-20T15:06:04.862Z,519.8,2025-09-20 17:06:04.862,10.061944444444
Yeast Grow 4 Days,pioreactor02,2025-09-20T15:06:27.862Z,512.0,2025-09-20 17:06:27.862,10.068333333333
Yeast Grow 4 Days,pioreactor02,2025-09-20T15:06:50.862Z,505.8,2025-09-20 17:06:50.862,10.074722222222
Yeast Grow 4 Days,pioreactor02,2025-09-20T15:07:13.862Z,508.2,2025-09-20 17:07:13.862,10.081111111111
Yeast Grow 4 Days,pioreactor02,2025-09-20T15:07:36.862Z,503.1,2025-09-20 17:07:36.862,10.0875
Yeast Grow 4 Days,pioreactor02,2025-09-20T15:07:59.862Z,496.4,2025-09-20 17:07:59.862,10.093888888889
Yeast Grow 4 Days,pioreactor02,2025-09-20T15:08:22.862Z,473.2,2025-09-20 17:08:22.862,10.100277777778
Yeast Grow 4 Days,pioreactor02,2025-09-20T15:08:45.862Z,446.0,2025-09-20 17:08:45.862,10.106666666667
Yeast Grow 4 Days,pioreactor02,2025-09-20T15:09:08.862Z,433.2,2025-09-20 17:09:08.862,10.113055555556
Yeast Grow 4 Days,pioreactor02,2025-09-20T15:09:31.862Z,525.9,2025-09-20 17:09:31.862,10.119444444444
Yeast Grow 4 Days,pioreactor02,2025-09-20T15:09:54.862Z,526.1,2025-09-20 17:09:54.862,10.125833333333
Yeast Grow 4 Days,pioreactor02,2025-09-20T15:10:17.862Z,512.3,2025-09-20 17:10:17.862,10.132222222222
Yeast Grow 4 Days,pioreactor02,2025-09-20T15:10:40.862Z,515.9,2025-09-20 17:10:40.862,10.138611111111
Yeast Grow 4 Days,pioreactor02,2025-09-20T15:11:03.862Z,425.3,2025-09-20 17:11:03.862,10.145
Yeast Grow 4 Days,pioreactor02,2025-09-20T15:11:26.862Z,431.2,2025-09-20 17:11:26.862,10.151388888889
Yeast Grow 4 Days,pioreactor02,2025-09-20T15:11:49.862Z,529.6,2025-09-20 17:11:49.862,10.157777777778
Yeast Grow 4 Days,pioreactor02,2025-09-20T15:12:12.862Z,524.7,2025-09-20 17:12:12.862,10.164166666667
Yeast Grow 4 Days,pioreactor02,2025-09-20T15:12:35.862Z,539.7,2025-09-20 17:12:35.862,10.170555555556
Yeast Grow 4 Days,pioreactor02,2025-09-20T15:12:58.862Z,515.9,2025-09-20 17:12:58.862,10.176944444444
Yeast Grow 4 Days,pioreactor02,2025-09-20T15:13:21.862Z,506.8,2025-09-20 17:13:21.862,10.183333333333
Yeast Grow 4 Days,pioreactor02,2025-09-20T15:13:44.862Z,518.8,2025-09-20 17:13:44.862,10.189722222222
Yeast Grow 4 Days,pioreactor02,2025-09-20T15:14:07.862Z,516.4,2025-09-20 17:14:07.862,10.196111111111
Yeast Grow 4 Days,pioreactor02,2025-09-20T15:14:30.862Z,431.4,2025-09-20 17:14:30.862,10.2025
Yeast Grow 4 Days,pioreactor02,2025-09-20T15:14:53.862Z,517.5,2025-09-20 17:14:53.862,10.208888888889
Yeast Grow 4 Days,pioreactor02,2025-09-20T15:15:16.862Z,512.9,2025-09-20 17:15:16.862,10.215277777778
Yeast Grow 4 Days,pioreactor02,2025-09-20T15:15:39.862Z,506.0,2025-09-20 17:15:39.862,10.221666666667
Yeast Grow 4 Days,pioreactor02,2025-09-20T15:16:02.862Z,517.3,2025-09-20 17:16:02.862,10.228055555556
Yeast Grow 4 Days,pioreactor02,2025-09-20T15:16:25.862Z,522.8,2025-09-20 17:16:25.862,10.234444444444
Yeast Grow 4 Days,pioreactor02,2025-09-20T15:16:48.862Z,510.0,2025-09-20 17:16:48.862,10.240833333333
Yeast Grow 4 Days,pioreactor02,2025-09-20T15:17:11.862Z,500.0,2025-09-20 17:17:11.862,10.247222222222
Yeast Grow 4 Days,pioreactor02,2025-09-20T15:17:34.862Z,514.3,2025-09-20 17:17:34.862,10.253611111111
Yeast Grow 4 Days,pioreactor02,2025-09-20T15:17:57.862Z,426.4,2025-09-20 17:17:57.862,10.26
Yeast Grow 4 Days,pioreactor02,2025-09-20T15:18:20.862Z,515.2,2025-09-20 17:18:20.862,10.266388888889
Yeast Grow 4 Days,pioreactor02,2025-09-20T15:18:43.862Z,504.8,2025-09-20 17:18:43.862,10.272777777778
Yeast Grow 4 Days,pioreactor02,2025-09-20T15:19:06.862Z,525.9,2025-09-20 17:19:06.862,10.279166666667
Yeast Grow 4 Days,pioreactor02,2025-09-20T15:19:29.862Z,510.1,2025-09-20 17:19:29.862,10.285555555556
Yeast Grow 4 Days,pioreactor02,2025-09-20T15:19:52.862Z,499.6,2025-09-20 17:19:52.862,10.291944444444
Yeast Grow 4 Days,pioreactor02,2025-09-20T15:20:15.862Z,516.1,2025-09-20 17:20:15.862,10.298333333333
Yeast Grow 4 Days,pioreactor02,2025-09-20T15:20:38.862Z,506.9,2025-09-20 17:20:38.862,10.304722222222
Yeast Grow 4 Days,pioreactor02,2025-09-20T15:21:01.862Z,492.2,2025-09-20 17:21:01.862,10.311111111111
Yeast Grow 4 Days,pioreactor02,2025-09-20T15:21:24.862Z,490.2,2025-09-20 17:21:24.862,10.3175
Yeast Grow 4 Days,pioreactor02,2025-09-20T15:21:47.862Z,494.1,2025-09-20 17:21:47.862,10.323888888889
Yeast Grow 4 Days,pioreactor02,2025-09-20T15:22:10.862Z,503.7,2025-09-20 17:22:10.862,10.330277777778
Yeast Grow 4 Days,pioreactor02,2025-09-20T15:22:33.862Z,504.3,2025-09-20 17:22:33.862,10.336666666667
Yeast Grow 4 Days,pioreactor02,2025-09-20T15:22:56.862Z,507.1,2025-09-20 17:22:56.862,10.343055555556
Yeast Grow 4 Days,pioreactor02,2025-09-20T15:23:19.862Z,501.2,2025-09-20 17:23:19.862,10.349444444444
Yeast Grow 4 Days,pioreactor02,2025-09-20T15:23:42.862Z,493.1,2025-09-20 17:23:42.862,10.355833333333
Yeast Grow 4 Days,pioreactor02,2025-09-20T15:24:05.862Z,487.9,2025-09-20 17:24:05.862,10.362222222222
Yeast Grow 4 Days,pioreactor02,2025-09-20T15:24:28.862Z,504.3,2025-09-20 17:24:28.862,10.368611111111
Yeast Grow 4 Days,pioreactor02,2025-09-20T15:24:51.862Z,498.8,2025-09-20 17:24:51.862,10.375
Yeast Grow 4 Days,pioreactor02,2025-09-20T15:25:14.862Z,488.2,2025-09-20 17:25:14.862,10.381388888889
Yeast Grow 4 Days,pioreactor02,2025-09-20T15:25:37.862Z,494.0,2025-09-20 17:25:37.862,10.387777777778
Yeast Grow 4 Days,pioreactor02,2025-09-20T15:26:00.862Z,512.4,2025-09-20 17:26:00.862,10.394166666667
Yeast Grow 4 Days,pioreactor02,2025-09-20T15:26:23.862Z,513.0,2025-09-20 17:26:23.862,10.400555555556
Yeast Grow 4 Days,pioreactor02,2025-09-20T15:26:46.862Z,507.5,2025-09-20 17:26:46.862,10.406944444444
Yeast Grow 4 Days,pioreactor02,2025-09-20T15:27:09.862Z,509.5,2025-09-20 17:27:09.862,10.413333333333
Yeast Grow 4 Days,pioreactor02,2025-09-20T15:27:32.862Z,517.1,2025-09-20 17:27:32.862,10.419722222222
Yeast Grow 4 Days,pioreactor02,2025-09-20T15:27:55.862Z,454.5,2025-09-20 17:27:55.862,10.426111111111
Yeast Grow 4 Days,pioreactor02,2025-09-20T15:28:18.862Z,426.5,2025-09-20 17:28:18.862,10.4325
Yeast Grow 4 Days,pioreactor02,2025-09-20T15:28:41.862Z,519.0,2025-09-20 17:28:41.862,10.438888888889
Yeast Grow 4 Days,pioreactor02,2025-09-20T15:29:04.862Z,513.1,2025-09-20 17:29:04.862,10.445277777778
Yeast Grow 4 Days,pioreactor02,2025-09-20T15:29:27.862Z,511.6,2025-09-20 17:29:27.862,10.451666666667
Yeast Grow 4 Days,pioreactor02,2025-09-20T15:29:50.862Z,522.8,2025-09-20 17:29:50.862,10.458055555556
Yeast Grow 4 Days,pioreactor02,2025-09-20T15:30:13.862Z,515.9,2025-09-20 17:30:13.862,10.464444444444
Yeast Grow 4 Days,pioreactor02,2025-09-20T15:30:36.862Z,507.8,2025-09-20 17:30:36.862,10.470833333333
Yeast Grow 4 Days,pioreactor02,2025-09-20T15:30:59.862Z,498.8,2025-09-20 17:30:59.862,10.477222222222
Yeast Grow 4 Days,pioreactor02,2025-09-20T15:31:22.862Z,512.6,2025-09-20 17:31:22.862,10.483611111111
Yeast Grow 4 Days,pioreactor02,2025-09-20T15:31:45.862Z,480.3,2025-09-20 17:31:45.862,10.49
Yeast Grow 4 Days,pioreactor02,2025-09-20T15:32:08.862Z,482.3,2025-09-20 17:32:08.862,10.496388888889
Yeast Grow 4 Days,pioreactor02,2025-09-20T15:32:31.862Z,510.3,2025-09-20 17:32:31.862,10.502777777778
Yeast Grow 4 Days,pioreactor02,2025-09-20T15:32:54.862Z,506.5,2025-09-20 17:32:54.862,10.509166666667
Yeast Grow 4 Days,pioreactor02,2025-09-20T15:33:17.862Z,477.4,2025-09-20 17:33:17.862,10.515555555556
Yeast Grow 4 Days,pioreactor02,2025-09-20T15:33:40.862Z,504.6,2025-09-20 17:33:40.862,10.521944444444
Yeast Grow 4 Days,pioreactor02,2025-09-20T15:34:03.862Z,508.4,2025-09-20 17:34:03.862,10.528333333333
Yeast Grow 4 Days,pioreactor02,2025-09-20T15:34:26.862Z,504.6,2025-09-20 17:34:26.862,10.534722222222
Yeast Grow 4 Days,pioreactor02,2025-09-20T15:34:49.862Z,500.5,2025-09-20 17:34:49.862,10.541111111111
Yeast Grow 4 Days,pioreactor02,2025-09-20T15:35:12.862Z,502.6,2025-09-20 17:35:12.862,10.5475
Yeast Grow 4 Days,pioreactor02,2025-09-20T15:35:35.862Z,510.5,2025-09-20 17:35:35.862,10.553888888889
Yeast Grow 4 Days,pioreactor02,2025-09-20T15:35:58.862Z,510.3,2025-09-20 17:35:58.862,10.560277777778
Yeast Grow 4 Days,pioreactor02,2025-09-20T15:36:21.862Z,491.8,2025-09-20 17:36:21.862,10.566666666667
Yeast Grow 4 Days,pioreactor02,2025-09-20T15:36:44.862Z,498.6,2025-09-20 17:36:44.862,10.573055555556
Yeast Grow 4 Days,pioreactor02,2025-09-20T15:37:07.862Z,505.4,2025-09-20 17:37:07.862,10.579444444444
Yeast Grow 4 Days,pioreactor02,2025-09-20T15:37:30.862Z,503.0,2025-09-20 17:37:30.862,10.585833333333
Yeast Grow 4 Days,pioreactor02,2025-09-20T15:37:53.862Z,489.4,2025-09-20 17:37:53.862,10.592222222222
Yeast Grow 4 Days,pioreactor02,2025-09-20T15:38:16.862Z,508.2,2025-09-20 17:38:16.862,10.598611111111
Yeast Grow 4 Days,pioreactor02,2025-09-20T15:38:39.862Z,492.3,2025-09-20 17:38:39.862,10.605
Yeast Grow 4 Days,pioreactor02,2025-09-20T15:39:02.862Z,500.8,2025-09-20 17:39:02.862,10.611388888889
Yeast Grow 4 Days,pioreactor02,2025-09-20T15:39:25.862Z,510.3,2025-09-20 17:39:25.862,10.617777777778
Yeast Grow 4 Days,pioreactor02,2025-09-20T15:39:48.862Z,512.2,2025-09-20 17:39:48.862,10.624166666667
Yeast Grow 4 Days,pioreactor02,2025-09-20T15:40:11.862Z,511.6,2025-09-20 17:40:11.862,10.630555555556
Yeast Grow 4 Days,pioreactor02,2025-09-20T15:40:34.862Z,495.2,2025-09-20 17:40:34.862,10.636944444444
Yeast Grow 4 Days,pioreactor02,2025-09-20T15:40:57.862Z,481.9,2025-09-20 17:40:57.862,10.643333333333
Yeast Grow 4 Days,pioreactor02,2025-09-20T15:41:20.862Z,477.8,2025-09-20 17:41:20.862,10.649722222222
Yeast Grow 4 Days,pioreactor02,2025-09-20T15:41:43.862Z,504.8,2025-09-20 17:41:43.862,10.656111111111
Yeast Grow 4 Days,pioreactor02,2025-09-20T15:42:06.862Z,491.3,2025-09-20 17:42:06.862,10.6625
Yeast Grow 4 Days,pioreactor02,2025-09-20T15:42:29.862Z,515.4,2025-09-20 17:42:29.862,10.668888888889
Yeast Grow 4 Days,pioreactor02,2025-09-20T15:42:52.862Z,497.7,2025-09-20 17:42:52.862,10.675277777778
Yeast Grow 4 Days,pioreactor02,2025-09-20T15:43:15.862Z,505.2,2025-09-20 17:43:15.862,10.681666666667
Yeast Grow 4 Days,pioreactor02,2025-09-20T15:43:38.862Z,508.1,2025-09-20 17:43:38.862,10.688055555556
Yeast Grow 4 Days,pioreactor02,2025-09-20T15:44:01.862Z,501.6,2025-09-20 17:44:01.862,10.694444444444
Yeast Grow 4 Days,pioreactor02,2025-09-20T15:44:24.862Z,471.8,2025-09-20 17:44:24.862,10.700833333333
Yeast Grow 4 Days,pioreactor02,2025-09-20T15:44:47.862Z,500.0,2025-09-20 17:44:47.862,10.707222222222
Yeast Grow 4 Days,pioreactor02,2025-09-20T15:45:10.862Z,508.5,2025-09-20 17:45:10.862,10.713611111111
Yeast Grow 4 Days,pioreactor02,2025-09-20T15:45:33.862Z,490.9,2025-09-20 17:45:33.862,10.72
Yeast Grow 4 Days,pioreactor02,2025-09-20T15:45:56.862Z,518.5,2025-09-20 17:45:56.862,10.726388888889
Yeast Grow 4 Days,pioreactor02,2025-09-20T15:46:19.862Z,509.0,2025-09-20 17:46:19.862,10.732777777778
Yeast Grow 4 Days,pioreactor02,2025-09-20T15:46:42.862Z,498.7,2025-09-20 17:46:42.862,10.739166666667
Yeast Grow 4 Days,pioreactor02,2025-09-20T15:47:05.862Z,510.7,2025-09-20 17:47:05.862,10.745555555556
Yeast Grow 4 Days,pioreactor02,2025-09-20T15:47:28.862Z,520.7,2025-09-20 17:47:28.862,10.751944444444
Yeast Grow 4 Days,pioreactor02,2025-09-20T15:47:51.862Z,416.4,2025-09-20 17:47:51.862,10.758333333333
Yeast Grow 4 Days,pioreactor02,2025-09-20T15:48:14.862Z,426.0,2025-09-20 17:48:14.862,10.764722222222
Yeast Grow 4 Days,pioreactor02,2025-09-20T15:48:37.862Z,523.7,2025-09-20 17:48:37.862,10.771111111111
Yeast Grow 4 Days,pioreactor02,2025-09-20T15:49:00.862Z,505.9,2025-09-20 17:49:00.862,10.7775
Yeast Grow 4 Days,pioreactor02,2025-09-20T15:49:23.862Z,525.7,2025-09-20 17:49:23.862,10.783888888889
Yeast Grow 4 Days,pioreactor02,2025-09-20T15:49:46.862Z,528.1,2025-09-20 17:49:46.862,10.790277777778
Yeast Grow 4 Days,pioreactor02,2025-09-20T15:50:09.862Z,518.1,2025-09-20 17:50:09.862,10.796666666667
Yeast Grow 4 Days,pioreactor02,2025-09-20T15:50:32.862Z,509.8,2025-09-20 17:50:32.862,10.803055555556
Yeast Grow 4 Days,pioreactor02,2025-09-20T15:50:55.862Z,483.2,2025-09-20 17:50:55.862,10.809444444444
Yeast Grow 4 Days,pioreactor02,2025-09-20T15:51:18.862Z,505.8,2025-09-20 17:51:18.862,10.815833333333
Yeast Grow 4 Days,pioreactor02,2025-09-20T15:51:41.862Z,422.8,2025-09-20 17:51:41.862,10.822222222222
Yeast Grow 4 Days,pioreactor02,2025-09-20T15:52:04.862Z,513.2,2025-09-20 17:52:04.862,10.828611111111
Yeast Grow 4 Days,pioreactor02,2025-09-20T15:52:27.862Z,528.5,2025-09-20 17:52:27.862,10.835
Yeast Grow 4 Days,pioreactor02,2025-09-20T15:52:50.862Z,520.7,2025-09-20 17:52:50.862,10.841388888889
Yeast Grow 4 Days,pioreactor02,2025-09-20T15:53:13.862Z,504.5,2025-09-20 17:53:13.862,10.847777777778
Yeast Grow 4 Days,pioreactor02,2025-09-20T15:53:36.862Z,519.8,2025-09-20 17:53:36.862,10.854166666667
Yeast Grow 4 Days,pioreactor02,2025-09-20T15:53:59.862Z,508.7,2025-09-20 17:53:59.862,10.860555555556
Yeast Grow 4 Days,pioreactor02,2025-09-20T15:54:22.862Z,488.3,2025-09-20 17:54:22.862,10.866944444444
Yeast Grow 4 Days,pioreactor02,2025-09-20T15:54:45.862Z,505.1,2025-09-20 17:54:45.862,10.873333333333
Yeast Grow 4 Days,pioreactor02,2025-09-20T15:55:08.862Z,500.9,2025-09-20 17:55:08.862,10.879722222222
Yeast Grow 4 Days,pioreactor02,2025-09-20T15:55:31.862Z,491.6,2025-09-20 17:55:31.862,10.886111111111
Yeast Grow 4 Days,pioreactor02,2025-09-20T15:55:54.862Z,520.0,2025-09-20 17:55:54.862,10.8925
Yeast Grow 4 Days,pioreactor02,2025-09-20T15:56:17.862Z,494.9,2025-09-20 17:56:17.862,10.898888888889
Yeast Grow 4 Days,pioreactor02,2025-09-20T15:56:40.862Z,511.3,2025-09-20 17:56:40.862,10.905277777778
Yeast Grow 4 Days,pioreactor02,2025-09-20T15:57:03.862Z,475.1,2025-09-20 17:57:03.862,10.911666666667
Yeast Grow 4 Days,pioreactor02,2025-09-20T15:57:26.862Z,509.3,2025-09-20 17:57:26.862,10.918055555556
Yeast Grow 4 Days,pioreactor02,2025-09-20T15:57:49.862Z,497.3,2025-09-20 17:57:49.862,10.924444444444
Yeast Grow 4 Days,pioreactor02,2025-09-20T15:58:12.862Z,500.2,2025-09-20 17:58:12.862,10.930833333333
Yeast Grow 4 Days,pioreactor02,2025-09-20T15:58:35.862Z,500.8,2025-09-20 17:58:35.862,10.937222222222
Yeast Grow 4 Days,pioreactor02,2025-09-20T15:58:58.862Z,487.7,2025-09-20 17:58:58.862,10.943611111111
Yeast Grow 4 Days,pioreactor02,2025-09-20T15:59:21.862Z,503.7,2025-09-20 17:59:21.862,10.95
Yeast Grow 4 Days,pioreactor02,2025-09-20T15:59:44.862Z,515.8,2025-09-20 17:59:44.862,10.956388888889
Yeast Grow 4 Days,pioreactor02,2025-09-20T16:00:07.862Z,485.4,2025-09-20 18:00:07.862,10.962777777778
Yeast Grow 4 Days,pioreactor02,2025-09-20T16:00:30.862Z,499.2,2025-09-20 18:00:30.862,10.969166666667
Yeast Grow 4 Days,pioreactor02,2025-09-20T16:00:53.862Z,498.6,2025-09-20 18:00:53.862,10.975555555556
Yeast Grow 4 Days,pioreactor02,2025-09-20T16:01:16.862Z,507.8,2025-09-20 18:01:16.862,10.981944444444
Yeast Grow 4 Days,pioreactor02,2025-09-20T16:01:39.862Z,488.2,2025-09-20 18:01:39.862,10.988333333333
Yeast Grow 4 Days,pioreactor02,2025-09-20T16:02:02.862Z,503.2,2025-09-20 18:02:02.862,10.994722222222
Yeast Grow 4 Days,pioreactor02,2025-09-20T16:02:25.862Z,502.7,2025-09-20 18:02:25.862,11.001111111111
Yeast Grow 4 Days,pioreactor02,2025-09-20T16:02:48.862Z,517.3,2025-09-20 18:02:48.862,11.0075
Yeast Grow 4 Days,pioreactor02,2025-09-20T16:03:11.862Z,502.8,2025-09-20 18:03:11.862,11.013888888889
Yeast Grow 4 Days,pioreactor02,2025-09-20T16:03:34.862Z,503.3,2025-09-20 18:03:34.862,11.020277777778
Yeast Grow 4 Days,pioreactor02,2025-09-20T16:03:57.862Z,503.8,2025-09-20 18:03:57.862,11.026666666667
Yeast Grow 4 Days,pioreactor02,2025-09-20T16:04:20.862Z,499.4,2025-09-20 18:04:20.862,11.033055555556
Yeast Grow 4 Days,pioreactor02,2025-09-20T16:04:43.862Z,492.1,2025-09-20 18:04:43.862,11.039444444444
Yeast Grow 4 Days,pioreactor02,2025-09-20T16:05:06.862Z,503.1,2025-09-20 18:05:06.862,11.045833333333
Yeast Grow 4 Days,pioreactor02,2025-09-20T16:05:29.862Z,505.1,2025-09-20 18:05:29.862,11.052222222222
Yeast Grow 4 Days,pioreactor02,2025-09-20T16:05:52.862Z,510.0,2025-09-20 18:05:52.862,11.058611111111
Yeast Grow 4 Days,pioreactor02,2025-09-20T16:06:15.862Z,505.4,2025-09-20 18:06:15.862,11.065
Yeast Grow 4 Days,pioreactor02,2025-09-20T16:06:38.862Z,508.7,2025-09-20 18:06:38.862,11.071388888889
Yeast Grow 4 Days,pioreactor02,2025-09-20T16:07:01.862Z,504.9,2025-09-20 18:07:01.862,11.077777777778
Yeast Grow 4 Days,pioreactor02,2025-09-20T16:07:24.862Z,499.5,2025-09-20 18:07:24.862,11.084166666667
Yeast Grow 4 Days,pioreactor02,2025-09-20T16:07:47.862Z,496.9,2025-09-20 18:07:47.862,11.090555555556
Yeast Grow 4 Days,pioreactor02,2025-09-20T16:08:10.862Z,492.5,2025-09-20 18:08:10.862,11.096944444444
Yeast Grow 4 Days,pioreactor02,2025-09-20T16:08:33.862Z,422.4,2025-09-20 18:08:33.862,11.103333333333
Yeast Grow 4 Days,pioreactor02,2025-09-20T16:08:56.862Z,507.3,2025-09-20 18:08:56.862,11.109722222222
Yeast Grow 4 Days,pioreactor02,2025-09-20T16:09:19.862Z,526.8,2025-09-20 18:09:19.862,11.116111111111
Yeast Grow 4 Days,pioreactor02,2025-09-20T16:09:42.862Z,500.1,2025-09-20 18:09:42.862,11.1225
Yeast Grow 4 Days,pioreactor02,2025-09-20T16:10:05.862Z,505.4,2025-09-20 18:10:05.862,11.128888888889
Yeast Grow 4 Days,pioreactor02,2025-09-20T16:10:28.862Z,498.1,2025-09-20 18:10:28.862,11.135277777778
Yeast Grow 4 Days,pioreactor02,2025-09-20T16:10:51.862Z,512.6,2025-09-20 18:10:51.862,11.141666666667
Yeast Grow 4 Days,pioreactor02,2025-09-20T16:11:14.862Z,491.8,2025-09-20 18:11:14.862,11.148055555556
Yeast Grow 4 Days,pioreactor02,2025-09-20T16:11:37.862Z,499.3,2025-09-20 18:11:37.862,11.154444444444
Yeast Grow 4 Days,pioreactor02,2025-09-20T16:12:00.862Z,496.3,2025-09-20 18:12:00.862,11.160833333333
Yeast Grow 4 Days,pioreactor02,2025-09-20T16:12:23.862Z,503.0,2025-09-20 18:12:23.862,11.167222222222
Yeast Grow 4 Days,pioreactor02,2025-09-20T16:12:46.862Z,509.3,2025-09-20 18:12:46.862,11.173611111111
Yeast Grow 4 Days,pioreactor02,2025-09-20T16:13:09.862Z,508.1,2025-09-20 18:13:09.862,11.18
Yeast Grow 4 Days,pioreactor02,2025-09-20T16:13:32.862Z,506.9,2025-09-20 18:13:32.862,11.186388888889
Yeast Grow 4 Days,pioreactor02,2025-09-20T16:13:55.862Z,514.1,2025-09-20 18:13:55.862,11.192777777778
Yeast Grow 4 Days,pioreactor02,2025-09-20T16:14:18.862Z,489.0,2025-09-20 18:14:18.862,11.199166666667
Yeast Grow 4 Days,pioreactor02,2025-09-20T16:14:41.862Z,427.6,2025-09-20 18:14:41.862,11.205555555556
Yeast Grow 4 Days,pioreactor02,2025-09-20T16:15:04.862Z,427.6,2025-09-20 18:15:04.862,11.211944444444
Yeast Grow 4 Days,pioreactor02,2025-09-20T16:15:27.862Z,521.0,2025-09-20 18:15:27.862,11.218333333333
Yeast Grow 4 Days,pioreactor02,2025-09-20T16:15:50.862Z,531.4,2025-09-20 18:15:50.862,11.224722222222
Yeast Grow 4 Days,pioreactor02,2025-09-20T16:16:13.862Z,528.3,2025-09-20 18:16:13.862,11.231111111111
Yeast Grow 4 Days,pioreactor02,2025-09-20T16:16:36.862Z,511.1,2025-09-20 18:16:36.862,11.2375
Yeast Grow 4 Days,pioreactor02,2025-09-20T16:16:59.862Z,516.8,2025-09-20 18:16:59.862,11.243888888889
Yeast Grow 4 Days,pioreactor02,2025-09-20T16:17:22.862Z,492.5,2025-09-20 18:17:22.862,11.250277777778
Yeast Grow 4 Days,pioreactor02,2025-09-20T16:17:45.862Z,478.7,2025-09-20 18:17:45.862,11.256666666667
Yeast Grow 4 Days,pioreactor02,2025-09-20T16:18:08.862Z,433.3,2025-09-20 18:18:08.862,11.263055555556
Yeast Grow 4 Days,pioreactor02,2025-09-20T16:18:31.862Z,516.0,2025-09-20 18:18:31.862,11.269444444444
Yeast Grow 4 Days,pioreactor02,2025-09-20T16:18:54.862Z,523.9,2025-09-20 18:18:54.862,11.275833333333
Yeast Grow 4 Days,pioreactor02,2025-09-20T16:19:17.862Z,529.3,2025-09-20 18:19:17.862,11.282222222222
Yeast Grow 4 Days,pioreactor02,2025-09-20T16:19:40.862Z,522.2,2025-09-20 18:19:40.862,11.288611111111
Yeast Grow 4 Days,pioreactor02,2025-09-20T16:20:03.862Z,512.6,2025-09-20 18:20:03.862,11.295
Yeast Grow 4 Days,pioreactor02,2025-09-20T16:20:26.862Z,509.2,2025-09-20 18:20:26.862,11.301388888889
Yeast Grow 4 Days,pioreactor02,2025-09-20T16:20:49.862Z,499.7,2025-09-20 18:20:49.862,11.307777777778
Yeast Grow 4 Days,pioreactor02,2025-09-20T16:21:12.862Z,500.0,2025-09-20 18:21:12.862,11.314166666667
Yeast Grow 4 Days,pioreactor02,2025-09-20T16:21:35.862Z,499.9,2025-09-20 18:21:35.862,11.320555555556
Yeast Grow 4 Days,pioreactor02,2025-09-20T16:21:58.862Z,483.3,2025-09-20 18:21:58.862,11.326944444444
Yeast Grow 4 Days,pioreactor02,2025-09-20T16:22:21.862Z,511.7,2025-09-20 18:22:21.862,11.333333333333
Yeast Grow 4 Days,pioreactor02,2025-09-20T16:22:44.862Z,513.3,2025-09-20 18:22:44.862,11.339722222222
Yeast Grow 4 Days,pioreactor02,2025-09-20T16:23:07.862Z,513.3,2025-09-20 18:23:07.862,11.346111111111
Yeast Grow 4 Days,pioreactor02,2025-09-20T16:23:30.862Z,502.6,2025-09-20 18:23:30.862,11.3525
Yeast Grow 4 Days,pioreactor02,2025-09-20T16:23:53.862Z,494.8,2025-09-20 18:23:53.862,11.358888888889
Yeast Grow 4 Days,pioreactor02,2025-09-20T16:24:16.862Z,503.5,2025-09-20 18:24:16.862,11.365277777778
Yeast Grow 4 Days,pioreactor02,2025-09-20T16:24:39.862Z,428.7,2025-09-20 18:24:39.862,11.371666666667
Yeast Grow 4 Days,pioreactor02,2025-09-20T16:25:02.862Z,441.4,2025-09-20 18:25:02.862,11.378055555556
Yeast Grow 4 Days,pioreactor02,2025-09-20T16:25:25.862Z,516.4,2025-09-20 18:25:25.862,11.384444444444
Yeast Grow 4 Days,pioreactor02,2025-09-20T16:25:48.862Z,526.5,2025-09-20 18:25:48.862,11.390833333333
Yeast Grow 4 Days,pioreactor02,2025-09-20T16:26:11.862Z,509.0,2025-09-20 18:26:11.862,11.397222222222
Yeast Grow 4 Days,pioreactor02,2025-09-20T16:26:34.862Z,516.7,2025-09-20 18:26:34.862,11.403611111111
Yeast Grow 4 Days,pioreactor02,2025-09-20T16:26:57.862Z,515.8,2025-09-20 18:26:57.862,11.41
Yeast Grow 4 Days,pioreactor02,2025-09-20T16:27:20.862Z,514.9,2025-09-20 18:27:20.862,11.416388888889
Yeast Grow 4 Days,pioreactor02,2025-09-20T16:27:43.862Z,494.4,2025-09-20 18:27:43.862,11.422777777778
Yeast Grow 4 Days,pioreactor02,2025-09-20T16:28:06.862Z,495.2,2025-09-20 18:28:06.862,11.429166666667
Yeast Grow 4 Days,pioreactor02,2025-09-20T16:28:29.862Z,510.4,2025-09-20 18:28:29.862,11.435555555556
Yeast Grow 4 Days,pioreactor02,2025-09-20T16:28:52.862Z,491.6,2025-09-20 18:28:52.862,11.441944444444
Yeast Grow 4 Days,pioreactor02,2025-09-20T16:29:15.862Z,508.5,2025-09-20 18:29:15.862,11.448333333333
Yeast Grow 4 Days,pioreactor02,2025-09-20T16:29:38.862Z,505.4,2025-09-20 18:29:38.862,11.454722222222
Yeast Grow 4 Days,pioreactor02,2025-09-20T16:30:01.862Z,502.1,2025-09-20 18:30:01.862,11.461111111111
Yeast Grow 4 Days,pioreactor02,2025-09-20T16:30:24.862Z,513.0,2025-09-20 18:30:24.862,11.4675
Yeast Grow 4 Days,pioreactor02,2025-09-20T16:30:47.862Z,500.0,2025-09-20 18:30:47.862,11.473888888889
Yeast Grow 4 Days,pioreactor02,2025-09-20T16:31:10.862Z,501.6,2025-09-20 18:31:10.862,11.480277777778
Yeast Grow 4 Days,pioreactor02,2025-09-20T16:31:33.862Z,507.2,2025-09-20 18:31:33.862,11.486666666667
Yeast Grow 4 Days,pioreactor02,2025-09-20T16:31:56.862Z,494.8,2025-09-20 18:31:56.862,11.493055555556
Yeast Grow 4 Days,pioreactor02,2025-09-20T16:32:19.862Z,502.0,2025-09-20 18:32:19.862,11.499444444444
Yeast Grow 4 Days,pioreactor02,2025-09-20T16:32:42.862Z,508.0,2025-09-20 18:32:42.862,11.505833333333
Yeast Grow 4 Days,pioreactor02,2025-09-20T16:33:05.862Z,512.3,2025-09-20 18:33:05.862,11.512222222222
Yeast Grow 4 Days,pioreactor02,2025-09-20T16:33:28.862Z,502.2,2025-09-20 18:33:28.862,11.518611111111
Yeast Grow 4 Days,pioreactor02,2025-09-20T16:33:51.862Z,500.2,2025-09-20 18:33:51.862,11.525
Yeast Grow 4 Days,pioreactor02,2025-09-20T16:34:14.862Z,495.0,2025-09-20 18:34:14.862,11.531388888889
Yeast Grow 4 Days,pioreactor02,2025-09-20T16:34:37.862Z,500.2,2025-09-20 18:34:37.862,11.537777777778
Yeast Grow 4 Days,pioreactor02,2025-09-20T16:35:00.862Z,500.3,2025-09-20 18:35:00.862,11.544166666667
Yeast Grow 4 Days,pioreactor02,2025-09-20T16:35:23.862Z,496.5,2025-09-20 18:35:23.862,11.550555555556
Yeast Grow 4 Days,pioreactor02,2025-09-20T16:35:46.862Z,500.1,2025-09-20 18:35:46.862,11.556944444444
Yeast Grow 4 Days,pioreactor02,2025-09-20T16:36:09.862Z,503.9,2025-09-20 18:36:09.862,11.563333333333
Yeast Grow 4 Days,pioreactor02,2025-09-20T16:36:32.862Z,505.0,2025-09-20 18:36:32.862,11.569722222222
Yeast Grow 4 Days,pioreactor02,2025-09-20T16:36:55.862Z,503.4,2025-09-20 18:36:55.862,11.576111111111
Yeast Grow 4 Days,pioreactor02,2025-09-20T16:37:18.862Z,501.7,2025-09-20 18:37:18.862,11.5825
Yeast Grow 4 Days,pioreactor02,2025-09-20T16:37:41.862Z,423.9,2025-09-20 18:37:41.862,11.588888888889
Yeast Grow 4 Days,pioreactor02,2025-09-20T16:38:04.862Z,428.3,2025-09-20 18:38:04.862,11.595277777778
Yeast Grow 4 Days,pioreactor02,2025-09-20T16:38:27.862Z,517.2,2025-09-20 18:38:27.862,11.601666666667
Yeast Grow 4 Days,pioreactor02,2025-09-20T16:38:50.862Z,507.9,2025-09-20 18:38:50.862,11.608055555556
Yeast Grow 4 Days,pioreactor02,2025-09-20T16:39:13.862Z,511.8,2025-09-20 18:39:13.862,11.614444444444
Yeast Grow 4 Days,pioreactor02,2025-09-20T16:39:36.862Z,524.7,2025-09-20 18:39:36.862,11.620833333333
Yeast Grow 4 Days,pioreactor02,2025-09-20T16:39:59.862Z,516.2,2025-09-20 18:39:59.862,11.627222222222
Yeast Grow 4 Days,pioreactor02,2025-09-20T16:40:22.862Z,503.2,2025-09-20 18:40:22.862,11.633611111111
Yeast Grow 4 Days,pioreactor02,2025-09-20T16:40:45.862Z,500.5,2025-09-20 18:40:45.862,11.64
Yeast Grow 4 Days,pioreactor02,2025-09-20T16:41:08.862Z,489.2,2025-09-20 18:41:08.862,11.646388888889
Yeast Grow 4 Days,pioreactor02,2025-09-20T16:41:31.862Z,496.3,2025-09-20 18:41:31.862,11.652777777778
Yeast Grow 4 Days,pioreactor02,2025-09-20T16:41:54.862Z,507.8,2025-09-20 18:41:54.862,11.659166666667
Yeast Grow 4 Days,pioreactor02,2025-09-20T16:42:17.862Z,498.5,2025-09-20 18:42:17.862,11.665555555556
Yeast Grow 4 Days,pioreactor02,2025-09-20T16:42:40.862Z,517.4,2025-09-20 18:42:40.862,11.671944444444
Yeast Grow 4 Days,pioreactor02,2025-09-20T16:43:03.862Z,500.3,2025-09-20 18:43:03.862,11.678333333333
Yeast Grow 4 Days,pioreactor02,2025-09-20T16:43:26.862Z,510.5,2025-09-20 18:43:26.862,11.684722222222
Yeast Grow 4 Days,pioreactor02,2025-09-20T16:43:49.862Z,507.7,2025-09-20 18:43:49.862,11.691111111111
Yeast Grow 4 Days,pioreactor02,2025-09-20T16:44:12.862Z,499.3,2025-09-20 18:44:12.862,11.6975
Yeast Grow 4 Days,pioreactor02,2025-09-20T16:44:35.862Z,495.2,2025-09-20 18:44:35.862,11.703888888889
Yeast Grow 4 Days,pioreactor02,2025-09-20T16:44:58.862Z,499.4,2025-09-20 18:44:58.862,11.710277777778
Yeast Grow 4 Days,pioreactor02,2025-09-20T16:45:21.862Z,490.9,2025-09-20 18:45:21.862,11.716666666667
Yeast Grow 4 Days,pioreactor02,2025-09-20T16:45:44.862Z,491.5,2025-09-20 18:45:44.862,11.723055555556
Yeast Grow 4 Days,pioreactor02,2025-09-20T16:46:07.862Z,505.0,2025-09-20 18:46:07.862,11.729444444444
Yeast Grow 4 Days,pioreactor02,2025-09-20T16:46:30.862Z,514.0,2025-09-20 18:46:30.862,11.735833333333
Yeast Grow 4 Days,pioreactor02,2025-09-20T16:46:53.862Z,506.2,2025-09-20 18:46:53.862,11.742222222222
Yeast Grow 4 Days,pioreactor02,2025-09-20T16:47:16.862Z,509.8,2025-09-20 18:47:16.862,11.748611111111
Yeast Grow 4 Days,pioreactor02,2025-09-20T16:47:39.862Z,427.6,2025-09-20 18:47:39.862,11.755
Yeast Grow 4 Days,pioreactor02,2025-09-20T16:48:02.862Z,431.0,2025-09-20 18:48:02.862,11.761388888889
Yeast Grow 4 Days,pioreactor02,2025-09-20T16:48:25.862Z,519.1,2025-09-20 18:48:25.862,11.767777777778
Yeast Grow 4 Days,pioreactor02,2025-09-20T16:48:48.862Z,505.1,2025-09-20 18:48:48.862,11.774166666667
Yeast Grow 4 Days,pioreactor02,2025-09-20T16:49:11.862Z,510.6,2025-09-20 18:49:11.862,11.780555555556
Yeast Grow 4 Days,pioreactor02,2025-09-20T16:49:34.862Z,526.3,2025-09-20 18:49:34.862,11.786944444444
Yeast Grow 4 Days,pioreactor02,2025-09-20T16:49:57.862Z,512.1,2025-09-20 18:49:57.862,11.793333333333
Yeast Grow 4 Days,pioreactor02,2025-09-20T16:50:20.862Z,526.4,2025-09-20 18:50:20.862,11.799722222222
Yeast Grow 4 Days,pioreactor02,2025-09-20T16:50:43.862Z,499.2,2025-09-20 18:50:43.862,11.806111111111
Yeast Grow 4 Days,pioreactor02,2025-09-20T16:51:06.862Z,498.2,2025-09-20 18:51:06.862,11.8125
Yeast Grow 4 Days,pioreactor02,2025-09-20T16:51:29.862Z,509.4,2025-09-20 18:51:29.862,11.818888888889
Yeast Grow 4 Days,pioreactor02,2025-09-20T16:51:52.862Z,500.5,2025-09-20 18:51:52.862,11.825277777778
Yeast Grow 4 Days,pioreactor02,2025-09-20T16:52:15.862Z,502.1,2025-09-20 18:52:15.862,11.831666666667
Yeast Grow 4 Days,pioreactor02,2025-09-20T16:52:38.862Z,512.1,2025-09-20 18:52:38.862,11.838055555556
Yeast Grow 4 Days,pioreactor02,2025-09-20T16:53:01.862Z,517.2,2025-09-20 18:53:01.862,11.844444444444
Yeast Grow 4 Days,pioreactor02,2025-09-20T16:53:24.862Z,505.6,2025-09-20 18:53:24.862,11.850833333333
Yeast Grow 4 Days,pioreactor02,2025-09-20T16:53:47.862Z,509.9,2025-09-20 18:53:47.862,11.857222222222
Yeast Grow 4 Days,pioreactor02,2025-09-20T16:54:10.862Z,495.7,2025-09-20 18:54:10.862,11.863611111111
Yeast Grow 4 Days,pioreactor02,2025-09-20T16:54:33.862Z,495.8,2025-09-20 18:54:33.862,11.87
Yeast Grow 4 Days,pioreactor02,2025-09-20T16:54:56.862Z,484.2,2025-09-20 18:54:56.862,11.876388888889
Yeast Grow 4 Days,pioreactor02,2025-09-20T16:55:19.862Z,505.1,2025-09-20 18:55:19.862,11.882777777778
Yeast Grow 4 Days,pioreactor02,2025-09-20T16:55:42.862Z,497.1,2025-09-20 18:55:42.862,11.889166666667
Yeast Grow 4 Days,pioreactor02,2025-09-20T16:56:05.862Z,500.4,2025-09-20 18:56:05.862,11.895555555556
Yeast Grow 4 Days,pioreactor02,2025-09-20T16:56:28.862Z,504.9,2025-09-20 18:56:28.862,11.901944444444
Yeast Grow 4 Days,pioreactor02,2025-09-20T16:56:51.862Z,506.6,2025-09-20 18:56:51.862,11.908333333333
Yeast Grow 4 Days,pioreactor02,2025-09-20T16:57:14.862Z,509.4,2025-09-20 18:57:14.862,11.914722222222
Yeast Grow 4 Days,pioreactor02,2025-09-20T16:57:37.862Z,496.8,2025-09-20 18:57:37.862,11.921111111111
Yeast Grow 4 Days,pioreactor02,2025-09-20T16:58:00.862Z,492.7,2025-09-20 18:58:00.862,11.9275
Yeast Grow 4 Days,pioreactor02,2025-09-20T16:58:23.862Z,498.6,2025-09-20 18:58:23.862,11.933888888889
Yeast Grow 4 Days,pioreactor02,2025-09-20T16:58:46.862Z,505.7,2025-09-20 18:58:46.862,11.940277777778
Yeast Grow 4 Days,pioreactor02,2025-09-20T16:59:09.862Z,506.9,2025-09-20 18:59:09.862,11.946666666667
Yeast Grow 4 Days,pioreactor02,2025-09-20T16:59:32.862Z,507.8,2025-09-20 18:59:32.862,11.953055555556
Yeast Grow 4 Days,pioreactor02,2025-09-20T16:59:55.862Z,502.3,2025-09-20 18:59:55.862,11.959444444444
Yeast Grow 4 Days,pioreactor02,2025-09-20T17:00:18.862Z,479.4,2025-09-20 19:00:18.862,11.965833333333
Yeast Grow 4 Days,pioreactor02,2025-09-20T17:00:41.862Z,494.1,2025-09-20 19:00:41.862,11.972222222222
Yeast Grow 4 Days,pioreactor02,2025-09-20T17:01:04.862Z,493.3,2025-09-20 19:01:04.862,11.978611111111
Yeast Grow 4 Days,pioreactor02,2025-09-20T17:01:27.862Z,491.0,2025-09-20 19:01:27.862,11.985
Yeast Grow 4 Days,pioreactor02,2025-09-20T17:01:50.862Z,502.6,2025-09-20 19:01:50.862,11.991388888889
Yeast Grow 4 Days,pioreactor02,2025-09-20T17:02:13.862Z,498.6,2025-09-20 19:02:13.862,11.997777777778
Yeast Grow 4 Days,pioreactor02,2025-09-20T17:02:36.862Z,510.1,2025-09-20 19:02:36.862,12.004166666667
Yeast Grow 4 Days,pioreactor02,2025-09-20T17:02:59.862Z,510.7,2025-09-20 19:02:59.862,12.010555555556
Yeast Grow 4 Days,pioreactor02,2025-09-20T17:03:22.862Z,482.3,2025-09-20 19:03:22.862,12.016944444444
Yeast Grow 4 Days,pioreactor02,2025-09-20T17:03:45.862Z,491.4,2025-09-20 19:03:45.862,12.023333333333
Yeast Grow 4 Days,pioreactor02,2025-09-20T17:04:08.862Z,501.3,2025-09-20 19:04:08.862,12.029722222222
Yeast Grow 4 Days,pioreactor02,2025-09-20T17:04:31.862Z,498.2,2025-09-20 19:04:31.862,12.036111111111
Yeast Grow 4 Days,pioreactor02,2025-09-20T17:04:54.862Z,500.4,2025-09-20 19:04:54.862,12.0425
Yeast Grow 4 Days,pioreactor02,2025-09-20T17:05:17.862Z,415.6,2025-09-20 19:05:17.862,12.048888888889
Yeast Grow 4 Days,pioreactor02,2025-09-20T17:05:40.862Z,521.7,2025-09-20 19:05:40.862,12.055277777778
Yeast Grow 4 Days,pioreactor02,2025-09-20T17:06:03.862Z,521.8,2025-09-20 19:06:03.862,12.061666666667
Yeast Grow 4 Days,pioreactor02,2025-09-20T17:06:26.862Z,522.9,2025-09-20 19:06:26.862,12.068055555556
Yeast Grow 4 Days,pioreactor02,2025-09-20T17:06:49.862Z,501.4,2025-09-20 19:06:49.862,12.074444444444
Yeast Grow 4 Days,pioreactor02,2025-09-20T17:07:12.862Z,511.5,2025-09-20 19:07:12.862,12.080833333333
Yeast Grow 4 Days,pioreactor02,2025-09-20T17:07:35.862Z,510.7,2025-09-20 19:07:35.862,12.087222222222
Yeast Grow 4 Days,pioreactor02,2025-09-20T17:07:58.862Z,504.9,2025-09-20 19:07:58.862,12.093611111111
Yeast Grow 4 Days,pioreactor02,2025-09-20T17:08:21.862Z,498.1,2025-09-20 19:08:21.862,12.1
Yeast Grow 4 Days,pioreactor02,2025-09-20T17:08:44.862Z,484.9,2025-09-20 19:08:44.862,12.106388888889
Yeast Grow 4 Days,pioreactor02,2025-09-20T17:09:07.862Z,433.6,2025-09-20 19:09:07.862,12.112777777778
Yeast Grow 4 Days,pioreactor02,2025-09-20T17:09:30.862Z,524.2,2025-09-20 19:09:30.862,12.119166666667
Yeast Grow 4 Days,pioreactor02,2025-09-20T17:09:53.862Z,499.7,2025-09-20 19:09:53.862,12.125555555556
Yeast Grow 4 Days,pioreactor02,2025-09-20T17:10:16.862Z,522.4,2025-09-20 19:10:16.862,12.131944444444
Yeast Grow 4 Days,pioreactor02,2025-09-20T17:10:39.862Z,508.6,2025-09-20 19:10:39.862,12.138333333333
Yeast Grow 4 Days,pioreactor02,2025-09-20T17:11:02.862Z,495.6,2025-09-20 19:11:02.862,12.144722222222
Yeast Grow 4 Days,pioreactor02,2025-09-20T17:11:25.862Z,493.2,2025-09-20 19:11:25.862,12.151111111111
Yeast Grow 4 Days,pioreactor02,2025-09-20T17:11:48.862Z,502.3,2025-09-20 19:11:48.862,12.1575
Yeast Grow 4 Days,pioreactor02,2025-09-20T17:12:11.862Z,500.5,2025-09-20 19:12:11.862,12.163888888889
Yeast Grow 4 Days,pioreactor02,2025-09-20T17:12:34.862Z,514.2,2025-09-20 19:12:34.862,12.170277777778
Yeast Grow 4 Days,pioreactor02,2025-09-20T17:12:57.862Z,516.5,2025-09-20 19:12:57.862,12.176666666667
Yeast Grow 4 Days,pioreactor02,2025-09-20T17:13:20.862Z,510.9,2025-09-20 19:13:20.862,12.183055555556
Yeast Grow 4 Days,pioreactor02,2025-09-20T17:13:43.862Z,504.3,2025-09-20 19:13:43.862,12.189444444444
Yeast Grow 4 Days,pioreactor02,2025-09-20T17:14:06.862Z,499.9,2025-09-20 19:14:06.862,12.195833333333
Yeast Grow 4 Days,pioreactor02,2025-09-20T17:14:29.862Z,491.9,2025-09-20 19:14:29.862,12.202222222222
Yeast Grow 4 Days,pioreactor02,2025-09-20T17:14:52.862Z,505.0,2025-09-20 19:14:52.862,12.208611111111
Yeast Grow 4 Days,pioreactor02,2025-09-20T17:15:15.862Z,480.1,2025-09-20 19:15:15.862,12.215
Yeast Grow 4 Days,pioreactor02,2025-09-20T17:15:38.862Z,501.9,2025-09-20 19:15:38.862,12.221388888889
Yeast Grow 4 Days,pioreactor02,2025-09-20T17:16:01.862Z,510.6,2025-09-20 19:16:01.862,12.227777777778
Yeast Grow 4 Days,pioreactor02,2025-09-20T17:16:24.862Z,497.8,2025-09-20 19:16:24.862,12.234166666667
Yeast Grow 4 Days,pioreactor02,2025-09-20T17:16:47.862Z,506.5,2025-09-20 19:16:47.862,12.240555555556
Yeast Grow 4 Days,pioreactor02,2025-09-20T17:17:10.862Z,503.9,2025-09-20 19:17:10.862,12.246944444444
Yeast Grow 4 Days,pioreactor02,2025-09-20T17:17:33.862Z,466.4,2025-09-20 19:17:33.862,12.253333333333
Yeast Grow 4 Days,pioreactor02,2025-09-20T17:17:56.862Z,505.4,2025-09-20 19:17:56.862,12.259722222222
Yeast Grow 4 Days,pioreactor02,2025-09-20T17:18:19.862Z,508.5,2025-09-20 19:18:19.862,12.266111111111
Yeast Grow 4 Days,pioreactor02,2025-09-20T17:18:42.862Z,490.3,2025-09-20 19:18:42.862,12.2725
Yeast Grow 4 Days,pioreactor02,2025-09-20T17:19:05.862Z,507.5,2025-09-20 19:19:05.862,12.278888888889
Yeast Grow 4 Days,pioreactor02,2025-09-20T17:19:28.862Z,520.5,2025-09-20 19:19:28.862,12.285277777778
Yeast Grow 4 Days,pioreactor02,2025-09-20T17:19:51.862Z,505.7,2025-09-20 19:19:51.862,12.291666666667
Yeast Grow 4 Days,pioreactor02,2025-09-20T17:20:14.862Z,503.5,2025-09-20 19:20:14.862,12.298055555556
Yeast Grow 4 Days,pioreactor02,2025-09-20T17:20:37.862Z,511.3,2025-09-20 19:20:37.862,12.304444444444
Yeast Grow 4 Days,pioreactor02,2025-09-20T17:21:00.862Z,438.5,2025-09-20 19:21:00.862,12.310833333333
Yeast Grow 4 Days,pioreactor02,2025-09-20T17:21:23.862Z,426.6,2025-09-20 19:21:23.862,12.317222222222
Yeast Grow 4 Days,pioreactor02,2025-09-20T17:21:46.862Z,496.1,2025-09-20 19:21:46.862,12.323611111111
Yeast Grow 4 Days,pioreactor02,2025-09-20T17:22:09.862Z,527.4,2025-09-20 19:22:09.862,12.33
Yeast Grow 4 Days,pioreactor02,2025-09-20T17:22:32.862Z,525.6,2025-09-20 19:22:32.862,12.336388888889
Yeast Grow 4 Days,pioreactor02,2025-09-20T17:22:55.862Z,517.5,2025-09-20 19:22:55.862,12.342777777778
Yeast Grow 4 Days,pioreactor02,2025-09-20T17:23:18.862Z,514.2,2025-09-20 19:23:18.862,12.349166666667
Yeast Grow 4 Days,pioreactor02,2025-09-20T17:23:41.862Z,510.6,2025-09-20 19:23:41.862,12.355555555556
Yeast Grow 4 Days,pioreactor02,2025-09-20T17:24:04.862Z,506.8,2025-09-20 19:24:04.862,12.361944444444
Yeast Grow 4 Days,pioreactor02,2025-09-20T17:24:27.862Z,500.8,2025-09-20 19:24:27.862,12.368333333333
Yeast Grow 4 Days,pioreactor02,2025-09-20T17:24:50.862Z,504.3,2025-09-20 19:24:50.862,12.374722222222
Yeast Grow 4 Days,pioreactor02,2025-09-20T17:25:13.862Z,489.6,2025-09-20 19:25:13.862,12.381111111111
Yeast Grow 4 Days,pioreactor02,2025-09-20T17:25:36.862Z,499.4,2025-09-20 19:25:36.862,12.3875
Yeast Grow 4 Days,pioreactor02,2025-09-20T17:25:59.862Z,498.5,2025-09-20 19:25:59.862,12.393888888889
Yeast Grow 4 Days,pioreactor02,2025-09-20T17:26:22.862Z,512.6,2025-09-20 19:26:22.862,12.400277777778
Yeast Grow 4 Days,pioreactor02,2025-09-20T17:26:45.862Z,479.9,2025-09-20 19:26:45.862,12.406666666667
Yeast Grow 4 Days,pioreactor02,2025-09-20T17:27:08.862Z,502.6,2025-09-20 19:27:08.862,12.413055555556
Yeast Grow 4 Days,pioreactor02,2025-09-20T17:27:31.862Z,511.7,2025-09-20 19:27:31.862,12.419444444444
Yeast Grow 4 Days,pioreactor02,2025-09-20T17:27:54.862Z,482.1,2025-09-20 19:27:54.862,12.425833333333
Yeast Grow 4 Days,pioreactor02,2025-09-20T17:28:17.862Z,507.6,2025-09-20 19:28:17.862,12.432222222222
Yeast Grow 4 Days,pioreactor02,2025-09-20T17:28:40.862Z,495.8,2025-09-20 19:28:40.862,12.438611111111
Yeast Grow 4 Days,pioreactor02,2025-09-20T17:29:03.862Z,502.5,2025-09-20 19:29:03.862,12.445
Yeast Grow 4 Days,pioreactor02,2025-09-20T17:29:26.862Z,508.7,2025-09-20 19:29:26.862,12.451388888889
Yeast Grow 4 Days,pioreactor02,2025-09-20T17:29:49.862Z,510.7,2025-09-20 19:29:49.862,12.457777777778
Yeast Grow 4 Days,pioreactor02,2025-09-20T17:30:12.862Z,508.3,2025-09-20 19:30:12.862,12.464166666667
Yeast Grow 4 Days,pioreactor02,2025-09-20T17:30:35.862Z,488.0,2025-09-20 19:30:35.862,12.470555555556
Yeast Grow 4 Days,pioreactor02,2025-09-20T17:30:58.862Z,497.5,2025-09-20 19:30:58.862,12.476944444444
Yeast Grow 4 Days,pioreactor02,2025-09-20T17:31:21.862Z,496.6,2025-09-20 19:31:21.862,12.483333333333
Yeast Grow 4 Days,pioreactor02,2025-09-20T17:31:44.862Z,498.7,2025-09-20 19:31:44.862,12.489722222222
Yeast Grow 4 Days,pioreactor02,2025-09-20T17:32:07.862Z,508.5,2025-09-20 19:32:07.862,12.496111111111
Yeast Grow 4 Days,pioreactor02,2025-09-20T17:32:30.862Z,516.8,2025-09-20 19:32:30.862,12.5025
Yeast Grow 4 Days,pioreactor02,2025-09-20T17:32:53.862Z,512.2,2025-09-20 19:32:53.862,12.508888888889
Yeast Grow 4 Days,pioreactor02,2025-09-20T17:33:16.862Z,511.0,2025-09-20 19:33:16.862,12.515277777778
Yeast Grow 4 Days,pioreactor02,2025-09-20T17:33:39.862Z,498.4,2025-09-20 19:33:39.862,12.521666666667
Yeast Grow 4 Days,pioreactor02,2025-09-20T17:34:02.862Z,510.7,2025-09-20 19:34:02.862,12.528055555556
Yeast Grow 4 Days,pioreactor02,2025-09-20T17:34:25.862Z,500.3,2025-09-20 19:34:25.862,12.534444444444
Yeast Grow 4 Days,pioreactor02,2025-09-20T17:34:48.862Z,423.7,2025-09-20 19:34:48.862,12.540833333333
Yeast Grow 4 Days,pioreactor02,2025-09-20T17:35:11.862Z,438.3,2025-09-20 19:35:11.862,12.547222222222
Yeast Grow 4 Days,pioreactor02,2025-09-20T17:35:34.862Z,518.3,2025-09-20 19:35:34.862,12.553611111111
Yeast Grow 4 Days,pioreactor02,2025-09-20T17:35:57.862Z,532.7,2025-09-20 19:35:57.862,12.56
Yeast Grow 4 Days,pioreactor02,2025-09-20T17:36:20.862Z,513.8,2025-09-20 19:36:20.862,12.566388888889
Yeast Grow 4 Days,pioreactor02,2025-09-20T17:36:43.862Z,510.6,2025-09-20 19:36:43.862,12.572777777778
Yeast Grow 4 Days,pioreactor02,2025-09-20T17:37:06.862Z,510.1,2025-09-20 19:37:06.862,12.579166666667
Yeast Grow 4 Days,pioreactor02,2025-09-20T17:37:29.862Z,522.7,2025-09-20 19:37:29.862,12.585555555556
Yeast Grow 4 Days,pioreactor02,2025-09-20T17:37:52.862Z,492.8,2025-09-20 19:37:52.862,12.591944444444
Yeast Grow 4 Days,pioreactor02,2025-09-20T17:38:15.862Z,494.2,2025-09-20 19:38:15.862,12.598333333333
Yeast Grow 4 Days,pioreactor02,2025-09-20T17:38:38.862Z,506.2,2025-09-20 19:38:38.862,12.604722222222
Yeast Grow 4 Days,pioreactor02,2025-09-20T17:39:01.862Z,423.0,2025-09-20 19:39:01.862,12.611111111111
Yeast Grow 4 Days,pioreactor02,2025-09-20T17:39:24.862Z,518.2,2025-09-20 19:39:24.862,12.6175
Yeast Grow 4 Days,pioreactor02,2025-09-20T17:39:47.862Z,518.1,2025-09-20 19:39:47.862,12.623888888889
Yeast Grow 4 Days,pioreactor02,2025-09-20T17:40:10.862Z,507.3,2025-09-20 19:40:10.862,12.630277777778
Yeast Grow 4 Days,pioreactor02,2025-09-20T17:40:33.862Z,508.8,2025-09-20 19:40:33.862,12.636666666667
Yeast Grow 4 Days,pioreactor02,2025-09-20T17:40:56.862Z,505.3,2025-09-20 19:40:56.862,12.643055555556
Yeast Grow 4 Days,pioreactor02,2025-09-20T17:41:19.862Z,497.0,2025-09-20 19:41:19.862,12.649444444444
Yeast Grow 4 Days,pioreactor02,2025-09-20T17:41:42.862Z,489.8,2025-09-20 19:41:42.862,12.655833333333
Yeast Grow 4 Days,pioreactor02,2025-09-20T17:42:05.862Z,450.3,2025-09-20 19:42:05.862,12.662222222222
Yeast Grow 4 Days,pioreactor02,2025-09-20T17:42:28.862Z,443.2,2025-09-20 19:42:28.862,12.668611111111
Yeast Grow 4 Days,pioreactor02,2025-09-20T17:42:51.862Z,538.0,2025-09-20 19:42:51.862,12.675
Yeast Grow 4 Days,pioreactor02,2025-09-20T17:43:14.862Z,532.8,2025-09-20 19:43:14.862,12.681388888889
Yeast Grow 4 Days,pioreactor02,2025-09-20T17:43:37.862Z,488.6,2025-09-20 19:43:37.862,12.687777777778
Yeast Grow 4 Days,pioreactor02,2025-09-20T17:44:00.862Z,505.7,2025-09-20 19:44:00.862,12.694166666667
Yeast Grow 4 Days,pioreactor02,2025-09-20T17:44:23.862Z,503.8,2025-09-20 19:44:23.862,12.700555555556
Yeast Grow 4 Days,pioreactor02,2025-09-20T17:44:46.862Z,510.1,2025-09-20 19:44:46.862,12.706944444444
Yeast Grow 4 Days,pioreactor02,2025-09-20T17:45:09.862Z,498.0,2025-09-20 19:45:09.862,12.713333333333
Yeast Grow 4 Days,pioreactor02,2025-09-20T17:45:32.862Z,502.8,2025-09-20 19:45:32.862,12.719722222222
Yeast Grow 4 Days,pioreactor02,2025-09-20T17:45:55.862Z,513.2,2025-09-20 19:45:55.862,12.726111111111
Yeast Grow 4 Days,pioreactor02,2025-09-20T17:46:18.862Z,500.8,2025-09-20 19:46:18.862,12.7325
Yeast Grow 4 Days,pioreactor02,2025-09-20T17:46:41.862Z,519.6,2025-09-20 19:46:41.862,12.738888888889
Yeast Grow 4 Days,pioreactor02,2025-09-20T17:47:04.862Z,506.3,2025-09-20 19:47:04.862,12.745277777778
Yeast Grow 4 Days,pioreactor02,2025-09-20T17:47:27.862Z,508.6,2025-09-20 19:47:27.862,12.751666666667
Yeast Grow 4 Days,pioreactor02,2025-09-20T17:47:50.862Z,497.7,2025-09-20 19:47:50.862,12.758055555556
Yeast Grow 4 Days,pioreactor02,2025-09-20T17:48:13.862Z,503.5,2025-09-20 19:48:13.862,12.764444444444
Yeast Grow 4 Days,pioreactor02,2025-09-20T17:48:36.862Z,419.9,2025-09-20 19:48:36.862,12.770833333333
Yeast Grow 4 Days,pioreactor02,2025-09-20T17:48:59.862Z,433.4,2025-09-20 19:48:59.862,12.777222222222
Yeast Grow 4 Days,pioreactor02,2025-09-20T17:49:22.862Z,541.0,2025-09-20 19:49:22.862,12.783611111111
Yeast Grow 4 Days,pioreactor02,2025-09-20T17:49:45.862Z,527.8,2025-09-20 19:49:45.862,12.79
Yeast Grow 4 Days,pioreactor02,2025-09-20T17:50:08.862Z,513.8,2025-09-20 19:50:08.862,12.796388888889
Yeast Grow 4 Days,pioreactor02,2025-09-20T17:50:31.862Z,522.4,2025-09-20 19:50:31.862,12.802777777778
Yeast Grow 4 Days,pioreactor02,2025-09-20T17:50:54.862Z,516.0,2025-09-20 19:50:54.862,12.809166666667
Yeast Grow 4 Days,pioreactor02,2025-09-20T17:51:17.862Z,501.8,2025-09-20 19:51:17.862,12.815555555556
Yeast Grow 4 Days,pioreactor02,2025-09-20T17:51:40.862Z,496.4,2025-09-20 19:51:40.862,12.821944444444
Yeast Grow 4 Days,pioreactor02,2025-09-20T17:52:03.862Z,509.7,2025-09-20 19:52:03.862,12.828333333333
Yeast Grow 4 Days,pioreactor02,2025-09-20T17:52:26.862Z,505.2,2025-09-20 19:52:26.862,12.834722222222
Yeast Grow 4 Days,pioreactor02,2025-09-20T17:52:49.862Z,512.7,2025-09-20 19:52:49.862,12.841111111111
Yeast Grow 4 Days,pioreactor02,2025-09-20T17:53:12.862Z,500.4,2025-09-20 19:53:12.862,12.8475
Yeast Grow 4 Days,pioreactor02,2025-09-20T17:53:35.862Z,514.1,2025-09-20 19:53:35.862,12.853888888889
Yeast Grow 4 Days,pioreactor02,2025-09-20T17:53:58.862Z,489.8,2025-09-20 19:53:58.862,12.860277777778
Yeast Grow 4 Days,pioreactor02,2025-09-20T17:54:21.862Z,487.6,2025-09-20 19:54:21.862,12.866666666667
Yeast Grow 4 Days,pioreactor02,2025-09-20T17:54:44.862Z,500.0,2025-09-20 19:54:44.862,12.873055555556
Yeast Grow 4 Days,pioreactor02,2025-09-20T17:55:07.862Z,504.3,2025-09-20 19:55:07.862,12.879444444444
Yeast Grow 4 Days,pioreactor02,2025-09-20T17:55:30.862Z,495.5,2025-09-20 19:55:30.862,12.885833333333
Yeast Grow 4 Days,pioreactor02,2025-09-20T17:55:53.862Z,500.4,2025-09-20 19:55:53.862,12.892222222222
Yeast Grow 4 Days,pioreactor02,2025-09-20T17:56:16.862Z,510.0,2025-09-20 19:56:16.862,12.898611111111
Yeast Grow 4 Days,pioreactor02,2025-09-20T17:56:39.862Z,501.5,2025-09-20 19:56:39.862,12.905
Yeast Grow 4 Days,pioreactor02,2025-09-20T17:57:02.862Z,509.4,2025-09-20 19:57:02.862,12.911388888889
Yeast Grow 4 Days,pioreactor02,2025-09-20T17:57:25.862Z,503.6,2025-09-20 19:57:25.862,12.917777777778
Yeast Grow 4 Days,pioreactor02,2025-09-20T17:57:48.862Z,431.7,2025-09-20 19:57:48.862,12.924166666667
Yeast Grow 4 Days,pioreactor02,2025-09-20T17:58:11.862Z,436.0,2025-09-20 19:58:11.862,12.930555555556
Yeast Grow 4 Days,pioreactor02,2025-09-20T17:58:34.862Z,524.1,2025-09-20 19:58:34.862,12.936944444444
Yeast Grow 4 Days,pioreactor02,2025-09-20T17:58:57.862Z,526.0,2025-09-20 19:58:57.862,12.943333333333
Yeast Grow 4 Days,pioreactor02,2025-09-20T17:59:20.862Z,514.8,2025-09-20 19:59:20.862,12.949722222222
Yeast Grow 4 Days,pioreactor02,2025-09-20T17:59:43.862Z,513.9,2025-09-20 19:59:43.862,12.956111111111
Yeast Grow 4 Days,pioreactor02,2025-09-20T18:00:06.862Z,511.9,2025-09-20 20:00:06.862,12.9625
Yeast Grow 4 Days,pioreactor02,2025-09-20T18:00:29.862Z,508.7,2025-09-20 20:00:29.862,12.968888888889
Yeast Grow 4 Days,pioreactor02,2025-09-20T18:00:52.862Z,510.6,2025-09-20 20:00:52.862,12.975277777778
Yeast Grow 4 Days,pioreactor02,2025-09-20T18:01:15.862Z,507.6,2025-09-20 20:01:15.862,12.981666666667
Yeast Grow 4 Days,pioreactor02,2025-09-20T18:01:38.862Z,503.9,2025-09-20 20:01:38.862,12.988055555556
Yeast Grow 4 Days,pioreactor02,2025-09-20T18:02:01.862Z,477.0,2025-09-20 20:02:01.862,12.994444444444
Yeast Grow 4 Days,pioreactor02,2025-09-20T18:02:24.862Z,504.8,2025-09-20 20:02:24.862,13.000833333333
Yeast Grow 4 Days,pioreactor02,2025-09-20T18:02:47.862Z,506.4,2025-09-20 20:02:47.862,13.007222222222
Yeast Grow 4 Days,pioreactor02,2025-09-20T18:03:10.862Z,501.6,2025-09-20 20:03:10.862,13.013611111111
Yeast Grow 4 Days,pioreactor02,2025-09-20T18:03:33.862Z,507.4,2025-09-20 20:03:33.862,13.02
Yeast Grow 4 Days,pioreactor02,2025-09-20T18:03:56.862Z,503.2,2025-09-20 20:03:56.862,13.026388888889
Yeast Grow 4 Days,pioreactor02,2025-09-20T18:04:19.862Z,460.4,2025-09-20 20:04:19.862,13.032777777778
Yeast Grow 4 Days,pioreactor02,2025-09-20T18:04:42.862Z,427.0,2025-09-20 20:04:42.862,13.039166666667
Yeast Grow 4 Days,pioreactor02,2025-09-20T18:05:05.862Z,525.3,2025-09-20 20:05:05.862,13.045555555556
Yeast Grow 4 Days,pioreactor02,2025-09-20T18:05:28.862Z,518.0,2025-09-20 20:05:28.862,13.051944444444
Yeast Grow 4 Days,pioreactor02,2025-09-20T18:05:51.862Z,530.4,2025-09-20 20:05:51.862,13.058333333333
Yeast Grow 4 Days,pioreactor02,2025-09-20T18:06:14.862Z,512.7,2025-09-20 20:06:14.862,13.064722222222
Yeast Grow 4 Days,pioreactor02,2025-09-20T18:06:37.862Z,512.7,2025-09-20 20:06:37.862,13.071111111111
Yeast Grow 4 Days,pioreactor02,2025-09-20T18:07:00.862Z,490.0,2025-09-20 20:07:00.862,13.0775
Yeast Grow 4 Days,pioreactor02,2025-09-20T18:07:23.862Z,513.7,2025-09-20 20:07:23.862,13.083888888889
Yeast Grow 4 Days,pioreactor02,2025-09-20T18:07:46.862Z,491.8,2025-09-20 20:07:46.862,13.090277777778
Yeast Grow 4 Days,pioreactor02,2025-09-20T18:08:09.862Z,496.4,2025-09-20 20:08:09.862,13.096666666667
Yeast Grow 4 Days,pioreactor02,2025-09-20T18:08:32.862Z,500.2,2025-09-20 20:08:32.862,13.103055555556
Yeast Grow 4 Days,pioreactor02,2025-09-20T18:08:55.862Z,499.7,2025-09-20 20:08:55.862,13.109444444444
Yeast Grow 4 Days,pioreactor02,2025-09-20T18:09:18.862Z,509.2,2025-09-20 20:09:18.862,13.115833333333
Yeast Grow 4 Days,pioreactor02,2025-09-20T18:09:41.862Z,508.8,2025-09-20 20:09:41.862,13.122222222222
Yeast Grow 4 Days,pioreactor02,2025-09-20T18:10:04.862Z,494.3,2025-09-20 20:10:04.862,13.128611111111
Yeast Grow 4 Days,pioreactor02,2025-09-20T18:10:27.862Z,503.2,2025-09-20 20:10:27.862,13.135
Yeast Grow 4 Days,pioreactor02,2025-09-20T18:10:50.862Z,485.5,2025-09-20 20:10:50.862,13.141388888889
Yeast Grow 4 Days,pioreactor02,2025-09-20T18:11:13.862Z,420.7,2025-09-20 20:11:13.862,13.147777777778
Yeast Grow 4 Days,pioreactor02,2025-09-20T18:11:36.862Z,500.8,2025-09-20 20:11:36.862,13.154166666667
Yeast Grow 4 Days,pioreactor02,2025-09-20T18:11:59.862Z,519.5,2025-09-20 20:11:59.862,13.160555555556
Yeast Grow 4 Days,pioreactor02,2025-09-20T18:12:22.862Z,522.4,2025-09-20 20:12:22.862,13.166944444444
Yeast Grow 4 Days,pioreactor02,2025-09-20T18:12:45.862Z,516.2,2025-09-20 20:12:45.862,13.173333333333
Yeast Grow 4 Days,pioreactor02,2025-09-20T18:13:08.862Z,489.9,2025-09-20 20:13:08.862,13.179722222222
Yeast Grow 4 Days,pioreactor02,2025-09-20T18:13:31.862Z,516.0,2025-09-20 20:13:31.862,13.186111111111
Yeast Grow 4 Days,pioreactor02,2025-09-20T18:13:54.862Z,510.9,2025-09-20 20:13:54.862,13.1925
Yeast Grow 4 Days,pioreactor02,2025-09-20T18:14:17.862Z,504.2,2025-09-20 20:14:17.862,13.198888888889
Yeast Grow 4 Days,pioreactor02,2025-09-20T18:14:40.862Z,509.0,2025-09-20 20:14:40.862,13.205277777778
Yeast Grow 4 Days,pioreactor02,2025-09-20T18:15:03.862Z,497.9,2025-09-20 20:15:03.862,13.211666666667
Yeast Grow 4 Days,pioreactor02,2025-09-20T18:15:26.862Z,494.9,2025-09-20 20:15:26.862,13.218055555556
Yeast Grow 4 Days,pioreactor02,2025-09-20T18:15:49.862Z,499.5,2025-09-20 20:15:49.862,13.224444444444
Yeast Grow 4 Days,pioreactor02,2025-09-20T18:16:12.862Z,494.0,2025-09-20 20:16:12.862,13.230833333333
Yeast Grow 4 Days,pioreactor02,2025-09-20T18:16:35.862Z,507.5,2025-09-20 20:16:35.862,13.237222222222
Yeast Grow 4 Days,pioreactor02,2025-09-20T18:16:58.862Z,502.8,2025-09-20 20:16:58.862,13.243611111111
Yeast Grow 4 Days,pioreactor02,2025-09-20T18:17:21.862Z,500.2,2025-09-20 20:17:21.862,13.25
Yeast Grow 4 Days,pioreactor02,2025-09-20T18:17:44.862Z,498.8,2025-09-20 20:17:44.862,13.256388888889
Yeast Grow 4 Days,pioreactor02,2025-09-20T18:18:07.862Z,498.1,2025-09-20 20:18:07.862,13.262777777778
Yeast Grow 4 Days,pioreactor02,2025-09-20T18:18:30.862Z,505.3,2025-09-20 20:18:30.862,13.269166666667
Yeast Grow 4 Days,pioreactor02,2025-09-20T18:18:53.862Z,491.5,2025-09-20 20:18:53.862,13.275555555556
Yeast Grow 4 Days,pioreactor02,2025-09-20T18:19:16.862Z,508.6,2025-09-20 20:19:16.862,13.281944444444
Yeast Grow 4 Days,pioreactor02,2025-09-20T18:19:39.862Z,506.6,2025-09-20 20:19:39.862,13.288333333333
Yeast Grow 4 Days,pioreactor02,2025-09-20T18:20:02.862Z,500.5,2025-09-20 20:20:02.862,13.294722222222
Yeast Grow 4 Days,pioreactor02,2025-09-20T18:20:25.862Z,508.5,2025-09-20 20:20:25.862,13.301111111111
Yeast Grow 4 Days,pioreactor02,2025-09-20T18:20:48.862Z,499.7,2025-09-20 20:20:48.862,13.3075
Yeast Grow 4 Days,pioreactor02,2025-09-20T18:21:11.862Z,488.3,2025-09-20 20:21:11.862,13.313888888889
Yeast Grow 4 Days,pioreactor02,2025-09-20T18:21:34.862Z,493.3,2025-09-20 20:21:34.862,13.320277777778
Yeast Grow 4 Days,pioreactor02,2025-09-20T18:21:57.862Z,488.5,2025-09-20 20:21:57.862,13.326666666667
Yeast Grow 4 Days,pioreactor02,2025-09-20T18:22:20.862Z,501.5,2025-09-20 20:22:20.862,13.333055555556
Yeast Grow 4 Days,pioreactor02,2025-09-20T18:22:43.862Z,505.2,2025-09-20 20:22:43.862,13.339444444444
Yeast Grow 4 Days,pioreactor02,2025-09-20T18:23:06.862Z,512.2,2025-09-20 20:23:06.862,13.345833333333
Yeast Grow 4 Days,pioreactor02,2025-09-20T18:23:29.862Z,500.2,2025-09-20 20:23:29.862,13.352222222222
Yeast Grow 4 Days,pioreactor02,2025-09-20T18:23:52.862Z,498.5,2025-09-20 20:23:52.862,13.358611111111
Yeast Grow 4 Days,pioreactor02,2025-09-20T18:24:15.862Z,503.8,2025-09-20 20:24:15.862,13.365
Yeast Grow 4 Days,pioreactor02,2025-09-20T18:24:38.862Z,495.0,2025-09-20 20:24:38.862,13.371388888889
Yeast Grow 4 Days,pioreactor02,2025-09-20T18:25:01.862Z,502.0,2025-09-20 20:25:01.862,13.377777777778
Yeast Grow 4 Days,pioreactor02,2025-09-20T18:25:24.862Z,502.4,2025-09-20 20:25:24.862,13.384166666667
Yeast Grow 4 Days,pioreactor02,2025-09-20T18:25:47.862Z,498.2,2025-09-20 20:25:47.862,13.390555555556
Yeast Grow 4 Days,pioreactor02,2025-09-20T18:26:10.862Z,506.5,2025-09-20 20:26:10.862,13.396944444444
Yeast Grow 4 Days,pioreactor02,2025-09-20T18:26:33.862Z,504.5,2025-09-20 20:26:33.862,13.403333333333
Yeast Grow 4 Days,pioreactor02,2025-09-20T18:26:56.862Z,504.9,2025-09-20 20:26:56.862,13.409722222222
Yeast Grow 4 Days,pioreactor02,2025-09-20T18:27:19.862Z,498.1,2025-09-20 20:27:19.862,13.416111111111
Yeast Grow 4 Days,pioreactor02,2025-09-20T18:27:42.862Z,482.5,2025-09-20 20:27:42.862,13.4225
Yeast Grow 4 Days,pioreactor02,2025-09-20T18:28:05.862Z,498.2,2025-09-20 20:28:05.862,13.428888888889
Yeast Grow 4 Days,pioreactor02,2025-09-20T18:28:28.862Z,488.1,2025-09-20 20:28:28.862,13.435277777778
Yeast Grow 4 Days,pioreactor02,2025-09-20T18:28:51.862Z,500.4,2025-09-20 20:28:51.862,13.441666666667
Yeast Grow 4 Days,pioreactor02,2025-09-20T18:29:14.862Z,513.2,2025-09-20 20:29:14.862,13.448055555556
Yeast Grow 4 Days,pioreactor02,2025-09-20T18:29:37.862Z,506.6,2025-09-20 20:29:37.862,13.454444444444
Yeast Grow 4 Days,pioreactor02,2025-09-20T18:30:00.862Z,504.5,2025-09-20 20:30:00.862,13.460833333333
Yeast Grow 4 Days,pioreactor02,2025-09-20T18:30:23.862Z,504.0,2025-09-20 20:30:23.862,13.467222222222
Yeast Grow 4 Days,pioreactor02,2025-09-20T18:30:46.862Z,453.9,2025-09-20 20:30:46.862,13.473611111111
Yeast Grow 4 Days,pioreactor02,2025-09-20T18:31:09.862Z,430.1,2025-09-20 20:31:09.862,13.48
Yeast Grow 4 Days,pioreactor02,2025-09-20T18:31:32.862Z,513.6,2025-09-20 20:31:32.862,13.486388888889
Yeast Grow 4 Days,pioreactor02,2025-09-20T18:31:55.862Z,511.3,2025-09-20 20:31:55.862,13.492777777778
Yeast Grow 4 Days,pioreactor02,2025-09-20T18:32:18.862Z,517.0,2025-09-20 20:32:18.862,13.499166666667
Yeast Grow 4 Days,pioreactor02,2025-09-20T18:32:41.862Z,522.1,2025-09-20 20:32:41.862,13.505555555556
Yeast Grow 4 Days,pioreactor02,2025-09-20T18:33:04.862Z,516.3,2025-09-20 20:33:04.862,13.511944444444
Yeast Grow 4 Days,pioreactor02,2025-09-20T18:33:27.862Z,515.2,2025-09-20 20:33:27.862,13.518333333333
Yeast Grow 4 Days,pioreactor02,2025-09-20T18:33:50.862Z,503.3,2025-09-20 20:33:50.862,13.524722222222
Yeast Grow 4 Days,pioreactor02,2025-09-20T18:34:13.862Z,496.9,2025-09-20 20:34:13.862,13.531111111111
Yeast Grow 4 Days,pioreactor02,2025-09-20T18:34:36.862Z,503.8,2025-09-20 20:34:36.862,13.5375
Yeast Grow 4 Days,pioreactor02,2025-09-20T18:34:59.862Z,495.0,2025-09-20 20:34:59.862,13.543888888889
Yeast Grow 4 Days,pioreactor02,2025-09-20T18:35:22.862Z,506.8,2025-09-20 20:35:22.862,13.550277777778
Yeast Grow 4 Days,pioreactor02,2025-09-20T18:35:45.862Z,497.1,2025-09-20 20:35:45.862,13.556666666667
Yeast Grow 4 Days,pioreactor02,2025-09-20T18:36:08.862Z,513.9,2025-09-20 20:36:08.862,13.563055555556
Yeast Grow 4 Days,pioreactor02,2025-09-20T18:36:31.862Z,498.5,2025-09-20 20:36:31.862,13.569444444444
Yeast Grow 4 Days,pioreactor02,2025-09-20T18:36:54.862Z,423.7,2025-09-20 20:36:54.862,13.575833333333
Yeast Grow 4 Days,pioreactor02,2025-09-20T18:37:17.862Z,524.4,2025-09-20 20:37:17.862,13.582222222222
Yeast Grow 4 Days,pioreactor02,2025-09-20T18:37:40.862Z,500.6,2025-09-20 20:37:40.862,13.588611111111
Yeast Grow 4 Days,pioreactor02,2025-09-20T18:38:03.862Z,506.3,2025-09-20 20:38:03.862,13.595
Yeast Grow 4 Days,pioreactor02,2025-09-20T18:38:26.862Z,506.6,2025-09-20 20:38:26.862,13.601388888889
Yeast Grow 4 Days,pioreactor02,2025-09-20T18:38:49.862Z,498.3,2025-09-20 20:38:49.862,13.607777777778
Yeast Grow 4 Days,pioreactor02,2025-09-20T18:39:12.862Z,512.6,2025-09-20 20:39:12.862,13.614166666667
Yeast Grow 4 Days,pioreactor02,2025-09-20T18:39:35.862Z,512.2,2025-09-20 20:39:35.862,13.620555555556
Yeast Grow 4 Days,pioreactor02,2025-09-20T18:39:58.862Z,509.7,2025-09-20 20:39:58.862,13.626944444444
Yeast Grow 4 Days,pioreactor02,2025-09-20T18:40:21.862Z,501.0,2025-09-20 20:40:21.862,13.633333333333
Yeast Grow 4 Days,pioreactor02,2025-09-20T18:40:44.862Z,507.5,2025-09-20 20:40:44.862,13.639722222222
Yeast Grow 4 Days,pioreactor02,2025-09-20T18:41:07.862Z,485.8,2025-09-20 20:41:07.862,13.646111111111
Yeast Grow 4 Days,pioreactor02,2025-09-20T18:41:30.862Z,500.2,2025-09-20 20:41:30.862,13.6525
Yeast Grow 4 Days,pioreactor02,2025-09-20T18:41:53.862Z,503.6,2025-09-20 20:41:53.862,13.658888888889
Yeast Grow 4 Days,pioreactor02,2025-09-20T18:42:16.862Z,486.6,2025-09-20 20:42:16.862,13.665277777778
Yeast Grow 4 Days,pioreactor02,2025-09-20T18:42:39.862Z,514.0,2025-09-20 20:42:39.862,13.671666666667
Yeast Grow 4 Days,pioreactor02,2025-09-20T18:43:02.862Z,512.5,2025-09-20 20:43:02.862,13.678055555556
Yeast Grow 4 Days,pioreactor02,2025-09-20T18:43:25.862Z,494.3,2025-09-20 20:43:25.862,13.684444444444
Yeast Grow 4 Days,pioreactor02,2025-09-20T18:43:48.862Z,517.2,2025-09-20 20:43:48.862,13.690833333333
Yeast Grow 4 Days,pioreactor02,2025-09-20T18:44:11.862Z,501.3,2025-09-20 20:44:11.862,13.697222222222
Yeast Grow 4 Days,pioreactor02,2025-09-20T18:44:34.862Z,505.5,2025-09-20 20:44:34.862,13.703611111111
Yeast Grow 4 Days,pioreactor02,2025-09-20T18:44:57.862Z,420.7,2025-09-20 20:44:57.862,13.71
Yeast Grow 4 Days,pioreactor02,2025-09-20T18:45:20.862Z,440.5,2025-09-20 20:45:20.862,13.716388888889
Yeast Grow 4 Days,pioreactor02,2025-09-20T18:45:43.862Z,524.5,2025-09-20 20:45:43.862,13.722777777778
Yeast Grow 4 Days,pioreactor02,2025-09-20T18:46:06.862Z,522.4,2025-09-20 20:46:06.862,13.729166666667
Yeast Grow 4 Days,pioreactor02,2025-09-20T18:46:29.862Z,509.9,2025-09-20 20:46:29.862,13.735555555556
Yeast Grow 4 Days,pioreactor02,2025-09-20T18:46:52.862Z,510.6,2025-09-20 20:46:52.862,13.741944444444
Yeast Grow 4 Days,pioreactor02,2025-09-20T18:47:15.862Z,522.9,2025-09-20 20:47:15.862,13.748333333333
Yeast Grow 4 Days,pioreactor02,2025-09-20T18:47:38.862Z,490.3,2025-09-20 20:47:38.862,13.754722222222
Yeast Grow 4 Days,pioreactor02,2025-09-20T18:48:01.862Z,504.8,2025-09-20 20:48:01.862,13.761111111111
Yeast Grow 4 Days,pioreactor02,2025-09-20T18:48:24.862Z,510.4,2025-09-20 20:48:24.862,13.7675
Yeast Grow 4 Days,pioreactor02,2025-09-20T18:48:47.862Z,498.6,2025-09-20 20:48:47.862,13.773888888889
Yeast Grow 4 Days,pioreactor02,2025-09-20T18:49:10.862Z,492.6,2025-09-20 20:49:10.862,13.780277777778
Yeast Grow 4 Days,pioreactor02,2025-09-20T18:49:33.862Z,515.2,2025-09-20 20:49:33.862,13.786666666667
Yeast Grow 4 Days,pioreactor02,2025-09-20T18:49:56.862Z,515.5,2025-09-20 20:49:56.862,13.793055555556
Yeast Grow 4 Days,pioreactor02,2025-09-20T18:50:19.862Z,507.0,2025-09-20 20:50:19.862,13.799444444444
Yeast Grow 4 Days,pioreactor02,2025-09-20T18:50:42.862Z,492.8,2025-09-20 20:50:42.862,13.805833333333
Yeast Grow 4 Days,pioreactor02,2025-09-20T18:51:05.862Z,498.7,2025-09-20 20:51:05.862,13.812222222222
Yeast Grow 4 Days,pioreactor02,2025-09-20T18:51:28.862Z,486.7,2025-09-20 20:51:28.862,13.818611111111
Yeast Grow 4 Days,pioreactor02,2025-09-20T18:51:51.862Z,509.9,2025-09-20 20:51:51.862,13.825
Yeast Grow 4 Days,pioreactor02,2025-09-20T18:52:14.862Z,497.2,2025-09-20 20:52:14.862,13.831388888889
Yeast Grow 4 Days,pioreactor02,2025-09-20T18:52:37.862Z,499.0,2025-09-20 20:52:37.862,13.837777777778
Yeast Grow 4 Days,pioreactor02,2025-09-20T18:53:00.862Z,497.1,2025-09-20 20:53:00.862,13.844166666667
Yeast Grow 4 Days,pioreactor02,2025-09-20T18:53:23.862Z,501.0,2025-09-20 20:53:23.862,13.850555555556
Yeast Grow 4 Days,pioreactor02,2025-09-20T18:53:46.862Z,506.5,2025-09-20 20:53:46.862,13.856944444444
Yeast Grow 4 Days,pioreactor02,2025-09-20T18:54:09.862Z,489.5,2025-09-20 20:54:09.862,13.863333333333
Yeast Grow 4 Days,pioreactor02,2025-09-20T18:54:32.862Z,500.0,2025-09-20 20:54:32.862,13.869722222222
Yeast Grow 4 Days,pioreactor02,2025-09-20T18:54:55.862Z,497.6,2025-09-20 20:54:55.862,13.876111111111
Yeast Grow 4 Days,pioreactor02,2025-09-20T18:55:18.862Z,494.5,2025-09-20 20:55:18.862,13.8825
Yeast Grow 4 Days,pioreactor02,2025-09-20T18:55:41.862Z,495.0,2025-09-20 20:55:41.862,13.888888888889
Yeast Grow 4 Days,pioreactor02,2025-09-20T18:56:04.862Z,505.6,2025-09-20 20:56:04.862,13.895277777778
Yeast Grow 4 Days,pioreactor02,2025-09-20T18:56:27.862Z,475.1,2025-09-20 20:56:27.862,13.901666666667
Yeast Grow 4 Days,pioreactor02,2025-09-20T18:56:50.862Z,521.3,2025-09-20 20:56:50.862,13.908055555556
Yeast Grow 4 Days,pioreactor02,2025-09-20T18:57:13.862Z,499.7,2025-09-20 20:57:13.862,13.914444444444
Yeast Grow 4 Days,pioreactor02,2025-09-20T18:57:36.862Z,501.7,2025-09-20 20:57:36.862,13.920833333333
Yeast Grow 4 Days,pioreactor02,2025-09-20T18:57:59.862Z,497.9,2025-09-20 20:57:59.862,13.927222222222
Yeast Grow 4 Days,pioreactor02,2025-09-20T18:58:22.862Z,503.2,2025-09-20 20:58:22.862,13.933611111111
Yeast Grow 4 Days,pioreactor02,2025-09-20T18:58:45.862Z,493.0,2025-09-20 20:58:45.862,13.94
Yeast Grow 4 Days,pioreactor02,2025-09-20T18:59:08.862Z,507.5,2025-09-20 20:59:08.862,13.946388888889
Yeast Grow 4 Days,pioreactor02,2025-09-20T18:59:31.862Z,501.4,2025-09-20 20:59:31.862,13.952777777778
Yeast Grow 4 Days,pioreactor02,2025-09-20T18:59:54.862Z,512.7,2025-09-20 20:59:54.862,13.959166666667
Yeast Grow 4 Days,pioreactor02,2025-09-20T19:00:17.862Z,501.1,2025-09-20 21:00:17.862,13.965555555556
Yeast Grow 4 Days,pioreactor02,2025-09-20T19:00:40.862Z,503.4,2025-09-20 21:00:40.862,13.971944444444
Yeast Grow 4 Days,pioreactor02,2025-09-20T19:01:03.862Z,500.2,2025-09-20 21:01:03.862,13.978333333333
Yeast Grow 4 Days,pioreactor02,2025-09-20T19:01:26.862Z,458.6,2025-09-20 21:01:26.862,13.984722222222
Yeast Grow 4 Days,pioreactor02,2025-09-20T19:01:49.862Z,507.2,2025-09-20 21:01:49.862,13.991111111111
Yeast Grow 4 Days,pioreactor02,2025-09-20T19:02:12.862Z,500.4,2025-09-20 21:02:12.862,13.9975
Yeast Grow 4 Days,pioreactor02,2025-09-20T19:02:35.862Z,514.5,2025-09-20 21:02:35.862,14.003888888889
Yeast Grow 4 Days,pioreactor02,2025-09-20T19:02:58.862Z,518.1,2025-09-20 21:02:58.862,14.010277777778
Yeast Grow 4 Days,pioreactor02,2025-09-20T19:03:21.862Z,502.8,2025-09-20 21:03:21.862,14.016666666667
Yeast Grow 4 Days,pioreactor02,2025-09-20T19:03:44.862Z,494.4,2025-09-20 21:03:44.862,14.023055555556
Yeast Grow 4 Days,pioreactor02,2025-09-20T19:04:07.862Z,517.8,2025-09-20 21:04:07.862,14.029444444444
Yeast Grow 4 Days,pioreactor02,2025-09-20T19:04:30.862Z,491.1,2025-09-20 21:04:30.862,14.035833333333
Yeast Grow 4 Days,pioreactor02,2025-09-20T19:04:53.862Z,500.3,2025-09-20 21:04:53.862,14.042222222222
Yeast Grow 4 Days,pioreactor02,2025-09-20T19:05:16.862Z,494.5,2025-09-20 21:05:16.862,14.048611111111
Yeast Grow 4 Days,pioreactor02,2025-09-20T19:05:39.862Z,493.3,2025-09-20 21:05:39.862,14.055
Yeast Grow 4 Days,pioreactor02,2025-09-20T19:06:02.862Z,508.4,2025-09-20 21:06:02.862,14.061388888889
Yeast Grow 4 Days,pioreactor02,2025-09-20T19:06:25.862Z,512.9,2025-09-20 21:06:25.862,14.067777777778
Yeast Grow 4 Days,pioreactor02,2025-09-20T19:06:48.862Z,509.5,2025-09-20 21:06:48.862,14.074166666667
Yeast Grow 4 Days,pioreactor02,2025-09-20T19:07:11.862Z,508.0,2025-09-20 21:07:11.862,14.080555555556
Yeast Grow 4 Days,pioreactor02,2025-09-20T19:07:34.862Z,499.8,2025-09-20 21:07:34.862,14.086944444444
Yeast Grow 4 Days,pioreactor02,2025-09-20T19:07:57.862Z,493.5,2025-09-20 21:07:57.862,14.093333333333
Yeast Grow 4 Days,pioreactor02,2025-09-20T19:08:20.862Z,499.9,2025-09-20 21:08:20.862,14.099722222222
Yeast Grow 4 Days,pioreactor02,2025-09-20T19:08:43.862Z,499.9,2025-09-20 21:08:43.862,14.106111111111
Yeast Grow 4 Days,pioreactor02,2025-09-20T19:09:06.862Z,504.4,2025-09-20 21:09:06.862,14.1125
Yeast Grow 4 Days,pioreactor02,2025-09-20T19:09:29.862Z,499.9,2025-09-20 21:09:29.862,14.118888888889
Yeast Grow 4 Days,pioreactor02,2025-09-20T19:09:52.862Z,483.8,2025-09-20 21:09:52.862,14.125277777778
Yeast Grow 4 Days,pioreactor02,2025-09-20T19:10:15.862Z,514.1,2025-09-20 21:10:15.862,14.131666666667
Yeast Grow 4 Days,pioreactor02,2025-09-20T19:10:38.862Z,499.0,2025-09-20 21:10:38.862,14.138055555556
Yeast Grow 4 Days,pioreactor02,2025-09-20T19:11:01.862Z,498.1,2025-09-20 21:11:01.862,14.144444444444
Yeast Grow 4 Days,pioreactor02,2025-09-20T19:11:24.862Z,487.6,2025-09-20 21:11:24.862,14.150833333333
Yeast Grow 4 Days,pioreactor02,2025-09-20T19:11:47.862Z,493.7,2025-09-20 21:11:47.862,14.157222222222
Yeast Grow 4 Days,pioreactor02,2025-09-20T19:12:10.862Z,503.2,2025-09-20 21:12:10.862,14.163611111111
Yeast Grow 4 Days,pioreactor02,2025-09-20T19:12:33.862Z,505.0,2025-09-20 21:12:33.862,14.17
Yeast Grow 4 Days,pioreactor02,2025-09-20T19:12:56.862Z,503.7,2025-09-20 21:12:56.862,14.176388888889
Yeast Grow 4 Days,pioreactor02,2025-09-20T19:13:19.862Z,506.2,2025-09-20 21:13:19.862,14.182777777778
Yeast Grow 4 Days,pioreactor02,2025-09-20T19:13:42.862Z,501.9,2025-09-20 21:13:42.862,14.189166666667
Yeast Grow 4 Days,pioreactor02,2025-09-20T19:14:05.862Z,479.7,2025-09-20 21:14:05.862,14.195555555556
Yeast Grow 4 Days,pioreactor02,2025-09-20T19:14:28.862Z,490.2,2025-09-20 21:14:28.862,14.201944444444
Yeast Grow 4 Days,pioreactor02,2025-09-20T19:14:51.862Z,424.8,2025-09-20 21:14:51.862,14.208333333333
Yeast Grow 4 Days,pioreactor02,2025-09-20T19:15:14.862Z,518.5,2025-09-20 21:15:14.862,14.214722222222
Yeast Grow 4 Days,pioreactor02,2025-09-20T19:15:37.862Z,520.0,2025-09-20 21:15:37.862,14.221111111111
Yeast Grow 4 Days,pioreactor02,2025-09-20T19:16:00.862Z,519.7,2025-09-20 21:16:00.862,14.2275
Yeast Grow 4 Days,pioreactor02,2025-09-20T19:16:23.862Z,506.1,2025-09-20 21:16:23.862,14.233888888889
Yeast Grow 4 Days,pioreactor02,2025-09-20T19:16:46.862Z,499.6,2025-09-20 21:16:46.862,14.240277777778
Yeast Grow 4 Days,pioreactor02,2025-09-20T19:17:09.862Z,507.6,2025-09-20 21:17:09.862,14.246666666667
Yeast Grow 4 Days,pioreactor02,2025-09-20T19:17:32.862Z,504.9,2025-09-20 21:17:32.862,14.253055555556
Yeast Grow 4 Days,pioreactor02,2025-09-20T19:17:55.862Z,496.6,2025-09-20 21:17:55.862,14.259444444444
Yeast Grow 4 Days,pioreactor02,2025-09-20T19:18:18.862Z,498.9,2025-09-20 21:18:18.862,14.265833333333
Yeast Grow 4 Days,pioreactor02,2025-09-20T19:18:41.862Z,494.4,2025-09-20 21:18:41.862,14.272222222222
Yeast Grow 4 Days,pioreactor02,2025-09-20T19:19:04.862Z,507.0,2025-09-20 21:19:04.862,14.278611111111
Yeast Grow 4 Days,pioreactor02,2025-09-20T19:19:27.862Z,518.6,2025-09-20 21:19:27.862,14.285
Yeast Grow 4 Days,pioreactor02,2025-09-20T19:19:50.862Z,501.8,2025-09-20 21:19:50.862,14.291388888889
Yeast Grow 4 Days,pioreactor02,2025-09-20T19:20:13.862Z,506.2,2025-09-20 21:20:13.862,14.297777777778
Yeast Grow 4 Days,pioreactor02,2025-09-20T19:20:36.862Z,504.0,2025-09-20 21:20:36.862,14.304166666667
Yeast Grow 4 Days,pioreactor02,2025-09-20T19:20:59.862Z,497.9,2025-09-20 21:20:59.862,14.310555555556
Yeast Grow 4 Days,pioreactor02,2025-09-20T19:21:22.862Z,477.3,2025-09-20 21:21:22.862,14.316944444444
Yeast Grow 4 Days,pioreactor02,2025-09-20T19:21:45.862Z,507.7,2025-09-20 21:21:45.862,14.323333333333
Yeast Grow 4 Days,pioreactor02,2025-09-20T19:22:08.862Z,501.2,2025-09-20 21:22:08.862,14.329722222222
Yeast Grow 4 Days,pioreactor02,2025-09-20T19:22:31.862Z,501.7,2025-09-20 21:22:31.862,14.336111111111
Yeast Grow 4 Days,pioreactor02,2025-09-20T19:22:54.862Z,510.3,2025-09-20 21:22:54.862,14.3425
Yeast Grow 4 Days,pioreactor02,2025-09-20T19:23:17.862Z,502.7,2025-09-20 21:23:17.862,14.348888888889
Yeast Grow 4 Days,pioreactor02,2025-09-20T19:23:40.862Z,509.3,2025-09-20 21:23:40.862,14.355277777778
Yeast Grow 4 Days,pioreactor02,2025-09-20T19:24:03.862Z,496.0,2025-09-20 21:24:03.862,14.361666666667
Yeast Grow 4 Days,pioreactor02,2025-09-20T19:24:26.862Z,424.9,2025-09-20 21:24:26.862,14.368055555556
Yeast Grow 4 Days,pioreactor02,2025-09-20T19:24:49.862Z,429.8,2025-09-20 21:24:49.862,14.374444444444
Yeast Grow 4 Days,pioreactor02,2025-09-20T19:25:12.862Z,510.9,2025-09-20 21:25:12.862,14.380833333333
Yeast Grow 4 Days,pioreactor02,2025-09-20T19:25:35.862Z,518.4,2025-09-20 21:25:35.862,14.387222222222
Yeast Grow 4 Days,pioreactor02,2025-09-20T19:25:58.862Z,518.3,2025-09-20 21:25:58.862,14.393611111111
Yeast Grow 4 Days,pioreactor02,2025-09-20T19:26:21.862Z,526.2,2025-09-20 21:26:21.862,14.4
Yeast Grow 4 Days,pioreactor02,2025-09-20T19:26:44.862Z,525.6,2025-09-20 21:26:44.862,14.406388888889
Yeast Grow 4 Days,pioreactor02,2025-09-20T19:27:07.862Z,508.3,2025-09-20 21:27:07.862,14.412777777778
Yeast Grow 4 Days,pioreactor02,2025-09-20T19:27:30.862Z,495.0,2025-09-20 21:27:30.862,14.419166666667
Yeast Grow 4 Days,pioreactor02,2025-09-20T19:27:53.862Z,504.4,2025-09-20 21:27:53.862,14.425555555556
Yeast Grow 4 Days,pioreactor02,2025-09-20T19:28:16.862Z,509.3,2025-09-20 21:28:16.862,14.431944444444
Yeast Grow 4 Days,pioreactor02,2025-09-20T19:28:39.862Z,509.4,2025-09-20 21:28:39.862,14.438333333333
Yeast Grow 4 Days,pioreactor02,2025-09-20T19:29:02.862Z,501.4,2025-09-20 21:29:02.862,14.444722222222
Yeast Grow 4 Days,pioreactor02,2025-09-20T19:29:25.862Z,499.2,2025-09-20 21:29:25.862,14.451111111111
Yeast Grow 4 Days,pioreactor02,2025-09-20T19:29:48.862Z,493.6,2025-09-20 21:29:48.862,14.4575
Yeast Grow 4 Days,pioreactor02,2025-09-20T19:30:11.862Z,504.9,2025-09-20 21:30:11.862,14.463888888889
Yeast Grow 4 Days,pioreactor02,2025-09-20T19:30:34.862Z,503.0,2025-09-20 21:30:34.862,14.470277777778
Yeast Grow 4 Days,pioreactor02,2025-09-20T19:30:57.862Z,495.6,2025-09-20 21:30:57.862,14.476666666667
Yeast Grow 4 Days,pioreactor02,2025-09-20T19:31:20.862Z,494.0,2025-09-20 21:31:20.862,14.483055555556
Yeast Grow 4 Days,pioreactor02,2025-09-20T19:31:43.862Z,504.9,2025-09-20 21:31:43.862,14.489444444444
Yeast Grow 4 Days,pioreactor02,2025-09-20T19:32:06.862Z,491.0,2025-09-20 21:32:06.862,14.495833333333
Yeast Grow 4 Days,pioreactor02,2025-09-20T19:32:29.862Z,507.6,2025-09-20 21:32:29.862,14.502222222222
Yeast Grow 4 Days,pioreactor02,2025-09-20T19:32:52.862Z,498.3,2025-09-20 21:32:52.862,14.508611111111
Yeast Grow 4 Days,pioreactor02,2025-09-20T19:33:15.862Z,499.5,2025-09-20 21:33:15.862,14.515
Yeast Grow 4 Days,pioreactor02,2025-09-20T19:33:38.862Z,509.6,2025-09-20 21:33:38.862,14.521388888889
Yeast Grow 4 Days,pioreactor02,2025-09-20T19:34:01.862Z,500.0,2025-09-20 21:34:01.862,14.527777777778
Yeast Grow 4 Days,pioreactor02,2025-09-20T19:34:24.862Z,488.0,2025-09-20 21:34:24.862,14.534166666667
Yeast Grow 4 Days,pioreactor02,2025-09-20T19:34:47.862Z,498.8,2025-09-20 21:34:47.862,14.540555555556
Yeast Grow 4 Days,pioreactor02,2025-09-20T19:35:10.862Z,495.7,2025-09-20 21:35:10.862,14.546944444444
Yeast Grow 4 Days,pioreactor02,2025-09-20T19:35:33.862Z,503.7,2025-09-20 21:35:33.862,14.553333333333
Yeast Grow 4 Days,pioreactor02,2025-09-20T19:35:56.862Z,513.7,2025-09-20 21:35:56.862,14.559722222222
Yeast Grow 4 Days,pioreactor02,2025-09-20T19:36:19.862Z,508.0,2025-09-20 21:36:19.862,14.566111111111
Yeast Grow 4 Days,pioreactor02,2025-09-20T19:36:42.862Z,510.4,2025-09-20 21:36:42.862,14.5725
Yeast Grow 4 Days,pioreactor02,2025-09-20T19:37:05.862Z,503.4,2025-09-20 21:37:05.862,14.578888888889
Yeast Grow 4 Days,pioreactor02,2025-09-20T19:37:28.862Z,498.2,2025-09-20 21:37:28.862,14.585277777778
Yeast Grow 4 Days,pioreactor02,2025-09-20T19:37:51.862Z,488.7,2025-09-20 21:37:51.862,14.591666666667
Yeast Grow 4 Days,pioreactor02,2025-09-20T19:38:14.862Z,483.6,2025-09-20 21:38:14.862,14.598055555556
Yeast Grow 4 Days,pioreactor02,2025-09-20T19:38:37.862Z,485.0,2025-09-20 21:38:37.862,14.604444444444
Yeast Grow 4 Days,pioreactor02,2025-09-20T19:39:00.862Z,491.7,2025-09-20 21:39:00.862,14.610833333333
Yeast Grow 4 Days,pioreactor02,2025-09-20T19:39:23.862Z,517.6,2025-09-20 21:39:23.862,14.617222222222
Yeast Grow 4 Days,pioreactor02,2025-09-20T19:39:46.862Z,498.3,2025-09-20 21:39:46.862,14.623611111111
Yeast Grow 4 Days,pioreactor02,2025-09-20T19:40:09.862Z,512.9,2025-09-20 21:40:09.862,14.63
Yeast Grow 4 Days,pioreactor02,2025-09-20T19:40:32.862Z,492.6,2025-09-20 21:40:32.862,14.636388888889
Yeast Grow 4 Days,pioreactor02,2025-09-20T19:40:55.862Z,499.3,2025-09-20 21:40:55.862,14.642777777778
Yeast Grow 4 Days,pioreactor02,2025-09-20T19:41:18.862Z,497.4,2025-09-20 21:41:18.862,14.649166666667
Yeast Grow 4 Days,pioreactor02,2025-09-20T19:41:41.862Z,478.8,2025-09-20 21:41:41.862,14.655555555556
Yeast Grow 4 Days,pioreactor02,2025-09-20T19:42:04.862Z,500.2,2025-09-20 21:42:04.862,14.661944444444
Yeast Grow 4 Days,pioreactor02,2025-09-20T19:42:27.862Z,512.7,2025-09-20 21:42:27.862,14.668333333333
Yeast Grow 4 Days,pioreactor02,2025-09-20T19:42:50.862Z,507.3,2025-09-20 21:42:50.862,14.674722222222
Yeast Grow 4 Days,pioreactor02,2025-09-20T19:43:13.862Z,502.9,2025-09-20 21:43:13.862,14.681111111111
Yeast Grow 4 Days,pioreactor02,2025-09-20T19:43:36.862Z,505.9,2025-09-20 21:43:36.862,14.6875
Yeast Grow 4 Days,pioreactor02,2025-09-20T19:43:59.862Z,498.4,2025-09-20 21:43:59.862,14.693888888889
Yeast Grow 4 Days,pioreactor02,2025-09-20T19:44:22.862Z,469.7,2025-09-20 21:44:22.862,14.700277777778
Yeast Grow 4 Days,pioreactor02,2025-09-20T19:44:45.862Z,504.0,2025-09-20 21:44:45.862,14.706666666667
Yeast Grow 4 Days,pioreactor02,2025-09-20T19:45:08.862Z,504.1,2025-09-20 21:45:08.862,14.713055555556
Yeast Grow 4 Days,pioreactor02,2025-09-20T19:45:31.862Z,502.2,2025-09-20 21:45:31.862,14.719444444444
Yeast Grow 4 Days,pioreactor02,2025-09-20T19:45:54.862Z,517.3,2025-09-20 21:45:54.862,14.725833333333
Yeast Grow 4 Days,pioreactor02,2025-09-20T19:46:17.862Z,508.0,2025-09-20 21:46:17.862,14.732222222222
Yeast Grow 4 Days,pioreactor02,2025-09-20T19:46:40.862Z,500.7,2025-09-20 21:46:40.862,14.738611111111
Yeast Grow 4 Days,pioreactor02,2025-09-20T19:47:03.862Z,503.0,2025-09-20 21:47:03.862,14.745
Yeast Grow 4 Days,pioreactor02,2025-09-20T19:47:26.862Z,507.7,2025-09-20 21:47:26.862,14.751388888889
Yeast Grow 4 Days,pioreactor02,2025-09-20T19:47:49.862Z,482.6,2025-09-20 21:47:49.862,14.757777777778
Yeast Grow 4 Days,pioreactor02,2025-09-20T19:48:12.862Z,489.5,2025-09-20 21:48:12.862,14.764166666667
Yeast Grow 4 Days,pioreactor02,2025-09-20T19:48:35.862Z,492.7,2025-09-20 21:48:35.862,14.770555555556
Yeast Grow 4 Days,pioreactor02,2025-09-20T19:48:58.862Z,498.2,2025-09-20 21:48:58.862,14.776944444444
Yeast Grow 4 Days,pioreactor02,2025-09-20T19:49:21.862Z,511.1,2025-09-20 21:49:21.862,14.783333333333
Yeast Grow 4 Days,pioreactor02,2025-09-20T19:49:44.862Z,505.3,2025-09-20 21:49:44.862,14.789722222222
Yeast Grow 4 Days,pioreactor02,2025-09-20T19:50:07.862Z,514.7,2025-09-20 21:50:07.862,14.796111111111
Yeast Grow 4 Days,pioreactor02,2025-09-20T19:50:30.862Z,512.7,2025-09-20 21:50:30.862,14.8025
Yeast Grow 4 Days,pioreactor02,2025-09-20T19:50:53.862Z,427.6,2025-09-20 21:50:53.862,14.808888888889
Yeast Grow 4 Days,pioreactor02,2025-09-20T19:51:16.862Z,435.5,2025-09-20 21:51:16.862,14.815277777778
Yeast Grow 4 Days,pioreactor02,2025-09-20T19:51:39.862Z,527.9,2025-09-20 21:51:39.862,14.821666666667
Yeast Grow 4 Days,pioreactor02,2025-09-20T19:52:02.862Z,514.7,2025-09-20 21:52:02.862,14.828055555556
Yeast Grow 4 Days,pioreactor02,2025-09-20T19:52:25.862Z,506.7,2025-09-20 21:52:25.862,14.834444444444
Yeast Grow 4 Days,pioreactor02,2025-09-20T19:52:48.862Z,527.5,2025-09-20 21:52:48.862,14.840833333333
Yeast Grow 4 Days,pioreactor02,2025-09-20T19:53:11.862Z,509.0,2025-09-20 21:53:11.862,14.847222222222
Yeast Grow 4 Days,pioreactor02,2025-09-20T19:53:34.862Z,497.9,2025-09-20 21:53:34.862,14.853611111111
Yeast Grow 4 Days,pioreactor02,2025-09-20T19:53:57.862Z,521.2,2025-09-20 21:53:57.862,14.86
Yeast Grow 4 Days,pioreactor02,2025-09-20T19:54:20.862Z,464.4,2025-09-20 21:54:20.862,14.866388888889
Yeast Grow 4 Days,pioreactor02,2025-09-20T19:54:43.862Z,429.6,2025-09-20 21:54:43.862,14.872777777778
Yeast Grow 4 Days,pioreactor02,2025-09-20T19:55:06.862Z,516.7,2025-09-20 21:55:06.862,14.879166666667
Yeast Grow 4 Days,pioreactor02,2025-09-20T19:55:29.862Z,522.2,2025-09-20 21:55:29.862,14.885555555556
Yeast Grow 4 Days,pioreactor02,2025-09-20T19:55:52.862Z,505.8,2025-09-20 21:55:52.862,14.891944444444
Yeast Grow 4 Days,pioreactor02,2025-09-20T19:56:15.862Z,517.1,2025-09-20 21:56:15.862,14.898333333333
Yeast Grow 4 Days,pioreactor02,2025-09-20T19:56:38.862Z,500.7,2025-09-20 21:56:38.862,14.904722222222
Yeast Grow 4 Days,pioreactor02,2025-09-20T19:57:01.862Z,516.6,2025-09-20 21:57:01.862,14.911111111111
Yeast Grow 4 Days,pioreactor02,2025-09-20T19:57:24.862Z,508.5,2025-09-20 21:57:24.862,14.9175
Yeast Grow 4 Days,pioreactor02,2025-09-20T19:57:47.862Z,502.4,2025-09-20 21:57:47.862,14.923888888889
Yeast Grow 4 Days,pioreactor02,2025-09-20T19:58:10.862Z,508.1,2025-09-20 21:58:10.862,14.930277777778
Yeast Grow 4 Days,pioreactor02,2025-09-20T19:58:33.862Z,490.8,2025-09-20 21:58:33.862,14.936666666667
Yeast Grow 4 Days,pioreactor02,2025-09-20T19:58:56.862Z,502.2,2025-09-20 21:58:56.862,14.943055555556
Yeast Grow 4 Days,pioreactor02,2025-09-20T19:59:19.862Z,503.6,2025-09-20 21:59:19.862,14.949444444444
Yeast Grow 4 Days,pioreactor02,2025-09-20T19:59:42.862Z,509.4,2025-09-20 21:59:42.862,14.955833333333
Yeast Grow 4 Days,pioreactor02,2025-09-20T20:00:05.862Z,505.0,2025-09-20 22:00:05.862,14.962222222222
Yeast Grow 4 Days,pioreactor02,2025-09-20T20:00:28.862Z,505.6,2025-09-20 22:00:28.862,14.968611111111
Yeast Grow 4 Days,pioreactor02,2025-09-20T20:00:51.862Z,509.6,2025-09-20 22:00:51.862,14.975
Yeast Grow 4 Days,pioreactor02,2025-09-20T20:01:14.862Z,481.6,2025-09-20 22:01:14.862,14.981388888889
Yeast Grow 4 Days,pioreactor02,2025-09-20T20:01:37.862Z,479.3,2025-09-20 22:01:37.862,14.987777777778
Yeast Grow 4 Days,pioreactor02,2025-09-20T20:02:00.862Z,489.2,2025-09-20 22:02:00.862,14.994166666667
Yeast Grow 4 Days,pioreactor02,2025-09-20T20:02:23.862Z,503.7,2025-09-20 22:02:23.862,15.000555555556
Yeast Grow 4 Days,pioreactor02,2025-09-20T20:02:46.862Z,513.1,2025-09-20 22:02:46.862,15.006944444444
Yeast Grow 4 Days,pioreactor02,2025-09-20T20:03:09.862Z,500.6,2025-09-20 22:03:09.862,15.013333333333
Yeast Grow 4 Days,pioreactor02,2025-09-20T20:03:32.862Z,504.6,2025-09-20 22:03:32.862,15.019722222222
Yeast Grow 4 Days,pioreactor02,2025-09-20T20:03:55.862Z,513.9,2025-09-20 22:03:55.862,15.026111111111
Yeast Grow 4 Days,pioreactor02,2025-09-20T20:04:18.862Z,500.1,2025-09-20 22:04:18.862,15.0325
Yeast Grow 4 Days,pioreactor02,2025-09-20T20:04:41.862Z,500.2,2025-09-20 22:04:41.862,15.038888888889
Yeast Grow 4 Days,pioreactor02,2025-09-20T20:05:04.862Z,493.4,2025-09-20 22:05:04.862,15.045277777778
Yeast Grow 4 Days,pioreactor02,2025-09-20T20:05:27.862Z,503.8,2025-09-20 22:05:27.862,15.051666666667
Yeast Grow 4 Days,pioreactor02,2025-09-20T20:05:50.862Z,504.1,2025-09-20 22:05:50.862,15.058055555556
Yeast Grow 4 Days,pioreactor02,2025-09-20T20:06:13.862Z,494.7,2025-09-20 22:06:13.862,15.064444444444
Yeast Grow 4 Days,pioreactor02,2025-09-20T20:06:36.862Z,505.7,2025-09-20 22:06:36.862,15.070833333333
Yeast Grow 4 Days,pioreactor02,2025-09-20T20:06:59.862Z,484.5,2025-09-20 22:06:59.862,15.077222222222
Yeast Grow 4 Days,pioreactor02,2025-09-20T20:07:22.862Z,501.6,2025-09-20 22:07:22.862,15.083611111111
Yeast Grow 4 Days,pioreactor02,2025-09-20T20:07:45.862Z,497.9,2025-09-20 22:07:45.862,15.09
Yeast Grow 4 Days,pioreactor02,2025-09-20T20:08:08.862Z,483.2,2025-09-20 22:08:08.862,15.096388888889
Yeast Grow 4 Days,pioreactor02,2025-09-20T20:08:31.862Z,503.9,2025-09-20 22:08:31.862,15.102777777778
Yeast Grow 4 Days,pioreactor02,2025-09-20T20:08:54.862Z,505.8,2025-09-20 22:08:54.862,15.109166666667
Yeast Grow 4 Days,pioreactor02,2025-09-20T20:09:17.862Z,514.8,2025-09-20 22:09:17.862,15.115555555556
Yeast Grow 4 Days,pioreactor02,2025-09-20T20:09:40.862Z,510.5,2025-09-20 22:09:40.862,15.121944444444
Yeast Grow 4 Days,pioreactor02,2025-09-20T20:10:03.862Z,486.5,2025-09-20 22:10:03.862,15.128333333333
Yeast Grow 4 Days,pioreactor02,2025-09-20T20:10:26.862Z,506.9,2025-09-20 22:10:26.862,15.134722222222
Yeast Grow 4 Days,pioreactor02,2025-09-20T20:10:49.862Z,512.4,2025-09-20 22:10:49.862,15.141111111111
Yeast Grow 4 Days,pioreactor02,2025-09-20T20:11:12.862Z,485.0,2025-09-20 22:11:12.862,15.1475
Yeast Grow 4 Days,pioreactor02,2025-09-20T20:11:35.862Z,503.2,2025-09-20 22:11:35.862,15.153888888889
Yeast Grow 4 Days,pioreactor02,2025-09-20T20:11:58.862Z,497.7,2025-09-20 22:11:58.862,15.160277777778
Yeast Grow 4 Days,pioreactor02,2025-09-20T20:12:21.862Z,506.1,2025-09-20 22:12:21.862,15.166666666667
Yeast Grow 4 Days,pioreactor02,2025-09-20T20:12:44.862Z,516.6,2025-09-20 22:12:44.862,15.173055555556
Yeast Grow 4 Days,pioreactor02,2025-09-20T20:13:07.862Z,501.7,2025-09-20 22:13:07.862,15.179444444444
Yeast Grow 4 Days,pioreactor02,2025-09-20T20:13:30.862Z,508.5,2025-09-20 22:13:30.862,15.185833333333
Yeast Grow 4 Days,pioreactor02,2025-09-20T20:13:53.862Z,491.7,2025-09-20 22:13:53.862,15.192222222222
Yeast Grow 4 Days,pioreactor02,2025-09-20T20:14:16.862Z,429.9,2025-09-20 22:14:16.862,15.198611111111
Yeast Grow 4 Days,pioreactor02,2025-09-20T20:14:39.862Z,436.8,2025-09-20 22:14:39.862,15.205
Yeast Grow 4 Days,pioreactor02,2025-09-20T20:15:02.862Z,527.9,2025-09-20 22:15:02.862,15.211388888889
Yeast Grow 4 Days,pioreactor02,2025-09-20T20:15:25.862Z,497.7,2025-09-20 22:15:25.862,15.217777777778
Yeast Grow 4 Days,pioreactor02,2025-09-20T20:15:48.862Z,523.6,2025-09-20 22:15:48.862,15.224166666667
Yeast Grow 4 Days,pioreactor02,2025-09-20T20:16:11.862Z,516.7,2025-09-20 22:16:11.862,15.230555555556
Yeast Grow 4 Days,pioreactor02,2025-09-20T20:16:34.862Z,523.4,2025-09-20 22:16:34.862,15.236944444444
Yeast Grow 4 Days,pioreactor02,2025-09-20T20:16:57.862Z,510.7,2025-09-20 22:16:57.862,15.243333333333
Yeast Grow 4 Days,pioreactor02,2025-09-20T20:17:20.862Z,503.8,2025-09-20 22:17:20.862,15.249722222222
Yeast Grow 4 Days,pioreactor02,2025-09-20T20:17:43.862Z,489.5,2025-09-20 22:17:43.862,15.256111111111
Yeast Grow 4 Days,pioreactor02,2025-09-20T20:18:06.862Z,496.7,2025-09-20 22:18:06.862,15.2625
Yeast Grow 4 Days,pioreactor02,2025-09-20T20:18:29.862Z,495.3,2025-09-20 22:18:29.862,15.268888888889
Yeast Grow 4 Days,pioreactor02,2025-09-20T20:18:52.862Z,511.6,2025-09-20 22:18:52.862,15.275277777778
Yeast Grow 4 Days,pioreactor02,2025-09-20T20:19:15.862Z,516.1,2025-09-20 22:19:15.862,15.281666666667
Yeast Grow 4 Days,pioreactor02,2025-09-20T20:19:38.862Z,513.7,2025-09-20 22:19:38.862,15.288055555556
Yeast Grow 4 Days,pioreactor02,2025-09-20T20:20:01.862Z,509.4,2025-09-20 22:20:01.862,15.294444444444
Yeast Grow 4 Days,pioreactor02,2025-09-20T20:20:24.862Z,512.3,2025-09-20 22:20:24.862,15.300833333333
Yeast Grow 4 Days,pioreactor02,2025-09-20T20:20:47.862Z,504.6,2025-09-20 22:20:47.862,15.307222222222
Yeast Grow 4 Days,pioreactor02,2025-09-20T20:21:10.862Z,433.9,2025-09-20 22:21:10.862,15.313611111111
Yeast Grow 4 Days,pioreactor02,2025-09-20T20:21:33.862Z,430.4,2025-09-20 22:21:33.862,15.32
Yeast Grow 4 Days,pioreactor02,2025-09-20T20:21:56.862Z,515.5,2025-09-20 22:21:56.862,15.326388888889
Yeast Grow 4 Days,pioreactor02,2025-09-20T20:22:19.862Z,516.3,2025-09-20 22:22:19.862,15.332777777778
Yeast Grow 4 Days,pioreactor02,2025-09-20T20:22:42.862Z,533.0,2025-09-20 22:22:42.862,15.339166666667
Yeast Grow 4 Days,pioreactor02,2025-09-20T20:23:05.862Z,512.7,2025-09-20 22:23:05.862,15.345555555556
Yeast Grow 4 Days,pioreactor02,2025-09-20T20:23:28.862Z,504.8,2025-09-20 22:23:28.862,15.351944444444
Yeast Grow 4 Days,pioreactor02,2025-09-20T20:23:51.862Z,506.4,2025-09-20 22:23:51.862,15.358333333333
Yeast Grow 4 Days,pioreactor02,2025-09-20T20:24:14.862Z,497.4,2025-09-20 22:24:14.862,15.364722222222
Yeast Grow 4 Days,pioreactor02,2025-09-20T20:24:37.862Z,428.3,2025-09-20 22:24:37.862,15.371111111111
Yeast Grow 4 Days,pioreactor02,2025-09-20T20:25:00.862Z,515.3,2025-09-20 22:25:00.862,15.3775
Yeast Grow 4 Days,pioreactor02,2025-09-20T20:25:23.862Z,513.2,2025-09-20 22:25:23.862,15.383888888889
Yeast Grow 4 Days,pioreactor02,2025-09-20T20:25:46.862Z,522.7,2025-09-20 22:25:46.862,15.390277777778
Yeast Grow 4 Days,pioreactor02,2025-09-20T20:26:09.862Z,520.8,2025-09-20 22:26:09.862,15.396666666667
Yeast Grow 4 Days,pioreactor02,2025-09-20T20:26:32.862Z,520.1,2025-09-20 22:26:32.862,15.403055555556
Yeast Grow 4 Days,pioreactor02,2025-09-20T20:26:55.862Z,503.1,2025-09-20 22:26:55.862,15.409444444444
Yeast Grow 4 Days,pioreactor02,2025-09-20T20:27:18.862Z,510.4,2025-09-20 22:27:18.862,15.415833333333
Yeast Grow 4 Days,pioreactor02,2025-09-20T20:27:41.862Z,489.6,2025-09-20 22:27:41.862,15.422222222222
Yeast Grow 4 Days,pioreactor02,2025-09-20T20:28:04.862Z,499.3,2025-09-20 22:28:04.862,15.428611111111
Yeast Grow 4 Days,pioreactor02,2025-09-20T20:28:27.862Z,489.8,2025-09-20 22:28:27.862,15.435
Yeast Grow 4 Days,pioreactor02,2025-09-20T20:28:50.862Z,499.4,2025-09-20 22:28:50.862,15.441388888889
Yeast Grow 4 Days,pioreactor02,2025-09-20T20:29:13.862Z,506.1,2025-09-20 22:29:13.862,15.447777777778
Yeast Grow 4 Days,pioreactor02,2025-09-20T20:29:36.862Z,514.0,2025-09-20 22:29:36.862,15.454166666667
Yeast Grow 4 Days,pioreactor02,2025-09-20T20:29:59.862Z,505.7,2025-09-20 22:29:59.862,15.460555555556
Yeast Grow 4 Days,pioreactor02,2025-09-20T20:30:22.862Z,502.2,2025-09-20 22:30:22.862,15.466944444444
Yeast Grow 4 Days,pioreactor02,2025-09-20T20:30:45.862Z,476.9,2025-09-20 22:30:45.862,15.473333333333
Yeast Grow 4 Days,pioreactor02,2025-09-20T20:31:08.862Z,419.9,2025-09-20 22:31:08.862,15.479722222222
Yeast Grow 4 Days,pioreactor02,2025-09-20T20:31:31.862Z,443.6,2025-09-20 22:31:31.862,15.486111111111
Yeast Grow 4 Days,pioreactor02,2025-09-20T20:31:54.862Z,521.6,2025-09-20 22:31:54.862,15.4925
Yeast Grow 4 Days,pioreactor02,2025-09-20T20:32:17.862Z,521.0,2025-09-20 22:32:17.862,15.498888888889
Yeast Grow 4 Days,pioreactor02,2025-09-20T20:32:40.862Z,520.7,2025-09-20 22:32:40.862,15.505277777778
Yeast Grow 4 Days,pioreactor02,2025-09-20T20:33:03.862Z,511.7,2025-09-20 22:33:03.862,15.511666666667
Yeast Grow 4 Days,pioreactor02,2025-09-20T20:33:26.862Z,526.0,2025-09-20 22:33:26.862,15.518055555556
Yeast Grow 4 Days,pioreactor02,2025-09-20T20:33:49.862Z,503.7,2025-09-20 22:33:49.862,15.524444444444
Yeast Grow 4 Days,pioreactor02,2025-09-20T20:34:12.862Z,512.4,2025-09-20 22:34:12.862,15.530833333333
Yeast Grow 4 Days,pioreactor02,2025-09-20T20:34:35.862Z,507.1,2025-09-20 22:34:35.862,15.537222222222
Yeast Grow 4 Days,pioreactor02,2025-09-20T20:34:58.862Z,505.0,2025-09-20 22:34:58.862,15.543611111111
Yeast Grow 4 Days,pioreactor02,2025-09-20T20:35:21.862Z,496.4,2025-09-20 22:35:21.862,15.55
Yeast Grow 4 Days,pioreactor02,2025-09-20T20:35:44.862Z,496.7,2025-09-20 22:35:44.862,15.556388888889
Yeast Grow 4 Days,pioreactor02,2025-09-20T20:36:07.862Z,514.7,2025-09-20 22:36:07.862,15.562777777778
Yeast Grow 4 Days,pioreactor02,2025-09-20T20:36:30.862Z,492.6,2025-09-20 22:36:30.862,15.569166666667
Yeast Grow 4 Days,pioreactor02,2025-09-20T20:36:53.862Z,493.7,2025-09-20 22:36:53.862,15.575555555556
Yeast Grow 4 Days,pioreactor02,2025-09-20T20:37:16.862Z,508.5,2025-09-20 22:37:16.862,15.581944444444
Yeast Grow 4 Days,pioreactor02,2025-09-20T20:37:39.862Z,498.2,2025-09-20 22:37:39.862,15.588333333333
Yeast Grow 4 Days,pioreactor02,2025-09-20T20:38:02.862Z,501.3,2025-09-20 22:38:02.862,15.594722222222
Yeast Grow 4 Days,pioreactor02,2025-09-20T20:38:25.862Z,492.0,2025-09-20 22:38:25.862,15.601111111111
Yeast Grow 4 Days,pioreactor02,2025-09-20T20:38:48.862Z,505.7,2025-09-20 22:38:48.862,15.6075
Yeast Grow 4 Days,pioreactor02,2025-09-20T20:39:11.862Z,515.0,2025-09-20 22:39:11.862,15.613888888889
Yeast Grow 4 Days,pioreactor02,2025-09-20T20:39:34.862Z,498.6,2025-09-20 22:39:34.862,15.620277777778
Yeast Grow 4 Days,pioreactor02,2025-09-20T20:39:57.862Z,502.4,2025-09-20 22:39:57.862,15.626666666667
Yeast Grow 4 Days,pioreactor02,2025-09-20T20:40:20.862Z,501.3,2025-09-20 22:40:20.862,15.633055555556
Yeast Grow 4 Days,pioreactor02,2025-09-20T20:40:43.862Z,502.4,2025-09-20 22:40:43.862,15.639444444444
Yeast Grow 4 Days,pioreactor02,2025-09-20T20:41:06.862Z,424.6,2025-09-20 22:41:06.862,15.645833333333
Yeast Grow 4 Days,pioreactor02,2025-09-20T20:41:29.862Z,424.2,2025-09-20 22:41:29.862,15.652222222222
Yeast Grow 4 Days,pioreactor02,2025-09-20T20:41:52.862Z,518.0,2025-09-20 22:41:52.862,15.658611111111
Yeast Grow 4 Days,pioreactor02,2025-09-20T20:42:15.862Z,523.1,2025-09-20 22:42:15.862,15.665
Yeast Grow 4 Days,pioreactor02,2025-09-20T20:42:38.862Z,504.2,2025-09-20 22:42:38.862,15.671388888889
Yeast Grow 4 Days,pioreactor02,2025-09-20T20:43:01.862Z,520.8,2025-09-20 22:43:01.862,15.677777777778
Yeast Grow 4 Days,pioreactor02,2025-09-20T20:43:24.862Z,513.8,2025-09-20 22:43:24.862,15.684166666667
Yeast Grow 4 Days,pioreactor02,2025-09-20T20:43:47.862Z,526.4,2025-09-20 22:43:47.862,15.690555555556
Yeast Grow 4 Days,pioreactor02,2025-09-20T20:44:10.862Z,520.8,2025-09-20 22:44:10.862,15.696944444444
Yeast Grow 4 Days,pioreactor02,2025-09-20T20:44:33.862Z,430.6,2025-09-20 22:44:33.862,15.703333333333
Yeast Grow 4 Days,pioreactor02,2025-09-20T20:44:56.862Z,510.5,2025-09-20 22:44:56.862,15.709722222222
Yeast Grow 4 Days,pioreactor02,2025-09-20T20:45:19.862Z,505.4,2025-09-20 22:45:19.862,15.716111111111
Yeast Grow 4 Days,pioreactor02,2025-09-20T20:45:42.862Z,506.3,2025-09-20 22:45:42.862,15.7225
Yeast Grow 4 Days,pioreactor02,2025-09-20T20:46:05.862Z,522.7,2025-09-20 22:46:05.862,15.728888888889
Yeast Grow 4 Days,pioreactor02,2025-09-20T20:46:28.862Z,497.5,2025-09-20 22:46:28.862,15.735277777778
Yeast Grow 4 Days,pioreactor02,2025-09-20T20:46:51.862Z,515.7,2025-09-20 22:46:51.862,15.741666666667
Yeast Grow 4 Days,pioreactor02,2025-09-20T20:47:14.862Z,514.3,2025-09-20 22:47:14.862,15.748055555556
Yeast Grow 4 Days,pioreactor02,2025-09-20T20:47:37.862Z,505.7,2025-09-20 22:47:37.862,15.754444444444
Yeast Grow 4 Days,pioreactor02,2025-09-20T20:48:00.862Z,501.2,2025-09-20 22:48:00.862,15.760833333333
Yeast Grow 4 Days,pioreactor02,2025-09-20T20:48:23.862Z,499.2,2025-09-20 22:48:23.862,15.767222222222
Yeast Grow 4 Days,pioreactor02,2025-09-20T20:48:46.862Z,490.5,2025-09-20 22:48:46.862,15.773611111111
Yeast Grow 4 Days,pioreactor02,2025-09-20T20:49:09.862Z,501.5,2025-09-20 22:49:09.862,15.78
Yeast Grow 4 Days,pioreactor02,2025-09-20T20:49:32.862Z,515.2,2025-09-20 22:49:32.862,15.786388888889
Yeast Grow 4 Days,pioreactor02,2025-09-20T20:49:55.862Z,494.7,2025-09-20 22:49:55.862,15.792777777778
Yeast Grow 4 Days,pioreactor02,2025-09-20T20:50:18.862Z,514.8,2025-09-20 22:50:18.862,15.799166666667
Yeast Grow 4 Days,pioreactor02,2025-09-20T20:50:41.862Z,511.3,2025-09-20 22:50:41.862,15.805555555556
Yeast Grow 4 Days,pioreactor02,2025-09-20T20:51:04.862Z,480.9,2025-09-20 22:51:04.862,15.811944444444
Yeast Grow 4 Days,pioreactor02,2025-09-20T20:51:27.862Z,505.7,2025-09-20 22:51:27.862,15.818333333333
Yeast Grow 4 Days,pioreactor02,2025-09-20T20:51:50.862Z,499.0,2025-09-20 22:51:50.862,15.824722222222
Yeast Grow 4 Days,pioreactor02,2025-09-20T20:52:13.862Z,504.6,2025-09-20 22:52:13.862,15.831111111111
Yeast Grow 4 Days,pioreactor02,2025-09-20T20:52:36.862Z,434.1,2025-09-20 22:52:36.862,15.8375
Yeast Grow 4 Days,pioreactor02,2025-09-20T20:52:59.862Z,517.3,2025-09-20 22:52:59.862,15.843888888889
Yeast Grow 4 Days,pioreactor02,2025-09-20T20:53:22.862Z,521.0,2025-09-20 22:53:22.862,15.850277777778
Yeast Grow 4 Days,pioreactor02,2025-09-20T20:53:45.862Z,500.9,2025-09-20 22:53:45.862,15.856666666667
Yeast Grow 4 Days,pioreactor02,2025-09-20T20:54:08.862Z,498.4,2025-09-20 22:54:08.862,15.863055555556
Yeast Grow 4 Days,pioreactor02,2025-09-20T20:54:31.862Z,499.9,2025-09-20 22:54:31.862,15.869444444444
Yeast Grow 4 Days,pioreactor02,2025-09-20T20:54:54.862Z,487.2,2025-09-20 22:54:54.862,15.875833333333
Yeast Grow 4 Days,pioreactor02,2025-09-20T20:55:17.862Z,505.0,2025-09-20 22:55:17.862,15.882222222222
Yeast Grow 4 Days,pioreactor02,2025-09-20T20:55:40.862Z,508.3,2025-09-20 22:55:40.862,15.888611111111
Yeast Grow 4 Days,pioreactor02,2025-09-20T20:56:03.862Z,511.5,2025-09-20 22:56:03.862,15.895
Yeast Grow 4 Days,pioreactor02,2025-09-20T20:56:26.862Z,503.6,2025-09-20 22:56:26.862,15.901388888889
Yeast Grow 4 Days,pioreactor02,2025-09-20T20:56:49.862Z,495.1,2025-09-20 22:56:49.862,15.907777777778
Yeast Grow 4 Days,pioreactor02,2025-09-20T20:57:12.862Z,501.9,2025-09-20 22:57:12.862,15.914166666667
Yeast Grow 4 Days,pioreactor02,2025-09-20T20:57:35.862Z,497.2,2025-09-20 22:57:35.862,15.920555555556
Yeast Grow 4 Days,pioreactor02,2025-09-20T20:57:58.862Z,498.4,2025-09-20 22:57:58.862,15.926944444444
Yeast Grow 4 Days,pioreactor02,2025-09-20T20:58:21.862Z,496.8,2025-09-20 22:58:21.862,15.933333333333
Yeast Grow 4 Days,pioreactor02,2025-09-20T20:58:44.862Z,500.0,2025-09-20 22:58:44.862,15.939722222222
Yeast Grow 4 Days,pioreactor02,2025-09-20T20:59:07.862Z,506.2,2025-09-20 22:59:07.862,15.946111111111
Yeast Grow 4 Days,pioreactor02,2025-09-20T20:59:30.862Z,511.3,2025-09-20 22:59:30.862,15.9525
Yeast Grow 4 Days,pioreactor02,2025-09-20T20:59:53.862Z,507.8,2025-09-20 22:59:53.862,15.958888888889
Yeast Grow 4 Days,pioreactor02,2025-09-20T21:00:16.862Z,499.6,2025-09-20 23:00:16.862,15.965277777778
Yeast Grow 4 Days,pioreactor02,2025-09-20T21:00:39.862Z,491.8,2025-09-20 23:00:39.862,15.971666666667
Yeast Grow 4 Days,pioreactor02,2025-09-20T21:01:02.862Z,500.1,2025-09-20 23:01:02.862,15.978055555556
Yeast Grow 4 Days,pioreactor02,2025-09-20T21:01:25.862Z,505.5,2025-09-20 23:01:25.862,15.984444444444
Yeast Grow 4 Days,pioreactor02,2025-09-20T21:01:48.862Z,495.1,2025-09-20 23:01:48.862,15.990833333333
Yeast Grow 4 Days,pioreactor02,2025-09-20T21:02:11.862Z,505.3,2025-09-20 23:02:11.862,15.997222222222
Yeast Grow 4 Days,pioreactor02,2025-09-20T21:02:34.862Z,493.3,2025-09-20 23:02:34.862,16.003611111111
Yeast Grow 4 Days,pioreactor02,2025-09-20T21:02:57.862Z,505.1,2025-09-20 23:02:57.862,16.01
Yeast Grow 4 Days,pioreactor02,2025-09-20T21:03:20.862Z,511.1,2025-09-20 23:03:20.862,16.016388888889
Yeast Grow 4 Days,pioreactor02,2025-09-20T21:03:43.862Z,502.8,2025-09-20 23:03:43.862,16.022777777778
Yeast Grow 4 Days,pioreactor02,2025-09-20T21:04:06.862Z,490.7,2025-09-20 23:04:06.862,16.029166666667
Yeast Grow 4 Days,pioreactor02,2025-09-20T21:04:29.862Z,493.6,2025-09-20 23:04:29.862,16.035555555556
Yeast Grow 4 Days,pioreactor02,2025-09-20T21:04:52.862Z,500.0,2025-09-20 23:04:52.862,16.041944444444
Yeast Grow 4 Days,pioreactor02,2025-09-20T21:05:15.862Z,501.4,2025-09-20 23:05:15.862,16.048333333333
Yeast Grow 4 Days,pioreactor02,2025-09-20T21:05:38.862Z,484.7,2025-09-20 23:05:38.862,16.054722222222
Yeast Grow 4 Days,pioreactor02,2025-09-20T21:06:01.862Z,512.8,2025-09-20 23:06:01.862,16.061111111111
Yeast Grow 4 Days,pioreactor02,2025-09-20T21:06:24.862Z,504.7,2025-09-20 23:06:24.862,16.0675
Yeast Grow 4 Days,pioreactor02,2025-09-20T21:06:47.862Z,499.5,2025-09-20 23:06:47.862,16.073888888889
Yeast Grow 4 Days,pioreactor02,2025-09-20T21:07:10.862Z,503.2,2025-09-20 23:07:10.862,16.080277777778
Yeast Grow 4 Days,pioreactor02,2025-09-20T21:07:33.862Z,425.0,2025-09-20 23:07:33.862,16.086666666667
Yeast Grow 4 Days,pioreactor02,2025-09-20T21:07:56.862Z,424.9,2025-09-20 23:07:56.862,16.093055555556
Yeast Grow 4 Days,pioreactor02,2025-09-20T21:08:19.862Z,528.9,2025-09-20 23:08:19.862,16.099444444444
Yeast Grow 4 Days,pioreactor02,2025-09-20T21:08:42.862Z,522.6,2025-09-20 23:08:42.862,16.105833333333
Yeast Grow 4 Days,pioreactor02,2025-09-20T21:09:05.862Z,511.6,2025-09-20 23:09:05.862,16.112222222222
Yeast Grow 4 Days,pioreactor02,2025-09-20T21:09:28.862Z,521.2,2025-09-20 23:09:28.862,16.118611111111
Yeast Grow 4 Days,pioreactor02,2025-09-20T21:09:51.862Z,513.8,2025-09-20 23:09:51.862,16.125
Yeast Grow 4 Days,pioreactor02,2025-09-20T21:10:14.862Z,515.2,2025-09-20 23:10:14.862,16.131388888889
Yeast Grow 4 Days,pioreactor02,2025-09-20T21:10:37.862Z,504.4,2025-09-20 23:10:37.862,16.137777777778
Yeast Grow 4 Days,pioreactor02,2025-09-20T21:11:00.862Z,499.8,2025-09-20 23:11:00.862,16.144166666667
Yeast Grow 4 Days,pioreactor02,2025-09-20T21:11:23.862Z,510.1,2025-09-20 23:11:23.862,16.150555555556
Yeast Grow 4 Days,pioreactor02,2025-09-20T21:11:46.862Z,485.2,2025-09-20 23:11:46.862,16.156944444444
Yeast Grow 4 Days,pioreactor02,2025-09-20T21:12:09.862Z,491.3,2025-09-20 23:12:09.862,16.163333333333
Yeast Grow 4 Days,pioreactor02,2025-09-20T21:12:32.862Z,514.6,2025-09-20 23:12:32.862,16.169722222222
Yeast Grow 4 Days,pioreactor02,2025-09-20T21:12:55.862Z,507.5,2025-09-20 23:12:55.862,16.176111111111
Yeast Grow 4 Days,pioreactor02,2025-09-20T21:13:18.862Z,510.5,2025-09-20 23:13:18.862,16.1825
Yeast Grow 4 Days,pioreactor02,2025-09-20T21:13:41.862Z,503.5,2025-09-20 23:13:41.862,16.188888888889
Yeast Grow 4 Days,pioreactor02,2025-09-20T21:14:04.862Z,491.3,2025-09-20 23:14:04.862,16.195277777778
Yeast Grow 4 Days,pioreactor02,2025-09-20T21:14:27.862Z,499.6,2025-09-20 23:14:27.862,16.201666666667
Yeast Grow 4 Days,pioreactor02,2025-09-20T21:14:50.862Z,492.9,2025-09-20 23:14:50.862,16.208055555556
Yeast Grow 4 Days,pioreactor02,2025-09-20T21:15:13.862Z,492.6,2025-09-20 23:15:13.862,16.214444444444
Yeast Grow 4 Days,pioreactor02,2025-09-20T21:15:36.862Z,504.9,2025-09-20 23:15:36.862,16.220833333333
Yeast Grow 4 Days,pioreactor02,2025-09-20T21:15:59.862Z,516.0,2025-09-20 23:15:59.862,16.227222222222
Yeast Grow 4 Days,pioreactor02,2025-09-20T21:16:22.862Z,505.6,2025-09-20 23:16:22.862,16.233611111111
Yeast Grow 4 Days,pioreactor02,2025-09-20T21:16:45.862Z,512.2,2025-09-20 23:16:45.862,16.24
Yeast Grow 4 Days,pioreactor02,2025-09-20T21:17:08.862Z,500.4,2025-09-20 23:17:08.862,16.246388888889
Yeast Grow 4 Days,pioreactor02,2025-09-20T21:17:31.862Z,507.9,2025-09-20 23:17:31.862,16.252777777778
Yeast Grow 4 Days,pioreactor02,2025-09-20T21:17:54.862Z,493.1,2025-09-20 23:17:54.862,16.259166666667
Yeast Grow 4 Days,pioreactor02,2025-09-20T21:18:17.862Z,490.3,2025-09-20 23:18:17.862,16.265555555556
Yeast Grow 4 Days,pioreactor02,2025-09-20T21:18:40.862Z,471.0,2025-09-20 23:18:40.862,16.271944444444
Yeast Grow 4 Days,pioreactor02,2025-09-20T21:19:03.862Z,498.2,2025-09-20 23:19:03.862,16.278333333333
Yeast Grow 4 Days,pioreactor02,2025-09-20T21:19:26.862Z,504.4,2025-09-20 23:19:26.862,16.284722222222
Yeast Grow 4 Days,pioreactor02,2025-09-20T21:19:49.862Z,508.0,2025-09-20 23:19:49.862,16.291111111111
Yeast Grow 4 Days,pioreactor02,2025-09-20T21:20:12.862Z,503.2,2025-09-20 23:20:12.862,16.2975
Yeast Grow 4 Days,pioreactor02,2025-09-20T21:20:35.862Z,494.5,2025-09-20 23:20:35.862,16.303888888889
Yeast Grow 4 Days,pioreactor02,2025-09-20T21:20:58.862Z,472.3,2025-09-20 23:20:58.862,16.310277777778
Yeast Grow 4 Days,pioreactor02,2025-09-20T21:21:21.862Z,416.7,2025-09-20 23:21:21.862,16.316666666667
Yeast Grow 4 Days,pioreactor02,2025-09-20T21:21:44.862Z,522.6,2025-09-20 23:21:44.862,16.323055555556
Yeast Grow 4 Days,pioreactor02,2025-09-20T21:22:07.862Z,514.5,2025-09-20 23:22:07.862,16.329444444444
Yeast Grow 4 Days,pioreactor02,2025-09-20T21:22:30.862Z,513.1,2025-09-20 23:22:30.862,16.335833333333
Yeast Grow 4 Days,pioreactor02,2025-09-20T21:22:53.862Z,527.3,2025-09-20 23:22:53.862,16.342222222222
Yeast Grow 4 Days,pioreactor02,2025-09-20T21:23:16.862Z,524.7,2025-09-20 23:23:16.862,16.348611111111
Yeast Grow 4 Days,pioreactor02,2025-09-20T21:23:39.862Z,496.2,2025-09-20 23:23:39.862,16.355
Yeast Grow 4 Days,pioreactor02,2025-09-20T21:24:02.862Z,513.4,2025-09-20 23:24:02.862,16.361388888889
Yeast Grow 4 Days,pioreactor02,2025-09-20T21:24:25.862Z,438.9,2025-09-20 23:24:25.862,16.367777777778
Yeast Grow 4 Days,pioreactor02,2025-09-20T21:24:48.862Z,430.7,2025-09-20 23:24:48.862,16.374166666667
Yeast Grow 4 Days,pioreactor02,2025-09-20T21:25:11.862Z,525.8,2025-09-20 23:25:11.862,16.380555555556
Yeast Grow 4 Days,pioreactor02,2025-09-20T21:25:34.862Z,510.9,2025-09-20 23:25:34.862,16.386944444444
Yeast Grow 4 Days,pioreactor02,2025-09-20T21:25:57.862Z,523.7,2025-09-20 23:25:57.862,16.393333333333
Yeast Grow 4 Days,pioreactor02,2025-09-20T21:26:20.862Z,528.4,2025-09-20 23:26:20.862,16.399722222222
Yeast Grow 4 Days,pioreactor02,2025-09-20T21:26:43.862Z,515.4,2025-09-20 23:26:43.862,16.406111111111
Yeast Grow 4 Days,pioreactor02,2025-09-20T21:27:06.862Z,511.0,2025-09-20 23:27:06.862,16.4125
Yeast Grow 4 Days,pioreactor02,2025-09-20T21:27:29.862Z,510.0,2025-09-20 23:27:29.862,16.418888888889
Yeast Grow 4 Days,pioreactor02,2025-09-20T21:27:52.862Z,495.7,2025-09-20 23:27:52.862,16.425277777778
Yeast Grow 4 Days,pioreactor02,2025-09-20T21:28:15.862Z,511.0,2025-09-20 23:28:15.862,16.431666666667
Yeast Grow 4 Days,pioreactor02,2025-09-20T21:28:38.862Z,506.3,2025-09-20 23:28:38.862,16.438055555556
Yeast Grow 4 Days,pioreactor02,2025-09-20T21:29:01.862Z,491.8,2025-09-20 23:29:01.862,16.444444444444
Yeast Grow 4 Days,pioreactor02,2025-09-20T21:29:24.862Z,490.6,2025-09-20 23:29:24.862,16.450833333333
Yeast Grow 4 Days,pioreactor02,2025-09-20T21:29:47.862Z,511.6,2025-09-20 23:29:47.862,16.457222222222
Yeast Grow 4 Days,pioreactor02,2025-09-20T21:30:10.862Z,500.0,2025-09-20 23:30:10.862,16.463611111111
Yeast Grow 4 Days,pioreactor02,2025-09-20T21:30:33.862Z,506.9,2025-09-20 23:30:33.862,16.47
Yeast Grow 4 Days,pioreactor02,2025-09-20T21:30:56.862Z,501.2,2025-09-20 23:30:56.862,16.476388888889
Yeast Grow 4 Days,pioreactor02,2025-09-20T21:31:19.862Z,493.2,2025-09-20 23:31:19.862,16.482777777778
Yeast Grow 4 Days,pioreactor02,2025-09-20T21:31:42.862Z,501.1,2025-09-20 23:31:42.862,16.489166666667
Yeast Grow 4 Days,pioreactor02,2025-09-20T21:32:05.862Z,495.5,2025-09-20 23:32:05.862,16.495555555556
Yeast Grow 4 Days,pioreactor02,2025-09-20T21:32:28.862Z,503.8,2025-09-20 23:32:28.862,16.501944444444
Yeast Grow 4 Days,pioreactor02,2025-09-20T21:32:51.862Z,493.5,2025-09-20 23:32:51.862,16.508333333333
Yeast Grow 4 Days,pioreactor02,2025-09-20T21:33:14.862Z,498.4,2025-09-20 23:33:14.862,16.514722222222
Yeast Grow 4 Days,pioreactor02,2025-09-20T21:33:37.862Z,501.3,2025-09-20 23:33:37.862,16.521111111111
Yeast Grow 4 Days,pioreactor02,2025-09-20T21:34:00.862Z,506.1,2025-09-20 23:34:00.862,16.5275
Yeast Grow 4 Days,pioreactor02,2025-09-20T21:34:23.862Z,501.1,2025-09-20 23:34:23.862,16.533888888889
Yeast Grow 4 Days,pioreactor02,2025-09-20T21:34:46.862Z,498.1,2025-09-20 23:34:46.862,16.540277777778
Yeast Grow 4 Days,pioreactor02,2025-09-20T21:35:09.862Z,499.0,2025-09-20 23:35:09.862,16.546666666667
Yeast Grow 4 Days,pioreactor02,2025-09-20T21:35:32.862Z,496.4,2025-09-20 23:35:32.862,16.553055555556
Yeast Grow 4 Days,pioreactor02,2025-09-20T21:35:55.862Z,503.7,2025-09-20 23:35:55.862,16.559444444444
Yeast Grow 4 Days,pioreactor02,2025-09-20T21:36:18.862Z,514.9,2025-09-20 23:36:18.862,16.565833333333
Yeast Grow 4 Days,pioreactor02,2025-09-20T21:36:41.862Z,494.0,2025-09-20 23:36:41.862,16.572222222222
Yeast Grow 4 Days,pioreactor02,2025-09-20T21:37:04.862Z,486.4,2025-09-20 23:37:04.862,16.578611111111
Yeast Grow 4 Days,pioreactor02,2025-09-20T21:37:27.862Z,500.4,2025-09-20 23:37:27.862,16.585
Yeast Grow 4 Days,pioreactor02,2025-09-20T21:37:50.862Z,481.4,2025-09-20 23:37:50.862,16.591388888889
Yeast Grow 4 Days,pioreactor02,2025-09-20T21:38:13.862Z,509.1,2025-09-20 23:38:13.862,16.597777777778
Yeast Grow 4 Days,pioreactor02,2025-09-20T21:38:36.862Z,485.7,2025-09-20 23:38:36.862,16.604166666667
Yeast Grow 4 Days,pioreactor02,2025-09-20T21:38:59.862Z,503.2,2025-09-20 23:38:59.862,16.610555555556
Yeast Grow 4 Days,pioreactor02,2025-09-20T21:39:22.862Z,512.2,2025-09-20 23:39:22.862,16.616944444444
Yeast Grow 4 Days,pioreactor02,2025-09-20T21:39:45.862Z,509.8,2025-09-20 23:39:45.862,16.623333333333
Yeast Grow 4 Days,pioreactor02,2025-09-20T21:40:08.862Z,507.0,2025-09-20 23:40:08.862,16.629722222222
Yeast Grow 4 Days,pioreactor02,2025-09-20T21:40:31.862Z,500.5,2025-09-20 23:40:31.862,16.636111111111
Yeast Grow 4 Days,pioreactor02,2025-09-20T21:40:54.862Z,499.9,2025-09-20 23:40:54.862,16.6425
Yeast Grow 4 Days,pioreactor02,2025-09-20T21:41:17.862Z,492.2,2025-09-20 23:41:17.862,16.648888888889
Yeast Grow 4 Days,pioreactor02,2025-09-20T21:41:40.862Z,505.1,2025-09-20 23:41:40.862,16.655277777778
Yeast Grow 4 Days,pioreactor02,2025-09-20T21:42:03.862Z,492.5,2025-09-20 23:42:03.862,16.661666666667
Yeast Grow 4 Days,pioreactor02,2025-09-20T21:42:26.862Z,495.4,2025-09-20 23:42:26.862,16.668055555556
Yeast Grow 4 Days,pioreactor02,2025-09-20T21:42:49.862Z,509.9,2025-09-20 23:42:49.862,16.674444444444
Yeast Grow 4 Days,pioreactor02,2025-09-20T21:43:12.862Z,481.3,2025-09-20 23:43:12.862,16.680833333333
Yeast Grow 4 Days,pioreactor02,2025-09-20T21:43:35.862Z,502.9,2025-09-20 23:43:35.862,16.687222222222
Yeast Grow 4 Days,pioreactor02,2025-09-20T21:43:58.862Z,516.3,2025-09-20 23:43:58.862,16.693611111111
Yeast Grow 4 Days,pioreactor02,2025-09-20T21:44:21.862Z,482.0,2025-09-20 23:44:21.862,16.7
Yeast Grow 4 Days,pioreactor02,2025-09-20T21:44:44.862Z,508.2,2025-09-20 23:44:44.862,16.706388888889
Yeast Grow 4 Days,pioreactor02,2025-09-20T21:45:07.862Z,490.8,2025-09-20 23:45:07.862,16.712777777778
Yeast Grow 4 Days,pioreactor02,2025-09-20T21:45:30.862Z,503.0,2025-09-20 23:45:30.862,16.719166666667
Yeast Grow 4 Days,pioreactor02,2025-09-20T21:45:53.862Z,511.0,2025-09-20 23:45:53.862,16.725555555556
Yeast Grow 4 Days,pioreactor02,2025-09-20T21:46:16.862Z,517.2,2025-09-20 23:46:16.862,16.731944444444
Yeast Grow 4 Days,pioreactor02,2025-09-20T21:46:39.862Z,499.6,2025-09-20 23:46:39.862,16.738333333333
Yeast Grow 4 Days,pioreactor02,2025-09-20T21:47:02.862Z,496.8,2025-09-20 23:47:02.862,16.744722222222
Yeast Grow 4 Days,pioreactor02,2025-09-20T21:47:25.862Z,496.3,2025-09-20 23:47:25.862,16.751111111111
Yeast Grow 4 Days,pioreactor02,2025-09-20T21:47:48.862Z,426.7,2025-09-20 23:47:48.862,16.7575
Yeast Grow 4 Days,pioreactor02,2025-09-20T21:48:11.862Z,437.8,2025-09-20 23:48:11.862,16.763888888889
Yeast Grow 4 Days,pioreactor02,2025-09-20T21:48:34.862Z,525.9,2025-09-20 23:48:34.862,16.770277777778
Yeast Grow 4 Days,pioreactor02,2025-09-20T21:48:57.862Z,515.3,2025-09-20 23:48:57.862,16.776666666667
Yeast Grow 4 Days,pioreactor02,2025-09-20T21:49:20.862Z,525.9,2025-09-20 23:49:20.862,16.783055555556
Yeast Grow 4 Days,pioreactor02,2025-09-20T21:49:43.862Z,523.9,2025-09-20 23:49:43.862,16.789444444444
Yeast Grow 4 Days,pioreactor02,2025-09-20T21:50:06.862Z,508.2,2025-09-20 23:50:06.862,16.795833333333
Yeast Grow 4 Days,pioreactor02,2025-09-20T21:50:29.862Z,509.7,2025-09-20 23:50:29.862,16.802222222222
Yeast Grow 4 Days,pioreactor02,2025-09-20T21:50:52.862Z,504.9,2025-09-20 23:50:52.862,16.808611111111
Yeast Grow 4 Days,pioreactor02,2025-09-20T21:51:15.862Z,488.8,2025-09-20 23:51:15.862,16.815
Yeast Grow 4 Days,pioreactor02,2025-09-20T21:51:38.862Z,499.0,2025-09-20 23:51:38.862,16.821388888889
Yeast Grow 4 Days,pioreactor02,2025-09-20T21:52:01.862Z,498.5,2025-09-20 23:52:01.862,16.827777777778
Yeast Grow 4 Days,pioreactor02,2025-09-20T21:52:24.862Z,509.0,2025-09-20 23:52:24.862,16.834166666667
Yeast Grow 4 Days,pioreactor02,2025-09-20T21:52:47.862Z,507.1,2025-09-20 23:52:47.862,16.840555555556
Yeast Grow 4 Days,pioreactor02,2025-09-20T21:53:10.862Z,509.7,2025-09-20 23:53:10.862,16.846944444444
Yeast Grow 4 Days,pioreactor02,2025-09-20T21:53:33.862Z,501.2,2025-09-20 23:53:33.862,16.853333333333
Yeast Grow 4 Days,pioreactor02,2025-09-20T21:53:56.862Z,514.4,2025-09-20 23:53:56.862,16.859722222222
Yeast Grow 4 Days,pioreactor02,2025-09-20T21:54:19.862Z,483.9,2025-09-20 23:54:19.862,16.866111111111
Yeast Grow 4 Days,pioreactor02,2025-09-20T21:54:42.862Z,500.0,2025-09-20 23:54:42.862,16.8725
Yeast Grow 4 Days,pioreactor02,2025-09-20T21:55:05.862Z,507.2,2025-09-20 23:55:05.862,16.878888888889
Yeast Grow 4 Days,pioreactor02,2025-09-20T21:55:28.862Z,496.9,2025-09-20 23:55:28.862,16.885277777778
Yeast Grow 4 Days,pioreactor02,2025-09-20T21:55:51.862Z,508.7,2025-09-20 23:55:51.862,16.891666666667
Yeast Grow 4 Days,pioreactor02,2025-09-20T21:56:14.862Z,499.1,2025-09-20 23:56:14.862,16.898055555556
Yeast Grow 4 Days,pioreactor02,2025-09-20T21:56:37.862Z,501.4,2025-09-20 23:56:37.862,16.904444444444
Yeast Grow 4 Days,pioreactor02,2025-09-20T21:57:00.862Z,504.2,2025-09-20 23:57:00.862,16.910833333333
Yeast Grow 4 Days,pioreactor02,2025-09-20T21:57:23.862Z,504.1,2025-09-20 23:57:23.862,16.917222222222
Yeast Grow 4 Days,pioreactor02,2025-09-20T21:57:46.862Z,480.6,2025-09-20 23:57:46.862,16.923611111111
Yeast Grow 4 Days,pioreactor02,2025-09-20T21:58:09.862Z,499.8,2025-09-20 23:58:09.862,16.93
Yeast Grow 4 Days,pioreactor02,2025-09-20T21:58:32.862Z,500.1,2025-09-20 23:58:32.862,16.936388888889
Yeast Grow 4 Days,pioreactor02,2025-09-20T21:58:55.862Z,502.0,2025-09-20 23:58:55.862,16.942777777778
Yeast Grow 4 Days,pioreactor02,2025-09-20T21:59:18.862Z,519.0,2025-09-20 23:59:18.862,16.949166666667
Yeast Grow 4 Days,pioreactor02,2025-09-20T21:59:41.862Z,508.5,2025-09-20 23:59:41.862,16.955555555556
Yeast Grow 4 Days,pioreactor02,2025-09-20T22:00:04.862Z,506.1,2025-09-21 00:00:04.862,16.961944444444
Yeast Grow 4 Days,pioreactor02,2025-09-20T22:00:27.862Z,505.2,2025-09-21 00:00:27.862,16.968333333333
Yeast Grow 4 Days,pioreactor02,2025-09-20T22:00:50.862Z,501.0,2025-09-21 00:00:50.862,16.974722222222
Yeast Grow 4 Days,pioreactor02,2025-09-20T22:01:13.862Z,420.4,2025-09-21 00:01:13.862,16.981111111111
Yeast Grow 4 Days,pioreactor02,2025-09-20T22:01:36.862Z,429.6,2025-09-21 00:01:36.862,16.9875
Yeast Grow 4 Days,pioreactor02,2025-09-20T22:01:59.862Z,531.0,2025-09-21 00:01:59.862,16.993888888889
Yeast Grow 4 Days,pioreactor02,2025-09-20T22:02:22.862Z,509.1,2025-09-21 00:02:22.862,17.000277777778
Yeast Grow 4 Days,pioreactor02,2025-09-20T22:02:45.862Z,516.2,2025-09-21 00:02:45.862,17.006666666667
Yeast Grow 4 Days,pioreactor02,2025-09-20T22:03:08.862Z,515.4,2025-09-21 00:03:08.862,17.013055555556
Yeast Grow 4 Days,pioreactor02,2025-09-20T22:03:31.862Z,505.2,2025-09-21 00:03:31.862,17.019444444444
Yeast Grow 4 Days,pioreactor02,2025-09-20T22:03:54.862Z,496.6,2025-09-21 00:03:54.862,17.025833333333
Yeast Grow 4 Days,pioreactor02,2025-09-20T22:04:17.862Z,515.2,2025-09-21 00:04:17.862,17.032222222222
Yeast Grow 4 Days,pioreactor02,2025-09-20T22:04:40.862Z,488.6,2025-09-21 00:04:40.862,17.038611111111
Yeast Grow 4 Days,pioreactor02,2025-09-20T22:05:03.862Z,511.7,2025-09-21 00:05:03.862,17.045
Yeast Grow 4 Days,pioreactor02,2025-09-20T22:05:26.862Z,477.9,2025-09-21 00:05:26.862,17.051388888889
Yeast Grow 4 Days,pioreactor02,2025-09-20T22:05:49.862Z,510.4,2025-09-21 00:05:49.862,17.057777777778
Yeast Grow 4 Days,pioreactor02,2025-09-20T22:06:12.862Z,516.9,2025-09-21 00:06:12.862,17.064166666667
Yeast Grow 4 Days,pioreactor02,2025-09-20T22:06:35.862Z,514.9,2025-09-21 00:06:35.862,17.070555555556
Yeast Grow 4 Days,pioreactor02,2025-09-20T22:06:58.862Z,492.5,2025-09-21 00:06:58.862,17.076944444444
Yeast Grow 4 Days,pioreactor02,2025-09-20T22:07:21.862Z,495.4,2025-09-21 00:07:21.862,17.083333333333
Yeast Grow 4 Days,pioreactor02,2025-09-20T22:07:44.862Z,494.9,2025-09-21 00:07:44.862,17.089722222222
Yeast Grow 4 Days,pioreactor02,2025-09-20T22:08:07.862Z,508.6,2025-09-21 00:08:07.862,17.096111111111
Yeast Grow 4 Days,pioreactor02,2025-09-20T22:08:30.862Z,494.1,2025-09-21 00:08:30.862,17.1025
Yeast Grow 4 Days,pioreactor02,2025-09-20T22:08:53.862Z,503.9,2025-09-21 00:08:53.862,17.108888888889
Yeast Grow 4 Days,pioreactor02,2025-09-20T22:09:16.862Z,500.0,2025-09-21 00:09:16.862,17.115277777778
Yeast Grow 4 Days,pioreactor02,2025-09-20T22:09:39.862Z,512.0,2025-09-21 00:09:39.862,17.121666666667
Yeast Grow 4 Days,pioreactor02,2025-09-20T22:10:02.862Z,509.1,2025-09-21 00:10:02.862,17.128055555556
Yeast Grow 4 Days,pioreactor02,2025-09-20T22:10:25.862Z,510.8,2025-09-21 00:10:25.862,17.134444444444
Yeast Grow 4 Days,pioreactor02,2025-09-20T22:10:48.862Z,506.5,2025-09-21 00:10:48.862,17.140833333333
Yeast Grow 4 Days,pioreactor02,2025-09-20T22:11:11.862Z,498.9,2025-09-21 00:11:11.862,17.147222222222
Yeast Grow 4 Days,pioreactor02,2025-09-20T22:11:34.862Z,494.8,2025-09-21 00:11:34.862,17.153611111111
Yeast Grow 4 Days,pioreactor02,2025-09-20T22:11:57.862Z,428.5,2025-09-21 00:11:57.862,17.16
Yeast Grow 4 Days,pioreactor02,2025-09-20T22:12:20.862Z,421.4,2025-09-21 00:12:20.862,17.166388888889
Yeast Grow 4 Days,pioreactor02,2025-09-20T22:12:43.862Z,536.9,2025-09-21 00:12:43.862,17.172777777778
Yeast Grow 4 Days,pioreactor02,2025-09-20T22:13:06.862Z,521.4,2025-09-21 00:13:06.862,17.179166666667
Yeast Grow 4 Days,pioreactor02,2025-09-20T22:13:29.862Z,516.9,2025-09-21 00:13:29.862,17.185555555556
Yeast Grow 4 Days,pioreactor02,2025-09-20T22:13:52.862Z,508.8,2025-09-21 00:13:52.862,17.191944444444
Yeast Grow 4 Days,pioreactor02,2025-09-20T22:14:15.862Z,511.4,2025-09-21 00:14:15.862,17.198333333333
Yeast Grow 4 Days,pioreactor02,2025-09-20T22:14:38.862Z,496.6,2025-09-21 00:14:38.862,17.204722222222
Yeast Grow 4 Days,pioreactor02,2025-09-20T22:15:01.862Z,498.2,2025-09-21 00:15:01.862,17.211111111111
Yeast Grow 4 Days,pioreactor02,2025-09-20T22:15:24.862Z,499.6,2025-09-21 00:15:24.862,17.2175
Yeast Grow 4 Days,pioreactor02,2025-09-20T22:15:47.862Z,510.6,2025-09-21 00:15:47.862,17.223888888889
Yeast Grow 4 Days,pioreactor02,2025-09-20T22:16:10.862Z,514.9,2025-09-21 00:16:10.862,17.230277777778
Yeast Grow 4 Days,pioreactor02,2025-09-20T22:16:33.862Z,506.9,2025-09-21 00:16:33.862,17.236666666667
Yeast Grow 4 Days,pioreactor02,2025-09-20T22:16:56.862Z,510.6,2025-09-21 00:16:56.862,17.243055555556
Yeast Grow 4 Days,pioreactor02,2025-09-20T22:17:19.862Z,507.7,2025-09-21 00:17:19.862,17.249444444444
Yeast Grow 4 Days,pioreactor02,2025-09-20T22:17:42.862Z,505.2,2025-09-21 00:17:42.862,17.255833333333
Yeast Grow 4 Days,pioreactor02,2025-09-20T22:18:05.862Z,503.6,2025-09-21 00:18:05.862,17.262222222222
Yeast Grow 4 Days,pioreactor02,2025-09-20T22:18:28.862Z,494.7,2025-09-21 00:18:28.862,17.268611111111
Yeast Grow 4 Days,pioreactor02,2025-09-20T22:18:51.862Z,494.1,2025-09-21 00:18:51.862,17.275
Yeast Grow 4 Days,pioreactor02,2025-09-20T22:19:14.862Z,512.3,2025-09-21 00:19:14.862,17.281388888889
Yeast Grow 4 Days,pioreactor02,2025-09-20T22:19:37.862Z,501.2,2025-09-21 00:19:37.862,17.287777777778
Yeast Grow 4 Days,pioreactor02,2025-09-20T22:20:00.862Z,498.9,2025-09-21 00:20:00.862,17.294166666667
Yeast Grow 4 Days,pioreactor02,2025-09-20T22:20:23.862Z,496.3,2025-09-21 00:20:23.862,17.300555555556
Yeast Grow 4 Days,pioreactor02,2025-09-20T22:20:46.862Z,507.0,2025-09-21 00:20:46.862,17.306944444444
Yeast Grow 4 Days,pioreactor02,2025-09-20T22:21:09.862Z,416.7,2025-09-21 00:21:09.862,17.313333333333
Yeast Grow 4 Days,pioreactor02,2025-09-20T22:21:32.862Z,435.4,2025-09-21 00:21:32.862,17.319722222222
Yeast Grow 4 Days,pioreactor02,2025-09-20T22:21:55.862Z,520.4,2025-09-21 00:21:55.862,17.326111111111
Yeast Grow 4 Days,pioreactor02,2025-09-20T22:22:18.862Z,522.5,2025-09-21 00:22:18.862,17.3325
Yeast Grow 4 Days,pioreactor02,2025-09-20T22:22:41.862Z,517.7,2025-09-21 00:22:41.862,17.338888888889
Yeast Grow 4 Days,pioreactor02,2025-09-20T22:23:04.862Z,526.2,2025-09-21 00:23:04.862,17.345277777778
Yeast Grow 4 Days,pioreactor02,2025-09-20T22:23:27.862Z,506.3,2025-09-21 00:23:27.862,17.351666666667
Yeast Grow 4 Days,pioreactor02,2025-09-20T22:23:50.862Z,524.4,2025-09-21 00:23:50.862,17.358055555556
Yeast Grow 4 Days,pioreactor02,2025-09-20T22:24:13.862Z,507.5,2025-09-21 00:24:13.862,17.364444444444
Yeast Grow 4 Days,pioreactor02,2025-09-20T22:24:36.862Z,487.2,2025-09-21 00:24:36.862,17.370833333333
Yeast Grow 4 Days,pioreactor02,2025-09-20T22:24:59.862Z,503.3,2025-09-21 00:24:59.862,17.377222222222
Yeast Grow 4 Days,pioreactor02,2025-09-20T22:25:22.862Z,501.3,2025-09-21 00:25:22.862,17.383611111111
Yeast Grow 4 Days,pioreactor02,2025-09-20T22:25:45.862Z,500.6,2025-09-21 00:25:45.862,17.39
Yeast Grow 4 Days,pioreactor02,2025-09-20T22:26:08.862Z,506.6,2025-09-21 00:26:08.862,17.396388888889
Yeast Grow 4 Days,pioreactor02,2025-09-20T22:26:31.862Z,516.5,2025-09-21 00:26:31.862,17.402777777778
Yeast Grow 4 Days,pioreactor02,2025-09-20T22:26:54.862Z,481.0,2025-09-21 00:26:54.862,17.409166666667
Yeast Grow 4 Days,pioreactor02,2025-09-20T22:27:17.862Z,507.8,2025-09-21 00:27:17.862,17.415555555556
Yeast Grow 4 Days,pioreactor02,2025-09-20T22:27:40.862Z,499.5,2025-09-21 00:27:40.862,17.421944444444
Yeast Grow 4 Days,pioreactor02,2025-09-20T22:28:03.862Z,502.3,2025-09-21 00:28:03.862,17.428333333333
Yeast Grow 4 Days,pioreactor02,2025-09-20T22:28:26.862Z,484.5,2025-09-21 00:28:26.862,17.434722222222
Yeast Grow 4 Days,pioreactor02,2025-09-20T22:28:49.862Z,499.1,2025-09-21 00:28:49.862,17.441111111111
Yeast Grow 4 Days,pioreactor02,2025-09-20T22:29:12.862Z,509.5,2025-09-21 00:29:12.862,17.4475
Yeast Grow 4 Days,pioreactor02,2025-09-20T22:29:35.862Z,493.0,2025-09-21 00:29:35.862,17.453888888889
Yeast Grow 4 Days,pioreactor02,2025-09-20T22:29:58.862Z,514.5,2025-09-21 00:29:58.862,17.460277777778
Yeast Grow 4 Days,pioreactor02,2025-09-20T22:30:21.862Z,506.3,2025-09-21 00:30:21.862,17.466666666667
Yeast Grow 4 Days,pioreactor02,2025-09-20T22:30:44.862Z,496.2,2025-09-21 00:30:44.862,17.473055555556
Yeast Grow 4 Days,pioreactor02,2025-09-20T22:31:07.862Z,502.3,2025-09-21 00:31:07.862,17.479444444444
Yeast Grow 4 Days,pioreactor02,2025-09-20T22:31:30.862Z,494.0,2025-09-21 00:31:30.862,17.485833333333
Yeast Grow 4 Days,pioreactor02,2025-09-20T22:31:53.862Z,497.7,2025-09-21 00:31:53.862,17.492222222222
Yeast Grow 4 Days,pioreactor02,2025-09-20T22:32:16.862Z,499.0,2025-09-21 00:32:16.862,17.498611111111
Yeast Grow 4 Days,pioreactor02,2025-09-20T22:32:39.862Z,506.7,2025-09-21 00:32:39.862,17.505
Yeast Grow 4 Days,pioreactor02,2025-09-20T22:33:02.862Z,510.2,2025-09-21 00:33:02.862,17.511388888889
Yeast Grow 4 Days,pioreactor02,2025-09-20T22:33:25.862Z,494.6,2025-09-21 00:33:25.862,17.517777777778
Yeast Grow 4 Days,pioreactor02,2025-09-20T22:33:48.862Z,502.4,2025-09-21 00:33:48.862,17.524166666667
Yeast Grow 4 Days,pioreactor02,2025-09-20T22:34:11.862Z,499.8,2025-09-21 00:34:11.862,17.530555555556
Yeast Grow 4 Days,pioreactor02,2025-09-20T22:34:34.862Z,504.0,2025-09-21 00:34:34.862,17.536944444444
Yeast Grow 4 Days,pioreactor02,2025-09-20T22:34:57.862Z,430.5,2025-09-21 00:34:57.862,17.543333333333
Yeast Grow 4 Days,pioreactor02,2025-09-20T22:35:20.862Z,435.3,2025-09-21 00:35:20.862,17.549722222222
Yeast Grow 4 Days,pioreactor02,2025-09-20T22:35:43.862Z,522.4,2025-09-21 00:35:43.862,17.556111111111
Yeast Grow 4 Days,pioreactor02,2025-09-20T22:36:06.862Z,526.1,2025-09-21 00:36:06.862,17.5625
Yeast Grow 4 Days,pioreactor02,2025-09-20T22:36:29.862Z,524.8,2025-09-21 00:36:29.862,17.568888888889
Yeast Grow 4 Days,pioreactor02,2025-09-20T22:36:52.862Z,522.1,2025-09-21 00:36:52.862,17.575277777778
Yeast Grow 4 Days,pioreactor02,2025-09-20T22:37:15.862Z,518.7,2025-09-21 00:37:15.862,17.581666666667
Yeast Grow 4 Days,pioreactor02,2025-09-20T22:37:38.862Z,491.7,2025-09-21 00:37:38.862,17.588055555556
Yeast Grow 4 Days,pioreactor02,2025-09-20T22:38:01.862Z,501.7,2025-09-21 00:38:01.862,17.594444444444
Yeast Grow 4 Days,pioreactor02,2025-09-20T22:38:24.862Z,507.5,2025-09-21 00:38:24.862,17.600833333333
Yeast Grow 4 Days,pioreactor02,2025-09-20T22:38:47.862Z,508.0,2025-09-21 00:38:47.862,17.607222222222
Yeast Grow 4 Days,pioreactor02,2025-09-20T22:39:10.862Z,492.1,2025-09-21 00:39:10.862,17.613611111111
Yeast Grow 4 Days,pioreactor02,2025-09-20T22:39:33.862Z,513.6,2025-09-21 00:39:33.862,17.62
Yeast Grow 4 Days,pioreactor02,2025-09-20T22:39:56.862Z,495.6,2025-09-21 00:39:56.862,17.626388888889
Yeast Grow 4 Days,pioreactor02,2025-09-20T22:40:19.862Z,497.7,2025-09-21 00:40:19.862,17.632777777778
Yeast Grow 4 Days,pioreactor02,2025-09-20T22:40:42.862Z,497.5,2025-09-21 00:40:42.862,17.639166666667
Yeast Grow 4 Days,pioreactor02,2025-09-20T22:41:05.862Z,485.9,2025-09-21 00:41:05.862,17.645555555556
Yeast Grow 4 Days,pioreactor02,2025-09-20T22:41:28.862Z,493.5,2025-09-21 00:41:28.862,17.651944444444
Yeast Grow 4 Days,pioreactor02,2025-09-20T22:41:51.862Z,508.8,2025-09-21 00:41:51.862,17.658333333333
Yeast Grow 4 Days,pioreactor02,2025-09-20T22:42:14.862Z,462.0,2025-09-21 00:42:14.862,17.664722222222
Yeast Grow 4 Days,pioreactor02,2025-09-20T22:42:37.862Z,524.3,2025-09-21 00:42:37.862,17.671111111111
Yeast Grow 4 Days,pioreactor02,2025-09-20T22:43:00.862Z,494.7,2025-09-21 00:43:00.862,17.6775
Yeast Grow 4 Days,pioreactor02,2025-09-20T22:43:23.862Z,502.5,2025-09-21 00:43:23.862,17.683888888889
Yeast Grow 4 Days,pioreactor02,2025-09-20T22:43:46.862Z,517.9,2025-09-21 00:43:46.862,17.690277777778
Yeast Grow 4 Days,pioreactor02,2025-09-20T22:44:09.862Z,499.8,2025-09-21 00:44:09.862,17.696666666667
Yeast Grow 4 Days,pioreactor02,2025-09-20T22:44:32.862Z,498.9,2025-09-21 00:44:32.862,17.703055555556
Yeast Grow 4 Days,pioreactor02,2025-09-20T22:44:55.862Z,491.9,2025-09-21 00:44:55.862,17.709444444444
Yeast Grow 4 Days,pioreactor02,2025-09-20T22:45:18.862Z,497.9,2025-09-21 00:45:18.862,17.715833333333
Yeast Grow 4 Days,pioreactor02,2025-09-20T22:45:41.862Z,497.7,2025-09-21 00:45:41.862,17.722222222222
Yeast Grow 4 Days,pioreactor02,2025-09-20T22:46:04.862Z,513.7,2025-09-21 00:46:04.862,17.728611111111
Yeast Grow 4 Days,pioreactor02,2025-09-20T22:46:27.862Z,504.9,2025-09-21 00:46:27.862,17.735
Yeast Grow 4 Days,pioreactor02,2025-09-20T22:46:50.862Z,507.9,2025-09-21 00:46:50.862,17.741388888889
Yeast Grow 4 Days,pioreactor02,2025-09-20T22:47:13.862Z,499.8,2025-09-21 00:47:13.862,17.747777777778
Yeast Grow 4 Days,pioreactor02,2025-09-20T22:47:36.862Z,510.5,2025-09-21 00:47:36.862,17.754166666667
Yeast Grow 4 Days,pioreactor02,2025-09-20T22:47:59.862Z,497.0,2025-09-21 00:47:59.862,17.760555555556
Yeast Grow 4 Days,pioreactor02,2025-09-20T22:48:22.862Z,486.8,2025-09-21 00:48:22.862,17.766944444444
Yeast Grow 4 Days,pioreactor02,2025-09-20T22:48:45.862Z,483.8,2025-09-21 00:48:45.862,17.773333333333
Yeast Grow 4 Days,pioreactor02,2025-09-20T22:49:08.862Z,496.6,2025-09-21 00:49:08.862,17.779722222222
Yeast Grow 4 Days,pioreactor02,2025-09-20T22:49:31.862Z,503.7,2025-09-21 00:49:31.862,17.786111111111
Yeast Grow 4 Days,pioreactor02,2025-09-20T22:49:54.862Z,514.6,2025-09-21 00:49:54.862,17.7925
Yeast Grow 4 Days,pioreactor02,2025-09-20T22:50:17.862Z,497.9,2025-09-21 00:50:17.862,17.798888888889
Yeast Grow 4 Days,pioreactor02,2025-09-20T22:50:40.862Z,495.1,2025-09-21 00:50:40.862,17.805277777778
Yeast Grow 4 Days,pioreactor02,2025-09-20T22:51:03.862Z,496.7,2025-09-21 00:51:03.862,17.811666666667
Yeast Grow 4 Days,pioreactor02,2025-09-20T22:51:26.862Z,494.4,2025-09-21 00:51:26.862,17.818055555556
Yeast Grow 4 Days,pioreactor02,2025-09-20T22:51:49.862Z,499.2,2025-09-21 00:51:49.862,17.824444444444
Yeast Grow 4 Days,pioreactor02,2025-09-20T22:52:12.862Z,500.3,2025-09-21 00:52:12.862,17.830833333333
Yeast Grow 4 Days,pioreactor02,2025-09-20T22:52:35.862Z,508.0,2025-09-21 00:52:35.862,17.837222222222
Yeast Grow 4 Days,pioreactor02,2025-09-20T22:52:58.862Z,513.7,2025-09-21 00:52:58.862,17.843611111111
Yeast Grow 4 Days,pioreactor02,2025-09-20T22:53:21.862Z,504.3,2025-09-21 00:53:21.862,17.85
Yeast Grow 4 Days,pioreactor02,2025-09-20T22:53:44.862Z,493.9,2025-09-21 00:53:44.862,17.856388888889
Yeast Grow 4 Days,pioreactor02,2025-09-20T22:54:07.862Z,517.6,2025-09-21 00:54:07.862,17.862777777778
Yeast Grow 4 Days,pioreactor02,2025-09-20T22:54:30.862Z,474.6,2025-09-21 00:54:30.862,17.869166666667
Yeast Grow 4 Days,pioreactor02,2025-09-20T22:54:53.862Z,503.0,2025-09-21 00:54:53.862,17.875555555556
Yeast Grow 4 Days,pioreactor02,2025-09-20T22:55:16.862Z,425.1,2025-09-21 00:55:16.862,17.881944444444
Yeast Grow 4 Days,pioreactor02,2025-09-20T22:55:39.862Z,518.5,2025-09-21 00:55:39.862,17.888333333333
Yeast Grow 4 Days,pioreactor02,2025-09-20T22:56:02.862Z,529.8,2025-09-21 00:56:02.862,17.894722222222
Yeast Grow 4 Days,pioreactor02,2025-09-20T22:56:25.862Z,513.1,2025-09-21 00:56:25.862,17.901111111111
Yeast Grow 4 Days,pioreactor02,2025-09-20T22:56:48.862Z,510.1,2025-09-21 00:56:48.862,17.9075
Yeast Grow 4 Days,pioreactor02,2025-09-20T22:57:11.862Z,500.5,2025-09-21 00:57:11.862,17.913888888889
Yeast Grow 4 Days,pioreactor02,2025-09-20T22:57:34.862Z,511.5,2025-09-21 00:57:34.862,17.920277777778
Yeast Grow 4 Days,pioreactor02,2025-09-20T22:57:57.862Z,503.9,2025-09-21 00:57:57.862,17.926666666667
Yeast Grow 4 Days,pioreactor02,2025-09-20T22:58:20.862Z,499.9,2025-09-21 00:58:20.862,17.933055555556
Yeast Grow 4 Days,pioreactor02,2025-09-20T22:58:43.862Z,501.5,2025-09-21 00:58:43.862,17.939444444444
Yeast Grow 4 Days,pioreactor02,2025-09-20T22:59:06.862Z,486.7,2025-09-21 00:59:06.862,17.945833333333
Yeast Grow 4 Days,pioreactor02,2025-09-20T22:59:29.862Z,518.2,2025-09-21 00:59:29.862,17.952222222222
Yeast Grow 4 Days,pioreactor02,2025-09-20T22:59:52.862Z,501.9,2025-09-21 00:59:52.862,17.958611111111
Yeast Grow 4 Days,pioreactor02,2025-09-20T23:00:15.862Z,500.8,2025-09-21 01:00:15.862,17.965
Yeast Grow 4 Days,pioreactor02,2025-09-20T23:00:38.862Z,501.0,2025-09-21 01:00:38.862,17.971388888889
Yeast Grow 4 Days,pioreactor02,2025-09-20T23:01:01.862Z,493.0,2025-09-21 01:01:01.862,17.977777777778
Yeast Grow 4 Days,pioreactor02,2025-09-20T23:01:24.862Z,484.8,2025-09-21 01:01:24.862,17.984166666667
Yeast Grow 4 Days,pioreactor02,2025-09-20T23:01:47.862Z,436.9,2025-09-21 01:01:47.862,17.990555555556
Yeast Grow 4 Days,pioreactor02,2025-09-20T23:02:10.862Z,436.2,2025-09-21 01:02:10.862,17.996944444444
Yeast Grow 4 Days,pioreactor02,2025-09-20T23:02:33.862Z,529.8,2025-09-21 01:02:33.862,18.003333333333
Yeast Grow 4 Days,pioreactor02,2025-09-20T23:02:56.862Z,533.7,2025-09-21 01:02:56.862,18.009722222222
Yeast Grow 4 Days,pioreactor02,2025-09-20T23:03:19.862Z,521.2,2025-09-21 01:03:19.862,18.016111111111
Yeast Grow 4 Days,pioreactor02,2025-09-20T23:03:42.862Z,510.5,2025-09-21 01:03:42.862,18.0225
Yeast Grow 4 Days,pioreactor02,2025-09-20T23:04:05.862Z,497.4,2025-09-21 01:04:05.862,18.028888888889
Yeast Grow 4 Days,pioreactor02,2025-09-20T23:04:28.862Z,499.9,2025-09-21 01:04:28.862,18.035277777778
Yeast Grow 4 Days,pioreactor02,2025-09-20T23:04:51.862Z,495.2,2025-09-21 01:04:51.862,18.041666666667
Yeast Grow 4 Days,pioreactor02,2025-09-20T23:05:14.862Z,508.0,2025-09-21 01:05:14.862,18.048055555556
Yeast Grow 4 Days,pioreactor02,2025-09-20T23:05:37.862Z,494.7,2025-09-21 01:05:37.862,18.054444444444
Yeast Grow 4 Days,pioreactor02,2025-09-20T23:06:00.862Z,520.7,2025-09-21 01:06:00.862,18.060833333333
Yeast Grow 4 Days,pioreactor02,2025-09-20T23:06:23.862Z,511.8,2025-09-21 01:06:23.862,18.067222222222
Yeast Grow 4 Days,pioreactor02,2025-09-20T23:06:46.862Z,510.4,2025-09-21 01:06:46.862,18.073611111111
Yeast Grow 4 Days,pioreactor02,2025-09-20T23:07:09.862Z,484.6,2025-09-21 01:07:09.862,18.08
Yeast Grow 4 Days,pioreactor02,2025-09-20T23:07:32.862Z,496.2,2025-09-21 01:07:32.862,18.086388888889
Yeast Grow 4 Days,pioreactor02,2025-09-20T23:07:55.862Z,499.8,2025-09-21 01:07:55.862,18.092777777778
Yeast Grow 4 Days,pioreactor02,2025-09-20T23:08:18.862Z,502.2,2025-09-21 01:08:18.862,18.099166666667
Yeast Grow 4 Days,pioreactor02,2025-09-20T23:08:41.862Z,515.3,2025-09-21 01:08:41.862,18.105555555556
Yeast Grow 4 Days,pioreactor02,2025-09-20T23:09:04.862Z,501.3,2025-09-21 01:09:04.862,18.111944444444
Yeast Grow 4 Days,pioreactor02,2025-09-20T23:09:27.862Z,506.6,2025-09-21 01:09:27.862,18.118333333333
Yeast Grow 4 Days,pioreactor02,2025-09-20T23:09:50.862Z,509.0,2025-09-21 01:09:50.862,18.124722222222
Yeast Grow 4 Days,pioreactor02,2025-09-20T23:10:13.862Z,514.5,2025-09-21 01:10:13.862,18.131111111111
Yeast Grow 4 Days,pioreactor02,2025-09-20T23:10:36.862Z,490.0,2025-09-21 01:10:36.862,18.1375
Yeast Grow 4 Days,pioreactor02,2025-09-20T23:10:59.862Z,498.4,2025-09-21 01:10:59.862,18.143888888889
Yeast Grow 4 Days,pioreactor02,2025-09-20T23:11:22.862Z,500.4,2025-09-21 01:11:22.862,18.150277777778
Yeast Grow 4 Days,pioreactor02,2025-09-20T23:11:45.862Z,454.4,2025-09-21 01:11:45.862,18.156666666667
Yeast Grow 4 Days,pioreactor02,2025-09-20T23:12:08.862Z,436.6,2025-09-21 01:12:08.862,18.163055555556
Yeast Grow 4 Days,pioreactor02,2025-09-20T23:12:31.862Z,535.8,2025-09-21 01:12:31.862,18.169444444444
Yeast Grow 4 Days,pioreactor02,2025-09-20T23:12:54.862Z,525.2,2025-09-21 01:12:54.862,18.175833333333
Yeast Grow 4 Days,pioreactor02,2025-09-20T23:13:17.862Z,521.1,2025-09-21 01:13:17.862,18.182222222222
Yeast Grow 4 Days,pioreactor02,2025-09-20T23:13:40.862Z,504.8,2025-09-21 01:13:40.862,18.188611111111
Yeast Grow 4 Days,pioreactor02,2025-09-20T23:14:03.862Z,506.0,2025-09-21 01:14:03.862,18.195
Yeast Grow 4 Days,pioreactor02,2025-09-20T23:14:26.862Z,496.7,2025-09-21 01:14:26.862,18.201388888889
Yeast Grow 4 Days,pioreactor02,2025-09-20T23:14:49.862Z,498.3,2025-09-21 01:14:49.862,18.207777777778
Yeast Grow 4 Days,pioreactor02,2025-09-20T23:15:12.862Z,494.9,2025-09-21 01:15:12.862,18.214166666667
Yeast Grow 4 Days,pioreactor02,2025-09-20T23:15:35.862Z,500.3,2025-09-21 01:15:35.862,18.220555555556
Yeast Grow 4 Days,pioreactor02,2025-09-20T23:15:58.862Z,511.2,2025-09-21 01:15:58.862,18.226944444444
Yeast Grow 4 Days,pioreactor02,2025-09-20T23:16:21.862Z,498.8,2025-09-21 01:16:21.862,18.233333333333
Yeast Grow 4 Days,pioreactor02,2025-09-20T23:16:44.862Z,507.9,2025-09-21 01:16:44.862,18.239722222222
Yeast Grow 4 Days,pioreactor02,2025-09-20T23:17:07.862Z,500.4,2025-09-21 01:17:07.862,18.246111111111
Yeast Grow 4 Days,pioreactor02,2025-09-20T23:17:30.862Z,501.9,2025-09-21 01:17:30.862,18.2525
Yeast Grow 4 Days,pioreactor02,2025-09-20T23:17:53.862Z,493.0,2025-09-21 01:17:53.862,18.258888888889
Yeast Grow 4 Days,pioreactor02,2025-09-20T23:18:16.862Z,487.8,2025-09-21 01:18:16.862,18.265277777778
Yeast Grow 4 Days,pioreactor02,2025-09-20T23:18:39.862Z,426.9,2025-09-21 01:18:39.862,18.271666666667
Yeast Grow 4 Days,pioreactor02,2025-09-20T23:19:02.862Z,515.8,2025-09-21 01:19:02.862,18.278055555556
Yeast Grow 4 Days,pioreactor02,2025-09-20T23:19:25.862Z,521.6,2025-09-21 01:19:25.862,18.284444444444
Yeast Grow 4 Days,pioreactor02,2025-09-20T23:19:48.862Z,516.6,2025-09-21 01:19:48.862,18.290833333333
Yeast Grow 4 Days,pioreactor02,2025-09-20T23:20:11.862Z,505.1,2025-09-21 01:20:11.862,18.297222222222
Yeast Grow 4 Days,pioreactor02,2025-09-20T23:20:34.862Z,521.9,2025-09-21 01:20:34.862,18.303611111111
Yeast Grow 4 Days,pioreactor02,2025-09-20T23:20:57.862Z,486.6,2025-09-21 01:20:57.862,18.31
Yeast Grow 4 Days,pioreactor02,2025-09-20T23:21:20.862Z,500.8,2025-09-21 01:21:20.862,18.316388888889
Yeast Grow 4 Days,pioreactor02,2025-09-20T23:21:43.862Z,494.8,2025-09-21 01:21:43.862,18.322777777778
Yeast Grow 4 Days,pioreactor02,2025-09-20T23:22:06.862Z,501.8,2025-09-21 01:22:06.862,18.329166666667
Yeast Grow 4 Days,pioreactor02,2025-09-20T23:22:29.862Z,498.3,2025-09-21 01:22:29.862,18.335555555556
Yeast Grow 4 Days,pioreactor02,2025-09-20T23:22:52.862Z,509.8,2025-09-21 01:22:52.862,18.341944444444
Yeast Grow 4 Days,pioreactor02,2025-09-20T23:23:15.862Z,501.0,2025-09-21 01:23:15.862,18.348333333333
Yeast Grow 4 Days,pioreactor02,2025-09-20T23:23:38.862Z,509.2,2025-09-21 01:23:38.862,18.354722222222
Yeast Grow 4 Days,pioreactor02,2025-09-20T23:24:01.862Z,501.5,2025-09-21 01:24:01.862,18.361111111111
Yeast Grow 4 Days,pioreactor02,2025-09-20T23:24:24.862Z,464.0,2025-09-21 01:24:24.862,18.3675
Yeast Grow 4 Days,pioreactor02,2025-09-20T23:24:47.862Z,503.1,2025-09-21 01:24:47.862,18.373888888889
Yeast Grow 4 Days,pioreactor02,2025-09-20T23:25:10.862Z,489.4,2025-09-21 01:25:10.862,18.380277777778
Yeast Grow 4 Days,pioreactor02,2025-09-20T23:25:33.862Z,513.5,2025-09-21 01:25:33.862,18.386666666667
Yeast Grow 4 Days,pioreactor02,2025-09-20T23:25:56.862Z,512.5,2025-09-21 01:25:56.862,18.393055555556
Yeast Grow 4 Days,pioreactor02,2025-09-20T23:26:19.862Z,510.5,2025-09-21 01:26:19.862,18.399444444444
Yeast Grow 4 Days,pioreactor02,2025-09-20T23:26:42.862Z,499.8,2025-09-21 01:26:42.862,18.405833333333
Yeast Grow 4 Days,pioreactor02,2025-09-20T23:27:05.862Z,500.5,2025-09-21 01:27:05.862,18.412222222222
Yeast Grow 4 Days,pioreactor02,2025-09-20T23:27:28.862Z,502.9,2025-09-21 01:27:28.862,18.418611111111
Yeast Grow 4 Days,pioreactor02,2025-09-20T23:27:51.862Z,493.1,2025-09-21 01:27:51.862,18.425
Yeast Grow 4 Days,pioreactor02,2025-09-20T23:28:14.862Z,489.5,2025-09-21 01:28:14.862,18.431388888889
Yeast Grow 4 Days,pioreactor02,2025-09-20T23:28:37.862Z,503.7,2025-09-21 01:28:37.862,18.437777777778
Yeast Grow 4 Days,pioreactor02,2025-09-20T23:29:00.862Z,500.1,2025-09-21 01:29:00.862,18.444166666667
Yeast Grow 4 Days,pioreactor02,2025-09-20T23:29:23.862Z,509.5,2025-09-21 01:29:23.862,18.450555555556
Yeast Grow 4 Days,pioreactor02,2025-09-20T23:29:46.862Z,515.2,2025-09-21 01:29:46.862,18.456944444444
Yeast Grow 4 Days,pioreactor02,2025-09-20T23:30:09.862Z,503.6,2025-09-21 01:30:09.862,18.463333333333
Yeast Grow 4 Days,pioreactor02,2025-09-20T23:30:32.862Z,479.4,2025-09-21 01:30:32.862,18.469722222222
Yeast Grow 4 Days,pioreactor02,2025-09-20T23:30:55.862Z,491.9,2025-09-21 01:30:55.862,18.476111111111
Yeast Grow 4 Days,pioreactor02,2025-09-20T23:31:18.862Z,501.6,2025-09-21 01:31:18.862,18.4825
Yeast Grow 4 Days,pioreactor02,2025-09-20T23:31:41.862Z,504.9,2025-09-21 01:31:41.862,18.488888888889
Yeast Grow 4 Days,pioreactor02,2025-09-20T23:32:04.862Z,500.5,2025-09-21 01:32:04.862,18.495277777778
Yeast Grow 4 Days,pioreactor02,2025-09-20T23:32:27.862Z,428.8,2025-09-21 01:32:27.862,18.501666666667
Yeast Grow 4 Days,pioreactor02,2025-09-20T23:32:50.862Z,510.6,2025-09-21 01:32:50.862,18.508055555556
Yeast Grow 4 Days,pioreactor02,2025-09-20T23:33:13.862Z,519.1,2025-09-21 01:33:13.862,18.514444444444
Yeast Grow 4 Days,pioreactor02,2025-09-20T23:33:36.862Z,507.3,2025-09-21 01:33:36.862,18.520833333333
Yeast Grow 4 Days,pioreactor02,2025-09-20T23:33:59.862Z,511.0,2025-09-21 01:33:59.862,18.527222222222
Yeast Grow 4 Days,pioreactor02,2025-09-20T23:34:22.862Z,511.8,2025-09-21 01:34:22.862,18.533611111111
Yeast Grow 4 Days,pioreactor02,2025-09-20T23:34:45.862Z,481.7,2025-09-21 01:34:45.862,18.54
Yeast Grow 4 Days,pioreactor02,2025-09-20T23:35:08.862Z,491.5,2025-09-21 01:35:08.862,18.546388888889
Yeast Grow 4 Days,pioreactor02,2025-09-20T23:35:31.862Z,508.2,2025-09-21 01:35:31.862,18.552777777778
Yeast Grow 4 Days,pioreactor02,2025-09-20T23:35:54.862Z,513.9,2025-09-21 01:35:54.862,18.559166666667
Yeast Grow 4 Days,pioreactor02,2025-09-20T23:36:17.862Z,506.6,2025-09-21 01:36:17.862,18.565555555556
Yeast Grow 4 Days,pioreactor02,2025-09-20T23:36:40.862Z,504.3,2025-09-21 01:36:40.862,18.571944444444
Yeast Grow 4 Days,pioreactor02,2025-09-20T23:37:03.862Z,427.6,2025-09-21 01:37:03.862,18.578333333333
Yeast Grow 4 Days,pioreactor02,2025-09-20T23:37:26.862Z,529.8,2025-09-21 01:37:26.862,18.584722222222
Yeast Grow 4 Days,pioreactor02,2025-09-20T23:37:49.862Z,512.6,2025-09-21 01:37:49.862,18.591111111111
Yeast Grow 4 Days,pioreactor02,2025-09-20T23:38:12.862Z,514.0,2025-09-21 01:38:12.862,18.5975
Yeast Grow 4 Days,pioreactor02,2025-09-20T23:38:35.862Z,494.7,2025-09-21 01:38:35.862,18.603888888889
Yeast Grow 4 Days,pioreactor02,2025-09-20T23:38:58.862Z,500.8,2025-09-21 01:38:58.862,18.610277777778
Yeast Grow 4 Days,pioreactor02,2025-09-20T23:39:21.862Z,510.5,2025-09-21 01:39:21.862,18.616666666667
Yeast Grow 4 Days,pioreactor02,2025-09-20T23:39:44.862Z,514.2,2025-09-21 01:39:44.862,18.623055555556
Yeast Grow 4 Days,pioreactor02,2025-09-20T23:40:07.862Z,516.5,2025-09-21 01:40:07.862,18.629444444444
Yeast Grow 4 Days,pioreactor02,2025-09-20T23:40:30.862Z,505.7,2025-09-21 01:40:30.862,18.635833333333
Yeast Grow 4 Days,pioreactor02,2025-09-20T23:40:53.862Z,491.2,2025-09-21 01:40:53.862,18.642222222222
Yeast Grow 4 Days,pioreactor02,2025-09-20T23:41:16.862Z,419.8,2025-09-21 01:41:16.862,18.648611111111
Yeast Grow 4 Days,pioreactor02,2025-09-20T23:41:39.862Z,430.3,2025-09-21 01:41:39.862,18.655
Yeast Grow 4 Days,pioreactor02,2025-09-20T23:42:02.862Z,530.2,2025-09-21 01:42:02.862,18.661388888889
Yeast Grow 4 Days,pioreactor02,2025-09-20T23:42:25.862Z,517.8,2025-09-21 01:42:25.862,18.667777777778
Yeast Grow 4 Days,pioreactor02,2025-09-20T23:42:48.862Z,517.4,2025-09-21 01:42:48.862,18.674166666667
Yeast Grow 4 Days,pioreactor02,2025-09-20T23:43:11.862Z,520.1,2025-09-21 01:43:11.862,18.680555555556
Yeast Grow 4 Days,pioreactor02,2025-09-20T23:43:34.862Z,515.9,2025-09-21 01:43:34.862,18.686944444444
Yeast Grow 4 Days,pioreactor02,2025-09-20T23:43:57.862Z,512.7,2025-09-21 01:43:57.862,18.693333333333
Yeast Grow 4 Days,pioreactor02,2025-09-20T23:44:20.862Z,511.2,2025-09-21 01:44:20.862,18.699722222222
Yeast Grow 4 Days,pioreactor02,2025-09-20T23:44:43.862Z,423.5,2025-09-21 01:44:43.862,18.706111111111
Yeast Grow 4 Days,pioreactor02,2025-09-20T23:45:06.862Z,427.5,2025-09-21 01:45:06.862,18.7125
Yeast Grow 4 Days,pioreactor02,2025-09-20T23:45:29.862Z,535.7,2025-09-21 01:45:29.862,18.718888888889
Yeast Grow 4 Days,pioreactor02,2025-09-20T23:45:52.862Z,521.0,2025-09-21 01:45:52.862,18.725277777778
Yeast Grow 4 Days,pioreactor02,2025-09-20T23:46:15.862Z,525.7,2025-09-21 01:46:15.862,18.731666666667
Yeast Grow 4 Days,pioreactor02,2025-09-20T23:46:38.862Z,517.7,2025-09-21 01:46:38.862,18.738055555556
Yeast Grow 4 Days,pioreactor02,2025-09-20T23:47:01.862Z,512.0,2025-09-21 01:47:01.862,18.744444444444
Yeast Grow 4 Days,pioreactor02,2025-09-20T23:47:24.862Z,517.8,2025-09-21 01:47:24.862,18.750833333333
Yeast Grow 4 Days,pioreactor02,2025-09-20T23:47:47.862Z,475.4,2025-09-21 01:47:47.862,18.757222222222
Yeast Grow 4 Days,pioreactor02,2025-09-20T23:48:10.862Z,504.9,2025-09-21 01:48:10.862,18.763611111111
Yeast Grow 4 Days,pioreactor02,2025-09-20T23:48:33.862Z,505.0,2025-09-21 01:48:33.862,18.77
Yeast Grow 4 Days,pioreactor02,2025-09-20T23:48:56.862Z,499.1,2025-09-21 01:48:56.862,18.776388888889
Yeast Grow 4 Days,pioreactor02,2025-09-20T23:49:19.862Z,501.6,2025-09-21 01:49:19.862,18.782777777778
Yeast Grow 4 Days,pioreactor02,2025-09-20T23:49:42.862Z,498.7,2025-09-21 01:49:42.862,18.789166666667
Yeast Grow 4 Days,pioreactor02,2025-09-20T23:50:05.862Z,513.6,2025-09-21 01:50:05.862,18.795555555556
Yeast Grow 4 Days,pioreactor02,2025-09-20T23:50:28.862Z,507.2,2025-09-21 01:50:28.862,18.801944444444
Yeast Grow 4 Days,pioreactor02,2025-09-20T23:50:51.862Z,504.5,2025-09-21 01:50:51.862,18.808333333333
Yeast Grow 4 Days,pioreactor02,2025-09-20T23:51:14.862Z,485.9,2025-09-21 01:51:14.862,18.814722222222
Yeast Grow 4 Days,pioreactor02,2025-09-20T23:51:37.862Z,439.1,2025-09-21 01:51:37.862,18.821111111111
Yeast Grow 4 Days,pioreactor02,2025-09-20T23:52:00.862Z,513.9,2025-09-21 01:52:00.862,18.8275
Yeast Grow 4 Days,pioreactor02,2025-09-20T23:52:23.862Z,518.0,2025-09-21 01:52:23.862,18.833888888889
Yeast Grow 4 Days,pioreactor02,2025-09-20T23:52:46.862Z,509.4,2025-09-21 01:52:46.862,18.840277777778
Yeast Grow 4 Days,pioreactor02,2025-09-20T23:53:09.862Z,514.9,2025-09-21 01:53:09.862,18.846666666667
Yeast Grow 4 Days,pioreactor02,2025-09-20T23:53:32.862Z,509.5,2025-09-21 01:53:32.862,18.853055555556
Yeast Grow 4 Days,pioreactor02,2025-09-20T23:53:55.862Z,505.2,2025-09-21 01:53:55.862,18.859444444444
Yeast Grow 4 Days,pioreactor02,2025-09-20T23:54:18.862Z,479.5,2025-09-21 01:54:18.862,18.865833333333
Yeast Grow 4 Days,pioreactor02,2025-09-20T23:54:41.862Z,510.4,2025-09-21 01:54:41.862,18.872222222222
Yeast Grow 4 Days,pioreactor02,2025-09-20T23:55:04.862Z,496.6,2025-09-21 01:55:04.862,18.878611111111
Yeast Grow 4 Days,pioreactor02,2025-09-20T23:55:27.862Z,496.3,2025-09-21 01:55:27.862,18.885
Yeast Grow 4 Days,pioreactor02,2025-09-20T23:55:50.862Z,517.7,2025-09-21 01:55:50.862,18.891388888889
Yeast Grow 4 Days,pioreactor02,2025-09-20T23:56:13.862Z,505.2,2025-09-21 01:56:13.862,18.897777777778
Yeast Grow 4 Days,pioreactor02,2025-09-20T23:56:36.862Z,503.8,2025-09-21 01:56:36.862,18.904166666667
Yeast Grow 4 Days,pioreactor02,2025-09-20T23:56:59.862Z,498.8,2025-09-21 01:56:59.862,18.910555555556
Yeast Grow 4 Days,pioreactor02,2025-09-20T23:57:22.862Z,494.2,2025-09-21 01:57:22.862,18.916944444444
Yeast Grow 4 Days,pioreactor02,2025-09-20T23:57:45.862Z,495.0,2025-09-21 01:57:45.862,18.923333333333
Yeast Grow 4 Days,pioreactor02,2025-09-20T23:58:08.862Z,501.1,2025-09-21 01:58:08.862,18.929722222222
Yeast Grow 4 Days,pioreactor02,2025-09-20T23:58:31.862Z,482.0,2025-09-21 01:58:31.862,18.936111111111
Yeast Grow 4 Days,pioreactor02,2025-09-20T23:58:54.862Z,497.0,2025-09-21 01:58:54.862,18.9425
Yeast Grow 4 Days,pioreactor02,2025-09-20T23:59:17.862Z,510.1,2025-09-21 01:59:17.862,18.948888888889
Yeast Grow 4 Days,pioreactor02,2025-09-20T23:59:40.862Z,505.6,2025-09-21 01:59:40.862,18.955277777778
Yeast Grow 4 Days,pioreactor02,2025-09-21T00:00:03.862Z,509.7,2025-09-21 02:00:03.862,18.961666666667
Yeast Grow 4 Days,pioreactor02,2025-09-21T00:00:26.862Z,515.6,2025-09-21 02:00:26.862,18.968055555556
Yeast Grow 4 Days,pioreactor02,2025-09-21T00:00:49.862Z,505.4,2025-09-21 02:00:49.862,18.974444444444
Yeast Grow 4 Days,pioreactor02,2025-09-21T00:01:12.862Z,510.9,2025-09-21 02:01:12.862,18.980833333333
Yeast Grow 4 Days,pioreactor02,2025-09-21T00:01:35.862Z,500.3,2025-09-21 02:01:35.862,18.987222222222
Yeast Grow 4 Days,pioreactor02,2025-09-21T00:01:58.862Z,481.8,2025-09-21 02:01:58.862,18.993611111111
Yeast Grow 4 Days,pioreactor02,2025-09-21T00:02:21.862Z,428.4,2025-09-21 02:02:21.862,19.0
Yeast Grow 4 Days,pioreactor02,2025-09-21T00:02:44.862Z,521.4,2025-09-21 02:02:44.862,19.006388888889
Yeast Grow 4 Days,pioreactor02,2025-09-21T00:03:07.862Z,505.9,2025-09-21 02:03:07.862,19.012777777778
Yeast Grow 4 Days,pioreactor02,2025-09-21T00:03:30.862Z,519.0,2025-09-21 02:03:30.862,19.019166666667
Yeast Grow 4 Days,pioreactor02,2025-09-21T00:03:53.862Z,511.6,2025-09-21 02:03:53.862,19.025555555556
Yeast Grow 4 Days,pioreactor02,2025-09-21T00:04:16.862Z,516.3,2025-09-21 02:04:16.862,19.031944444444
Yeast Grow 4 Days,pioreactor02,2025-09-21T00:04:39.862Z,425.0,2025-09-21 02:04:39.862,19.038333333333
Yeast Grow 4 Days,pioreactor02,2025-09-21T00:05:02.862Z,506.7,2025-09-21 02:05:02.862,19.044722222222
Yeast Grow 4 Days,pioreactor02,2025-09-21T00:05:25.862Z,510.5,2025-09-21 02:05:25.862,19.051111111111
Yeast Grow 4 Days,pioreactor02,2025-09-21T00:05:48.862Z,510.5,2025-09-21 02:05:48.862,19.0575
Yeast Grow 4 Days,pioreactor02,2025-09-21T00:06:11.862Z,526.6,2025-09-21 02:06:11.862,19.063888888889
Yeast Grow 4 Days,pioreactor02,2025-09-21T00:06:34.862Z,490.3,2025-09-21 02:06:34.862,19.070277777778
Yeast Grow 4 Days,pioreactor02,2025-09-21T00:06:57.862Z,507.9,2025-09-21 02:06:57.862,19.076666666667
Yeast Grow 4 Days,pioreactor02,2025-09-21T00:07:20.862Z,509.5,2025-09-21 02:07:20.862,19.083055555556
Yeast Grow 4 Days,pioreactor02,2025-09-21T00:07:43.862Z,418.7,2025-09-21 02:07:43.862,19.089444444444
Yeast Grow 4 Days,pioreactor02,2025-09-21T00:08:06.862Z,426.3,2025-09-21 02:08:06.862,19.095833333333
Yeast Grow 4 Days,pioreactor02,2025-09-21T00:08:29.862Z,523.6,2025-09-21 02:08:29.862,19.102222222222
Yeast Grow 4 Days,pioreactor02,2025-09-21T00:08:52.862Z,532.7,2025-09-21 02:08:52.862,19.108611111111
Yeast Grow 4 Days,pioreactor02,2025-09-21T00:09:15.862Z,521.9,2025-09-21 02:09:15.862,19.115
Yeast Grow 4 Days,pioreactor02,2025-09-21T00:09:38.862Z,516.8,2025-09-21 02:09:38.862,19.121388888889
Yeast Grow 4 Days,pioreactor02,2025-09-21T00:10:01.862Z,519.6,2025-09-21 02:10:01.862,19.127777777778
Yeast Grow 4 Days,pioreactor02,2025-09-21T00:10:24.862Z,521.1,2025-09-21 02:10:24.862,19.134166666667
Yeast Grow 4 Days,pioreactor02,2025-09-21T00:10:47.862Z,507.2,2025-09-21 02:10:47.862,19.140555555556
Yeast Grow 4 Days,pioreactor02,2025-09-21T00:11:10.862Z,506.7,2025-09-21 02:11:10.862,19.146944444444
Yeast Grow 4 Days,pioreactor02,2025-09-21T00:11:33.862Z,498.7,2025-09-21 02:11:33.862,19.153333333333
Yeast Grow 4 Days,pioreactor02,2025-09-21T00:11:56.862Z,500.9,2025-09-21 02:11:56.862,19.159722222222
Yeast Grow 4 Days,pioreactor02,2025-09-21T00:12:19.862Z,514.4,2025-09-21 02:12:19.862,19.166111111111
Yeast Grow 4 Days,pioreactor02,2025-09-21T00:12:42.862Z,510.3,2025-09-21 02:12:42.862,19.1725
Yeast Grow 4 Days,pioreactor02,2025-09-21T00:13:05.862Z,500.5,2025-09-21 02:13:05.862,19.178888888889
Yeast Grow 4 Days,pioreactor02,2025-09-21T00:13:28.862Z,510.2,2025-09-21 02:13:28.862,19.185277777778
Yeast Grow 4 Days,pioreactor02,2025-09-21T00:13:51.862Z,502.1,2025-09-21 02:13:51.862,19.191666666667
Yeast Grow 4 Days,pioreactor02,2025-09-21T00:14:14.862Z,498.1,2025-09-21 02:14:14.862,19.198055555556
Yeast Grow 4 Days,pioreactor02,2025-09-21T00:14:37.862Z,447.5,2025-09-21 02:14:37.862,19.204444444444
Yeast Grow 4 Days,pioreactor02,2025-09-21T00:15:00.862Z,511.6,2025-09-21 02:15:00.862,19.210833333333
Yeast Grow 4 Days,pioreactor02,2025-09-21T00:15:23.862Z,493.7,2025-09-21 02:15:23.862,19.217222222222
Yeast Grow 4 Days,pioreactor02,2025-09-21T00:15:46.862Z,510.9,2025-09-21 02:15:46.862,19.223611111111
Yeast Grow 4 Days,pioreactor02,2025-09-21T00:16:09.862Z,518.9,2025-09-21 02:16:09.862,19.23
Yeast Grow 4 Days,pioreactor02,2025-09-21T00:16:32.862Z,508.8,2025-09-21 02:16:32.862,19.236388888889
Yeast Grow 4 Days,pioreactor02,2025-09-21T00:16:55.862Z,499.6,2025-09-21 02:16:55.862,19.242777777778
Yeast Grow 4 Days,pioreactor02,2025-09-21T00:17:18.862Z,501.4,2025-09-21 02:17:18.862,19.249166666667
Yeast Grow 4 Days,pioreactor02,2025-09-21T00:17:41.862Z,494.6,2025-09-21 02:17:41.862,19.255555555556
Yeast Grow 4 Days,pioreactor02,2025-09-21T00:18:04.862Z,470.0,2025-09-21 02:18:04.862,19.261944444444
Yeast Grow 4 Days,pioreactor02,2025-09-21T00:18:27.862Z,500.4,2025-09-21 02:18:27.862,19.268333333333
Yeast Grow 4 Days,pioreactor02,2025-09-21T00:18:50.862Z,515.9,2025-09-21 02:18:50.862,19.274722222222
Yeast Grow 4 Days,pioreactor02,2025-09-21T00:19:13.862Z,508.3,2025-09-21 02:19:13.862,19.281111111111
Yeast Grow 4 Days,pioreactor02,2025-09-21T00:19:36.862Z,511.3,2025-09-21 02:19:36.862,19.2875
Yeast Grow 4 Days,pioreactor02,2025-09-21T00:19:59.862Z,509.5,2025-09-21 02:19:59.862,19.293888888889
Yeast Grow 4 Days,pioreactor02,2025-09-21T00:20:22.862Z,512.0,2025-09-21 02:20:22.862,19.300277777778
Yeast Grow 4 Days,pioreactor02,2025-09-21T00:20:45.862Z,481.2,2025-09-21 02:20:45.862,19.306666666667
Yeast Grow 4 Days,pioreactor02,2025-09-21T00:21:08.862Z,498.3,2025-09-21 02:21:08.862,19.313055555556
Yeast Grow 4 Days,pioreactor02,2025-09-21T00:21:31.862Z,494.2,2025-09-21 02:21:31.862,19.319444444444
Yeast Grow 4 Days,pioreactor02,2025-09-21T00:21:54.862Z,497.4,2025-09-21 02:21:54.862,19.325833333333
Yeast Grow 4 Days,pioreactor02,2025-09-21T00:22:17.862Z,495.6,2025-09-21 02:22:17.862,19.332222222222
Yeast Grow 4 Days,pioreactor02,2025-09-21T00:22:40.862Z,515.0,2025-09-21 02:22:40.862,19.338611111111
Yeast Grow 4 Days,pioreactor02,2025-09-21T00:23:03.862Z,511.1,2025-09-21 02:23:03.862,19.345
Yeast Grow 4 Days,pioreactor02,2025-09-21T00:23:26.862Z,498.2,2025-09-21 02:23:26.862,19.351388888889
Yeast Grow 4 Days,pioreactor02,2025-09-21T00:23:49.862Z,485.5,2025-09-21 02:23:49.862,19.357777777778
Yeast Grow 4 Days,pioreactor02,2025-09-21T00:24:12.862Z,501.4,2025-09-21 02:24:12.862,19.364166666667
Yeast Grow 4 Days,pioreactor02,2025-09-21T00:24:35.862Z,497.0,2025-09-21 02:24:35.862,19.370555555556
Yeast Grow 4 Days,pioreactor02,2025-09-21T00:24:58.862Z,492.6,2025-09-21 02:24:58.862,19.376944444444
Yeast Grow 4 Days,pioreactor02,2025-09-21T00:25:21.862Z,499.1,2025-09-21 02:25:21.862,19.383333333333
Yeast Grow 4 Days,pioreactor02,2025-09-21T00:25:44.862Z,505.1,2025-09-21 02:25:44.862,19.389722222222
Yeast Grow 4 Days,pioreactor02,2025-09-21T00:26:07.862Z,514.7,2025-09-21 02:26:07.862,19.396111111111
Yeast Grow 4 Days,pioreactor02,2025-09-21T00:26:30.862Z,505.2,2025-09-21 02:26:30.862,19.4025
Yeast Grow 4 Days,pioreactor02,2025-09-21T00:26:53.862Z,512.7,2025-09-21 02:26:53.862,19.408888888889
Yeast Grow 4 Days,pioreactor02,2025-09-21T00:27:16.862Z,503.9,2025-09-21 02:27:16.862,19.415277777778
Yeast Grow 4 Days,pioreactor02,2025-09-21T00:27:39.862Z,497.0,2025-09-21 02:27:39.862,19.421666666667
Yeast Grow 4 Days,pioreactor02,2025-09-21T00:28:02.862Z,417.3,2025-09-21 02:28:02.862,19.428055555556
Yeast Grow 4 Days,pioreactor02,2025-09-21T00:28:25.862Z,420.8,2025-09-21 02:28:25.862,19.434444444444
Yeast Grow 4 Days,pioreactor02,2025-09-21T00:28:48.862Z,523.2,2025-09-21 02:28:48.862,19.440833333333
Yeast Grow 4 Days,pioreactor02,2025-09-21T00:29:11.862Z,523.9,2025-09-21 02:29:11.862,19.447222222222
Yeast Grow 4 Days,pioreactor02,2025-09-21T00:29:34.862Z,531.8,2025-09-21 02:29:34.862,19.453611111111
Yeast Grow 4 Days,pioreactor02,2025-09-21T00:29:57.862Z,507.4,2025-09-21 02:29:57.862,19.46
Yeast Grow 4 Days,pioreactor02,2025-09-21T00:30:20.862Z,514.8,2025-09-21 02:30:20.862,19.466388888889
Yeast Grow 4 Days,pioreactor02,2025-09-21T00:30:43.862Z,516.2,2025-09-21 02:30:43.862,19.472777777778
Yeast Grow 4 Days,pioreactor02,2025-09-21T00:31:06.862Z,482.2,2025-09-21 02:31:06.862,19.479166666667
Yeast Grow 4 Days,pioreactor02,2025-09-21T00:31:29.862Z,495.1,2025-09-21 02:31:29.862,19.485555555556
Yeast Grow 4 Days,pioreactor02,2025-09-21T00:31:52.862Z,492.6,2025-09-21 02:31:52.862,19.491944444444
Yeast Grow 4 Days,pioreactor02,2025-09-21T00:32:15.862Z,508.2,2025-09-21 02:32:15.862,19.498333333333
Yeast Grow 4 Days,pioreactor02,2025-09-21T00:32:38.862Z,502.8,2025-09-21 02:32:38.862,19.504722222222
Yeast Grow 4 Days,pioreactor02,2025-09-21T00:33:01.862Z,512.9,2025-09-21 02:33:01.862,19.511111111111
Yeast Grow 4 Days,pioreactor02,2025-09-21T00:33:24.862Z,490.2,2025-09-21 02:33:24.862,19.5175
Yeast Grow 4 Days,pioreactor02,2025-09-21T00:33:47.862Z,506.9,2025-09-21 02:33:47.862,19.523888888889
Yeast Grow 4 Days,pioreactor02,2025-09-21T00:34:10.862Z,504.7,2025-09-21 02:34:10.862,19.530277777778
Yeast Grow 4 Days,pioreactor02,2025-09-21T00:34:33.862Z,505.2,2025-09-21 02:34:33.862,19.536666666667
Yeast Grow 4 Days,pioreactor02,2025-09-21T00:34:56.862Z,508.1,2025-09-21 02:34:56.862,19.543055555556
Yeast Grow 4 Days,pioreactor02,2025-09-21T00:35:19.862Z,467.1,2025-09-21 02:35:19.862,19.549444444444
Yeast Grow 4 Days,pioreactor02,2025-09-21T00:35:42.862Z,505.9,2025-09-21 02:35:42.862,19.555833333333
Yeast Grow 4 Days,pioreactor02,2025-09-21T00:36:05.862Z,512.5,2025-09-21 02:36:05.862,19.562222222222
Yeast Grow 4 Days,pioreactor02,2025-09-21T00:36:28.862Z,516.4,2025-09-21 02:36:28.862,19.568611111111
Yeast Grow 4 Days,pioreactor02,2025-09-21T00:36:51.862Z,489.6,2025-09-21 02:36:51.862,19.575
Yeast Grow 4 Days,pioreactor02,2025-09-21T00:37:14.862Z,503.4,2025-09-21 02:37:14.862,19.581388888889
Yeast Grow 4 Days,pioreactor02,2025-09-21T00:37:37.862Z,507.1,2025-09-21 02:37:37.862,19.587777777778
Yeast Grow 4 Days,pioreactor02,2025-09-21T00:38:00.862Z,507.8,2025-09-21 02:38:00.862,19.594166666667
Yeast Grow 4 Days,pioreactor02,2025-09-21T00:38:23.862Z,502.4,2025-09-21 02:38:23.862,19.600555555556
Yeast Grow 4 Days,pioreactor02,2025-09-21T00:38:46.862Z,501.4,2025-09-21 02:38:46.862,19.606944444444
Yeast Grow 4 Days,pioreactor02,2025-09-21T00:39:09.862Z,513.3,2025-09-21 02:39:09.862,19.613333333333
Yeast Grow 4 Days,pioreactor02,2025-09-21T00:39:32.862Z,498.1,2025-09-21 02:39:32.862,19.619722222222
Yeast Grow 4 Days,pioreactor02,2025-09-21T00:39:55.862Z,499.8,2025-09-21 02:39:55.862,19.626111111111
Yeast Grow 4 Days,pioreactor02,2025-09-21T00:40:18.862Z,506.8,2025-09-21 02:40:18.862,19.6325
Yeast Grow 4 Days,pioreactor02,2025-09-21T00:40:41.862Z,500.4,2025-09-21 02:40:41.862,19.638888888889
Yeast Grow 4 Days,pioreactor02,2025-09-21T00:41:04.862Z,427.3,2025-09-21 02:41:04.862,19.645277777778
Yeast Grow 4 Days,pioreactor02,2025-09-21T00:41:27.862Z,431.7,2025-09-21 02:41:27.862,19.651666666667
Yeast Grow 4 Days,pioreactor02,2025-09-21T00:41:50.862Z,524.3,2025-09-21 02:41:50.862,19.658055555556
Yeast Grow 4 Days,pioreactor02,2025-09-21T00:42:13.862Z,516.5,2025-09-21 02:42:13.862,19.664444444444
Yeast Grow 4 Days,pioreactor02,2025-09-21T00:42:36.862Z,515.6,2025-09-21 02:42:36.862,19.670833333333
Yeast Grow 4 Days,pioreactor02,2025-09-21T00:42:59.862Z,519.6,2025-09-21 02:42:59.862,19.677222222222
Yeast Grow 4 Days,pioreactor02,2025-09-21T00:43:22.862Z,516.7,2025-09-21 02:43:22.862,19.683611111111
Yeast Grow 4 Days,pioreactor02,2025-09-21T00:43:45.862Z,496.2,2025-09-21 02:43:45.862,19.69
Yeast Grow 4 Days,pioreactor02,2025-09-21T00:44:08.862Z,514.3,2025-09-21 02:44:08.862,19.696388888889
Yeast Grow 4 Days,pioreactor02,2025-09-21T00:44:31.862Z,516.9,2025-09-21 02:44:31.862,19.702777777778
Yeast Grow 4 Days,pioreactor02,2025-09-21T00:44:54.862Z,485.0,2025-09-21 02:44:54.862,19.709166666667
Yeast Grow 4 Days,pioreactor02,2025-09-21T00:45:17.862Z,505.9,2025-09-21 02:45:17.862,19.715555555556
Yeast Grow 4 Days,pioreactor02,2025-09-21T00:45:40.862Z,488.4,2025-09-21 02:45:40.862,19.721944444444
Yeast Grow 4 Days,pioreactor02,2025-09-21T00:46:03.862Z,507.6,2025-09-21 02:46:03.862,19.728333333333
Yeast Grow 4 Days,pioreactor02,2025-09-21T00:46:26.862Z,494.9,2025-09-21 02:46:26.862,19.734722222222
Yeast Grow 4 Days,pioreactor02,2025-09-21T00:46:49.862Z,518.9,2025-09-21 02:46:49.862,19.741111111111
Yeast Grow 4 Days,pioreactor02,2025-09-21T00:47:12.862Z,500.1,2025-09-21 02:47:12.862,19.7475
Yeast Grow 4 Days,pioreactor02,2025-09-21T00:47:35.862Z,510.5,2025-09-21 02:47:35.862,19.753888888889
Yeast Grow 4 Days,pioreactor02,2025-09-21T00:47:58.862Z,499.6,2025-09-21 02:47:58.862,19.760277777778
Yeast Grow 4 Days,pioreactor02,2025-09-21T00:48:21.862Z,426.2,2025-09-21 02:48:21.862,19.766666666667
Yeast Grow 4 Days,pioreactor02,2025-09-21T00:48:44.862Z,430.1,2025-09-21 02:48:44.862,19.773055555556
Yeast Grow 4 Days,pioreactor02,2025-09-21T00:49:07.862Z,535.0,2025-09-21 02:49:07.862,19.779444444444
Yeast Grow 4 Days,pioreactor02,2025-09-21T00:49:30.862Z,523.1,2025-09-21 02:49:30.862,19.785833333333
Yeast Grow 4 Days,pioreactor02,2025-09-21T00:49:53.862Z,520.5,2025-09-21 02:49:53.862,19.792222222222
Yeast Grow 4 Days,pioreactor02,2025-09-21T00:50:16.862Z,511.5,2025-09-21 02:50:16.862,19.798611111111
Yeast Grow 4 Days,pioreactor02,2025-09-21T00:50:39.862Z,511.8,2025-09-21 02:50:39.862,19.805
Yeast Grow 4 Days,pioreactor02,2025-09-21T00:51:02.862Z,417.9,2025-09-21 02:51:02.862,19.811388888889
Yeast Grow 4 Days,pioreactor02,2025-09-21T00:51:25.862Z,518.0,2025-09-21 02:51:25.862,19.817777777778
Yeast Grow 4 Days,pioreactor02,2025-09-21T00:51:48.862Z,515.1,2025-09-21 02:51:48.862,19.824166666667
Yeast Grow 4 Days,pioreactor02,2025-09-21T00:52:11.862Z,514.1,2025-09-21 02:52:11.862,19.830555555556
Yeast Grow 4 Days,pioreactor02,2025-09-21T00:52:34.862Z,512.4,2025-09-21 02:52:34.862,19.836944444444
Yeast Grow 4 Days,pioreactor02,2025-09-21T00:52:57.862Z,519.6,2025-09-21 02:52:57.862,19.843333333333
Yeast Grow 4 Days,pioreactor02,2025-09-21T00:53:20.862Z,502.7,2025-09-21 02:53:20.862,19.849722222222
Yeast Grow 4 Days,pioreactor02,2025-09-21T00:53:43.862Z,512.5,2025-09-21 02:53:43.862,19.856111111111
Yeast Grow 4 Days,pioreactor02,2025-09-21T00:54:06.862Z,503.8,2025-09-21 02:54:06.862,19.8625
Yeast Grow 4 Days,pioreactor02,2025-09-21T00:54:29.862Z,504.3,2025-09-21 02:54:29.862,19.868888888889
Yeast Grow 4 Days,pioreactor02,2025-09-21T00:54:52.862Z,484.6,2025-09-21 02:54:52.862,19.875277777778
Yeast Grow 4 Days,pioreactor02,2025-09-21T00:55:15.862Z,500.9,2025-09-21 02:55:15.862,19.881666666667
Yeast Grow 4 Days,pioreactor02,2025-09-21T00:55:38.862Z,490.8,2025-09-21 02:55:38.862,19.888055555556
Yeast Grow 4 Days,pioreactor02,2025-09-21T00:56:01.862Z,512.5,2025-09-21 02:56:01.862,19.894444444444
Yeast Grow 4 Days,pioreactor02,2025-09-21T00:56:24.862Z,507.9,2025-09-21 02:56:24.862,19.900833333333
Yeast Grow 4 Days,pioreactor02,2025-09-21T00:56:47.862Z,468.1,2025-09-21 02:56:47.862,19.907222222222
Yeast Grow 4 Days,pioreactor02,2025-09-21T00:57:10.862Z,519.6,2025-09-21 02:57:10.862,19.913611111111
Yeast Grow 4 Days,pioreactor02,2025-09-21T00:57:33.862Z,507.5,2025-09-21 02:57:33.862,19.92
Yeast Grow 4 Days,pioreactor02,2025-09-21T00:57:56.862Z,420.4,2025-09-21 02:57:56.862,19.926388888889
Yeast Grow 4 Days,pioreactor02,2025-09-21T00:58:19.862Z,522.2,2025-09-21 02:58:19.862,19.932777777778
Yeast Grow 4 Days,pioreactor02,2025-09-21T00:58:42.862Z,519.6,2025-09-21 02:58:42.862,19.939166666667
Yeast Grow 4 Days,pioreactor02,2025-09-21T00:59:05.862Z,515.2,2025-09-21 02:59:05.862,19.945555555556
Yeast Grow 4 Days,pioreactor02,2025-09-21T00:59:28.862Z,527.2,2025-09-21 02:59:28.862,19.951944444444
Yeast Grow 4 Days,pioreactor02,2025-09-21T00:59:51.862Z,499.8,2025-09-21 02:59:51.862,19.958333333333
Yeast Grow 4 Days,pioreactor02,2025-09-21T01:00:14.862Z,506.3,2025-09-21 03:00:14.862,19.964722222222
Yeast Grow 4 Days,pioreactor02,2025-09-21T01:00:37.862Z,501.4,2025-09-21 03:00:37.862,19.971111111111
Yeast Grow 4 Days,pioreactor02,2025-09-21T01:01:00.862Z,508.1,2025-09-21 03:01:00.862,19.9775
Yeast Grow 4 Days,pioreactor02,2025-09-21T01:01:23.862Z,499.4,2025-09-21 03:01:23.862,19.983888888889
Yeast Grow 4 Days,pioreactor02,2025-09-21T01:01:46.862Z,488.0,2025-09-21 03:01:46.862,19.990277777778
Yeast Grow 4 Days,pioreactor02,2025-09-21T01:02:09.862Z,500.9,2025-09-21 03:02:09.862,19.996666666667
Yeast Grow 4 Days,pioreactor02,2025-09-21T01:02:32.862Z,513.7,2025-09-21 03:02:32.862,20.003055555556
Yeast Grow 4 Days,pioreactor02,2025-09-21T01:02:55.862Z,517.0,2025-09-21 03:02:55.862,20.009444444444
Yeast Grow 4 Days,pioreactor02,2025-09-21T01:03:18.862Z,505.0,2025-09-21 03:03:18.862,20.015833333333
Yeast Grow 4 Days,pioreactor02,2025-09-21T01:03:41.862Z,505.8,2025-09-21 03:03:41.862,20.022222222222
Yeast Grow 4 Days,pioreactor02,2025-09-21T01:04:04.862Z,479.3,2025-09-21 03:04:04.862,20.028611111111
Yeast Grow 4 Days,pioreactor02,2025-09-21T01:04:27.862Z,454.4,2025-09-21 03:04:27.862,20.035
Yeast Grow 4 Days,pioreactor02,2025-09-21T01:04:50.862Z,433.3,2025-09-21 03:04:50.862,20.041388888889
Yeast Grow 4 Days,pioreactor02,2025-09-21T01:05:13.862Z,514.7,2025-09-21 03:05:13.862,20.047777777778
Yeast Grow 4 Days,pioreactor02,2025-09-21T01:05:36.862Z,509.7,2025-09-21 03:05:36.862,20.054166666667
Yeast Grow 4 Days,pioreactor02,2025-09-21T01:05:59.862Z,518.8,2025-09-21 03:05:59.862,20.060555555556
Yeast Grow 4 Days,pioreactor02,2025-09-21T01:06:22.862Z,513.2,2025-09-21 03:06:22.862,20.066944444444
Yeast Grow 4 Days,pioreactor02,2025-09-21T01:06:45.862Z,513.3,2025-09-21 03:06:45.862,20.073333333333
Yeast Grow 4 Days,pioreactor02,2025-09-21T01:07:08.862Z,500.9,2025-09-21 03:07:08.862,20.079722222222
Yeast Grow 4 Days,pioreactor02,2025-09-21T01:07:31.862Z,498.1,2025-09-21 03:07:31.862,20.086111111111
Yeast Grow 4 Days,pioreactor02,2025-09-21T01:07:54.862Z,502.6,2025-09-21 03:07:54.862,20.0925
Yeast Grow 4 Days,pioreactor02,2025-09-21T01:08:17.862Z,491.7,2025-09-21 03:08:17.862,20.098888888889
Yeast Grow 4 Days,pioreactor02,2025-09-21T01:08:40.862Z,513.2,2025-09-21 03:08:40.862,20.105277777778
Yeast Grow 4 Days,pioreactor02,2025-09-21T01:09:03.862Z,510.8,2025-09-21 03:09:03.862,20.111666666667
Yeast Grow 4 Days,pioreactor02,2025-09-21T01:09:26.862Z,515.7,2025-09-21 03:09:26.862,20.118055555556
Yeast Grow 4 Days,pioreactor02,2025-09-21T01:09:49.862Z,515.3,2025-09-21 03:09:49.862,20.124444444444
Yeast Grow 4 Days,pioreactor02,2025-09-21T01:10:12.862Z,502.3,2025-09-21 03:10:12.862,20.130833333333
Yeast Grow 4 Days,pioreactor02,2025-09-21T01:10:35.862Z,505.4,2025-09-21 03:10:35.862,20.137222222222
Yeast Grow 4 Days,pioreactor02,2025-09-21T01:10:58.862Z,486.6,2025-09-21 03:10:58.862,20.143611111111
Yeast Grow 4 Days,pioreactor02,2025-09-21T01:11:21.862Z,490.6,2025-09-21 03:11:21.862,20.15
Yeast Grow 4 Days,pioreactor02,2025-09-21T01:11:44.862Z,499.6,2025-09-21 03:11:44.862,20.156388888889
Yeast Grow 4 Days,pioreactor02,2025-09-21T01:12:07.862Z,491.3,2025-09-21 03:12:07.862,20.162777777778
Yeast Grow 4 Days,pioreactor02,2025-09-21T01:12:30.862Z,513.8,2025-09-21 03:12:30.862,20.169166666667
Yeast Grow 4 Days,pioreactor02,2025-09-21T01:12:53.862Z,516.9,2025-09-21 03:12:53.862,20.175555555556
Yeast Grow 4 Days,pioreactor02,2025-09-21T01:13:16.862Z,501.4,2025-09-21 03:13:16.862,20.181944444444
Yeast Grow 4 Days,pioreactor02,2025-09-21T01:13:39.862Z,499.1,2025-09-21 03:13:39.862,20.188333333333
Yeast Grow 4 Days,pioreactor02,2025-09-21T01:14:02.862Z,507.5,2025-09-21 03:14:02.862,20.194722222222
Yeast Grow 4 Days,pioreactor02,2025-09-21T01:14:25.862Z,497.4,2025-09-21 03:14:25.862,20.201111111111
Yeast Grow 4 Days,pioreactor02,2025-09-21T01:14:48.862Z,506.4,2025-09-21 03:14:48.862,20.2075
Yeast Grow 4 Days,pioreactor02,2025-09-21T01:15:11.862Z,500.4,2025-09-21 03:15:11.862,20.213888888889
Yeast Grow 4 Days,pioreactor02,2025-09-21T01:15:34.862Z,502.5,2025-09-21 03:15:34.862,20.220277777778
Yeast Grow 4 Days,pioreactor02,2025-09-21T01:15:57.862Z,514.9,2025-09-21 03:15:57.862,20.226666666667
Yeast Grow 4 Days,pioreactor02,2025-09-21T01:16:20.862Z,495.4,2025-09-21 03:16:20.862,20.233055555556
Yeast Grow 4 Days,pioreactor02,2025-09-21T01:16:43.862Z,495.7,2025-09-21 03:16:43.862,20.239444444444
Yeast Grow 4 Days,pioreactor02,2025-09-21T01:17:06.862Z,481.4,2025-09-21 03:17:06.862,20.245833333333
Yeast Grow 4 Days,pioreactor02,2025-09-21T01:17:29.862Z,486.2,2025-09-21 03:17:29.862,20.252222222222
Yeast Grow 4 Days,pioreactor02,2025-09-21T01:17:52.862Z,487.9,2025-09-21 03:17:52.862,20.258611111111
Yeast Grow 4 Days,pioreactor02,2025-09-21T01:18:15.862Z,498.2,2025-09-21 03:18:15.862,20.265
Yeast Grow 4 Days,pioreactor02,2025-09-21T01:18:38.862Z,497.2,2025-09-21 03:18:38.862,20.271388888889
Yeast Grow 4 Days,pioreactor02,2025-09-21T01:19:01.862Z,501.3,2025-09-21 03:19:01.862,20.277777777778
Yeast Grow 4 Days,pioreactor02,2025-09-21T01:19:24.862Z,508.5,2025-09-21 03:19:24.862,20.284166666667
Yeast Grow 4 Days,pioreactor02,2025-09-21T01:19:47.862Z,488.0,2025-09-21 03:19:47.862,20.290555555556
Yeast Grow 4 Days,pioreactor02,2025-09-21T01:20:10.862Z,508.7,2025-09-21 03:20:10.862,20.296944444444
Yeast Grow 4 Days,pioreactor02,2025-09-21T01:20:33.862Z,479.1,2025-09-21 03:20:33.862,20.303333333333
Yeast Grow 4 Days,pioreactor02,2025-09-21T01:20:56.862Z,504.1,2025-09-21 03:20:56.862,20.309722222222
Yeast Grow 4 Days,pioreactor02,2025-09-21T01:21:19.862Z,503.0,2025-09-21 03:21:19.862,20.316111111111
Yeast Grow 4 Days,pioreactor02,2025-09-21T01:21:42.862Z,503.1,2025-09-21 03:21:42.862,20.3225
Yeast Grow 4 Days,pioreactor02,2025-09-21T01:22:05.862Z,481.1,2025-09-21 03:22:05.862,20.328888888889
Yeast Grow 4 Days,pioreactor02,2025-09-21T01:22:28.862Z,518.5,2025-09-21 03:22:28.862,20.335277777778
Yeast Grow 4 Days,pioreactor02,2025-09-21T01:22:51.862Z,496.1,2025-09-21 03:22:51.862,20.341666666667
Yeast Grow 4 Days,pioreactor02,2025-09-21T01:23:14.862Z,508.6,2025-09-21 03:23:14.862,20.348055555556
Yeast Grow 4 Days,pioreactor02,2025-09-21T01:23:37.862Z,515.3,2025-09-21 03:23:37.862,20.354444444444
Yeast Grow 4 Days,pioreactor02,2025-09-21T01:24:00.862Z,430.0,2025-09-21 03:24:00.862,20.360833333333
Yeast Grow 4 Days,pioreactor02,2025-09-21T01:24:23.862Z,422.0,2025-09-21 03:24:23.862,20.367222222222
Yeast Grow 4 Days,pioreactor02,2025-09-21T01:24:46.862Z,522.0,2025-09-21 03:24:46.862,20.373611111111
Yeast Grow 4 Days,pioreactor02,2025-09-21T01:25:09.862Z,517.8,2025-09-21 03:25:09.862,20.38
Yeast Grow 4 Days,pioreactor02,2025-09-21T01:25:32.862Z,512.9,2025-09-21 03:25:32.862,20.386388888889
Yeast Grow 4 Days,pioreactor02,2025-09-21T01:25:55.862Z,531.2,2025-09-21 03:25:55.862,20.392777777778
Yeast Grow 4 Days,pioreactor02,2025-09-21T01:26:18.862Z,514.5,2025-09-21 03:26:18.862,20.399166666667
Yeast Grow 4 Days,pioreactor02,2025-09-21T01:26:41.862Z,516.7,2025-09-21 03:26:41.862,20.405555555556
Yeast Grow 4 Days,pioreactor02,2025-09-21T01:27:04.862Z,515.3,2025-09-21 03:27:04.862,20.411944444444
Yeast Grow 4 Days,pioreactor02,2025-09-21T01:27:27.862Z,517.3,2025-09-21 03:27:27.862,20.418333333333
Yeast Grow 4 Days,pioreactor02,2025-09-21T01:27:50.862Z,497.2,2025-09-21 03:27:50.862,20.424722222222
Yeast Grow 4 Days,pioreactor02,2025-09-21T01:28:13.862Z,502.7,2025-09-21 03:28:13.862,20.431111111111
Yeast Grow 4 Days,pioreactor02,2025-09-21T01:28:36.862Z,500.1,2025-09-21 03:28:36.862,20.4375
Yeast Grow 4 Days,pioreactor02,2025-09-21T01:28:59.862Z,492.1,2025-09-21 03:28:59.862,20.443888888889
Yeast Grow 4 Days,pioreactor02,2025-09-21T01:29:22.862Z,514.6,2025-09-21 03:29:22.862,20.450277777778
Yeast Grow 4 Days,pioreactor02,2025-09-21T01:29:45.862Z,504.7,2025-09-21 03:29:45.862,20.456666666667
Yeast Grow 4 Days,pioreactor02,2025-09-21T01:30:08.862Z,494.8,2025-09-21 03:30:08.862,20.463055555556
Yeast Grow 4 Days,pioreactor02,2025-09-21T01:30:31.862Z,508.0,2025-09-21 03:30:31.862,20.469444444444
Yeast Grow 4 Days,pioreactor02,2025-09-21T01:30:54.862Z,491.9,2025-09-21 03:30:54.862,20.475833333333
Yeast Grow 4 Days,pioreactor02,2025-09-21T01:31:17.862Z,491.3,2025-09-21 03:31:17.862,20.482222222222
Yeast Grow 4 Days,pioreactor02,2025-09-21T01:31:40.862Z,505.5,2025-09-21 03:31:40.862,20.488611111111
Yeast Grow 4 Days,pioreactor02,2025-09-21T01:32:03.862Z,500.9,2025-09-21 03:32:03.862,20.495
Yeast Grow 4 Days,pioreactor02,2025-09-21T01:32:26.862Z,480.9,2025-09-21 03:32:26.862,20.501388888889
Yeast Grow 4 Days,pioreactor02,2025-09-21T01:32:49.862Z,494.7,2025-09-21 03:32:49.862,20.507777777778
Yeast Grow 4 Days,pioreactor02,2025-09-21T01:33:12.862Z,438.4,2025-09-21 03:33:12.862,20.514166666667
Yeast Grow 4 Days,pioreactor02,2025-09-21T01:33:35.862Z,514.5,2025-09-21 03:33:35.862,20.520555555556
Yeast Grow 4 Days,pioreactor02,2025-09-21T01:33:58.862Z,499.7,2025-09-21 03:33:58.862,20.526944444444
Yeast Grow 4 Days,pioreactor02,2025-09-21T01:34:21.862Z,430.8,2025-09-21 03:34:21.862,20.533333333333
Yeast Grow 4 Days,pioreactor02,2025-09-21T01:34:44.862Z,516.3,2025-09-21 03:34:44.862,20.539722222222
Yeast Grow 4 Days,pioreactor02,2025-09-21T01:35:07.862Z,505.5,2025-09-21 03:35:07.862,20.546111111111
Yeast Grow 4 Days,pioreactor02,2025-09-21T01:35:30.862Z,524.0,2025-09-21 03:35:30.862,20.5525
Yeast Grow 4 Days,pioreactor02,2025-09-21T01:35:53.862Z,508.8,2025-09-21 03:35:53.862,20.558888888889
Yeast Grow 4 Days,pioreactor02,2025-09-21T01:36:16.862Z,515.3,2025-09-21 03:36:16.862,20.565277777778
Yeast Grow 4 Days,pioreactor02,2025-09-21T01:36:39.862Z,506.2,2025-09-21 03:36:39.862,20.571666666667
Yeast Grow 4 Days,pioreactor02,2025-09-21T01:37:02.862Z,501.0,2025-09-21 03:37:02.862,20.578055555556
Yeast Grow 4 Days,pioreactor02,2025-09-21T01:37:25.862Z,506.1,2025-09-21 03:37:25.862,20.584444444444
Yeast Grow 4 Days,pioreactor02,2025-09-21T01:37:48.862Z,492.6,2025-09-21 03:37:48.862,20.590833333333
Yeast Grow 4 Days,pioreactor02,2025-09-21T01:38:11.862Z,484.6,2025-09-21 03:38:11.862,20.597222222222
Yeast Grow 4 Days,pioreactor02,2025-09-21T01:38:34.862Z,510.2,2025-09-21 03:38:34.862,20.603611111111
Yeast Grow 4 Days,pioreactor02,2025-09-21T01:38:57.862Z,510.2,2025-09-21 03:38:57.862,20.61
Yeast Grow 4 Days,pioreactor02,2025-09-21T01:39:20.862Z,526.4,2025-09-21 03:39:20.862,20.616388888889
Yeast Grow 4 Days,pioreactor02,2025-09-21T01:39:43.862Z,502.2,2025-09-21 03:39:43.862,20.622777777778
Yeast Grow 4 Days,pioreactor02,2025-09-21T01:40:06.862Z,422.4,2025-09-21 03:40:06.862,20.629166666667
Yeast Grow 4 Days,pioreactor02,2025-09-21T01:40:29.862Z,523.9,2025-09-21 03:40:29.862,20.635555555556
Yeast Grow 4 Days,pioreactor02,2025-09-21T01:40:52.862Z,510.2,2025-09-21 03:40:52.862,20.641944444444
Yeast Grow 4 Days,pioreactor02,2025-09-21T01:41:15.862Z,500.5,2025-09-21 03:41:15.862,20.648333333333
Yeast Grow 4 Days,pioreactor02,2025-09-21T01:41:38.862Z,510.2,2025-09-21 03:41:38.862,20.654722222222
Yeast Grow 4 Days,pioreactor02,2025-09-21T01:42:01.862Z,494.7,2025-09-21 03:42:01.862,20.661111111111
Yeast Grow 4 Days,pioreactor02,2025-09-21T01:42:24.862Z,499.6,2025-09-21 03:42:24.862,20.6675
Yeast Grow 4 Days,pioreactor02,2025-09-21T01:42:47.862Z,521.4,2025-09-21 03:42:47.862,20.673888888889
Yeast Grow 4 Days,pioreactor02,2025-09-21T01:43:10.862Z,524.0,2025-09-21 03:43:10.862,20.680277777778
Yeast Grow 4 Days,pioreactor02,2025-09-21T01:43:33.862Z,503.5,2025-09-21 03:43:33.862,20.686666666667
Yeast Grow 4 Days,pioreactor02,2025-09-21T01:43:56.862Z,508.1,2025-09-21 03:43:56.862,20.693055555556
Yeast Grow 4 Days,pioreactor02,2025-09-21T01:44:19.862Z,488.0,2025-09-21 03:44:19.862,20.699444444444
Yeast Grow 4 Days,pioreactor02,2025-09-21T01:44:42.862Z,500.9,2025-09-21 03:44:42.862,20.705833333333
Yeast Grow 4 Days,pioreactor02,2025-09-21T01:45:05.862Z,491.1,2025-09-21 03:45:05.862,20.712222222222
Yeast Grow 4 Days,pioreactor02,2025-09-21T01:45:28.862Z,498.4,2025-09-21 03:45:28.862,20.718611111111
Yeast Grow 4 Days,pioreactor02,2025-09-21T01:45:51.862Z,505.1,2025-09-21 03:45:51.862,20.725
Yeast Grow 4 Days,pioreactor02,2025-09-21T01:46:14.862Z,508.7,2025-09-21 03:46:14.862,20.731388888889
Yeast Grow 4 Days,pioreactor02,2025-09-21T01:46:37.862Z,497.5,2025-09-21 03:46:37.862,20.737777777778
Yeast Grow 4 Days,pioreactor02,2025-09-21T01:47:00.862Z,511.6,2025-09-21 03:47:00.862,20.744166666667
Yeast Grow 4 Days,pioreactor02,2025-09-21T01:47:23.862Z,427.4,2025-09-21 03:47:23.862,20.750555555556
Yeast Grow 4 Days,pioreactor02,2025-09-21T01:47:46.862Z,512.1,2025-09-21 03:47:46.862,20.756944444444
Yeast Grow 4 Days,pioreactor02,2025-09-21T01:48:09.862Z,500.6,2025-09-21 03:48:09.862,20.763333333333
Yeast Grow 4 Days,pioreactor02,2025-09-21T01:48:32.862Z,511.0,2025-09-21 03:48:32.862,20.769722222222
Yeast Grow 4 Days,pioreactor02,2025-09-21T01:48:55.862Z,499.0,2025-09-21 03:48:55.862,20.776111111111
Yeast Grow 4 Days,pioreactor02,2025-09-21T01:49:18.862Z,509.1,2025-09-21 03:49:18.862,20.7825
Yeast Grow 4 Days,pioreactor02,2025-09-21T01:49:41.862Z,500.1,2025-09-21 03:49:41.862,20.788888888889
Yeast Grow 4 Days,pioreactor02,2025-09-21T01:50:04.862Z,498.8,2025-09-21 03:50:04.862,20.795277777778
Yeast Grow 4 Days,pioreactor02,2025-09-21T01:50:27.862Z,510.7,2025-09-21 03:50:27.862,20.801666666667
Yeast Grow 4 Days,pioreactor02,2025-09-21T01:50:50.862Z,513.7,2025-09-21 03:50:50.862,20.808055555556
Yeast Grow 4 Days,pioreactor02,2025-09-21T01:51:13.862Z,508.5,2025-09-21 03:51:13.862,20.814444444444
Yeast Grow 4 Days,pioreactor02,2025-09-21T01:51:36.862Z,429.6,2025-09-21 03:51:36.862,20.820833333333
Yeast Grow 4 Days,pioreactor02,2025-09-21T01:51:59.862Z,514.9,2025-09-21 03:51:59.862,20.827222222222
Yeast Grow 4 Days,pioreactor02,2025-09-21T01:52:22.862Z,508.1,2025-09-21 03:52:22.862,20.833611111111
Yeast Grow 4 Days,pioreactor02,2025-09-21T01:52:45.862Z,515.4,2025-09-21 03:52:45.862,20.84
Yeast Grow 4 Days,pioreactor02,2025-09-21T01:53:08.862Z,502.7,2025-09-21 03:53:08.862,20.846388888889
Yeast Grow 4 Days,pioreactor02,2025-09-21T01:53:31.862Z,514.0,2025-09-21 03:53:31.862,20.852777777778
Yeast Grow 4 Days,pioreactor02,2025-09-21T01:53:54.862Z,509.2,2025-09-21 03:53:54.862,20.859166666667
Yeast Grow 4 Days,pioreactor02,2025-09-21T01:54:17.862Z,499.7,2025-09-21 03:54:17.862,20.865555555556
Yeast Grow 4 Days,pioreactor02,2025-09-21T01:54:40.862Z,499.2,2025-09-21 03:54:40.862,20.871944444444
Yeast Grow 4 Days,pioreactor02,2025-09-21T01:55:03.862Z,489.2,2025-09-21 03:55:03.862,20.878333333333
Yeast Grow 4 Days,pioreactor02,2025-09-21T01:55:26.862Z,496.2,2025-09-21 03:55:26.862,20.884722222222
Yeast Grow 4 Days,pioreactor02,2025-09-21T01:55:49.862Z,519.6,2025-09-21 03:55:49.862,20.891111111111
Yeast Grow 4 Days,pioreactor02,2025-09-21T01:56:12.862Z,509.7,2025-09-21 03:56:12.862,20.8975
Yeast Grow 4 Days,pioreactor02,2025-09-21T01:56:35.862Z,500.4,2025-09-21 03:56:35.862,20.903888888889
Yeast Grow 4 Days,pioreactor02,2025-09-21T01:56:58.862Z,503.8,2025-09-21 03:56:58.862,20.910277777778
Yeast Grow 4 Days,pioreactor02,2025-09-21T01:57:21.862Z,500.7,2025-09-21 03:57:21.862,20.916666666667
Yeast Grow 4 Days,pioreactor02,2025-09-21T01:57:44.862Z,492.5,2025-09-21 03:57:44.862,20.923055555556
Yeast Grow 4 Days,pioreactor02,2025-09-21T01:58:07.862Z,506.8,2025-09-21 03:58:07.862,20.929444444444
Yeast Grow 4 Days,pioreactor02,2025-09-21T01:58:30.862Z,507.0,2025-09-21 03:58:30.862,20.935833333333
Yeast Grow 4 Days,pioreactor02,2025-09-21T01:58:53.862Z,480.9,2025-09-21 03:58:53.862,20.942222222222
Yeast Grow 4 Days,pioreactor02,2025-09-21T01:59:16.862Z,502.7,2025-09-21 03:59:16.862,20.948611111111
Yeast Grow 4 Days,pioreactor02,2025-09-21T01:59:39.862Z,509.9,2025-09-21 03:59:39.862,20.955
Yeast Grow 4 Days,pioreactor02,2025-09-21T02:00:02.862Z,505.9,2025-09-21 04:00:02.862,20.961388888889
Yeast Grow 4 Days,pioreactor02,2025-09-21T02:00:25.862Z,505.8,2025-09-21 04:00:25.862,20.967777777778
Yeast Grow 4 Days,pioreactor02,2025-09-21T02:00:48.862Z,505.2,2025-09-21 04:00:48.862,20.974166666667
Yeast Grow 4 Days,pioreactor02,2025-09-21T02:01:11.862Z,422.8,2025-09-21 04:01:11.862,20.980555555556
Yeast Grow 4 Days,pioreactor02,2025-09-21T02:01:34.862Z,439.9,2025-09-21 04:01:34.862,20.986944444444
Yeast Grow 4 Days,pioreactor02,2025-09-21T02:01:57.862Z,513.1,2025-09-21 04:01:57.862,20.993333333333
Yeast Grow 4 Days,pioreactor02,2025-09-21T02:02:20.862Z,521.4,2025-09-21 04:02:20.862,20.999722222222
Yeast Grow 4 Days,pioreactor02,2025-09-21T02:02:43.862Z,518.7,2025-09-21 04:02:43.862,21.006111111111
Yeast Grow 4 Days,pioreactor02,2025-09-21T02:03:06.862Z,520.3,2025-09-21 04:03:06.862,21.0125
Yeast Grow 4 Days,pioreactor02,2025-09-21T02:03:29.862Z,514.7,2025-09-21 04:03:29.862,21.018888888889
Yeast Grow 4 Days,pioreactor02,2025-09-21T02:03:52.862Z,512.0,2025-09-21 04:03:52.862,21.025277777778
Yeast Grow 4 Days,pioreactor02,2025-09-21T02:04:15.862Z,513.8,2025-09-21 04:04:15.862,21.031666666667
Yeast Grow 4 Days,pioreactor02,2025-09-21T02:04:38.862Z,501.1,2025-09-21 04:04:38.862,21.038055555556
Yeast Grow 4 Days,pioreactor02,2025-09-21T02:05:01.862Z,489.6,2025-09-21 04:05:01.862,21.044444444444
Yeast Grow 4 Days,pioreactor02,2025-09-21T02:05:24.862Z,504.4,2025-09-21 04:05:24.862,21.050833333333
Yeast Grow 4 Days,pioreactor02,2025-09-21T02:05:47.862Z,508.1,2025-09-21 04:05:47.862,21.057222222222
Yeast Grow 4 Days,pioreactor02,2025-09-21T02:06:10.862Z,495.5,2025-09-21 04:06:10.862,21.063611111111
Yeast Grow 4 Days,pioreactor02,2025-09-21T02:06:33.862Z,478.6,2025-09-21 04:06:33.862,21.07
Yeast Grow 4 Days,pioreactor02,2025-09-21T02:06:56.862Z,514.4,2025-09-21 04:06:56.862,21.076388888889
Yeast Grow 4 Days,pioreactor02,2025-09-21T02:07:19.862Z,505.7,2025-09-21 04:07:19.862,21.082777777778
Yeast Grow 4 Days,pioreactor02,2025-09-21T02:07:42.862Z,496.7,2025-09-21 04:07:42.862,21.089166666667
Yeast Grow 4 Days,pioreactor02,2025-09-21T02:08:05.862Z,495.9,2025-09-21 04:08:05.862,21.095555555556
Yeast Grow 4 Days,pioreactor02,2025-09-21T02:08:28.862Z,501.3,2025-09-21 04:08:28.862,21.101944444444
Yeast Grow 4 Days,pioreactor02,2025-09-21T02:08:51.862Z,497.1,2025-09-21 04:08:51.862,21.108333333333
Yeast Grow 4 Days,pioreactor02,2025-09-21T02:09:14.862Z,504.1,2025-09-21 04:09:14.862,21.114722222222
Yeast Grow 4 Days,pioreactor02,2025-09-21T02:09:37.862Z,511.2,2025-09-21 04:09:37.862,21.121111111111
Yeast Grow 4 Days,pioreactor02,2025-09-21T02:10:00.862Z,503.7,2025-09-21 04:10:00.862,21.1275
Yeast Grow 4 Days,pioreactor02,2025-09-21T02:10:23.862Z,437.4,2025-09-21 04:10:23.862,21.133888888889
Yeast Grow 4 Days,pioreactor02,2025-09-21T02:10:46.862Z,486.2,2025-09-21 04:10:46.862,21.140277777778
Yeast Grow 4 Days,pioreactor02,2025-09-21T02:11:09.862Z,509.7,2025-09-21 04:11:09.862,21.146666666667
Yeast Grow 4 Days,pioreactor02,2025-09-21T02:11:32.862Z,501.0,2025-09-21 04:11:32.862,21.153055555556
Yeast Grow 4 Days,pioreactor02,2025-09-21T02:11:55.862Z,511.0,2025-09-21 04:11:55.862,21.159444444444
Yeast Grow 4 Days,pioreactor02,2025-09-21T02:12:18.862Z,510.1,2025-09-21 04:12:18.862,21.165833333333
Yeast Grow 4 Days,pioreactor02,2025-09-21T02:12:41.862Z,510.2,2025-09-21 04:12:41.862,21.172222222222
Yeast Grow 4 Days,pioreactor02,2025-09-21T02:13:04.862Z,496.2,2025-09-21 04:13:04.862,21.178611111111
Yeast Grow 4 Days,pioreactor02,2025-09-21T02:13:27.862Z,511.6,2025-09-21 04:13:27.862,21.185
Yeast Grow 4 Days,pioreactor02,2025-09-21T02:13:50.862Z,518.3,2025-09-21 04:13:50.862,21.191388888889
Yeast Grow 4 Days,pioreactor02,2025-09-21T02:14:13.862Z,504.8,2025-09-21 04:14:13.862,21.197777777778
Yeast Grow 4 Days,pioreactor02,2025-09-21T02:14:36.862Z,499.7,2025-09-21 04:14:36.862,21.204166666667
Yeast Grow 4 Days,pioreactor02,2025-09-21T02:14:59.862Z,502.0,2025-09-21 04:14:59.862,21.210555555556
Yeast Grow 4 Days,pioreactor02,2025-09-21T02:15:22.862Z,498.5,2025-09-21 04:15:22.862,21.216944444444
Yeast Grow 4 Days,pioreactor02,2025-09-21T02:15:45.862Z,499.5,2025-09-21 04:15:45.862,21.223333333333
Yeast Grow 4 Days,pioreactor02,2025-09-21T02:16:08.862Z,508.7,2025-09-21 04:16:08.862,21.229722222222
Yeast Grow 4 Days,pioreactor02,2025-09-21T02:16:31.862Z,492.0,2025-09-21 04:16:31.862,21.236111111111
Yeast Grow 4 Days,pioreactor02,2025-09-21T02:16:54.862Z,511.3,2025-09-21 04:16:54.862,21.2425
Yeast Grow 4 Days,pioreactor02,2025-09-21T02:17:17.862Z,493.9,2025-09-21 04:17:17.862,21.248888888889
Yeast Grow 4 Days,pioreactor02,2025-09-21T02:17:40.862Z,486.6,2025-09-21 04:17:40.862,21.255277777778
Yeast Grow 4 Days,pioreactor02,2025-09-21T02:18:03.862Z,492.7,2025-09-21 04:18:03.862,21.261666666667
Yeast Grow 4 Days,pioreactor02,2025-09-21T02:18:26.862Z,512.2,2025-09-21 04:18:26.862,21.268055555556
Yeast Grow 4 Days,pioreactor02,2025-09-21T02:18:49.862Z,500.0,2025-09-21 04:18:49.862,21.274444444444
Yeast Grow 4 Days,pioreactor02,2025-09-21T02:19:12.862Z,503.2,2025-09-21 04:19:12.862,21.280833333333
Yeast Grow 4 Days,pioreactor02,2025-09-21T02:19:35.862Z,509.6,2025-09-21 04:19:35.862,21.287222222222
Yeast Grow 4 Days,pioreactor02,2025-09-21T02:19:58.862Z,507.1,2025-09-21 04:19:58.862,21.293611111111
Yeast Grow 4 Days,pioreactor02,2025-09-21T02:20:21.862Z,496.3,2025-09-21 04:20:21.862,21.3
Yeast Grow 4 Days,pioreactor02,2025-09-21T02:20:44.862Z,511.0,2025-09-21 04:20:44.862,21.306388888889
Yeast Grow 4 Days,pioreactor02,2025-09-21T02:21:07.862Z,473.1,2025-09-21 04:21:07.862,21.312777777778
Yeast Grow 4 Days,pioreactor02,2025-09-21T02:21:30.862Z,506.2,2025-09-21 04:21:30.862,21.319166666667
Yeast Grow 4 Days,pioreactor02,2025-09-21T02:21:53.862Z,502.8,2025-09-21 04:21:53.862,21.325555555556
Yeast Grow 4 Days,pioreactor02,2025-09-21T02:22:16.862Z,502.3,2025-09-21 04:22:16.862,21.331944444444
Yeast Grow 4 Days,pioreactor02,2025-09-21T02:22:39.862Z,511.7,2025-09-21 04:22:39.862,21.338333333333
Yeast Grow 4 Days,pioreactor02,2025-09-21T02:23:02.862Z,513.2,2025-09-21 04:23:02.862,21.344722222222
Yeast Grow 4 Days,pioreactor02,2025-09-21T02:23:25.862Z,494.9,2025-09-21 04:23:25.862,21.351111111111
Yeast Grow 4 Days,pioreactor02,2025-09-21T02:23:48.862Z,427.1,2025-09-21 04:23:48.862,21.3575
Yeast Grow 4 Days,pioreactor02,2025-09-21T02:24:11.862Z,519.5,2025-09-21 04:24:11.862,21.363888888889
Yeast Grow 4 Days,pioreactor02,2025-09-21T02:24:34.862Z,502.9,2025-09-21 04:24:34.862,21.370277777778
Yeast Grow 4 Days,pioreactor02,2025-09-21T02:24:57.862Z,495.7,2025-09-21 04:24:57.862,21.376666666667
Yeast Grow 4 Days,pioreactor02,2025-09-21T02:25:20.862Z,502.3,2025-09-21 04:25:20.862,21.383055555556
Yeast Grow 4 Days,pioreactor02,2025-09-21T02:25:43.862Z,496.3,2025-09-21 04:25:43.862,21.389444444444
Yeast Grow 4 Days,pioreactor02,2025-09-21T02:26:06.862Z,516.3,2025-09-21 04:26:06.862,21.395833333333
Yeast Grow 4 Days,pioreactor02,2025-09-21T02:26:29.862Z,515.9,2025-09-21 04:26:29.862,21.402222222222
Yeast Grow 4 Days,pioreactor02,2025-09-21T02:26:52.862Z,505.9,2025-09-21 04:26:52.862,21.408611111111
Yeast Grow 4 Days,pioreactor02,2025-09-21T02:27:15.862Z,484.0,2025-09-21 04:27:15.862,21.415
Yeast Grow 4 Days,pioreactor02,2025-09-21T02:27:38.862Z,504.6,2025-09-21 04:27:38.862,21.421388888889
Yeast Grow 4 Days,pioreactor02,2025-09-21T02:28:01.862Z,494.0,2025-09-21 04:28:01.862,21.427777777778
Yeast Grow 4 Days,pioreactor02,2025-09-21T02:28:24.862Z,492.3,2025-09-21 04:28:24.862,21.434166666667
Yeast Grow 4 Days,pioreactor02,2025-09-21T02:28:47.862Z,493.6,2025-09-21 04:28:47.862,21.440555555556
Yeast Grow 4 Days,pioreactor02,2025-09-21T02:29:10.862Z,499.7,2025-09-21 04:29:10.862,21.446944444444
Yeast Grow 4 Days,pioreactor02,2025-09-21T02:29:33.862Z,497.9,2025-09-21 04:29:33.862,21.453333333333
Yeast Grow 4 Days,pioreactor02,2025-09-21T02:29:56.862Z,508.5,2025-09-21 04:29:56.862,21.459722222222
Yeast Grow 4 Days,pioreactor02,2025-09-21T02:30:19.862Z,503.1,2025-09-21 04:30:19.862,21.466111111111
Yeast Grow 4 Days,pioreactor02,2025-09-21T02:30:42.862Z,518.4,2025-09-21 04:30:42.862,21.4725
Yeast Grow 4 Days,pioreactor02,2025-09-21T02:31:05.862Z,505.2,2025-09-21 04:31:05.862,21.478888888889
Yeast Grow 4 Days,pioreactor02,2025-09-21T02:31:28.862Z,486.5,2025-09-21 04:31:28.862,21.485277777778
Yeast Grow 4 Days,pioreactor02,2025-09-21T02:31:51.862Z,508.1,2025-09-21 04:31:51.862,21.491666666667
Yeast Grow 4 Days,pioreactor02,2025-09-21T02:32:14.862Z,487.2,2025-09-21 04:32:14.862,21.498055555556
Yeast Grow 4 Days,pioreactor02,2025-09-21T02:32:37.862Z,510.7,2025-09-21 04:32:37.862,21.504444444444
Yeast Grow 4 Days,pioreactor02,2025-09-21T02:33:00.862Z,500.1,2025-09-21 04:33:00.862,21.510833333333
Yeast Grow 4 Days,pioreactor02,2025-09-21T02:33:23.862Z,490.4,2025-09-21 04:33:23.862,21.517222222222
Yeast Grow 4 Days,pioreactor02,2025-09-21T02:33:46.862Z,505.7,2025-09-21 04:33:46.862,21.523611111111
Yeast Grow 4 Days,pioreactor02,2025-09-21T02:34:09.862Z,503.1,2025-09-21 04:34:09.862,21.53
Yeast Grow 4 Days,pioreactor02,2025-09-21T02:34:32.862Z,492.8,2025-09-21 04:34:32.862,21.536388888889
Yeast Grow 4 Days,pioreactor02,2025-09-21T02:34:55.862Z,488.3,2025-09-21 04:34:55.862,21.542777777778
Yeast Grow 4 Days,pioreactor02,2025-09-21T02:35:18.862Z,505.0,2025-09-21 04:35:18.862,21.549166666667
Yeast Grow 4 Days,pioreactor02,2025-09-21T02:35:41.862Z,500.3,2025-09-21 04:35:41.862,21.555555555556
Yeast Grow 4 Days,pioreactor02,2025-09-21T02:36:04.862Z,514.8,2025-09-21 04:36:04.862,21.561944444444
Yeast Grow 4 Days,pioreactor02,2025-09-21T02:36:27.862Z,506.0,2025-09-21 04:36:27.862,21.568333333333
Yeast Grow 4 Days,pioreactor02,2025-09-21T02:36:50.862Z,500.1,2025-09-21 04:36:50.862,21.574722222222
Yeast Grow 4 Days,pioreactor02,2025-09-21T02:37:13.862Z,505.4,2025-09-21 04:37:13.862,21.581111111111
Yeast Grow 4 Days,pioreactor02,2025-09-21T02:37:36.862Z,513.2,2025-09-21 04:37:36.862,21.5875
Yeast Grow 4 Days,pioreactor02,2025-09-21T02:37:59.862Z,493.7,2025-09-21 04:37:59.862,21.593888888889
Yeast Grow 4 Days,pioreactor02,2025-09-21T02:38:22.862Z,493.6,2025-09-21 04:38:22.862,21.600277777778
Yeast Grow 4 Days,pioreactor02,2025-09-21T02:38:45.862Z,477.2,2025-09-21 04:38:45.862,21.606666666667
Yeast Grow 4 Days,pioreactor02,2025-09-21T02:39:08.862Z,507.7,2025-09-21 04:39:08.862,21.613055555556
Yeast Grow 4 Days,pioreactor02,2025-09-21T02:39:31.862Z,507.3,2025-09-21 04:39:31.862,21.619444444444
Yeast Grow 4 Days,pioreactor02,2025-09-21T02:39:54.862Z,508.9,2025-09-21 04:39:54.862,21.625833333333
Yeast Grow 4 Days,pioreactor02,2025-09-21T02:40:17.862Z,499.3,2025-09-21 04:40:17.862,21.632222222222
Yeast Grow 4 Days,pioreactor02,2025-09-21T02:40:40.862Z,491.3,2025-09-21 04:40:40.862,21.638611111111
Yeast Grow 4 Days,pioreactor02,2025-09-21T02:41:03.862Z,469.8,2025-09-21 04:41:03.862,21.645
Yeast Grow 4 Days,pioreactor02,2025-09-21T02:41:26.862Z,494.4,2025-09-21 04:41:26.862,21.651388888889
Yeast Grow 4 Days,pioreactor02,2025-09-21T02:41:49.862Z,498.6,2025-09-21 04:41:49.862,21.657777777778
Yeast Grow 4 Days,pioreactor02,2025-09-21T02:42:12.862Z,503.2,2025-09-21 04:42:12.862,21.664166666667
Yeast Grow 4 Days,pioreactor02,2025-09-21T02:42:35.862Z,508.3,2025-09-21 04:42:35.862,21.670555555556
Yeast Grow 4 Days,pioreactor02,2025-09-21T02:42:58.862Z,500.5,2025-09-21 04:42:58.862,21.676944444444
Yeast Grow 4 Days,pioreactor02,2025-09-21T02:43:21.862Z,506.3,2025-09-21 04:43:21.862,21.683333333333
Yeast Grow 4 Days,pioreactor02,2025-09-21T02:43:44.862Z,505.9,2025-09-21 04:43:44.862,21.689722222222
Yeast Grow 4 Days,pioreactor02,2025-09-21T02:44:07.862Z,483.2,2025-09-21 04:44:07.862,21.696111111111
Yeast Grow 4 Days,pioreactor02,2025-09-21T02:44:30.862Z,469.5,2025-09-21 04:44:30.862,21.7025
Yeast Grow 4 Days,pioreactor02,2025-09-21T02:44:53.862Z,505.2,2025-09-21 04:44:53.862,21.708888888889
Yeast Grow 4 Days,pioreactor02,2025-09-21T02:45:16.862Z,504.5,2025-09-21 04:45:16.862,21.715277777778
Yeast Grow 4 Days,pioreactor02,2025-09-21T02:45:39.862Z,505.1,2025-09-21 04:45:39.862,21.721666666667
Yeast Grow 4 Days,pioreactor02,2025-09-21T02:46:02.862Z,507.6,2025-09-21 04:46:02.862,21.728055555556
Yeast Grow 4 Days,pioreactor02,2025-09-21T02:46:25.862Z,496.6,2025-09-21 04:46:25.862,21.734444444444
Yeast Grow 4 Days,pioreactor02,2025-09-21T02:46:48.862Z,514.6,2025-09-21 04:46:48.862,21.740833333333
Yeast Grow 4 Days,pioreactor02,2025-09-21T02:47:11.862Z,497.9,2025-09-21 04:47:11.862,21.747222222222
Yeast Grow 4 Days,pioreactor02,2025-09-21T02:47:34.862Z,509.1,2025-09-21 04:47:34.862,21.753611111111
Yeast Grow 4 Days,pioreactor02,2025-09-21T02:47:57.862Z,499.3,2025-09-21 04:47:57.862,21.76
Yeast Grow 4 Days,pioreactor02,2025-09-21T02:48:20.862Z,494.2,2025-09-21 04:48:20.862,21.766388888889
Yeast Grow 4 Days,pioreactor02,2025-09-21T02:48:43.862Z,496.6,2025-09-21 04:48:43.862,21.772777777778
Yeast Grow 4 Days,pioreactor02,2025-09-21T02:49:06.862Z,497.7,2025-09-21 04:49:06.862,21.779166666667
Yeast Grow 4 Days,pioreactor02,2025-09-21T02:49:29.862Z,515.7,2025-09-21 04:49:29.862,21.785555555556
Yeast Grow 4 Days,pioreactor02,2025-09-21T02:49:52.862Z,510.4,2025-09-21 04:49:52.862,21.791944444444
Yeast Grow 4 Days,pioreactor02,2025-09-21T02:50:15.862Z,431.7,2025-09-21 04:50:15.862,21.798333333333
Yeast Grow 4 Days,pioreactor02,2025-09-21T02:50:38.862Z,525.1,2025-09-21 04:50:38.862,21.804722222222
Yeast Grow 4 Days,pioreactor02,2025-09-21T02:51:01.862Z,503.0,2025-09-21 04:51:01.862,21.811111111111
Yeast Grow 4 Days,pioreactor02,2025-09-21T02:51:24.862Z,499.2,2025-09-21 04:51:24.862,21.8175
Yeast Grow 4 Days,pioreactor02,2025-09-21T02:51:47.862Z,508.8,2025-09-21 04:51:47.862,21.823888888889
Yeast Grow 4 Days,pioreactor02,2025-09-21T02:52:10.862Z,500.1,2025-09-21 04:52:10.862,21.830277777778
Yeast Grow 4 Days,pioreactor02,2025-09-21T02:52:33.862Z,520.8,2025-09-21 04:52:33.862,21.836666666667
Yeast Grow 4 Days,pioreactor02,2025-09-21T02:52:56.862Z,423.1,2025-09-21 04:52:56.862,21.843055555556
Yeast Grow 4 Days,pioreactor02,2025-09-21T02:53:19.862Z,524.2,2025-09-21 04:53:19.862,21.849444444444
Yeast Grow 4 Days,pioreactor02,2025-09-21T02:53:42.862Z,522.5,2025-09-21 04:53:42.862,21.855833333333
Yeast Grow 4 Days,pioreactor02,2025-09-21T02:54:05.862Z,510.5,2025-09-21 04:54:05.862,21.862222222222
Yeast Grow 4 Days,pioreactor02,2025-09-21T02:54:28.862Z,497.6,2025-09-21 04:54:28.862,21.868611111111
Yeast Grow 4 Days,pioreactor02,2025-09-21T02:54:51.862Z,492.9,2025-09-21 04:54:51.862,21.875
Yeast Grow 4 Days,pioreactor02,2025-09-21T02:55:14.862Z,495.8,2025-09-21 04:55:14.862,21.881388888889
Yeast Grow 4 Days,pioreactor02,2025-09-21T02:55:37.862Z,510.3,2025-09-21 04:55:37.862,21.887777777778
Yeast Grow 4 Days,pioreactor02,2025-09-21T02:56:00.862Z,518.9,2025-09-21 04:56:00.862,21.894166666667
Yeast Grow 4 Days,pioreactor02,2025-09-21T02:56:23.862Z,503.9,2025-09-21 04:56:23.862,21.900555555556
Yeast Grow 4 Days,pioreactor02,2025-09-21T02:56:46.862Z,505.8,2025-09-21 04:56:46.862,21.906944444444
Yeast Grow 4 Days,pioreactor02,2025-09-21T02:57:09.862Z,507.9,2025-09-21 04:57:09.862,21.913333333333
Yeast Grow 4 Days,pioreactor02,2025-09-21T02:57:32.862Z,501.3,2025-09-21 04:57:32.862,21.919722222222
Yeast Grow 4 Days,pioreactor02,2025-09-21T02:57:55.862Z,499.1,2025-09-21 04:57:55.862,21.926111111111
Yeast Grow 4 Days,pioreactor02,2025-09-21T02:58:18.862Z,486.1,2025-09-21 04:58:18.862,21.9325
Yeast Grow 4 Days,pioreactor02,2025-09-21T02:58:41.862Z,490.8,2025-09-21 04:58:41.862,21.938888888889
Yeast Grow 4 Days,pioreactor02,2025-09-21T02:59:04.862Z,507.2,2025-09-21 04:59:04.862,21.945277777778
Yeast Grow 4 Days,pioreactor02,2025-09-21T02:59:27.862Z,513.0,2025-09-21 04:59:27.862,21.951666666667
Yeast Grow 4 Days,pioreactor02,2025-09-21T02:59:50.862Z,509.1,2025-09-21 04:59:50.862,21.958055555556
Yeast Grow 4 Days,pioreactor02,2025-09-21T03:00:13.862Z,501.9,2025-09-21 05:00:13.862,21.964444444444
Yeast Grow 4 Days,pioreactor02,2025-09-21T03:00:36.862Z,503.7,2025-09-21 05:00:36.862,21.970833333333
Yeast Grow 4 Days,pioreactor02,2025-09-21T03:00:59.862Z,471.5,2025-09-21 05:00:59.862,21.977222222222
Yeast Grow 4 Days,pioreactor02,2025-09-21T03:01:22.862Z,502.8,2025-09-21 05:01:22.862,21.983611111111
Yeast Grow 4 Days,pioreactor02,2025-09-21T03:01:45.862Z,496.5,2025-09-21 05:01:45.862,21.99
Yeast Grow 4 Days,pioreactor02,2025-09-21T03:02:08.862Z,497.4,2025-09-21 05:02:08.862,21.996388888889
Yeast Grow 4 Days,pioreactor02,2025-09-21T03:02:31.862Z,508.4,2025-09-21 05:02:31.862,22.002777777778
Yeast Grow 4 Days,pioreactor02,2025-09-21T03:02:54.862Z,512.7,2025-09-21 05:02:54.862,22.009166666667
Yeast Grow 4 Days,pioreactor02,2025-09-21T03:03:17.862Z,502.1,2025-09-21 05:03:17.862,22.015555555556
Yeast Grow 4 Days,pioreactor02,2025-09-21T03:03:40.862Z,498.3,2025-09-21 05:03:40.862,22.021944444444
Yeast Grow 4 Days,pioreactor02,2025-09-21T03:04:03.862Z,503.8,2025-09-21 05:04:03.862,22.028333333333
Yeast Grow 4 Days,pioreactor02,2025-09-21T03:04:26.862Z,474.5,2025-09-21 05:04:26.862,22.034722222222
Yeast Grow 4 Days,pioreactor02,2025-09-21T03:04:49.862Z,507.0,2025-09-21 05:04:49.862,22.041111111111
Yeast Grow 4 Days,pioreactor02,2025-09-21T03:05:12.862Z,501.9,2025-09-21 05:05:12.862,22.0475
Yeast Grow 4 Days,pioreactor02,2025-09-21T03:05:35.862Z,492.5,2025-09-21 05:05:35.862,22.053888888889
Yeast Grow 4 Days,pioreactor02,2025-09-21T03:05:58.862Z,519.9,2025-09-21 05:05:58.862,22.060277777778
Yeast Grow 4 Days,pioreactor02,2025-09-21T03:06:21.862Z,506.7,2025-09-21 05:06:21.862,22.066666666667
Yeast Grow 4 Days,pioreactor02,2025-09-21T03:06:44.862Z,496.3,2025-09-21 05:06:44.862,22.073055555556
Yeast Grow 4 Days,pioreactor02,2025-09-21T03:07:07.862Z,501.0,2025-09-21 05:07:07.862,22.079444444444
Yeast Grow 4 Days,pioreactor02,2025-09-21T03:07:30.862Z,502.8,2025-09-21 05:07:30.862,22.085833333333
Yeast Grow 4 Days,pioreactor02,2025-09-21T03:07:53.862Z,450.3,2025-09-21 05:07:53.862,22.092222222222
Yeast Grow 4 Days,pioreactor02,2025-09-21T03:08:16.862Z,505.9,2025-09-21 05:08:16.862,22.098611111111
Yeast Grow 4 Days,pioreactor02,2025-09-21T03:08:39.862Z,513.8,2025-09-21 05:08:39.862,22.105
Yeast Grow 4 Days,pioreactor02,2025-09-21T03:09:02.862Z,494.3,2025-09-21 05:09:02.862,22.111388888889
Yeast Grow 4 Days,pioreactor02,2025-09-21T03:09:25.862Z,519.2,2025-09-21 05:09:25.862,22.117777777778
Yeast Grow 4 Days,pioreactor02,2025-09-21T03:09:48.862Z,507.7,2025-09-21 05:09:48.862,22.124166666667
Yeast Grow 4 Days,pioreactor02,2025-09-21T03:10:11.862Z,506.1,2025-09-21 05:10:11.862,22.130555555556
Yeast Grow 4 Days,pioreactor02,2025-09-21T03:10:34.862Z,505.5,2025-09-21 05:10:34.862,22.136944444444
Yeast Grow 4 Days,pioreactor02,2025-09-21T03:10:57.862Z,506.6,2025-09-21 05:10:57.862,22.143333333333
Yeast Grow 4 Days,pioreactor02,2025-09-21T03:11:20.862Z,439.9,2025-09-21 05:11:20.862,22.149722222222
Yeast Grow 4 Days,pioreactor02,2025-09-21T03:11:43.862Z,427.8,2025-09-21 05:11:43.862,22.156111111111
Yeast Grow 4 Days,pioreactor02,2025-09-21T03:12:06.862Z,522.3,2025-09-21 05:12:06.862,22.1625
Yeast Grow 4 Days,pioreactor02,2025-09-21T03:12:29.862Z,521.5,2025-09-21 05:12:29.862,22.168888888889
Yeast Grow 4 Days,pioreactor02,2025-09-21T03:12:52.862Z,515.5,2025-09-21 05:12:52.862,22.175277777778
Yeast Grow 4 Days,pioreactor02,2025-09-21T03:13:15.862Z,524.2,2025-09-21 05:13:15.862,22.181666666667
Yeast Grow 4 Days,pioreactor02,2025-09-21T03:13:38.862Z,512.8,2025-09-21 05:13:38.862,22.188055555556
Yeast Grow 4 Days,pioreactor02,2025-09-21T03:14:01.862Z,486.4,2025-09-21 05:14:01.862,22.194444444444
Yeast Grow 4 Days,pioreactor02,2025-09-21T03:14:24.862Z,500.9,2025-09-21 05:14:24.862,22.200833333333
Yeast Grow 4 Days,pioreactor02,2025-09-21T03:14:47.862Z,512.0,2025-09-21 05:14:47.862,22.207222222222
Yeast Grow 4 Days,pioreactor02,2025-09-21T03:15:10.862Z,491.5,2025-09-21 05:15:10.862,22.213611111111
Yeast Grow 4 Days,pioreactor02,2025-09-21T03:15:33.862Z,515.3,2025-09-21 05:15:33.862,22.22
Yeast Grow 4 Days,pioreactor02,2025-09-21T03:15:56.862Z,501.9,2025-09-21 05:15:56.862,22.226388888889
Yeast Grow 4 Days,pioreactor02,2025-09-21T03:16:19.862Z,502.2,2025-09-21 05:16:19.862,22.232777777778
Yeast Grow 4 Days,pioreactor02,2025-09-21T03:16:42.862Z,491.8,2025-09-21 05:16:42.862,22.239166666667
Yeast Grow 4 Days,pioreactor02,2025-09-21T03:17:05.862Z,498.3,2025-09-21 05:17:05.862,22.245555555556
Yeast Grow 4 Days,pioreactor02,2025-09-21T03:17:28.862Z,503.8,2025-09-21 05:17:28.862,22.251944444444
Yeast Grow 4 Days,pioreactor02,2025-09-21T03:17:51.862Z,497.0,2025-09-21 05:17:51.862,22.258333333333
Yeast Grow 4 Days,pioreactor02,2025-09-21T03:18:14.862Z,494.6,2025-09-21 05:18:14.862,22.264722222222
Yeast Grow 4 Days,pioreactor02,2025-09-21T03:18:37.862Z,495.4,2025-09-21 05:18:37.862,22.271111111111
Yeast Grow 4 Days,pioreactor02,2025-09-21T03:19:00.862Z,484.2,2025-09-21 05:19:00.862,22.2775
Yeast Grow 4 Days,pioreactor02,2025-09-21T03:19:23.862Z,512.7,2025-09-21 05:19:23.862,22.283888888889
Yeast Grow 4 Days,pioreactor02,2025-09-21T03:19:46.862Z,500.3,2025-09-21 05:19:46.862,22.290277777778
Yeast Grow 4 Days,pioreactor02,2025-09-21T03:20:09.862Z,514.7,2025-09-21 05:20:09.862,22.296666666667
Yeast Grow 4 Days,pioreactor02,2025-09-21T03:20:32.862Z,499.2,2025-09-21 05:20:32.862,22.303055555556
Yeast Grow 4 Days,pioreactor02,2025-09-21T03:20:55.862Z,510.1,2025-09-21 05:20:55.862,22.309444444444
Yeast Grow 4 Days,pioreactor02,2025-09-21T03:21:18.862Z,494.9,2025-09-21 05:21:18.862,22.315833333333
Yeast Grow 4 Days,pioreactor02,2025-09-21T03:21:41.862Z,507.8,2025-09-21 05:21:41.862,22.322222222222
Yeast Grow 4 Days,pioreactor02,2025-09-21T03:22:04.862Z,482.4,2025-09-21 05:22:04.862,22.328611111111
Yeast Grow 4 Days,pioreactor02,2025-09-21T03:22:27.862Z,502.9,2025-09-21 05:22:27.862,22.335
Yeast Grow 4 Days,pioreactor02,2025-09-21T03:22:50.862Z,489.2,2025-09-21 05:22:50.862,22.341388888889
Yeast Grow 4 Days,pioreactor02,2025-09-21T03:23:13.862Z,516.0,2025-09-21 05:23:13.862,22.347777777778
Yeast Grow 4 Days,pioreactor02,2025-09-21T03:23:36.862Z,508.4,2025-09-21 05:23:36.862,22.354166666667
Yeast Grow 4 Days,pioreactor02,2025-09-21T03:23:59.862Z,514.0,2025-09-21 05:23:59.862,22.360555555556
Yeast Grow 4 Days,pioreactor02,2025-09-21T03:24:22.862Z,500.3,2025-09-21 05:24:22.862,22.366944444444
Yeast Grow 4 Days,pioreactor02,2025-09-21T03:24:45.862Z,477.8,2025-09-21 05:24:45.862,22.373333333333
Yeast Grow 4 Days,pioreactor02,2025-09-21T03:25:08.862Z,502.4,2025-09-21 05:25:08.862,22.379722222222
Yeast Grow 4 Days,pioreactor02,2025-09-21T03:25:31.862Z,496.1,2025-09-21 05:25:31.862,22.386111111111
Yeast Grow 4 Days,pioreactor02,2025-09-21T03:25:54.862Z,517.5,2025-09-21 05:25:54.862,22.3925
Yeast Grow 4 Days,pioreactor02,2025-09-21T03:26:17.862Z,500.3,2025-09-21 05:26:17.862,22.398888888889
Yeast Grow 4 Days,pioreactor02,2025-09-21T03:26:40.862Z,495.3,2025-09-21 05:26:40.862,22.405277777778
Yeast Grow 4 Days,pioreactor02,2025-09-21T03:27:03.862Z,499.2,2025-09-21 05:27:03.862,22.411666666667
Yeast Grow 4 Days,pioreactor02,2025-09-21T03:27:26.862Z,504.9,2025-09-21 05:27:26.862,22.418055555556
Yeast Grow 4 Days,pioreactor02,2025-09-21T03:27:49.862Z,475.5,2025-09-21 05:27:49.862,22.424444444444
Yeast Grow 4 Days,pioreactor02,2025-09-21T03:28:12.862Z,494.8,2025-09-21 05:28:12.862,22.430833333333
Yeast Grow 4 Days,pioreactor02,2025-09-21T03:28:35.862Z,505.4,2025-09-21 05:28:35.862,22.437222222222
Yeast Grow 4 Days,pioreactor02,2025-09-21T03:28:58.862Z,477.9,2025-09-21 05:28:58.862,22.443611111111
Yeast Grow 4 Days,pioreactor02,2025-09-21T03:29:21.862Z,503.5,2025-09-21 05:29:21.862,22.45
Yeast Grow 4 Days,pioreactor02,2025-09-21T03:29:44.862Z,508.7,2025-09-21 05:29:44.862,22.456388888889
Yeast Grow 4 Days,pioreactor02,2025-09-21T03:30:07.862Z,517.2,2025-09-21 05:30:07.862,22.462777777778
Yeast Grow 4 Days,pioreactor02,2025-09-21T03:30:30.862Z,495.4,2025-09-21 05:30:30.862,22.469166666667
Yeast Grow 4 Days,pioreactor02,2025-09-21T03:30:53.862Z,500.8,2025-09-21 05:30:53.862,22.475555555556
Yeast Grow 4 Days,pioreactor02,2025-09-21T03:31:16.862Z,492.9,2025-09-21 05:31:16.862,22.481944444444
Yeast Grow 4 Days,pioreactor02,2025-09-21T03:31:39.862Z,514.2,2025-09-21 05:31:39.862,22.488333333333
Yeast Grow 4 Days,pioreactor02,2025-09-21T03:32:02.862Z,497.8,2025-09-21 05:32:02.862,22.494722222222
Yeast Grow 4 Days,pioreactor02,2025-09-21T03:32:25.862Z,500.5,2025-09-21 05:32:25.862,22.501111111111
Yeast Grow 4 Days,pioreactor02,2025-09-21T03:32:48.862Z,510.8,2025-09-21 05:32:48.862,22.5075
Yeast Grow 4 Days,pioreactor02,2025-09-21T03:33:11.862Z,500.3,2025-09-21 05:33:11.862,22.513888888889
Yeast Grow 4 Days,pioreactor02,2025-09-21T03:33:34.862Z,510.2,2025-09-21 05:33:34.862,22.520277777778
Yeast Grow 4 Days,pioreactor02,2025-09-21T03:33:57.862Z,512.6,2025-09-21 05:33:57.862,22.526666666667
Yeast Grow 4 Days,pioreactor02,2025-09-21T03:34:20.862Z,497.7,2025-09-21 05:34:20.862,22.533055555556
Yeast Grow 4 Days,pioreactor02,2025-09-21T03:34:43.862Z,481.1,2025-09-21 05:34:43.862,22.539444444444
Yeast Grow 4 Days,pioreactor02,2025-09-21T03:35:06.862Z,492.9,2025-09-21 05:35:06.862,22.545833333333
Yeast Grow 4 Days,pioreactor02,2025-09-21T03:35:29.862Z,502.2,2025-09-21 05:35:29.862,22.552222222222
Yeast Grow 4 Days,pioreactor02,2025-09-21T03:35:52.862Z,510.4,2025-09-21 05:35:52.862,22.558611111111
Yeast Grow 4 Days,pioreactor02,2025-09-21T03:36:15.862Z,494.3,2025-09-21 05:36:15.862,22.565
Yeast Grow 4 Days,pioreactor02,2025-09-21T03:36:38.862Z,505.5,2025-09-21 05:36:38.862,22.571388888889
Yeast Grow 4 Days,pioreactor02,2025-09-21T03:37:01.862Z,500.1,2025-09-21 05:37:01.862,22.577777777778
Yeast Grow 4 Days,pioreactor02,2025-09-21T03:37:24.862Z,508.1,2025-09-21 05:37:24.862,22.584166666667
Yeast Grow 4 Days,pioreactor02,2025-09-21T03:37:47.862Z,490.7,2025-09-21 05:37:47.862,22.590555555556
Yeast Grow 4 Days,pioreactor02,2025-09-21T03:38:10.862Z,500.7,2025-09-21 05:38:10.862,22.596944444444
Yeast Grow 4 Days,pioreactor02,2025-09-21T03:38:33.862Z,496.6,2025-09-21 05:38:33.862,22.603333333333
Yeast Grow 4 Days,pioreactor02,2025-09-21T03:38:56.862Z,458.2,2025-09-21 05:38:56.862,22.609722222222
Yeast Grow 4 Days,pioreactor02,2025-09-21T03:39:19.862Z,511.8,2025-09-21 05:39:19.862,22.616111111111
Yeast Grow 4 Days,pioreactor02,2025-09-21T03:39:42.862Z,515.8,2025-09-21 05:39:42.862,22.6225
Yeast Grow 4 Days,pioreactor02,2025-09-21T03:40:05.862Z,511.6,2025-09-21 05:40:05.862,22.628888888889
Yeast Grow 4 Days,pioreactor02,2025-09-21T03:40:28.862Z,504.2,2025-09-21 05:40:28.862,22.635277777778
Yeast Grow 4 Days,pioreactor02,2025-09-21T03:40:51.862Z,501.7,2025-09-21 05:40:51.862,22.641666666667
Yeast Grow 4 Days,pioreactor02,2025-09-21T03:41:14.862Z,425.3,2025-09-21 05:41:14.862,22.648055555556
Yeast Grow 4 Days,pioreactor02,2025-09-21T03:41:37.862Z,467.3,2025-09-21 05:41:37.862,22.654444444444
Yeast Grow 4 Days,pioreactor02,2025-09-21T03:42:00.862Z,501.9,2025-09-21 05:42:00.862,22.660833333333
Yeast Grow 4 Days,pioreactor02,2025-09-21T03:42:23.862Z,521.4,2025-09-21 05:42:23.862,22.667222222222
Yeast Grow 4 Days,pioreactor02,2025-09-21T03:42:46.862Z,515.6,2025-09-21 05:42:46.862,22.673611111111
Yeast Grow 4 Days,pioreactor02,2025-09-21T03:43:09.862Z,429.0,2025-09-21 05:43:09.862,22.68
Yeast Grow 4 Days,pioreactor02,2025-09-21T03:43:32.862Z,531.1,2025-09-21 05:43:32.862,22.686388888889
Yeast Grow 4 Days,pioreactor02,2025-09-21T03:43:55.862Z,531.8,2025-09-21 05:43:55.862,22.692777777778
Yeast Grow 4 Days,pioreactor02,2025-09-21T03:44:18.862Z,518.1,2025-09-21 05:44:18.862,22.699166666667
Yeast Grow 4 Days,pioreactor02,2025-09-21T03:44:41.862Z,509.9,2025-09-21 05:44:41.862,22.705555555556
Yeast Grow 4 Days,pioreactor02,2025-09-21T03:45:04.862Z,503.8,2025-09-21 05:45:04.862,22.711944444444
Yeast Grow 4 Days,pioreactor02,2025-09-21T03:45:27.862Z,507.1,2025-09-21 05:45:27.862,22.718333333333
Yeast Grow 4 Days,pioreactor02,2025-09-21T03:45:50.862Z,498.5,2025-09-21 05:45:50.862,22.724722222222
Yeast Grow 4 Days,pioreactor02,2025-09-21T03:46:13.862Z,509.8,2025-09-21 05:46:13.862,22.731111111111
Yeast Grow 4 Days,pioreactor02,2025-09-21T03:46:36.862Z,512.7,2025-09-21 05:46:36.862,22.7375
Yeast Grow 4 Days,pioreactor02,2025-09-21T03:46:59.862Z,512.3,2025-09-21 05:46:59.862,22.743888888889
Yeast Grow 4 Days,pioreactor02,2025-09-21T03:47:22.862Z,495.4,2025-09-21 05:47:22.862,22.750277777778
Yeast Grow 4 Days,pioreactor02,2025-09-21T03:47:45.862Z,423.8,2025-09-21 05:47:45.862,22.756666666667
Yeast Grow 4 Days,pioreactor02,2025-09-21T03:48:08.862Z,494.2,2025-09-21 05:48:08.862,22.763055555556
Yeast Grow 4 Days,pioreactor02,2025-09-21T03:48:31.862Z,506.5,2025-09-21 05:48:31.862,22.769444444444
Yeast Grow 4 Days,pioreactor02,2025-09-21T03:48:54.862Z,516.2,2025-09-21 05:48:54.862,22.775833333333
Yeast Grow 4 Days,pioreactor02,2025-09-21T03:49:17.862Z,525.8,2025-09-21 05:49:17.862,22.782222222222
Yeast Grow 4 Days,pioreactor02,2025-09-21T03:49:40.862Z,519.6,2025-09-21 05:49:40.862,22.788611111111
Yeast Grow 4 Days,pioreactor02,2025-09-21T03:50:03.862Z,494.4,2025-09-21 05:50:03.862,22.795
Yeast Grow 4 Days,pioreactor02,2025-09-21T03:50:26.862Z,512.6,2025-09-21 05:50:26.862,22.801388888889
Yeast Grow 4 Days,pioreactor02,2025-09-21T03:50:49.862Z,481.7,2025-09-21 05:50:49.862,22.807777777778
Yeast Grow 4 Days,pioreactor02,2025-09-21T03:51:12.862Z,496.0,2025-09-21 05:51:12.862,22.814166666667
Yeast Grow 4 Days,pioreactor02,2025-09-21T03:51:35.862Z,499.1,2025-09-21 05:51:35.862,22.820555555556
Yeast Grow 4 Days,pioreactor02,2025-09-21T03:51:58.862Z,497.0,2025-09-21 05:51:58.862,22.826944444444
Yeast Grow 4 Days,pioreactor02,2025-09-21T03:52:21.862Z,502.6,2025-09-21 05:52:21.862,22.833333333333
Yeast Grow 4 Days,pioreactor02,2025-09-21T03:52:44.862Z,513.6,2025-09-21 05:52:44.862,22.839722222222
Yeast Grow 4 Days,pioreactor02,2025-09-21T03:53:07.862Z,508.4,2025-09-21 05:53:07.862,22.846111111111
Yeast Grow 4 Days,pioreactor02,2025-09-21T03:53:30.862Z,504.3,2025-09-21 05:53:30.862,22.8525
Yeast Grow 4 Days,pioreactor02,2025-09-21T03:53:53.862Z,509.0,2025-09-21 05:53:53.862,22.858888888889
Yeast Grow 4 Days,pioreactor02,2025-09-21T03:54:16.862Z,488.6,2025-09-21 05:54:16.862,22.865277777778
Yeast Grow 4 Days,pioreactor02,2025-09-21T03:54:39.862Z,502.8,2025-09-21 05:54:39.862,22.871666666667
Yeast Grow 4 Days,pioreactor02,2025-09-21T03:55:02.862Z,491.7,2025-09-21 05:55:02.862,22.878055555556
Yeast Grow 4 Days,pioreactor02,2025-09-21T03:55:25.862Z,497.7,2025-09-21 05:55:25.862,22.884444444444
Yeast Grow 4 Days,pioreactor02,2025-09-21T03:55:48.862Z,500.0,2025-09-21 05:55:48.862,22.890833333333
Yeast Grow 4 Days,pioreactor02,2025-09-21T03:56:11.862Z,501.2,2025-09-21 05:56:11.862,22.897222222222
Yeast Grow 4 Days,pioreactor02,2025-09-21T03:56:34.862Z,514.5,2025-09-21 05:56:34.862,22.903611111111
Yeast Grow 4 Days,pioreactor02,2025-09-21T03:56:57.862Z,501.7,2025-09-21 05:56:57.862,22.91
Yeast Grow 4 Days,pioreactor02,2025-09-21T03:57:20.862Z,502.6,2025-09-21 05:57:20.862,22.916388888889
Yeast Grow 4 Days,pioreactor02,2025-09-21T03:57:43.862Z,494.1,2025-09-21 05:57:43.862,22.922777777778
Yeast Grow 4 Days,pioreactor02,2025-09-21T03:58:06.862Z,494.9,2025-09-21 05:58:06.862,22.929166666667
Yeast Grow 4 Days,pioreactor02,2025-09-21T03:58:29.862Z,497.7,2025-09-21 05:58:29.862,22.935555555556
Yeast Grow 4 Days,pioreactor02,2025-09-21T03:58:52.862Z,496.0,2025-09-21 05:58:52.862,22.941944444444
Yeast Grow 4 Days,pioreactor02,2025-09-21T03:59:15.862Z,512.2,2025-09-21 05:59:15.862,22.948333333333
Yeast Grow 4 Days,pioreactor02,2025-09-21T03:59:38.862Z,506.1,2025-09-21 05:59:38.862,22.954722222222
Yeast Grow 4 Days,pioreactor02,2025-09-21T04:00:01.862Z,506.3,2025-09-21 06:00:01.862,22.961111111111
Yeast Grow 4 Days,pioreactor02,2025-09-21T04:00:24.862Z,509.7,2025-09-21 06:00:24.862,22.9675
Yeast Grow 4 Days,pioreactor02,2025-09-21T04:00:47.862Z,497.3,2025-09-21 06:00:47.862,22.973888888889
Yeast Grow 4 Days,pioreactor02,2025-09-21T04:01:10.862Z,485.0,2025-09-21 06:01:10.862,22.980277777778
Yeast Grow 4 Days,pioreactor02,2025-09-21T04:01:33.862Z,486.4,2025-09-21 06:01:33.862,22.986666666667
Yeast Grow 4 Days,pioreactor02,2025-09-21T04:01:56.862Z,501.7,2025-09-21 06:01:56.862,22.993055555556
Yeast Grow 4 Days,pioreactor02,2025-09-21T04:02:19.862Z,507.2,2025-09-21 06:02:19.862,22.999444444444
Yeast Grow 4 Days,pioreactor02,2025-09-21T04:02:42.862Z,498.9,2025-09-21 06:02:42.862,23.005833333333
Yeast Grow 4 Days,pioreactor02,2025-09-21T04:03:05.862Z,498.3,2025-09-21 06:03:05.862,23.012222222222
Yeast Grow 4 Days,pioreactor02,2025-09-21T04:03:28.862Z,514.7,2025-09-21 06:03:28.862,23.018611111111
Yeast Grow 4 Days,pioreactor02,2025-09-21T04:03:51.862Z,499.7,2025-09-21 06:03:51.862,23.025
Yeast Grow 4 Days,pioreactor02,2025-09-21T04:04:14.862Z,498.0,2025-09-21 06:04:14.862,23.031388888889
Yeast Grow 4 Days,pioreactor02,2025-09-21T04:04:37.862Z,498.4,2025-09-21 06:04:37.862,23.037777777778
Yeast Grow 4 Days,pioreactor02,2025-09-21T04:05:00.862Z,428.5,2025-09-21 06:05:00.862,23.044166666667
Yeast Grow 4 Days,pioreactor02,2025-09-21T04:05:23.862Z,505.0,2025-09-21 06:05:23.862,23.050555555556
Yeast Grow 4 Days,pioreactor02,2025-09-21T04:05:46.862Z,521.5,2025-09-21 06:05:46.862,23.056944444444
Yeast Grow 4 Days,pioreactor02,2025-09-21T04:06:09.862Z,524.9,2025-09-21 06:06:09.862,23.063333333333
Yeast Grow 4 Days,pioreactor02,2025-09-21T04:06:32.862Z,521.7,2025-09-21 06:06:32.862,23.069722222222
Yeast Grow 4 Days,pioreactor02,2025-09-21T04:06:55.862Z,506.3,2025-09-21 06:06:55.862,23.076111111111
Yeast Grow 4 Days,pioreactor02,2025-09-21T04:07:18.862Z,501.5,2025-09-21 06:07:18.862,23.0825
Yeast Grow 4 Days,pioreactor02,2025-09-21T04:07:41.862Z,474.6,2025-09-21 06:07:41.862,23.088888888889
Yeast Grow 4 Days,pioreactor02,2025-09-21T04:08:04.862Z,497.2,2025-09-21 06:08:04.862,23.095277777778
Yeast Grow 4 Days,pioreactor02,2025-09-21T04:08:27.862Z,504.8,2025-09-21 06:08:27.862,23.101666666667
Yeast Grow 4 Days,pioreactor02,2025-09-21T04:08:50.862Z,501.0,2025-09-21 06:08:50.862,23.108055555556
Yeast Grow 4 Days,pioreactor02,2025-09-21T04:09:13.862Z,505.3,2025-09-21 06:09:13.862,23.114444444444
Yeast Grow 4 Days,pioreactor02,2025-09-21T04:09:36.862Z,507.6,2025-09-21 06:09:36.862,23.120833333333
Yeast Grow 4 Days,pioreactor02,2025-09-21T04:09:59.862Z,509.2,2025-09-21 06:09:59.862,23.127222222222
Yeast Grow 4 Days,pioreactor02,2025-09-21T04:10:22.862Z,499.2,2025-09-21 06:10:22.862,23.133611111111
Yeast Grow 4 Days,pioreactor02,2025-09-21T04:10:45.862Z,486.9,2025-09-21 06:10:45.862,23.14
Yeast Grow 4 Days,pioreactor02,2025-09-21T04:11:08.862Z,488.0,2025-09-21 06:11:08.862,23.146388888889
Yeast Grow 4 Days,pioreactor02,2025-09-21T04:11:31.862Z,499.8,2025-09-21 06:11:31.862,23.152777777778
Yeast Grow 4 Days,pioreactor02,2025-09-21T04:11:54.862Z,502.2,2025-09-21 06:11:54.862,23.159166666667
Yeast Grow 4 Days,pioreactor02,2025-09-21T04:12:17.862Z,476.8,2025-09-21 06:12:17.862,23.165555555556
Yeast Grow 4 Days,pioreactor02,2025-09-21T04:12:40.862Z,508.6,2025-09-21 06:12:40.862,23.171944444444
Yeast Grow 4 Days,pioreactor02,2025-09-21T04:13:03.862Z,517.2,2025-09-21 06:13:03.862,23.178333333333
Yeast Grow 4 Days,pioreactor02,2025-09-21T04:13:26.862Z,517.7,2025-09-21 06:13:26.862,23.184722222222
Yeast Grow 4 Days,pioreactor02,2025-09-21T04:13:49.862Z,498.0,2025-09-21 06:13:49.862,23.191111111111
Yeast Grow 4 Days,pioreactor02,2025-09-21T04:14:12.862Z,490.9,2025-09-21 06:14:12.862,23.1975
Yeast Grow 4 Days,pioreactor02,2025-09-21T04:14:35.862Z,502.2,2025-09-21 06:14:35.862,23.203888888889
Yeast Grow 4 Days,pioreactor02,2025-09-21T04:14:58.862Z,496.1,2025-09-21 06:14:58.862,23.210277777778
Yeast Grow 4 Days,pioreactor02,2025-09-21T04:15:21.862Z,491.7,2025-09-21 06:15:21.862,23.216666666667
Yeast Grow 4 Days,pioreactor02,2025-09-21T04:15:44.862Z,495.2,2025-09-21 06:15:44.862,23.223055555556
Yeast Grow 4 Days,pioreactor02,2025-09-21T04:16:07.862Z,513.3,2025-09-21 06:16:07.862,23.229444444444
Yeast Grow 4 Days,pioreactor02,2025-09-21T04:16:30.862Z,503.4,2025-09-21 06:16:30.862,23.235833333333
Yeast Grow 4 Days,pioreactor02,2025-09-21T04:16:53.862Z,509.6,2025-09-21 06:16:53.862,23.242222222222
Yeast Grow 4 Days,pioreactor02,2025-09-21T04:17:16.862Z,501.2,2025-09-21 06:17:16.862,23.248611111111
Yeast Grow 4 Days,pioreactor02,2025-09-21T04:17:39.862Z,501.4,2025-09-21 06:17:39.862,23.255
Yeast Grow 4 Days,pioreactor02,2025-09-21T04:18:02.862Z,488.6,2025-09-21 06:18:02.862,23.261388888889
Yeast Grow 4 Days,pioreactor02,2025-09-21T04:18:25.862Z,503.9,2025-09-21 06:18:25.862,23.267777777778
Yeast Grow 4 Days,pioreactor02,2025-09-21T04:18:48.862Z,499.8,2025-09-21 06:18:48.862,23.274166666667
Yeast Grow 4 Days,pioreactor02,2025-09-21T04:19:11.862Z,509.8,2025-09-21 06:19:11.862,23.280555555556
Yeast Grow 4 Days,pioreactor02,2025-09-21T04:19:34.862Z,511.4,2025-09-21 06:19:34.862,23.286944444444
Yeast Grow 4 Days,pioreactor02,2025-09-21T04:19:57.862Z,505.0,2025-09-21 06:19:57.862,23.293333333333
Yeast Grow 4 Days,pioreactor02,2025-09-21T04:20:20.862Z,508.9,2025-09-21 06:20:20.862,23.299722222222
Yeast Grow 4 Days,pioreactor02,2025-09-21T04:20:43.862Z,500.7,2025-09-21 06:20:43.862,23.306111111111
Yeast Grow 4 Days,pioreactor02,2025-09-21T04:21:06.862Z,486.1,2025-09-21 06:21:06.862,23.3125
Yeast Grow 4 Days,pioreactor02,2025-09-21T04:21:29.862Z,496.7,2025-09-21 06:21:29.862,23.318888888889
Yeast Grow 4 Days,pioreactor02,2025-09-21T04:21:52.862Z,498.4,2025-09-21 06:21:52.862,23.325277777778
Yeast Grow 4 Days,pioreactor02,2025-09-21T04:22:15.862Z,495.8,2025-09-21 06:22:15.862,23.331666666667
Yeast Grow 4 Days,pioreactor02,2025-09-21T04:22:38.862Z,507.3,2025-09-21 06:22:38.862,23.338055555556
Yeast Grow 4 Days,pioreactor02,2025-09-21T04:23:01.862Z,489.8,2025-09-21 06:23:01.862,23.344444444444
Yeast Grow 4 Days,pioreactor02,2025-09-21T04:23:24.862Z,495.3,2025-09-21 06:23:24.862,23.350833333333
Yeast Grow 4 Days,pioreactor02,2025-09-21T04:23:47.862Z,504.3,2025-09-21 06:23:47.862,23.357222222222
Yeast Grow 4 Days,pioreactor02,2025-09-21T04:24:10.862Z,505.2,2025-09-21 06:24:10.862,23.363611111111
Yeast Grow 4 Days,pioreactor02,2025-09-21T04:24:33.862Z,484.0,2025-09-21 06:24:33.862,23.37
Yeast Grow 4 Days,pioreactor02,2025-09-21T04:24:56.862Z,492.3,2025-09-21 06:24:56.862,23.376388888889
Yeast Grow 4 Days,pioreactor02,2025-09-21T04:25:19.862Z,421.2,2025-09-21 06:25:19.862,23.382777777778
Yeast Grow 4 Days,pioreactor02,2025-09-21T04:25:42.862Z,518.9,2025-09-21 06:25:42.862,23.389166666667
Yeast Grow 4 Days,pioreactor02,2025-09-21T04:26:05.862Z,520.0,2025-09-21 06:26:05.862,23.395555555556
Yeast Grow 4 Days,pioreactor02,2025-09-21T04:26:28.862Z,506.6,2025-09-21 06:26:28.862,23.401944444444
Yeast Grow 4 Days,pioreactor02,2025-09-21T04:26:51.862Z,502.5,2025-09-21 06:26:51.862,23.408333333333
Yeast Grow 4 Days,pioreactor02,2025-09-21T04:27:14.862Z,514.0,2025-09-21 06:27:14.862,23.414722222222
Yeast Grow 4 Days,pioreactor02,2025-09-21T04:27:37.862Z,511.5,2025-09-21 06:27:37.862,23.421111111111
Yeast Grow 4 Days,pioreactor02,2025-09-21T04:28:00.862Z,506.4,2025-09-21 06:28:00.862,23.4275
Yeast Grow 4 Days,pioreactor02,2025-09-21T04:28:23.862Z,497.3,2025-09-21 06:28:23.862,23.433888888889
Yeast Grow 4 Days,pioreactor02,2025-09-21T04:28:46.862Z,502.5,2025-09-21 06:28:46.862,23.440277777778
Yeast Grow 4 Days,pioreactor02,2025-09-21T04:29:09.862Z,524.3,2025-09-21 06:29:09.862,23.446666666667
Yeast Grow 4 Days,pioreactor02,2025-09-21T04:29:32.862Z,496.1,2025-09-21 06:29:32.862,23.453055555556
Yeast Grow 4 Days,pioreactor02,2025-09-21T04:29:55.862Z,470.3,2025-09-21 06:29:55.862,23.459444444444
Yeast Grow 4 Days,pioreactor02,2025-09-21T04:30:18.862Z,423.3,2025-09-21 06:30:18.862,23.465833333333
Yeast Grow 4 Days,pioreactor02,2025-09-21T04:30:41.862Z,525.2,2025-09-21 06:30:41.862,23.472222222222
Yeast Grow 4 Days,pioreactor02,2025-09-21T04:31:04.862Z,509.8,2025-09-21 06:31:04.862,23.478611111111
Yeast Grow 4 Days,pioreactor02,2025-09-21T04:31:27.862Z,497.7,2025-09-21 06:31:27.862,23.485
Yeast Grow 4 Days,pioreactor02,2025-09-21T04:31:50.862Z,511.1,2025-09-21 06:31:50.862,23.491388888889
Yeast Grow 4 Days,pioreactor02,2025-09-21T04:32:13.862Z,509.3,2025-09-21 06:32:13.862,23.497777777778
Yeast Grow 4 Days,pioreactor02,2025-09-21T04:32:36.862Z,516.5,2025-09-21 06:32:36.862,23.504166666667
Yeast Grow 4 Days,pioreactor02,2025-09-21T04:32:59.862Z,501.3,2025-09-21 06:32:59.862,23.510555555556
Yeast Grow 4 Days,pioreactor02,2025-09-21T04:33:22.862Z,517.4,2025-09-21 06:33:22.862,23.516944444444
Yeast Grow 4 Days,pioreactor02,2025-09-21T04:33:45.862Z,502.3,2025-09-21 06:33:45.862,23.523333333333
Yeast Grow 4 Days,pioreactor02,2025-09-21T04:34:08.862Z,506.1,2025-09-21 06:34:08.862,23.529722222222
Yeast Grow 4 Days,pioreactor02,2025-09-21T04:34:31.862Z,487.3,2025-09-21 06:34:31.862,23.536111111111
Yeast Grow 4 Days,pioreactor02,2025-09-21T04:34:54.862Z,501.1,2025-09-21 06:34:54.862,23.5425
Yeast Grow 4 Days,pioreactor02,2025-09-21T04:35:17.862Z,499.6,2025-09-21 06:35:17.862,23.548888888889
Yeast Grow 4 Days,pioreactor02,2025-09-21T04:35:40.862Z,489.2,2025-09-21 06:35:40.862,23.555277777778
Yeast Grow 4 Days,pioreactor02,2025-09-21T04:36:03.862Z,515.8,2025-09-21 06:36:03.862,23.561666666667
Yeast Grow 4 Days,pioreactor02,2025-09-21T04:36:26.862Z,509.1,2025-09-21 06:36:26.862,23.568055555556
Yeast Grow 4 Days,pioreactor02,2025-09-21T04:36:49.862Z,499.2,2025-09-21 06:36:49.862,23.574444444444
Yeast Grow 4 Days,pioreactor02,2025-09-21T04:37:12.862Z,507.7,2025-09-21 06:37:12.862,23.580833333333
Yeast Grow 4 Days,pioreactor02,2025-09-21T04:37:35.862Z,496.1,2025-09-21 06:37:35.862,23.587222222222
Yeast Grow 4 Days,pioreactor02,2025-09-21T04:37:58.862Z,479.0,2025-09-21 06:37:58.862,23.593611111111
Yeast Grow 4 Days,pioreactor02,2025-09-21T04:38:21.862Z,491.3,2025-09-21 06:38:21.862,23.6
Yeast Grow 4 Days,pioreactor02,2025-09-21T04:38:44.862Z,498.9,2025-09-21 06:38:44.862,23.606388888889
Yeast Grow 4 Days,pioreactor02,2025-09-21T04:39:07.862Z,505.1,2025-09-21 06:39:07.862,23.612777777778
Yeast Grow 4 Days,pioreactor02,2025-09-21T04:39:30.862Z,490.9,2025-09-21 06:39:30.862,23.619166666667
Yeast Grow 4 Days,pioreactor02,2025-09-21T04:39:53.862Z,498.7,2025-09-21 06:39:53.862,23.625555555556
Yeast Grow 4 Days,pioreactor02,2025-09-21T04:40:16.862Z,501.9,2025-09-21 06:40:16.862,23.631944444444
Yeast Grow 4 Days,pioreactor02,2025-09-21T04:40:39.862Z,501.2,2025-09-21 06:40:39.862,23.638333333333
Yeast Grow 4 Days,pioreactor02,2025-09-21T04:41:02.862Z,500.8,2025-09-21 06:41:02.862,23.644722222222
Yeast Grow 4 Days,pioreactor02,2025-09-21T04:41:25.862Z,503.1,2025-09-21 06:41:25.862,23.651111111111
Yeast Grow 4 Days,pioreactor02,2025-09-21T04:41:48.862Z,505.9,2025-09-21 06:41:48.862,23.6575
Yeast Grow 4 Days,pioreactor02,2025-09-21T04:42:11.862Z,487.9,2025-09-21 06:42:11.862,23.663888888889
Yeast Grow 4 Days,pioreactor02,2025-09-21T04:42:34.862Z,508.3,2025-09-21 06:42:34.862,23.670277777778
Yeast Grow 4 Days,pioreactor02,2025-09-21T04:42:57.862Z,514.9,2025-09-21 06:42:57.862,23.676666666667
Yeast Grow 4 Days,pioreactor02,2025-09-21T04:43:20.862Z,498.9,2025-09-21 06:43:20.862,23.683055555556
Yeast Grow 4 Days,pioreactor02,2025-09-21T04:43:43.862Z,490.0,2025-09-21 06:43:43.862,23.689444444444
Yeast Grow 4 Days,pioreactor02,2025-09-21T04:44:06.862Z,502.5,2025-09-21 06:44:06.862,23.695833333333
Yeast Grow 4 Days,pioreactor02,2025-09-21T04:44:29.862Z,481.1,2025-09-21 06:44:29.862,23.702222222222
Yeast Grow 4 Days,pioreactor02,2025-09-21T04:44:52.862Z,500.2,2025-09-21 06:44:52.862,23.708611111111
Yeast Grow 4 Days,pioreactor02,2025-09-21T04:45:15.862Z,492.1,2025-09-21 06:45:15.862,23.715
Yeast Grow 4 Days,pioreactor02,2025-09-21T04:45:38.862Z,495.7,2025-09-21 06:45:38.862,23.721388888889
Yeast Grow 4 Days,pioreactor02,2025-09-21T04:46:01.862Z,519.5,2025-09-21 06:46:01.862,23.727777777778
Yeast Grow 4 Days,pioreactor02,2025-09-21T04:46:24.862Z,515.9,2025-09-21 06:46:24.862,23.734166666667
Yeast Grow 4 Days,pioreactor02,2025-09-21T04:46:47.862Z,515.7,2025-09-21 06:46:47.862,23.740555555556
Yeast Grow 4 Days,pioreactor02,2025-09-21T04:47:10.862Z,494.8,2025-09-21 06:47:10.862,23.746944444444
Yeast Grow 4 Days,pioreactor02,2025-09-21T04:47:33.862Z,507.6,2025-09-21 06:47:33.862,23.753333333333
Yeast Grow 4 Days,pioreactor02,2025-09-21T04:47:56.862Z,483.0,2025-09-21 06:47:56.862,23.759722222222
Yeast Grow 4 Days,pioreactor02,2025-09-21T04:48:19.862Z,497.0,2025-09-21 06:48:19.862,23.766111111111
Yeast Grow 4 Days,pioreactor02,2025-09-21T04:48:42.862Z,505.3,2025-09-21 06:48:42.862,23.7725
Yeast Grow 4 Days,pioreactor02,2025-09-21T04:49:05.862Z,494.9,2025-09-21 06:49:05.862,23.778888888889
Yeast Grow 4 Days,pioreactor02,2025-09-21T04:49:28.862Z,506.3,2025-09-21 06:49:28.862,23.785277777778
Yeast Grow 4 Days,pioreactor02,2025-09-21T04:49:51.862Z,503.4,2025-09-21 06:49:51.862,23.791666666667
Yeast Grow 4 Days,pioreactor02,2025-09-21T04:50:14.862Z,508.2,2025-09-21 06:50:14.862,23.798055555556
Yeast Grow 4 Days,pioreactor02,2025-09-21T04:50:37.862Z,497.4,2025-09-21 06:50:37.862,23.804444444444
Yeast Grow 4 Days,pioreactor02,2025-09-21T04:51:00.862Z,471.6,2025-09-21 06:51:00.862,23.810833333333
Yeast Grow 4 Days,pioreactor02,2025-09-21T04:51:23.862Z,424.1,2025-09-21 06:51:23.862,23.817222222222
Yeast Grow 4 Days,pioreactor02,2025-09-21T04:51:46.862Z,490.3,2025-09-21 06:51:46.862,23.823611111111
Yeast Grow 4 Days,pioreactor02,2025-09-21T04:52:09.862Z,521.7,2025-09-21 06:52:09.862,23.83
Yeast Grow 4 Days,pioreactor02,2025-09-21T04:52:32.862Z,522.2,2025-09-21 06:52:32.862,23.836388888889
Yeast Grow 4 Days,pioreactor02,2025-09-21T04:52:55.862Z,505.9,2025-09-21 06:52:55.862,23.842777777778
Yeast Grow 4 Days,pioreactor02,2025-09-21T04:53:18.862Z,517.3,2025-09-21 06:53:18.862,23.849166666667
Yeast Grow 4 Days,pioreactor02,2025-09-21T04:53:41.862Z,510.9,2025-09-21 06:53:41.862,23.855555555556
Yeast Grow 4 Days,pioreactor02,2025-09-21T04:54:04.862Z,497.2,2025-09-21 06:54:04.862,23.861944444444
Yeast Grow 4 Days,pioreactor02,2025-09-21T04:54:27.862Z,497.6,2025-09-21 06:54:27.862,23.868333333333
Yeast Grow 4 Days,pioreactor02,2025-09-21T04:54:50.862Z,500.1,2025-09-21 06:54:50.862,23.874722222222
Yeast Grow 4 Days,pioreactor02,2025-09-21T04:55:13.862Z,500.4,2025-09-21 06:55:13.862,23.881111111111
Yeast Grow 4 Days,pioreactor02,2025-09-21T04:55:36.862Z,493.7,2025-09-21 06:55:36.862,23.8875
Yeast Grow 4 Days,pioreactor02,2025-09-21T04:55:59.862Z,509.3,2025-09-21 06:55:59.862,23.893888888889
Yeast Grow 4 Days,pioreactor02,2025-09-21T04:56:22.862Z,512.2,2025-09-21 06:56:22.862,23.900277777778
Yeast Grow 4 Days,pioreactor02,2025-09-21T04:56:45.862Z,502.1,2025-09-21 06:56:45.862,23.906666666667
Yeast Grow 4 Days,pioreactor02,2025-09-21T04:57:08.862Z,491.9,2025-09-21 06:57:08.862,23.913055555556
Yeast Grow 4 Days,pioreactor02,2025-09-21T04:57:31.862Z,434.5,2025-09-21 06:57:31.862,23.919444444444
Yeast Grow 4 Days,pioreactor02,2025-09-21T04:57:54.862Z,509.4,2025-09-21 06:57:54.862,23.925833333333
Yeast Grow 4 Days,pioreactor02,2025-09-21T04:58:17.862Z,511.0,2025-09-21 06:58:17.862,23.932222222222
Yeast Grow 4 Days,pioreactor02,2025-09-21T04:58:40.862Z,512.8,2025-09-21 06:58:40.862,23.938611111111
Yeast Grow 4 Days,pioreactor02,2025-09-21T04:59:03.862Z,499.0,2025-09-21 06:59:03.862,23.945
Yeast Grow 4 Days,pioreactor02,2025-09-21T04:59:26.862Z,501.3,2025-09-21 06:59:26.862,23.951388888889
Yeast Grow 4 Days,pioreactor02,2025-09-21T04:59:49.862Z,522.8,2025-09-21 06:59:49.862,23.957777777778
Yeast Grow 4 Days,pioreactor02,2025-09-21T05:00:12.862Z,507.0,2025-09-21 07:00:12.862,23.964166666667
Yeast Grow 4 Days,pioreactor02,2025-09-21T05:00:35.862Z,505.3,2025-09-21 07:00:35.862,23.970555555556
Yeast Grow 4 Days,pioreactor02,2025-09-21T05:00:58.862Z,489.9,2025-09-21 07:00:58.862,23.976944444444
Yeast Grow 4 Days,pioreactor02,2025-09-21T05:01:21.862Z,487.3,2025-09-21 07:01:21.862,23.983333333333
Yeast Grow 4 Days,pioreactor02,2025-09-21T05:01:44.862Z,507.1,2025-09-21 07:01:44.862,23.989722222222
Yeast Grow 4 Days,pioreactor02,2025-09-21T05:02:07.862Z,500.2,2025-09-21 07:02:07.862,23.996111111111
Yeast Grow 4 Days,pioreactor02,2025-09-21T05:02:30.862Z,510.9,2025-09-21 07:02:30.862,24.0025
Yeast Grow 4 Days,pioreactor02,2025-09-21T05:02:53.862Z,507.1,2025-09-21 07:02:53.862,24.008888888889
Yeast Grow 4 Days,pioreactor02,2025-09-21T05:03:16.862Z,508.2,2025-09-21 07:03:16.862,24.015277777778
Yeast Grow 4 Days,pioreactor02,2025-09-21T05:03:39.862Z,422.6,2025-09-21 07:03:39.862,24.021666666667
Yeast Grow 4 Days,pioreactor02,2025-09-21T05:04:02.862Z,530.3,2025-09-21 07:04:02.862,24.028055555556
Yeast Grow 4 Days,pioreactor02,2025-09-21T05:04:25.862Z,502.7,2025-09-21 07:04:25.862,24.034444444444
Yeast Grow 4 Days,pioreactor02,2025-09-21T05:04:48.862Z,519.1,2025-09-21 07:04:48.862,24.040833333333
Yeast Grow 4 Days,pioreactor02,2025-09-21T05:05:11.862Z,420.6,2025-09-21 07:05:11.862,24.047222222222
Yeast Grow 4 Days,pioreactor02,2025-09-21T05:05:34.862Z,522.8,2025-09-21 07:05:34.862,24.053611111111
Yeast Grow 4 Days,pioreactor02,2025-09-21T05:05:57.862Z,524.7,2025-09-21 07:05:57.862,24.06
Yeast Grow 4 Days,pioreactor02,2025-09-21T05:06:20.862Z,513.9,2025-09-21 07:06:20.862,24.066388888889
Yeast Grow 4 Days,pioreactor02,2025-09-21T05:06:43.862Z,512.0,2025-09-21 07:06:43.862,24.072777777778
Yeast Grow 4 Days,pioreactor02,2025-09-21T05:07:06.862Z,512.5,2025-09-21 07:07:06.862,24.079166666667
Yeast Grow 4 Days,pioreactor02,2025-09-21T05:07:29.862Z,517.1,2025-09-21 07:07:29.862,24.085555555556
Yeast Grow 4 Days,pioreactor02,2025-09-21T05:07:52.862Z,492.5,2025-09-21 07:07:52.862,24.091944444444
Yeast Grow 4 Days,pioreactor02,2025-09-21T05:08:15.862Z,496.1,2025-09-21 07:08:15.862,24.098333333333
Yeast Grow 4 Days,pioreactor02,2025-09-21T05:08:38.862Z,502.0,2025-09-21 07:08:38.862,24.104722222222
Yeast Grow 4 Days,pioreactor02,2025-09-21T05:09:01.862Z,502.8,2025-09-21 07:09:01.862,24.111111111111
Yeast Grow 4 Days,pioreactor02,2025-09-21T05:09:24.862Z,511.3,2025-09-21 07:09:24.862,24.1175
Yeast Grow 4 Days,pioreactor02,2025-09-21T05:09:47.862Z,506.7,2025-09-21 07:09:47.862,24.123888888889
Yeast Grow 4 Days,pioreactor02,2025-09-21T05:10:10.862Z,499.4,2025-09-21 07:10:10.862,24.130277777778
Yeast Grow 4 Days,pioreactor02,2025-09-21T05:10:33.862Z,500.0,2025-09-21 07:10:33.862,24.136666666667
Yeast Grow 4 Days,pioreactor02,2025-09-21T05:10:56.862Z,493.3,2025-09-21 07:10:56.862,24.143055555556
Yeast Grow 4 Days,pioreactor02,2025-09-21T05:11:19.862Z,488.0,2025-09-21 07:11:19.862,24.149444444444
Yeast Grow 4 Days,pioreactor02,2025-09-21T05:11:42.862Z,503.0,2025-09-21 07:11:42.862,24.155833333333
Yeast Grow 4 Days,pioreactor02,2025-09-21T05:12:05.862Z,494.6,2025-09-21 07:12:05.862,24.162222222222
Yeast Grow 4 Days,pioreactor02,2025-09-21T05:12:28.862Z,493.2,2025-09-21 07:12:28.862,24.168611111111
Yeast Grow 4 Days,pioreactor02,2025-09-21T05:12:51.862Z,517.5,2025-09-21 07:12:51.862,24.175
Yeast Grow 4 Days,pioreactor02,2025-09-21T05:13:14.862Z,513.7,2025-09-21 07:13:14.862,24.181388888889
Yeast Grow 4 Days,pioreactor02,2025-09-21T05:13:37.862Z,482.9,2025-09-21 07:13:37.862,24.187777777778
Yeast Grow 4 Days,pioreactor02,2025-09-21T05:14:00.862Z,508.2,2025-09-21 07:14:00.862,24.194166666667
Yeast Grow 4 Days,pioreactor02,2025-09-21T05:14:23.862Z,504.2,2025-09-21 07:14:23.862,24.200555555556
Yeast Grow 4 Days,pioreactor02,2025-09-21T05:14:46.862Z,498.3,2025-09-21 07:14:46.862,24.206944444444
Yeast Grow 4 Days,pioreactor02,2025-09-21T05:15:09.862Z,507.2,2025-09-21 07:15:09.862,24.213333333333
Yeast Grow 4 Days,pioreactor02,2025-09-21T05:15:32.862Z,503.1,2025-09-21 07:15:32.862,24.219722222222
Yeast Grow 4 Days,pioreactor02,2025-09-21T05:15:55.862Z,505.8,2025-09-21 07:15:55.862,24.226111111111
Yeast Grow 4 Days,pioreactor02,2025-09-21T05:16:18.862Z,508.4,2025-09-21 07:16:18.862,24.2325
Yeast Grow 4 Days,pioreactor02,2025-09-21T05:16:41.862Z,500.6,2025-09-21 07:16:41.862,24.238888888889
Yeast Grow 4 Days,pioreactor02,2025-09-21T05:17:04.862Z,499.9,2025-09-21 07:17:04.862,24.245277777778
Yeast Grow 4 Days,pioreactor02,2025-09-21T05:17:27.862Z,496.0,2025-09-21 07:17:27.862,24.251666666667
Yeast Grow 4 Days,pioreactor02,2025-09-21T05:17:50.862Z,472.6,2025-09-21 07:17:50.862,24.258055555556
Yeast Grow 4 Days,pioreactor02,2025-09-21T05:18:13.862Z,496.8,2025-09-21 07:18:13.862,24.264444444444
Yeast Grow 4 Days,pioreactor02,2025-09-21T05:18:36.862Z,498.1,2025-09-21 07:18:36.862,24.270833333333
Yeast Grow 4 Days,pioreactor02,2025-09-21T05:18:59.862Z,496.9,2025-09-21 07:18:59.862,24.277222222222
Yeast Grow 4 Days,pioreactor02,2025-09-21T05:19:22.862Z,512.7,2025-09-21 07:19:22.862,24.283611111111
Yeast Grow 4 Days,pioreactor02,2025-09-21T05:19:45.862Z,506.2,2025-09-21 07:19:45.862,24.29
Yeast Grow 4 Days,pioreactor02,2025-09-21T05:20:08.862Z,514.2,2025-09-21 07:20:08.862,24.296388888889
Yeast Grow 4 Days,pioreactor02,2025-09-21T05:20:31.862Z,486.1,2025-09-21 07:20:31.862,24.302777777778
Yeast Grow 4 Days,pioreactor02,2025-09-21T05:20:54.862Z,510.2,2025-09-21 07:20:54.862,24.309166666667
Yeast Grow 4 Days,pioreactor02,2025-09-21T05:21:17.862Z,427.9,2025-09-21 07:21:17.862,24.315555555556
Yeast Grow 4 Days,pioreactor02,2025-09-21T05:21:40.862Z,442.3,2025-09-21 07:21:40.862,24.321944444444
Yeast Grow 4 Days,pioreactor02,2025-09-21T05:22:03.862Z,524.0,2025-09-21 07:22:03.862,24.328333333333
Yeast Grow 4 Days,pioreactor02,2025-09-21T05:22:26.862Z,523.3,2025-09-21 07:22:26.862,24.334722222222
Yeast Grow 4 Days,pioreactor02,2025-09-21T05:22:49.862Z,499.7,2025-09-21 07:22:49.862,24.341111111111
Yeast Grow 4 Days,pioreactor02,2025-09-21T05:23:12.862Z,520.6,2025-09-21 07:23:12.862,24.3475
Yeast Grow 4 Days,pioreactor02,2025-09-21T05:23:35.862Z,517.4,2025-09-21 07:23:35.862,24.353888888889
Yeast Grow 4 Days,pioreactor02,2025-09-21T05:23:58.862Z,516.2,2025-09-21 07:23:58.862,24.360277777778
Yeast Grow 4 Days,pioreactor02,2025-09-21T05:24:21.862Z,497.5,2025-09-21 07:24:21.862,24.366666666667
Yeast Grow 4 Days,pioreactor02,2025-09-21T05:24:44.862Z,424.3,2025-09-21 07:24:44.862,24.373055555556
Yeast Grow 4 Days,pioreactor02,2025-09-21T05:25:07.862Z,518.1,2025-09-21 07:25:07.862,24.379444444444
Yeast Grow 4 Days,pioreactor02,2025-09-21T05:25:30.862Z,507.5,2025-09-21 07:25:30.862,24.385833333333
Yeast Grow 4 Days,pioreactor02,2025-09-21T05:25:53.862Z,524.7,2025-09-21 07:25:53.862,24.392222222222
Yeast Grow 4 Days,pioreactor02,2025-09-21T05:26:16.862Z,517.0,2025-09-21 07:26:16.862,24.398611111111
Yeast Grow 4 Days,pioreactor02,2025-09-21T05:26:39.862Z,513.9,2025-09-21 07:26:39.862,24.405
Yeast Grow 4 Days,pioreactor02,2025-09-21T05:27:02.862Z,507.5,2025-09-21 07:27:02.862,24.411388888889
Yeast Grow 4 Days,pioreactor02,2025-09-21T05:27:25.862Z,501.5,2025-09-21 07:27:25.862,24.417777777778
Yeast Grow 4 Days,pioreactor02,2025-09-21T05:27:48.862Z,482.0,2025-09-21 07:27:48.862,24.424166666667
Yeast Grow 4 Days,pioreactor02,2025-09-21T05:28:11.862Z,501.9,2025-09-21 07:28:11.862,24.430555555556
Yeast Grow 4 Days,pioreactor02,2025-09-21T05:28:34.862Z,500.6,2025-09-21 07:28:34.862,24.436944444444
Yeast Grow 4 Days,pioreactor02,2025-09-21T05:28:57.862Z,496.4,2025-09-21 07:28:57.862,24.443333333333
Yeast Grow 4 Days,pioreactor02,2025-09-21T05:29:20.862Z,510.2,2025-09-21 07:29:20.862,24.449722222222
Yeast Grow 4 Days,pioreactor02,2025-09-21T05:29:43.862Z,500.2,2025-09-21 07:29:43.862,24.456111111111
Yeast Grow 4 Days,pioreactor02,2025-09-21T05:30:06.862Z,498.9,2025-09-21 07:30:06.862,24.4625
Yeast Grow 4 Days,pioreactor02,2025-09-21T05:30:29.862Z,516.3,2025-09-21 07:30:29.862,24.468888888889
Yeast Grow 4 Days,pioreactor02,2025-09-21T05:30:52.862Z,505.0,2025-09-21 07:30:52.862,24.475277777778
Yeast Grow 4 Days,pioreactor02,2025-09-21T05:31:15.862Z,504.7,2025-09-21 07:31:15.862,24.481666666667
Yeast Grow 4 Days,pioreactor02,2025-09-21T05:31:38.862Z,494.4,2025-09-21 07:31:38.862,24.488055555556
Yeast Grow 4 Days,pioreactor02,2025-09-21T05:32:01.862Z,491.9,2025-09-21 07:32:01.862,24.494444444444
Yeast Grow 4 Days,pioreactor02,2025-09-21T05:32:24.862Z,496.9,2025-09-21 07:32:24.862,24.500833333333
Yeast Grow 4 Days,pioreactor02,2025-09-21T05:32:47.862Z,500.1,2025-09-21 07:32:47.862,24.507222222222
Yeast Grow 4 Days,pioreactor02,2025-09-21T05:33:10.862Z,509.9,2025-09-21 07:33:10.862,24.513611111111
Yeast Grow 4 Days,pioreactor02,2025-09-21T05:33:33.862Z,511.6,2025-09-21 07:33:33.862,24.52
Yeast Grow 4 Days,pioreactor02,2025-09-21T05:33:56.862Z,498.4,2025-09-21 07:33:56.862,24.526388888889
Yeast Grow 4 Days,pioreactor02,2025-09-21T05:34:19.862Z,490.7,2025-09-21 07:34:19.862,24.532777777778
Yeast Grow 4 Days,pioreactor02,2025-09-21T05:34:42.862Z,422.7,2025-09-21 07:34:42.862,24.539166666667
Yeast Grow 4 Days,pioreactor02,2025-09-21T05:35:05.862Z,429.8,2025-09-21 07:35:05.862,24.545555555556
Yeast Grow 4 Days,pioreactor02,2025-09-21T05:35:28.862Z,525.6,2025-09-21 07:35:28.862,24.551944444444
Yeast Grow 4 Days,pioreactor02,2025-09-21T05:35:51.862Z,532.7,2025-09-21 07:35:51.862,24.558333333333
Yeast Grow 4 Days,pioreactor02,2025-09-21T05:36:14.862Z,526.9,2025-09-21 07:36:14.862,24.564722222222
Yeast Grow 4 Days,pioreactor02,2025-09-21T05:36:37.862Z,501.8,2025-09-21 07:36:37.862,24.571111111111
Yeast Grow 4 Days,pioreactor02,2025-09-21T05:37:00.862Z,519.2,2025-09-21 07:37:00.862,24.5775
Yeast Grow 4 Days,pioreactor02,2025-09-21T05:37:23.862Z,500.6,2025-09-21 07:37:23.862,24.583888888889
Yeast Grow 4 Days,pioreactor02,2025-09-21T05:37:46.862Z,508.7,2025-09-21 07:37:46.862,24.590277777778
Yeast Grow 4 Days,pioreactor02,2025-09-21T05:38:09.862Z,500.8,2025-09-21 07:38:09.862,24.596666666667
Yeast Grow 4 Days,pioreactor02,2025-09-21T05:38:32.862Z,506.9,2025-09-21 07:38:32.862,24.603055555556
Yeast Grow 4 Days,pioreactor02,2025-09-21T05:38:55.862Z,491.4,2025-09-21 07:38:55.862,24.609444444444
Yeast Grow 4 Days,pioreactor02,2025-09-21T05:39:18.862Z,507.9,2025-09-21 07:39:18.862,24.615833333333
Yeast Grow 4 Days,pioreactor02,2025-09-21T05:39:41.862Z,509.3,2025-09-21 07:39:41.862,24.622222222222
Yeast Grow 4 Days,pioreactor02,2025-09-21T05:40:04.862Z,503.9,2025-09-21 07:40:04.862,24.628611111111
Yeast Grow 4 Days,pioreactor02,2025-09-21T05:40:27.862Z,498.2,2025-09-21 07:40:27.862,24.635
Yeast Grow 4 Days,pioreactor02,2025-09-21T05:40:50.862Z,508.0,2025-09-21 07:40:50.862,24.641388888889
Yeast Grow 4 Days,pioreactor02,2025-09-21T05:41:13.862Z,493.6,2025-09-21 07:41:13.862,24.647777777778
Yeast Grow 4 Days,pioreactor02,2025-09-21T05:41:36.862Z,498.7,2025-09-21 07:41:36.862,24.654166666667
Yeast Grow 4 Days,pioreactor02,2025-09-21T05:41:59.862Z,486.1,2025-09-21 07:41:59.862,24.660555555556
Yeast Grow 4 Days,pioreactor02,2025-09-21T05:42:22.862Z,496.6,2025-09-21 07:42:22.862,24.666944444444
Yeast Grow 4 Days,pioreactor02,2025-09-21T05:42:45.862Z,516.2,2025-09-21 07:42:45.862,24.673333333333
Yeast Grow 4 Days,pioreactor02,2025-09-21T05:43:08.862Z,504.7,2025-09-21 07:43:08.862,24.679722222222
Yeast Grow 4 Days,pioreactor02,2025-09-21T05:43:31.862Z,506.2,2025-09-21 07:43:31.862,24.686111111111
Yeast Grow 4 Days,pioreactor02,2025-09-21T05:43:54.862Z,511.2,2025-09-21 07:43:54.862,24.6925
Yeast Grow 4 Days,pioreactor02,2025-09-21T05:44:17.862Z,503.2,2025-09-21 07:44:17.862,24.698888888889
Yeast Grow 4 Days,pioreactor02,2025-09-21T05:44:40.862Z,498.8,2025-09-21 07:44:40.862,24.705277777778
Yeast Grow 4 Days,pioreactor02,2025-09-21T05:45:03.862Z,496.2,2025-09-21 07:45:03.862,24.711666666667
Yeast Grow 4 Days,pioreactor02,2025-09-21T05:45:26.862Z,498.2,2025-09-21 07:45:26.862,24.718055555556
Yeast Grow 4 Days,pioreactor02,2025-09-21T05:45:49.862Z,510.4,2025-09-21 07:45:49.862,24.724444444444
Yeast Grow 4 Days,pioreactor02,2025-09-21T05:46:12.862Z,500.1,2025-09-21 07:46:12.862,24.730833333333
Yeast Grow 4 Days,pioreactor02,2025-09-21T05:46:35.862Z,506.9,2025-09-21 07:46:35.862,24.737222222222
Yeast Grow 4 Days,pioreactor02,2025-09-21T05:46:58.862Z,513.9,2025-09-21 07:46:58.862,24.743611111111
Yeast Grow 4 Days,pioreactor02,2025-09-21T05:47:21.862Z,504.1,2025-09-21 07:47:21.862,24.75
Yeast Grow 4 Days,pioreactor02,2025-09-21T05:47:44.862Z,471.7,2025-09-21 07:47:44.862,24.756388888889
Yeast Grow 4 Days,pioreactor02,2025-09-21T05:48:07.862Z,487.9,2025-09-21 07:48:07.862,24.762777777778
Yeast Grow 4 Days,pioreactor02,2025-09-21T05:48:30.862Z,474.9,2025-09-21 07:48:30.862,24.769166666667
Yeast Grow 4 Days,pioreactor02,2025-09-21T05:48:53.862Z,501.5,2025-09-21 07:48:53.862,24.775555555556
Yeast Grow 4 Days,pioreactor02,2025-09-21T05:49:16.862Z,507.6,2025-09-21 07:49:16.862,24.781944444444
Yeast Grow 4 Days,pioreactor02,2025-09-21T05:49:39.862Z,514.3,2025-09-21 07:49:39.862,24.788333333333
Yeast Grow 4 Days,pioreactor02,2025-09-21T05:50:02.862Z,510.7,2025-09-21 07:50:02.862,24.794722222222
Yeast Grow 4 Days,pioreactor02,2025-09-21T05:50:25.862Z,497.3,2025-09-21 07:50:25.862,24.801111111111
Yeast Grow 4 Days,pioreactor02,2025-09-21T05:50:48.862Z,492.3,2025-09-21 07:50:48.862,24.8075
Yeast Grow 4 Days,pioreactor02,2025-09-21T05:51:11.862Z,484.2,2025-09-21 07:51:11.862,24.813888888889
Yeast Grow 4 Days,pioreactor02,2025-09-21T05:51:34.862Z,497.3,2025-09-21 07:51:34.862,24.820277777778
Yeast Grow 4 Days,pioreactor02,2025-09-21T05:51:57.862Z,508.7,2025-09-21 07:51:57.862,24.826666666667
Yeast Grow 4 Days,pioreactor02,2025-09-21T05:52:20.862Z,497.2,2025-09-21 07:52:20.862,24.833055555556
Yeast Grow 4 Days,pioreactor02,2025-09-21T05:52:43.862Z,494.1,2025-09-21 07:52:43.862,24.839444444444
Yeast Grow 4 Days,pioreactor02,2025-09-21T05:53:06.862Z,502.2,2025-09-21 07:53:06.862,24.845833333333
Yeast Grow 4 Days,pioreactor02,2025-09-21T05:53:29.862Z,495.2,2025-09-21 07:53:29.862,24.852222222222
Yeast Grow 4 Days,pioreactor02,2025-09-21T05:53:52.862Z,514.8,2025-09-21 07:53:52.862,24.858611111111
Yeast Grow 4 Days,pioreactor02,2025-09-21T05:54:15.862Z,453.8,2025-09-21 07:54:15.862,24.865
Yeast Grow 4 Days,pioreactor02,2025-09-21T05:54:38.862Z,424.8,2025-09-21 07:54:38.862,24.871388888889
Yeast Grow 4 Days,pioreactor02,2025-09-21T05:55:01.862Z,518.1,2025-09-21 07:55:01.862,24.877777777778
Yeast Grow 4 Days,pioreactor02,2025-09-21T05:55:24.862Z,509.5,2025-09-21 07:55:24.862,24.884166666667
Yeast Grow 4 Days,pioreactor02,2025-09-21T05:55:47.862Z,521.3,2025-09-21 07:55:47.862,24.890555555556
Yeast Grow 4 Days,pioreactor02,2025-09-21T05:56:10.862Z,522.7,2025-09-21 07:56:10.862,24.896944444444
Yeast Grow 4 Days,pioreactor02,2025-09-21T05:56:33.862Z,528.2,2025-09-21 07:56:33.862,24.903333333333
Yeast Grow 4 Days,pioreactor02,2025-09-21T05:56:56.862Z,486.9,2025-09-21 07:56:56.862,24.909722222222
Yeast Grow 4 Days,pioreactor02,2025-09-21T05:57:19.862Z,512.3,2025-09-21 07:57:19.862,24.916111111111
Yeast Grow 4 Days,pioreactor02,2025-09-21T05:57:42.862Z,509.7,2025-09-21 07:57:42.862,24.9225
Yeast Grow 4 Days,pioreactor02,2025-09-21T05:58:05.862Z,494.8,2025-09-21 07:58:05.862,24.928888888889
Yeast Grow 4 Days,pioreactor02,2025-09-21T05:58:28.862Z,505.4,2025-09-21 07:58:28.862,24.935277777778
Yeast Grow 4 Days,pioreactor02,2025-09-21T05:58:51.862Z,494.1,2025-09-21 07:58:51.862,24.941666666667
Yeast Grow 4 Days,pioreactor02,2025-09-21T05:59:14.862Z,505.9,2025-09-21 07:59:14.862,24.948055555556
Yeast Grow 4 Days,pioreactor02,2025-09-21T05:59:37.862Z,521.8,2025-09-21 07:59:37.862,24.954444444444
Yeast Grow 4 Days,pioreactor02,2025-09-21T06:00:00.862Z,509.3,2025-09-21 08:00:00.862,24.960833333333
Yeast Grow 4 Days,pioreactor02,2025-09-21T06:00:23.862Z,507.6,2025-09-21 08:00:23.862,24.967222222222
Yeast Grow 4 Days,pioreactor02,2025-09-21T06:00:46.862Z,498.9,2025-09-21 08:00:46.862,24.973611111111
Yeast Grow 4 Days,pioreactor02,2025-09-21T06:01:09.862Z,474.4,2025-09-21 08:01:09.862,24.98
Yeast Grow 4 Days,pioreactor02,2025-09-21T06:01:32.862Z,496.5,2025-09-21 08:01:32.862,24.986388888889
Yeast Grow 4 Days,pioreactor02,2025-09-21T06:01:55.862Z,502.4,2025-09-21 08:01:55.862,24.992777777778
Yeast Grow 4 Days,pioreactor02,2025-09-21T06:02:18.862Z,493.6,2025-09-21 08:02:18.862,24.999166666667
Yeast Grow 4 Days,pioreactor02,2025-09-21T06:02:41.862Z,512.8,2025-09-21 08:02:41.862,25.005555555556
Yeast Grow 4 Days,pioreactor02,2025-09-21T06:03:04.862Z,497.4,2025-09-21 08:03:04.862,25.011944444444
Yeast Grow 4 Days,pioreactor02,2025-09-21T06:03:27.862Z,503.8,2025-09-21 08:03:27.862,25.018333333333
Yeast Grow 4 Days,pioreactor02,2025-09-21T06:03:50.862Z,502.5,2025-09-21 08:03:50.862,25.024722222222
Yeast Grow 4 Days,pioreactor02,2025-09-21T06:04:13.862Z,503.2,2025-09-21 08:04:13.862,25.031111111111
Yeast Grow 4 Days,pioreactor02,2025-09-21T06:04:36.862Z,493.4,2025-09-21 08:04:36.862,25.0375
Yeast Grow 4 Days,pioreactor02,2025-09-21T06:04:59.862Z,491.9,2025-09-21 08:04:59.862,25.043888888889
Yeast Grow 4 Days,pioreactor02,2025-09-21T06:05:22.862Z,512.1,2025-09-21 08:05:22.862,25.050277777778
Yeast Grow 4 Days,pioreactor02,2025-09-21T06:05:45.862Z,491.7,2025-09-21 08:05:45.862,25.056666666667
Yeast Grow 4 Days,pioreactor02,2025-09-21T06:06:08.862Z,500.6,2025-09-21 08:06:08.862,25.063055555556
Yeast Grow 4 Days,pioreactor02,2025-09-21T06:06:31.862Z,508.8,2025-09-21 08:06:31.862,25.069444444444
Yeast Grow 4 Days,pioreactor02,2025-09-21T06:06:54.862Z,479.1,2025-09-21 08:06:54.862,25.075833333333
Yeast Grow 4 Days,pioreactor02,2025-09-21T06:07:17.862Z,495.1,2025-09-21 08:07:17.862,25.082222222222
Yeast Grow 4 Days,pioreactor02,2025-09-21T06:07:40.862Z,418.0,2025-09-21 08:07:40.862,25.088611111111
Yeast Grow 4 Days,pioreactor02,2025-09-21T06:08:03.862Z,521.1,2025-09-21 08:08:03.862,25.095
Yeast Grow 4 Days,pioreactor02,2025-09-21T06:08:26.862Z,511.3,2025-09-21 08:08:26.862,25.101388888889
Yeast Grow 4 Days,pioreactor02,2025-09-21T06:08:49.862Z,500.0,2025-09-21 08:08:49.862,25.107777777778
Yeast Grow 4 Days,pioreactor02,2025-09-21T06:09:12.862Z,515.0,2025-09-21 08:09:12.862,25.114166666667
Yeast Grow 4 Days,pioreactor02,2025-09-21T06:09:35.862Z,508.6,2025-09-21 08:09:35.862,25.120555555556
Yeast Grow 4 Days,pioreactor02,2025-09-21T06:09:58.862Z,505.1,2025-09-21 08:09:58.862,25.126944444444
Yeast Grow 4 Days,pioreactor02,2025-09-21T06:10:21.862Z,508.4,2025-09-21 08:10:21.862,25.133333333333
Yeast Grow 4 Days,pioreactor02,2025-09-21T06:10:44.862Z,509.4,2025-09-21 08:10:44.862,25.139722222222
Yeast Grow 4 Days,pioreactor02,2025-09-21T06:11:07.862Z,493.1,2025-09-21 08:11:07.862,25.146111111111
Yeast Grow 4 Days,pioreactor02,2025-09-21T06:11:30.862Z,508.0,2025-09-21 08:11:30.862,25.1525
Yeast Grow 4 Days,pioreactor02,2025-09-21T06:11:53.862Z,506.3,2025-09-21 08:11:53.862,25.158888888889
Yeast Grow 4 Days,pioreactor02,2025-09-21T06:12:16.862Z,494.0,2025-09-21 08:12:16.862,25.165277777778
Yeast Grow 4 Days,pioreactor02,2025-09-21T06:12:39.862Z,508.1,2025-09-21 08:12:39.862,25.171666666667
Yeast Grow 4 Days,pioreactor02,2025-09-21T06:13:02.862Z,505.9,2025-09-21 08:13:02.862,25.178055555556
Yeast Grow 4 Days,pioreactor02,2025-09-21T06:13:25.862Z,477.3,2025-09-21 08:13:25.862,25.184444444444
Yeast Grow 4 Days,pioreactor02,2025-09-21T06:13:48.862Z,509.8,2025-09-21 08:13:48.862,25.190833333333
Yeast Grow 4 Days,pioreactor02,2025-09-21T06:14:11.862Z,494.5,2025-09-21 08:14:11.862,25.197222222222
Yeast Grow 4 Days,pioreactor02,2025-09-21T06:14:34.862Z,515.3,2025-09-21 08:14:34.862,25.203611111111
Yeast Grow 4 Days,pioreactor02,2025-09-21T06:14:57.862Z,498.7,2025-09-21 08:14:57.862,25.21
Yeast Grow 4 Days,pioreactor02,2025-09-21T06:15:20.862Z,508.8,2025-09-21 08:15:20.862,25.216388888889
Yeast Grow 4 Days,pioreactor02,2025-09-21T06:15:43.862Z,505.2,2025-09-21 08:15:43.862,25.222777777778
Yeast Grow 4 Days,pioreactor02,2025-09-21T06:16:06.862Z,504.6,2025-09-21 08:16:06.862,25.229166666667
Yeast Grow 4 Days,pioreactor02,2025-09-21T06:16:29.862Z,505.1,2025-09-21 08:16:29.862,25.235555555556
Yeast Grow 4 Days,pioreactor02,2025-09-21T06:16:52.862Z,431.1,2025-09-21 08:16:52.862,25.241944444444
Yeast Grow 4 Days,pioreactor02,2025-09-21T06:17:15.862Z,515.6,2025-09-21 08:17:15.862,25.248333333333
Yeast Grow 4 Days,pioreactor02,2025-09-21T06:17:38.862Z,508.3,2025-09-21 08:17:38.862,25.254722222222
Yeast Grow 4 Days,pioreactor02,2025-09-21T06:18:01.862Z,503.5,2025-09-21 08:18:01.862,25.261111111111
Yeast Grow 4 Days,pioreactor02,2025-09-21T06:18:24.862Z,500.5,2025-09-21 08:18:24.862,25.2675
Yeast Grow 4 Days,pioreactor02,2025-09-21T06:18:47.862Z,509.7,2025-09-21 08:18:47.862,25.273888888889
Yeast Grow 4 Days,pioreactor02,2025-09-21T06:19:10.862Z,459.6,2025-09-21 08:19:10.862,25.280277777778
Yeast Grow 4 Days,pioreactor02,2025-09-21T06:19:33.862Z,521.4,2025-09-21 08:19:33.862,25.286666666667
Yeast Grow 4 Days,pioreactor02,2025-09-21T06:19:56.862Z,519.9,2025-09-21 08:19:56.862,25.293055555556
Yeast Grow 4 Days,pioreactor02,2025-09-21T06:20:19.862Z,510.8,2025-09-21 08:20:19.862,25.299444444444
Yeast Grow 4 Days,pioreactor02,2025-09-21T06:20:42.862Z,496.7,2025-09-21 08:20:42.862,25.305833333333
Yeast Grow 4 Days,pioreactor02,2025-09-21T06:21:05.862Z,483.1,2025-09-21 08:21:05.862,25.312222222222
Yeast Grow 4 Days,pioreactor02,2025-09-21T06:21:28.862Z,512.9,2025-09-21 08:21:28.862,25.318611111111
Yeast Grow 4 Days,pioreactor02,2025-09-21T06:21:51.862Z,490.5,2025-09-21 08:21:51.862,25.325
Yeast Grow 4 Days,pioreactor02,2025-09-21T06:22:14.862Z,512.6,2025-09-21 08:22:14.862,25.331388888889
Yeast Grow 4 Days,pioreactor02,2025-09-21T06:22:37.862Z,500.0,2025-09-21 08:22:37.862,25.337777777778
Yeast Grow 4 Days,pioreactor02,2025-09-21T06:23:00.862Z,497.0,2025-09-21 08:23:00.862,25.344166666667
Yeast Grow 4 Days,pioreactor02,2025-09-21T06:23:23.862Z,519.2,2025-09-21 08:23:23.862,25.350555555556
Yeast Grow 4 Days,pioreactor02,2025-09-21T06:23:46.862Z,494.2,2025-09-21 08:23:46.862,25.356944444444
Yeast Grow 4 Days,pioreactor02,2025-09-21T06:24:09.862Z,496.7,2025-09-21 08:24:09.862,25.363333333333
Yeast Grow 4 Days,pioreactor02,2025-09-21T06:24:32.862Z,498.9,2025-09-21 08:24:32.862,25.369722222222
Yeast Grow 4 Days,pioreactor02,2025-09-21T06:24:55.862Z,494.0,2025-09-21 08:24:55.862,25.376111111111
Yeast Grow 4 Days,pioreactor02,2025-09-21T06:25:18.862Z,481.8,2025-09-21 08:25:18.862,25.3825
Yeast Grow 4 Days,pioreactor02,2025-09-21T06:25:41.862Z,496.9,2025-09-21 08:25:41.862,25.388888888889
Yeast Grow 4 Days,pioreactor02,2025-09-21T06:26:04.862Z,508.5,2025-09-21 08:26:04.862,25.395277777778
Yeast Grow 4 Days,pioreactor02,2025-09-21T06:26:27.862Z,522.4,2025-09-21 08:26:27.862,25.401666666667
Yeast Grow 4 Days,pioreactor02,2025-09-21T06:26:50.862Z,501.4,2025-09-21 08:26:50.862,25.408055555556
Yeast Grow 4 Days,pioreactor02,2025-09-21T06:27:13.862Z,504.5,2025-09-21 08:27:13.862,25.414444444444
Yeast Grow 4 Days,pioreactor02,2025-09-21T06:27:36.862Z,483.4,2025-09-21 08:27:36.862,25.420833333333
Yeast Grow 4 Days,pioreactor02,2025-09-21T06:27:59.862Z,505.2,2025-09-21 08:27:59.862,25.427222222222
Yeast Grow 4 Days,pioreactor02,2025-09-21T06:28:22.862Z,505.7,2025-09-21 08:28:22.862,25.433611111111
Yeast Grow 4 Days,pioreactor02,2025-09-21T06:28:45.862Z,499.3,2025-09-21 08:28:45.862,25.44
Yeast Grow 4 Days,pioreactor02,2025-09-21T06:29:08.862Z,503.3,2025-09-21 08:29:08.862,25.446388888889
Yeast Grow 4 Days,pioreactor02,2025-09-21T06:29:31.862Z,478.7,2025-09-21 08:29:31.862,25.452777777778
Yeast Grow 4 Days,pioreactor02,2025-09-21T06:29:54.862Z,434.0,2025-09-21 08:29:54.862,25.459166666667
Yeast Grow 4 Days,pioreactor02,2025-09-21T06:30:17.862Z,525.5,2025-09-21 08:30:17.862,25.465555555556
Yeast Grow 4 Days,pioreactor02,2025-09-21T06:30:40.862Z,522.7,2025-09-21 08:30:40.862,25.471944444444
Yeast Grow 4 Days,pioreactor02,2025-09-21T06:31:03.862Z,485.1,2025-09-21 08:31:03.862,25.478333333333
Yeast Grow 4 Days,pioreactor02,2025-09-21T06:31:26.862Z,508.6,2025-09-21 08:31:26.862,25.484722222222
Yeast Grow 4 Days,pioreactor02,2025-09-21T06:31:49.862Z,502.3,2025-09-21 08:31:49.862,25.491111111111
Yeast Grow 4 Days,pioreactor02,2025-09-21T06:32:12.862Z,507.7,2025-09-21 08:32:12.862,25.4975
Yeast Grow 4 Days,pioreactor02,2025-09-21T06:32:35.862Z,517.9,2025-09-21 08:32:35.862,25.503888888889
Yeast Grow 4 Days,pioreactor02,2025-09-21T06:32:58.862Z,464.5,2025-09-21 08:32:58.862,25.510277777778
Yeast Grow 4 Days,pioreactor02,2025-09-21T06:33:21.862Z,531.2,2025-09-21 08:33:21.862,25.516666666667
Yeast Grow 4 Days,pioreactor02,2025-09-21T06:33:44.862Z,499.5,2025-09-21 08:33:44.862,25.523055555556
Yeast Grow 4 Days,pioreactor02,2025-09-21T06:34:07.862Z,511.8,2025-09-21 08:34:07.862,25.529444444444
Yeast Grow 4 Days,pioreactor02,2025-09-21T06:34:30.862Z,497.6,2025-09-21 08:34:30.862,25.535833333333
Yeast Grow 4 Days,pioreactor02,2025-09-21T06:34:53.862Z,498.3,2025-09-21 08:34:53.862,25.542222222222
Yeast Grow 4 Days,pioreactor02,2025-09-21T06:35:16.862Z,500.7,2025-09-21 08:35:16.862,25.548611111111
Yeast Grow 4 Days,pioreactor02,2025-09-21T06:35:39.862Z,478.2,2025-09-21 08:35:39.862,25.555
Yeast Grow 4 Days,pioreactor02,2025-09-21T06:36:02.862Z,517.6,2025-09-21 08:36:02.862,25.561388888889
Yeast Grow 4 Days,pioreactor02,2025-09-21T06:36:25.862Z,519.6,2025-09-21 08:36:25.862,25.567777777778
Yeast Grow 4 Days,pioreactor02,2025-09-21T06:36:48.862Z,513.5,2025-09-21 08:36:48.862,25.574166666667
Yeast Grow 4 Days,pioreactor02,2025-09-21T06:37:11.862Z,508.7,2025-09-21 08:37:11.862,25.580555555556
Yeast Grow 4 Days,pioreactor02,2025-09-21T06:37:34.862Z,488.8,2025-09-21 08:37:34.862,25.586944444444
Yeast Grow 4 Days,pioreactor02,2025-09-21T06:37:57.862Z,490.5,2025-09-21 08:37:57.862,25.593333333333
Yeast Grow 4 Days,pioreactor02,2025-09-21T06:38:20.862Z,501.8,2025-09-21 08:38:20.862,25.599722222222
Yeast Grow 4 Days,pioreactor02,2025-09-21T06:38:43.862Z,488.8,2025-09-21 08:38:43.862,25.606111111111
Yeast Grow 4 Days,pioreactor02,2025-09-21T06:39:06.862Z,510.8,2025-09-21 08:39:06.862,25.6125
Yeast Grow 4 Days,pioreactor02,2025-09-21T06:39:29.862Z,505.4,2025-09-21 08:39:29.862,25.618888888889
Yeast Grow 4 Days,pioreactor02,2025-09-21T06:39:52.862Z,499.6,2025-09-21 08:39:52.862,25.625277777778
Yeast Grow 4 Days,pioreactor02,2025-09-21T06:40:15.862Z,504.9,2025-09-21 08:40:15.862,25.631666666667
Yeast Grow 4 Days,pioreactor02,2025-09-21T06:40:38.862Z,507.5,2025-09-21 08:40:38.862,25.638055555556
Yeast Grow 4 Days,pioreactor02,2025-09-21T06:41:01.862Z,491.5,2025-09-21 08:41:01.862,25.644444444444
Yeast Grow 4 Days,pioreactor02,2025-09-21T06:41:24.862Z,508.3,2025-09-21 08:41:24.862,25.650833333333
Yeast Grow 4 Days,pioreactor02,2025-09-21T06:41:47.862Z,502.2,2025-09-21 08:41:47.862,25.657222222222
Yeast Grow 4 Days,pioreactor02,2025-09-21T06:42:10.862Z,478.9,2025-09-21 08:42:10.862,25.663611111111
Yeast Grow 4 Days,pioreactor02,2025-09-21T06:42:33.862Z,504.3,2025-09-21 08:42:33.862,25.67
Yeast Grow 4 Days,pioreactor02,2025-09-21T06:42:56.862Z,500.9,2025-09-21 08:42:56.862,25.676388888889
Yeast Grow 4 Days,pioreactor02,2025-09-21T06:43:19.862Z,516.0,2025-09-21 08:43:19.862,25.682777777778
Yeast Grow 4 Days,pioreactor02,2025-09-21T06:43:42.862Z,500.2,2025-09-21 08:43:42.862,25.689166666667
Yeast Grow 4 Days,pioreactor02,2025-09-21T06:44:05.862Z,505.2,2025-09-21 08:44:05.862,25.695555555556
Yeast Grow 4 Days,pioreactor02,2025-09-21T06:44:28.862Z,490.8,2025-09-21 08:44:28.862,25.701944444444
Yeast Grow 4 Days,pioreactor02,2025-09-21T06:44:51.862Z,422.5,2025-09-21 08:44:51.862,25.708333333333
Yeast Grow 4 Days,pioreactor02,2025-09-21T06:45:14.862Z,468.4,2025-09-21 08:45:14.862,25.714722222222
Yeast Grow 4 Days,pioreactor02,2025-09-21T06:45:37.862Z,523.5,2025-09-21 08:45:37.862,25.721111111111
Yeast Grow 4 Days,pioreactor02,2025-09-21T06:46:00.862Z,502.9,2025-09-21 08:46:00.862,25.7275
Yeast Grow 4 Days,pioreactor02,2025-09-21T06:46:23.862Z,526.8,2025-09-21 08:46:23.862,25.733888888889
Yeast Grow 4 Days,pioreactor02,2025-09-21T06:46:46.862Z,525.2,2025-09-21 08:46:46.862,25.740277777778
Yeast Grow 4 Days,pioreactor02,2025-09-21T06:47:09.862Z,514.4,2025-09-21 08:47:09.862,25.746666666667
Yeast Grow 4 Days,pioreactor02,2025-09-21T06:47:32.862Z,501.6,2025-09-21 08:47:32.862,25.753055555556
Yeast Grow 4 Days,pioreactor02,2025-09-21T06:47:55.862Z,487.4,2025-09-21 08:47:55.862,25.759444444444
Yeast Grow 4 Days,pioreactor02,2025-09-21T06:48:18.862Z,504.8,2025-09-21 08:48:18.862,25.765833333333
Yeast Grow 4 Days,pioreactor02,2025-09-21T06:48:41.862Z,507.2,2025-09-21 08:48:41.862,25.772222222222
Yeast Grow 4 Days,pioreactor02,2025-09-21T06:49:04.862Z,500.9,2025-09-21 08:49:04.862,25.778611111111
Yeast Grow 4 Days,pioreactor02,2025-09-21T06:49:27.862Z,507.2,2025-09-21 08:49:27.862,25.785
Yeast Grow 4 Days,pioreactor02,2025-09-21T06:49:50.862Z,478.1,2025-09-21 08:49:50.862,25.791388888889
Yeast Grow 4 Days,pioreactor02,2025-09-21T06:50:13.862Z,504.6,2025-09-21 08:50:13.862,25.797777777778
Yeast Grow 4 Days,pioreactor02,2025-09-21T06:50:36.862Z,497.4,2025-09-21 08:50:36.862,25.804166666667
Yeast Grow 4 Days,pioreactor02,2025-09-21T06:50:59.862Z,500.4,2025-09-21 08:50:59.862,25.810555555556
Yeast Grow 4 Days,pioreactor02,2025-09-21T06:51:22.862Z,495.3,2025-09-21 08:51:22.862,25.816944444444
Yeast Grow 4 Days,pioreactor02,2025-09-21T06:51:45.862Z,509.3,2025-09-21 08:51:45.862,25.823333333333
Yeast Grow 4 Days,pioreactor02,2025-09-21T06:52:08.862Z,496.2,2025-09-21 08:52:08.862,25.829722222222
Yeast Grow 4 Days,pioreactor02,2025-09-21T06:52:31.862Z,512.5,2025-09-21 08:52:31.862,25.836111111111
Yeast Grow 4 Days,pioreactor02,2025-09-21T06:52:54.862Z,493.9,2025-09-21 08:52:54.862,25.8425
Yeast Grow 4 Days,pioreactor02,2025-09-21T06:53:17.862Z,508.0,2025-09-21 08:53:17.862,25.848888888889
Yeast Grow 4 Days,pioreactor02,2025-09-21T06:53:40.862Z,504.4,2025-09-21 08:53:40.862,25.855277777778
Yeast Grow 4 Days,pioreactor02,2025-09-21T06:54:03.862Z,505.5,2025-09-21 08:54:03.862,25.861666666667
Yeast Grow 4 Days,pioreactor02,2025-09-21T06:54:26.862Z,481.7,2025-09-21 08:54:26.862,25.868055555556
Yeast Grow 4 Days,pioreactor02,2025-09-21T06:54:49.862Z,497.3,2025-09-21 08:54:49.862,25.874444444444
Yeast Grow 4 Days,pioreactor02,2025-09-21T06:55:12.862Z,505.1,2025-09-21 08:55:12.862,25.880833333333
Yeast Grow 4 Days,pioreactor02,2025-09-21T06:55:35.862Z,499.4,2025-09-21 08:55:35.862,25.887222222222
Yeast Grow 4 Days,pioreactor02,2025-09-21T06:55:58.862Z,511.4,2025-09-21 08:55:58.862,25.893611111111
Yeast Grow 4 Days,pioreactor02,2025-09-21T06:56:21.862Z,499.9,2025-09-21 08:56:21.862,25.9
Yeast Grow 4 Days,pioreactor02,2025-09-21T06:56:44.862Z,508.8,2025-09-21 08:56:44.862,25.906388888889
Yeast Grow 4 Days,pioreactor02,2025-09-21T06:57:07.862Z,487.9,2025-09-21 08:57:07.862,25.912777777778
Yeast Grow 4 Days,pioreactor02,2025-09-21T06:57:30.862Z,489.9,2025-09-21 08:57:30.862,25.919166666667
Yeast Grow 4 Days,pioreactor02,2025-09-21T06:57:53.862Z,421.9,2025-09-21 08:57:53.862,25.925555555556
Yeast Grow 4 Days,pioreactor02,2025-09-21T06:58:16.862Z,516.2,2025-09-21 08:58:16.862,25.931944444444
Yeast Grow 4 Days,pioreactor02,2025-09-21T06:58:39.862Z,517.2,2025-09-21 08:58:39.862,25.938333333333
Yeast Grow 4 Days,pioreactor02,2025-09-21T06:59:02.862Z,516.5,2025-09-21 08:59:02.862,25.944722222222
Yeast Grow 4 Days,pioreactor02,2025-09-21T06:59:25.862Z,521.2,2025-09-21 08:59:25.862,25.951111111111
Yeast Grow 4 Days,pioreactor02,2025-09-21T06:59:48.862Z,439.0,2025-09-21 08:59:48.862,25.9575
Yeast Grow 4 Days,pioreactor02,2025-09-21T07:00:11.862Z,523.9,2025-09-21 09:00:11.862,25.963888888889
Yeast Grow 4 Days,pioreactor02,2025-09-21T07:00:34.862Z,519.8,2025-09-21 09:00:34.862,25.970277777778
Yeast Grow 4 Days,pioreactor02,2025-09-21T07:00:57.862Z,509.4,2025-09-21 09:00:57.862,25.976666666667
Yeast Grow 4 Days,pioreactor02,2025-09-21T07:01:20.862Z,507.3,2025-09-21 09:01:20.862,25.983055555556
Yeast Grow 4 Days,pioreactor02,2025-09-21T07:01:43.862Z,505.5,2025-09-21 09:01:43.862,25.989444444444
Yeast Grow 4 Days,pioreactor02,2025-09-21T07:02:06.862Z,500.2,2025-09-21 09:02:06.862,25.995833333333
Yeast Grow 4 Days,pioreactor02,2025-09-21T07:02:29.862Z,428.9,2025-09-21 09:02:29.862,26.002222222222
Yeast Grow 4 Days,pioreactor02,2025-09-21T07:02:52.862Z,525.9,2025-09-21 09:02:52.862,26.008611111111
Yeast Grow 4 Days,pioreactor02,2025-09-21T07:03:15.862Z,524.7,2025-09-21 09:03:15.862,26.015
Yeast Grow 4 Days,pioreactor02,2025-09-21T07:03:38.862Z,508.7,2025-09-21 09:03:38.862,26.021388888889
Yeast Grow 4 Days,pioreactor02,2025-09-21T07:04:01.862Z,501.2,2025-09-21 09:04:01.862,26.027777777778
Yeast Grow 4 Days,pioreactor02,2025-09-21T07:04:24.862Z,507.4,2025-09-21 09:04:24.862,26.034166666667
Yeast Grow 4 Days,pioreactor02,2025-09-21T07:04:47.862Z,498.6,2025-09-21 09:04:47.862,26.040555555556
Yeast Grow 4 Days,pioreactor02,2025-09-21T07:05:10.862Z,490.6,2025-09-21 09:05:10.862,26.046944444444
Yeast Grow 4 Days,pioreactor02,2025-09-21T07:05:33.862Z,507.0,2025-09-21 09:05:33.862,26.053333333333
Yeast Grow 4 Days,pioreactor02,2025-09-21T07:05:56.862Z,497.8,2025-09-21 09:05:56.862,26.059722222222
Yeast Grow 4 Days,pioreactor02,2025-09-21T07:06:19.862Z,505.8,2025-09-21 09:06:19.862,26.066111111111
Yeast Grow 4 Days,pioreactor02,2025-09-21T07:06:42.862Z,515.0,2025-09-21 09:06:42.862,26.0725
Yeast Grow 4 Days,pioreactor02,2025-09-21T07:07:05.862Z,504.3,2025-09-21 09:07:05.862,26.078888888889
Yeast Grow 4 Days,pioreactor02,2025-09-21T07:07:28.862Z,418.9,2025-09-21 09:07:28.862,26.085277777778
Yeast Grow 4 Days,pioreactor02,2025-09-21T07:07:51.862Z,509.8,2025-09-21 09:07:51.862,26.091666666667
Yeast Grow 4 Days,pioreactor02,2025-09-21T07:08:14.862Z,512.9,2025-09-21 09:08:14.862,26.098055555556
Yeast Grow 4 Days,pioreactor02,2025-09-21T07:08:37.862Z,500.2,2025-09-21 09:08:37.862,26.104444444444
Yeast Grow 4 Days,pioreactor02,2025-09-21T07:09:00.862Z,496.9,2025-09-21 09:09:00.862,26.110833333333
Yeast Grow 4 Days,pioreactor02,2025-09-21T07:09:23.862Z,518.8,2025-09-21 09:09:23.862,26.117222222222
Yeast Grow 4 Days,pioreactor02,2025-09-21T07:09:46.862Z,505.6,2025-09-21 09:09:46.862,26.123611111111
Yeast Grow 4 Days,pioreactor02,2025-09-21T07:10:09.862Z,497.0,2025-09-21 09:10:09.862,26.13
Yeast Grow 4 Days,pioreactor02,2025-09-21T07:10:32.862Z,518.8,2025-09-21 09:10:32.862,26.136388888889
Yeast Grow 4 Days,pioreactor02,2025-09-21T07:10:55.862Z,507.7,2025-09-21 09:10:55.862,26.142777777778
Yeast Grow 4 Days,pioreactor02,2025-09-21T07:11:18.862Z,499.6,2025-09-21 09:11:18.862,26.149166666667
Yeast Grow 4 Days,pioreactor02,2025-09-21T07:11:41.862Z,498.0,2025-09-21 09:11:41.862,26.155555555556
Yeast Grow 4 Days,pioreactor02,2025-09-21T07:12:04.862Z,500.3,2025-09-21 09:12:04.862,26.161944444444
Yeast Grow 4 Days,pioreactor02,2025-09-21T07:12:27.862Z,510.8,2025-09-21 09:12:27.862,26.168333333333
Yeast Grow 4 Days,pioreactor02,2025-09-21T07:12:50.862Z,506.6,2025-09-21 09:12:50.862,26.174722222222
Yeast Grow 4 Days,pioreactor02,2025-09-21T07:13:13.862Z,508.5,2025-09-21 09:13:13.862,26.181111111111
Yeast Grow 4 Days,pioreactor02,2025-09-21T07:13:36.862Z,470.9,2025-09-21 09:13:36.862,26.1875
Yeast Grow 4 Days,pioreactor02,2025-09-21T07:13:59.862Z,484.9,2025-09-21 09:13:59.862,26.193888888889
Yeast Grow 4 Days,pioreactor02,2025-09-21T07:14:22.862Z,487.6,2025-09-21 09:14:22.862,26.200277777778
Yeast Grow 4 Days,pioreactor02,2025-09-21T07:14:45.862Z,493.0,2025-09-21 09:14:45.862,26.206666666667
Yeast Grow 4 Days,pioreactor02,2025-09-21T07:15:08.862Z,500.6,2025-09-21 09:15:08.862,26.213055555556
Yeast Grow 4 Days,pioreactor02,2025-09-21T07:15:31.862Z,500.7,2025-09-21 09:15:31.862,26.219444444444
Yeast Grow 4 Days,pioreactor02,2025-09-21T07:15:54.862Z,519.3,2025-09-21 09:15:54.862,26.225833333333
Yeast Grow 4 Days,pioreactor02,2025-09-21T07:16:17.862Z,504.4,2025-09-21 09:16:17.862,26.232222222222
Yeast Grow 4 Days,pioreactor02,2025-09-21T07:16:40.862Z,524.0,2025-09-21 09:16:40.862,26.238611111111
Yeast Grow 4 Days,pioreactor02,2025-09-21T07:17:03.862Z,507.4,2025-09-21 09:17:03.862,26.245
Yeast Grow 4 Days,pioreactor02,2025-09-21T07:17:26.862Z,429.6,2025-09-21 09:17:26.862,26.251388888889
Yeast Grow 4 Days,pioreactor02,2025-09-21T07:17:49.862Z,489.8,2025-09-21 09:17:49.862,26.257777777778
Yeast Grow 4 Days,pioreactor02,2025-09-21T07:18:12.862Z,512.0,2025-09-21 09:18:12.862,26.264166666667
Yeast Grow 4 Days,pioreactor02,2025-09-21T07:18:35.862Z,508.4,2025-09-21 09:18:35.862,26.270555555556
Yeast Grow 4 Days,pioreactor02,2025-09-21T07:18:58.862Z,495.1,2025-09-21 09:18:58.862,26.276944444444
Yeast Grow 4 Days,pioreactor02,2025-09-21T07:19:21.862Z,508.6,2025-09-21 09:19:21.862,26.283333333333
Yeast Grow 4 Days,pioreactor02,2025-09-21T07:19:44.862Z,497.0,2025-09-21 09:19:44.862,26.289722222222
Yeast Grow 4 Days,pioreactor02,2025-09-21T07:20:07.862Z,517.2,2025-09-21 09:20:07.862,26.296111111111
Yeast Grow 4 Days,pioreactor02,2025-09-21T07:20:30.862Z,519.3,2025-09-21 09:20:30.862,26.3025
Yeast Grow 4 Days,pioreactor02,2025-09-21T07:20:53.862Z,507.9,2025-09-21 09:20:53.862,26.308888888889
Yeast Grow 4 Days,pioreactor02,2025-09-21T07:21:16.862Z,505.5,2025-09-21 09:21:16.862,26.315277777778
Yeast Grow 4 Days,pioreactor02,2025-09-21T07:21:39.862Z,503.3,2025-09-21 09:21:39.862,26.321666666667
Yeast Grow 4 Days,pioreactor02,2025-09-21T07:22:02.862Z,499.8,2025-09-21 09:22:02.862,26.328055555556
Yeast Grow 4 Days,pioreactor02,2025-09-21T07:22:25.862Z,499.5,2025-09-21 09:22:25.862,26.334444444444
Yeast Grow 4 Days,pioreactor02,2025-09-21T07:22:48.862Z,509.5,2025-09-21 09:22:48.862,26.340833333333
Yeast Grow 4 Days,pioreactor02,2025-09-21T07:23:11.862Z,503.6,2025-09-21 09:23:11.862,26.347222222222
Yeast Grow 4 Days,pioreactor02,2025-09-21T07:23:34.862Z,492.8,2025-09-21 09:23:34.862,26.353611111111
Yeast Grow 4 Days,pioreactor02,2025-09-21T07:23:57.862Z,500.0,2025-09-21 09:23:57.862,26.36
Yeast Grow 4 Days,pioreactor02,2025-09-21T07:24:20.862Z,492.2,2025-09-21 09:24:20.862,26.366388888889
Yeast Grow 4 Days,pioreactor02,2025-09-21T07:24:43.862Z,425.0,2025-09-21 09:24:43.862,26.372777777778
Yeast Grow 4 Days,pioreactor02,2025-09-21T07:25:06.862Z,508.5,2025-09-21 09:25:06.862,26.379166666667
Yeast Grow 4 Days,pioreactor02,2025-09-21T07:25:29.862Z,508.9,2025-09-21 09:25:29.862,26.385555555556
Yeast Grow 4 Days,pioreactor02,2025-09-21T07:25:52.862Z,522.7,2025-09-21 09:25:52.862,26.391944444444
Yeast Grow 4 Days,pioreactor02,2025-09-21T07:26:15.862Z,521.7,2025-09-21 09:26:15.862,26.398333333333
Yeast Grow 4 Days,pioreactor02,2025-09-21T07:26:38.862Z,497.9,2025-09-21 09:26:38.862,26.404722222222
Yeast Grow 4 Days,pioreactor02,2025-09-21T07:27:01.862Z,511.6,2025-09-21 09:27:01.862,26.411111111111
Yeast Grow 4 Days,pioreactor02,2025-09-21T07:27:24.862Z,516.6,2025-09-21 09:27:24.862,26.4175
Yeast Grow 4 Days,pioreactor02,2025-09-21T07:27:47.862Z,483.4,2025-09-21 09:27:47.862,26.423888888889
Yeast Grow 4 Days,pioreactor02,2025-09-21T07:28:10.862Z,486.3,2025-09-21 09:28:10.862,26.430277777778
Yeast Grow 4 Days,pioreactor02,2025-09-21T07:28:33.862Z,489.6,2025-09-21 09:28:33.862,26.436666666667
Yeast Grow 4 Days,pioreactor02,2025-09-21T07:28:56.862Z,496.0,2025-09-21 09:28:56.862,26.443055555556
Yeast Grow 4 Days,pioreactor02,2025-09-21T07:29:19.862Z,511.9,2025-09-21 09:29:19.862,26.449444444444
Yeast Grow 4 Days,pioreactor02,2025-09-21T07:29:42.862Z,506.6,2025-09-21 09:29:42.862,26.455833333333
Yeast Grow 4 Days,pioreactor02,2025-09-21T07:30:05.862Z,509.1,2025-09-21 09:30:05.862,26.462222222222
Yeast Grow 4 Days,pioreactor02,2025-09-21T07:30:28.862Z,506.1,2025-09-21 09:30:28.862,26.468611111111
Yeast Grow 4 Days,pioreactor02,2025-09-21T07:30:51.862Z,420.9,2025-09-21 09:30:51.862,26.475
Yeast Grow 4 Days,pioreactor02,2025-09-21T07:31:14.862Z,517.5,2025-09-21 09:31:14.862,26.481388888889
Yeast Grow 4 Days,pioreactor02,2025-09-21T07:31:37.862Z,510.8,2025-09-21 09:31:37.862,26.487777777778
Yeast Grow 4 Days,pioreactor02,2025-09-21T07:32:00.862Z,517.2,2025-09-21 09:32:00.862,26.494166666667
Yeast Grow 4 Days,pioreactor02,2025-09-21T07:32:23.862Z,504.7,2025-09-21 09:32:23.862,26.500555555556
Yeast Grow 4 Days,pioreactor02,2025-09-21T07:32:46.862Z,523.1,2025-09-21 09:32:46.862,26.506944444444
Yeast Grow 4 Days,pioreactor02,2025-09-21T07:33:09.862Z,501.9,2025-09-21 09:33:09.862,26.513333333333
Yeast Grow 4 Days,pioreactor02,2025-09-21T07:33:32.862Z,511.8,2025-09-21 09:33:32.862,26.519722222222
Yeast Grow 4 Days,pioreactor02,2025-09-21T07:33:55.862Z,497.7,2025-09-21 09:33:55.862,26.526111111111
Yeast Grow 4 Days,pioreactor02,2025-09-21T07:34:18.862Z,492.1,2025-09-21 09:34:18.862,26.5325
Yeast Grow 4 Days,pioreactor02,2025-09-21T07:34:41.862Z,497.3,2025-09-21 09:34:41.862,26.538888888889
Yeast Grow 4 Days,pioreactor02,2025-09-21T07:35:04.862Z,492.7,2025-09-21 09:35:04.862,26.545277777778
Yeast Grow 4 Days,pioreactor02,2025-09-21T07:35:27.862Z,479.9,2025-09-21 09:35:27.862,26.551666666667
Yeast Grow 4 Days,pioreactor02,2025-09-21T07:35:50.862Z,511.4,2025-09-21 09:35:50.862,26.558055555556
Yeast Grow 4 Days,pioreactor02,2025-09-21T07:36:13.862Z,508.6,2025-09-21 09:36:13.862,26.564444444444
Yeast Grow 4 Days,pioreactor02,2025-09-21T07:36:36.862Z,502.0,2025-09-21 09:36:36.862,26.570833333333
Yeast Grow 4 Days,pioreactor02,2025-09-21T07:36:59.862Z,518.3,2025-09-21 09:36:59.862,26.577222222222
Yeast Grow 4 Days,pioreactor02,2025-09-21T07:37:22.862Z,497.4,2025-09-21 09:37:22.862,26.583611111111
Yeast Grow 4 Days,pioreactor02,2025-09-21T07:37:45.862Z,492.3,2025-09-21 09:37:45.862,26.59
Yeast Grow 4 Days,pioreactor02,2025-09-21T07:38:08.862Z,502.7,2025-09-21 09:38:08.862,26.596388888889
Yeast Grow 4 Days,pioreactor02,2025-09-21T07:38:31.862Z,495.6,2025-09-21 09:38:31.862,26.602777777778
Yeast Grow 4 Days,pioreactor02,2025-09-21T07:38:54.862Z,487.7,2025-09-21 09:38:54.862,26.609166666667
Yeast Grow 4 Days,pioreactor02,2025-09-21T07:39:17.862Z,510.3,2025-09-21 09:39:17.862,26.615555555556
Yeast Grow 4 Days,pioreactor02,2025-09-21T07:39:40.862Z,504.0,2025-09-21 09:39:40.862,26.621944444444
Yeast Grow 4 Days,pioreactor02,2025-09-21T07:40:03.862Z,509.9,2025-09-21 09:40:03.862,26.628333333333
Yeast Grow 4 Days,pioreactor02,2025-09-21T07:40:26.862Z,490.5,2025-09-21 09:40:26.862,26.634722222222
Yeast Grow 4 Days,pioreactor02,2025-09-21T07:40:49.862Z,507.9,2025-09-21 09:40:49.862,26.641111111111
Yeast Grow 4 Days,pioreactor02,2025-09-21T07:41:12.862Z,489.4,2025-09-21 09:41:12.862,26.6475
Yeast Grow 4 Days,pioreactor02,2025-09-21T07:41:35.862Z,498.7,2025-09-21 09:41:35.862,26.653888888889
Yeast Grow 4 Days,pioreactor02,2025-09-21T07:41:58.862Z,496.3,2025-09-21 09:41:58.862,26.660277777778
Yeast Grow 4 Days,pioreactor02,2025-09-21T07:42:21.862Z,503.7,2025-09-21 09:42:21.862,26.666666666667
Yeast Grow 4 Days,pioreactor02,2025-09-21T07:42:44.862Z,510.7,2025-09-21 09:42:44.862,26.673055555556
Yeast Grow 4 Days,pioreactor02,2025-09-21T07:43:07.862Z,510.7,2025-09-21 09:43:07.862,26.679444444444
Yeast Grow 4 Days,pioreactor02,2025-09-21T07:43:30.862Z,500.1,2025-09-21 09:43:30.862,26.685833333333
Yeast Grow 4 Days,pioreactor02,2025-09-21T07:43:53.862Z,487.1,2025-09-21 09:43:53.862,26.692222222222
Yeast Grow 4 Days,pioreactor02,2025-09-21T07:44:16.862Z,499.9,2025-09-21 09:44:16.862,26.698611111111
Yeast Grow 4 Days,pioreactor02,2025-09-21T07:44:39.862Z,495.1,2025-09-21 09:44:39.862,26.705
Yeast Grow 4 Days,pioreactor02,2025-09-21T07:45:02.862Z,422.0,2025-09-21 09:45:02.862,26.711388888889
Yeast Grow 4 Days,pioreactor02,2025-09-21T07:45:25.862Z,439.8,2025-09-21 09:45:25.862,26.717777777778
Yeast Grow 4 Days,pioreactor02,2025-09-21T07:45:48.862Z,528.7,2025-09-21 09:45:48.862,26.724166666667
Yeast Grow 4 Days,pioreactor02,2025-09-21T07:46:11.862Z,531.1,2025-09-21 09:46:11.862,26.730555555556
Yeast Grow 4 Days,pioreactor02,2025-09-21T07:46:34.862Z,516.6,2025-09-21 09:46:34.862,26.736944444444
Yeast Grow 4 Days,pioreactor02,2025-09-21T07:46:57.862Z,503.6,2025-09-21 09:46:57.862,26.743333333333
Yeast Grow 4 Days,pioreactor02,2025-09-21T07:47:20.862Z,521.4,2025-09-21 09:47:20.862,26.749722222222
Yeast Grow 4 Days,pioreactor02,2025-09-21T07:47:43.862Z,495.8,2025-09-21 09:47:43.862,26.756111111111
Yeast Grow 4 Days,pioreactor02,2025-09-21T07:48:06.862Z,511.8,2025-09-21 09:48:06.862,26.7625
Yeast Grow 4 Days,pioreactor02,2025-09-21T07:48:29.862Z,503.3,2025-09-21 09:48:29.862,26.768888888889
Yeast Grow 4 Days,pioreactor02,2025-09-21T07:48:52.862Z,485.9,2025-09-21 09:48:52.862,26.775277777778
Yeast Grow 4 Days,pioreactor02,2025-09-21T07:49:15.862Z,519.7,2025-09-21 09:49:15.862,26.781666666667
Yeast Grow 4 Days,pioreactor02,2025-09-21T07:49:38.862Z,491.0,2025-09-21 09:49:38.862,26.788055555556
Yeast Grow 4 Days,pioreactor02,2025-09-21T07:50:01.862Z,486.1,2025-09-21 09:50:01.862,26.794444444444
Yeast Grow 4 Days,pioreactor02,2025-09-21T07:50:24.862Z,517.2,2025-09-21 09:50:24.862,26.800833333333
Yeast Grow 4 Days,pioreactor02,2025-09-21T07:50:47.862Z,510.4,2025-09-21 09:50:47.862,26.807222222222
Yeast Grow 4 Days,pioreactor02,2025-09-21T07:51:10.862Z,485.9,2025-09-21 09:51:10.862,26.813611111111
Yeast Grow 4 Days,pioreactor02,2025-09-21T07:51:33.862Z,502.4,2025-09-21 09:51:33.862,26.82
Yeast Grow 4 Days,pioreactor02,2025-09-21T07:51:56.862Z,501.2,2025-09-21 09:51:56.862,26.826388888889
Yeast Grow 4 Days,pioreactor02,2025-09-21T07:52:19.862Z,495.8,2025-09-21 09:52:19.862,26.832777777778
Yeast Grow 4 Days,pioreactor02,2025-09-21T07:52:42.862Z,509.8,2025-09-21 09:52:42.862,26.839166666667
Yeast Grow 4 Days,pioreactor02,2025-09-21T07:53:05.862Z,504.8,2025-09-21 09:53:05.862,26.845555555556
Yeast Grow 4 Days,pioreactor02,2025-09-21T07:53:28.862Z,508.6,2025-09-21 09:53:28.862,26.851944444444
Yeast Grow 4 Days,pioreactor02,2025-09-21T07:53:51.862Z,496.1,2025-09-21 09:53:51.862,26.858333333333
Yeast Grow 4 Days,pioreactor02,2025-09-21T07:54:14.862Z,515.0,2025-09-21 09:54:14.862,26.864722222222
Yeast Grow 4 Days,pioreactor02,2025-09-21T07:54:37.862Z,501.8,2025-09-21 09:54:37.862,26.871111111111
Yeast Grow 4 Days,pioreactor02,2025-09-21T07:55:00.862Z,497.1,2025-09-21 09:55:00.862,26.8775
Yeast Grow 4 Days,pioreactor02,2025-09-21T07:55:23.862Z,483.4,2025-09-21 09:55:23.862,26.883888888889
Yeast Grow 4 Days,pioreactor02,2025-09-21T07:55:46.862Z,504.4,2025-09-21 09:55:46.862,26.890277777778
Yeast Grow 4 Days,pioreactor02,2025-09-21T07:56:09.862Z,505.3,2025-09-21 09:56:09.862,26.896666666667
Yeast Grow 4 Days,pioreactor02,2025-09-21T07:56:32.862Z,488.3,2025-09-21 09:56:32.862,26.903055555556
Yeast Grow 4 Days,pioreactor02,2025-09-21T07:56:55.862Z,505.8,2025-09-21 09:56:55.862,26.909444444444
Yeast Grow 4 Days,pioreactor02,2025-09-21T07:57:18.862Z,509.9,2025-09-21 09:57:18.862,26.915833333333
Yeast Grow 4 Days,pioreactor02,2025-09-21T07:57:41.862Z,501.1,2025-09-21 09:57:41.862,26.922222222222
Yeast Grow 4 Days,pioreactor02,2025-09-21T07:58:04.862Z,503.0,2025-09-21 09:58:04.862,26.928611111111
Yeast Grow 4 Days,pioreactor02,2025-09-21T07:58:27.862Z,493.0,2025-09-21 09:58:27.862,26.935
Yeast Grow 4 Days,pioreactor02,2025-09-21T07:58:50.862Z,501.1,2025-09-21 09:58:50.862,26.941388888889
Yeast Grow 4 Days,pioreactor02,2025-09-21T07:59:13.862Z,499.0,2025-09-21 09:59:13.862,26.947777777778
Yeast Grow 4 Days,pioreactor02,2025-09-21T07:59:36.862Z,515.1,2025-09-21 09:59:36.862,26.954166666667
Yeast Grow 4 Days,pioreactor02,2025-09-21T07:59:59.862Z,507.3,2025-09-21 09:59:59.862,26.960555555556
Yeast Grow 4 Days,pioreactor02,2025-09-21T08:00:22.862Z,500.2,2025-09-21 10:00:22.862,26.966944444444
Yeast Grow 4 Days,pioreactor02,2025-09-21T08:00:45.862Z,494.1,2025-09-21 10:00:45.862,26.973333333333
Yeast Grow 4 Days,pioreactor02,2025-09-21T08:01:08.862Z,482.7,2025-09-21 10:01:08.862,26.979722222222
Yeast Grow 4 Days,pioreactor02,2025-09-21T08:01:31.862Z,503.1,2025-09-21 10:01:31.862,26.986111111111
Yeast Grow 4 Days,pioreactor02,2025-09-21T08:01:54.862Z,496.3,2025-09-21 10:01:54.862,26.9925
Yeast Grow 4 Days,pioreactor02,2025-09-21T08:02:17.862Z,499.6,2025-09-21 10:02:17.862,26.998888888889
Yeast Grow 4 Days,pioreactor02,2025-09-21T08:02:40.862Z,517.8,2025-09-21 10:02:40.862,27.005277777778
Yeast Grow 4 Days,pioreactor02,2025-09-21T08:03:03.862Z,506.4,2025-09-21 10:03:03.862,27.011666666667
Yeast Grow 4 Days,pioreactor02,2025-09-21T08:03:26.862Z,498.5,2025-09-21 10:03:26.862,27.018055555556
Yeast Grow 4 Days,pioreactor02,2025-09-21T08:03:49.862Z,491.5,2025-09-21 10:03:49.862,27.024444444444
Yeast Grow 4 Days,pioreactor02,2025-09-21T08:04:12.862Z,503.1,2025-09-21 10:04:12.862,27.030833333333
Yeast Grow 4 Days,pioreactor02,2025-09-21T08:04:35.862Z,497.5,2025-09-21 10:04:35.862,27.037222222222
Yeast Grow 4 Days,pioreactor02,2025-09-21T08:04:58.862Z,480.3,2025-09-21 10:04:58.862,27.043611111111
Yeast Grow 4 Days,pioreactor02,2025-09-21T08:05:21.862Z,487.1,2025-09-21 10:05:21.862,27.05
Yeast Grow 4 Days,pioreactor02,2025-09-21T08:05:44.862Z,506.3,2025-09-21 10:05:44.862,27.056388888889
Yeast Grow 4 Days,pioreactor02,2025-09-21T08:06:07.862Z,489.6,2025-09-21 10:06:07.862,27.062777777778
Yeast Grow 4 Days,pioreactor02,2025-09-21T08:06:30.862Z,507.6,2025-09-21 10:06:30.862,27.069166666667
Yeast Grow 4 Days,pioreactor02,2025-09-21T08:06:53.862Z,511.7,2025-09-21 10:06:53.862,27.075555555556
Yeast Grow 4 Days,pioreactor02,2025-09-21T08:07:16.862Z,511.4,2025-09-21 10:07:16.862,27.081944444444
Yeast Grow 4 Days,pioreactor02,2025-09-21T08:07:39.862Z,500.0,2025-09-21 10:07:39.862,27.088333333333
Yeast Grow 4 Days,pioreactor02,2025-09-21T08:08:02.862Z,490.4,2025-09-21 10:08:02.862,27.094722222222
Yeast Grow 4 Days,pioreactor02,2025-09-21T08:08:25.862Z,492.1,2025-09-21 10:08:25.862,27.101111111111
Yeast Grow 4 Days,pioreactor02,2025-09-21T08:08:48.862Z,497.4,2025-09-21 10:08:48.862,27.1075
Yeast Grow 4 Days,pioreactor02,2025-09-21T08:09:11.862Z,508.8,2025-09-21 10:09:11.862,27.113888888889
Yeast Grow 4 Days,pioreactor02,2025-09-21T08:09:34.862Z,513.2,2025-09-21 10:09:34.862,27.120277777778
Yeast Grow 4 Days,pioreactor02,2025-09-21T08:09:57.862Z,483.6,2025-09-21 10:09:57.862,27.126666666667
Yeast Grow 4 Days,pioreactor02,2025-09-21T08:10:20.862Z,513.0,2025-09-21 10:10:20.862,27.133055555556
Yeast Grow 4 Days,pioreactor02,2025-09-21T08:10:43.862Z,499.2,2025-09-21 10:10:43.862,27.139444444444
Yeast Grow 4 Days,pioreactor02,2025-09-21T08:11:06.862Z,475.9,2025-09-21 10:11:06.862,27.145833333333
Yeast Grow 4 Days,pioreactor02,2025-09-21T08:11:29.862Z,497.6,2025-09-21 10:11:29.862,27.152222222222
Yeast Grow 4 Days,pioreactor02,2025-09-21T08:11:52.862Z,508.0,2025-09-21 10:11:52.862,27.158611111111
Yeast Grow 4 Days,pioreactor02,2025-09-21T08:12:15.862Z,499.2,2025-09-21 10:12:15.862,27.165
Yeast Grow 4 Days,pioreactor02,2025-09-21T08:12:38.862Z,511.0,2025-09-21 10:12:38.862,27.171388888889
Yeast Grow 4 Days,pioreactor02,2025-09-21T08:13:01.862Z,499.6,2025-09-21 10:13:01.862,27.177777777778
Yeast Grow 4 Days,pioreactor02,2025-09-21T08:13:24.862Z,503.8,2025-09-21 10:13:24.862,27.184166666667
Yeast Grow 4 Days,pioreactor02,2025-09-21T08:13:47.862Z,512.5,2025-09-21 10:13:47.862,27.190555555556
Yeast Grow 4 Days,pioreactor02,2025-09-21T08:14:10.862Z,502.5,2025-09-21 10:14:10.862,27.196944444444
Yeast Grow 4 Days,pioreactor02,2025-09-21T08:14:33.862Z,493.1,2025-09-21 10:14:33.862,27.203333333333
Yeast Grow 4 Days,pioreactor02,2025-09-21T08:14:56.862Z,485.1,2025-09-21 10:14:56.862,27.209722222222
Yeast Grow 4 Days,pioreactor02,2025-09-21T08:15:19.862Z,498.6,2025-09-21 10:15:19.862,27.216111111111
Yeast Grow 4 Days,pioreactor02,2025-09-21T08:15:42.862Z,502.0,2025-09-21 10:15:42.862,27.2225
Yeast Grow 4 Days,pioreactor02,2025-09-21T08:16:05.862Z,516.3,2025-09-21 10:16:05.862,27.228888888889
Yeast Grow 4 Days,pioreactor02,2025-09-21T08:16:28.862Z,502.4,2025-09-21 10:16:28.862,27.235277777778
Yeast Grow 4 Days,pioreactor02,2025-09-21T08:16:51.862Z,499.1,2025-09-21 10:16:51.862,27.241666666667
Yeast Grow 4 Days,pioreactor02,2025-09-21T08:17:14.862Z,516.1,2025-09-21 10:17:14.862,27.248055555556
Yeast Grow 4 Days,pioreactor02,2025-09-21T08:17:37.862Z,489.7,2025-09-21 10:17:37.862,27.254444444444
Yeast Grow 4 Days,pioreactor02,2025-09-21T08:18:00.862Z,499.6,2025-09-21 10:18:00.862,27.260833333333
Yeast Grow 4 Days,pioreactor02,2025-09-21T08:18:23.862Z,488.7,2025-09-21 10:18:23.862,27.267222222222
Yeast Grow 4 Days,pioreactor02,2025-09-21T08:18:46.862Z,509.1,2025-09-21 10:18:46.862,27.273611111111
Yeast Grow 4 Days,pioreactor02,2025-09-21T08:19:09.862Z,509.7,2025-09-21 10:19:09.862,27.28
Yeast Grow 4 Days,pioreactor02,2025-09-21T08:19:32.862Z,492.8,2025-09-21 10:19:32.862,27.286388888889
Yeast Grow 4 Days,pioreactor02,2025-09-21T08:19:55.862Z,501.4,2025-09-21 10:19:55.862,27.292777777778
