experiment,pioreactor_unit,timestamp,message,source,level,task,timestamp_localtime,hours_since_experiment_created
Long Yeast Grow,pioreactor02,2025-09-18T23:21:55.864Z,Init.,app,DEBUG,stirring,2025-09-19 01:21:55.864,0.045277777778
Long Yeast Grow,pioreactor02,2025-09-18T23:21:55.887Z,Operating with RPM feedback loop.,app,DEBUG,stirring,2025-09-19 01:21:55.887,0.045277777778
Long Yeast Grow,pioreactor02,2025-09-18T23:21:55.890Z,"Initialized GPIO-17 using software-timing, initial frequency = 200.0 hz.",app,DEBUG,stirring,2025-09-19 01:21:55.890,0.045277777778
Long Yeast Grow,pioreactor02,2025-09-18T23:21:55.943Z,Found stirring calibration: stirring-calibration-2025-09-18_19-24-38.,app,DEBUG,stirring,2025-09-19 01:21:55.943,0.045277777778
Long Yeast Grow,pioreactor02,2025-09-18T23:21:56.349Z,Starting initialize_continuous_operation,app,DEBUG,stirring,2025-09-19 01:21:56.349,0.045555555556
Long Yeast Grow,pioreactor02,2025-09-18T23:21:56.859Z,Finished initialize_continuous_operation,app,DEBUG,stirring,2025-09-19 01:21:56.859,0.045555555556
Long Yeast Grow,pioreactor02,2025-09-18T23:21:56.863Z,Ready.,app,INFO,stirring,2025-09-19 01:21:56.863,0.045555555556
Long Yeast Grow,pioreactor02,2025-09-18T23:21:56.864Z,stirring is blocking until RPM is near 500.0.,app,DEBUG,stirring,2025-09-19 01:21:56.864,0.045555555556
Long Yeast Grow,pioreactor02,2025-09-18T23:22:02.741Z,Cleaned up GPIO-17.,app,DEBUG,stirring,2025-09-19 01:22:02.741,0.047222222222
Long Yeast Grow,pioreactor02,2025-09-18T23:22:02.845Z,Disconnected.,app,INFO,stirring,2025-09-19 01:22:02.845,0.047222222222
Long Yeast Grow,pioreactor02,2025-09-18T23:22:02.846Z,Updated state from ready to disconnected.,app,INFO,stirring,2025-09-19 01:22:02.846,0.047222222222
Long Yeast Grow,pioreactor02,2025-09-18T23:22:03.781Z,stirring is blocking until disconnected.,app,DEBUG,stirring,2025-09-19 01:22:03.781,0.0475
Long Yeast Grow,pioreactor02,2025-09-18T23:22:03.893Z,Disconnected successfully from MQTT.,app,DEBUG,stirring,2025-09-19 01:22:03.893,0.0475
Long Yeast Grow,pioreactor02,2025-09-19T01:35:55.453Z,Init.,app,DEBUG,stirring,2025-09-19 03:35:55.453,2.278611111111
Long Yeast Grow,pioreactor02,2025-09-19T01:35:55.477Z,Operating with RPM feedback loop.,app,DEBUG,stirring,2025-09-19 03:35:55.477,2.278611111111
Long Yeast Grow,pioreactor02,2025-09-19T01:35:55.480Z,"Initialized GPIO-17 using software-timing, initial frequency = 200.0 hz.",app,DEBUG,stirring,2025-09-19 03:35:55.480,2.278611111111
Long Yeast Grow,pioreactor02,2025-09-19T01:35:55.531Z,Found stirring calibration: stirring-calibration-2025-09-18_19-24-38.,app,DEBUG,stirring,2025-09-19 03:35:55.531,2.278611111111
Long Yeast Grow,pioreactor02,2025-09-19T01:35:55.670Z,Starting initialize_continuous_operation,app,DEBUG,stirring,2025-09-19 03:35:55.670,2.278611111111
Long Yeast Grow,pioreactor02,2025-09-19T01:35:56.180Z,Finished initialize_continuous_operation,app,DEBUG,stirring,2025-09-19 03:35:56.180,2.278888888889
Long Yeast Grow,pioreactor02,2025-09-19T01:35:56.184Z,Ready.,app,INFO,stirring,2025-09-19 03:35:56.184,2.278888888889
Long Yeast Grow,pioreactor02,2025-09-19T01:35:56.185Z,stirring is blocking until RPM is near 500.0.,app,DEBUG,stirring,2025-09-19 03:35:56.185,2.278888888889
Long Yeast Grow,pioreactor02,2025-09-19T01:36:01.778Z,"No calibration available for OD, skipping.",app,DEBUG,calibration_transformer,2025-09-19 03:36:01.778,2.280277777778
Long Yeast Grow,pioreactor02,2025-09-19T01:36:01.830Z,Init.,app,DEBUG,od_reading,2025-09-19 03:36:01.830,2.280277777778
Long Yeast Grow,pioreactor02,2025-09-19T01:36:02.276Z,"ADC offsets: {'2': 2489.1500008581816, '1': 2486.900000378182}, and in voltage: {'2': 0.0626846383, '1': 0.0626279762}",app,DEBUG,od_reading,2025-09-19 03:36:02.276,2.280555555556
Long Yeast Grow,pioreactor02,2025-09-19T01:36:02.697Z,AC hz estimate: 50.0,app,DEBUG,od_reading,2025-09-19 03:36:02.697,2.280555555556
Long Yeast Grow,pioreactor02,2025-09-19T01:36:02.698Z,Using ADC class Pico_ADC for pd2 with initial gain 1.0.,app,DEBUG,od_reading,2025-09-19 03:36:02.698,2.280555555556
Long Yeast Grow,pioreactor02,2025-09-19T01:36:02.700Z,Using ADC class Pico_ADC for pd1 with initial gain 1.0.,app,DEBUG,od_reading,2025-09-19 03:36:02.700,2.280555555556
Long Yeast Grow,pioreactor02,2025-09-19T01:36:02.730Z,"Starting od_reading with PD channels {'2': '90'}, with IR LED intensity 65.99% from channel A, every 5.0 seconds",app,DEBUG,od_reading,2025-09-19 03:36:02.730,2.280555555556
Long Yeast Grow,pioreactor02,2025-09-19T01:36:02.735Z,Ready.,app,INFO,od_reading,2025-09-19 03:36:02.735,2.280555555556
Long Yeast Grow,pioreactor02,2025-09-19T01:36:02.736Z,od_reading is blocking until disconnected.,app,DEBUG,od_reading,2025-09-19 03:36:02.736,2.280555555556
Long Yeast Grow,pioreactor02,2025-09-19T01:36:05.339Z,Init.,app,DEBUG,growth_rate_calculating,2025-09-19 03:36:05.339,2.281388888889
Long Yeast Grow,pioreactor02,2025-09-19T01:36:05.344Z,Ready.,app,INFO,growth_rate_calculating,2025-09-19 03:36:05.344,2.281388888889
Long Yeast Grow,pioreactor02,2025-09-19T01:36:05.347Z,OD normalization factors or variances not found in cache. Computing them now.,app,DEBUG,growth_rate_calculating,2025-09-19 03:36:05.347,2.281388888889
Long Yeast Grow,pioreactor02,2025-09-19T01:36:05.848Z,Starting to compute statistics from OD readings. Collecting 35 data points. This may take a while.,app,INFO,growth_rate_calculating,2025-09-19 03:36:05.848,2.281388888889
Long Yeast Grow,pioreactor02,2025-09-19T01:36:13.353Z,stirring is blocking until disconnected.,app,DEBUG,stirring,2025-09-19 03:36:13.353,2.283611111111
Long Yeast Grow,pioreactor02,2025-09-19T01:36:26.922Z,Init.,app,DEBUG,temperature_automation,2025-09-19 03:36:26.922,2.287222222222
Long Yeast Grow,pioreactor02,2025-09-19T01:36:26.925Z,Starting thermostat.,app,INFO,temperature_automation,2025-09-19 03:36:26.925,2.287222222222
Long Yeast Grow,pioreactor02,2025-09-19T01:36:26.960Z,"Initialized GPIO-18 using software-timing, initial frequency = 16 hz.",app,DEBUG,temperature_automation,2025-09-19 03:36:26.960,2.287222222222
Long Yeast Grow,pioreactor02,2025-09-19T01:36:27.288Z,PID output = 25,app,DEBUG,temperature_automation,2025-09-19 03:36:27.288,2.2875
Long Yeast Grow,pioreactor02,2025-09-19T01:36:27.295Z,Ready.,app,INFO,temperature_automation,2025-09-19 03:36:27.295,2.2875
Long Yeast Grow,pioreactor02,2025-09-19T01:36:27.296Z,temperature_automation is blocking until disconnected.,app,DEBUG,temperature_automation,2025-09-19 03:36:27.296,2.2875
Long Yeast Grow,pioreactor02,2025-09-19T01:36:33.307Z,Progress: 3%,app,DEBUG,growth_rate_calculating,2025-09-19 03:36:33.307,2.289166666667
Long Yeast Grow,pioreactor02,2025-09-19T01:36:38.304Z,Progress: 6%,app,DEBUG,growth_rate_calculating,2025-09-19 03:36:38.304,2.290555555556
Long Yeast Grow,pioreactor02,2025-09-19T01:36:43.305Z,Progress: 9%,app,DEBUG,growth_rate_calculating,2025-09-19 03:36:43.305,2.291944444444
Long Yeast Grow,pioreactor02,2025-09-19T01:36:48.304Z,Progress: 11%,app,DEBUG,growth_rate_calculating,2025-09-19 03:36:48.304,2.293333333333
Long Yeast Grow,pioreactor02,2025-09-19T01:36:53.308Z,Progress: 14%,app,DEBUG,growth_rate_calculating,2025-09-19 03:36:53.308,2.294722222222
Long Yeast Grow,pioreactor02,2025-09-19T01:36:58.301Z,Progress: 17%,app,DEBUG,growth_rate_calculating,2025-09-19 03:36:58.301,2.296111111111
Long Yeast Grow,pioreactor02,2025-09-19T01:37:03.301Z,Progress: 20%,app,DEBUG,growth_rate_calculating,2025-09-19 03:37:03.301,2.2975
Long Yeast Grow,pioreactor02,2025-09-19T01:37:08.301Z,Progress: 23%,app,DEBUG,growth_rate_calculating,2025-09-19 03:37:08.301,2.298888888889
Long Yeast Grow,pioreactor02,2025-09-19T01:37:13.300Z,Progress: 26%,app,DEBUG,growth_rate_calculating,2025-09-19 03:37:13.300,2.300277777778
Long Yeast Grow,pioreactor02,2025-09-19T01:37:18.301Z,Progress: 29%,app,DEBUG,growth_rate_calculating,2025-09-19 03:37:18.301,2.301666666667
Long Yeast Grow,pioreactor02,2025-09-19T01:37:23.303Z,Progress: 31%,app,DEBUG,growth_rate_calculating,2025-09-19 03:37:23.303,2.303055555556
Long Yeast Grow,pioreactor02,2025-09-19T01:37:28.300Z,Progress: 34%,app,DEBUG,growth_rate_calculating,2025-09-19 03:37:28.300,2.304444444444
Long Yeast Grow,pioreactor02,2025-09-19T01:37:33.300Z,Progress: 37%,app,DEBUG,growth_rate_calculating,2025-09-19 03:37:33.300,2.305833333333
Long Yeast Grow,pioreactor02,2025-09-19T01:37:38.300Z,Progress: 40%,app,DEBUG,growth_rate_calculating,2025-09-19 03:37:38.300,2.307222222222
Long Yeast Grow,pioreactor02,2025-09-19T01:37:43.301Z,Progress: 43%,app,DEBUG,growth_rate_calculating,2025-09-19 03:37:43.301,2.308611111111
Long Yeast Grow,pioreactor02,2025-09-19T01:37:48.300Z,Progress: 46%,app,DEBUG,growth_rate_calculating,2025-09-19 03:37:48.300,2.31
Long Yeast Grow,pioreactor02,2025-09-19T01:37:53.300Z,Progress: 49%,app,DEBUG,growth_rate_calculating,2025-09-19 03:37:53.300,2.311388888889
Long Yeast Grow,pioreactor02,2025-09-19T01:37:58.301Z,Progress: 51%,app,DEBUG,growth_rate_calculating,2025-09-19 03:37:58.301,2.312777777778
Long Yeast Grow,pioreactor02,2025-09-19T01:38:03.301Z,Progress: 54%,app,DEBUG,growth_rate_calculating,2025-09-19 03:38:03.301,2.314166666667
Long Yeast Grow,pioreactor02,2025-09-19T01:38:08.301Z,Progress: 57%,app,DEBUG,growth_rate_calculating,2025-09-19 03:38:08.301,2.315555555556
Long Yeast Grow,pioreactor02,2025-09-19T01:38:13.301Z,Progress: 60%,app,DEBUG,growth_rate_calculating,2025-09-19 03:38:13.301,2.316944444444
Long Yeast Grow,pioreactor02,2025-09-19T01:38:18.307Z,Progress: 63%,app,DEBUG,growth_rate_calculating,2025-09-19 03:38:18.307,2.318333333333
Long Yeast Grow,pioreactor02,2025-09-19T01:38:23.304Z,Progress: 66%,app,DEBUG,growth_rate_calculating,2025-09-19 03:38:23.304,2.319722222222
Long Yeast Grow,pioreactor02,2025-09-19T01:38:28.304Z,Progress: 69%,app,DEBUG,growth_rate_calculating,2025-09-19 03:38:28.304,2.321111111111
Long Yeast Grow,pioreactor02,2025-09-19T01:38:28.426Z,Updated target_temperature from 36.0 ℃ to 30.0 ℃.,app,INFO,temperature_automation,2025-09-19 03:38:28.426,2.321111111111
Long Yeast Grow,pioreactor02,2025-09-19T01:38:33.304Z,Progress: 71%,app,DEBUG,growth_rate_calculating,2025-09-19 03:38:33.304,2.3225
Long Yeast Grow,pioreactor02,2025-09-19T01:38:38.303Z,Progress: 74%,app,DEBUG,growth_rate_calculating,2025-09-19 03:38:38.303,2.323888888889
Long Yeast Grow,pioreactor02,2025-09-19T01:38:43.304Z,Progress: 77%,app,DEBUG,growth_rate_calculating,2025-09-19 03:38:43.304,2.325277777778
Long Yeast Grow,pioreactor02,2025-09-19T01:38:48.303Z,Progress: 80%,app,DEBUG,growth_rate_calculating,2025-09-19 03:38:48.303,2.326666666667
Long Yeast Grow,pioreactor02,2025-09-19T01:38:53.303Z,Progress: 83%,app,DEBUG,growth_rate_calculating,2025-09-19 03:38:53.303,2.328055555556
Long Yeast Grow,pioreactor02,2025-09-19T01:38:58.304Z,Progress: 86%,app,DEBUG,growth_rate_calculating,2025-09-19 03:38:58.304,2.329444444444
Long Yeast Grow,pioreactor02,2025-09-19T01:39:03.303Z,Progress: 89%,app,DEBUG,growth_rate_calculating,2025-09-19 03:39:03.303,2.330833333333
Long Yeast Grow,pioreactor02,2025-09-19T01:39:08.303Z,Progress: 91%,app,DEBUG,growth_rate_calculating,2025-09-19 03:39:08.303,2.332222222222
Long Yeast Grow,pioreactor02,2025-09-19T01:39:13.304Z,Progress: 94%,app,DEBUG,growth_rate_calculating,2025-09-19 03:39:13.304,2.333611111111
Long Yeast Grow,pioreactor02,2025-09-19T01:39:18.303Z,Progress: 97%,app,DEBUG,growth_rate_calculating,2025-09-19 03:39:18.303,2.335
Long Yeast Grow,pioreactor02,2025-09-19T01:39:23.303Z,Progress: 100%,app,DEBUG,growth_rate_calculating,2025-09-19 03:39:23.303,2.336388888889
Long Yeast Grow,pioreactor02,2025-09-19T01:39:23.306Z,"observed data: defaultdict(<class 'list'>, {'2': [0.012830566972376676, 0.012838723348802908, 0.012903155263042107, 0.012882437420381929, 0.012913847096232651, 0.012591516693866711, 0.012585854744467908, 0.012765200237708491, 0.012974711501505556, 0.012387471139595534, 0.012397699237481742, 0.012901394341091214, 0.012725290251213137, 0.012950092513285804, 0.013458212643657163, 0.013825130932280143, 0.013179581530334517, 0.013182142254948428, 0.01320536341074302, 0.012575762307625882, 0.012594497763024974, 0.012735635306392363, 0.013159765939260796, 0.012953493506847515, 0.012927213664298276, 0.012904971417204042, 0.01292262172699778, 0.013045268516036735, 0.012745791659976314, 0.01357495068826, 0.013275859222719509, 0.013200090132530276, 0.012770432936348776, 0.0130703127978475, 0.013086721232491565]})",app,DEBUG,growth_rate_calculating,2025-09-19 03:39:23.306,2.336388888889
Long Yeast Grow,pioreactor02,2025-09-19T01:39:23.307Z,measured mean: {'2': 0.012930855753330984},app,DEBUG,growth_rate_calculating,2025-09-19 03:39:23.307,2.336388888889
Long Yeast Grow,pioreactor02,2025-09-19T01:39:23.309Z,measured variances: {'2': 3.160034870026806e-08},app,DEBUG,growth_rate_calculating,2025-09-19 03:39:23.309,2.336388888889
Long Yeast Grow,pioreactor02,2025-09-19T01:39:23.310Z,Completed OD normalization metrics.,app,INFO,growth_rate_calculating,2025-09-19 03:39:23.310,2.336388888889
Long Yeast Grow,pioreactor02,2025-09-19T01:39:23.344Z,od_normalization_mean={'2': 0.012930855753330984},app,DEBUG,growth_rate_calculating,2025-09-19 03:39:23.344,2.336388888889
Long Yeast Grow,pioreactor02,2025-09-19T01:39:23.345Z,od_normalization_variance={'2': 3.160034870026806e-08},app,DEBUG,growth_rate_calculating,2025-09-19 03:39:23.345,2.336388888889
Long Yeast Grow,pioreactor02,2025-09-19T01:39:23.346Z,od_blank={'2': 0.0},app,DEBUG,growth_rate_calculating,2025-09-19 03:39:23.346,2.336388888889
Long Yeast Grow,pioreactor02,2025-09-19T01:39:23.480Z,"od_std=0.0025, rate_std=0.15, obs_std=1.0",app,DEBUG,growth_rate_calculating,2025-09-19 03:39:23.480,2.336388888889
Long Yeast Grow,pioreactor02,2025-09-19T01:39:53.305Z,"Initial state: array([0.98815034, 0.        ])",app,DEBUG,growth_rate_calculating,2025-09-19 03:39:53.305,2.344722222222
Long Yeast Grow,pioreactor02,2025-09-19T01:39:53.309Z,"Initial covariance matrix:
array([[0.0016, 0.    ],
       [0.    , 0.0001]])",app,DEBUG,growth_rate_calculating,2025-09-19 03:39:53.309,2.344722222222
Long Yeast Grow,pioreactor02,2025-09-19T01:39:53.310Z,"Process noise covariance matrix:
array([[1.20563272e-11, 0.00000000e+00],
       [0.00000000e+00, 4.34027778e-08]])",app,DEBUG,growth_rate_calculating,2025-09-19 03:39:53.310,2.344722222222
Long Yeast Grow,pioreactor02,2025-09-19T01:39:53.312Z,"Observation noise covariance matrix:
array([[0.00018899]])",app,DEBUG,growth_rate_calculating,2025-09-19 03:39:53.312,2.344722222222
Long Yeast Grow,pioreactor02,2025-09-19T01:39:53.313Z,angles=['90'],app,DEBUG,growth_rate_calculating,2025-09-19 03:39:53.313,2.344722222222
Long Yeast Grow,pioreactor02,2025-09-19T01:39:53.314Z,ekf_outlier_std_threshold=5.0,app,DEBUG,growth_rate_calculating,2025-09-19 03:39:53.314,2.344722222222
Long Yeast Grow,pioreactor02,2025-09-19T01:39:53.404Z,"features={'previous_heater_dc': 25.0, 'room_temp': 22.0, 'is_rpi_zero': False, 'volume': 14.0, 'time_series_of_temp': [29.635416666666668, 28.40625, 27.520833333333332, 26.770833333333332, 26.135416666666668, 25.572916666666668, 25.072916666666668, 24.645833333333332, 24.25, 23.885416666666668, 23.583333333333332, 23.3125, 23.052083333333332, 22.802083333333332, 22.5625, 22.375, 22.239583333333332, 22.052083333333332, 21.895833333333332, 21.75, 21.625]}",app,DEBUG,temperature_automation,2025-09-19 03:39:53.404,2.344722222222
Long Yeast Grow,pioreactor02,2025-09-19T01:39:53.413Z,PID output = 23.697000000000013,app,DEBUG,temperature_automation,2025-09-19 03:39:53.413,2.344722222222
Long Yeast Grow,pioreactor02,2025-09-19T01:43:13.407Z,"features={'previous_heater_dc': 48.7, 'room_temp': 22.0, 'is_rpi_zero': False, 'volume': 14.0, 'time_series_of_temp': [39.645833333333336, 37.291666666666664, 35.59375, 34.145833333333336, 32.90625, 31.822916666666668, 30.875, 30.052083333333332, 29.28125, 28.614583333333332, 28.0, 27.447916666666668, 26.947916666666668, 26.5, 26.072916666666668, 25.6875, 25.3125, 25.010416666666668, 24.71875, 24.4375, 24.1875]}",app,DEBUG,temperature_automation,2025-09-19 03:43:13.407,2.400277777778
Long Yeast Grow,pioreactor02,2025-09-19T01:43:13.416Z,PID output = 13.27999999999998,app,DEBUG,temperature_automation,2025-09-19 03:43:13.416,2.400277777778
Long Yeast Grow,pioreactor02,2025-09-19T01:46:33.409Z,"features={'previous_heater_dc': 61.98, 'room_temp': 22.0, 'is_rpi_zero': False, 'volume': 14.0, 'time_series_of_temp': [46.125, 43.135416666666664, 40.9375, 39.104166666666664, 37.520833333333336, 36.114583333333336, 34.90625, 33.822916666666664, 32.854166666666664, 31.958333333333332, 31.166666666666668, 30.4375, 29.791666666666668, 29.1875, 28.6875, 28.1875, 27.75, 27.3125, 26.9375, 26.5625, 26.25]}",app,DEBUG,temperature_automation,2025-09-19 03:46:33.409,2.455833333333
Long Yeast Grow,pioreactor02,2025-09-19T01:46:33.418Z,PID output = 12.368000000000002,app,DEBUG,temperature_automation,2025-09-19 03:46:33.418,2.455833333333
Long Yeast Grow,pioreactor02,2025-09-19T01:49:53.406Z,"features={'previous_heater_dc': 74.35, 'room_temp': 22.0, 'is_rpi_zero': False, 'volume': 14.0, 'time_series_of_temp': [52.020833333333336, 48.4375, 45.802083333333336, 43.614583333333336, 41.708333333333336, 40.052083333333336, 38.59375, 37.28125, 36.125, 35.083333333333336, 34.135416666666664, 33.302083333333336, 32.520833333333336, 31.822916666666668, 31.1875, 30.59375, 30.041666666666668, 29.552083333333332, 29.083333333333332, 28.677083333333332, 28.270833333333332]}",app,DEBUG,temperature_automation,2025-09-19 03:49:53.406,2.511388888889
Long Yeast Grow,pioreactor02,2025-09-19T01:49:53.415Z,PID output = 6.296000000000003,app,DEBUG,temperature_automation,2025-09-19 03:49:53.415,2.511388888889
Long Yeast Grow,pioreactor02,2025-09-19T01:53:13.406Z,"features={'previous_heater_dc': 80.65, 'room_temp': 22.0, 'is_rpi_zero': False, 'volume': 14.0, 'time_series_of_temp': [55.75, 51.84375, 48.979166666666664, 46.604166666666664, 44.520833333333336, 42.729166666666664, 41.15625, 39.708333333333336, 38.458333333333336, 37.302083333333336, 36.28125, 35.364583333333336, 34.53125, 33.770833333333336, 33.0625, 32.4375, 31.822916666666668, 31.302083333333332, 30.8125, 30.322916666666668, 29.885416666666668]}",app,DEBUG,temperature_automation,2025-09-19 03:53:13.406,2.566944444444
Long Yeast Grow,pioreactor02,2025-09-19T01:53:13.416Z,PID output = 3.4060000000000015,app,DEBUG,temperature_automation,2025-09-19 03:53:13.416,2.566944444444
Long Yeast Grow,pioreactor02,2025-09-19T01:56:33.406Z,"features={'previous_heater_dc': 84.06, 'room_temp': 22.0, 'is_rpi_zero': False, 'volume': 14.0, 'time_series_of_temp': [58.25, 54.15625, 51.197916666666664, 48.6875, 46.541666666666664, 44.65625, 42.96875, 41.520833333333336, 40.177083333333336, 39.0, 37.927083333333336, 36.947916666666664, 36.072916666666664, 35.25, 34.53125, 33.84375, 33.229166666666664, 32.677083333333336, 32.125, 31.625, 31.1875]}",app,DEBUG,temperature_automation,2025-09-19 03:56:33.406,2.6225
Long Yeast Grow,pioreactor02,2025-09-19T01:56:33.415Z,PID output = 0.2639999999999896,app,DEBUG,temperature_automation,2025-09-19 03:56:33.415,2.6225
Long Yeast Grow,pioreactor02,2025-09-19T01:59:53.408Z,"features={'previous_heater_dc': 84.32, 'room_temp': 22.0, 'is_rpi_zero': False, 'volume': 14.0, 'time_series_of_temp': [59.3125, 55.229166666666664, 52.260416666666664, 49.739583333333336, 47.59375, 45.697916666666664, 44.010416666666664, 42.53125, 41.1875, 40.0, 38.927083333333336, 37.947916666666664, 37.0625, 36.25, 35.5, 34.8125, 34.1875, 33.614583333333336, 33.0625, 32.5625, 32.125]}",app,DEBUG,temperature_automation,2025-09-19 03:59:53.408,2.678055555556
Long Yeast Grow,pioreactor02,2025-09-19T01:59:53.418Z,PID output = -1.5899999999999852,app,DEBUG,temperature_automation,2025-09-19 03:59:53.418,2.678055555556
Long Yeast Grow,pioreactor02,2025-09-19T02:03:13.407Z,"features={'previous_heater_dc': 82.73, 'room_temp': 22.0, 'is_rpi_zero': False, 'volume': 14.0, 'time_series_of_temp': [59.572916666666664, 55.552083333333336, 52.614583333333336, 50.15625, 48.03125, 46.166666666666664, 44.520833333333336, 43.041666666666664, 41.729166666666664, 40.5625, 39.489583333333336, 38.53125, 37.645833333333336, 36.854166666666664, 36.125, 35.447916666666664, 34.822916666666664, 34.260416666666664, 33.739583333333336, 33.25, 32.78125]}",app,DEBUG,temperature_automation,2025-09-19 04:03:13.407,2.733611111111
Long Yeast Grow,pioreactor02,2025-09-19T02:03:13.416Z,PID output = -3.277999999999992,app,DEBUG,temperature_automation,2025-09-19 04:03:13.416,2.733611111111
Long Yeast Grow,pioreactor02,2025-09-19T02:06:33.406Z,"features={'previous_heater_dc': 79.45, 'room_temp': 22.0, 'is_rpi_zero': False, 'volume': 14.0, 'time_series_of_temp': [59.010416666666664, 55.135416666666664, 52.3125, 49.947916666666664, 47.90625, 46.104166666666664, 44.510416666666664, 43.09375, 41.833333333333336, 40.697916666666664, 39.677083333333336, 38.739583333333336, 37.90625, 37.135416666666664, 36.4375, 35.8125, 35.197916666666664, 34.635416666666664, 34.125, 33.6875, 33.25]}",app,DEBUG,temperature_automation,2025-09-19 04:06:33.406,2.789166666667
Long Yeast Grow,pioreactor02,2025-09-19T02:06:33.416Z,PID output = -4.307999999999995,app,DEBUG,temperature_automation,2025-09-19 04:06:33.416,2.789166666667
Long Yeast Grow,pioreactor02,2025-09-19T02:09:53.407Z,"features={'previous_heater_dc': 75.14, 'room_temp': 22.0, 'is_rpi_zero': False, 'volume': 14.0, 'time_series_of_temp': [57.875, 54.21875, 51.53125, 49.291666666666664, 47.333333333333336, 45.645833333333336, 44.135416666666664, 42.78125, 41.59375, 40.5, 39.53125, 38.635416666666664, 37.833333333333336, 37.104166666666664, 36.4375, 35.802083333333336, 35.239583333333336, 34.708333333333336, 34.239583333333336, 33.791666666666664, 33.375]}",app,DEBUG,temperature_automation,2025-09-19 04:09:53.407,2.844722222222
Long Yeast Grow,pioreactor02,2025-09-19T02:09:53.416Z,PID output = -4.746000000000015,app,DEBUG,temperature_automation,2025-09-19 04:09:53.416,2.844722222222
Long Yeast Grow,pioreactor02,2025-09-19T02:13:13.409Z,"features={'previous_heater_dc': 70.39, 'room_temp': 22.0, 'is_rpi_zero': False, 'volume': 14.0, 'time_series_of_temp': [56.416666666666664, 52.96875, 50.447916666666664, 48.322916666666664, 46.510416666666664, 44.895833333333336, 43.489583333333336, 42.208333333333336, 41.09375, 40.0625, 39.166666666666664, 38.3125, 37.5625, 36.885416666666664, 36.25, 35.6875, 35.125, 34.635416666666664, 34.1875, 33.75, 33.375]}",app,DEBUG,temperature_automation,2025-09-19 04:13:13.409,2.900277777778
Long Yeast Grow,pioreactor02,2025-09-19T02:13:13.418Z,PID output = -6.005999999999999,app,DEBUG,temperature_automation,2025-09-19 04:13:13.418,2.900277777778
Long Yeast Grow,pioreactor02,2025-09-19T02:16:33.407Z,"features={'previous_heater_dc': 64.38, 'room_temp': 22.0, 'is_rpi_zero': False, 'volume': 14.0, 'time_series_of_temp': [54.322916666666664, 51.15625, 48.84375, 46.916666666666664, 45.229166666666664, 43.770833333333336, 42.458333333333336, 41.3125, 40.260416666666664, 39.333333333333336, 38.510416666666664, 37.729166666666664, 37.03125, 36.395833333333336, 35.802083333333336, 35.291666666666664, 34.78125, 34.322916666666664, 33.916666666666664, 33.541666666666664, 33.177083333333336]}",app,DEBUG,temperature_automation,2025-09-19 04:16:33.407,2.955833333333
Long Yeast Grow,pioreactor02,2025-09-19T02:16:33.417Z,PID output = -4.693999999999991,app,DEBUG,temperature_automation,2025-09-19 04:16:33.417,2.955833333333
Long Yeast Grow,pioreactor02,2025-09-19T02:19:53.405Z,"features={'previous_heater_dc': 59.69, 'room_temp': 22.0, 'is_rpi_zero': False, 'volume': 14.0, 'time_series_of_temp': [52.625, 49.677083333333336, 47.53125, 45.71875, 44.15625, 42.791666666666664, 41.572916666666664, 40.5, 39.53125, 38.65625, 37.854166666666664, 37.145833333333336, 36.5, 35.916666666666664, 35.375, 34.864583333333336, 34.40625, 33.979166666666664, 33.5625, 33.208333333333336, 32.875]}",app,DEBUG,temperature_automation,2025-09-19 04:19:53.405,3.011388888889
Long Yeast Grow,pioreactor02,2025-09-19T02:19:53.415Z,PID output = -5.155999999999999,app,DEBUG,temperature_automation,2025-09-19 04:19:53.415,3.011388888889
Long Yeast Grow,pioreactor02,2025-09-19T02:23:13.407Z,"features={'previous_heater_dc': 54.53, 'room_temp': 22.0, 'is_rpi_zero': False, 'volume': 14.0, 'time_series_of_temp': [50.604166666666664, 47.90625, 45.9375, 44.28125, 42.84375, 41.583333333333336, 40.46875, 39.489583333333336, 38.604166666666664, 37.8125, 37.083333333333336, 36.4375, 35.854166666666664, 35.3125, 34.802083333333336, 34.322916666666664, 33.916666666666664, 33.520833333333336, 33.166666666666664, 32.833333333333336, 32.5]}",app,DEBUG,temperature_automation,2025-09-19 04:23:13.407,3.066944444444
Long Yeast Grow,pioreactor02,2025-09-19T02:23:13.415Z,PID output = -4.563999999999995,app,DEBUG,temperature_automation,2025-09-19 04:23:13.415,3.066944444444
Long Yeast Grow,pioreactor02,2025-09-19T02:26:33.406Z,"features={'previous_heater_dc': 49.97, 'room_temp': 22.0, 'is_rpi_zero': False, 'volume': 14.0, 'time_series_of_temp': [48.770833333333336, 46.302083333333336, 44.489583333333336, 42.96875, 41.677083333333336, 40.489583333333336, 39.5, 38.5625, 37.760416666666664, 37.03125, 36.375, 35.75, 35.197916666666664, 34.71875, 34.260416666666664, 33.84375, 33.4375, 33.083333333333336, 32.75, 32.4375, 32.135416666666664]}",app,DEBUG,temperature_automation,2025-09-19 04:26:33.406,3.1225
Long Yeast Grow,pioreactor02,2025-09-19T02:26:33.414Z,PID output = -2.7440000000000087,app,DEBUG,temperature_automation,2025-09-19 04:26:33.414,3.1225
Long Yeast Grow,pioreactor02,2025-09-19T02:29:53.408Z,"features={'previous_heater_dc': 47.23, 'room_temp': 22.0, 'is_rpi_zero': False, 'volume': 14.0, 'time_series_of_temp': [47.5625, 45.239583333333336, 43.541666666666664, 42.104166666666664, 40.854166666666664, 39.760416666666664, 38.802083333333336, 37.9375, 37.166666666666664, 36.479166666666664, 35.854166666666664, 35.28125, 34.760416666666664, 34.302083333333336, 33.875, 33.458333333333336, 33.072916666666664, 32.75, 32.4375, 32.125, 31.875]}",app,DEBUG,temperature_automation,2025-09-19 04:29:53.408,3.178055555556
Long Yeast Grow,pioreactor02,2025-09-19T02:29:53.417Z,PID output = -1.9040000000000041,app,DEBUG,temperature_automation,2025-09-19 04:29:53.417,3.178055555556
Long Yeast Grow,pioreactor02,2025-09-19T02:33:13.408Z,"features={'previous_heater_dc': 45.33, 'room_temp': 22.0, 'is_rpi_zero': False, 'volume': 14.0, 'time_series_of_temp': [46.6875, 44.458333333333336, 42.802083333333336, 41.427083333333336, 40.229166666666664, 39.1875, 38.25, 37.427083333333336, 36.6875, 36.03125, 35.4375, 34.875, 34.375, 33.927083333333336, 33.5, 33.125, 32.78125, 32.447916666666664, 32.125, 31.875, 31.583333333333332]}",app,DEBUG,temperature_automation,2025-09-19 04:33:13.408,3.233611111111
Long Yeast Grow,pioreactor02,2025-09-19T02:33:13.418Z,PID output = -2.209999999999984,app,DEBUG,temperature_automation,2025-09-19 04:33:13.418,3.233611111111
Long Yeast Grow,pioreactor02,2025-09-19T02:36:33.406Z,"features={'previous_heater_dc': 43.12, 'room_temp': 22.0, 'is_rpi_zero': False, 'volume': 14.0, 'time_series_of_temp': [45.6875, 43.552083333333336, 41.979166666666664, 40.677083333333336, 39.541666666666664, 38.552083333333336, 37.65625, 36.875, 36.145833333333336, 35.510416666666664, 34.9375, 34.4375, 33.9375, 33.520833333333336, 33.125, 32.75, 32.4375, 32.114583333333336, 31.8125, 31.5625, 31.3125]}",app,DEBUG,temperature_automation,2025-09-19 04:36:33.406,3.289166666667
Long Yeast Grow,pioreactor02,2025-09-19T02:36:33.416Z,PID output = 0.1439999999999797,app,DEBUG,temperature_automation,2025-09-19 04:36:33.416,3.289166666667
Long Yeast Grow,pioreactor02,2025-09-19T02:39:53.407Z,"features={'previous_heater_dc': 43.26, 'room_temp': 22.0, 'is_rpi_zero': False, 'volume': 14.0, 'time_series_of_temp': [45.59375, 43.447916666666664, 41.875, 40.5625, 39.427083333333336, 38.427083333333336, 37.552083333333336, 36.75, 36.052083333333336, 35.385416666666664, 34.8125, 34.291666666666664, 33.8125, 33.375, 32.989583333333336, 32.625, 32.302083333333336, 31.947916666666668, 31.6875, 31.427083333333332, 31.177083333333332]}",app,DEBUG,temperature_automation,2025-09-19 04:39:53.407,3.344722222222
Long Yeast Grow,pioreactor02,2025-09-19T02:39:53.417Z,PID output = -0.30199999999998406,app,DEBUG,temperature_automation,2025-09-19 04:39:53.417,3.344722222222
Long Yeast Grow,pioreactor02,2025-09-19T02:43:13.406Z,"features={'previous_heater_dc': 42.96, 'room_temp': 22.0, 'is_rpi_zero': False, 'volume': 14.0, 'time_series_of_temp': [45.375, 43.229166666666664, 41.6875, 40.364583333333336, 39.25, 38.25, 37.375, 36.583333333333336, 35.885416666666664, 35.25, 34.6875, 34.1875, 33.708333333333336, 33.3125, 32.875, 32.510416666666664, 32.1875, 31.875, 31.59375, 31.333333333333332, 31.083333333333332]}",app,DEBUG,temperature_automation,2025-09-19 04:43:13.406,3.400277777778
Long Yeast Grow,pioreactor02,2025-09-19T02:43:13.415Z,PID output = -2.4460000000000095,app,DEBUG,temperature_automation,2025-09-19 04:43:13.415,3.400277777778
Long Yeast Grow,pioreactor02,2025-09-19T02:46:33.409Z,"features={'previous_heater_dc': 40.51, 'room_temp': 22.0, 'is_rpi_zero': False, 'volume': 14.0, 'time_series_of_temp': [44.375, 42.354166666666664, 40.864583333333336, 39.625, 38.5625, 37.614583333333336, 36.791666666666664, 36.0625, 35.385416666666664, 34.791666666666664, 34.25, 33.760416666666664, 33.3125, 32.895833333333336, 32.53125, 32.1875, 31.875, 31.5625, 31.3125, 31.0625, 30.8125]}",app,DEBUG,temperature_automation,2025-09-19 04:46:33.409,3.455833333333
Long Yeast Grow,pioreactor02,2025-09-19T02:46:33.418Z,PID output = -0.7280000000000086,app,DEBUG,temperature_automation,2025-09-19 04:46:33.418,3.455833333333
Long Yeast Grow,pioreactor02,2025-09-19T02:49:53.408Z,"features={'previous_heater_dc': 39.78, 'room_temp': 22.0, 'is_rpi_zero': False, 'volume': 14.0, 'time_series_of_temp': [43.9375, 41.9375, 40.489583333333336, 39.270833333333336, 38.208333333333336, 37.3125, 36.489583333333336, 35.75, 35.114583333333336, 34.53125, 34.0, 33.510416666666664, 33.0625, 32.6875, 32.3125, 31.979166666666668, 31.6875, 31.375, 31.125, 30.875, 30.625]}",app,DEBUG,temperature_automation,2025-09-19 04:49:53.408,3.511388888889
Long Yeast Grow,pioreactor02,2025-09-19T02:49:53.417Z,PID output = -0.17400000000000315,app,DEBUG,temperature_automation,2025-09-19 04:49:53.417,3.511388888889
Long Yeast Grow,pioreactor02,2025-09-19T02:53:13.406Z,"features={'previous_heater_dc': 39.61, 'room_temp': 22.0, 'is_rpi_zero': False, 'volume': 14.0, 'time_series_of_temp': [43.75, 41.770833333333336, 40.333333333333336, 39.125, 38.083333333333336, 37.166666666666664, 36.354166666666664, 35.625, 34.979166666666664, 34.395833333333336, 33.875, 33.385416666666664, 32.979166666666664, 32.5625, 32.1875, 31.875, 31.5625, 31.260416666666668, 31.0, 30.75, 30.541666666666668]}",app,DEBUG,temperature_automation,2025-09-19 04:53:13.406,3.566944444444
Long Yeast Grow,pioreactor02,2025-09-19T02:53:13.415Z,PID output = 0.5300000000000167,app,DEBUG,temperature_automation,2025-09-19 04:53:13.415,3.566944444444
Long Yeast Grow,pioreactor02,2025-09-19T02:56:33.408Z,"features={'previous_heater_dc': 40.14, 'room_temp': 22.0, 'is_rpi_zero': False, 'volume': 14.0, 'time_series_of_temp': [43.822916666666664, 41.854166666666664, 40.385416666666664, 39.166666666666664, 38.125, 37.1875, 36.364583333333336, 35.625, 35.0, 34.395833333333336, 33.875, 33.375, 32.9375, 32.5625, 32.177083333333336, 31.833333333333332, 31.5, 31.229166666666668, 30.96875, 30.729166666666668, 30.5]}",app,DEBUG,temperature_automation,2025-09-19 04:56:33.408,3.6225
Long Yeast Grow,pioreactor02,2025-09-19T02:56:33.417Z,PID output = 0.6899999999999934,app,DEBUG,temperature_automation,2025-09-19 04:56:33.417,3.6225
Long Yeast Grow,pioreactor02,2025-09-19T02:59:53.409Z,"features={'previous_heater_dc': 40.83, 'room_temp': 22.0, 'is_rpi_zero': False, 'volume': 14.0, 'time_series_of_temp': [44.0625, 42.03125, 40.552083333333336, 39.302083333333336, 38.239583333333336, 37.291666666666664, 36.458333333333336, 35.729166666666664, 35.0625, 34.447916666666664, 33.927083333333336, 33.4375, 33.0, 32.5625, 32.1875, 31.875, 31.552083333333332, 31.25, 31.0, 30.75, 30.5]}",app,DEBUG,temperature_automation,2025-09-19 04:59:53.409,3.678055555556
Long Yeast Grow,pioreactor02,2025-09-19T02:59:53.419Z,PID output = -0.07200000000001125,app,DEBUG,temperature_automation,2025-09-19 04:59:53.419,3.678055555556
Long Yeast Grow,pioreactor02,2025-09-19T03:03:13.408Z,"features={'previous_heater_dc': 40.76, 'room_temp': 22.0, 'is_rpi_zero': False, 'volume': 14.0, 'time_series_of_temp': [44.010416666666664, 41.979166666666664, 40.510416666666664, 39.28125, 38.1875, 37.25, 36.416666666666664, 35.677083333333336, 35.0, 34.416666666666664, 33.875, 33.375, 32.9375, 32.53125, 32.125, 31.8125, 31.5, 31.1875, 30.9375, 30.6875, 30.4375]}",app,DEBUG,temperature_automation,2025-09-19 05:03:13.408,3.733611111111
Long Yeast Grow,pioreactor02,2025-09-19T03:03:13.417Z,PID output = 0.838000000000003,app,DEBUG,temperature_automation,2025-09-19 05:03:13.417,3.733611111111
Long Yeast Grow,pioreactor02,2025-09-19T03:06:33.405Z,"features={'previous_heater_dc': 41.6, 'room_temp': 22.0, 'is_rpi_zero': False, 'volume': 14.0, 'time_series_of_temp': [44.25, 42.208333333333336, 40.708333333333336, 39.4375, 38.333333333333336, 37.385416666666664, 36.541666666666664, 35.770833333333336, 35.114583333333336, 34.5, 33.9375, 33.4375, 33.0, 32.5625, 32.1875, 31.875, 31.541666666666668, 31.25, 30.958333333333332, 30.708333333333332, 30.458333333333332]}",app,DEBUG,temperature_automation,2025-09-19 05:06:33.405,3.789166666667
Long Yeast Grow,pioreactor02,2025-09-19T03:06:33.413Z,PID output = 0.7180000000000148,app,DEBUG,temperature_automation,2025-09-19 05:06:33.413,3.789166666667
Long Yeast Grow,pioreactor02,2025-09-19T03:09:53.407Z,"features={'previous_heater_dc': 42.32, 'room_temp': 22.0, 'is_rpi_zero': False, 'volume': 14.0, 'time_series_of_temp': [44.552083333333336, 42.447916666666664, 40.90625, 39.614583333333336, 38.520833333333336, 37.5625, 36.677083333333336, 35.916666666666664, 35.229166666666664, 34.59375, 34.052083333333336, 33.541666666666664, 33.072916666666664, 32.645833333333336, 32.25, 31.927083333333332, 31.5625, 31.270833333333332, 31.0, 30.739583333333332, 30.5]}",app,DEBUG,temperature_automation,2025-09-19 05:09:53.407,3.844722222222
Long Yeast Grow,pioreactor02,2025-09-19T03:09:53.417Z,PID output = -0.2780000000000058,app,DEBUG,temperature_automation,2025-09-19 05:09:53.417,3.844722222222
Long Yeast Grow,pioreactor02,2025-09-19T03:13:13.405Z,"features={'previous_heater_dc': 42.04, 'room_temp': 22.0, 'is_rpi_zero': False, 'volume': 14.0, 'time_series_of_temp': [44.4375, 42.354166666666664, 40.822916666666664, 39.5625, 38.4375, 37.458333333333336, 36.604166666666664, 35.84375, 35.15625, 34.552083333333336, 34.0, 33.489583333333336, 33.010416666666664, 32.614583333333336, 32.1875, 31.875, 31.510416666666668, 31.25, 30.9375, 30.6875, 30.447916666666668]}",app,DEBUG,temperature_automation,2025-09-19 05:13:13.405,3.900277777778
Long Yeast Grow,pioreactor02,2025-09-19T03:13:13.414Z,PID output = -0.03400000000000744,app,DEBUG,temperature_automation,2025-09-19 05:13:13.414,3.900277777778
Long Yeast Grow,pioreactor02,2025-09-19T03:16:33.407Z,"features={'previous_heater_dc': 42.01, 'room_temp': 22.0, 'is_rpi_zero': False, 'volume': 14.0, 'time_series_of_temp': [44.375, 42.291666666666664, 40.760416666666664, 39.489583333333336, 38.385416666666664, 37.40625, 36.552083333333336, 35.78125, 35.114583333333336, 34.5, 33.9375, 33.4375, 32.979166666666664, 32.5625, 32.15625, 31.8125, 31.5, 31.1875, 30.916666666666668, 30.635416666666668, 30.416666666666668]}",app,DEBUG,temperature_automation,2025-09-19 05:16:33.407,3.955833333333
Long Yeast Grow,pioreactor02,2025-09-19T03:16:33.416Z,PID output = 0.39199999999999163,app,DEBUG,temperature_automation,2025-09-19 05:16:33.416,3.955833333333
Long Yeast Grow,pioreactor02,2025-09-19T03:19:53.407Z,"features={'previous_heater_dc': 42.4, 'room_temp': 22.0, 'is_rpi_zero': False, 'volume': 14.0, 'time_series_of_temp': [44.5, 42.395833333333336, 40.84375, 39.572916666666664, 38.458333333333336, 37.489583333333336, 36.625, 35.833333333333336, 35.135416666666664, 34.5625, 33.979166666666664, 33.479166666666664, 33.0, 32.572916666666664, 32.197916666666664, 31.84375, 31.5, 31.229166666666668, 30.9375, 30.6875, 30.4375]}",app,DEBUG,temperature_automation,2025-09-19 05:19:53.407,4.011388888889
Long Yeast Grow,pioreactor02,2025-09-19T03:19:53.417Z,PID output = 1.0720000000000027,app,DEBUG,temperature_automation,2025-09-19 05:19:53.417,4.011388888889
Long Yeast Grow,pioreactor02,2025-09-19T03:23:13.406Z,"features={'previous_heater_dc': 43.47, 'room_temp': 22.0, 'is_rpi_zero': False, 'volume': 14.0, 'time_series_of_temp': [44.9375, 42.75, 41.177083333333336, 39.864583333333336, 38.729166666666664, 37.71875, 36.833333333333336, 36.052083333333336, 35.354166666666664, 34.708333333333336, 34.125, 33.625, 33.15625, 32.71875, 32.322916666666664, 31.96875, 31.625, 31.3125, 31.041666666666668, 30.770833333333332, 30.510416666666668]}",app,DEBUG,temperature_automation,2025-09-19 05:23:13.406,4.066944444444
Long Yeast Grow,pioreactor02,2025-09-19T03:23:13.415Z,PID output = -1.1360000000000048,app,DEBUG,temperature_automation,2025-09-19 05:23:13.415,4.066944444444
Long Yeast Grow,pioreactor02,2025-09-19T03:26:33.406Z,"features={'previous_heater_dc': 42.33, 'room_temp': 22.0, 'is_rpi_zero': False, 'volume': 14.0, 'time_series_of_temp': [44.5, 42.40625, 40.864583333333336, 39.583333333333336, 38.479166666666664, 37.510416666666664, 36.645833333333336, 35.875, 35.177083333333336, 34.5625, 34.0, 33.5, 33.052083333333336, 32.625, 32.239583333333336, 31.875, 31.552083333333332, 31.25, 30.947916666666668, 30.708333333333332, 30.4375]}",app,DEBUG,temperature_automation,2025-09-19 05:26:33.406,4.1225
Long Yeast Grow,pioreactor02,2025-09-19T03:26:33.415Z,PID output = -0.07800000000000296,app,DEBUG,temperature_automation,2025-09-19 05:26:33.415,4.1225
Long Yeast Grow,pioreactor02,2025-09-19T03:29:53.425Z,"features={'previous_heater_dc': 42.25, 'room_temp': 22.0, 'is_rpi_zero': False, 'volume': 14.0, 'time_series_of_temp': [44.447916666666664, 42.354166666666664, 40.822916666666664, 39.541666666666664, 38.4375, 37.458333333333336, 36.604166666666664, 35.833333333333336, 35.125, 34.520833333333336, 33.958333333333336, 33.447916666666664, 33.0, 32.572916666666664, 32.1875, 31.864583333333332, 31.510416666666668, 31.21875, 30.9375, 30.6875, 30.4375]}",app,DEBUG,temperature_automation,2025-09-19 05:29:53.425,4.178055555556
Long Yeast Grow,pioreactor02,2025-09-19T03:29:53.434Z,PID output = 1.794000000000008,app,DEBUG,temperature_automation,2025-09-19 05:29:53.434,4.178055555556
Long Yeast Grow,pioreactor02,2025-09-19T03:33:13.406Z,"features={'previous_heater_dc': 44.04, 'room_temp': 22.0, 'is_rpi_zero': False, 'volume': 14.0, 'time_series_of_temp': [45.125, 42.958333333333336, 41.385416666666664, 40.052083333333336, 38.875, 37.885416666666664, 36.979166666666664, 36.1875, 35.46875, 34.833333333333336, 34.25, 33.739583333333336, 33.25, 32.8125, 32.4375, 32.0625, 31.6875, 31.395833333333332, 31.125, 30.875, 30.572916666666668]}",app,DEBUG,temperature_automation,2025-09-19 05:33:13.406,4.233611111111
Long Yeast Grow,pioreactor02,2025-09-19T03:33:13.415Z,PID output = -0.049999999999997824,app,DEBUG,temperature_automation,2025-09-19 05:33:13.415,4.233611111111
Long Yeast Grow,pioreactor02,2025-09-19T03:36:33.406Z,"features={'previous_heater_dc': 43.99, 'room_temp': 22.0, 'is_rpi_zero': False, 'volume': 14.0, 'time_series_of_temp': [45.1875, 43.020833333333336, 41.427083333333336, 40.104166666666664, 38.947916666666664, 37.947916666666664, 37.03125, 36.239583333333336, 35.53125, 34.885416666666664, 34.3125, 33.791666666666664, 33.3125, 32.875, 32.458333333333336, 32.104166666666664, 31.75, 31.4375, 31.1875, 30.875, 30.635416666666668]}",app,DEBUG,temperature_automation,2025-09-19 05:36:33.406,4.289166666667
Long Yeast Grow,pioreactor02,2025-09-19T03:36:33.416Z,PID output = -0.2839999999999975,app,DEBUG,temperature_automation,2025-09-19 05:36:33.416,4.289166666667
Long Yeast Grow,pioreactor02,2025-09-19T03:39:53.406Z,"features={'previous_heater_dc': 43.71, 'room_temp': 22.0, 'is_rpi_zero': False, 'volume': 14.0, 'time_series_of_temp': [45.125, 42.9375, 41.385416666666664, 40.041666666666664, 38.885416666666664, 37.875, 36.989583333333336, 36.1875, 35.5, 34.854166666666664, 34.260416666666664, 33.760416666666664, 33.270833333333336, 32.822916666666664, 32.4375, 32.0625, 31.739583333333332, 31.4375, 31.125, 30.875, 30.625]}",app,DEBUG,temperature_automation,2025-09-19 05:39:53.406,4.344722222222
Long Yeast Grow,pioreactor02,2025-09-19T03:39:53.415Z,PID output = 0.13000000000000186,app,DEBUG,temperature_automation,2025-09-19 05:39:53.415,4.344722222222
Long Yeast Grow,pioreactor02,2025-09-19T03:43:13.407Z,"features={'previous_heater_dc': 43.84, 'room_temp': 22.0, 'is_rpi_zero': False, 'volume': 14.0, 'time_series_of_temp': [45.145833333333336, 42.96875, 41.395833333333336, 40.072916666666664, 38.895833333333336, 37.885416666666664, 37.0, 36.197916666666664, 35.5, 34.875, 34.28125, 33.75, 33.28125, 32.864583333333336, 32.447916666666664, 32.0625, 31.75, 31.4375, 31.125, 30.875, 30.625]}",app,DEBUG,temperature_automation,2025-09-19 05:43:13.407,4.400277777778
Long Yeast Grow,pioreactor02,2025-09-19T03:43:13.415Z,PID output = -0.5179999999999971,app,DEBUG,temperature_automation,2025-09-19 05:43:13.415,4.400277777778
Long Yeast Grow,pioreactor02,2025-09-19T03:46:33.405Z,"features={'previous_heater_dc': 43.32, 'room_temp': 22.0, 'is_rpi_zero': False, 'volume': 14.0, 'time_series_of_temp': [44.9375, 42.802083333333336, 41.229166666666664, 39.916666666666664, 38.760416666666664, 37.770833333333336, 36.885416666666664, 36.104166666666664, 35.385416666666664, 34.760416666666664, 34.1875, 33.6875, 33.197916666666664, 32.78125, 32.375, 32.010416666666664, 31.677083333333332, 31.375, 31.083333333333332, 30.8125, 30.5625]}",app,DEBUG,temperature_automation,2025-09-19 05:46:33.405,4.455833333333
Long Yeast Grow,pioreactor02,2025-09-19T03:46:33.415Z,PID output = 0.25600000000000733,app,DEBUG,temperature_automation,2025-09-19 05:46:33.415,4.455833333333
Long Yeast Grow,pioreactor02,2025-09-19T03:49:53.406Z,"features={'previous_heater_dc': 43.58, 'room_temp': 22.0, 'is_rpi_zero': False, 'volume': 14.0, 'time_series_of_temp': [45.0, 42.875, 41.291666666666664, 39.979166666666664, 38.8125, 37.8125, 36.927083333333336, 36.125, 35.4375, 34.802083333333336, 34.208333333333336, 33.6875, 33.239583333333336, 32.802083333333336, 32.375, 32.020833333333336, 31.6875, 31.375, 31.125, 30.822916666666668, 30.5625]}",app,DEBUG,temperature_automation,2025-09-19 05:49:53.406,4.511388888889
Long Yeast Grow,pioreactor02,2025-09-19T03:49:53.415Z,PID output = 0.8899999999999856,app,DEBUG,temperature_automation,2025-09-19 05:49:53.415,4.511388888889
Long Yeast Grow,pioreactor02,2025-09-19T03:53:13.408Z,"features={'previous_heater_dc': 44.47, 'room_temp': 22.0, 'is_rpi_zero': False, 'volume': 14.0, 'time_series_of_temp': [45.375, 43.15625, 41.572916666666664, 40.197916666666664, 39.03125, 38.010416666666664, 37.083333333333336, 36.291666666666664, 35.572916666666664, 34.9375, 34.375, 33.8125, 33.333333333333336, 32.916666666666664, 32.5, 32.125, 31.8125, 31.5, 31.1875, 30.9375, 30.677083333333332]}",app,DEBUG,temperature_automation,2025-09-19 05:53:13.408,4.566944444444
Long Yeast Grow,pioreactor02,2025-09-19T03:53:13.417Z,PID output = -0.5979999999999954,app,DEBUG,temperature_automation,2025-09-19 05:53:13.417,4.566944444444
Long Yeast Grow,pioreactor02,2025-09-19T03:56:33.407Z,"features={'previous_heater_dc': 43.87, 'room_temp': 22.0, 'is_rpi_zero': False, 'volume': 14.0, 'time_series_of_temp': [45.166666666666664, 42.96875, 41.40625, 40.0625, 38.90625, 37.885416666666664, 37.0, 36.197916666666664, 35.479166666666664, 34.822916666666664, 34.25, 33.75, 33.25, 32.8125, 32.4375, 32.052083333333336, 31.697916666666668, 31.395833333333332, 31.125, 30.864583333333332, 30.583333333333332]}",app,DEBUG,temperature_automation,2025-09-19 05:56:33.407,4.6225
Long Yeast Grow,pioreactor02,2025-09-19T03:56:33.417Z,PID output = 0.7919999999999958,app,DEBUG,temperature_automation,2025-09-19 05:56:33.417,4.6225
Long Yeast Grow,pioreactor02,2025-09-19T03:59:53.406Z,"features={'previous_heater_dc': 44.66, 'room_temp': 22.0, 'is_rpi_zero': False, 'volume': 14.0, 'time_series_of_temp': [45.4375, 43.229166666666664, 41.614583333333336, 40.260416666666664, 39.104166666666664, 38.0625, 37.135416666666664, 36.333333333333336, 35.614583333333336, 34.979166666666664, 34.375, 33.875, 33.375, 32.9375, 32.5, 32.145833333333336, 31.8125, 31.5, 31.1875, 30.927083333333332, 30.65625]}",app,DEBUG,temperature_automation,2025-09-19 05:59:53.406,4.678055555556
Long Yeast Grow,pioreactor02,2025-09-19T03:59:53.415Z,PID output = -0.8660000000000024,app,DEBUG,temperature_automation,2025-09-19 05:59:53.415,4.678055555556
Long Yeast Grow,pioreactor02,2025-09-19T04:03:13.407Z,"features={'previous_heater_dc': 43.79, 'room_temp': 22.0, 'is_rpi_zero': False, 'volume': 14.0, 'time_series_of_temp': [45.125, 42.96875, 41.375, 40.041666666666664, 38.90625, 37.895833333333336, 36.989583333333336, 36.197916666666664, 35.489583333333336, 34.854166666666664, 34.28125, 33.75, 33.270833333333336, 32.84375, 32.4375, 32.0625, 31.75, 31.427083333333332, 31.125, 30.875, 30.614583333333332]}",app,DEBUG,temperature_automation,2025-09-19 06:03:13.407,4.733611111111
Long Yeast Grow,pioreactor02,2025-09-19T04:03:13.417Z,PID output = 0.44600000000001144,app,DEBUG,temperature_automation,2025-09-19 06:03:13.417,4.733611111111
Long Yeast Grow,pioreactor02,2025-09-19T04:06:33.407Z,"features={'previous_heater_dc': 44.24, 'room_temp': 22.0, 'is_rpi_zero': False, 'volume': 14.0, 'time_series_of_temp': [45.3125, 43.125, 41.53125, 40.197916666666664, 39.020833333333336, 38.0, 37.09375, 36.302083333333336, 35.583333333333336, 34.9375, 34.375, 33.822916666666664, 33.364583333333336, 32.9375, 32.5, 32.125, 31.8125, 31.5, 31.1875, 30.9375, 30.65625]}",app,DEBUG,temperature_automation,2025-09-19 06:06:33.407,4.789166666667
Long Yeast Grow,pioreactor02,2025-09-19T04:06:33.416Z,PID output = -0.7860000000000041,app,DEBUG,temperature_automation,2025-09-19 06:06:33.416,4.789166666667
Long Yeast Grow,pioreactor02,2025-09-19T04:09:53.406Z,"features={'previous_heater_dc': 43.45, 'room_temp': 22.0, 'is_rpi_zero': False, 'volume': 14.0, 'time_series_of_temp': [45.0, 42.864583333333336, 41.302083333333336, 39.958333333333336, 38.822916666666664, 37.822916666666664, 36.9375, 36.145833333333336, 35.447916666666664, 34.8125, 34.25, 33.729166666666664, 33.25, 32.8125, 32.4375, 32.0625, 31.697916666666668, 31.40625, 31.125, 30.875, 30.625]}",app,DEBUG,temperature_automation,2025-09-19 06:09:53.406,4.844722222222
Long Yeast Grow,pioreactor02,2025-09-19T04:09:53.415Z,PID output = 0.7019999999999932,app,DEBUG,temperature_automation,2025-09-19 06:09:53.415,4.844722222222
Long Yeast Grow,pioreactor02,2025-09-19T04:13:13.406Z,"features={'previous_heater_dc': 44.15, 'room_temp': 22.0, 'is_rpi_zero': False, 'volume': 14.0, 'time_series_of_temp': [45.25, 43.083333333333336, 41.479166666666664, 40.145833333333336, 38.989583333333336, 37.979166666666664, 37.0625, 36.270833333333336, 35.5625, 34.895833333333336, 34.322916666666664, 33.8125, 33.322916666666664, 32.875, 32.5, 32.125, 31.760416666666668, 31.447916666666668, 31.1875, 30.875, 30.645833333333332]}",app,DEBUG,temperature_automation,2025-09-19 06:13:13.406,4.900277777778
Long Yeast Grow,pioreactor02,2025-09-19T04:13:13.416Z,PID output = 0.10399999999999779,app,DEBUG,temperature_automation,2025-09-19 06:13:13.416,4.900277777778
Long Yeast Grow,pioreactor02,2025-09-19T04:16:33.407Z,"features={'previous_heater_dc': 44.25, 'room_temp': 22.0, 'is_rpi_zero': False, 'volume': 14.0, 'time_series_of_temp': [45.3125, 43.125, 41.53125, 40.1875, 39.03125, 38.020833333333336, 37.09375, 36.302083333333336, 35.583333333333336, 34.9375, 34.364583333333336, 33.84375, 33.375, 32.927083333333336, 32.5, 32.135416666666664, 31.8125, 31.5, 31.1875, 30.9375, 30.677083333333332]}",app,DEBUG,temperature_automation,2025-09-19 06:16:33.407,4.955833333333
Long Yeast Grow,pioreactor02,2025-09-19T04:16:33.417Z,PID output = -0.25600000000000733,app,DEBUG,temperature_automation,2025-09-19 06:16:33.417,4.955833333333
Long Yeast Grow,pioreactor02,2025-09-19T04:19:53.409Z,"features={'previous_heater_dc': 43.99, 'room_temp': 22.0, 'is_rpi_zero': False, 'volume': 14.0, 'time_series_of_temp': [45.25, 43.072916666666664, 41.489583333333336, 40.166666666666664, 39.0, 37.979166666666664, 37.09375, 36.28125, 35.572916666666664, 34.9375, 34.354166666666664, 33.8125, 33.34375, 32.927083333333336, 32.5, 32.125, 31.8125, 31.5, 31.1875, 30.927083333333332, 30.6875]}",app,DEBUG,temperature_automation,2025-09-19 06:19:53.409,5.011388888889
Long Yeast Grow,pioreactor02,2025-09-19T04:19:53.418Z,PID output = 0.40600000000001235,app,DEBUG,temperature_automation,2025-09-19 06:19:53.418,5.011388888889
Long Yeast Grow,pioreactor02,2025-09-19T04:23:13.406Z,"features={'previous_heater_dc': 44.4, 'room_temp': 22.0, 'is_rpi_zero': False, 'volume': 14.0, 'time_series_of_temp': [45.4375, 43.229166666666664, 41.604166666666664, 40.270833333333336, 39.104166666666664, 38.0625, 37.166666666666664, 36.364583333333336, 35.645833333333336, 35.0, 34.4375, 33.875, 33.385416666666664, 32.947916666666664, 32.5625, 32.1875, 31.822916666666668, 31.510416666666668, 31.229166666666668, 30.9375, 30.6875]}",app,DEBUG,temperature_automation,2025-09-19 06:23:13.406,5.066944444444
Long Yeast Grow,pioreactor02,2025-09-19T04:23:13.416Z,PID output = -1.8860000000000063,app,DEBUG,temperature_automation,2025-09-19 06:23:13.416,5.066944444444
Long Yeast Grow,pioreactor02,2025-09-19T04:26:33.407Z,"features={'previous_heater_dc': 42.51, 'room_temp': 22.0, 'is_rpi_zero': False, 'volume': 14.0, 'time_series_of_temp': [44.6875, 42.572916666666664, 41.041666666666664, 39.729166666666664, 38.614583333333336, 37.614583333333336, 36.75, 36.0, 35.270833333333336, 34.666666666666664, 34.114583333333336, 33.604166666666664, 33.125, 32.6875, 32.3125, 31.9375, 31.625, 31.3125, 31.041666666666668, 30.770833333333332, 30.5]}",app,DEBUG,temperature_automation,2025-09-19 06:26:33.407,5.1225
Long Yeast Grow,pioreactor02,2025-09-19T04:26:33.416Z,PID output = 0.6979999999999967,app,DEBUG,temperature_automation,2025-09-19 06:26:33.416,5.1225
Long Yeast Grow,pioreactor02,2025-09-19T04:29:53.406Z,"features={'previous_heater_dc': 43.21, 'room_temp': 22.0, 'is_rpi_zero': False, 'volume': 14.0, 'time_series_of_temp': [44.875, 42.729166666666664, 41.15625, 39.854166666666664, 38.697916666666664, 37.71875, 36.833333333333336, 36.052083333333336, 35.354166666666664, 34.71875, 34.145833333333336, 33.625, 33.15625, 32.75, 32.354166666666664, 31.96875, 31.625, 31.322916666666668, 31.0625, 30.791666666666668, 30.541666666666668]}",app,DEBUG,temperature_automation,2025-09-19 06:29:53.406,5.178055555556
Long Yeast Grow,pioreactor02,2025-09-19T04:29:53.415Z,PID output = 0.37400000000000017,app,DEBUG,temperature_automation,2025-09-19 06:29:53.415,5.178055555556
Long Yeast Grow,pioreactor02,2025-09-19T04:33:13.406Z,"features={'previous_heater_dc': 43.58, 'room_temp': 22.0, 'is_rpi_zero': False, 'volume': 14.0, 'time_series_of_temp': [45.0, 42.854166666666664, 41.270833333333336, 39.947916666666664, 38.802083333333336, 37.791666666666664, 36.895833333333336, 36.125, 35.416666666666664, 34.75, 34.1875, 33.6875, 33.1875, 32.760416666666664, 32.375, 32.0, 31.677083333333332, 31.364583333333332, 31.072916666666668, 30.8125, 30.5625]}",app,DEBUG,temperature_automation,2025-09-19 06:33:13.406,5.233611111111
Long Yeast Grow,pioreactor02,2025-09-19T04:33:13.416Z,PID output = 1.060000000000003,app,DEBUG,temperature_automation,2025-09-19 06:33:13.416,5.233611111111
Long Yeast Grow,pioreactor02,2025-09-19T04:36:33.407Z,"features={'previous_heater_dc': 44.64, 'room_temp': 22.0, 'is_rpi_zero': False, 'volume': 14.0, 'time_series_of_temp': [45.40625, 43.208333333333336, 41.583333333333336, 40.229166666666664, 39.041666666666664, 38.03125, 37.114583333333336, 36.3125, 35.583333333333336, 34.9375, 34.354166666666664, 33.8125, 33.322916666666664, 32.885416666666664, 32.5, 32.104166666666664, 31.75, 31.447916666666668, 31.166666666666668, 30.875, 30.625]}",app,DEBUG,temperature_automation,2025-09-19 06:36:33.407,5.289166666667
Long Yeast Grow,pioreactor02,2025-09-19T04:36:33.416Z,PID output = -0.5920000000000036,app,DEBUG,temperature_automation,2025-09-19 06:36:33.416,5.289166666667
Long Yeast Grow,pioreactor02,2025-09-19T04:39:53.406Z,"features={'previous_heater_dc': 44.05, 'room_temp': 22.0, 'is_rpi_zero': False, 'volume': 14.0, 'time_series_of_temp': [45.1875, 43.020833333333336, 41.40625, 40.083333333333336, 38.916666666666664, 37.895833333333336, 36.989583333333336, 36.1875, 35.479166666666664, 34.833333333333336, 34.25, 33.71875, 33.25, 32.8125, 32.427083333333336, 32.03125, 31.697916666666668, 31.375, 31.114583333333332, 30.84375, 30.5625]}",app,DEBUG,temperature_automation,2025-09-19 06:39:53.406,5.344722222222
Long Yeast Grow,pioreactor02,2025-09-19T04:39:53.415Z,PID output = 0.6999999999999978,app,DEBUG,temperature_automation,2025-09-19 06:39:53.415,5.344722222222
Long Yeast Grow,pioreactor02,2025-09-19T04:43:13.405Z,"features={'previous_heater_dc': 44.75, 'room_temp': 22.0, 'is_rpi_zero': False, 'volume': 14.0, 'time_series_of_temp': [45.4375, 43.229166666666664, 41.625, 40.25, 39.072916666666664, 38.052083333333336, 37.135416666666664, 36.322916666666664, 35.604166666666664, 34.9375, 34.375, 33.833333333333336, 33.354166666666664, 32.90625, 32.5, 32.125, 31.791666666666668, 31.447916666666668, 31.177083333333332, 30.875, 30.625]}",app,DEBUG,temperature_automation,2025-09-19 06:43:13.405,5.400277777778
Long Yeast Grow,pioreactor02,2025-09-19T04:43:13.415Z,PID output = -0.7220000000000055,app,DEBUG,temperature_automation,2025-09-19 06:43:13.415,5.400277777778
Long Yeast Grow,pioreactor02,2025-09-19T04:46:33.407Z,"features={'previous_heater_dc': 44.03, 'room_temp': 22.0, 'is_rpi_zero': False, 'volume': 14.0, 'time_series_of_temp': [45.1875, 43.010416666666664, 41.40625, 40.083333333333336, 38.895833333333336, 37.916666666666664, 37.0, 36.1875, 35.479166666666664, 34.854166666666664, 34.25, 33.739583333333336, 33.25, 32.8125, 32.4375, 32.041666666666664, 31.6875, 31.385416666666668, 31.114583333333332, 30.833333333333332, 30.5625]}",app,DEBUG,temperature_automation,2025-09-19 06:46:33.407,5.455833333333
Long Yeast Grow,pioreactor02,2025-09-19T04:46:33.416Z,PID output = 0.4980000000000103,app,DEBUG,temperature_automation,2025-09-19 06:46:33.416,5.455833333333
Long Yeast Grow,pioreactor02,2025-09-19T04:49:53.407Z,"features={'previous_heater_dc': 44.53, 'room_temp': 22.0, 'is_rpi_zero': False, 'volume': 14.0, 'time_series_of_temp': [45.333333333333336, 43.114583333333336, 41.541666666666664, 40.166666666666664, 39.0, 37.979166666666664, 37.0625, 36.25, 35.53125, 34.875, 34.302083333333336, 33.760416666666664, 33.291666666666664, 32.84375, 32.4375, 32.0625, 31.739583333333332, 31.427083333333332, 31.125, 30.854166666666668, 30.572916666666668]}",app,DEBUG,temperature_automation,2025-09-19 06:49:53.407,5.511388888889
Long Yeast Grow,pioreactor02,2025-09-19T04:49:53.416Z,PID output = 0.8499999999999864,app,DEBUG,temperature_automation,2025-09-19 06:49:53.416,5.511388888889
Long Yeast Grow,pioreactor02,2025-09-19T04:53:13.406Z,"features={'previous_heater_dc': 45.38, 'room_temp': 22.0, 'is_rpi_zero': False, 'volume': 14.0, 'time_series_of_temp': [45.6875, 43.416666666666664, 41.78125, 40.40625, 39.21875, 38.1875, 37.25, 36.427083333333336, 35.697916666666664, 35.020833333333336, 34.447916666666664, 33.875, 33.385416666666664, 32.9375, 32.53125, 32.15625, 31.8125, 31.5, 31.1875, 30.916666666666668, 30.65625]}",app,DEBUG,temperature_automation,2025-09-19 06:53:13.406,5.566944444444
Long Yeast Grow,pioreactor02,2025-09-19T04:53:13.417Z,PID output = 0.17400000000001373,app,DEBUG,temperature_automation,2025-09-19 06:53:13.417,5.566944444444
Long Yeast Grow,pioreactor02,2025-09-19T04:56:33.407Z,"features={'previous_heater_dc': 45.55, 'room_temp': 22.0, 'is_rpi_zero': False, 'volume': 14.0, 'time_series_of_temp': [45.770833333333336, 43.5, 41.864583333333336, 40.479166666666664, 39.28125, 38.239583333333336, 37.302083333333336, 36.5, 35.75, 35.104166666666664, 34.5, 33.9375, 33.447916666666664, 33.0, 32.5625, 32.1875, 31.875, 31.53125, 31.25, 30.9375, 30.6875]}",app,DEBUG,temperature_automation,2025-09-19 06:56:33.407,5.6225
Long Yeast Grow,pioreactor02,2025-09-19T04:56:33.416Z,PID output = -0.6960000000000015,app,DEBUG,temperature_automation,2025-09-19 06:56:33.416,5.6225
Long Yeast Grow,pioreactor02,2025-09-19T04:59:53.407Z,"features={'previous_heater_dc': 44.85, 'room_temp': 22.0, 'is_rpi_zero': False, 'volume': 14.0, 'time_series_of_temp': [45.520833333333336, 43.291666666666664, 41.677083333333336, 40.3125, 39.145833333333336, 38.114583333333336, 37.1875, 36.375, 35.635416666666664, 35.0, 34.40625, 33.875, 33.385416666666664, 32.9375, 32.520833333333336, 32.15625, 31.8125, 31.5, 31.1875, 30.927083333333332, 30.666666666666668]}",app,DEBUG,temperature_automation,2025-09-19 06:59:53.407,5.678055555556
Long Yeast Grow,pioreactor02,2025-09-19T04:59:53.417Z,PID output = 0.3799999999999919,app,DEBUG,temperature_automation,2025-09-19 06:59:53.417,5.678055555556
Long Yeast Grow,pioreactor02,2025-09-19T05:03:13.407Z,"features={'previous_heater_dc': 45.23, 'room_temp': 22.0, 'is_rpi_zero': False, 'volume': 14.0, 'time_series_of_temp': [45.6875, 43.4375, 41.8125, 40.427083333333336, 39.260416666666664, 38.197916666666664, 37.291666666666664, 36.46875, 35.75, 35.072916666666664, 34.489583333333336, 33.9375, 33.4375, 33.0, 32.614583333333336, 32.21875, 31.875, 31.552083333333332, 31.25, 30.958333333333332, 30.708333333333332]}",app,DEBUG,temperature_automation,2025-09-19 07:03:13.407,5.733611111111
Long Yeast Grow,pioreactor02,2025-09-19T05:03:13.417Z,PID output = -0.975999999999992,app,DEBUG,temperature_automation,2025-09-19 07:03:13.417,5.733611111111
Long Yeast Grow,pioreactor02,2025-09-19T05:06:33.407Z,"features={'previous_heater_dc': 44.25, 'room_temp': 22.0, 'is_rpi_zero': False, 'volume': 14.0, 'time_series_of_temp': [45.375, 43.166666666666664, 41.5625, 40.239583333333336, 39.072916666666664, 38.041666666666664, 37.135416666666664, 36.34375, 35.614583333333336, 34.989583333333336, 34.395833333333336, 33.875, 33.375, 32.9375, 32.53125, 32.177083333333336, 31.822916666666668, 31.5, 31.197916666666668, 30.947916666666668, 30.6875]}",app,DEBUG,temperature_automation,2025-09-19 07:06:33.407,5.789166666667
Long Yeast Grow,pioreactor02,2025-09-19T05:06:33.417Z,PID output = -0.5020000000000067,app,DEBUG,temperature_automation,2025-09-19 07:06:33.417,5.789166666667
Long Yeast Grow,pioreactor02,2025-09-19T05:09:53.408Z,"features={'previous_heater_dc': 43.75, 'room_temp': 22.0, 'is_rpi_zero': False, 'volume': 14.0, 'time_series_of_temp': [45.1875, 43.010416666666664, 41.4375, 40.114583333333336, 38.947916666666664, 37.947916666666664, 37.041666666666664, 36.25, 35.541666666666664, 34.895833333333336, 34.322916666666664, 33.8125, 33.322916666666664, 32.895833333333336, 32.5, 32.125, 31.8125, 31.489583333333332, 31.1875, 30.9375, 30.677083333333332]}",app,DEBUG,temperature_automation,2025-09-19 07:09:53.408,5.844722222222
Long Yeast Grow,pioreactor02,2025-09-19T05:09:53.417Z,PID output = 0.6440000000000026,app,DEBUG,temperature_automation,2025-09-19 07:09:53.417,5.844722222222
Long Yeast Grow,pioreactor02,2025-09-19T05:13:13.408Z,"features={'previous_heater_dc': 44.39, 'room_temp': 22.0, 'is_rpi_zero': False, 'volume': 14.0, 'time_series_of_temp': [45.4375, 43.21875, 41.614583333333336, 40.260416666666664, 39.09375, 38.072916666666664, 37.177083333333336, 36.375, 35.645833333333336, 35.0, 34.416666666666664, 33.875, 33.385416666666664, 32.958333333333336, 32.5625, 32.1875, 31.84375, 31.510416666666668, 31.25, 30.947916666666668, 30.71875]}",app,DEBUG,temperature_automation,2025-09-19 07:13:13.408,5.900277777778
Long Yeast Grow,pioreactor02,2025-09-19T05:13:13.417Z,PID output = -0.7919999999999958,app,DEBUG,temperature_automation,2025-09-19 07:13:13.417,5.900277777778
Long Yeast Grow,pioreactor02,2025-09-19T05:16:33.407Z,"features={'previous_heater_dc': 43.6, 'room_temp': 22.0, 'is_rpi_zero': False, 'volume': 14.0, 'time_series_of_temp': [45.114583333333336, 42.9375, 41.354166666666664, 40.03125, 38.875, 37.875, 36.989583333333336, 36.1875, 35.5, 34.854166666666664, 34.270833333333336, 33.75, 33.270833333333336, 32.854166666666664, 32.4375, 32.0625, 31.75, 31.4375, 31.125, 30.875, 30.625]}",app,DEBUG,temperature_automation,2025-09-19 07:16:33.407,5.955833333333
Long Yeast Grow,pioreactor02,2025-09-19T05:16:33.417Z,PID output = -0.28599999999999853,app,DEBUG,temperature_automation,2025-09-19 07:16:33.417,5.955833333333
Long Yeast Grow,pioreactor02,2025-09-19T05:19:53.406Z,"features={'previous_heater_dc': 43.31, 'room_temp': 22.0, 'is_rpi_zero': False, 'volume': 14.0, 'time_series_of_temp': [44.947916666666664, 42.8125, 41.260416666666664, 39.916666666666664, 38.770833333333336, 37.78125, 36.885416666666664, 36.114583333333336, 35.416666666666664, 34.791666666666664, 34.208333333333336, 33.6875, 33.21875, 32.8125, 32.385416666666664, 32.052083333333336, 31.697916666666668, 31.375, 31.125, 30.875, 30.625]}",app,DEBUG,temperature_automation,2025-09-19 07:19:53.406,6.011388888889
Long Yeast Grow,pioreactor02,2025-09-19T05:19:53.415Z,PID output = 1.2260000000000075,app,DEBUG,temperature_automation,2025-09-19 07:19:53.415,6.011388888889
Long Yeast Grow,pioreactor02,2025-09-19T05:23:13.405Z,"features={'previous_heater_dc': 44.54, 'room_temp': 22.0, 'is_rpi_zero': False, 'volume': 14.0, 'time_series_of_temp': [45.4375, 43.239583333333336, 41.625, 40.270833333333336, 39.104166666666664, 38.0625, 37.15625, 36.34375, 35.625, 34.958333333333336, 34.375, 33.833333333333336, 33.364583333333336, 32.90625, 32.5, 32.125, 31.760416666666668, 31.479166666666668, 31.1875, 30.895833333333332, 30.645833333333332]}",app,DEBUG,temperature_automation,2025-09-19 07:23:13.405,6.066944444444
Long Yeast Grow,pioreactor02,2025-09-19T05:23:13.415Z,PID output = 0.5479999999999976,app,DEBUG,temperature_automation,2025-09-19 07:23:13.415,6.066944444444
Long Yeast Grow,pioreactor02,2025-09-19T05:26:33.409Z,"features={'previous_heater_dc': 45.09, 'room_temp': 22.0, 'is_rpi_zero': False, 'volume': 14.0, 'time_series_of_temp': [45.6875, 43.46875, 41.822916666666664, 40.46875, 39.291666666666664, 38.25, 37.354166666666664, 36.541666666666664, 35.8125, 35.145833333333336, 34.5625, 34.03125, 33.541666666666664, 33.09375, 32.6875, 32.3125, 31.979166666666668, 31.65625, 31.375, 31.083333333333332, 30.875]}",app,DEBUG,temperature_automation,2025-09-19 07:26:33.409,6.1225
Long Yeast Grow,pioreactor02,2025-09-19T05:26:33.419Z,PID output = -1.0759999999999934,app,DEBUG,temperature_automation,2025-09-19 07:26:33.419,6.1225
Long Yeast Grow,pioreactor02,2025-09-19T05:29:53.408Z,"features={'previous_heater_dc': 44.01, 'room_temp': 22.0, 'is_rpi_zero': False, 'volume': 14.0, 'time_series_of_temp': [45.395833333333336, 43.21875, 41.614583333333336, 40.28125, 39.114583333333336, 38.114583333333336, 37.1875, 36.395833333333336, 35.6875, 35.041666666666664, 34.46875, 33.9375, 33.447916666666664, 33.0, 32.625, 32.25, 31.90625, 31.625, 31.3125, 31.041666666666668, 30.8125]}",app,DEBUG,temperature_automation,2025-09-19 07:29:53.408,6.178055555556
Long Yeast Grow,pioreactor02,2025-09-19T05:29:53.418Z,PID output = 0.13199999999999718,app,DEBUG,temperature_automation,2025-09-19 07:29:53.418,6.178055555556
Long Yeast Grow,pioreactor02,2025-09-19T05:33:13.410Z,"features={'previous_heater_dc': 44.14, 'room_temp': 22.0, 'is_rpi_zero': False, 'volume': 14.0, 'time_series_of_temp': [45.5, 43.302083333333336, 41.697916666666664, 40.354166666666664, 39.208333333333336, 38.1875, 37.3125, 36.5, 35.78125, 35.135416666666664, 34.5625, 34.03125, 33.5625, 33.125, 32.708333333333336, 32.364583333333336, 32.0, 31.6875, 31.427083333333332, 31.125, 30.875]}",app,DEBUG,temperature_automation,2025-09-19 07:33:13.410,6.233611111111
Long Yeast Grow,pioreactor02,2025-09-19T05:33:13.420Z,PID output = -3.0039999999999996,app,DEBUG,temperature_automation,2025-09-19 07:33:13.420,6.233611111111
Long Yeast Grow,pioreactor02,2025-09-19T05:36:33.408Z,"features={'previous_heater_dc': 41.14, 'room_temp': 22.0, 'is_rpi_zero': False, 'volume': 14.0, 'time_series_of_temp': [44.375, 42.333333333333336, 40.833333333333336, 39.572916666666664, 38.5, 37.541666666666664, 36.697916666666664, 35.947916666666664, 35.260416666666664, 34.666666666666664, 34.125, 33.625, 33.1875, 32.75, 32.395833333333336, 32.0625, 31.75, 31.4375, 31.177083333333332, 30.927083333333332, 30.6875]}",app,DEBUG,temperature_automation,2025-09-19 07:36:33.408,6.289166666667
Long Yeast Grow,pioreactor02,2025-09-19T05:36:33.417Z,PID output = 1.4020000000000108,app,DEBUG,temperature_automation,2025-09-19 07:36:33.417,6.289166666667
Long Yeast Grow,pioreactor02,2025-09-19T05:39:53.405Z,"features={'previous_heater_dc': 42.54, 'room_temp': 22.0, 'is_rpi_zero': False, 'volume': 14.0, 'time_series_of_temp': [44.875, 42.75, 41.197916666666664, 39.90625, 38.78125, 37.8125, 36.9375, 36.135416666666664, 35.458333333333336, 34.822916666666664, 34.25, 33.760416666666664, 33.3125, 32.875, 32.5, 32.125, 31.8125, 31.5, 31.25, 31.0, 30.75]}",app,DEBUG,temperature_automation,2025-09-19 07:39:53.405,6.344722222222
Long Yeast Grow,pioreactor02,2025-09-19T05:39:53.414Z,PID output = 0.4400000000000034,app,DEBUG,temperature_automation,2025-09-19 07:39:53.414,6.344722222222
Long Yeast Grow,pioreactor02,2025-09-19T05:43:13.406Z,"features={'previous_heater_dc': 42.98, 'room_temp': 22.0, 'is_rpi_zero': False, 'volume': 14.0, 'time_series_of_temp': [45.020833333333336, 42.90625, 41.354166666666664, 40.03125, 38.895833333333336, 37.916666666666664, 37.020833333333336, 36.25, 35.5625, 34.9375, 34.375, 33.875, 33.375, 32.958333333333336, 32.5625, 32.197916666666664, 31.875, 31.572916666666668, 31.28125, 31.010416666666668, 30.78125]}",app,DEBUG,temperature_automation,2025-09-19 07:43:13.406,6.400277777778
Long Yeast Grow,pioreactor02,2025-09-19T05:43:13.414Z,PID output = -1.629999999999999,app,DEBUG,temperature_automation,2025-09-19 07:43:13.414,6.400277777778
Long Yeast Grow,pioreactor02,2025-09-19T05:46:33.406Z,"features={'previous_heater_dc': 41.35, 'room_temp': 22.0, 'is_rpi_zero': False, 'volume': 14.0, 'time_series_of_temp': [44.395833333333336, 42.354166666666664, 40.833333333333336, 39.572916666666664, 38.5, 37.53125, 36.6875, 35.927083333333336, 35.25, 34.645833333333336, 34.125, 33.625, 33.1875, 32.770833333333336, 32.427083333333336, 32.0625, 31.75, 31.447916666666668, 31.1875, 30.9375, 30.6875]}",app,DEBUG,temperature_automation,2025-09-19 07:46:33.406,6.455833333333
Long Yeast Grow,pioreactor02,2025-09-19T05:46:33.415Z,PID output = -0.5719999999999971,app,DEBUG,temperature_automation,2025-09-19 07:46:33.415,6.455833333333
Long Yeast Grow,pioreactor02,2025-09-19T05:49:53.407Z,"features={'previous_heater_dc': 40.78, 'room_temp': 22.0, 'is_rpi_zero': False, 'volume': 14.0, 'time_series_of_temp': [44.1875, 42.15625, 40.666666666666664, 39.4375, 38.354166666666664, 37.416666666666664, 36.572916666666664, 35.822916666666664, 35.166666666666664, 34.5625, 34.03125, 33.552083333333336, 33.114583333333336, 32.6875, 32.3125, 31.989583333333332, 31.677083333333332, 31.375, 31.083333333333332, 30.864583333333332, 30.59375]}",app,DEBUG,temperature_automation,2025-09-19 07:49:53.407,6.511388888889
Long Yeast Grow,pioreactor02,2025-09-19T05:49:53.416Z,PID output = -0.7880000000000053,app,DEBUG,temperature_automation,2025-09-19 07:49:53.416,6.511388888889
Long Yeast Grow,pioreactor02,2025-09-19T05:53:13.405Z,"features={'previous_heater_dc': 39.99, 'room_temp': 22.0, 'is_rpi_zero': False, 'volume': 14.0, 'time_series_of_temp': [43.75, 41.770833333333336, 40.322916666666664, 39.09375, 38.041666666666664, 37.125, 36.291666666666664, 35.5625, 34.916666666666664, 34.3125, 33.802083333333336, 33.3125, 32.875, 32.5, 32.125, 31.8125, 31.5, 31.239583333333332, 30.947916666666668, 30.729166666666668, 30.5]}",app,DEBUG,temperature_automation,2025-09-19 07:53:13.405,6.566944444444
Long Yeast Grow,pioreactor02,2025-09-19T05:53:13.414Z,PID output = 2.8779999999999886,app,DEBUG,temperature_automation,2025-09-19 07:53:13.414,6.566944444444
Long Yeast Grow,pioreactor02,2025-09-19T05:56:33.407Z,"features={'previous_heater_dc': 42.87, 'room_temp': 22.0, 'is_rpi_zero': False, 'volume': 14.0, 'time_series_of_temp': [44.90625, 42.78125, 41.21875, 39.927083333333336, 38.802083333333336, 37.822916666666664, 36.9375, 36.166666666666664, 35.479166666666664, 34.864583333333336, 34.3125, 33.791666666666664, 33.3125, 32.895833333333336, 32.510416666666664, 32.135416666666664, 31.8125, 31.5, 31.239583333333332, 30.989583333333332, 30.75]}",app,DEBUG,temperature_automation,2025-09-19 07:56:33.407,6.6225
Long Yeast Grow,pioreactor02,2025-09-19T05:56:33.417Z,PID output = -2.255999999999994,app,DEBUG,temperature_automation,2025-09-19 07:56:33.417,6.6225
Long Yeast Grow,pioreactor02,2025-09-19T05:59:53.405Z,"features={'previous_heater_dc': 40.61, 'room_temp': 22.0, 'is_rpi_zero': False, 'volume': 14.0, 'time_series_of_temp': [44.09375, 42.083333333333336, 40.59375, 39.364583333333336, 38.291666666666664, 37.375, 36.53125, 35.791666666666664, 35.125, 34.5625, 34.0, 33.5, 33.0625, 32.666666666666664, 32.3125, 31.9375, 31.635416666666668, 31.354166666666668, 31.0625, 30.8125, 30.59375]}",app,DEBUG,temperature_automation,2025-09-19 07:59:53.405,6.678055555556
Long Yeast Grow,pioreactor02,2025-09-19T05:59:53.415Z,PID output = -0.7039999999999942,app,DEBUG,temperature_automation,2025-09-19 07:59:53.415,6.678055555556
Long Yeast Grow,pioreactor02,2025-09-19T06:03:13.406Z,"features={'previous_heater_dc': 39.91, 'room_temp': 22.0, 'is_rpi_zero': False, 'volume': 14.0, 'time_series_of_temp': [43.75, 41.760416666666664, 40.302083333333336, 39.083333333333336, 38.052083333333336, 37.114583333333336, 36.3125, 35.572916666666664, 34.9375, 34.34375, 33.822916666666664, 33.333333333333336, 32.90625, 32.5, 32.125, 31.802083333333332, 31.46875, 31.1875, 30.875, 30.65625, 30.427083333333332]}",app,DEBUG,temperature_automation,2025-09-19 08:03:13.406,6.733611111111
Long Yeast Grow,pioreactor02,2025-09-19T06:03:13.416Z,PID output = -1.311999999999994,app,DEBUG,temperature_automation,2025-09-19 08:03:13.416,6.733611111111
Long Yeast Grow,pioreactor02,2025-09-19T06:06:33.408Z,"features={'previous_heater_dc': 38.6, 'room_temp': 22.0, 'is_rpi_zero': False, 'volume': 14.0, 'time_series_of_temp': [43.0625, 41.15625, 39.760416666666664, 38.583333333333336, 37.572916666666664, 36.677083333333336, 35.885416666666664, 35.1875, 34.5625, 34.0, 33.489583333333336, 33.010416666666664, 32.614583333333336, 32.197916666666664, 31.875, 31.510416666666668, 31.25, 30.958333333333332, 30.708333333333332, 30.479166666666668, 30.25]}",app,DEBUG,temperature_automation,2025-09-19 08:06:33.408,6.789166666667
Long Yeast Grow,pioreactor02,2025-09-19T06:06:33.418Z,PID output = 3.2980000000000054,app,DEBUG,temperature_automation,2025-09-19 08:06:33.418,6.789166666667
Long Yeast Grow,pioreactor02,2025-09-19T06:09:53.406Z,"features={'previous_heater_dc': 41.9, 'room_temp': 22.0, 'is_rpi_zero': False, 'volume': 14.0, 'time_series_of_temp': [44.354166666666664, 42.270833333333336, 40.770833333333336, 39.5, 38.385416666666664, 37.4375, 36.583333333333336, 35.833333333333336, 35.15625, 34.5625, 34.0, 33.5, 33.0625, 32.625, 32.25, 31.9375, 31.59375, 31.3125, 31.010416666666668, 30.770833333333332, 30.520833333333332]}",app,DEBUG,temperature_automation,2025-09-19 08:09:53.406,6.844722222222
Long Yeast Grow,pioreactor02,2025-09-19T06:09:53.416Z,PID output = -1.6279999999999977,app,DEBUG,temperature_automation,2025-09-19 08:09:53.416,6.844722222222
Long Yeast Grow,pioreactor02,2025-09-19T06:13:13.406Z,"features={'previous_heater_dc': 40.27, 'room_temp': 22.0, 'is_rpi_zero': False, 'volume': 14.0, 'time_series_of_temp': [43.8125, 41.791666666666664, 40.333333333333336, 39.125, 38.0625, 37.114583333333336, 36.291666666666664, 35.5625, 34.885416666666664, 34.3125, 33.770833333333336, 33.291666666666664, 32.864583333333336, 32.4375, 32.0625, 31.75, 31.416666666666668, 31.125, 30.875, 30.625, 30.375]}",app,DEBUG,temperature_automation,2025-09-19 08:13:13.406,6.900277777778
Long Yeast Grow,pioreactor02,2025-09-19T06:13:13.415Z,PID output = 0.8519999999999819,app,DEBUG,temperature_automation,2025-09-19 08:13:13.415,6.900277777778
Long Yeast Grow,pioreactor02,2025-09-19T06:16:33.406Z,"features={'previous_heater_dc': 41.12, 'room_temp': 22.0, 'is_rpi_zero': False, 'volume': 14.0, 'time_series_of_temp': [44.03125, 41.96875, 40.489583333333336, 39.25, 38.15625, 37.208333333333336, 36.375, 35.625, 34.9375, 34.354166666666664, 33.8125, 33.3125, 32.875, 32.447916666666664, 32.0625, 31.75, 31.416666666666668, 31.125, 30.875, 30.604166666666668, 30.375]}",app,DEBUG,temperature_automation,2025-09-19 08:16:33.406,6.955833333333
Long Yeast Grow,pioreactor02,2025-09-19T06:16:33.415Z,PID output = 1.288000000000011,app,DEBUG,temperature_automation,2025-09-19 08:16:33.415,6.955833333333
Long Yeast Grow,pioreactor02,2025-09-19T06:19:53.405Z,"features={'previous_heater_dc': 42.41, 'room_temp': 22.0, 'is_rpi_zero': False, 'volume': 14.0, 'time_series_of_temp': [44.489583333333336, 42.385416666666664, 40.84375, 39.5625, 38.447916666666664, 37.46875, 36.572916666666664, 35.822916666666664, 35.135416666666664, 34.510416666666664, 33.9375, 33.447916666666664, 33.0, 32.5625, 32.1875, 31.833333333333332, 31.5, 31.197916666666668, 30.9375, 30.6875, 30.4375]}",app,DEBUG,temperature_automation,2025-09-19 08:19:53.405,7.011388888889
Long Yeast Grow,pioreactor02,2025-09-19T06:19:53.415Z,PID output = 1.0299999999999918,app,DEBUG,temperature_automation,2025-09-19 08:19:53.415,7.011388888889
Long Yeast Grow,pioreactor02,2025-09-19T06:23:13.406Z,"features={'previous_heater_dc': 43.44, 'room_temp': 22.0, 'is_rpi_zero': False, 'volume': 14.0, 'time_series_of_temp': [44.875, 42.71875, 41.145833333333336, 39.822916666666664, 38.697916666666664, 37.697916666666664, 36.8125, 36.020833333333336, 35.3125, 34.6875, 34.114583333333336, 33.614583333333336, 33.125, 32.6875, 32.3125, 31.9375, 31.614583333333332, 31.3125, 31.0, 30.75, 30.5]}",app,DEBUG,temperature_automation,2025-09-19 08:23:13.406,7.066944444444
Long Yeast Grow,pioreactor02,2025-09-19T06:23:13.415Z,PID output = -0.7580000000000082,app,DEBUG,temperature_automation,2025-09-19 08:23:13.415,7.066944444444
Long Yeast Grow,pioreactor02,2025-09-19T06:26:33.408Z,"features={'previous_heater_dc': 42.68, 'room_temp': 22.0, 'is_rpi_zero': False, 'volume': 14.0, 'time_series_of_temp': [44.614583333333336, 42.46875, 40.927083333333336, 39.635416666666664, 38.5, 37.520833333333336, 36.635416666666664, 35.885416666666664, 35.177083333333336, 34.5625, 34.0, 33.489583333333336, 33.010416666666664, 32.583333333333336, 32.1875, 31.854166666666668, 31.5, 31.21875, 30.9375, 30.6875, 30.4375]}",app,DEBUG,temperature_automation,2025-09-19 08:26:33.408,7.1225
Long Yeast Grow,pioreactor02,2025-09-19T06:26:33.417Z,PID output = 0.9280000000000057,app,DEBUG,temperature_automation,2025-09-19 08:26:33.417,7.1225
Long Yeast Grow,pioreactor02,2025-09-19T06:29:53.406Z,"features={'previous_heater_dc': 43.61, 'room_temp': 22.0, 'is_rpi_zero': False, 'volume': 14.0, 'time_series_of_temp': [44.9375, 42.770833333333336, 41.177083333333336, 39.864583333333336, 38.708333333333336, 37.697916666666664, 36.8125, 36.03125, 35.3125, 34.6875, 34.114583333333336, 33.583333333333336, 33.125, 32.6875, 32.270833333333336, 31.9375, 31.572916666666668, 31.260416666666668, 31.0, 30.75, 30.479166666666668]}",app,DEBUG,temperature_automation,2025-09-19 08:29:53.406,7.178055555556
Long Yeast Grow,pioreactor02,2025-09-19T06:29:53.415Z,PID output = 0.036000000000008525,app,DEBUG,temperature_automation,2025-09-19 08:29:53.415,7.178055555556
Long Yeast Grow,pioreactor02,2025-09-19T06:33:13.408Z,"features={'previous_heater_dc': 43.65, 'room_temp': 22.0, 'is_rpi_zero': False, 'volume': 14.0, 'time_series_of_temp': [44.9375, 42.770833333333336, 41.1875, 39.854166666666664, 38.708333333333336, 37.708333333333336, 36.833333333333336, 36.03125, 35.3125, 34.666666666666664, 34.114583333333336, 33.5625, 33.125, 32.677083333333336, 32.270833333333336, 31.927083333333332, 31.5625, 31.25, 30.96875, 30.697916666666668, 30.4375]}",app,DEBUG,temperature_automation,2025-09-19 08:33:13.408,7.233611111111
Long Yeast Grow,pioreactor02,2025-09-19T06:33:13.418Z,PID output = -0.19199999999999942,app,DEBUG,temperature_automation,2025-09-19 08:33:13.418,7.233611111111
Long Yeast Grow,pioreactor02,2025-09-19T06:36:33.407Z,"features={'previous_heater_dc': 43.46, 'room_temp': 22.0, 'is_rpi_zero': False, 'volume': 14.0, 'time_series_of_temp': [44.875, 42.708333333333336, 41.114583333333336, 39.791666666666664, 38.645833333333336, 37.635416666666664, 36.770833333333336, 35.96875, 35.260416666666664, 34.625, 34.0625, 33.5625, 33.0625, 32.625, 32.25, 31.875, 31.541666666666668, 31.25, 30.9375, 30.6875, 30.4375]}",app,DEBUG,temperature_automation,2025-09-19 08:36:33.407,7.289166666667
Long Yeast Grow,pioreactor02,2025-09-19T06:36:33.416Z,PID output = 0.20199999999998752,app,DEBUG,temperature_automation,2025-09-19 08:36:33.416,7.289166666667
Long Yeast Grow,pioreactor02,2025-09-19T06:39:53.407Z,"features={'previous_heater_dc': 43.66, 'room_temp': 22.0, 'is_rpi_zero': False, 'volume': 14.0, 'time_series_of_temp': [44.895833333333336, 42.729166666666664, 41.145833333333336, 39.822916666666664, 38.645833333333336, 37.65625, 36.770833333333336, 36.0, 35.25, 34.625, 34.0625, 33.53125, 33.0625, 32.625, 32.239583333333336, 31.875, 31.5, 31.21875, 30.9375, 30.65625, 30.427083333333332]}",app,DEBUG,temperature_automation,2025-09-19 08:39:53.407,7.344722222222
Long Yeast Grow,pioreactor02,2025-09-19T06:39:53.415Z,PID output = 1.236000000000012,app,DEBUG,temperature_automation,2025-09-19 08:39:53.415,7.344722222222
Long Yeast Grow,pioreactor02,2025-09-19T06:43:13.407Z,"features={'previous_heater_dc': 44.9, 'room_temp': 22.0, 'is_rpi_zero': False, 'volume': 14.0, 'time_series_of_temp': [45.375, 43.15625, 41.53125, 40.166666666666664, 38.979166666666664, 37.947916666666664, 37.03125, 36.21875, 35.5, 34.833333333333336, 34.260416666666664, 33.75, 33.239583333333336, 32.802083333333336, 32.375, 32.0, 31.6875, 31.375, 31.0625, 30.8125, 30.541666666666668]}",app,DEBUG,temperature_automation,2025-09-19 08:43:13.407,7.400277777778
Long Yeast Grow,pioreactor02,2025-09-19T06:43:13.417Z,PID output = 0.5460000000000023,app,DEBUG,temperature_automation,2025-09-19 08:43:13.417,7.400277777778
Long Yeast Grow,pioreactor02,2025-09-19T06:46:33.407Z,"features={'previous_heater_dc': 45.45, 'room_temp': 22.0, 'is_rpi_zero': False, 'volume': 14.0, 'time_series_of_temp': [45.625, 43.385416666666664, 41.71875, 40.34375, 39.15625, 38.125, 37.1875, 36.364583333333336, 35.625, 34.96875, 34.375, 33.8125, 33.333333333333336, 32.875, 32.489583333333336, 32.072916666666664, 31.75, 31.4375, 31.125, 30.864583333333332, 30.572916666666668]}",app,DEBUG,temperature_automation,2025-09-19 08:46:33.407,7.455833333333
Long Yeast Grow,pioreactor02,2025-09-19T06:46:33.416Z,PID output = -0.030000000000011073,app,DEBUG,temperature_automation,2025-09-19 08:46:33.416,7.455833333333
Long Yeast Grow,pioreactor02,2025-09-19T06:49:53.406Z,"features={'previous_heater_dc': 45.42, 'room_temp': 22.0, 'is_rpi_zero': False, 'volume': 14.0, 'time_series_of_temp': [45.677083333333336, 43.40625, 41.760416666666664, 40.385416666666664, 39.177083333333336, 38.145833333333336, 37.229166666666664, 36.395833333333336, 35.666666666666664, 35.0, 34.385416666666664, 33.864583333333336, 33.375, 32.916666666666664, 32.5, 32.125, 31.75, 31.4375, 31.135416666666668, 30.875, 30.604166666666668]}",app,DEBUG,temperature_automation,2025-09-19 08:49:53.406,7.511388888889
Long Yeast Grow,pioreactor02,2025-09-19T06:49:53.415Z,PID output = -0.9580000000000005,app,DEBUG,temperature_automation,2025-09-19 08:49:53.415,7.511388888889
Long Yeast Grow,pioreactor02,2025-09-19T06:53:13.408Z,"features={'previous_heater_dc': 44.46, 'room_temp': 22.0, 'is_rpi_zero': False, 'volume': 14.0, 'time_series_of_temp': [45.302083333333336, 43.083333333333336, 41.458333333333336, 40.114583333333336, 38.9375, 37.916666666666664, 37.0, 36.208333333333336, 35.5, 34.822916666666664, 34.25, 33.71875, 33.25, 32.8125, 32.375, 32.0, 31.6875, 31.364583333333332, 31.0625, 30.8125, 30.520833333333332]}",app,DEBUG,temperature_automation,2025-09-19 08:53:13.408,7.566944444444
Long Yeast Grow,pioreactor02,2025-09-19T06:53:13.417Z,PID output = -0.20199999999998752,app,DEBUG,temperature_automation,2025-09-19 08:53:13.417,7.566944444444
Long Yeast Grow,pioreactor02,2025-09-19T06:56:33.405Z,"features={'previous_heater_dc': 44.26, 'room_temp': 22.0, 'is_rpi_zero': False, 'volume': 14.0, 'time_series_of_temp': [45.1875, 42.989583333333336, 41.385416666666664, 40.041666666666664, 38.885416666666664, 37.84375, 36.9375, 36.145833333333336, 35.4375, 34.78125, 34.1875, 33.677083333333336, 33.1875, 32.75, 32.364583333333336, 31.989583333333332, 31.625, 31.3125, 31.041666666666668, 30.75, 30.5]}",app,DEBUG,temperature_automation,2025-09-19 08:56:33.405,7.6225
Long Yeast Grow,pioreactor02,2025-09-19T06:56:33.414Z,PID output = 0.7799999999999961,app,DEBUG,temperature_automation,2025-09-19 08:56:33.414,7.6225
Long Yeast Grow,pioreactor02,2025-09-19T06:59:53.406Z,"features={'previous_heater_dc': 45.04, 'room_temp': 22.0, 'is_rpi_zero': False, 'volume': 14.0, 'time_series_of_temp': [45.489583333333336, 43.239583333333336, 41.635416666666664, 40.25, 39.0625, 38.03125, 37.104166666666664, 36.302083333333336, 35.572916666666664, 34.927083333333336, 34.3125, 33.8125, 33.3125, 32.875, 32.4375, 32.0625, 31.739583333333332, 31.416666666666668, 31.125, 30.84375, 30.5625]}",app,DEBUG,temperature_automation,2025-09-19 08:59:53.406,7.678055555556
Long Yeast Grow,pioreactor02,2025-09-19T06:59:53.415Z,PID output = -0.5380000000000095,app,DEBUG,temperature_automation,2025-09-19 08:59:53.415,7.678055555556
Long Yeast Grow,pioreactor02,2025-09-19T07:03:13.405Z,"features={'previous_heater_dc': 44.5, 'room_temp': 22.0, 'is_rpi_zero': False, 'volume': 14.0, 'time_series_of_temp': [45.291666666666664, 43.083333333333336, 41.46875, 40.125, 38.947916666666664, 37.9375, 37.010416666666664, 36.197916666666664, 35.5, 34.84375, 34.25, 33.71875, 33.25, 32.8125, 32.385416666666664, 32.010416666666664, 31.6875, 31.375, 31.072916666666668, 30.8125, 30.5625]}",app,DEBUG,temperature_automation,2025-09-19 09:03:13.405,7.733611111111
Long Yeast Grow,pioreactor02,2025-09-19T07:03:13.415Z,PID output = 1.434000000000003,app,DEBUG,temperature_automation,2025-09-19 09:03:13.415,7.733611111111
Long Yeast Grow,pioreactor02,2025-09-19T07:06:33.407Z,"features={'previous_heater_dc': 45.93, 'room_temp': 22.0, 'is_rpi_zero': False, 'volume': 14.0, 'time_series_of_temp': [45.8125, 43.5625, 41.885416666666664, 40.489583333333336, 39.291666666666664, 38.229166666666664, 37.3125, 36.46875, 35.71875, 35.0625, 34.4375, 33.90625, 33.40625, 32.958333333333336, 32.552083333333336, 32.145833333333336, 31.8125, 31.5, 31.1875, 30.895833333333332, 30.625]}",app,DEBUG,temperature_automation,2025-09-19 09:06:33.407,7.789166666667
Long Yeast Grow,pioreactor02,2025-09-19T07:06:33.416Z,PID output = -0.1799999999999997,app,DEBUG,temperature_automation,2025-09-19 09:06:33.416,7.789166666667
Long Yeast Grow,pioreactor02,2025-09-19T07:09:53.406Z,"features={'previous_heater_dc': 45.75, 'room_temp': 22.0, 'is_rpi_zero': False, 'volume': 14.0, 'time_series_of_temp': [45.8125, 43.53125, 41.864583333333336, 40.46875, 39.28125, 38.239583333333336, 37.28125, 36.479166666666664, 35.739583333333336, 35.0625, 34.447916666666664, 33.90625, 33.416666666666664, 32.947916666666664, 32.5625, 32.166666666666664, 31.8125, 31.5, 31.1875, 30.895833333333332, 30.635416666666668]}",app,DEBUG,temperature_automation,2025-09-19 09:09:53.406,7.844722222222
Long Yeast Grow,pioreactor02,2025-09-19T07:09:53.416Z,PID output = -0.9899999999999871,app,DEBUG,temperature_automation,2025-09-19 09:09:53.416,7.844722222222
Long Yeast Grow,pioreactor02,2025-09-19T07:13:13.407Z,"features={'previous_heater_dc': 44.76, 'room_temp': 22.0, 'is_rpi_zero': False, 'volume': 14.0, 'time_series_of_temp': [45.4375, 43.197916666666664, 41.583333333333336, 40.21875, 39.03125, 38.0, 37.072916666666664, 36.270833333333336, 35.552083333333336, 34.885416666666664, 34.3125, 33.78125, 33.3125, 32.854166666666664, 32.4375, 32.0625, 31.729166666666668, 31.416666666666668, 31.125, 30.864583333333332, 30.5625]}",app,DEBUG,temperature_automation,2025-09-19 09:13:13.407,7.900277777778
Long Yeast Grow,pioreactor02,2025-09-19T07:13:13.416Z,PID output = 0.07999999999999827,app,DEBUG,temperature_automation,2025-09-19 09:13:13.416,7.900277777778
Long Yeast Grow,pioreactor02,2025-09-19T07:16:33.407Z,"features={'previous_heater_dc': 44.84, 'room_temp': 22.0, 'is_rpi_zero': False, 'volume': 14.0, 'time_series_of_temp': [45.4375, 43.208333333333336, 41.583333333333336, 40.229166666666664, 39.041666666666664, 38.010416666666664, 37.09375, 36.270833333333336, 35.5625, 34.885416666666664, 34.3125, 33.760416666666664, 33.291666666666664, 32.854166666666664, 32.4375, 32.0625, 31.697916666666668, 31.375, 31.09375, 30.8125, 30.5625]}",app,DEBUG,temperature_automation,2025-09-19 09:16:33.407,7.955833333333
Long Yeast Grow,pioreactor02,2025-09-19T07:16:33.416Z,PID output = 0.47199999999998987,app,DEBUG,temperature_automation,2025-09-19 09:16:33.416,7.955833333333
Long Yeast Grow,pioreactor02,2025-09-19T07:19:53.408Z,"features={'previous_heater_dc': 45.31, 'room_temp': 22.0, 'is_rpi_zero': False, 'volume': 14.0, 'time_series_of_temp': [45.625, 43.364583333333336, 41.71875, 40.34375, 39.15625, 38.125, 37.197916666666664, 36.375, 35.645833333333336, 34.979166666666664, 34.385416666666664, 33.84375, 33.375, 32.927083333333336, 32.5, 32.125, 31.75, 31.4375, 31.135416666666668, 30.875, 30.625]}",app,DEBUG,temperature_automation,2025-09-19 09:19:53.408,8.011388888889
Long Yeast Grow,pioreactor02,2025-09-19T07:19:53.417Z,PID output = -0.7599999999999838,app,DEBUG,temperature_automation,2025-09-19 09:19:53.417,8.011388888889
Long Yeast Grow,pioreactor02,2025-09-19T07:23:13.411Z,"features={'previous_heater_dc': 44.55, 'room_temp': 22.0, 'is_rpi_zero': False, 'volume': 14.0, 'time_series_of_temp': [45.3125, 43.104166666666664, 41.489583333333336, 40.145833333333336, 38.96875, 37.9375, 37.020833333333336, 36.239583333333336, 35.5, 34.864583333333336, 34.25, 33.739583333333336, 33.25, 32.8125, 32.427083333333336, 32.010416666666664, 31.6875, 31.375, 31.072916666666668, 30.8125, 30.5625]}",app,DEBUG,temperature_automation,2025-09-19 09:23:13.411,8.066944444444
Long Yeast Grow,pioreactor02,2025-09-19T07:23:13.421Z,PID output = 1.2319999999999993,app,DEBUG,temperature_automation,2025-09-19 09:23:13.421,8.066944444444
Long Yeast Grow,pioreactor02,2025-09-19T07:26:33.407Z,"features={'previous_heater_dc': 45.78, 'room_temp': 22.0, 'is_rpi_zero': False, 'volume': 14.0, 'time_series_of_temp': [45.770833333333336, 43.520833333333336, 41.854166666666664, 40.458333333333336, 39.270833333333336, 38.208333333333336, 37.270833333333336, 36.4375, 35.697916666666664, 35.041666666666664, 34.4375, 33.875, 33.375, 32.9375, 32.5, 32.125, 31.802083333333332, 31.46875, 31.177083333333332, 30.875, 30.625]}",app,DEBUG,temperature_automation,2025-09-19 09:26:33.407,8.1225
Long Yeast Grow,pioreactor02,2025-09-19T07:26:33.416Z,PID output = 1.1759999999999842,app,DEBUG,temperature_automation,2025-09-19 09:26:33.416,8.1225
Long Yeast Grow,pioreactor02,2025-09-19T07:29:53.408Z,"features={'previous_heater_dc': 46.96, 'room_temp': 22.0, 'is_rpi_zero': False, 'volume': 14.0, 'time_series_of_temp': [46.25, 43.916666666666664, 42.21875, 40.791666666666664, 39.5625, 38.46875, 37.53125, 36.677083333333336, 35.927083333333336, 35.239583333333336, 34.625, 34.0625, 33.5625, 33.083333333333336, 32.666666666666664, 32.291666666666664, 31.927083333333332, 31.572916666666668, 31.25, 30.989583333333332, 30.739583333333332]}",app,DEBUG,temperature_automation,2025-09-19 09:29:53.408,8.178055555556
Long Yeast Grow,pioreactor02,2025-09-19T07:29:53.418Z,PID output = -1.463999999999998,app,DEBUG,temperature_automation,2025-09-19 09:29:53.418,8.178055555556
Long Yeast Grow,pioreactor02,2025-09-19T07:33:13.408Z,"features={'previous_heater_dc': 45.5, 'room_temp': 22.0, 'is_rpi_zero': False, 'volume': 14.0, 'time_series_of_temp': [45.739583333333336, 43.46875, 41.8125, 40.416666666666664, 39.229166666666664, 38.1875, 37.25, 36.427083333333336, 35.697916666666664, 35.03125, 34.4375, 33.875, 33.375, 32.9375, 32.520833333333336, 32.125, 31.802083333333332, 31.479166666666668, 31.177083333333332, 30.875, 30.625]}",app,DEBUG,temperature_automation,2025-09-19 09:33:13.408,8.233611111111
Long Yeast Grow,pioreactor02,2025-09-19T07:33:13.417Z,PID output = 0.013999999999995072,app,DEBUG,temperature_automation,2025-09-19 09:33:13.417,8.233611111111
Long Yeast Grow,pioreactor02,2025-09-19T07:36:33.406Z,"features={'previous_heater_dc': 45.51, 'room_temp': 22.0, 'is_rpi_zero': False, 'volume': 14.0, 'time_series_of_temp': [45.6875, 43.447916666666664, 41.791666666666664, 40.40625, 39.208333333333336, 38.15625, 37.229166666666664, 36.395833333333336, 35.666666666666664, 35.0, 34.416666666666664, 33.864583333333336, 33.375, 32.927083333333336, 32.5, 32.125, 31.760416666666668, 31.4375, 31.125, 30.875, 30.625]}",app,DEBUG,temperature_automation,2025-09-19 09:36:33.406,8.289166666667
Long Yeast Grow,pioreactor02,2025-09-19T07:36:33.416Z,PID output = 0.7139999999999929,app,DEBUG,temperature_automation,2025-09-19 09:36:33.416,8.289166666667
Long Yeast Grow,pioreactor02,2025-09-19T07:39:53.408Z,"features={'previous_heater_dc': 46.22, 'room_temp': 22.0, 'is_rpi_zero': False, 'volume': 14.0, 'time_series_of_temp': [45.958333333333336, 43.6875, 42.0, 40.59375, 39.375, 38.3125, 37.375, 36.53125, 35.770833333333336, 35.114583333333336, 34.510416666666664, 33.9375, 33.4375, 33.0, 32.5625, 32.1875, 31.84375, 31.5, 31.208333333333332, 30.9375, 30.6875]}",app,DEBUG,temperature_automation,2025-09-19 09:39:53.408,8.344722222222
Long Yeast Grow,pioreactor02,2025-09-19T07:39:53.418Z,PID output = 1.3599999999999965,app,DEBUG,temperature_automation,2025-09-19 09:39:53.418,8.344722222222
Long Yeast Grow,pioreactor02,2025-09-19T07:43:13.406Z,"features={'previous_heater_dc': 47.58, 'room_temp': 22.0, 'is_rpi_zero': False, 'volume': 14.0, 'time_series_of_temp': [46.5, 44.15625, 42.427083333333336, 40.979166666666664, 39.739583333333336, 38.645833333333336, 37.6875, 36.833333333333336, 36.0625, 35.375, 34.75, 34.1875, 33.666666666666664, 33.1875, 32.75, 32.375, 32.0, 31.677083333333332, 31.364583333333332, 31.0625, 30.8125]}",app,DEBUG,temperature_automation,2025-09-19 09:43:13.406,8.400277777778
Long Yeast Grow,pioreactor02,2025-09-19T07:43:13.415Z,PID output = -1.176000000000004,app,DEBUG,temperature_automation,2025-09-19 09:43:13.415,8.400277777778
Long Yeast Grow,pioreactor02,2025-09-19T07:46:33.407Z,"features={'previous_heater_dc': 46.4, 'room_temp': 22.0, 'is_rpi_zero': False, 'volume': 14.0, 'time_series_of_temp': [46.114583333333336, 43.822916666666664, 42.114583333333336, 40.71875, 39.5, 38.427083333333336, 37.489583333333336, 36.625, 35.875, 35.197916666666664, 34.59375, 34.041666666666664, 33.541666666666664, 33.0625, 32.666666666666664, 32.25, 31.927083333333332, 31.5625, 31.28125, 31.0, 30.729166666666668]}",app,DEBUG,temperature_automation,2025-09-19 09:46:33.407,8.455833333333
Long Yeast Grow,pioreactor02,2025-09-19T07:46:33.416Z,PID output = 0.40600000000001235,app,DEBUG,temperature_automation,2025-09-19 09:46:33.416,8.455833333333
Long Yeast Grow,pioreactor02,2025-09-19T07:49:53.407Z,"features={'previous_heater_dc': 46.81, 'room_temp': 22.0, 'is_rpi_zero': False, 'volume': 14.0, 'time_series_of_temp': [46.25, 43.916666666666664, 42.21875, 40.802083333333336, 39.572916666666664, 38.5, 37.5625, 36.697916666666664, 35.9375, 35.25, 34.625, 34.0625, 33.5625, 33.114583333333336, 32.6875, 32.302083333333336, 31.9375, 31.604166666666668, 31.291666666666668, 31.0, 30.75]}",app,DEBUG,temperature_automation,2025-09-19 09:49:53.407,8.511388888889
Long Yeast Grow,pioreactor02,2025-09-19T07:49:53.415Z,PID output = -0.08600000000000634,app,DEBUG,temperature_automation,2025-09-19 09:49:53.415,8.511388888889
Long Yeast Grow,pioreactor02,2025-09-19T07:53:13.409Z,"features={'previous_heater_dc': 46.72, 'room_temp': 22.0, 'is_rpi_zero': False, 'volume': 14.0, 'time_series_of_temp': [46.21875, 43.90625, 42.208333333333336, 40.791666666666664, 39.5625, 38.489583333333336, 37.53125, 36.677083333333336, 35.9375, 35.25, 34.625, 34.072916666666664, 33.5625, 33.114583333333336, 32.6875, 32.3125, 31.9375, 31.604166666666668, 31.3125, 31.0, 30.75]}",app,DEBUG,temperature_automation,2025-09-19 09:53:13.409,8.566944444444
Long Yeast Grow,pioreactor02,2025-09-19T07:53:13.417Z,PID output = -0.09199999999999803,app,DEBUG,temperature_automation,2025-09-19 09:53:13.417,8.566944444444
Long Yeast Grow,pioreactor02,2025-09-19T07:56:33.406Z,"features={'previous_heater_dc': 46.63, 'room_temp': 22.0, 'is_rpi_zero': False, 'volume': 14.0, 'time_series_of_temp': [46.1875, 43.854166666666664, 42.177083333333336, 40.760416666666664, 39.552083333333336, 38.479166666666664, 37.53125, 36.6875, 35.927083333333336, 35.25, 34.625, 34.0625, 33.5625, 33.114583333333336, 32.6875, 32.3125, 31.9375, 31.604166666666668, 31.291666666666668, 31.0, 30.75]}",app,DEBUG,temperature_automation,2025-09-19 09:56:33.406,8.6225
Long Yeast Grow,pioreactor02,2025-09-19T07:56:33.416Z,PID output = -0.504000000000002,app,DEBUG,temperature_automation,2025-09-19 09:56:33.416,8.6225
Long Yeast Grow,pioreactor02,2025-09-19T07:59:53.407Z,"features={'previous_heater_dc': 46.13, 'room_temp': 22.0, 'is_rpi_zero': False, 'volume': 14.0, 'time_series_of_temp': [46.0, 43.6875, 42.020833333333336, 40.625, 39.427083333333336, 38.34375, 37.40625, 36.5625, 35.8125, 35.125, 34.552083333333336, 33.989583333333336, 33.489583333333336, 33.010416666666664, 32.614583333333336, 32.21875, 31.875, 31.53125, 31.25, 30.9375, 30.6875]}",app,DEBUG,temperature_automation,2025-09-19 09:59:53.407,8.678055555556
Long Yeast Grow,pioreactor02,2025-09-19T07:59:53.416Z,PID output = 0.4659999999999982,app,DEBUG,temperature_automation,2025-09-19 09:59:53.416,8.678055555556
Long Yeast Grow,pioreactor02,2025-09-19T08:03:13.407Z,"features={'previous_heater_dc': 46.6, 'room_temp': 22.0, 'is_rpi_zero': False, 'volume': 14.0, 'time_series_of_temp': [46.135416666666664, 43.84375, 42.15625, 40.729166666666664, 39.53125, 38.447916666666664, 37.489583333333336, 36.645833333333336, 35.885416666666664, 35.1875, 34.59375, 34.041666666666664, 33.552083333333336, 33.0625, 32.666666666666664, 32.25, 31.927083333333332, 31.5625, 31.25, 31.0, 30.71875]}",app,DEBUG,temperature_automation,2025-09-19 10:03:13.407,8.733611111111
Long Yeast Grow,pioreactor02,2025-09-19T08:03:13.416Z,PID output = 0.8439999999999948,app,DEBUG,temperature_automation,2025-09-19 10:03:13.416,8.733611111111
Long Yeast Grow,pioreactor02,2025-09-19T08:06:33.406Z,"features={'previous_heater_dc': 47.44, 'room_temp': 22.0, 'is_rpi_zero': False, 'volume': 14.0, 'time_series_of_temp': [46.5, 44.125, 42.416666666666664, 40.979166666666664, 39.729166666666664, 38.635416666666664, 37.677083333333336, 36.8125, 36.052083333333336, 35.354166666666664, 34.739583333333336, 34.1875, 33.666666666666664, 33.1875, 32.75, 32.375, 32.0, 31.677083333333332, 31.375, 31.072916666666668, 30.8125]}",app,DEBUG,temperature_automation,2025-09-19 10:06:33.406,8.789166666667
Long Yeast Grow,pioreactor02,2025-09-19T08:06:33.415Z,PID output = -0.8140000000000035,app,DEBUG,temperature_automation,2025-09-19 10:06:33.415,8.789166666667
Long Yeast Grow,pioreactor02,2025-09-19T08:09:53.406Z,"features={'previous_heater_dc': 46.63, 'room_temp': 22.0, 'is_rpi_zero': False, 'volume': 14.0, 'time_series_of_temp': [46.25, 43.927083333333336, 42.25, 40.822916666666664, 39.59375, 38.520833333333336, 37.5625, 36.729166666666664, 35.979166666666664, 35.291666666666664, 34.6875, 34.125, 33.625, 33.135416666666664, 32.739583333333336, 32.34375, 31.979166666666668, 31.635416666666668, 31.333333333333332, 31.052083333333332, 30.802083333333332]}",app,DEBUG,temperature_automation,2025-09-19 10:09:53.406,8.844722222222
Long Yeast Grow,pioreactor02,2025-09-19T08:09:53.415Z,PID output = -0.6539999999999906,app,DEBUG,temperature_automation,2025-09-19 10:09:53.415,8.844722222222
Long Yeast Grow,pioreactor02,2025-09-19T08:13:13.405Z,"features={'previous_heater_dc': 45.98, 'room_temp': 22.0, 'is_rpi_zero': False, 'volume': 14.0, 'time_series_of_temp': [46.0, 43.697916666666664, 42.03125, 40.635416666666664, 39.427083333333336, 38.364583333333336, 37.427083333333336, 36.583333333333336, 35.84375, 35.166666666666664, 34.5625, 34.0, 33.5, 33.0625, 32.625, 32.25, 31.895833333333332, 31.5625, 31.25, 31.0, 30.708333333333332]}",app,DEBUG,temperature_automation,2025-09-19 10:13:13.405,8.900277777778
Long Yeast Grow,pioreactor02,2025-09-19T08:13:13.415Z,PID output = 0.14599999999999222,app,DEBUG,temperature_automation,2025-09-19 10:13:13.415,8.900277777778
Long Yeast Grow,pioreactor02,2025-09-19T08:16:33.407Z,"features={'previous_heater_dc': 46.13, 'room_temp': 22.0, 'is_rpi_zero': False, 'volume': 14.0, 'time_series_of_temp': [46.0, 43.697916666666664, 42.03125, 40.635416666666664, 39.427083333333336, 38.375, 37.416666666666664, 36.583333333333336, 35.833333333333336, 35.15625, 34.5625, 34.0, 33.5, 33.052083333333336, 32.625, 32.25, 31.885416666666668, 31.5625, 31.25, 30.979166666666668, 30.697916666666668]}",app,DEBUG,temperature_automation,2025-09-19 10:16:33.407,8.955833333333
Long Yeast Grow,pioreactor02,2025-09-19T08:16:33.416Z,PID output = 0.08600000000000634,app,DEBUG,temperature_automation,2025-09-19 10:16:33.416,8.955833333333
Long Yeast Grow,pioreactor02,2025-09-19T08:19:53.407Z,"features={'previous_heater_dc': 46.22, 'room_temp': 22.0, 'is_rpi_zero': False, 'volume': 14.0, 'time_series_of_temp': [46.03125, 43.729166666666664, 42.052083333333336, 40.645833333333336, 39.4375, 38.364583333333336, 37.427083333333336, 36.59375, 35.833333333333336, 35.177083333333336, 34.5625, 34.0, 33.5, 33.0625, 32.625, 32.25, 31.885416666666668, 31.572916666666668, 31.25, 31.0, 30.739583333333332]}",app,DEBUG,temperature_automation,2025-09-19 10:19:53.407,9.011388888889
Long Yeast Grow,pioreactor02,2025-09-19T08:19:53.416Z,PID output = 0.3080000000000062,app,DEBUG,temperature_automation,2025-09-19 10:19:53.416,9.011388888889
Long Yeast Grow,pioreactor02,2025-09-19T08:23:13.407Z,"features={'previous_heater_dc': 46.53, 'room_temp': 22.0, 'is_rpi_zero': False, 'volume': 14.0, 'time_series_of_temp': [46.1875, 43.875, 42.1875, 40.770833333333336, 39.552083333333336, 38.489583333333336, 37.541666666666664, 36.6875, 35.9375, 35.25, 34.625, 34.072916666666664, 33.583333333333336, 33.125, 32.6875, 32.3125, 31.9375, 31.625, 31.302083333333332, 31.03125, 30.75]}",app,DEBUG,temperature_automation,2025-09-19 10:23:13.407,9.066944444444
Long Yeast Grow,pioreactor02,2025-09-19T08:23:13.416Z,PID output = -0.42599999999999905,app,DEBUG,temperature_automation,2025-09-19 10:23:13.416,9.066944444444
Long Yeast Grow,pioreactor02,2025-09-19T08:26:33.407Z,"features={'previous_heater_dc': 46.1, 'room_temp': 22.0, 'is_rpi_zero': False, 'volume': 14.0, 'time_series_of_temp': [46.0, 43.71875, 42.041666666666664, 40.645833333333336, 39.4375, 38.375, 37.4375, 36.583333333333336, 35.84375, 35.177083333333336, 34.5625, 34.0, 33.5, 33.0625, 32.625, 32.25, 31.895833333333332, 31.5625, 31.25, 31.0, 30.708333333333332]}",app,DEBUG,temperature_automation,2025-09-19 10:26:33.407,9.1225
Long Yeast Grow,pioreactor02,2025-09-19T08:26:33.416Z,PID output = 0.5440000000000011,app,DEBUG,temperature_automation,2025-09-19 10:26:33.416,9.1225
Long Yeast Grow,pioreactor02,2025-09-19T08:29:53.407Z,"features={'previous_heater_dc': 46.64, 'room_temp': 22.0, 'is_rpi_zero': False, 'volume': 14.0, 'time_series_of_temp': [46.1875, 43.864583333333336, 42.177083333333336, 40.78125, 39.541666666666664, 38.46875, 37.53125, 36.677083333333336, 35.927083333333336, 35.239583333333336, 34.625, 34.0625, 33.572916666666664, 33.125, 32.6875, 32.3125, 31.9375, 31.625, 31.3125, 31.020833333333332, 30.760416666666668]}",app,DEBUG,temperature_automation,2025-09-19 10:29:53.407,9.178055555556
Long Yeast Grow,pioreactor02,2025-09-19T08:29:53.417Z,PID output = -0.37400000000000017,app,DEBUG,temperature_automation,2025-09-19 10:29:53.417,9.178055555556
Long Yeast Grow,pioreactor02,2025-09-19T08:33:13.408Z,"features={'previous_heater_dc': 46.27, 'room_temp': 22.0, 'is_rpi_zero': False, 'volume': 14.0, 'time_series_of_temp': [46.0625, 43.78125, 42.09375, 40.697916666666664, 39.489583333333336, 38.416666666666664, 37.46875, 36.625, 35.885416666666664, 35.1875, 34.583333333333336, 34.052083333333336, 33.5625, 33.083333333333336, 32.677083333333336, 32.260416666666664, 31.927083333333332, 31.572916666666668, 31.270833333333332, 31.0, 30.75]}",app,DEBUG,temperature_automation,2025-09-19 10:33:13.408,9.233611111111
Long Yeast Grow,pioreactor02,2025-09-19T08:33:13.417Z,PID output = 0.09199999999999803,app,DEBUG,temperature_automation,2025-09-19 10:33:13.417,9.233611111111
Long Yeast Grow,pioreactor02,2025-09-19T08:36:33.408Z,"features={'previous_heater_dc': 46.36, 'room_temp': 22.0, 'is_rpi_zero': False, 'volume': 14.0, 'time_series_of_temp': [46.072916666666664, 43.78125, 42.09375, 40.708333333333336, 39.489583333333336, 38.416666666666664, 37.479166666666664, 36.625, 35.864583333333336, 35.1875, 34.604166666666664, 34.041666666666664, 33.541666666666664, 33.072916666666664, 32.666666666666664, 32.270833333333336, 31.927083333333332, 31.572916666666668, 31.270833333333332, 31.0, 30.75]}",app,DEBUG,temperature_automation,2025-09-19 10:36:33.408,9.289166666667
Long Yeast Grow,pioreactor02,2025-09-19T08:36:33.417Z,PID output = 0.6479999999999989,app,DEBUG,temperature_automation,2025-09-19 10:36:33.417,9.289166666667
Long Yeast Grow,pioreactor02,2025-09-19T08:39:53.407Z,"features={'previous_heater_dc': 47.01, 'room_temp': 22.0, 'is_rpi_zero': False, 'volume': 14.0, 'time_series_of_temp': [46.3125, 43.989583333333336, 42.291666666666664, 40.864583333333336, 39.635416666666664, 38.552083333333336, 37.614583333333336, 36.75, 36.0, 35.302083333333336, 34.6875, 34.125, 33.625, 33.15625, 32.739583333333336, 32.34375, 31.989583333333332, 31.625, 31.3125, 31.052083333333332, 30.791666666666668]}",app,DEBUG,temperature_automation,2025-09-19 10:39:53.407,9.344722222222
Long Yeast Grow,pioreactor02,2025-09-19T08:39:53.416Z,PID output = -0.7019999999999932,app,DEBUG,temperature_automation,2025-09-19 10:39:53.416,9.344722222222
Long Yeast Grow,pioreactor02,2025-09-19T08:43:13.406Z,"features={'previous_heater_dc': 46.31, 'room_temp': 22.0, 'is_rpi_zero': False, 'volume': 14.0, 'time_series_of_temp': [46.0625, 43.78125, 42.104166666666664, 40.6875, 39.489583333333336, 38.40625, 37.458333333333336, 36.625, 35.875, 35.1875, 34.5625, 34.0, 33.5, 33.0625, 32.625, 32.239583333333336, 31.875, 31.5625, 31.25, 30.958333333333332, 30.6875]}",app,DEBUG,temperature_automation,2025-09-19 10:43:13.406,9.400277777778
Long Yeast Grow,pioreactor02,2025-09-19T08:43:13.415Z,PID output = 1.1920000000000002,app,DEBUG,temperature_automation,2025-09-19 10:43:13.415,9.400277777778
Long Yeast Grow,pioreactor02,2025-09-19T08:46:33.405Z,"features={'previous_heater_dc': 47.5, 'room_temp': 22.0, 'is_rpi_zero': False, 'volume': 14.0, 'time_series_of_temp': [46.5, 44.145833333333336, 42.416666666666664, 40.989583333333336, 39.739583333333336, 38.65625, 37.6875, 36.822916666666664, 36.0625, 35.354166666666664, 34.75, 34.1875, 33.666666666666664, 33.1875, 32.760416666666664, 32.375, 32.0, 31.677083333333332, 31.375, 31.0625, 30.8125]}",app,DEBUG,temperature_automation,2025-09-19 10:46:33.405,9.455833333333
Long Yeast Grow,pioreactor02,2025-09-19T08:46:33.415Z,PID output = -0.4279999999999944,app,DEBUG,temperature_automation,2025-09-19 10:46:33.415,9.455833333333
Long Yeast Grow,pioreactor02,2025-09-19T08:49:53.409Z,"features={'previous_heater_dc': 47.07, 'room_temp': 22.0, 'is_rpi_zero': False, 'volume': 14.0, 'time_series_of_temp': [46.364583333333336, 44.020833333333336, 42.322916666666664, 40.885416666666664, 39.65625, 38.583333333333336, 37.614583333333336, 36.760416666666664, 36.0, 35.3125, 34.6875, 34.125, 33.625, 33.177083333333336, 32.739583333333336, 32.333333333333336, 31.958333333333332, 31.625, 31.3125, 31.041666666666668, 30.770833333333332]}",app,DEBUG,temperature_automation,2025-09-19 10:49:53.409,9.511388888889
Long Yeast Grow,pioreactor02,2025-09-19T08:49:53.418Z,PID output = -0.930000000000001,app,DEBUG,temperature_automation,2025-09-19 10:49:53.418,9.511388888889
Long Yeast Grow,pioreactor02,2025-09-19T08:53:13.408Z,"features={'previous_heater_dc': 46.14, 'room_temp': 22.0, 'is_rpi_zero': False, 'volume': 14.0, 'time_series_of_temp': [46.0, 43.697916666666664, 42.03125, 40.635416666666664, 39.416666666666664, 38.354166666666664, 37.416666666666664, 36.572916666666664, 35.8125, 35.125, 34.541666666666664, 33.96875, 33.489583333333336, 33.0, 32.604166666666664, 32.208333333333336, 31.864583333333332, 31.520833333333332, 31.229166666666668, 30.9375, 30.6875]}",app,DEBUG,temperature_automation,2025-09-19 10:53:13.408,9.566944444444
Long Yeast Grow,pioreactor02,2025-09-19T08:53:13.418Z,PID output = 1.6579999999999984,app,DEBUG,temperature_automation,2025-09-19 10:53:13.418,9.566944444444
Long Yeast Grow,pioreactor02,2025-09-19T08:56:33.407Z,"features={'previous_heater_dc': 47.8, 'room_temp': 22.0, 'is_rpi_zero': False, 'volume': 14.0, 'time_series_of_temp': [46.5625, 44.229166666666664, 42.489583333333336, 41.041666666666664, 39.78125, 38.6875, 37.71875, 36.875, 36.09375, 35.385416666666664, 34.760416666666664, 34.1875, 33.6875, 33.208333333333336, 32.760416666666664, 32.375, 32.0, 31.677083333333332, 31.375, 31.072916666666668, 30.8125]}",app,DEBUG,temperature_automation,2025-09-19 10:56:33.407,9.6225
Long Yeast Grow,pioreactor02,2025-09-19T08:56:33.417Z,PID output = 0.19999999999999218,app,DEBUG,temperature_automation,2025-09-19 10:56:33.417,9.6225
Long Yeast Grow,pioreactor02,2025-09-19T08:59:53.408Z,"features={'previous_heater_dc': 48.0, 'room_temp': 22.0, 'is_rpi_zero': False, 'volume': 14.0, 'time_series_of_temp': [46.708333333333336, 44.34375, 42.604166666666664, 41.145833333333336, 39.885416666666664, 38.78125, 37.802083333333336, 36.927083333333336, 36.15625, 35.46875, 34.822916666666664, 34.25, 33.75, 33.25, 32.833333333333336, 32.4375, 32.0625, 31.729166666666668, 31.40625, 31.125, 30.864583333333332]}",app,DEBUG,temperature_automation,2025-09-19 10:59:53.408,9.678055555556
Long Yeast Grow,pioreactor02,2025-09-19T08:59:53.418Z,PID output = -0.09399999999999334,app,DEBUG,temperature_automation,2025-09-19 10:59:53.418,9.678055555556
Long Yeast Grow,pioreactor02,2025-09-19T09:03:13.405Z,"features={'previous_heater_dc': 47.91, 'room_temp': 22.0, 'is_rpi_zero': False, 'volume': 14.0, 'time_series_of_temp': [46.71875, 44.34375, 42.604166666666664, 41.15625, 39.90625, 38.78125, 37.8125, 36.9375, 36.1875, 35.479166666666664, 34.854166666666664, 34.260416666666664, 33.75, 33.291666666666664, 32.854166666666664, 32.4375, 32.0625, 31.75, 31.4375, 31.125, 30.875]}",app,DEBUG,temperature_automation,2025-09-19 11:03:13.405,9.733611111111
Long Yeast Grow,pioreactor02,2025-09-19T09:03:13.414Z,PID output = -0.6820000000000064,app,DEBUG,temperature_automation,2025-09-19 11:03:13.414,9.733611111111
Long Yeast Grow,pioreactor02,2025-09-19T09:06:33.407Z,"features={'previous_heater_dc': 47.23, 'room_temp': 22.0, 'is_rpi_zero': False, 'volume': 14.0, 'time_series_of_temp': [46.447916666666664, 44.114583333333336, 42.416666666666664, 40.979166666666664, 39.739583333333336, 38.645833333333336, 37.6875, 36.833333333333336, 36.0625, 35.385416666666664, 34.75, 34.1875, 33.6875, 33.229166666666664, 32.8125, 32.40625, 32.03125, 31.6875, 31.375, 31.125, 30.84375]}",app,DEBUG,temperature_automation,2025-09-19 11:06:33.407,9.789166666667
Long Yeast Grow,pioreactor02,2025-09-19T09:06:33.417Z,PID output = 0.013999999999995072,app,DEBUG,temperature_automation,2025-09-19 11:06:33.417,9.789166666667
Long Yeast Grow,pioreactor02,2025-09-19T09:09:53.405Z,"features={'previous_heater_dc': 47.24, 'room_temp': 22.0, 'is_rpi_zero': False, 'volume': 14.0, 'time_series_of_temp': [46.479166666666664, 44.135416666666664, 42.416666666666664, 40.979166666666664, 39.739583333333336, 38.65625, 37.708333333333336, 36.833333333333336, 36.072916666666664, 35.375, 34.75, 34.1875, 33.6875, 33.208333333333336, 32.802083333333336, 32.385416666666664, 32.010416666666664, 31.6875, 31.375, 31.104166666666668, 30.8125]}",app,DEBUG,temperature_automation,2025-09-19 11:09:53.405,9.844722222222
Long Yeast Grow,pioreactor02,2025-09-19T09:09:53.415Z,PID output = -0.582000000000005,app,DEBUG,temperature_automation,2025-09-19 11:09:53.415,9.844722222222
Long Yeast Grow,pioreactor02,2025-09-19T09:13:13.405Z,"features={'previous_heater_dc': 46.66, 'room_temp': 22.0, 'is_rpi_zero': False, 'volume': 14.0, 'time_series_of_temp': [46.25, 43.927083333333336, 42.229166666666664, 40.802083333333336, 39.59375, 38.53125, 37.5625, 36.729166666666664, 35.96875, 35.270833333333336, 34.666666666666664, 34.104166666666664, 33.625, 33.125, 32.729166666666664, 32.322916666666664, 31.947916666666668, 31.625, 31.3125, 31.0625, 30.760416666666668]}",app,DEBUG,temperature_automation,2025-09-19 11:13:13.405,9.900277777778
Long Yeast Grow,pioreactor02,2025-09-19T09:13:13.415Z,PID output = -0.4759999999999863,app,DEBUG,temperature_automation,2025-09-19 11:13:13.415,9.900277777778
Long Yeast Grow,pioreactor02,2025-09-19T09:16:33.405Z,"features={'previous_heater_dc': 46.18, 'room_temp': 22.0, 'is_rpi_zero': False, 'volume': 14.0, 'time_series_of_temp': [46.041666666666664, 43.75, 42.0625, 40.666666666666664, 39.447916666666664, 38.385416666666664, 37.447916666666664, 36.604166666666664, 35.854166666666664, 35.177083333333336, 34.572916666666664, 34.010416666666664, 33.520833333333336, 33.0625, 32.625, 32.25, 31.885416666666668, 31.5625, 31.25, 30.989583333333332, 30.6875]}",app,DEBUG,temperature_automation,2025-09-19 11:16:33.405,9.955833333333
Long Yeast Grow,pioreactor02,2025-09-19T09:16:33.414Z,PID output = -0.05000000000000357,app,DEBUG,temperature_automation,2025-09-19 11:16:33.414,9.955833333333
Long Yeast Grow,pioreactor02,2025-09-19T09:19:53.407Z,"features={'previous_heater_dc': 46.13, 'room_temp': 22.0, 'is_rpi_zero': False, 'volume': 14.0, 'time_series_of_temp': [45.958333333333336, 43.6875, 42.0, 40.604166666666664, 39.40625, 38.333333333333336, 37.395833333333336, 36.5625, 35.8125, 35.125, 34.53125, 33.979166666666664, 33.46875, 33.0, 32.59375, 32.208333333333336, 31.875, 31.5, 31.229166666666668, 30.9375, 30.6875]}",app,DEBUG,temperature_automation,2025-09-19 11:19:53.407,10.011388888889
Long Yeast Grow,pioreactor02,2025-09-19T09:19:53.417Z,PID output = 1.4220000000000033,app,DEBUG,temperature_automation,2025-09-19 11:19:53.417,10.011388888889
Long Yeast Grow,pioreactor02,2025-09-19T09:23:13.406Z,"features={'previous_heater_dc': 47.55, 'room_temp': 22.0, 'is_rpi_zero': False, 'volume': 14.0, 'time_series_of_temp': [46.5, 44.135416666666664, 42.427083333333336, 40.979166666666664, 39.71875, 38.635416666666664, 37.677083333333336, 36.8125, 36.0625, 35.364583333333336, 34.75, 34.1875, 33.666666666666664, 33.1875, 32.760416666666664, 32.375, 32.0, 31.666666666666668, 31.375, 31.072916666666668, 30.8125]}",app,DEBUG,temperature_automation,2025-09-19 11:23:13.406,10.066944444444
Long Yeast Grow,pioreactor02,2025-09-19T09:23:13.415Z,PID output = -1.0759999999999934,app,DEBUG,temperature_automation,2025-09-19 11:23:13.415,10.066944444444
Long Yeast Grow,pioreactor02,2025-09-19T09:26:33.408Z,"features={'previous_heater_dc': 46.47, 'room_temp': 22.0, 'is_rpi_zero': False, 'volume': 14.0, 'time_series_of_temp': [46.135416666666664, 43.84375, 42.15625, 40.739583333333336, 39.541666666666664, 38.447916666666664, 37.5, 36.645833333333336, 35.90625, 35.21875, 34.604166666666664, 34.0625, 33.552083333333336, 33.083333333333336, 32.666666666666664, 32.270833333333336, 31.9375, 31.572916666666668, 31.270833333333332, 31.0, 30.75]}",app,DEBUG,temperature_automation,2025-09-19 11:26:33.408,10.1225
Long Yeast Grow,pioreactor02,2025-09-19T09:26:33.417Z,PID output = 1.06799999999999,app,DEBUG,temperature_automation,2025-09-19 11:26:33.417,10.1225
Long Yeast Grow,pioreactor02,2025-09-19T09:29:53.407Z,"features={'previous_heater_dc': 47.54, 'room_temp': 22.0, 'is_rpi_zero': False, 'volume': 14.0, 'time_series_of_temp': [46.5, 44.15625, 42.427083333333336, 41.020833333333336, 39.75, 38.666666666666664, 37.6875, 36.822916666666664, 36.0625, 35.364583333333336, 34.75, 34.1875, 33.677083333333336, 33.1875, 32.75, 32.364583333333336, 32.0, 31.645833333333332, 31.354166666666668, 31.0625, 30.8125]}",app,DEBUG,temperature_automation,2025-09-19 11:29:53.407,10.178055555556
Long Yeast Grow,pioreactor02,2025-09-19T09:29:53.416Z,PID output = 0.5739999999999923,app,DEBUG,temperature_automation,2025-09-19 11:29:53.416,10.178055555556
Long Yeast Grow,pioreactor02,2025-09-19T09:33:13.407Z,"features={'previous_heater_dc': 48.11, 'room_temp': 22.0, 'is_rpi_zero': False, 'volume': 14.0, 'time_series_of_temp': [46.75, 44.375, 42.645833333333336, 41.166666666666664, 39.916666666666664, 38.802083333333336, 37.833333333333336, 36.958333333333336, 36.1875, 35.5, 34.864583333333336, 34.291666666666664, 33.760416666666664, 33.291666666666664, 32.854166666666664, 32.447916666666664, 32.0625, 31.75, 31.4375, 31.125, 30.875]}",app,DEBUG,temperature_automation,2025-09-19 11:33:13.407,10.233611111111
Long Yeast Grow,pioreactor02,2025-09-19T09:33:13.417Z,PID output = -1.0499999999999985,app,DEBUG,temperature_automation,2025-09-19 11:33:13.417,10.233611111111
Long Yeast Grow,pioreactor02,2025-09-19T09:36:33.406Z,"features={'previous_heater_dc': 47.06, 'room_temp': 22.0, 'is_rpi_zero': False, 'volume': 14.0, 'time_series_of_temp': [46.375, 44.052083333333336, 42.34375, 40.90625, 39.65625, 38.583333333333336, 37.625, 36.770833333333336, 36.0, 35.3125, 34.6875, 34.125, 33.625, 33.166666666666664, 32.75, 32.333333333333336, 31.979166666666668, 31.625, 31.322916666666668, 31.041666666666668, 30.75]}",app,DEBUG,temperature_automation,2025-09-19 11:36:33.406,10.289166666667
Long Yeast Grow,pioreactor02,2025-09-19T09:36:33.415Z,PID output = -0.5619999999999926,app,DEBUG,temperature_automation,2025-09-19 11:36:33.415,10.289166666667
Long Yeast Grow,pioreactor02,2025-09-19T09:39:53.406Z,"features={'previous_heater_dc': 46.5, 'room_temp': 22.0, 'is_rpi_zero': False, 'volume': 14.0, 'time_series_of_temp': [46.125, 43.8125, 42.135416666666664, 40.71875, 39.520833333333336, 38.427083333333336, 37.5, 36.645833333333336, 35.875, 35.208333333333336, 34.572916666666664, 34.0625, 33.520833333333336, 33.0625, 32.635416666666664, 32.25, 31.90625, 31.5625, 31.25, 30.989583333333332, 30.71875]}",app,DEBUG,temperature_automation,2025-09-19 11:39:53.406,10.344722222222
Long Yeast Grow,pioreactor02,2025-09-19T09:39:53.416Z,PID output = 1.5140000000000013,app,DEBUG,temperature_automation,2025-09-19 11:39:53.416,10.344722222222
Long Yeast Grow,pioreactor02,2025-09-19T09:43:13.408Z,"features={'previous_heater_dc': 48.01, 'room_temp': 22.0, 'is_rpi_zero': False, 'volume': 14.0, 'time_series_of_temp': [46.6875, 44.3125, 42.572916666666664, 41.104166666666664, 39.864583333333336, 38.739583333333336, 37.770833333333336, 36.90625, 36.135416666666664, 35.4375, 34.802083333333336, 34.25, 33.708333333333336, 33.25, 32.8125, 32.4375, 32.0625, 31.697916666666668, 31.385416666666668, 31.125, 30.854166666666668]}",app,DEBUG,temperature_automation,2025-09-19 11:43:13.408,10.400277777778
Long Yeast Grow,pioreactor02,2025-09-19T09:43:13.417Z,PID output = -0.9319999999999964,app,DEBUG,temperature_automation,2025-09-19 11:43:13.417,10.400277777778
Long Yeast Grow,pioreactor02,2025-09-19T09:46:33.405Z,"features={'previous_heater_dc': 47.08, 'room_temp': 22.0, 'is_rpi_zero': False, 'volume': 14.0, 'time_series_of_temp': [46.395833333333336, 44.072916666666664, 42.364583333333336, 40.9375, 39.6875, 38.614583333333336, 37.635416666666664, 36.791666666666664, 36.020833333333336, 35.34375, 34.739583333333336, 34.166666666666664, 33.65625, 33.1875, 32.75, 32.375, 32.0, 31.6875, 31.375, 31.072916666666668, 30.8125]}",app,DEBUG,temperature_automation,2025-09-19 11:46:33.405,10.455833333333
Long Yeast Grow,pioreactor02,2025-09-19T09:46:33.414Z,PID output = 0.25600000000000733,app,DEBUG,temperature_automation,2025-09-19 11:46:33.414,10.455833333333
Long Yeast Grow,pioreactor02,2025-09-19T09:49:53.407Z,"features={'previous_heater_dc': 47.34, 'room_temp': 22.0, 'is_rpi_zero': False, 'volume': 14.0, 'time_series_of_temp': [46.5, 44.125, 42.416666666666664, 41.0, 39.729166666666664, 38.645833333333336, 37.6875, 36.822916666666664, 36.0625, 35.375, 34.739583333333336, 34.1875, 33.677083333333336, 33.1875, 32.760416666666664, 32.375, 32.0, 31.6875, 31.375, 31.0625, 30.8125]}",app,DEBUG,temperature_automation,2025-09-19 11:49:53.407,10.511388888889
Long Yeast Grow,pioreactor02,2025-09-19T09:49:53.416Z,PID output = -0.3340000000000011,app,DEBUG,temperature_automation,2025-09-19 11:49:53.416,10.511388888889
Long Yeast Grow,pioreactor02,2025-09-19T09:53:13.407Z,"features={'previous_heater_dc': 47.01, 'room_temp': 22.0, 'is_rpi_zero': False, 'volume': 14.0, 'time_series_of_temp': [46.333333333333336, 44.0, 42.291666666666664, 40.875, 39.645833333333336, 38.5625, 37.604166666666664, 36.770833333333336, 36.0, 35.3125, 34.6875, 34.125, 33.625, 33.145833333333336, 32.75, 32.34375, 31.979166666666668, 31.625, 31.322916666666668, 31.0625, 30.8125]}",app,DEBUG,temperature_automation,2025-09-19 11:53:13.407,10.566944444444
Long Yeast Grow,pioreactor02,2025-09-19T09:53:13.416Z,PID output = 0.32799999999999296,app,DEBUG,temperature_automation,2025-09-19 11:53:13.416,10.566944444444
Long Yeast Grow,pioreactor02,2025-09-19T09:56:33.407Z,"features={'previous_heater_dc': 47.34, 'room_temp': 22.0, 'is_rpi_zero': False, 'volume': 14.0, 'time_series_of_temp': [46.489583333333336, 44.135416666666664, 42.40625, 40.989583333333336, 39.729166666666664, 38.635416666666664, 37.677083333333336, 36.8125, 36.0625, 35.375, 34.75, 34.1875, 33.6875, 33.208333333333336, 32.78125, 32.375, 32.020833333333336, 31.6875, 31.375, 31.083333333333332, 30.8125]}",app,DEBUG,temperature_automation,2025-09-19 11:56:33.407,10.6225
Long Yeast Grow,pioreactor02,2025-09-19T09:56:33.416Z,PID output = -1.460000000000007,app,DEBUG,temperature_automation,2025-09-19 11:56:33.416,10.6225
Long Yeast Grow,pioreactor02,2025-09-19T09:59:53.408Z,"features={'previous_heater_dc': 45.88, 'room_temp': 22.0, 'is_rpi_zero': False, 'volume': 14.0, 'time_series_of_temp': [45.9375, 43.65625, 41.979166666666664, 40.59375, 39.385416666666664, 38.3125, 37.385416666666664, 36.541666666666664, 35.802083333333336, 35.125, 34.53125, 33.958333333333336, 33.458333333333336, 33.010416666666664, 32.604166666666664, 32.208333333333336, 31.864583333333332, 31.53125, 31.239583333333332, 30.9375, 30.6875]}",app,DEBUG,temperature_automation,2025-09-19 11:59:53.408,10.678055555556
Long Yeast Grow,pioreactor02,2025-09-19T09:59:53.417Z,PID output = 1.1619999999999997,app,DEBUG,temperature_automation,2025-09-19 11:59:53.417,10.678055555556
Long Yeast Grow,pioreactor02,2025-09-19T10:03:13.407Z,"features={'previous_heater_dc': 47.04, 'room_temp': 22.0, 'is_rpi_zero': False, 'volume': 14.0, 'time_series_of_temp': [46.302083333333336, 43.958333333333336, 42.25, 40.822916666666664, 39.583333333333336, 38.510416666666664, 37.5625, 36.6875, 35.947916666666664, 35.25, 34.625, 34.0625, 33.5625, 33.114583333333336, 32.677083333333336, 32.291666666666664, 31.9375, 31.5625, 31.260416666666668, 31.0, 30.729166666666668]}",app,DEBUG,temperature_automation,2025-09-19 12:03:13.407,10.733611111111
Long Yeast Grow,pioreactor02,2025-09-19T10:03:13.416Z,PID output = -0.6159999999999868,app,DEBUG,temperature_automation,2025-09-19 12:03:13.416,10.733611111111
Long Yeast Grow,pioreactor02,2025-09-19T10:06:33.406Z,"features={'previous_heater_dc': 46.42, 'room_temp': 22.0, 'is_rpi_zero': False, 'volume': 14.0, 'time_series_of_temp': [46.0625, 43.75, 42.072916666666664, 40.65625, 39.447916666666664, 38.375, 37.40625, 36.572916666666664, 35.822916666666664, 35.125, 34.552083333333336, 33.989583333333336, 33.46875, 33.0, 32.59375, 32.1875, 31.84375, 31.5, 31.1875, 30.9375, 30.666666666666668]}",app,DEBUG,temperature_automation,2025-09-19 12:06:33.406,10.789166666667
Long Yeast Grow,pioreactor02,2025-09-19T10:06:33.416Z,PID output = 1.2839999999999983,app,DEBUG,temperature_automation,2025-09-19 12:06:33.416,10.789166666667
Long Yeast Grow,pioreactor02,2025-09-19T10:09:53.409Z,"features={'previous_heater_dc': 47.7, 'room_temp': 22.0, 'is_rpi_zero': False, 'volume': 14.0, 'time_series_of_temp': [46.5, 44.125, 42.416666666666664, 40.96875, 39.71875, 38.635416666666664, 37.635416666666664, 36.78125, 36.020833333333336, 35.3125, 34.6875, 34.125, 33.625, 33.125, 32.6875, 32.3125, 31.9375, 31.625, 31.3125, 31.0, 30.75]}",app,DEBUG,temperature_automation,2025-09-19 12:09:53.409,10.844722222222
Long Yeast Grow,pioreactor02,2025-09-19T10:09:53.419Z,PID output = 1.083999999999986,app,DEBUG,temperature_automation,2025-09-19 12:09:53.419,10.844722222222
Long Yeast Grow,pioreactor02,2025-09-19T10:13:13.407Z,"features={'previous_heater_dc': 48.78, 'room_temp': 22.0, 'is_rpi_zero': False, 'volume': 14.0, 'time_series_of_temp': [46.9375, 44.541666666666664, 42.78125, 41.291666666666664, 40.020833333333336, 38.895833333333336, 37.916666666666664, 37.020833333333336, 36.25, 35.5625, 34.895833333333336, 34.3125, 33.8125, 33.3125, 32.875, 32.489583333333336, 32.104166666666664, 31.75, 31.4375, 31.135416666666668, 30.875]}",app,DEBUG,temperature_automation,2025-09-19 12:13:13.407,10.900277777778
Long Yeast Grow,pioreactor02,2025-09-19T10:13:13.416Z,PID output = -1.320000000000001,app,DEBUG,temperature_automation,2025-09-19 12:13:13.416,10.900277777778
Long Yeast Grow,pioreactor02,2025-09-19T10:16:33.407Z,"features={'previous_heater_dc': 47.46, 'room_temp': 22.0, 'is_rpi_zero': False, 'volume': 14.0, 'time_series_of_temp': [46.5, 44.177083333333336, 42.4375, 41.010416666666664, 39.760416666666664, 38.65625, 37.6875, 36.822916666666664, 36.0625, 35.364583333333336, 34.75, 34.1875, 33.65625, 33.1875, 32.75, 32.364583333333336, 31.979166666666668, 31.635416666666668, 31.333333333333332, 31.0625, 30.78125]}",app,DEBUG,temperature_automation,2025-09-19 12:16:33.407,10.955833333333
Long Yeast Grow,pioreactor02,2025-09-19T10:16:33.416Z,PID output = 0.569999999999996,app,DEBUG,temperature_automation,2025-09-19 12:16:33.416,10.955833333333
Long Yeast Grow,pioreactor02,2025-09-19T10:19:53.409Z,"features={'previous_heater_dc': 48.03, 'room_temp': 22.0, 'is_rpi_zero': False, 'volume': 14.0, 'time_series_of_temp': [46.6875, 44.322916666666664, 42.583333333333336, 41.135416666666664, 39.875, 38.75, 37.770833333333336, 36.895833333333336, 36.135416666666664, 35.4375, 34.8125, 34.239583333333336, 33.729166666666664, 33.25, 32.8125, 32.427083333333336, 32.03125, 31.6875, 31.375, 31.0625, 30.8125]}",app,DEBUG,temperature_automation,2025-09-19 12:19:53.409,11.011388888889
Long Yeast Grow,pioreactor02,2025-09-19T10:19:53.419Z,PID output = -1.06799999999999,app,DEBUG,temperature_automation,2025-09-19 12:19:53.419,11.011388888889
Long Yeast Grow,pioreactor02,2025-09-19T10:23:13.405Z,"features={'previous_heater_dc': 46.96, 'room_temp': 22.0, 'is_rpi_zero': False, 'volume': 14.0, 'time_series_of_temp': [46.3125, 43.96875, 42.28125, 40.854166666666664, 39.604166666666664, 38.541666666666664, 37.5625, 36.739583333333336, 35.96875, 35.270833333333336, 34.666666666666664, 34.104166666666664, 33.583333333333336, 33.125, 32.6875, 32.3125, 31.9375, 31.614583333333332, 31.3125, 31.010416666666668, 30.75]}",app,DEBUG,temperature_automation,2025-09-19 12:23:13.405,11.066944444444
Long Yeast Grow,pioreactor02,2025-09-19T10:23:13.414Z,PID output = 0.7220000000000055,app,DEBUG,temperature_automation,2025-09-19 12:23:13.414,11.066944444444
Long Yeast Grow,pioreactor02,2025-09-19T10:26:33.406Z,"features={'previous_heater_dc': 47.68, 'room_temp': 22.0, 'is_rpi_zero': False, 'volume': 14.0, 'time_series_of_temp': [46.5625, 44.197916666666664, 42.458333333333336, 41.010416666666664, 39.75, 38.645833333333336, 37.6875, 36.833333333333336, 36.072916666666664, 35.375, 34.75, 34.177083333333336, 33.6875, 33.1875, 32.760416666666664, 32.375, 32.0, 31.666666666666668, 31.375, 31.0625, 30.8125]}",app,DEBUG,temperature_automation,2025-09-19 12:26:33.406,11.1225
Long Yeast Grow,pioreactor02,2025-09-19T10:26:33.415Z,PID output = -1.0020000000000122,app,DEBUG,temperature_automation,2025-09-19 12:26:33.415,11.1225
Long Yeast Grow,pioreactor02,2025-09-19T10:29:53.407Z,"features={'previous_heater_dc': 46.68, 'room_temp': 22.0, 'is_rpi_zero': False, 'volume': 14.0, 'time_series_of_temp': [46.1875, 43.895833333333336, 42.197916666666664, 40.770833333333336, 39.5625, 38.479166666666664, 37.520833333333336, 36.65625, 35.927083333333336, 35.239583333333336, 34.614583333333336, 34.0625, 33.5625, 33.072916666666664, 32.666666666666664, 32.270833333333336, 31.916666666666668, 31.5625, 31.25, 31.0, 30.739583333333332]}",app,DEBUG,temperature_automation,2025-09-19 12:29:53.407,11.178055555556
Long Yeast Grow,pioreactor02,2025-09-19T10:29:53.416Z,PID output = 1.6319999999999943,app,DEBUG,temperature_automation,2025-09-19 12:29:53.416,11.178055555556
Long Yeast Grow,pioreactor02,2025-09-19T10:33:13.408Z,"features={'previous_heater_dc': 48.31, 'room_temp': 22.0, 'is_rpi_zero': False, 'volume': 14.0, 'time_series_of_temp': [46.8125, 44.40625, 42.666666666666664, 41.208333333333336, 39.947916666666664, 38.822916666666664, 37.854166666666664, 36.96875, 36.1875, 35.5, 34.875, 34.302083333333336, 33.75, 33.291666666666664, 32.864583333333336, 32.46875, 32.0625, 31.75, 31.4375, 31.125, 30.875]}",app,DEBUG,temperature_automation,2025-09-19 12:33:13.408,11.233611111111
Long Yeast Grow,pioreactor02,2025-09-19T10:33:13.418Z,PID output = -0.9779999999999872,app,DEBUG,temperature_automation,2025-09-19 12:33:13.418,11.233611111111
Long Yeast Grow,pioreactor02,2025-09-19T10:36:33.409Z,"features={'previous_heater_dc': 47.33, 'room_temp': 22.0, 'is_rpi_zero': False, 'volume': 14.0, 'time_series_of_temp': [46.5, 44.15625, 42.427083333333336, 41.0, 39.739583333333336, 38.666666666666664, 37.697916666666664, 36.833333333333336, 36.072916666666664, 35.375, 34.760416666666664, 34.1875, 33.6875, 33.1875, 32.770833333333336, 32.375, 32.0, 31.6875, 31.375, 31.0625, 30.8125]}",app,DEBUG,temperature_automation,2025-09-19 12:36:33.409,11.289166666667
Long Yeast Grow,pioreactor02,2025-09-19T10:36:33.418Z,PID output = 0.039999999999999133,app,DEBUG,temperature_automation,2025-09-19 12:36:33.418,11.289166666667
Long Yeast Grow,pioreactor02,2025-09-19T10:39:53.406Z,"features={'previous_heater_dc': 47.37, 'room_temp': 22.0, 'is_rpi_zero': False, 'volume': 14.0, 'time_series_of_temp': [46.5, 44.135416666666664, 42.416666666666664, 40.989583333333336, 39.739583333333336, 38.65625, 37.6875, 36.833333333333336, 36.0625, 35.375, 34.75, 34.1875, 33.6875, 33.197916666666664, 32.78125, 32.375, 32.0, 31.6875, 31.375, 31.0625, 30.8125]}",app,DEBUG,temperature_automation,2025-09-19 12:39:53.406,11.344722222222
Long Yeast Grow,pioreactor02,2025-09-19T10:39:53.414Z,PID output = -0.7720000000000091,app,DEBUG,temperature_automation,2025-09-19 12:39:53.414,11.344722222222
Long Yeast Grow,pioreactor02,2025-09-19T10:43:13.407Z,"features={'previous_heater_dc': 46.6, 'room_temp': 22.0, 'is_rpi_zero': False, 'volume': 14.0, 'time_series_of_temp': [46.1875, 43.895833333333336, 42.21875, 40.791666666666664, 39.572916666666664, 38.489583333333336, 37.541666666666664, 36.6875, 35.947916666666664, 35.25, 34.635416666666664, 34.072916666666664, 33.583333333333336, 33.125, 32.6875, 32.3125, 31.9375, 31.614583333333332, 31.3125, 31.0, 30.75]}",app,DEBUG,temperature_automation,2025-09-19 12:43:13.407,11.400277777778
Long Yeast Grow,pioreactor02,2025-09-19T10:43:13.417Z,PID output = 1.0560000000000065,app,DEBUG,temperature_automation,2025-09-19 12:43:13.417,11.400277777778
Long Yeast Grow,pioreactor02,2025-09-19T10:46:33.405Z,"features={'previous_heater_dc': 47.66, 'room_temp': 22.0, 'is_rpi_zero': False, 'volume': 14.0, 'time_series_of_temp': [46.5625, 44.21875, 42.479166666666664, 41.041666666666664, 39.791666666666664, 38.6875, 37.71875, 36.864583333333336, 36.09375, 35.395833333333336, 34.791666666666664, 34.197916666666664, 33.697916666666664, 33.239583333333336, 32.8125, 32.416666666666664, 32.041666666666664, 31.6875, 31.375, 31.083333333333332, 30.8125]}",app,DEBUG,temperature_automation,2025-09-19 12:46:33.405,11.455833333333
Long Yeast Grow,pioreactor02,2025-09-19T10:46:33.415Z,PID output = -1.761999999999996,app,DEBUG,temperature_automation,2025-09-19 12:46:33.415,11.455833333333
Long Yeast Grow,pioreactor02,2025-09-19T10:49:53.407Z,"features={'previous_heater_dc': 45.9, 'room_temp': 22.0, 'is_rpi_zero': False, 'volume': 14.0, 'time_series_of_temp': [45.9375, 43.635416666666664, 41.96875, 40.583333333333336, 39.375, 38.3125, 37.375, 36.552083333333336, 35.78125, 35.125, 34.510416666666664, 33.947916666666664, 33.447916666666664, 33.0, 32.572916666666664, 32.1875, 31.854166666666668, 31.5, 31.21875, 30.9375, 30.6875]}",app,DEBUG,temperature_automation,2025-09-19 12:49:53.407,11.511388888889
Long Yeast Grow,pioreactor02,2025-09-19T10:49:53.417Z,PID output = 1.9280000000000006,app,DEBUG,temperature_automation,2025-09-19 12:49:53.417,11.511388888889
Long Yeast Grow,pioreactor02,2025-09-19T10:53:13.406Z,"features={'previous_heater_dc': 47.83, 'room_temp': 22.0, 'is_rpi_zero': False, 'volume': 14.0, 'time_series_of_temp': [46.625, 44.239583333333336, 42.520833333333336, 41.052083333333336, 39.802083333333336, 38.697916666666664, 37.729166666666664, 36.875, 36.104166666666664, 35.40625, 34.760416666666664, 34.1875, 33.6875, 33.208333333333336, 32.770833333333336, 32.375, 32.0, 31.6875, 31.375, 31.083333333333332, 30.8125]}",app,DEBUG,temperature_automation,2025-09-19 12:53:13.406,11.566944444444
Long Yeast Grow,pioreactor02,2025-09-19T10:53:13.416Z,PID output = -0.4279999999999944,app,DEBUG,temperature_automation,2025-09-19 12:53:13.416,11.566944444444
Long Yeast Grow,pioreactor02,2025-09-19T10:56:33.406Z,"features={'previous_heater_dc': 47.4, 'room_temp': 22.0, 'is_rpi_zero': False, 'volume': 14.0, 'time_series_of_temp': [46.5, 44.145833333333336, 42.416666666666664, 40.96875, 39.739583333333336, 38.645833333333336, 37.677083333333336, 36.822916666666664, 36.0625, 35.375, 34.739583333333336, 34.1875, 33.666666666666664, 33.1875, 32.75, 32.375, 32.0, 31.645833333333332, 31.34375, 31.0625, 30.791666666666668]}",app,DEBUG,temperature_automation,2025-09-19 12:56:33.406,11.6225
Long Yeast Grow,pioreactor02,2025-09-19T10:56:33.415Z,PID output = -1.2900000000000063,app,DEBUG,temperature_automation,2025-09-19 12:56:33.415,11.6225
Long Yeast Grow,pioreactor02,2025-09-19T10:59:53.407Z,"features={'previous_heater_dc': 46.11, 'room_temp': 22.0, 'is_rpi_zero': False, 'volume': 14.0, 'time_series_of_temp': [46.0, 43.6875, 42.020833333333336, 40.614583333333336, 39.40625, 38.333333333333336, 37.40625, 36.5625, 35.802083333333336, 35.125, 34.552083333333336, 33.979166666666664, 33.489583333333336, 33.010416666666664, 32.59375, 32.197916666666664, 31.875, 31.520833333333332, 31.229166666666668, 30.9375, 30.6875]}",app,DEBUG,temperature_automation,2025-09-19 12:59:53.407,11.678055555556
Long Yeast Grow,pioreactor02,2025-09-19T10:59:53.417Z,PID output = 0.6639999999999894,app,DEBUG,temperature_automation,2025-09-19 12:59:53.417,11.678055555556
Long Yeast Grow,pioreactor02,2025-09-19T11:03:13.407Z,"features={'previous_heater_dc': 46.77, 'room_temp': 22.0, 'is_rpi_zero': False, 'volume': 14.0, 'time_series_of_temp': [46.1875, 43.875, 42.177083333333336, 40.78125, 39.541666666666664, 38.458333333333336, 37.510416666666664, 36.65625, 35.895833333333336, 35.21875, 34.614583333333336, 34.0625, 33.552083333333336, 33.0625, 32.645833333333336, 32.25, 31.90625, 31.5625, 31.25, 30.979166666666668, 30.708333333333332]}",app,DEBUG,temperature_automation,2025-09-19 13:03:13.407,11.733611111111
Long Yeast Grow,pioreactor02,2025-09-19T11:03:13.417Z,PID output = 0.7660000000000173,app,DEBUG,temperature_automation,2025-09-19 13:03:13.417,11.733611111111
Long Yeast Grow,pioreactor02,2025-09-19T11:06:33.406Z,"features={'previous_heater_dc': 47.54, 'room_temp': 22.0, 'is_rpi_zero': False, 'volume': 14.0, 'time_series_of_temp': [46.5, 44.135416666666664, 42.395833333333336, 40.96875, 39.708333333333336, 38.614583333333336, 37.635416666666664, 36.802083333333336, 36.020833333333336, 35.322916666666664, 34.697916666666664, 34.135416666666664, 33.625, 33.145833333333336, 32.71875, 32.3125, 31.9375, 31.614583333333332, 31.3125, 31.0, 30.75]}",app,DEBUG,temperature_automation,2025-09-19 13:06:33.406,11.789166666667
Long Yeast Grow,pioreactor02,2025-09-19T11:06:33.416Z,PID output = -0.7480000000000003,app,DEBUG,temperature_automation,2025-09-19 13:06:33.416,11.789166666667
Long Yeast Grow,pioreactor02,2025-09-19T11:09:53.408Z,"features={'previous_heater_dc': 46.79, 'room_temp': 22.0, 'is_rpi_zero': False, 'volume': 14.0, 'time_series_of_temp': [46.1875, 43.864583333333336, 42.166666666666664, 40.75, 39.5, 38.4375, 37.489583333333336, 36.625, 35.875, 35.1875, 34.5625, 34.010416666666664, 33.510416666666664, 33.052083333333336, 32.625, 32.239583333333336, 31.875, 31.520833333333332, 31.229166666666668, 30.9375, 30.6875]}",app,DEBUG,temperature_automation,2025-09-19 13:09:53.408,11.844722222222
Long Yeast Grow,pioreactor02,2025-09-19T11:09:53.417Z,PID output = 0.6879999999999981,app,DEBUG,temperature_automation,2025-09-19 13:09:53.417,11.844722222222
Long Yeast Grow,pioreactor02,2025-09-19T11:13:13.408Z,"features={'previous_heater_dc': 47.48, 'room_temp': 22.0, 'is_rpi_zero': False, 'volume': 14.0, 'time_series_of_temp': [46.427083333333336, 44.072916666666664, 42.354166666666664, 40.916666666666664, 39.666666666666664, 38.572916666666664, 37.625, 36.75, 35.989583333333336, 35.291666666666664, 34.6875, 34.114583333333336, 33.604166666666664, 33.125, 32.6875, 32.3125, 31.9375, 31.614583333333332, 31.3125, 31.0, 30.75]}",app,DEBUG,temperature_automation,2025-09-19 13:13:13.408,11.900277777778
Long Yeast Grow,pioreactor02,2025-09-19T11:13:13.418Z,PID output = 0.2539999999999864,app,DEBUG,temperature_automation,2025-09-19 13:13:13.418,11.900277777778
Long Yeast Grow,pioreactor02,2025-09-19T11:16:33.408Z,"features={'previous_heater_dc': 47.73, 'room_temp': 22.0, 'is_rpi_zero': False, 'volume': 14.0, 'time_series_of_temp': [46.5625, 44.21875, 42.479166666666664, 41.03125, 39.78125, 38.677083333333336, 37.697916666666664, 36.84375, 36.09375, 35.385416666666664, 34.75, 34.1875, 33.6875, 33.1875, 32.760416666666664, 32.375, 32.0, 31.677083333333332, 31.375, 31.0625, 30.8125]}",app,DEBUG,temperature_automation,2025-09-19 13:16:33.408,11.955833333333
Long Yeast Grow,pioreactor02,2025-09-19T11:16:33.418Z,PID output = 0.20799999999999558,app,DEBUG,temperature_automation,2025-09-19 13:16:33.418,11.955833333333
Long Yeast Grow,pioreactor02,2025-09-19T11:19:53.407Z,"features={'previous_heater_dc': 47.94, 'room_temp': 22.0, 'is_rpi_zero': False, 'volume': 14.0, 'time_series_of_temp': [46.6875, 44.322916666666664, 42.583333333333336, 41.135416666666664, 39.885416666666664, 38.760416666666664, 37.791666666666664, 36.916666666666664, 36.135416666666664, 35.447916666666664, 34.8125, 34.25, 33.729166666666664, 33.25, 32.822916666666664, 32.4375, 32.0625, 31.6875, 31.375, 31.114583333333332, 30.833333333333332]}",app,DEBUG,temperature_automation,2025-09-19 13:19:53.407,12.011388888889
Long Yeast Grow,pioreactor02,2025-09-19T11:19:53.416Z,PID output = -0.4400000000000034,app,DEBUG,temperature_automation,2025-09-19 13:19:53.416,12.011388888889
Long Yeast Grow,pioreactor02,2025-09-19T11:23:13.406Z,"features={'previous_heater_dc': 47.5, 'room_temp': 22.0, 'is_rpi_zero': False, 'volume': 14.0, 'time_series_of_temp': [46.5625, 44.208333333333336, 42.479166666666664, 41.041666666666664, 39.791666666666664, 38.6875, 37.729166666666664, 36.875, 36.09375, 35.40625, 34.770833333333336, 34.197916666666664, 33.697916666666664, 33.239583333333336, 32.802083333333336, 32.416666666666664, 32.020833333333336, 31.6875, 31.375, 31.104166666666668, 30.8125]}",app,DEBUG,temperature_automation,2025-09-19 13:23:13.406,12.066944444444
Long Yeast Grow,pioreactor02,2025-09-19T11:23:13.414Z,PID output = -1.0339999999999825,app,DEBUG,temperature_automation,2025-09-19 13:23:13.414,12.066944444444
Long Yeast Grow,pioreactor02,2025-09-19T11:26:33.405Z,"features={'previous_heater_dc': 46.47, 'room_temp': 22.0, 'is_rpi_zero': False, 'volume': 14.0, 'time_series_of_temp': [46.177083333333336, 43.84375, 42.15625, 40.760416666666664, 39.541666666666664, 38.458333333333336, 37.5, 36.677083333333336, 35.916666666666664, 35.25, 34.625, 34.0625, 33.5625, 33.114583333333336, 32.6875, 32.28125, 31.9375, 31.583333333333332, 31.3125, 31.0, 30.75]}",app,DEBUG,temperature_automation,2025-09-19 13:26:33.405,12.1225
Long Yeast Grow,pioreactor02,2025-09-19T11:26:33.413Z,PID output = -0.24599999999999939,app,DEBUG,temperature_automation,2025-09-19 13:26:33.413,12.1225
Long Yeast Grow,pioreactor02,2025-09-19T11:29:53.408Z,"features={'previous_heater_dc': 46.22, 'room_temp': 22.0, 'is_rpi_zero': False, 'volume': 14.0, 'time_series_of_temp': [46.010416666666664, 43.729166666666664, 42.041666666666664, 40.645833333333336, 39.447916666666664, 38.354166666666664, 37.4375, 36.572916666666664, 35.822916666666664, 35.15625, 34.5625, 34.0, 33.5, 33.052083333333336, 32.625, 32.229166666666664, 31.875, 31.53125, 31.25, 30.947916666666668, 30.6875]}",app,DEBUG,temperature_automation,2025-09-19 13:29:53.408,12.178055555556
Long Yeast Grow,pioreactor02,2025-09-19T11:29:53.418Z,PID output = 0.3819999999999872,app,DEBUG,temperature_automation,2025-09-19 13:29:53.418,12.178055555556
Long Yeast Grow,pioreactor02,2025-09-19T11:33:13.408Z,"features={'previous_heater_dc': 46.6, 'room_temp': 22.0, 'is_rpi_zero': False, 'volume': 14.0, 'time_series_of_temp': [46.125, 43.8125, 42.125, 40.708333333333336, 39.489583333333336, 38.40625, 37.458333333333336, 36.614583333333336, 35.864583333333336, 35.166666666666664, 34.5625, 34.020833333333336, 33.5, 33.052083333333336, 32.625, 32.25, 31.875, 31.552083333333332, 31.25, 30.9375, 30.6875]}",app,DEBUG,temperature_automation,2025-09-19 13:33:13.408,12.233611111111
Long Yeast Grow,pioreactor02,2025-09-19T11:33:13.417Z,PID output = 0.28200000000000214,app,DEBUG,temperature_automation,2025-09-19 13:33:13.417,12.233611111111
Long Yeast Grow,pioreactor02,2025-09-19T11:36:33.408Z,"features={'previous_heater_dc': 46.88, 'room_temp': 22.0, 'is_rpi_zero': False, 'volume': 14.0, 'time_series_of_temp': [46.25, 43.90625, 42.197916666666664, 40.78125, 39.552083333333336, 38.447916666666664, 37.5, 36.666666666666664, 35.895833333333336, 35.197916666666664, 34.583333333333336, 34.0625, 33.53125, 33.0625, 32.625, 32.25, 31.885416666666668, 31.5625, 31.25, 30.958333333333332, 30.6875]}",app,DEBUG,temperature_automation,2025-09-19 13:36:33.408,12.289166666667
Long Yeast Grow,pioreactor02,2025-09-19T11:36:33.417Z,PID output = -0.4520000000000032,app,DEBUG,temperature_automation,2025-09-19 13:36:33.417,12.289166666667
Long Yeast Grow,pioreactor02,2025-09-19T11:39:53.408Z,"features={'previous_heater_dc': 46.43, 'room_temp': 22.0, 'is_rpi_zero': False, 'volume': 14.0, 'time_series_of_temp': [46.0625, 43.75, 42.0625, 40.666666666666664, 39.447916666666664, 38.375, 37.4375, 36.572916666666664, 35.822916666666664, 35.145833333333336, 34.5625, 34.0, 33.5, 33.010416666666664, 32.614583333333336, 32.197916666666664, 31.875, 31.5, 31.208333333333332, 30.9375, 30.6875]}",app,DEBUG,temperature_automation,2025-09-19 13:39:53.408,12.344722222222
Long Yeast Grow,pioreactor02,2025-09-19T11:39:53.417Z,PID output = 0.661999999999994,app,DEBUG,temperature_automation,2025-09-19 13:39:53.417,12.344722222222
Long Yeast Grow,pioreactor02,2025-09-19T11:43:13.407Z,"features={'previous_heater_dc': 47.09, 'room_temp': 22.0, 'is_rpi_zero': False, 'volume': 14.0, 'time_series_of_temp': [46.302083333333336, 43.958333333333336, 42.229166666666664, 40.822916666666664, 39.583333333333336, 38.510416666666664, 37.541666666666664, 36.697916666666664, 35.9375, 35.25, 34.625, 34.0625, 33.5625, 33.083333333333336, 32.6875, 32.291666666666664, 31.9375, 31.583333333333332, 31.260416666666668, 30.989583333333332, 30.729166666666668]}",app,DEBUG,temperature_automation,2025-09-19 13:43:13.407,12.400277777778
Long Yeast Grow,pioreactor02,2025-09-19T11:43:13.417Z,PID output = -0.7799999999999961,app,DEBUG,temperature_automation,2025-09-19 13:43:13.417,12.400277777778
Long Yeast Grow,pioreactor02,2025-09-19T11:46:33.409Z,"features={'previous_heater_dc': 46.31, 'room_temp': 22.0, 'is_rpi_zero': False, 'volume': 14.0, 'time_series_of_temp': [46.0, 43.697916666666664, 42.020833333333336, 40.614583333333336, 39.395833333333336, 38.322916666666664, 37.375, 36.5625, 35.791666666666664, 35.114583333333336, 34.5, 33.9375, 33.4375, 33.0, 32.5625, 32.1875, 31.8125, 31.5, 31.1875, 30.90625, 30.625]}",app,DEBUG,temperature_automation,2025-09-19 13:46:33.409,12.455833333333
Long Yeast Grow,pioreactor02,2025-09-19T11:46:33.419Z,PID output = 0.6099999999999951,app,DEBUG,temperature_automation,2025-09-19 13:46:33.419,12.455833333333
Long Yeast Grow,pioreactor02,2025-09-19T11:49:53.407Z,"features={'previous_heater_dc': 46.92, 'room_temp': 22.0, 'is_rpi_zero': False, 'volume': 14.0, 'time_series_of_temp': [46.21875, 43.885416666666664, 42.197916666666664, 40.770833333333336, 39.541666666666664, 38.458333333333336, 37.5, 36.645833333333336, 35.885416666666664, 35.208333333333336, 34.59375, 34.052083333333336, 33.552083333333336, 33.0625, 32.635416666666664, 32.25, 31.875, 31.5625, 31.25, 30.958333333333332, 30.6875]}",app,DEBUG,temperature_automation,2025-09-19 13:49:53.407,12.511388888889
Long Yeast Grow,pioreactor02,2025-09-19T11:49:53.416Z,PID output = -0.11199999999998482,app,DEBUG,temperature_automation,2025-09-19 13:49:53.416,12.511388888889
Long Yeast Grow,pioreactor02,2025-09-19T11:53:13.408Z,"features={'previous_heater_dc': 46.81, 'room_temp': 22.0, 'is_rpi_zero': False, 'volume': 14.0, 'time_series_of_temp': [46.1875, 43.895833333333336, 42.197916666666664, 40.770833333333336, 39.541666666666664, 38.447916666666664, 37.5, 36.645833333333336, 35.885416666666664, 35.208333333333336, 34.59375, 34.03125, 33.541666666666664, 33.0625, 32.635416666666664, 32.25, 31.875, 31.5625, 31.25, 30.947916666666668, 30.6875]}",app,DEBUG,temperature_automation,2025-09-19 13:53:13.408,12.566944444444
Long Yeast Grow,pioreactor02,2025-09-19T11:53:13.417Z,PID output = 0.7459999999999887,app,DEBUG,temperature_automation,2025-09-19 13:53:13.417,12.566944444444
Long Yeast Grow,pioreactor02,2025-09-19T11:56:33.407Z,"features={'previous_heater_dc': 47.56, 'room_temp': 22.0, 'is_rpi_zero': False, 'volume': 14.0, 'time_series_of_temp': [46.5, 44.135416666666664, 42.40625, 40.96875, 39.71875, 38.625, 37.65625, 36.802083333333336, 36.03125, 35.322916666666664, 34.697916666666664, 34.125, 33.625, 33.15625, 32.729166666666664, 32.364583333333336, 31.96875, 31.625, 31.3125, 31.03125, 30.760416666666668]}",app,DEBUG,temperature_automation,2025-09-19 13:56:33.407,12.6225
Long Yeast Grow,pioreactor02,2025-09-19T11:56:33.417Z,PID output = -0.5780000000000085,app,DEBUG,temperature_automation,2025-09-19 13:56:33.417,12.6225
Long Yeast Grow,pioreactor02,2025-09-19T11:59:53.408Z,"features={'previous_heater_dc': 46.98, 'room_temp': 22.0, 'is_rpi_zero': False, 'volume': 14.0, 'time_series_of_temp': [46.3125, 43.979166666666664, 42.28125, 40.864583333333336, 39.614583333333336, 38.541666666666664, 37.572916666666664, 36.739583333333336, 35.958333333333336, 35.270833333333336, 34.666666666666664, 34.104166666666664, 33.59375, 33.125, 32.6875, 32.3125, 31.9375, 31.614583333333332, 31.302083333333332, 31.0, 30.75]}",app,DEBUG,temperature_automation,2025-09-19 13:59:53.408,12.678055555556
Long Yeast Grow,pioreactor02,2025-09-19T11:59:53.417Z,PID output = 0.3340000000000011,app,DEBUG,temperature_automation,2025-09-19 13:59:53.417,12.678055555556
Long Yeast Grow,pioreactor02,2025-09-19T12:03:13.409Z,"features={'previous_heater_dc': 47.31, 'room_temp': 22.0, 'is_rpi_zero': False, 'volume': 14.0, 'time_series_of_temp': [46.416666666666664, 44.072916666666664, 42.34375, 40.90625, 39.677083333333336, 38.604166666666664, 37.625, 36.75, 36.0, 35.3125, 34.6875, 34.125, 33.625, 33.145833333333336, 32.708333333333336, 32.322916666666664, 31.958333333333332, 31.625, 31.3125, 31.0625, 30.760416666666668]}",app,DEBUG,temperature_automation,2025-09-19 14:03:13.409,12.733611111111
Long Yeast Grow,pioreactor02,2025-09-19T12:03:13.417Z,PID output = 0.17600000000000904,app,DEBUG,temperature_automation,2025-09-19 14:03:13.417,12.733611111111
Long Yeast Grow,pioreactor02,2025-09-19T12:06:33.406Z,"features={'previous_heater_dc': 47.49, 'room_temp': 22.0, 'is_rpi_zero': False, 'volume': 14.0, 'time_series_of_temp': [46.510416666666664, 44.15625, 42.4375, 40.989583333333336, 39.760416666666664, 38.65625, 37.697916666666664, 36.822916666666664, 36.072916666666664, 35.364583333333336, 34.75, 34.1875, 33.677083333333336, 33.1875, 32.75, 32.375, 32.0, 31.666666666666668, 31.375, 31.0625, 30.8125]}",app,DEBUG,temperature_automation,2025-09-19 14:06:33.406,12.789166666667
Long Yeast Grow,pioreactor02,2025-09-19T12:06:33.415Z,PID output = 0.13000000000000186,app,DEBUG,temperature_automation,2025-09-19 14:06:33.415,12.789166666667
Long Yeast Grow,pioreactor02,2025-09-19T12:09:53.405Z,"features={'previous_heater_dc': 47.62, 'room_temp': 22.0, 'is_rpi_zero': False, 'volume': 14.0, 'time_series_of_temp': [46.5625, 44.208333333333336, 42.489583333333336, 41.041666666666664, 39.802083333333336, 38.708333333333336, 37.739583333333336, 36.875, 36.104166666666664, 35.40625, 34.770833333333336, 34.208333333333336, 33.6875, 33.21875, 32.802083333333336, 32.395833333333336, 32.010416666666664, 31.6875, 31.375, 31.083333333333332, 30.822916666666668]}",app,DEBUG,temperature_automation,2025-09-19 14:09:53.405,12.844722222222
Long Yeast Grow,pioreactor02,2025-09-19T12:09:53.414Z,PID output = 0.20199999999998752,app,DEBUG,temperature_automation,2025-09-19 14:09:53.414,12.844722222222
Long Yeast Grow,pioreactor02,2025-09-19T12:13:13.406Z,"features={'previous_heater_dc': 47.82, 'room_temp': 22.0, 'is_rpi_zero': False, 'volume': 14.0, 'time_series_of_temp': [46.6875, 44.302083333333336, 42.5625, 41.104166666666664, 39.854166666666664, 38.75, 37.78125, 36.916666666666664, 36.125, 35.447916666666664, 34.8125, 34.25, 33.739583333333336, 33.25, 32.8125, 32.4375, 32.0625, 31.708333333333332, 31.427083333333332, 31.125, 30.875]}",app,DEBUG,temperature_automation,2025-09-19 14:13:13.406,12.900277777778
Long Yeast Grow,pioreactor02,2025-09-19T12:13:13.417Z,PID output = -0.6359999999999992,app,DEBUG,temperature_automation,2025-09-19 14:13:13.417,12.900277777778
Long Yeast Grow,pioreactor02,2025-09-19T12:16:33.407Z,"features={'previous_heater_dc': 47.18, 'room_temp': 22.0, 'is_rpi_zero': False, 'volume': 14.0, 'time_series_of_temp': [46.4375, 44.083333333333336, 42.375, 40.9375, 39.697916666666664, 38.614583333333336, 37.645833333333336, 36.802083333333336, 36.03125, 35.322916666666664, 34.71875, 34.145833333333336, 33.635416666666664, 33.1875, 32.75, 32.375, 32.0, 31.65625, 31.375, 31.0625, 30.8125]}",app,DEBUG,temperature_automation,2025-09-19 14:16:33.407,12.955833333333
Long Yeast Grow,pioreactor02,2025-09-19T12:16:33.415Z,PID output = 0.30200000000001453,app,DEBUG,temperature_automation,2025-09-19 14:16:33.415,12.955833333333
Long Yeast Grow,pioreactor02,2025-09-19T12:19:53.407Z,"features={'previous_heater_dc': 47.48, 'room_temp': 22.0, 'is_rpi_zero': False, 'volume': 14.0, 'time_series_of_temp': [46.5625, 44.208333333333336, 42.479166666666664, 41.03125, 39.78125, 38.697916666666664, 37.729166666666664, 36.875, 36.114583333333336, 35.395833333333336, 34.791666666666664, 34.197916666666664, 33.697916666666664, 33.25, 32.8125, 32.416666666666664, 32.03125, 31.6875, 31.375, 31.125, 30.822916666666668]}",app,DEBUG,temperature_automation,2025-09-19 14:19:53.407,13.011388888889
Long Yeast Grow,pioreactor02,2025-09-19T12:19:53.417Z,PID output = -1.342000000000005,app,DEBUG,temperature_automation,2025-09-19 14:19:53.417,13.011388888889
Long Yeast Grow,pioreactor02,2025-09-19T12:23:13.407Z,"features={'previous_heater_dc': 46.14, 'room_temp': 22.0, 'is_rpi_zero': False, 'volume': 14.0, 'time_series_of_temp': [46.052083333333336, 43.760416666666664, 42.083333333333336, 40.677083333333336, 39.458333333333336, 38.385416666666664, 37.447916666666664, 36.604166666666664, 35.854166666666664, 35.1875, 34.5625, 34.03125, 33.510416666666664, 33.0625, 32.625, 32.25, 31.895833333333332, 31.5625, 31.25, 31.0, 30.729166666666668]}",app,DEBUG,temperature_automation,2025-09-19 14:23:13.407,13.066944444444
Long Yeast Grow,pioreactor02,2025-09-19T12:23:13.416Z,PID output = 1.2599999999999894,app,DEBUG,temperature_automation,2025-09-19 14:23:13.416,13.066944444444
Long Yeast Grow,pioreactor02,2025-09-19T12:26:33.406Z,"features={'previous_heater_dc': 47.4, 'room_temp': 22.0, 'is_rpi_zero': False, 'volume': 14.0, 'time_series_of_temp': [46.458333333333336, 44.125, 42.40625, 40.96875, 39.71875, 38.625, 37.666666666666664, 36.8125, 36.041666666666664, 35.34375, 34.739583333333336, 34.166666666666664, 33.645833333333336, 33.1875, 32.75, 32.364583333333336, 32.0, 31.65625, 31.322916666666668, 31.0625, 30.78125]}",app,DEBUG,temperature_automation,2025-09-19 14:26:33.406,13.1225
Long Yeast Grow,pioreactor02,2025-09-19T12:26:33.415Z,PID output = -0.6359999999999992,app,DEBUG,temperature_automation,2025-09-19 14:26:33.415,13.1225
Long Yeast Grow,pioreactor02,2025-09-19T12:29:53.406Z,"features={'previous_heater_dc': 46.76, 'room_temp': 22.0, 'is_rpi_zero': False, 'volume': 14.0, 'time_series_of_temp': [46.25, 43.927083333333336, 42.229166666666664, 40.8125, 39.583333333333336, 38.510416666666664, 37.552083333333336, 36.697916666666664, 35.958333333333336, 35.25, 34.635416666666664, 34.083333333333336, 33.583333333333336, 33.125, 32.6875, 32.3125, 31.9375, 31.59375, 31.3125, 31.0, 30.75]}",app,DEBUG,temperature_automation,2025-09-19 14:29:53.406,13.178055555556
Long Yeast Grow,pioreactor02,2025-09-19T12:29:53.416Z,PID output = 0.08600000000000634,app,DEBUG,temperature_automation,2025-09-19 14:29:53.416,13.178055555556
Long Yeast Grow,pioreactor02,2025-09-19T12:33:13.408Z,"features={'previous_heater_dc': 46.85, 'room_temp': 22.0, 'is_rpi_zero': False, 'volume': 14.0, 'time_series_of_temp': [46.28125, 43.96875, 42.25, 40.833333333333336, 39.59375, 38.510416666666664, 37.552083333333336, 36.697916666666664, 35.947916666666664, 35.25, 34.645833333333336, 34.09375, 33.604166666666664, 33.125, 32.6875, 32.3125, 31.9375, 31.625, 31.3125, 31.010416666666668, 30.75]}",app,DEBUG,temperature_automation,2025-09-19 14:33:13.408,13.233611111111
Long Yeast Grow,pioreactor02,2025-09-19T12:33:13.418Z,PID output = -0.41200000000000403,app,DEBUG,temperature_automation,2025-09-19 14:33:13.418,13.233611111111
Long Yeast Grow,pioreactor02,2025-09-19T12:36:33.409Z,"features={'previous_heater_dc': 46.44, 'room_temp': 22.0, 'is_rpi_zero': False, 'volume': 14.0, 'time_series_of_temp': [46.125, 43.791666666666664, 42.114583333333336, 40.708333333333336, 39.479166666666664, 38.395833333333336, 37.46875, 36.625, 35.875, 35.1875, 34.5625, 34.010416666666664, 33.520833333333336, 33.0625, 32.625, 32.25, 31.875, 31.5625, 31.25, 30.979166666666668, 30.708333333333332]}",app,DEBUG,temperature_automation,2025-09-19 14:36:33.409,13.289166666667
Long Yeast Grow,pioreactor02,2025-09-19T12:36:33.418Z,PID output = 0.17800000000000438,app,DEBUG,temperature_automation,2025-09-19 14:36:33.418,13.289166666667
Long Yeast Grow,pioreactor02,2025-09-19T12:39:53.406Z,"features={'previous_heater_dc': 46.62, 'room_temp': 22.0, 'is_rpi_zero': False, 'volume': 14.0, 'time_series_of_temp': [46.125, 43.833333333333336, 42.145833333333336, 40.729166666666664, 39.5, 38.416666666666664, 37.46875, 36.625, 35.875, 35.1875, 34.5625, 34.0, 33.510416666666664, 33.0625, 32.625, 32.229166666666664, 31.875, 31.5625, 31.239583333333332, 30.9375, 30.6875]}",app,DEBUG,temperature_automation,2025-09-19 14:39:53.406,13.344722222222
Long Yeast Grow,pioreactor02,2025-09-19T12:39:53.415Z,PID output = 1.0279999999999907,app,DEBUG,temperature_automation,2025-09-19 14:39:53.415,13.344722222222
Long Yeast Grow,pioreactor02,2025-09-19T12:43:13.408Z,"features={'previous_heater_dc': 47.65, 'room_temp': 22.0, 'is_rpi_zero': False, 'volume': 14.0, 'time_series_of_temp': [46.5, 44.15625, 42.4375, 40.989583333333336, 39.739583333333336, 38.635416666666664, 37.666666666666664, 36.8125, 36.052083333333336, 35.364583333333336, 34.729166666666664, 34.177083333333336, 33.645833333333336, 33.1875, 32.75, 32.364583333333336, 32.0, 31.65625, 31.333333333333332, 31.0625, 30.8125]}",app,DEBUG,temperature_automation,2025-09-19 14:43:13.408,13.400277777778
Long Yeast Grow,pioreactor02,2025-09-19T12:43:13.417Z,PID output = -0.09399999999999334,app,DEBUG,temperature_automation,2025-09-19 14:43:13.417,13.400277777778
Long Yeast Grow,pioreactor02,2025-09-19T12:46:33.406Z,"features={'previous_heater_dc': 47.56, 'room_temp': 22.0, 'is_rpi_zero': False, 'volume': 14.0, 'time_series_of_temp': [46.552083333333336, 44.177083333333336, 42.458333333333336, 41.010416666666664, 39.760416666666664, 38.666666666666664, 37.6875, 36.84375, 36.072916666666664, 35.375, 34.75, 34.1875, 33.6875, 33.1875, 32.75, 32.375, 32.0, 31.635416666666668, 31.333333333333332, 31.0625, 30.802083333333332]}",app,DEBUG,temperature_automation,2025-09-19 14:46:33.406,13.455833333333
Long Yeast Grow,pioreactor02,2025-09-19T12:46:33.415Z,PID output = -1.0420000000000116,app,DEBUG,temperature_automation,2025-09-19 14:46:33.415,13.455833333333
Long Yeast Grow,pioreactor02,2025-09-19T12:49:53.408Z,"features={'previous_heater_dc': 46.52, 'room_temp': 22.0, 'is_rpi_zero': False, 'volume': 14.0, 'time_series_of_temp': [46.125, 43.822916666666664, 42.125, 40.71875, 39.489583333333336, 38.416666666666664, 37.46875, 36.625, 35.875, 35.1875, 34.5625, 34.041666666666664, 33.520833333333336, 33.0625, 32.635416666666664, 32.25, 31.895833333333332, 31.5625, 31.25, 31.0, 30.71875]}",app,DEBUG,temperature_automation,2025-09-19 14:49:53.408,13.511388888889
Long Yeast Grow,pioreactor02,2025-09-19T12:49:53.417Z,PID output = 1.0359999999999943,app,DEBUG,temperature_automation,2025-09-19 14:49:53.417,13.511388888889
Long Yeast Grow,pioreactor02,2025-09-19T12:53:13.408Z,"features={'previous_heater_dc': 47.56, 'room_temp': 22.0, 'is_rpi_zero': False, 'volume': 14.0, 'time_series_of_temp': [46.5, 44.145833333333336, 42.416666666666664, 40.96875, 39.71875, 38.625, 37.65625, 36.802083333333336, 36.03125, 35.333333333333336, 34.71875, 34.166666666666664, 33.635416666666664, 33.166666666666664, 32.739583333333336, 32.354166666666664, 31.96875, 31.625, 31.322916666666668, 31.052083333333332, 30.760416666666668]}",app,DEBUG,temperature_automation,2025-09-19 14:53:13.408,13.566944444444
Long Yeast Grow,pioreactor02,2025-09-19T12:53:13.418Z,PID output = -0.9439999999999797,app,DEBUG,temperature_automation,2025-09-19 14:53:13.418,13.566944444444
Long Yeast Grow,pioreactor02,2025-09-19T12:56:33.406Z,"features={'previous_heater_dc': 46.62, 'room_temp': 22.0, 'is_rpi_zero': False, 'volume': 14.0, 'time_series_of_temp': [46.145833333333336, 43.84375, 42.145833333333336, 40.729166666666664, 39.510416666666664, 38.427083333333336, 37.489583333333336, 36.625, 35.875, 35.1875, 34.5625, 34.010416666666664, 33.5, 33.052083333333336, 32.625, 32.239583333333336, 31.875, 31.541666666666668, 31.25, 30.9375, 30.6875]}",app,DEBUG,temperature_automation,2025-09-19 14:56:33.406,13.6225
Long Yeast Grow,pioreactor02,2025-09-19T12:56:33.415Z,PID output = 1.3759999999999961,app,DEBUG,temperature_automation,2025-09-19 14:56:33.415,13.6225
Long Yeast Grow,pioreactor02,2025-09-19T12:59:53.406Z,"features={'previous_heater_dc': 48.0, 'room_temp': 22.0, 'is_rpi_zero': False, 'volume': 14.0, 'time_series_of_temp': [46.625, 44.260416666666664, 42.541666666666664, 41.072916666666664, 39.8125, 38.708333333333336, 37.729166666666664, 36.875, 36.104166666666664, 35.395833333333336, 34.760416666666664, 34.1875, 33.6875, 33.208333333333336, 32.78125, 32.375, 32.010416666666664, 31.6875, 31.375, 31.0625, 30.8125]}",app,DEBUG,temperature_automation,2025-09-19 14:59:53.406,13.678055555556
Long Yeast Grow,pioreactor02,2025-09-19T12:59:53.415Z,PID output = 0.4359999999999871,app,DEBUG,temperature_automation,2025-09-19 14:59:53.415,13.678055555556
Long Yeast Grow,pioreactor02,2025-09-19T13:03:13.408Z,"features={'previous_heater_dc': 48.44, 'room_temp': 22.0, 'is_rpi_zero': False, 'volume': 14.0, 'time_series_of_temp': [46.875, 44.46875, 42.708333333333336, 41.239583333333336, 39.96875, 38.84375, 37.875, 36.979166666666664, 36.208333333333336, 35.5, 34.875, 34.291666666666664, 33.760416666666664, 33.28125, 32.854166666666664, 32.4375, 32.0625, 31.708333333333332, 31.427083333333332, 31.125, 30.864583333333332]}",app,DEBUG,temperature_automation,2025-09-19 15:03:13.408,13.733611111111
Long Yeast Grow,pioreactor02,2025-09-19T13:03:13.418Z,PID output = -0.5459999999999965,app,DEBUG,temperature_automation,2025-09-19 15:03:13.418,13.733611111111
Long Yeast Grow,pioreactor02,2025-09-19T13:06:33.406Z,"features={'previous_heater_dc': 47.89, 'room_temp': 22.0, 'is_rpi_zero': False, 'volume': 14.0, 'time_series_of_temp': [46.677083333333336, 44.291666666666664, 42.552083333333336, 41.09375, 39.833333333333336, 38.729166666666664, 37.760416666666664, 36.875, 36.125, 35.416666666666664, 34.791666666666664, 34.208333333333336, 33.697916666666664, 33.229166666666664, 32.8125, 32.385416666666664, 32.020833333333336, 31.6875, 31.375, 31.09375, 30.8125]}",app,DEBUG,temperature_automation,2025-09-19 15:06:33.406,13.789166666667
Long Yeast Grow,pioreactor02,2025-09-19T13:06:33.417Z,PID output = -0.6679999999999857,app,DEBUG,temperature_automation,2025-09-19 15:06:33.417,13.789166666667
Long Yeast Grow,pioreactor02,2025-09-19T13:09:53.407Z,"features={'previous_heater_dc': 47.22, 'room_temp': 22.0, 'is_rpi_zero': False, 'volume': 14.0, 'time_series_of_temp': [46.375, 44.052083333333336, 42.34375, 40.916666666666664, 39.645833333333336, 38.572916666666664, 37.604166666666664, 36.770833333333336, 36.0, 35.3125, 34.6875, 34.125, 33.614583333333336, 33.135416666666664, 32.708333333333336, 32.322916666666664, 31.9375, 31.625, 31.3125, 31.03125, 30.75]}",app,DEBUG,temperature_automation,2025-09-19 15:09:53.407,13.844722222222
Long Yeast Grow,pioreactor02,2025-09-19T13:09:53.416Z,PID output = 0.799999999999983,app,DEBUG,temperature_automation,2025-09-19 15:09:53.416,13.844722222222
Long Yeast Grow,pioreactor02,2025-09-19T13:13:13.407Z,"features={'previous_heater_dc': 48.02, 'room_temp': 22.0, 'is_rpi_zero': False, 'volume': 14.0, 'time_series_of_temp': [46.6875, 44.3125, 42.572916666666664, 41.114583333333336, 39.854166666666664, 38.75, 37.770833333333336, 36.895833333333336, 36.125, 35.427083333333336, 34.791666666666664, 34.229166666666664, 33.697916666666664, 33.25, 32.802083333333336, 32.375, 32.0, 31.6875, 31.375, 31.0625, 30.8125]}",app,DEBUG,temperature_automation,2025-09-19 15:13:13.407,13.900277777778
Long Yeast Grow,pioreactor02,2025-09-19T13:13:13.416Z,PID output = -0.2759999999999941,app,DEBUG,temperature_automation,2025-09-19 15:13:13.416,13.900277777778
Long Yeast Grow,pioreactor02,2025-09-19T13:16:33.407Z,"features={'previous_heater_dc': 47.74, 'room_temp': 22.0, 'is_rpi_zero': False, 'volume': 14.0, 'time_series_of_temp': [46.625, 44.21875, 42.5, 41.03125, 39.78125, 38.677083333333336, 37.708333333333336, 36.84375, 36.072916666666664, 35.375, 34.75, 34.166666666666664, 33.645833333333336, 33.1875, 32.75, 32.354166666666664, 31.979166666666668, 31.635416666666668, 31.3125, 31.0625, 30.78125]}",app,DEBUG,temperature_automation,2025-09-19 15:16:33.407,13.955833333333
Long Yeast Grow,pioreactor02,2025-09-19T13:16:33.417Z,PID output = -0.504000000000002,app,DEBUG,temperature_automation,2025-09-19 15:16:33.417,13.955833333333
Long Yeast Grow,pioreactor02,2025-09-19T13:19:53.405Z,"features={'previous_heater_dc': 47.24, 'room_temp': 22.0, 'is_rpi_zero': False, 'volume': 14.0, 'time_series_of_temp': [46.375, 44.020833333333336, 42.322916666666664, 40.885416666666664, 39.645833333333336, 38.5625, 37.59375, 36.729166666666664, 35.979166666666664, 35.28125, 34.645833333333336, 34.072916666666664, 33.583333333333336, 33.125, 32.6875, 32.291666666666664, 31.9375, 31.572916666666668, 31.25, 31.0, 30.708333333333332]}",app,DEBUG,temperature_automation,2025-09-19 15:19:53.405,14.011388888889
Long Yeast Grow,pioreactor02,2025-09-19T13:19:53.414Z,PID output = 0.4659999999999982,app,DEBUG,temperature_automation,2025-09-19 15:19:53.414,14.011388888889
Long Yeast Grow,pioreactor02,2025-09-19T13:23:13.408Z,"features={'previous_heater_dc': 47.71, 'room_temp': 22.0, 'is_rpi_zero': False, 'volume': 14.0, 'time_series_of_temp': [46.5625, 44.166666666666664, 42.447916666666664, 41.010416666666664, 39.739583333333336, 38.645833333333336, 37.65625, 36.8125, 36.052083333333336, 35.34375, 34.708333333333336, 34.145833333333336, 33.625, 33.145833333333336, 32.729166666666664, 32.3125, 31.9375, 31.625, 31.3125, 31.0, 30.75]}",app,DEBUG,temperature_automation,2025-09-19 15:23:13.408,14.066944444444
Long Yeast Grow,pioreactor02,2025-09-19T13:23:13.417Z,PID output = 0.051999999999998894,app,DEBUG,temperature_automation,2025-09-19 15:23:13.417,14.066944444444
Long Yeast Grow,pioreactor02,2025-09-19T13:26:33.407Z,"features={'previous_heater_dc': 47.76, 'room_temp': 22.0, 'is_rpi_zero': False, 'volume': 14.0, 'time_series_of_temp': [46.5625, 44.177083333333336, 42.479166666666664, 41.010416666666664, 39.75, 38.635416666666664, 37.666666666666664, 36.8125, 36.052083333333336, 35.34375, 34.708333333333336, 34.125, 33.625, 33.145833333333336, 32.729166666666664, 32.3125, 31.9375, 31.625, 31.3125, 31.0, 30.75]}",app,DEBUG,temperature_automation,2025-09-19 15:26:33.407,14.1225
Long Yeast Grow,pioreactor02,2025-09-19T13:26:33.417Z,PID output = 0.7720000000000091,app,DEBUG,temperature_automation,2025-09-19 15:26:33.417,14.1225
Long Yeast Grow,pioreactor02,2025-09-19T13:29:53.408Z,"features={'previous_heater_dc': 48.53, 'room_temp': 22.0, 'is_rpi_zero': False, 'volume': 14.0, 'time_series_of_temp': [46.875, 44.479166666666664, 42.71875, 41.239583333333336, 39.979166666666664, 38.854166666666664, 37.875, 36.989583333333336, 36.1875, 35.5, 34.875, 34.291666666666664, 33.760416666666664, 33.28125, 32.833333333333336, 32.4375, 32.0625, 31.71875, 31.40625, 31.125, 30.822916666666668]}",app,DEBUG,temperature_automation,2025-09-19 15:29:53.408,14.178055555556
Long Yeast Grow,pioreactor02,2025-09-19T13:29:53.418Z,PID output = -0.47999999999999327,app,DEBUG,temperature_automation,2025-09-19 15:29:53.418,14.178055555556
Long Yeast Grow,pioreactor02,2025-09-19T13:33:13.407Z,"features={'previous_heater_dc': 48.05, 'room_temp': 22.0, 'is_rpi_zero': False, 'volume': 14.0, 'time_series_of_temp': [46.729166666666664, 44.333333333333336, 42.604166666666664, 41.135416666666664, 39.875, 38.78125, 37.78125, 36.90625, 36.125, 35.4375, 34.8125, 34.25, 33.71875, 33.25, 32.8125, 32.395833333333336, 32.03125, 31.6875, 31.375, 31.09375, 30.822916666666668]}",app,DEBUG,temperature_automation,2025-09-19 15:33:13.407,14.233611111111
Long Yeast Grow,pioreactor02,2025-09-19T13:33:13.417Z,PID output = -0.1900000000000041,app,DEBUG,temperature_automation,2025-09-19 15:33:13.417,14.233611111111
Long Yeast Grow,pioreactor02,2025-09-19T13:36:33.407Z,"features={'previous_heater_dc': 47.86, 'room_temp': 22.0, 'is_rpi_zero': False, 'volume': 14.0, 'time_series_of_temp': [46.645833333333336, 44.270833333333336, 42.53125, 41.09375, 39.833333333333336, 38.71875, 37.75, 36.875, 36.104166666666664, 35.40625, 34.760416666666664, 34.197916666666664, 33.6875, 33.197916666666664, 32.75, 32.375, 32.0, 31.65625, 31.354166666666668, 31.0625, 30.8125]}",app,DEBUG,temperature_automation,2025-09-19 15:36:33.407,14.289166666667
Long Yeast Grow,pioreactor02,2025-09-19T13:36:33.416Z,PID output = 1.460000000000007,app,DEBUG,temperature_automation,2025-09-19 15:36:33.416,14.289166666667
Long Yeast Grow,pioreactor02,2025-09-19T13:39:53.406Z,"features={'previous_heater_dc': 49.32, 'room_temp': 22.0, 'is_rpi_zero': False, 'volume': 14.0, 'time_series_of_temp': [47.197916666666664, 44.78125, 42.979166666666664, 41.5, 40.208333333333336, 39.052083333333336, 38.0625, 37.166666666666664, 36.385416666666664, 35.645833333333336, 35.0, 34.4375, 33.875, 33.385416666666664, 32.958333333333336, 32.552083333333336, 32.177083333333336, 31.8125, 31.5, 31.1875, 30.9375]}",app,DEBUG,temperature_automation,2025-09-19 15:39:53.406,14.344722222222
Long Yeast Grow,pioreactor02,2025-09-19T13:39:53.416Z,PID output = -0.2980000000000181,app,DEBUG,temperature_automation,2025-09-19 15:39:53.416,14.344722222222
Long Yeast Grow,pioreactor02,2025-09-19T13:43:13.407Z,"features={'previous_heater_dc': 49.02, 'room_temp': 22.0, 'is_rpi_zero': False, 'volume': 14.0, 'time_series_of_temp': [47.15625, 44.729166666666664, 42.947916666666664, 41.46875, 40.166666666666664, 39.041666666666664, 38.041666666666664, 37.177083333333336, 36.364583333333336, 35.666666666666664, 35.0, 34.427083333333336, 33.895833333333336, 33.416666666666664, 32.958333333333336, 32.5625, 32.1875, 31.833333333333332, 31.5, 31.21875, 30.9375]}",app,DEBUG,temperature_automation,2025-09-19 15:43:13.407,14.400277777778
Long Yeast Grow,pioreactor02,2025-09-19T13:43:13.416Z,PID output = -1.3759999999999961,app,DEBUG,temperature_automation,2025-09-19 15:43:13.416,14.400277777778
Long Yeast Grow,pioreactor02,2025-09-19T13:46:33.408Z,"features={'previous_heater_dc': 47.64, 'room_temp': 22.0, 'is_rpi_zero': False, 'volume': 14.0, 'time_series_of_temp': [46.625, 44.270833333333336, 42.541666666666664, 41.104166666666664, 39.84375, 38.739583333333336, 37.770833333333336, 36.90625, 36.125, 35.4375, 34.8125, 34.25, 33.75, 33.260416666666664, 32.8125, 32.4375, 32.0625, 31.708333333333332, 31.40625, 31.125, 30.84375]}",app,DEBUG,temperature_automation,2025-09-19 15:46:33.408,14.455833333333
Long Yeast Grow,pioreactor02,2025-09-19T13:46:33.417Z,PID output = 0.14000000000000054,app,DEBUG,temperature_automation,2025-09-19 15:46:33.417,14.455833333333
Long Yeast Grow,pioreactor02,2025-09-19T13:49:53.407Z,"features={'previous_heater_dc': 47.78, 'room_temp': 22.0, 'is_rpi_zero': False, 'volume': 14.0, 'time_series_of_temp': [46.65625, 44.291666666666664, 42.541666666666664, 41.104166666666664, 39.84375, 38.739583333333336, 37.770833333333336, 36.895833333333336, 36.125, 35.4375, 34.8125, 34.25, 33.71875, 33.25, 32.8125, 32.416666666666664, 32.0625, 31.6875, 31.375, 31.114583333333332, 30.8125]}",app,DEBUG,temperature_automation,2025-09-19 15:49:53.407,14.511388888889
Long Yeast Grow,pioreactor02,2025-09-19T13:49:53.417Z,PID output = -1.0460000000000078,app,DEBUG,temperature_automation,2025-09-19 15:49:53.417,14.511388888889
Long Yeast Grow,pioreactor02,2025-09-19T13:53:13.408Z,"features={'previous_heater_dc': 46.73, 'room_temp': 22.0, 'is_rpi_zero': False, 'volume': 14.0, 'time_series_of_temp': [46.208333333333336, 43.895833333333336, 42.1875, 40.770833333333336, 39.541666666666664, 38.479166666666664, 37.520833333333336, 36.677083333333336, 35.927083333333336, 35.229166666666664, 34.625, 34.0625, 33.5625, 33.083333333333336, 32.666666666666664, 32.260416666666664, 31.927083333333332, 31.5625, 31.260416666666668, 31.0, 30.71875]}",app,DEBUG,temperature_automation,2025-09-19 15:53:13.408,14.566944444444
Long Yeast Grow,pioreactor02,2025-09-19T13:53:13.418Z,PID output = 0.6579999999999976,app,DEBUG,temperature_automation,2025-09-19 15:53:13.418,14.566944444444
Long Yeast Grow,pioreactor02,2025-09-19T13:56:33.408Z,"features={'previous_heater_dc': 47.39, 'room_temp': 22.0, 'is_rpi_zero': False, 'volume': 14.0, 'time_series_of_temp': [46.4375, 44.09375, 42.364583333333336, 40.927083333333336, 39.677083333333336, 38.583333333333336, 37.625, 36.770833333333336, 36.010416666666664, 35.3125, 34.697916666666664, 34.125, 33.625, 33.135416666666664, 32.697916666666664, 32.3125, 31.9375, 31.625, 31.3125, 31.010416666666668, 30.75]}",app,DEBUG,temperature_automation,2025-09-19 15:56:33.408,14.6225
Long Yeast Grow,pioreactor02,2025-09-19T13:56:33.417Z,PID output = -0.005999999999991706,app,DEBUG,temperature_automation,2025-09-19 15:56:33.417,14.6225
Long Yeast Grow,pioreactor02,2025-09-19T13:59:53.407Z,"features={'previous_heater_dc': 47.38, 'room_temp': 22.0, 'is_rpi_zero': False, 'volume': 14.0, 'time_series_of_temp': [46.4375, 44.083333333333336, 42.354166666666664, 40.916666666666664, 39.677083333333336, 38.583333333333336, 37.625, 36.760416666666664, 36.0, 35.302083333333336, 34.677083333333336, 34.104166666666664, 33.59375, 33.125, 32.6875, 32.3125, 31.9375, 31.604166666666668, 31.302083333333332, 31.0, 30.729166666666668]}",app,DEBUG,temperature_automation,2025-09-19 15:59:53.407,14.678055555556
Long Yeast Grow,pioreactor02,2025-09-19T13:59:53.416Z,PID output = 0.23599999999999494,app,DEBUG,temperature_automation,2025-09-19 15:59:53.416,14.678055555556
Long Yeast Grow,pioreactor02,2025-09-19T14:03:13.407Z,"features={'previous_heater_dc': 47.62, 'room_temp': 22.0, 'is_rpi_zero': False, 'volume': 14.0, 'time_series_of_temp': [46.5, 44.145833333333336, 42.416666666666664, 40.96875, 39.697916666666664, 38.614583333333336, 37.635416666666664, 36.770833333333336, 36.0, 35.3125, 34.6875, 34.125, 33.614583333333336, 33.125, 32.6875, 32.3125, 31.9375, 31.59375, 31.302083333333332, 31.0, 30.739583333333332]}",app,DEBUG,temperature_automation,2025-09-19 16:03:13.407,14.733611111111
Long Yeast Grow,pioreactor02,2025-09-19T14:03:13.416Z,PID output = 0.7720000000000091,app,DEBUG,temperature_automation,2025-09-19 16:03:13.416,14.733611111111
Long Yeast Grow,pioreactor02,2025-09-19T14:06:33.407Z,"features={'previous_heater_dc': 48.39, 'room_temp': 22.0, 'is_rpi_zero': False, 'volume': 14.0, 'time_series_of_temp': [46.760416666666664, 44.375, 42.645833333333336, 41.15625, 39.885416666666664, 38.770833333333336, 37.770833333333336, 36.90625, 36.125, 35.427083333333336, 34.78125, 34.1875, 33.677083333333336, 33.1875, 32.75, 32.375, 31.989583333333332, 31.635416666666668, 31.3125, 31.052083333333332, 30.770833333333332]}",app,DEBUG,temperature_automation,2025-09-19 16:06:33.407,14.789166666667
Long Yeast Grow,pioreactor02,2025-09-19T14:06:33.417Z,PID output = 1.4640000000000035,app,DEBUG,temperature_automation,2025-09-19 16:06:33.417,14.789166666667
Long Yeast Grow,pioreactor02,2025-09-19T14:09:53.406Z,"features={'previous_heater_dc': 49.85, 'room_temp': 22.0, 'is_rpi_zero': False, 'volume': 14.0, 'time_series_of_temp': [47.333333333333336, 44.885416666666664, 43.072916666666664, 41.572916666666664, 40.239583333333336, 39.114583333333336, 38.09375, 37.1875, 36.395833333333336, 35.677083333333336, 35.0, 34.427083333333336, 33.875, 33.375, 32.9375, 32.5625, 32.145833333333336, 31.8125, 31.46875, 31.1875, 30.875]}",app,DEBUG,temperature_automation,2025-09-19 16:09:53.406,14.844722222222
Long Yeast Grow,pioreactor02,2025-09-19T14:09:53.414Z,PID output = -0.7840000000000031,app,DEBUG,temperature_automation,2025-09-19 16:09:53.414,14.844722222222
Long Yeast Grow,pioreactor02,2025-09-19T14:13:13.409Z,"features={'previous_heater_dc': 49.07, 'room_temp': 22.0, 'is_rpi_zero': False, 'volume': 14.0, 'time_series_of_temp': [47.125, 44.65625, 42.895833333333336, 41.40625, 40.104166666666664, 38.979166666666664, 37.979166666666664, 37.0625, 36.291666666666664, 35.572916666666664, 34.927083333333336, 34.364583333333336, 33.8125, 33.34375, 32.875, 32.5, 32.114583333333336, 31.75, 31.4375, 31.125, 30.864583333333332]}",app,DEBUG,temperature_automation,2025-09-19 16:13:13.409,14.900277777778
Long Yeast Grow,pioreactor02,2025-09-19T14:13:13.418Z,PID output = -0.8260000000000033,app,DEBUG,temperature_automation,2025-09-19 16:13:13.418,14.900277777778
Long Yeast Grow,pioreactor02,2025-09-19T14:16:33.407Z,"features={'previous_heater_dc': 48.24, 'room_temp': 22.0, 'is_rpi_zero': False, 'volume': 14.0, 'time_series_of_temp': [46.75, 44.354166666666664, 42.614583333333336, 41.145833333333336, 39.864583333333336, 38.760416666666664, 37.78125, 36.90625, 36.125, 35.4375, 34.791666666666664, 34.21875, 33.6875, 33.208333333333336, 32.75, 32.375, 31.989583333333332, 31.625, 31.3125, 31.041666666666668, 30.75]}",app,DEBUG,temperature_automation,2025-09-19 16:16:33.407,14.955833333333
Long Yeast Grow,pioreactor02,2025-09-19T14:16:33.416Z,PID output = 0.03400000000000744,app,DEBUG,temperature_automation,2025-09-19 16:16:33.416,14.955833333333
Long Yeast Grow,pioreactor02,2025-09-19T14:19:53.407Z,"features={'previous_heater_dc': 48.27, 'room_temp': 22.0, 'is_rpi_zero': False, 'volume': 14.0, 'time_series_of_temp': [46.739583333333336, 44.34375, 42.59375, 41.145833333333336, 39.875, 38.75, 37.78125, 36.895833333333336, 36.125, 35.395833333333336, 34.78125, 34.1875, 33.6875, 33.208333333333336, 32.75, 32.375, 32.0, 31.645833333333332, 31.322916666666668, 31.0625, 30.791666666666668]}",app,DEBUG,temperature_automation,2025-09-19 16:19:53.407,15.011388888889
Long Yeast Grow,pioreactor02,2025-09-19T14:19:53.416Z,PID output = 1.5520000000000052,app,DEBUG,temperature_automation,2025-09-19 16:19:53.416,15.011388888889
Long Yeast Grow,pioreactor02,2025-09-19T14:23:13.407Z,"features={'previous_heater_dc': 49.82, 'room_temp': 22.0, 'is_rpi_zero': False, 'volume': 14.0, 'time_series_of_temp': [47.34375, 44.875, 43.0625, 41.552083333333336, 40.260416666666664, 39.114583333333336, 38.114583333333336, 37.197916666666664, 36.40625, 35.6875, 35.03125, 34.4375, 33.90625, 33.4375, 32.989583333333336, 32.5625, 32.1875, 31.833333333333332, 31.5, 31.1875, 30.916666666666668]}",app,DEBUG,temperature_automation,2025-09-19 16:23:13.407,15.066944444444
Long Yeast Grow,pioreactor02,2025-09-19T14:23:13.416Z,PID output = -2.4579999999999975,app,DEBUG,temperature_automation,2025-09-19 16:23:13.416,15.066944444444
Long Yeast Grow,pioreactor02,2025-09-19T14:26:33.407Z,"features={'previous_heater_dc': 47.36, 'room_temp': 22.0, 'is_rpi_zero': False, 'volume': 14.0, 'time_series_of_temp': [46.447916666666664, 44.09375, 42.385416666666664, 40.9375, 39.708333333333336, 38.614583333333336, 37.625, 36.770833333333336, 36.0, 35.3125, 34.6875, 34.125, 33.614583333333336, 33.125, 32.6875, 32.3125, 31.9375, 31.572916666666668, 31.28125, 31.0, 30.739583333333332]}",app,DEBUG,temperature_automation,2025-09-19 16:26:33.407,15.1225
Long Yeast Grow,pioreactor02,2025-09-19T14:26:33.416Z,PID output = 2.0199999999999987,app,DEBUG,temperature_automation,2025-09-19 16:26:33.416,15.1225
Long Yeast Grow,pioreactor02,2025-09-19T14:29:53.406Z,"features={'previous_heater_dc': 49.38, 'room_temp': 22.0, 'is_rpi_zero': False, 'volume': 14.0, 'time_series_of_temp': [47.15625, 44.71875, 42.927083333333336, 41.427083333333336, 40.15625, 39.0, 38.0, 37.104166666666664, 36.3125, 35.59375, 34.9375, 34.364583333333336, 33.822916666666664, 33.354166666666664, 32.885416666666664, 32.5, 32.125, 31.75, 31.4375, 31.125, 30.875]}",app,DEBUG,temperature_automation,2025-09-19 16:29:53.406,15.178055555556
Long Yeast Grow,pioreactor02,2025-09-19T14:29:53.415Z,PID output = -0.35600000000000875,app,DEBUG,temperature_automation,2025-09-19 16:29:53.415,15.178055555556
Long Yeast Grow,pioreactor02,2025-09-19T14:33:13.407Z,"features={'previous_heater_dc': 49.02, 'room_temp': 22.0, 'is_rpi_zero': False, 'volume': 14.0, 'time_series_of_temp': [47.0625, 44.645833333333336, 42.864583333333336, 41.385416666666664, 40.09375, 38.947916666666664, 37.947916666666664, 37.0625, 36.260416666666664, 35.5625, 34.90625, 34.3125, 33.802083333333336, 33.3125, 32.875, 32.447916666666664, 32.0625, 31.729166666666668, 31.416666666666668, 31.104166666666668, 30.8125]}",app,DEBUG,temperature_automation,2025-09-19 16:33:13.407,15.233611111111
Long Yeast Grow,pioreactor02,2025-09-19T14:33:13.417Z,PID output = 0.03200000000001211,app,DEBUG,temperature_automation,2025-09-19 16:33:13.417,15.233611111111
Long Yeast Grow,pioreactor02,2025-09-19T14:36:33.406Z,"features={'previous_heater_dc': 49.05, 'room_temp': 22.0, 'is_rpi_zero': False, 'volume': 14.0, 'time_series_of_temp': [47.03125, 44.59375, 42.833333333333336, 41.34375, 40.052083333333336, 38.90625, 37.927083333333336, 37.03125, 36.239583333333336, 35.510416666666664, 34.875, 34.3125, 33.75, 33.291666666666664, 32.875, 32.4375, 32.0625, 31.697916666666668, 31.375, 31.083333333333332, 30.8125]}",app,DEBUG,temperature_automation,2025-09-19 16:36:33.406,15.289166666667
Long Yeast Grow,pioreactor02,2025-09-19T14:36:33.416Z,PID output = -0.13800000000000523,app,DEBUG,temperature_automation,2025-09-19 16:36:33.416,15.289166666667
Long Yeast Grow,pioreactor02,2025-09-19T14:39:53.407Z,"features={'previous_heater_dc': 48.91, 'room_temp': 22.0, 'is_rpi_zero': False, 'volume': 14.0, 'time_series_of_temp': [47.0, 44.552083333333336, 42.78125, 41.302083333333336, 40.020833333333336, 38.885416666666664, 37.895833333333336, 37.0, 36.197916666666664, 35.5, 34.864583333333336, 34.260416666666664, 33.75, 33.260416666666664, 32.8125, 32.40625, 32.010416666666664, 31.6875, 31.375, 31.052083333333332, 30.802083333333332]}",app,DEBUG,temperature_automation,2025-09-19 16:39:53.407,15.344722222222
Long Yeast Grow,pioreactor02,2025-09-19T14:39:53.416Z,PID output = 0.4319999999999907,app,DEBUG,temperature_automation,2025-09-19 16:39:53.416,15.344722222222
Long Yeast Grow,pioreactor02,2025-09-19T14:43:13.406Z,"features={'previous_heater_dc': 49.34, 'room_temp': 22.0, 'is_rpi_zero': False, 'volume': 14.0, 'time_series_of_temp': [47.125, 44.708333333333336, 42.895833333333336, 41.416666666666664, 40.135416666666664, 38.979166666666664, 37.989583333333336, 37.083333333333336, 36.291666666666664, 35.5625, 34.9375, 34.34375, 33.822916666666664, 33.333333333333336, 32.875, 32.479166666666664, 32.083333333333336, 31.75, 31.4375, 31.125, 30.864583333333332]}",app,DEBUG,temperature_automation,2025-09-19 16:43:13.406,15.400277777778
Long Yeast Grow,pioreactor02,2025-09-19T14:43:13.415Z,PID output = 0.5880000000000131,app,DEBUG,temperature_automation,2025-09-19 16:43:13.415,15.400277777778
Long Yeast Grow,pioreactor02,2025-09-19T14:46:33.408Z,"features={'previous_heater_dc': 49.93, 'room_temp': 22.0, 'is_rpi_zero': False, 'volume': 14.0, 'time_series_of_temp': [47.40625, 44.9375, 43.125, 41.614583333333336, 40.302083333333336, 39.145833333333336, 38.135416666666664, 37.25, 36.4375, 35.708333333333336, 35.0625, 34.4375, 33.927083333333336, 33.4375, 32.96875, 32.5625, 32.1875, 31.8125, 31.5, 31.1875, 30.90625]}",app,DEBUG,temperature_automation,2025-09-19 16:46:33.408,15.455833333333
Long Yeast Grow,pioreactor02,2025-09-19T14:46:33.417Z,PID output = -1.272000000000015,app,DEBUG,temperature_automation,2025-09-19 16:46:33.417,15.455833333333
Long Yeast Grow,pioreactor02,2025-09-19T14:49:53.407Z,"features={'previous_heater_dc': 48.66, 'room_temp': 22.0, 'is_rpi_zero': False, 'volume': 14.0, 'time_series_of_temp': [46.9375, 44.53125, 42.770833333333336, 41.291666666666664, 40.020833333333336, 38.885416666666664, 37.895833333333336, 37.010416666666664, 36.25, 35.5, 34.875, 34.302083333333336, 33.78125, 33.302083333333336, 32.833333333333336, 32.4375, 32.0625, 31.708333333333332, 31.395833333333332, 31.104166666666668, 30.8125]}",app,DEBUG,temperature_automation,2025-09-19 16:49:53.407,15.511388888889
Long Yeast Grow,pioreactor02,2025-09-19T14:49:53.415Z,PID output = 0.3160000000000096,app,DEBUG,temperature_automation,2025-09-19 16:49:53.415,15.511388888889
Long Yeast Grow,pioreactor02,2025-09-19T14:53:13.407Z,"features={'previous_heater_dc': 48.98, 'room_temp': 22.0, 'is_rpi_zero': False, 'volume': 14.0, 'time_series_of_temp': [47.010416666666664, 44.604166666666664, 42.822916666666664, 41.333333333333336, 40.041666666666664, 38.916666666666664, 37.916666666666664, 37.03125, 36.239583333333336, 35.552083333333336, 34.895833333333336, 34.3125, 33.802083333333336, 33.3125, 32.875, 32.447916666666664, 32.0625, 31.739583333333332, 31.416666666666668, 31.125, 30.84375]}",app,DEBUG,temperature_automation,2025-09-19 16:53:13.407,15.566944444444
Long Yeast Grow,pioreactor02,2025-09-19T14:53:13.415Z,PID output = -0.12400000000001014,app,DEBUG,temperature_automation,2025-09-19 16:53:13.415,15.566944444444
Long Yeast Grow,pioreactor02,2025-09-19T14:56:33.407Z,"features={'previous_heater_dc': 48.86, 'room_temp': 22.0, 'is_rpi_zero': False, 'volume': 14.0, 'time_series_of_temp': [47.0, 44.5625, 42.791666666666664, 41.3125, 40.020833333333336, 38.895833333333336, 37.90625, 37.0, 36.229166666666664, 35.53125, 34.875, 34.302083333333336, 33.78125, 33.302083333333336, 32.864583333333336, 32.4375, 32.0625, 31.729166666666668, 31.385416666666668, 31.125, 30.8125]}",app,DEBUG,temperature_automation,2025-09-19 16:56:33.407,15.6225
Long Yeast Grow,pioreactor02,2025-09-19T14:56:33.416Z,PID output = -1.0139999999999958,app,DEBUG,temperature_automation,2025-09-19 16:56:33.416,15.6225
Long Yeast Grow,pioreactor02,2025-09-19T14:59:53.408Z,"features={'previous_heater_dc': 47.85, 'room_temp': 22.0, 'is_rpi_zero': False, 'volume': 14.0, 'time_series_of_temp': [46.59375, 44.21875, 42.479166666666664, 41.020833333333336, 39.78125, 38.666666666666664, 37.697916666666664, 36.822916666666664, 36.0625, 35.375, 34.729166666666664, 34.15625, 33.635416666666664, 33.177083333333336, 32.75, 32.333333333333336, 31.947916666666668, 31.625, 31.3125, 31.0, 30.75]}",app,DEBUG,temperature_automation,2025-09-19 16:59:53.408,15.678055555556
Long Yeast Grow,pioreactor02,2025-09-19T14:59:53.416Z,PID output = 0.23199999999999857,app,DEBUG,temperature_automation,2025-09-19 16:59:53.416,15.678055555556
Long Yeast Grow,pioreactor02,2025-09-19T15:03:13.407Z,"features={'previous_heater_dc': 48.08, 'room_temp': 22.0, 'is_rpi_zero': False, 'volume': 14.0, 'time_series_of_temp': [46.625, 44.25, 42.5, 41.0625, 39.78125, 38.677083333333336, 37.6875, 36.833333333333336, 36.0625, 35.354166666666664, 34.71875, 34.145833333333336, 33.625, 33.135416666666664, 32.71875, 32.3125, 31.9375, 31.625, 31.3125, 31.0, 30.75]}",app,DEBUG,temperature_automation,2025-09-19 17:03:13.407,15.733611111111
Long Yeast Grow,pioreactor02,2025-09-19T15:03:13.416Z,PID output = 2.122000000000001,app,DEBUG,temperature_automation,2025-09-19 17:03:13.416,15.733611111111
Long Yeast Grow,pioreactor02,2025-09-19T15:06:33.405Z,"features={'previous_heater_dc': 50.2, 'room_temp': 22.0, 'is_rpi_zero': False, 'volume': 14.0, 'time_series_of_temp': [47.4375, 44.979166666666664, 43.15625, 41.645833333333336, 40.302083333333336, 39.166666666666664, 38.145833333333336, 37.239583333333336, 36.4375, 35.6875, 35.0625, 34.4375, 33.885416666666664, 33.416666666666664, 32.947916666666664, 32.5625, 32.15625, 31.8125, 31.5, 31.1875, 30.885416666666668]}",app,DEBUG,temperature_automation,2025-09-19 17:06:33.405,15.789166666667
Long Yeast Grow,pioreactor02,2025-09-19T15:06:33.413Z,PID output = 0.0020000000000010565,app,DEBUG,temperature_automation,2025-09-19 17:06:33.413,15.789166666667
Long Yeast Grow,pioreactor02,2025-09-19T15:09:53.407Z,"features={'previous_heater_dc': 50.2, 'room_temp': 22.0, 'is_rpi_zero': False, 'volume': 14.0, 'time_series_of_temp': [47.5, 45.03125, 43.21875, 41.697916666666664, 40.375, 39.229166666666664, 38.1875, 37.302083333333336, 36.489583333333336, 35.75, 35.104166666666664, 34.5, 33.9375, 33.447916666666664, 33.0, 32.583333333333336, 32.1875, 31.864583333333332, 31.510416666666668, 31.239583333333332, 30.9375]}",app,DEBUG,temperature_automation,2025-09-19 17:09:53.407,15.844722222222
Long Yeast Grow,pioreactor02,2025-09-19T15:09:53.416Z,PID output = 0.5599999999999973,app,DEBUG,temperature_automation,2025-09-19 17:09:53.416,15.844722222222
Long Yeast Grow,pioreactor02,2025-09-19T15:13:13.408Z,"features={'previous_heater_dc': 50.76, 'room_temp': 22.0, 'is_rpi_zero': False, 'volume': 14.0, 'time_series_of_temp': [47.75, 45.239583333333336, 43.416666666666664, 41.864583333333336, 40.541666666666664, 39.375, 38.354166666666664, 37.427083333333336, 36.604166666666664, 35.864583333333336, 35.1875, 34.59375, 34.052083333333336, 33.5625, 33.083333333333336, 32.6875, 32.28125, 31.9375, 31.59375, 31.260416666666668, 31.0]}",app,DEBUG,temperature_automation,2025-09-19 17:13:13.408,15.900277777778
Long Yeast Grow,pioreactor02,2025-09-19T15:13:13.418Z,PID output = -1.1159999999999926,app,DEBUG,temperature_automation,2025-09-19 17:13:13.418,15.900277777778
Long Yeast Grow,pioreactor02,2025-09-19T15:16:33.408Z,"features={'previous_heater_dc': 49.64, 'room_temp': 22.0, 'is_rpi_zero': False, 'volume': 14.0, 'time_series_of_temp': [47.375, 44.916666666666664, 43.104166666666664, 41.604166666666664, 40.28125, 39.145833333333336, 38.135416666666664, 37.25, 36.4375, 35.71875, 35.0625, 34.46875, 33.927083333333336, 33.4375, 33.0, 32.5625, 32.1875, 31.833333333333332, 31.5, 31.208333333333332, 30.9375]}",app,DEBUG,temperature_automation,2025-09-19 17:16:33.408,15.955833333333
Long Yeast Grow,pioreactor02,2025-09-19T15:16:33.417Z,PID output = -0.7519999999999967,app,DEBUG,temperature_automation,2025-09-19 17:16:33.417,15.955833333333
Long Yeast Grow,pioreactor02,2025-09-19T15:19:53.407Z,"features={'previous_heater_dc': 48.89, 'room_temp': 22.0, 'is_rpi_zero': False, 'volume': 14.0, 'time_series_of_temp': [47.0625, 44.625, 42.854166666666664, 41.385416666666664, 40.072916666666664, 38.96875, 37.958333333333336, 37.0625, 36.28125, 35.5625, 34.916666666666664, 34.34375, 33.8125, 33.322916666666664, 32.875, 32.479166666666664, 32.083333333333336, 31.75, 31.427083333333332, 31.125, 30.854166666666668]}",app,DEBUG,temperature_automation,2025-09-19 17:19:53.407,16.011388888889
Long Yeast Grow,pioreactor02,2025-09-19T15:19:53.417Z,PID output = 0.7419999999999923,app,DEBUG,temperature_automation,2025-09-19 17:19:53.417,16.011388888889
Long Yeast Grow,pioreactor02,2025-09-19T15:23:13.406Z,"features={'previous_heater_dc': 49.63, 'room_temp': 22.0, 'is_rpi_zero': False, 'volume': 14.0, 'time_series_of_temp': [47.291666666666664, 44.84375, 43.041666666666664, 41.53125, 40.229166666666664, 39.104166666666664, 38.083333333333336, 37.177083333333336, 36.375, 35.645833333333336, 35.010416666666664, 34.4375, 33.875, 33.375, 32.9375, 32.510416666666664, 32.125, 31.8125, 31.46875, 31.177083333333332, 30.885416666666668]}",app,DEBUG,temperature_automation,2025-09-19 17:23:13.406,16.066944444444
Long Yeast Grow,pioreactor02,2025-09-19T15:23:13.416Z,PID output = 0.6999999999999978,app,DEBUG,temperature_automation,2025-09-19 17:23:13.416,16.066944444444
Long Yeast Grow,pioreactor02,2025-09-19T15:26:33.406Z,"features={'previous_heater_dc': 50.33, 'room_temp': 22.0, 'is_rpi_zero': False, 'volume': 14.0, 'time_series_of_temp': [47.5625, 45.0625, 43.25, 41.71875, 40.40625, 39.260416666666664, 38.208333333333336, 37.3125, 36.5, 35.75, 35.114583333333336, 34.5, 33.947916666666664, 33.447916666666664, 33.0, 32.59375, 32.1875, 31.875, 31.510416666666668, 31.229166666666668, 30.9375]}",app,DEBUG,temperature_automation,2025-09-19 17:26:33.406,16.1225
Long Yeast Grow,pioreactor02,2025-09-19T15:26:33.415Z,PID output = 0.6460000000000037,app,DEBUG,temperature_automation,2025-09-19 17:26:33.415,16.1225
Long Yeast Grow,pioreactor02,2025-09-19T15:29:53.408Z,"features={'previous_heater_dc': 50.98, 'room_temp': 22.0, 'is_rpi_zero': False, 'volume': 14.0, 'time_series_of_temp': [47.875, 45.333333333333336, 43.479166666666664, 41.927083333333336, 40.604166666666664, 39.4375, 38.40625, 37.479166666666664, 36.635416666666664, 35.895833333333336, 35.229166666666664, 34.625, 34.0625, 33.5625, 33.125, 32.6875, 32.3125, 31.9375, 31.59375, 31.291666666666668, 31.0]}",app,DEBUG,temperature_automation,2025-09-19 17:29:53.408,16.178055555556
Long Yeast Grow,pioreactor02,2025-09-19T15:29:53.417Z,PID output = -1.5279999999999965,app,DEBUG,temperature_automation,2025-09-19 17:29:53.417,16.178055555556
Long Yeast Grow,pioreactor02,2025-09-19T15:33:13.407Z,"features={'previous_heater_dc': 49.45, 'room_temp': 22.0, 'is_rpi_zero': False, 'volume': 14.0, 'time_series_of_temp': [47.270833333333336, 44.822916666666664, 43.03125, 41.53125, 40.239583333333336, 39.104166666666664, 38.09375, 37.197916666666664, 36.375, 35.6875, 35.010416666666664, 34.4375, 33.895833333333336, 33.375, 32.947916666666664, 32.552083333333336, 32.177083333333336, 31.8125, 31.5, 31.1875, 30.895833333333332]}",app,DEBUG,temperature_automation,2025-09-19 17:33:13.407,16.233611111111
Long Yeast Grow,pioreactor02,2025-09-19T15:33:13.417Z,PID output = 0.9379999999999882,app,DEBUG,temperature_automation,2025-09-19 17:33:13.417,16.233611111111
Long Yeast Grow,pioreactor02,2025-09-19T15:36:33.406Z,"features={'previous_heater_dc': 50.39, 'room_temp': 22.0, 'is_rpi_zero': False, 'volume': 14.0, 'time_series_of_temp': [47.625, 45.125, 43.302083333333336, 41.760416666666664, 40.458333333333336, 39.302083333333336, 38.270833333333336, 37.354166666666664, 36.552083333333336, 35.791666666666664, 35.145833333333336, 34.5625, 34.010416666666664, 33.5, 33.052083333333336, 32.625, 32.25, 31.885416666666668, 31.5625, 31.25, 30.9375]}",app,DEBUG,temperature_automation,2025-09-19 17:36:33.406,16.289166666667
Long Yeast Grow,pioreactor02,2025-09-19T15:36:33.415Z,PID output = -1.2119999999999869,app,DEBUG,temperature_automation,2025-09-19 17:36:33.415,16.289166666667
Long Yeast Grow,pioreactor02,2025-09-19T15:39:53.406Z,"features={'previous_heater_dc': 49.18, 'room_temp': 22.0, 'is_rpi_zero': False, 'volume': 14.0, 'time_series_of_temp': [47.166666666666664, 44.739583333333336, 42.9375, 41.46875, 40.15625, 39.041666666666664, 38.03125, 37.135416666666664, 36.333333333333336, 35.625, 34.96875, 34.385416666666664, 33.875, 33.375, 32.9375, 32.5, 32.125, 31.78125, 31.4375, 31.15625, 30.875]}",app,DEBUG,temperature_automation,2025-09-19 17:39:53.406,16.344722222222
Long Yeast Grow,pioreactor02,2025-09-19T15:39:53.416Z,PID output = -0.05000000000000357,app,DEBUG,temperature_automation,2025-09-19 17:39:53.416,16.344722222222
Long Yeast Grow,pioreactor02,2025-09-19T15:43:13.408Z,"features={'previous_heater_dc': 49.13, 'room_temp': 22.0, 'is_rpi_zero': False, 'volume': 14.0, 'time_series_of_temp': [47.125, 44.6875, 42.916666666666664, 41.427083333333336, 40.145833333333336, 39.0, 38.010416666666664, 37.09375, 36.3125, 35.59375, 34.9375, 34.375, 33.822916666666664, 33.375, 32.895833333333336, 32.5, 32.125, 31.75, 31.4375, 31.125, 30.864583333333332]}",app,DEBUG,temperature_automation,2025-09-19 17:43:13.408,16.400277777778
Long Yeast Grow,pioreactor02,2025-09-19T15:43:13.417Z,PID output = 0.34199999999998804,app,DEBUG,temperature_automation,2025-09-19 17:43:13.417,16.400277777778
Long Yeast Grow,pioreactor02,2025-09-19T15:46:33.406Z,"features={'previous_heater_dc': 49.47, 'room_temp': 22.0, 'is_rpi_zero': False, 'volume': 14.0, 'time_series_of_temp': [47.25, 44.78125, 42.989583333333336, 41.5, 40.197916666666664, 39.052083333333336, 38.052083333333336, 37.135416666666664, 36.34375, 35.625, 35.0, 34.385416666666664, 33.864583333333336, 33.375, 32.9375, 32.5, 32.125, 31.75, 31.4375, 31.145833333333332, 30.875]}",app,DEBUG,temperature_automation,2025-09-19 17:46:33.406,16.455833333333
Long Yeast Grow,pioreactor02,2025-09-19T15:46:33.416Z,PID output = -0.6019999999999918,app,DEBUG,temperature_automation,2025-09-19 17:46:33.416,16.455833333333
Long Yeast Grow,pioreactor02,2025-09-19T15:49:53.408Z,"features={'previous_heater_dc': 48.87, 'room_temp': 22.0, 'is_rpi_zero': False, 'volume': 14.0, 'time_series_of_temp': [47.010416666666664, 44.583333333333336, 42.8125, 41.333333333333336, 40.052083333333336, 38.916666666666664, 37.927083333333336, 37.041666666666664, 36.25, 35.541666666666664, 34.875, 34.3125, 33.760416666666664, 33.291666666666664, 32.84375, 32.4375, 32.0625, 31.6875, 31.375, 31.09375, 30.8125]}",app,DEBUG,temperature_automation,2025-09-19 17:49:53.408,16.511388888889
Long Yeast Grow,pioreactor02,2025-09-19T15:49:53.417Z,PID output = 0.6300000000000074,app,DEBUG,temperature_automation,2025-09-19 17:49:53.417,16.511388888889
Long Yeast Grow,pioreactor02,2025-09-19T15:53:13.405Z,"features={'previous_heater_dc': 49.5, 'room_temp': 22.0, 'is_rpi_zero': False, 'volume': 14.0, 'time_series_of_temp': [47.208333333333336, 44.78125, 42.989583333333336, 41.489583333333336, 40.197916666666664, 39.0625, 38.0625, 37.15625, 36.34375, 35.635416666666664, 34.989583333333336, 34.385416666666664, 33.875, 33.375, 32.9375, 32.5, 32.125, 31.78125, 31.458333333333332, 31.15625, 30.875]}",app,DEBUG,temperature_automation,2025-09-19 17:53:13.405,16.566944444444
Long Yeast Grow,pioreactor02,2025-09-19T15:53:13.414Z,PID output = 0.5099999999999937,app,DEBUG,temperature_automation,2025-09-19 17:53:13.414,16.566944444444
Long Yeast Grow,pioreactor02,2025-09-19T15:56:33.407Z,"features={'previous_heater_dc': 50.01, 'room_temp': 22.0, 'is_rpi_zero': False, 'volume': 14.0, 'time_series_of_temp': [47.4375, 44.96875, 43.15625, 41.666666666666664, 40.333333333333336, 39.1875, 38.166666666666664, 37.260416666666664, 36.458333333333336, 35.739583333333336, 35.083333333333336, 34.5, 33.9375, 33.4375, 33.0, 32.5625, 32.1875, 31.864583333333332, 31.510416666666668, 31.21875, 30.9375]}",app,DEBUG,temperature_automation,2025-09-19 17:56:33.407,16.6225
Long Yeast Grow,pioreactor02,2025-09-19T15:56:33.417Z,PID output = 0.16199999999998838,app,DEBUG,temperature_automation,2025-09-19 17:56:33.417,16.6225
Long Yeast Grow,pioreactor02,2025-09-19T15:59:53.406Z,"features={'previous_heater_dc': 50.17, 'room_temp': 22.0, 'is_rpi_zero': False, 'volume': 14.0, 'time_series_of_temp': [47.5625, 45.052083333333336, 43.239583333333336, 41.71875, 40.40625, 39.270833333333336, 38.239583333333336, 37.3125, 36.520833333333336, 35.770833333333336, 35.125, 34.53125, 33.979166666666664, 33.5, 33.052083333333336, 32.625, 32.25, 31.875, 31.5625, 31.25, 30.947916666666668]}",app,DEBUG,temperature_automation,2025-09-19 17:59:53.406,16.678055555556
Long Yeast Grow,pioreactor02,2025-09-19T15:59:53.415Z,PID output = -1.447999999999982,app,DEBUG,temperature_automation,2025-09-19 17:59:53.415,16.678055555556
Long Yeast Grow,pioreactor02,2025-09-19T16:03:13.407Z,"features={'previous_heater_dc': 48.72, 'room_temp': 22.0, 'is_rpi_zero': False, 'volume': 14.0, 'time_series_of_temp': [47.0, 44.59375, 42.822916666666664, 41.34375, 40.0625, 38.9375, 37.9375, 37.041666666666664, 36.260416666666664, 35.5625, 34.916666666666664, 34.333333333333336, 33.802083333333336, 33.3125, 32.875, 32.479166666666664, 32.072916666666664, 31.75, 31.4375, 31.125, 30.833333333333332]}",app,DEBUG,temperature_automation,2025-09-19 18:03:13.407,16.733611111111
Long Yeast Grow,pioreactor02,2025-09-19T16:03:13.417Z,PID output = 0.5459999999999965,app,DEBUG,temperature_automation,2025-09-19 18:03:13.417,16.733611111111
Long Yeast Grow,pioreactor02,2025-09-19T16:06:33.408Z,"features={'previous_heater_dc': 49.27, 'room_temp': 22.0, 'is_rpi_zero': False, 'volume': 14.0, 'time_series_of_temp': [47.125, 44.71875, 42.927083333333336, 41.427083333333336, 40.125, 38.989583333333336, 38.0, 37.09375, 36.3125, 35.572916666666664, 34.9375, 34.364583333333336, 33.8125, 33.333333333333336, 32.885416666666664, 32.489583333333336, 32.09375, 31.75, 31.4375, 31.125, 30.833333333333332]}",app,DEBUG,temperature_automation,2025-09-19 18:06:33.408,16.789166666667
Long Yeast Grow,pioreactor02,2025-09-19T16:06:33.417Z,PID output = 0.5960000000000001,app,DEBUG,temperature_automation,2025-09-19 18:06:33.417,16.789166666667
Long Yeast Grow,pioreactor02,2025-09-19T16:09:53.407Z,"features={'previous_heater_dc': 49.87, 'room_temp': 22.0, 'is_rpi_zero': False, 'volume': 14.0, 'time_series_of_temp': [47.375, 44.90625, 43.09375, 41.583333333333336, 40.270833333333336, 39.125, 38.125, 37.208333333333336, 36.40625, 35.6875, 35.03125, 34.4375, 33.885416666666664, 33.416666666666664, 32.96875, 32.5625, 32.166666666666664, 31.8125, 31.489583333333332, 31.1875, 30.885416666666668]}",app,DEBUG,temperature_automation,2025-09-19 18:09:53.407,16.844722222222
Long Yeast Grow,pioreactor02,2025-09-19T16:09:53.416Z,PID output = -1.0420000000000116,app,DEBUG,temperature_automation,2025-09-19 18:09:53.416,16.844722222222
Long Yeast Grow,pioreactor02,2025-09-19T16:13:13.408Z,"features={'previous_heater_dc': 48.83, 'room_temp': 22.0, 'is_rpi_zero': False, 'volume': 14.0, 'time_series_of_temp': [46.979166666666664, 44.53125, 42.78125, 41.28125, 40.010416666666664, 38.875, 37.875, 37.0, 36.197916666666664, 35.5, 34.84375, 34.260416666666664, 33.75, 33.260416666666664, 32.8125, 32.395833333333336, 32.0, 31.677083333333332, 31.375, 31.0625, 30.802083333333332]}",app,DEBUG,temperature_automation,2025-09-19 18:13:13.408,16.900277777778
Long Yeast Grow,pioreactor02,2025-09-19T16:13:13.418Z,PID output = 0.9640000000000085,app,DEBUG,temperature_automation,2025-09-19 18:13:13.418,16.900277777778
Long Yeast Grow,pioreactor02,2025-09-19T16:16:33.407Z,"features={'previous_heater_dc': 49.79, 'room_temp': 22.0, 'is_rpi_zero': False, 'volume': 14.0, 'time_series_of_temp': [47.302083333333336, 44.84375, 43.020833333333336, 41.520833333333336, 40.208333333333336, 39.072916666666664, 38.052083333333336, 37.145833333333336, 36.34375, 35.625, 34.958333333333336, 34.375, 33.854166666666664, 33.375, 32.895833333333336, 32.5, 32.09375, 31.75, 31.4375, 31.125, 30.833333333333332]}",app,DEBUG,temperature_automation,2025-09-19 18:16:33.407,16.955833333333
Long Yeast Grow,pioreactor02,2025-09-19T16:16:33.416Z,PID output = -0.6820000000000064,app,DEBUG,temperature_automation,2025-09-19 18:16:33.416,16.955833333333
Long Yeast Grow,pioreactor02,2025-09-19T16:19:53.407Z,"features={'previous_heater_dc': 49.11, 'room_temp': 22.0, 'is_rpi_zero': False, 'volume': 14.0, 'time_series_of_temp': [47.0625, 44.604166666666664, 42.833333333333336, 41.34375, 40.052083333333336, 38.90625, 37.916666666666664, 37.041666666666664, 36.229166666666664, 35.5, 34.875, 34.270833333333336, 33.75, 33.270833333333336, 32.8125, 32.416666666666664, 32.020833333333336, 31.6875, 31.375, 31.0625, 30.78125]}",app,DEBUG,temperature_automation,2025-09-19 18:19:53.407,17.011388888889
Long Yeast Grow,pioreactor02,2025-09-19T16:19:53.416Z,PID output = 0.5900000000000084,app,DEBUG,temperature_automation,2025-09-19 18:19:53.416,17.011388888889
Long Yeast Grow,pioreactor02,2025-09-19T16:23:13.408Z,"features={'previous_heater_dc': 49.7, 'room_temp': 22.0, 'is_rpi_zero': False, 'volume': 14.0, 'time_series_of_temp': [47.25, 44.791666666666664, 42.979166666666664, 41.489583333333336, 40.1875, 39.03125, 38.03125, 37.125, 36.322916666666664, 35.614583333333336, 34.947916666666664, 34.364583333333336, 33.8125, 33.333333333333336, 32.875, 32.46875, 32.0625, 31.75, 31.416666666666668, 31.125, 30.822916666666668]}",app,DEBUG,temperature_automation,2025-09-19 18:23:13.408,17.066944444444
Long Yeast Grow,pioreactor02,2025-09-19T16:23:13.417Z,PID output = 0.490000000000007,app,DEBUG,temperature_automation,2025-09-19 18:23:13.417,17.066944444444
Long Yeast Grow,pioreactor02,2025-09-19T16:26:33.407Z,"features={'previous_heater_dc': 50.19, 'room_temp': 22.0, 'is_rpi_zero': False, 'volume': 14.0, 'time_series_of_temp': [47.458333333333336, 44.96875, 43.166666666666664, 41.645833333333336, 40.322916666666664, 39.166666666666664, 38.15625, 37.25, 36.4375, 35.697916666666664, 35.052083333333336, 34.447916666666664, 33.90625, 33.416666666666664, 32.96875, 32.552083333333336, 32.15625, 31.8125, 31.489583333333332, 31.177083333333332, 30.875]}",app,DEBUG,temperature_automation,2025-09-19 18:26:33.407,17.1225
Long Yeast Grow,pioreactor02,2025-09-19T16:26:33.417Z,PID output = -0.3160000000000096,app,DEBUG,temperature_automation,2025-09-19 18:26:33.417,17.1225
Long Yeast Grow,pioreactor02,2025-09-19T16:29:53.408Z,"features={'previous_heater_dc': 49.87, 'room_temp': 22.0, 'is_rpi_zero': False, 'volume': 14.0, 'time_series_of_temp': [47.364583333333336, 44.895833333333336, 43.0625, 41.5625, 40.25, 39.09375, 38.083333333333336, 37.177083333333336, 36.375, 35.65625, 35.0, 34.416666666666664, 33.875, 33.375, 32.9375, 32.5, 32.125, 31.770833333333332, 31.4375, 31.125, 30.875]}",app,DEBUG,temperature_automation,2025-09-19 18:29:53.408,17.178055555556
Long Yeast Grow,pioreactor02,2025-09-19T16:29:53.418Z,PID output = -0.8839999999999939,app,DEBUG,temperature_automation,2025-09-19 18:29:53.418,17.178055555556
Long Yeast Grow,pioreactor02,2025-09-19T16:33:13.408Z,"features={'previous_heater_dc': 48.99, 'room_temp': 22.0, 'is_rpi_zero': False, 'volume': 14.0, 'time_series_of_temp': [47.020833333333336, 44.59375, 42.8125, 41.333333333333336, 40.052083333333336, 38.927083333333336, 37.916666666666664, 37.020833333333336, 36.239583333333336, 35.510416666666664, 34.875, 34.28125, 33.75, 33.25, 32.8125, 32.40625, 32.020833333333336, 31.6875, 31.375, 31.0625, 30.791666666666668]}",app,DEBUG,temperature_automation,2025-09-19 18:33:13.408,17.233611111111
Long Yeast Grow,pioreactor02,2025-09-19T16:33:13.417Z,PID output = 2.233999999999986,app,DEBUG,temperature_automation,2025-09-19 18:33:13.417,17.233611111111
Long Yeast Grow,pioreactor02,2025-09-19T16:36:33.407Z,"features={'previous_heater_dc': 51.22, 'room_temp': 22.0, 'is_rpi_zero': False, 'volume': 14.0, 'time_series_of_temp': [47.8125, 45.302083333333336, 43.4375, 41.895833333333336, 40.5625, 39.385416666666664, 38.34375, 37.427083333333336, 36.583333333333336, 35.854166666666664, 35.1875, 34.572916666666664, 34.03125, 33.520833333333336, 33.0625, 32.625, 32.25, 31.885416666666668, 31.5625, 31.25, 30.947916666666668]}",app,DEBUG,temperature_automation,2025-09-19 18:36:33.407,17.289166666667
Long Yeast Grow,pioreactor02,2025-09-19T16:36:33.416Z,PID output = -0.45599999999999374,app,DEBUG,temperature_automation,2025-09-19 18:36:33.416,17.289166666667
Long Yeast Grow,pioreactor02,2025-09-19T16:39:53.408Z,"features={'previous_heater_dc': 50.76, 'room_temp': 22.0, 'is_rpi_zero': False, 'volume': 14.0, 'time_series_of_temp': [47.75, 45.21875, 43.40625, 41.854166666666664, 40.520833333333336, 39.364583333333336, 38.333333333333336, 37.416666666666664, 36.583333333333336, 35.864583333333336, 35.1875, 34.572916666666664, 34.03125, 33.53125, 33.0625, 32.645833333333336, 32.25, 31.895833333333332, 31.5625, 31.25, 30.947916666666668]}",app,DEBUG,temperature_automation,2025-09-19 18:39:53.408,17.344722222222
Long Yeast Grow,pioreactor02,2025-09-19T16:39:53.418Z,PID output = -0.9899999999999871,app,DEBUG,temperature_automation,2025-09-19 18:39:53.418,17.344722222222
Long Yeast Grow,pioreactor02,2025-09-19T16:43:13.405Z,"features={'previous_heater_dc': 49.77, 'room_temp': 22.0, 'is_rpi_zero': False, 'volume': 14.0, 'time_series_of_temp': [47.375, 44.916666666666664, 43.09375, 41.604166666666664, 40.28125, 39.135416666666664, 38.135416666666664, 37.21875, 36.427083333333336, 35.708333333333336, 35.0625, 34.46875, 33.916666666666664, 33.4375, 32.979166666666664, 32.5625, 32.1875, 31.8125, 31.5, 31.1875, 30.927083333333332]}",app,DEBUG,temperature_automation,2025-09-19 18:43:13.405,17.400277777778
Long Yeast Grow,pioreactor02,2025-09-19T16:43:13.414Z,PID output = -0.5680000000000007,app,DEBUG,temperature_automation,2025-09-19 18:43:13.414,17.400277777778
Long Yeast Grow,pioreactor02,2025-09-19T16:46:33.407Z,"features={'previous_heater_dc': 49.2, 'room_temp': 22.0, 'is_rpi_zero': False, 'volume': 14.0, 'time_series_of_temp': [47.145833333333336, 44.739583333333336, 42.947916666666664, 41.458333333333336, 40.166666666666664, 39.03125, 38.03125, 37.125, 36.322916666666664, 35.614583333333336, 34.979166666666664, 34.375, 33.864583333333336, 33.375, 32.927083333333336, 32.510416666666664, 32.125, 31.791666666666668, 31.4375, 31.145833333333332, 30.875]}",app,DEBUG,temperature_automation,2025-09-19 18:46:33.407,17.455833333333
Long Yeast Grow,pioreactor02,2025-09-19T16:46:33.416Z,PID output = 0.6700000000000066,app,DEBUG,temperature_automation,2025-09-19 18:46:33.416,17.455833333333
Long Yeast Grow,pioreactor02,2025-09-19T16:49:53.405Z,"features={'previous_heater_dc': 49.87, 'room_temp': 22.0, 'is_rpi_zero': False, 'volume': 14.0, 'time_series_of_temp': [47.375, 44.916666666666664, 43.104166666666664, 41.604166666666664, 40.270833333333336, 39.135416666666664, 38.135416666666664, 37.229166666666664, 36.416666666666664, 35.6875, 35.052083333333336, 34.447916666666664, 33.885416666666664, 33.427083333333336, 32.96875, 32.5625, 32.177083333333336, 31.8125, 31.5, 31.1875, 30.916666666666668]}",app,DEBUG,temperature_automation,2025-09-19 18:49:53.405,17.511388888889
Long Yeast Grow,pioreactor02,2025-09-19T16:49:53.414Z,PID output = 0.17000000000000098,app,DEBUG,temperature_automation,2025-09-19 18:49:53.414,17.511388888889
Long Yeast Grow,pioreactor02,2025-09-19T16:53:13.406Z,"features={'previous_heater_dc': 50.04, 'room_temp': 22.0, 'is_rpi_zero': False, 'volume': 14.0, 'time_series_of_temp': [47.479166666666664, 45.0, 43.1875, 41.666666666666664, 40.34375, 39.208333333333336, 38.1875, 37.28125, 36.46875, 35.75, 35.083333333333336, 34.479166666666664, 33.947916666666664, 33.4375, 33.0, 32.572916666666664, 32.1875, 31.833333333333332, 31.5, 31.1875, 30.927083333333332]}",app,DEBUG,temperature_automation,2025-09-19 18:53:13.406,17.566944444444
Long Yeast Grow,pioreactor02,2025-09-19T16:53:13.415Z,PID output = -0.3540000000000134,app,DEBUG,temperature_automation,2025-09-19 18:53:13.415,17.566944444444
Long Yeast Grow,pioreactor02,2025-09-19T16:56:33.408Z,"features={'previous_heater_dc': 49.69, 'room_temp': 22.0, 'is_rpi_zero': False, 'volume': 14.0, 'time_series_of_temp': [47.3125, 44.875, 43.0625, 41.572916666666664, 40.25, 39.114583333333336, 38.104166666666664, 37.1875, 36.375, 35.6875, 35.0, 34.4375, 33.875, 33.375, 32.947916666666664, 32.520833333333336, 32.135416666666664, 31.8125, 31.479166666666668, 31.177083333333332, 30.875]}",app,DEBUG,temperature_automation,2025-09-19 18:56:33.408,17.6225
Long Yeast Grow,pioreactor02,2025-09-19T16:56:33.417Z,PID output = 1.2900000000000063,app,DEBUG,temperature_automation,2025-09-19 18:56:33.417,17.6225
Long Yeast Grow,pioreactor02,2025-09-19T16:59:53.408Z,"features={'previous_heater_dc': 50.98, 'room_temp': 22.0, 'is_rpi_zero': False, 'volume': 14.0, 'time_series_of_temp': [47.8125, 45.270833333333336, 43.427083333333336, 41.885416666666664, 40.541666666666664, 39.385416666666664, 38.333333333333336, 37.427083333333336, 36.604166666666664, 35.854166666666664, 35.1875, 34.572916666666664, 34.03125, 33.520833333333336, 33.0625, 32.625, 32.25, 31.875, 31.552083333333332, 31.25, 30.9375]}",app,DEBUG,temperature_automation,2025-09-19 18:59:53.408,17.678055555556
Long Yeast Grow,pioreactor02,2025-09-19T16:59:53.417Z,PID output = -1.3119999999999883,app,DEBUG,temperature_automation,2025-09-19 18:59:53.417,17.678055555556
Long Yeast Grow,pioreactor02,2025-09-19T17:03:13.407Z,"features={'previous_heater_dc': 49.67, 'room_temp': 22.0, 'is_rpi_zero': False, 'volume': 14.0, 'time_series_of_temp': [47.3125, 44.875, 43.052083333333336, 41.552083333333336, 40.25, 39.083333333333336, 38.083333333333336, 37.166666666666664, 36.375, 35.677083333333336, 35.0, 34.4375, 33.875, 33.375, 32.9375, 32.5, 32.125, 31.78125, 31.4375, 31.166666666666668, 30.875]}",app,DEBUG,temperature_automation,2025-09-19 19:03:13.407,17.733611111111
Long Yeast Grow,pioreactor02,2025-09-19T17:03:13.417Z,PID output = 0.3679999999999921,app,DEBUG,temperature_automation,2025-09-19 19:03:13.417,17.733611111111
Long Yeast Grow,pioreactor02,2025-09-19T17:06:33.407Z,"features={'previous_heater_dc': 50.04, 'room_temp': 22.0, 'is_rpi_zero': False, 'volume': 14.0, 'time_series_of_temp': [47.4375, 44.9375, 43.125, 41.614583333333336, 40.291666666666664, 39.145833333333336, 38.125, 37.21875, 36.416666666666664, 35.6875, 35.020833333333336, 34.4375, 33.875, 33.385416666666664, 32.9375, 32.5, 32.125, 31.8125, 31.447916666666668, 31.145833333333332, 30.875]}",app,DEBUG,temperature_automation,2025-09-19 19:06:33.407,17.789166666667
Long Yeast Grow,pioreactor02,2025-09-19T17:06:33.417Z,PID output = 0.3600000000000051,app,DEBUG,temperature_automation,2025-09-19 19:06:33.417,17.789166666667
Long Yeast Grow,pioreactor02,2025-09-19T17:09:53.408Z,"features={'previous_heater_dc': 50.4, 'room_temp': 22.0, 'is_rpi_zero': False, 'volume': 14.0, 'time_series_of_temp': [47.5625, 45.041666666666664, 43.229166666666664, 41.697916666666664, 40.364583333333336, 39.208333333333336, 38.177083333333336, 37.28125, 36.447916666666664, 35.729166666666664, 35.0625, 34.479166666666664, 33.90625, 33.427083333333336, 32.979166666666664, 32.541666666666664, 32.15625, 31.802083333333332, 31.489583333333332, 31.1875, 30.875]}",app,DEBUG,temperature_automation,2025-09-19 19:09:53.408,17.844722222222
Long Yeast Grow,pioreactor02,2025-09-19T17:09:53.417Z,PID output = -0.30200000000001453,app,DEBUG,temperature_automation,2025-09-19 19:09:53.417,17.844722222222
Long Yeast Grow,pioreactor02,2025-09-19T17:13:13.405Z,"features={'previous_heater_dc': 50.1, 'room_temp': 22.0, 'is_rpi_zero': False, 'volume': 14.0, 'time_series_of_temp': [47.4375, 44.947916666666664, 43.135416666666664, 41.614583333333336, 40.291666666666664, 39.145833333333336, 38.135416666666664, 37.21875, 36.395833333333336, 35.677083333333336, 35.020833333333336, 34.4375, 33.875, 33.375, 32.9375, 32.5, 32.125, 31.760416666666668, 31.4375, 31.125, 30.875]}",app,DEBUG,temperature_automation,2025-09-19 19:13:13.405,17.900277777778
Long Yeast Grow,pioreactor02,2025-09-19T17:13:13.414Z,PID output = 0.6940000000000062,app,DEBUG,temperature_automation,2025-09-19 19:13:13.414,17.900277777778
Long Yeast Grow,pioreactor02,2025-09-19T17:16:33.406Z,"features={'previous_heater_dc': 50.79, 'room_temp': 22.0, 'is_rpi_zero': False, 'volume': 14.0, 'time_series_of_temp': [47.6875, 45.166666666666664, 43.322916666666664, 41.791666666666664, 40.458333333333336, 39.291666666666664, 38.260416666666664, 37.333333333333336, 36.520833333333336, 35.78125, 35.125, 34.520833333333336, 33.96875, 33.46875, 33.0, 32.5625, 32.1875, 31.833333333333332, 31.5, 31.1875, 30.875]}",app,DEBUG,temperature_automation,2025-09-19 19:16:33.406,17.955833333333
Long Yeast Grow,pioreactor02,2025-09-19T17:16:33.416Z,PID output = -0.9899999999999871,app,DEBUG,temperature_automation,2025-09-19 19:16:33.416,17.955833333333
Long Yeast Grow,pioreactor02,2025-09-19T17:19:53.408Z,"features={'previous_heater_dc': 49.8, 'room_temp': 22.0, 'is_rpi_zero': False, 'volume': 14.0, 'time_series_of_temp': [47.3125, 44.854166666666664, 43.041666666666664, 41.552083333333336, 40.229166666666664, 39.083333333333336, 38.083333333333336, 37.166666666666664, 36.364583333333336, 35.625, 35.0, 34.385416666666664, 33.854166666666664, 33.364583333333336, 32.916666666666664, 32.5, 32.125, 31.75, 31.4375, 31.125, 30.854166666666668]}",app,DEBUG,temperature_automation,2025-09-19 19:19:53.408,18.011388888889
Long Yeast Grow,pioreactor02,2025-09-19T17:19:53.417Z,PID output = 0.9439999999999797,app,DEBUG,temperature_automation,2025-09-19 19:19:53.417,18.011388888889
Long Yeast Grow,pioreactor02,2025-09-19T17:23:13.407Z,"features={'previous_heater_dc': 50.74, 'room_temp': 22.0, 'is_rpi_zero': False, 'volume': 14.0, 'time_series_of_temp': [47.645833333333336, 45.135416666666664, 43.291666666666664, 41.770833333333336, 40.427083333333336, 39.270833333333336, 38.239583333333336, 37.333333333333336, 36.5, 35.760416666666664, 35.125, 34.510416666666664, 33.9375, 33.4375, 33.0, 32.5625, 32.1875, 31.8125, 31.5, 31.1875, 30.885416666666668]}",app,DEBUG,temperature_automation,2025-09-19 19:23:13.407,18.066944444444
Long Yeast Grow,pioreactor02,2025-09-19T17:23:13.416Z,PID output = -0.07999999999999827,app,DEBUG,temperature_automation,2025-09-19 19:23:13.416,18.066944444444
Long Yeast Grow,pioreactor02,2025-09-19T17:26:33.408Z,"features={'previous_heater_dc': 50.66, 'room_temp': 22.0, 'is_rpi_zero': False, 'volume': 14.0, 'time_series_of_temp': [47.635416666666664, 45.125, 43.3125, 41.760416666666664, 40.4375, 39.28125, 38.25, 37.333333333333336, 36.510416666666664, 35.760416666666664, 35.125, 34.510416666666664, 33.947916666666664, 33.4375, 33.0, 32.5625, 32.1875, 31.822916666666668, 31.5, 31.1875, 30.90625]}",app,DEBUG,temperature_automation,2025-09-19 19:26:33.408,18.1225
Long Yeast Grow,pioreactor02,2025-09-19T17:26:33.418Z,PID output = 1.1120000000000019,app,DEBUG,temperature_automation,2025-09-19 19:26:33.418,18.1225
Long Yeast Grow,pioreactor02,2025-09-19T17:29:53.407Z,"features={'previous_heater_dc': 51.77, 'room_temp': 22.0, 'is_rpi_zero': False, 'volume': 14.0, 'time_series_of_temp': [48.0625, 45.53125, 43.645833333333336, 42.0625, 40.71875, 39.53125, 38.489583333333336, 37.541666666666664, 36.697916666666664, 35.958333333333336, 35.260416666666664, 34.666666666666664, 34.104166666666664, 33.604166666666664, 33.125, 32.6875, 32.3125, 31.9375, 31.59375, 31.270833333333332, 31.0]}",app,DEBUG,temperature_automation,2025-09-19 19:29:53.407,18.178055555556
Long Yeast Grow,pioreactor02,2025-09-19T17:29:53.417Z,PID output = -0.46799999999999353,app,DEBUG,temperature_automation,2025-09-19 19:29:53.417,18.178055555556
Long Yeast Grow,pioreactor02,2025-09-19T17:33:13.406Z,"features={'previous_heater_dc': 51.3, 'room_temp': 22.0, 'is_rpi_zero': False, 'volume': 14.0, 'time_series_of_temp': [47.9375, 45.375, 43.53125, 41.96875, 40.614583333333336, 39.447916666666664, 38.40625, 37.46875, 36.625, 35.90625, 35.21875, 34.614583333333336, 34.0625, 33.5625, 33.083333333333336, 32.65625, 32.270833333333336, 31.916666666666668, 31.5625, 31.25, 30.96875]}",app,DEBUG,temperature_automation,2025-09-19 19:33:13.406,18.233611111111
Long Yeast Grow,pioreactor02,2025-09-19T17:33:13.416Z,PID output = -0.7340000000000052,app,DEBUG,temperature_automation,2025-09-19 19:33:13.416,18.233611111111
Long Yeast Grow,pioreactor02,2025-09-19T17:36:33.409Z,"features={'previous_heater_dc': 50.57, 'room_temp': 22.0, 'is_rpi_zero': False, 'volume': 14.0, 'time_series_of_temp': [47.635416666666664, 45.145833333333336, 43.3125, 41.770833333333336, 40.458333333333336, 39.291666666666664, 38.25, 37.34375, 36.53125, 35.791666666666664, 35.125, 34.541666666666664, 33.96875, 33.46875, 33.03125, 32.59375, 32.197916666666664, 31.84375, 31.5, 31.1875, 30.916666666666668]}",app,DEBUG,temperature_automation,2025-09-19 19:36:33.409,18.289166666667
Long Yeast Grow,pioreactor02,2025-09-19T17:36:33.418Z,PID output = 0.1059999999999931,app,DEBUG,temperature_automation,2025-09-19 19:36:33.418,18.289166666667
Long Yeast Grow,pioreactor02,2025-09-19T17:39:53.408Z,"features={'previous_heater_dc': 50.68, 'room_temp': 22.0, 'is_rpi_zero': False, 'volume': 14.0, 'time_series_of_temp': [47.6875, 45.166666666666664, 43.34375, 41.78125, 40.458333333333336, 39.322916666666664, 38.260416666666664, 37.364583333333336, 36.541666666666664, 35.802083333333336, 35.125, 34.53125, 34.0, 33.5, 33.03125, 32.625, 32.197916666666664, 31.875, 31.510416666666668, 31.197916666666668, 30.927083333333332]}",app,DEBUG,temperature_automation,2025-09-19 19:39:53.408,18.344722222222
Long Yeast Grow,pioreactor02,2025-09-19T17:39:53.416Z,PID output = -1.086000000000007,app,DEBUG,temperature_automation,2025-09-19 19:39:53.416,18.344722222222
Long Yeast Grow,pioreactor02,2025-09-19T17:43:13.408Z,"features={'previous_heater_dc': 49.59, 'room_temp': 22.0, 'is_rpi_zero': False, 'volume': 14.0, 'time_series_of_temp': [47.260416666666664, 44.791666666666664, 43.0, 41.5, 40.197916666666664, 39.041666666666664, 38.041666666666664, 37.135416666666664, 36.333333333333336, 35.604166666666664, 34.947916666666664, 34.375, 33.8125, 33.322916666666664, 32.885416666666664, 32.479166666666664, 32.072916666666664, 31.739583333333332, 31.385416666666668, 31.09375, 30.8125]}",app,DEBUG,temperature_automation,2025-09-19 19:43:13.408,18.400277777778
Long Yeast Grow,pioreactor02,2025-09-19T17:43:13.418Z,PID output = 1.0700000000000016,app,DEBUG,temperature_automation,2025-09-19 19:43:13.418,18.400277777778
Long Yeast Grow,pioreactor02,2025-09-19T17:46:33.406Z,"features={'previous_heater_dc': 50.66, 'room_temp': 22.0, 'is_rpi_zero': False, 'volume': 14.0, 'time_series_of_temp': [47.625, 45.104166666666664, 43.291666666666664, 41.75, 40.427083333333336, 39.260416666666664, 38.239583333333336, 37.322916666666664, 36.510416666666664, 35.770833333333336, 35.125, 34.5, 33.947916666666664, 33.46875, 33.0, 32.5625, 32.197916666666664, 31.833333333333332, 31.5, 31.197916666666668, 30.90625]}",app,DEBUG,temperature_automation,2025-09-19 19:46:33.406,18.455833333333
Long Yeast Grow,pioreactor02,2025-09-19T17:46:33.416Z,PID output = -0.11199999999998482,app,DEBUG,temperature_automation,2025-09-19 19:46:33.416,18.455833333333
Long Yeast Grow,pioreactor02,2025-09-19T17:49:53.408Z,"features={'previous_heater_dc': 50.55, 'room_temp': 22.0, 'is_rpi_zero': False, 'volume': 14.0, 'time_series_of_temp': [47.625, 45.125, 43.291666666666664, 41.760416666666664, 40.427083333333336, 39.270833333333336, 38.239583333333336, 37.3125, 36.5, 35.75, 35.114583333333336, 34.5, 33.9375, 33.4375, 33.0, 32.5625, 32.1875, 31.8125, 31.5, 31.1875, 30.885416666666668]}",app,DEBUG,temperature_automation,2025-09-19 19:49:53.408,18.511388888889
Long Yeast Grow,pioreactor02,2025-09-19T17:49:53.417Z,PID output = 0.674000000000003,app,DEBUG,temperature_automation,2025-09-19 19:49:53.417,18.511388888889
Long Yeast Grow,pioreactor02,2025-09-19T17:53:13.407Z,"features={'previous_heater_dc': 51.22, 'room_temp': 22.0, 'is_rpi_zero': False, 'volume': 14.0, 'time_series_of_temp': [47.875, 45.333333333333336, 43.479166666666664, 41.927083333333336, 40.583333333333336, 39.427083333333336, 38.375, 37.4375, 36.614583333333336, 35.875, 35.1875, 34.59375, 34.041666666666664, 33.520833333333336, 33.0625, 32.645833333333336, 32.25, 31.875, 31.552083333333332, 31.229166666666668, 30.9375]}",app,DEBUG,temperature_automation,2025-09-19 19:53:13.407,18.566944444444
Long Yeast Grow,pioreactor02,2025-09-19T17:53:13.416Z,PID output = -0.4600000000000065,app,DEBUG,temperature_automation,2025-09-19 19:53:13.416,18.566944444444
Long Yeast Grow,pioreactor02,2025-09-19T17:56:33.407Z,"features={'previous_heater_dc': 50.76, 'room_temp': 22.0, 'is_rpi_zero': False, 'volume': 14.0, 'time_series_of_temp': [47.6875, 45.177083333333336, 43.34375, 41.8125, 40.46875, 39.3125, 38.28125, 37.375, 36.541666666666664, 35.791666666666664, 35.125, 34.520833333333336, 33.979166666666664, 33.46875, 33.0, 32.59375, 32.1875, 31.84375, 31.5, 31.1875, 30.895833333333332]}",app,DEBUG,temperature_automation,2025-09-19 19:56:33.407,18.6225
Long Yeast Grow,pioreactor02,2025-09-19T17:56:33.416Z,PID output = 0.504000000000002,app,DEBUG,temperature_automation,2025-09-19 19:56:33.416,18.6225
Long Yeast Grow,pioreactor02,2025-09-19T17:59:53.407Z,"features={'previous_heater_dc': 51.26, 'room_temp': 22.0, 'is_rpi_zero': False, 'volume': 14.0, 'time_series_of_temp': [47.875, 45.34375, 43.46875, 41.927083333333336, 40.583333333333336, 39.416666666666664, 38.364583333333336, 37.4375, 36.614583333333336, 35.864583333333336, 35.1875, 34.572916666666664, 34.010416666666664, 33.5, 33.0625, 32.625, 32.25, 31.875, 31.53125, 31.21875, 30.9375]}",app,DEBUG,temperature_automation,2025-09-19 19:59:53.407,18.678055555556
Long Yeast Grow,pioreactor02,2025-09-19T17:59:53.415Z,PID output = 0.2539999999999864,app,DEBUG,temperature_automation,2025-09-19 19:59:53.415,18.678055555556
Long Yeast Grow,pioreactor02,2025-09-19T18:03:13.406Z,"features={'previous_heater_dc': 51.51, 'room_temp': 22.0, 'is_rpi_zero': False, 'volume': 14.0, 'time_series_of_temp': [48.0, 45.427083333333336, 43.552083333333336, 42.0, 40.635416666666664, 39.479166666666664, 38.416666666666664, 37.489583333333336, 36.65625, 35.916666666666664, 35.21875, 34.614583333333336, 34.0625, 33.541666666666664, 33.0625, 32.65625, 32.25, 31.875, 31.5625, 31.25, 30.9375]}",app,DEBUG,temperature_automation,2025-09-19 20:03:13.406,18.733611111111
Long Yeast Grow,pioreactor02,2025-09-19T18:03:13.416Z,PID output = -0.7279999999999973,app,DEBUG,temperature_automation,2025-09-19 20:03:13.416,18.733611111111
Long Yeast Grow,pioreactor02,2025-09-19T18:06:33.408Z,"features={'previous_heater_dc': 50.78, 'room_temp': 22.0, 'is_rpi_zero': False, 'volume': 14.0, 'time_series_of_temp': [47.708333333333336, 45.197916666666664, 43.34375, 41.802083333333336, 40.479166666666664, 39.3125, 38.260416666666664, 37.354166666666664, 36.53125, 35.791666666666664, 35.125, 34.520833333333336, 33.958333333333336, 33.479166666666664, 33.0, 32.5625, 32.1875, 31.822916666666668, 31.5, 31.1875, 30.875]}",app,DEBUG,temperature_automation,2025-09-19 20:06:33.408,18.789166666667
Long Yeast Grow,pioreactor02,2025-09-19T18:06:33.418Z,PID output = -0.0579999999999906,app,DEBUG,temperature_automation,2025-09-19 20:06:33.418,18.789166666667
Long Yeast Grow,pioreactor02,2025-09-19T18:09:53.408Z,"features={'previous_heater_dc': 50.72, 'room_temp': 22.0, 'is_rpi_zero': False, 'volume': 14.0, 'time_series_of_temp': [47.65625, 45.145833333333336, 43.3125, 41.770833333333336, 40.4375, 39.270833333333336, 38.239583333333336, 37.3125, 36.5, 35.75, 35.104166666666664, 34.5, 33.9375, 33.4375, 33.0, 32.5625, 32.177083333333336, 31.8125, 31.5, 31.1875, 30.875]}",app,DEBUG,temperature_automation,2025-09-19 20:09:53.408,18.844722222222
Long Yeast Grow,pioreactor02,2025-09-19T18:09:53.417Z,PID output = 0.7599999999999838,app,DEBUG,temperature_automation,2025-09-19 20:09:53.417,18.844722222222
Long Yeast Grow,pioreactor02,2025-09-19T18:13:13.407Z,"features={'previous_heater_dc': 51.48, 'room_temp': 22.0, 'is_rpi_zero': False, 'volume': 14.0, 'time_series_of_temp': [47.9375, 45.40625, 43.541666666666664, 41.979166666666664, 40.635416666666664, 39.458333333333336, 38.40625, 37.479166666666664, 36.645833333333336, 35.895833333333336, 35.229166666666664, 34.625, 34.0625, 33.552083333333336, 33.083333333333336, 32.666666666666664, 32.25, 31.875, 31.5625, 31.25, 30.9375]}",app,DEBUG,temperature_automation,2025-09-19 20:13:13.407,18.900277777778
Long Yeast Grow,pioreactor02,2025-09-19T18:13:13.416Z,PID output = -0.511999999999989,app,DEBUG,temperature_automation,2025-09-19 20:13:13.416,18.900277777778
Long Yeast Grow,pioreactor02,2025-09-19T18:16:33.409Z,"features={'previous_heater_dc': 50.97, 'room_temp': 22.0, 'is_rpi_zero': False, 'volume': 14.0, 'time_series_of_temp': [47.78125, 45.260416666666664, 43.416666666666664, 41.864583333333336, 40.53125, 39.364583333333336, 38.3125, 37.395833333333336, 36.5625, 35.822916666666664, 35.166666666666664, 34.5625, 34.0, 33.5, 33.03125, 32.614583333333336, 32.25, 31.864583333333332, 31.5, 31.208333333333332, 30.9375]}",app,DEBUG,temperature_automation,2025-09-19 20:16:33.409,18.955833333333
Long Yeast Grow,pioreactor02,2025-09-19T18:16:33.418Z,PID output = 0.3080000000000062,app,DEBUG,temperature_automation,2025-09-19 20:16:33.418,18.955833333333
Long Yeast Grow,pioreactor02,2025-09-19T18:19:53.408Z,"features={'previous_heater_dc': 51.28, 'room_temp': 22.0, 'is_rpi_zero': False, 'volume': 14.0, 'time_series_of_temp': [47.875, 45.34375, 43.479166666666664, 41.916666666666664, 40.583333333333336, 39.395833333333336, 38.375, 37.4375, 36.614583333333336, 35.864583333333336, 35.177083333333336, 34.5625, 34.010416666666664, 33.5, 33.0625, 32.625, 32.229166666666664, 31.875, 31.510416666666668, 31.21875, 30.9375]}",app,DEBUG,temperature_automation,2025-09-19 20:19:53.408,19.011388888889
Long Yeast Grow,pioreactor02,2025-09-19T18:19:53.417Z,PID output = 0.29399999999998555,app,DEBUG,temperature_automation,2025-09-19 20:19:53.417,19.011388888889
Long Yeast Grow,pioreactor02,2025-09-19T18:23:13.407Z,"features={'previous_heater_dc': 51.57, 'room_temp': 22.0, 'is_rpi_zero': False, 'volume': 14.0, 'time_series_of_temp': [48.0, 45.416666666666664, 43.5625, 41.989583333333336, 40.645833333333336, 39.458333333333336, 38.40625, 37.479166666666664, 36.635416666666664, 35.885416666666664, 35.208333333333336, 34.604166666666664, 34.052083333333336, 33.53125, 33.0625, 32.635416666666664, 32.25, 31.875, 31.541666666666668, 31.229166666666668, 30.9375]}",app,DEBUG,temperature_automation,2025-09-19 20:23:13.407,19.066944444444
Long Yeast Grow,pioreactor02,2025-09-19T18:23:13.416Z,PID output = -0.2759999999999941,app,DEBUG,temperature_automation,2025-09-19 20:23:13.416,19.066944444444
Long Yeast Grow,pioreactor02,2025-09-19T18:26:33.407Z,"features={'previous_heater_dc': 51.29, 'room_temp': 22.0, 'is_rpi_zero': False, 'volume': 14.0, 'time_series_of_temp': [47.875, 45.34375, 43.479166666666664, 41.916666666666664, 40.583333333333336, 39.395833333333336, 38.354166666666664, 37.4375, 36.614583333333336, 35.864583333333336, 35.1875, 34.572916666666664, 34.010416666666664, 33.5, 33.0625, 32.625, 32.25, 31.875, 31.53125, 31.239583333333332, 30.9375]}",app,DEBUG,temperature_automation,2025-09-19 20:26:33.407,19.1225
Long Yeast Grow,pioreactor02,2025-09-19T18:26:33.416Z,PID output = 0.3600000000000051,app,DEBUG,temperature_automation,2025-09-19 20:26:33.416,19.1225
Long Yeast Grow,pioreactor02,2025-09-19T18:29:53.406Z,"features={'previous_heater_dc': 51.65, 'room_temp': 22.0, 'is_rpi_zero': False, 'volume': 14.0, 'time_series_of_temp': [48.052083333333336, 45.479166666666664, 43.614583333333336, 42.041666666666664, 40.677083333333336, 39.520833333333336, 38.46875, 37.520833333333336, 36.6875, 35.9375, 35.25, 34.635416666666664, 34.0625, 33.5625, 33.114583333333336, 32.677083333333336, 32.291666666666664, 31.9375, 31.5625, 31.25, 30.958333333333332]}",app,DEBUG,temperature_automation,2025-09-19 20:29:53.406,19.178055555556
Long Yeast Grow,pioreactor02,2025-09-19T18:29:53.416Z,PID output = -0.37400000000000017,app,DEBUG,temperature_automation,2025-09-19 20:29:53.416,19.178055555556
Long Yeast Grow,pioreactor02,2025-09-19T18:33:13.407Z,"features={'previous_heater_dc': 51.28, 'room_temp': 22.0, 'is_rpi_zero': False, 'volume': 14.0, 'time_series_of_temp': [47.875, 45.322916666666664, 43.479166666666664, 41.90625, 40.5625, 39.40625, 38.34375, 37.427083333333336, 36.59375, 35.84375, 35.1875, 34.5625, 34.0, 33.5, 33.03125, 32.625, 32.197916666666664, 31.875, 31.5, 31.1875, 30.927083333333332]}",app,DEBUG,temperature_automation,2025-09-19 20:33:13.407,19.233611111111
Long Yeast Grow,pioreactor02,2025-09-19T18:33:13.417Z,PID output = 0.3080000000000062,app,DEBUG,temperature_automation,2025-09-19 20:33:13.417,19.233611111111
Long Yeast Grow,pioreactor02,2025-09-19T18:36:33.407Z,"features={'previous_heater_dc': 51.59, 'room_temp': 22.0, 'is_rpi_zero': False, 'volume': 14.0, 'time_series_of_temp': [48.0, 45.427083333333336, 43.572916666666664, 42.0, 40.65625, 39.46875, 38.40625, 37.479166666666664, 36.65625, 35.885416666666664, 35.208333333333336, 34.625, 34.0625, 33.541666666666664, 33.0625, 32.635416666666664, 32.25, 31.885416666666668, 31.5625, 31.25, 30.9375]}",app,DEBUG,temperature_automation,2025-09-19 20:36:33.407,19.289166666667
Long Yeast Grow,pioreactor02,2025-09-19T18:36:33.417Z,PID output = 0.29399999999998555,app,DEBUG,temperature_automation,2025-09-19 20:36:33.417,19.289166666667
Long Yeast Grow,pioreactor02,2025-09-19T18:39:53.407Z,"features={'previous_heater_dc': 51.88, 'room_temp': 22.0, 'is_rpi_zero': False, 'volume': 14.0, 'time_series_of_temp': [48.104166666666664, 45.53125, 43.65625, 42.09375, 40.729166666666664, 39.552083333333336, 38.5, 37.5625, 36.729166666666664, 35.958333333333336, 35.302083333333336, 34.677083333333336, 34.114583333333336, 33.604166666666664, 33.125, 32.6875, 32.3125, 31.9375, 31.572916666666668, 31.25, 30.989583333333332]}",app,DEBUG,temperature_automation,2025-09-19 20:39:53.407,19.344722222222
Long Yeast Grow,pioreactor02,2025-09-19T18:39:53.417Z,PID output = -0.7799999999999961,app,DEBUG,temperature_automation,2025-09-19 20:39:53.417,19.344722222222
Long Yeast Grow,pioreactor02,2025-09-19T18:43:13.406Z,"features={'previous_heater_dc': 51.1, 'room_temp': 22.0, 'is_rpi_zero': False, 'volume': 14.0, 'time_series_of_temp': [47.8125, 45.270833333333336, 43.427083333333336, 41.875, 40.541666666666664, 39.364583333333336, 38.3125, 37.395833333333336, 36.572916666666664, 35.833333333333336, 35.166666666666664, 34.5625, 34.0, 33.5, 33.041666666666664, 32.614583333333336, 32.197916666666664, 31.864583333333332, 31.5, 31.1875, 30.916666666666668]}",app,DEBUG,temperature_automation,2025-09-19 20:43:13.406,19.400277777778
Long Yeast Grow,pioreactor02,2025-09-19T18:43:13.415Z,PID output = -0.3259999999999976,app,DEBUG,temperature_automation,2025-09-19 20:43:13.415,19.400277777778
Long Yeast Grow,pioreactor02,2025-09-19T18:46:33.407Z,"features={'previous_heater_dc': 50.77, 'room_temp': 22.0, 'is_rpi_zero': False, 'volume': 14.0, 'time_series_of_temp': [47.6875, 45.145833333333336, 43.3125, 41.78125, 40.4375, 39.270833333333336, 38.229166666666664, 37.3125, 36.5, 35.760416666666664, 35.09375, 34.5, 33.9375, 33.4375, 33.0, 32.5625, 32.177083333333336, 31.8125, 31.489583333333332, 31.177083333333332, 30.875]}",app,DEBUG,temperature_automation,2025-09-19 20:46:33.407,19.455833333333
Long Yeast Grow,pioreactor02,2025-09-19T18:46:33.417Z,PID output = 0.12600000000000547,app,DEBUG,temperature_automation,2025-09-19 20:46:33.417,19.455833333333
Long Yeast Grow,pioreactor02,2025-09-19T18:49:53.408Z,"features={'previous_heater_dc': 50.9, 'room_temp': 22.0, 'is_rpi_zero': False, 'volume': 14.0, 'time_series_of_temp': [47.697916666666664, 45.1875, 43.34375, 41.802083333333336, 40.46875, 39.291666666666664, 38.25, 37.34375, 36.510416666666664, 35.760416666666664, 35.125, 34.510416666666664, 33.947916666666664, 33.4375, 33.0, 32.5625, 32.1875, 31.8125, 31.5, 31.1875, 30.875]}",app,DEBUG,temperature_automation,2025-09-19 20:49:53.408,19.511388888889
Long Yeast Grow,pioreactor02,2025-09-19T18:49:53.418Z,PID output = 1.0480000000000032,app,DEBUG,temperature_automation,2025-09-19 20:49:53.418,19.511388888889
Long Yeast Grow,pioreactor02,2025-09-19T18:53:13.407Z,"features={'previous_heater_dc': 51.95, 'room_temp': 22.0, 'is_rpi_zero': False, 'volume': 14.0, 'time_series_of_temp': [48.125, 45.53125, 43.65625, 42.083333333333336, 40.71875, 39.53125, 38.46875, 37.53125, 36.697916666666664, 35.9375, 35.260416666666664, 34.635416666666664, 34.083333333333336, 33.572916666666664, 33.125, 32.6875, 32.302083333333336, 31.927083333333332, 31.5625, 31.25, 30.96875]}",app,DEBUG,temperature_automation,2025-09-19 20:53:13.407,19.566944444444
Long Yeast Grow,pioreactor02,2025-09-19T18:53:13.416Z,PID output = -1.0560000000000065,app,DEBUG,temperature_automation,2025-09-19 20:53:13.416,19.566944444444
Long Yeast Grow,pioreactor02,2025-09-19T18:56:33.407Z,"features={'previous_heater_dc': 50.89, 'room_temp': 22.0, 'is_rpi_zero': False, 'volume': 14.0, 'time_series_of_temp': [47.75, 45.208333333333336, 43.375, 41.833333333333336, 40.489583333333336, 39.322916666666664, 38.28125, 37.364583333333336, 36.552083333333336, 35.8125, 35.125, 34.541666666666664, 33.958333333333336, 33.489583333333336, 33.0, 32.572916666666664, 32.197916666666664, 31.854166666666668, 31.5, 31.1875, 30.90625]}",app,DEBUG,temperature_automation,2025-09-19 20:56:33.407,19.6225
Long Yeast Grow,pioreactor02,2025-09-19T18:56:33.416Z,PID output = 0.39400000000001256,app,DEBUG,temperature_automation,2025-09-19 20:56:33.416,19.6225
Long Yeast Grow,pioreactor02,2025-09-19T18:59:53.408Z,"features={'previous_heater_dc': 51.28, 'room_temp': 22.0, 'is_rpi_zero': False, 'volume': 14.0, 'time_series_of_temp': [47.875, 45.322916666666664, 43.479166666666664, 41.916666666666664, 40.583333333333336, 39.40625, 38.354166666666664, 37.4375, 36.604166666666664, 35.875, 35.1875, 34.572916666666664, 34.020833333333336, 33.510416666666664, 33.0625, 32.625, 32.239583333333336, 31.864583333333332, 31.5, 31.208333333333332, 30.9375]}",app,DEBUG,temperature_automation,2025-09-19 20:59:53.408,19.678055555556
Long Yeast Grow,pioreactor02,2025-09-19T18:59:53.417Z,PID output = -0.3340000000000011,app,DEBUG,temperature_automation,2025-09-19 20:59:53.417,19.678055555556
Long Yeast Grow,pioreactor02,2025-09-19T19:03:13.407Z,"features={'previous_heater_dc': 50.95, 'room_temp': 22.0, 'is_rpi_zero': False, 'volume': 14.0, 'time_series_of_temp': [47.75, 45.229166666666664, 43.395833333333336, 41.84375, 40.5, 39.333333333333336, 38.302083333333336, 37.364583333333336, 36.5625, 35.8125, 35.125, 34.5625, 33.989583333333336, 33.5, 33.041666666666664, 32.625, 32.197916666666664, 31.875, 31.5, 31.1875, 30.927083333333332]}",app,DEBUG,temperature_automation,2025-09-19 21:03:13.407,19.733611111111
Long Yeast Grow,pioreactor02,2025-09-19T19:03:13.417Z,PID output = -0.32000000000000595,app,DEBUG,temperature_automation,2025-09-19 21:03:13.417,19.733611111111
Long Yeast Grow,pioreactor02,2025-09-19T19:06:33.407Z,"features={'previous_heater_dc': 50.63, 'room_temp': 22.0, 'is_rpi_zero': False, 'volume': 14.0, 'time_series_of_temp': [47.625, 45.125, 43.302083333333336, 41.770833333333336, 40.4375, 39.270833333333336, 38.25, 37.3125, 36.510416666666664, 35.760416666666664, 35.114583333333336, 34.5, 33.9375, 33.447916666666664, 33.0, 32.5625, 32.1875, 31.833333333333332, 31.5, 31.1875, 30.895833333333332]}",app,DEBUG,temperature_automation,2025-09-19 21:06:33.407,19.789166666667
Long Yeast Grow,pioreactor02,2025-09-19T19:06:33.417Z,PID output = 1.6179999999999992,app,DEBUG,temperature_automation,2025-09-19 21:06:33.417,19.789166666667
Long Yeast Grow,pioreactor02,2025-09-19T19:09:53.408Z,"features={'previous_heater_dc': 52.25, 'room_temp': 22.0, 'is_rpi_zero': False, 'volume': 14.0, 'time_series_of_temp': [48.25, 45.65625, 43.770833333333336, 42.1875, 40.833333333333336, 39.604166666666664, 38.5625, 37.614583333333336, 36.770833333333336, 36.03125, 35.333333333333336, 34.71875, 34.166666666666664, 33.625, 33.166666666666664, 32.75, 32.333333333333336, 31.979166666666668, 31.625, 31.3125, 31.010416666666668]}",app,DEBUG,temperature_automation,2025-09-19 21:09:53.408,19.844722222222
Long Yeast Grow,pioreactor02,2025-09-19T19:09:53.417Z,PID output = -1.4039999999999864,app,DEBUG,temperature_automation,2025-09-19 21:09:53.417,19.844722222222
Long Yeast Grow,pioreactor02,2025-09-19T19:13:13.406Z,"features={'previous_heater_dc': 50.85, 'room_temp': 22.0, 'is_rpi_zero': False, 'volume': 14.0, 'time_series_of_temp': [47.75, 45.21875, 43.395833333333336, 41.854166666666664, 40.5, 39.354166666666664, 38.302083333333336, 37.395833333333336, 36.5625, 35.8125, 35.145833333333336, 34.5625, 34.0, 33.5, 33.03125, 32.625, 32.208333333333336, 31.854166666666668, 31.5, 31.208333333333332, 30.9375]}",app,DEBUG,temperature_automation,2025-09-19 21:13:13.406,19.900277777778
Long Yeast Grow,pioreactor02,2025-09-19T19:13:13.415Z,PID output = 0.511999999999989,app,DEBUG,temperature_automation,2025-09-19 21:13:13.415,19.900277777778
Long Yeast Grow,pioreactor02,2025-09-19T19:16:33.407Z,"features={'previous_heater_dc': 51.36, 'room_temp': 22.0, 'is_rpi_zero': False, 'volume': 14.0, 'time_series_of_temp': [47.9375, 45.385416666666664, 43.53125, 41.96875, 40.625, 39.46875, 38.40625, 37.489583333333336, 36.645833333333336, 35.895833333333336, 35.229166666666664, 34.614583333333336, 34.0625, 33.5625, 33.09375, 32.677083333333336, 32.260416666666664, 31.916666666666668, 31.5625, 31.25, 30.96875]}",app,DEBUG,temperature_automation,2025-09-19 21:16:33.407,19.955833333333
Long Yeast Grow,pioreactor02,2025-09-19T19:16:33.416Z,PID output = -0.3799999999999919,app,DEBUG,temperature_automation,2025-09-19 21:16:33.416,19.955833333333
Long Yeast Grow,pioreactor02,2025-09-19T19:19:53.407Z,"features={'previous_heater_dc': 50.98, 'room_temp': 22.0, 'is_rpi_zero': False, 'volume': 14.0, 'time_series_of_temp': [47.8125, 45.302083333333336, 43.447916666666664, 41.90625, 40.552083333333336, 39.375, 38.333333333333336, 37.4375, 36.604166666666664, 35.864583333333336, 35.1875, 34.5625, 34.041666666666664, 33.520833333333336, 33.0625, 32.625, 32.25, 31.875, 31.5625, 31.239583333333332, 30.9375]}",app,DEBUG,temperature_automation,2025-09-19 21:19:53.407,20.011388888889
Long Yeast Grow,pioreactor02,2025-09-19T19:19:53.416Z,PID output = -0.03200000000001211,app,DEBUG,temperature_automation,2025-09-19 21:19:53.416,20.011388888889
Long Yeast Grow,pioreactor02,2025-09-19T19:23:13.407Z,"features={'previous_heater_dc': 50.95, 'room_temp': 22.0, 'is_rpi_zero': False, 'volume': 14.0, 'time_series_of_temp': [47.8125, 45.25, 43.416666666666664, 41.854166666666664, 40.53125, 39.354166666666664, 38.3125, 37.40625, 36.572916666666664, 35.8125, 35.166666666666664, 34.5625, 34.0, 33.5, 33.0625, 32.625, 32.25, 31.875, 31.541666666666668, 31.239583333333332, 30.9375]}",app,DEBUG,temperature_automation,2025-09-19 21:23:13.407,20.066944444444
Long Yeast Grow,pioreactor02,2025-09-19T19:23:13.416Z,PID output = -0.726000000000002,app,DEBUG,temperature_automation,2025-09-19 21:23:13.416,20.066944444444
Long Yeast Grow,pioreactor02,2025-09-19T19:26:33.408Z,"features={'previous_heater_dc': 50.22, 'room_temp': 22.0, 'is_rpi_zero': False, 'volume': 14.0, 'time_series_of_temp': [47.5, 45.010416666666664, 43.1875, 41.65625, 40.333333333333336, 39.1875, 38.177083333333336, 37.25, 36.4375, 35.697916666666664, 35.052083333333336, 34.4375, 33.885416666666664, 33.385416666666664, 32.947916666666664, 32.541666666666664, 32.125, 31.8125, 31.447916666666668, 31.15625, 30.875]}",app,DEBUG,temperature_automation,2025-09-19 21:26:33.408,20.1225
Long Yeast Grow,pioreactor02,2025-09-19T19:26:33.418Z,PID output = 1.5600000000000085,app,DEBUG,temperature_automation,2025-09-19 21:26:33.418,20.1225
Long Yeast Grow,pioreactor02,2025-09-19T19:29:53.406Z,"features={'previous_heater_dc': 51.78, 'room_temp': 22.0, 'is_rpi_zero': False, 'volume': 14.0, 'time_series_of_temp': [48.0625, 45.510416666666664, 43.645833333333336, 42.083333333333336, 40.729166666666664, 39.541666666666664, 38.489583333333336, 37.552083333333336, 36.708333333333336, 35.979166666666664, 35.291666666666664, 34.6875, 34.125, 33.625, 33.15625, 32.708333333333336, 32.322916666666664, 31.9375, 31.625, 31.3125, 31.010416666666668]}",app,DEBUG,temperature_automation,2025-09-19 21:29:53.406,20.178055555556
Long Yeast Grow,pioreactor02,2025-09-19T19:29:53.416Z,PID output = -0.6440000000000026,app,DEBUG,temperature_automation,2025-09-19 21:29:53.416,20.178055555556
Long Yeast Grow,pioreactor02,2025-09-19T19:33:13.406Z,"features={'previous_heater_dc': 51.14, 'room_temp': 22.0, 'is_rpi_zero': False, 'volume': 14.0, 'time_series_of_temp': [47.895833333333336, 45.364583333333336, 43.520833333333336, 41.96875, 40.614583333333336, 39.447916666666664, 38.40625, 37.479166666666664, 36.645833333333336, 35.90625, 35.229166666666664, 34.625, 34.0625, 33.5625, 33.09375, 32.6875, 32.28125, 31.90625, 31.5625, 31.25, 30.989583333333332]}",app,DEBUG,temperature_automation,2025-09-19 21:33:13.406,20.233611111111
Long Yeast Grow,pioreactor02,2025-09-19T19:33:13.416Z,PID output = 0.0,app,DEBUG,temperature_automation,2025-09-19 21:33:13.416,20.233611111111
Long Yeast Grow,pioreactor02,2025-09-19T19:36:33.406Z,"features={'previous_heater_dc': 51.14, 'room_temp': 22.0, 'is_rpi_zero': False, 'volume': 14.0, 'time_series_of_temp': [47.875, 45.354166666666664, 43.489583333333336, 41.947916666666664, 40.604166666666664, 39.427083333333336, 38.385416666666664, 37.458333333333336, 36.625, 35.885416666666664, 35.229166666666664, 34.625, 34.0625, 33.5625, 33.083333333333336, 32.645833333333336, 32.25, 31.927083333333332, 31.5625, 31.25, 30.96875]}",app,DEBUG,temperature_automation,2025-09-19 21:36:33.406,20.289166666667
Long Yeast Grow,pioreactor02,2025-09-19T19:36:33.415Z,PID output = -0.4319999999999907,app,DEBUG,temperature_automation,2025-09-19 21:36:33.415,20.289166666667
Long Yeast Grow,pioreactor02,2025-09-19T19:39:53.407Z,"features={'previous_heater_dc': 50.71, 'room_temp': 22.0, 'is_rpi_zero': False, 'volume': 14.0, 'time_series_of_temp': [47.708333333333336, 45.1875, 43.364583333333336, 41.822916666666664, 40.479166666666664, 39.322916666666664, 38.302083333333336, 37.385416666666664, 36.583333333333336, 35.84375, 35.166666666666664, 34.5625, 34.020833333333336, 33.510416666666664, 33.0625, 32.625, 32.25, 31.875, 31.5625, 31.239583333333332, 30.9375]}",app,DEBUG,temperature_automation,2025-09-19 21:39:53.407,20.344722222222
Long Yeast Grow,pioreactor02,2025-09-19T19:39:53.416Z,PID output = -0.9480000000000182,app,DEBUG,temperature_automation,2025-09-19 21:39:53.416,20.344722222222
Long Yeast Grow,pioreactor02,2025-09-19T19:43:13.408Z,"features={'previous_heater_dc': 49.76, 'room_temp': 22.0, 'is_rpi_zero': False, 'volume': 14.0, 'time_series_of_temp': [47.3125, 44.854166666666664, 43.041666666666664, 41.53125, 40.21875, 39.072916666666664, 38.0625, 37.15625, 36.34375, 35.625, 34.989583333333336, 34.375, 33.875, 33.375, 32.927083333333336, 32.5, 32.125, 31.770833333333332, 31.4375, 31.125, 30.875]}",app,DEBUG,temperature_automation,2025-09-19 21:43:13.408,20.400277777778
Long Yeast Grow,pioreactor02,2025-09-19T19:43:13.418Z,PID output = 0.494000000000014,app,DEBUG,temperature_automation,2025-09-19 21:43:13.418,20.400277777778
Long Yeast Grow,pioreactor02,2025-09-19T19:46:33.407Z,"features={'previous_heater_dc': 50.25, 'room_temp': 22.0, 'is_rpi_zero': False, 'volume': 14.0, 'time_series_of_temp': [47.5, 45.0, 43.1875, 41.65625, 40.3125, 39.166666666666664, 38.15625, 37.25, 36.4375, 35.6875, 35.041666666666664, 34.4375, 33.875, 33.385416666666664, 32.9375, 32.5, 32.125, 31.760416666666668, 31.4375, 31.125, 30.875]}",app,DEBUG,temperature_automation,2025-09-19 21:46:33.407,20.455833333333
Long Yeast Grow,pioreactor02,2025-09-19T19:46:33.417Z,PID output = 0.975999999999992,app,DEBUG,temperature_automation,2025-09-19 21:46:33.417,20.455833333333
Long Yeast Grow,pioreactor02,2025-09-19T19:49:53.407Z,"features={'previous_heater_dc': 51.23, 'room_temp': 22.0, 'is_rpi_zero': False, 'volume': 14.0, 'time_series_of_temp': [47.864583333333336, 45.3125, 43.447916666666664, 41.90625, 40.552083333333336, 39.385416666666664, 38.34375, 37.427083333333336, 36.59375, 35.864583333333336, 35.1875, 34.5625, 34.020833333333336, 33.510416666666664, 33.0625, 32.625, 32.239583333333336, 31.875, 31.541666666666668, 31.229166666666668, 30.9375]}",app,DEBUG,temperature_automation,2025-09-19 21:49:53.407,20.511388888889
Long Yeast Grow,pioreactor02,2025-09-19T19:49:53.417Z,PID output = -1.2979999999999932,app,DEBUG,temperature_automation,2025-09-19 21:49:53.417,20.511388888889
Long Yeast Grow,pioreactor02,2025-09-19T19:53:13.406Z,"features={'previous_heater_dc': 49.93, 'room_temp': 22.0, 'is_rpi_zero': False, 'volume': 14.0, 'time_series_of_temp': [47.375, 44.916666666666664, 43.104166666666664, 41.604166666666664, 40.270833333333336, 39.114583333333336, 38.09375, 37.1875, 36.385416666666664, 35.677083333333336, 35.0, 34.40625, 33.864583333333336, 33.375, 32.927083333333336, 32.5, 32.125, 31.75, 31.4375, 31.125, 30.854166666666668]}",app,DEBUG,temperature_automation,2025-09-19 21:53:13.406,20.566944444444
Long Yeast Grow,pioreactor02,2025-09-19T19:53:13.416Z,PID output = 1.2979999999999932,app,DEBUG,temperature_automation,2025-09-19 21:53:13.416,20.566944444444
Long Yeast Grow,pioreactor02,2025-09-19T19:56:33.406Z,"features={'previous_heater_dc': 51.23, 'room_temp': 22.0, 'is_rpi_zero': False, 'volume': 14.0, 'time_series_of_temp': [47.875, 45.34375, 43.479166666666664, 41.927083333333336, 40.583333333333336, 39.40625, 38.364583333333336, 37.4375, 36.625, 35.875, 35.1875, 34.5625, 34.03125, 33.520833333333336, 33.0625, 32.625, 32.239583333333336, 31.875, 31.552083333333332, 31.25, 30.9375]}",app,DEBUG,temperature_automation,2025-09-19 21:56:33.406,20.6225
Long Yeast Grow,pioreactor02,2025-09-19T19:56:33.415Z,PID output = -0.14599999999999222,app,DEBUG,temperature_automation,2025-09-19 21:56:33.415,20.6225
Long Yeast Grow,pioreactor02,2025-09-19T19:59:53.407Z,"features={'previous_heater_dc': 51.08, 'room_temp': 22.0, 'is_rpi_zero': False, 'volume': 14.0, 'time_series_of_temp': [47.8125, 45.302083333333336, 43.458333333333336, 41.895833333333336, 40.552083333333336, 39.375, 38.34375, 37.427083333333336, 36.583333333333336, 35.84375, 35.1875, 34.5625, 34.0, 33.5, 33.052083333333336, 32.625, 32.239583333333336, 31.875, 31.520833333333332, 31.21875, 30.9375]}",app,DEBUG,temperature_automation,2025-09-19 21:59:53.407,20.678055555556
Long Yeast Grow,pioreactor02,2025-09-19T19:59:53.416Z,PID output = 0.5619999999999926,app,DEBUG,temperature_automation,2025-09-19 21:59:53.416,20.678055555556
Long Yeast Grow,pioreactor02,2025-09-19T20:03:13.407Z,"features={'previous_heater_dc': 51.64, 'room_temp': 22.0, 'is_rpi_zero': False, 'volume': 14.0, 'time_series_of_temp': [48.03125, 45.479166666666664, 43.625, 42.052083333333336, 40.708333333333336, 39.510416666666664, 38.479166666666664, 37.541666666666664, 36.697916666666664, 35.9375, 35.28125, 34.677083333333336, 34.104166666666664, 33.604166666666664, 33.135416666666664, 32.697916666666664, 32.3125, 31.9375, 31.614583333333332, 31.291666666666668, 31.0]}",app,DEBUG,temperature_automation,2025-09-19 22:03:13.407,20.733611111111
Long Yeast Grow,pioreactor02,2025-09-19T20:03:13.416Z,PID output = -0.36200000000000043,app,DEBUG,temperature_automation,2025-09-19 22:03:13.416,20.733611111111
Long Yeast Grow,pioreactor02,2025-09-19T20:06:33.406Z,"features={'previous_heater_dc': 51.28, 'room_temp': 22.0, 'is_rpi_zero': False, 'volume': 14.0, 'time_series_of_temp': [47.9375, 45.385416666666664, 43.541666666666664, 41.96875, 40.635416666666664, 39.447916666666664, 38.40625, 37.489583333333336, 36.645833333333336, 35.90625, 35.21875, 34.614583333333336, 34.0625, 33.5625, 33.09375, 32.677083333333336, 32.28125, 31.9375, 31.5625, 31.25, 31.0]}",app,DEBUG,temperature_automation,2025-09-19 22:06:33.406,20.789166666667
Long Yeast Grow,pioreactor02,2025-09-19T20:06:33.415Z,PID output = -0.09199999999999803,app,DEBUG,temperature_automation,2025-09-19 22:06:33.415,20.789166666667
Long Yeast Grow,pioreactor02,2025-09-19T20:09:53.407Z,"features={'previous_heater_dc': 51.19, 'room_temp': 22.0, 'is_rpi_zero': False, 'volume': 14.0, 'time_series_of_temp': [47.875, 45.364583333333336, 43.510416666666664, 41.947916666666664, 40.604166666666664, 39.447916666666664, 38.395833333333336, 37.46875, 36.625, 35.885416666666664, 35.208333333333336, 34.604166666666664, 34.052083333333336, 33.5625, 33.114583333333336, 32.677083333333336, 32.28125, 31.9375, 31.5625, 31.260416666666668, 30.979166666666668]}",app,DEBUG,temperature_automation,2025-09-19 22:09:53.407,20.844722222222
Long Yeast Grow,pioreactor02,2025-09-19T20:09:53.416Z,PID output = 0.2879999999999938,app,DEBUG,temperature_automation,2025-09-19 22:09:53.416,20.844722222222
Long Yeast Grow,pioreactor02,2025-09-19T20:13:13.408Z,"features={'previous_heater_dc': 51.48, 'room_temp': 22.0, 'is_rpi_zero': False, 'volume': 14.0, 'time_series_of_temp': [48.0, 45.46875, 43.59375, 42.03125, 40.6875, 39.5, 38.458333333333336, 37.520833333333336, 36.6875, 35.9375, 35.25, 34.645833333333336, 34.09375, 33.59375, 33.125, 32.6875, 32.3125, 31.9375, 31.604166666666668, 31.302083333333332, 31.0]}",app,DEBUG,temperature_automation,2025-09-19 22:13:13.408,20.900277777778
Long Yeast Grow,pioreactor02,2025-09-19T20:13:13.418Z,PID output = 0.32000000000000595,app,DEBUG,temperature_automation,2025-09-19 22:13:13.418,20.900277777778
Long Yeast Grow,pioreactor02,2025-09-19T20:16:33.407Z,"features={'previous_heater_dc': 51.8, 'room_temp': 22.0, 'is_rpi_zero': False, 'volume': 14.0, 'time_series_of_temp': [48.125, 45.5625, 43.677083333333336, 42.114583333333336, 40.770833333333336, 39.572916666666664, 38.53125, 37.583333333333336, 36.75, 36.0, 35.333333333333336, 34.71875, 34.177083333333336, 33.645833333333336, 33.1875, 32.75, 32.375, 31.979166666666668, 31.645833333333332, 31.34375, 31.0625]}",app,DEBUG,temperature_automation,2025-09-19 22:16:33.407,20.955833333333
Long Yeast Grow,pioreactor02,2025-09-19T20:16:33.417Z,PID output = -1.1860000000000084,app,DEBUG,temperature_automation,2025-09-19 22:16:33.417,20.955833333333
Long Yeast Grow,pioreactor02,2025-09-19T20:19:53.409Z,"features={'previous_heater_dc': 50.61, 'room_temp': 22.0, 'is_rpi_zero': False, 'volume': 14.0, 'time_series_of_temp': [47.75, 45.229166666666664, 43.385416666666664, 41.84375, 40.520833333333336, 39.34375, 38.3125, 37.40625, 36.5625, 35.833333333333336, 35.177083333333336, 34.5625, 34.0, 33.510416666666664, 33.0625, 32.625, 32.25, 31.875, 31.552083333333332, 31.25, 30.9375]}",app,DEBUG,temperature_automation,2025-09-19 22:19:53.409,21.011388888889
Long Yeast Grow,pioreactor02,2025-09-19T20:19:53.419Z,PID output = -0.0959999999999944,app,DEBUG,temperature_automation,2025-09-19 22:19:53.419,21.011388888889
Long Yeast Grow,pioreactor02,2025-09-19T20:23:13.409Z,"features={'previous_heater_dc': 50.51, 'room_temp': 22.0, 'is_rpi_zero': False, 'volume': 14.0, 'time_series_of_temp': [47.625, 45.114583333333336, 43.302083333333336, 41.78125, 40.458333333333336, 39.28125, 38.260416666666664, 37.34375, 36.510416666666664, 35.78125, 35.125, 34.510416666666664, 33.947916666666664, 33.447916666666664, 33.010416666666664, 32.583333333333336, 32.1875, 31.854166666666668, 31.5, 31.1875, 30.927083333333332]}",app,DEBUG,temperature_automation,2025-09-19 22:23:13.409,21.066944444444
Long Yeast Grow,pioreactor02,2025-09-19T20:23:13.419Z,PID output = 2.070000000000002,app,DEBUG,temperature_automation,2025-09-19 22:23:13.419,21.066944444444
Long Yeast Grow,pioreactor02,2025-09-19T20:26:33.407Z,"features={'previous_heater_dc': 52.58, 'room_temp': 22.0, 'is_rpi_zero': False, 'volume': 14.0, 'time_series_of_temp': [48.375, 45.791666666666664, 43.90625, 42.3125, 40.916666666666664, 39.729166666666664, 38.666666666666664, 37.708333333333336, 36.875, 36.125, 35.4375, 34.8125, 34.229166666666664, 33.708333333333336, 33.25, 32.8125, 32.40625, 32.020833333333336, 31.6875, 31.375, 31.0625]}",app,DEBUG,temperature_automation,2025-09-19 22:26:33.407,21.1225
Long Yeast Grow,pioreactor02,2025-09-19T20:26:33.417Z,PID output = -1.562000000000004,app,DEBUG,temperature_automation,2025-09-19 22:26:33.417,21.1225
Long Yeast Grow,pioreactor02,2025-09-19T20:29:53.406Z,"features={'previous_heater_dc': 51.02, 'room_temp': 22.0, 'is_rpi_zero': False, 'volume': 14.0, 'time_series_of_temp': [47.875, 45.34375, 43.489583333333336, 41.947916666666664, 40.604166666666664, 39.447916666666664, 38.395833333333336, 37.46875, 36.645833333333336, 35.90625, 35.229166666666664, 34.625, 34.0625, 33.5625, 33.125, 32.677083333333336, 32.3125, 31.9375, 31.583333333333332, 31.28125, 31.0]}",app,DEBUG,temperature_automation,2025-09-19 22:29:53.406,21.178055555556
Long Yeast Grow,pioreactor02,2025-09-19T20:29:53.416Z,PID output = -0.038000000000003836,app,DEBUG,temperature_automation,2025-09-19 22:29:53.416,21.178055555556
Long Yeast Grow,pioreactor02,2025-09-19T20:33:13.406Z,"features={'previous_heater_dc': 50.98, 'room_temp': 22.0, 'is_rpi_zero': False, 'volume': 14.0, 'time_series_of_temp': [47.864583333333336, 45.3125, 43.46875, 41.90625, 40.59375, 39.427083333333336, 38.364583333333336, 37.458333333333336, 36.625, 35.895833333333336, 35.229166666666664, 34.625, 34.0625, 33.5625, 33.114583333333336, 32.6875, 32.302083333333336, 31.9375, 31.583333333333332, 31.28125, 31.0]}",app,DEBUG,temperature_automation,2025-09-19 22:33:13.406,21.233611111111
Long Yeast Grow,pioreactor02,2025-09-19T20:33:13.415Z,PID output = -1.3539999999999885,app,DEBUG,temperature_automation,2025-09-19 22:33:13.415,21.233611111111
Long Yeast Grow,pioreactor02,2025-09-19T20:36:33.407Z,"features={'previous_heater_dc': 49.63, 'room_temp': 22.0, 'is_rpi_zero': False, 'volume': 14.0, 'time_series_of_temp': [47.3125, 44.854166666666664, 43.052083333333336, 41.5625, 40.239583333333336, 39.104166666666664, 38.114583333333336, 37.1875, 36.395833333333336, 35.6875, 35.020833333333336, 34.427083333333336, 33.875, 33.385416666666664, 32.9375, 32.520833333333336, 32.125, 31.8125, 31.489583333333332, 31.1875, 30.875]}",app,DEBUG,temperature_automation,2025-09-19 22:36:33.407,21.289166666667
Long Yeast Grow,pioreactor02,2025-09-19T20:36:33.416Z,PID output = 1.6599999999999935,app,DEBUG,temperature_automation,2025-09-19 22:36:33.416,21.289166666667
Long Yeast Grow,pioreactor02,2025-09-19T20:39:53.407Z,"features={'previous_heater_dc': 51.29, 'room_temp': 22.0, 'is_rpi_zero': False, 'volume': 14.0, 'time_series_of_temp': [47.9375, 45.40625, 43.541666666666664, 41.979166666666664, 40.645833333333336, 39.479166666666664, 38.4375, 37.510416666666664, 36.6875, 35.9375, 35.25, 34.645833333333336, 34.09375, 33.614583333333336, 33.125, 32.708333333333336, 32.3125, 31.947916666666668, 31.625, 31.3125, 31.0625]}",app,DEBUG,temperature_automation,2025-09-19 22:39:53.407,21.344722222222
Long Yeast Grow,pioreactor02,2025-09-19T20:39:53.417Z,PID output = -0.05399999999999419,app,DEBUG,temperature_automation,2025-09-19 22:39:53.417,21.344722222222
Long Yeast Grow,pioreactor02,2025-09-19T20:43:13.408Z,"features={'previous_heater_dc': 51.24, 'room_temp': 22.0, 'is_rpi_zero': False, 'volume': 14.0, 'time_series_of_temp': [48.0, 45.458333333333336, 43.583333333333336, 42.03125, 40.708333333333336, 39.53125, 38.479166666666664, 37.5625, 36.739583333333336, 36.0, 35.3125, 34.697916666666664, 34.145833333333336, 33.645833333333336, 33.1875, 32.760416666666664, 32.375, 32.0, 31.6875, 31.375, 31.0625]}",app,DEBUG,temperature_automation,2025-09-19 22:43:13.408,21.400277777778
Long Yeast Grow,pioreactor02,2025-09-19T20:43:13.418Z,PID output = -1.5980000000000123,app,DEBUG,temperature_automation,2025-09-19 22:43:13.418,21.400277777778
Long Yeast Grow,pioreactor02,2025-09-19T20:46:33.405Z,"features={'previous_heater_dc': 49.64, 'room_temp': 22.0, 'is_rpi_zero': False, 'volume': 14.0, 'time_series_of_temp': [47.395833333333336, 44.9375, 43.135416666666664, 41.645833333333336, 40.322916666666664, 39.1875, 38.166666666666664, 37.270833333333336, 36.458333333333336, 35.75, 35.104166666666664, 34.5, 33.947916666666664, 33.4375, 33.0, 32.604166666666664, 32.208333333333336, 31.875, 31.53125, 31.25, 30.9375]}",app,DEBUG,temperature_automation,2025-09-19 22:46:33.405,21.455833333333
Long Yeast Grow,pioreactor02,2025-09-19T20:46:33.415Z,PID output = 0.946000000000017,app,DEBUG,temperature_automation,2025-09-19 22:46:33.415,21.455833333333
Long Yeast Grow,pioreactor02,2025-09-19T20:49:53.407Z,"features={'previous_heater_dc': 50.59, 'room_temp': 22.0, 'is_rpi_zero': False, 'volume': 14.0, 'time_series_of_temp': [47.729166666666664, 45.208333333333336, 43.385416666666664, 41.84375, 40.510416666666664, 39.364583333333336, 38.333333333333336, 37.427083333333336, 36.604166666666664, 35.864583333333336, 35.197916666666664, 34.59375, 34.052083333333336, 33.5625, 33.114583333333336, 32.6875, 32.302083333333336, 31.9375, 31.604166666666668, 31.291666666666668, 31.0]}",app,DEBUG,temperature_automation,2025-09-19 22:49:53.407,21.511388888889
Long Yeast Grow,pioreactor02,2025-09-19T20:49:53.416Z,PID output = -1.629999999999999,app,DEBUG,temperature_automation,2025-09-19 22:49:53.416,21.511388888889
Long Yeast Grow,pioreactor02,2025-09-19T20:53:13.406Z,"features={'previous_heater_dc': 48.96, 'room_temp': 22.0, 'is_rpi_zero': False, 'volume': 14.0, 'time_series_of_temp': [47.125, 44.6875, 42.916666666666664, 41.416666666666664, 40.135416666666664, 39.010416666666664, 38.010416666666664, 37.125, 36.322916666666664, 35.625, 34.96875, 34.375, 33.854166666666664, 33.375, 32.9375, 32.5, 32.135416666666664, 31.78125, 31.447916666666668, 31.1875, 30.875]}",app,DEBUG,temperature_automation,2025-09-19 22:53:13.406,21.566944444444
Long Yeast Grow,pioreactor02,2025-09-19T20:53:13.416Z,PID output = -0.06799999999999501,app,DEBUG,temperature_automation,2025-09-19 22:53:13.416,21.566944444444
Long Yeast Grow,pioreactor02,2025-09-19T20:56:33.406Z,"features={'previous_heater_dc': 48.89, 'room_temp': 22.0, 'is_rpi_zero': False, 'volume': 14.0, 'time_series_of_temp': [47.020833333333336, 44.604166666666664, 42.84375, 41.354166666666664, 40.0625, 38.9375, 37.9375, 37.052083333333336, 36.25, 35.5625, 34.916666666666664, 34.3125, 33.8125, 33.3125, 32.875, 32.479166666666664, 32.0625, 31.75, 31.4375, 31.125, 30.864583333333332]}",app,DEBUG,temperature_automation,2025-09-19 22:56:33.406,21.6225
Long Yeast Grow,pioreactor02,2025-09-19T20:56:33.416Z,PID output = 1.4100000000000037,app,DEBUG,temperature_automation,2025-09-19 22:56:33.416,21.6225
Long Yeast Grow,pioreactor02,2025-09-19T20:59:53.408Z,"features={'previous_heater_dc': 50.3, 'room_temp': 22.0, 'is_rpi_zero': False, 'volume': 14.0, 'time_series_of_temp': [47.5625, 45.083333333333336, 43.270833333333336, 41.71875, 40.416666666666664, 39.270833333333336, 38.25, 37.34375, 36.53125, 35.791666666666664, 35.125, 34.552083333333336, 34.0, 33.5, 33.0625, 32.625, 32.25, 31.875, 31.5625, 31.25, 30.958333333333332]}",app,DEBUG,temperature_automation,2025-09-19 22:59:53.408,21.678055555556
Long Yeast Grow,pioreactor02,2025-09-19T20:59:53.417Z,PID output = -1.3959999999999992,app,DEBUG,temperature_automation,2025-09-19 22:59:53.417,21.678055555556
Long Yeast Grow,pioreactor02,2025-09-19T21:03:13.407Z,"features={'previous_heater_dc': 48.9, 'room_temp': 22.0, 'is_rpi_zero': False, 'volume': 14.0, 'time_series_of_temp': [47.052083333333336, 44.635416666666664, 42.854166666666664, 41.354166666666664, 40.0625, 38.947916666666664, 37.947916666666664, 37.0625, 36.260416666666664, 35.5625, 34.916666666666664, 34.3125, 33.8125, 33.3125, 32.875, 32.458333333333336, 32.072916666666664, 31.75, 31.4375, 31.125, 30.854166666666668]}",app,DEBUG,temperature_automation,2025-09-19 23:03:13.407,21.733611111111
Long Yeast Grow,pioreactor02,2025-09-19T21:03:13.417Z,PID output = 0.7419999999999923,app,DEBUG,temperature_automation,2025-09-19 23:03:13.417,21.733611111111
Long Yeast Grow,pioreactor02,2025-09-19T21:06:33.408Z,"features={'previous_heater_dc': 49.64, 'room_temp': 22.0, 'is_rpi_zero': False, 'volume': 14.0, 'time_series_of_temp': [47.291666666666664, 44.84375, 43.03125, 41.53125, 40.21875, 39.083333333333336, 38.072916666666664, 37.166666666666664, 36.375, 35.666666666666664, 35.0, 34.40625, 33.875, 33.375, 32.9375, 32.5, 32.125, 31.8125, 31.458333333333332, 31.166666666666668, 30.875]}",app,DEBUG,temperature_automation,2025-09-19 23:06:33.408,21.789166666667
Long Yeast Grow,pioreactor02,2025-09-19T21:06:33.418Z,PID output = -0.09199999999999803,app,DEBUG,temperature_automation,2025-09-19 23:06:33.418,21.789166666667
Long Yeast Grow,pioreactor02,2025-09-19T21:09:53.407Z,"features={'previous_heater_dc': 49.55, 'room_temp': 22.0, 'is_rpi_zero': False, 'volume': 14.0, 'time_series_of_temp': [47.25, 44.791666666666664, 42.989583333333336, 41.5, 40.1875, 39.041666666666664, 38.041666666666664, 37.145833333333336, 36.354166666666664, 35.625, 34.96875, 34.375, 33.854166666666664, 33.364583333333336, 32.927083333333336, 32.5, 32.125, 31.75, 31.4375, 31.125, 30.875]}",app,DEBUG,temperature_automation,2025-09-19 23:09:53.407,21.844722222222
Long Yeast Grow,pioreactor02,2025-09-19T21:09:53.416Z,PID output = -0.4319999999999907,app,DEBUG,temperature_automation,2025-09-19 23:09:53.416,21.844722222222
Long Yeast Grow,pioreactor02,2025-09-19T21:13:13.406Z,"features={'previous_heater_dc': 49.12, 'room_temp': 22.0, 'is_rpi_zero': False, 'volume': 14.0, 'time_series_of_temp': [47.072916666666664, 44.65625, 42.875, 41.385416666666664, 40.09375, 38.947916666666664, 37.96875, 37.0625, 36.270833333333336, 35.5625, 34.927083333333336, 34.3125, 33.802083333333336, 33.3125, 32.864583333333336, 32.447916666666664, 32.0625, 31.71875, 31.385416666666668, 31.104166666666668, 30.8125]}",app,DEBUG,temperature_automation,2025-09-19 23:13:13.406,21.900277777778
Long Yeast Grow,pioreactor02,2025-09-19T21:13:13.416Z,PID output = 0.34800000000000536,app,DEBUG,temperature_automation,2025-09-19 23:13:13.416,21.900277777778
Long Yeast Grow,pioreactor02,2025-09-19T21:16:33.406Z,"features={'previous_heater_dc': 49.47, 'room_temp': 22.0, 'is_rpi_zero': False, 'volume': 14.0, 'time_series_of_temp': [47.1875, 44.760416666666664, 42.947916666666664, 41.46875, 40.166666666666664, 39.020833333333336, 38.0, 37.114583333333336, 36.3125, 35.604166666666664, 34.947916666666664, 34.34375, 33.822916666666664, 33.34375, 32.875, 32.489583333333336, 32.083333333333336, 31.75, 31.4375, 31.125, 30.875]}",app,DEBUG,temperature_automation,2025-09-19 23:16:33.406,21.955833333333
Long Yeast Grow,pioreactor02,2025-09-19T21:16:33.416Z,PID output = 1.4659999999999989,app,DEBUG,temperature_automation,2025-09-19 23:16:33.416,21.955833333333
Long Yeast Grow,pioreactor02,2025-09-19T21:19:53.411Z,"features={'previous_heater_dc': 50.94, 'room_temp': 22.0, 'is_rpi_zero': False, 'volume': 14.0, 'time_series_of_temp': [47.770833333333336, 45.260416666666664, 43.4375, 41.885416666666664, 40.552083333333336, 39.385416666666664, 38.34375, 37.427083333333336, 36.614583333333336, 35.875, 35.1875, 34.583333333333336, 34.041666666666664, 33.53125, 33.083333333333336, 32.666666666666664, 32.25, 31.895833333333332, 31.5625, 31.25, 31.0]}",app,DEBUG,temperature_automation,2025-09-19 23:19:53.411,22.011388888889
Long Yeast Grow,pioreactor02,2025-09-19T21:19:53.421Z,PID output = -0.1019999999999967,app,DEBUG,temperature_automation,2025-09-19 23:19:53.421,22.011388888889
Long Yeast Grow,pioreactor02,2025-09-19T21:23:13.408Z,"features={'previous_heater_dc': 50.84, 'room_temp': 22.0, 'is_rpi_zero': False, 'volume': 14.0, 'time_series_of_temp': [47.8125, 45.291666666666664, 43.4375, 41.916666666666664, 40.572916666666664, 39.416666666666664, 38.375, 37.458333333333336, 36.635416666666664, 35.895833333333336, 35.21875, 34.625, 34.0625, 33.5625, 33.125, 32.6875, 32.3125, 31.9375, 31.625, 31.3125, 31.0]}",app,DEBUG,temperature_automation,2025-09-19 23:23:13.408,22.066944444444
Long Yeast Grow,pioreactor02,2025-09-19T21:23:13.417Z,PID output = -0.9839999999999953,app,DEBUG,temperature_automation,2025-09-19 23:23:13.417,22.066944444444
Long Yeast Grow,pioreactor02,2025-09-19T21:26:33.403Z,"features={'previous_heater_dc': 49.86, 'room_temp': 22.0, 'is_rpi_zero': False, 'volume': 14.0, 'time_series_of_temp': [47.4375, 44.989583333333336, 43.1875, 41.666666666666664, 40.34375, 39.208333333333336, 38.1875, 37.291666666666664, 36.479166666666664, 35.75, 35.114583333333336, 34.510416666666664, 33.979166666666664, 33.489583333333336, 33.052083333333336, 32.625, 32.25, 31.875, 31.5625, 31.25, 30.989583333333332]}",app,DEBUG,temperature_automation,2025-09-19 23:26:33.403,22.1225
Long Yeast Grow,pioreactor02,2025-09-19T21:26:33.411Z,PID output = -0.08400000000001101,app,DEBUG,temperature_automation,2025-09-19 23:26:33.411,22.1225
Long Yeast Grow,pioreactor02,2025-09-19T21:29:53.398Z,"features={'previous_heater_dc': 49.78, 'room_temp': 22.0, 'is_rpi_zero': False, 'volume': 14.0, 'time_series_of_temp': [47.4375, 44.958333333333336, 43.15625, 41.645833333333336, 40.333333333333336, 39.21875, 38.1875, 37.302083333333336, 36.489583333333336, 35.75, 35.125, 34.520833333333336, 34.0, 33.489583333333336, 33.041666666666664, 32.625, 32.25, 31.885416666666668, 31.5625, 31.25, 30.989583333333332]}",app,DEBUG,temperature_automation,2025-09-19 23:29:53.398,22.178055555556
Long Yeast Grow,pioreactor02,2025-09-19T21:29:53.406Z,PID output = -1.2099999999999915,app,DEBUG,temperature_automation,2025-09-19 23:29:53.406,22.178055555556
Long Yeast Grow,pioreactor02,2025-09-19T21:33:13.397Z,"features={'previous_heater_dc': 48.57, 'room_temp': 22.0, 'is_rpi_zero': False, 'volume': 14.0, 'time_series_of_temp': [47.0, 44.59375, 42.833333333333336, 41.354166666666664, 40.083333333333336, 38.947916666666664, 37.96875, 37.083333333333336, 36.302083333333336, 35.583333333333336, 34.9375, 34.375, 33.84375, 33.375, 32.9375, 32.5, 32.125, 31.802083333333332, 31.458333333333332, 31.177083333333332, 30.875]}",app,DEBUG,temperature_automation,2025-09-19 23:33:13.397,22.233611111111
Long Yeast Grow,pioreactor02,2025-09-19T21:33:13.406Z,PID output = -0.5920000000000094,app,DEBUG,temperature_automation,2025-09-19 23:33:13.406,22.233611111111
Long Yeast Grow,pioreactor02,2025-09-19T21:36:33.398Z,"features={'previous_heater_dc': 47.98, 'room_temp': 22.0, 'is_rpi_zero': False, 'volume': 14.0, 'time_series_of_temp': [46.697916666666664, 44.333333333333336, 42.583333333333336, 41.125, 39.854166666666664, 38.75, 37.760416666666664, 36.895833333333336, 36.125, 35.416666666666664, 34.8125, 34.229166666666664, 33.708333333333336, 33.25, 32.8125, 32.385416666666664, 32.010416666666664, 31.6875, 31.375, 31.0625, 30.8125]}",app,DEBUG,temperature_automation,2025-09-19 23:36:33.398,22.289166666667
Long Yeast Grow,pioreactor02,2025-09-19T21:36:33.406Z,PID output = 0.31800000000000483,app,DEBUG,temperature_automation,2025-09-19 23:36:33.406,22.289166666667
Long Yeast Grow,pioreactor02,2025-09-19T21:39:53.400Z,"features={'previous_heater_dc': 48.3, 'room_temp': 22.0, 'is_rpi_zero': False, 'volume': 14.0, 'time_series_of_temp': [46.8125, 44.447916666666664, 42.697916666666664, 41.21875, 39.9375, 38.833333333333336, 37.854166666666664, 36.96875, 36.1875, 35.489583333333336, 34.864583333333336, 34.28125, 33.75, 33.28125, 32.833333333333336, 32.4375, 32.0625, 31.697916666666668, 31.385416666666668, 31.09375, 30.8125]}",app,DEBUG,temperature_automation,2025-09-19 23:39:53.400,22.344722222222
Long Yeast Grow,pioreactor02,2025-09-19T21:39:53.407Z,PID output = -0.01799999999999144,app,DEBUG,temperature_automation,2025-09-19 23:39:53.407,22.344722222222
Long Yeast Grow,pioreactor02,2025-09-19T21:43:13.400Z,"features={'previous_heater_dc': 48.28, 'room_temp': 22.0, 'is_rpi_zero': False, 'volume': 14.0, 'time_series_of_temp': [46.8125, 44.40625, 42.645833333333336, 41.177083333333336, 39.895833333333336, 38.791666666666664, 37.802083333333336, 36.927083333333336, 36.135416666666664, 35.4375, 34.8125, 34.25, 33.729166666666664, 33.25, 32.8125, 32.40625, 32.03125, 31.6875, 31.375, 31.072916666666668, 30.8125]}",app,DEBUG,temperature_automation,2025-09-19 23:43:13.400,22.400277777778
Long Yeast Grow,pioreactor02,2025-09-19T21:43:13.408Z,PID output = -0.73200000000001,app,DEBUG,temperature_automation,2025-09-19 23:43:13.408,22.400277777778
Long Yeast Grow,pioreactor02,2025-09-19T21:46:33.399Z,"features={'previous_heater_dc': 47.55, 'room_temp': 22.0, 'is_rpi_zero': False, 'volume': 14.0, 'time_series_of_temp': [46.541666666666664, 44.177083333333336, 42.458333333333336, 41.0, 39.760416666666664, 38.65625, 37.6875, 36.833333333333336, 36.0625, 35.375, 34.75, 34.145833333333336, 33.65625, 33.1875, 32.75, 32.364583333333336, 31.989583333333332, 31.645833333333332, 31.322916666666668, 31.052083333333332, 30.78125]}",app,DEBUG,temperature_automation,2025-09-19 23:46:33.399,22.455833333333
Long Yeast Grow,pioreactor02,2025-09-19T21:46:33.407Z,PID output = 0.2839999999999975,app,DEBUG,temperature_automation,2025-09-19 23:46:33.407,22.455833333333
Long Yeast Grow,pioreactor02,2025-09-19T21:49:53.399Z,"features={'previous_heater_dc': 47.83, 'room_temp': 22.0, 'is_rpi_zero': False, 'volume': 14.0, 'time_series_of_temp': [46.625, 44.260416666666664, 42.520833333333336, 41.072916666666664, 39.822916666666664, 38.697916666666664, 37.729166666666664, 36.875, 36.09375, 35.375, 34.75, 34.1875, 33.6875, 33.197916666666664, 32.75, 32.375, 32.0, 31.677083333333332, 31.364583333333332, 31.0625, 30.791666666666668]}",app,DEBUG,temperature_automation,2025-09-19 23:49:53.399,22.511388888889
Long Yeast Grow,pioreactor02,2025-09-19T21:49:53.407Z,PID output = 1.0940000000000105,app,DEBUG,temperature_automation,2025-09-19 23:49:53.407,22.511388888889
Long Yeast Grow,pioreactor02,2025-09-19T21:53:13.399Z,"features={'previous_heater_dc': 48.92, 'room_temp': 22.0, 'is_rpi_zero': False, 'volume': 14.0, 'time_series_of_temp': [47.052083333333336, 44.625, 42.854166666666664, 41.375, 40.09375, 38.947916666666664, 37.958333333333336, 37.072916666666664, 36.28125, 35.5625, 34.9375, 34.34375, 33.822916666666664, 33.333333333333336, 32.875, 32.5, 32.125, 31.75, 31.4375, 31.125, 30.875]}",app,DEBUG,temperature_automation,2025-09-19 23:53:13.399,22.566944444444
Long Yeast Grow,pioreactor02,2025-09-19T21:53:13.407Z,PID output = -0.7680000000000127,app,DEBUG,temperature_automation,2025-09-19 23:53:13.407,22.566944444444
Long Yeast Grow,pioreactor02,2025-09-19T21:56:33.399Z,"features={'previous_heater_dc': 48.15, 'room_temp': 22.0, 'is_rpi_zero': False, 'volume': 14.0, 'time_series_of_temp': [46.75, 44.364583333333336, 42.645833333333336, 41.177083333333336, 39.916666666666664, 38.791666666666664, 37.822916666666664, 36.9375, 36.166666666666664, 35.46875, 34.84375, 34.25, 33.75, 33.25, 32.8125, 32.4375, 32.0625, 31.71875, 31.385416666666668, 31.09375, 30.822916666666668]}",app,DEBUG,temperature_automation,2025-09-19 23:56:33.399,22.6225
Long Yeast Grow,pioreactor02,2025-09-19T21:56:33.407Z,PID output = 0.3540000000000134,app,DEBUG,temperature_automation,2025-09-19 23:56:33.407,22.6225
Long Yeast Grow,pioreactor02,2025-09-19T21:59:53.398Z,"features={'previous_heater_dc': 48.5, 'room_temp': 22.0, 'is_rpi_zero': False, 'volume': 14.0, 'time_series_of_temp': [46.895833333333336, 44.489583333333336, 42.729166666666664, 41.260416666666664, 39.989583333333336, 38.864583333333336, 37.885416666666664, 37.0, 36.229166666666664, 35.520833333333336, 34.875, 34.3125, 33.802083333333336, 33.3125, 32.875, 32.479166666666664, 32.083333333333336, 31.75, 31.4375, 31.135416666666668, 30.875]}",app,DEBUG,temperature_automation,2025-09-19 23:59:53.398,22.678055555556
Long Yeast Grow,pioreactor02,2025-09-19T21:59:53.405Z,PID output = -1.073999999999998,app,DEBUG,temperature_automation,2025-09-19 23:59:53.405,22.678055555556
Long Yeast Grow,pioreactor02,2025-09-19T22:03:13.402Z,"features={'previous_heater_dc': 47.43, 'room_temp': 22.0, 'is_rpi_zero': False, 'volume': 14.0, 'time_series_of_temp': [46.5, 44.15625, 42.416666666666664, 40.989583333333336, 39.729166666666664, 38.635416666666664, 37.677083333333336, 36.8125, 36.0625, 35.364583333333336, 34.75, 34.166666666666664, 33.625, 33.1875, 32.75, 32.333333333333336, 31.958333333333332, 31.625, 31.3125, 31.052083333333332, 30.770833333333332]}",app,DEBUG,temperature_automation,2025-09-20 00:03:13.402,22.733611111111
Long Yeast Grow,pioreactor02,2025-09-19T22:03:13.412Z,PID output = 0.09399999999999334,app,DEBUG,temperature_automation,2025-09-20 00:03:13.412,22.733611111111
Long Yeast Grow,pioreactor02,2025-09-19T22:06:33.399Z,"features={'previous_heater_dc': 47.52, 'room_temp': 22.0, 'is_rpi_zero': False, 'volume': 14.0, 'time_series_of_temp': [46.5, 44.135416666666664, 42.416666666666664, 40.979166666666664, 39.71875, 38.625, 37.645833333333336, 36.802083333333336, 36.020833333333336, 35.322916666666664, 34.697916666666664, 34.135416666666664, 33.625, 33.177083333333336, 32.75, 32.333333333333336, 31.9375, 31.625, 31.3125, 31.020833333333332, 30.770833333333332]}",app,DEBUG,temperature_automation,2025-09-20 00:06:33.399,22.789166666667
Long Yeast Grow,pioreactor02,2025-09-19T22:06:33.407Z,PID output = 0.3220000000000013,app,DEBUG,temperature_automation,2025-09-20 00:06:33.407,22.789166666667
Long Yeast Grow,pioreactor02,2025-09-19T22:09:53.399Z,"features={'previous_heater_dc': 47.84, 'room_temp': 22.0, 'is_rpi_zero': False, 'volume': 14.0, 'time_series_of_temp': [46.625, 44.270833333333336, 42.541666666666664, 41.09375, 39.822916666666664, 38.729166666666664, 37.760416666666664, 36.885416666666664, 36.125, 35.427083333333336, 34.791666666666664, 34.239583333333336, 33.708333333333336, 33.25, 32.8125, 32.416666666666664, 32.041666666666664, 31.6875, 31.375, 31.083333333333332, 30.8125]}",app,DEBUG,temperature_automation,2025-09-20 00:09:53.399,22.844722222222
Long Yeast Grow,pioreactor02,2025-09-19T22:09:53.407Z,PID output = -0.7919999999999958,app,DEBUG,temperature_automation,2025-09-20 00:09:53.407,22.844722222222
Long Yeast Grow,pioreactor02,2025-09-19T22:13:13.399Z,"features={'previous_heater_dc': 47.05, 'room_temp': 22.0, 'is_rpi_zero': False, 'volume': 14.0, 'time_series_of_temp': [46.375, 44.020833333333336, 42.302083333333336, 40.895833333333336, 39.645833333333336, 38.5625, 37.604166666666664, 36.75, 35.989583333333336, 35.291666666666664, 34.6875, 34.104166666666664, 33.583333333333336, 33.125, 32.6875, 32.3125, 31.9375, 31.614583333333332, 31.302083333333332, 31.0, 30.75]}",app,DEBUG,temperature_automation,2025-09-20 00:13:13.399,22.900277777778
Long Yeast Grow,pioreactor02,2025-09-19T22:13:13.407Z,PID output = 0.6499999999999944,app,DEBUG,temperature_automation,2025-09-20 00:13:13.407,22.900277777778
Long Yeast Grow,pioreactor02,2025-09-19T22:16:33.397Z,"features={'previous_heater_dc': 47.7, 'room_temp': 22.0, 'is_rpi_zero': False, 'volume': 14.0, 'time_series_of_temp': [46.541666666666664, 44.177083333333336, 42.458333333333336, 41.0, 39.75, 38.666666666666664, 37.6875, 36.8125, 36.0625, 35.354166666666664, 34.729166666666664, 34.177083333333336, 33.635416666666664, 33.1875, 32.75, 32.354166666666664, 31.958333333333332, 31.625, 31.3125, 31.052083333333332, 30.760416666666668]}",app,DEBUG,temperature_automation,2025-09-20 00:16:33.397,22.955833333333
Long Yeast Grow,pioreactor02,2025-09-19T22:16:33.405Z,PID output = -0.1640000000000093,app,DEBUG,temperature_automation,2025-09-20 00:16:33.405,22.955833333333
Long Yeast Grow,pioreactor02,2025-09-19T22:19:53.398Z,"features={'previous_heater_dc': 47.54, 'room_temp': 22.0, 'is_rpi_zero': False, 'volume': 14.0, 'time_series_of_temp': [46.5, 44.145833333333336, 42.40625, 40.979166666666664, 39.71875, 38.625, 37.677083333333336, 36.802083333333336, 36.03125, 35.322916666666664, 34.708333333333336, 34.135416666666664, 33.625, 33.1875, 32.739583333333336, 32.333333333333336, 31.96875, 31.625, 31.3125, 31.0625, 30.75]}",app,DEBUG,temperature_automation,2025-09-20 00:19:53.398,23.011388888889
Long Yeast Grow,pioreactor02,2025-09-19T22:19:53.406Z,PID output = -0.17000000000000098,app,DEBUG,temperature_automation,2025-09-20 00:19:53.406,23.011388888889
Long Yeast Grow,pioreactor02,2025-09-19T22:23:13.398Z,"features={'previous_heater_dc': 47.37, 'room_temp': 22.0, 'is_rpi_zero': False, 'volume': 14.0, 'time_series_of_temp': [46.4375, 44.09375, 42.375, 40.927083333333336, 39.677083333333336, 38.59375, 37.625, 36.770833333333336, 36.010416666666664, 35.3125, 34.697916666666664, 34.125, 33.625, 33.15625, 32.729166666666664, 32.3125, 31.947916666666668, 31.625, 31.3125, 31.020833333333332, 30.75]}",app,DEBUG,temperature_automation,2025-09-20 00:23:13.398,23.066944444444
Long Yeast Grow,pioreactor02,2025-09-19T22:23:13.405Z,PID output = -0.3659999999999968,app,DEBUG,temperature_automation,2025-09-20 00:23:13.405,23.066944444444
Long Yeast Grow,pioreactor02,2025-09-19T22:26:33.398Z,"features={'previous_heater_dc': 47.0, 'room_temp': 22.0, 'is_rpi_zero': False, 'volume': 14.0, 'time_series_of_temp': [46.3125, 43.96875, 42.270833333333336, 40.84375, 39.59375, 38.510416666666664, 37.5625, 36.729166666666664, 35.958333333333336, 35.25, 34.645833333333336, 34.083333333333336, 33.5625, 33.125, 32.6875, 32.3125, 31.9375, 31.614583333333332, 31.302083333333332, 31.0, 30.75]}",app,DEBUG,temperature_automation,2025-09-20 00:26:33.398,23.1225
Long Yeast Grow,pioreactor02,2025-09-19T22:26:33.407Z,PID output = 0.17800000000000438,app,DEBUG,temperature_automation,2025-09-20 00:26:33.407,23.1225
Long Yeast Grow,pioreactor02,2025-09-19T22:29:53.399Z,"features={'previous_heater_dc': 47.18, 'room_temp': 22.0, 'is_rpi_zero': False, 'volume': 14.0, 'time_series_of_temp': [46.375, 44.041666666666664, 42.322916666666664, 40.895833333333336, 39.625, 38.552083333333336, 37.59375, 36.75, 35.96875, 35.28125, 34.666666666666664, 34.104166666666664, 33.572916666666664, 33.125, 32.6875, 32.3125, 31.9375, 31.625, 31.302083333333332, 31.0, 30.75]}",app,DEBUG,temperature_automation,2025-09-20 00:29:53.399,23.178055555556
Long Yeast Grow,pioreactor02,2025-09-19T22:29:53.407Z,PID output = 0.5239999999999888,app,DEBUG,temperature_automation,2025-09-20 00:29:53.407,23.178055555556
Long Yeast Grow,pioreactor02,2025-09-19T22:33:13.398Z,"features={'previous_heater_dc': 47.7, 'room_temp': 22.0, 'is_rpi_zero': False, 'volume': 14.0, 'time_series_of_temp': [46.5625, 44.21875, 42.5, 41.052083333333336, 39.791666666666664, 38.697916666666664, 37.729166666666664, 36.875, 36.09375, 35.395833333333336, 34.760416666666664, 34.208333333333336, 33.6875, 33.239583333333336, 32.802083333333336, 32.40625, 32.020833333333336, 31.6875, 31.375, 31.125, 30.8125]}",app,DEBUG,temperature_automation,2025-09-20 00:33:13.398,23.233611111111
Long Yeast Grow,pioreactor02,2025-09-19T22:33:13.407Z,PID output = 0.08400000000001101,app,DEBUG,temperature_automation,2025-09-20 00:33:13.407,23.233611111111
Long Yeast Grow,pioreactor02,2025-09-19T22:36:33.399Z,"features={'previous_heater_dc': 47.78, 'room_temp': 22.0, 'is_rpi_zero': False, 'volume': 14.0, 'time_series_of_temp': [46.625, 44.25, 42.520833333333336, 41.083333333333336, 39.8125, 38.71875, 37.760416666666664, 36.885416666666664, 36.125, 35.416666666666664, 34.8125, 34.229166666666664, 33.708333333333336, 33.25, 32.8125, 32.427083333333336, 32.0625, 31.708333333333332, 31.385416666666668, 31.125, 30.875]}",app,DEBUG,temperature_automation,2025-09-20 00:36:33.399,23.289166666667
Long Yeast Grow,pioreactor02,2025-09-19T22:36:33.407Z,PID output = -0.37400000000000017,app,DEBUG,temperature_automation,2025-09-20 00:36:33.407,23.289166666667
Long Yeast Grow,pioreactor02,2025-09-19T22:39:53.399Z,"features={'previous_heater_dc': 47.41, 'room_temp': 22.0, 'is_rpi_zero': False, 'volume': 14.0, 'time_series_of_temp': [46.552083333333336, 44.1875, 42.46875, 41.041666666666664, 39.802083333333336, 38.697916666666664, 37.739583333333336, 36.875, 36.125, 35.427083333333336, 34.8125, 34.239583333333336, 33.739583333333336, 33.25, 32.8125, 32.4375, 32.0625, 31.75, 31.4375, 31.125, 30.875]}",app,DEBUG,temperature_automation,2025-09-20 00:39:53.399,23.344722222222
Long Yeast Grow,pioreactor02,2025-09-19T22:39:53.407Z,PID output = -0.7720000000000091,app,DEBUG,temperature_automation,2025-09-20 00:39:53.407,23.344722222222
Long Yeast Grow,pioreactor02,2025-09-19T22:43:13.400Z,"features={'previous_heater_dc': 46.64, 'room_temp': 22.0, 'is_rpi_zero': False, 'volume': 14.0, 'time_series_of_temp': [46.25, 43.916666666666664, 42.239583333333336, 40.822916666666664, 39.59375, 38.53125, 37.5625, 36.739583333333336, 35.979166666666664, 35.3125, 34.6875, 34.125, 33.625, 33.166666666666664, 32.75, 32.354166666666664, 32.0, 31.65625, 31.364583333333332, 31.0625, 30.8125]}",app,DEBUG,temperature_automation,2025-09-20 00:43:13.400,23.400277777778
Long Yeast Grow,pioreactor02,2025-09-19T22:43:13.408Z,PID output = -0.5999999999999964,app,DEBUG,temperature_automation,2025-09-20 00:43:13.408,23.400277777778
Long Yeast Grow,pioreactor02,2025-09-19T22:46:33.398Z,"features={'previous_heater_dc': 46.04, 'room_temp': 22.0, 'is_rpi_zero': False, 'volume': 14.0, 'time_series_of_temp': [46.020833333333336, 43.739583333333336, 42.083333333333336, 40.677083333333336, 39.479166666666664, 38.40625, 37.46875, 36.635416666666664, 35.875, 35.1875, 34.604166666666664, 34.0625, 33.5625, 33.104166666666664, 32.6875, 32.3125, 31.9375, 31.614583333333332, 31.3125, 31.03125, 30.760416666666668]}",app,DEBUG,temperature_automation,2025-09-20 00:46:33.398,23.455833333333
Long Yeast Grow,pioreactor02,2025-09-19T22:46:33.405Z,PID output = 0.4480000000000067,app,DEBUG,temperature_automation,2025-09-20 00:46:33.405,23.455833333333
Long Yeast Grow,pioreactor02,2025-09-19T22:49:53.400Z,"features={'previous_heater_dc': 46.49, 'room_temp': 22.0, 'is_rpi_zero': False, 'volume': 14.0, 'time_series_of_temp': [46.15625, 43.84375, 42.145833333333336, 40.729166666666664, 39.5, 38.40625, 37.458333333333336, 36.614583333333336, 35.864583333333336, 35.1875, 34.572916666666664, 34.041666666666664, 33.520833333333336, 33.0625, 32.635416666666664, 32.25, 31.916666666666668, 31.5625, 31.260416666666668, 31.0, 30.75]}",app,DEBUG,temperature_automation,2025-09-20 00:49:53.400,23.511388888889
Long Yeast Grow,pioreactor02,2025-09-19T22:49:53.408Z,PID output = 0.6879999999999981,app,DEBUG,temperature_automation,2025-09-20 00:49:53.408,23.511388888889
Long Yeast Grow,pioreactor02,2025-09-19T22:53:13.398Z,"features={'previous_heater_dc': 47.18, 'room_temp': 22.0, 'is_rpi_zero': False, 'volume': 14.0, 'time_series_of_temp': [46.416666666666664, 44.0625, 42.354166666666664, 40.916666666666664, 39.677083333333336, 38.614583333333336, 37.625, 36.791666666666664, 36.010416666666664, 35.322916666666664, 34.697916666666664, 34.145833333333336, 33.625, 33.1875, 32.75, 32.375, 32.0, 31.6875, 31.375, 31.072916666666668, 30.8125]}",app,DEBUG,temperature_automation,2025-09-20 00:53:13.398,23.566944444444
Long Yeast Grow,pioreactor02,2025-09-19T22:53:13.406Z,PID output = -0.3220000000000013,app,DEBUG,temperature_automation,2025-09-20 00:53:13.406,23.566944444444
Long Yeast Grow,pioreactor02,2025-09-19T22:56:33.401Z,"features={'previous_heater_dc': 46.86, 'room_temp': 22.0, 'is_rpi_zero': False, 'volume': 14.0, 'time_series_of_temp': [46.3125, 44.0, 42.291666666666664, 40.885416666666664, 39.645833333333336, 38.572916666666664, 37.614583333333336, 36.78125, 36.010416666666664, 35.322916666666664, 34.71875, 34.15625, 33.677083333333336, 33.197916666666664, 32.770833333333336, 32.385416666666664, 32.020833333333336, 31.6875, 31.385416666666668, 31.125, 30.875]}",app,DEBUG,temperature_automation,2025-09-20 00:56:33.401,23.6225
Long Yeast Grow,pioreactor02,2025-09-19T22:56:33.409Z,PID output = 0.1439999999999969,app,DEBUG,temperature_automation,2025-09-20 00:56:33.409,23.6225
Long Yeast Grow,pioreactor02,2025-09-19T22:59:53.397Z,"features={'previous_heater_dc': 47.0, 'room_temp': 22.0, 'is_rpi_zero': False, 'volume': 14.0, 'time_series_of_temp': [46.4375, 44.104166666666664, 42.395833333333336, 40.979166666666664, 39.729166666666664, 38.65625, 37.6875, 36.84375, 36.072916666666664, 35.395833333333336, 34.770833333333336, 34.208333333333336, 33.6875, 33.25, 32.8125, 32.4375, 32.0625, 31.75, 31.4375, 31.145833333333332, 30.875]}",app,DEBUG,temperature_automation,2025-09-20 00:59:53.397,23.678055555556
Long Yeast Grow,pioreactor02,2025-09-19T22:59:53.405Z,PID output = -0.4520000000000032,app,DEBUG,temperature_automation,2025-09-20 00:59:53.405,23.678055555556
Long Yeast Grow,pioreactor02,2025-09-19T23:03:13.401Z,"features={'previous_heater_dc': 46.55, 'room_temp': 22.0, 'is_rpi_zero': False, 'volume': 14.0, 'time_series_of_temp': [46.260416666666664, 43.989583333333336, 42.28125, 40.864583333333336, 39.635416666666664, 38.572916666666664, 37.614583333333336, 36.78125, 36.03125, 35.34375, 34.739583333333336, 34.177083333333336, 33.677083333333336, 33.197916666666664, 32.791666666666664, 32.385416666666664, 32.041666666666664, 31.6875, 31.395833333333332, 31.125, 30.84375]}",app,DEBUG,temperature_automation,2025-09-20 01:03:13.401,23.733611111111
Long Yeast Grow,pioreactor02,2025-09-19T23:03:13.410Z,PID output = -0.6340000000000039,app,DEBUG,temperature_automation,2025-09-20 01:03:13.410,23.733611111111
Long Yeast Grow,pioreactor02,2025-09-19T23:06:33.399Z,"features={'previous_heater_dc': 45.92, 'room_temp': 22.0, 'is_rpi_zero': False, 'volume': 14.0, 'time_series_of_temp': [45.979166666666664, 43.697916666666664, 42.041666666666664, 40.645833333333336, 39.427083333333336, 38.364583333333336, 37.4375, 36.614583333333336, 35.875, 35.1875, 34.59375, 34.052083333333336, 33.552083333333336, 33.104166666666664, 32.6875, 32.3125, 31.9375, 31.625, 31.3125, 31.041666666666668, 30.791666666666668]}",app,DEBUG,temperature_automation,2025-09-20 01:06:33.399,23.789166666667
Long Yeast Grow,pioreactor02,2025-09-19T23:06:33.407Z,PID output = -0.38399999999998824,app,DEBUG,temperature_automation,2025-09-20 01:06:33.407,23.789166666667
Long Yeast Grow,pioreactor02,2025-09-19T23:09:53.399Z,"features={'previous_heater_dc': 45.54, 'room_temp': 22.0, 'is_rpi_zero': False, 'volume': 14.0, 'time_series_of_temp': [45.8125, 43.583333333333336, 41.90625, 40.53125, 39.333333333333336, 38.28125, 37.354166666666664, 36.53125, 35.78125, 35.125, 34.510416666666664, 33.958333333333336, 33.489583333333336, 33.010416666666664, 32.625, 32.239583333333336, 31.875, 31.5625, 31.25, 31.0, 30.739583333333332]}",app,DEBUG,temperature_automation,2025-09-20 01:09:53.399,23.844722222222
Long Yeast Grow,pioreactor02,2025-09-19T23:09:53.407Z,PID output = 1.3180000000000056,app,DEBUG,temperature_automation,2025-09-20 01:09:53.407,23.844722222222
Long Yeast Grow,pioreactor02,2025-09-19T23:13:13.398Z,"features={'previous_heater_dc': 46.86, 'room_temp': 22.0, 'is_rpi_zero': False, 'volume': 14.0, 'time_series_of_temp': [46.3125, 43.979166666666664, 42.270833333333336, 40.84375, 39.614583333333336, 38.552083333333336, 37.59375, 36.739583333333336, 35.989583333333336, 35.302083333333336, 34.6875, 34.125, 33.625, 33.15625, 32.75, 32.333333333333336, 31.979166666666668, 31.645833333333332, 31.354166666666668, 31.0625, 30.8125]}",app,DEBUG,temperature_automation,2025-09-20 01:13:13.398,23.900277777778
Long Yeast Grow,pioreactor02,2025-09-19T23:13:13.406Z,PID output = -1.1080000000000054,app,DEBUG,temperature_automation,2025-09-20 01:13:13.406,23.900277777778
Long Yeast Grow,pioreactor02,2025-09-19T23:16:33.397Z,"features={'previous_heater_dc': 45.75, 'room_temp': 22.0, 'is_rpi_zero': False, 'volume': 14.0, 'time_series_of_temp': [45.875, 43.604166666666664, 41.947916666666664, 40.541666666666664, 39.34375, 38.270833333333336, 37.354166666666664, 36.520833333333336, 35.770833333333336, 35.125, 34.510416666666664, 33.958333333333336, 33.447916666666664, 33.0, 32.604166666666664, 32.208333333333336, 31.875, 31.53125, 31.239583333333332, 30.9375, 30.6875]}",app,DEBUG,temperature_automation,2025-09-20 01:16:33.397,23.955833333333
Long Yeast Grow,pioreactor02,2025-09-19T23:16:33.406Z,PID output = 0.12600000000000547,app,DEBUG,temperature_automation,2025-09-20 01:16:33.406,23.955833333333
Long Yeast Grow,pioreactor02,2025-09-19T23:19:53.399Z,"features={'previous_heater_dc': 45.88, 'room_temp': 22.0, 'is_rpi_zero': False, 'volume': 14.0, 'time_series_of_temp': [45.875, 43.59375, 41.916666666666664, 40.552083333333336, 39.333333333333336, 38.270833333333336, 37.354166666666664, 36.520833333333336, 35.770833333333336, 35.114583333333336, 34.510416666666664, 33.947916666666664, 33.458333333333336, 33.010416666666664, 32.625, 32.239583333333336, 31.875, 31.552083333333332, 31.25, 31.0, 30.708333333333332]}",app,DEBUG,temperature_automation,2025-09-20 01:19:53.399,24.011388888889
Long Yeast Grow,pioreactor02,2025-09-19T23:19:53.407Z,PID output = -0.03200000000001211,app,DEBUG,temperature_automation,2025-09-20 01:19:53.407,24.011388888889
Long Yeast Grow,pioreactor02,2025-09-19T23:23:13.399Z,"features={'previous_heater_dc': 45.85, 'room_temp': 22.0, 'is_rpi_zero': False, 'volume': 14.0, 'time_series_of_temp': [45.885416666666664, 43.625, 41.96875, 40.5625, 39.354166666666664, 38.302083333333336, 37.375, 36.541666666666664, 35.791666666666664, 35.125, 34.53125, 33.979166666666664, 33.46875, 33.03125, 32.625, 32.229166666666664, 31.875, 31.5625, 31.25, 30.979166666666668, 30.729166666666668]}",app,DEBUG,temperature_automation,2025-09-20 01:23:13.399,24.066944444444
Long Yeast Grow,pioreactor02,2025-09-19T23:23:13.406Z,PID output = 0.7139999999999929,app,DEBUG,temperature_automation,2025-09-20 01:23:13.406,24.066944444444
Long Yeast Grow,pioreactor02,2025-09-19T23:26:33.399Z,"features={'previous_heater_dc': 46.56, 'room_temp': 22.0, 'is_rpi_zero': False, 'volume': 14.0, 'time_series_of_temp': [46.1875, 43.864583333333336, 42.177083333333336, 40.770833333333336, 39.53125, 38.479166666666664, 37.541666666666664, 36.6875, 35.9375, 35.260416666666664, 34.666666666666664, 34.125, 33.625, 33.15625, 32.739583333333336, 32.354166666666664, 32.0, 31.645833333333332, 31.354166666666668, 31.0625, 30.8125]}",app,DEBUG,temperature_automation,2025-09-20 01:26:33.399,24.1225
Long Yeast Grow,pioreactor02,2025-09-19T23:26:33.408Z,PID output = -2.5279999999999974,app,DEBUG,temperature_automation,2025-09-20 01:26:33.408,24.1225
Long Yeast Grow,pioreactor02,2025-09-19T23:29:53.399Z,"features={'previous_heater_dc': 44.03, 'room_temp': 22.0, 'is_rpi_zero': False, 'volume': 14.0, 'time_series_of_temp': [45.25, 43.041666666666664, 41.458333333333336, 40.114583333333336, 38.947916666666664, 37.916666666666664, 37.03125, 36.229166666666664, 35.5, 34.864583333333336, 34.291666666666664, 33.760416666666664, 33.270833333333336, 32.8125, 32.4375, 32.0625, 31.729166666666668, 31.4375, 31.125, 30.875, 30.614583333333332]}",app,DEBUG,temperature_automation,2025-09-20 01:29:53.399,24.178055555556
Long Yeast Grow,pioreactor02,2025-09-19T23:29:53.407Z,PID output = 2.3159999999999963,app,DEBUG,temperature_automation,2025-09-20 01:29:53.407,24.178055555556
Long Yeast Grow,pioreactor02,2025-09-19T23:33:13.398Z,"features={'previous_heater_dc': 46.35, 'room_temp': 22.0, 'is_rpi_zero': False, 'volume': 14.0, 'time_series_of_temp': [46.052083333333336, 43.75, 42.0625, 40.677083333333336, 39.458333333333336, 38.385416666666664, 37.4375, 36.604166666666664, 35.875, 35.21875, 34.625, 34.0625, 33.5625, 33.104166666666664, 32.6875, 32.3125, 31.947916666666668, 31.625, 31.3125, 31.0625, 30.8125]}",app,DEBUG,temperature_automation,2025-09-20 01:33:13.398,24.233611111111
Long Yeast Grow,pioreactor02,2025-09-19T23:33:13.408Z,PID output = -1.6059999999999994,app,DEBUG,temperature_automation,2025-09-20 01:33:13.408,24.233611111111
Long Yeast Grow,pioreactor02,2025-09-19T23:36:33.401Z,"features={'previous_heater_dc': 44.74, 'room_temp': 22.0, 'is_rpi_zero': False, 'volume': 14.0, 'time_series_of_temp': [45.5, 43.291666666666664, 41.65625, 40.322916666666664, 39.135416666666664, 38.104166666666664, 37.1875, 36.375, 35.666666666666664, 35.0, 34.40625, 33.875, 33.385416666666664, 32.9375, 32.552083333333336, 32.177083333333336, 31.833333333333332, 31.5, 31.197916666666668, 30.9375, 30.6875]}",app,DEBUG,temperature_automation,2025-09-20 01:36:33.401,24.289166666667
Long Yeast Grow,pioreactor02,2025-09-19T23:36:33.409Z,PID output = 0.7160000000000137,app,DEBUG,temperature_automation,2025-09-20 01:36:33.409,24.289166666667
Long Yeast Grow,pioreactor02,2025-09-19T23:39:53.399Z,"features={'previous_heater_dc': 45.46, 'room_temp': 22.0, 'is_rpi_zero': False, 'volume': 14.0, 'time_series_of_temp': [45.75, 43.520833333333336, 41.864583333333336, 40.489583333333336, 39.291666666666664, 38.229166666666664, 37.3125, 36.5, 35.75, 35.09375, 34.5, 33.9375, 33.447916666666664, 33.0, 32.59375, 32.21875, 31.875, 31.552083333333332, 31.25, 30.979166666666668, 30.729166666666668]}",app,DEBUG,temperature_automation,2025-09-20 01:39:53.399,24.344722222222
Long Yeast Grow,pioreactor02,2025-09-19T23:39:53.407Z,PID output = 0.9619999999999969,app,DEBUG,temperature_automation,2025-09-20 01:39:53.407,24.344722222222
Long Yeast Grow,pioreactor02,2025-09-19T23:43:13.399Z,"features={'previous_heater_dc': 46.42, 'room_temp': 22.0, 'is_rpi_zero': False, 'volume': 14.0, 'time_series_of_temp': [46.125, 43.84375, 42.15625, 40.739583333333336, 39.541666666666664, 38.479166666666664, 37.520833333333336, 36.677083333333336, 35.927083333333336, 35.239583333333336, 34.625, 34.09375, 33.583333333333336, 33.145833333333336, 32.729166666666664, 32.322916666666664, 31.979166666666668, 31.635416666666668, 31.375, 31.0625, 30.8125]}",app,DEBUG,temperature_automation,2025-09-20 01:43:13.399,24.400277777778
Long Yeast Grow,pioreactor02,2025-09-19T23:43:13.407Z,PID output = 0.07600000000000767,app,DEBUG,temperature_automation,2025-09-20 01:43:13.407,24.400277777778
Long Yeast Grow,pioreactor02,2025-09-19T23:46:33.399Z,"features={'previous_heater_dc': 46.5, 'room_temp': 22.0, 'is_rpi_zero': False, 'volume': 14.0, 'time_series_of_temp': [46.25, 43.90625, 42.229166666666664, 40.822916666666664, 39.583333333333336, 38.53125, 37.572916666666664, 36.75, 36.0, 35.3125, 34.697916666666664, 34.145833333333336, 33.635416666666664, 33.1875, 32.75, 32.375, 32.010416666666664, 31.6875, 31.385416666666668, 31.125, 30.864583333333332]}",app,DEBUG,temperature_automation,2025-09-20 01:46:33.399,24.455833333333
Long Yeast Grow,pioreactor02,2025-09-19T23:46:33.407Z,PID output = -1.2520000000000024,app,DEBUG,temperature_automation,2025-09-20 01:46:33.407,24.455833333333
Long Yeast Grow,pioreactor02,2025-09-19T23:49:53.400Z,"features={'previous_heater_dc': 45.25, 'room_temp': 22.0, 'is_rpi_zero': False, 'volume': 14.0, 'time_series_of_temp': [45.75, 43.53125, 41.875, 40.489583333333336, 39.322916666666664, 38.260416666666664, 37.34375, 36.53125, 35.770833333333336, 35.125, 34.520833333333336, 34.0, 33.5, 33.0625, 32.625, 32.260416666666664, 31.927083333333332, 31.583333333333332, 31.3125, 31.010416666666668, 30.760416666666668]}",app,DEBUG,temperature_automation,2025-09-20 01:49:53.400,24.511388888889
Long Yeast Grow,pioreactor02,2025-09-19T23:49:53.408Z,PID output = 0.07400000000000659,app,DEBUG,temperature_automation,2025-09-20 01:49:53.408,24.511388888889
Long Yeast Grow,pioreactor02,2025-09-19T23:53:13.398Z,"features={'previous_heater_dc': 45.32, 'room_temp': 22.0, 'is_rpi_zero': False, 'volume': 14.0, 'time_series_of_temp': [45.760416666666664, 43.541666666666664, 41.885416666666664, 40.489583333333336, 39.3125, 38.28125, 37.34375, 36.520833333333336, 35.802083333333336, 35.125, 34.541666666666664, 34.0, 33.5, 33.0625, 32.635416666666664, 32.25, 31.916666666666668, 31.59375, 31.3125, 31.041666666666668, 30.75]}",app,DEBUG,temperature_automation,2025-09-20 01:53:13.398,24.566944444444
Long Yeast Grow,pioreactor02,2025-09-19T23:53:13.406Z,PID output = -0.08400000000001101,app,DEBUG,temperature_automation,2025-09-20 01:53:13.406,24.566944444444
Long Yeast Grow,pioreactor02,2025-09-19T23:56:33.399Z,"features={'previous_heater_dc': 45.24, 'room_temp': 22.0, 'is_rpi_zero': False, 'volume': 14.0, 'time_series_of_temp': [45.739583333333336, 43.489583333333336, 41.84375, 40.479166666666664, 39.291666666666664, 38.25, 37.333333333333336, 36.510416666666664, 35.770833333333336, 35.125, 34.541666666666664, 34.0, 33.5, 33.0625, 32.645833333333336, 32.260416666666664, 31.9375, 31.604166666666668, 31.3125, 31.020833333333332, 30.791666666666668]}",app,DEBUG,temperature_automation,2025-09-20 01:56:33.399,24.6225
Long Yeast Grow,pioreactor02,2025-09-19T23:56:33.406Z,PID output = -0.8499999999999864,app,DEBUG,temperature_automation,2025-09-20 01:56:33.406,24.6225
Long Yeast Grow,pioreactor02,2025-09-19T23:59:53.399Z,"features={'previous_heater_dc': 44.39, 'room_temp': 22.0, 'is_rpi_zero': False, 'volume': 14.0, 'time_series_of_temp': [45.447916666666664, 43.25, 41.635416666666664, 40.270833333333336, 39.114583333333336, 38.104166666666664, 37.1875, 36.385416666666664, 35.6875, 35.020833333333336, 34.4375, 33.895833333333336, 33.4375, 33.0, 32.614583333333336, 32.229166666666664, 31.875, 31.5625, 31.25, 31.0, 30.75]}",app,DEBUG,temperature_automation,2025-09-20 01:59:53.399,24.678055555556
Long Yeast Grow,pioreactor02,2025-09-19T23:59:53.407Z,PID output = -1.2540000000000036,app,DEBUG,temperature_automation,2025-09-20 01:59:53.407,24.678055555556
Long Yeast Grow,pioreactor02,2025-09-20T00:03:13.400Z,"features={'previous_heater_dc': 43.14, 'room_temp': 22.0, 'is_rpi_zero': False, 'volume': 14.0, 'time_series_of_temp': [44.9375, 42.822916666666664, 41.239583333333336, 39.9375, 38.802083333333336, 37.802083333333336, 36.90625, 36.125, 35.4375, 34.8125, 34.25, 33.71875, 33.25, 32.8125, 32.4375, 32.0625, 31.739583333333332, 31.4375, 31.166666666666668, 30.875, 30.645833333333332]}",app,DEBUG,temperature_automation,2025-09-20 02:03:13.400,24.733611111111
Long Yeast Grow,pioreactor02,2025-09-20T00:03:13.407Z,PID output = 1.5299999999999918,app,DEBUG,temperature_automation,2025-09-20 02:03:13.407,24.733611111111
Long Yeast Grow,pioreactor02,2025-09-20T00:06:33.399Z,"features={'previous_heater_dc': 44.67, 'room_temp': 22.0, 'is_rpi_zero': False, 'volume': 14.0, 'time_series_of_temp': [45.552083333333336, 43.322916666666664, 41.708333333333336, 40.34375, 39.1875, 38.145833333333336, 37.239583333333336, 36.416666666666664, 35.6875, 35.0625, 34.46875, 33.9375, 33.4375, 33.0, 32.614583333333336, 32.25, 31.895833333333332, 31.5625, 31.28125, 31.020833333333332, 30.75]}",app,DEBUG,temperature_automation,2025-09-20 02:06:33.399,24.789166666667
Long Yeast Grow,pioreactor02,2025-09-20T00:06:33.407Z,PID output = -1.1920000000000002,app,DEBUG,temperature_automation,2025-09-20 02:06:33.407,24.789166666667
Long Yeast Grow,pioreactor02,2025-09-20T00:09:53.399Z,"features={'previous_heater_dc': 43.48, 'room_temp': 22.0, 'is_rpi_zero': False, 'volume': 14.0, 'time_series_of_temp': [45.104166666666664, 42.9375, 41.364583333333336, 40.052083333333336, 38.895833333333336, 37.895833333333336, 37.0, 36.197916666666664, 35.5, 34.875, 34.3125, 33.802083333333336, 33.322916666666664, 32.895833333333336, 32.5, 32.114583333333336, 31.8125, 31.489583333333332, 31.1875, 30.9375, 30.697916666666668]}",app,DEBUG,temperature_automation,2025-09-20 02:09:53.399,24.844722222222
Long Yeast Grow,pioreactor02,2025-09-20T00:09:53.407Z,PID output = -0.2919999999999902,app,DEBUG,temperature_automation,2025-09-20 02:09:53.407,24.844722222222
Long Yeast Grow,pioreactor02,2025-09-20T00:13:13.400Z,"features={'previous_heater_dc': 43.19, 'room_temp': 22.0, 'is_rpi_zero': False, 'volume': 14.0, 'time_series_of_temp': [45.0, 42.84375, 41.291666666666664, 39.96875, 38.84375, 37.854166666666664, 36.958333333333336, 36.1875, 35.479166666666664, 34.875, 34.302083333333336, 33.760416666666664, 33.3125, 32.875, 32.5, 32.125, 31.8125, 31.5, 31.197916666666668, 30.9375, 30.6875]}",app,DEBUG,temperature_automation,2025-09-20 02:13:13.400,24.900277777778
Long Yeast Grow,pioreactor02,2025-09-20T00:13:13.408Z,PID output = -0.9859999999999964,app,DEBUG,temperature_automation,2025-09-20 02:13:13.408,24.900277777778
Long Yeast Grow,pioreactor02,2025-09-20T00:16:33.399Z,"features={'previous_heater_dc': 42.2, 'room_temp': 22.0, 'is_rpi_zero': False, 'volume': 14.0, 'time_series_of_temp': [44.625, 42.53125, 40.96875, 39.697916666666664, 38.583333333333336, 37.614583333333336, 36.75, 35.989583333333336, 35.291666666666664, 34.6875, 34.125, 33.625, 33.177083333333336, 32.739583333333336, 32.364583333333336, 32.0, 31.6875, 31.375, 31.114583333333332, 30.875, 30.625]}",app,DEBUG,temperature_automation,2025-09-20 02:16:33.399,24.955833333333
Long Yeast Grow,pioreactor02,2025-09-20T00:16:33.408Z,PID output = 0.436000000000007,app,DEBUG,temperature_automation,2025-09-20 02:16:33.408,24.955833333333
Long Yeast Grow,pioreactor02,2025-09-20T00:19:53.398Z,"features={'previous_heater_dc': 42.64, 'room_temp': 22.0, 'is_rpi_zero': False, 'volume': 14.0, 'time_series_of_temp': [44.75, 42.645833333333336, 41.09375, 39.78125, 38.666666666666664, 37.6875, 36.822916666666664, 36.0625, 35.34375, 34.739583333333336, 34.1875, 33.677083333333336, 33.197916666666664, 32.8125, 32.40625, 32.0625, 31.729166666666668, 31.4375, 31.15625, 30.875, 30.625]}",app,DEBUG,temperature_automation,2025-09-20 02:19:53.398,25.011388888889
Long Yeast Grow,pioreactor02,2025-09-20T00:19:53.406Z,PID output = -1.2159999999999997,app,DEBUG,temperature_automation,2025-09-20 02:19:53.406,25.011388888889
Long Yeast Grow,pioreactor02,2025-09-20T00:23:13.399Z,"features={'previous_heater_dc': 41.42, 'room_temp': 22.0, 'is_rpi_zero': False, 'volume': 14.0, 'time_series_of_temp': [44.3125, 42.260416666666664, 40.75, 39.5, 38.385416666666664, 37.4375, 36.572916666666664, 35.822916666666664, 35.125, 34.53125, 33.989583333333336, 33.5, 33.020833333333336, 32.625, 32.239583333333336, 31.875, 31.5625, 31.25, 31.0, 30.739583333333332, 30.5]}",app,DEBUG,temperature_automation,2025-09-20 02:23:13.399,25.066944444444
Long Yeast Grow,pioreactor02,2025-09-20T00:23:13.407Z,PID output = 1.7320000000000049,app,DEBUG,temperature_automation,2025-09-20 02:23:13.407,25.066944444444
Long Yeast Grow,pioreactor02,2025-09-20T00:26:33.398Z,"features={'previous_heater_dc': 43.15, 'room_temp': 22.0, 'is_rpi_zero': False, 'volume': 14.0, 'time_series_of_temp': [44.875, 42.760416666666664, 41.1875, 39.875, 38.739583333333336, 37.760416666666664, 36.875, 36.104166666666664, 35.385416666666664, 34.78125, 34.1875, 33.6875, 33.239583333333336, 32.8125, 32.416666666666664, 32.0625, 31.75, 31.4375, 31.135416666666668, 30.875, 30.625]}",app,DEBUG,temperature_automation,2025-09-20 02:26:33.398,25.1225
Long Yeast Grow,pioreactor02,2025-09-20T00:26:33.406Z,PID output = -1.0359999999999943,app,DEBUG,temperature_automation,2025-09-20 02:26:33.406,25.1225
Long Yeast Grow,pioreactor02,2025-09-20T00:29:53.399Z,"features={'previous_heater_dc': 42.11, 'room_temp': 22.0, 'is_rpi_zero': False, 'volume': 14.0, 'time_series_of_temp': [44.572916666666664, 42.479166666666664, 40.958333333333336, 39.677083333333336, 38.552083333333336, 37.583333333333336, 36.729166666666664, 35.958333333333336, 35.260416666666664, 34.65625, 34.125, 33.614583333333336, 33.135416666666664, 32.739583333333336, 32.375, 32.0, 31.6875, 31.375, 31.09375, 30.84375, 30.614583333333332]}",app,DEBUG,temperature_automation,2025-09-20 02:29:53.399,25.178055555556
Long Yeast Grow,pioreactor02,2025-09-20T00:29:53.407Z,PID output = -0.20799999999999558,app,DEBUG,temperature_automation,2025-09-20 02:29:53.407,25.178055555556
Long Yeast Grow,pioreactor02,2025-09-20T00:33:13.399Z,"features={'previous_heater_dc': 41.9, 'room_temp': 22.0, 'is_rpi_zero': False, 'volume': 14.0, 'time_series_of_temp': [44.479166666666664, 42.395833333333336, 40.875, 39.59375, 38.489583333333336, 37.53125, 36.666666666666664, 35.916666666666664, 35.21875, 34.625, 34.0625, 33.5625, 33.114583333333336, 32.6875, 32.3125, 31.9375, 31.625, 31.3125, 31.0625, 30.8125, 30.5625]}",app,DEBUG,temperature_automation,2025-09-20 02:33:13.399,25.233611111111
Long Yeast Grow,pioreactor02,2025-09-20T00:33:13.407Z,PID output = 0.07999999999999827,app,DEBUG,temperature_automation,2025-09-20 02:33:13.407,25.233611111111
Long Yeast Grow,pioreactor02,2025-09-20T00:36:33.399Z,"features={'previous_heater_dc': 41.98, 'room_temp': 22.0, 'is_rpi_zero': False, 'volume': 14.0, 'time_series_of_temp': [44.4375, 42.34375, 40.84375, 39.5625, 38.46875, 37.489583333333336, 36.625, 35.864583333333336, 35.1875, 34.5625, 34.010416666666664, 33.520833333333336, 33.0625, 32.6875, 32.302083333333336, 31.9375, 31.625, 31.3125, 31.0625, 30.8125, 30.5625]}",app,DEBUG,temperature_automation,2025-09-20 02:36:33.399,25.289166666667
Long Yeast Grow,pioreactor02,2025-09-20T00:36:33.408Z,PID output = 1.119999999999989,app,DEBUG,temperature_automation,2025-09-20 02:36:33.408,25.289166666667
Long Yeast Grow,pioreactor02,2025-09-20T00:39:53.398Z,"features={'previous_heater_dc': 43.1, 'room_temp': 22.0, 'is_rpi_zero': False, 'volume': 14.0, 'time_series_of_temp': [44.875, 42.729166666666664, 41.166666666666664, 39.854166666666664, 38.71875, 37.729166666666664, 36.84375, 36.0625, 35.375, 34.75, 34.1875, 33.666666666666664, 33.1875, 32.75, 32.375, 32.0, 31.6875, 31.375, 31.083333333333332, 30.833333333333332, 30.583333333333332]}",app,DEBUG,temperature_automation,2025-09-20 02:39:53.398,25.344722222222
Long Yeast Grow,pioreactor02,2025-09-20T00:39:53.406Z,PID output = -0.8140000000000035,app,DEBUG,temperature_automation,2025-09-20 02:39:53.406,25.344722222222
Long Yeast Grow,pioreactor02,2025-09-20T00:43:13.399Z,"features={'previous_heater_dc': 42.29, 'room_temp': 22.0, 'is_rpi_zero': False, 'volume': 14.0, 'time_series_of_temp': [44.541666666666664, 42.416666666666664, 40.895833333333336, 39.614583333333336, 38.489583333333336, 37.5, 36.645833333333336, 35.875, 35.1875, 34.5625, 34.010416666666664, 33.5, 33.0625, 32.625, 32.25, 31.885416666666668, 31.552083333333332, 31.25, 31.0, 30.75, 30.489583333333332]}",app,DEBUG,temperature_automation,2025-09-20 02:43:13.399,25.400277777778
Long Yeast Grow,pioreactor02,2025-09-20T00:43:13.407Z,PID output = 0.930000000000001,app,DEBUG,temperature_automation,2025-09-20 02:43:13.407,25.400277777778
Long Yeast Grow,pioreactor02,2025-09-20T00:46:33.398Z,"features={'previous_heater_dc': 43.22, 'room_temp': 22.0, 'is_rpi_zero': False, 'volume': 14.0, 'time_series_of_temp': [44.84375, 42.697916666666664, 41.15625, 39.84375, 38.697916666666664, 37.697916666666664, 36.833333333333336, 36.041666666666664, 35.354166666666664, 34.697916666666664, 34.145833333333336, 33.625, 33.166666666666664, 32.75, 32.364583333333336, 32.0, 31.645833333333332, 31.34375, 31.0625, 30.8125, 30.5625]}",app,DEBUG,temperature_automation,2025-09-20 02:46:33.398,25.455833333333
Long Yeast Grow,pioreactor02,2025-09-20T00:46:33.408Z,PID output = 0.06999999999999035,app,DEBUG,temperature_automation,2025-09-20 02:46:33.408,25.455833333333
Long Yeast Grow,pioreactor02,2025-09-20T00:49:53.402Z,"features={'previous_heater_dc': 43.29, 'room_temp': 22.0, 'is_rpi_zero': False, 'volume': 14.0, 'time_series_of_temp': [44.895833333333336, 42.760416666666664, 41.177083333333336, 39.875, 38.708333333333336, 37.739583333333336, 36.854166666666664, 36.072916666666664, 35.375, 34.75, 34.1875, 33.677083333333336, 33.197916666666664, 32.75, 32.375, 32.0, 31.6875, 31.385416666666668, 31.125, 30.84375, 30.604166666666668]}",app,DEBUG,temperature_automation,2025-09-20 02:49:53.402,25.511388888889
Long Yeast Grow,pioreactor02,2025-09-20T00:49:53.410Z,PID output = 0.2800000000000068,app,DEBUG,temperature_automation,2025-09-20 02:49:53.410,25.511388888889
Long Yeast Grow,pioreactor02,2025-09-20T00:53:13.399Z,"features={'previous_heater_dc': 43.57, 'room_temp': 22.0, 'is_rpi_zero': False, 'volume': 14.0, 'time_series_of_temp': [45.0625, 42.885416666666664, 41.302083333333336, 39.96875, 38.822916666666664, 37.833333333333336, 36.947916666666664, 36.15625, 35.447916666666664, 34.8125, 34.239583333333336, 33.75, 33.25, 32.84375, 32.4375, 32.0625, 31.739583333333332, 31.4375, 31.125, 30.875, 30.625]}",app,DEBUG,temperature_automation,2025-09-20 02:53:13.399,25.566944444444
Long Yeast Grow,pioreactor02,2025-09-20T00:53:13.406Z,PID output = -2.070000000000002,app,DEBUG,temperature_automation,2025-09-20 02:53:13.406,25.566944444444
Long Yeast Grow,pioreactor02,2025-09-20T00:56:33.400Z,"features={'previous_heater_dc': 41.5, 'room_temp': 22.0, 'is_rpi_zero': False, 'volume': 14.0, 'time_series_of_temp': [44.260416666666664, 42.208333333333336, 40.708333333333336, 39.4375, 38.34375, 37.385416666666664, 36.541666666666664, 35.78125, 35.114583333333336, 34.5, 33.947916666666664, 33.4375, 33.0, 32.59375, 32.208333333333336, 31.875, 31.552083333333332, 31.25, 31.0, 30.75, 30.5]}",app,DEBUG,temperature_automation,2025-09-20 02:56:33.400,25.6225
Long Yeast Grow,pioreactor02,2025-09-20T00:56:33.408Z,PID output = 2.6419999999999937,app,DEBUG,temperature_automation,2025-09-20 02:56:33.408,25.6225
Long Yeast Grow,pioreactor02,2025-09-20T00:59:53.399Z,"features={'previous_heater_dc': 44.14, 'room_temp': 22.0, 'is_rpi_zero': False, 'volume': 14.0, 'time_series_of_temp': [45.25, 43.09375, 41.489583333333336, 40.15625, 39.0, 37.979166666666664, 37.09375, 36.28125, 35.5625, 34.9375, 34.354166666666664, 33.84375, 33.375, 32.9375, 32.520833333333336, 32.166666666666664, 31.8125, 31.5, 31.239583333333332, 30.947916666666668, 30.697916666666668]}",app,DEBUG,temperature_automation,2025-09-20 02:59:53.399,25.678055555556
Long Yeast Grow,pioreactor02,2025-09-20T00:59:53.407Z,PID output = -1.4439999999999853,app,DEBUG,temperature_automation,2025-09-20 02:59:53.407,25.678055555556
Long Yeast Grow,pioreactor02,2025-09-20T01:03:13.399Z,"features={'previous_heater_dc': 42.7, 'room_temp': 22.0, 'is_rpi_zero': False, 'volume': 14.0, 'time_series_of_temp': [44.822916666666664, 42.708333333333336, 41.15625, 39.854166666666664, 38.729166666666664, 37.760416666666664, 36.875, 36.114583333333336, 35.416666666666664, 34.791666666666664, 34.229166666666664, 33.71875, 33.25, 32.8125, 32.4375, 32.072916666666664, 31.75, 31.447916666666668, 31.1875, 30.90625, 30.6875]}",app,DEBUG,temperature_automation,2025-09-20 03:03:13.399,25.733611111111
Long Yeast Grow,pioreactor02,2025-09-20T01:03:13.407Z,PID output = 0.419999999999991,app,DEBUG,temperature_automation,2025-09-20 03:03:13.407,25.733611111111
Long Yeast Grow,pioreactor02,2025-09-20T01:06:33.399Z,"features={'previous_heater_dc': 43.12, 'room_temp': 22.0, 'is_rpi_zero': False, 'volume': 14.0, 'time_series_of_temp': [44.989583333333336, 42.864583333333336, 41.291666666666664, 39.979166666666664, 38.854166666666664, 37.854166666666664, 36.958333333333336, 36.1875, 35.5, 34.875, 34.3125, 33.8125, 33.364583333333336, 32.927083333333336, 32.510416666666664, 32.177083333333336, 31.833333333333332, 31.541666666666668, 31.25, 31.0, 30.75]}",app,DEBUG,temperature_automation,2025-09-20 03:06:33.399,25.789166666667
Long Yeast Grow,pioreactor02,2025-09-20T01:06:33.407Z,PID output = -2.035999999999995,app,DEBUG,temperature_automation,2025-09-20 03:06:33.407,25.789166666667
Long Yeast Grow,pioreactor02,2025-09-20T01:09:53.399Z,"features={'previous_heater_dc': 41.08, 'room_temp': 22.0, 'is_rpi_zero': False, 'volume': 14.0, 'time_series_of_temp': [44.3125, 42.25, 40.78125, 39.53125, 38.4375, 37.489583333333336, 36.635416666666664, 35.90625, 35.229166666666664, 34.625, 34.104166666666664, 33.625, 33.177083333333336, 32.75, 32.375, 32.052083333333336, 31.739583333333332, 31.4375, 31.1875, 30.9375, 30.6875]}",app,DEBUG,temperature_automation,2025-09-20 03:09:53.399,25.844722222222
Long Yeast Grow,pioreactor02,2025-09-20T01:09:53.407Z,PID output = 0.1620000000000082,app,DEBUG,temperature_automation,2025-09-20 03:09:53.407,25.844722222222
Long Yeast Grow,pioreactor02,2025-09-20T01:13:13.399Z,"features={'previous_heater_dc': 41.24, 'room_temp': 22.0, 'is_rpi_zero': False, 'volume': 14.0, 'time_series_of_temp': [44.375, 42.3125, 40.822916666666664, 39.5625, 38.489583333333336, 37.520833333333336, 36.6875, 35.947916666666664, 35.260416666666664, 34.6875, 34.125, 33.625, 33.1875, 32.770833333333336, 32.427083333333336, 32.0625, 31.75, 31.46875, 31.1875, 30.9375, 30.6875]}",app,DEBUG,temperature_automation,2025-09-20 03:13:13.399,25.900277777778
Long Yeast Grow,pioreactor02,2025-09-20T01:13:13.407Z,PID output = -1.3260000000000147,app,DEBUG,temperature_automation,2025-09-20 03:13:13.407,25.900277777778
Long Yeast Grow,pioreactor02,2025-09-20T01:16:33.398Z,"features={'previous_heater_dc': 39.91, 'room_temp': 22.0, 'is_rpi_zero': False, 'volume': 14.0, 'time_series_of_temp': [43.833333333333336, 41.854166666666664, 40.40625, 39.1875, 38.15625, 37.208333333333336, 36.395833333333336, 35.6875, 35.052083333333336, 34.458333333333336, 33.9375, 33.4375, 33.020833333333336, 32.625, 32.25, 31.9375, 31.625, 31.3125, 31.0625, 30.833333333333332, 30.625]}",app,DEBUG,temperature_automation,2025-09-20 03:16:33.398,25.955833333333
Long Yeast Grow,pioreactor02,2025-09-20T01:16:33.407Z,PID output = 0.20800000000001545,app,DEBUG,temperature_automation,2025-09-20 03:16:33.407,25.955833333333
Long Yeast Grow,pioreactor02,2025-09-20T01:19:53.399Z,"features={'previous_heater_dc': 40.12, 'room_temp': 22.0, 'is_rpi_zero': False, 'volume': 14.0, 'time_series_of_temp': [43.864583333333336, 41.854166666666664, 40.40625, 39.197916666666664, 38.135416666666664, 37.197916666666664, 36.375, 35.666666666666664, 35.0, 34.4375, 33.875, 33.395833333333336, 32.989583333333336, 32.5625, 32.1875, 31.875, 31.5625, 31.260416666666668, 31.0, 30.791666666666668, 30.5625]}",app,DEBUG,temperature_automation,2025-09-20 03:19:53.399,26.011388888889
Long Yeast Grow,pioreactor02,2025-09-20T01:19:53.407Z,PID output = 0.7620000000000046,app,DEBUG,temperature_automation,2025-09-20 03:19:53.407,26.011388888889
Long Yeast Grow,pioreactor02,2025-09-20T01:23:13.398Z,"features={'previous_heater_dc': 40.88, 'room_temp': 22.0, 'is_rpi_zero': False, 'volume': 14.0, 'time_series_of_temp': [44.114583333333336, 42.09375, 40.625, 39.395833333333336, 38.322916666666664, 37.364583333333336, 36.510416666666664, 35.770833333333336, 35.125, 34.520833333333336, 33.979166666666664, 33.5, 33.0625, 32.635416666666664, 32.260416666666664, 31.9375, 31.614583333333332, 31.3125, 31.0625, 30.8125, 30.5625]}",app,DEBUG,temperature_automation,2025-09-20 03:23:13.398,26.066944444444
Long Yeast Grow,pioreactor02,2025-09-20T01:23:13.407Z,PID output = 0.45799999999999486,app,DEBUG,temperature_automation,2025-09-20 03:23:13.407,26.066944444444
Long Yeast Grow,pioreactor02,2025-09-20T01:26:33.399Z,"features={'previous_heater_dc': 41.34, 'room_temp': 22.0, 'is_rpi_zero': False, 'volume': 14.0, 'time_series_of_temp': [44.260416666666664, 42.21875, 40.729166666666664, 39.46875, 38.375, 37.416666666666664, 36.5625, 35.822916666666664, 35.15625, 34.5625, 34.020833333333336, 33.520833333333336, 33.09375, 32.6875, 32.3125, 31.9375, 31.625, 31.34375, 31.0625, 30.822916666666668, 30.614583333333332]}",app,DEBUG,temperature_automation,2025-09-20 03:26:33.399,26.1225
Long Yeast Grow,pioreactor02,2025-09-20T01:26:33.407Z,PID output = -0.6820000000000064,app,DEBUG,temperature_automation,2025-09-20 03:26:33.407,26.1225
Long Yeast Grow,pioreactor02,2025-09-20T01:29:53.399Z,"features={'previous_heater_dc': 40.66, 'room_temp': 22.0, 'is_rpi_zero': False, 'volume': 14.0, 'time_series_of_temp': [44.0, 41.96875, 40.5, 39.270833333333336, 38.1875, 37.239583333333336, 36.416666666666664, 35.6875, 35.0, 34.4375, 33.875, 33.375, 32.9375, 32.53125, 32.166666666666664, 31.8125, 31.5, 31.208333333333332, 30.9375, 30.6875, 30.447916666666668]}",app,DEBUG,temperature_automation,2025-09-20 03:29:53.399,26.178055555556
Long Yeast Grow,pioreactor02,2025-09-20T01:29:53.407Z,PID output = 0.23000000000000326,app,DEBUG,temperature_automation,2025-09-20 03:29:53.407,26.178055555556
Long Yeast Grow,pioreactor02,2025-09-20T01:33:13.400Z,"features={'previous_heater_dc': 40.89, 'room_temp': 22.0, 'is_rpi_zero': False, 'volume': 14.0, 'time_series_of_temp': [44.0, 41.96875, 40.510416666666664, 39.260416666666664, 38.1875, 37.229166666666664, 36.395833333333336, 35.666666666666664, 35.0, 34.40625, 33.875, 33.375, 32.9375, 32.520833333333336, 32.15625, 31.8125, 31.5, 31.197916666666668, 30.947916666666668, 30.697916666666668, 30.458333333333332]}",app,DEBUG,temperature_automation,2025-09-20 03:33:13.400,26.233611111111
Long Yeast Grow,pioreactor02,2025-09-20T01:33:13.408Z,PID output = 0.8640000000000071,app,DEBUG,temperature_automation,2025-09-20 03:33:13.408,26.233611111111
Long Yeast Grow,pioreactor02,2025-09-20T01:36:33.399Z,"features={'previous_heater_dc': 41.75, 'room_temp': 22.0, 'is_rpi_zero': False, 'volume': 14.0, 'time_series_of_temp': [44.3125, 42.229166666666664, 40.71875, 39.447916666666664, 38.34375, 37.385416666666664, 36.53125, 35.770833333333336, 35.114583333333336, 34.5, 33.9375, 33.4375, 33.0, 32.572916666666664, 32.1875, 31.875, 31.541666666666668, 31.25, 30.958333333333332, 30.708333333333332, 30.479166666666668]}",app,DEBUG,temperature_automation,2025-09-20 03:36:33.399,26.289166666667
Long Yeast Grow,pioreactor02,2025-09-20T01:36:33.407Z,PID output = -0.26400000000001067,app,DEBUG,temperature_automation,2025-09-20 03:36:33.407,26.289166666667
Long Yeast Grow,pioreactor02,2025-09-20T01:39:53.399Z,"features={'previous_heater_dc': 41.49, 'room_temp': 22.0, 'is_rpi_zero': False, 'volume': 14.0, 'time_series_of_temp': [44.21875, 42.15625, 40.635416666666664, 39.385416666666664, 38.291666666666664, 37.333333333333336, 36.479166666666664, 35.729166666666664, 35.0625, 34.447916666666664, 33.875, 33.385416666666664, 32.9375, 32.53125, 32.125, 31.8125, 31.5, 31.1875, 30.927083333333332, 30.6875, 30.4375]}",app,DEBUG,temperature_automation,2025-09-20 03:39:53.399,26.344722222222
Long Yeast Grow,pioreactor02,2025-09-20T01:39:53.407Z,PID output = 1.6160000000000039,app,DEBUG,temperature_automation,2025-09-20 03:39:53.407,26.344722222222
Long Yeast Grow,pioreactor02,2025-09-20T01:43:13.399Z,"features={'previous_heater_dc': 43.11, 'room_temp': 22.0, 'is_rpi_zero': False, 'volume': 14.0, 'time_series_of_temp': [44.802083333333336, 42.645833333333336, 41.09375, 39.770833333333336, 38.645833333333336, 37.645833333333336, 36.760416666666664, 36.0, 35.302083333333336, 34.666666666666664, 34.104166666666664, 33.59375, 33.125, 32.6875, 32.3125, 31.9375, 31.625, 31.3125, 31.0625, 30.802083333333332, 30.552083333333332]}",app,DEBUG,temperature_automation,2025-09-20 03:43:13.399,26.400277777778
Long Yeast Grow,pioreactor02,2025-09-20T01:43:13.407Z,PID output = 0.0020000000000010565,app,DEBUG,temperature_automation,2025-09-20 03:43:13.407,26.400277777778
Long Yeast Grow,pioreactor02,2025-09-20T01:46:33.398Z,"features={'previous_heater_dc': 43.11, 'room_temp': 22.0, 'is_rpi_zero': False, 'volume': 14.0, 'time_series_of_temp': [44.8125, 42.677083333333336, 41.135416666666664, 39.8125, 38.677083333333336, 37.6875, 36.833333333333336, 36.0625, 35.354166666666664, 34.708333333333336, 34.145833333333336, 33.625, 33.1875, 32.75, 32.375, 32.0, 31.6875, 31.375, 31.0625, 30.8125, 30.5625]}",app,DEBUG,temperature_automation,2025-09-20 03:46:33.398,26.455833333333
Long Yeast Grow,pioreactor02,2025-09-20T01:46:33.406Z,PID output = -1.3119999999999883,app,DEBUG,temperature_automation,2025-09-20 03:46:33.406,26.455833333333
Long Yeast Grow,pioreactor02,2025-09-20T01:49:53.399Z,"features={'previous_heater_dc': 41.8, 'room_temp': 22.0, 'is_rpi_zero': False, 'volume': 14.0, 'time_series_of_temp': [44.354166666666664, 42.270833333333336, 40.75, 39.489583333333336, 38.375, 37.416666666666664, 36.552083333333336, 35.791666666666664, 35.125, 34.5, 33.9375, 33.458333333333336, 33.0, 32.5625, 32.1875, 31.875, 31.53125, 31.25, 30.947916666666668, 30.6875, 30.447916666666668]}",app,DEBUG,temperature_automation,2025-09-20 03:49:53.399,26.511388888889
Long Yeast Grow,pioreactor02,2025-09-20T01:49:53.406Z,PID output = 0.8719999999999941,app,DEBUG,temperature_automation,2025-09-20 03:49:53.406,26.511388888889
Long Yeast Grow,pioreactor02,2025-09-20T01:53:13.398Z,"features={'previous_heater_dc': 42.67, 'room_temp': 22.0, 'is_rpi_zero': False, 'volume': 14.0, 'time_series_of_temp': [44.625, 42.520833333333336, 40.979166666666664, 39.677083333333336, 38.5625, 37.5625, 36.708333333333336, 35.9375, 35.25, 34.625, 34.0625, 33.552083333333336, 33.104166666666664, 32.6875, 32.3125, 31.9375, 31.614583333333332, 31.3125, 31.041666666666668, 30.760416666666668, 30.520833333333332]}",app,DEBUG,temperature_automation,2025-09-20 03:53:13.398,26.566944444444
Long Yeast Grow,pioreactor02,2025-09-20T01:53:13.406Z,PID output = -0.4659999999999982,app,DEBUG,temperature_automation,2025-09-20 03:53:13.406,26.566944444444
Long Yeast Grow,pioreactor02,2025-09-20T01:56:33.400Z,"features={'previous_heater_dc': 42.2, 'room_temp': 22.0, 'is_rpi_zero': False, 'volume': 14.0, 'time_series_of_temp': [44.5, 42.40625, 40.875, 39.583333333333336, 38.489583333333336, 37.520833333333336, 36.645833333333336, 35.885416666666664, 35.197916666666664, 34.572916666666664, 34.03125, 33.520833333333336, 33.0625, 32.65625, 32.260416666666664, 31.9375, 31.5625, 31.302083333333332, 31.0, 30.75, 30.5]}",app,DEBUG,temperature_automation,2025-09-20 03:56:33.400,26.6225
Long Yeast Grow,pioreactor02,2025-09-20T01:56:33.409Z,PID output = 0.019999999999986782,app,DEBUG,temperature_automation,2025-09-20 03:56:33.409,26.6225
Long Yeast Grow,pioreactor02,2025-09-20T01:59:53.399Z,"features={'previous_heater_dc': 42.22, 'room_temp': 22.0, 'is_rpi_zero': False, 'volume': 14.0, 'time_series_of_temp': [44.5, 42.395833333333336, 40.875, 39.583333333333336, 38.479166666666664, 37.5, 36.625, 35.875, 35.1875, 34.5625, 34.010416666666664, 33.510416666666664, 33.0625, 32.65625, 32.25, 31.9375, 31.59375, 31.3125, 31.0, 30.75, 30.510416666666668]}",app,DEBUG,temperature_automation,2025-09-20 03:59:53.399,26.678055555556
Long Yeast Grow,pioreactor02,2025-09-20T01:59:53.407Z,PID output = -0.09799999999998973,app,DEBUG,temperature_automation,2025-09-20 03:59:53.407,26.678055555556
Long Yeast Grow,pioreactor02,2025-09-20T02:03:13.398Z,"features={'previous_heater_dc': 42.12, 'room_temp': 22.0, 'is_rpi_zero': False, 'volume': 14.0, 'time_series_of_temp': [44.4375, 42.354166666666664, 40.833333333333336, 39.5625, 38.447916666666664, 37.489583333333336, 36.625, 35.864583333333336, 35.177083333333336, 34.5625, 34.010416666666664, 33.5, 33.052083333333336, 32.625, 32.25, 31.895833333333332, 31.5625, 31.28125, 31.0, 30.75, 30.5]}",app,DEBUG,temperature_automation,2025-09-20 04:03:13.398,26.733611111111
Long Yeast Grow,pioreactor02,2025-09-20T02:03:13.406Z,PID output = 1.2439999999999989,app,DEBUG,temperature_automation,2025-09-20 04:03:13.406,26.733611111111
Long Yeast Grow,pioreactor02,2025-09-20T02:06:33.398Z,"features={'previous_heater_dc': 43.36, 'room_temp': 22.0, 'is_rpi_zero': False, 'volume': 14.0, 'time_series_of_temp': [44.9375, 42.78125, 41.21875, 39.90625, 38.770833333333336, 37.770833333333336, 36.885416666666664, 36.125, 35.427083333333336, 34.78125, 34.208333333333336, 33.6875, 33.25, 32.8125, 32.4375, 32.0625, 31.75, 31.4375, 31.166666666666668, 30.875, 30.635416666666668]}",app,DEBUG,temperature_automation,2025-09-20 04:06:33.398,26.789166666667
Long Yeast Grow,pioreactor02,2025-09-20T02:06:33.408Z,PID output = -1.3839999999999995,app,DEBUG,temperature_automation,2025-09-20 04:06:33.408,26.789166666667
Long Yeast Grow,pioreactor02,2025-09-20T02:09:53.400Z,"features={'previous_heater_dc': 41.98, 'room_temp': 22.0, 'is_rpi_zero': False, 'volume': 14.0, 'time_series_of_temp': [44.458333333333336, 42.375, 40.84375, 39.5625, 38.458333333333336, 37.5, 36.625, 35.864583333333336, 35.166666666666664, 34.5625, 34.0, 33.5, 33.0625, 32.625, 32.25, 31.885416666666668, 31.572916666666668, 31.260416666666668, 31.0, 30.75, 30.5]}",app,DEBUG,temperature_automation,2025-09-20 04:09:53.400,26.844722222222
Long Yeast Grow,pioreactor02,2025-09-20T02:09:53.408Z,PID output = 1.2780000000000065,app,DEBUG,temperature_automation,2025-09-20 04:09:53.408,26.844722222222
Long Yeast Grow,pioreactor02,2025-09-20T02:13:13.399Z,"features={'previous_heater_dc': 43.26, 'room_temp': 22.0, 'is_rpi_zero': False, 'volume': 14.0, 'time_series_of_temp': [44.885416666666664, 42.739583333333336, 41.177083333333336, 39.854166666666664, 38.708333333333336, 37.71875, 36.875, 36.072916666666664, 35.375, 34.75, 34.1875, 33.677083333333336, 33.197916666666664, 32.770833333333336, 32.375, 32.010416666666664, 31.6875, 31.375, 31.125, 30.854166666666668, 30.604166666666668]}",app,DEBUG,temperature_automation,2025-09-20 04:13:13.399,26.900277777778
Long Yeast Grow,pioreactor02,2025-09-20T02:13:13.407Z,PID output = -0.5520000000000045,app,DEBUG,temperature_automation,2025-09-20 04:13:13.407,26.900277777778
Long Yeast Grow,pioreactor02,2025-09-20T02:16:33.398Z,"features={'previous_heater_dc': 42.71, 'room_temp': 22.0, 'is_rpi_zero': False, 'volume': 14.0, 'time_series_of_temp': [44.729166666666664, 42.59375, 41.052083333333336, 39.75, 38.614583333333336, 37.614583333333336, 36.75, 36.0, 35.302083333333336, 34.6875, 34.114583333333336, 33.625, 33.145833333333336, 32.729166666666664, 32.333333333333336, 32.0, 31.677083333333332, 31.375, 31.0625, 30.8125, 30.5625]}",app,DEBUG,temperature_automation,2025-09-20 04:16:33.398,26.955833333333
Long Yeast Grow,pioreactor02,2025-09-20T02:16:33.405Z,PID output = -1.5120000000000062,app,DEBUG,temperature_automation,2025-09-20 04:16:33.405,26.955833333333
Long Yeast Grow,pioreactor02,2025-09-20T02:19:53.397Z,"features={'previous_heater_dc': 41.2, 'room_temp': 22.0, 'is_rpi_zero': False, 'volume': 14.0, 'time_series_of_temp': [44.125, 42.083333333333336, 40.583333333333336, 39.333333333333336, 38.229166666666664, 37.28125, 36.4375, 35.6875, 35.0, 34.427083333333336, 33.875, 33.375, 32.9375, 32.5, 32.125, 31.802083333333332, 31.458333333333332, 31.1875, 30.895833333333332, 30.65625, 30.427083333333332]}",app,DEBUG,temperature_automation,2025-09-20 04:19:53.397,27.011388888889
Long Yeast Grow,pioreactor02,2025-09-20T02:19:53.405Z,PID output = 1.9740000000000077,app,DEBUG,temperature_automation,2025-09-20 04:19:53.405,27.011388888889
Long Yeast Grow,pioreactor02,2025-09-20T02:23:13.399Z,"features={'previous_heater_dc': 43.17, 'room_temp': 22.0, 'is_rpi_zero': False, 'volume': 14.0, 'time_series_of_temp': [44.8125, 42.6875, 41.145833333333336, 39.822916666666664, 38.6875, 37.6875, 36.822916666666664, 36.041666666666664, 35.34375, 34.708333333333336, 34.135416666666664, 33.625, 33.1875, 32.75, 32.375, 32.0, 31.645833333333332, 31.375, 31.072916666666668, 30.8125, 30.5625]}",app,DEBUG,temperature_automation,2025-09-20 04:23:13.399,27.066944444444
Long Yeast Grow,pioreactor02,2025-09-20T02:23:13.407Z,PID output = -0.4279999999999944,app,DEBUG,temperature_automation,2025-09-20 04:23:13.407,27.066944444444
Long Yeast Grow,pioreactor02,2025-09-20T02:26:33.398Z,"features={'previous_heater_dc': 42.74, 'room_temp': 22.0, 'is_rpi_zero': False, 'volume': 14.0, 'time_series_of_temp': [44.6875, 42.583333333333336, 41.03125, 39.729166666666664, 38.59375, 37.614583333333336, 36.739583333333336, 35.979166666666664, 35.28125, 34.65625, 34.083333333333336, 33.572916666666664, 33.125, 32.6875, 32.3125, 31.958333333333332, 31.625, 31.333333333333332, 31.0625, 30.8125, 30.5625]}",app,DEBUG,temperature_automation,2025-09-20 04:26:33.398,27.1225
Long Yeast Grow,pioreactor02,2025-09-20T02:26:33.406Z,PID output = 1.374000000000001,app,DEBUG,temperature_automation,2025-09-20 04:26:33.406,27.1225
Long Yeast Grow,pioreactor02,2025-09-20T02:29:53.399Z,"features={'previous_heater_dc': 44.11, 'room_temp': 22.0, 'is_rpi_zero': False, 'volume': 14.0, 'time_series_of_temp': [45.25, 43.083333333333336, 41.479166666666664, 40.145833333333336, 38.96875, 37.96875, 37.052083333333336, 36.25, 35.5625, 34.916666666666664, 34.322916666666664, 33.8125, 33.333333333333336, 32.875, 32.5, 32.125, 31.802083333333332, 31.479166666666668, 31.1875, 30.916666666666668, 30.677083333333332]}",app,DEBUG,temperature_automation,2025-09-20 04:29:53.399,27.178055555556
Long Yeast Grow,pioreactor02,2025-09-20T02:29:53.406Z,PID output = -0.67800000000001,app,DEBUG,temperature_automation,2025-09-20 04:29:53.406,27.178055555556
Long Yeast Grow,pioreactor02,2025-09-20T02:33:13.401Z,"features={'previous_heater_dc': 43.43, 'room_temp': 22.0, 'is_rpi_zero': False, 'volume': 14.0, 'time_series_of_temp': [45.052083333333336, 42.895833333333336, 41.3125, 39.979166666666664, 38.84375, 37.833333333333336, 36.9375, 36.166666666666664, 35.458333333333336, 34.8125, 34.25, 33.739583333333336, 33.25, 32.822916666666664, 32.4375, 32.0625, 31.75, 31.4375, 31.145833333333332, 30.875, 30.625]}",app,DEBUG,temperature_automation,2025-09-20 04:33:13.401,27.233611111111
Long Yeast Grow,pioreactor02,2025-09-20T02:33:13.409Z,PID output = -0.7599999999999838,app,DEBUG,temperature_automation,2025-09-20 04:33:13.409,27.233611111111
Long Yeast Grow,pioreactor02,2025-09-20T02:36:33.398Z,"features={'previous_heater_dc': 42.67, 'room_temp': 22.0, 'is_rpi_zero': False, 'volume': 14.0, 'time_series_of_temp': [44.75, 42.635416666666664, 41.072916666666664, 39.770833333333336, 38.625, 37.645833333333336, 36.791666666666664, 36.020833333333336, 35.3125, 34.697916666666664, 34.135416666666664, 33.635416666666664, 33.1875, 32.75, 32.375, 32.0, 31.6875, 31.375, 31.114583333333332, 30.854166666666668, 30.59375]}",app,DEBUG,temperature_automation,2025-09-20 04:36:33.398,27.289166666667
Long Yeast Grow,pioreactor02,2025-09-20T02:36:33.406Z,PID output = -0.7119999999999975,app,DEBUG,temperature_automation,2025-09-20 04:36:33.406,27.289166666667
Long Yeast Grow,pioreactor02,2025-09-20T02:39:53.399Z,"features={'previous_heater_dc': 41.96, 'room_temp': 22.0, 'is_rpi_zero': False, 'volume': 14.0, 'time_series_of_temp': [44.4375, 42.354166666666664, 40.822916666666664, 39.541666666666664, 38.4375, 37.46875, 36.614583333333336, 35.854166666666664, 35.166666666666664, 34.5625, 34.0, 33.5, 33.0625, 32.625, 32.25, 31.9375, 31.583333333333332, 31.3125, 31.020833333333332, 30.770833333333332, 30.510416666666668]}",app,DEBUG,temperature_automation,2025-09-20 04:39:53.399,27.344722222222
Long Yeast Grow,pioreactor02,2025-09-20T02:39:53.408Z,PID output = 0.6179999999999822,app,DEBUG,temperature_automation,2025-09-20 04:39:53.408,27.344722222222
Long Yeast Grow,pioreactor02,2025-09-20T02:43:13.400Z,"features={'previous_heater_dc': 42.58, 'room_temp': 22.0, 'is_rpi_zero': False, 'volume': 14.0, 'time_series_of_temp': [44.625, 42.53125, 40.958333333333336, 39.666666666666664, 38.5625, 37.59375, 36.75, 35.989583333333336, 35.302083333333336, 34.677083333333336, 34.114583333333336, 33.625, 33.135416666666664, 32.739583333333336, 32.34375, 32.0, 31.645833333333332, 31.364583333333332, 31.0625, 30.822916666666668, 30.5625]}",app,DEBUG,temperature_automation,2025-09-20 04:43:13.400,27.400277777778
Long Yeast Grow,pioreactor02,2025-09-20T02:43:13.408Z,PID output = -2.3299999999999805,app,DEBUG,temperature_automation,2025-09-20 04:43:13.408,27.400277777778
Long Yeast Grow,pioreactor02,2025-09-20T02:46:33.403Z,"features={'previous_heater_dc': 40.25, 'room_temp': 22.0, 'is_rpi_zero': False, 'volume': 14.0, 'time_series_of_temp': [43.75, 41.739583333333336, 40.270833333333336, 39.052083333333336, 37.979166666666664, 37.052083333333336, 36.229166666666664, 35.5, 34.864583333333336, 34.260416666666664, 33.75, 33.25, 32.8125, 32.4375, 32.0625, 31.729166666666668, 31.427083333333332, 31.125, 30.875, 30.625, 30.416666666666668]}",app,DEBUG,temperature_automation,2025-09-20 04:46:33.403,27.455833333333
Long Yeast Grow,pioreactor02,2025-09-20T02:46:33.413Z,PID output = 1.805999999999986,app,DEBUG,temperature_automation,2025-09-20 04:46:33.413,27.455833333333
Long Yeast Grow,pioreactor02,2025-09-20T02:49:53.399Z,"features={'previous_heater_dc': 42.06, 'room_temp': 22.0, 'is_rpi_zero': False, 'volume': 14.0, 'time_series_of_temp': [44.395833333333336, 42.333333333333336, 40.802083333333336, 39.53125, 38.427083333333336, 37.447916666666664, 36.583333333333336, 35.822916666666664, 35.145833333333336, 34.552083333333336, 33.989583333333336, 33.489583333333336, 33.03125, 32.625, 32.25, 31.875, 31.5625, 31.25, 31.0, 30.75, 30.5]}",app,DEBUG,temperature_automation,2025-09-20 04:49:53.399,27.511388888889
Long Yeast Grow,pioreactor02,2025-09-20T02:49:53.408Z,PID output = 0.680000000000011,app,DEBUG,temperature_automation,2025-09-20 04:49:53.408,27.511388888889
Long Yeast Grow,pioreactor02,2025-09-20T02:53:13.397Z,"features={'previous_heater_dc': 42.74, 'room_temp': 22.0, 'is_rpi_zero': False, 'volume': 14.0, 'time_series_of_temp': [44.6875, 42.572916666666664, 41.03125, 39.71875, 38.625, 37.614583333333336, 36.760416666666664, 35.989583333333336, 35.291666666666664, 34.666666666666664, 34.114583333333336, 33.625, 33.125, 32.729166666666664, 32.333333333333336, 31.96875, 31.625, 31.364583333333332, 31.0625, 30.8125, 30.5625]}",app,DEBUG,temperature_automation,2025-09-20 04:53:13.397,27.566944444444
Long Yeast Grow,pioreactor02,2025-09-20T02:53:13.405Z,PID output = -0.47999999999999327,app,DEBUG,temperature_automation,2025-09-20 04:53:13.405,27.566944444444
Long Yeast Grow,pioreactor02,2025-09-20T02:56:33.399Z,"features={'previous_heater_dc': 42.26, 'room_temp': 22.0, 'is_rpi_zero': False, 'volume': 14.0, 'time_series_of_temp': [44.572916666666664, 42.489583333333336, 40.947916666666664, 39.65625, 38.552083333333336, 37.5625, 36.71875, 35.9375, 35.260416666666664, 34.635416666666664, 34.083333333333336, 33.572916666666664, 33.125, 32.6875, 32.3125, 31.947916666666668, 31.645833333333332, 31.364583333333332, 31.0625, 30.8125, 30.572916666666668]}",app,DEBUG,temperature_automation,2025-09-20 04:56:33.399,27.6225
Long Yeast Grow,pioreactor02,2025-09-20T02:56:33.407Z,PID output = 0.6019999999999918,app,DEBUG,temperature_automation,2025-09-20 04:56:33.407,27.6225
Long Yeast Grow,pioreactor02,2025-09-20T02:59:53.400Z,"features={'previous_heater_dc': 42.86, 'room_temp': 22.0, 'is_rpi_zero': False, 'volume': 14.0, 'time_series_of_temp': [44.8125, 42.697916666666664, 41.166666666666664, 39.875, 38.729166666666664, 37.75, 36.864583333333336, 36.09375, 35.385416666666664, 34.75, 34.197916666666664, 33.697916666666664, 33.25, 32.8125, 32.4375, 32.0625, 31.75, 31.4375, 31.177083333333332, 30.875, 30.645833333333332]}",app,DEBUG,temperature_automation,2025-09-20 04:59:53.400,27.678055555556
Long Yeast Grow,pioreactor02,2025-09-20T02:59:53.407Z,PID output = 0.16199999999998838,app,DEBUG,temperature_automation,2025-09-20 04:59:53.407,27.678055555556
Long Yeast Grow,pioreactor02,2025-09-20T03:03:13.399Z,"features={'previous_heater_dc': 43.02, 'room_temp': 22.0, 'is_rpi_zero': False, 'volume': 14.0, 'time_series_of_temp': [44.927083333333336, 42.78125, 41.229166666666664, 39.916666666666664, 38.78125, 37.802083333333336, 36.9375, 36.135416666666664, 35.4375, 34.822916666666664, 34.260416666666664, 33.75, 33.3125, 32.875, 32.5, 32.125, 31.8125, 31.5, 31.21875, 30.9375, 30.697916666666668]}",app,DEBUG,temperature_automation,2025-09-20 05:03:13.399,27.733611111111
Long Yeast Grow,pioreactor02,2025-09-20T03:03:13.407Z,PID output = -2.455999999999986,app,DEBUG,temperature_automation,2025-09-20 05:03:13.407,27.733611111111
Long Yeast Grow,pioreactor02,2025-09-20T03:06:33.398Z,"features={'previous_heater_dc': 40.56, 'room_temp': 22.0, 'is_rpi_zero': False, 'volume': 14.0, 'time_series_of_temp': [44.020833333333336, 42.020833333333336, 40.53125, 39.302083333333336, 38.229166666666664, 37.28125, 36.46875, 35.729166666666664, 35.0625, 34.458333333333336, 33.9375, 33.4375, 33.0, 32.572916666666664, 32.208333333333336, 31.875, 31.5625, 31.25, 31.0, 30.75, 30.5]}",app,DEBUG,temperature_automation,2025-09-20 05:06:33.398,27.789166666667
Long Yeast Grow,pioreactor02,2025-09-20T03:06:33.406Z,PID output = 0.9020000000000051,app,DEBUG,temperature_automation,2025-09-20 05:06:33.406,27.789166666667
Long Yeast Grow,pioreactor02,2025-09-20T03:09:53.398Z,"features={'previous_heater_dc': 41.46, 'room_temp': 22.0, 'is_rpi_zero': False, 'volume': 14.0, 'time_series_of_temp': [44.302083333333336, 42.229166666666664, 40.71875, 39.479166666666664, 38.354166666666664, 37.416666666666664, 36.5625, 35.8125, 35.125, 34.541666666666664, 33.989583333333336, 33.489583333333336, 33.020833333333336, 32.625, 32.25, 31.895833333333332, 31.5625, 31.28125, 31.0, 30.75, 30.5]}",app,DEBUG,temperature_automation,2025-09-20 05:09:53.398,27.844722222222
Long Yeast Grow,pioreactor02,2025-09-20T03:09:53.406Z,PID output = -0.3720000000000049,app,DEBUG,temperature_automation,2025-09-20 05:09:53.406,27.844722222222
Long Yeast Grow,pioreactor02,2025-09-20T03:13:13.399Z,"features={'previous_heater_dc': 41.09, 'room_temp': 22.0, 'is_rpi_zero': False, 'volume': 14.0, 'time_series_of_temp': [44.125, 42.0625, 40.572916666666664, 39.333333333333336, 38.229166666666664, 37.291666666666664, 36.447916666666664, 35.729166666666664, 35.052083333333336, 34.447916666666664, 33.885416666666664, 33.385416666666664, 32.958333333333336, 32.541666666666664, 32.177083333333336, 31.8125, 31.5, 31.208333333333332, 30.9375, 30.6875, 30.447916666666668]}",app,DEBUG,temperature_automation,2025-09-20 05:13:13.399,27.900277777778
Long Yeast Grow,pioreactor02,2025-09-20T03:13:13.407Z,PID output = 0.12600000000000547,app,DEBUG,temperature_automation,2025-09-20 05:13:13.407,27.900277777778
Long Yeast Grow,pioreactor02,2025-09-20T03:16:33.398Z,"features={'previous_heater_dc': 41.22, 'room_temp': 22.0, 'is_rpi_zero': False, 'volume': 14.0, 'time_series_of_temp': [44.125, 42.09375, 40.59375, 39.34375, 38.260416666666664, 37.3125, 36.458333333333336, 35.71875, 35.0625, 34.4375, 33.90625, 33.4375, 32.979166666666664, 32.5625, 32.1875, 31.864583333333332, 31.541666666666668, 31.25, 30.989583333333332, 30.739583333333332, 30.5]}",app,DEBUG,temperature_automation,2025-09-20 05:16:33.398,27.955833333333
Long Yeast Grow,pioreactor02,2025-09-20T03:16:33.406Z,PID output = 1.119999999999989,app,DEBUG,temperature_automation,2025-09-20 05:16:33.406,27.955833333333
Long Yeast Grow,pioreactor02,2025-09-20T03:19:53.399Z,"features={'previous_heater_dc': 42.34, 'room_temp': 22.0, 'is_rpi_zero': False, 'volume': 14.0, 'time_series_of_temp': [44.5625, 42.46875, 40.947916666666664, 39.635416666666664, 38.541666666666664, 37.541666666666664, 36.6875, 35.916666666666664, 35.239583333333336, 34.614583333333336, 34.0625, 33.5625, 33.114583333333336, 32.6875, 32.3125, 31.9375, 31.625, 31.322916666666668, 31.0625, 30.8125, 30.5625]}",app,DEBUG,temperature_automation,2025-09-20 05:19:53.399,28.011388888889
Long Yeast Grow,pioreactor02,2025-09-20T03:19:53.406Z,PID output = -0.02200000000000768,app,DEBUG,temperature_automation,2025-09-20 05:19:53.406,28.011388888889
Long Yeast Grow,pioreactor02,2025-09-20T03:23:13.398Z,"features={'previous_heater_dc': 42.32, 'room_temp': 22.0, 'is_rpi_zero': False, 'volume': 14.0, 'time_series_of_temp': [44.604166666666664, 42.5, 40.958333333333336, 39.677083333333336, 38.5625, 37.572916666666664, 36.71875, 35.947916666666664, 35.270833333333336, 34.65625, 34.104166666666664, 33.59375, 33.135416666666664, 32.708333333333336, 32.322916666666664, 31.979166666666668, 31.625, 31.375, 31.0625, 30.8125, 30.5625]}",app,DEBUG,temperature_automation,2025-09-20 05:23:13.398,28.066944444444
Long Yeast Grow,pioreactor02,2025-09-20T03:23:13.406Z,PID output = -1.2319999999999993,app,DEBUG,temperature_automation,2025-09-20 05:23:13.406,28.066944444444
Long Yeast Grow,pioreactor02,2025-09-20T03:26:33.399Z,"features={'previous_heater_dc': 41.09, 'room_temp': 22.0, 'is_rpi_zero': False, 'volume': 14.0, 'time_series_of_temp': [44.125, 42.09375, 40.59375, 39.34375, 38.260416666666664, 37.322916666666664, 36.479166666666664, 35.739583333333336, 35.0625, 34.5, 33.9375, 33.4375, 33.0, 32.5625, 32.197916666666664, 31.875, 31.520833333333332, 31.25, 30.989583333333332, 30.71875, 30.5]}",app,DEBUG,temperature_automation,2025-09-20 05:26:33.399,28.1225
Long Yeast Grow,pioreactor02,2025-09-20T03:26:33.407Z,PID output = 0.33599999999999636,app,DEBUG,temperature_automation,2025-09-20 05:26:33.407,28.1225
Long Yeast Grow,pioreactor02,2025-09-20T03:29:53.399Z,"features={'previous_heater_dc': 41.43, 'room_temp': 22.0, 'is_rpi_zero': False, 'volume': 14.0, 'time_series_of_temp': [44.1875, 42.135416666666664, 40.635416666666664, 39.375, 38.28125, 37.3125, 36.489583333333336, 35.729166666666664, 35.052083333333336, 34.458333333333336, 33.885416666666664, 33.375, 32.9375, 32.541666666666664, 32.166666666666664, 31.8125, 31.5, 31.1875, 30.9375, 30.6875, 30.447916666666668]}",app,DEBUG,temperature_automation,2025-09-20 05:29:53.399,28.178055555556
Long Yeast Grow,pioreactor02,2025-09-20T03:29:53.407Z,PID output = 1.7219999999999969,app,DEBUG,temperature_automation,2025-09-20 05:29:53.407,28.178055555556
Long Yeast Grow,pioreactor02,2025-09-20T03:33:13.399Z,"features={'previous_heater_dc': 43.15, 'room_temp': 22.0, 'is_rpi_zero': False, 'volume': 14.0, 'time_series_of_temp': [44.875, 42.71875, 41.15625, 39.833333333333336, 38.708333333333336, 37.71875, 36.833333333333336, 36.052083333333336, 35.34375, 34.71875, 34.145833333333336, 33.625, 33.1875, 32.75, 32.375, 32.0, 31.677083333333332, 31.375, 31.072916666666668, 30.8125, 30.572916666666668]}",app,DEBUG,temperature_automation,2025-09-20 05:33:13.399,28.233611111111
Long Yeast Grow,pioreactor02,2025-09-20T03:33:13.406Z,PID output = -1.515999999999997,app,DEBUG,temperature_automation,2025-09-20 05:33:13.406,28.233611111111
Long Yeast Grow,pioreactor02,2025-09-20T03:36:33.400Z,"features={'previous_heater_dc': 41.63, 'room_temp': 22.0, 'is_rpi_zero': False, 'volume': 14.0, 'time_series_of_temp': [44.260416666666664, 42.208333333333336, 40.6875, 39.4375, 38.333333333333336, 37.364583333333336, 36.53125, 35.75, 35.104166666666664, 34.5, 33.9375, 33.4375, 33.0, 32.59375, 32.197916666666664, 31.875, 31.552083333333332, 31.25, 31.0, 30.729166666666668, 30.489583333333332]}",app,DEBUG,temperature_automation,2025-09-20 05:36:33.400,28.289166666667
Long Yeast Grow,pioreactor02,2025-09-20T03:36:33.408Z,PID output = 1.0420000000000116,app,DEBUG,temperature_automation,2025-09-20 05:36:33.408,28.289166666667
Long Yeast Grow,pioreactor02,2025-09-20T03:39:53.399Z,"features={'previous_heater_dc': 42.67, 'room_temp': 22.0, 'is_rpi_zero': False, 'volume': 14.0, 'time_series_of_temp': [44.65625, 42.552083333333336, 40.989583333333336, 39.697916666666664, 38.572916666666664, 37.583333333333336, 36.71875, 35.9375, 35.25, 34.625, 34.0625, 33.5625, 33.114583333333336, 32.6875, 32.3125, 31.9375, 31.625, 31.3125, 31.052083333333332, 30.802083333333332, 30.552083333333332]}",app,DEBUG,temperature_automation,2025-09-20 05:39:53.399,28.344722222222
Long Yeast Grow,pioreactor02,2025-09-20T03:39:53.407Z,PID output = 0.33199999999998936,app,DEBUG,temperature_automation,2025-09-20 05:39:53.407,28.344722222222
Long Yeast Grow,pioreactor02,2025-09-20T03:43:13.401Z,"features={'previous_heater_dc': 43.0, 'room_temp': 22.0, 'is_rpi_zero': False, 'volume': 14.0, 'time_series_of_temp': [44.8125, 42.666666666666664, 41.114583333333336, 39.802083333333336, 38.677083333333336, 37.6875, 36.8125, 36.041666666666664, 35.322916666666664, 34.708333333333336, 34.125, 33.625, 33.166666666666664, 32.75, 32.354166666666664, 31.989583333333332, 31.677083333333332, 31.375, 31.072916666666668, 30.833333333333332, 30.572916666666668]}",app,DEBUG,temperature_automation,2025-09-20 05:43:13.401,28.400277777778
Long Yeast Grow,pioreactor02,2025-09-20T03:43:13.410Z,PID output = -0.43399999999998606,app,DEBUG,temperature_automation,2025-09-20 05:43:13.410,28.400277777778
Long Yeast Grow,pioreactor02,2025-09-20T03:46:33.398Z,"features={'previous_heater_dc': 42.57, 'room_temp': 22.0, 'is_rpi_zero': False, 'volume': 14.0, 'time_series_of_temp': [44.677083333333336, 42.53125, 41.0, 39.697916666666664, 38.5625, 37.59375, 36.729166666666664, 35.958333333333336, 35.25, 34.614583333333336, 34.0625, 33.5625, 33.104166666666664, 32.6875, 32.3125, 31.9375, 31.614583333333332, 31.302083333333332, 31.0, 30.75, 30.5]}",app,DEBUG,temperature_automation,2025-09-20 05:46:33.398,28.455833333333
Long Yeast Grow,pioreactor02,2025-09-20T03:46:33.406Z,PID output = -1.2700000000000193,app,DEBUG,temperature_automation,2025-09-20 05:46:33.406,28.455833333333
Long Yeast Grow,pioreactor02,2025-09-20T03:49:53.399Z,"features={'previous_heater_dc': 41.3, 'room_temp': 22.0, 'is_rpi_zero': False, 'volume': 14.0, 'time_series_of_temp': [44.125, 42.0625, 40.572916666666664, 39.322916666666664, 38.229166666666664, 37.260416666666664, 36.4375, 35.6875, 35.0, 34.40625, 33.864583333333336, 33.375, 32.9375, 32.5, 32.125, 31.802083333333332, 31.489583333333332, 31.1875, 30.885416666666668, 30.666666666666668, 30.427083333333332]}",app,DEBUG,temperature_automation,2025-09-20 05:49:53.399,28.511388888889
Long Yeast Grow,pioreactor02,2025-09-20T03:49:53.408Z,PID output = 1.4300000000000066,app,DEBUG,temperature_automation,2025-09-20 05:49:53.408,28.511388888889
Long Yeast Grow,pioreactor02,2025-09-20T03:53:13.398Z,"features={'previous_heater_dc': 42.73, 'room_temp': 22.0, 'is_rpi_zero': False, 'volume': 14.0, 'time_series_of_temp': [44.625, 42.53125, 40.979166666666664, 39.666666666666664, 38.5625, 37.5625, 36.697916666666664, 35.927083333333336, 35.229166666666664, 34.583333333333336, 34.052083333333336, 33.53125, 33.0625, 32.666666666666664, 32.270833333333336, 31.927083333333332, 31.572916666666668, 31.28125, 31.0, 30.75, 30.5]}",app,DEBUG,temperature_automation,2025-09-20 05:53:13.398,28.566944444444
Long Yeast Grow,pioreactor02,2025-09-20T03:53:13.406Z,PID output = 0.7380000000000017,app,DEBUG,temperature_automation,2025-09-20 05:53:13.406,28.566944444444
Long Yeast Grow,pioreactor02,2025-09-20T03:56:33.399Z,"features={'previous_heater_dc': 43.47, 'room_temp': 22.0, 'is_rpi_zero': False, 'volume': 14.0, 'time_series_of_temp': [45.0, 42.84375, 41.270833333333336, 39.916666666666664, 38.791666666666664, 37.78125, 36.885416666666664, 36.125, 35.40625, 34.78125, 34.197916666666664, 33.6875, 33.208333333333336, 32.8125, 32.40625, 32.041666666666664, 31.697916666666668, 31.395833333333332, 31.125, 30.875, 30.625]}",app,DEBUG,temperature_automation,2025-09-20 05:56:33.399,28.6225
Long Yeast Grow,pioreactor02,2025-09-20T03:56:33.407Z,PID output = -0.7360000000000005,app,DEBUG,temperature_automation,2025-09-20 05:56:33.407,28.6225
Long Yeast Grow,pioreactor02,2025-09-20T03:59:53.399Z,"features={'previous_heater_dc': 42.73, 'room_temp': 22.0, 'is_rpi_zero': False, 'volume': 14.0, 'time_series_of_temp': [44.75, 42.614583333333336, 41.0625, 39.75, 38.625, 37.625, 36.770833333333336, 36.0, 35.302083333333336, 34.6875, 34.114583333333336, 33.625, 33.145833333333336, 32.71875, 32.333333333333336, 31.989583333333332, 31.65625, 31.364583333333332, 31.072916666666668, 30.8125, 30.5625]}",app,DEBUG,temperature_automation,2025-09-20 05:59:53.399,28.678055555556
Long Yeast Grow,pioreactor02,2025-09-20T03:59:53.408Z,PID output = -1.0799999999999896,app,DEBUG,temperature_automation,2025-09-20 05:59:53.408,28.678055555556
Long Yeast Grow,pioreactor02,2025-09-20T04:03:13.399Z,"features={'previous_heater_dc': 41.65, 'room_temp': 22.0, 'is_rpi_zero': False, 'volume': 14.0, 'time_series_of_temp': [44.3125, 42.229166666666664, 40.71875, 39.447916666666664, 38.34375, 37.375, 36.520833333333336, 35.760416666666664, 35.114583333333336, 34.5, 33.9375, 33.447916666666664, 33.010416666666664, 32.5625, 32.197916666666664, 31.875, 31.53125, 31.229166666666668, 30.947916666666668, 30.6875, 30.4375]}",app,DEBUG,temperature_automation,2025-09-20 06:03:13.399,28.733611111111
Long Yeast Grow,pioreactor02,2025-09-20T04:03:13.407Z,PID output = -0.6780000000000157,app,DEBUG,temperature_automation,2025-09-20 06:03:13.407,28.733611111111
Long Yeast Grow,pioreactor02,2025-09-20T04:06:33.399Z,"features={'previous_heater_dc': 40.97, 'room_temp': 22.0, 'is_rpi_zero': False, 'volume': 14.0, 'time_series_of_temp': [43.989583333333336, 41.958333333333336, 40.458333333333336, 39.208333333333336, 38.125, 37.177083333333336, 36.34375, 35.604166666666664, 34.927083333333336, 34.333333333333336, 33.8125, 33.3125, 32.875, 32.458333333333336, 32.072916666666664, 31.75, 31.4375, 31.125, 30.875, 30.625, 30.375]}",app,DEBUG,temperature_automation,2025-09-20 06:06:33.399,28.789166666667
Long Yeast Grow,pioreactor02,2025-09-20T04:06:33.407Z,PID output = 1.1619999999999997,app,DEBUG,temperature_automation,2025-09-20 06:06:33.407,28.789166666667
Long Yeast Grow,pioreactor02,2025-09-20T04:09:53.398Z,"features={'previous_heater_dc': 42.13, 'room_temp': 22.0, 'is_rpi_zero': False, 'volume': 14.0, 'time_series_of_temp': [44.375, 42.28125, 40.760416666666664, 39.479166666666664, 38.385416666666664, 37.416666666666664, 36.5625, 35.802083333333336, 35.125, 34.5, 33.958333333333336, 33.458333333333336, 33.0, 32.572916666666664, 32.1875, 31.875, 31.520833333333332, 31.239583333333332, 30.9375, 30.6875, 30.4375]}",app,DEBUG,temperature_automation,2025-09-20 06:09:53.398,28.844722222222
Long Yeast Grow,pioreactor02,2025-09-20T04:09:53.406Z,PID output = -0.25600000000000733,app,DEBUG,temperature_automation,2025-09-20 06:09:53.406,28.844722222222
Long Yeast Grow,pioreactor02,2025-09-20T04:13:13.399Z,"features={'previous_heater_dc': 41.87, 'room_temp': 22.0, 'is_rpi_zero': False, 'volume': 14.0, 'time_series_of_temp': [44.3125, 42.21875, 40.697916666666664, 39.416666666666664, 38.322916666666664, 37.364583333333336, 36.510416666666664, 35.75, 35.0625, 34.4375, 33.885416666666664, 33.385416666666664, 32.9375, 32.520833333333336, 32.135416666666664, 31.8125, 31.489583333333332, 31.177083333333332, 30.895833333333332, 30.645833333333332, 30.4375]}",app,DEBUG,temperature_automation,2025-09-20 06:13:13.399,28.900277777778
Long Yeast Grow,pioreactor02,2025-09-20T04:13:13.407Z,PID output = 1.7020000000000102,app,DEBUG,temperature_automation,2025-09-20 06:13:13.407,28.900277777778
Long Yeast Grow,pioreactor02,2025-09-20T04:16:33.399Z,"features={'previous_heater_dc': 43.57, 'room_temp': 22.0, 'is_rpi_zero': False, 'volume': 14.0, 'time_series_of_temp': [44.9375, 42.802083333333336, 41.21875, 39.885416666666664, 38.739583333333336, 37.739583333333336, 36.864583333333336, 36.072916666666664, 35.364583333333336, 34.739583333333336, 34.145833333333336, 33.625, 33.166666666666664, 32.75, 32.322916666666664, 31.96875, 31.625, 31.322916666666668, 31.0625, 30.791666666666668, 30.541666666666668]}",app,DEBUG,temperature_automation,2025-09-20 06:16:33.399,28.955833333333
Long Yeast Grow,pioreactor02,2025-09-20T04:16:33.407Z,PID output = 0.237999999999996,app,DEBUG,temperature_automation,2025-09-20 06:16:33.407,28.955833333333
Long Yeast Grow,pioreactor02,2025-09-20T04:19:53.399Z,"features={'previous_heater_dc': 43.81, 'room_temp': 22.0, 'is_rpi_zero': False, 'volume': 14.0, 'time_series_of_temp': [45.0625, 42.895833333333336, 41.3125, 39.979166666666664, 38.833333333333336, 37.8125, 36.916666666666664, 36.125, 35.416666666666664, 34.770833333333336, 34.1875, 33.6875, 33.1875, 32.760416666666664, 32.375, 32.0, 31.6875, 31.375, 31.104166666666668, 30.833333333333332, 30.572916666666668]}",app,DEBUG,temperature_automation,2025-09-20 06:19:53.399,29.011388888889
Long Yeast Grow,pioreactor02,2025-09-20T04:19:53.407Z,PID output = 1.3320000000000065,app,DEBUG,temperature_automation,2025-09-20 06:19:53.407,29.011388888889
Long Yeast Grow,pioreactor02,2025-09-20T04:23:13.398Z,"features={'previous_heater_dc': 45.14, 'room_temp': 22.0, 'is_rpi_zero': False, 'volume': 14.0, 'time_series_of_temp': [45.625, 43.375, 41.739583333333336, 40.375, 39.1875, 38.145833333333336, 37.25, 36.427083333333336, 35.6875, 35.020833333333336, 34.4375, 33.885416666666664, 33.40625, 32.979166666666664, 32.5625, 32.1875, 31.84375, 31.510416666666668, 31.229166666666668, 30.9375, 30.6875]}",app,DEBUG,temperature_automation,2025-09-20 06:23:13.398,29.066944444444
Long Yeast Grow,pioreactor02,2025-09-20T04:23:13.406Z,PID output = -1.9559999999999909,app,DEBUG,temperature_automation,2025-09-20 06:23:13.406,29.066944444444
Long Yeast Grow,pioreactor02,2025-09-20T04:26:33.398Z,"features={'previous_heater_dc': 43.18, 'room_temp': 22.0, 'is_rpi_zero': False, 'volume': 14.0, 'time_series_of_temp': [44.90625, 42.78125, 41.21875, 39.916666666666664, 38.760416666666664, 37.770833333333336, 36.885416666666664, 36.114583333333336, 35.40625, 34.75, 34.197916666666664, 33.6875, 33.229166666666664, 32.78125, 32.385416666666664, 32.020833333333336, 31.6875, 31.375, 31.125, 30.833333333333332, 30.572916666666668]}",app,DEBUG,temperature_automation,2025-09-20 06:26:33.398,29.1225
Long Yeast Grow,pioreactor02,2025-09-20T04:26:33.406Z,PID output = 0.9439999999999797,app,DEBUG,temperature_automation,2025-09-20 06:26:33.406,29.1225
Long Yeast Grow,pioreactor02,2025-09-20T04:29:53.397Z,"features={'previous_heater_dc': 44.12, 'room_temp': 22.0, 'is_rpi_zero': False, 'volume': 14.0, 'time_series_of_temp': [45.25, 43.083333333333336, 41.46875, 40.135416666666664, 38.96875, 37.947916666666664, 37.052083333333336, 36.25, 35.520833333333336, 34.895833333333336, 34.3125, 33.802083333333336, 33.3125, 32.875, 32.5, 32.114583333333336, 31.791666666666668, 31.46875, 31.1875, 30.916666666666668, 30.6875]}",app,DEBUG,temperature_automation,2025-09-20 06:29:53.397,29.178055555556
Long Yeast Grow,pioreactor02,2025-09-20T04:29:53.405Z,PID output = 0.2800000000000068,app,DEBUG,temperature_automation,2025-09-20 06:29:53.405,29.178055555556
Long Yeast Grow,pioreactor02,2025-09-20T04:33:13.398Z,"features={'previous_heater_dc': 44.4, 'room_temp': 22.0, 'is_rpi_zero': False, 'volume': 14.0, 'time_series_of_temp': [45.375, 43.177083333333336, 41.572916666666664, 40.229166666666664, 39.0625, 38.041666666666664, 37.125, 36.322916666666664, 35.614583333333336, 34.96875, 34.375, 33.864583333333336, 33.375, 32.9375, 32.541666666666664, 32.166666666666664, 31.8125, 31.5, 31.208333333333332, 30.9375, 30.6875]}",app,DEBUG,temperature_automation,2025-09-20 06:33:13.398,29.233611111111
Long Yeast Grow,pioreactor02,2025-09-20T04:33:13.406Z,PID output = -1.0619999999999983,app,DEBUG,temperature_automation,2025-09-20 06:33:13.406,29.233611111111
Long Yeast Grow,pioreactor02,2025-09-20T04:36:33.399Z,"features={'previous_heater_dc': 43.34, 'room_temp': 22.0, 'is_rpi_zero': False, 'volume': 14.0, 'time_series_of_temp': [44.979166666666664, 42.833333333333336, 41.25, 39.947916666666664, 38.78125, 37.791666666666664, 36.916666666666664, 36.125, 35.427083333333336, 34.78125, 34.229166666666664, 33.697916666666664, 33.25, 32.8125, 32.4375, 32.041666666666664, 31.697916666666668, 31.416666666666668, 31.125, 30.875, 30.625]}",app,DEBUG,temperature_automation,2025-09-20 06:36:33.399,29.289166666667
Long Yeast Grow,pioreactor02,2025-09-20T04:36:33.406Z,PID output = -0.01799999999999144,app,DEBUG,temperature_automation,2025-09-20 06:36:33.406,29.289166666667
Long Yeast Grow,pioreactor02,2025-09-20T04:39:53.400Z,"features={'previous_heater_dc': 43.32, 'room_temp': 22.0, 'is_rpi_zero': False, 'volume': 14.0, 'time_series_of_temp': [45.0, 42.84375, 41.270833333333336, 39.958333333333336, 38.8125, 37.8125, 36.9375, 36.15625, 35.4375, 34.8125, 34.25, 33.729166666666664, 33.25, 32.822916666666664, 32.4375, 32.0625, 31.739583333333332, 31.4375, 31.125, 30.875, 30.625]}",app,DEBUG,temperature_automation,2025-09-20 06:39:53.400,29.344722222222
Long Yeast Grow,pioreactor02,2025-09-20T04:39:53.408Z,PID output = -0.5880000000000131,app,DEBUG,temperature_automation,2025-09-20 06:39:53.408,29.344722222222
Long Yeast Grow,pioreactor02,2025-09-20T04:43:13.401Z,"features={'previous_heater_dc': 42.73, 'room_temp': 22.0, 'is_rpi_zero': False, 'volume': 14.0, 'time_series_of_temp': [44.75, 42.614583333333336, 41.083333333333336, 39.760416666666664, 38.65625, 37.677083333333336, 36.791666666666664, 36.020833333333336, 35.3125, 34.6875, 34.135416666666664, 33.625, 33.177083333333336, 32.75, 32.364583333333336, 32.0, 31.6875, 31.375, 31.114583333333332, 30.864583333333332, 30.625]}",app,DEBUG,temperature_automation,2025-09-20 06:43:13.401,29.400277777778
Long Yeast Grow,pioreactor02,2025-09-20T04:43:13.409Z,PID output = 1.6319999999999943,app,DEBUG,temperature_automation,2025-09-20 06:43:13.409,29.400277777778
