experiment,pioreactor_unit,timestamp,channel_1,channel_2,channel_3,channel_4,channel_5,timestamp_localtime,hours_since_experiment_created
Long Yeast Grow,pioreactor02,2025-09-18T23:21:55.912Z,0.0,0.0,0.0,0.0,0.0,2025-09-19 01:21:55.912,0.045277777778
Long Yeast Grow,pioreactor02,2025-09-18T23:21:56.391Z,100.0,0.0,0.0,0.0,0.0,2025-09-19 01:21:56.391,0.045555555556
Long Yeast Grow,pioreactor02,2025-09-18T23:21:56.859Z,25.70614,0.0,0.0,0.0,0.0,2025-09-19 01:21:56.859,0.045555555556
Long Yeast Grow,pioreactor02,2025-09-18T23:22:00.411Z,24.46414,0.0,0.0,0.0,0.0,2025-09-19 01:22:00.411,0.046666666667
Long Yeast Grow,pioreactor02,2025-09-18T23:22:02.119Z,23.52764,0.0,0.0,0.0,0.0,2025-09-19 01:22:02.119,0.047222222222
Long Yeast Grow,pioreactor02,2025-09-18T23:22:02.639Z,0.0,0.0,0.0,0.0,0.0,2025-09-19 01:22:02.639,0.047222222222
Long Yeast Grow,pioreactor02,2025-09-19T01:35:55.496Z,0.0,0.0,0.0,0.0,0.0,2025-09-19 03:35:55.496,2.278611111111
Long Yeast Grow,pioreactor02,2025-09-19T01:35:55.711Z,100.0,0.0,0.0,0.0,0.0,2025-09-19 03:35:55.711,2.278611111111
Long Yeast Grow,pioreactor02,2025-09-19T01:35:56.180Z,25.70614,0.0,0.0,0.0,0.0,2025-09-19 03:35:56.180,2.278888888889
Long Yeast Grow,pioreactor02,2025-09-19T01:35:59.731Z,25.25364,0.0,0.0,0.0,0.0,2025-09-19 03:35:59.731,2.279722222222
Long Yeast Grow,pioreactor02,2025-09-19T01:36:01.444Z,24.85214,0.0,0.0,0.0,0.0,2025-09-19 03:36:01.444,2.280277777778
Long Yeast Grow,pioreactor02,2025-09-19T01:36:03.147Z,24.47014,0.0,0.0,0.0,0.0,2025-09-19 03:36:03.147,2.280833333333
Long Yeast Grow,pioreactor02,2025-09-19T01:36:04.855Z,24.15714,0.0,0.0,0.0,0.0,2025-09-19 03:36:04.855,2.281111111111
Long Yeast Grow,pioreactor02,2025-09-19T01:36:06.563Z,23.90114,0.0,0.0,0.0,0.0,2025-09-19 03:36:06.563,2.281666666667
Long Yeast Grow,pioreactor02,2025-09-19T01:36:08.267Z,23.68164,0.0,0.0,0.0,0.0,2025-09-19 03:36:08.267,2.282222222222
Long Yeast Grow,pioreactor02,2025-09-19T01:36:09.975Z,23.53764,0.0,0.0,0.0,0.0,2025-09-19 03:36:09.975,2.2825
Long Yeast Grow,pioreactor02,2025-09-19T01:36:11.683Z,23.43264,0.0,0.0,0.0,0.0,2025-09-19 03:36:11.683,2.283055555556
Long Yeast Grow,pioreactor02,2025-09-19T01:36:13.391Z,23.36814,0.0,0.0,0.0,0.0,2025-09-19 03:36:13.391,2.283611111111
Long Yeast Grow,pioreactor02,2025-09-19T01:36:25.915Z,23.33764,0.0,0.0,0.0,0.0,2025-09-19 03:36:25.915,2.286944444444
Long Yeast Grow,pioreactor02,2025-09-19T01:36:26.968Z,23.33764,0.0,0.0,0.0,0.0,2025-09-19 03:36:26.968,2.287222222222
Long Yeast Grow,pioreactor02,2025-09-19T01:36:27.323Z,23.33764,0.0,0.0,0.0,25.0,2025-09-19 03:36:27.323,2.2875
Long Yeast Grow,pioreactor02,2025-09-19T01:36:48.915Z,23.27964,0.0,0.0,0.0,25.0,2025-09-19 03:36:48.915,2.293333333333
Long Yeast Grow,pioreactor02,2025-09-19T01:37:11.915Z,23.67464,0.0,0.0,0.0,25.0,2025-09-19 03:37:11.915,2.299722222222
Long Yeast Grow,pioreactor02,2025-09-19T01:37:34.915Z,24.01964,0.0,0.0,0.0,25.0,2025-09-19 03:37:34.915,2.306111111111
Long Yeast Grow,pioreactor02,2025-09-19T01:37:57.915Z,23.86614,0.0,0.0,0.0,25.0,2025-09-19 03:37:57.915,2.3125
Long Yeast Grow,pioreactor02,2025-09-19T01:38:01.971Z,23.86614,0.0,0.0,0.0,0.0,2025-09-19 03:38:01.971,2.313611111111
Long Yeast Grow,pioreactor02,2025-09-19T01:38:20.915Z,23.54914,0.0,0.0,0.0,0.0,2025-09-19 03:38:20.915,2.318888888889
Long Yeast Grow,pioreactor02,2025-09-19T01:38:43.915Z,23.25514,0.0,0.0,0.0,0.0,2025-09-19 03:38:43.915,2.325277777778
Long Yeast Grow,pioreactor02,2025-09-19T01:39:06.915Z,23.00464,0.0,0.0,0.0,0.0,2025-09-19 03:39:06.915,2.331666666667
Long Yeast Grow,pioreactor02,2025-09-19T01:39:29.915Z,22.77914,0.0,0.0,0.0,0.0,2025-09-19 03:39:29.915,2.338055555556
Long Yeast Grow,pioreactor02,2025-09-19T01:39:52.915Z,22.67714,0.0,0.0,0.0,0.0,2025-09-19 03:39:52.915,2.344444444444
Long Yeast Grow,pioreactor02,2025-09-19T01:39:53.402Z,22.67714,0.0,0.0,0.0,25.0,2025-09-19 03:39:53.402,2.344722222222
Long Yeast Grow,pioreactor02,2025-09-19T01:39:53.444Z,22.67714,0.0,0.0,0.0,48.7,2025-09-19 03:39:53.444,2.344722222222
Long Yeast Grow,pioreactor02,2025-09-19T01:40:15.915Z,22.57864,0.0,0.0,0.0,48.7,2025-09-19 03:40:15.915,2.350833333333
Long Yeast Grow,pioreactor02,2025-09-19T01:40:38.915Z,22.48864,0.0,0.0,0.0,48.7,2025-09-19 03:40:38.915,2.357222222222
Long Yeast Grow,pioreactor02,2025-09-19T01:41:01.915Z,22.37414,0.0,0.0,0.0,48.7,2025-09-19 03:41:01.915,2.363611111111
Long Yeast Grow,pioreactor02,2025-09-19T01:41:21.972Z,22.37414,0.0,0.0,0.0,0.0,2025-09-19 03:41:21.972,2.369166666667
Long Yeast Grow,pioreactor02,2025-09-19T01:41:24.915Z,22.26614,0.0,0.0,0.0,0.0,2025-09-19 03:41:24.915,2.37
Long Yeast Grow,pioreactor02,2025-09-19T01:41:47.915Z,22.15164,0.0,0.0,0.0,0.0,2025-09-19 03:41:47.915,2.376388888889
Long Yeast Grow,pioreactor02,2025-09-19T01:42:10.915Z,22.03714,0.0,0.0,0.0,0.0,2025-09-19 03:42:10.915,2.382777777778
Long Yeast Grow,pioreactor02,2025-09-19T01:42:33.915Z,21.94564,0.0,0.0,0.0,0.0,2025-09-19 03:42:33.915,2.389166666667
Long Yeast Grow,pioreactor02,2025-09-19T01:42:56.880Z,22.42114,0.0,0.0,0.0,0.0,2025-09-19 03:42:56.880,2.395555555556
Long Yeast Grow,pioreactor02,2025-09-19T01:43:13.404Z,22.42114,0.0,0.0,0.0,48.7,2025-09-19 03:43:13.404,2.400277777778
Long Yeast Grow,pioreactor02,2025-09-19T01:43:13.448Z,22.42114,0.0,0.0,0.0,61.98,2025-09-19 03:43:13.448,2.400277777778
Long Yeast Grow,pioreactor02,2025-09-19T01:43:19.915Z,22.86364,0.0,0.0,0.0,61.98,2025-09-19 03:43:19.915,2.401944444444
Long Yeast Grow,pioreactor02,2025-09-19T01:43:42.915Z,23.26714,0.0,0.0,0.0,61.98,2025-09-19 03:43:42.915,2.408333333333
Long Yeast Grow,pioreactor02,2025-09-19T01:44:05.915Z,23.61064,0.0,0.0,0.0,61.98,2025-09-19 03:44:05.915,2.414722222222
Long Yeast Grow,pioreactor02,2025-09-19T01:44:28.915Z,23.25014,0.0,0.0,0.0,61.98,2025-09-19 03:44:28.915,2.421111111111
Long Yeast Grow,pioreactor02,2025-09-19T01:44:41.973Z,23.25014,0.0,0.0,0.0,0.0,2025-09-19 03:44:41.973,2.424722222222
Long Yeast Grow,pioreactor02,2025-09-19T01:44:51.915Z,22.94714,0.0,0.0,0.0,0.0,2025-09-19 03:44:51.915,2.4275
Long Yeast Grow,pioreactor02,2025-09-19T01:45:14.915Z,22.67914,0.0,0.0,0.0,0.0,2025-09-19 03:45:14.915,2.433888888889
Long Yeast Grow,pioreactor02,2025-09-19T01:45:37.919Z,22.48914,0.0,0.0,0.0,0.0,2025-09-19 03:45:37.919,2.440277777778
Long Yeast Grow,pioreactor02,2025-09-19T01:46:00.915Z,22.25164,0.0,0.0,0.0,0.0,2025-09-19 03:46:00.915,2.446666666667
Long Yeast Grow,pioreactor02,2025-09-19T01:46:23.919Z,22.17364,0.0,0.0,0.0,0.0,2025-09-19 03:46:23.919,2.453055555556
Long Yeast Grow,pioreactor02,2025-09-19T01:46:33.407Z,22.17364,0.0,0.0,0.0,61.98,2025-09-19 03:46:33.407,2.455833333333
Long Yeast Grow,pioreactor02,2025-09-19T01:46:33.448Z,22.17364,0.0,0.0,0.0,74.35,2025-09-19 03:46:33.448,2.455833333333
Long Yeast Grow,pioreactor02,2025-09-19T01:46:46.915Z,22.17114,0.0,0.0,0.0,74.35,2025-09-19 03:46:46.915,2.459444444444
Long Yeast Grow,pioreactor02,2025-09-19T01:47:09.919Z,22.11514,0.0,0.0,0.0,74.35,2025-09-19 03:47:09.919,2.465833333333
Long Yeast Grow,pioreactor02,2025-09-19T01:47:32.915Z,22.04314,0.0,0.0,0.0,74.35,2025-09-19 03:47:32.915,2.472222222222
Long Yeast Grow,pioreactor02,2025-09-19T01:47:55.915Z,22.05114,0.0,0.0,0.0,74.35,2025-09-19 03:47:55.915,2.478611111111
Long Yeast Grow,pioreactor02,2025-09-19T01:48:01.973Z,22.05114,0.0,0.0,0.0,0.0,2025-09-19 03:48:01.973,2.480277777778
Long Yeast Grow,pioreactor02,2025-09-19T01:48:18.915Z,21.98664,0.0,0.0,0.0,0.0,2025-09-19 03:48:18.915,2.485
Long Yeast Grow,pioreactor02,2025-09-19T01:48:41.915Z,21.98514,0.0,0.0,0.0,0.0,2025-09-19 03:48:41.915,2.491388888889
Long Yeast Grow,pioreactor02,2025-09-19T01:49:04.915Z,21.90164,0.0,0.0,0.0,0.0,2025-09-19 03:49:04.915,2.497777777778
Long Yeast Grow,pioreactor02,2025-09-19T01:49:27.915Z,21.83764,0.0,0.0,0.0,0.0,2025-09-19 03:49:27.915,2.504166666667
Long Yeast Grow,pioreactor02,2025-09-19T01:49:50.915Z,21.79164,0.0,0.0,0.0,0.0,2025-09-19 03:49:50.915,2.510555555556
Long Yeast Grow,pioreactor02,2025-09-19T01:49:53.404Z,21.79164,0.0,0.0,0.0,74.35,2025-09-19 03:49:53.404,2.511388888889
Long Yeast Grow,pioreactor02,2025-09-19T01:49:53.448Z,21.79164,0.0,0.0,0.0,80.65,2025-09-19 03:49:53.448,2.511388888889
Long Yeast Grow,pioreactor02,2025-09-19T01:50:13.915Z,21.76164,0.0,0.0,0.0,80.65,2025-09-19 03:50:13.915,2.516944444444
Long Yeast Grow,pioreactor02,2025-09-19T01:50:36.915Z,21.76114,0.0,0.0,0.0,80.65,2025-09-19 03:50:36.915,2.523333333333
Long Yeast Grow,pioreactor02,2025-09-19T01:50:59.915Z,21.78014,0.0,0.0,0.0,80.65,2025-09-19 03:50:59.915,2.529722222222
Long Yeast Grow,pioreactor02,2025-09-19T01:51:21.972Z,21.78014,0.0,0.0,0.0,0.0,2025-09-19 03:51:21.972,2.535833333333
Long Yeast Grow,pioreactor02,2025-09-19T01:51:22.915Z,21.78764,0.0,0.0,0.0,0.0,2025-09-19 03:51:22.915,2.536111111111
Long Yeast Grow,pioreactor02,2025-09-19T01:51:45.915Z,21.74814,0.0,0.0,0.0,0.0,2025-09-19 03:51:45.915,2.5425
Long Yeast Grow,pioreactor02,2025-09-19T01:52:08.919Z,21.76814,0.0,0.0,0.0,0.0,2025-09-19 03:52:08.919,2.548888888889
Long Yeast Grow,pioreactor02,2025-09-19T01:52:31.915Z,22.25614,0.0,0.0,0.0,0.0,2025-09-19 03:52:31.915,2.555277777778
Long Yeast Grow,pioreactor02,2025-09-19T01:52:54.915Z,22.69014,0.0,0.0,0.0,0.0,2025-09-19 03:52:54.915,2.561666666667
Long Yeast Grow,pioreactor02,2025-09-19T01:53:13.407Z,22.69014,0.0,0.0,0.0,80.65,2025-09-19 03:53:13.407,2.566944444444
Long Yeast Grow,pioreactor02,2025-09-19T01:53:13.449Z,22.69014,0.0,0.0,0.0,84.06,2025-09-19 03:53:13.449,2.566944444444
Long Yeast Grow,pioreactor02,2025-09-19T01:53:17.915Z,23.09964,0.0,0.0,0.0,84.06,2025-09-19 03:53:17.915,2.568055555556
Long Yeast Grow,pioreactor02,2025-09-19T01:53:40.915Z,22.77464,0.0,0.0,0.0,84.06,2025-09-19 03:53:40.915,2.574444444444
Long Yeast Grow,pioreactor02,2025-09-19T01:54:03.915Z,22.49914,0.0,0.0,0.0,84.06,2025-09-19 03:54:03.915,2.580833333333
Long Yeast Grow,pioreactor02,2025-09-19T01:54:26.915Z,22.26964,0.0,0.0,0.0,84.06,2025-09-19 03:54:26.915,2.587222222222
Long Yeast Grow,pioreactor02,2025-09-19T01:54:41.972Z,22.26964,0.0,0.0,0.0,0.0,2025-09-19 03:54:41.972,2.591388888889
Long Yeast Grow,pioreactor02,2025-09-19T01:54:49.915Z,22.06814,0.0,0.0,0.0,0.0,2025-09-19 03:54:49.915,2.593611111111
Long Yeast Grow,pioreactor02,2025-09-19T01:55:12.915Z,21.90864,0.0,0.0,0.0,0.0,2025-09-19 03:55:12.915,2.6
Long Yeast Grow,pioreactor02,2025-09-19T01:55:35.915Z,21.78864,0.0,0.0,0.0,0.0,2025-09-19 03:55:35.915,2.606388888889
Long Yeast Grow,pioreactor02,2025-09-19T01:55:58.915Z,21.68214,0.0,0.0,0.0,0.0,2025-09-19 03:55:58.915,2.612777777778
Long Yeast Grow,pioreactor02,2025-09-19T01:56:21.915Z,21.61914,0.0,0.0,0.0,0.0,2025-09-19 03:56:21.915,2.619166666667
Long Yeast Grow,pioreactor02,2025-09-19T01:56:33.403Z,21.61914,0.0,0.0,0.0,84.06,2025-09-19 03:56:33.403,2.6225
Long Yeast Grow,pioreactor02,2025-09-19T01:56:33.447Z,21.61914,0.0,0.0,0.0,84.32,2025-09-19 03:56:33.447,2.6225
Long Yeast Grow,pioreactor02,2025-09-19T01:56:44.915Z,21.60214,0.0,0.0,0.0,84.32,2025-09-19 03:56:44.915,2.625555555556
Long Yeast Grow,pioreactor02,2025-09-19T01:57:07.915Z,21.56114,0.0,0.0,0.0,84.32,2025-09-19 03:57:07.915,2.631944444444
Long Yeast Grow,pioreactor02,2025-09-19T01:57:30.915Z,21.52964,0.0,0.0,0.0,84.32,2025-09-19 03:57:30.915,2.638333333333
Long Yeast Grow,pioreactor02,2025-09-19T01:57:53.915Z,21.53264,0.0,0.0,0.0,84.32,2025-09-19 03:57:53.915,2.644722222222
Long Yeast Grow,pioreactor02,2025-09-19T01:58:01.973Z,21.53264,0.0,0.0,0.0,0.0,2025-09-19 03:58:01.973,2.646944444444
Long Yeast Grow,pioreactor02,2025-09-19T01:58:16.915Z,21.47764,0.0,0.0,0.0,0.0,2025-09-19 03:58:16.915,2.651111111111
Long Yeast Grow,pioreactor02,2025-09-19T01:58:39.915Z,21.46264,0.0,0.0,0.0,0.0,2025-09-19 03:58:39.915,2.6575
Long Yeast Grow,pioreactor02,2025-09-19T01:59:02.915Z,21.44614,0.0,0.0,0.0,0.0,2025-09-19 03:59:02.915,2.663888888889
Long Yeast Grow,pioreactor02,2025-09-19T01:59:25.915Z,21.46614,0.0,0.0,0.0,0.0,2025-09-19 03:59:25.915,2.670277777778
Long Yeast Grow,pioreactor02,2025-09-19T01:59:48.915Z,21.46614,0.0,0.0,0.0,0.0,2025-09-19 03:59:48.915,2.676666666667
Long Yeast Grow,pioreactor02,2025-09-19T01:59:53.405Z,21.46614,0.0,0.0,0.0,84.32,2025-09-19 03:59:53.405,2.678055555556
Long Yeast Grow,pioreactor02,2025-09-19T01:59:53.448Z,21.46614,0.0,0.0,0.0,82.73,2025-09-19 03:59:53.448,2.678055555556
Long Yeast Grow,pioreactor02,2025-09-19T02:00:11.919Z,21.45314,0.0,0.0,0.0,82.73,2025-09-19 04:00:11.919,2.683055555556
Long Yeast Grow,pioreactor02,2025-09-19T02:00:34.919Z,21.45314,0.0,0.0,0.0,82.73,2025-09-19 04:00:34.919,2.689444444444
Long Yeast Grow,pioreactor02,2025-09-19T02:00:57.915Z,21.45314,0.0,0.0,0.0,82.73,2025-09-19 04:00:57.915,2.695833333333
Long Yeast Grow,pioreactor02,2025-09-19T02:01:20.915Z,21.40364,0.0,0.0,0.0,82.73,2025-09-19 04:01:20.915,2.702222222222
Long Yeast Grow,pioreactor02,2025-09-19T02:01:21.972Z,21.40364,0.0,0.0,0.0,0.0,2025-09-19 04:01:21.972,2.7025
Long Yeast Grow,pioreactor02,2025-09-19T02:01:43.915Z,21.35914,0.0,0.0,0.0,0.0,2025-09-19 04:01:43.915,2.708611111111
Long Yeast Grow,pioreactor02,2025-09-19T02:02:06.919Z,21.28864,0.0,0.0,0.0,0.0,2025-09-19 04:02:06.919,2.715
Long Yeast Grow,pioreactor02,2025-09-19T02:02:29.915Z,21.26364,0.0,0.0,0.0,0.0,2025-09-19 04:02:29.915,2.721388888889
Long Yeast Grow,pioreactor02,2025-09-19T02:02:52.915Z,21.20464,0.0,0.0,0.0,0.0,2025-09-19 04:02:52.915,2.727777777778
Long Yeast Grow,pioreactor02,2025-09-19T02:03:13.404Z,21.20464,0.0,0.0,0.0,82.73,2025-09-19 04:03:13.404,2.733611111111
Long Yeast Grow,pioreactor02,2025-09-19T02:03:13.448Z,21.20464,0.0,0.0,0.0,79.45,2025-09-19 04:03:13.448,2.733611111111
Long Yeast Grow,pioreactor02,2025-09-19T02:03:15.915Z,21.20814,0.0,0.0,0.0,79.45,2025-09-19 04:03:15.915,2.734166666667
Long Yeast Grow,pioreactor02,2025-09-19T02:03:38.915Z,21.19214,0.0,0.0,0.0,79.45,2025-09-19 04:03:38.915,2.740555555556
Long Yeast Grow,pioreactor02,2025-09-19T02:04:01.919Z,21.19664,0.0,0.0,0.0,79.45,2025-09-19 04:04:01.919,2.746944444444
Long Yeast Grow,pioreactor02,2025-09-19T02:04:24.915Z,21.19964,0.0,0.0,0.0,79.45,2025-09-19 04:04:24.915,2.753333333333
Long Yeast Grow,pioreactor02,2025-09-19T02:04:41.972Z,21.19964,0.0,0.0,0.0,0.0,2025-09-19 04:04:41.972,2.758055555556
Long Yeast Grow,pioreactor02,2025-09-19T02:04:47.915Z,21.14764,0.0,0.0,0.0,0.0,2025-09-19 04:04:47.915,2.759722222222
Long Yeast Grow,pioreactor02,2025-09-19T02:05:10.915Z,21.14964,0.0,0.0,0.0,0.0,2025-09-19 04:05:10.915,2.766111111111
Long Yeast Grow,pioreactor02,2025-09-19T02:05:33.915Z,21.15114,0.0,0.0,0.0,0.0,2025-09-19 04:05:33.915,2.7725
Long Yeast Grow,pioreactor02,2025-09-19T02:05:56.915Z,21.67664,0.0,0.0,0.0,0.0,2025-09-19 04:05:56.915,2.778888888889
Long Yeast Grow,pioreactor02,2025-09-19T02:06:19.915Z,22.15614,0.0,0.0,0.0,0.0,2025-09-19 04:06:19.915,2.785277777778
Long Yeast Grow,pioreactor02,2025-09-19T02:06:33.404Z,22.15614,0.0,0.0,0.0,79.45,2025-09-19 04:06:33.404,2.789166666667
Long Yeast Grow,pioreactor02,2025-09-19T02:06:33.448Z,22.15614,0.0,0.0,0.0,75.14,2025-09-19 04:06:33.448,2.789166666667
Long Yeast Grow,pioreactor02,2025-09-19T02:06:42.915Z,22.60114,0.0,0.0,0.0,75.14,2025-09-19 04:06:42.915,2.791666666667
Long Yeast Grow,pioreactor02,2025-09-19T02:07:05.915Z,23.01014,0.0,0.0,0.0,75.14,2025-09-19 04:07:05.915,2.798055555556
Long Yeast Grow,pioreactor02,2025-09-19T02:07:28.919Z,22.63814,0.0,0.0,0.0,75.14,2025-09-19 04:07:28.919,2.804444444444
Long Yeast Grow,pioreactor02,2025-09-19T02:07:51.915Z,22.33314,0.0,0.0,0.0,75.14,2025-09-19 04:07:51.915,2.810833333333
Long Yeast Grow,pioreactor02,2025-09-19T02:08:01.972Z,22.33314,0.0,0.0,0.0,0.0,2025-09-19 04:08:01.972,2.813611111111
Long Yeast Grow,pioreactor02,2025-09-19T02:08:14.915Z,22.01614,0.0,0.0,0.0,0.0,2025-09-19 04:08:14.915,2.817222222222
Long Yeast Grow,pioreactor02,2025-09-19T02:08:37.915Z,21.76514,0.0,0.0,0.0,0.0,2025-09-19 04:08:37.915,2.823611111111
Long Yeast Grow,pioreactor02,2025-09-19T02:09:00.915Z,21.57064,0.0,0.0,0.0,0.0,2025-09-19 04:09:00.915,2.83
Long Yeast Grow,pioreactor02,2025-09-19T02:09:23.915Z,21.40464,0.0,0.0,0.0,0.0,2025-09-19 04:09:23.915,2.836388888889
Long Yeast Grow,pioreactor02,2025-09-19T02:09:46.923Z,21.26114,0.0,0.0,0.0,0.0,2025-09-19 04:09:46.923,2.842777777778
Long Yeast Grow,pioreactor02,2025-09-19T02:09:53.405Z,21.26114,0.0,0.0,0.0,75.14,2025-09-19 04:09:53.405,2.844722222222
Long Yeast Grow,pioreactor02,2025-09-19T02:09:53.448Z,21.26114,0.0,0.0,0.0,70.39,2025-09-19 04:09:53.448,2.844722222222
Long Yeast Grow,pioreactor02,2025-09-19T02:10:09.915Z,21.16114,0.0,0.0,0.0,70.39,2025-09-19 04:10:09.915,2.849166666667
Long Yeast Grow,pioreactor02,2025-09-19T02:10:32.915Z,21.10114,0.0,0.0,0.0,70.39,2025-09-19 04:10:32.915,2.855555555556
Long Yeast Grow,pioreactor02,2025-09-19T02:10:55.915Z,21.04464,0.0,0.0,0.0,70.39,2025-09-19 04:10:55.915,2.861944444444
Long Yeast Grow,pioreactor02,2025-09-19T02:11:18.915Z,20.99064,0.0,0.0,0.0,70.39,2025-09-19 04:11:18.915,2.868333333333
Long Yeast Grow,pioreactor02,2025-09-19T02:11:21.972Z,20.99064,0.0,0.0,0.0,0.0,2025-09-19 04:11:21.972,2.869166666667
Long Yeast Grow,pioreactor02,2025-09-19T02:11:41.915Z,20.93714,0.0,0.0,0.0,0.0,2025-09-19 04:11:41.915,2.874722222222
Long Yeast Grow,pioreactor02,2025-09-19T02:12:04.915Z,20.86164,0.0,0.0,0.0,0.0,2025-09-19 04:12:04.915,2.881111111111
Long Yeast Grow,pioreactor02,2025-09-19T02:12:27.915Z,20.89014,0.0,0.0,0.0,0.0,2025-09-19 04:12:27.915,2.8875
Long Yeast Grow,pioreactor02,2025-09-19T02:12:50.919Z,20.91714,0.0,0.0,0.0,0.0,2025-09-19 04:12:50.919,2.893888888889
Long Yeast Grow,pioreactor02,2025-09-19T02:13:13.406Z,20.91714,0.0,0.0,0.0,70.39,2025-09-19 04:13:13.406,2.900277777778
Long Yeast Grow,pioreactor02,2025-09-19T02:13:13.449Z,20.91714,0.0,0.0,0.0,64.38,2025-09-19 04:13:13.449,2.900277777778
Long Yeast Grow,pioreactor02,2025-09-19T02:13:13.915Z,20.92414,0.0,0.0,0.0,64.38,2025-09-19 04:13:13.915,2.900277777778
Long Yeast Grow,pioreactor02,2025-09-19T02:13:36.915Z,20.92714,0.0,0.0,0.0,64.38,2025-09-19 04:13:36.915,2.906666666667
Long Yeast Grow,pioreactor02,2025-09-19T02:13:59.915Z,20.99014,0.0,0.0,0.0,64.38,2025-09-19 04:13:59.915,2.913055555556
Long Yeast Grow,pioreactor02,2025-09-19T02:14:22.915Z,20.97464,0.0,0.0,0.0,64.38,2025-09-19 04:14:22.915,2.919444444444
Long Yeast Grow,pioreactor02,2025-09-19T02:14:41.973Z,20.97464,0.0,0.0,0.0,0.0,2025-09-19 04:14:41.973,2.924722222222
Long Yeast Grow,pioreactor02,2025-09-19T02:14:45.915Z,20.94214,0.0,0.0,0.0,0.0,2025-09-19 04:14:45.915,2.925833333333
Long Yeast Grow,pioreactor02,2025-09-19T02:15:08.915Z,21.00064,0.0,0.0,0.0,0.0,2025-09-19 04:15:08.915,2.932222222222
Long Yeast Grow,pioreactor02,2025-09-19T02:15:31.915Z,21.03764,0.0,0.0,0.0,0.0,2025-09-19 04:15:31.915,2.938611111111
Long Yeast Grow,pioreactor02,2025-09-19T02:15:54.915Z,21.17164,0.0,0.0,0.0,0.0,2025-09-19 04:15:54.915,2.945
Long Yeast Grow,pioreactor02,2025-09-19T02:16:17.915Z,21.67714,0.0,0.0,0.0,0.0,2025-09-19 04:16:17.915,2.951388888889
Long Yeast Grow,pioreactor02,2025-09-19T02:16:33.405Z,21.67714,0.0,0.0,0.0,64.38,2025-09-19 04:16:33.405,2.955833333333
Long Yeast Grow,pioreactor02,2025-09-19T02:16:33.447Z,21.67714,0.0,0.0,0.0,59.69,2025-09-19 04:16:33.447,2.955833333333
Long Yeast Grow,pioreactor02,2025-09-19T02:16:40.915Z,22.17264,0.0,0.0,0.0,59.69,2025-09-19 04:16:40.915,2.957777777778
Long Yeast Grow,pioreactor02,2025-09-19T02:17:03.915Z,22.62414,0.0,0.0,0.0,59.69,2025-09-19 04:17:03.915,2.964166666667
Long Yeast Grow,pioreactor02,2025-09-19T02:17:26.919Z,23.01814,0.0,0.0,0.0,59.69,2025-09-19 04:17:26.919,2.970555555556
Long Yeast Grow,pioreactor02,2025-09-19T02:17:49.915Z,22.60814,0.0,0.0,0.0,59.69,2025-09-19 04:17:49.915,2.976944444444
Long Yeast Grow,pioreactor02,2025-09-19T02:18:01.972Z,22.60814,0.0,0.0,0.0,0.0,2025-09-19 04:18:01.972,2.980277777778
Long Yeast Grow,pioreactor02,2025-09-19T02:18:12.915Z,22.24464,0.0,0.0,0.0,0.0,2025-09-19 04:18:12.915,2.983333333333
Long Yeast Grow,pioreactor02,2025-09-19T02:18:35.915Z,21.96114,0.0,0.0,0.0,0.0,2025-09-19 04:18:35.915,2.989722222222
Long Yeast Grow,pioreactor02,2025-09-19T02:18:58.915Z,21.72914,0.0,0.0,0.0,0.0,2025-09-19 04:18:58.915,2.996111111111
Long Yeast Grow,pioreactor02,2025-09-19T02:19:21.915Z,21.51714,0.0,0.0,0.0,0.0,2025-09-19 04:19:21.915,3.0025
Long Yeast Grow,pioreactor02,2025-09-19T02:19:44.915Z,21.36014,0.0,0.0,0.0,0.0,2025-09-19 04:19:44.915,3.008888888889
Long Yeast Grow,pioreactor02,2025-09-19T02:19:53.403Z,21.36014,0.0,0.0,0.0,59.69,2025-09-19 04:19:53.403,3.011388888889
Long Yeast Grow,pioreactor02,2025-09-19T02:19:53.447Z,21.36014,0.0,0.0,0.0,54.53,2025-09-19 04:19:53.447,3.011388888889
Long Yeast Grow,pioreactor02,2025-09-19T02:20:07.915Z,21.26914,0.0,0.0,0.0,54.53,2025-09-19 04:20:07.915,3.015277777778
Long Yeast Grow,pioreactor02,2025-09-19T02:20:30.915Z,21.23814,0.0,0.0,0.0,54.53,2025-09-19 04:20:30.915,3.021666666667
Long Yeast Grow,pioreactor02,2025-09-19T02:20:53.919Z,21.18064,0.0,0.0,0.0,54.53,2025-09-19 04:20:53.919,3.028055555556
Long Yeast Grow,pioreactor02,2025-09-19T02:21:16.915Z,21.18464,0.0,0.0,0.0,54.53,2025-09-19 04:21:16.915,3.034444444444
Long Yeast Grow,pioreactor02,2025-09-19T02:21:21.973Z,21.18464,0.0,0.0,0.0,0.0,2025-09-19 04:21:21.973,3.035833333333
Long Yeast Grow,pioreactor02,2025-09-19T02:21:39.915Z,21.14564,0.0,0.0,0.0,0.0,2025-09-19 04:21:39.915,3.040833333333
Long Yeast Grow,pioreactor02,2025-09-19T02:22:02.915Z,21.14914,0.0,0.0,0.0,0.0,2025-09-19 04:22:02.915,3.047222222222
Long Yeast Grow,pioreactor02,2025-09-19T02:22:25.915Z,21.15164,0.0,0.0,0.0,0.0,2025-09-19 04:22:25.915,3.053611111111
Long Yeast Grow,pioreactor02,2025-09-19T02:22:48.879Z,21.13464,0.0,0.0,0.0,0.0,2025-09-19 04:22:48.879,3.06
Long Yeast Grow,pioreactor02,2025-09-19T02:23:11.915Z,21.18214,0.0,0.0,0.0,0.0,2025-09-19 04:23:11.915,3.066388888889
Long Yeast Grow,pioreactor02,2025-09-19T02:23:13.404Z,21.18214,0.0,0.0,0.0,54.53,2025-09-19 04:23:13.404,3.066944444444
Long Yeast Grow,pioreactor02,2025-09-19T02:23:13.447Z,21.18214,0.0,0.0,0.0,49.97,2025-09-19 04:23:13.447,3.066944444444
Long Yeast Grow,pioreactor02,2025-09-19T02:23:34.919Z,21.17764,0.0,0.0,0.0,49.97,2025-09-19 04:23:34.919,3.072777777778
Long Yeast Grow,pioreactor02,2025-09-19T02:23:57.915Z,21.14914,0.0,0.0,0.0,49.97,2025-09-19 04:23:57.915,3.079166666667
Long Yeast Grow,pioreactor02,2025-09-19T02:24:20.915Z,21.14714,0.0,0.0,0.0,49.97,2025-09-19 04:24:20.915,3.085555555556
Long Yeast Grow,pioreactor02,2025-09-19T02:24:41.972Z,21.14714,0.0,0.0,0.0,0.0,2025-09-19 04:24:41.972,3.091388888889
Long Yeast Grow,pioreactor02,2025-09-19T02:24:43.915Z,21.15414,0.0,0.0,0.0,0.0,2025-09-19 04:24:43.915,3.091944444444
Long Yeast Grow,pioreactor02,2025-09-19T02:25:06.915Z,21.13214,0.0,0.0,0.0,0.0,2025-09-19 04:25:06.915,3.098333333333
Long Yeast Grow,pioreactor02,2025-09-19T02:25:29.915Z,21.09564,0.0,0.0,0.0,0.0,2025-09-19 04:25:29.915,3.104722222222
Long Yeast Grow,pioreactor02,2025-09-19T02:25:52.915Z,21.09514,0.0,0.0,0.0,0.0,2025-09-19 04:25:52.915,3.111111111111
Long Yeast Grow,pioreactor02,2025-09-19T02:26:15.915Z,21.06464,0.0,0.0,0.0,0.0,2025-09-19 04:26:15.915,3.1175
Long Yeast Grow,pioreactor02,2025-09-19T02:26:33.404Z,21.06464,0.0,0.0,0.0,49.97,2025-09-19 04:26:33.404,3.1225
Long Yeast Grow,pioreactor02,2025-09-19T02:26:33.448Z,21.06464,0.0,0.0,0.0,47.23,2025-09-19 04:26:33.448,3.1225
Long Yeast Grow,pioreactor02,2025-09-19T02:26:38.915Z,21.06464,0.0,0.0,0.0,47.23,2025-09-19 04:26:38.915,3.123888888889
Long Yeast Grow,pioreactor02,2025-09-19T02:27:01.915Z,21.06714,0.0,0.0,0.0,47.23,2025-09-19 04:27:01.915,3.130277777778
Long Yeast Grow,pioreactor02,2025-09-19T02:27:24.915Z,21.11864,0.0,0.0,0.0,47.23,2025-09-19 04:27:24.915,3.136666666667
Long Yeast Grow,pioreactor02,2025-09-19T02:27:47.915Z,21.12364,0.0,0.0,0.0,47.23,2025-09-19 04:27:47.915,3.143055555556
Long Yeast Grow,pioreactor02,2025-09-19T02:28:01.973Z,21.12364,0.0,0.0,0.0,0.0,2025-09-19 04:28:01.973,3.146944444444
Long Yeast Grow,pioreactor02,2025-09-19T02:28:10.915Z,21.16214,0.0,0.0,0.0,0.0,2025-09-19 04:28:10.915,3.149444444444
Long Yeast Grow,pioreactor02,2025-09-19T02:28:33.915Z,21.20014,0.0,0.0,0.0,0.0,2025-09-19 04:28:33.915,3.155833333333
Long Yeast Grow,pioreactor02,2025-09-19T02:28:56.915Z,21.16614,0.0,0.0,0.0,0.0,2025-09-19 04:28:56.915,3.162222222222
Long Yeast Grow,pioreactor02,2025-09-19T02:29:19.915Z,21.15314,0.0,0.0,0.0,0.0,2025-09-19 04:29:19.915,3.168611111111
Long Yeast Grow,pioreactor02,2025-09-19T02:29:42.915Z,21.15564,0.0,0.0,0.0,0.0,2025-09-19 04:29:42.915,3.175
Long Yeast Grow,pioreactor02,2025-09-19T02:29:53.405Z,21.15564,0.0,0.0,0.0,47.23,2025-09-19 04:29:53.405,3.178055555556
Long Yeast Grow,pioreactor02,2025-09-19T02:29:53.447Z,21.15564,0.0,0.0,0.0,45.33,2025-09-19 04:29:53.447,3.178055555556
Long Yeast Grow,pioreactor02,2025-09-19T02:30:05.915Z,21.15314,0.0,0.0,0.0,45.33,2025-09-19 04:30:05.915,3.181388888889
Long Yeast Grow,pioreactor02,2025-09-19T02:30:28.915Z,21.15164,0.0,0.0,0.0,45.33,2025-09-19 04:30:28.915,3.187777777778
Long Yeast Grow,pioreactor02,2025-09-19T02:30:51.915Z,21.14814,0.0,0.0,0.0,45.33,2025-09-19 04:30:51.915,3.194166666667
Long Yeast Grow,pioreactor02,2025-09-19T02:31:14.915Z,21.11464,0.0,0.0,0.0,45.33,2025-09-19 04:31:14.915,3.200555555556
Long Yeast Grow,pioreactor02,2025-09-19T02:31:21.973Z,21.11464,0.0,0.0,0.0,0.0,2025-09-19 04:31:21.973,3.2025
Long Yeast Grow,pioreactor02,2025-09-19T02:31:37.915Z,21.11314,0.0,0.0,0.0,0.0,2025-09-19 04:31:37.915,3.206944444444
Long Yeast Grow,pioreactor02,2025-09-19T02:32:00.915Z,21.08864,0.0,0.0,0.0,0.0,2025-09-19 04:32:00.915,3.213333333333
Long Yeast Grow,pioreactor02,2025-09-19T02:32:23.915Z,21.09064,0.0,0.0,0.0,0.0,2025-09-19 04:32:23.915,3.219722222222
Long Yeast Grow,pioreactor02,2025-09-19T02:32:46.915Z,21.09914,0.0,0.0,0.0,0.0,2025-09-19 04:32:46.915,3.226111111111
Long Yeast Grow,pioreactor02,2025-09-19T02:33:09.915Z,21.10114,0.0,0.0,0.0,0.0,2025-09-19 04:33:09.915,3.2325
Long Yeast Grow,pioreactor02,2025-09-19T02:33:13.406Z,21.10114,0.0,0.0,0.0,45.33,2025-09-19 04:33:13.406,3.233611111111
Long Yeast Grow,pioreactor02,2025-09-19T02:33:13.449Z,21.10114,0.0,0.0,0.0,43.12,2025-09-19 04:33:13.449,3.233611111111
Long Yeast Grow,pioreactor02,2025-09-19T02:33:32.915Z,21.09864,0.0,0.0,0.0,43.12,2025-09-19 04:33:32.915,3.238888888889
Long Yeast Grow,pioreactor02,2025-09-19T02:33:55.919Z,21.11664,0.0,0.0,0.0,43.12,2025-09-19 04:33:55.919,3.245277777778
Long Yeast Grow,pioreactor02,2025-09-19T02:34:18.915Z,21.15314,0.0,0.0,0.0,43.12,2025-09-19 04:34:18.915,3.251666666667
Long Yeast Grow,pioreactor02,2025-09-19T02:34:41.919Z,21.15514,0.0,0.0,0.0,43.12,2025-09-19 04:34:41.919,3.258055555556
Long Yeast Grow,pioreactor02,2025-09-19T02:34:41.973Z,21.15514,0.0,0.0,0.0,0.0,2025-09-19 04:34:41.973,3.258055555556
Long Yeast Grow,pioreactor02,2025-09-19T02:35:04.915Z,21.08864,0.0,0.0,0.0,0.0,2025-09-19 04:35:04.915,3.264444444444
Long Yeast Grow,pioreactor02,2025-09-19T02:35:27.915Z,21.11964,0.0,0.0,0.0,0.0,2025-09-19 04:35:27.915,3.270833333333
Long Yeast Grow,pioreactor02,2025-09-19T02:35:50.915Z,21.11714,0.0,0.0,0.0,0.0,2025-09-19 04:35:50.915,3.277222222222
Long Yeast Grow,pioreactor02,2025-09-19T02:36:13.915Z,21.07664,0.0,0.0,0.0,0.0,2025-09-19 04:36:13.915,3.283611111111
Long Yeast Grow,pioreactor02,2025-09-19T02:36:33.404Z,21.07664,0.0,0.0,0.0,43.12,2025-09-19 04:36:33.404,3.289166666667
Long Yeast Grow,pioreactor02,2025-09-19T02:36:33.447Z,21.07664,0.0,0.0,0.0,43.26,2025-09-19 04:36:33.447,3.289166666667
Long Yeast Grow,pioreactor02,2025-09-19T02:36:36.915Z,21.07914,0.0,0.0,0.0,43.26,2025-09-19 04:36:36.915,3.29
Long Yeast Grow,pioreactor02,2025-09-19T02:36:59.915Z,21.13614,0.0,0.0,0.0,43.26,2025-09-19 04:36:59.915,3.296388888889
Long Yeast Grow,pioreactor02,2025-09-19T02:37:22.915Z,21.13664,0.0,0.0,0.0,43.26,2025-09-19 04:37:22.915,3.302777777778
Long Yeast Grow,pioreactor02,2025-09-19T02:37:45.915Z,21.15714,0.0,0.0,0.0,43.26,2025-09-19 04:37:45.915,3.309166666667
Long Yeast Grow,pioreactor02,2025-09-19T02:38:01.972Z,21.15714,0.0,0.0,0.0,0.0,2025-09-19 04:38:01.972,3.313611111111
Long Yeast Grow,pioreactor02,2025-09-19T02:38:08.915Z,21.13414,0.0,0.0,0.0,0.0,2025-09-19 04:38:08.915,3.315555555556
Long Yeast Grow,pioreactor02,2025-09-19T02:38:31.915Z,21.13014,0.0,0.0,0.0,0.0,2025-09-19 04:38:31.915,3.321944444444
Long Yeast Grow,pioreactor02,2025-09-19T02:38:54.919Z,21.15864,0.0,0.0,0.0,0.0,2025-09-19 04:38:54.919,3.328333333333
Long Yeast Grow,pioreactor02,2025-09-19T02:39:17.915Z,21.20264,0.0,0.0,0.0,0.0,2025-09-19 04:39:17.915,3.334722222222
Long Yeast Grow,pioreactor02,2025-09-19T02:39:40.915Z,21.18514,0.0,0.0,0.0,0.0,2025-09-19 04:39:40.915,3.341111111111
Long Yeast Grow,pioreactor02,2025-09-19T02:39:53.403Z,21.18514,0.0,0.0,0.0,43.26,2025-09-19 04:39:53.403,3.344722222222
Long Yeast Grow,pioreactor02,2025-09-19T02:39:53.450Z,21.18514,0.0,0.0,0.0,42.96,2025-09-19 04:39:53.450,3.344722222222
Long Yeast Grow,pioreactor02,2025-09-19T02:40:03.915Z,21.18664,0.0,0.0,0.0,42.96,2025-09-19 04:40:03.915,3.3475
Long Yeast Grow,pioreactor02,2025-09-19T02:40:26.915Z,21.18814,0.0,0.0,0.0,42.96,2025-09-19 04:40:26.915,3.353888888889
Long Yeast Grow,pioreactor02,2025-09-19T02:40:49.915Z,21.17114,0.0,0.0,0.0,42.96,2025-09-19 04:40:49.915,3.360277777778
Long Yeast Grow,pioreactor02,2025-09-19T02:41:12.915Z,21.17114,0.0,0.0,0.0,42.96,2025-09-19 04:41:12.915,3.366666666667
Long Yeast Grow,pioreactor02,2025-09-19T02:41:21.973Z,21.17114,0.0,0.0,0.0,0.0,2025-09-19 04:41:21.973,3.369166666667
Long Yeast Grow,pioreactor02,2025-09-19T02:41:35.919Z,21.17164,0.0,0.0,0.0,0.0,2025-09-19 04:41:35.919,3.373055555556
Long Yeast Grow,pioreactor02,2025-09-19T02:41:58.915Z,21.15814,0.0,0.0,0.0,0.0,2025-09-19 04:41:58.915,3.379444444444
Long Yeast Grow,pioreactor02,2025-09-19T02:42:21.915Z,21.13664,0.0,0.0,0.0,0.0,2025-09-19 04:42:21.915,3.385833333333
Long Yeast Grow,pioreactor02,2025-09-19T02:42:44.915Z,21.14014,0.0,0.0,0.0,0.0,2025-09-19 04:42:44.915,3.392222222222
Long Yeast Grow,pioreactor02,2025-09-19T02:43:07.915Z,21.13214,0.0,0.0,0.0,0.0,2025-09-19 04:43:07.915,3.398611111111
Long Yeast Grow,pioreactor02,2025-09-19T02:43:13.404Z,21.13214,0.0,0.0,0.0,42.96,2025-09-19 04:43:13.404,3.400277777778
Long Yeast Grow,pioreactor02,2025-09-19T02:43:13.448Z,21.13214,0.0,0.0,0.0,40.51,2025-09-19 04:43:13.448,3.400277777778
Long Yeast Grow,pioreactor02,2025-09-19T02:43:30.915Z,21.15014,0.0,0.0,0.0,40.51,2025-09-19 04:43:30.915,3.405
Long Yeast Grow,pioreactor02,2025-09-19T02:43:53.915Z,21.20264,0.0,0.0,0.0,40.51,2025-09-19 04:43:53.915,3.411388888889
Long Yeast Grow,pioreactor02,2025-09-19T02:44:16.915Z,21.20314,0.0,0.0,0.0,40.51,2025-09-19 04:44:16.915,3.417777777778
Long Yeast Grow,pioreactor02,2025-09-19T02:44:39.915Z,21.23464,0.0,0.0,0.0,40.51,2025-09-19 04:44:39.915,3.424166666667
Long Yeast Grow,pioreactor02,2025-09-19T02:44:41.972Z,21.23464,0.0,0.0,0.0,0.0,2025-09-19 04:44:41.972,3.424722222222
Long Yeast Grow,pioreactor02,2025-09-19T02:45:02.915Z,21.20314,0.0,0.0,0.0,0.0,2025-09-19 04:45:02.915,3.430555555556
Long Yeast Grow,pioreactor02,2025-09-19T02:45:25.915Z,21.17464,0.0,0.0,0.0,0.0,2025-09-19 04:45:25.915,3.436944444444
Long Yeast Grow,pioreactor02,2025-09-19T02:45:48.915Z,21.15664,0.0,0.0,0.0,0.0,2025-09-19 04:45:48.915,3.443333333333
Long Yeast Grow,pioreactor02,2025-09-19T02:46:11.915Z,21.15814,0.0,0.0,0.0,0.0,2025-09-19 04:46:11.915,3.449722222222
Long Yeast Grow,pioreactor02,2025-09-19T02:46:33.406Z,21.15814,0.0,0.0,0.0,40.51,2025-09-19 04:46:33.406,3.455833333333
Long Yeast Grow,pioreactor02,2025-09-19T02:46:33.450Z,21.15814,0.0,0.0,0.0,39.78,2025-09-19 04:46:33.450,3.455833333333
Long Yeast Grow,pioreactor02,2025-09-19T02:46:34.915Z,21.15414,0.0,0.0,0.0,39.78,2025-09-19 04:46:34.915,3.456111111111
Long Yeast Grow,pioreactor02,2025-09-19T02:46:57.915Z,21.15864,0.0,0.0,0.0,39.78,2025-09-19 04:46:57.915,3.4625
Long Yeast Grow,pioreactor02,2025-09-19T02:47:20.915Z,21.16014,0.0,0.0,0.0,39.78,2025-09-19 04:47:20.915,3.468888888889
Long Yeast Grow,pioreactor02,2025-09-19T02:47:43.915Z,21.16114,0.0,0.0,0.0,39.78,2025-09-19 04:47:43.915,3.475277777778
Long Yeast Grow,pioreactor02,2025-09-19T02:48:01.972Z,21.16114,0.0,0.0,0.0,0.0,2025-09-19 04:48:01.972,3.480277777778
Long Yeast Grow,pioreactor02,2025-09-19T02:48:06.915Z,21.15864,0.0,0.0,0.0,0.0,2025-09-19 04:48:06.915,3.481666666667
Long Yeast Grow,pioreactor02,2025-09-19T02:48:29.915Z,21.16164,0.0,0.0,0.0,0.0,2025-09-19 04:48:29.915,3.488055555556
Long Yeast Grow,pioreactor02,2025-09-19T02:48:52.915Z,21.16514,0.0,0.0,0.0,0.0,2025-09-19 04:48:52.915,3.494444444444
Long Yeast Grow,pioreactor02,2025-09-19T02:49:15.915Z,21.13564,0.0,0.0,0.0,0.0,2025-09-19 04:49:15.915,3.500833333333
Long Yeast Grow,pioreactor02,2025-09-19T02:49:38.915Z,21.13464,0.0,0.0,0.0,0.0,2025-09-19 04:49:38.915,3.507222222222
Long Yeast Grow,pioreactor02,2025-09-19T02:49:53.405Z,21.13464,0.0,0.0,0.0,39.78,2025-09-19 04:49:53.405,3.511388888889
Long Yeast Grow,pioreactor02,2025-09-19T02:49:53.447Z,21.13464,0.0,0.0,0.0,39.61,2025-09-19 04:49:53.447,3.511388888889
Long Yeast Grow,pioreactor02,2025-09-19T02:50:01.915Z,21.17864,0.0,0.0,0.0,39.61,2025-09-19 04:50:01.915,3.513611111111
Long Yeast Grow,pioreactor02,2025-09-19T02:50:24.915Z,21.18014,0.0,0.0,0.0,39.61,2025-09-19 04:50:24.915,3.52
Long Yeast Grow,pioreactor02,2025-09-19T02:50:47.915Z,21.20014,0.0,0.0,0.0,39.61,2025-09-19 04:50:47.915,3.526388888889
Long Yeast Grow,pioreactor02,2025-09-19T02:51:10.915Z,21.19864,0.0,0.0,0.0,39.61,2025-09-19 04:51:10.915,3.532777777778
Long Yeast Grow,pioreactor02,2025-09-19T02:51:21.973Z,21.19864,0.0,0.0,0.0,0.0,2025-09-19 04:51:21.973,3.535833333333
Long Yeast Grow,pioreactor02,2025-09-19T02:51:33.915Z,21.21364,0.0,0.0,0.0,0.0,2025-09-19 04:51:33.915,3.539166666667
Long Yeast Grow,pioreactor02,2025-09-19T02:51:56.915Z,21.18364,0.0,0.0,0.0,0.0,2025-09-19 04:51:56.915,3.545555555556
Long Yeast Grow,pioreactor02,2025-09-19T02:52:19.915Z,21.16364,0.0,0.0,0.0,0.0,2025-09-19 04:52:19.915,3.551944444444
Long Yeast Grow,pioreactor02,2025-09-19T02:52:42.915Z,21.16114,0.0,0.0,0.0,0.0,2025-09-19 04:52:42.915,3.558333333333
Long Yeast Grow,pioreactor02,2025-09-19T02:53:05.915Z,21.15964,0.0,0.0,0.0,0.0,2025-09-19 04:53:05.915,3.564722222222
Long Yeast Grow,pioreactor02,2025-09-19T02:53:13.406Z,21.15964,0.0,0.0,0.0,39.61,2025-09-19 04:53:13.406,3.566944444444
Long Yeast Grow,pioreactor02,2025-09-19T02:53:13.447Z,21.15964,0.0,0.0,0.0,40.14,2025-09-19 04:53:13.447,3.566944444444
Long Yeast Grow,pioreactor02,2025-09-19T02:53:28.915Z,21.18914,0.0,0.0,0.0,40.14,2025-09-19 04:53:28.915,3.571111111111
Long Yeast Grow,pioreactor02,2025-09-19T02:53:51.915Z,21.23364,0.0,0.0,0.0,40.14,2025-09-19 04:53:51.915,3.5775
Long Yeast Grow,pioreactor02,2025-09-19T02:54:14.915Z,21.23614,0.0,0.0,0.0,40.14,2025-09-19 04:54:14.915,3.583888888889
Long Yeast Grow,pioreactor02,2025-09-19T02:54:37.915Z,21.20214,0.0,0.0,0.0,40.14,2025-09-19 04:54:37.915,3.590277777778
Long Yeast Grow,pioreactor02,2025-09-19T02:54:41.972Z,21.20214,0.0,0.0,0.0,0.0,2025-09-19 04:54:41.972,3.591388888889
Long Yeast Grow,pioreactor02,2025-09-19T02:55:00.915Z,21.18264,0.0,0.0,0.0,0.0,2025-09-19 04:55:00.915,3.596666666667
Long Yeast Grow,pioreactor02,2025-09-19T02:55:23.915Z,21.17614,0.0,0.0,0.0,0.0,2025-09-19 04:55:23.915,3.603055555556
Long Yeast Grow,pioreactor02,2025-09-19T02:55:46.915Z,21.16064,0.0,0.0,0.0,0.0,2025-09-19 04:55:46.915,3.609444444444
Long Yeast Grow,pioreactor02,2025-09-19T02:56:09.915Z,21.17114,0.0,0.0,0.0,0.0,2025-09-19 04:56:09.915,3.615833333333
Long Yeast Grow,pioreactor02,2025-09-19T02:56:32.919Z,21.14164,0.0,0.0,0.0,0.0,2025-09-19 04:56:32.919,3.622222222222
Long Yeast Grow,pioreactor02,2025-09-19T02:56:33.405Z,21.14164,0.0,0.0,0.0,40.14,2025-09-19 04:56:33.405,3.6225
Long Yeast Grow,pioreactor02,2025-09-19T02:56:33.449Z,21.14164,0.0,0.0,0.0,40.83,2025-09-19 04:56:33.449,3.6225
Long Yeast Grow,pioreactor02,2025-09-19T02:56:55.915Z,21.15764,0.0,0.0,0.0,40.83,2025-09-19 04:56:55.915,3.628611111111
Long Yeast Grow,pioreactor02,2025-09-19T02:57:18.916Z,21.17714,0.0,0.0,0.0,40.83,2025-09-19 04:57:18.916,3.635
Long Yeast Grow,pioreactor02,2025-09-19T02:57:41.915Z,21.15864,0.0,0.0,0.0,40.83,2025-09-19 04:57:41.915,3.641388888889
Long Yeast Grow,pioreactor02,2025-09-19T02:58:01.972Z,21.15864,0.0,0.0,0.0,0.0,2025-09-19 04:58:01.972,3.646944444444
Long Yeast Grow,pioreactor02,2025-09-19T02:58:04.915Z,21.12414,0.0,0.0,0.0,0.0,2025-09-19 04:58:04.915,3.647777777778
Long Yeast Grow,pioreactor02,2025-09-19T02:58:27.915Z,21.12864,0.0,0.0,0.0,0.0,2025-09-19 04:58:27.915,3.654166666667
Long Yeast Grow,pioreactor02,2025-09-19T02:58:50.915Z,21.10614,0.0,0.0,0.0,0.0,2025-09-19 04:58:50.915,3.660555555556
Long Yeast Grow,pioreactor02,2025-09-19T02:59:13.919Z,21.30314,0.0,0.0,0.0,0.0,2025-09-19 04:59:13.919,3.666944444444
Long Yeast Grow,pioreactor02,2025-09-19T02:59:36.919Z,21.79064,0.0,0.0,0.0,0.0,2025-09-19 04:59:36.919,3.673333333333
Long Yeast Grow,pioreactor02,2025-09-19T02:59:53.407Z,21.79064,0.0,0.0,0.0,40.83,2025-09-19 04:59:53.407,3.678055555556
Long Yeast Grow,pioreactor02,2025-09-19T02:59:53.448Z,21.79064,0.0,0.0,0.0,40.76,2025-09-19 04:59:53.448,3.678055555556
Long Yeast Grow,pioreactor02,2025-09-19T02:59:59.919Z,22.25714,0.0,0.0,0.0,40.76,2025-09-19 04:59:59.919,3.679722222222
Long Yeast Grow,pioreactor02,2025-09-19T03:00:22.915Z,22.68964,0.0,0.0,0.0,40.76,2025-09-19 05:00:22.915,3.686111111111
Long Yeast Grow,pioreactor02,2025-09-19T03:00:45.915Z,22.37014,0.0,0.0,0.0,40.76,2025-09-19 05:00:45.915,3.6925
Long Yeast Grow,pioreactor02,2025-09-19T03:01:08.915Z,22.13764,0.0,0.0,0.0,40.76,2025-09-19 05:01:08.915,3.698888888889
Long Yeast Grow,pioreactor02,2025-09-19T03:01:21.972Z,22.13764,0.0,0.0,0.0,0.0,2025-09-19 05:01:21.972,3.7025
Long Yeast Grow,pioreactor02,2025-09-19T03:01:31.919Z,21.91114,0.0,0.0,0.0,0.0,2025-09-19 05:01:31.919,3.705277777778
Long Yeast Grow,pioreactor02,2025-09-19T03:01:54.915Z,21.77764,0.0,0.0,0.0,0.0,2025-09-19 05:01:54.915,3.711666666667
Long Yeast Grow,pioreactor02,2025-09-19T03:02:17.915Z,21.67914,0.0,0.0,0.0,0.0,2025-09-19 05:02:17.915,3.718055555556
Long Yeast Grow,pioreactor02,2025-09-19T03:02:40.915Z,21.57164,0.0,0.0,0.0,0.0,2025-09-19 05:02:40.915,3.724444444444
Long Yeast Grow,pioreactor02,2025-09-19T03:03:03.915Z,21.48964,0.0,0.0,0.0,0.0,2025-09-19 05:03:03.915,3.730833333333
Long Yeast Grow,pioreactor02,2025-09-19T03:03:13.406Z,21.48964,0.0,0.0,0.0,40.76,2025-09-19 05:03:13.406,3.733611111111
Long Yeast Grow,pioreactor02,2025-09-19T03:03:13.448Z,21.48964,0.0,0.0,0.0,41.6,2025-09-19 05:03:13.448,3.733611111111
Long Yeast Grow,pioreactor02,2025-09-19T03:03:26.915Z,21.39814,0.0,0.0,0.0,41.6,2025-09-19 05:03:26.915,3.737222222222
Long Yeast Grow,pioreactor02,2025-09-19T03:03:49.915Z,21.33014,0.0,0.0,0.0,41.6,2025-09-19 05:03:49.915,3.743611111111
Long Yeast Grow,pioreactor02,2025-09-19T03:04:12.915Z,21.26364,0.0,0.0,0.0,41.6,2025-09-19 05:04:12.915,3.75
Long Yeast Grow,pioreactor02,2025-09-19T03:04:35.915Z,21.23714,0.0,0.0,0.0,41.6,2025-09-19 05:04:35.915,3.756388888889
Long Yeast Grow,pioreactor02,2025-09-19T03:04:41.972Z,21.23714,0.0,0.0,0.0,0.0,2025-09-19 05:04:41.972,3.758055555556
Long Yeast Grow,pioreactor02,2025-09-19T03:04:58.915Z,21.23014,0.0,0.0,0.0,0.0,2025-09-19 05:04:58.915,3.762777777778
Long Yeast Grow,pioreactor02,2025-09-19T03:05:21.915Z,21.19614,0.0,0.0,0.0,0.0,2025-09-19 05:05:21.915,3.769166666667
Long Yeast Grow,pioreactor02,2025-09-19T03:05:44.915Z,21.14514,0.0,0.0,0.0,0.0,2025-09-19 05:05:44.915,3.775555555556
Long Yeast Grow,pioreactor02,2025-09-19T03:06:07.915Z,21.14964,0.0,0.0,0.0,0.0,2025-09-19 05:06:07.915,3.781944444444
Long Yeast Grow,pioreactor02,2025-09-19T03:06:30.915Z,21.16214,0.0,0.0,0.0,0.0,2025-09-19 05:06:30.915,3.788333333333
Long Yeast Grow,pioreactor02,2025-09-19T03:06:33.403Z,21.16214,0.0,0.0,0.0,41.6,2025-09-19 05:06:33.403,3.789166666667
Long Yeast Grow,pioreactor02,2025-09-19T03:06:33.447Z,21.16214,0.0,0.0,0.0,42.32,2025-09-19 05:06:33.447,3.789166666667
Long Yeast Grow,pioreactor02,2025-09-19T03:06:53.915Z,21.14664,0.0,0.0,0.0,42.32,2025-09-19 05:06:53.915,3.794722222222
Long Yeast Grow,pioreactor02,2025-09-19T03:07:16.915Z,21.16314,0.0,0.0,0.0,42.32,2025-09-19 05:07:16.915,3.801111111111
Long Yeast Grow,pioreactor02,2025-09-19T03:07:39.915Z,21.12564,0.0,0.0,0.0,42.32,2025-09-19 05:07:39.915,3.8075
Long Yeast Grow,pioreactor02,2025-09-19T03:08:01.973Z,21.12564,0.0,0.0,0.0,0.0,2025-09-19 05:08:01.973,3.813611111111
Long Yeast Grow,pioreactor02,2025-09-19T03:08:02.915Z,21.12364,0.0,0.0,0.0,0.0,2025-09-19 05:08:02.915,3.813888888889
Long Yeast Grow,pioreactor02,2025-09-19T03:08:25.919Z,21.10464,0.0,0.0,0.0,0.0,2025-09-19 05:08:25.919,3.820277777778
Long Yeast Grow,pioreactor02,2025-09-19T03:08:48.915Z,21.09314,0.0,0.0,0.0,0.0,2025-09-19 05:08:48.915,3.826666666667
Long Yeast Grow,pioreactor02,2025-09-19T03:09:11.915Z,21.09464,0.0,0.0,0.0,0.0,2025-09-19 05:09:11.915,3.833055555556
Long Yeast Grow,pioreactor02,2025-09-19T03:09:34.915Z,21.05314,0.0,0.0,0.0,0.0,2025-09-19 05:09:34.915,3.839444444444
Long Yeast Grow,pioreactor02,2025-09-19T03:09:53.405Z,21.05314,0.0,0.0,0.0,42.32,2025-09-19 05:09:53.405,3.844722222222
Long Yeast Grow,pioreactor02,2025-09-19T03:09:53.447Z,21.05314,0.0,0.0,0.0,42.04,2025-09-19 05:09:53.447,3.844722222222
Long Yeast Grow,pioreactor02,2025-09-19T03:09:57.915Z,21.04914,0.0,0.0,0.0,42.04,2025-09-19 05:09:57.915,3.845833333333
Long Yeast Grow,pioreactor02,2025-09-19T03:10:20.915Z,21.07664,0.0,0.0,0.0,42.04,2025-09-19 05:10:20.915,3.852222222222
Long Yeast Grow,pioreactor02,2025-09-19T03:10:43.915Z,21.07964,0.0,0.0,0.0,42.04,2025-09-19 05:10:43.915,3.858611111111
Long Yeast Grow,pioreactor02,2025-09-19T03:11:06.915Z,21.09364,0.0,0.0,0.0,42.04,2025-09-19 05:11:06.915,3.865
Long Yeast Grow,pioreactor02,2025-09-19T03:11:21.972Z,21.09364,0.0,0.0,0.0,0.0,2025-09-19 05:11:21.972,3.869166666667
Long Yeast Grow,pioreactor02,2025-09-19T03:11:29.915Z,21.06964,0.0,0.0,0.0,0.0,2025-09-19 05:11:29.915,3.871388888889
Long Yeast Grow,pioreactor02,2025-09-19T03:11:52.915Z,21.11764,0.0,0.0,0.0,0.0,2025-09-19 05:11:52.915,3.877777777778
Long Yeast Grow,pioreactor02,2025-09-19T03:12:15.915Z,21.11114,0.0,0.0,0.0,0.0,2025-09-19 05:12:15.915,3.884166666667
Long Yeast Grow,pioreactor02,2025-09-19T03:12:38.915Z,21.11314,0.0,0.0,0.0,0.0,2025-09-19 05:12:38.915,3.890555555556
Long Yeast Grow,pioreactor02,2025-09-19T03:13:01.915Z,21.11964,0.0,0.0,0.0,0.0,2025-09-19 05:13:01.915,3.896944444444
Long Yeast Grow,pioreactor02,2025-09-19T03:13:13.403Z,21.11964,0.0,0.0,0.0,42.04,2025-09-19 05:13:13.403,3.900277777778
Long Yeast Grow,pioreactor02,2025-09-19T03:13:13.447Z,21.11964,0.0,0.0,0.0,42.01,2025-09-19 05:13:13.447,3.900277777778
Long Yeast Grow,pioreactor02,2025-09-19T03:13:24.915Z,21.11464,0.0,0.0,0.0,42.01,2025-09-19 05:13:24.915,3.903333333333
Long Yeast Grow,pioreactor02,2025-09-19T03:13:47.915Z,21.09414,0.0,0.0,0.0,42.01,2025-09-19 05:13:47.915,3.909722222222
Long Yeast Grow,pioreactor02,2025-09-19T03:14:10.919Z,21.07364,0.0,0.0,0.0,42.01,2025-09-19 05:14:10.919,3.916111111111
Long Yeast Grow,pioreactor02,2025-09-19T03:14:33.915Z,21.07514,0.0,0.0,0.0,42.01,2025-09-19 05:14:33.915,3.9225
Long Yeast Grow,pioreactor02,2025-09-19T03:14:41.973Z,21.07514,0.0,0.0,0.0,0.0,2025-09-19 05:14:41.973,3.924722222222
Long Yeast Grow,pioreactor02,2025-09-19T03:14:56.915Z,21.05864,0.0,0.0,0.0,0.0,2025-09-19 05:14:56.915,3.928888888889
Long Yeast Grow,pioreactor02,2025-09-19T03:15:19.919Z,21.05414,0.0,0.0,0.0,0.0,2025-09-19 05:15:19.919,3.935277777778
Long Yeast Grow,pioreactor02,2025-09-19T03:15:42.916Z,21.05764,0.0,0.0,0.0,0.0,2025-09-19 05:15:42.916,3.941666666667
Long Yeast Grow,pioreactor02,2025-09-19T03:16:05.915Z,21.05364,0.0,0.0,0.0,0.0,2025-09-19 05:16:05.915,3.948055555556
Long Yeast Grow,pioreactor02,2025-09-19T03:16:28.915Z,21.05064,0.0,0.0,0.0,0.0,2025-09-19 05:16:28.915,3.954444444444
Long Yeast Grow,pioreactor02,2025-09-19T03:16:33.405Z,21.05064,0.0,0.0,0.0,42.01,2025-09-19 05:16:33.405,3.955833333333
Long Yeast Grow,pioreactor02,2025-09-19T03:16:33.448Z,21.05064,0.0,0.0,0.0,42.4,2025-09-19 05:16:33.448,3.955833333333
Long Yeast Grow,pioreactor02,2025-09-19T03:16:51.915Z,21.12364,0.0,0.0,0.0,42.4,2025-09-19 05:16:51.915,3.960833333333
Long Yeast Grow,pioreactor02,2025-09-19T03:17:14.915Z,21.13564,0.0,0.0,0.0,42.4,2025-09-19 05:17:14.915,3.967222222222
Long Yeast Grow,pioreactor02,2025-09-19T03:17:37.915Z,21.13914,0.0,0.0,0.0,42.4,2025-09-19 05:17:37.915,3.973611111111
Long Yeast Grow,pioreactor02,2025-09-19T03:18:00.915Z,21.13114,0.0,0.0,0.0,42.4,2025-09-19 05:18:00.915,3.98
Long Yeast Grow,pioreactor02,2025-09-19T03:18:01.973Z,21.13114,0.0,0.0,0.0,0.0,2025-09-19 05:18:01.973,3.980277777778
Long Yeast Grow,pioreactor02,2025-09-19T03:18:23.915Z,21.11764,0.0,0.0,0.0,0.0,2025-09-19 05:18:23.915,3.986388888889
Long Yeast Grow,pioreactor02,2025-09-19T03:18:46.915Z,21.10214,0.0,0.0,0.0,0.0,2025-09-19 05:18:46.915,3.992777777778
Long Yeast Grow,pioreactor02,2025-09-19T03:19:09.915Z,21.10214,0.0,0.0,0.0,0.0,2025-09-19 05:19:09.915,3.999166666667
Long Yeast Grow,pioreactor02,2025-09-19T03:19:32.915Z,21.11364,0.0,0.0,0.0,0.0,2025-09-19 05:19:32.915,4.005555555556
Long Yeast Grow,pioreactor02,2025-09-19T03:19:53.403Z,21.11364,0.0,0.0,0.0,42.4,2025-09-19 05:19:53.403,4.011388888889
Long Yeast Grow,pioreactor02,2025-09-19T03:19:53.451Z,21.11364,0.0,0.0,0.0,43.47,2025-09-19 05:19:53.451,4.011388888889
Long Yeast Grow,pioreactor02,2025-09-19T03:19:55.915Z,21.13364,0.0,0.0,0.0,43.47,2025-09-19 05:19:55.915,4.011944444444
Long Yeast Grow,pioreactor02,2025-09-19T03:20:18.919Z,21.14064,0.0,0.0,0.0,43.47,2025-09-19 05:20:18.919,4.018333333333
Long Yeast Grow,pioreactor02,2025-09-19T03:20:41.915Z,21.14664,0.0,0.0,0.0,43.47,2025-09-19 05:20:41.915,4.024722222222
Long Yeast Grow,pioreactor02,2025-09-19T03:21:04.915Z,21.12014,0.0,0.0,0.0,43.47,2025-09-19 05:21:04.915,4.031111111111
Long Yeast Grow,pioreactor02,2025-09-19T03:21:21.972Z,21.12014,0.0,0.0,0.0,0.0,2025-09-19 05:21:21.972,4.035833333333
Long Yeast Grow,pioreactor02,2025-09-19T03:21:27.915Z,21.12264,0.0,0.0,0.0,0.0,2025-09-19 05:21:27.915,4.0375
Long Yeast Grow,pioreactor02,2025-09-19T03:21:50.915Z,21.11564,0.0,0.0,0.0,0.0,2025-09-19 05:21:50.915,4.043888888889
Long Yeast Grow,pioreactor02,2025-09-19T03:22:13.915Z,21.11814,0.0,0.0,0.0,0.0,2025-09-19 05:22:13.915,4.050277777778
Long Yeast Grow,pioreactor02,2025-09-19T03:22:36.915Z,21.11814,0.0,0.0,0.0,0.0,2025-09-19 05:22:36.915,4.056666666667
Long Yeast Grow,pioreactor02,2025-09-19T03:22:59.915Z,21.12914,0.0,0.0,0.0,0.0,2025-09-19 05:22:59.915,4.063055555556
Long Yeast Grow,pioreactor02,2025-09-19T03:23:13.404Z,21.12914,0.0,0.0,0.0,43.47,2025-09-19 05:23:13.404,4.066944444444
Long Yeast Grow,pioreactor02,2025-09-19T03:23:13.447Z,21.12914,0.0,0.0,0.0,42.33,2025-09-19 05:23:13.447,4.066944444444
Long Yeast Grow,pioreactor02,2025-09-19T03:23:22.915Z,21.15564,0.0,0.0,0.0,42.33,2025-09-19 05:23:22.915,4.069444444444
Long Yeast Grow,pioreactor02,2025-09-19T03:23:45.915Z,21.10464,0.0,0.0,0.0,42.33,2025-09-19 05:23:45.915,4.075833333333
Long Yeast Grow,pioreactor02,2025-09-19T03:24:08.919Z,21.09914,0.0,0.0,0.0,42.33,2025-09-19 05:24:08.919,4.082222222222
Long Yeast Grow,pioreactor02,2025-09-19T03:24:31.915Z,21.09764,0.0,0.0,0.0,42.33,2025-09-19 05:24:31.915,4.088611111111
Long Yeast Grow,pioreactor02,2025-09-19T03:24:41.973Z,21.09764,0.0,0.0,0.0,0.0,2025-09-19 05:24:41.973,4.091388888889
Long Yeast Grow,pioreactor02,2025-09-19T03:24:54.915Z,21.10064,0.0,0.0,0.0,0.0,2025-09-19 05:24:54.915,4.095
Long Yeast Grow,pioreactor02,2025-09-19T03:25:17.915Z,21.09964,0.0,0.0,0.0,0.0,2025-09-19 05:25:17.915,4.101388888889
Long Yeast Grow,pioreactor02,2025-09-19T03:25:40.915Z,21.06114,0.0,0.0,0.0,0.0,2025-09-19 05:25:40.915,4.107777777778
Long Yeast Grow,pioreactor02,2025-09-19T03:26:03.915Z,21.03064,0.0,0.0,0.0,0.0,2025-09-19 05:26:03.915,4.114166666667
Long Yeast Grow,pioreactor02,2025-09-19T03:26:26.915Z,21.03114,0.0,0.0,0.0,0.0,2025-09-19 05:26:26.915,4.120555555556
Long Yeast Grow,pioreactor02,2025-09-19T03:26:33.404Z,21.03114,0.0,0.0,0.0,42.33,2025-09-19 05:26:33.404,4.1225
Long Yeast Grow,pioreactor02,2025-09-19T03:26:33.448Z,21.03114,0.0,0.0,0.0,42.25,2025-09-19 05:26:33.448,4.1225
Long Yeast Grow,pioreactor02,2025-09-19T03:26:49.915Z,21.02664,0.0,0.0,0.0,42.25,2025-09-19 05:26:49.915,4.126944444444
Long Yeast Grow,pioreactor02,2025-09-19T03:27:12.915Z,21.05464,0.0,0.0,0.0,42.25,2025-09-19 05:27:12.915,4.133333333333
Long Yeast Grow,pioreactor02,2025-09-19T03:27:35.915Z,21.07464,0.0,0.0,0.0,42.25,2025-09-19 05:27:35.915,4.139722222222
Long Yeast Grow,pioreactor02,2025-09-19T03:27:58.915Z,21.05264,0.0,0.0,0.0,42.25,2025-09-19 05:27:58.915,4.146111111111
Long Yeast Grow,pioreactor02,2025-09-19T03:28:01.972Z,21.05264,0.0,0.0,0.0,0.0,2025-09-19 05:28:01.972,4.146944444444
Long Yeast Grow,pioreactor02,2025-09-19T03:28:21.915Z,21.05164,0.0,0.0,0.0,0.0,2025-09-19 05:28:21.915,4.1525
Long Yeast Grow,pioreactor02,2025-09-19T03:28:44.915Z,21.13364,0.0,0.0,0.0,0.0,2025-09-19 05:28:44.915,4.158888888889
Long Yeast Grow,pioreactor02,2025-09-19T03:29:07.915Z,21.11614,0.0,0.0,0.0,0.0,2025-09-19 05:29:07.915,4.165277777778
Long Yeast Grow,pioreactor02,2025-09-19T03:29:30.916Z,21.15564,0.0,0.0,0.0,0.0,2025-09-19 05:29:30.916,4.171666666667
Long Yeast Grow,pioreactor02,2025-09-19T03:29:53.422Z,21.15564,0.0,0.0,0.0,42.25,2025-09-19 05:29:53.422,4.178055555556
Long Yeast Grow,pioreactor02,2025-09-19T03:29:53.464Z,21.15564,0.0,0.0,0.0,44.04,2025-09-19 05:29:53.464,4.178055555556
Long Yeast Grow,pioreactor02,2025-09-19T03:29:53.915Z,21.15564,0.0,0.0,0.0,44.04,2025-09-19 05:29:53.915,4.178055555556
Long Yeast Grow,pioreactor02,2025-09-19T03:30:16.915Z,21.15864,0.0,0.0,0.0,44.04,2025-09-19 05:30:16.915,4.184444444444
Long Yeast Grow,pioreactor02,2025-09-19T03:30:39.915Z,21.14614,0.0,0.0,0.0,44.04,2025-09-19 05:30:39.915,4.190833333333
Long Yeast Grow,pioreactor02,2025-09-19T03:31:02.915Z,21.11264,0.0,0.0,0.0,44.04,2025-09-19 05:31:02.915,4.197222222222
Long Yeast Grow,pioreactor02,2025-09-19T03:31:21.972Z,21.11264,0.0,0.0,0.0,0.0,2025-09-19 05:31:21.972,4.2025
Long Yeast Grow,pioreactor02,2025-09-19T03:31:25.915Z,21.11364,0.0,0.0,0.0,0.0,2025-09-19 05:31:25.915,4.203611111111
Long Yeast Grow,pioreactor02,2025-09-19T03:31:48.915Z,21.11564,0.0,0.0,0.0,0.0,2025-09-19 05:31:48.915,4.21
Long Yeast Grow,pioreactor02,2025-09-19T03:32:11.915Z,21.09214,0.0,0.0,0.0,0.0,2025-09-19 05:32:11.915,4.216388888889
Long Yeast Grow,pioreactor02,2025-09-19T03:32:34.915Z,21.09114,0.0,0.0,0.0,0.0,2025-09-19 05:32:34.915,4.222777777778
Long Yeast Grow,pioreactor02,2025-09-19T03:32:57.915Z,21.06464,0.0,0.0,0.0,0.0,2025-09-19 05:32:57.915,4.229166666667
Long Yeast Grow,pioreactor02,2025-09-19T03:33:13.403Z,21.06464,0.0,0.0,0.0,44.04,2025-09-19 05:33:13.403,4.233611111111
Long Yeast Grow,pioreactor02,2025-09-19T03:33:13.447Z,21.06464,0.0,0.0,0.0,43.99,2025-09-19 05:33:13.447,4.233611111111
Long Yeast Grow,pioreactor02,2025-09-19T03:33:20.915Z,21.04764,0.0,0.0,0.0,43.99,2025-09-19 05:33:20.915,4.235555555556
Long Yeast Grow,pioreactor02,2025-09-19T03:33:43.915Z,21.05864,0.0,0.0,0.0,43.99,2025-09-19 05:33:43.915,4.241944444444
Long Yeast Grow,pioreactor02,2025-09-19T03:34:06.915Z,21.03914,0.0,0.0,0.0,43.99,2025-09-19 05:34:06.915,4.248333333333
Long Yeast Grow,pioreactor02,2025-09-19T03:34:29.915Z,21.04214,0.0,0.0,0.0,43.99,2025-09-19 05:34:29.915,4.254722222222
Long Yeast Grow,pioreactor02,2025-09-19T03:34:41.972Z,21.04214,0.0,0.0,0.0,0.0,2025-09-19 05:34:41.972,4.258055555556
Long Yeast Grow,pioreactor02,2025-09-19T03:34:52.915Z,21.01164,0.0,0.0,0.0,0.0,2025-09-19 05:34:52.915,4.261111111111
Long Yeast Grow,pioreactor02,2025-09-19T03:35:15.915Z,21.01364,0.0,0.0,0.0,0.0,2025-09-19 05:35:15.915,4.2675
Long Yeast Grow,pioreactor02,2025-09-19T03:35:38.915Z,21.07064,0.0,0.0,0.0,0.0,2025-09-19 05:35:38.915,4.273888888889
Long Yeast Grow,pioreactor02,2025-09-19T03:36:01.915Z,21.09764,0.0,0.0,0.0,0.0,2025-09-19 05:36:01.915,4.280277777778
Long Yeast Grow,pioreactor02,2025-09-19T03:36:24.915Z,21.09714,0.0,0.0,0.0,0.0,2025-09-19 05:36:24.915,4.286666666667
Long Yeast Grow,pioreactor02,2025-09-19T03:36:33.404Z,21.09714,0.0,0.0,0.0,43.99,2025-09-19 05:36:33.404,4.289166666667
Long Yeast Grow,pioreactor02,2025-09-19T03:36:33.447Z,21.09714,0.0,0.0,0.0,43.71,2025-09-19 05:36:33.447,4.289166666667
Long Yeast Grow,pioreactor02,2025-09-19T03:36:47.915Z,21.09114,0.0,0.0,0.0,43.71,2025-09-19 05:36:47.915,4.293055555556
Long Yeast Grow,pioreactor02,2025-09-19T03:37:10.915Z,21.12964,0.0,0.0,0.0,43.71,2025-09-19 05:37:10.915,4.299444444444
Long Yeast Grow,pioreactor02,2025-09-19T03:37:33.919Z,21.15664,0.0,0.0,0.0,43.71,2025-09-19 05:37:33.919,4.305833333333
Long Yeast Grow,pioreactor02,2025-09-19T03:37:56.915Z,21.14514,0.0,0.0,0.0,43.71,2025-09-19 05:37:56.915,4.312222222222
Long Yeast Grow,pioreactor02,2025-09-19T03:38:01.972Z,21.14514,0.0,0.0,0.0,0.0,2025-09-19 05:38:01.972,4.313611111111
Long Yeast Grow,pioreactor02,2025-09-19T03:38:19.915Z,21.11414,0.0,0.0,0.0,0.0,2025-09-19 05:38:19.915,4.318611111111
Long Yeast Grow,pioreactor02,2025-09-19T03:38:42.915Z,21.08264,0.0,0.0,0.0,0.0,2025-09-19 05:38:42.915,4.325
Long Yeast Grow,pioreactor02,2025-09-19T03:39:05.915Z,21.11064,0.0,0.0,0.0,0.0,2025-09-19 05:39:05.915,4.331388888889
Long Yeast Grow,pioreactor02,2025-09-19T03:39:28.915Z,21.14464,0.0,0.0,0.0,0.0,2025-09-19 05:39:28.915,4.337777777778
Long Yeast Grow,pioreactor02,2025-09-19T03:39:51.915Z,21.15414,0.0,0.0,0.0,0.0,2025-09-19 05:39:51.915,4.344166666667
Long Yeast Grow,pioreactor02,2025-09-19T03:39:53.404Z,21.15414,0.0,0.0,0.0,43.71,2025-09-19 05:39:53.404,4.344722222222
Long Yeast Grow,pioreactor02,2025-09-19T03:39:53.448Z,21.15414,0.0,0.0,0.0,43.84,2025-09-19 05:39:53.448,4.344722222222
Long Yeast Grow,pioreactor02,2025-09-19T03:40:14.915Z,21.15114,0.0,0.0,0.0,43.84,2025-09-19 05:40:14.915,4.350555555556
Long Yeast Grow,pioreactor02,2025-09-19T03:40:37.919Z,21.16964,0.0,0.0,0.0,43.84,2025-09-19 05:40:37.919,4.356944444444
Long Yeast Grow,pioreactor02,2025-09-19T03:41:00.915Z,21.12664,0.0,0.0,0.0,43.84,2025-09-19 05:41:00.915,4.363333333333
Long Yeast Grow,pioreactor02,2025-09-19T03:41:21.972Z,21.12664,0.0,0.0,0.0,0.0,2025-09-19 05:41:21.972,4.369166666667
Long Yeast Grow,pioreactor02,2025-09-19T03:41:23.915Z,21.13464,0.0,0.0,0.0,0.0,2025-09-19 05:41:23.915,4.369722222222
Long Yeast Grow,pioreactor02,2025-09-19T03:41:46.915Z,21.10464,0.0,0.0,0.0,0.0,2025-09-19 05:41:46.915,4.376111111111
Long Yeast Grow,pioreactor02,2025-09-19T03:42:09.919Z,21.14514,0.0,0.0,0.0,0.0,2025-09-19 05:42:09.919,4.3825
Long Yeast Grow,pioreactor02,2025-09-19T03:42:32.915Z,21.14664,0.0,0.0,0.0,0.0,2025-09-19 05:42:32.915,4.388888888889
Long Yeast Grow,pioreactor02,2025-09-19T03:42:55.915Z,21.14864,0.0,0.0,0.0,0.0,2025-09-19 05:42:55.915,4.395277777778
Long Yeast Grow,pioreactor02,2025-09-19T03:43:13.405Z,21.14864,0.0,0.0,0.0,43.84,2025-09-19 05:43:13.405,4.400277777778
Long Yeast Grow,pioreactor02,2025-09-19T03:43:13.448Z,21.14864,0.0,0.0,0.0,43.32,2025-09-19 05:43:13.448,4.400277777778
Long Yeast Grow,pioreactor02,2025-09-19T03:43:18.915Z,21.11814,0.0,0.0,0.0,43.32,2025-09-19 05:43:18.915,4.401666666667
Long Yeast Grow,pioreactor02,2025-09-19T03:43:41.919Z,21.09114,0.0,0.0,0.0,43.32,2025-09-19 05:43:41.919,4.408055555556
Long Yeast Grow,pioreactor02,2025-09-19T03:44:04.915Z,21.06614,0.0,0.0,0.0,43.32,2025-09-19 05:44:04.915,4.414444444444
Long Yeast Grow,pioreactor02,2025-09-19T03:44:27.915Z,21.12464,0.0,0.0,0.0,43.32,2025-09-19 05:44:27.915,4.420833333333
Long Yeast Grow,pioreactor02,2025-09-19T03:44:41.972Z,21.12464,0.0,0.0,0.0,0.0,2025-09-19 05:44:41.972,4.424722222222
Long Yeast Grow,pioreactor02,2025-09-19T03:44:50.915Z,21.15164,0.0,0.0,0.0,0.0,2025-09-19 05:44:50.915,4.427222222222
Long Yeast Grow,pioreactor02,2025-09-19T03:45:13.915Z,21.14314,0.0,0.0,0.0,0.0,2025-09-19 05:45:13.915,4.433611111111
Long Yeast Grow,pioreactor02,2025-09-19T03:45:36.915Z,21.16964,0.0,0.0,0.0,0.0,2025-09-19 05:45:36.915,4.44
Long Yeast Grow,pioreactor02,2025-09-19T03:45:59.919Z,21.16114,0.0,0.0,0.0,0.0,2025-09-19 05:45:59.919,4.446388888889
Long Yeast Grow,pioreactor02,2025-09-19T03:46:22.915Z,21.16064,0.0,0.0,0.0,0.0,2025-09-19 05:46:22.915,4.452777777778
Long Yeast Grow,pioreactor02,2025-09-19T03:46:33.406Z,21.16064,0.0,0.0,0.0,43.32,2025-09-19 05:46:33.406,4.455833333333
Long Yeast Grow,pioreactor02,2025-09-19T03:46:33.447Z,21.16064,0.0,0.0,0.0,43.58,2025-09-19 05:46:33.447,4.455833333333
Long Yeast Grow,pioreactor02,2025-09-19T03:46:45.915Z,21.15314,0.0,0.0,0.0,43.58,2025-09-19 05:46:45.915,4.459166666667
Long Yeast Grow,pioreactor02,2025-09-19T03:47:08.915Z,21.13914,0.0,0.0,0.0,43.58,2025-09-19 05:47:08.915,4.465555555556
Long Yeast Grow,pioreactor02,2025-09-19T03:47:31.915Z,21.14614,0.0,0.0,0.0,43.58,2025-09-19 05:47:31.915,4.471944444444
Long Yeast Grow,pioreactor02,2025-09-19T03:47:54.915Z,21.11864,0.0,0.0,0.0,43.58,2025-09-19 05:47:54.915,4.478333333333
Long Yeast Grow,pioreactor02,2025-09-19T03:48:01.972Z,21.11864,0.0,0.0,0.0,0.0,2025-09-19 05:48:01.972,4.480277777778
Long Yeast Grow,pioreactor02,2025-09-19T03:48:17.915Z,21.11414,0.0,0.0,0.0,0.0,2025-09-19 05:48:17.915,4.484722222222
Long Yeast Grow,pioreactor02,2025-09-19T03:48:40.915Z,21.13314,0.0,0.0,0.0,0.0,2025-09-19 05:48:40.915,4.491111111111
Long Yeast Grow,pioreactor02,2025-09-19T03:49:03.919Z,21.12114,0.0,0.0,0.0,0.0,2025-09-19 05:49:03.919,4.4975
Long Yeast Grow,pioreactor02,2025-09-19T03:49:26.919Z,21.11564,0.0,0.0,0.0,0.0,2025-09-19 05:49:26.919,4.503888888889
Long Yeast Grow,pioreactor02,2025-09-19T03:49:49.915Z,21.07914,0.0,0.0,0.0,0.0,2025-09-19 05:49:49.915,4.510277777778
Long Yeast Grow,pioreactor02,2025-09-19T03:49:53.404Z,21.07914,0.0,0.0,0.0,43.58,2025-09-19 05:49:53.404,4.511388888889
Long Yeast Grow,pioreactor02,2025-09-19T03:49:53.449Z,21.07914,0.0,0.0,0.0,44.47,2025-09-19 05:49:53.449,4.511388888889
Long Yeast Grow,pioreactor02,2025-09-19T03:50:12.915Z,21.07864,0.0,0.0,0.0,44.47,2025-09-19 05:50:12.915,4.516666666667
Long Yeast Grow,pioreactor02,2025-09-19T03:50:35.915Z,21.05614,0.0,0.0,0.0,44.47,2025-09-19 05:50:35.915,4.523055555556
Long Yeast Grow,pioreactor02,2025-09-19T03:50:58.915Z,21.05614,0.0,0.0,0.0,44.47,2025-09-19 05:50:58.915,4.529444444444
Long Yeast Grow,pioreactor02,2025-09-19T03:51:21.915Z,21.06064,0.0,0.0,0.0,44.47,2025-09-19 05:51:21.915,4.535833333333
Long Yeast Grow,pioreactor02,2025-09-19T03:51:21.973Z,21.06064,0.0,0.0,0.0,0.0,2025-09-19 05:51:21.973,4.535833333333
Long Yeast Grow,pioreactor02,2025-09-19T03:51:44.915Z,21.04664,0.0,0.0,0.0,0.0,2025-09-19 05:51:44.915,4.542222222222
Long Yeast Grow,pioreactor02,2025-09-19T03:52:07.915Z,21.07264,0.0,0.0,0.0,0.0,2025-09-19 05:52:07.915,4.548611111111
Long Yeast Grow,pioreactor02,2025-09-19T03:52:30.915Z,21.56964,0.0,0.0,0.0,0.0,2025-09-19 05:52:30.915,4.555
Long Yeast Grow,pioreactor02,2025-09-19T03:52:53.915Z,22.01264,0.0,0.0,0.0,0.0,2025-09-19 05:52:53.915,4.561388888889
Long Yeast Grow,pioreactor02,2025-09-19T03:53:13.405Z,22.01264,0.0,0.0,0.0,44.47,2025-09-19 05:53:13.405,4.566944444444
Long Yeast Grow,pioreactor02,2025-09-19T03:53:13.448Z,22.01264,0.0,0.0,0.0,43.87,2025-09-19 05:53:13.448,4.566944444444
Long Yeast Grow,pioreactor02,2025-09-19T03:53:16.915Z,22.37714,0.0,0.0,0.0,43.87,2025-09-19 05:53:16.915,4.567777777778
Long Yeast Grow,pioreactor02,2025-09-19T03:53:39.919Z,22.16814,0.0,0.0,0.0,43.87,2025-09-19 05:53:39.919,4.574166666667
Long Yeast Grow,pioreactor02,2025-09-19T03:54:02.915Z,21.93714,0.0,0.0,0.0,43.87,2025-09-19 05:54:02.915,4.580555555556
Long Yeast Grow,pioreactor02,2025-09-19T03:54:25.915Z,21.75764,0.0,0.0,0.0,43.87,2025-09-19 05:54:25.915,4.586944444444
Long Yeast Grow,pioreactor02,2025-09-19T03:54:41.972Z,21.75764,0.0,0.0,0.0,0.0,2025-09-19 05:54:41.972,4.591388888889
Long Yeast Grow,pioreactor02,2025-09-19T03:54:48.915Z,21.60714,0.0,0.0,0.0,0.0,2025-09-19 05:54:48.915,4.593333333333
Long Yeast Grow,pioreactor02,2025-09-19T03:55:11.915Z,21.49464,0.0,0.0,0.0,0.0,2025-09-19 05:55:11.915,4.599722222222
Long Yeast Grow,pioreactor02,2025-09-19T03:55:34.919Z,21.39314,0.0,0.0,0.0,0.0,2025-09-19 05:55:34.919,4.606111111111
Long Yeast Grow,pioreactor02,2025-09-19T03:55:57.915Z,21.31714,0.0,0.0,0.0,0.0,2025-09-19 05:55:57.915,4.6125
Long Yeast Grow,pioreactor02,2025-09-19T03:56:20.915Z,21.27564,0.0,0.0,0.0,0.0,2025-09-19 05:56:20.915,4.618888888889
Long Yeast Grow,pioreactor02,2025-09-19T03:56:33.405Z,21.27564,0.0,0.0,0.0,43.87,2025-09-19 05:56:33.405,4.6225
Long Yeast Grow,pioreactor02,2025-09-19T03:56:33.448Z,21.27564,0.0,0.0,0.0,44.66,2025-09-19 05:56:33.448,4.6225
Long Yeast Grow,pioreactor02,2025-09-19T03:56:43.915Z,21.27214,0.0,0.0,0.0,44.66,2025-09-19 05:56:43.915,4.625277777778
Long Yeast Grow,pioreactor02,2025-09-19T03:57:06.915Z,21.22164,0.0,0.0,0.0,44.66,2025-09-19 05:57:06.915,4.631666666667
Long Yeast Grow,pioreactor02,2025-09-19T03:57:29.915Z,21.18414,0.0,0.0,0.0,44.66,2025-09-19 05:57:29.915,4.638055555556
Long Yeast Grow,pioreactor02,2025-09-19T03:57:52.915Z,21.16414,0.0,0.0,0.0,44.66,2025-09-19 05:57:52.915,4.644444444444
Long Yeast Grow,pioreactor02,2025-09-19T03:58:01.972Z,21.16414,0.0,0.0,0.0,0.0,2025-09-19 05:58:01.972,4.646944444444
Long Yeast Grow,pioreactor02,2025-09-19T03:58:15.915Z,21.11364,0.0,0.0,0.0,0.0,2025-09-19 05:58:15.915,4.650833333333
Long Yeast Grow,pioreactor02,2025-09-19T03:58:38.915Z,21.08614,0.0,0.0,0.0,0.0,2025-09-19 05:58:38.915,4.657222222222
Long Yeast Grow,pioreactor02,2025-09-19T03:59:01.915Z,21.06764,0.0,0.0,0.0,0.0,2025-09-19 05:59:01.915,4.663611111111
Long Yeast Grow,pioreactor02,2025-09-19T03:59:24.915Z,21.06314,0.0,0.0,0.0,0.0,2025-09-19 05:59:24.915,4.67
Long Yeast Grow,pioreactor02,2025-09-19T03:59:47.915Z,21.07914,0.0,0.0,0.0,0.0,2025-09-19 05:59:47.915,4.676388888889
Long Yeast Grow,pioreactor02,2025-09-19T03:59:53.404Z,21.07914,0.0,0.0,0.0,44.66,2025-09-19 05:59:53.404,4.678055555556
Long Yeast Grow,pioreactor02,2025-09-19T03:59:53.447Z,21.07914,0.0,0.0,0.0,43.79,2025-09-19 05:59:53.447,4.678055555556
Long Yeast Grow,pioreactor02,2025-09-19T04:00:10.915Z,21.12614,0.0,0.0,0.0,43.79,2025-09-19 06:00:10.915,4.682777777778
Long Yeast Grow,pioreactor02,2025-09-19T04:00:33.915Z,21.17214,0.0,0.0,0.0,43.79,2025-09-19 06:00:33.915,4.689166666667
Long Yeast Grow,pioreactor02,2025-09-19T04:00:56.915Z,21.13264,0.0,0.0,0.0,43.79,2025-09-19 06:00:56.915,4.695555555556
Long Yeast Grow,pioreactor02,2025-09-19T04:01:19.915Z,21.13764,0.0,0.0,0.0,43.79,2025-09-19 06:01:19.915,4.701944444444
Long Yeast Grow,pioreactor02,2025-09-19T04:01:21.972Z,21.13764,0.0,0.0,0.0,0.0,2025-09-19 06:01:21.972,4.7025
Long Yeast Grow,pioreactor02,2025-09-19T04:01:42.915Z,21.10364,0.0,0.0,0.0,0.0,2025-09-19 06:01:42.915,4.708333333333
Long Yeast Grow,pioreactor02,2025-09-19T04:02:05.915Z,21.09114,0.0,0.0,0.0,0.0,2025-09-19 06:02:05.915,4.714722222222
Long Yeast Grow,pioreactor02,2025-09-19T04:02:28.915Z,21.10164,0.0,0.0,0.0,0.0,2025-09-19 06:02:28.915,4.721111111111
Long Yeast Grow,pioreactor02,2025-09-19T04:02:51.915Z,21.07114,0.0,0.0,0.0,0.0,2025-09-19 06:02:51.915,4.7275
Long Yeast Grow,pioreactor02,2025-09-19T04:03:13.404Z,21.07114,0.0,0.0,0.0,43.79,2025-09-19 06:03:13.404,4.733611111111
Long Yeast Grow,pioreactor02,2025-09-19T04:03:13.448Z,21.07114,0.0,0.0,0.0,44.24,2025-09-19 06:03:13.448,4.733611111111
Long Yeast Grow,pioreactor02,2025-09-19T04:03:14.915Z,21.07264,0.0,0.0,0.0,44.24,2025-09-19 06:03:14.915,4.733888888889
Long Yeast Grow,pioreactor02,2025-09-19T04:03:37.915Z,21.05964,0.0,0.0,0.0,44.24,2025-09-19 06:03:37.915,4.740277777778
Long Yeast Grow,pioreactor02,2025-09-19T04:04:00.915Z,21.49414,0.0,0.0,0.0,44.24,2025-09-19 06:04:00.915,4.746666666667
Long Yeast Grow,pioreactor02,2025-09-19T04:04:23.915Z,21.92064,0.0,0.0,0.0,44.24,2025-09-19 06:04:23.915,4.753055555556
Long Yeast Grow,pioreactor02,2025-09-19T04:04:41.973Z,21.92064,0.0,0.0,0.0,0.0,2025-09-19 06:04:41.973,4.758055555556
Long Yeast Grow,pioreactor02,2025-09-19T04:04:46.915Z,22.32664,0.0,0.0,0.0,0.0,2025-09-19 06:04:46.915,4.759444444444
Long Yeast Grow,pioreactor02,2025-09-19T04:05:09.915Z,22.07914,0.0,0.0,0.0,0.0,2025-09-19 06:05:09.915,4.765833333333
Long Yeast Grow,pioreactor02,2025-09-19T04:05:32.915Z,21.85864,0.0,0.0,0.0,0.0,2025-09-19 06:05:32.915,4.772222222222
Long Yeast Grow,pioreactor02,2025-09-19T04:05:55.915Z,21.68464,0.0,0.0,0.0,0.0,2025-09-19 06:05:55.915,4.778611111111
Long Yeast Grow,pioreactor02,2025-09-19T04:06:18.915Z,21.56464,0.0,0.0,0.0,0.0,2025-09-19 06:06:18.915,4.785
Long Yeast Grow,pioreactor02,2025-09-19T04:06:33.405Z,21.56464,0.0,0.0,0.0,44.24,2025-09-19 06:06:33.405,4.789166666667
Long Yeast Grow,pioreactor02,2025-09-19T04:06:33.448Z,21.56464,0.0,0.0,0.0,43.45,2025-09-19 06:06:33.448,4.789166666667
Long Yeast Grow,pioreactor02,2025-09-19T04:06:41.915Z,21.48214,0.0,0.0,0.0,43.45,2025-09-19 06:06:41.915,4.791388888889
Long Yeast Grow,pioreactor02,2025-09-19T04:07:04.919Z,21.40564,0.0,0.0,0.0,43.45,2025-09-19 06:07:04.919,4.797777777778
Long Yeast Grow,pioreactor02,2025-09-19T04:07:27.915Z,21.34664,0.0,0.0,0.0,43.45,2025-09-19 06:07:27.915,4.804166666667
Long Yeast Grow,pioreactor02,2025-09-19T04:07:50.915Z,21.29364,0.0,0.0,0.0,43.45,2025-09-19 06:07:50.915,4.810555555556
Long Yeast Grow,pioreactor02,2025-09-19T04:08:01.973Z,21.29364,0.0,0.0,0.0,0.0,2025-09-19 06:08:01.973,4.813611111111
Long Yeast Grow,pioreactor02,2025-09-19T04:08:13.919Z,21.26464,0.0,0.0,0.0,0.0,2025-09-19 06:08:13.919,4.816944444444
Long Yeast Grow,pioreactor02,2025-09-19T04:08:36.915Z,21.25814,0.0,0.0,0.0,0.0,2025-09-19 06:08:36.915,4.823333333333
Long Yeast Grow,pioreactor02,2025-09-19T04:08:59.919Z,21.24614,0.0,0.0,0.0,0.0,2025-09-19 06:08:59.919,4.829722222222
Long Yeast Grow,pioreactor02,2025-09-19T04:09:22.880Z,21.22564,0.0,0.0,0.0,0.0,2025-09-19 06:09:22.880,4.836111111111
Long Yeast Grow,pioreactor02,2025-09-19T04:09:45.915Z,21.22564,0.0,0.0,0.0,0.0,2025-09-19 06:09:45.915,4.8425
Long Yeast Grow,pioreactor02,2025-09-19T04:09:53.404Z,21.22564,0.0,0.0,0.0,43.45,2025-09-19 06:09:53.404,4.844722222222
Long Yeast Grow,pioreactor02,2025-09-19T04:09:53.448Z,21.22564,0.0,0.0,0.0,44.15,2025-09-19 06:09:53.448,4.844722222222
Long Yeast Grow,pioreactor02,2025-09-19T04:10:08.919Z,21.22164,0.0,0.0,0.0,44.15,2025-09-19 06:10:08.919,4.848888888889
Long Yeast Grow,pioreactor02,2025-09-19T04:10:31.915Z,21.20014,0.0,0.0,0.0,44.15,2025-09-19 06:10:31.915,4.855277777778
Long Yeast Grow,pioreactor02,2025-09-19T04:10:54.915Z,21.20214,0.0,0.0,0.0,44.15,2025-09-19 06:10:54.915,4.861666666667
Long Yeast Grow,pioreactor02,2025-09-19T04:11:17.915Z,21.20214,0.0,0.0,0.0,44.15,2025-09-19 06:11:17.915,4.868055555556
Long Yeast Grow,pioreactor02,2025-09-19T04:11:21.973Z,21.20214,0.0,0.0,0.0,0.0,2025-09-19 06:11:21.973,4.869166666667
Long Yeast Grow,pioreactor02,2025-09-19T04:11:40.915Z,21.20164,0.0,0.0,0.0,0.0,2025-09-19 06:11:40.915,4.874444444444
Long Yeast Grow,pioreactor02,2025-09-19T04:12:03.915Z,21.21364,0.0,0.0,0.0,0.0,2025-09-19 06:12:03.915,4.880833333333
Long Yeast Grow,pioreactor02,2025-09-19T04:12:26.915Z,21.17314,0.0,0.0,0.0,0.0,2025-09-19 06:12:26.915,4.887222222222
Long Yeast Grow,pioreactor02,2025-09-19T04:12:49.915Z,21.16014,0.0,0.0,0.0,0.0,2025-09-19 06:12:49.915,4.893611111111
Long Yeast Grow,pioreactor02,2025-09-19T04:13:12.919Z,21.16364,0.0,0.0,0.0,0.0,2025-09-19 06:13:12.919,4.9
Long Yeast Grow,pioreactor02,2025-09-19T04:13:13.404Z,21.16364,0.0,0.0,0.0,44.15,2025-09-19 06:13:13.404,4.900277777778
Long Yeast Grow,pioreactor02,2025-09-19T04:13:13.448Z,21.16364,0.0,0.0,0.0,44.25,2025-09-19 06:13:13.448,4.900277777778
Long Yeast Grow,pioreactor02,2025-09-19T04:13:35.919Z,21.14514,0.0,0.0,0.0,44.25,2025-09-19 06:13:35.919,4.906388888889
Long Yeast Grow,pioreactor02,2025-09-19T04:13:58.919Z,21.14764,0.0,0.0,0.0,44.25,2025-09-19 06:13:58.919,4.912777777778
Long Yeast Grow,pioreactor02,2025-09-19T04:14:21.915Z,21.16564,0.0,0.0,0.0,44.25,2025-09-19 06:14:21.915,4.919166666667
Long Yeast Grow,pioreactor02,2025-09-19T04:14:41.972Z,21.16564,0.0,0.0,0.0,0.0,2025-09-19 06:14:41.972,4.924722222222
Long Yeast Grow,pioreactor02,2025-09-19T04:14:44.879Z,21.17014,0.0,0.0,0.0,0.0,2025-09-19 06:14:44.879,4.925555555556
Long Yeast Grow,pioreactor02,2025-09-19T04:15:07.915Z,21.14764,0.0,0.0,0.0,0.0,2025-09-19 06:15:07.915,4.931944444444
Long Yeast Grow,pioreactor02,2025-09-19T04:15:30.915Z,21.11614,0.0,0.0,0.0,0.0,2025-09-19 06:15:30.915,4.938333333333
Long Yeast Grow,pioreactor02,2025-09-19T04:15:53.915Z,21.11764,0.0,0.0,0.0,0.0,2025-09-19 06:15:53.915,4.944722222222
Long Yeast Grow,pioreactor02,2025-09-19T04:16:16.915Z,21.09314,0.0,0.0,0.0,0.0,2025-09-19 06:16:16.915,4.951111111111
Long Yeast Grow,pioreactor02,2025-09-19T04:16:33.405Z,21.09314,0.0,0.0,0.0,44.25,2025-09-19 06:16:33.405,4.955833333333
Long Yeast Grow,pioreactor02,2025-09-19T04:16:33.447Z,21.09314,0.0,0.0,0.0,43.99,2025-09-19 06:16:33.447,4.955833333333
Long Yeast Grow,pioreactor02,2025-09-19T04:16:39.915Z,21.06914,0.0,0.0,0.0,43.99,2025-09-19 06:16:39.915,4.9575
Long Yeast Grow,pioreactor02,2025-09-19T04:17:02.919Z,21.10564,0.0,0.0,0.0,43.99,2025-09-19 06:17:02.919,4.963888888889
Long Yeast Grow,pioreactor02,2025-09-19T04:17:25.915Z,21.09664,0.0,0.0,0.0,43.99,2025-09-19 06:17:25.915,4.970277777778
Long Yeast Grow,pioreactor02,2025-09-19T04:17:48.915Z,21.09164,0.0,0.0,0.0,43.99,2025-09-19 06:17:48.915,4.976666666667
Long Yeast Grow,pioreactor02,2025-09-19T04:18:01.972Z,21.09164,0.0,0.0,0.0,0.0,2025-09-19 06:18:01.972,4.980277777778
Long Yeast Grow,pioreactor02,2025-09-19T04:18:11.915Z,21.11764,0.0,0.0,0.0,0.0,2025-09-19 06:18:11.915,4.983055555556
Long Yeast Grow,pioreactor02,2025-09-19T04:18:34.915Z,21.12264,0.0,0.0,0.0,0.0,2025-09-19 06:18:34.915,4.989444444444
Long Yeast Grow,pioreactor02,2025-09-19T04:18:57.915Z,21.13714,0.0,0.0,0.0,0.0,2025-09-19 06:18:57.915,4.995833333333
Long Yeast Grow,pioreactor02,2025-09-19T04:19:20.915Z,21.13814,0.0,0.0,0.0,0.0,2025-09-19 06:19:20.915,5.002222222222
Long Yeast Grow,pioreactor02,2025-09-19T04:19:43.919Z,21.13864,0.0,0.0,0.0,0.0,2025-09-19 06:19:43.919,5.008611111111
Long Yeast Grow,pioreactor02,2025-09-19T04:19:53.406Z,21.13864,0.0,0.0,0.0,43.99,2025-09-19 06:19:53.406,5.011388888889
Long Yeast Grow,pioreactor02,2025-09-19T04:19:53.447Z,21.13864,0.0,0.0,0.0,44.4,2025-09-19 06:19:53.447,5.011388888889
Long Yeast Grow,pioreactor02,2025-09-19T04:20:06.915Z,21.16864,0.0,0.0,0.0,44.4,2025-09-19 06:20:06.915,5.015
Long Yeast Grow,pioreactor02,2025-09-19T04:20:29.919Z,21.17264,0.0,0.0,0.0,44.4,2025-09-19 06:20:29.919,5.021388888889
Long Yeast Grow,pioreactor02,2025-09-19T04:20:52.915Z,21.17914,0.0,0.0,0.0,44.4,2025-09-19 06:20:52.915,5.027777777778
Long Yeast Grow,pioreactor02,2025-09-19T04:21:15.915Z,21.14264,0.0,0.0,0.0,44.4,2025-09-19 06:21:15.915,5.034166666667
Long Yeast Grow,pioreactor02,2025-09-19T04:21:21.972Z,21.14264,0.0,0.0,0.0,0.0,2025-09-19 06:21:21.972,5.035833333333
Long Yeast Grow,pioreactor02,2025-09-19T04:21:38.915Z,21.14464,0.0,0.0,0.0,0.0,2025-09-19 06:21:38.915,5.040555555556
Long Yeast Grow,pioreactor02,2025-09-19T04:22:01.915Z,21.12514,0.0,0.0,0.0,0.0,2025-09-19 06:22:01.915,5.046944444444
Long Yeast Grow,pioreactor02,2025-09-19T04:22:24.915Z,21.10314,0.0,0.0,0.0,0.0,2025-09-19 06:22:24.915,5.053333333333
Long Yeast Grow,pioreactor02,2025-09-19T04:22:47.919Z,21.14114,0.0,0.0,0.0,0.0,2025-09-19 06:22:47.919,5.059722222222
Long Yeast Grow,pioreactor02,2025-09-19T04:23:10.915Z,21.14064,0.0,0.0,0.0,0.0,2025-09-19 06:23:10.915,5.066111111111
Long Yeast Grow,pioreactor02,2025-09-19T04:23:13.404Z,21.14064,0.0,0.0,0.0,44.4,2025-09-19 06:23:13.404,5.066944444444
Long Yeast Grow,pioreactor02,2025-09-19T04:23:13.447Z,21.14064,0.0,0.0,0.0,42.51,2025-09-19 06:23:13.447,5.066944444444
Long Yeast Grow,pioreactor02,2025-09-19T04:23:33.919Z,21.13614,0.0,0.0,0.0,42.51,2025-09-19 06:23:33.919,5.0725
Long Yeast Grow,pioreactor02,2025-09-19T04:23:56.919Z,21.14014,0.0,0.0,0.0,42.51,2025-09-19 06:23:56.919,5.078888888889
Long Yeast Grow,pioreactor02,2025-09-19T04:24:19.915Z,21.13714,0.0,0.0,0.0,42.51,2025-09-19 06:24:19.915,5.085277777778
Long Yeast Grow,pioreactor02,2025-09-19T04:24:41.973Z,21.13714,0.0,0.0,0.0,0.0,2025-09-19 06:24:41.973,5.091388888889
Long Yeast Grow,pioreactor02,2025-09-19T04:24:42.915Z,21.13564,0.0,0.0,0.0,0.0,2025-09-19 06:24:42.915,5.091666666667
Long Yeast Grow,pioreactor02,2025-09-19T04:25:05.915Z,21.11214,0.0,0.0,0.0,0.0,2025-09-19 06:25:05.915,5.098055555556
Long Yeast Grow,pioreactor02,2025-09-19T04:25:28.915Z,21.09514,0.0,0.0,0.0,0.0,2025-09-19 06:25:28.915,5.104444444444
Long Yeast Grow,pioreactor02,2025-09-19T04:25:51.915Z,21.11664,0.0,0.0,0.0,0.0,2025-09-19 06:25:51.915,5.110833333333
Long Yeast Grow,pioreactor02,2025-09-19T04:26:14.915Z,21.10914,0.0,0.0,0.0,0.0,2025-09-19 06:26:14.915,5.117222222222
Long Yeast Grow,pioreactor02,2025-09-19T04:26:33.405Z,21.10914,0.0,0.0,0.0,42.51,2025-09-19 06:26:33.405,5.1225
Long Yeast Grow,pioreactor02,2025-09-19T04:26:33.448Z,21.10914,0.0,0.0,0.0,43.21,2025-09-19 06:26:33.448,5.1225
Long Yeast Grow,pioreactor02,2025-09-19T04:26:37.915Z,21.10964,0.0,0.0,0.0,43.21,2025-09-19 06:26:37.915,5.123611111111
Long Yeast Grow,pioreactor02,2025-09-19T04:27:00.915Z,21.09464,0.0,0.0,0.0,43.21,2025-09-19 06:27:00.915,5.13
Long Yeast Grow,pioreactor02,2025-09-19T04:27:23.915Z,21.09864,0.0,0.0,0.0,43.21,2025-09-19 06:27:23.915,5.136388888889
Long Yeast Grow,pioreactor02,2025-09-19T04:27:46.915Z,21.17714,0.0,0.0,0.0,43.21,2025-09-19 06:27:46.915,5.142777777778
Long Yeast Grow,pioreactor02,2025-09-19T04:28:01.972Z,21.17714,0.0,0.0,0.0,0.0,2025-09-19 06:28:01.972,5.146944444444
Long Yeast Grow,pioreactor02,2025-09-19T04:28:09.915Z,21.16614,0.0,0.0,0.0,0.0,2025-09-19 06:28:09.915,5.149166666667
Long Yeast Grow,pioreactor02,2025-09-19T04:28:32.915Z,21.20664,0.0,0.0,0.0,0.0,2025-09-19 06:28:32.915,5.155555555556
Long Yeast Grow,pioreactor02,2025-09-19T04:28:55.915Z,21.15164,0.0,0.0,0.0,0.0,2025-09-19 06:28:55.915,5.161944444444
Long Yeast Grow,pioreactor02,2025-09-19T04:29:18.915Z,21.15214,0.0,0.0,0.0,0.0,2025-09-19 06:29:18.915,5.168333333333
Long Yeast Grow,pioreactor02,2025-09-19T04:29:41.915Z,21.17364,0.0,0.0,0.0,0.0,2025-09-19 06:29:41.915,5.174722222222
Long Yeast Grow,pioreactor02,2025-09-19T04:29:53.404Z,21.17364,0.0,0.0,0.0,43.21,2025-09-19 06:29:53.404,5.178055555556
Long Yeast Grow,pioreactor02,2025-09-19T04:29:53.447Z,21.17364,0.0,0.0,0.0,43.58,2025-09-19 06:29:53.447,5.178055555556
Long Yeast Grow,pioreactor02,2025-09-19T04:30:04.915Z,21.21264,0.0,0.0,0.0,43.58,2025-09-19 06:30:04.915,5.181111111111
Long Yeast Grow,pioreactor02,2025-09-19T04:30:27.919Z,21.19214,0.0,0.0,0.0,43.58,2025-09-19 06:30:27.919,5.1875
Long Yeast Grow,pioreactor02,2025-09-19T04:30:50.919Z,21.15414,0.0,0.0,0.0,43.58,2025-09-19 06:30:50.919,5.193888888889
Long Yeast Grow,pioreactor02,2025-09-19T04:31:13.915Z,21.16464,0.0,0.0,0.0,43.58,2025-09-19 06:31:13.915,5.200277777778
Long Yeast Grow,pioreactor02,2025-09-19T04:31:21.972Z,21.16464,0.0,0.0,0.0,0.0,2025-09-19 06:31:21.972,5.2025
Long Yeast Grow,pioreactor02,2025-09-19T04:31:36.915Z,21.12464,0.0,0.0,0.0,0.0,2025-09-19 06:31:36.915,5.206666666667
Long Yeast Grow,pioreactor02,2025-09-19T04:31:59.915Z,21.17064,0.0,0.0,0.0,0.0,2025-09-19 06:31:59.915,5.213055555556
Long Yeast Grow,pioreactor02,2025-09-19T04:32:22.915Z,21.16664,0.0,0.0,0.0,0.0,2025-09-19 06:32:22.915,5.219444444444
Long Yeast Grow,pioreactor02,2025-09-19T04:32:45.915Z,21.22664,0.0,0.0,0.0,0.0,2025-09-19 06:32:45.915,5.225833333333
Long Yeast Grow,pioreactor02,2025-09-19T04:33:08.915Z,21.19714,0.0,0.0,0.0,0.0,2025-09-19 06:33:08.915,5.232222222222
Long Yeast Grow,pioreactor02,2025-09-19T04:33:13.404Z,21.19714,0.0,0.0,0.0,43.58,2025-09-19 06:33:13.404,5.233611111111
Long Yeast Grow,pioreactor02,2025-09-19T04:33:13.447Z,21.19714,0.0,0.0,0.0,44.64,2025-09-19 06:33:13.447,5.233611111111
Long Yeast Grow,pioreactor02,2025-09-19T04:33:31.915Z,21.18864,0.0,0.0,0.0,44.64,2025-09-19 06:33:31.915,5.238611111111
Long Yeast Grow,pioreactor02,2025-09-19T04:33:54.915Z,21.24464,0.0,0.0,0.0,44.64,2025-09-19 06:33:54.915,5.245
Long Yeast Grow,pioreactor02,2025-09-19T04:34:17.915Z,21.21164,0.0,0.0,0.0,44.64,2025-09-19 06:34:17.915,5.251388888889
Long Yeast Grow,pioreactor02,2025-09-19T04:34:40.915Z,21.18914,0.0,0.0,0.0,44.64,2025-09-19 06:34:40.915,5.257777777778
Long Yeast Grow,pioreactor02,2025-09-19T04:34:41.973Z,21.18914,0.0,0.0,0.0,0.0,2025-09-19 06:34:41.973,5.258055555556
Long Yeast Grow,pioreactor02,2025-09-19T04:35:03.915Z,21.13014,0.0,0.0,0.0,0.0,2025-09-19 06:35:03.915,5.264166666667
Long Yeast Grow,pioreactor02,2025-09-19T04:35:26.915Z,21.12964,0.0,0.0,0.0,0.0,2025-09-19 06:35:26.915,5.270555555556
Long Yeast Grow,pioreactor02,2025-09-19T04:35:49.915Z,21.12764,0.0,0.0,0.0,0.0,2025-09-19 06:35:49.915,5.276944444444
Long Yeast Grow,pioreactor02,2025-09-19T04:36:12.915Z,21.14264,0.0,0.0,0.0,0.0,2025-09-19 06:36:12.915,5.283333333333
Long Yeast Grow,pioreactor02,2025-09-19T04:36:33.405Z,21.14264,0.0,0.0,0.0,44.64,2025-09-19 06:36:33.405,5.289166666667
Long Yeast Grow,pioreactor02,2025-09-19T04:36:33.447Z,21.14264,0.0,0.0,0.0,44.05,2025-09-19 06:36:33.447,5.289166666667
Long Yeast Grow,pioreactor02,2025-09-19T04:36:35.915Z,21.19614,0.0,0.0,0.0,44.05,2025-09-19 06:36:35.915,5.289722222222
Long Yeast Grow,pioreactor02,2025-09-19T04:36:58.919Z,21.17464,0.0,0.0,0.0,44.05,2025-09-19 06:36:58.919,5.296111111111
Long Yeast Grow,pioreactor02,2025-09-19T04:37:21.915Z,21.15164,0.0,0.0,0.0,44.05,2025-09-19 06:37:21.915,5.3025
Long Yeast Grow,pioreactor02,2025-09-19T04:37:44.915Z,21.15864,0.0,0.0,0.0,44.05,2025-09-19 06:37:44.915,5.308888888889
Long Yeast Grow,pioreactor02,2025-09-19T04:38:01.973Z,21.15864,0.0,0.0,0.0,0.0,2025-09-19 06:38:01.973,5.313611111111
Long Yeast Grow,pioreactor02,2025-09-19T04:38:07.915Z,21.16164,0.0,0.0,0.0,0.0,2025-09-19 06:38:07.915,5.315277777778
Long Yeast Grow,pioreactor02,2025-09-19T04:38:30.915Z,21.15914,0.0,0.0,0.0,0.0,2025-09-19 06:38:30.915,5.321666666667
Long Yeast Grow,pioreactor02,2025-09-19T04:38:53.915Z,21.19114,0.0,0.0,0.0,0.0,2025-09-19 06:38:53.915,5.328055555556
Long Yeast Grow,pioreactor02,2025-09-19T04:39:16.915Z,21.18814,0.0,0.0,0.0,0.0,2025-09-19 06:39:16.915,5.334444444444
Long Yeast Grow,pioreactor02,2025-09-19T04:39:39.915Z,21.18714,0.0,0.0,0.0,0.0,2025-09-19 06:39:39.915,5.340833333333
Long Yeast Grow,pioreactor02,2025-09-19T04:39:53.404Z,21.18714,0.0,0.0,0.0,44.05,2025-09-19 06:39:53.404,5.344722222222
Long Yeast Grow,pioreactor02,2025-09-19T04:39:53.448Z,21.18714,0.0,0.0,0.0,44.75,2025-09-19 06:39:53.448,5.344722222222
Long Yeast Grow,pioreactor02,2025-09-19T04:40:02.915Z,21.22914,0.0,0.0,0.0,44.75,2025-09-19 06:40:02.915,5.347222222222
Long Yeast Grow,pioreactor02,2025-09-19T04:40:25.915Z,21.22164,0.0,0.0,0.0,44.75,2025-09-19 06:40:25.915,5.353611111111
Long Yeast Grow,pioreactor02,2025-09-19T04:40:48.915Z,21.24664,0.0,0.0,0.0,44.75,2025-09-19 06:40:48.915,5.36
Long Yeast Grow,pioreactor02,2025-09-19T04:41:11.919Z,21.27214,0.0,0.0,0.0,44.75,2025-09-19 06:41:11.919,5.366388888889
Long Yeast Grow,pioreactor02,2025-09-19T04:41:21.972Z,21.27214,0.0,0.0,0.0,0.0,2025-09-19 06:41:21.972,5.369166666667
Long Yeast Grow,pioreactor02,2025-09-19T04:41:34.915Z,21.23464,0.0,0.0,0.0,0.0,2025-09-19 06:41:34.915,5.372777777778
Long Yeast Grow,pioreactor02,2025-09-19T04:41:57.919Z,21.20114,0.0,0.0,0.0,0.0,2025-09-19 06:41:57.919,5.379166666667
Long Yeast Grow,pioreactor02,2025-09-19T04:42:20.915Z,21.14514,0.0,0.0,0.0,0.0,2025-09-19 06:42:20.915,5.385555555556
Long Yeast Grow,pioreactor02,2025-09-19T04:42:43.915Z,21.15864,0.0,0.0,0.0,0.0,2025-09-19 06:42:43.915,5.391944444444
Long Yeast Grow,pioreactor02,2025-09-19T04:43:06.915Z,21.16514,0.0,0.0,0.0,0.0,2025-09-19 06:43:06.915,5.398333333333
Long Yeast Grow,pioreactor02,2025-09-19T04:43:13.406Z,21.16514,0.0,0.0,0.0,44.75,2025-09-19 06:43:13.406,5.400277777778
Long Yeast Grow,pioreactor02,2025-09-19T04:43:13.447Z,21.16514,0.0,0.0,0.0,44.03,2025-09-19 06:43:13.447,5.400277777778
Long Yeast Grow,pioreactor02,2025-09-19T04:43:29.915Z,21.17014,0.0,0.0,0.0,44.03,2025-09-19 06:43:29.915,5.404722222222
Long Yeast Grow,pioreactor02,2025-09-19T04:43:52.919Z,21.13914,0.0,0.0,0.0,44.03,2025-09-19 06:43:52.919,5.411111111111
Long Yeast Grow,pioreactor02,2025-09-19T04:44:15.915Z,21.14014,0.0,0.0,0.0,44.03,2025-09-19 06:44:15.915,5.4175
Long Yeast Grow,pioreactor02,2025-09-19T04:44:38.919Z,21.21564,0.0,0.0,0.0,44.03,2025-09-19 06:44:38.919,5.423888888889
Long Yeast Grow,pioreactor02,2025-09-19T04:44:41.972Z,21.21564,0.0,0.0,0.0,0.0,2025-09-19 06:44:41.972,5.424722222222
Long Yeast Grow,pioreactor02,2025-09-19T04:45:01.915Z,21.22814,0.0,0.0,0.0,0.0,2025-09-19 06:45:01.915,5.430277777778
Long Yeast Grow,pioreactor02,2025-09-19T04:45:24.915Z,21.23314,0.0,0.0,0.0,0.0,2025-09-19 06:45:24.915,5.436666666667
Long Yeast Grow,pioreactor02,2025-09-19T04:45:47.915Z,21.18814,0.0,0.0,0.0,0.0,2025-09-19 06:45:47.915,5.443055555556
Long Yeast Grow,pioreactor02,2025-09-19T04:46:10.915Z,21.18064,0.0,0.0,0.0,0.0,2025-09-19 06:46:10.915,5.449444444444
Long Yeast Grow,pioreactor02,2025-09-19T04:46:33.405Z,21.18064,0.0,0.0,0.0,44.03,2025-09-19 06:46:33.405,5.455833333333
Long Yeast Grow,pioreactor02,2025-09-19T04:46:33.449Z,21.18064,0.0,0.0,0.0,44.53,2025-09-19 06:46:33.449,5.455833333333
Long Yeast Grow,pioreactor02,2025-09-19T04:46:33.915Z,21.18714,0.0,0.0,0.0,44.53,2025-09-19 06:46:33.915,5.455833333333
Long Yeast Grow,pioreactor02,2025-09-19T04:46:56.916Z,21.23314,0.0,0.0,0.0,44.53,2025-09-19 06:46:56.916,5.462222222222
Long Yeast Grow,pioreactor02,2025-09-19T04:47:19.915Z,21.25164,0.0,0.0,0.0,44.53,2025-09-19 06:47:19.915,5.468611111111
Long Yeast Grow,pioreactor02,2025-09-19T04:47:42.915Z,21.22364,0.0,0.0,0.0,44.53,2025-09-19 06:47:42.915,5.475
Long Yeast Grow,pioreactor02,2025-09-19T04:48:01.972Z,21.22364,0.0,0.0,0.0,0.0,2025-09-19 06:48:01.972,5.480277777778
Long Yeast Grow,pioreactor02,2025-09-19T04:48:05.915Z,21.19214,0.0,0.0,0.0,0.0,2025-09-19 06:48:05.915,5.481388888889
Long Yeast Grow,pioreactor02,2025-09-19T04:48:28.915Z,21.20964,0.0,0.0,0.0,0.0,2025-09-19 06:48:28.915,5.487777777778
Long Yeast Grow,pioreactor02,2025-09-19T04:48:51.919Z,21.23164,0.0,0.0,0.0,0.0,2025-09-19 06:48:51.919,5.494166666667
Long Yeast Grow,pioreactor02,2025-09-19T04:49:14.915Z,21.23414,0.0,0.0,0.0,0.0,2025-09-19 06:49:14.915,5.500555555556
Long Yeast Grow,pioreactor02,2025-09-19T04:49:37.915Z,21.23164,0.0,0.0,0.0,0.0,2025-09-19 06:49:37.915,5.506944444444
Long Yeast Grow,pioreactor02,2025-09-19T04:49:53.404Z,21.23164,0.0,0.0,0.0,44.53,2025-09-19 06:49:53.404,5.511388888889
Long Yeast Grow,pioreactor02,2025-09-19T04:49:53.448Z,21.23164,0.0,0.0,0.0,45.38,2025-09-19 06:49:53.448,5.511388888889
Long Yeast Grow,pioreactor02,2025-09-19T04:50:00.915Z,21.22814,0.0,0.0,0.0,45.38,2025-09-19 06:50:00.915,5.513333333333
Long Yeast Grow,pioreactor02,2025-09-19T04:50:23.915Z,21.21664,0.0,0.0,0.0,45.38,2025-09-19 06:50:23.915,5.519722222222
Long Yeast Grow,pioreactor02,2025-09-19T04:50:46.915Z,21.20814,0.0,0.0,0.0,45.38,2025-09-19 06:50:46.915,5.526111111111
Long Yeast Grow,pioreactor02,2025-09-19T04:51:09.915Z,21.20364,0.0,0.0,0.0,45.38,2025-09-19 06:51:09.915,5.5325
Long Yeast Grow,pioreactor02,2025-09-19T04:51:21.972Z,21.20364,0.0,0.0,0.0,0.0,2025-09-19 06:51:21.972,5.535833333333
Long Yeast Grow,pioreactor02,2025-09-19T04:51:32.915Z,21.17914,0.0,0.0,0.0,0.0,2025-09-19 06:51:32.915,5.538888888889
Long Yeast Grow,pioreactor02,2025-09-19T04:51:55.915Z,21.16964,0.0,0.0,0.0,0.0,2025-09-19 06:51:55.915,5.545277777778
Long Yeast Grow,pioreactor02,2025-09-19T04:52:18.915Z,21.17764,0.0,0.0,0.0,0.0,2025-09-19 06:52:18.915,5.551666666667
Long Yeast Grow,pioreactor02,2025-09-19T04:52:41.915Z,21.23464,0.0,0.0,0.0,0.0,2025-09-19 06:52:41.915,5.558055555556
Long Yeast Grow,pioreactor02,2025-09-19T04:53:04.915Z,21.18214,0.0,0.0,0.0,0.0,2025-09-19 06:53:04.915,5.564444444444
Long Yeast Grow,pioreactor02,2025-09-19T04:53:13.404Z,21.18214,0.0,0.0,0.0,45.38,2025-09-19 06:53:13.404,5.566944444444
Long Yeast Grow,pioreactor02,2025-09-19T04:53:13.448Z,21.18214,0.0,0.0,0.0,45.55,2025-09-19 06:53:13.448,5.566944444444
Long Yeast Grow,pioreactor02,2025-09-19T04:53:27.915Z,21.16214,0.0,0.0,0.0,45.55,2025-09-19 06:53:27.915,5.570833333333
Long Yeast Grow,pioreactor02,2025-09-19T04:53:50.915Z,21.14164,0.0,0.0,0.0,45.55,2025-09-19 06:53:50.915,5.577222222222
Long Yeast Grow,pioreactor02,2025-09-19T04:54:13.915Z,21.13614,0.0,0.0,0.0,45.55,2025-09-19 06:54:13.915,5.583611111111
Long Yeast Grow,pioreactor02,2025-09-19T04:54:36.919Z,21.14664,0.0,0.0,0.0,45.55,2025-09-19 06:54:36.919,5.59
Long Yeast Grow,pioreactor02,2025-09-19T04:54:41.973Z,21.14664,0.0,0.0,0.0,0.0,2025-09-19 06:54:41.973,5.591388888889
Long Yeast Grow,pioreactor02,2025-09-19T04:54:59.915Z,21.14814,0.0,0.0,0.0,0.0,2025-09-19 06:54:59.915,5.596388888889
Long Yeast Grow,pioreactor02,2025-09-19T04:55:22.919Z,21.15514,0.0,0.0,0.0,0.0,2025-09-19 06:55:22.919,5.602777777778
Long Yeast Grow,pioreactor02,2025-09-19T04:55:45.915Z,21.15014,0.0,0.0,0.0,0.0,2025-09-19 06:55:45.915,5.609166666667
Long Yeast Grow,pioreactor02,2025-09-19T04:56:08.915Z,21.12514,0.0,0.0,0.0,0.0,2025-09-19 06:56:08.915,5.615555555556
Long Yeast Grow,pioreactor02,2025-09-19T04:56:31.915Z,21.22664,0.0,0.0,0.0,0.0,2025-09-19 06:56:31.915,5.621944444444
Long Yeast Grow,pioreactor02,2025-09-19T04:56:33.405Z,21.22664,0.0,0.0,0.0,45.55,2025-09-19 06:56:33.405,5.6225
Long Yeast Grow,pioreactor02,2025-09-19T04:56:33.448Z,21.22664,0.0,0.0,0.0,44.85,2025-09-19 06:56:33.448,5.6225
Long Yeast Grow,pioreactor02,2025-09-19T04:56:54.915Z,21.21064,0.0,0.0,0.0,44.85,2025-09-19 06:56:54.915,5.628333333333
Long Yeast Grow,pioreactor02,2025-09-19T04:57:17.915Z,21.20414,0.0,0.0,0.0,44.85,2025-09-19 06:57:17.915,5.634722222222
Long Yeast Grow,pioreactor02,2025-09-19T04:57:40.915Z,21.18514,0.0,0.0,0.0,44.85,2025-09-19 06:57:40.915,5.641111111111
Long Yeast Grow,pioreactor02,2025-09-19T04:58:01.972Z,21.18514,0.0,0.0,0.0,0.0,2025-09-19 06:58:01.972,5.646944444444
Long Yeast Grow,pioreactor02,2025-09-19T04:58:03.919Z,21.18564,0.0,0.0,0.0,0.0,2025-09-19 06:58:03.919,5.6475
Long Yeast Grow,pioreactor02,2025-09-19T04:58:26.915Z,21.26464,0.0,0.0,0.0,0.0,2025-09-19 06:58:26.915,5.653888888889
Long Yeast Grow,pioreactor02,2025-09-19T04:58:49.915Z,21.25814,0.0,0.0,0.0,0.0,2025-09-19 06:58:49.915,5.660277777778
Long Yeast Grow,pioreactor02,2025-09-19T04:59:12.919Z,21.21414,0.0,0.0,0.0,0.0,2025-09-19 06:59:12.919,5.666666666667
Long Yeast Grow,pioreactor02,2025-09-19T04:59:35.915Z,21.20964,0.0,0.0,0.0,0.0,2025-09-19 06:59:35.915,5.673055555556
Long Yeast Grow,pioreactor02,2025-09-19T04:59:53.405Z,21.20964,0.0,0.0,0.0,44.85,2025-09-19 06:59:53.405,5.678055555556
Long Yeast Grow,pioreactor02,2025-09-19T04:59:53.448Z,21.20964,0.0,0.0,0.0,45.23,2025-09-19 06:59:53.448,5.678055555556
Long Yeast Grow,pioreactor02,2025-09-19T04:59:58.915Z,21.20764,0.0,0.0,0.0,45.23,2025-09-19 06:59:58.915,5.679444444444
Long Yeast Grow,pioreactor02,2025-09-19T05:00:21.915Z,21.20064,0.0,0.0,0.0,45.23,2025-09-19 07:00:21.915,5.685833333333
Long Yeast Grow,pioreactor02,2025-09-19T05:00:44.915Z,21.17764,0.0,0.0,0.0,45.23,2025-09-19 07:00:44.915,5.692222222222
Long Yeast Grow,pioreactor02,2025-09-19T05:01:07.915Z,21.17814,0.0,0.0,0.0,45.23,2025-09-19 07:01:07.915,5.698611111111
Long Yeast Grow,pioreactor02,2025-09-19T05:01:21.974Z,21.17814,0.0,0.0,0.0,0.0,2025-09-19 07:01:21.974,5.7025
Long Yeast Grow,pioreactor02,2025-09-19T05:01:30.915Z,21.17314,0.0,0.0,0.0,0.0,2025-09-19 07:01:30.915,5.705
Long Yeast Grow,pioreactor02,2025-09-19T05:01:53.915Z,21.15064,0.0,0.0,0.0,0.0,2025-09-19 07:01:53.915,5.711388888889
Long Yeast Grow,pioreactor02,2025-09-19T05:02:16.915Z,21.08914,0.0,0.0,0.0,0.0,2025-09-19 07:02:16.915,5.717777777778
Long Yeast Grow,pioreactor02,2025-09-19T05:02:39.915Z,21.09814,0.0,0.0,0.0,0.0,2025-09-19 07:02:39.915,5.724166666667
Long Yeast Grow,pioreactor02,2025-09-19T05:03:02.915Z,21.06014,0.0,0.0,0.0,0.0,2025-09-19 07:03:02.915,5.730555555556
Long Yeast Grow,pioreactor02,2025-09-19T05:03:13.405Z,21.06014,0.0,0.0,0.0,45.23,2025-09-19 07:03:13.405,5.733611111111
Long Yeast Grow,pioreactor02,2025-09-19T05:03:13.448Z,21.06014,0.0,0.0,0.0,44.25,2025-09-19 07:03:13.448,5.733611111111
Long Yeast Grow,pioreactor02,2025-09-19T05:03:25.915Z,21.09164,0.0,0.0,0.0,44.25,2025-09-19 07:03:25.915,5.736944444444
Long Yeast Grow,pioreactor02,2025-09-19T05:03:48.915Z,21.08864,0.0,0.0,0.0,44.25,2025-09-19 07:03:48.915,5.743333333333
Long Yeast Grow,pioreactor02,2025-09-19T05:04:11.879Z,21.10464,0.0,0.0,0.0,44.25,2025-09-19 07:04:11.879,5.749722222222
Long Yeast Grow,pioreactor02,2025-09-19T05:04:34.915Z,21.10214,0.0,0.0,0.0,44.25,2025-09-19 07:04:34.915,5.756111111111
Long Yeast Grow,pioreactor02,2025-09-19T05:04:41.973Z,21.10214,0.0,0.0,0.0,0.0,2025-09-19 07:04:41.973,5.758055555556
Long Yeast Grow,pioreactor02,2025-09-19T05:04:57.915Z,21.10964,0.0,0.0,0.0,0.0,2025-09-19 07:04:57.915,5.7625
Long Yeast Grow,pioreactor02,2025-09-19T05:05:20.919Z,21.06664,0.0,0.0,0.0,0.0,2025-09-19 07:05:20.919,5.768888888889
Long Yeast Grow,pioreactor02,2025-09-19T05:05:43.915Z,21.02914,0.0,0.0,0.0,0.0,2025-09-19 07:05:43.915,5.775277777778
Long Yeast Grow,pioreactor02,2025-09-19T05:06:06.915Z,21.02664,0.0,0.0,0.0,0.0,2025-09-19 07:06:06.915,5.781666666667
Long Yeast Grow,pioreactor02,2025-09-19T05:06:29.915Z,21.02714,0.0,0.0,0.0,0.0,2025-09-19 07:06:29.915,5.788055555556
Long Yeast Grow,pioreactor02,2025-09-19T05:06:33.405Z,21.02714,0.0,0.0,0.0,44.25,2025-09-19 07:06:33.405,5.789166666667
Long Yeast Grow,pioreactor02,2025-09-19T05:06:33.448Z,21.02714,0.0,0.0,0.0,43.75,2025-09-19 07:06:33.448,5.789166666667
Long Yeast Grow,pioreactor02,2025-09-19T05:06:52.915Z,21.02764,0.0,0.0,0.0,43.75,2025-09-19 07:06:52.915,5.794444444444
Long Yeast Grow,pioreactor02,2025-09-19T05:07:15.915Z,21.04164,0.0,0.0,0.0,43.75,2025-09-19 07:07:15.915,5.800833333333
Long Yeast Grow,pioreactor02,2025-09-19T05:07:38.915Z,21.04514,0.0,0.0,0.0,43.75,2025-09-19 07:07:38.915,5.807222222222
Long Yeast Grow,pioreactor02,2025-09-19T05:08:01.915Z,21.02914,0.0,0.0,0.0,43.75,2025-09-19 07:08:01.915,5.813611111111
Long Yeast Grow,pioreactor02,2025-09-19T05:08:01.972Z,21.02914,0.0,0.0,0.0,0.0,2025-09-19 07:08:01.972,5.813611111111
Long Yeast Grow,pioreactor02,2025-09-19T05:08:24.919Z,21.04614,0.0,0.0,0.0,0.0,2025-09-19 07:08:24.919,5.82
Long Yeast Grow,pioreactor02,2025-09-19T05:08:47.915Z,21.06514,0.0,0.0,0.0,0.0,2025-09-19 07:08:47.915,5.826388888889
Long Yeast Grow,pioreactor02,2025-09-19T05:09:10.919Z,21.09514,0.0,0.0,0.0,0.0,2025-09-19 07:09:10.919,5.832777777778
Long Yeast Grow,pioreactor02,2025-09-19T05:09:33.915Z,21.06964,0.0,0.0,0.0,0.0,2025-09-19 07:09:33.915,5.839166666667
Long Yeast Grow,pioreactor02,2025-09-19T05:09:53.405Z,21.06964,0.0,0.0,0.0,43.75,2025-09-19 07:09:53.405,5.844722222222
Long Yeast Grow,pioreactor02,2025-09-19T05:09:53.447Z,21.06964,0.0,0.0,0.0,44.39,2025-09-19 07:09:53.447,5.844722222222
Long Yeast Grow,pioreactor02,2025-09-19T05:09:56.915Z,21.19414,0.0,0.0,0.0,44.39,2025-09-19 07:09:56.915,5.845555555556
Long Yeast Grow,pioreactor02,2025-09-19T05:10:19.915Z,21.19564,0.0,0.0,0.0,44.39,2025-09-19 07:10:19.915,5.851944444444
Long Yeast Grow,pioreactor02,2025-09-19T05:10:42.919Z,21.19714,0.0,0.0,0.0,44.39,2025-09-19 07:10:42.919,5.858333333333
Long Yeast Grow,pioreactor02,2025-09-19T05:11:05.915Z,21.20164,0.0,0.0,0.0,44.39,2025-09-19 07:11:05.915,5.864722222222
Long Yeast Grow,pioreactor02,2025-09-19T05:11:21.972Z,21.20164,0.0,0.0,0.0,0.0,2025-09-19 07:11:21.972,5.869166666667
Long Yeast Grow,pioreactor02,2025-09-19T05:11:28.915Z,21.20314,0.0,0.0,0.0,0.0,2025-09-19 07:11:28.915,5.871111111111
Long Yeast Grow,pioreactor02,2025-09-19T05:11:51.915Z,21.22364,0.0,0.0,0.0,0.0,2025-09-19 07:11:51.915,5.8775
Long Yeast Grow,pioreactor02,2025-09-19T05:12:14.915Z,21.25264,0.0,0.0,0.0,0.0,2025-09-19 07:12:14.915,5.883888888889
Long Yeast Grow,pioreactor02,2025-09-19T05:12:37.919Z,21.26864,0.0,0.0,0.0,0.0,2025-09-19 07:12:37.919,5.890277777778
Long Yeast Grow,pioreactor02,2025-09-19T05:13:00.915Z,21.27114,0.0,0.0,0.0,0.0,2025-09-19 07:13:00.915,5.896666666667
Long Yeast Grow,pioreactor02,2025-09-19T05:13:13.405Z,21.27114,0.0,0.0,0.0,44.39,2025-09-19 07:13:13.405,5.900277777778
Long Yeast Grow,pioreactor02,2025-09-19T05:13:13.447Z,21.27114,0.0,0.0,0.0,43.6,2025-09-19 07:13:13.447,5.900277777778
Long Yeast Grow,pioreactor02,2025-09-19T05:13:23.915Z,21.42364,0.0,0.0,0.0,43.6,2025-09-19 07:13:23.915,5.903055555556
Long Yeast Grow,pioreactor02,2025-09-19T05:13:46.915Z,21.42214,0.0,0.0,0.0,43.6,2025-09-19 07:13:46.915,5.909444444444
Long Yeast Grow,pioreactor02,2025-09-19T05:14:09.919Z,21.39064,0.0,0.0,0.0,43.6,2025-09-19 07:14:09.919,5.915833333333
Long Yeast Grow,pioreactor02,2025-09-19T05:14:32.919Z,21.34064,0.0,0.0,0.0,43.6,2025-09-19 07:14:32.919,5.922222222222
Long Yeast Grow,pioreactor02,2025-09-19T05:14:41.972Z,21.34064,0.0,0.0,0.0,0.0,2025-09-19 07:14:41.972,5.924722222222
Long Yeast Grow,pioreactor02,2025-09-19T05:14:55.919Z,21.33914,0.0,0.0,0.0,0.0,2025-09-19 07:14:55.919,5.928611111111
Long Yeast Grow,pioreactor02,2025-09-19T05:15:18.915Z,21.32364,0.0,0.0,0.0,0.0,2025-09-19 07:15:18.915,5.935
Long Yeast Grow,pioreactor02,2025-09-19T05:15:41.919Z,21.35714,0.0,0.0,0.0,0.0,2025-09-19 07:15:41.919,5.941388888889
Long Yeast Grow,pioreactor02,2025-09-19T05:16:04.919Z,21.32114,0.0,0.0,0.0,0.0,2025-09-19 07:16:04.919,5.947777777778
Long Yeast Grow,pioreactor02,2025-09-19T05:16:27.915Z,21.31114,0.0,0.0,0.0,0.0,2025-09-19 07:16:27.915,5.954166666667
Long Yeast Grow,pioreactor02,2025-09-19T05:16:33.405Z,21.31114,0.0,0.0,0.0,43.6,2025-09-19 07:16:33.405,5.955833333333
Long Yeast Grow,pioreactor02,2025-09-19T05:16:33.447Z,21.31114,0.0,0.0,0.0,43.31,2025-09-19 07:16:33.447,5.955833333333
Long Yeast Grow,pioreactor02,2025-09-19T05:16:50.915Z,21.31664,0.0,0.0,0.0,43.31,2025-09-19 07:16:50.915,5.960555555556
Long Yeast Grow,pioreactor02,2025-09-19T05:17:13.915Z,21.31364,0.0,0.0,0.0,43.31,2025-09-19 07:17:13.915,5.966944444444
Long Yeast Grow,pioreactor02,2025-09-19T05:17:36.915Z,21.24764,0.0,0.0,0.0,43.31,2025-09-19 07:17:36.915,5.973333333333
Long Yeast Grow,pioreactor02,2025-09-19T05:17:59.919Z,21.21964,0.0,0.0,0.0,43.31,2025-09-19 07:17:59.919,5.979722222222
Long Yeast Grow,pioreactor02,2025-09-19T05:18:01.972Z,21.21964,0.0,0.0,0.0,0.0,2025-09-19 07:18:01.972,5.980277777778
Long Yeast Grow,pioreactor02,2025-09-19T05:18:22.915Z,21.21614,0.0,0.0,0.0,0.0,2025-09-19 07:18:22.915,5.986111111111
Long Yeast Grow,pioreactor02,2025-09-19T05:18:45.916Z,21.22564,0.0,0.0,0.0,0.0,2025-09-19 07:18:45.916,5.9925
Long Yeast Grow,pioreactor02,2025-09-19T05:19:08.915Z,21.22364,0.0,0.0,0.0,0.0,2025-09-19 07:19:08.915,5.998888888889
Long Yeast Grow,pioreactor02,2025-09-19T05:19:31.915Z,21.18264,0.0,0.0,0.0,0.0,2025-09-19 07:19:31.915,6.005277777778
Long Yeast Grow,pioreactor02,2025-09-19T05:19:53.404Z,21.18264,0.0,0.0,0.0,43.31,2025-09-19 07:19:53.404,6.011388888889
Long Yeast Grow,pioreactor02,2025-09-19T05:19:53.447Z,21.18264,0.0,0.0,0.0,44.54,2025-09-19 07:19:53.447,6.011388888889
Long Yeast Grow,pioreactor02,2025-09-19T05:19:54.915Z,21.18214,0.0,0.0,0.0,44.54,2025-09-19 07:19:54.915,6.011666666667
Long Yeast Grow,pioreactor02,2025-09-19T05:20:17.915Z,21.23614,0.0,0.0,0.0,44.54,2025-09-19 07:20:17.915,6.018055555556
Long Yeast Grow,pioreactor02,2025-09-19T05:20:40.915Z,21.21914,0.0,0.0,0.0,44.54,2025-09-19 07:20:40.915,6.024444444444
Long Yeast Grow,pioreactor02,2025-09-19T05:21:03.915Z,21.23214,0.0,0.0,0.0,44.54,2025-09-19 07:21:03.915,6.030833333333
Long Yeast Grow,pioreactor02,2025-09-19T05:21:21.972Z,21.23214,0.0,0.0,0.0,0.0,2025-09-19 07:21:21.972,6.035833333333
Long Yeast Grow,pioreactor02,2025-09-19T05:21:26.915Z,21.22664,0.0,0.0,0.0,0.0,2025-09-19 07:21:26.915,6.037222222222
Long Yeast Grow,pioreactor02,2025-09-19T05:21:49.915Z,21.24514,0.0,0.0,0.0,0.0,2025-09-19 07:21:49.915,6.043611111111
Long Yeast Grow,pioreactor02,2025-09-19T05:22:12.915Z,21.24314,0.0,0.0,0.0,0.0,2025-09-19 07:22:12.915,6.05
Long Yeast Grow,pioreactor02,2025-09-19T05:22:35.915Z,21.26014,0.0,0.0,0.0,0.0,2025-09-19 07:22:35.915,6.056388888889
Long Yeast Grow,pioreactor02,2025-09-19T05:22:58.915Z,21.25664,0.0,0.0,0.0,0.0,2025-09-19 07:22:58.915,6.062777777778
Long Yeast Grow,pioreactor02,2025-09-19T05:23:13.406Z,21.25664,0.0,0.0,0.0,44.54,2025-09-19 07:23:13.406,6.066944444444
Long Yeast Grow,pioreactor02,2025-09-19T05:23:13.447Z,21.25664,0.0,0.0,0.0,45.09,2025-09-19 07:23:13.447,6.066944444444
Long Yeast Grow,pioreactor02,2025-09-19T05:23:21.915Z,21.24564,0.0,0.0,0.0,45.09,2025-09-19 07:23:21.915,6.069166666667
Long Yeast Grow,pioreactor02,2025-09-19T05:23:44.915Z,21.26314,0.0,0.0,0.0,45.09,2025-09-19 07:23:44.915,6.075555555556
Long Yeast Grow,pioreactor02,2025-09-19T05:24:07.915Z,21.28164,0.0,0.0,0.0,45.09,2025-09-19 07:24:07.915,6.081944444444
Long Yeast Grow,pioreactor02,2025-09-19T05:24:30.915Z,21.28564,0.0,0.0,0.0,45.09,2025-09-19 07:24:30.915,6.088333333333
Long Yeast Grow,pioreactor02,2025-09-19T05:24:41.972Z,21.28564,0.0,0.0,0.0,0.0,2025-09-19 07:24:41.972,6.091388888889
Long Yeast Grow,pioreactor02,2025-09-19T05:24:53.915Z,21.26814,0.0,0.0,0.0,0.0,2025-09-19 07:24:53.915,6.094722222222
Long Yeast Grow,pioreactor02,2025-09-19T05:25:16.919Z,21.27514,0.0,0.0,0.0,0.0,2025-09-19 07:25:16.919,6.101111111111
Long Yeast Grow,pioreactor02,2025-09-19T05:25:39.915Z,21.30114,0.0,0.0,0.0,0.0,2025-09-19 07:25:39.915,6.1075
Long Yeast Grow,pioreactor02,2025-09-19T05:26:02.915Z,21.29614,0.0,0.0,0.0,0.0,2025-09-19 07:26:02.915,6.113888888889
Long Yeast Grow,pioreactor02,2025-09-19T05:26:25.915Z,21.27114,0.0,0.0,0.0,0.0,2025-09-19 07:26:25.915,6.120277777778
Long Yeast Grow,pioreactor02,2025-09-19T05:26:33.410Z,21.27114,0.0,0.0,0.0,45.09,2025-09-19 07:26:33.410,6.1225
Long Yeast Grow,pioreactor02,2025-09-19T05:26:33.451Z,21.27114,0.0,0.0,0.0,44.01,2025-09-19 07:26:33.451,6.1225
Long Yeast Grow,pioreactor02,2025-09-19T05:26:48.915Z,21.26714,0.0,0.0,0.0,44.01,2025-09-19 07:26:48.915,6.126666666667
Long Yeast Grow,pioreactor02,2025-09-19T05:27:11.915Z,21.21964,0.0,0.0,0.0,44.01,2025-09-19 07:27:11.915,6.133055555556
Long Yeast Grow,pioreactor02,2025-09-19T05:27:34.915Z,21.21114,0.0,0.0,0.0,44.01,2025-09-19 07:27:34.915,6.139444444444
Long Yeast Grow,pioreactor02,2025-09-19T05:27:57.915Z,21.21714,0.0,0.0,0.0,44.01,2025-09-19 07:27:57.915,6.145833333333
Long Yeast Grow,pioreactor02,2025-09-19T05:28:01.972Z,21.21714,0.0,0.0,0.0,0.0,2025-09-19 07:28:01.972,6.146944444444
Long Yeast Grow,pioreactor02,2025-09-19T05:28:20.915Z,21.20864,0.0,0.0,0.0,0.0,2025-09-19 07:28:20.915,6.152222222222
Long Yeast Grow,pioreactor02,2025-09-19T05:28:43.919Z,21.20714,0.0,0.0,0.0,0.0,2025-09-19 07:28:43.919,6.158611111111
Long Yeast Grow,pioreactor02,2025-09-19T05:29:06.915Z,21.17364,0.0,0.0,0.0,0.0,2025-09-19 07:29:06.915,6.165
Long Yeast Grow,pioreactor02,2025-09-19T05:29:29.915Z,21.18914,0.0,0.0,0.0,0.0,2025-09-19 07:29:29.915,6.171388888889
Long Yeast Grow,pioreactor02,2025-09-19T05:29:52.915Z,21.16364,0.0,0.0,0.0,0.0,2025-09-19 07:29:52.915,6.177777777778
Long Yeast Grow,pioreactor02,2025-09-19T05:29:53.406Z,21.16364,0.0,0.0,0.0,44.01,2025-09-19 07:29:53.406,6.178055555556
Long Yeast Grow,pioreactor02,2025-09-19T05:29:53.448Z,21.16364,0.0,0.0,0.0,44.14,2025-09-19 07:29:53.448,6.178055555556
Long Yeast Grow,pioreactor02,2025-09-19T05:30:15.915Z,21.16164,0.0,0.0,0.0,44.14,2025-09-19 07:30:15.915,6.184166666667
Long Yeast Grow,pioreactor02,2025-09-19T05:30:38.915Z,21.15464,0.0,0.0,0.0,44.14,2025-09-19 07:30:38.915,6.190555555556
Long Yeast Grow,pioreactor02,2025-09-19T05:31:01.915Z,21.15664,0.0,0.0,0.0,44.14,2025-09-19 07:31:01.915,6.196944444444
Long Yeast Grow,pioreactor02,2025-09-19T05:31:21.973Z,21.15664,0.0,0.0,0.0,0.0,2025-09-19 07:31:21.973,6.2025
Long Yeast Grow,pioreactor02,2025-09-19T05:31:24.915Z,21.16164,0.0,0.0,0.0,0.0,2025-09-19 07:31:24.915,6.203333333333
Long Yeast Grow,pioreactor02,2025-09-19T05:31:47.915Z,21.16414,0.0,0.0,0.0,0.0,2025-09-19 07:31:47.915,6.209722222222
Long Yeast Grow,pioreactor02,2025-09-19T05:32:10.915Z,21.18664,0.0,0.0,0.0,0.0,2025-09-19 07:32:10.915,6.216111111111
Long Yeast Grow,pioreactor02,2025-09-19T05:32:33.915Z,21.18764,0.0,0.0,0.0,0.0,2025-09-19 07:32:33.915,6.2225
Long Yeast Grow,pioreactor02,2025-09-19T05:32:56.915Z,21.18964,0.0,0.0,0.0,0.0,2025-09-19 07:32:56.915,6.228888888889
Long Yeast Grow,pioreactor02,2025-09-19T05:33:13.407Z,21.18964,0.0,0.0,0.0,44.14,2025-09-19 07:33:13.407,6.233611111111
Long Yeast Grow,pioreactor02,2025-09-19T05:33:13.452Z,21.18964,0.0,0.0,0.0,41.14,2025-09-19 07:33:13.452,6.233611111111
Long Yeast Grow,pioreactor02,2025-09-19T05:33:19.919Z,21.19064,0.0,0.0,0.0,41.14,2025-09-19 07:33:19.919,6.235277777778
Long Yeast Grow,pioreactor02,2025-09-19T05:33:42.919Z,21.18914,0.0,0.0,0.0,41.14,2025-09-19 07:33:42.919,6.241666666667
Long Yeast Grow,pioreactor02,2025-09-19T05:34:05.919Z,21.18014,0.0,0.0,0.0,41.14,2025-09-19 07:34:05.919,6.248055555556
Long Yeast Grow,pioreactor02,2025-09-19T05:34:28.915Z,21.17714,0.0,0.0,0.0,41.14,2025-09-19 07:34:28.915,6.254444444444
Long Yeast Grow,pioreactor02,2025-09-19T05:34:41.972Z,21.17714,0.0,0.0,0.0,0.0,2025-09-19 07:34:41.972,6.258055555556
Long Yeast Grow,pioreactor02,2025-09-19T05:34:51.915Z,21.14514,0.0,0.0,0.0,0.0,2025-09-19 07:34:51.915,6.260833333333
Long Yeast Grow,pioreactor02,2025-09-19T05:35:14.915Z,21.21914,0.0,0.0,0.0,0.0,2025-09-19 07:35:14.915,6.267222222222
Long Yeast Grow,pioreactor02,2025-09-19T05:35:37.915Z,21.17164,0.0,0.0,0.0,0.0,2025-09-19 07:35:37.915,6.273611111111
Long Yeast Grow,pioreactor02,2025-09-19T05:36:00.915Z,21.12364,0.0,0.0,0.0,0.0,2025-09-19 07:36:00.915,6.28
Long Yeast Grow,pioreactor02,2025-09-19T05:36:23.915Z,21.16264,0.0,0.0,0.0,0.0,2025-09-19 07:36:23.915,6.286388888889
Long Yeast Grow,pioreactor02,2025-09-19T05:36:33.405Z,21.16264,0.0,0.0,0.0,41.14,2025-09-19 07:36:33.405,6.289166666667
Long Yeast Grow,pioreactor02,2025-09-19T05:36:33.448Z,21.16264,0.0,0.0,0.0,42.54,2025-09-19 07:36:33.448,6.289166666667
Long Yeast Grow,pioreactor02,2025-09-19T05:36:46.915Z,21.18714,0.0,0.0,0.0,42.54,2025-09-19 07:36:46.915,6.292777777778
Long Yeast Grow,pioreactor02,2025-09-19T05:37:09.915Z,21.15464,0.0,0.0,0.0,42.54,2025-09-19 07:37:09.915,6.299166666667
Long Yeast Grow,pioreactor02,2025-09-19T05:37:32.915Z,21.15614,0.0,0.0,0.0,42.54,2025-09-19 07:37:32.915,6.305555555556
Long Yeast Grow,pioreactor02,2025-09-19T05:37:55.915Z,21.15514,0.0,0.0,0.0,42.54,2025-09-19 07:37:55.915,6.311944444444
Long Yeast Grow,pioreactor02,2025-09-19T05:38:01.972Z,21.15514,0.0,0.0,0.0,0.0,2025-09-19 07:38:01.972,6.313611111111
Long Yeast Grow,pioreactor02,2025-09-19T05:38:18.915Z,21.15664,0.0,0.0,0.0,0.0,2025-09-19 07:38:18.915,6.318333333333
Long Yeast Grow,pioreactor02,2025-09-19T05:38:41.915Z,21.09714,0.0,0.0,0.0,0.0,2025-09-19 07:38:41.915,6.324722222222
Long Yeast Grow,pioreactor02,2025-09-19T05:39:04.915Z,21.11814,0.0,0.0,0.0,0.0,2025-09-19 07:39:04.915,6.331111111111
Long Yeast Grow,pioreactor02,2025-09-19T05:39:27.915Z,21.09014,0.0,0.0,0.0,0.0,2025-09-19 07:39:27.915,6.3375
Long Yeast Grow,pioreactor02,2025-09-19T05:39:50.919Z,21.10064,0.0,0.0,0.0,0.0,2025-09-19 07:39:50.919,6.343888888889
Long Yeast Grow,pioreactor02,2025-09-19T05:39:53.403Z,21.10064,0.0,0.0,0.0,42.54,2025-09-19 07:39:53.403,6.344722222222
Long Yeast Grow,pioreactor02,2025-09-19T05:39:53.448Z,21.10064,0.0,0.0,0.0,42.98,2025-09-19 07:39:53.448,6.344722222222
Long Yeast Grow,pioreactor02,2025-09-19T05:40:13.915Z,21.16014,0.0,0.0,0.0,42.98,2025-09-19 07:40:13.915,6.350277777778
Long Yeast Grow,pioreactor02,2025-09-19T05:40:36.915Z,21.18764,0.0,0.0,0.0,42.98,2025-09-19 07:40:36.915,6.356666666667
Long Yeast Grow,pioreactor02,2025-09-19T05:40:59.915Z,21.19014,0.0,0.0,0.0,42.98,2025-09-19 07:40:59.915,6.363055555556
Long Yeast Grow,pioreactor02,2025-09-19T05:41:21.973Z,21.19014,0.0,0.0,0.0,0.0,2025-09-19 07:41:21.973,6.369166666667
Long Yeast Grow,pioreactor02,2025-09-19T05:41:22.915Z,21.19014,0.0,0.0,0.0,0.0,2025-09-19 07:41:22.915,6.369444444444
Long Yeast Grow,pioreactor02,2025-09-19T05:41:45.915Z,21.15814,0.0,0.0,0.0,0.0,2025-09-19 07:41:45.915,6.375833333333
Long Yeast Grow,pioreactor02,2025-09-19T05:42:08.915Z,21.16464,0.0,0.0,0.0,0.0,2025-09-19 07:42:08.915,6.382222222222
Long Yeast Grow,pioreactor02,2025-09-19T05:42:31.915Z,21.16614,0.0,0.0,0.0,0.0,2025-09-19 07:42:31.915,6.388611111111
Long Yeast Grow,pioreactor02,2025-09-19T05:42:54.915Z,21.16414,0.0,0.0,0.0,0.0,2025-09-19 07:42:54.915,6.395
Long Yeast Grow,pioreactor02,2025-09-19T05:43:13.404Z,21.16414,0.0,0.0,0.0,42.98,2025-09-19 07:43:13.404,6.400277777778
Long Yeast Grow,pioreactor02,2025-09-19T05:43:13.448Z,21.16414,0.0,0.0,0.0,41.35,2025-09-19 07:43:13.448,6.400277777778
Long Yeast Grow,pioreactor02,2025-09-19T05:43:17.915Z,21.16664,0.0,0.0,0.0,41.35,2025-09-19 07:43:17.915,6.401388888889
Long Yeast Grow,pioreactor02,2025-09-19T05:43:40.915Z,21.17064,0.0,0.0,0.0,41.35,2025-09-19 07:43:40.915,6.407777777778
Long Yeast Grow,pioreactor02,2025-09-19T05:44:03.915Z,21.16414,0.0,0.0,0.0,41.35,2025-09-19 07:44:03.915,6.414166666667
Long Yeast Grow,pioreactor02,2025-09-19T05:44:26.915Z,21.13864,0.0,0.0,0.0,41.35,2025-09-19 07:44:26.915,6.420555555556
Long Yeast Grow,pioreactor02,2025-09-19T05:44:41.972Z,21.13864,0.0,0.0,0.0,0.0,2025-09-19 07:44:41.972,6.424722222222
Long Yeast Grow,pioreactor02,2025-09-19T05:44:49.915Z,21.16364,0.0,0.0,0.0,0.0,2025-09-19 07:44:49.915,6.426944444444
Long Yeast Grow,pioreactor02,2025-09-19T05:45:12.915Z,21.20864,0.0,0.0,0.0,0.0,2025-09-19 07:45:12.915,6.433333333333
Long Yeast Grow,pioreactor02,2025-09-19T05:45:35.915Z,21.20864,0.0,0.0,0.0,0.0,2025-09-19 07:45:35.915,6.439722222222
Long Yeast Grow,pioreactor02,2025-09-19T05:45:58.915Z,21.20914,0.0,0.0,0.0,0.0,2025-09-19 07:45:58.915,6.446111111111
Long Yeast Grow,pioreactor02,2025-09-19T05:46:21.915Z,21.17864,0.0,0.0,0.0,0.0,2025-09-19 07:46:21.915,6.4525
Long Yeast Grow,pioreactor02,2025-09-19T05:46:33.404Z,21.17864,0.0,0.0,0.0,41.35,2025-09-19 07:46:33.404,6.455833333333
Long Yeast Grow,pioreactor02,2025-09-19T05:46:33.448Z,21.17864,0.0,0.0,0.0,40.78,2025-09-19 07:46:33.448,6.455833333333
Long Yeast Grow,pioreactor02,2025-09-19T05:46:44.915Z,21.15514,0.0,0.0,0.0,40.78,2025-09-19 07:46:44.915,6.458888888889
Long Yeast Grow,pioreactor02,2025-09-19T05:47:07.915Z,21.15464,0.0,0.0,0.0,40.78,2025-09-19 07:47:07.915,6.465277777778
Long Yeast Grow,pioreactor02,2025-09-19T05:47:30.915Z,21.12514,0.0,0.0,0.0,40.78,2025-09-19 07:47:30.915,6.471666666667
Long Yeast Grow,pioreactor02,2025-09-19T05:47:53.915Z,21.15764,0.0,0.0,0.0,40.78,2025-09-19 07:47:53.915,6.478055555556
Long Yeast Grow,pioreactor02,2025-09-19T05:48:01.973Z,21.15764,0.0,0.0,0.0,0.0,2025-09-19 07:48:01.973,6.480277777778
Long Yeast Grow,pioreactor02,2025-09-19T05:48:16.915Z,21.13864,0.0,0.0,0.0,0.0,2025-09-19 07:48:16.915,6.484444444444
Long Yeast Grow,pioreactor02,2025-09-19T05:48:39.915Z,21.13264,0.0,0.0,0.0,0.0,2025-09-19 07:48:39.915,6.490833333333
Long Yeast Grow,pioreactor02,2025-09-19T05:49:02.919Z,21.13614,0.0,0.0,0.0,0.0,2025-09-19 07:49:02.919,6.497222222222
Long Yeast Grow,pioreactor02,2025-09-19T05:49:25.915Z,21.13064,0.0,0.0,0.0,0.0,2025-09-19 07:49:25.915,6.503611111111
Long Yeast Grow,pioreactor02,2025-09-19T05:49:48.919Z,21.12664,0.0,0.0,0.0,0.0,2025-09-19 07:49:48.919,6.51
Long Yeast Grow,pioreactor02,2025-09-19T05:49:53.405Z,21.12664,0.0,0.0,0.0,40.78,2025-09-19 07:49:53.405,6.511388888889
Long Yeast Grow,pioreactor02,2025-09-19T05:49:53.448Z,21.12664,0.0,0.0,0.0,39.99,2025-09-19 07:49:53.448,6.511388888889
Long Yeast Grow,pioreactor02,2025-09-19T05:50:11.919Z,21.12614,0.0,0.0,0.0,39.99,2025-09-19 07:50:11.919,6.516388888889
Long Yeast Grow,pioreactor02,2025-09-19T05:50:34.919Z,21.12714,0.0,0.0,0.0,39.99,2025-09-19 07:50:34.919,6.522777777778
Long Yeast Grow,pioreactor02,2025-09-19T05:50:57.915Z,21.12514,0.0,0.0,0.0,39.99,2025-09-19 07:50:57.915,6.529166666667
Long Yeast Grow,pioreactor02,2025-09-19T05:51:20.915Z,21.12314,0.0,0.0,0.0,39.99,2025-09-19 07:51:20.915,6.535555555556
Long Yeast Grow,pioreactor02,2025-09-19T05:51:21.973Z,21.12314,0.0,0.0,0.0,0.0,2025-09-19 07:51:21.973,6.535833333333
Long Yeast Grow,pioreactor02,2025-09-19T05:51:43.915Z,21.12214,0.0,0.0,0.0,0.0,2025-09-19 07:51:43.915,6.541944444444
Long Yeast Grow,pioreactor02,2025-09-19T05:52:06.915Z,21.13464,0.0,0.0,0.0,0.0,2025-09-19 07:52:06.915,6.548333333333
Long Yeast Grow,pioreactor02,2025-09-19T05:52:29.915Z,21.13814,0.0,0.0,0.0,0.0,2025-09-19 07:52:29.915,6.554722222222
Long Yeast Grow,pioreactor02,2025-09-19T05:52:52.915Z,21.13764,0.0,0.0,0.0,0.0,2025-09-19 07:52:52.915,6.561111111111
Long Yeast Grow,pioreactor02,2025-09-19T05:53:13.406Z,21.13764,0.0,0.0,0.0,39.99,2025-09-19 07:53:13.406,6.566944444444
Long Yeast Grow,pioreactor02,2025-09-19T05:53:13.447Z,21.13764,0.0,0.0,0.0,42.87,2025-09-19 07:53:13.447,6.566944444444
Long Yeast Grow,pioreactor02,2025-09-19T05:53:15.915Z,21.14614,0.0,0.0,0.0,42.87,2025-09-19 07:53:15.915,6.5675
Long Yeast Grow,pioreactor02,2025-09-19T05:53:38.915Z,21.16114,0.0,0.0,0.0,42.87,2025-09-19 07:53:38.915,6.573888888889
Long Yeast Grow,pioreactor02,2025-09-19T05:54:01.915Z,21.13014,0.0,0.0,0.0,42.87,2025-09-19 07:54:01.915,6.580277777778
Long Yeast Grow,pioreactor02,2025-09-19T05:54:24.915Z,21.12664,0.0,0.0,0.0,42.87,2025-09-19 07:54:24.915,6.586666666667
Long Yeast Grow,pioreactor02,2025-09-19T05:54:41.972Z,21.12664,0.0,0.0,0.0,0.0,2025-09-19 07:54:41.972,6.591388888889
Long Yeast Grow,pioreactor02,2025-09-19T05:54:47.915Z,21.13964,0.0,0.0,0.0,0.0,2025-09-19 07:54:47.915,6.593055555556
Long Yeast Grow,pioreactor02,2025-09-19T05:55:10.915Z,21.13414,0.0,0.0,0.0,0.0,2025-09-19 07:55:10.915,6.599444444444
Long Yeast Grow,pioreactor02,2025-09-19T05:55:33.915Z,21.12014,0.0,0.0,0.0,0.0,2025-09-19 07:55:33.915,6.605833333333
Long Yeast Grow,pioreactor02,2025-09-19T05:55:56.919Z,21.12164,0.0,0.0,0.0,0.0,2025-09-19 07:55:56.919,6.612222222222
Long Yeast Grow,pioreactor02,2025-09-19T05:56:19.915Z,21.10964,0.0,0.0,0.0,0.0,2025-09-19 07:56:19.915,6.618611111111
Long Yeast Grow,pioreactor02,2025-09-19T05:56:33.405Z,21.10964,0.0,0.0,0.0,42.87,2025-09-19 07:56:33.405,6.6225
Long Yeast Grow,pioreactor02,2025-09-19T05:56:33.447Z,21.10964,0.0,0.0,0.0,40.61,2025-09-19 07:56:33.447,6.6225
Long Yeast Grow,pioreactor02,2025-09-19T05:56:42.915Z,21.11414,0.0,0.0,0.0,40.61,2025-09-19 07:56:42.915,6.625
Long Yeast Grow,pioreactor02,2025-09-19T05:57:05.915Z,21.11464,0.0,0.0,0.0,40.61,2025-09-19 07:57:05.915,6.631388888889
Long Yeast Grow,pioreactor02,2025-09-19T05:57:28.915Z,21.16564,0.0,0.0,0.0,40.61,2025-09-19 07:57:28.915,6.637777777778
Long Yeast Grow,pioreactor02,2025-09-19T05:57:51.915Z,21.12814,0.0,0.0,0.0,40.61,2025-09-19 07:57:51.915,6.644166666667
Long Yeast Grow,pioreactor02,2025-09-19T05:58:01.972Z,21.12814,0.0,0.0,0.0,0.0,2025-09-19 07:58:01.972,6.646944444444
Long Yeast Grow,pioreactor02,2025-09-19T05:58:14.915Z,21.10014,0.0,0.0,0.0,0.0,2025-09-19 07:58:14.915,6.650555555556
Long Yeast Grow,pioreactor02,2025-09-19T05:58:37.915Z,21.11464,0.0,0.0,0.0,0.0,2025-09-19 07:58:37.915,6.656944444444
Long Yeast Grow,pioreactor02,2025-09-19T05:59:00.915Z,21.07414,0.0,0.0,0.0,0.0,2025-09-19 07:59:00.915,6.663333333333
Long Yeast Grow,pioreactor02,2025-09-19T05:59:23.915Z,21.02664,0.0,0.0,0.0,0.0,2025-09-19 07:59:23.915,6.669722222222
Long Yeast Grow,pioreactor02,2025-09-19T05:59:46.915Z,21.05664,0.0,0.0,0.0,0.0,2025-09-19 07:59:46.915,6.676111111111
Long Yeast Grow,pioreactor02,2025-09-19T05:59:53.403Z,21.05664,0.0,0.0,0.0,40.61,2025-09-19 07:59:53.403,6.678055555556
Long Yeast Grow,pioreactor02,2025-09-19T05:59:53.449Z,21.05664,0.0,0.0,0.0,39.91,2025-09-19 07:59:53.449,6.678055555556
Long Yeast Grow,pioreactor02,2025-09-19T06:00:09.915Z,21.05214,0.0,0.0,0.0,39.91,2025-09-19 08:00:09.915,6.6825
Long Yeast Grow,pioreactor02,2025-09-19T06:00:32.915Z,21.05664,0.0,0.0,0.0,39.91,2025-09-19 08:00:32.915,6.688888888889
Long Yeast Grow,pioreactor02,2025-09-19T06:00:55.915Z,21.05414,0.0,0.0,0.0,39.91,2025-09-19 08:00:55.915,6.695277777778
Long Yeast Grow,pioreactor02,2025-09-19T06:01:18.915Z,21.04964,0.0,0.0,0.0,39.91,2025-09-19 08:01:18.915,6.701666666667
Long Yeast Grow,pioreactor02,2025-09-19T06:01:21.972Z,21.04964,0.0,0.0,0.0,0.0,2025-09-19 08:01:21.972,6.7025
Long Yeast Grow,pioreactor02,2025-09-19T06:01:41.915Z,21.05014,0.0,0.0,0.0,0.0,2025-09-19 08:01:41.915,6.708055555556
Long Yeast Grow,pioreactor02,2025-09-19T06:02:04.915Z,21.06914,0.0,0.0,0.0,0.0,2025-09-19 08:02:04.915,6.714444444444
Long Yeast Grow,pioreactor02,2025-09-19T06:02:27.915Z,21.03714,0.0,0.0,0.0,0.0,2025-09-19 08:02:27.915,6.720833333333
Long Yeast Grow,pioreactor02,2025-09-19T06:02:50.915Z,21.02814,0.0,0.0,0.0,0.0,2025-09-19 08:02:50.915,6.727222222222
Long Yeast Grow,pioreactor02,2025-09-19T06:03:13.403Z,21.02814,0.0,0.0,0.0,39.91,2025-09-19 08:03:13.403,6.733611111111
Long Yeast Grow,pioreactor02,2025-09-19T06:03:13.448Z,21.02814,0.0,0.0,0.0,38.6,2025-09-19 08:03:13.448,6.733611111111
Long Yeast Grow,pioreactor02,2025-09-19T06:03:13.915Z,21.04614,0.0,0.0,0.0,38.6,2025-09-19 08:03:13.915,6.733611111111
Long Yeast Grow,pioreactor02,2025-09-19T06:03:36.915Z,21.07064,0.0,0.0,0.0,38.6,2025-09-19 08:03:36.915,6.74
Long Yeast Grow,pioreactor02,2025-09-19T06:03:59.915Z,21.06764,0.0,0.0,0.0,38.6,2025-09-19 08:03:59.915,6.746388888889
Long Yeast Grow,pioreactor02,2025-09-19T06:04:22.915Z,21.07214,0.0,0.0,0.0,38.6,2025-09-19 08:04:22.915,6.752777777778
Long Yeast Grow,pioreactor02,2025-09-19T06:04:41.973Z,21.07214,0.0,0.0,0.0,0.0,2025-09-19 08:04:41.973,6.758055555556
Long Yeast Grow,pioreactor02,2025-09-19T06:04:45.915Z,21.07414,0.0,0.0,0.0,0.0,2025-09-19 08:04:45.915,6.759166666667
Long Yeast Grow,pioreactor02,2025-09-19T06:05:08.915Z,21.07714,0.0,0.0,0.0,0.0,2025-09-19 08:05:08.915,6.765555555556
Long Yeast Grow,pioreactor02,2025-09-19T06:05:31.915Z,21.10314,0.0,0.0,0.0,0.0,2025-09-19 08:05:31.915,6.771944444444
Long Yeast Grow,pioreactor02,2025-09-19T06:05:54.915Z,21.08364,0.0,0.0,0.0,0.0,2025-09-19 08:05:54.915,6.778333333333
Long Yeast Grow,pioreactor02,2025-09-19T06:06:17.880Z,21.10964,0.0,0.0,0.0,0.0,2025-09-19 08:06:17.880,6.784722222222
Long Yeast Grow,pioreactor02,2025-09-19T06:06:33.406Z,21.10964,0.0,0.0,0.0,38.6,2025-09-19 08:06:33.406,6.789166666667
Long Yeast Grow,pioreactor02,2025-09-19T06:06:33.448Z,21.10964,0.0,0.0,0.0,41.9,2025-09-19 08:06:33.448,6.789166666667
Long Yeast Grow,pioreactor02,2025-09-19T06:06:40.915Z,21.11014,0.0,0.0,0.0,41.9,2025-09-19 08:06:40.915,6.791111111111
Long Yeast Grow,pioreactor02,2025-09-19T06:07:03.915Z,21.11164,0.0,0.0,0.0,41.9,2025-09-19 08:07:03.915,6.7975
Long Yeast Grow,pioreactor02,2025-09-19T06:07:26.915Z,21.08264,0.0,0.0,0.0,41.9,2025-09-19 08:07:26.915,6.803888888889
Long Yeast Grow,pioreactor02,2025-09-19T06:07:49.915Z,21.05014,0.0,0.0,0.0,41.9,2025-09-19 08:07:49.915,6.810277777778
Long Yeast Grow,pioreactor02,2025-09-19T06:08:01.972Z,21.05014,0.0,0.0,0.0,0.0,2025-09-19 08:08:01.972,6.813611111111
Long Yeast Grow,pioreactor02,2025-09-19T06:08:12.915Z,21.07714,0.0,0.0,0.0,0.0,2025-09-19 08:08:12.915,6.816666666667
Long Yeast Grow,pioreactor02,2025-09-19T06:08:35.919Z,21.07614,0.0,0.0,0.0,0.0,2025-09-19 08:08:35.919,6.823055555556
Long Yeast Grow,pioreactor02,2025-09-19T06:08:58.915Z,21.12664,0.0,0.0,0.0,0.0,2025-09-19 08:08:58.915,6.829444444444
Long Yeast Grow,pioreactor02,2025-09-19T06:09:21.915Z,21.08864,0.0,0.0,0.0,0.0,2025-09-19 08:09:21.915,6.835833333333
Long Yeast Grow,pioreactor02,2025-09-19T06:09:44.915Z,21.06264,0.0,0.0,0.0,0.0,2025-09-19 08:09:44.915,6.842222222222
Long Yeast Grow,pioreactor02,2025-09-19T06:09:53.407Z,21.06264,0.0,0.0,0.0,41.9,2025-09-19 08:09:53.407,6.844722222222
Long Yeast Grow,pioreactor02,2025-09-19T06:09:53.448Z,21.06264,0.0,0.0,0.0,40.27,2025-09-19 08:09:53.448,6.844722222222
Long Yeast Grow,pioreactor02,2025-09-19T06:10:07.915Z,21.11914,0.0,0.0,0.0,40.27,2025-09-19 08:10:07.915,6.848611111111
Long Yeast Grow,pioreactor02,2025-09-19T06:10:30.915Z,21.12664,0.0,0.0,0.0,40.27,2025-09-19 08:10:30.915,6.855
Long Yeast Grow,pioreactor02,2025-09-19T06:10:53.915Z,21.12314,0.0,0.0,0.0,40.27,2025-09-19 08:10:53.915,6.861388888889
Long Yeast Grow,pioreactor02,2025-09-19T06:11:16.915Z,21.13664,0.0,0.0,0.0,40.27,2025-09-19 08:11:16.915,6.867777777778
Long Yeast Grow,pioreactor02,2025-09-19T06:11:21.972Z,21.13664,0.0,0.0,0.0,0.0,2025-09-19 08:11:21.972,6.869166666667
Long Yeast Grow,pioreactor02,2025-09-19T06:11:39.915Z,21.07264,0.0,0.0,0.0,0.0,2025-09-19 08:11:39.915,6.874166666667
Long Yeast Grow,pioreactor02,2025-09-19T06:12:02.915Z,21.09514,0.0,0.0,0.0,0.0,2025-09-19 08:12:02.915,6.880555555556
Long Yeast Grow,pioreactor02,2025-09-19T06:12:25.915Z,21.09414,0.0,0.0,0.0,0.0,2025-09-19 08:12:25.915,6.886944444444
Long Yeast Grow,pioreactor02,2025-09-19T06:12:48.915Z,21.06414,0.0,0.0,0.0,0.0,2025-09-19 08:12:48.915,6.893333333333
Long Yeast Grow,pioreactor02,2025-09-19T06:13:11.915Z,21.07814,0.0,0.0,0.0,0.0,2025-09-19 08:13:11.915,6.899722222222
Long Yeast Grow,pioreactor02,2025-09-19T06:13:13.404Z,21.07814,0.0,0.0,0.0,40.27,2025-09-19 08:13:13.404,6.900277777778
Long Yeast Grow,pioreactor02,2025-09-19T06:13:13.448Z,21.07814,0.0,0.0,0.0,41.12,2025-09-19 08:13:13.448,6.900277777778
Long Yeast Grow,pioreactor02,2025-09-19T06:13:34.915Z,21.10364,0.0,0.0,0.0,41.12,2025-09-19 08:13:34.915,6.906111111111
Long Yeast Grow,pioreactor02,2025-09-19T06:13:57.919Z,21.12664,0.0,0.0,0.0,41.12,2025-09-19 08:13:57.919,6.9125
Long Yeast Grow,pioreactor02,2025-09-19T06:14:20.915Z,21.12914,0.0,0.0,0.0,41.12,2025-09-19 08:14:20.915,6.918888888889
Long Yeast Grow,pioreactor02,2025-09-19T06:14:41.972Z,21.12914,0.0,0.0,0.0,0.0,2025-09-19 08:14:41.972,6.924722222222
Long Yeast Grow,pioreactor02,2025-09-19T06:14:43.915Z,21.12664,0.0,0.0,0.0,0.0,2025-09-19 08:14:43.915,6.925277777778
Long Yeast Grow,pioreactor02,2025-09-19T06:15:06.915Z,21.07264,0.0,0.0,0.0,0.0,2025-09-19 08:15:06.915,6.931666666667
Long Yeast Grow,pioreactor02,2025-09-19T06:15:29.915Z,21.08014,0.0,0.0,0.0,0.0,2025-09-19 08:15:29.915,6.938055555556
Long Yeast Grow,pioreactor02,2025-09-19T06:15:52.915Z,21.06614,0.0,0.0,0.0,0.0,2025-09-19 08:15:52.915,6.944444444444
Long Yeast Grow,pioreactor02,2025-09-19T06:16:15.915Z,21.02064,0.0,0.0,0.0,0.0,2025-09-19 08:16:15.915,6.950833333333
Long Yeast Grow,pioreactor02,2025-09-19T06:16:33.403Z,21.02064,0.0,0.0,0.0,41.12,2025-09-19 08:16:33.403,6.955833333333
Long Yeast Grow,pioreactor02,2025-09-19T06:16:33.449Z,21.02064,0.0,0.0,0.0,42.41,2025-09-19 08:16:33.449,6.955833333333
Long Yeast Grow,pioreactor02,2025-09-19T06:16:38.919Z,21.06114,0.0,0.0,0.0,42.41,2025-09-19 08:16:38.919,6.957222222222
Long Yeast Grow,pioreactor02,2025-09-19T06:17:01.915Z,21.04214,0.0,0.0,0.0,42.41,2025-09-19 08:17:01.915,6.963611111111
Long Yeast Grow,pioreactor02,2025-09-19T06:17:24.919Z,21.04964,0.0,0.0,0.0,42.41,2025-09-19 08:17:24.919,6.97
Long Yeast Grow,pioreactor02,2025-09-19T06:17:47.915Z,21.05014,0.0,0.0,0.0,42.41,2025-09-19 08:17:47.915,6.976388888889
Long Yeast Grow,pioreactor02,2025-09-19T06:18:01.972Z,21.05014,0.0,0.0,0.0,0.0,2025-09-19 08:18:01.972,6.980277777778
Long Yeast Grow,pioreactor02,2025-09-19T06:18:10.919Z,21.04414,0.0,0.0,0.0,0.0,2025-09-19 08:18:10.919,6.982777777778
Long Yeast Grow,pioreactor02,2025-09-19T06:18:33.915Z,21.10814,0.0,0.0,0.0,0.0,2025-09-19 08:18:33.915,6.989166666667
Long Yeast Grow,pioreactor02,2025-09-19T06:18:56.915Z,21.12664,0.0,0.0,0.0,0.0,2025-09-19 08:18:56.915,6.995555555556
Long Yeast Grow,pioreactor02,2025-09-19T06:19:19.915Z,21.10814,0.0,0.0,0.0,0.0,2025-09-19 08:19:19.915,7.001944444444
Long Yeast Grow,pioreactor02,2025-09-19T06:19:42.915Z,21.10914,0.0,0.0,0.0,0.0,2025-09-19 08:19:42.915,7.008333333333
Long Yeast Grow,pioreactor02,2025-09-19T06:19:53.403Z,21.10914,0.0,0.0,0.0,42.41,2025-09-19 08:19:53.403,7.011388888889
Long Yeast Grow,pioreactor02,2025-09-19T06:19:53.448Z,21.10914,0.0,0.0,0.0,43.44,2025-09-19 08:19:53.448,7.011388888889
Long Yeast Grow,pioreactor02,2025-09-19T06:20:05.919Z,21.11514,0.0,0.0,0.0,43.44,2025-09-19 08:20:05.919,7.014722222222
Long Yeast Grow,pioreactor02,2025-09-19T06:20:28.919Z,21.14564,0.0,0.0,0.0,43.44,2025-09-19 08:20:28.919,7.021111111111
Long Yeast Grow,pioreactor02,2025-09-19T06:20:51.915Z,21.18414,0.0,0.0,0.0,43.44,2025-09-19 08:20:51.915,7.0275
Long Yeast Grow,pioreactor02,2025-09-19T06:21:14.915Z,21.20164,0.0,0.0,0.0,43.44,2025-09-19 08:21:14.915,7.033888888889
Long Yeast Grow,pioreactor02,2025-09-19T06:21:21.973Z,21.20164,0.0,0.0,0.0,0.0,2025-09-19 08:21:21.973,7.035833333333
Long Yeast Grow,pioreactor02,2025-09-19T06:21:37.915Z,21.16564,0.0,0.0,0.0,0.0,2025-09-19 08:21:37.915,7.040277777778
Long Yeast Grow,pioreactor02,2025-09-19T06:22:00.915Z,21.16614,0.0,0.0,0.0,0.0,2025-09-19 08:22:00.915,7.046666666667
Long Yeast Grow,pioreactor02,2025-09-19T06:22:23.915Z,21.16164,0.0,0.0,0.0,0.0,2025-09-19 08:22:23.915,7.053055555556
Long Yeast Grow,pioreactor02,2025-09-19T06:22:46.915Z,21.15264,0.0,0.0,0.0,0.0,2025-09-19 08:22:46.915,7.059444444444
Long Yeast Grow,pioreactor02,2025-09-19T06:23:09.915Z,21.15264,0.0,0.0,0.0,0.0,2025-09-19 08:23:09.915,7.065833333333
Long Yeast Grow,pioreactor02,2025-09-19T06:23:13.404Z,21.15264,0.0,0.0,0.0,43.44,2025-09-19 08:23:13.404,7.066944444444
Long Yeast Grow,pioreactor02,2025-09-19T06:23:13.448Z,21.15264,0.0,0.0,0.0,42.68,2025-09-19 08:23:13.448,7.066944444444
Long Yeast Grow,pioreactor02,2025-09-19T06:23:32.915Z,21.13964,0.0,0.0,0.0,42.68,2025-09-19 08:23:32.915,7.072222222222
Long Yeast Grow,pioreactor02,2025-09-19T06:23:55.915Z,21.16814,0.0,0.0,0.0,42.68,2025-09-19 08:23:55.915,7.078611111111
Long Yeast Grow,pioreactor02,2025-09-19T06:24:18.915Z,21.22314,0.0,0.0,0.0,42.68,2025-09-19 08:24:18.915,7.085
Long Yeast Grow,pioreactor02,2025-09-19T06:24:41.915Z,21.24164,0.0,0.0,0.0,42.68,2025-09-19 08:24:41.915,7.091388888889
Long Yeast Grow,pioreactor02,2025-09-19T06:24:41.973Z,21.24164,0.0,0.0,0.0,0.0,2025-09-19 08:24:41.973,7.091388888889
Long Yeast Grow,pioreactor02,2025-09-19T06:25:04.915Z,21.23914,0.0,0.0,0.0,0.0,2025-09-19 08:25:04.915,7.097777777778
Long Yeast Grow,pioreactor02,2025-09-19T06:25:27.915Z,21.24314,0.0,0.0,0.0,0.0,2025-09-19 08:25:27.915,7.104166666667
Long Yeast Grow,pioreactor02,2025-09-19T06:25:50.915Z,21.23164,0.0,0.0,0.0,0.0,2025-09-19 08:25:50.915,7.110555555556
Long Yeast Grow,pioreactor02,2025-09-19T06:26:13.915Z,21.26564,0.0,0.0,0.0,0.0,2025-09-19 08:26:13.915,7.116944444444
Long Yeast Grow,pioreactor02,2025-09-19T06:26:33.405Z,21.26564,0.0,0.0,0.0,42.68,2025-09-19 08:26:33.405,7.1225
Long Yeast Grow,pioreactor02,2025-09-19T06:26:33.447Z,21.26564,0.0,0.0,0.0,43.61,2025-09-19 08:26:33.447,7.1225
Long Yeast Grow,pioreactor02,2025-09-19T06:26:36.915Z,21.26564,0.0,0.0,0.0,43.61,2025-09-19 08:26:36.915,7.123333333333
Long Yeast Grow,pioreactor02,2025-09-19T06:26:59.915Z,21.24564,0.0,0.0,0.0,43.61,2025-09-19 08:26:59.915,7.129722222222
Long Yeast Grow,pioreactor02,2025-09-19T06:27:22.915Z,21.28064,0.0,0.0,0.0,43.61,2025-09-19 08:27:22.915,7.136111111111
Long Yeast Grow,pioreactor02,2025-09-19T06:27:45.915Z,21.28164,0.0,0.0,0.0,43.61,2025-09-19 08:27:45.915,7.1425
Long Yeast Grow,pioreactor02,2025-09-19T06:28:01.972Z,21.28164,0.0,0.0,0.0,0.0,2025-09-19 08:28:01.972,7.146944444444
Long Yeast Grow,pioreactor02,2025-09-19T06:28:08.915Z,21.24964,0.0,0.0,0.0,0.0,2025-09-19 08:28:08.915,7.148888888889
Long Yeast Grow,pioreactor02,2025-09-19T06:28:31.915Z,21.22814,0.0,0.0,0.0,0.0,2025-09-19 08:28:31.915,7.155277777778
Long Yeast Grow,pioreactor02,2025-09-19T06:28:54.915Z,21.21214,0.0,0.0,0.0,0.0,2025-09-19 08:28:54.915,7.161666666667
Long Yeast Grow,pioreactor02,2025-09-19T06:29:17.915Z,21.22664,0.0,0.0,0.0,0.0,2025-09-19 08:29:17.915,7.168055555556
Long Yeast Grow,pioreactor02,2025-09-19T06:29:40.915Z,21.20864,0.0,0.0,0.0,0.0,2025-09-19 08:29:40.915,7.174444444444
Long Yeast Grow,pioreactor02,2025-09-19T06:29:53.403Z,21.20864,0.0,0.0,0.0,43.61,2025-09-19 08:29:53.403,7.178055555556
Long Yeast Grow,pioreactor02,2025-09-19T06:29:53.448Z,21.20864,0.0,0.0,0.0,43.65,2025-09-19 08:29:53.448,7.178055555556
Long Yeast Grow,pioreactor02,2025-09-19T06:30:03.915Z,21.24464,0.0,0.0,0.0,43.65,2025-09-19 08:30:03.915,7.180833333333
Long Yeast Grow,pioreactor02,2025-09-19T06:30:26.915Z,21.24664,0.0,0.0,0.0,43.65,2025-09-19 08:30:26.915,7.187222222222
Long Yeast Grow,pioreactor02,2025-09-19T06:30:49.915Z,21.24614,0.0,0.0,0.0,43.65,2025-09-19 08:30:49.915,7.193611111111
Long Yeast Grow,pioreactor02,2025-09-19T06:31:12.919Z,21.23814,0.0,0.0,0.0,43.65,2025-09-19 08:31:12.919,7.2
Long Yeast Grow,pioreactor02,2025-09-19T06:31:21.972Z,21.23814,0.0,0.0,0.0,0.0,2025-09-19 08:31:21.972,7.2025
Long Yeast Grow,pioreactor02,2025-09-19T06:31:35.915Z,21.20264,0.0,0.0,0.0,0.0,2025-09-19 08:31:35.915,7.206388888889
Long Yeast Grow,pioreactor02,2025-09-19T06:31:58.919Z,21.23614,0.0,0.0,0.0,0.0,2025-09-19 08:31:58.919,7.212777777778
Long Yeast Grow,pioreactor02,2025-09-19T06:32:21.915Z,21.21814,0.0,0.0,0.0,0.0,2025-09-19 08:32:21.915,7.219166666667
Long Yeast Grow,pioreactor02,2025-09-19T06:32:44.915Z,21.22114,0.0,0.0,0.0,0.0,2025-09-19 08:32:44.915,7.225555555556
Long Yeast Grow,pioreactor02,2025-09-19T06:33:07.915Z,21.22164,0.0,0.0,0.0,0.0,2025-09-19 08:33:07.915,7.231944444444
Long Yeast Grow,pioreactor02,2025-09-19T06:33:13.405Z,21.22164,0.0,0.0,0.0,43.65,2025-09-19 08:33:13.405,7.233611111111
Long Yeast Grow,pioreactor02,2025-09-19T06:33:13.448Z,21.22164,0.0,0.0,0.0,43.46,2025-09-19 08:33:13.448,7.233611111111
Long Yeast Grow,pioreactor02,2025-09-19T06:33:30.915Z,21.22814,0.0,0.0,0.0,43.46,2025-09-19 08:33:30.915,7.238333333333
Long Yeast Grow,pioreactor02,2025-09-19T06:33:53.919Z,21.21214,0.0,0.0,0.0,43.46,2025-09-19 08:33:53.919,7.244722222222
Long Yeast Grow,pioreactor02,2025-09-19T06:34:16.915Z,21.24914,0.0,0.0,0.0,43.46,2025-09-19 08:34:16.915,7.251111111111
Long Yeast Grow,pioreactor02,2025-09-19T06:34:39.915Z,21.20564,0.0,0.0,0.0,43.46,2025-09-19 08:34:39.915,7.2575
Long Yeast Grow,pioreactor02,2025-09-19T06:34:41.972Z,21.20564,0.0,0.0,0.0,0.0,2025-09-19 08:34:41.972,7.258055555556
Long Yeast Grow,pioreactor02,2025-09-19T06:35:02.915Z,21.24614,0.0,0.0,0.0,0.0,2025-09-19 08:35:02.915,7.263888888889
Long Yeast Grow,pioreactor02,2025-09-19T06:35:25.915Z,21.22764,0.0,0.0,0.0,0.0,2025-09-19 08:35:25.915,7.270277777778
Long Yeast Grow,pioreactor02,2025-09-19T06:35:48.915Z,21.21614,0.0,0.0,0.0,0.0,2025-09-19 08:35:48.915,7.276666666667
Long Yeast Grow,pioreactor02,2025-09-19T06:36:11.915Z,21.20164,0.0,0.0,0.0,0.0,2025-09-19 08:36:11.915,7.283055555556
Long Yeast Grow,pioreactor02,2025-09-19T06:36:33.405Z,21.20164,0.0,0.0,0.0,43.46,2025-09-19 08:36:33.405,7.289166666667
Long Yeast Grow,pioreactor02,2025-09-19T06:36:33.447Z,21.20164,0.0,0.0,0.0,43.66,2025-09-19 08:36:33.447,7.289166666667
Long Yeast Grow,pioreactor02,2025-09-19T06:36:34.915Z,21.20414,0.0,0.0,0.0,43.66,2025-09-19 08:36:34.915,7.289444444444
Long Yeast Grow,pioreactor02,2025-09-19T06:36:57.915Z,21.19614,0.0,0.0,0.0,43.66,2025-09-19 08:36:57.915,7.295833333333
Long Yeast Grow,pioreactor02,2025-09-19T06:37:20.915Z,21.21914,0.0,0.0,0.0,43.66,2025-09-19 08:37:20.915,7.302222222222
Long Yeast Grow,pioreactor02,2025-09-19T06:37:43.915Z,21.21564,0.0,0.0,0.0,43.66,2025-09-19 08:37:43.915,7.308611111111
Long Yeast Grow,pioreactor02,2025-09-19T06:38:01.972Z,21.21564,0.0,0.0,0.0,0.0,2025-09-19 08:38:01.972,7.313611111111
Long Yeast Grow,pioreactor02,2025-09-19T06:38:06.915Z,21.21964,0.0,0.0,0.0,0.0,2025-09-19 08:38:06.915,7.315
Long Yeast Grow,pioreactor02,2025-09-19T06:38:29.915Z,21.22214,0.0,0.0,0.0,0.0,2025-09-19 08:38:29.915,7.321388888889
Long Yeast Grow,pioreactor02,2025-09-19T06:38:52.915Z,21.22714,0.0,0.0,0.0,0.0,2025-09-19 08:38:52.915,7.327777777778
Long Yeast Grow,pioreactor02,2025-09-19T06:39:15.915Z,21.21014,0.0,0.0,0.0,0.0,2025-09-19 08:39:15.915,7.334166666667
Long Yeast Grow,pioreactor02,2025-09-19T06:39:38.915Z,21.22264,0.0,0.0,0.0,0.0,2025-09-19 08:39:38.915,7.340555555556
Long Yeast Grow,pioreactor02,2025-09-19T06:39:53.405Z,21.22264,0.0,0.0,0.0,43.66,2025-09-19 08:39:53.405,7.344722222222
Long Yeast Grow,pioreactor02,2025-09-19T06:39:53.447Z,21.22264,0.0,0.0,0.0,44.9,2025-09-19 08:39:53.447,7.344722222222
Long Yeast Grow,pioreactor02,2025-09-19T06:40:01.923Z,21.24514,0.0,0.0,0.0,44.9,2025-09-19 08:40:01.923,7.346944444444
Long Yeast Grow,pioreactor02,2025-09-19T06:40:24.919Z,21.24264,0.0,0.0,0.0,44.9,2025-09-19 08:40:24.919,7.353333333333
Long Yeast Grow,pioreactor02,2025-09-19T06:40:47.915Z,21.21764,0.0,0.0,0.0,44.9,2025-09-19 08:40:47.915,7.359722222222
Long Yeast Grow,pioreactor02,2025-09-19T06:41:10.915Z,21.22964,0.0,0.0,0.0,44.9,2025-09-19 08:41:10.915,7.366111111111
Long Yeast Grow,pioreactor02,2025-09-19T06:41:21.972Z,21.22964,0.0,0.0,0.0,0.0,2025-09-19 08:41:21.972,7.369166666667
Long Yeast Grow,pioreactor02,2025-09-19T06:41:33.915Z,21.21314,0.0,0.0,0.0,0.0,2025-09-19 08:41:33.915,7.3725
Long Yeast Grow,pioreactor02,2025-09-19T06:41:56.915Z,21.20364,0.0,0.0,0.0,0.0,2025-09-19 08:41:56.915,7.378888888889
Long Yeast Grow,pioreactor02,2025-09-19T06:42:19.915Z,21.20114,0.0,0.0,0.0,0.0,2025-09-19 08:42:19.915,7.385277777778
Long Yeast Grow,pioreactor02,2025-09-19T06:42:42.915Z,21.19514,0.0,0.0,0.0,0.0,2025-09-19 08:42:42.915,7.391666666667
Long Yeast Grow,pioreactor02,2025-09-19T06:43:05.915Z,21.20364,0.0,0.0,0.0,0.0,2025-09-19 08:43:05.915,7.398055555556
Long Yeast Grow,pioreactor02,2025-09-19T06:43:13.405Z,21.20364,0.0,0.0,0.0,44.9,2025-09-19 08:43:13.405,7.400277777778
Long Yeast Grow,pioreactor02,2025-09-19T06:43:13.448Z,21.20364,0.0,0.0,0.0,45.45,2025-09-19 08:43:13.448,7.400277777778
Long Yeast Grow,pioreactor02,2025-09-19T06:43:28.915Z,21.21614,0.0,0.0,0.0,45.45,2025-09-19 08:43:28.915,7.404444444444
Long Yeast Grow,pioreactor02,2025-09-19T06:43:51.915Z,21.20864,0.0,0.0,0.0,45.45,2025-09-19 08:43:51.915,7.410833333333
Long Yeast Grow,pioreactor02,2025-09-19T06:44:14.915Z,21.20264,0.0,0.0,0.0,45.45,2025-09-19 08:44:14.915,7.417222222222
Long Yeast Grow,pioreactor02,2025-09-19T06:44:37.915Z,21.20664,0.0,0.0,0.0,45.45,2025-09-19 08:44:37.915,7.423611111111
Long Yeast Grow,pioreactor02,2025-09-19T06:44:41.972Z,21.20664,0.0,0.0,0.0,0.0,2025-09-19 08:44:41.972,7.424722222222
Long Yeast Grow,pioreactor02,2025-09-19T06:45:00.915Z,21.21014,0.0,0.0,0.0,0.0,2025-09-19 08:45:00.915,7.43
Long Yeast Grow,pioreactor02,2025-09-19T06:45:23.915Z,21.21664,0.0,0.0,0.0,0.0,2025-09-19 08:45:23.915,7.436388888889
Long Yeast Grow,pioreactor02,2025-09-19T06:45:46.915Z,21.21564,0.0,0.0,0.0,0.0,2025-09-19 08:45:46.915,7.442777777778
Long Yeast Grow,pioreactor02,2025-09-19T06:46:09.915Z,21.21314,0.0,0.0,0.0,0.0,2025-09-19 08:46:09.915,7.449166666667
Long Yeast Grow,pioreactor02,2025-09-19T06:46:32.915Z,21.21664,0.0,0.0,0.0,0.0,2025-09-19 08:46:32.915,7.455555555556
Long Yeast Grow,pioreactor02,2025-09-19T06:46:33.405Z,21.21664,0.0,0.0,0.0,45.45,2025-09-19 08:46:33.405,7.455833333333
Long Yeast Grow,pioreactor02,2025-09-19T06:46:33.449Z,21.21664,0.0,0.0,0.0,45.42,2025-09-19 08:46:33.449,7.455833333333
Long Yeast Grow,pioreactor02,2025-09-19T06:46:55.915Z,21.22764,0.0,0.0,0.0,45.42,2025-09-19 08:46:55.915,7.461944444444
Long Yeast Grow,pioreactor02,2025-09-19T06:47:18.915Z,21.18214,0.0,0.0,0.0,45.42,2025-09-19 08:47:18.915,7.468333333333
Long Yeast Grow,pioreactor02,2025-09-19T06:47:41.915Z,21.20164,0.0,0.0,0.0,45.42,2025-09-19 08:47:41.915,7.474722222222
Long Yeast Grow,pioreactor02,2025-09-19T06:48:01.972Z,21.20164,0.0,0.0,0.0,0.0,2025-09-19 08:48:01.972,7.480277777778
Long Yeast Grow,pioreactor02,2025-09-19T06:48:04.915Z,21.20064,0.0,0.0,0.0,0.0,2025-09-19 08:48:04.915,7.481111111111
Long Yeast Grow,pioreactor02,2025-09-19T06:48:27.915Z,21.19864,0.0,0.0,0.0,0.0,2025-09-19 08:48:27.915,7.4875
Long Yeast Grow,pioreactor02,2025-09-19T06:48:50.915Z,21.19664,0.0,0.0,0.0,0.0,2025-09-19 08:48:50.915,7.493888888889
Long Yeast Grow,pioreactor02,2025-09-19T06:49:13.915Z,21.22714,0.0,0.0,0.0,0.0,2025-09-19 08:49:13.915,7.500277777778
Long Yeast Grow,pioreactor02,2025-09-19T06:49:36.915Z,21.22864,0.0,0.0,0.0,0.0,2025-09-19 08:49:36.915,7.506666666667
Long Yeast Grow,pioreactor02,2025-09-19T06:49:53.403Z,21.22864,0.0,0.0,0.0,45.42,2025-09-19 08:49:53.403,7.511388888889
Long Yeast Grow,pioreactor02,2025-09-19T06:49:53.447Z,21.22864,0.0,0.0,0.0,44.46,2025-09-19 08:49:53.447,7.511388888889
Long Yeast Grow,pioreactor02,2025-09-19T06:49:59.915Z,21.24914,0.0,0.0,0.0,44.46,2025-09-19 08:49:59.915,7.513055555556
Long Yeast Grow,pioreactor02,2025-09-19T06:50:22.919Z,21.25214,0.0,0.0,0.0,44.46,2025-09-19 08:50:22.919,7.519444444444
Long Yeast Grow,pioreactor02,2025-09-19T06:50:45.915Z,21.24364,0.0,0.0,0.0,44.46,2025-09-19 08:50:45.915,7.525833333333
Long Yeast Grow,pioreactor02,2025-09-19T06:51:08.915Z,21.27414,0.0,0.0,0.0,44.46,2025-09-19 08:51:08.915,7.532222222222
Long Yeast Grow,pioreactor02,2025-09-19T06:51:21.973Z,21.27414,0.0,0.0,0.0,0.0,2025-09-19 08:51:21.973,7.535833333333
Long Yeast Grow,pioreactor02,2025-09-19T06:51:31.915Z,21.27314,0.0,0.0,0.0,0.0,2025-09-19 08:51:31.915,7.538611111111
Long Yeast Grow,pioreactor02,2025-09-19T06:51:54.915Z,21.27364,0.0,0.0,0.0,0.0,2025-09-19 08:51:54.915,7.545
Long Yeast Grow,pioreactor02,2025-09-19T06:52:17.915Z,21.27614,0.0,0.0,0.0,0.0,2025-09-19 08:52:17.915,7.551388888889
Long Yeast Grow,pioreactor02,2025-09-19T06:52:40.919Z,21.25764,0.0,0.0,0.0,0.0,2025-09-19 08:52:40.919,7.557777777778
Long Yeast Grow,pioreactor02,2025-09-19T06:53:03.915Z,21.26264,0.0,0.0,0.0,0.0,2025-09-19 08:53:03.915,7.564166666667
Long Yeast Grow,pioreactor02,2025-09-19T06:53:13.405Z,21.26264,0.0,0.0,0.0,44.46,2025-09-19 08:53:13.405,7.566944444444
Long Yeast Grow,pioreactor02,2025-09-19T06:53:13.447Z,21.26264,0.0,0.0,0.0,44.26,2025-09-19 08:53:13.447,7.566944444444
Long Yeast Grow,pioreactor02,2025-09-19T06:53:26.915Z,21.24964,0.0,0.0,0.0,44.26,2025-09-19 08:53:26.915,7.570555555556
Long Yeast Grow,pioreactor02,2025-09-19T06:53:49.919Z,21.23164,0.0,0.0,0.0,44.26,2025-09-19 08:53:49.919,7.576944444444
Long Yeast Grow,pioreactor02,2025-09-19T06:54:12.915Z,21.20514,0.0,0.0,0.0,44.26,2025-09-19 08:54:12.915,7.583333333333
Long Yeast Grow,pioreactor02,2025-09-19T06:54:35.915Z,21.22164,0.0,0.0,0.0,44.26,2025-09-19 08:54:35.915,7.589722222222
Long Yeast Grow,pioreactor02,2025-09-19T06:54:41.972Z,21.22164,0.0,0.0,0.0,0.0,2025-09-19 08:54:41.972,7.591388888889
Long Yeast Grow,pioreactor02,2025-09-19T06:54:58.915Z,21.22264,0.0,0.0,0.0,0.0,2025-09-19 08:54:58.915,7.596111111111
Long Yeast Grow,pioreactor02,2025-09-19T06:55:21.919Z,21.22014,0.0,0.0,0.0,0.0,2025-09-19 08:55:21.919,7.6025
Long Yeast Grow,pioreactor02,2025-09-19T06:55:44.915Z,21.23564,0.0,0.0,0.0,0.0,2025-09-19 08:55:44.915,7.608888888889
Long Yeast Grow,pioreactor02,2025-09-19T06:56:07.915Z,21.23764,0.0,0.0,0.0,0.0,2025-09-19 08:56:07.915,7.615277777778
Long Yeast Grow,pioreactor02,2025-09-19T06:56:30.915Z,21.23464,0.0,0.0,0.0,0.0,2025-09-19 08:56:30.915,7.621666666667
Long Yeast Grow,pioreactor02,2025-09-19T06:56:33.403Z,21.23464,0.0,0.0,0.0,44.26,2025-09-19 08:56:33.403,7.6225
Long Yeast Grow,pioreactor02,2025-09-19T06:56:33.447Z,21.23464,0.0,0.0,0.0,45.04,2025-09-19 08:56:33.447,7.6225
Long Yeast Grow,pioreactor02,2025-09-19T06:56:53.915Z,21.23264,0.0,0.0,0.0,45.04,2025-09-19 08:56:53.915,7.628055555556
Long Yeast Grow,pioreactor02,2025-09-19T06:57:16.915Z,21.20564,0.0,0.0,0.0,45.04,2025-09-19 08:57:16.915,7.634444444444
Long Yeast Grow,pioreactor02,2025-09-19T06:57:39.915Z,21.20464,0.0,0.0,0.0,45.04,2025-09-19 08:57:39.915,7.640833333333
Long Yeast Grow,pioreactor02,2025-09-19T06:58:01.972Z,21.20464,0.0,0.0,0.0,0.0,2025-09-19 08:58:01.972,7.646944444444
Long Yeast Grow,pioreactor02,2025-09-19T06:58:02.915Z,21.21314,0.0,0.0,0.0,0.0,2025-09-19 08:58:02.915,7.647222222222
Long Yeast Grow,pioreactor02,2025-09-19T06:58:25.915Z,21.21164,0.0,0.0,0.0,0.0,2025-09-19 08:58:25.915,7.653611111111
Long Yeast Grow,pioreactor02,2025-09-19T06:58:48.915Z,21.20964,0.0,0.0,0.0,0.0,2025-09-19 08:58:48.915,7.66
Long Yeast Grow,pioreactor02,2025-09-19T06:59:11.915Z,21.19214,0.0,0.0,0.0,0.0,2025-09-19 08:59:11.915,7.666388888889
Long Yeast Grow,pioreactor02,2025-09-19T06:59:34.915Z,21.19214,0.0,0.0,0.0,0.0,2025-09-19 08:59:34.915,7.672777777778
Long Yeast Grow,pioreactor02,2025-09-19T06:59:53.404Z,21.19214,0.0,0.0,0.0,45.04,2025-09-19 08:59:53.404,7.678055555556
Long Yeast Grow,pioreactor02,2025-09-19T06:59:53.449Z,21.19214,0.0,0.0,0.0,44.5,2025-09-19 08:59:53.449,7.678055555556
Long Yeast Grow,pioreactor02,2025-09-19T06:59:57.915Z,21.19314,0.0,0.0,0.0,44.5,2025-09-19 08:59:57.915,7.679166666667
Long Yeast Grow,pioreactor02,2025-09-19T07:00:20.915Z,21.21064,0.0,0.0,0.0,44.5,2025-09-19 09:00:20.915,7.685555555556
Long Yeast Grow,pioreactor02,2025-09-19T07:00:43.915Z,21.20814,0.0,0.0,0.0,44.5,2025-09-19 09:00:43.915,7.691944444444
Long Yeast Grow,pioreactor02,2025-09-19T07:01:06.879Z,21.21264,0.0,0.0,0.0,44.5,2025-09-19 09:01:06.879,7.698333333333
Long Yeast Grow,pioreactor02,2025-09-19T07:01:21.972Z,21.21264,0.0,0.0,0.0,0.0,2025-09-19 09:01:21.972,7.7025
Long Yeast Grow,pioreactor02,2025-09-19T07:01:29.915Z,21.24114,0.0,0.0,0.0,0.0,2025-09-19 09:01:29.915,7.704722222222
Long Yeast Grow,pioreactor02,2025-09-19T07:01:52.915Z,21.24414,0.0,0.0,0.0,0.0,2025-09-19 09:01:52.915,7.711111111111
Long Yeast Grow,pioreactor02,2025-09-19T07:02:15.919Z,21.15814,0.0,0.0,0.0,0.0,2025-09-19 09:02:15.919,7.7175
Long Yeast Grow,pioreactor02,2025-09-19T07:02:38.915Z,21.54114,0.0,0.0,0.0,0.0,2025-09-19 09:02:38.915,7.723888888889
Long Yeast Grow,pioreactor02,2025-09-19T07:03:01.915Z,21.95964,0.0,0.0,0.0,0.0,2025-09-19 09:03:01.915,7.730277777778
Long Yeast Grow,pioreactor02,2025-09-19T07:03:13.406Z,21.95964,0.0,0.0,0.0,44.5,2025-09-19 09:03:13.406,7.733611111111
Long Yeast Grow,pioreactor02,2025-09-19T07:03:13.447Z,21.95964,0.0,0.0,0.0,45.93,2025-09-19 09:03:13.447,7.733611111111
Long Yeast Grow,pioreactor02,2025-09-19T07:03:24.915Z,21.82014,0.0,0.0,0.0,45.93,2025-09-19 09:03:24.915,7.736666666667
Long Yeast Grow,pioreactor02,2025-09-19T07:03:47.915Z,21.69114,0.0,0.0,0.0,45.93,2025-09-19 09:03:47.915,7.743055555556
Long Yeast Grow,pioreactor02,2025-09-19T07:04:10.919Z,21.59864,0.0,0.0,0.0,45.93,2025-09-19 09:04:10.919,7.749444444444
Long Yeast Grow,pioreactor02,2025-09-19T07:04:33.915Z,21.50214,0.0,0.0,0.0,45.93,2025-09-19 09:04:33.915,7.755833333333
Long Yeast Grow,pioreactor02,2025-09-19T07:04:41.973Z,21.50214,0.0,0.0,0.0,0.0,2025-09-19 09:04:41.973,7.758055555556
Long Yeast Grow,pioreactor02,2025-09-19T07:04:56.915Z,21.44614,0.0,0.0,0.0,0.0,2025-09-19 09:04:56.915,7.762222222222
Long Yeast Grow,pioreactor02,2025-09-19T07:05:19.915Z,21.35564,0.0,0.0,0.0,0.0,2025-09-19 09:05:19.915,7.768611111111
Long Yeast Grow,pioreactor02,2025-09-19T07:05:42.915Z,21.35314,0.0,0.0,0.0,0.0,2025-09-19 09:05:42.915,7.775
Long Yeast Grow,pioreactor02,2025-09-19T07:06:05.915Z,21.31864,0.0,0.0,0.0,0.0,2025-09-19 09:06:05.915,7.781388888889
Long Yeast Grow,pioreactor02,2025-09-19T07:06:28.915Z,21.31564,0.0,0.0,0.0,0.0,2025-09-19 09:06:28.915,7.787777777778
Long Yeast Grow,pioreactor02,2025-09-19T07:06:33.405Z,21.31564,0.0,0.0,0.0,45.93,2025-09-19 09:06:33.405,7.789166666667
Long Yeast Grow,pioreactor02,2025-09-19T07:06:33.447Z,21.31564,0.0,0.0,0.0,45.75,2025-09-19 09:06:33.447,7.789166666667
Long Yeast Grow,pioreactor02,2025-09-19T07:06:51.915Z,21.31464,0.0,0.0,0.0,45.75,2025-09-19 09:06:51.915,7.794166666667
Long Yeast Grow,pioreactor02,2025-09-19T07:07:14.915Z,21.29064,0.0,0.0,0.0,45.75,2025-09-19 09:07:14.915,7.800555555556
Long Yeast Grow,pioreactor02,2025-09-19T07:07:37.915Z,21.26564,0.0,0.0,0.0,45.75,2025-09-19 09:07:37.915,7.806944444444
Long Yeast Grow,pioreactor02,2025-09-19T07:08:00.915Z,21.25114,0.0,0.0,0.0,45.75,2025-09-19 09:08:00.915,7.813333333333
Long Yeast Grow,pioreactor02,2025-09-19T07:08:01.972Z,21.25114,0.0,0.0,0.0,0.0,2025-09-19 09:08:01.972,7.813611111111
Long Yeast Grow,pioreactor02,2025-09-19T07:08:23.915Z,21.22914,0.0,0.0,0.0,0.0,2025-09-19 09:08:23.915,7.819722222222
Long Yeast Grow,pioreactor02,2025-09-19T07:08:46.915Z,21.22964,0.0,0.0,0.0,0.0,2025-09-19 09:08:46.915,7.826111111111
Long Yeast Grow,pioreactor02,2025-09-19T07:09:09.915Z,21.17664,0.0,0.0,0.0,0.0,2025-09-19 09:09:09.915,7.8325
Long Yeast Grow,pioreactor02,2025-09-19T07:09:32.915Z,21.16514,0.0,0.0,0.0,0.0,2025-09-19 09:09:32.915,7.838888888889
Long Yeast Grow,pioreactor02,2025-09-19T07:09:53.404Z,21.16514,0.0,0.0,0.0,45.75,2025-09-19 09:09:53.404,7.844722222222
Long Yeast Grow,pioreactor02,2025-09-19T07:09:53.452Z,21.16514,0.0,0.0,0.0,44.76,2025-09-19 09:09:53.452,7.844722222222
Long Yeast Grow,pioreactor02,2025-09-19T07:09:55.915Z,21.19314,0.0,0.0,0.0,44.76,2025-09-19 09:09:55.915,7.845277777778
Long Yeast Grow,pioreactor02,2025-09-19T07:10:18.915Z,21.19214,0.0,0.0,0.0,44.76,2025-09-19 09:10:18.915,7.851666666667
Long Yeast Grow,pioreactor02,2025-09-19T07:10:41.915Z,21.18764,0.0,0.0,0.0,44.76,2025-09-19 09:10:41.915,7.858055555556
Long Yeast Grow,pioreactor02,2025-09-19T07:11:04.915Z,21.16964,0.0,0.0,0.0,44.76,2025-09-19 09:11:04.915,7.864444444444
Long Yeast Grow,pioreactor02,2025-09-19T07:11:21.973Z,21.16964,0.0,0.0,0.0,0.0,2025-09-19 09:11:21.973,7.869166666667
Long Yeast Grow,pioreactor02,2025-09-19T07:11:27.915Z,21.18614,0.0,0.0,0.0,0.0,2025-09-19 09:11:27.915,7.870833333333
Long Yeast Grow,pioreactor02,2025-09-19T07:11:50.915Z,21.16414,0.0,0.0,0.0,0.0,2025-09-19 09:11:50.915,7.877222222222
Long Yeast Grow,pioreactor02,2025-09-19T07:12:13.915Z,21.60414,0.0,0.0,0.0,0.0,2025-09-19 09:12:13.915,7.883611111111
Long Yeast Grow,pioreactor02,2025-09-19T07:12:36.915Z,22.00814,0.0,0.0,0.0,0.0,2025-09-19 09:12:36.915,7.89
Long Yeast Grow,pioreactor02,2025-09-19T07:12:59.915Z,21.86014,0.0,0.0,0.0,0.0,2025-09-19 09:12:59.915,7.896388888889
Long Yeast Grow,pioreactor02,2025-09-19T07:13:13.405Z,21.86014,0.0,0.0,0.0,44.76,2025-09-19 09:13:13.405,7.900277777778
Long Yeast Grow,pioreactor02,2025-09-19T07:13:13.448Z,21.86014,0.0,0.0,0.0,44.84,2025-09-19 09:13:13.448,7.900277777778
Long Yeast Grow,pioreactor02,2025-09-19T07:13:22.915Z,21.75014,0.0,0.0,0.0,44.84,2025-09-19 09:13:22.915,7.902777777778
Long Yeast Grow,pioreactor02,2025-09-19T07:13:45.915Z,21.59114,0.0,0.0,0.0,44.84,2025-09-19 09:13:45.915,7.909166666667
Long Yeast Grow,pioreactor02,2025-09-19T07:14:08.919Z,21.53014,0.0,0.0,0.0,44.84,2025-09-19 09:14:08.919,7.915555555556
Long Yeast Grow,pioreactor02,2025-09-19T07:14:31.915Z,21.46964,0.0,0.0,0.0,44.84,2025-09-19 09:14:31.915,7.921944444444
Long Yeast Grow,pioreactor02,2025-09-19T07:14:41.972Z,21.46964,0.0,0.0,0.0,0.0,2025-09-19 09:14:41.972,7.924722222222
Long Yeast Grow,pioreactor02,2025-09-19T07:14:54.915Z,21.44064,0.0,0.0,0.0,0.0,2025-09-19 09:14:54.915,7.928333333333
Long Yeast Grow,pioreactor02,2025-09-19T07:15:17.915Z,21.38664,0.0,0.0,0.0,0.0,2025-09-19 09:15:17.915,7.934722222222
Long Yeast Grow,pioreactor02,2025-09-19T07:15:40.915Z,21.39064,0.0,0.0,0.0,0.0,2025-09-19 09:15:40.915,7.941111111111
Long Yeast Grow,pioreactor02,2025-09-19T07:16:03.919Z,21.31214,0.0,0.0,0.0,0.0,2025-09-19 09:16:03.919,7.9475
Long Yeast Grow,pioreactor02,2025-09-19T07:16:26.879Z,21.31564,0.0,0.0,0.0,0.0,2025-09-19 09:16:26.879,7.953888888889
Long Yeast Grow,pioreactor02,2025-09-19T07:16:33.405Z,21.31564,0.0,0.0,0.0,44.84,2025-09-19 09:16:33.405,7.955833333333
Long Yeast Grow,pioreactor02,2025-09-19T07:16:33.447Z,21.31564,0.0,0.0,0.0,45.31,2025-09-19 09:16:33.447,7.955833333333
Long Yeast Grow,pioreactor02,2025-09-19T07:16:49.919Z,21.27164,0.0,0.0,0.0,45.31,2025-09-19 09:16:49.919,7.960277777778
Long Yeast Grow,pioreactor02,2025-09-19T07:17:12.915Z,21.23864,0.0,0.0,0.0,45.31,2025-09-19 09:17:12.915,7.966666666667
Long Yeast Grow,pioreactor02,2025-09-19T07:17:35.915Z,21.20114,0.0,0.0,0.0,45.31,2025-09-19 09:17:35.915,7.973055555556
Long Yeast Grow,pioreactor02,2025-09-19T07:17:58.915Z,21.16664,0.0,0.0,0.0,45.31,2025-09-19 09:17:58.915,7.979444444444
Long Yeast Grow,pioreactor02,2025-09-19T07:18:01.973Z,21.16664,0.0,0.0,0.0,0.0,2025-09-19 09:18:01.973,7.980277777778
Long Yeast Grow,pioreactor02,2025-09-19T07:18:21.915Z,21.16364,0.0,0.0,0.0,0.0,2025-09-19 09:18:21.915,7.985833333333
Long Yeast Grow,pioreactor02,2025-09-19T07:18:44.915Z,21.14864,0.0,0.0,0.0,0.0,2025-09-19 09:18:44.915,7.992222222222
Long Yeast Grow,pioreactor02,2025-09-19T07:19:07.919Z,21.14364,0.0,0.0,0.0,0.0,2025-09-19 09:19:07.919,7.998611111111
Long Yeast Grow,pioreactor02,2025-09-19T07:19:30.915Z,21.13964,0.0,0.0,0.0,0.0,2025-09-19 09:19:30.915,8.005
Long Yeast Grow,pioreactor02,2025-09-19T07:19:53.405Z,21.13964,0.0,0.0,0.0,45.31,2025-09-19 09:19:53.405,8.011388888889
Long Yeast Grow,pioreactor02,2025-09-19T07:19:53.447Z,21.13964,0.0,0.0,0.0,44.55,2025-09-19 09:19:53.447,8.011388888889
Long Yeast Grow,pioreactor02,2025-09-19T07:19:53.915Z,21.13814,0.0,0.0,0.0,44.55,2025-09-19 09:19:53.915,8.011388888889
Long Yeast Grow,pioreactor02,2025-09-19T07:20:16.915Z,21.23864,0.0,0.0,0.0,44.55,2025-09-19 09:20:16.915,8.017777777778
Long Yeast Grow,pioreactor02,2025-09-19T07:20:39.915Z,21.31564,0.0,0.0,0.0,44.55,2025-09-19 09:20:39.915,8.024166666667
Long Yeast Grow,pioreactor02,2025-09-19T07:21:02.915Z,21.32264,0.0,0.0,0.0,44.55,2025-09-19 09:21:02.915,8.030555555556
Long Yeast Grow,pioreactor02,2025-09-19T07:21:21.974Z,21.32264,0.0,0.0,0.0,0.0,2025-09-19 09:21:21.974,8.035833333333
Long Yeast Grow,pioreactor02,2025-09-19T07:21:25.915Z,21.30514,0.0,0.0,0.0,0.0,2025-09-19 09:21:25.915,8.036944444444
Long Yeast Grow,pioreactor02,2025-09-19T07:21:48.915Z,21.33264,0.0,0.0,0.0,0.0,2025-09-19 09:21:48.915,8.043333333333
Long Yeast Grow,pioreactor02,2025-09-19T07:22:11.915Z,21.33864,0.0,0.0,0.0,0.0,2025-09-19 09:22:11.915,8.049722222222
Long Yeast Grow,pioreactor02,2025-09-19T07:22:34.915Z,21.33864,0.0,0.0,0.0,0.0,2025-09-19 09:22:34.915,8.056111111111
Long Yeast Grow,pioreactor02,2025-09-19T07:22:57.919Z,21.30814,0.0,0.0,0.0,0.0,2025-09-19 09:22:57.919,8.0625
Long Yeast Grow,pioreactor02,2025-09-19T07:23:13.408Z,21.30814,0.0,0.0,0.0,44.55,2025-09-19 09:23:13.408,8.066944444444
Long Yeast Grow,pioreactor02,2025-09-19T07:23:13.453Z,21.30814,0.0,0.0,0.0,45.78,2025-09-19 09:23:13.453,8.066944444444
Long Yeast Grow,pioreactor02,2025-09-19T07:23:20.919Z,21.27414,0.0,0.0,0.0,45.78,2025-09-19 09:23:20.919,8.068888888889
Long Yeast Grow,pioreactor02,2025-09-19T07:23:43.915Z,21.27514,0.0,0.0,0.0,45.78,2025-09-19 09:23:43.915,8.075277777778
Long Yeast Grow,pioreactor02,2025-09-19T07:24:06.915Z,21.25864,0.0,0.0,0.0,45.78,2025-09-19 09:24:06.915,8.081666666667
Long Yeast Grow,pioreactor02,2025-09-19T07:24:29.915Z,21.26314,0.0,0.0,0.0,45.78,2025-09-19 09:24:29.915,8.088055555556
Long Yeast Grow,pioreactor02,2025-09-19T07:24:41.973Z,21.26314,0.0,0.0,0.0,0.0,2025-09-19 09:24:41.973,8.091388888889
Long Yeast Grow,pioreactor02,2025-09-19T07:24:52.915Z,21.27564,0.0,0.0,0.0,0.0,2025-09-19 09:24:52.915,8.094444444444
Long Yeast Grow,pioreactor02,2025-09-19T07:25:15.915Z,21.30314,0.0,0.0,0.0,0.0,2025-09-19 09:25:15.915,8.100833333333
Long Yeast Grow,pioreactor02,2025-09-19T07:25:38.915Z,21.28914,0.0,0.0,0.0,0.0,2025-09-19 09:25:38.915,8.107222222222
Long Yeast Grow,pioreactor02,2025-09-19T07:26:01.915Z,21.28914,0.0,0.0,0.0,0.0,2025-09-19 09:26:01.915,8.113611111111
Long Yeast Grow,pioreactor02,2025-09-19T07:26:24.915Z,21.26264,0.0,0.0,0.0,0.0,2025-09-19 09:26:24.915,8.12
Long Yeast Grow,pioreactor02,2025-09-19T07:26:33.405Z,21.26264,0.0,0.0,0.0,45.78,2025-09-19 09:26:33.405,8.1225
Long Yeast Grow,pioreactor02,2025-09-19T07:26:33.447Z,21.26264,0.0,0.0,0.0,46.96,2025-09-19 09:26:33.447,8.1225
Long Yeast Grow,pioreactor02,2025-09-19T07:26:47.915Z,21.27064,0.0,0.0,0.0,46.96,2025-09-19 09:26:47.915,8.126388888889
Long Yeast Grow,pioreactor02,2025-09-19T07:27:10.915Z,21.26314,0.0,0.0,0.0,46.96,2025-09-19 09:27:10.915,8.132777777778
Long Yeast Grow,pioreactor02,2025-09-19T07:27:33.915Z,21.26264,0.0,0.0,0.0,46.96,2025-09-19 09:27:33.915,8.139166666667
Long Yeast Grow,pioreactor02,2025-09-19T07:27:56.915Z,21.25014,0.0,0.0,0.0,46.96,2025-09-19 09:27:56.915,8.145555555556
Long Yeast Grow,pioreactor02,2025-09-19T07:28:01.972Z,21.25014,0.0,0.0,0.0,0.0,2025-09-19 09:28:01.972,8.146944444444
Long Yeast Grow,pioreactor02,2025-09-19T07:28:19.915Z,21.24414,0.0,0.0,0.0,0.0,2025-09-19 09:28:19.915,8.151944444444
Long Yeast Grow,pioreactor02,2025-09-19T07:28:42.915Z,21.24264,0.0,0.0,0.0,0.0,2025-09-19 09:28:42.915,8.158333333333
Long Yeast Grow,pioreactor02,2025-09-19T07:29:05.915Z,21.23964,0.0,0.0,0.0,0.0,2025-09-19 09:29:05.915,8.164722222222
Long Yeast Grow,pioreactor02,2025-09-19T07:29:28.915Z,21.26264,0.0,0.0,0.0,0.0,2025-09-19 09:29:28.915,8.171111111111
Long Yeast Grow,pioreactor02,2025-09-19T07:29:51.915Z,21.26214,0.0,0.0,0.0,0.0,2025-09-19 09:29:51.915,8.1775
Long Yeast Grow,pioreactor02,2025-09-19T07:29:53.405Z,21.26214,0.0,0.0,0.0,46.96,2025-09-19 09:29:53.405,8.178055555556
Long Yeast Grow,pioreactor02,2025-09-19T07:29:53.448Z,21.26214,0.0,0.0,0.0,45.5,2025-09-19 09:29:53.448,8.178055555556
Long Yeast Grow,pioreactor02,2025-09-19T07:30:14.915Z,21.26314,0.0,0.0,0.0,45.5,2025-09-19 09:30:14.915,8.183888888889
Long Yeast Grow,pioreactor02,2025-09-19T07:30:37.915Z,21.26864,0.0,0.0,0.0,45.5,2025-09-19 09:30:37.915,8.190277777778
Long Yeast Grow,pioreactor02,2025-09-19T07:31:00.915Z,21.28114,0.0,0.0,0.0,45.5,2025-09-19 09:31:00.915,8.196666666667
Long Yeast Grow,pioreactor02,2025-09-19T07:31:21.972Z,21.28114,0.0,0.0,0.0,0.0,2025-09-19 09:31:21.972,8.2025
Long Yeast Grow,pioreactor02,2025-09-19T07:31:23.915Z,21.30964,0.0,0.0,0.0,0.0,2025-09-19 09:31:23.915,8.203055555556
Long Yeast Grow,pioreactor02,2025-09-19T07:31:46.915Z,21.32064,0.0,0.0,0.0,0.0,2025-09-19 09:31:46.915,8.209444444444
Long Yeast Grow,pioreactor02,2025-09-19T07:32:09.915Z,21.31964,0.0,0.0,0.0,0.0,2025-09-19 09:32:09.915,8.215833333333
Long Yeast Grow,pioreactor02,2025-09-19T07:32:32.915Z,21.33664,0.0,0.0,0.0,0.0,2025-09-19 09:32:32.915,8.222222222222
Long Yeast Grow,pioreactor02,2025-09-19T07:32:55.915Z,21.29414,0.0,0.0,0.0,0.0,2025-09-19 09:32:55.915,8.228611111111
Long Yeast Grow,pioreactor02,2025-09-19T07:33:13.405Z,21.29414,0.0,0.0,0.0,45.5,2025-09-19 09:33:13.405,8.233611111111
Long Yeast Grow,pioreactor02,2025-09-19T07:33:13.449Z,21.29414,0.0,0.0,0.0,45.51,2025-09-19 09:33:13.449,8.233611111111
Long Yeast Grow,pioreactor02,2025-09-19T07:33:18.915Z,21.29364,0.0,0.0,0.0,45.51,2025-09-19 09:33:18.915,8.235
Long Yeast Grow,pioreactor02,2025-09-19T07:33:41.915Z,21.27764,0.0,0.0,0.0,45.51,2025-09-19 09:33:41.915,8.241388888889
Long Yeast Grow,pioreactor02,2025-09-19T07:34:04.915Z,21.30414,0.0,0.0,0.0,45.51,2025-09-19 09:34:04.915,8.247777777778
Long Yeast Grow,pioreactor02,2025-09-19T07:34:27.915Z,21.30664,0.0,0.0,0.0,45.51,2025-09-19 09:34:27.915,8.254166666667
Long Yeast Grow,pioreactor02,2025-09-19T07:34:41.972Z,21.30664,0.0,0.0,0.0,0.0,2025-09-19 09:34:41.972,8.258055555556
Long Yeast Grow,pioreactor02,2025-09-19T07:34:50.919Z,21.30714,0.0,0.0,0.0,0.0,2025-09-19 09:34:50.919,8.260555555556
Long Yeast Grow,pioreactor02,2025-09-19T07:35:13.915Z,21.27664,0.0,0.0,0.0,0.0,2025-09-19 09:35:13.915,8.266944444444
Long Yeast Grow,pioreactor02,2025-09-19T07:35:36.915Z,21.24614,0.0,0.0,0.0,0.0,2025-09-19 09:35:36.915,8.273333333333
Long Yeast Grow,pioreactor02,2025-09-19T07:35:59.915Z,21.21664,0.0,0.0,0.0,0.0,2025-09-19 09:35:59.915,8.279722222222
Long Yeast Grow,pioreactor02,2025-09-19T07:36:22.915Z,21.17914,0.0,0.0,0.0,0.0,2025-09-19 09:36:22.915,8.286111111111
Long Yeast Grow,pioreactor02,2025-09-19T07:36:33.404Z,21.17914,0.0,0.0,0.0,45.51,2025-09-19 09:36:33.404,8.289166666667
Long Yeast Grow,pioreactor02,2025-09-19T07:36:33.448Z,21.17914,0.0,0.0,0.0,46.22,2025-09-19 09:36:33.448,8.289166666667
Long Yeast Grow,pioreactor02,2025-09-19T07:36:45.915Z,21.17814,0.0,0.0,0.0,46.22,2025-09-19 09:36:45.915,8.2925
Long Yeast Grow,pioreactor02,2025-09-19T07:37:08.915Z,21.17714,0.0,0.0,0.0,46.22,2025-09-19 09:37:08.915,8.298888888889
Long Yeast Grow,pioreactor02,2025-09-19T07:37:31.915Z,21.17514,0.0,0.0,0.0,46.22,2025-09-19 09:37:31.915,8.305277777778
Long Yeast Grow,pioreactor02,2025-09-19T07:37:54.915Z,21.17564,0.0,0.0,0.0,46.22,2025-09-19 09:37:54.915,8.311666666667
Long Yeast Grow,pioreactor02,2025-09-19T07:38:01.973Z,21.17564,0.0,0.0,0.0,0.0,2025-09-19 09:38:01.973,8.313611111111
Long Yeast Grow,pioreactor02,2025-09-19T07:38:17.915Z,21.25714,0.0,0.0,0.0,0.0,2025-09-19 09:38:17.915,8.318055555556
Long Yeast Grow,pioreactor02,2025-09-19T07:38:40.919Z,21.24764,0.0,0.0,0.0,0.0,2025-09-19 09:38:40.919,8.324444444444
Long Yeast Grow,pioreactor02,2025-09-19T07:39:03.915Z,21.24364,0.0,0.0,0.0,0.0,2025-09-19 09:39:03.915,8.330833333333
Long Yeast Grow,pioreactor02,2025-09-19T07:39:26.915Z,21.23714,0.0,0.0,0.0,0.0,2025-09-19 09:39:26.915,8.337222222222
Long Yeast Grow,pioreactor02,2025-09-19T07:39:49.915Z,21.24864,0.0,0.0,0.0,0.0,2025-09-19 09:39:49.915,8.343611111111
Long Yeast Grow,pioreactor02,2025-09-19T07:39:53.406Z,21.24864,0.0,0.0,0.0,46.22,2025-09-19 09:39:53.406,8.344722222222
Long Yeast Grow,pioreactor02,2025-09-19T07:39:53.449Z,21.24864,0.0,0.0,0.0,47.58,2025-09-19 09:39:53.449,8.344722222222
Long Yeast Grow,pioreactor02,2025-09-19T07:40:12.915Z,21.25114,0.0,0.0,0.0,47.58,2025-09-19 09:40:12.915,8.35
Long Yeast Grow,pioreactor02,2025-09-19T07:40:35.919Z,21.23414,0.0,0.0,0.0,47.58,2025-09-19 09:40:35.919,8.356388888889
Long Yeast Grow,pioreactor02,2025-09-19T07:40:58.919Z,21.23564,0.0,0.0,0.0,47.58,2025-09-19 09:40:58.919,8.362777777778
Long Yeast Grow,pioreactor02,2025-09-19T07:41:21.915Z,21.23814,0.0,0.0,0.0,47.58,2025-09-19 09:41:21.915,8.369166666667
Long Yeast Grow,pioreactor02,2025-09-19T07:41:21.972Z,21.23814,0.0,0.0,0.0,0.0,2025-09-19 09:41:21.972,8.369166666667
Long Yeast Grow,pioreactor02,2025-09-19T07:41:44.915Z,21.23514,0.0,0.0,0.0,0.0,2025-09-19 09:41:44.915,8.375555555556
Long Yeast Grow,pioreactor02,2025-09-19T07:42:07.919Z,21.19514,0.0,0.0,0.0,0.0,2025-09-19 09:42:07.919,8.381944444444
Long Yeast Grow,pioreactor02,2025-09-19T07:42:30.919Z,21.21614,0.0,0.0,0.0,0.0,2025-09-19 09:42:30.919,8.388333333333
Long Yeast Grow,pioreactor02,2025-09-19T07:42:53.919Z,21.20464,0.0,0.0,0.0,0.0,2025-09-19 09:42:53.919,8.394722222222
Long Yeast Grow,pioreactor02,2025-09-19T07:43:13.404Z,21.20464,0.0,0.0,0.0,47.58,2025-09-19 09:43:13.404,8.400277777778
Long Yeast Grow,pioreactor02,2025-09-19T07:43:13.448Z,21.20464,0.0,0.0,0.0,46.4,2025-09-19 09:43:13.448,8.400277777778
Long Yeast Grow,pioreactor02,2025-09-19T07:43:16.915Z,21.19264,0.0,0.0,0.0,46.4,2025-09-19 09:43:16.915,8.401111111111
Long Yeast Grow,pioreactor02,2025-09-19T07:43:39.915Z,21.16714,0.0,0.0,0.0,46.4,2025-09-19 09:43:39.915,8.4075
Long Yeast Grow,pioreactor02,2025-09-19T07:44:02.915Z,21.18614,0.0,0.0,0.0,46.4,2025-09-19 09:44:02.915,8.413888888889
Long Yeast Grow,pioreactor02,2025-09-19T07:44:25.915Z,21.18664,0.0,0.0,0.0,46.4,2025-09-19 09:44:25.915,8.420277777778
Long Yeast Grow,pioreactor02,2025-09-19T07:44:41.973Z,21.18664,0.0,0.0,0.0,0.0,2025-09-19 09:44:41.973,8.424722222222
Long Yeast Grow,pioreactor02,2025-09-19T07:44:48.915Z,21.18514,0.0,0.0,0.0,0.0,2025-09-19 09:44:48.915,8.426666666667
Long Yeast Grow,pioreactor02,2025-09-19T07:45:11.915Z,21.18864,0.0,0.0,0.0,0.0,2025-09-19 09:45:11.915,8.433055555556
Long Yeast Grow,pioreactor02,2025-09-19T07:45:34.915Z,21.18414,0.0,0.0,0.0,0.0,2025-09-19 09:45:34.915,8.439444444444
Long Yeast Grow,pioreactor02,2025-09-19T07:45:57.915Z,21.12264,0.0,0.0,0.0,0.0,2025-09-19 09:45:57.915,8.445833333333
Long Yeast Grow,pioreactor02,2025-09-19T07:46:20.915Z,21.12264,0.0,0.0,0.0,0.0,2025-09-19 09:46:20.915,8.452222222222
Long Yeast Grow,pioreactor02,2025-09-19T07:46:33.405Z,21.12264,0.0,0.0,0.0,46.4,2025-09-19 09:46:33.405,8.455833333333
Long Yeast Grow,pioreactor02,2025-09-19T07:46:33.448Z,21.12264,0.0,0.0,0.0,46.81,2025-09-19 09:46:33.448,8.455833333333
Long Yeast Grow,pioreactor02,2025-09-19T07:46:43.915Z,21.11914,0.0,0.0,0.0,46.81,2025-09-19 09:46:43.915,8.458611111111
Long Yeast Grow,pioreactor02,2025-09-19T07:47:06.915Z,21.15764,0.0,0.0,0.0,46.81,2025-09-19 09:47:06.915,8.465
Long Yeast Grow,pioreactor02,2025-09-19T07:47:29.915Z,21.15764,0.0,0.0,0.0,46.81,2025-09-19 09:47:29.915,8.471388888889
Long Yeast Grow,pioreactor02,2025-09-19T07:47:52.915Z,21.15914,0.0,0.0,0.0,46.81,2025-09-19 09:47:52.915,8.477777777778
Long Yeast Grow,pioreactor02,2025-09-19T07:48:01.973Z,21.15914,0.0,0.0,0.0,0.0,2025-09-19 09:48:01.973,8.480277777778
Long Yeast Grow,pioreactor02,2025-09-19T07:48:15.915Z,21.15714,0.0,0.0,0.0,0.0,2025-09-19 09:48:15.915,8.484166666667
Long Yeast Grow,pioreactor02,2025-09-19T07:48:38.915Z,21.23464,0.0,0.0,0.0,0.0,2025-09-19 09:48:38.915,8.490555555556
Long Yeast Grow,pioreactor02,2025-09-19T07:49:01.915Z,21.28014,0.0,0.0,0.0,0.0,2025-09-19 09:49:01.915,8.496944444444
Long Yeast Grow,pioreactor02,2025-09-19T07:49:24.915Z,21.25164,0.0,0.0,0.0,0.0,2025-09-19 09:49:24.915,8.503333333333
Long Yeast Grow,pioreactor02,2025-09-19T07:49:47.915Z,21.24864,0.0,0.0,0.0,0.0,2025-09-19 09:49:47.915,8.509722222222
Long Yeast Grow,pioreactor02,2025-09-19T07:49:53.405Z,21.24864,0.0,0.0,0.0,46.81,2025-09-19 09:49:53.405,8.511388888889
Long Yeast Grow,pioreactor02,2025-09-19T07:49:53.447Z,21.24864,0.0,0.0,0.0,46.72,2025-09-19 09:49:53.447,8.511388888889
Long Yeast Grow,pioreactor02,2025-09-19T07:50:10.915Z,21.24864,0.0,0.0,0.0,46.72,2025-09-19 09:50:10.915,8.516111111111
Long Yeast Grow,pioreactor02,2025-09-19T07:50:33.915Z,21.24814,0.0,0.0,0.0,46.72,2025-09-19 09:50:33.915,8.5225
Long Yeast Grow,pioreactor02,2025-09-19T07:50:56.915Z,21.22464,0.0,0.0,0.0,46.72,2025-09-19 09:50:56.915,8.528888888889
Long Yeast Grow,pioreactor02,2025-09-19T07:51:19.919Z,21.24964,0.0,0.0,0.0,46.72,2025-09-19 09:51:19.919,8.535277777778
Long Yeast Grow,pioreactor02,2025-09-19T07:51:21.973Z,21.24964,0.0,0.0,0.0,0.0,2025-09-19 09:51:21.973,8.535833333333
Long Yeast Grow,pioreactor02,2025-09-19T07:51:42.915Z,21.26214,0.0,0.0,0.0,0.0,2025-09-19 09:51:42.915,8.541666666667
Long Yeast Grow,pioreactor02,2025-09-19T07:52:05.915Z,21.24514,0.0,0.0,0.0,0.0,2025-09-19 09:52:05.915,8.548055555556
Long Yeast Grow,pioreactor02,2025-09-19T07:52:28.915Z,21.23564,0.0,0.0,0.0,0.0,2025-09-19 09:52:28.915,8.554444444444
Long Yeast Grow,pioreactor02,2025-09-19T07:52:51.915Z,21.23614,0.0,0.0,0.0,0.0,2025-09-19 09:52:51.915,8.560833333333
Long Yeast Grow,pioreactor02,2025-09-19T07:53:13.407Z,21.23614,0.0,0.0,0.0,46.72,2025-09-19 09:53:13.407,8.566944444444
Long Yeast Grow,pioreactor02,2025-09-19T07:53:13.452Z,21.23614,0.0,0.0,0.0,46.63,2025-09-19 09:53:13.452,8.566944444444
Long Yeast Grow,pioreactor02,2025-09-19T07:53:14.915Z,21.23014,0.0,0.0,0.0,46.63,2025-09-19 09:53:14.915,8.567222222222
Long Yeast Grow,pioreactor02,2025-09-19T07:53:37.915Z,21.25564,0.0,0.0,0.0,46.63,2025-09-19 09:53:37.915,8.573611111111
Long Yeast Grow,pioreactor02,2025-09-19T07:54:00.915Z,21.22314,0.0,0.0,0.0,46.63,2025-09-19 09:54:00.915,8.58
Long Yeast Grow,pioreactor02,2025-09-19T07:54:23.915Z,21.21914,0.0,0.0,0.0,46.63,2025-09-19 09:54:23.915,8.586388888889
Long Yeast Grow,pioreactor02,2025-09-19T07:54:41.972Z,21.21914,0.0,0.0,0.0,0.0,2025-09-19 09:54:41.972,8.591388888889
Long Yeast Grow,pioreactor02,2025-09-19T07:54:46.919Z,21.19464,0.0,0.0,0.0,0.0,2025-09-19 09:54:46.919,8.592777777778
Long Yeast Grow,pioreactor02,2025-09-19T07:55:09.915Z,21.24414,0.0,0.0,0.0,0.0,2025-09-19 09:55:09.915,8.599166666667
Long Yeast Grow,pioreactor02,2025-09-19T07:55:32.915Z,21.21414,0.0,0.0,0.0,0.0,2025-09-19 09:55:32.915,8.605555555556
Long Yeast Grow,pioreactor02,2025-09-19T07:55:55.915Z,21.21664,0.0,0.0,0.0,0.0,2025-09-19 09:55:55.915,8.611944444444
Long Yeast Grow,pioreactor02,2025-09-19T07:56:18.919Z,21.21214,0.0,0.0,0.0,0.0,2025-09-19 09:56:18.919,8.618333333333
Long Yeast Grow,pioreactor02,2025-09-19T07:56:33.404Z,21.21214,0.0,0.0,0.0,46.63,2025-09-19 09:56:33.404,8.6225
Long Yeast Grow,pioreactor02,2025-09-19T07:56:33.449Z,21.21214,0.0,0.0,0.0,46.13,2025-09-19 09:56:33.449,8.6225
Long Yeast Grow,pioreactor02,2025-09-19T07:56:41.915Z,21.22114,0.0,0.0,0.0,46.13,2025-09-19 09:56:41.915,8.624722222222
Long Yeast Grow,pioreactor02,2025-09-19T07:57:04.915Z,21.15714,0.0,0.0,0.0,46.13,2025-09-19 09:57:04.915,8.631111111111
Long Yeast Grow,pioreactor02,2025-09-19T07:57:27.915Z,21.15464,0.0,0.0,0.0,46.13,2025-09-19 09:57:27.915,8.6375
Long Yeast Grow,pioreactor02,2025-09-19T07:57:50.915Z,21.15264,0.0,0.0,0.0,46.13,2025-09-19 09:57:50.915,8.643888888889
Long Yeast Grow,pioreactor02,2025-09-19T07:58:01.973Z,21.15264,0.0,0.0,0.0,0.0,2025-09-19 09:58:01.973,8.646944444444
Long Yeast Grow,pioreactor02,2025-09-19T07:58:13.915Z,21.18014,0.0,0.0,0.0,0.0,2025-09-19 09:58:13.915,8.650277777778
Long Yeast Grow,pioreactor02,2025-09-19T07:58:36.915Z,21.17764,0.0,0.0,0.0,0.0,2025-09-19 09:58:36.915,8.656666666667
Long Yeast Grow,pioreactor02,2025-09-19T07:58:59.915Z,21.19864,0.0,0.0,0.0,0.0,2025-09-19 09:58:59.915,8.663055555556
Long Yeast Grow,pioreactor02,2025-09-19T07:59:22.915Z,21.19764,0.0,0.0,0.0,0.0,2025-09-19 09:59:22.915,8.669444444444
Long Yeast Grow,pioreactor02,2025-09-19T07:59:45.915Z,21.19414,0.0,0.0,0.0,0.0,2025-09-19 09:59:45.915,8.675833333333
Long Yeast Grow,pioreactor02,2025-09-19T07:59:53.405Z,21.19414,0.0,0.0,0.0,46.13,2025-09-19 09:59:53.405,8.678055555556
Long Yeast Grow,pioreactor02,2025-09-19T07:59:53.449Z,21.19414,0.0,0.0,0.0,46.6,2025-09-19 09:59:53.449,8.678055555556
Long Yeast Grow,pioreactor02,2025-09-19T08:00:08.915Z,21.17714,0.0,0.0,0.0,46.6,2025-09-19 10:00:08.915,8.682222222222
Long Yeast Grow,pioreactor02,2025-09-19T08:00:31.915Z,21.20864,0.0,0.0,0.0,46.6,2025-09-19 10:00:31.915,8.688611111111
Long Yeast Grow,pioreactor02,2025-09-19T08:00:54.915Z,21.19414,0.0,0.0,0.0,46.6,2025-09-19 10:00:54.915,8.695
Long Yeast Grow,pioreactor02,2025-09-19T08:01:17.915Z,21.20314,0.0,0.0,0.0,46.6,2025-09-19 10:01:17.915,8.701388888889
Long Yeast Grow,pioreactor02,2025-09-19T08:01:21.973Z,21.20314,0.0,0.0,0.0,0.0,2025-09-19 10:01:21.973,8.7025
Long Yeast Grow,pioreactor02,2025-09-19T08:01:40.915Z,21.22964,0.0,0.0,0.0,0.0,2025-09-19 10:01:40.915,8.707777777778
Long Yeast Grow,pioreactor02,2025-09-19T08:02:03.915Z,21.23264,0.0,0.0,0.0,0.0,2025-09-19 10:02:03.915,8.714166666667
Long Yeast Grow,pioreactor02,2025-09-19T08:02:26.915Z,21.22714,0.0,0.0,0.0,0.0,2025-09-19 10:02:26.915,8.720555555556
Long Yeast Grow,pioreactor02,2025-09-19T08:02:49.915Z,21.22864,0.0,0.0,0.0,0.0,2025-09-19 10:02:49.915,8.726944444444
Long Yeast Grow,pioreactor02,2025-09-19T08:03:12.915Z,21.23064,0.0,0.0,0.0,0.0,2025-09-19 10:03:12.915,8.733333333333
Long Yeast Grow,pioreactor02,2025-09-19T08:03:13.405Z,21.23064,0.0,0.0,0.0,46.6,2025-09-19 10:03:13.405,8.733611111111
Long Yeast Grow,pioreactor02,2025-09-19T08:03:13.447Z,21.23064,0.0,0.0,0.0,47.44,2025-09-19 10:03:13.447,8.733611111111
Long Yeast Grow,pioreactor02,2025-09-19T08:03:35.919Z,21.23014,0.0,0.0,0.0,47.44,2025-09-19 10:03:35.919,8.739722222222
Long Yeast Grow,pioreactor02,2025-09-19T08:03:58.919Z,21.20864,0.0,0.0,0.0,47.44,2025-09-19 10:03:58.919,8.746111111111
Long Yeast Grow,pioreactor02,2025-09-19T08:04:21.919Z,21.19164,0.0,0.0,0.0,47.44,2025-09-19 10:04:21.919,8.7525
Long Yeast Grow,pioreactor02,2025-09-19T08:04:41.972Z,21.19164,0.0,0.0,0.0,0.0,2025-09-19 10:04:41.972,8.758055555556
Long Yeast Grow,pioreactor02,2025-09-19T08:04:44.915Z,21.14214,0.0,0.0,0.0,0.0,2025-09-19 10:04:44.915,8.758888888889
Long Yeast Grow,pioreactor02,2025-09-19T08:05:07.915Z,21.13864,0.0,0.0,0.0,0.0,2025-09-19 10:05:07.915,8.765277777778
Long Yeast Grow,pioreactor02,2025-09-19T08:05:30.915Z,21.12214,0.0,0.0,0.0,0.0,2025-09-19 10:05:30.915,8.771666666667
Long Yeast Grow,pioreactor02,2025-09-19T08:05:53.915Z,21.09914,0.0,0.0,0.0,0.0,2025-09-19 10:05:53.915,8.778055555556
Long Yeast Grow,pioreactor02,2025-09-19T08:06:16.915Z,21.10064,0.0,0.0,0.0,0.0,2025-09-19 10:06:16.915,8.784444444444
Long Yeast Grow,pioreactor02,2025-09-19T08:06:33.404Z,21.10064,0.0,0.0,0.0,47.44,2025-09-19 10:06:33.404,8.789166666667
Long Yeast Grow,pioreactor02,2025-09-19T08:06:33.448Z,21.10064,0.0,0.0,0.0,46.63,2025-09-19 10:06:33.448,8.789166666667
Long Yeast Grow,pioreactor02,2025-09-19T08:06:39.915Z,21.12764,0.0,0.0,0.0,46.63,2025-09-19 10:06:39.915,8.790833333333
Long Yeast Grow,pioreactor02,2025-09-19T08:07:02.915Z,21.12464,0.0,0.0,0.0,46.63,2025-09-19 10:07:02.915,8.797222222222
Long Yeast Grow,pioreactor02,2025-09-19T08:07:25.915Z,21.12314,0.0,0.0,0.0,46.63,2025-09-19 10:07:25.915,8.803611111111
Long Yeast Grow,pioreactor02,2025-09-19T08:07:48.919Z,21.10364,0.0,0.0,0.0,46.63,2025-09-19 10:07:48.919,8.81
Long Yeast Grow,pioreactor02,2025-09-19T08:08:01.972Z,21.10364,0.0,0.0,0.0,0.0,2025-09-19 10:08:01.972,8.813611111111
Long Yeast Grow,pioreactor02,2025-09-19T08:08:11.919Z,21.12364,0.0,0.0,0.0,0.0,2025-09-19 10:08:11.919,8.816388888889
Long Yeast Grow,pioreactor02,2025-09-19T08:08:34.915Z,21.16864,0.0,0.0,0.0,0.0,2025-09-19 10:08:34.915,8.822777777778
Long Yeast Grow,pioreactor02,2025-09-19T08:08:57.915Z,21.16014,0.0,0.0,0.0,0.0,2025-09-19 10:08:57.915,8.829166666667
Long Yeast Grow,pioreactor02,2025-09-19T08:09:20.915Z,21.16364,0.0,0.0,0.0,0.0,2025-09-19 10:09:20.915,8.835555555556
Long Yeast Grow,pioreactor02,2025-09-19T08:09:43.879Z,21.16964,0.0,0.0,0.0,0.0,2025-09-19 10:09:43.879,8.841944444444
Long Yeast Grow,pioreactor02,2025-09-19T08:09:53.404Z,21.16964,0.0,0.0,0.0,46.63,2025-09-19 10:09:53.404,8.844722222222
Long Yeast Grow,pioreactor02,2025-09-19T08:09:53.447Z,21.16964,0.0,0.0,0.0,45.98,2025-09-19 10:09:53.447,8.844722222222
Long Yeast Grow,pioreactor02,2025-09-19T08:10:06.915Z,21.16814,0.0,0.0,0.0,45.98,2025-09-19 10:10:06.915,8.848333333333
Long Yeast Grow,pioreactor02,2025-09-19T08:10:29.915Z,21.15564,0.0,0.0,0.0,45.98,2025-09-19 10:10:29.915,8.854722222222
Long Yeast Grow,pioreactor02,2025-09-19T08:10:52.915Z,21.15364,0.0,0.0,0.0,45.98,2025-09-19 10:10:52.915,8.861111111111
Long Yeast Grow,pioreactor02,2025-09-19T08:11:15.915Z,21.11164,0.0,0.0,0.0,45.98,2025-09-19 10:11:15.915,8.8675
Long Yeast Grow,pioreactor02,2025-09-19T08:11:21.972Z,21.11164,0.0,0.0,0.0,0.0,2025-09-19 10:11:21.972,8.869166666667
Long Yeast Grow,pioreactor02,2025-09-19T08:11:38.915Z,21.10964,0.0,0.0,0.0,0.0,2025-09-19 10:11:38.915,8.873888888889
Long Yeast Grow,pioreactor02,2025-09-19T08:12:01.915Z,21.11564,0.0,0.0,0.0,0.0,2025-09-19 10:12:01.915,8.880277777778
Long Yeast Grow,pioreactor02,2025-09-19T08:12:24.919Z,21.12014,0.0,0.0,0.0,0.0,2025-09-19 10:12:24.919,8.886666666667
Long Yeast Grow,pioreactor02,2025-09-19T08:12:47.915Z,21.13914,0.0,0.0,0.0,0.0,2025-09-19 10:12:47.915,8.893055555556
Long Yeast Grow,pioreactor02,2025-09-19T08:13:10.915Z,21.13664,0.0,0.0,0.0,0.0,2025-09-19 10:13:10.915,8.899444444444
Long Yeast Grow,pioreactor02,2025-09-19T08:13:13.403Z,21.13664,0.0,0.0,0.0,45.98,2025-09-19 10:13:13.403,8.900277777778
Long Yeast Grow,pioreactor02,2025-09-19T08:13:13.448Z,21.13664,0.0,0.0,0.0,46.13,2025-09-19 10:13:13.448,8.900277777778
Long Yeast Grow,pioreactor02,2025-09-19T08:13:33.915Z,21.15564,0.0,0.0,0.0,46.13,2025-09-19 10:13:33.915,8.905833333333
Long Yeast Grow,pioreactor02,2025-09-19T08:13:56.915Z,21.14814,0.0,0.0,0.0,46.13,2025-09-19 10:13:56.915,8.912222222222
Long Yeast Grow,pioreactor02,2025-09-19T08:14:19.915Z,21.16114,0.0,0.0,0.0,46.13,2025-09-19 10:14:19.915,8.918611111111
Long Yeast Grow,pioreactor02,2025-09-19T08:14:41.972Z,21.16114,0.0,0.0,0.0,0.0,2025-09-19 10:14:41.972,8.924722222222
Long Yeast Grow,pioreactor02,2025-09-19T08:14:42.915Z,21.12964,0.0,0.0,0.0,0.0,2025-09-19 10:14:42.915,8.925
Long Yeast Grow,pioreactor02,2025-09-19T08:15:05.915Z,21.11364,0.0,0.0,0.0,0.0,2025-09-19 10:15:05.915,8.931388888889
Long Yeast Grow,pioreactor02,2025-09-19T08:15:28.915Z,21.15814,0.0,0.0,0.0,0.0,2025-09-19 10:15:28.915,8.937777777778
Long Yeast Grow,pioreactor02,2025-09-19T08:15:51.915Z,21.15964,0.0,0.0,0.0,0.0,2025-09-19 10:15:51.915,8.944166666667
Long Yeast Grow,pioreactor02,2025-09-19T08:16:14.915Z,21.14264,0.0,0.0,0.0,0.0,2025-09-19 10:16:14.915,8.950555555556
Long Yeast Grow,pioreactor02,2025-09-19T08:16:33.404Z,21.14264,0.0,0.0,0.0,46.13,2025-09-19 10:16:33.404,8.955833333333
Long Yeast Grow,pioreactor02,2025-09-19T08:16:33.447Z,21.14264,0.0,0.0,0.0,46.22,2025-09-19 10:16:33.447,8.955833333333
Long Yeast Grow,pioreactor02,2025-09-19T08:16:37.915Z,21.20364,0.0,0.0,0.0,46.22,2025-09-19 10:16:37.915,8.956944444444
Long Yeast Grow,pioreactor02,2025-09-19T08:17:00.915Z,21.19864,0.0,0.0,0.0,46.22,2025-09-19 10:17:00.915,8.963333333333
Long Yeast Grow,pioreactor02,2025-09-19T08:17:23.915Z,21.16964,0.0,0.0,0.0,46.22,2025-09-19 10:17:23.915,8.969722222222
Long Yeast Grow,pioreactor02,2025-09-19T08:17:46.915Z,21.17264,0.0,0.0,0.0,46.22,2025-09-19 10:17:46.915,8.976111111111
Long Yeast Grow,pioreactor02,2025-09-19T08:18:01.973Z,21.17264,0.0,0.0,0.0,0.0,2025-09-19 10:18:01.973,8.980277777778
Long Yeast Grow,pioreactor02,2025-09-19T08:18:09.915Z,21.14114,0.0,0.0,0.0,0.0,2025-09-19 10:18:09.915,8.9825
Long Yeast Grow,pioreactor02,2025-09-19T08:18:32.915Z,21.13764,0.0,0.0,0.0,0.0,2025-09-19 10:18:32.915,8.988888888889
Long Yeast Grow,pioreactor02,2025-09-19T08:18:55.915Z,21.14164,0.0,0.0,0.0,0.0,2025-09-19 10:18:55.915,8.995277777778
Long Yeast Grow,pioreactor02,2025-09-19T08:19:18.915Z,21.13964,0.0,0.0,0.0,0.0,2025-09-19 10:19:18.915,9.001666666667
Long Yeast Grow,pioreactor02,2025-09-19T08:19:41.915Z,21.11414,0.0,0.0,0.0,0.0,2025-09-19 10:19:41.915,9.008055555556
Long Yeast Grow,pioreactor02,2025-09-19T08:19:53.405Z,21.11414,0.0,0.0,0.0,46.22,2025-09-19 10:19:53.405,9.011388888889
Long Yeast Grow,pioreactor02,2025-09-19T08:19:53.447Z,21.11414,0.0,0.0,0.0,46.53,2025-09-19 10:19:53.447,9.011388888889
Long Yeast Grow,pioreactor02,2025-09-19T08:20:04.915Z,21.11464,0.0,0.0,0.0,46.53,2025-09-19 10:20:04.915,9.014444444444
Long Yeast Grow,pioreactor02,2025-09-19T08:20:27.915Z,21.12064,0.0,0.0,0.0,46.53,2025-09-19 10:20:27.915,9.020833333333
Long Yeast Grow,pioreactor02,2025-09-19T08:20:50.915Z,21.08764,0.0,0.0,0.0,46.53,2025-09-19 10:20:50.915,9.027222222222
Long Yeast Grow,pioreactor02,2025-09-19T08:21:13.915Z,21.09114,0.0,0.0,0.0,46.53,2025-09-19 10:21:13.915,9.033611111111
Long Yeast Grow,pioreactor02,2025-09-19T08:21:21.972Z,21.09114,0.0,0.0,0.0,0.0,2025-09-19 10:21:21.972,9.035833333333
Long Yeast Grow,pioreactor02,2025-09-19T08:21:36.916Z,21.09014,0.0,0.0,0.0,0.0,2025-09-19 10:21:36.916,9.04
Long Yeast Grow,pioreactor02,2025-09-19T08:21:59.915Z,21.09314,0.0,0.0,0.0,0.0,2025-09-19 10:21:59.915,9.046388888889
Long Yeast Grow,pioreactor02,2025-09-19T08:22:22.915Z,21.09414,0.0,0.0,0.0,0.0,2025-09-19 10:22:22.915,9.052777777778
Long Yeast Grow,pioreactor02,2025-09-19T08:22:45.915Z,21.08814,0.0,0.0,0.0,0.0,2025-09-19 10:22:45.915,9.059166666667
Long Yeast Grow,pioreactor02,2025-09-19T08:23:08.915Z,21.21314,0.0,0.0,0.0,0.0,2025-09-19 10:23:08.915,9.065555555556
Long Yeast Grow,pioreactor02,2025-09-19T08:23:13.407Z,21.21314,0.0,0.0,0.0,46.53,2025-09-19 10:23:13.407,9.066944444444
Long Yeast Grow,pioreactor02,2025-09-19T08:23:13.451Z,21.21314,0.0,0.0,0.0,46.1,2025-09-19 10:23:13.451,9.066944444444
Long Yeast Grow,pioreactor02,2025-09-19T08:23:31.915Z,21.19964,0.0,0.0,0.0,46.1,2025-09-19 10:23:31.915,9.071944444444
Long Yeast Grow,pioreactor02,2025-09-19T08:23:54.915Z,21.20414,0.0,0.0,0.0,46.1,2025-09-19 10:23:54.915,9.078333333333
Long Yeast Grow,pioreactor02,2025-09-19T08:24:17.915Z,21.18814,0.0,0.0,0.0,46.1,2025-09-19 10:24:17.915,9.084722222222
Long Yeast Grow,pioreactor02,2025-09-19T08:24:40.915Z,21.19564,0.0,0.0,0.0,46.1,2025-09-19 10:24:40.915,9.091111111111
Long Yeast Grow,pioreactor02,2025-09-19T08:24:41.972Z,21.19564,0.0,0.0,0.0,0.0,2025-09-19 10:24:41.972,9.091388888889
Long Yeast Grow,pioreactor02,2025-09-19T08:25:03.915Z,21.19814,0.0,0.0,0.0,0.0,2025-09-19 10:25:03.915,9.0975
Long Yeast Grow,pioreactor02,2025-09-19T08:25:26.915Z,21.17564,0.0,0.0,0.0,0.0,2025-09-19 10:25:26.915,9.103888888889
Long Yeast Grow,pioreactor02,2025-09-19T08:25:49.915Z,21.18114,0.0,0.0,0.0,0.0,2025-09-19 10:25:49.915,9.110277777778
Long Yeast Grow,pioreactor02,2025-09-19T08:26:12.915Z,21.18214,0.0,0.0,0.0,0.0,2025-09-19 10:26:12.915,9.116666666667
Long Yeast Grow,pioreactor02,2025-09-19T08:26:33.404Z,21.18214,0.0,0.0,0.0,46.1,2025-09-19 10:26:33.404,9.1225
Long Yeast Grow,pioreactor02,2025-09-19T08:26:33.449Z,21.18214,0.0,0.0,0.0,46.64,2025-09-19 10:26:33.449,9.1225
Long Yeast Grow,pioreactor02,2025-09-19T08:26:35.915Z,21.15464,0.0,0.0,0.0,46.64,2025-09-19 10:26:35.915,9.123055555556
Long Yeast Grow,pioreactor02,2025-09-19T08:26:58.915Z,21.16564,0.0,0.0,0.0,46.64,2025-09-19 10:26:58.915,9.129444444444
Long Yeast Grow,pioreactor02,2025-09-19T08:27:21.915Z,21.16964,0.0,0.0,0.0,46.64,2025-09-19 10:27:21.915,9.135833333333
Long Yeast Grow,pioreactor02,2025-09-19T08:27:44.915Z,21.18214,0.0,0.0,0.0,46.64,2025-09-19 10:27:44.915,9.142222222222
Long Yeast Grow,pioreactor02,2025-09-19T08:28:01.973Z,21.18214,0.0,0.0,0.0,0.0,2025-09-19 10:28:01.973,9.146944444444
Long Yeast Grow,pioreactor02,2025-09-19T08:28:07.919Z,21.17614,0.0,0.0,0.0,0.0,2025-09-19 10:28:07.919,9.148611111111
Long Yeast Grow,pioreactor02,2025-09-19T08:28:30.915Z,21.17814,0.0,0.0,0.0,0.0,2025-09-19 10:28:30.915,9.155
Long Yeast Grow,pioreactor02,2025-09-19T08:28:53.915Z,21.14414,0.0,0.0,0.0,0.0,2025-09-19 10:28:53.915,9.161388888889
Long Yeast Grow,pioreactor02,2025-09-19T08:29:16.915Z,21.12064,0.0,0.0,0.0,0.0,2025-09-19 10:29:16.915,9.167777777778
Long Yeast Grow,pioreactor02,2025-09-19T08:29:39.915Z,21.12914,0.0,0.0,0.0,0.0,2025-09-19 10:29:39.915,9.174166666667
Long Yeast Grow,pioreactor02,2025-09-19T08:29:53.406Z,21.12914,0.0,0.0,0.0,46.64,2025-09-19 10:29:53.406,9.178055555556
Long Yeast Grow,pioreactor02,2025-09-19T08:29:53.449Z,21.12914,0.0,0.0,0.0,46.27,2025-09-19 10:29:53.449,9.178055555556
Long Yeast Grow,pioreactor02,2025-09-19T08:30:02.915Z,21.14414,0.0,0.0,0.0,46.27,2025-09-19 10:30:02.915,9.180555555556
Long Yeast Grow,pioreactor02,2025-09-19T08:30:25.915Z,21.14064,0.0,0.0,0.0,46.27,2025-09-19 10:30:25.915,9.186944444444
Long Yeast Grow,pioreactor02,2025-09-19T08:30:48.915Z,21.12064,0.0,0.0,0.0,46.27,2025-09-19 10:30:48.915,9.193333333333
Long Yeast Grow,pioreactor02,2025-09-19T08:31:11.915Z,21.15914,0.0,0.0,0.0,46.27,2025-09-19 10:31:11.915,9.199722222222
Long Yeast Grow,pioreactor02,2025-09-19T08:31:21.973Z,21.15914,0.0,0.0,0.0,0.0,2025-09-19 10:31:21.973,9.2025
Long Yeast Grow,pioreactor02,2025-09-19T08:31:34.915Z,21.17114,0.0,0.0,0.0,0.0,2025-09-19 10:31:34.915,9.206111111111
Long Yeast Grow,pioreactor02,2025-09-19T08:31:57.915Z,21.17014,0.0,0.0,0.0,0.0,2025-09-19 10:31:57.915,9.2125
Long Yeast Grow,pioreactor02,2025-09-19T08:32:20.915Z,21.16114,0.0,0.0,0.0,0.0,2025-09-19 10:32:20.915,9.218888888889
Long Yeast Grow,pioreactor02,2025-09-19T08:32:43.915Z,21.16264,0.0,0.0,0.0,0.0,2025-09-19 10:32:43.915,9.225277777778
Long Yeast Grow,pioreactor02,2025-09-19T08:33:06.915Z,21.20314,0.0,0.0,0.0,0.0,2025-09-19 10:33:06.915,9.231666666667
Long Yeast Grow,pioreactor02,2025-09-19T08:33:13.405Z,21.20314,0.0,0.0,0.0,46.27,2025-09-19 10:33:13.405,9.233611111111
Long Yeast Grow,pioreactor02,2025-09-19T08:33:13.447Z,21.20314,0.0,0.0,0.0,46.36,2025-09-19 10:33:13.447,9.233611111111
Long Yeast Grow,pioreactor02,2025-09-19T08:33:29.915Z,21.16364,0.0,0.0,0.0,46.36,2025-09-19 10:33:29.915,9.238055555556
Long Yeast Grow,pioreactor02,2025-09-19T08:33:52.915Z,21.14614,0.0,0.0,0.0,46.36,2025-09-19 10:33:52.915,9.244444444444
Long Yeast Grow,pioreactor02,2025-09-19T08:34:15.915Z,21.12514,0.0,0.0,0.0,46.36,2025-09-19 10:34:15.915,9.250833333333
Long Yeast Grow,pioreactor02,2025-09-19T08:34:38.915Z,21.15014,0.0,0.0,0.0,46.36,2025-09-19 10:34:38.915,9.257222222222
Long Yeast Grow,pioreactor02,2025-09-19T08:34:41.973Z,21.15014,0.0,0.0,0.0,0.0,2025-09-19 10:34:41.973,9.258055555556
Long Yeast Grow,pioreactor02,2025-09-19T08:35:01.915Z,21.17064,0.0,0.0,0.0,0.0,2025-09-19 10:35:01.915,9.263611111111
Long Yeast Grow,pioreactor02,2025-09-19T08:35:24.915Z,21.17264,0.0,0.0,0.0,0.0,2025-09-19 10:35:24.915,9.27
Long Yeast Grow,pioreactor02,2025-09-19T08:35:47.915Z,21.17414,0.0,0.0,0.0,0.0,2025-09-19 10:35:47.915,9.276388888889
Long Yeast Grow,pioreactor02,2025-09-19T08:36:10.919Z,21.14814,0.0,0.0,0.0,0.0,2025-09-19 10:36:10.919,9.282777777778
Long Yeast Grow,pioreactor02,2025-09-19T08:36:33.405Z,21.14814,0.0,0.0,0.0,46.36,2025-09-19 10:36:33.405,9.289166666667
Long Yeast Grow,pioreactor02,2025-09-19T08:36:33.448Z,21.14814,0.0,0.0,0.0,47.01,2025-09-19 10:36:33.448,9.289166666667
Long Yeast Grow,pioreactor02,2025-09-19T08:36:33.915Z,21.15064,0.0,0.0,0.0,47.01,2025-09-19 10:36:33.915,9.289166666667
Long Yeast Grow,pioreactor02,2025-09-19T08:36:56.915Z,21.15064,0.0,0.0,0.0,47.01,2025-09-19 10:36:56.915,9.295555555556
Long Yeast Grow,pioreactor02,2025-09-19T08:37:19.915Z,21.15314,0.0,0.0,0.0,47.01,2025-09-19 10:37:19.915,9.301944444444
Long Yeast Grow,pioreactor02,2025-09-19T08:37:42.915Z,21.16314,0.0,0.0,0.0,47.01,2025-09-19 10:37:42.915,9.308333333333
Long Yeast Grow,pioreactor02,2025-09-19T08:38:01.972Z,21.16314,0.0,0.0,0.0,0.0,2025-09-19 10:38:01.972,9.313611111111
Long Yeast Grow,pioreactor02,2025-09-19T08:38:05.915Z,21.11064,0.0,0.0,0.0,0.0,2025-09-19 10:38:05.915,9.314722222222
Long Yeast Grow,pioreactor02,2025-09-19T08:38:28.915Z,21.09914,0.0,0.0,0.0,0.0,2025-09-19 10:38:28.915,9.321111111111
Long Yeast Grow,pioreactor02,2025-09-19T08:38:51.915Z,21.13964,0.0,0.0,0.0,0.0,2025-09-19 10:38:51.915,9.3275
Long Yeast Grow,pioreactor02,2025-09-19T08:39:14.916Z,21.13814,0.0,0.0,0.0,0.0,2025-09-19 10:39:14.916,9.333888888889
Long Yeast Grow,pioreactor02,2025-09-19T08:39:37.915Z,21.13514,0.0,0.0,0.0,0.0,2025-09-19 10:39:37.915,9.340277777778
Long Yeast Grow,pioreactor02,2025-09-19T08:39:53.404Z,21.13514,0.0,0.0,0.0,47.01,2025-09-19 10:39:53.404,9.344722222222
Long Yeast Grow,pioreactor02,2025-09-19T08:39:53.448Z,21.13514,0.0,0.0,0.0,46.31,2025-09-19 10:39:53.448,9.344722222222
Long Yeast Grow,pioreactor02,2025-09-19T08:40:00.915Z,21.13864,0.0,0.0,0.0,46.31,2025-09-19 10:40:00.915,9.346666666667
Long Yeast Grow,pioreactor02,2025-09-19T08:40:23.919Z,21.12764,0.0,0.0,0.0,46.31,2025-09-19 10:40:23.919,9.353055555556
Long Yeast Grow,pioreactor02,2025-09-19T08:40:46.915Z,21.12664,0.0,0.0,0.0,46.31,2025-09-19 10:40:46.915,9.359444444444
Long Yeast Grow,pioreactor02,2025-09-19T08:41:09.915Z,21.14464,0.0,0.0,0.0,46.31,2025-09-19 10:41:09.915,9.365833333333
Long Yeast Grow,pioreactor02,2025-09-19T08:41:21.972Z,21.14464,0.0,0.0,0.0,0.0,2025-09-19 10:41:21.972,9.369166666667
Long Yeast Grow,pioreactor02,2025-09-19T08:41:32.915Z,21.14714,0.0,0.0,0.0,0.0,2025-09-19 10:41:32.915,9.372222222222
Long Yeast Grow,pioreactor02,2025-09-19T08:41:55.915Z,21.12914,0.0,0.0,0.0,0.0,2025-09-19 10:41:55.915,9.378611111111
Long Yeast Grow,pioreactor02,2025-09-19T08:42:18.915Z,21.13314,0.0,0.0,0.0,0.0,2025-09-19 10:42:18.915,9.385
Long Yeast Grow,pioreactor02,2025-09-19T08:42:41.919Z,21.13214,0.0,0.0,0.0,0.0,2025-09-19 10:42:41.919,9.391388888889
Long Yeast Grow,pioreactor02,2025-09-19T08:43:04.915Z,21.13414,0.0,0.0,0.0,0.0,2025-09-19 10:43:04.915,9.397777777778
Long Yeast Grow,pioreactor02,2025-09-19T08:43:13.404Z,21.13414,0.0,0.0,0.0,46.31,2025-09-19 10:43:13.404,9.400277777778
Long Yeast Grow,pioreactor02,2025-09-19T08:43:13.448Z,21.13414,0.0,0.0,0.0,47.5,2025-09-19 10:43:13.448,9.400277777778
Long Yeast Grow,pioreactor02,2025-09-19T08:43:27.915Z,21.13664,0.0,0.0,0.0,47.5,2025-09-19 10:43:27.915,9.404166666667
Long Yeast Grow,pioreactor02,2025-09-19T08:43:50.915Z,21.12764,0.0,0.0,0.0,47.5,2025-09-19 10:43:50.915,9.410555555556
Long Yeast Grow,pioreactor02,2025-09-19T08:44:13.915Z,21.16564,0.0,0.0,0.0,47.5,2025-09-19 10:44:13.915,9.416944444444
Long Yeast Grow,pioreactor02,2025-09-19T08:44:36.915Z,21.20364,0.0,0.0,0.0,47.5,2025-09-19 10:44:36.915,9.423333333333
Long Yeast Grow,pioreactor02,2025-09-19T08:44:41.973Z,21.20364,0.0,0.0,0.0,0.0,2025-09-19 10:44:41.973,9.424722222222
Long Yeast Grow,pioreactor02,2025-09-19T08:44:59.919Z,21.22364,0.0,0.0,0.0,0.0,2025-09-19 10:44:59.919,9.429722222222
Long Yeast Grow,pioreactor02,2025-09-19T08:45:22.915Z,21.22764,0.0,0.0,0.0,0.0,2025-09-19 10:45:22.915,9.436111111111
Long Yeast Grow,pioreactor02,2025-09-19T08:45:45.915Z,21.17664,0.0,0.0,0.0,0.0,2025-09-19 10:45:45.915,9.4425
Long Yeast Grow,pioreactor02,2025-09-19T08:46:08.915Z,21.13114,0.0,0.0,0.0,0.0,2025-09-19 10:46:08.915,9.448888888889
Long Yeast Grow,pioreactor02,2025-09-19T08:46:31.915Z,21.14764,0.0,0.0,0.0,0.0,2025-09-19 10:46:31.915,9.455277777778
Long Yeast Grow,pioreactor02,2025-09-19T08:46:33.403Z,21.14764,0.0,0.0,0.0,47.5,2025-09-19 10:46:33.403,9.455833333333
Long Yeast Grow,pioreactor02,2025-09-19T08:46:33.447Z,21.14764,0.0,0.0,0.0,47.07,2025-09-19 10:46:33.447,9.455833333333
Long Yeast Grow,pioreactor02,2025-09-19T08:46:54.915Z,21.16664,0.0,0.0,0.0,47.07,2025-09-19 10:46:54.915,9.461666666667
Long Yeast Grow,pioreactor02,2025-09-19T08:47:17.915Z,21.17314,0.0,0.0,0.0,47.07,2025-09-19 10:47:17.915,9.468055555556
Long Yeast Grow,pioreactor02,2025-09-19T08:47:40.915Z,21.19264,0.0,0.0,0.0,47.07,2025-09-19 10:47:40.915,9.474444444444
Long Yeast Grow,pioreactor02,2025-09-19T08:48:01.972Z,21.19264,0.0,0.0,0.0,0.0,2025-09-19 10:48:01.972,9.480277777778
Long Yeast Grow,pioreactor02,2025-09-19T08:48:03.915Z,21.27314,0.0,0.0,0.0,0.0,2025-09-19 10:48:03.915,9.480833333333
Long Yeast Grow,pioreactor02,2025-09-19T08:48:26.915Z,21.27314,0.0,0.0,0.0,0.0,2025-09-19 10:48:26.915,9.487222222222
Long Yeast Grow,pioreactor02,2025-09-19T08:48:49.915Z,21.19814,0.0,0.0,0.0,0.0,2025-09-19 10:48:49.915,9.493611111111
Long Yeast Grow,pioreactor02,2025-09-19T08:49:12.915Z,21.16114,0.0,0.0,0.0,0.0,2025-09-19 10:49:12.915,9.5
Long Yeast Grow,pioreactor02,2025-09-19T08:49:35.915Z,21.16564,0.0,0.0,0.0,0.0,2025-09-19 10:49:35.915,9.506388888889
Long Yeast Grow,pioreactor02,2025-09-19T08:49:53.406Z,21.16564,0.0,0.0,0.0,47.07,2025-09-19 10:49:53.406,9.511388888889
Long Yeast Grow,pioreactor02,2025-09-19T08:49:53.449Z,21.16564,0.0,0.0,0.0,46.14,2025-09-19 10:49:53.449,9.511388888889
Long Yeast Grow,pioreactor02,2025-09-19T08:49:58.915Z,21.19714,0.0,0.0,0.0,46.14,2025-09-19 10:49:58.915,9.512777777778
Long Yeast Grow,pioreactor02,2025-09-19T08:50:21.915Z,21.20014,0.0,0.0,0.0,46.14,2025-09-19 10:50:21.915,9.519166666667
Long Yeast Grow,pioreactor02,2025-09-19T08:50:44.915Z,21.21714,0.0,0.0,0.0,46.14,2025-09-19 10:50:44.915,9.525555555556
Long Yeast Grow,pioreactor02,2025-09-19T08:51:07.915Z,21.24514,0.0,0.0,0.0,46.14,2025-09-19 10:51:07.915,9.531944444444
Long Yeast Grow,pioreactor02,2025-09-19T08:51:21.972Z,21.24514,0.0,0.0,0.0,0.0,2025-09-19 10:51:21.972,9.535833333333
Long Yeast Grow,pioreactor02,2025-09-19T08:51:30.915Z,21.21814,0.0,0.0,0.0,0.0,2025-09-19 10:51:30.915,9.538333333333
Long Yeast Grow,pioreactor02,2025-09-19T08:51:53.915Z,21.21764,0.0,0.0,0.0,0.0,2025-09-19 10:51:53.915,9.544722222222
Long Yeast Grow,pioreactor02,2025-09-19T08:52:16.915Z,21.22064,0.0,0.0,0.0,0.0,2025-09-19 10:52:16.915,9.551111111111
Long Yeast Grow,pioreactor02,2025-09-19T08:52:39.915Z,21.22014,0.0,0.0,0.0,0.0,2025-09-19 10:52:39.915,9.5575
Long Yeast Grow,pioreactor02,2025-09-19T08:53:02.915Z,21.20214,0.0,0.0,0.0,0.0,2025-09-19 10:53:02.915,9.563888888889
Long Yeast Grow,pioreactor02,2025-09-19T08:53:13.408Z,21.20214,0.0,0.0,0.0,46.14,2025-09-19 10:53:13.408,9.566944444444
Long Yeast Grow,pioreactor02,2025-09-19T08:53:13.448Z,21.20214,0.0,0.0,0.0,47.8,2025-09-19 10:53:13.448,9.566944444444
Long Yeast Grow,pioreactor02,2025-09-19T08:53:25.915Z,21.22914,0.0,0.0,0.0,47.8,2025-09-19 10:53:25.915,9.570277777778
Long Yeast Grow,pioreactor02,2025-09-19T08:53:48.915Z,21.22714,0.0,0.0,0.0,47.8,2025-09-19 10:53:48.915,9.576666666667
Long Yeast Grow,pioreactor02,2025-09-19T08:54:11.915Z,21.22614,0.0,0.0,0.0,47.8,2025-09-19 10:54:11.915,9.583055555556
Long Yeast Grow,pioreactor02,2025-09-19T08:54:34.923Z,21.22814,0.0,0.0,0.0,47.8,2025-09-19 10:54:34.923,9.589444444444
Long Yeast Grow,pioreactor02,2025-09-19T08:54:41.972Z,21.22814,0.0,0.0,0.0,0.0,2025-09-19 10:54:41.972,9.591388888889
Long Yeast Grow,pioreactor02,2025-09-19T08:54:57.919Z,21.22214,0.0,0.0,0.0,0.0,2025-09-19 10:54:57.919,9.595833333333
Long Yeast Grow,pioreactor02,2025-09-19T08:55:20.915Z,21.21214,0.0,0.0,0.0,0.0,2025-09-19 10:55:20.915,9.602222222222
Long Yeast Grow,pioreactor02,2025-09-19T08:55:43.915Z,21.17464,0.0,0.0,0.0,0.0,2025-09-19 10:55:43.915,9.608611111111
Long Yeast Grow,pioreactor02,2025-09-19T08:56:06.915Z,21.17514,0.0,0.0,0.0,0.0,2025-09-19 10:56:06.915,9.615
Long Yeast Grow,pioreactor02,2025-09-19T08:56:29.915Z,21.14464,0.0,0.0,0.0,0.0,2025-09-19 10:56:29.915,9.621388888889
Long Yeast Grow,pioreactor02,2025-09-19T08:56:33.405Z,21.14464,0.0,0.0,0.0,47.8,2025-09-19 10:56:33.405,9.6225
Long Yeast Grow,pioreactor02,2025-09-19T08:56:33.447Z,21.14464,0.0,0.0,0.0,48.0,2025-09-19 10:56:33.447,9.6225
Long Yeast Grow,pioreactor02,2025-09-19T08:56:52.915Z,21.16014,0.0,0.0,0.0,48.0,2025-09-19 10:56:52.915,9.627777777778
Long Yeast Grow,pioreactor02,2025-09-19T08:57:15.915Z,21.15514,0.0,0.0,0.0,48.0,2025-09-19 10:57:15.915,9.634166666667
Long Yeast Grow,pioreactor02,2025-09-19T08:57:38.915Z,21.15314,0.0,0.0,0.0,48.0,2025-09-19 10:57:38.915,9.640555555556
Long Yeast Grow,pioreactor02,2025-09-19T08:58:01.919Z,21.15464,0.0,0.0,0.0,48.0,2025-09-19 10:58:01.919,9.646944444444
Long Yeast Grow,pioreactor02,2025-09-19T08:58:01.973Z,21.15464,0.0,0.0,0.0,0.0,2025-09-19 10:58:01.973,9.646944444444
Long Yeast Grow,pioreactor02,2025-09-19T08:58:24.915Z,21.15414,0.0,0.0,0.0,0.0,2025-09-19 10:58:24.915,9.653333333333
Long Yeast Grow,pioreactor02,2025-09-19T08:58:47.915Z,21.18864,0.0,0.0,0.0,0.0,2025-09-19 10:58:47.915,9.659722222222
Long Yeast Grow,pioreactor02,2025-09-19T08:59:10.915Z,21.20714,0.0,0.0,0.0,0.0,2025-09-19 10:59:10.915,9.666111111111
Long Yeast Grow,pioreactor02,2025-09-19T08:59:33.915Z,21.21464,0.0,0.0,0.0,0.0,2025-09-19 10:59:33.915,9.6725
Long Yeast Grow,pioreactor02,2025-09-19T08:59:53.405Z,21.21464,0.0,0.0,0.0,48.0,2025-09-19 10:59:53.405,9.678055555556
Long Yeast Grow,pioreactor02,2025-09-19T08:59:53.449Z,21.21464,0.0,0.0,0.0,47.91,2025-09-19 10:59:53.449,9.678055555556
Long Yeast Grow,pioreactor02,2025-09-19T08:59:56.915Z,21.20914,0.0,0.0,0.0,47.91,2025-09-19 10:59:56.915,9.678888888889
Long Yeast Grow,pioreactor02,2025-09-19T09:00:19.923Z,21.25014,0.0,0.0,0.0,47.91,2025-09-19 11:00:19.923,9.685277777778
Long Yeast Grow,pioreactor02,2025-09-19T09:00:42.915Z,21.26064,0.0,0.0,0.0,47.91,2025-09-19 11:00:42.915,9.691666666667
Long Yeast Grow,pioreactor02,2025-09-19T09:01:05.915Z,21.24614,0.0,0.0,0.0,47.91,2025-09-19 11:01:05.915,9.698055555556
Long Yeast Grow,pioreactor02,2025-09-19T09:01:21.973Z,21.24614,0.0,0.0,0.0,0.0,2025-09-19 11:01:21.973,9.7025
Long Yeast Grow,pioreactor02,2025-09-19T09:01:28.915Z,21.20564,0.0,0.0,0.0,0.0,2025-09-19 11:01:28.915,9.704444444444
Long Yeast Grow,pioreactor02,2025-09-19T09:01:51.915Z,21.20264,0.0,0.0,0.0,0.0,2025-09-19 11:01:51.915,9.710833333333
Long Yeast Grow,pioreactor02,2025-09-19T09:02:14.919Z,21.20214,0.0,0.0,0.0,0.0,2025-09-19 11:02:14.919,9.717222222222
Long Yeast Grow,pioreactor02,2025-09-19T09:02:37.915Z,21.18414,0.0,0.0,0.0,0.0,2025-09-19 11:02:37.915,9.723611111111
Long Yeast Grow,pioreactor02,2025-09-19T09:03:00.915Z,21.18114,0.0,0.0,0.0,0.0,2025-09-19 11:03:00.915,9.73
Long Yeast Grow,pioreactor02,2025-09-19T09:03:13.404Z,21.18114,0.0,0.0,0.0,47.91,2025-09-19 11:03:13.404,9.733611111111
Long Yeast Grow,pioreactor02,2025-09-19T09:03:13.447Z,21.18114,0.0,0.0,0.0,47.23,2025-09-19 11:03:13.447,9.733611111111
Long Yeast Grow,pioreactor02,2025-09-19T09:03:23.915Z,21.17764,0.0,0.0,0.0,47.23,2025-09-19 11:03:23.915,9.736388888889
Long Yeast Grow,pioreactor02,2025-09-19T09:03:46.919Z,21.19564,0.0,0.0,0.0,47.23,2025-09-19 11:03:46.919,9.742777777778
Long Yeast Grow,pioreactor02,2025-09-19T09:04:09.915Z,21.19414,0.0,0.0,0.0,47.23,2025-09-19 11:04:09.915,9.749166666667
Long Yeast Grow,pioreactor02,2025-09-19T09:04:32.915Z,21.19414,0.0,0.0,0.0,47.23,2025-09-19 11:04:32.915,9.755555555556
Long Yeast Grow,pioreactor02,2025-09-19T09:04:41.972Z,21.19414,0.0,0.0,0.0,0.0,2025-09-19 11:04:41.972,9.758055555556
Long Yeast Grow,pioreactor02,2025-09-19T09:04:55.915Z,21.10214,0.0,0.0,0.0,0.0,2025-09-19 11:04:55.915,9.761944444444
Long Yeast Grow,pioreactor02,2025-09-19T09:05:18.915Z,21.09964,0.0,0.0,0.0,0.0,2025-09-19 11:05:18.915,9.768333333333
Long Yeast Grow,pioreactor02,2025-09-19T09:05:41.915Z,21.12214,0.0,0.0,0.0,0.0,2025-09-19 11:05:41.915,9.774722222222
Long Yeast Grow,pioreactor02,2025-09-19T09:06:04.915Z,21.10164,0.0,0.0,0.0,0.0,2025-09-19 11:06:04.915,9.781111111111
Long Yeast Grow,pioreactor02,2025-09-19T09:06:27.915Z,21.10114,0.0,0.0,0.0,0.0,2025-09-19 11:06:27.915,9.7875
Long Yeast Grow,pioreactor02,2025-09-19T09:06:33.405Z,21.10114,0.0,0.0,0.0,47.23,2025-09-19 11:06:33.405,9.789166666667
Long Yeast Grow,pioreactor02,2025-09-19T09:06:33.448Z,21.10114,0.0,0.0,0.0,47.24,2025-09-19 11:06:33.448,9.789166666667
Long Yeast Grow,pioreactor02,2025-09-19T09:06:50.919Z,21.13014,0.0,0.0,0.0,47.24,2025-09-19 11:06:50.919,9.793888888889
Long Yeast Grow,pioreactor02,2025-09-19T09:07:13.915Z,21.13114,0.0,0.0,0.0,47.24,2025-09-19 11:07:13.915,9.800277777778
Long Yeast Grow,pioreactor02,2025-09-19T09:07:36.915Z,21.10114,0.0,0.0,0.0,47.24,2025-09-19 11:07:36.915,9.806666666667
Long Yeast Grow,pioreactor02,2025-09-19T09:07:59.915Z,21.12114,0.0,0.0,0.0,47.24,2025-09-19 11:07:59.915,9.813055555556
Long Yeast Grow,pioreactor02,2025-09-19T09:08:01.972Z,21.12114,0.0,0.0,0.0,0.0,2025-09-19 11:08:01.972,9.813611111111
Long Yeast Grow,pioreactor02,2025-09-19T09:08:22.915Z,21.12514,0.0,0.0,0.0,0.0,2025-09-19 11:08:22.915,9.819444444444
Long Yeast Grow,pioreactor02,2025-09-19T09:08:45.915Z,21.15864,0.0,0.0,0.0,0.0,2025-09-19 11:08:45.915,9.825833333333
Long Yeast Grow,pioreactor02,2025-09-19T09:09:08.919Z,21.15014,0.0,0.0,0.0,0.0,2025-09-19 11:09:08.919,9.832222222222
Long Yeast Grow,pioreactor02,2025-09-19T09:09:31.915Z,21.15064,0.0,0.0,0.0,0.0,2025-09-19 11:09:31.915,9.838611111111
Long Yeast Grow,pioreactor02,2025-09-19T09:09:53.403Z,21.15064,0.0,0.0,0.0,47.24,2025-09-19 11:09:53.403,9.844722222222
Long Yeast Grow,pioreactor02,2025-09-19T09:09:53.447Z,21.15064,0.0,0.0,0.0,46.66,2025-09-19 11:09:53.447,9.844722222222
Long Yeast Grow,pioreactor02,2025-09-19T09:09:54.915Z,21.16164,0.0,0.0,0.0,46.66,2025-09-19 11:09:54.915,9.845
Long Yeast Grow,pioreactor02,2025-09-19T09:10:17.915Z,21.21214,0.0,0.0,0.0,46.66,2025-09-19 11:10:17.915,9.851388888889
Long Yeast Grow,pioreactor02,2025-09-19T09:10:40.915Z,21.21064,0.0,0.0,0.0,46.66,2025-09-19 11:10:40.915,9.857777777778
Long Yeast Grow,pioreactor02,2025-09-19T09:11:03.919Z,21.18614,0.0,0.0,0.0,46.66,2025-09-19 11:11:03.919,9.864166666667
Long Yeast Grow,pioreactor02,2025-09-19T09:11:21.972Z,21.18614,0.0,0.0,0.0,0.0,2025-09-19 11:11:21.972,9.869166666667
Long Yeast Grow,pioreactor02,2025-09-19T09:11:26.879Z,21.27014,0.0,0.0,0.0,0.0,2025-09-19 11:11:26.879,9.870555555556
Long Yeast Grow,pioreactor02,2025-09-19T09:11:49.919Z,21.27264,0.0,0.0,0.0,0.0,2025-09-19 11:11:49.919,9.876944444444
Long Yeast Grow,pioreactor02,2025-09-19T09:12:12.915Z,21.25564,0.0,0.0,0.0,0.0,2025-09-19 11:12:12.915,9.883333333333
Long Yeast Grow,pioreactor02,2025-09-19T09:12:35.915Z,21.21714,0.0,0.0,0.0,0.0,2025-09-19 11:12:35.915,9.889722222222
Long Yeast Grow,pioreactor02,2025-09-19T09:12:58.915Z,21.21614,0.0,0.0,0.0,0.0,2025-09-19 11:12:58.915,9.896111111111
Long Yeast Grow,pioreactor02,2025-09-19T09:13:13.403Z,21.21614,0.0,0.0,0.0,46.66,2025-09-19 11:13:13.403,9.900277777778
Long Yeast Grow,pioreactor02,2025-09-19T09:13:13.447Z,21.21614,0.0,0.0,0.0,46.18,2025-09-19 11:13:13.447,9.900277777778
Long Yeast Grow,pioreactor02,2025-09-19T09:13:21.915Z,21.21764,0.0,0.0,0.0,46.18,2025-09-19 11:13:21.915,9.9025
Long Yeast Grow,pioreactor02,2025-09-19T09:13:44.915Z,21.24814,0.0,0.0,0.0,46.18,2025-09-19 11:13:44.915,9.908888888889
Long Yeast Grow,pioreactor02,2025-09-19T09:14:07.915Z,21.24964,0.0,0.0,0.0,46.18,2025-09-19 11:14:07.915,9.915277777778
Long Yeast Grow,pioreactor02,2025-09-19T09:14:30.919Z,21.27364,0.0,0.0,0.0,46.18,2025-09-19 11:14:30.919,9.921666666667
Long Yeast Grow,pioreactor02,2025-09-19T09:14:41.972Z,21.27364,0.0,0.0,0.0,0.0,2025-09-19 11:14:41.972,9.924722222222
Long Yeast Grow,pioreactor02,2025-09-19T09:14:53.915Z,21.25664,0.0,0.0,0.0,0.0,2025-09-19 11:14:53.915,9.928055555556
Long Yeast Grow,pioreactor02,2025-09-19T09:15:16.915Z,21.24214,0.0,0.0,0.0,0.0,2025-09-19 11:15:16.915,9.934444444444
Long Yeast Grow,pioreactor02,2025-09-19T09:15:39.915Z,21.24514,0.0,0.0,0.0,0.0,2025-09-19 11:15:39.915,9.940833333333
Long Yeast Grow,pioreactor02,2025-09-19T09:16:02.915Z,21.24914,0.0,0.0,0.0,0.0,2025-09-19 11:16:02.915,9.947222222222
Long Yeast Grow,pioreactor02,2025-09-19T09:16:25.915Z,21.19414,0.0,0.0,0.0,0.0,2025-09-19 11:16:25.915,9.953611111111
Long Yeast Grow,pioreactor02,2025-09-19T09:16:33.403Z,21.19414,0.0,0.0,0.0,46.18,2025-09-19 11:16:33.403,9.955833333333
Long Yeast Grow,pioreactor02,2025-09-19T09:16:33.448Z,21.19414,0.0,0.0,0.0,46.13,2025-09-19 11:16:33.448,9.955833333333
Long Yeast Grow,pioreactor02,2025-09-19T09:16:48.915Z,21.19714,0.0,0.0,0.0,46.13,2025-09-19 11:16:48.915,9.96
Long Yeast Grow,pioreactor02,2025-09-19T09:17:11.915Z,21.19014,0.0,0.0,0.0,46.13,2025-09-19 11:17:11.915,9.966388888889
Long Yeast Grow,pioreactor02,2025-09-19T09:17:34.915Z,21.23814,0.0,0.0,0.0,46.13,2025-09-19 11:17:34.915,9.972777777778
Long Yeast Grow,pioreactor02,2025-09-19T09:17:57.915Z,21.23964,0.0,0.0,0.0,46.13,2025-09-19 11:17:57.915,9.979166666667
Long Yeast Grow,pioreactor02,2025-09-19T09:18:01.973Z,21.23964,0.0,0.0,0.0,0.0,2025-09-19 11:18:01.973,9.980277777778
Long Yeast Grow,pioreactor02,2025-09-19T09:18:20.915Z,21.24414,0.0,0.0,0.0,0.0,2025-09-19 11:18:20.915,9.985555555556
Long Yeast Grow,pioreactor02,2025-09-19T09:18:43.915Z,21.27764,0.0,0.0,0.0,0.0,2025-09-19 11:18:43.915,9.991944444444
Long Yeast Grow,pioreactor02,2025-09-19T09:19:06.915Z,21.26714,0.0,0.0,0.0,0.0,2025-09-19 11:19:06.915,9.998333333333
Long Yeast Grow,pioreactor02,2025-09-19T09:19:29.915Z,21.29414,0.0,0.0,0.0,0.0,2025-09-19 11:19:29.915,10.004722222222
Long Yeast Grow,pioreactor02,2025-09-19T09:19:52.915Z,21.25364,0.0,0.0,0.0,0.0,2025-09-19 11:19:52.915,10.011111111111
Long Yeast Grow,pioreactor02,2025-09-19T09:19:53.408Z,21.25364,0.0,0.0,0.0,46.13,2025-09-19 11:19:53.408,10.011388888889
Long Yeast Grow,pioreactor02,2025-09-19T09:19:53.447Z,21.25364,0.0,0.0,0.0,47.55,2025-09-19 11:19:53.447,10.011388888889
Long Yeast Grow,pioreactor02,2025-09-19T09:20:15.915Z,21.26364,0.0,0.0,0.0,47.55,2025-09-19 11:20:15.915,10.0175
Long Yeast Grow,pioreactor02,2025-09-19T09:20:38.915Z,21.22264,0.0,0.0,0.0,47.55,2025-09-19 11:20:38.915,10.023888888889
Long Yeast Grow,pioreactor02,2025-09-19T09:21:01.919Z,21.22214,0.0,0.0,0.0,47.55,2025-09-19 11:21:01.919,10.030277777778
Long Yeast Grow,pioreactor02,2025-09-19T09:21:21.972Z,21.22214,0.0,0.0,0.0,0.0,2025-09-19 11:21:21.972,10.035833333333
Long Yeast Grow,pioreactor02,2025-09-19T09:21:24.915Z,21.27214,0.0,0.0,0.0,0.0,2025-09-19 11:21:24.915,10.036666666667
Long Yeast Grow,pioreactor02,2025-09-19T09:21:47.915Z,21.27664,0.0,0.0,0.0,0.0,2025-09-19 11:21:47.915,10.043055555556
Long Yeast Grow,pioreactor02,2025-09-19T09:22:10.915Z,21.27964,0.0,0.0,0.0,0.0,2025-09-19 11:22:10.915,10.049444444444
Long Yeast Grow,pioreactor02,2025-09-19T09:22:33.915Z,21.25914,0.0,0.0,0.0,0.0,2025-09-19 11:22:33.915,10.055833333333
Long Yeast Grow,pioreactor02,2025-09-19T09:22:56.915Z,21.25314,0.0,0.0,0.0,0.0,2025-09-19 11:22:56.915,10.062222222222
Long Yeast Grow,pioreactor02,2025-09-19T09:23:13.404Z,21.25314,0.0,0.0,0.0,47.55,2025-09-19 11:23:13.404,10.066944444444
Long Yeast Grow,pioreactor02,2025-09-19T09:23:13.447Z,21.25314,0.0,0.0,0.0,46.47,2025-09-19 11:23:13.447,10.066944444444
Long Yeast Grow,pioreactor02,2025-09-19T09:23:19.915Z,21.29714,0.0,0.0,0.0,46.47,2025-09-19 11:23:19.915,10.068611111111
Long Yeast Grow,pioreactor02,2025-09-19T09:23:42.915Z,21.26564,0.0,0.0,0.0,46.47,2025-09-19 11:23:42.915,10.075
Long Yeast Grow,pioreactor02,2025-09-19T09:24:05.915Z,21.26614,0.0,0.0,0.0,46.47,2025-09-19 11:24:05.915,10.081388888889
Long Yeast Grow,pioreactor02,2025-09-19T09:24:28.915Z,21.27314,0.0,0.0,0.0,46.47,2025-09-19 11:24:28.915,10.087777777778
Long Yeast Grow,pioreactor02,2025-09-19T09:24:41.972Z,21.27314,0.0,0.0,0.0,0.0,2025-09-19 11:24:41.972,10.091388888889
Long Yeast Grow,pioreactor02,2025-09-19T09:24:51.915Z,21.26664,0.0,0.0,0.0,0.0,2025-09-19 11:24:51.915,10.094166666667
Long Yeast Grow,pioreactor02,2025-09-19T09:25:14.920Z,21.24614,0.0,0.0,0.0,0.0,2025-09-19 11:25:14.920,10.100555555556
Long Yeast Grow,pioreactor02,2025-09-19T09:25:37.915Z,21.24464,0.0,0.0,0.0,0.0,2025-09-19 11:25:37.915,10.106944444444
Long Yeast Grow,pioreactor02,2025-09-19T09:26:00.915Z,21.21714,0.0,0.0,0.0,0.0,2025-09-19 11:26:00.915,10.113333333333
Long Yeast Grow,pioreactor02,2025-09-19T09:26:23.879Z,21.22364,0.0,0.0,0.0,0.0,2025-09-19 11:26:23.879,10.119722222222
Long Yeast Grow,pioreactor02,2025-09-19T09:26:33.405Z,21.22364,0.0,0.0,0.0,46.47,2025-09-19 11:26:33.405,10.1225
Long Yeast Grow,pioreactor02,2025-09-19T09:26:33.448Z,21.22364,0.0,0.0,0.0,47.54,2025-09-19 11:26:33.448,10.1225
Long Yeast Grow,pioreactor02,2025-09-19T09:26:46.915Z,21.19914,0.0,0.0,0.0,47.54,2025-09-19 11:26:46.915,10.126111111111
Long Yeast Grow,pioreactor02,2025-09-19T09:27:09.915Z,21.21764,0.0,0.0,0.0,47.54,2025-09-19 11:27:09.915,10.1325
Long Yeast Grow,pioreactor02,2025-09-19T09:27:32.915Z,21.18214,0.0,0.0,0.0,47.54,2025-09-19 11:27:32.915,10.138888888889
Long Yeast Grow,pioreactor02,2025-09-19T09:27:55.915Z,21.18464,0.0,0.0,0.0,47.54,2025-09-19 11:27:55.915,10.145277777778
Long Yeast Grow,pioreactor02,2025-09-19T09:28:01.973Z,21.18464,0.0,0.0,0.0,0.0,2025-09-19 11:28:01.973,10.146944444444
Long Yeast Grow,pioreactor02,2025-09-19T09:28:18.919Z,21.17314,0.0,0.0,0.0,0.0,2025-09-19 11:28:18.919,10.151666666667
Long Yeast Grow,pioreactor02,2025-09-19T09:28:41.915Z,21.16964,0.0,0.0,0.0,0.0,2025-09-19 11:28:41.915,10.158055555556
Long Yeast Grow,pioreactor02,2025-09-19T09:29:04.915Z,21.15464,0.0,0.0,0.0,0.0,2025-09-19 11:29:04.915,10.164444444444
Long Yeast Grow,pioreactor02,2025-09-19T09:29:27.915Z,21.15864,0.0,0.0,0.0,0.0,2025-09-19 11:29:27.915,10.170833333333
Long Yeast Grow,pioreactor02,2025-09-19T09:29:50.915Z,21.21514,0.0,0.0,0.0,0.0,2025-09-19 11:29:50.915,10.177222222222
Long Yeast Grow,pioreactor02,2025-09-19T09:29:53.404Z,21.21514,0.0,0.0,0.0,47.54,2025-09-19 11:29:53.404,10.178055555556
Long Yeast Grow,pioreactor02,2025-09-19T09:29:53.447Z,21.21514,0.0,0.0,0.0,48.11,2025-09-19 11:29:53.447,10.178055555556
Long Yeast Grow,pioreactor02,2025-09-19T09:30:13.915Z,21.22814,0.0,0.0,0.0,48.11,2025-09-19 11:30:13.915,10.183611111111
Long Yeast Grow,pioreactor02,2025-09-19T09:30:36.915Z,21.21014,0.0,0.0,0.0,48.11,2025-09-19 11:30:36.915,10.19
Long Yeast Grow,pioreactor02,2025-09-19T09:30:59.915Z,21.21214,0.0,0.0,0.0,48.11,2025-09-19 11:30:59.915,10.196388888889
Long Yeast Grow,pioreactor02,2025-09-19T09:31:21.972Z,21.21214,0.0,0.0,0.0,0.0,2025-09-19 11:31:21.972,10.2025
Long Yeast Grow,pioreactor02,2025-09-19T09:31:22.915Z,21.21264,0.0,0.0,0.0,0.0,2025-09-19 11:31:22.915,10.202777777778
Long Yeast Grow,pioreactor02,2025-09-19T09:31:45.915Z,21.19014,0.0,0.0,0.0,0.0,2025-09-19 11:31:45.915,10.209166666667
Long Yeast Grow,pioreactor02,2025-09-19T09:32:08.915Z,21.20114,0.0,0.0,0.0,0.0,2025-09-19 11:32:08.915,10.215555555556
Long Yeast Grow,pioreactor02,2025-09-19T09:32:31.915Z,21.21214,0.0,0.0,0.0,0.0,2025-09-19 11:32:31.915,10.221944444444
Long Yeast Grow,pioreactor02,2025-09-19T09:32:54.915Z,21.17814,0.0,0.0,0.0,0.0,2025-09-19 11:32:54.915,10.228333333333
Long Yeast Grow,pioreactor02,2025-09-19T09:33:13.405Z,21.17814,0.0,0.0,0.0,48.11,2025-09-19 11:33:13.405,10.233611111111
Long Yeast Grow,pioreactor02,2025-09-19T09:33:13.447Z,21.17814,0.0,0.0,0.0,47.06,2025-09-19 11:33:13.447,10.233611111111
Long Yeast Grow,pioreactor02,2025-09-19T09:33:17.915Z,21.15664,0.0,0.0,0.0,47.06,2025-09-19 11:33:17.915,10.234722222222
Long Yeast Grow,pioreactor02,2025-09-19T09:33:40.915Z,21.15664,0.0,0.0,0.0,47.06,2025-09-19 11:33:40.915,10.241111111111
Long Yeast Grow,pioreactor02,2025-09-19T09:34:03.915Z,21.20614,0.0,0.0,0.0,47.06,2025-09-19 11:34:03.915,10.2475
Long Yeast Grow,pioreactor02,2025-09-19T09:34:26.915Z,21.20864,0.0,0.0,0.0,47.06,2025-09-19 11:34:26.915,10.253888888889
Long Yeast Grow,pioreactor02,2025-09-19T09:34:41.973Z,21.20864,0.0,0.0,0.0,0.0,2025-09-19 11:34:41.973,10.258055555556
Long Yeast Grow,pioreactor02,2025-09-19T09:34:49.915Z,21.20464,0.0,0.0,0.0,0.0,2025-09-19 11:34:49.915,10.260277777778
Long Yeast Grow,pioreactor02,2025-09-19T09:35:12.915Z,21.20714,0.0,0.0,0.0,0.0,2025-09-19 11:35:12.915,10.266666666667
Long Yeast Grow,pioreactor02,2025-09-19T09:35:35.915Z,21.20714,0.0,0.0,0.0,0.0,2025-09-19 11:35:35.915,10.273055555556
Long Yeast Grow,pioreactor02,2025-09-19T09:35:58.915Z,21.22214,0.0,0.0,0.0,0.0,2025-09-19 11:35:58.915,10.279444444444
Long Yeast Grow,pioreactor02,2025-09-19T09:36:21.915Z,21.19814,0.0,0.0,0.0,0.0,2025-09-19 11:36:21.915,10.285833333333
Long Yeast Grow,pioreactor02,2025-09-19T09:36:33.404Z,21.19814,0.0,0.0,0.0,47.06,2025-09-19 11:36:33.404,10.289166666667
Long Yeast Grow,pioreactor02,2025-09-19T09:36:33.448Z,21.19814,0.0,0.0,0.0,46.5,2025-09-19 11:36:33.448,10.289166666667
Long Yeast Grow,pioreactor02,2025-09-19T09:36:44.915Z,21.20514,0.0,0.0,0.0,46.5,2025-09-19 11:36:44.915,10.292222222222
Long Yeast Grow,pioreactor02,2025-09-19T09:37:07.915Z,21.20414,0.0,0.0,0.0,46.5,2025-09-19 11:37:07.915,10.298611111111
Long Yeast Grow,pioreactor02,2025-09-19T09:37:30.915Z,21.21014,0.0,0.0,0.0,46.5,2025-09-19 11:37:30.915,10.305
Long Yeast Grow,pioreactor02,2025-09-19T09:37:53.915Z,21.18264,0.0,0.0,0.0,46.5,2025-09-19 11:37:53.915,10.311388888889
Long Yeast Grow,pioreactor02,2025-09-19T09:38:01.972Z,21.18264,0.0,0.0,0.0,0.0,2025-09-19 11:38:01.972,10.313611111111
Long Yeast Grow,pioreactor02,2025-09-19T09:38:16.915Z,21.12414,0.0,0.0,0.0,0.0,2025-09-19 11:38:16.915,10.317777777778
Long Yeast Grow,pioreactor02,2025-09-19T09:38:39.919Z,21.22214,0.0,0.0,0.0,0.0,2025-09-19 11:38:39.919,10.324166666667
Long Yeast Grow,pioreactor02,2025-09-19T09:39:02.915Z,21.30264,0.0,0.0,0.0,0.0,2025-09-19 11:39:02.915,10.330555555556
Long Yeast Grow,pioreactor02,2025-09-19T09:39:25.915Z,21.29964,0.0,0.0,0.0,0.0,2025-09-19 11:39:25.915,10.336944444444
Long Yeast Grow,pioreactor02,2025-09-19T09:39:48.919Z,21.27014,0.0,0.0,0.0,0.0,2025-09-19 11:39:48.919,10.343333333333
Long Yeast Grow,pioreactor02,2025-09-19T09:39:53.404Z,21.27014,0.0,0.0,0.0,46.5,2025-09-19 11:39:53.404,10.344722222222
Long Yeast Grow,pioreactor02,2025-09-19T09:39:53.448Z,21.27014,0.0,0.0,0.0,48.01,2025-09-19 11:39:53.448,10.344722222222
Long Yeast Grow,pioreactor02,2025-09-19T09:40:11.915Z,21.26064,0.0,0.0,0.0,48.01,2025-09-19 11:40:11.915,10.349722222222
Long Yeast Grow,pioreactor02,2025-09-19T09:40:34.915Z,21.26114,0.0,0.0,0.0,48.01,2025-09-19 11:40:34.915,10.356111111111
Long Yeast Grow,pioreactor02,2025-09-19T09:40:57.915Z,21.26014,0.0,0.0,0.0,48.01,2025-09-19 11:40:57.915,10.3625
Long Yeast Grow,pioreactor02,2025-09-19T09:41:20.915Z,21.26964,0.0,0.0,0.0,48.01,2025-09-19 11:41:20.915,10.368888888889
Long Yeast Grow,pioreactor02,2025-09-19T09:41:21.972Z,21.26964,0.0,0.0,0.0,0.0,2025-09-19 11:41:21.972,10.369166666667
Long Yeast Grow,pioreactor02,2025-09-19T09:41:43.915Z,21.25564,0.0,0.0,0.0,0.0,2025-09-19 11:41:43.915,10.375277777778
Long Yeast Grow,pioreactor02,2025-09-19T09:42:06.915Z,21.25664,0.0,0.0,0.0,0.0,2025-09-19 11:42:06.915,10.381666666667
Long Yeast Grow,pioreactor02,2025-09-19T09:42:29.915Z,21.21364,0.0,0.0,0.0,0.0,2025-09-19 11:42:29.915,10.388055555556
Long Yeast Grow,pioreactor02,2025-09-19T09:42:52.915Z,21.15664,0.0,0.0,0.0,0.0,2025-09-19 11:42:52.915,10.394444444444
Long Yeast Grow,pioreactor02,2025-09-19T09:43:13.405Z,21.15664,0.0,0.0,0.0,48.01,2025-09-19 11:43:13.405,10.400277777778
Long Yeast Grow,pioreactor02,2025-09-19T09:43:13.448Z,21.15664,0.0,0.0,0.0,47.08,2025-09-19 11:43:13.448,10.400277777778
Long Yeast Grow,pioreactor02,2025-09-19T09:43:15.915Z,21.15664,0.0,0.0,0.0,47.08,2025-09-19 11:43:15.915,10.400833333333
Long Yeast Grow,pioreactor02,2025-09-19T09:43:38.915Z,21.18214,0.0,0.0,0.0,47.08,2025-09-19 11:43:38.915,10.407222222222
Long Yeast Grow,pioreactor02,2025-09-19T09:44:01.915Z,21.17364,0.0,0.0,0.0,47.08,2025-09-19 11:44:01.915,10.413611111111
Long Yeast Grow,pioreactor02,2025-09-19T09:44:24.915Z,21.16814,0.0,0.0,0.0,47.08,2025-09-19 11:44:24.915,10.42
Long Yeast Grow,pioreactor02,2025-09-19T09:44:41.973Z,21.16814,0.0,0.0,0.0,0.0,2025-09-19 11:44:41.973,10.424722222222
Long Yeast Grow,pioreactor02,2025-09-19T09:44:47.915Z,21.16664,0.0,0.0,0.0,0.0,2025-09-19 11:44:47.915,10.426388888889
Long Yeast Grow,pioreactor02,2025-09-19T09:45:10.915Z,21.16714,0.0,0.0,0.0,0.0,2025-09-19 11:45:10.915,10.432777777778
Long Yeast Grow,pioreactor02,2025-09-19T09:45:33.915Z,21.12714,0.0,0.0,0.0,0.0,2025-09-19 11:45:33.915,10.439166666667
Long Yeast Grow,pioreactor02,2025-09-19T09:45:56.915Z,21.58814,0.0,0.0,0.0,0.0,2025-09-19 11:45:56.915,10.445555555556
Long Yeast Grow,pioreactor02,2025-09-19T09:46:19.879Z,22.02914,0.0,0.0,0.0,0.0,2025-09-19 11:46:19.879,10.451944444444
Long Yeast Grow,pioreactor02,2025-09-19T09:46:33.403Z,22.02914,0.0,0.0,0.0,47.08,2025-09-19 11:46:33.403,10.455833333333
Long Yeast Grow,pioreactor02,2025-09-19T09:46:33.443Z,22.02914,0.0,0.0,0.0,47.34,2025-09-19 11:46:33.443,10.455833333333
Long Yeast Grow,pioreactor02,2025-09-19T09:46:42.915Z,22.45414,0.0,0.0,0.0,47.34,2025-09-19 11:46:42.915,10.458333333333
Long Yeast Grow,pioreactor02,2025-09-19T09:47:05.915Z,22.15114,0.0,0.0,0.0,47.34,2025-09-19 11:47:05.915,10.464722222222
Long Yeast Grow,pioreactor02,2025-09-19T09:47:28.915Z,21.90964,0.0,0.0,0.0,47.34,2025-09-19 11:47:28.915,10.471111111111
Long Yeast Grow,pioreactor02,2025-09-19T09:47:51.919Z,21.71314,0.0,0.0,0.0,47.34,2025-09-19 11:47:51.919,10.4775
Long Yeast Grow,pioreactor02,2025-09-19T09:48:01.972Z,21.71314,0.0,0.0,0.0,0.0,2025-09-19 11:48:01.972,10.480277777778
Long Yeast Grow,pioreactor02,2025-09-19T09:48:14.915Z,21.57114,0.0,0.0,0.0,0.0,2025-09-19 11:48:14.915,10.483888888889
Long Yeast Grow,pioreactor02,2025-09-19T09:48:37.915Z,21.43614,0.0,0.0,0.0,0.0,2025-09-19 11:48:37.915,10.490277777778
Long Yeast Grow,pioreactor02,2025-09-19T09:49:00.919Z,21.36464,0.0,0.0,0.0,0.0,2025-09-19 11:49:00.919,10.496666666667
Long Yeast Grow,pioreactor02,2025-09-19T09:49:23.919Z,21.31614,0.0,0.0,0.0,0.0,2025-09-19 11:49:23.919,10.503055555556
Long Yeast Grow,pioreactor02,2025-09-19T09:49:46.915Z,21.25364,0.0,0.0,0.0,0.0,2025-09-19 11:49:46.915,10.509444444444
Long Yeast Grow,pioreactor02,2025-09-19T09:49:53.405Z,21.25364,0.0,0.0,0.0,47.34,2025-09-19 11:49:53.405,10.511388888889
Long Yeast Grow,pioreactor02,2025-09-19T09:49:53.447Z,21.25364,0.0,0.0,0.0,47.01,2025-09-19 11:49:53.447,10.511388888889
Long Yeast Grow,pioreactor02,2025-09-19T09:50:09.915Z,21.25314,0.0,0.0,0.0,47.01,2025-09-19 11:50:09.915,10.515833333333
Long Yeast Grow,pioreactor02,2025-09-19T09:50:32.915Z,21.23714,0.0,0.0,0.0,47.01,2025-09-19 11:50:32.915,10.522222222222
Long Yeast Grow,pioreactor02,2025-09-19T09:50:55.919Z,21.23514,0.0,0.0,0.0,47.01,2025-09-19 11:50:55.919,10.528611111111
Long Yeast Grow,pioreactor02,2025-09-19T09:51:18.915Z,21.22564,0.0,0.0,0.0,47.01,2025-09-19 11:51:18.915,10.535
Long Yeast Grow,pioreactor02,2025-09-19T09:51:21.972Z,21.22564,0.0,0.0,0.0,0.0,2025-09-19 11:51:21.972,10.535833333333
Long Yeast Grow,pioreactor02,2025-09-19T09:51:41.915Z,21.19564,0.0,0.0,0.0,0.0,2025-09-19 11:51:41.915,10.541388888889
Long Yeast Grow,pioreactor02,2025-09-19T09:52:04.915Z,21.19214,0.0,0.0,0.0,0.0,2025-09-19 11:52:04.915,10.547777777778
Long Yeast Grow,pioreactor02,2025-09-19T09:52:27.915Z,21.15914,0.0,0.0,0.0,0.0,2025-09-19 11:52:27.915,10.554166666667
Long Yeast Grow,pioreactor02,2025-09-19T09:52:50.915Z,21.16164,0.0,0.0,0.0,0.0,2025-09-19 11:52:50.915,10.560555555556
Long Yeast Grow,pioreactor02,2025-09-19T09:53:13.405Z,21.16164,0.0,0.0,0.0,47.01,2025-09-19 11:53:13.405,10.566944444444
Long Yeast Grow,pioreactor02,2025-09-19T09:53:13.448Z,21.16164,0.0,0.0,0.0,47.34,2025-09-19 11:53:13.448,10.566944444444
Long Yeast Grow,pioreactor02,2025-09-19T09:53:13.915Z,21.15814,0.0,0.0,0.0,47.34,2025-09-19 11:53:13.915,10.566944444444
Long Yeast Grow,pioreactor02,2025-09-19T09:53:36.915Z,21.17164,0.0,0.0,0.0,47.34,2025-09-19 11:53:36.915,10.573333333333
Long Yeast Grow,pioreactor02,2025-09-19T09:53:59.915Z,21.20564,0.0,0.0,0.0,47.34,2025-09-19 11:53:59.915,10.579722222222
Long Yeast Grow,pioreactor02,2025-09-19T09:54:22.919Z,21.18764,0.0,0.0,0.0,47.34,2025-09-19 11:54:22.919,10.586111111111
Long Yeast Grow,pioreactor02,2025-09-19T09:54:41.973Z,21.18764,0.0,0.0,0.0,0.0,2025-09-19 11:54:41.973,10.591388888889
Long Yeast Grow,pioreactor02,2025-09-19T09:54:45.915Z,21.19164,0.0,0.0,0.0,0.0,2025-09-19 11:54:45.915,10.5925
Long Yeast Grow,pioreactor02,2025-09-19T09:55:08.919Z,21.19464,0.0,0.0,0.0,0.0,2025-09-19 11:55:08.919,10.598888888889
Long Yeast Grow,pioreactor02,2025-09-19T09:55:31.915Z,21.15564,0.0,0.0,0.0,0.0,2025-09-19 11:55:31.915,10.605277777778
Long Yeast Grow,pioreactor02,2025-09-19T09:55:54.915Z,21.15714,0.0,0.0,0.0,0.0,2025-09-19 11:55:54.915,10.611666666667
Long Yeast Grow,pioreactor02,2025-09-19T09:56:17.915Z,21.12564,0.0,0.0,0.0,0.0,2025-09-19 11:56:17.915,10.618055555556
Long Yeast Grow,pioreactor02,2025-09-19T09:56:33.405Z,21.12564,0.0,0.0,0.0,47.34,2025-09-19 11:56:33.405,10.6225
Long Yeast Grow,pioreactor02,2025-09-19T09:56:33.447Z,21.12564,0.0,0.0,0.0,45.88,2025-09-19 11:56:33.447,10.6225
Long Yeast Grow,pioreactor02,2025-09-19T09:56:40.915Z,21.12764,0.0,0.0,0.0,45.88,2025-09-19 11:56:40.915,10.624444444444
Long Yeast Grow,pioreactor02,2025-09-19T09:57:03.915Z,21.14064,0.0,0.0,0.0,45.88,2025-09-19 11:57:03.915,10.630833333333
Long Yeast Grow,pioreactor02,2025-09-19T09:57:26.915Z,21.14164,0.0,0.0,0.0,45.88,2025-09-19 11:57:26.915,10.637222222222
Long Yeast Grow,pioreactor02,2025-09-19T09:57:49.915Z,21.17214,0.0,0.0,0.0,45.88,2025-09-19 11:57:49.915,10.643611111111
Long Yeast Grow,pioreactor02,2025-09-19T09:58:01.972Z,21.17214,0.0,0.0,0.0,0.0,2025-09-19 11:58:01.972,10.646944444444
Long Yeast Grow,pioreactor02,2025-09-19T09:58:12.915Z,21.17564,0.0,0.0,0.0,0.0,2025-09-19 11:58:12.915,10.65
Long Yeast Grow,pioreactor02,2025-09-19T09:58:35.915Z,21.17464,0.0,0.0,0.0,0.0,2025-09-19 11:58:35.915,10.656388888889
Long Yeast Grow,pioreactor02,2025-09-19T09:58:58.919Z,21.16714,0.0,0.0,0.0,0.0,2025-09-19 11:58:58.919,10.662777777778
Long Yeast Grow,pioreactor02,2025-09-19T09:59:21.915Z,21.16514,0.0,0.0,0.0,0.0,2025-09-19 11:59:21.915,10.669166666667
Long Yeast Grow,pioreactor02,2025-09-19T09:59:44.915Z,21.15714,0.0,0.0,0.0,0.0,2025-09-19 11:59:44.915,10.675555555556
Long Yeast Grow,pioreactor02,2025-09-19T09:59:53.406Z,21.15714,0.0,0.0,0.0,45.88,2025-09-19 11:59:53.406,10.678055555556
Long Yeast Grow,pioreactor02,2025-09-19T09:59:53.447Z,21.15714,0.0,0.0,0.0,47.04,2025-09-19 11:59:53.447,10.678055555556
Long Yeast Grow,pioreactor02,2025-09-19T10:00:07.915Z,21.15464,0.0,0.0,0.0,47.04,2025-09-19 12:00:07.915,10.681944444444
Long Yeast Grow,pioreactor02,2025-09-19T10:00:30.915Z,21.15614,0.0,0.0,0.0,47.04,2025-09-19 12:00:30.915,10.688333333333
Long Yeast Grow,pioreactor02,2025-09-19T10:00:53.919Z,21.16614,0.0,0.0,0.0,47.04,2025-09-19 12:00:53.919,10.694722222222
Long Yeast Grow,pioreactor02,2025-09-19T10:01:16.879Z,21.18214,0.0,0.0,0.0,47.04,2025-09-19 12:01:16.879,10.701111111111
Long Yeast Grow,pioreactor02,2025-09-19T10:01:21.972Z,21.18214,0.0,0.0,0.0,0.0,2025-09-19 12:01:21.972,10.7025
Long Yeast Grow,pioreactor02,2025-09-19T10:01:39.915Z,21.14014,0.0,0.0,0.0,0.0,2025-09-19 12:01:39.915,10.7075
Long Yeast Grow,pioreactor02,2025-09-19T10:02:02.915Z,21.08364,0.0,0.0,0.0,0.0,2025-09-19 12:02:02.915,10.713888888889
Long Yeast Grow,pioreactor02,2025-09-19T10:02:25.915Z,21.05214,0.0,0.0,0.0,0.0,2025-09-19 12:02:25.915,10.720277777778
Long Yeast Grow,pioreactor02,2025-09-19T10:02:48.915Z,21.02864,0.0,0.0,0.0,0.0,2025-09-19 12:02:48.915,10.726666666667
Long Yeast Grow,pioreactor02,2025-09-19T10:03:11.915Z,21.02564,0.0,0.0,0.0,0.0,2025-09-19 12:03:11.915,10.733055555556
Long Yeast Grow,pioreactor02,2025-09-19T10:03:13.405Z,21.02564,0.0,0.0,0.0,47.04,2025-09-19 12:03:13.405,10.733611111111
Long Yeast Grow,pioreactor02,2025-09-19T10:03:13.448Z,21.02564,0.0,0.0,0.0,46.42,2025-09-19 12:03:13.448,10.733611111111
Long Yeast Grow,pioreactor02,2025-09-19T10:03:34.915Z,21.03464,0.0,0.0,0.0,46.42,2025-09-19 12:03:34.915,10.739444444444
Long Yeast Grow,pioreactor02,2025-09-19T10:03:57.915Z,21.03464,0.0,0.0,0.0,46.42,2025-09-19 12:03:57.915,10.745833333333
Long Yeast Grow,pioreactor02,2025-09-19T10:04:20.915Z,21.07964,0.0,0.0,0.0,46.42,2025-09-19 12:04:20.915,10.752222222222
Long Yeast Grow,pioreactor02,2025-09-19T10:04:41.973Z,21.07964,0.0,0.0,0.0,0.0,2025-09-19 12:04:41.973,10.758055555556
Long Yeast Grow,pioreactor02,2025-09-19T10:04:43.915Z,21.08414,0.0,0.0,0.0,0.0,2025-09-19 12:04:43.915,10.758611111111
Long Yeast Grow,pioreactor02,2025-09-19T10:05:06.915Z,21.06914,0.0,0.0,0.0,0.0,2025-09-19 12:05:06.915,10.765
Long Yeast Grow,pioreactor02,2025-09-19T10:05:29.915Z,21.06114,0.0,0.0,0.0,0.0,2025-09-19 12:05:29.915,10.771388888889
Long Yeast Grow,pioreactor02,2025-09-19T10:05:52.915Z,21.09464,0.0,0.0,0.0,0.0,2025-09-19 12:05:52.915,10.777777777778
Long Yeast Grow,pioreactor02,2025-09-19T10:06:15.915Z,21.06214,0.0,0.0,0.0,0.0,2025-09-19 12:06:15.915,10.784166666667
Long Yeast Grow,pioreactor02,2025-09-19T10:06:33.407Z,21.06214,0.0,0.0,0.0,46.42,2025-09-19 12:06:33.407,10.789166666667
Long Yeast Grow,pioreactor02,2025-09-19T10:06:33.447Z,21.06214,0.0,0.0,0.0,47.7,2025-09-19 12:06:33.447,10.789166666667
Long Yeast Grow,pioreactor02,2025-09-19T10:06:38.915Z,21.05814,0.0,0.0,0.0,47.7,2025-09-19 12:06:38.915,10.790555555556
Long Yeast Grow,pioreactor02,2025-09-19T10:07:01.915Z,21.06514,0.0,0.0,0.0,47.7,2025-09-19 12:07:01.915,10.796944444444
Long Yeast Grow,pioreactor02,2025-09-19T10:07:24.915Z,21.09414,0.0,0.0,0.0,47.7,2025-09-19 12:07:24.915,10.803333333333
Long Yeast Grow,pioreactor02,2025-09-19T10:07:47.915Z,21.10514,0.0,0.0,0.0,47.7,2025-09-19 12:07:47.915,10.809722222222
Long Yeast Grow,pioreactor02,2025-09-19T10:08:01.972Z,21.10514,0.0,0.0,0.0,0.0,2025-09-19 12:08:01.972,10.813611111111
Long Yeast Grow,pioreactor02,2025-09-19T10:08:10.919Z,21.03814,0.0,0.0,0.0,0.0,2025-09-19 12:08:10.919,10.816111111111
Long Yeast Grow,pioreactor02,2025-09-19T10:08:33.915Z,21.03664,0.0,0.0,0.0,0.0,2025-09-19 12:08:33.915,10.8225
Long Yeast Grow,pioreactor02,2025-09-19T10:08:56.915Z,21.03964,0.0,0.0,0.0,0.0,2025-09-19 12:08:56.915,10.828888888889
Long Yeast Grow,pioreactor02,2025-09-19T10:09:19.915Z,21.01614,0.0,0.0,0.0,0.0,2025-09-19 12:09:19.915,10.835277777778
Long Yeast Grow,pioreactor02,2025-09-19T10:09:42.915Z,21.02064,0.0,0.0,0.0,0.0,2025-09-19 12:09:42.915,10.841666666667
Long Yeast Grow,pioreactor02,2025-09-19T10:09:53.406Z,21.02064,0.0,0.0,0.0,47.7,2025-09-19 12:09:53.406,10.844722222222
Long Yeast Grow,pioreactor02,2025-09-19T10:09:53.447Z,21.02064,0.0,0.0,0.0,48.78,2025-09-19 12:09:53.447,10.844722222222
Long Yeast Grow,pioreactor02,2025-09-19T10:10:05.915Z,21.01114,0.0,0.0,0.0,48.78,2025-09-19 12:10:05.915,10.848055555556
Long Yeast Grow,pioreactor02,2025-09-19T10:10:28.915Z,21.00364,0.0,0.0,0.0,48.78,2025-09-19 12:10:28.915,10.854444444444
Long Yeast Grow,pioreactor02,2025-09-19T10:10:51.915Z,21.00464,0.0,0.0,0.0,48.78,2025-09-19 12:10:51.915,10.860833333333
Long Yeast Grow,pioreactor02,2025-09-19T10:11:14.915Z,21.00664,0.0,0.0,0.0,48.78,2025-09-19 12:11:14.915,10.867222222222
Long Yeast Grow,pioreactor02,2025-09-19T10:11:21.972Z,21.00664,0.0,0.0,0.0,0.0,2025-09-19 12:11:21.972,10.869166666667
Long Yeast Grow,pioreactor02,2025-09-19T10:11:37.919Z,21.00814,0.0,0.0,0.0,0.0,2025-09-19 12:11:37.919,10.873611111111
Long Yeast Grow,pioreactor02,2025-09-19T10:12:00.919Z,21.00264,0.0,0.0,0.0,0.0,2025-09-19 12:12:00.919,10.88
Long Yeast Grow,pioreactor02,2025-09-19T10:12:23.915Z,21.01364,0.0,0.0,0.0,0.0,2025-09-19 12:12:23.915,10.886388888889
Long Yeast Grow,pioreactor02,2025-09-19T10:12:46.915Z,21.03564,0.0,0.0,0.0,0.0,2025-09-19 12:12:46.915,10.892777777778
Long Yeast Grow,pioreactor02,2025-09-19T10:13:09.915Z,21.04314,0.0,0.0,0.0,0.0,2025-09-19 12:13:09.915,10.899166666667
Long Yeast Grow,pioreactor02,2025-09-19T10:13:13.406Z,21.04314,0.0,0.0,0.0,48.78,2025-09-19 12:13:13.406,10.900277777778
Long Yeast Grow,pioreactor02,2025-09-19T10:13:13.448Z,21.04314,0.0,0.0,0.0,47.46,2025-09-19 12:13:13.448,10.900277777778
Long Yeast Grow,pioreactor02,2025-09-19T10:13:32.915Z,21.04614,0.0,0.0,0.0,47.46,2025-09-19 12:13:32.915,10.905555555556
Long Yeast Grow,pioreactor02,2025-09-19T10:13:55.915Z,21.04414,0.0,0.0,0.0,47.46,2025-09-19 12:13:55.915,10.911944444444
Long Yeast Grow,pioreactor02,2025-09-19T10:14:18.915Z,21.03764,0.0,0.0,0.0,47.46,2025-09-19 12:14:18.915,10.918333333333
Long Yeast Grow,pioreactor02,2025-09-19T10:14:41.915Z,21.03714,0.0,0.0,0.0,47.46,2025-09-19 12:14:41.915,10.924722222222
Long Yeast Grow,pioreactor02,2025-09-19T10:14:41.972Z,21.03714,0.0,0.0,0.0,0.0,2025-09-19 12:14:41.972,10.924722222222
Long Yeast Grow,pioreactor02,2025-09-19T10:15:04.919Z,21.03964,0.0,0.0,0.0,0.0,2025-09-19 12:15:04.919,10.931111111111
Long Yeast Grow,pioreactor02,2025-09-19T10:15:27.916Z,21.04864,0.0,0.0,0.0,0.0,2025-09-19 12:15:27.916,10.9375
Long Yeast Grow,pioreactor02,2025-09-19T10:15:50.919Z,21.05664,0.0,0.0,0.0,0.0,2025-09-19 12:15:50.919,10.943888888889
Long Yeast Grow,pioreactor02,2025-09-19T10:16:13.919Z,21.07114,0.0,0.0,0.0,0.0,2025-09-19 12:16:13.919,10.950277777778
Long Yeast Grow,pioreactor02,2025-09-19T10:16:33.404Z,21.07114,0.0,0.0,0.0,47.46,2025-09-19 12:16:33.404,10.955833333333
Long Yeast Grow,pioreactor02,2025-09-19T10:16:33.447Z,21.07114,0.0,0.0,0.0,48.03,2025-09-19 12:16:33.447,10.955833333333
Long Yeast Grow,pioreactor02,2025-09-19T10:16:36.919Z,21.07314,0.0,0.0,0.0,48.03,2025-09-19 12:16:36.919,10.956666666667
Long Yeast Grow,pioreactor02,2025-09-19T10:16:59.915Z,21.13914,0.0,0.0,0.0,48.03,2025-09-19 12:16:59.915,10.963055555556
Long Yeast Grow,pioreactor02,2025-09-19T10:17:22.915Z,21.13814,0.0,0.0,0.0,48.03,2025-09-19 12:17:22.915,10.969444444444
Long Yeast Grow,pioreactor02,2025-09-19T10:17:45.915Z,21.14564,0.0,0.0,0.0,48.03,2025-09-19 12:17:45.915,10.975833333333
Long Yeast Grow,pioreactor02,2025-09-19T10:18:01.972Z,21.14564,0.0,0.0,0.0,0.0,2025-09-19 12:18:01.972,10.980277777778
Long Yeast Grow,pioreactor02,2025-09-19T10:18:08.915Z,21.09914,0.0,0.0,0.0,0.0,2025-09-19 12:18:08.915,10.982222222222
Long Yeast Grow,pioreactor02,2025-09-19T10:18:31.915Z,21.10264,0.0,0.0,0.0,0.0,2025-09-19 12:18:31.915,10.988611111111
Long Yeast Grow,pioreactor02,2025-09-19T10:18:54.915Z,21.07514,0.0,0.0,0.0,0.0,2025-09-19 12:18:54.915,10.995
Long Yeast Grow,pioreactor02,2025-09-19T10:19:17.915Z,21.07564,0.0,0.0,0.0,0.0,2025-09-19 12:19:17.915,11.001388888889
Long Yeast Grow,pioreactor02,2025-09-19T10:19:40.915Z,21.09414,0.0,0.0,0.0,0.0,2025-09-19 12:19:40.915,11.007777777778
Long Yeast Grow,pioreactor02,2025-09-19T10:19:53.406Z,21.09414,0.0,0.0,0.0,48.03,2025-09-19 12:19:53.406,11.011388888889
Long Yeast Grow,pioreactor02,2025-09-19T10:19:53.447Z,21.09414,0.0,0.0,0.0,46.96,2025-09-19 12:19:53.447,11.011388888889
Long Yeast Grow,pioreactor02,2025-09-19T10:20:03.915Z,21.08964,0.0,0.0,0.0,46.96,2025-09-19 12:20:03.915,11.014166666667
Long Yeast Grow,pioreactor02,2025-09-19T10:20:26.915Z,21.11564,0.0,0.0,0.0,46.96,2025-09-19 12:20:26.915,11.020555555556
Long Yeast Grow,pioreactor02,2025-09-19T10:20:49.915Z,21.11614,0.0,0.0,0.0,46.96,2025-09-19 12:20:49.915,11.026944444444
Long Yeast Grow,pioreactor02,2025-09-19T10:21:12.919Z,21.11664,0.0,0.0,0.0,46.96,2025-09-19 12:21:12.919,11.033333333333
Long Yeast Grow,pioreactor02,2025-09-19T10:21:21.973Z,21.11664,0.0,0.0,0.0,0.0,2025-09-19 12:21:21.973,11.035833333333
Long Yeast Grow,pioreactor02,2025-09-19T10:21:35.915Z,21.08164,0.0,0.0,0.0,0.0,2025-09-19 12:21:35.915,11.039722222222
Long Yeast Grow,pioreactor02,2025-09-19T10:21:58.915Z,21.04414,0.0,0.0,0.0,0.0,2025-09-19 12:21:58.915,11.046111111111
Long Yeast Grow,pioreactor02,2025-09-19T10:22:21.919Z,21.03414,0.0,0.0,0.0,0.0,2025-09-19 12:22:21.919,11.0525
Long Yeast Grow,pioreactor02,2025-09-19T10:22:44.919Z,21.08964,0.0,0.0,0.0,0.0,2025-09-19 12:22:44.919,11.058888888889
Long Yeast Grow,pioreactor02,2025-09-19T10:23:07.919Z,21.10764,0.0,0.0,0.0,0.0,2025-09-19 12:23:07.919,11.065277777778
Long Yeast Grow,pioreactor02,2025-09-19T10:23:13.403Z,21.10764,0.0,0.0,0.0,46.96,2025-09-19 12:23:13.403,11.066944444444
Long Yeast Grow,pioreactor02,2025-09-19T10:23:13.447Z,21.10764,0.0,0.0,0.0,47.68,2025-09-19 12:23:13.447,11.066944444444
Long Yeast Grow,pioreactor02,2025-09-19T10:23:30.919Z,21.11014,0.0,0.0,0.0,47.68,2025-09-19 12:23:30.919,11.071666666667
Long Yeast Grow,pioreactor02,2025-09-19T10:23:53.915Z,21.10514,0.0,0.0,0.0,47.68,2025-09-19 12:23:53.915,11.078055555556
Long Yeast Grow,pioreactor02,2025-09-19T10:24:16.915Z,21.10914,0.0,0.0,0.0,47.68,2025-09-19 12:24:16.915,11.084444444444
Long Yeast Grow,pioreactor02,2025-09-19T10:24:39.915Z,21.09764,0.0,0.0,0.0,47.68,2025-09-19 12:24:39.915,11.090833333333
Long Yeast Grow,pioreactor02,2025-09-19T10:24:41.973Z,21.09764,0.0,0.0,0.0,0.0,2025-09-19 12:24:41.973,11.091388888889
Long Yeast Grow,pioreactor02,2025-09-19T10:25:02.915Z,21.11414,0.0,0.0,0.0,0.0,2025-09-19 12:25:02.915,11.097222222222
Long Yeast Grow,pioreactor02,2025-09-19T10:25:25.915Z,21.12914,0.0,0.0,0.0,0.0,2025-09-19 12:25:25.915,11.103611111111
Long Yeast Grow,pioreactor02,2025-09-19T10:25:48.915Z,21.11814,0.0,0.0,0.0,0.0,2025-09-19 12:25:48.915,11.11
Long Yeast Grow,pioreactor02,2025-09-19T10:26:11.915Z,21.12064,0.0,0.0,0.0,0.0,2025-09-19 12:26:11.915,11.116388888889
Long Yeast Grow,pioreactor02,2025-09-19T10:26:33.403Z,21.12064,0.0,0.0,0.0,47.68,2025-09-19 12:26:33.403,11.1225
Long Yeast Grow,pioreactor02,2025-09-19T10:26:33.449Z,21.12064,0.0,0.0,0.0,46.68,2025-09-19 12:26:33.449,11.1225
Long Yeast Grow,pioreactor02,2025-09-19T10:26:34.915Z,21.11464,0.0,0.0,0.0,46.68,2025-09-19 12:26:34.915,11.122777777778
Long Yeast Grow,pioreactor02,2025-09-19T10:26:57.915Z,21.12014,0.0,0.0,0.0,46.68,2025-09-19 12:26:57.915,11.129166666667
Long Yeast Grow,pioreactor02,2025-09-19T10:27:20.915Z,21.11764,0.0,0.0,0.0,46.68,2025-09-19 12:27:20.915,11.135555555556
Long Yeast Grow,pioreactor02,2025-09-19T10:27:43.915Z,21.10014,0.0,0.0,0.0,46.68,2025-09-19 12:27:43.915,11.141944444444
Long Yeast Grow,pioreactor02,2025-09-19T10:28:01.972Z,21.10014,0.0,0.0,0.0,0.0,2025-09-19 12:28:01.972,11.146944444444
Long Yeast Grow,pioreactor02,2025-09-19T10:28:06.915Z,21.09764,0.0,0.0,0.0,0.0,2025-09-19 12:28:06.915,11.148333333333
Long Yeast Grow,pioreactor02,2025-09-19T10:28:29.915Z,21.08814,0.0,0.0,0.0,0.0,2025-09-19 12:28:29.915,11.154722222222
Long Yeast Grow,pioreactor02,2025-09-19T10:28:52.915Z,21.08814,0.0,0.0,0.0,0.0,2025-09-19 12:28:52.915,11.161111111111
Long Yeast Grow,pioreactor02,2025-09-19T10:29:15.915Z,21.09064,0.0,0.0,0.0,0.0,2025-09-19 12:29:15.915,11.1675
Long Yeast Grow,pioreactor02,2025-09-19T10:29:38.915Z,21.09064,0.0,0.0,0.0,0.0,2025-09-19 12:29:38.915,11.173888888889
Long Yeast Grow,pioreactor02,2025-09-19T10:29:53.405Z,21.09064,0.0,0.0,0.0,46.68,2025-09-19 12:29:53.405,11.178055555556
Long Yeast Grow,pioreactor02,2025-09-19T10:29:53.448Z,21.09064,0.0,0.0,0.0,48.31,2025-09-19 12:29:53.448,11.178055555556
Long Yeast Grow,pioreactor02,2025-09-19T10:30:01.915Z,21.06614,0.0,0.0,0.0,48.31,2025-09-19 12:30:01.915,11.180277777778
Long Yeast Grow,pioreactor02,2025-09-19T10:30:24.915Z,21.12364,0.0,0.0,0.0,48.31,2025-09-19 12:30:24.915,11.186666666667
Long Yeast Grow,pioreactor02,2025-09-19T10:30:47.915Z,21.12514,0.0,0.0,0.0,48.31,2025-09-19 12:30:47.915,11.193055555556
Long Yeast Grow,pioreactor02,2025-09-19T10:31:10.915Z,21.12464,0.0,0.0,0.0,48.31,2025-09-19 12:31:10.915,11.199444444444
Long Yeast Grow,pioreactor02,2025-09-19T10:31:21.972Z,21.12464,0.0,0.0,0.0,0.0,2025-09-19 12:31:21.972,11.2025
Long Yeast Grow,pioreactor02,2025-09-19T10:31:33.915Z,21.13064,0.0,0.0,0.0,0.0,2025-09-19 12:31:33.915,11.205833333333
Long Yeast Grow,pioreactor02,2025-09-19T10:31:56.915Z,21.16714,0.0,0.0,0.0,0.0,2025-09-19 12:31:56.915,11.212222222222
Long Yeast Grow,pioreactor02,2025-09-19T10:32:19.915Z,21.15914,0.0,0.0,0.0,0.0,2025-09-19 12:32:19.915,11.218611111111
Long Yeast Grow,pioreactor02,2025-09-19T10:32:42.919Z,21.15964,0.0,0.0,0.0,0.0,2025-09-19 12:32:42.919,11.225
Long Yeast Grow,pioreactor02,2025-09-19T10:33:05.915Z,21.11714,0.0,0.0,0.0,0.0,2025-09-19 12:33:05.915,11.231388888889
Long Yeast Grow,pioreactor02,2025-09-19T10:33:13.406Z,21.11714,0.0,0.0,0.0,48.31,2025-09-19 12:33:13.406,11.233611111111
Long Yeast Grow,pioreactor02,2025-09-19T10:33:13.447Z,21.11714,0.0,0.0,0.0,47.33,2025-09-19 12:33:13.447,11.233611111111
Long Yeast Grow,pioreactor02,2025-09-19T10:33:28.915Z,21.12164,0.0,0.0,0.0,47.33,2025-09-19 12:33:28.915,11.237777777778
Long Yeast Grow,pioreactor02,2025-09-19T10:33:51.915Z,21.12614,0.0,0.0,0.0,47.33,2025-09-19 12:33:51.915,11.244166666667
Long Yeast Grow,pioreactor02,2025-09-19T10:34:14.915Z,21.12214,0.0,0.0,0.0,47.33,2025-09-19 12:34:14.915,11.250555555556
Long Yeast Grow,pioreactor02,2025-09-19T10:34:37.915Z,21.13564,0.0,0.0,0.0,47.33,2025-09-19 12:34:37.915,11.256944444444
Long Yeast Grow,pioreactor02,2025-09-19T10:34:41.973Z,21.13564,0.0,0.0,0.0,0.0,2025-09-19 12:34:41.973,11.258055555556
Long Yeast Grow,pioreactor02,2025-09-19T10:35:00.915Z,21.14364,0.0,0.0,0.0,0.0,2025-09-19 12:35:00.915,11.263333333333
Long Yeast Grow,pioreactor02,2025-09-19T10:35:23.915Z,21.14364,0.0,0.0,0.0,0.0,2025-09-19 12:35:23.915,11.269722222222
Long Yeast Grow,pioreactor02,2025-09-19T10:35:46.919Z,21.14314,0.0,0.0,0.0,0.0,2025-09-19 12:35:46.919,11.276111111111
Long Yeast Grow,pioreactor02,2025-09-19T10:36:09.915Z,21.14114,0.0,0.0,0.0,0.0,2025-09-19 12:36:09.915,11.2825
Long Yeast Grow,pioreactor02,2025-09-19T10:36:32.915Z,21.11964,0.0,0.0,0.0,0.0,2025-09-19 12:36:32.915,11.288888888889
Long Yeast Grow,pioreactor02,2025-09-19T10:36:33.406Z,21.11964,0.0,0.0,0.0,47.33,2025-09-19 12:36:33.406,11.289166666667
Long Yeast Grow,pioreactor02,2025-09-19T10:36:33.449Z,21.11964,0.0,0.0,0.0,47.37,2025-09-19 12:36:33.449,11.289166666667
Long Yeast Grow,pioreactor02,2025-09-19T10:36:55.915Z,21.11864,0.0,0.0,0.0,47.37,2025-09-19 12:36:55.915,11.295277777778
Long Yeast Grow,pioreactor02,2025-09-19T10:37:18.915Z,21.11764,0.0,0.0,0.0,47.37,2025-09-19 12:37:18.915,11.301666666667
Long Yeast Grow,pioreactor02,2025-09-19T10:37:41.919Z,21.10614,0.0,0.0,0.0,47.37,2025-09-19 12:37:41.919,11.308055555556
Long Yeast Grow,pioreactor02,2025-09-19T10:38:01.972Z,21.10614,0.0,0.0,0.0,0.0,2025-09-19 12:38:01.972,11.313611111111
Long Yeast Grow,pioreactor02,2025-09-19T10:38:04.915Z,21.08864,0.0,0.0,0.0,0.0,2025-09-19 12:38:04.915,11.314444444444
Long Yeast Grow,pioreactor02,2025-09-19T10:38:27.915Z,21.09664,0.0,0.0,0.0,0.0,2025-09-19 12:38:27.915,11.320833333333
Long Yeast Grow,pioreactor02,2025-09-19T10:38:50.915Z,21.09614,0.0,0.0,0.0,0.0,2025-09-19 12:38:50.915,11.327222222222
Long Yeast Grow,pioreactor02,2025-09-19T10:39:13.915Z,21.08114,0.0,0.0,0.0,0.0,2025-09-19 12:39:13.915,11.333611111111
Long Yeast Grow,pioreactor02,2025-09-19T10:39:36.915Z,21.15664,0.0,0.0,0.0,0.0,2025-09-19 12:39:36.915,11.34
Long Yeast Grow,pioreactor02,2025-09-19T10:39:53.404Z,21.15664,0.0,0.0,0.0,47.37,2025-09-19 12:39:53.404,11.344722222222
Long Yeast Grow,pioreactor02,2025-09-19T10:39:53.447Z,21.15664,0.0,0.0,0.0,46.6,2025-09-19 12:39:53.447,11.344722222222
Long Yeast Grow,pioreactor02,2025-09-19T10:39:59.915Z,21.14664,0.0,0.0,0.0,46.6,2025-09-19 12:39:59.915,11.346388888889
Long Yeast Grow,pioreactor02,2025-09-19T10:40:22.915Z,21.12264,0.0,0.0,0.0,46.6,2025-09-19 12:40:22.915,11.352777777778
Long Yeast Grow,pioreactor02,2025-09-19T10:40:45.923Z,21.11364,0.0,0.0,0.0,46.6,2025-09-19 12:40:45.923,11.359166666667
Long Yeast Grow,pioreactor02,2025-09-19T10:41:08.915Z,21.10914,0.0,0.0,0.0,46.6,2025-09-19 12:41:08.915,11.365555555556
Long Yeast Grow,pioreactor02,2025-09-19T10:41:21.972Z,21.10914,0.0,0.0,0.0,0.0,2025-09-19 12:41:21.972,11.369166666667
Long Yeast Grow,pioreactor02,2025-09-19T10:41:31.915Z,21.12414,0.0,0.0,0.0,0.0,2025-09-19 12:41:31.915,11.371944444444
Long Yeast Grow,pioreactor02,2025-09-19T10:41:54.915Z,21.12514,0.0,0.0,0.0,0.0,2025-09-19 12:41:54.915,11.378333333333
Long Yeast Grow,pioreactor02,2025-09-19T10:42:17.915Z,21.12464,0.0,0.0,0.0,0.0,2025-09-19 12:42:17.915,11.384722222222
Long Yeast Grow,pioreactor02,2025-09-19T10:42:40.915Z,21.09314,0.0,0.0,0.0,0.0,2025-09-19 12:42:40.915,11.391111111111
Long Yeast Grow,pioreactor02,2025-09-19T10:43:03.915Z,21.08164,0.0,0.0,0.0,0.0,2025-09-19 12:43:03.915,11.3975
Long Yeast Grow,pioreactor02,2025-09-19T10:43:13.405Z,21.08164,0.0,0.0,0.0,46.6,2025-09-19 12:43:13.405,11.400277777778
Long Yeast Grow,pioreactor02,2025-09-19T10:43:13.448Z,21.08164,0.0,0.0,0.0,47.66,2025-09-19 12:43:13.448,11.400277777778
Long Yeast Grow,pioreactor02,2025-09-19T10:43:26.915Z,21.08914,0.0,0.0,0.0,47.66,2025-09-19 12:43:26.915,11.403888888889
Long Yeast Grow,pioreactor02,2025-09-19T10:43:49.915Z,21.08214,0.0,0.0,0.0,47.66,2025-09-19 12:43:49.915,11.410277777778
Long Yeast Grow,pioreactor02,2025-09-19T10:44:12.915Z,21.11214,0.0,0.0,0.0,47.66,2025-09-19 12:44:12.915,11.416666666667
Long Yeast Grow,pioreactor02,2025-09-19T10:44:35.915Z,21.11064,0.0,0.0,0.0,47.66,2025-09-19 12:44:35.915,11.423055555556
Long Yeast Grow,pioreactor02,2025-09-19T10:44:41.972Z,21.11064,0.0,0.0,0.0,0.0,2025-09-19 12:44:41.972,11.424722222222
Long Yeast Grow,pioreactor02,2025-09-19T10:44:58.915Z,21.10614,0.0,0.0,0.0,0.0,2025-09-19 12:44:58.915,11.429444444444
Long Yeast Grow,pioreactor02,2025-09-19T10:45:21.915Z,21.10514,0.0,0.0,0.0,0.0,2025-09-19 12:45:21.915,11.435833333333
Long Yeast Grow,pioreactor02,2025-09-19T10:45:44.915Z,21.10114,0.0,0.0,0.0,0.0,2025-09-19 12:45:44.915,11.442222222222
Long Yeast Grow,pioreactor02,2025-09-19T10:46:07.915Z,21.11464,0.0,0.0,0.0,0.0,2025-09-19 12:46:07.915,11.448611111111
Long Yeast Grow,pioreactor02,2025-09-19T10:46:30.915Z,21.12514,0.0,0.0,0.0,0.0,2025-09-19 12:46:30.915,11.455
Long Yeast Grow,pioreactor02,2025-09-19T10:46:33.403Z,21.12514,0.0,0.0,0.0,47.66,2025-09-19 12:46:33.403,11.455833333333
Long Yeast Grow,pioreactor02,2025-09-19T10:46:33.448Z,21.12514,0.0,0.0,0.0,45.9,2025-09-19 12:46:33.448,11.455833333333
Long Yeast Grow,pioreactor02,2025-09-19T10:46:53.915Z,21.12064,0.0,0.0,0.0,45.9,2025-09-19 12:46:53.915,11.461388888889
Long Yeast Grow,pioreactor02,2025-09-19T10:47:16.919Z,21.11814,0.0,0.0,0.0,45.9,2025-09-19 12:47:16.919,11.467777777778
Long Yeast Grow,pioreactor02,2025-09-19T10:47:39.915Z,21.11864,0.0,0.0,0.0,45.9,2025-09-19 12:47:39.915,11.474166666667
Long Yeast Grow,pioreactor02,2025-09-19T10:48:01.972Z,21.11864,0.0,0.0,0.0,0.0,2025-09-19 12:48:01.972,11.480277777778
Long Yeast Grow,pioreactor02,2025-09-19T10:48:02.915Z,21.12364,0.0,0.0,0.0,0.0,2025-09-19 12:48:02.915,11.480555555556
Long Yeast Grow,pioreactor02,2025-09-19T10:48:25.915Z,21.12014,0.0,0.0,0.0,0.0,2025-09-19 12:48:25.915,11.486944444444
Long Yeast Grow,pioreactor02,2025-09-19T10:48:48.915Z,21.12514,0.0,0.0,0.0,0.0,2025-09-19 12:48:48.915,11.493333333333
Long Yeast Grow,pioreactor02,2025-09-19T10:49:11.915Z,21.11364,0.0,0.0,0.0,0.0,2025-09-19 12:49:11.915,11.499722222222
Long Yeast Grow,pioreactor02,2025-09-19T10:49:34.916Z,21.14464,0.0,0.0,0.0,0.0,2025-09-19 12:49:34.916,11.506111111111
Long Yeast Grow,pioreactor02,2025-09-19T10:49:53.405Z,21.14464,0.0,0.0,0.0,45.9,2025-09-19 12:49:53.405,11.511388888889
Long Yeast Grow,pioreactor02,2025-09-19T10:49:53.448Z,21.14464,0.0,0.0,0.0,47.83,2025-09-19 12:49:53.448,11.511388888889
Long Yeast Grow,pioreactor02,2025-09-19T10:49:57.915Z,21.11564,0.0,0.0,0.0,47.83,2025-09-19 12:49:57.915,11.5125
Long Yeast Grow,pioreactor02,2025-09-19T10:50:20.915Z,21.11714,0.0,0.0,0.0,47.83,2025-09-19 12:50:20.915,11.518888888889
Long Yeast Grow,pioreactor02,2025-09-19T10:50:43.915Z,21.11814,0.0,0.0,0.0,47.83,2025-09-19 12:50:43.915,11.525277777778
Long Yeast Grow,pioreactor02,2025-09-19T10:51:06.915Z,21.16364,0.0,0.0,0.0,47.83,2025-09-19 12:51:06.915,11.531666666667
Long Yeast Grow,pioreactor02,2025-09-19T10:51:21.972Z,21.16364,0.0,0.0,0.0,0.0,2025-09-19 12:51:21.972,11.535833333333
Long Yeast Grow,pioreactor02,2025-09-19T10:51:29.915Z,21.17014,0.0,0.0,0.0,0.0,2025-09-19 12:51:29.915,11.538055555556
Long Yeast Grow,pioreactor02,2025-09-19T10:51:52.916Z,21.17164,0.0,0.0,0.0,0.0,2025-09-19 12:51:52.916,11.544444444444
Long Yeast Grow,pioreactor02,2025-09-19T10:52:15.915Z,21.18664,0.0,0.0,0.0,0.0,2025-09-19 12:52:15.915,11.550833333333
Long Yeast Grow,pioreactor02,2025-09-19T10:52:38.915Z,21.18364,0.0,0.0,0.0,0.0,2025-09-19 12:52:38.915,11.557222222222
Long Yeast Grow,pioreactor02,2025-09-19T10:53:01.915Z,21.17964,0.0,0.0,0.0,0.0,2025-09-19 12:53:01.915,11.563611111111
Long Yeast Grow,pioreactor02,2025-09-19T10:53:13.403Z,21.17964,0.0,0.0,0.0,47.83,2025-09-19 12:53:13.403,11.566944444444
Long Yeast Grow,pioreactor02,2025-09-19T10:53:13.448Z,21.17964,0.0,0.0,0.0,47.4,2025-09-19 12:53:13.448,11.566944444444
Long Yeast Grow,pioreactor02,2025-09-19T10:53:24.915Z,21.19214,0.0,0.0,0.0,47.4,2025-09-19 12:53:24.915,11.57
Long Yeast Grow,pioreactor02,2025-09-19T10:53:47.915Z,21.19514,0.0,0.0,0.0,47.4,2025-09-19 12:53:47.915,11.576388888889
Long Yeast Grow,pioreactor02,2025-09-19T10:54:10.915Z,21.21114,0.0,0.0,0.0,47.4,2025-09-19 12:54:10.915,11.582777777778
Long Yeast Grow,pioreactor02,2025-09-19T10:54:33.915Z,21.19164,0.0,0.0,0.0,47.4,2025-09-19 12:54:33.915,11.589166666667
Long Yeast Grow,pioreactor02,2025-09-19T10:54:41.973Z,21.19164,0.0,0.0,0.0,0.0,2025-09-19 12:54:41.973,11.591388888889
Long Yeast Grow,pioreactor02,2025-09-19T10:54:56.915Z,21.19114,0.0,0.0,0.0,0.0,2025-09-19 12:54:56.915,11.595555555556
Long Yeast Grow,pioreactor02,2025-09-19T10:55:19.919Z,21.18614,0.0,0.0,0.0,0.0,2025-09-19 12:55:19.919,11.601944444444
Long Yeast Grow,pioreactor02,2025-09-19T10:55:42.916Z,21.17914,0.0,0.0,0.0,0.0,2025-09-19 12:55:42.916,11.608333333333
Long Yeast Grow,pioreactor02,2025-09-19T10:56:05.915Z,21.19064,0.0,0.0,0.0,0.0,2025-09-19 12:56:05.915,11.614722222222
Long Yeast Grow,pioreactor02,2025-09-19T10:56:28.915Z,21.16864,0.0,0.0,0.0,0.0,2025-09-19 12:56:28.915,11.621111111111
Long Yeast Grow,pioreactor02,2025-09-19T10:56:33.404Z,21.16864,0.0,0.0,0.0,47.4,2025-09-19 12:56:33.404,11.6225
Long Yeast Grow,pioreactor02,2025-09-19T10:56:33.448Z,21.16864,0.0,0.0,0.0,46.11,2025-09-19 12:56:33.448,11.6225
Long Yeast Grow,pioreactor02,2025-09-19T10:56:51.915Z,21.14164,0.0,0.0,0.0,46.11,2025-09-19 12:56:51.915,11.6275
Long Yeast Grow,pioreactor02,2025-09-19T10:57:14.919Z,21.10264,0.0,0.0,0.0,46.11,2025-09-19 12:57:14.919,11.633888888889
Long Yeast Grow,pioreactor02,2025-09-19T10:57:37.915Z,21.08364,0.0,0.0,0.0,46.11,2025-09-19 12:57:37.915,11.640277777778
Long Yeast Grow,pioreactor02,2025-09-19T10:58:00.915Z,21.11164,0.0,0.0,0.0,46.11,2025-09-19 12:58:00.915,11.646666666667
Long Yeast Grow,pioreactor02,2025-09-19T10:58:01.972Z,21.11164,0.0,0.0,0.0,0.0,2025-09-19 12:58:01.972,11.646944444444
Long Yeast Grow,pioreactor02,2025-09-19T10:58:23.915Z,21.12564,0.0,0.0,0.0,0.0,2025-09-19 12:58:23.915,11.653055555556
Long Yeast Grow,pioreactor02,2025-09-19T10:58:46.915Z,21.10164,0.0,0.0,0.0,0.0,2025-09-19 12:58:46.915,11.659444444444
Long Yeast Grow,pioreactor02,2025-09-19T10:59:09.879Z,21.12814,0.0,0.0,0.0,0.0,2025-09-19 12:59:09.879,11.665833333333
Long Yeast Grow,pioreactor02,2025-09-19T10:59:32.919Z,21.15014,0.0,0.0,0.0,0.0,2025-09-19 12:59:32.919,11.672222222222
Long Yeast Grow,pioreactor02,2025-09-19T10:59:53.404Z,21.15014,0.0,0.0,0.0,46.11,2025-09-19 12:59:53.404,11.678055555556
Long Yeast Grow,pioreactor02,2025-09-19T10:59:53.448Z,21.15014,0.0,0.0,0.0,46.77,2025-09-19 12:59:53.448,11.678055555556
Long Yeast Grow,pioreactor02,2025-09-19T10:59:55.915Z,21.17214,0.0,0.0,0.0,46.77,2025-09-19 12:59:55.915,11.678611111111
Long Yeast Grow,pioreactor02,2025-09-19T11:00:18.915Z,21.17314,0.0,0.0,0.0,46.77,2025-09-19 13:00:18.915,11.685
Long Yeast Grow,pioreactor02,2025-09-19T11:00:41.915Z,21.14564,0.0,0.0,0.0,46.77,2025-09-19 13:00:41.915,11.691388888889
Long Yeast Grow,pioreactor02,2025-09-19T11:01:04.915Z,21.14714,0.0,0.0,0.0,46.77,2025-09-19 13:01:04.915,11.697777777778
Long Yeast Grow,pioreactor02,2025-09-19T11:01:21.973Z,21.14714,0.0,0.0,0.0,0.0,2025-09-19 13:01:21.973,11.7025
Long Yeast Grow,pioreactor02,2025-09-19T11:01:27.915Z,21.12414,0.0,0.0,0.0,0.0,2025-09-19 13:01:27.915,11.704166666667
Long Yeast Grow,pioreactor02,2025-09-19T11:01:50.915Z,21.14764,0.0,0.0,0.0,0.0,2025-09-19 13:01:50.915,11.710555555556
Long Yeast Grow,pioreactor02,2025-09-19T11:02:13.915Z,21.15864,0.0,0.0,0.0,0.0,2025-09-19 13:02:13.915,11.716944444444
Long Yeast Grow,pioreactor02,2025-09-19T11:02:36.915Z,21.17214,0.0,0.0,0.0,0.0,2025-09-19 13:02:36.915,11.723333333333
Long Yeast Grow,pioreactor02,2025-09-19T11:02:59.915Z,21.16964,0.0,0.0,0.0,0.0,2025-09-19 13:02:59.915,11.729722222222
Long Yeast Grow,pioreactor02,2025-09-19T11:03:13.405Z,21.16964,0.0,0.0,0.0,46.77,2025-09-19 13:03:13.405,11.733611111111
Long Yeast Grow,pioreactor02,2025-09-19T11:03:13.447Z,21.16964,0.0,0.0,0.0,47.54,2025-09-19 13:03:13.447,11.733611111111
Long Yeast Grow,pioreactor02,2025-09-19T11:03:22.915Z,21.14614,0.0,0.0,0.0,47.54,2025-09-19 13:03:22.915,11.736111111111
Long Yeast Grow,pioreactor02,2025-09-19T11:03:45.919Z,21.12964,0.0,0.0,0.0,47.54,2025-09-19 13:03:45.919,11.7425
Long Yeast Grow,pioreactor02,2025-09-19T11:04:08.919Z,21.15464,0.0,0.0,0.0,47.54,2025-09-19 13:04:08.919,11.748888888889
Long Yeast Grow,pioreactor02,2025-09-19T11:04:31.919Z,21.15464,0.0,0.0,0.0,47.54,2025-09-19 13:04:31.919,11.755277777778
Long Yeast Grow,pioreactor02,2025-09-19T11:04:41.972Z,21.15464,0.0,0.0,0.0,0.0,2025-09-19 13:04:41.972,11.758055555556
Long Yeast Grow,pioreactor02,2025-09-19T11:04:54.915Z,21.14364,0.0,0.0,0.0,0.0,2025-09-19 13:04:54.915,11.761666666667
Long Yeast Grow,pioreactor02,2025-09-19T11:05:17.919Z,21.14314,0.0,0.0,0.0,0.0,2025-09-19 13:05:17.919,11.768055555556
Long Yeast Grow,pioreactor02,2025-09-19T11:05:40.915Z,21.13364,0.0,0.0,0.0,0.0,2025-09-19 13:05:40.915,11.774444444444
Long Yeast Grow,pioreactor02,2025-09-19T11:06:03.915Z,21.15514,0.0,0.0,0.0,0.0,2025-09-19 13:06:03.915,11.780833333333
Long Yeast Grow,pioreactor02,2025-09-19T11:06:26.915Z,21.15364,0.0,0.0,0.0,0.0,2025-09-19 13:06:26.915,11.787222222222
Long Yeast Grow,pioreactor02,2025-09-19T11:06:33.405Z,21.15364,0.0,0.0,0.0,47.54,2025-09-19 13:06:33.405,11.789166666667
Long Yeast Grow,pioreactor02,2025-09-19T11:06:33.447Z,21.15364,0.0,0.0,0.0,46.79,2025-09-19 13:06:33.447,11.789166666667
Long Yeast Grow,pioreactor02,2025-09-19T11:06:49.915Z,21.14714,0.0,0.0,0.0,46.79,2025-09-19 13:06:49.915,11.793611111111
Long Yeast Grow,pioreactor02,2025-09-19T11:07:12.915Z,21.15064,0.0,0.0,0.0,46.79,2025-09-19 13:07:12.915,11.8
Long Yeast Grow,pioreactor02,2025-09-19T11:07:35.915Z,21.14964,0.0,0.0,0.0,46.79,2025-09-19 13:07:35.915,11.806388888889
Long Yeast Grow,pioreactor02,2025-09-19T11:07:58.919Z,21.14664,0.0,0.0,0.0,46.79,2025-09-19 13:07:58.919,11.812777777778
Long Yeast Grow,pioreactor02,2025-09-19T11:08:01.973Z,21.14664,0.0,0.0,0.0,0.0,2025-09-19 13:08:01.973,11.813611111111
Long Yeast Grow,pioreactor02,2025-09-19T11:08:21.919Z,21.14864,0.0,0.0,0.0,0.0,2025-09-19 13:08:21.919,11.819166666667
Long Yeast Grow,pioreactor02,2025-09-19T11:08:44.915Z,21.15114,0.0,0.0,0.0,0.0,2025-09-19 13:08:44.915,11.825555555556
Long Yeast Grow,pioreactor02,2025-09-19T11:09:07.915Z,21.14814,0.0,0.0,0.0,0.0,2025-09-19 13:09:07.915,11.831944444444
Long Yeast Grow,pioreactor02,2025-09-19T11:09:30.915Z,21.17214,0.0,0.0,0.0,0.0,2025-09-19 13:09:30.915,11.838333333333
Long Yeast Grow,pioreactor02,2025-09-19T11:09:53.406Z,21.17214,0.0,0.0,0.0,46.79,2025-09-19 13:09:53.406,11.844722222222
Long Yeast Grow,pioreactor02,2025-09-19T11:09:53.447Z,21.17214,0.0,0.0,0.0,47.48,2025-09-19 13:09:53.447,11.844722222222
Long Yeast Grow,pioreactor02,2025-09-19T11:09:53.923Z,21.18614,0.0,0.0,0.0,47.48,2025-09-19 13:09:53.923,11.844722222222
Long Yeast Grow,pioreactor02,2025-09-19T11:10:16.920Z,21.20614,0.0,0.0,0.0,47.48,2025-09-19 13:10:16.920,11.851111111111
Long Yeast Grow,pioreactor02,2025-09-19T11:10:39.915Z,21.18564,0.0,0.0,0.0,47.48,2025-09-19 13:10:39.915,11.8575
Long Yeast Grow,pioreactor02,2025-09-19T11:11:02.915Z,21.19914,0.0,0.0,0.0,47.48,2025-09-19 13:11:02.915,11.863888888889
Long Yeast Grow,pioreactor02,2025-09-19T11:11:21.973Z,21.19914,0.0,0.0,0.0,0.0,2025-09-19 13:11:21.973,11.869166666667
Long Yeast Grow,pioreactor02,2025-09-19T11:11:25.919Z,21.19664,0.0,0.0,0.0,0.0,2025-09-19 13:11:25.919,11.870277777778
Long Yeast Grow,pioreactor02,2025-09-19T11:11:48.916Z,21.19764,0.0,0.0,0.0,0.0,2025-09-19 13:11:48.916,11.876666666667
Long Yeast Grow,pioreactor02,2025-09-19T11:12:11.915Z,21.19514,0.0,0.0,0.0,0.0,2025-09-19 13:12:11.915,11.883055555556
Long Yeast Grow,pioreactor02,2025-09-19T11:12:34.915Z,21.19764,0.0,0.0,0.0,0.0,2025-09-19 13:12:34.915,11.889444444444
Long Yeast Grow,pioreactor02,2025-09-19T11:12:57.915Z,21.16164,0.0,0.0,0.0,0.0,2025-09-19 13:12:57.915,11.895833333333
Long Yeast Grow,pioreactor02,2025-09-19T11:13:13.406Z,21.16164,0.0,0.0,0.0,47.48,2025-09-19 13:13:13.406,11.900277777778
Long Yeast Grow,pioreactor02,2025-09-19T11:13:13.449Z,21.16164,0.0,0.0,0.0,47.73,2025-09-19 13:13:13.449,11.900277777778
Long Yeast Grow,pioreactor02,2025-09-19T11:13:20.915Z,21.13164,0.0,0.0,0.0,47.73,2025-09-19 13:13:20.915,11.902222222222
Long Yeast Grow,pioreactor02,2025-09-19T11:13:43.915Z,21.13614,0.0,0.0,0.0,47.73,2025-09-19 13:13:43.915,11.908611111111
Long Yeast Grow,pioreactor02,2025-09-19T11:14:06.915Z,21.13914,0.0,0.0,0.0,47.73,2025-09-19 13:14:06.915,11.915
Long Yeast Grow,pioreactor02,2025-09-19T11:14:29.915Z,21.13914,0.0,0.0,0.0,47.73,2025-09-19 13:14:29.915,11.921388888889
Long Yeast Grow,pioreactor02,2025-09-19T11:14:41.972Z,21.13914,0.0,0.0,0.0,0.0,2025-09-19 13:14:41.972,11.924722222222
Long Yeast Grow,pioreactor02,2025-09-19T11:14:52.919Z,21.10314,0.0,0.0,0.0,0.0,2025-09-19 13:14:52.919,11.927777777778
Long Yeast Grow,pioreactor02,2025-09-19T11:15:15.919Z,21.08614,0.0,0.0,0.0,0.0,2025-09-19 13:15:15.919,11.934166666667
Long Yeast Grow,pioreactor02,2025-09-19T11:15:38.915Z,21.14464,0.0,0.0,0.0,0.0,2025-09-19 13:15:38.915,11.940555555556
Long Yeast Grow,pioreactor02,2025-09-19T11:16:01.915Z,21.12914,0.0,0.0,0.0,0.0,2025-09-19 13:16:01.915,11.946944444444
Long Yeast Grow,pioreactor02,2025-09-19T11:16:24.919Z,21.14464,0.0,0.0,0.0,0.0,2025-09-19 13:16:24.919,11.953333333333
Long Yeast Grow,pioreactor02,2025-09-19T11:16:33.406Z,21.14464,0.0,0.0,0.0,47.73,2025-09-19 13:16:33.406,11.955833333333
Long Yeast Grow,pioreactor02,2025-09-19T11:16:33.447Z,21.14464,0.0,0.0,0.0,47.94,2025-09-19 13:16:33.447,11.955833333333
Long Yeast Grow,pioreactor02,2025-09-19T11:16:47.915Z,21.14814,0.0,0.0,0.0,47.94,2025-09-19 13:16:47.915,11.959722222222
Long Yeast Grow,pioreactor02,2025-09-19T11:17:10.915Z,21.16364,0.0,0.0,0.0,47.94,2025-09-19 13:17:10.915,11.966111111111
Long Yeast Grow,pioreactor02,2025-09-19T11:17:33.915Z,21.16414,0.0,0.0,0.0,47.94,2025-09-19 13:17:33.915,11.9725
Long Yeast Grow,pioreactor02,2025-09-19T11:17:56.915Z,21.16414,0.0,0.0,0.0,47.94,2025-09-19 13:17:56.915,11.978888888889
Long Yeast Grow,pioreactor02,2025-09-19T11:18:01.973Z,21.16414,0.0,0.0,0.0,0.0,2025-09-19 13:18:01.973,11.980277777778
Long Yeast Grow,pioreactor02,2025-09-19T11:18:19.915Z,21.14264,0.0,0.0,0.0,0.0,2025-09-19 13:18:19.915,11.985277777778
Long Yeast Grow,pioreactor02,2025-09-19T11:18:42.915Z,21.15064,0.0,0.0,0.0,0.0,2025-09-19 13:18:42.915,11.991666666667
Long Yeast Grow,pioreactor02,2025-09-19T11:19:05.919Z,21.15414,0.0,0.0,0.0,0.0,2025-09-19 13:19:05.919,11.998055555556
Long Yeast Grow,pioreactor02,2025-09-19T11:19:28.919Z,21.15564,0.0,0.0,0.0,0.0,2025-09-19 13:19:28.919,12.004444444444
Long Yeast Grow,pioreactor02,2025-09-19T11:19:51.915Z,21.16714,0.0,0.0,0.0,0.0,2025-09-19 13:19:51.915,12.010833333333
Long Yeast Grow,pioreactor02,2025-09-19T11:19:53.405Z,21.16714,0.0,0.0,0.0,47.94,2025-09-19 13:19:53.405,12.011388888889
Long Yeast Grow,pioreactor02,2025-09-19T11:19:53.448Z,21.16714,0.0,0.0,0.0,47.5,2025-09-19 13:19:53.448,12.011388888889
Long Yeast Grow,pioreactor02,2025-09-19T11:20:14.915Z,21.15414,0.0,0.0,0.0,47.5,2025-09-19 13:20:14.915,12.017222222222
Long Yeast Grow,pioreactor02,2025-09-19T11:20:37.915Z,21.10964,0.0,0.0,0.0,47.5,2025-09-19 13:20:37.915,12.023611111111
Long Yeast Grow,pioreactor02,2025-09-19T11:21:00.919Z,21.10664,0.0,0.0,0.0,47.5,2025-09-19 13:21:00.919,12.03
Long Yeast Grow,pioreactor02,2025-09-19T11:21:21.972Z,21.10664,0.0,0.0,0.0,0.0,2025-09-19 13:21:21.972,12.035833333333
Long Yeast Grow,pioreactor02,2025-09-19T11:21:23.919Z,21.07064,0.0,0.0,0.0,0.0,2025-09-19 13:21:23.919,12.036388888889
Long Yeast Grow,pioreactor02,2025-09-19T11:21:46.915Z,21.06814,0.0,0.0,0.0,0.0,2025-09-19 13:21:46.915,12.042777777778
Long Yeast Grow,pioreactor02,2025-09-19T11:22:09.915Z,21.03214,0.0,0.0,0.0,0.0,2025-09-19 13:22:09.915,12.049166666667
Long Yeast Grow,pioreactor02,2025-09-19T11:22:32.915Z,21.03414,0.0,0.0,0.0,0.0,2025-09-19 13:22:32.915,12.055555555556
Long Yeast Grow,pioreactor02,2025-09-19T11:22:55.915Z,21.00064,0.0,0.0,0.0,0.0,2025-09-19 13:22:55.915,12.061944444444
Long Yeast Grow,pioreactor02,2025-09-19T11:23:13.403Z,21.00064,0.0,0.0,0.0,47.5,2025-09-19 13:23:13.403,12.066944444444
Long Yeast Grow,pioreactor02,2025-09-19T11:23:13.448Z,21.00064,0.0,0.0,0.0,46.47,2025-09-19 13:23:13.448,12.066944444444
Long Yeast Grow,pioreactor02,2025-09-19T11:23:18.915Z,21.02914,0.0,0.0,0.0,46.47,2025-09-19 13:23:18.915,12.068333333333
Long Yeast Grow,pioreactor02,2025-09-19T11:23:41.915Z,21.03264,0.0,0.0,0.0,46.47,2025-09-19 13:23:41.915,12.074722222222
Long Yeast Grow,pioreactor02,2025-09-19T11:24:04.915Z,21.06914,0.0,0.0,0.0,46.47,2025-09-19 13:24:04.915,12.081111111111
Long Yeast Grow,pioreactor02,2025-09-19T11:24:27.915Z,21.07314,0.0,0.0,0.0,46.47,2025-09-19 13:24:27.915,12.0875
Long Yeast Grow,pioreactor02,2025-09-19T11:24:41.972Z,21.07314,0.0,0.0,0.0,0.0,2025-09-19 13:24:41.972,12.091388888889
Long Yeast Grow,pioreactor02,2025-09-19T11:24:50.915Z,21.03214,0.0,0.0,0.0,0.0,2025-09-19 13:24:50.915,12.093888888889
Long Yeast Grow,pioreactor02,2025-09-19T11:25:13.915Z,21.03114,0.0,0.0,0.0,0.0,2025-09-19 13:25:13.915,12.100277777778
Long Yeast Grow,pioreactor02,2025-09-19T11:25:36.915Z,21.05464,0.0,0.0,0.0,0.0,2025-09-19 13:25:36.915,12.106666666667
Long Yeast Grow,pioreactor02,2025-09-19T11:25:59.915Z,21.07364,0.0,0.0,0.0,0.0,2025-09-19 13:25:59.915,12.113055555556
Long Yeast Grow,pioreactor02,2025-09-19T11:26:22.915Z,21.05914,0.0,0.0,0.0,0.0,2025-09-19 13:26:22.915,12.119444444444
Long Yeast Grow,pioreactor02,2025-09-19T11:26:33.403Z,21.05914,0.0,0.0,0.0,46.47,2025-09-19 13:26:33.403,12.1225
Long Yeast Grow,pioreactor02,2025-09-19T11:26:33.447Z,21.05914,0.0,0.0,0.0,46.22,2025-09-19 13:26:33.447,12.1225
Long Yeast Grow,pioreactor02,2025-09-19T11:26:45.919Z,21.05714,0.0,0.0,0.0,46.22,2025-09-19 13:26:45.919,12.125833333333
Long Yeast Grow,pioreactor02,2025-09-19T11:27:08.919Z,21.05514,0.0,0.0,0.0,46.22,2025-09-19 13:27:08.919,12.132222222222
Long Yeast Grow,pioreactor02,2025-09-19T11:27:31.915Z,21.08764,0.0,0.0,0.0,46.22,2025-09-19 13:27:31.915,12.138611111111
Long Yeast Grow,pioreactor02,2025-09-19T11:27:54.915Z,21.11864,0.0,0.0,0.0,46.22,2025-09-19 13:27:54.915,12.145
Long Yeast Grow,pioreactor02,2025-09-19T11:28:01.973Z,21.11864,0.0,0.0,0.0,0.0,2025-09-19 13:28:01.973,12.146944444444
Long Yeast Grow,pioreactor02,2025-09-19T11:28:17.915Z,21.11764,0.0,0.0,0.0,0.0,2025-09-19 13:28:17.915,12.151388888889
Long Yeast Grow,pioreactor02,2025-09-19T11:28:40.915Z,21.11764,0.0,0.0,0.0,0.0,2025-09-19 13:28:40.915,12.157777777778
Long Yeast Grow,pioreactor02,2025-09-19T11:29:03.915Z,21.11664,0.0,0.0,0.0,0.0,2025-09-19 13:29:03.915,12.164166666667
Long Yeast Grow,pioreactor02,2025-09-19T11:29:26.915Z,21.10864,0.0,0.0,0.0,0.0,2025-09-19 13:29:26.915,12.170555555556
Long Yeast Grow,pioreactor02,2025-09-19T11:29:49.915Z,21.11214,0.0,0.0,0.0,0.0,2025-09-19 13:29:49.915,12.176944444444
Long Yeast Grow,pioreactor02,2025-09-19T11:29:53.406Z,21.11214,0.0,0.0,0.0,46.22,2025-09-19 13:29:53.406,12.178055555556
Long Yeast Grow,pioreactor02,2025-09-19T11:29:53.448Z,21.11214,0.0,0.0,0.0,46.6,2025-09-19 13:29:53.448,12.178055555556
Long Yeast Grow,pioreactor02,2025-09-19T11:30:12.915Z,21.09414,0.0,0.0,0.0,46.6,2025-09-19 13:30:12.915,12.183333333333
Long Yeast Grow,pioreactor02,2025-09-19T11:30:35.915Z,21.09914,0.0,0.0,0.0,46.6,2025-09-19 13:30:35.915,12.189722222222
Long Yeast Grow,pioreactor02,2025-09-19T11:30:58.915Z,21.11014,0.0,0.0,0.0,46.6,2025-09-19 13:30:58.915,12.196111111111
Long Yeast Grow,pioreactor02,2025-09-19T11:31:21.915Z,21.10164,0.0,0.0,0.0,46.6,2025-09-19 13:31:21.915,12.2025
Long Yeast Grow,pioreactor02,2025-09-19T11:31:21.973Z,21.10164,0.0,0.0,0.0,0.0,2025-09-19 13:31:21.973,12.2025
Long Yeast Grow,pioreactor02,2025-09-19T11:31:44.919Z,21.12114,0.0,0.0,0.0,0.0,2025-09-19 13:31:44.919,12.208888888889
Long Yeast Grow,pioreactor02,2025-09-19T11:32:07.915Z,21.11214,0.0,0.0,0.0,0.0,2025-09-19 13:32:07.915,12.215277777778
Long Yeast Grow,pioreactor02,2025-09-19T11:32:30.915Z,21.12914,0.0,0.0,0.0,0.0,2025-09-19 13:32:30.915,12.221666666667
Long Yeast Grow,pioreactor02,2025-09-19T11:32:53.915Z,21.20514,0.0,0.0,0.0,0.0,2025-09-19 13:32:53.915,12.228055555556
Long Yeast Grow,pioreactor02,2025-09-19T11:33:13.406Z,21.20514,0.0,0.0,0.0,46.6,2025-09-19 13:33:13.406,12.233611111111
Long Yeast Grow,pioreactor02,2025-09-19T11:33:13.449Z,21.20514,0.0,0.0,0.0,46.88,2025-09-19 13:33:13.449,12.233611111111
Long Yeast Grow,pioreactor02,2025-09-19T11:33:16.915Z,21.23214,0.0,0.0,0.0,46.88,2025-09-19 13:33:16.915,12.234444444444
Long Yeast Grow,pioreactor02,2025-09-19T11:33:39.915Z,21.20664,0.0,0.0,0.0,46.88,2025-09-19 13:33:39.915,12.240833333333
Long Yeast Grow,pioreactor02,2025-09-19T11:34:02.915Z,21.20964,0.0,0.0,0.0,46.88,2025-09-19 13:34:02.915,12.247222222222
Long Yeast Grow,pioreactor02,2025-09-19T11:34:25.915Z,21.19414,0.0,0.0,0.0,46.88,2025-09-19 13:34:25.915,12.253611111111
Long Yeast Grow,pioreactor02,2025-09-19T11:34:41.972Z,21.19414,0.0,0.0,0.0,0.0,2025-09-19 13:34:41.972,12.258055555556
Long Yeast Grow,pioreactor02,2025-09-19T11:34:48.915Z,21.19414,0.0,0.0,0.0,0.0,2025-09-19 13:34:48.915,12.26
Long Yeast Grow,pioreactor02,2025-09-19T11:35:11.915Z,21.19364,0.0,0.0,0.0,0.0,2025-09-19 13:35:11.915,12.266388888889
Long Yeast Grow,pioreactor02,2025-09-19T11:35:34.915Z,21.16114,0.0,0.0,0.0,0.0,2025-09-19 13:35:34.915,12.272777777778
Long Yeast Grow,pioreactor02,2025-09-19T11:35:57.915Z,21.16064,0.0,0.0,0.0,0.0,2025-09-19 13:35:57.915,12.279166666667
Long Yeast Grow,pioreactor02,2025-09-19T11:36:20.919Z,21.15164,0.0,0.0,0.0,0.0,2025-09-19 13:36:20.919,12.285555555556
Long Yeast Grow,pioreactor02,2025-09-19T11:36:33.406Z,21.15164,0.0,0.0,0.0,46.88,2025-09-19 13:36:33.406,12.289166666667
Long Yeast Grow,pioreactor02,2025-09-19T11:36:33.448Z,21.15164,0.0,0.0,0.0,46.43,2025-09-19 13:36:33.448,12.289166666667
Long Yeast Grow,pioreactor02,2025-09-19T11:36:43.915Z,21.15714,0.0,0.0,0.0,46.43,2025-09-19 13:36:43.915,12.291944444444
Long Yeast Grow,pioreactor02,2025-09-19T11:37:06.915Z,21.12814,0.0,0.0,0.0,46.43,2025-09-19 13:37:06.915,12.298333333333
Long Yeast Grow,pioreactor02,2025-09-19T11:37:29.915Z,21.18914,0.0,0.0,0.0,46.43,2025-09-19 13:37:29.915,12.304722222222
Long Yeast Grow,pioreactor02,2025-09-19T11:37:52.915Z,21.20814,0.0,0.0,0.0,46.43,2025-09-19 13:37:52.915,12.311111111111
Long Yeast Grow,pioreactor02,2025-09-19T11:38:01.972Z,21.20814,0.0,0.0,0.0,0.0,2025-09-19 13:38:01.972,12.313611111111
Long Yeast Grow,pioreactor02,2025-09-19T11:38:15.915Z,21.19014,0.0,0.0,0.0,0.0,2025-09-19 13:38:15.915,12.3175
Long Yeast Grow,pioreactor02,2025-09-19T11:38:38.915Z,21.18464,0.0,0.0,0.0,0.0,2025-09-19 13:38:38.915,12.323888888889
Long Yeast Grow,pioreactor02,2025-09-19T11:39:01.915Z,21.18014,0.0,0.0,0.0,0.0,2025-09-19 13:39:01.915,12.330277777778
Long Yeast Grow,pioreactor02,2025-09-19T11:39:24.919Z,21.16464,0.0,0.0,0.0,0.0,2025-09-19 13:39:24.919,12.336666666667
Long Yeast Grow,pioreactor02,2025-09-19T11:39:47.919Z,21.17164,0.0,0.0,0.0,0.0,2025-09-19 13:39:47.919,12.343055555556
Long Yeast Grow,pioreactor02,2025-09-19T11:39:53.406Z,21.17164,0.0,0.0,0.0,46.43,2025-09-19 13:39:53.406,12.344722222222
Long Yeast Grow,pioreactor02,2025-09-19T11:39:53.448Z,21.17164,0.0,0.0,0.0,47.09,2025-09-19 13:39:53.448,12.344722222222
Long Yeast Grow,pioreactor02,2025-09-19T11:40:10.919Z,21.17364,0.0,0.0,0.0,47.09,2025-09-19 13:40:10.919,12.349444444444
Long Yeast Grow,pioreactor02,2025-09-19T11:40:33.915Z,21.16164,0.0,0.0,0.0,47.09,2025-09-19 13:40:33.915,12.355833333333
Long Yeast Grow,pioreactor02,2025-09-19T11:40:56.915Z,21.21514,0.0,0.0,0.0,47.09,2025-09-19 13:40:56.915,12.362222222222
Long Yeast Grow,pioreactor02,2025-09-19T11:41:19.915Z,21.21764,0.0,0.0,0.0,47.09,2025-09-19 13:41:19.915,12.368611111111
Long Yeast Grow,pioreactor02,2025-09-19T11:41:21.972Z,21.21764,0.0,0.0,0.0,0.0,2025-09-19 13:41:21.972,12.369166666667
Long Yeast Grow,pioreactor02,2025-09-19T11:41:42.915Z,21.18514,0.0,0.0,0.0,0.0,2025-09-19 13:41:42.915,12.375
Long Yeast Grow,pioreactor02,2025-09-19T11:42:05.919Z,21.16614,0.0,0.0,0.0,0.0,2025-09-19 13:42:05.919,12.381388888889
Long Yeast Grow,pioreactor02,2025-09-19T11:42:28.919Z,21.15764,0.0,0.0,0.0,0.0,2025-09-19 13:42:28.919,12.387777777778
Long Yeast Grow,pioreactor02,2025-09-19T11:42:51.915Z,21.16014,0.0,0.0,0.0,0.0,2025-09-19 13:42:51.915,12.394166666667
Long Yeast Grow,pioreactor02,2025-09-19T11:43:13.405Z,21.16014,0.0,0.0,0.0,47.09,2025-09-19 13:43:13.405,12.400277777778
Long Yeast Grow,pioreactor02,2025-09-19T11:43:13.449Z,21.16014,0.0,0.0,0.0,46.31,2025-09-19 13:43:13.449,12.400277777778
Long Yeast Grow,pioreactor02,2025-09-19T11:43:14.915Z,21.15114,0.0,0.0,0.0,46.31,2025-09-19 13:43:14.915,12.400555555556
Long Yeast Grow,pioreactor02,2025-09-19T11:43:37.915Z,21.18764,0.0,0.0,0.0,46.31,2025-09-19 13:43:37.915,12.406944444444
Long Yeast Grow,pioreactor02,2025-09-19T11:44:00.915Z,21.19514,0.0,0.0,0.0,46.31,2025-09-19 13:44:00.915,12.413333333333
Long Yeast Grow,pioreactor02,2025-09-19T11:44:23.915Z,21.19864,0.0,0.0,0.0,46.31,2025-09-19 13:44:23.915,12.419722222222
Long Yeast Grow,pioreactor02,2025-09-19T11:44:41.973Z,21.19864,0.0,0.0,0.0,0.0,2025-09-19 13:44:41.973,12.424722222222
Long Yeast Grow,pioreactor02,2025-09-19T11:44:46.915Z,21.19914,0.0,0.0,0.0,0.0,2025-09-19 13:44:46.915,12.426111111111
Long Yeast Grow,pioreactor02,2025-09-19T11:45:09.916Z,21.20314,0.0,0.0,0.0,0.0,2025-09-19 13:45:09.916,12.4325
Long Yeast Grow,pioreactor02,2025-09-19T11:45:32.915Z,21.19264,0.0,0.0,0.0,0.0,2025-09-19 13:45:32.915,12.438888888889
Long Yeast Grow,pioreactor02,2025-09-19T11:45:55.915Z,21.18764,0.0,0.0,0.0,0.0,2025-09-19 13:45:55.915,12.445277777778
Long Yeast Grow,pioreactor02,2025-09-19T11:46:18.915Z,21.20514,0.0,0.0,0.0,0.0,2025-09-19 13:46:18.915,12.451666666667
Long Yeast Grow,pioreactor02,2025-09-19T11:46:33.406Z,21.20514,0.0,0.0,0.0,46.31,2025-09-19 13:46:33.406,12.455833333333
Long Yeast Grow,pioreactor02,2025-09-19T11:46:33.448Z,21.20514,0.0,0.0,0.0,46.92,2025-09-19 13:46:33.448,12.455833333333
Long Yeast Grow,pioreactor02,2025-09-19T11:46:41.915Z,21.20664,0.0,0.0,0.0,46.92,2025-09-19 13:46:41.915,12.458055555556
Long Yeast Grow,pioreactor02,2025-09-19T11:47:04.915Z,21.20764,0.0,0.0,0.0,46.92,2025-09-19 13:47:04.915,12.464444444444
Long Yeast Grow,pioreactor02,2025-09-19T11:47:27.915Z,21.20614,0.0,0.0,0.0,46.92,2025-09-19 13:47:27.915,12.470833333333
Long Yeast Grow,pioreactor02,2025-09-19T11:47:50.915Z,21.19614,0.0,0.0,0.0,46.92,2025-09-19 13:47:50.915,12.477222222222
Long Yeast Grow,pioreactor02,2025-09-19T11:48:01.972Z,21.19614,0.0,0.0,0.0,0.0,2025-09-19 13:48:01.972,12.480277777778
Long Yeast Grow,pioreactor02,2025-09-19T11:48:13.915Z,21.19164,0.0,0.0,0.0,0.0,2025-09-19 13:48:13.915,12.483611111111
Long Yeast Grow,pioreactor02,2025-09-19T11:48:36.919Z,21.18664,0.0,0.0,0.0,0.0,2025-09-19 13:48:36.919,12.49
Long Yeast Grow,pioreactor02,2025-09-19T11:48:59.919Z,21.17514,0.0,0.0,0.0,0.0,2025-09-19 13:48:59.919,12.496388888889
Long Yeast Grow,pioreactor02,2025-09-19T11:49:22.915Z,21.14314,0.0,0.0,0.0,0.0,2025-09-19 13:49:22.915,12.502777777778
Long Yeast Grow,pioreactor02,2025-09-19T11:49:45.915Z,21.14414,0.0,0.0,0.0,0.0,2025-09-19 13:49:45.915,12.509166666667
Long Yeast Grow,pioreactor02,2025-09-19T11:49:53.405Z,21.14414,0.0,0.0,0.0,46.92,2025-09-19 13:49:53.405,12.511388888889
Long Yeast Grow,pioreactor02,2025-09-19T11:49:53.447Z,21.14414,0.0,0.0,0.0,46.81,2025-09-19 13:49:53.447,12.511388888889
Long Yeast Grow,pioreactor02,2025-09-19T11:50:08.915Z,21.16964,0.0,0.0,0.0,46.81,2025-09-19 13:50:08.915,12.515555555556
Long Yeast Grow,pioreactor02,2025-09-19T11:50:31.915Z,21.20264,0.0,0.0,0.0,46.81,2025-09-19 13:50:31.915,12.521944444444
Long Yeast Grow,pioreactor02,2025-09-19T11:50:54.915Z,21.21664,0.0,0.0,0.0,46.81,2025-09-19 13:50:54.915,12.528333333333
Long Yeast Grow,pioreactor02,2025-09-19T11:51:17.915Z,21.18014,0.0,0.0,0.0,46.81,2025-09-19 13:51:17.915,12.534722222222
Long Yeast Grow,pioreactor02,2025-09-19T11:51:21.973Z,21.18014,0.0,0.0,0.0,0.0,2025-09-19 13:51:21.973,12.535833333333
Long Yeast Grow,pioreactor02,2025-09-19T11:51:40.915Z,21.18064,0.0,0.0,0.0,0.0,2025-09-19 13:51:40.915,12.541111111111
Long Yeast Grow,pioreactor02,2025-09-19T11:52:03.915Z,21.15864,0.0,0.0,0.0,0.0,2025-09-19 13:52:03.915,12.5475
Long Yeast Grow,pioreactor02,2025-09-19T11:52:26.915Z,21.15714,0.0,0.0,0.0,0.0,2025-09-19 13:52:26.915,12.553888888889
Long Yeast Grow,pioreactor02,2025-09-19T11:52:49.915Z,21.16114,0.0,0.0,0.0,0.0,2025-09-19 13:52:49.915,12.560277777778
Long Yeast Grow,pioreactor02,2025-09-19T11:53:12.915Z,21.16014,0.0,0.0,0.0,0.0,2025-09-19 13:53:12.915,12.566666666667
Long Yeast Grow,pioreactor02,2025-09-19T11:53:13.405Z,21.16014,0.0,0.0,0.0,46.81,2025-09-19 13:53:13.405,12.566944444444
Long Yeast Grow,pioreactor02,2025-09-19T11:53:13.448Z,21.16014,0.0,0.0,0.0,47.56,2025-09-19 13:53:13.448,12.566944444444
Long Yeast Grow,pioreactor02,2025-09-19T11:53:35.915Z,21.16214,0.0,0.0,0.0,47.56,2025-09-19 13:53:35.915,12.573055555556
Long Yeast Grow,pioreactor02,2025-09-19T11:53:58.915Z,21.17114,0.0,0.0,0.0,47.56,2025-09-19 13:53:58.915,12.579444444444
Long Yeast Grow,pioreactor02,2025-09-19T11:54:21.915Z,21.20364,0.0,0.0,0.0,47.56,2025-09-19 13:54:21.915,12.585833333333
Long Yeast Grow,pioreactor02,2025-09-19T11:54:41.972Z,21.20364,0.0,0.0,0.0,0.0,2025-09-19 13:54:41.972,12.591388888889
Long Yeast Grow,pioreactor02,2025-09-19T11:54:44.915Z,21.19364,0.0,0.0,0.0,0.0,2025-09-19 13:54:44.915,12.592222222222
Long Yeast Grow,pioreactor02,2025-09-19T11:55:07.915Z,21.16664,0.0,0.0,0.0,0.0,2025-09-19 13:55:07.915,12.598611111111
Long Yeast Grow,pioreactor02,2025-09-19T11:55:30.915Z,21.18314,0.0,0.0,0.0,0.0,2025-09-19 13:55:30.915,12.605
Long Yeast Grow,pioreactor02,2025-09-19T11:55:53.919Z,21.18164,0.0,0.0,0.0,0.0,2025-09-19 13:55:53.919,12.611388888889
Long Yeast Grow,pioreactor02,2025-09-19T11:56:16.915Z,21.18114,0.0,0.0,0.0,0.0,2025-09-19 13:56:16.915,12.617777777778
Long Yeast Grow,pioreactor02,2025-09-19T11:56:33.405Z,21.18114,0.0,0.0,0.0,47.56,2025-09-19 13:56:33.405,12.6225
Long Yeast Grow,pioreactor02,2025-09-19T11:56:33.447Z,21.18114,0.0,0.0,0.0,46.98,2025-09-19 13:56:33.447,12.6225
Long Yeast Grow,pioreactor02,2025-09-19T11:56:39.915Z,21.16464,0.0,0.0,0.0,46.98,2025-09-19 13:56:39.915,12.624166666667
Long Yeast Grow,pioreactor02,2025-09-19T11:57:02.915Z,21.18314,0.0,0.0,0.0,46.98,2025-09-19 13:57:02.915,12.630555555556
Long Yeast Grow,pioreactor02,2025-09-19T11:57:25.915Z,21.18364,0.0,0.0,0.0,46.98,2025-09-19 13:57:25.915,12.636944444444
Long Yeast Grow,pioreactor02,2025-09-19T11:57:48.915Z,21.20364,0.0,0.0,0.0,46.98,2025-09-19 13:57:48.915,12.643333333333
Long Yeast Grow,pioreactor02,2025-09-19T11:58:01.972Z,21.20364,0.0,0.0,0.0,0.0,2025-09-19 13:58:01.972,12.646944444444
Long Yeast Grow,pioreactor02,2025-09-19T11:58:11.915Z,21.20464,0.0,0.0,0.0,0.0,2025-09-19 13:58:11.915,12.649722222222
Long Yeast Grow,pioreactor02,2025-09-19T11:58:34.915Z,21.16914,0.0,0.0,0.0,0.0,2025-09-19 13:58:34.915,12.656111111111
Long Yeast Grow,pioreactor02,2025-09-19T11:58:57.915Z,21.16664,0.0,0.0,0.0,0.0,2025-09-19 13:58:57.915,12.6625
Long Yeast Grow,pioreactor02,2025-09-19T11:59:20.915Z,21.16614,0.0,0.0,0.0,0.0,2025-09-19 13:59:20.915,12.668888888889
Long Yeast Grow,pioreactor02,2025-09-19T11:59:43.915Z,21.16364,0.0,0.0,0.0,0.0,2025-09-19 13:59:43.915,12.675277777778
Long Yeast Grow,pioreactor02,2025-09-19T11:59:53.405Z,21.16364,0.0,0.0,0.0,46.98,2025-09-19 13:59:53.405,12.678055555556
Long Yeast Grow,pioreactor02,2025-09-19T11:59:53.448Z,21.16364,0.0,0.0,0.0,47.31,2025-09-19 13:59:53.448,12.678055555556
Long Yeast Grow,pioreactor02,2025-09-19T12:00:06.915Z,21.16764,0.0,0.0,0.0,47.31,2025-09-19 14:00:06.915,12.681666666667
Long Yeast Grow,pioreactor02,2025-09-19T12:00:29.915Z,21.17114,0.0,0.0,0.0,47.31,2025-09-19 14:00:29.915,12.688055555556
Long Yeast Grow,pioreactor02,2025-09-19T12:00:52.915Z,21.17614,0.0,0.0,0.0,47.31,2025-09-19 14:00:52.915,12.694444444444
Long Yeast Grow,pioreactor02,2025-09-19T12:01:15.915Z,21.15164,0.0,0.0,0.0,47.31,2025-09-19 14:01:15.915,12.700833333333
Long Yeast Grow,pioreactor02,2025-09-19T12:01:21.973Z,21.15164,0.0,0.0,0.0,0.0,2025-09-19 14:01:21.973,12.7025
Long Yeast Grow,pioreactor02,2025-09-19T12:01:38.915Z,21.15364,0.0,0.0,0.0,0.0,2025-09-19 14:01:38.915,12.707222222222
Long Yeast Grow,pioreactor02,2025-09-19T12:02:01.915Z,21.16014,0.0,0.0,0.0,0.0,2025-09-19 14:02:01.915,12.713611111111
Long Yeast Grow,pioreactor02,2025-09-19T12:02:24.915Z,21.15864,0.0,0.0,0.0,0.0,2025-09-19 14:02:24.915,12.72
Long Yeast Grow,pioreactor02,2025-09-19T12:02:47.915Z,21.15414,0.0,0.0,0.0,0.0,2025-09-19 14:02:47.915,12.726388888889
Long Yeast Grow,pioreactor02,2025-09-19T12:03:10.915Z,21.17114,0.0,0.0,0.0,0.0,2025-09-19 14:03:10.915,12.732777777778
Long Yeast Grow,pioreactor02,2025-09-19T12:03:13.406Z,21.17114,0.0,0.0,0.0,47.31,2025-09-19 14:03:13.406,12.733611111111
Long Yeast Grow,pioreactor02,2025-09-19T12:03:13.448Z,21.17114,0.0,0.0,0.0,47.49,2025-09-19 14:03:13.448,12.733611111111
Long Yeast Grow,pioreactor02,2025-09-19T12:03:33.915Z,21.21464,0.0,0.0,0.0,47.49,2025-09-19 14:03:33.915,12.739166666667
Long Yeast Grow,pioreactor02,2025-09-19T12:03:56.915Z,21.21414,0.0,0.0,0.0,47.49,2025-09-19 14:03:56.915,12.745555555556
Long Yeast Grow,pioreactor02,2025-09-19T12:04:19.915Z,21.22814,0.0,0.0,0.0,47.49,2025-09-19 14:04:19.915,12.751944444444
Long Yeast Grow,pioreactor02,2025-09-19T12:04:41.973Z,21.22814,0.0,0.0,0.0,0.0,2025-09-19 14:04:41.973,12.758055555556
Long Yeast Grow,pioreactor02,2025-09-19T12:04:42.915Z,21.24164,0.0,0.0,0.0,0.0,2025-09-19 14:04:42.915,12.758333333333
Long Yeast Grow,pioreactor02,2025-09-19T12:05:05.919Z,21.22964,0.0,0.0,0.0,0.0,2025-09-19 14:05:05.919,12.764722222222
Long Yeast Grow,pioreactor02,2025-09-19T12:05:28.919Z,21.24214,0.0,0.0,0.0,0.0,2025-09-19 14:05:28.919,12.771111111111
Long Yeast Grow,pioreactor02,2025-09-19T12:05:51.915Z,21.23914,0.0,0.0,0.0,0.0,2025-09-19 14:05:51.915,12.7775
Long Yeast Grow,pioreactor02,2025-09-19T12:06:14.915Z,21.23564,0.0,0.0,0.0,0.0,2025-09-19 14:06:14.915,12.783888888889
Long Yeast Grow,pioreactor02,2025-09-19T12:06:33.403Z,21.23564,0.0,0.0,0.0,47.49,2025-09-19 14:06:33.403,12.789166666667
Long Yeast Grow,pioreactor02,2025-09-19T12:06:33.448Z,21.23564,0.0,0.0,0.0,47.62,2025-09-19 14:06:33.448,12.789166666667
Long Yeast Grow,pioreactor02,2025-09-19T12:06:37.919Z,21.26014,0.0,0.0,0.0,47.62,2025-09-19 14:06:37.919,12.790277777778
Long Yeast Grow,pioreactor02,2025-09-19T12:07:00.919Z,21.26114,0.0,0.0,0.0,47.62,2025-09-19 14:07:00.919,12.796666666667
Long Yeast Grow,pioreactor02,2025-09-19T12:07:23.915Z,21.26014,0.0,0.0,0.0,47.62,2025-09-19 14:07:23.915,12.803055555556
Long Yeast Grow,pioreactor02,2025-09-19T12:07:46.915Z,21.21664,0.0,0.0,0.0,47.62,2025-09-19 14:07:46.915,12.809444444444
Long Yeast Grow,pioreactor02,2025-09-19T12:08:01.972Z,21.21664,0.0,0.0,0.0,0.0,2025-09-19 14:08:01.972,12.813611111111
Long Yeast Grow,pioreactor02,2025-09-19T12:08:09.915Z,21.21464,0.0,0.0,0.0,0.0,2025-09-19 14:08:09.915,12.815833333333
Long Yeast Grow,pioreactor02,2025-09-19T12:08:32.919Z,21.21314,0.0,0.0,0.0,0.0,2025-09-19 14:08:32.919,12.822222222222
Long Yeast Grow,pioreactor02,2025-09-19T12:08:55.915Z,21.21164,0.0,0.0,0.0,0.0,2025-09-19 14:08:55.915,12.828611111111
Long Yeast Grow,pioreactor02,2025-09-19T12:09:18.915Z,21.18564,0.0,0.0,0.0,0.0,2025-09-19 14:09:18.915,12.835
Long Yeast Grow,pioreactor02,2025-09-19T12:09:41.915Z,21.18064,0.0,0.0,0.0,0.0,2025-09-19 14:09:41.915,12.841388888889
Long Yeast Grow,pioreactor02,2025-09-19T12:09:53.403Z,21.18064,0.0,0.0,0.0,47.62,2025-09-19 14:09:53.403,12.844722222222
Long Yeast Grow,pioreactor02,2025-09-19T12:09:53.444Z,21.18064,0.0,0.0,0.0,47.82,2025-09-19 14:09:53.444,12.844722222222
Long Yeast Grow,pioreactor02,2025-09-19T12:10:04.915Z,21.16564,0.0,0.0,0.0,47.82,2025-09-19 14:10:04.915,12.847777777778
Long Yeast Grow,pioreactor02,2025-09-19T12:10:27.915Z,21.17464,0.0,0.0,0.0,47.82,2025-09-19 14:10:27.915,12.854166666667
Long Yeast Grow,pioreactor02,2025-09-19T12:10:50.915Z,21.21914,0.0,0.0,0.0,47.82,2025-09-19 14:10:50.915,12.860555555556
Long Yeast Grow,pioreactor02,2025-09-19T12:11:13.915Z,21.23214,0.0,0.0,0.0,47.82,2025-09-19 14:11:13.915,12.866944444444
Long Yeast Grow,pioreactor02,2025-09-19T12:11:21.972Z,21.23214,0.0,0.0,0.0,0.0,2025-09-19 14:11:21.972,12.869166666667
Long Yeast Grow,pioreactor02,2025-09-19T12:11:36.915Z,21.21664,0.0,0.0,0.0,0.0,2025-09-19 14:11:36.915,12.873333333333
Long Yeast Grow,pioreactor02,2025-09-19T12:11:59.915Z,21.21864,0.0,0.0,0.0,0.0,2025-09-19 14:11:59.915,12.879722222222
Long Yeast Grow,pioreactor02,2025-09-19T12:12:22.915Z,21.20164,0.0,0.0,0.0,0.0,2025-09-19 14:12:22.915,12.886111111111
Long Yeast Grow,pioreactor02,2025-09-19T12:12:45.915Z,21.20114,0.0,0.0,0.0,0.0,2025-09-19 14:12:45.915,12.8925
Long Yeast Grow,pioreactor02,2025-09-19T12:13:08.915Z,21.19564,0.0,0.0,0.0,0.0,2025-09-19 14:13:08.915,12.898888888889
Long Yeast Grow,pioreactor02,2025-09-19T12:13:13.404Z,21.19564,0.0,0.0,0.0,47.82,2025-09-19 14:13:13.404,12.900277777778
Long Yeast Grow,pioreactor02,2025-09-19T12:13:13.448Z,21.19564,0.0,0.0,0.0,47.18,2025-09-19 14:13:13.448,12.900277777778
Long Yeast Grow,pioreactor02,2025-09-19T12:13:31.915Z,21.23614,0.0,0.0,0.0,47.18,2025-09-19 14:13:31.915,12.905277777778
Long Yeast Grow,pioreactor02,2025-09-19T12:13:54.915Z,21.22714,0.0,0.0,0.0,47.18,2025-09-19 14:13:54.915,12.911666666667
Long Yeast Grow,pioreactor02,2025-09-19T12:14:17.915Z,21.18364,0.0,0.0,0.0,47.18,2025-09-19 14:14:17.915,12.918055555556
Long Yeast Grow,pioreactor02,2025-09-19T12:14:40.919Z,21.19014,0.0,0.0,0.0,47.18,2025-09-19 14:14:40.919,12.924444444444
Long Yeast Grow,pioreactor02,2025-09-19T12:14:41.973Z,21.19014,0.0,0.0,0.0,0.0,2025-09-19 14:14:41.973,12.924722222222
Long Yeast Grow,pioreactor02,2025-09-19T12:15:03.919Z,21.18614,0.0,0.0,0.0,0.0,2025-09-19 14:15:03.919,12.930833333333
Long Yeast Grow,pioreactor02,2025-09-19T12:15:26.915Z,21.18014,0.0,0.0,0.0,0.0,2025-09-19 14:15:26.915,12.937222222222
Long Yeast Grow,pioreactor02,2025-09-19T12:15:49.915Z,21.15814,0.0,0.0,0.0,0.0,2025-09-19 14:15:49.915,12.943611111111
Long Yeast Grow,pioreactor02,2025-09-19T12:16:12.919Z,21.15964,0.0,0.0,0.0,0.0,2025-09-19 14:16:12.919,12.95
Long Yeast Grow,pioreactor02,2025-09-19T12:16:33.404Z,21.15964,0.0,0.0,0.0,47.18,2025-09-19 14:16:33.404,12.955833333333
Long Yeast Grow,pioreactor02,2025-09-19T12:16:33.447Z,21.15964,0.0,0.0,0.0,47.48,2025-09-19 14:16:33.447,12.955833333333
Long Yeast Grow,pioreactor02,2025-09-19T12:16:35.915Z,21.17464,0.0,0.0,0.0,47.48,2025-09-19 14:16:35.915,12.956388888889
Long Yeast Grow,pioreactor02,2025-09-19T12:16:58.919Z,21.18864,0.0,0.0,0.0,47.48,2025-09-19 14:16:58.919,12.962777777778
Long Yeast Grow,pioreactor02,2025-09-19T12:17:21.915Z,21.18914,0.0,0.0,0.0,47.48,2025-09-19 14:17:21.915,12.969166666667
Long Yeast Grow,pioreactor02,2025-09-19T12:17:44.915Z,21.21614,0.0,0.0,0.0,47.48,2025-09-19 14:17:44.915,12.975555555556
Long Yeast Grow,pioreactor02,2025-09-19T12:18:01.973Z,21.21614,0.0,0.0,0.0,0.0,2025-09-19 14:18:01.973,12.980277777778
Long Yeast Grow,pioreactor02,2025-09-19T12:18:07.915Z,21.21414,0.0,0.0,0.0,0.0,2025-09-19 14:18:07.915,12.981944444444
Long Yeast Grow,pioreactor02,2025-09-19T12:18:30.915Z,21.20964,0.0,0.0,0.0,0.0,2025-09-19 14:18:30.915,12.988333333333
Long Yeast Grow,pioreactor02,2025-09-19T12:18:53.915Z,21.20814,0.0,0.0,0.0,0.0,2025-09-19 14:18:53.915,12.994722222222
Long Yeast Grow,pioreactor02,2025-09-19T12:19:16.915Z,21.18314,0.0,0.0,0.0,0.0,2025-09-19 14:19:16.915,13.001111111111
Long Yeast Grow,pioreactor02,2025-09-19T12:19:39.915Z,21.18464,0.0,0.0,0.0,0.0,2025-09-19 14:19:39.915,13.0075
Long Yeast Grow,pioreactor02,2025-09-19T12:19:53.405Z,21.18464,0.0,0.0,0.0,47.48,2025-09-19 14:19:53.405,13.011388888889
Long Yeast Grow,pioreactor02,2025-09-19T12:19:53.447Z,21.18464,0.0,0.0,0.0,46.14,2025-09-19 14:19:53.447,13.011388888889
Long Yeast Grow,pioreactor02,2025-09-19T12:20:02.919Z,21.17264,0.0,0.0,0.0,46.14,2025-09-19 14:20:02.919,13.013888888889
Long Yeast Grow,pioreactor02,2025-09-19T12:20:25.915Z,21.17514,0.0,0.0,0.0,46.14,2025-09-19 14:20:25.915,13.020277777778
Long Yeast Grow,pioreactor02,2025-09-19T12:20:48.915Z,21.17814,0.0,0.0,0.0,46.14,2025-09-19 14:20:48.915,13.026666666667
Long Yeast Grow,pioreactor02,2025-09-19T12:21:11.915Z,21.17064,0.0,0.0,0.0,46.14,2025-09-19 14:21:11.915,13.033055555556
Long Yeast Grow,pioreactor02,2025-09-19T12:21:21.972Z,21.17064,0.0,0.0,0.0,0.0,2025-09-19 14:21:21.972,13.035833333333
Long Yeast Grow,pioreactor02,2025-09-19T12:21:34.915Z,21.16164,0.0,0.0,0.0,0.0,2025-09-19 14:21:34.915,13.039444444444
Long Yeast Grow,pioreactor02,2025-09-19T12:21:57.915Z,21.18964,0.0,0.0,0.0,0.0,2025-09-19 14:21:57.915,13.045833333333
Long Yeast Grow,pioreactor02,2025-09-19T12:22:20.923Z,21.18864,0.0,0.0,0.0,0.0,2025-09-19 14:22:20.923,13.052222222222
Long Yeast Grow,pioreactor02,2025-09-19T12:22:43.915Z,21.18764,0.0,0.0,0.0,0.0,2025-09-19 14:22:43.915,13.058611111111
Long Yeast Grow,pioreactor02,2025-09-19T12:23:06.915Z,21.13314,0.0,0.0,0.0,0.0,2025-09-19 14:23:06.915,13.065
Long Yeast Grow,pioreactor02,2025-09-19T12:23:13.405Z,21.13314,0.0,0.0,0.0,46.14,2025-09-19 14:23:13.405,13.066944444444
Long Yeast Grow,pioreactor02,2025-09-19T12:23:13.448Z,21.13314,0.0,0.0,0.0,47.4,2025-09-19 14:23:13.448,13.066944444444
Long Yeast Grow,pioreactor02,2025-09-19T12:23:29.915Z,21.11064,0.0,0.0,0.0,47.4,2025-09-19 14:23:29.915,13.071388888889
Long Yeast Grow,pioreactor02,2025-09-19T12:23:52.915Z,21.10514,0.0,0.0,0.0,47.4,2025-09-19 14:23:52.915,13.077777777778
Long Yeast Grow,pioreactor02,2025-09-19T12:24:15.915Z,21.10214,0.0,0.0,0.0,47.4,2025-09-19 14:24:15.915,13.084166666667
Long Yeast Grow,pioreactor02,2025-09-19T12:24:38.915Z,21.11564,0.0,0.0,0.0,47.4,2025-09-19 14:24:38.915,13.090555555556
Long Yeast Grow,pioreactor02,2025-09-19T12:24:41.972Z,21.11564,0.0,0.0,0.0,0.0,2025-09-19 14:24:41.972,13.091388888889
Long Yeast Grow,pioreactor02,2025-09-19T12:25:01.919Z,21.15064,0.0,0.0,0.0,0.0,2025-09-19 14:25:01.919,13.096944444444
Long Yeast Grow,pioreactor02,2025-09-19T12:25:24.919Z,21.14914,0.0,0.0,0.0,0.0,2025-09-19 14:25:24.919,13.103333333333
Long Yeast Grow,pioreactor02,2025-09-19T12:25:47.915Z,21.11864,0.0,0.0,0.0,0.0,2025-09-19 14:25:47.915,13.109722222222
Long Yeast Grow,pioreactor02,2025-09-19T12:26:10.919Z,21.17464,0.0,0.0,0.0,0.0,2025-09-19 14:26:10.919,13.116111111111
Long Yeast Grow,pioreactor02,2025-09-19T12:26:33.403Z,21.17464,0.0,0.0,0.0,47.4,2025-09-19 14:26:33.403,13.1225
Long Yeast Grow,pioreactor02,2025-09-19T12:26:33.447Z,21.17464,0.0,0.0,0.0,46.76,2025-09-19 14:26:33.447,13.1225
Long Yeast Grow,pioreactor02,2025-09-19T12:26:33.915Z,21.21264,0.0,0.0,0.0,46.76,2025-09-19 14:26:33.915,13.1225
Long Yeast Grow,pioreactor02,2025-09-19T12:26:56.915Z,21.16514,0.0,0.0,0.0,46.76,2025-09-19 14:26:56.915,13.128888888889
Long Yeast Grow,pioreactor02,2025-09-19T12:27:19.915Z,21.18814,0.0,0.0,0.0,46.76,2025-09-19 14:27:19.915,13.135277777778
Long Yeast Grow,pioreactor02,2025-09-19T12:27:42.915Z,21.21864,0.0,0.0,0.0,46.76,2025-09-19 14:27:42.915,13.141666666667
Long Yeast Grow,pioreactor02,2025-09-19T12:28:01.972Z,21.21864,0.0,0.0,0.0,0.0,2025-09-19 14:28:01.972,13.146944444444
Long Yeast Grow,pioreactor02,2025-09-19T12:28:05.915Z,21.21314,0.0,0.0,0.0,0.0,2025-09-19 14:28:05.915,13.148055555556
Long Yeast Grow,pioreactor02,2025-09-19T12:28:28.915Z,21.22564,0.0,0.0,0.0,0.0,2025-09-19 14:28:28.915,13.154444444444
Long Yeast Grow,pioreactor02,2025-09-19T12:28:51.915Z,21.19914,0.0,0.0,0.0,0.0,2025-09-19 14:28:51.915,13.160833333333
Long Yeast Grow,pioreactor02,2025-09-19T12:29:14.915Z,21.20164,0.0,0.0,0.0,0.0,2025-09-19 14:29:14.915,13.167222222222
Long Yeast Grow,pioreactor02,2025-09-19T12:29:37.915Z,21.20114,0.0,0.0,0.0,0.0,2025-09-19 14:29:37.915,13.173611111111
Long Yeast Grow,pioreactor02,2025-09-19T12:29:53.404Z,21.20114,0.0,0.0,0.0,46.76,2025-09-19 14:29:53.404,13.178055555556
Long Yeast Grow,pioreactor02,2025-09-19T12:29:53.448Z,21.20114,0.0,0.0,0.0,46.85,2025-09-19 14:29:53.448,13.178055555556
Long Yeast Grow,pioreactor02,2025-09-19T12:30:00.915Z,21.23714,0.0,0.0,0.0,46.85,2025-09-19 14:30:00.915,13.18
Long Yeast Grow,pioreactor02,2025-09-19T12:30:23.919Z,21.19764,0.0,0.0,0.0,46.85,2025-09-19 14:30:23.919,13.186388888889
Long Yeast Grow,pioreactor02,2025-09-19T12:30:46.915Z,21.21764,0.0,0.0,0.0,46.85,2025-09-19 14:30:46.915,13.192777777778
Long Yeast Grow,pioreactor02,2025-09-19T12:31:09.915Z,21.21614,0.0,0.0,0.0,46.85,2025-09-19 14:31:09.915,13.199166666667
Long Yeast Grow,pioreactor02,2025-09-19T12:31:21.972Z,21.21614,0.0,0.0,0.0,0.0,2025-09-19 14:31:21.972,13.2025
Long Yeast Grow,pioreactor02,2025-09-19T12:31:32.915Z,21.21764,0.0,0.0,0.0,0.0,2025-09-19 14:31:32.915,13.205555555556
Long Yeast Grow,pioreactor02,2025-09-19T12:31:55.915Z,21.18914,0.0,0.0,0.0,0.0,2025-09-19 14:31:55.915,13.211944444444
Long Yeast Grow,pioreactor02,2025-09-19T12:32:18.915Z,21.17164,0.0,0.0,0.0,0.0,2025-09-19 14:32:18.915,13.218333333333
Long Yeast Grow,pioreactor02,2025-09-19T12:32:41.915Z,21.19064,0.0,0.0,0.0,0.0,2025-09-19 14:32:41.915,13.224722222222
Long Yeast Grow,pioreactor02,2025-09-19T12:33:04.915Z,21.22614,0.0,0.0,0.0,0.0,2025-09-19 14:33:04.915,13.231111111111
Long Yeast Grow,pioreactor02,2025-09-19T12:33:13.406Z,21.22614,0.0,0.0,0.0,46.85,2025-09-19 14:33:13.406,13.233611111111
Long Yeast Grow,pioreactor02,2025-09-19T12:33:13.447Z,21.22614,0.0,0.0,0.0,46.44,2025-09-19 14:33:13.447,13.233611111111
Long Yeast Grow,pioreactor02,2025-09-19T12:33:27.915Z,21.23414,0.0,0.0,0.0,46.44,2025-09-19 14:33:27.915,13.2375
Long Yeast Grow,pioreactor02,2025-09-19T12:33:50.915Z,21.24464,0.0,0.0,0.0,46.44,2025-09-19 14:33:50.915,13.243888888889
Long Yeast Grow,pioreactor02,2025-09-19T12:34:13.915Z,21.23164,0.0,0.0,0.0,46.44,2025-09-19 14:34:13.915,13.250277777778
Long Yeast Grow,pioreactor02,2025-09-19T12:34:36.915Z,21.22764,0.0,0.0,0.0,46.44,2025-09-19 14:34:36.915,13.256666666667
Long Yeast Grow,pioreactor02,2025-09-19T12:34:41.973Z,21.22764,0.0,0.0,0.0,0.0,2025-09-19 14:34:41.973,13.258055555556
Long Yeast Grow,pioreactor02,2025-09-19T12:34:59.915Z,21.22814,0.0,0.0,0.0,0.0,2025-09-19 14:34:59.915,13.263055555556
Long Yeast Grow,pioreactor02,2025-09-19T12:35:22.915Z,21.23364,0.0,0.0,0.0,0.0,2025-09-19 14:35:22.915,13.269444444444
Long Yeast Grow,pioreactor02,2025-09-19T12:35:45.919Z,21.18514,0.0,0.0,0.0,0.0,2025-09-19 14:35:45.919,13.275833333333
Long Yeast Grow,pioreactor02,2025-09-19T12:36:08.919Z,21.18264,0.0,0.0,0.0,0.0,2025-09-19 14:36:08.919,13.282222222222
Long Yeast Grow,pioreactor02,2025-09-19T12:36:31.915Z,21.16014,0.0,0.0,0.0,0.0,2025-09-19 14:36:31.915,13.288611111111
Long Yeast Grow,pioreactor02,2025-09-19T12:36:33.406Z,21.16014,0.0,0.0,0.0,46.44,2025-09-19 14:36:33.406,13.289166666667
Long Yeast Grow,pioreactor02,2025-09-19T12:36:33.447Z,21.16014,0.0,0.0,0.0,46.62,2025-09-19 14:36:33.447,13.289166666667
Long Yeast Grow,pioreactor02,2025-09-19T12:36:54.919Z,21.11814,0.0,0.0,0.0,46.62,2025-09-19 14:36:54.919,13.295
Long Yeast Grow,pioreactor02,2025-09-19T12:37:17.915Z,21.11464,0.0,0.0,0.0,46.62,2025-09-19 14:37:17.915,13.301388888889
Long Yeast Grow,pioreactor02,2025-09-19T12:37:40.915Z,21.06114,0.0,0.0,0.0,46.62,2025-09-19 14:37:40.915,13.307777777778
Long Yeast Grow,pioreactor02,2025-09-19T12:38:01.972Z,21.06114,0.0,0.0,0.0,0.0,2025-09-19 14:38:01.972,13.313611111111
Long Yeast Grow,pioreactor02,2025-09-19T12:38:03.915Z,21.05764,0.0,0.0,0.0,0.0,2025-09-19 14:38:03.915,13.314166666667
Long Yeast Grow,pioreactor02,2025-09-19T12:38:26.915Z,21.07614,0.0,0.0,0.0,0.0,2025-09-19 14:38:26.915,13.320555555556
Long Yeast Grow,pioreactor02,2025-09-19T12:38:49.915Z,21.09264,0.0,0.0,0.0,0.0,2025-09-19 14:38:49.915,13.326944444444
Long Yeast Grow,pioreactor02,2025-09-19T12:39:12.915Z,21.08664,0.0,0.0,0.0,0.0,2025-09-19 14:39:12.915,13.333333333333
Long Yeast Grow,pioreactor02,2025-09-19T12:39:35.915Z,21.07364,0.0,0.0,0.0,0.0,2025-09-19 14:39:35.915,13.339722222222
Long Yeast Grow,pioreactor02,2025-09-19T12:39:53.404Z,21.07364,0.0,0.0,0.0,46.62,2025-09-19 14:39:53.404,13.344722222222
Long Yeast Grow,pioreactor02,2025-09-19T12:39:53.448Z,21.07364,0.0,0.0,0.0,47.65,2025-09-19 14:39:53.448,13.344722222222
Long Yeast Grow,pioreactor02,2025-09-19T12:39:58.915Z,21.12914,0.0,0.0,0.0,47.65,2025-09-19 14:39:58.915,13.346111111111
Long Yeast Grow,pioreactor02,2025-09-19T12:40:21.915Z,21.13164,0.0,0.0,0.0,47.65,2025-09-19 14:40:21.915,13.3525
Long Yeast Grow,pioreactor02,2025-09-19T12:40:44.915Z,21.12564,0.0,0.0,0.0,47.65,2025-09-19 14:40:44.915,13.358888888889
Long Yeast Grow,pioreactor02,2025-09-19T12:41:07.915Z,21.15614,0.0,0.0,0.0,47.65,2025-09-19 14:41:07.915,13.365277777778
Long Yeast Grow,pioreactor02,2025-09-19T12:41:21.972Z,21.15614,0.0,0.0,0.0,0.0,2025-09-19 14:41:21.972,13.369166666667
Long Yeast Grow,pioreactor02,2025-09-19T12:41:30.915Z,21.11214,0.0,0.0,0.0,0.0,2025-09-19 14:41:30.915,13.371666666667
Long Yeast Grow,pioreactor02,2025-09-19T12:41:53.915Z,21.11314,0.0,0.0,0.0,0.0,2025-09-19 14:41:53.915,13.378055555556
Long Yeast Grow,pioreactor02,2025-09-19T12:42:16.915Z,21.13864,0.0,0.0,0.0,0.0,2025-09-19 14:42:16.915,13.384444444444
Long Yeast Grow,pioreactor02,2025-09-19T12:42:39.915Z,21.11714,0.0,0.0,0.0,0.0,2025-09-19 14:42:39.915,13.390833333333
Long Yeast Grow,pioreactor02,2025-09-19T12:43:02.915Z,21.11564,0.0,0.0,0.0,0.0,2025-09-19 14:43:02.915,13.397222222222
Long Yeast Grow,pioreactor02,2025-09-19T12:43:13.406Z,21.11564,0.0,0.0,0.0,47.65,2025-09-19 14:43:13.406,13.400277777778
Long Yeast Grow,pioreactor02,2025-09-19T12:43:13.447Z,21.11564,0.0,0.0,0.0,47.56,2025-09-19 14:43:13.447,13.400277777778
Long Yeast Grow,pioreactor02,2025-09-19T12:43:25.915Z,21.16764,0.0,0.0,0.0,47.56,2025-09-19 14:43:25.915,13.403611111111
Long Yeast Grow,pioreactor02,2025-09-19T12:43:48.915Z,21.14364,0.0,0.0,0.0,47.56,2025-09-19 14:43:48.915,13.41
Long Yeast Grow,pioreactor02,2025-09-19T12:44:11.879Z,21.14414,0.0,0.0,0.0,47.56,2025-09-19 14:44:11.879,13.416388888889
Long Yeast Grow,pioreactor02,2025-09-19T12:44:34.915Z,21.15664,0.0,0.0,0.0,47.56,2025-09-19 14:44:34.915,13.422777777778
Long Yeast Grow,pioreactor02,2025-09-19T12:44:41.973Z,21.15664,0.0,0.0,0.0,0.0,2025-09-19 14:44:41.973,13.424722222222
Long Yeast Grow,pioreactor02,2025-09-19T12:44:57.915Z,21.15714,0.0,0.0,0.0,0.0,2025-09-19 14:44:57.915,13.429166666667
Long Yeast Grow,pioreactor02,2025-09-19T12:45:20.915Z,21.15964,0.0,0.0,0.0,0.0,2025-09-19 14:45:20.915,13.435555555556
Long Yeast Grow,pioreactor02,2025-09-19T12:45:43.915Z,21.18264,0.0,0.0,0.0,0.0,2025-09-19 14:45:43.915,13.441944444444
Long Yeast Grow,pioreactor02,2025-09-19T12:46:06.915Z,21.18914,0.0,0.0,0.0,0.0,2025-09-19 14:46:06.915,13.448333333333
Long Yeast Grow,pioreactor02,2025-09-19T12:46:29.915Z,21.20664,0.0,0.0,0.0,0.0,2025-09-19 14:46:29.915,13.454722222222
Long Yeast Grow,pioreactor02,2025-09-19T12:46:33.405Z,21.20664,0.0,0.0,0.0,47.56,2025-09-19 14:46:33.405,13.455833333333
Long Yeast Grow,pioreactor02,2025-09-19T12:46:33.448Z,21.20664,0.0,0.0,0.0,46.52,2025-09-19 14:46:33.448,13.455833333333
Long Yeast Grow,pioreactor02,2025-09-19T12:46:52.915Z,21.20314,0.0,0.0,0.0,46.52,2025-09-19 14:46:52.915,13.461111111111
Long Yeast Grow,pioreactor02,2025-09-19T12:47:15.915Z,21.16464,0.0,0.0,0.0,46.52,2025-09-19 14:47:15.915,13.4675
Long Yeast Grow,pioreactor02,2025-09-19T12:47:38.915Z,21.16414,0.0,0.0,0.0,46.52,2025-09-19 14:47:38.915,13.473888888889
Long Yeast Grow,pioreactor02,2025-09-19T12:48:01.915Z,21.12214,0.0,0.0,0.0,46.52,2025-09-19 14:48:01.915,13.480277777778
Long Yeast Grow,pioreactor02,2025-09-19T12:48:01.973Z,21.12214,0.0,0.0,0.0,0.0,2025-09-19 14:48:01.973,13.480277777778
Long Yeast Grow,pioreactor02,2025-09-19T12:48:24.915Z,21.11864,0.0,0.0,0.0,0.0,2025-09-19 14:48:24.915,13.486666666667
Long Yeast Grow,pioreactor02,2025-09-19T12:48:47.915Z,21.11264,0.0,0.0,0.0,0.0,2025-09-19 14:48:47.915,13.493055555556
Long Yeast Grow,pioreactor02,2025-09-19T12:49:10.915Z,21.13164,0.0,0.0,0.0,0.0,2025-09-19 14:49:10.915,13.499444444444
Long Yeast Grow,pioreactor02,2025-09-19T12:49:33.915Z,21.10664,0.0,0.0,0.0,0.0,2025-09-19 14:49:33.915,13.505833333333
Long Yeast Grow,pioreactor02,2025-09-19T12:49:53.405Z,21.10664,0.0,0.0,0.0,46.52,2025-09-19 14:49:53.405,13.511388888889
Long Yeast Grow,pioreactor02,2025-09-19T12:49:53.448Z,21.10664,0.0,0.0,0.0,47.56,2025-09-19 14:49:53.448,13.511388888889
Long Yeast Grow,pioreactor02,2025-09-19T12:49:56.919Z,21.16264,0.0,0.0,0.0,47.56,2025-09-19 14:49:56.919,13.512222222222
Long Yeast Grow,pioreactor02,2025-09-19T12:50:19.915Z,21.16364,0.0,0.0,0.0,47.56,2025-09-19 14:50:19.915,13.518611111111
Long Yeast Grow,pioreactor02,2025-09-19T12:50:42.915Z,21.15114,0.0,0.0,0.0,47.56,2025-09-19 14:50:42.915,13.525
Long Yeast Grow,pioreactor02,2025-09-19T12:51:05.915Z,21.17264,0.0,0.0,0.0,47.56,2025-09-19 14:51:05.915,13.531388888889
Long Yeast Grow,pioreactor02,2025-09-19T12:51:21.972Z,21.17264,0.0,0.0,0.0,0.0,2025-09-19 14:51:21.972,13.535833333333
Long Yeast Grow,pioreactor02,2025-09-19T12:51:28.915Z,21.17864,0.0,0.0,0.0,0.0,2025-09-19 14:51:28.915,13.537777777778
Long Yeast Grow,pioreactor02,2025-09-19T12:51:51.915Z,21.16614,0.0,0.0,0.0,0.0,2025-09-19 14:51:51.915,13.544166666667
Long Yeast Grow,pioreactor02,2025-09-19T12:52:14.915Z,21.16964,0.0,0.0,0.0,0.0,2025-09-19 14:52:14.915,13.550555555556
Long Yeast Grow,pioreactor02,2025-09-19T12:52:37.915Z,21.15164,0.0,0.0,0.0,0.0,2025-09-19 14:52:37.915,13.556944444444
Long Yeast Grow,pioreactor02,2025-09-19T12:53:00.915Z,21.15464,0.0,0.0,0.0,0.0,2025-09-19 14:53:00.915,13.563333333333
Long Yeast Grow,pioreactor02,2025-09-19T12:53:13.406Z,21.15464,0.0,0.0,0.0,47.56,2025-09-19 14:53:13.406,13.566944444444
Long Yeast Grow,pioreactor02,2025-09-19T12:53:13.448Z,21.15464,0.0,0.0,0.0,46.62,2025-09-19 14:53:13.448,13.566944444444
Long Yeast Grow,pioreactor02,2025-09-19T12:53:23.915Z,21.17364,0.0,0.0,0.0,46.62,2025-09-19 14:53:23.915,13.569722222222
Long Yeast Grow,pioreactor02,2025-09-19T12:53:46.915Z,21.19614,0.0,0.0,0.0,46.62,2025-09-19 14:53:46.915,13.576111111111
Long Yeast Grow,pioreactor02,2025-09-19T12:54:09.915Z,21.23864,0.0,0.0,0.0,46.62,2025-09-19 14:54:09.915,13.5825
Long Yeast Grow,pioreactor02,2025-09-19T12:54:32.915Z,21.24264,0.0,0.0,0.0,46.62,2025-09-19 14:54:32.915,13.588888888889
Long Yeast Grow,pioreactor02,2025-09-19T12:54:41.972Z,21.24264,0.0,0.0,0.0,0.0,2025-09-19 14:54:41.972,13.591388888889
Long Yeast Grow,pioreactor02,2025-09-19T12:54:55.915Z,21.23564,0.0,0.0,0.0,0.0,2025-09-19 14:54:55.915,13.595277777778
Long Yeast Grow,pioreactor02,2025-09-19T12:55:18.879Z,21.21464,0.0,0.0,0.0,0.0,2025-09-19 14:55:18.879,13.601666666667
Long Yeast Grow,pioreactor02,2025-09-19T12:55:41.915Z,21.19664,0.0,0.0,0.0,0.0,2025-09-19 14:55:41.915,13.608055555556
Long Yeast Grow,pioreactor02,2025-09-19T12:56:04.915Z,21.19264,0.0,0.0,0.0,0.0,2025-09-19 14:56:04.915,13.614444444444
Long Yeast Grow,pioreactor02,2025-09-19T12:56:27.915Z,21.19464,0.0,0.0,0.0,0.0,2025-09-19 14:56:27.915,13.620833333333
Long Yeast Grow,pioreactor02,2025-09-19T12:56:33.404Z,21.19464,0.0,0.0,0.0,46.62,2025-09-19 14:56:33.404,13.6225
Long Yeast Grow,pioreactor02,2025-09-19T12:56:33.448Z,21.19464,0.0,0.0,0.0,48.0,2025-09-19 14:56:33.448,13.6225
Long Yeast Grow,pioreactor02,2025-09-19T12:56:50.915Z,21.18864,0.0,0.0,0.0,48.0,2025-09-19 14:56:50.915,13.627222222222
Long Yeast Grow,pioreactor02,2025-09-19T12:57:13.915Z,21.19014,0.0,0.0,0.0,48.0,2025-09-19 14:57:13.915,13.633611111111
Long Yeast Grow,pioreactor02,2025-09-19T12:57:36.915Z,21.23914,0.0,0.0,0.0,48.0,2025-09-19 14:57:36.915,13.64
Long Yeast Grow,pioreactor02,2025-09-19T12:57:59.915Z,21.23914,0.0,0.0,0.0,48.0,2025-09-19 14:57:59.915,13.646388888889
Long Yeast Grow,pioreactor02,2025-09-19T12:58:01.973Z,21.23914,0.0,0.0,0.0,0.0,2025-09-19 14:58:01.973,13.646944444444
Long Yeast Grow,pioreactor02,2025-09-19T12:58:22.915Z,21.26464,0.0,0.0,0.0,0.0,2025-09-19 14:58:22.915,13.652777777778
Long Yeast Grow,pioreactor02,2025-09-19T12:58:45.915Z,21.26464,0.0,0.0,0.0,0.0,2025-09-19 14:58:45.915,13.659166666667
Long Yeast Grow,pioreactor02,2025-09-19T12:59:08.915Z,21.26864,0.0,0.0,0.0,0.0,2025-09-19 14:59:08.915,13.665555555556
Long Yeast Grow,pioreactor02,2025-09-19T12:59:31.915Z,21.27314,0.0,0.0,0.0,0.0,2025-09-19 14:59:31.915,13.671944444444
Long Yeast Grow,pioreactor02,2025-09-19T12:59:53.404Z,21.27314,0.0,0.0,0.0,48.0,2025-09-19 14:59:53.404,13.678055555556
Long Yeast Grow,pioreactor02,2025-09-19T12:59:53.448Z,21.27314,0.0,0.0,0.0,48.44,2025-09-19 14:59:53.448,13.678055555556
Long Yeast Grow,pioreactor02,2025-09-19T12:59:54.915Z,21.24664,0.0,0.0,0.0,48.44,2025-09-19 14:59:54.915,13.678333333333
Long Yeast Grow,pioreactor02,2025-09-19T13:00:17.915Z,21.21064,0.0,0.0,0.0,48.44,2025-09-19 15:00:17.915,13.684722222222
Long Yeast Grow,pioreactor02,2025-09-19T13:00:40.915Z,21.18314,0.0,0.0,0.0,48.44,2025-09-19 15:00:40.915,13.691111111111
Long Yeast Grow,pioreactor02,2025-09-19T13:01:03.915Z,21.21514,0.0,0.0,0.0,48.44,2025-09-19 15:01:03.915,13.6975
Long Yeast Grow,pioreactor02,2025-09-19T13:01:21.973Z,21.21514,0.0,0.0,0.0,0.0,2025-09-19 15:01:21.973,13.7025
Long Yeast Grow,pioreactor02,2025-09-19T13:01:26.915Z,21.21714,0.0,0.0,0.0,0.0,2025-09-19 15:01:26.915,13.703888888889
Long Yeast Grow,pioreactor02,2025-09-19T13:01:49.915Z,21.21914,0.0,0.0,0.0,0.0,2025-09-19 15:01:49.915,13.710277777778
Long Yeast Grow,pioreactor02,2025-09-19T13:02:12.915Z,21.20414,0.0,0.0,0.0,0.0,2025-09-19 15:02:12.915,13.716666666667
Long Yeast Grow,pioreactor02,2025-09-19T13:02:35.919Z,21.20464,0.0,0.0,0.0,0.0,2025-09-19 15:02:35.919,13.723055555556
Long Yeast Grow,pioreactor02,2025-09-19T13:02:58.915Z,21.19014,0.0,0.0,0.0,0.0,2025-09-19 15:02:58.915,13.729444444444
Long Yeast Grow,pioreactor02,2025-09-19T13:03:13.405Z,21.19014,0.0,0.0,0.0,48.44,2025-09-19 15:03:13.405,13.733611111111
Long Yeast Grow,pioreactor02,2025-09-19T13:03:13.449Z,21.19014,0.0,0.0,0.0,47.89,2025-09-19 15:03:13.449,13.733611111111
Long Yeast Grow,pioreactor02,2025-09-19T13:03:21.915Z,21.18914,0.0,0.0,0.0,47.89,2025-09-19 15:03:21.915,13.735833333333
Long Yeast Grow,pioreactor02,2025-09-19T13:03:44.915Z,21.20264,0.0,0.0,0.0,47.89,2025-09-19 15:03:44.915,13.742222222222
Long Yeast Grow,pioreactor02,2025-09-19T13:04:07.915Z,21.19814,0.0,0.0,0.0,47.89,2025-09-19 15:04:07.915,13.748611111111
Long Yeast Grow,pioreactor02,2025-09-19T13:04:30.915Z,21.24314,0.0,0.0,0.0,47.89,2025-09-19 15:04:30.915,13.755
Long Yeast Grow,pioreactor02,2025-09-19T13:04:41.972Z,21.24314,0.0,0.0,0.0,0.0,2025-09-19 15:04:41.972,13.758055555556
Long Yeast Grow,pioreactor02,2025-09-19T13:04:53.919Z,21.24864,0.0,0.0,0.0,0.0,2025-09-19 15:04:53.919,13.761388888889
Long Yeast Grow,pioreactor02,2025-09-19T13:05:16.915Z,21.24914,0.0,0.0,0.0,0.0,2025-09-19 15:05:16.915,13.767777777778
Long Yeast Grow,pioreactor02,2025-09-19T13:05:39.915Z,21.25014,0.0,0.0,0.0,0.0,2025-09-19 15:05:39.915,13.774166666667
Long Yeast Grow,pioreactor02,2025-09-19T13:06:02.919Z,21.22414,0.0,0.0,0.0,0.0,2025-09-19 15:06:02.919,13.780555555556
Long Yeast Grow,pioreactor02,2025-09-19T13:06:25.915Z,21.23114,0.0,0.0,0.0,0.0,2025-09-19 15:06:25.915,13.786944444444
Long Yeast Grow,pioreactor02,2025-09-19T13:06:33.404Z,21.23114,0.0,0.0,0.0,47.89,2025-09-19 15:06:33.404,13.789166666667
Long Yeast Grow,pioreactor02,2025-09-19T13:06:33.447Z,21.23114,0.0,0.0,0.0,47.22,2025-09-19 15:06:33.447,13.789166666667
Long Yeast Grow,pioreactor02,2025-09-19T13:06:48.915Z,21.25614,0.0,0.0,0.0,47.22,2025-09-19 15:06:48.915,13.793333333333
Long Yeast Grow,pioreactor02,2025-09-19T13:07:11.915Z,21.25664,0.0,0.0,0.0,47.22,2025-09-19 15:07:11.915,13.799722222222
Long Yeast Grow,pioreactor02,2025-09-19T13:07:34.919Z,21.26664,0.0,0.0,0.0,47.22,2025-09-19 15:07:34.919,13.806111111111
Long Yeast Grow,pioreactor02,2025-09-19T13:07:57.915Z,21.25964,0.0,0.0,0.0,47.22,2025-09-19 15:07:57.915,13.8125
Long Yeast Grow,pioreactor02,2025-09-19T13:08:01.973Z,21.25964,0.0,0.0,0.0,0.0,2025-09-19 15:08:01.973,13.813611111111
Long Yeast Grow,pioreactor02,2025-09-19T13:08:20.915Z,21.25814,0.0,0.0,0.0,0.0,2025-09-19 15:08:20.915,13.818888888889
Long Yeast Grow,pioreactor02,2025-09-19T13:08:43.915Z,21.24364,0.0,0.0,0.0,0.0,2025-09-19 15:08:43.915,13.825277777778
Long Yeast Grow,pioreactor02,2025-09-19T13:09:06.915Z,21.24564,0.0,0.0,0.0,0.0,2025-09-19 15:09:06.915,13.831666666667
Long Yeast Grow,pioreactor02,2025-09-19T13:09:29.915Z,21.20814,0.0,0.0,0.0,0.0,2025-09-19 15:09:29.915,13.838055555556
Long Yeast Grow,pioreactor02,2025-09-19T13:09:52.915Z,21.19214,0.0,0.0,0.0,0.0,2025-09-19 15:09:52.915,13.844444444444
Long Yeast Grow,pioreactor02,2025-09-19T13:09:53.405Z,21.19214,0.0,0.0,0.0,47.22,2025-09-19 15:09:53.405,13.844722222222
Long Yeast Grow,pioreactor02,2025-09-19T13:09:53.447Z,21.19214,0.0,0.0,0.0,48.02,2025-09-19 15:09:53.447,13.844722222222
Long Yeast Grow,pioreactor02,2025-09-19T13:10:15.915Z,21.19414,0.0,0.0,0.0,48.02,2025-09-19 15:10:15.915,13.850833333333
Long Yeast Grow,pioreactor02,2025-09-19T13:10:38.915Z,21.19564,0.0,0.0,0.0,48.02,2025-09-19 15:10:38.915,13.857222222222
Long Yeast Grow,pioreactor02,2025-09-19T13:11:01.915Z,21.21514,0.0,0.0,0.0,48.02,2025-09-19 15:11:01.915,13.863611111111
Long Yeast Grow,pioreactor02,2025-09-19T13:11:21.972Z,21.21514,0.0,0.0,0.0,0.0,2025-09-19 15:11:21.972,13.869166666667
Long Yeast Grow,pioreactor02,2025-09-19T13:11:24.915Z,21.21014,0.0,0.0,0.0,0.0,2025-09-19 15:11:24.915,13.87
Long Yeast Grow,pioreactor02,2025-09-19T13:11:47.915Z,21.19014,0.0,0.0,0.0,0.0,2025-09-19 15:11:47.915,13.876388888889
Long Yeast Grow,pioreactor02,2025-09-19T13:12:10.915Z,21.18864,0.0,0.0,0.0,0.0,2025-09-19 15:12:10.915,13.882777777778
Long Yeast Grow,pioreactor02,2025-09-19T13:12:33.915Z,21.18464,0.0,0.0,0.0,0.0,2025-09-19 15:12:33.915,13.889166666667
Long Yeast Grow,pioreactor02,2025-09-19T13:12:56.915Z,21.19964,0.0,0.0,0.0,0.0,2025-09-19 15:12:56.915,13.895555555556
Long Yeast Grow,pioreactor02,2025-09-19T13:13:13.405Z,21.19964,0.0,0.0,0.0,48.02,2025-09-19 15:13:13.405,13.900277777778
Long Yeast Grow,pioreactor02,2025-09-19T13:13:13.448Z,21.19964,0.0,0.0,0.0,47.74,2025-09-19 15:13:13.448,13.900277777778
Long Yeast Grow,pioreactor02,2025-09-19T13:13:19.915Z,21.15864,0.0,0.0,0.0,47.74,2025-09-19 15:13:19.915,13.901944444444
Long Yeast Grow,pioreactor02,2025-09-19T13:13:42.915Z,21.18114,0.0,0.0,0.0,47.74,2025-09-19 15:13:42.915,13.908333333333
Long Yeast Grow,pioreactor02,2025-09-19T13:14:05.915Z,21.17264,0.0,0.0,0.0,47.74,2025-09-19 15:14:05.915,13.914722222222
Long Yeast Grow,pioreactor02,2025-09-19T13:14:28.915Z,21.18864,0.0,0.0,0.0,47.74,2025-09-19 15:14:28.915,13.921111111111
Long Yeast Grow,pioreactor02,2025-09-19T13:14:41.973Z,21.18864,0.0,0.0,0.0,0.0,2025-09-19 15:14:41.973,13.924722222222
Long Yeast Grow,pioreactor02,2025-09-19T13:14:51.919Z,21.15764,0.0,0.0,0.0,0.0,2025-09-19 15:14:51.919,13.9275
Long Yeast Grow,pioreactor02,2025-09-19T13:15:14.919Z,21.15814,0.0,0.0,0.0,0.0,2025-09-19 15:15:14.919,13.933888888889
Long Yeast Grow,pioreactor02,2025-09-19T13:15:37.915Z,21.15264,0.0,0.0,0.0,0.0,2025-09-19 15:15:37.915,13.940277777778
Long Yeast Grow,pioreactor02,2025-09-19T13:16:00.915Z,21.13364,0.0,0.0,0.0,0.0,2025-09-19 15:16:00.915,13.946666666667
Long Yeast Grow,pioreactor02,2025-09-19T13:16:23.915Z,21.12914,0.0,0.0,0.0,0.0,2025-09-19 15:16:23.915,13.953055555556
Long Yeast Grow,pioreactor02,2025-09-19T13:16:33.405Z,21.12914,0.0,0.0,0.0,47.74,2025-09-19 15:16:33.405,13.955833333333
Long Yeast Grow,pioreactor02,2025-09-19T13:16:33.448Z,21.12914,0.0,0.0,0.0,47.24,2025-09-19 15:16:33.448,13.955833333333
Long Yeast Grow,pioreactor02,2025-09-19T13:16:46.915Z,21.16814,0.0,0.0,0.0,47.24,2025-09-19 15:16:46.915,13.959444444444
Long Yeast Grow,pioreactor02,2025-09-19T13:17:09.915Z,21.20164,0.0,0.0,0.0,47.24,2025-09-19 15:17:09.915,13.965833333333
Long Yeast Grow,pioreactor02,2025-09-19T13:17:32.915Z,21.19514,0.0,0.0,0.0,47.24,2025-09-19 15:17:32.915,13.972222222222
Long Yeast Grow,pioreactor02,2025-09-19T13:17:55.915Z,21.19764,0.0,0.0,0.0,47.24,2025-09-19 15:17:55.915,13.978611111111
Long Yeast Grow,pioreactor02,2025-09-19T13:18:01.972Z,21.19764,0.0,0.0,0.0,0.0,2025-09-19 15:18:01.972,13.980277777778
Long Yeast Grow,pioreactor02,2025-09-19T13:18:18.915Z,21.20514,0.0,0.0,0.0,0.0,2025-09-19 15:18:18.915,13.985
Long Yeast Grow,pioreactor02,2025-09-19T13:18:41.915Z,21.21864,0.0,0.0,0.0,0.0,2025-09-19 15:18:41.915,13.991388888889
Long Yeast Grow,pioreactor02,2025-09-19T13:19:04.915Z,21.18014,0.0,0.0,0.0,0.0,2025-09-19 15:19:04.915,13.997777777778
Long Yeast Grow,pioreactor02,2025-09-19T13:19:27.915Z,21.14364,0.0,0.0,0.0,0.0,2025-09-19 15:19:27.915,14.004166666667
Long Yeast Grow,pioreactor02,2025-09-19T13:19:50.915Z,21.13314,0.0,0.0,0.0,0.0,2025-09-19 15:19:50.915,14.010555555556
Long Yeast Grow,pioreactor02,2025-09-19T13:19:53.403Z,21.13314,0.0,0.0,0.0,47.24,2025-09-19 15:19:53.403,14.011388888889
Long Yeast Grow,pioreactor02,2025-09-19T13:19:53.448Z,21.13314,0.0,0.0,0.0,47.71,2025-09-19 15:19:53.448,14.011388888889
Long Yeast Grow,pioreactor02,2025-09-19T13:20:13.915Z,21.13264,0.0,0.0,0.0,47.71,2025-09-19 15:20:13.915,14.016944444444
Long Yeast Grow,pioreactor02,2025-09-19T13:20:36.915Z,21.11064,0.0,0.0,0.0,47.71,2025-09-19 15:20:36.915,14.023333333333
Long Yeast Grow,pioreactor02,2025-09-19T13:20:59.915Z,21.06614,0.0,0.0,0.0,47.71,2025-09-19 15:20:59.915,14.029722222222
Long Yeast Grow,pioreactor02,2025-09-19T13:21:21.973Z,21.06614,0.0,0.0,0.0,0.0,2025-09-19 15:21:21.973,14.035833333333
Long Yeast Grow,pioreactor02,2025-09-19T13:21:22.915Z,21.06064,0.0,0.0,0.0,0.0,2025-09-19 15:21:22.915,14.036111111111
Long Yeast Grow,pioreactor02,2025-09-19T13:21:45.915Z,21.02314,0.0,0.0,0.0,0.0,2025-09-19 15:21:45.915,14.0425
Long Yeast Grow,pioreactor02,2025-09-19T13:22:08.919Z,21.00414,0.0,0.0,0.0,0.0,2025-09-19 15:22:08.919,14.048888888889
Long Yeast Grow,pioreactor02,2025-09-19T13:22:31.915Z,21.00164,0.0,0.0,0.0,0.0,2025-09-19 15:22:31.915,14.055277777778
Long Yeast Grow,pioreactor02,2025-09-19T13:22:54.915Z,20.99214,0.0,0.0,0.0,0.0,2025-09-19 15:22:54.915,14.061666666667
Long Yeast Grow,pioreactor02,2025-09-19T13:23:13.406Z,20.99214,0.0,0.0,0.0,47.71,2025-09-19 15:23:13.406,14.066944444444
Long Yeast Grow,pioreactor02,2025-09-19T13:23:13.448Z,20.99214,0.0,0.0,0.0,47.76,2025-09-19 15:23:13.448,14.066944444444
Long Yeast Grow,pioreactor02,2025-09-19T13:23:17.915Z,20.99664,0.0,0.0,0.0,47.76,2025-09-19 15:23:17.915,14.068055555556
Long Yeast Grow,pioreactor02,2025-09-19T13:23:40.915Z,21.01364,0.0,0.0,0.0,47.76,2025-09-19 15:23:40.915,14.074444444444
Long Yeast Grow,pioreactor02,2025-09-19T13:24:03.915Z,21.02064,0.0,0.0,0.0,47.76,2025-09-19 15:24:03.915,14.080833333333
Long Yeast Grow,pioreactor02,2025-09-19T13:24:26.915Z,21.04864,0.0,0.0,0.0,47.76,2025-09-19 15:24:26.915,14.087222222222
Long Yeast Grow,pioreactor02,2025-09-19T13:24:41.973Z,21.04864,0.0,0.0,0.0,0.0,2025-09-19 15:24:41.973,14.091388888889
Long Yeast Grow,pioreactor02,2025-09-19T13:24:49.915Z,21.04214,0.0,0.0,0.0,0.0,2025-09-19 15:24:49.915,14.093611111111
Long Yeast Grow,pioreactor02,2025-09-19T13:25:12.915Z,21.04214,0.0,0.0,0.0,0.0,2025-09-19 15:25:12.915,14.1
Long Yeast Grow,pioreactor02,2025-09-19T13:25:35.915Z,21.03914,0.0,0.0,0.0,0.0,2025-09-19 15:25:35.915,14.106388888889
Long Yeast Grow,pioreactor02,2025-09-19T13:25:58.920Z,21.02214,0.0,0.0,0.0,0.0,2025-09-19 15:25:58.920,14.112777777778
Long Yeast Grow,pioreactor02,2025-09-19T13:26:21.915Z,21.02814,0.0,0.0,0.0,0.0,2025-09-19 15:26:21.915,14.119166666667
Long Yeast Grow,pioreactor02,2025-09-19T13:26:33.405Z,21.02814,0.0,0.0,0.0,47.76,2025-09-19 15:26:33.405,14.1225
Long Yeast Grow,pioreactor02,2025-09-19T13:26:33.447Z,21.02814,0.0,0.0,0.0,48.53,2025-09-19 15:26:33.447,14.1225
Long Yeast Grow,pioreactor02,2025-09-19T13:26:44.915Z,21.03714,0.0,0.0,0.0,48.53,2025-09-19 15:26:44.915,14.125555555556
Long Yeast Grow,pioreactor02,2025-09-19T13:27:07.919Z,21.03914,0.0,0.0,0.0,48.53,2025-09-19 15:27:07.919,14.131944444444
Long Yeast Grow,pioreactor02,2025-09-19T13:27:30.915Z,21.06614,0.0,0.0,0.0,48.53,2025-09-19 15:27:30.915,14.138333333333
Long Yeast Grow,pioreactor02,2025-09-19T13:27:53.915Z,21.06464,0.0,0.0,0.0,48.53,2025-09-19 15:27:53.915,14.144722222222
Long Yeast Grow,pioreactor02,2025-09-19T13:28:01.972Z,21.06464,0.0,0.0,0.0,0.0,2025-09-19 15:28:01.972,14.146944444444
Long Yeast Grow,pioreactor02,2025-09-19T13:28:16.915Z,21.09464,0.0,0.0,0.0,0.0,2025-09-19 15:28:16.915,14.151111111111
Long Yeast Grow,pioreactor02,2025-09-19T13:28:39.919Z,21.09514,0.0,0.0,0.0,0.0,2025-09-19 15:28:39.919,14.1575
Long Yeast Grow,pioreactor02,2025-09-19T13:29:02.919Z,21.09414,0.0,0.0,0.0,0.0,2025-09-19 15:29:02.919,14.163888888889
Long Yeast Grow,pioreactor02,2025-09-19T13:29:25.915Z,21.09264,0.0,0.0,0.0,0.0,2025-09-19 15:29:25.915,14.170277777778
Long Yeast Grow,pioreactor02,2025-09-19T13:29:48.915Z,21.09814,0.0,0.0,0.0,0.0,2025-09-19 15:29:48.915,14.176666666667
Long Yeast Grow,pioreactor02,2025-09-19T13:29:53.406Z,21.09814,0.0,0.0,0.0,48.53,2025-09-19 15:29:53.406,14.178055555556
Long Yeast Grow,pioreactor02,2025-09-19T13:29:53.448Z,21.09814,0.0,0.0,0.0,48.05,2025-09-19 15:29:53.448,14.178055555556
Long Yeast Grow,pioreactor02,2025-09-19T13:30:11.915Z,21.15114,0.0,0.0,0.0,48.05,2025-09-19 15:30:11.915,14.183055555556
Long Yeast Grow,pioreactor02,2025-09-19T13:30:34.915Z,21.17764,0.0,0.0,0.0,48.05,2025-09-19 15:30:34.915,14.189444444444
Long Yeast Grow,pioreactor02,2025-09-19T13:30:57.915Z,21.18264,0.0,0.0,0.0,48.05,2025-09-19 15:30:57.915,14.195833333333
Long Yeast Grow,pioreactor02,2025-09-19T13:31:20.919Z,21.18764,0.0,0.0,0.0,48.05,2025-09-19 15:31:20.919,14.202222222222
Long Yeast Grow,pioreactor02,2025-09-19T13:31:21.973Z,21.18764,0.0,0.0,0.0,0.0,2025-09-19 15:31:21.973,14.2025
Long Yeast Grow,pioreactor02,2025-09-19T13:31:43.919Z,21.13414,0.0,0.0,0.0,0.0,2025-09-19 15:31:43.919,14.208611111111
Long Yeast Grow,pioreactor02,2025-09-19T13:32:06.915Z,21.13114,0.0,0.0,0.0,0.0,2025-09-19 15:32:06.915,14.215
Long Yeast Grow,pioreactor02,2025-09-19T13:32:29.915Z,21.12914,0.0,0.0,0.0,0.0,2025-09-19 15:32:29.915,14.221388888889
Long Yeast Grow,pioreactor02,2025-09-19T13:32:52.915Z,21.58364,0.0,0.0,0.0,0.0,2025-09-19 15:32:52.915,14.227777777778
Long Yeast Grow,pioreactor02,2025-09-19T13:33:13.405Z,21.58364,0.0,0.0,0.0,48.05,2025-09-19 15:33:13.405,14.233611111111
Long Yeast Grow,pioreactor02,2025-09-19T13:33:13.448Z,21.58364,0.0,0.0,0.0,47.86,2025-09-19 15:33:13.448,14.233611111111
Long Yeast Grow,pioreactor02,2025-09-19T13:33:15.915Z,21.97564,0.0,0.0,0.0,47.86,2025-09-19 15:33:15.915,14.234166666667
Long Yeast Grow,pioreactor02,2025-09-19T13:33:38.915Z,22.36964,0.0,0.0,0.0,47.86,2025-09-19 15:33:38.915,14.240555555556
Long Yeast Grow,pioreactor02,2025-09-19T13:34:01.915Z,22.14114,0.0,0.0,0.0,47.86,2025-09-19 15:34:01.915,14.246944444444
Long Yeast Grow,pioreactor02,2025-09-19T13:34:24.915Z,21.91064,0.0,0.0,0.0,47.86,2025-09-19 15:34:24.915,14.253333333333
Long Yeast Grow,pioreactor02,2025-09-19T13:34:41.973Z,21.91064,0.0,0.0,0.0,0.0,2025-09-19 15:34:41.973,14.258055555556
Long Yeast Grow,pioreactor02,2025-09-19T13:34:47.919Z,21.72914,0.0,0.0,0.0,0.0,2025-09-19 15:34:47.919,14.259722222222
Long Yeast Grow,pioreactor02,2025-09-19T13:35:10.915Z,21.59764,0.0,0.0,0.0,0.0,2025-09-19 15:35:10.915,14.266111111111
Long Yeast Grow,pioreactor02,2025-09-19T13:35:33.919Z,21.48214,0.0,0.0,0.0,0.0,2025-09-19 15:35:33.919,14.2725
Long Yeast Grow,pioreactor02,2025-09-19T13:35:56.915Z,21.40264,0.0,0.0,0.0,0.0,2025-09-19 15:35:56.915,14.278888888889
Long Yeast Grow,pioreactor02,2025-09-19T13:36:19.915Z,21.30914,0.0,0.0,0.0,0.0,2025-09-19 15:36:19.915,14.285277777778
Long Yeast Grow,pioreactor02,2025-09-19T13:36:33.405Z,21.30914,0.0,0.0,0.0,47.86,2025-09-19 15:36:33.405,14.289166666667
Long Yeast Grow,pioreactor02,2025-09-19T13:36:33.448Z,21.30914,0.0,0.0,0.0,49.32,2025-09-19 15:36:33.448,14.289166666667
Long Yeast Grow,pioreactor02,2025-09-19T13:36:42.915Z,21.28714,0.0,0.0,0.0,49.32,2025-09-19 15:36:42.915,14.291666666667
Long Yeast Grow,pioreactor02,2025-09-19T13:37:05.915Z,21.26564,0.0,0.0,0.0,49.32,2025-09-19 15:37:05.915,14.298055555556
Long Yeast Grow,pioreactor02,2025-09-19T13:37:28.915Z,21.23514,0.0,0.0,0.0,49.32,2025-09-19 15:37:28.915,14.304444444444
Long Yeast Grow,pioreactor02,2025-09-19T13:37:51.919Z,21.22164,0.0,0.0,0.0,49.32,2025-09-19 15:37:51.919,14.310833333333
Long Yeast Grow,pioreactor02,2025-09-19T13:38:01.972Z,21.22164,0.0,0.0,0.0,0.0,2025-09-19 15:38:01.972,14.313611111111
Long Yeast Grow,pioreactor02,2025-09-19T13:38:14.919Z,21.21664,0.0,0.0,0.0,0.0,2025-09-19 15:38:14.919,14.317222222222
Long Yeast Grow,pioreactor02,2025-09-19T13:38:37.915Z,21.17514,0.0,0.0,0.0,0.0,2025-09-19 15:38:37.915,14.323611111111
Long Yeast Grow,pioreactor02,2025-09-19T13:39:00.915Z,21.19864,0.0,0.0,0.0,0.0,2025-09-19 15:39:00.915,14.33
Long Yeast Grow,pioreactor02,2025-09-19T13:39:23.915Z,21.16214,0.0,0.0,0.0,0.0,2025-09-19 15:39:23.915,14.336388888889
Long Yeast Grow,pioreactor02,2025-09-19T13:39:46.915Z,21.16464,0.0,0.0,0.0,0.0,2025-09-19 15:39:46.915,14.342777777778
Long Yeast Grow,pioreactor02,2025-09-19T13:39:53.404Z,21.16464,0.0,0.0,0.0,49.32,2025-09-19 15:39:53.404,14.344722222222
Long Yeast Grow,pioreactor02,2025-09-19T13:39:53.448Z,21.16464,0.0,0.0,0.0,49.02,2025-09-19 15:39:53.448,14.344722222222
Long Yeast Grow,pioreactor02,2025-09-19T13:40:09.919Z,21.20014,0.0,0.0,0.0,49.02,2025-09-19 15:40:09.919,14.349166666667
Long Yeast Grow,pioreactor02,2025-09-19T13:40:32.915Z,21.17964,0.0,0.0,0.0,49.02,2025-09-19 15:40:32.915,14.355555555556
Long Yeast Grow,pioreactor02,2025-09-19T13:40:55.915Z,21.18664,0.0,0.0,0.0,49.02,2025-09-19 15:40:55.915,14.361944444444
Long Yeast Grow,pioreactor02,2025-09-19T13:41:18.915Z,21.15514,0.0,0.0,0.0,49.02,2025-09-19 15:41:18.915,14.368333333333
Long Yeast Grow,pioreactor02,2025-09-19T13:41:21.973Z,21.15514,0.0,0.0,0.0,0.0,2025-09-19 15:41:21.973,14.369166666667
Long Yeast Grow,pioreactor02,2025-09-19T13:41:41.915Z,21.14314,0.0,0.0,0.0,0.0,2025-09-19 15:41:41.915,14.374722222222
Long Yeast Grow,pioreactor02,2025-09-19T13:42:04.915Z,21.14264,0.0,0.0,0.0,0.0,2025-09-19 15:42:04.915,14.381111111111
Long Yeast Grow,pioreactor02,2025-09-19T13:42:27.919Z,21.16314,0.0,0.0,0.0,0.0,2025-09-19 15:42:27.919,14.3875
Long Yeast Grow,pioreactor02,2025-09-19T13:42:50.915Z,21.18364,0.0,0.0,0.0,0.0,2025-09-19 15:42:50.915,14.393888888889
Long Yeast Grow,pioreactor02,2025-09-19T13:43:13.404Z,21.18364,0.0,0.0,0.0,49.02,2025-09-19 15:43:13.404,14.400277777778
Long Yeast Grow,pioreactor02,2025-09-19T13:43:13.447Z,21.18364,0.0,0.0,0.0,47.64,2025-09-19 15:43:13.447,14.400277777778
Long Yeast Grow,pioreactor02,2025-09-19T13:43:13.915Z,21.17064,0.0,0.0,0.0,47.64,2025-09-19 15:43:13.915,14.400277777778
Long Yeast Grow,pioreactor02,2025-09-19T13:43:36.915Z,21.15314,0.0,0.0,0.0,47.64,2025-09-19 15:43:36.915,14.406666666667
Long Yeast Grow,pioreactor02,2025-09-19T13:43:59.915Z,21.12414,0.0,0.0,0.0,47.64,2025-09-19 15:43:59.915,14.413055555556
Long Yeast Grow,pioreactor02,2025-09-19T13:44:22.915Z,21.12414,0.0,0.0,0.0,47.64,2025-09-19 15:44:22.915,14.419444444444
Long Yeast Grow,pioreactor02,2025-09-19T13:44:41.972Z,21.12414,0.0,0.0,0.0,0.0,2025-09-19 15:44:41.972,14.424722222222
Long Yeast Grow,pioreactor02,2025-09-19T13:44:45.919Z,21.09514,0.0,0.0,0.0,0.0,2025-09-19 15:44:45.919,14.425833333333
Long Yeast Grow,pioreactor02,2025-09-19T13:45:08.919Z,21.09414,0.0,0.0,0.0,0.0,2025-09-19 15:45:08.919,14.432222222222
Long Yeast Grow,pioreactor02,2025-09-19T13:45:31.915Z,21.09464,0.0,0.0,0.0,0.0,2025-09-19 15:45:31.915,14.438611111111
Long Yeast Grow,pioreactor02,2025-09-19T13:45:54.915Z,21.08114,0.0,0.0,0.0,0.0,2025-09-19 15:45:54.915,14.445
Long Yeast Grow,pioreactor02,2025-09-19T13:46:17.916Z,21.08664,0.0,0.0,0.0,0.0,2025-09-19 15:46:17.916,14.451388888889
Long Yeast Grow,pioreactor02,2025-09-19T13:46:33.406Z,21.08664,0.0,0.0,0.0,47.64,2025-09-19 15:46:33.406,14.455833333333
Long Yeast Grow,pioreactor02,2025-09-19T13:46:33.448Z,21.08664,0.0,0.0,0.0,47.78,2025-09-19 15:46:33.448,14.455833333333
Long Yeast Grow,pioreactor02,2025-09-19T13:46:40.915Z,21.08414,0.0,0.0,0.0,47.78,2025-09-19 15:46:40.915,14.457777777778
Long Yeast Grow,pioreactor02,2025-09-19T13:47:03.915Z,21.09314,0.0,0.0,0.0,47.78,2025-09-19 15:47:03.915,14.464166666667
Long Yeast Grow,pioreactor02,2025-09-19T13:47:26.919Z,21.09764,0.0,0.0,0.0,47.78,2025-09-19 15:47:26.919,14.470555555556
Long Yeast Grow,pioreactor02,2025-09-19T13:47:49.915Z,21.13664,0.0,0.0,0.0,47.78,2025-09-19 15:47:49.915,14.476944444444
Long Yeast Grow,pioreactor02,2025-09-19T13:48:01.973Z,21.13664,0.0,0.0,0.0,0.0,2025-09-19 15:48:01.973,14.480277777778
Long Yeast Grow,pioreactor02,2025-09-19T13:48:12.915Z,21.15164,0.0,0.0,0.0,0.0,2025-09-19 15:48:12.915,14.483333333333
Long Yeast Grow,pioreactor02,2025-09-19T13:48:35.915Z,21.15364,0.0,0.0,0.0,0.0,2025-09-19 15:48:35.915,14.489722222222
Long Yeast Grow,pioreactor02,2025-09-19T13:48:58.915Z,21.15214,0.0,0.0,0.0,0.0,2025-09-19 15:48:58.915,14.496111111111
Long Yeast Grow,pioreactor02,2025-09-19T13:49:21.915Z,21.16014,0.0,0.0,0.0,0.0,2025-09-19 15:49:21.915,14.5025
Long Yeast Grow,pioreactor02,2025-09-19T13:49:44.915Z,21.14964,0.0,0.0,0.0,0.0,2025-09-19 15:49:44.915,14.508888888889
Long Yeast Grow,pioreactor02,2025-09-19T13:49:53.405Z,21.14964,0.0,0.0,0.0,47.78,2025-09-19 15:49:53.405,14.511388888889
Long Yeast Grow,pioreactor02,2025-09-19T13:49:53.449Z,21.14964,0.0,0.0,0.0,46.73,2025-09-19 15:49:53.449,14.511388888889
Long Yeast Grow,pioreactor02,2025-09-19T13:50:07.915Z,21.14964,0.0,0.0,0.0,46.73,2025-09-19 15:50:07.915,14.515277777778
Long Yeast Grow,pioreactor02,2025-09-19T13:50:30.915Z,21.16914,0.0,0.0,0.0,46.73,2025-09-19 15:50:30.915,14.521666666667
Long Yeast Grow,pioreactor02,2025-09-19T13:50:53.915Z,21.20214,0.0,0.0,0.0,46.73,2025-09-19 15:50:53.915,14.528055555556
Long Yeast Grow,pioreactor02,2025-09-19T13:51:16.915Z,21.22264,0.0,0.0,0.0,46.73,2025-09-19 15:51:16.915,14.534444444444
Long Yeast Grow,pioreactor02,2025-09-19T13:51:21.973Z,21.22264,0.0,0.0,0.0,0.0,2025-09-19 15:51:21.973,14.535833333333
Long Yeast Grow,pioreactor02,2025-09-19T13:51:39.915Z,21.22164,0.0,0.0,0.0,0.0,2025-09-19 15:51:39.915,14.540833333333
Long Yeast Grow,pioreactor02,2025-09-19T13:52:02.915Z,21.21164,0.0,0.0,0.0,0.0,2025-09-19 15:52:02.915,14.547222222222
Long Yeast Grow,pioreactor02,2025-09-19T13:52:25.915Z,21.20464,0.0,0.0,0.0,0.0,2025-09-19 15:52:25.915,14.553611111111
Long Yeast Grow,pioreactor02,2025-09-19T13:52:48.915Z,21.21664,0.0,0.0,0.0,0.0,2025-09-19 15:52:48.915,14.56
Long Yeast Grow,pioreactor02,2025-09-19T13:53:11.879Z,21.24264,0.0,0.0,0.0,0.0,2025-09-19 15:53:11.879,14.566388888889
Long Yeast Grow,pioreactor02,2025-09-19T13:53:13.406Z,21.24264,0.0,0.0,0.0,46.73,2025-09-19 15:53:13.406,14.566944444444
Long Yeast Grow,pioreactor02,2025-09-19T13:53:13.448Z,21.24264,0.0,0.0,0.0,47.39,2025-09-19 15:53:13.448,14.566944444444
Long Yeast Grow,pioreactor02,2025-09-19T13:53:34.919Z,21.32114,0.0,0.0,0.0,47.39,2025-09-19 15:53:34.919,14.572777777778
Long Yeast Grow,pioreactor02,2025-09-19T13:53:57.919Z,21.36364,0.0,0.0,0.0,47.39,2025-09-19 15:53:57.919,14.579166666667
Long Yeast Grow,pioreactor02,2025-09-19T13:54:20.915Z,21.34614,0.0,0.0,0.0,47.39,2025-09-19 15:54:20.915,14.585555555556
Long Yeast Grow,pioreactor02,2025-09-19T13:54:41.972Z,21.34614,0.0,0.0,0.0,0.0,2025-09-19 15:54:41.972,14.591388888889
Long Yeast Grow,pioreactor02,2025-09-19T13:54:43.915Z,21.31464,0.0,0.0,0.0,0.0,2025-09-19 15:54:43.915,14.591944444444
Long Yeast Grow,pioreactor02,2025-09-19T13:55:06.915Z,21.29514,0.0,0.0,0.0,0.0,2025-09-19 15:55:06.915,14.598333333333
Long Yeast Grow,pioreactor02,2025-09-19T13:55:29.915Z,21.29264,0.0,0.0,0.0,0.0,2025-09-19 15:55:29.915,14.604722222222
Long Yeast Grow,pioreactor02,2025-09-19T13:55:52.915Z,21.29664,0.0,0.0,0.0,0.0,2025-09-19 15:55:52.915,14.611111111111
Long Yeast Grow,pioreactor02,2025-09-19T13:56:15.919Z,21.29764,0.0,0.0,0.0,0.0,2025-09-19 15:56:15.919,14.6175
Long Yeast Grow,pioreactor02,2025-09-19T13:56:33.407Z,21.29764,0.0,0.0,0.0,47.39,2025-09-19 15:56:33.407,14.6225
Long Yeast Grow,pioreactor02,2025-09-19T13:56:33.447Z,21.29764,0.0,0.0,0.0,47.38,2025-09-19 15:56:33.447,14.6225
Long Yeast Grow,pioreactor02,2025-09-19T13:56:38.915Z,21.31264,0.0,0.0,0.0,47.38,2025-09-19 15:56:38.915,14.623888888889
Long Yeast Grow,pioreactor02,2025-09-19T13:57:01.915Z,21.30964,0.0,0.0,0.0,47.38,2025-09-19 15:57:01.915,14.630277777778
Long Yeast Grow,pioreactor02,2025-09-19T13:57:24.915Z,21.30914,0.0,0.0,0.0,47.38,2025-09-19 15:57:24.915,14.636666666667
Long Yeast Grow,pioreactor02,2025-09-19T13:57:47.915Z,21.24764,0.0,0.0,0.0,47.38,2025-09-19 15:57:47.915,14.643055555556
Long Yeast Grow,pioreactor02,2025-09-19T13:58:01.972Z,21.24764,0.0,0.0,0.0,0.0,2025-09-19 15:58:01.972,14.646944444444
Long Yeast Grow,pioreactor02,2025-09-19T13:58:10.915Z,21.25114,0.0,0.0,0.0,0.0,2025-09-19 15:58:10.915,14.649444444444
Long Yeast Grow,pioreactor02,2025-09-19T13:58:33.915Z,21.24214,0.0,0.0,0.0,0.0,2025-09-19 15:58:33.915,14.655833333333
Long Yeast Grow,pioreactor02,2025-09-19T13:58:56.915Z,21.23414,0.0,0.0,0.0,0.0,2025-09-19 15:58:56.915,14.662222222222
Long Yeast Grow,pioreactor02,2025-09-19T13:59:19.915Z,21.22564,0.0,0.0,0.0,0.0,2025-09-19 15:59:19.915,14.668611111111
Long Yeast Grow,pioreactor02,2025-09-19T13:59:42.915Z,21.25414,0.0,0.0,0.0,0.0,2025-09-19 15:59:42.915,14.675
Long Yeast Grow,pioreactor02,2025-09-19T13:59:53.405Z,21.25414,0.0,0.0,0.0,47.38,2025-09-19 15:59:53.405,14.678055555556
Long Yeast Grow,pioreactor02,2025-09-19T13:59:53.447Z,21.25414,0.0,0.0,0.0,47.62,2025-09-19 15:59:53.447,14.678055555556
Long Yeast Grow,pioreactor02,2025-09-19T14:00:05.919Z,21.25564,0.0,0.0,0.0,47.62,2025-09-19 16:00:05.919,14.681388888889
Long Yeast Grow,pioreactor02,2025-09-19T14:00:28.915Z,21.25514,0.0,0.0,0.0,47.62,2025-09-19 16:00:28.915,14.687777777778
Long Yeast Grow,pioreactor02,2025-09-19T14:00:51.915Z,21.25214,0.0,0.0,0.0,47.62,2025-09-19 16:00:51.915,14.694166666667
Long Yeast Grow,pioreactor02,2025-09-19T14:01:14.915Z,21.27164,0.0,0.0,0.0,47.62,2025-09-19 16:01:14.915,14.700555555556
Long Yeast Grow,pioreactor02,2025-09-19T14:01:21.972Z,21.27164,0.0,0.0,0.0,0.0,2025-09-19 16:01:21.972,14.7025
Long Yeast Grow,pioreactor02,2025-09-19T14:01:37.919Z,21.24564,0.0,0.0,0.0,0.0,2025-09-19 16:01:37.919,14.706944444444
Long Yeast Grow,pioreactor02,2025-09-19T14:02:00.915Z,21.23814,0.0,0.0,0.0,0.0,2025-09-19 16:02:00.915,14.713333333333
Long Yeast Grow,pioreactor02,2025-09-19T14:02:23.919Z,21.29564,0.0,0.0,0.0,0.0,2025-09-19 16:02:23.919,14.719722222222
Long Yeast Grow,pioreactor02,2025-09-19T14:02:46.915Z,21.24564,0.0,0.0,0.0,0.0,2025-09-19 16:02:46.915,14.726111111111
Long Yeast Grow,pioreactor02,2025-09-19T14:03:09.915Z,21.24864,0.0,0.0,0.0,0.0,2025-09-19 16:03:09.915,14.7325
Long Yeast Grow,pioreactor02,2025-09-19T14:03:13.405Z,21.24864,0.0,0.0,0.0,47.62,2025-09-19 16:03:13.405,14.733611111111
Long Yeast Grow,pioreactor02,2025-09-19T14:03:13.448Z,21.24864,0.0,0.0,0.0,48.39,2025-09-19 16:03:13.448,14.733611111111
Long Yeast Grow,pioreactor02,2025-09-19T14:03:32.915Z,21.24664,0.0,0.0,0.0,48.39,2025-09-19 16:03:32.915,14.738888888889
Long Yeast Grow,pioreactor02,2025-09-19T14:03:55.915Z,21.24564,0.0,0.0,0.0,48.39,2025-09-19 16:03:55.915,14.745277777778
Long Yeast Grow,pioreactor02,2025-09-19T14:04:18.915Z,21.17714,0.0,0.0,0.0,48.39,2025-09-19 16:04:18.915,14.751666666667
Long Yeast Grow,pioreactor02,2025-09-19T14:04:41.919Z,21.14314,0.0,0.0,0.0,48.39,2025-09-19 16:04:41.919,14.758055555556
Long Yeast Grow,pioreactor02,2025-09-19T14:04:41.973Z,21.14314,0.0,0.0,0.0,0.0,2025-09-19 16:04:41.973,14.758055555556
Long Yeast Grow,pioreactor02,2025-09-19T14:05:04.915Z,21.10464,0.0,0.0,0.0,0.0,2025-09-19 16:05:04.915,14.764444444444
Long Yeast Grow,pioreactor02,2025-09-19T14:05:27.915Z,21.10514,0.0,0.0,0.0,0.0,2025-09-19 16:05:27.915,14.770833333333
Long Yeast Grow,pioreactor02,2025-09-19T14:05:50.915Z,21.06964,0.0,0.0,0.0,0.0,2025-09-19 16:05:50.915,14.777222222222
Long Yeast Grow,pioreactor02,2025-09-19T14:06:13.915Z,21.10164,0.0,0.0,0.0,0.0,2025-09-19 16:06:13.915,14.783611111111
Long Yeast Grow,pioreactor02,2025-09-19T14:06:33.405Z,21.10164,0.0,0.0,0.0,48.39,2025-09-19 16:06:33.405,14.789166666667
Long Yeast Grow,pioreactor02,2025-09-19T14:06:33.447Z,21.10164,0.0,0.0,0.0,49.85,2025-09-19 16:06:33.447,14.789166666667
Long Yeast Grow,pioreactor02,2025-09-19T14:06:36.919Z,21.10114,0.0,0.0,0.0,49.85,2025-09-19 16:06:36.919,14.79
Long Yeast Grow,pioreactor02,2025-09-19T14:06:59.915Z,21.11514,0.0,0.0,0.0,49.85,2025-09-19 16:06:59.915,14.796388888889
Long Yeast Grow,pioreactor02,2025-09-19T14:07:22.915Z,21.12264,0.0,0.0,0.0,49.85,2025-09-19 16:07:22.915,14.802777777778
Long Yeast Grow,pioreactor02,2025-09-19T14:07:45.915Z,21.12364,0.0,0.0,0.0,49.85,2025-09-19 16:07:45.915,14.809166666667
Long Yeast Grow,pioreactor02,2025-09-19T14:08:01.972Z,21.12364,0.0,0.0,0.0,0.0,2025-09-19 16:08:01.972,14.813611111111
Long Yeast Grow,pioreactor02,2025-09-19T14:08:08.915Z,21.17614,0.0,0.0,0.0,0.0,2025-09-19 16:08:08.915,14.815555555556
Long Yeast Grow,pioreactor02,2025-09-19T14:08:31.919Z,21.17814,0.0,0.0,0.0,0.0,2025-09-19 16:08:31.919,14.821944444444
Long Yeast Grow,pioreactor02,2025-09-19T14:08:54.919Z,21.15514,0.0,0.0,0.0,0.0,2025-09-19 16:08:54.919,14.828333333333
Long Yeast Grow,pioreactor02,2025-09-19T14:09:17.915Z,21.16264,0.0,0.0,0.0,0.0,2025-09-19 16:09:17.915,14.834722222222
Long Yeast Grow,pioreactor02,2025-09-19T14:09:40.919Z,21.18764,0.0,0.0,0.0,0.0,2025-09-19 16:09:40.919,14.841111111111
Long Yeast Grow,pioreactor02,2025-09-19T14:09:53.404Z,21.18764,0.0,0.0,0.0,49.85,2025-09-19 16:09:53.404,14.844722222222
Long Yeast Grow,pioreactor02,2025-09-19T14:09:53.448Z,21.18764,0.0,0.0,0.0,49.07,2025-09-19 16:09:53.448,14.844722222222
Long Yeast Grow,pioreactor02,2025-09-19T14:10:03.919Z,21.19864,0.0,0.0,0.0,49.07,2025-09-19 16:10:03.919,14.8475
Long Yeast Grow,pioreactor02,2025-09-19T14:10:26.915Z,21.19564,0.0,0.0,0.0,49.07,2025-09-19 16:10:26.915,14.853888888889
Long Yeast Grow,pioreactor02,2025-09-19T14:10:49.919Z,21.19114,0.0,0.0,0.0,49.07,2025-09-19 16:10:49.919,14.860277777778
Long Yeast Grow,pioreactor02,2025-09-19T14:11:12.915Z,21.18764,0.0,0.0,0.0,49.07,2025-09-19 16:11:12.915,14.866666666667
Long Yeast Grow,pioreactor02,2025-09-19T14:11:21.973Z,21.18764,0.0,0.0,0.0,0.0,2025-09-19 16:11:21.973,14.869166666667
Long Yeast Grow,pioreactor02,2025-09-19T14:11:35.915Z,21.18114,0.0,0.0,0.0,0.0,2025-09-19 16:11:35.915,14.873055555556
Long Yeast Grow,pioreactor02,2025-09-19T14:11:58.915Z,21.20514,0.0,0.0,0.0,0.0,2025-09-19 16:11:58.915,14.879444444444
Long Yeast Grow,pioreactor02,2025-09-19T14:12:21.919Z,21.20164,0.0,0.0,0.0,0.0,2025-09-19 16:12:21.919,14.885833333333
Long Yeast Grow,pioreactor02,2025-09-19T14:12:44.915Z,21.18514,0.0,0.0,0.0,0.0,2025-09-19 16:12:44.915,14.892222222222
Long Yeast Grow,pioreactor02,2025-09-19T14:13:07.915Z,21.18564,0.0,0.0,0.0,0.0,2025-09-19 16:13:07.915,14.898611111111
Long Yeast Grow,pioreactor02,2025-09-19T14:13:13.407Z,21.18564,0.0,0.0,0.0,49.07,2025-09-19 16:13:13.407,14.900277777778
Long Yeast Grow,pioreactor02,2025-09-19T14:13:13.451Z,21.18564,0.0,0.0,0.0,48.24,2025-09-19 16:13:13.451,14.900277777778
Long Yeast Grow,pioreactor02,2025-09-19T14:13:30.915Z,21.23614,0.0,0.0,0.0,48.24,2025-09-19 16:13:30.915,14.905
Long Yeast Grow,pioreactor02,2025-09-19T14:13:53.915Z,21.26014,0.0,0.0,0.0,48.24,2025-09-19 16:13:53.915,14.911388888889
Long Yeast Grow,pioreactor02,2025-09-19T14:14:16.915Z,21.25964,0.0,0.0,0.0,48.24,2025-09-19 16:14:16.915,14.917777777778
Long Yeast Grow,pioreactor02,2025-09-19T14:14:39.919Z,21.25064,0.0,0.0,0.0,48.24,2025-09-19 16:14:39.919,14.924166666667
Long Yeast Grow,pioreactor02,2025-09-19T14:14:41.973Z,21.25064,0.0,0.0,0.0,0.0,2025-09-19 16:14:41.973,14.924722222222
Long Yeast Grow,pioreactor02,2025-09-19T14:15:02.915Z,21.25764,0.0,0.0,0.0,0.0,2025-09-19 16:15:02.915,14.930555555556
Long Yeast Grow,pioreactor02,2025-09-19T14:15:25.919Z,21.26314,0.0,0.0,0.0,0.0,2025-09-19 16:15:25.919,14.936944444444
Long Yeast Grow,pioreactor02,2025-09-19T14:15:48.915Z,21.23614,0.0,0.0,0.0,0.0,2025-09-19 16:15:48.915,14.943333333333
Long Yeast Grow,pioreactor02,2025-09-19T14:16:11.915Z,21.19614,0.0,0.0,0.0,0.0,2025-09-19 16:16:11.915,14.949722222222
Long Yeast Grow,pioreactor02,2025-09-19T14:16:33.405Z,21.19614,0.0,0.0,0.0,48.24,2025-09-19 16:16:33.405,14.955833333333
Long Yeast Grow,pioreactor02,2025-09-19T14:16:33.449Z,21.19614,0.0,0.0,0.0,48.27,2025-09-19 16:16:33.449,14.955833333333
Long Yeast Grow,pioreactor02,2025-09-19T14:16:34.915Z,21.20214,0.0,0.0,0.0,48.27,2025-09-19 16:16:34.915,14.956111111111
Long Yeast Grow,pioreactor02,2025-09-19T14:16:57.915Z,21.20714,0.0,0.0,0.0,48.27,2025-09-19 16:16:57.915,14.9625
Long Yeast Grow,pioreactor02,2025-09-19T14:17:20.915Z,21.17514,0.0,0.0,0.0,48.27,2025-09-19 16:17:20.915,14.968888888889
Long Yeast Grow,pioreactor02,2025-09-19T14:17:43.915Z,21.22814,0.0,0.0,0.0,48.27,2025-09-19 16:17:43.915,14.975277777778
Long Yeast Grow,pioreactor02,2025-09-19T14:18:01.972Z,21.22814,0.0,0.0,0.0,0.0,2025-09-19 16:18:01.972,14.980277777778
Long Yeast Grow,pioreactor02,2025-09-19T14:18:06.915Z,21.20214,0.0,0.0,0.0,0.0,2025-09-19 16:18:06.915,14.981666666667
Long Yeast Grow,pioreactor02,2025-09-19T14:18:29.915Z,21.17464,0.0,0.0,0.0,0.0,2025-09-19 16:18:29.915,14.988055555556
Long Yeast Grow,pioreactor02,2025-09-19T14:18:52.915Z,21.18664,0.0,0.0,0.0,0.0,2025-09-19 16:18:52.915,14.994444444444
Long Yeast Grow,pioreactor02,2025-09-19T14:19:15.915Z,21.16164,0.0,0.0,0.0,0.0,2025-09-19 16:19:15.915,15.000833333333
Long Yeast Grow,pioreactor02,2025-09-19T14:19:38.915Z,21.15814,0.0,0.0,0.0,0.0,2025-09-19 16:19:38.915,15.007222222222
Long Yeast Grow,pioreactor02,2025-09-19T14:19:53.405Z,21.15814,0.0,0.0,0.0,48.27,2025-09-19 16:19:53.405,15.011388888889
Long Yeast Grow,pioreactor02,2025-09-19T14:19:53.449Z,21.15814,0.0,0.0,0.0,49.82,2025-09-19 16:19:53.449,15.011388888889
Long Yeast Grow,pioreactor02,2025-09-19T14:20:01.915Z,21.14514,0.0,0.0,0.0,49.82,2025-09-19 16:20:01.915,15.013611111111
Long Yeast Grow,pioreactor02,2025-09-19T14:20:24.919Z,21.14414,0.0,0.0,0.0,49.82,2025-09-19 16:20:24.919,15.02
Long Yeast Grow,pioreactor02,2025-09-19T14:20:47.915Z,21.19564,0.0,0.0,0.0,49.82,2025-09-19 16:20:47.915,15.026388888889
Long Yeast Grow,pioreactor02,2025-09-19T14:21:10.915Z,21.18264,0.0,0.0,0.0,49.82,2025-09-19 16:21:10.915,15.032777777778
Long Yeast Grow,pioreactor02,2025-09-19T14:21:21.973Z,21.18264,0.0,0.0,0.0,0.0,2025-09-19 16:21:21.973,15.035833333333
Long Yeast Grow,pioreactor02,2025-09-19T14:21:33.915Z,21.18264,0.0,0.0,0.0,0.0,2025-09-19 16:21:33.915,15.039166666667
Long Yeast Grow,pioreactor02,2025-09-19T14:21:56.919Z,21.19514,0.0,0.0,0.0,0.0,2025-09-19 16:21:56.919,15.045555555556
Long Yeast Grow,pioreactor02,2025-09-19T14:22:19.915Z,21.22414,0.0,0.0,0.0,0.0,2025-09-19 16:22:19.915,15.051944444444
Long Yeast Grow,pioreactor02,2025-09-19T14:22:42.915Z,21.22514,0.0,0.0,0.0,0.0,2025-09-19 16:22:42.915,15.058333333333
Long Yeast Grow,pioreactor02,2025-09-19T14:23:05.915Z,21.22914,0.0,0.0,0.0,0.0,2025-09-19 16:23:05.915,15.064722222222
Long Yeast Grow,pioreactor02,2025-09-19T14:23:13.405Z,21.22914,0.0,0.0,0.0,49.82,2025-09-19 16:23:13.405,15.066944444444
Long Yeast Grow,pioreactor02,2025-09-19T14:23:13.447Z,21.22914,0.0,0.0,0.0,47.36,2025-09-19 16:23:13.447,15.066944444444
Long Yeast Grow,pioreactor02,2025-09-19T14:23:28.915Z,21.22764,0.0,0.0,0.0,47.36,2025-09-19 16:23:28.915,15.071111111111
Long Yeast Grow,pioreactor02,2025-09-19T14:23:51.915Z,21.25814,0.0,0.0,0.0,47.36,2025-09-19 16:23:51.915,15.0775
Long Yeast Grow,pioreactor02,2025-09-19T14:24:14.915Z,21.27814,0.0,0.0,0.0,47.36,2025-09-19 16:24:14.915,15.083888888889
Long Yeast Grow,pioreactor02,2025-09-19T14:24:37.915Z,21.30114,0.0,0.0,0.0,47.36,2025-09-19 16:24:37.915,15.090277777778
Long Yeast Grow,pioreactor02,2025-09-19T14:24:41.972Z,21.30114,0.0,0.0,0.0,0.0,2025-09-19 16:24:41.972,15.091388888889
Long Yeast Grow,pioreactor02,2025-09-19T14:25:00.915Z,21.27114,0.0,0.0,0.0,0.0,2025-09-19 16:25:00.915,15.096666666667
Long Yeast Grow,pioreactor02,2025-09-19T14:25:23.915Z,21.27964,0.0,0.0,0.0,0.0,2025-09-19 16:25:23.915,15.103055555556
Long Yeast Grow,pioreactor02,2025-09-19T14:25:46.915Z,21.24264,0.0,0.0,0.0,0.0,2025-09-19 16:25:46.915,15.109444444444
Long Yeast Grow,pioreactor02,2025-09-19T14:26:09.915Z,21.25214,0.0,0.0,0.0,0.0,2025-09-19 16:26:09.915,15.115833333333
Long Yeast Grow,pioreactor02,2025-09-19T14:26:32.915Z,21.26264,0.0,0.0,0.0,0.0,2025-09-19 16:26:32.915,15.122222222222
Long Yeast Grow,pioreactor02,2025-09-19T14:26:33.405Z,21.26264,0.0,0.0,0.0,47.36,2025-09-19 16:26:33.405,15.1225
Long Yeast Grow,pioreactor02,2025-09-19T14:26:33.447Z,21.26264,0.0,0.0,0.0,49.38,2025-09-19 16:26:33.447,15.1225
Long Yeast Grow,pioreactor02,2025-09-19T14:26:55.919Z,21.22214,0.0,0.0,0.0,49.38,2025-09-19 16:26:55.919,15.128611111111
Long Yeast Grow,pioreactor02,2025-09-19T14:27:18.915Z,21.22864,0.0,0.0,0.0,49.38,2025-09-19 16:27:18.915,15.135
Long Yeast Grow,pioreactor02,2025-09-19T14:27:41.915Z,21.20014,0.0,0.0,0.0,49.38,2025-09-19 16:27:41.915,15.141388888889
Long Yeast Grow,pioreactor02,2025-09-19T14:28:01.973Z,21.20014,0.0,0.0,0.0,0.0,2025-09-19 16:28:01.973,15.146944444444
Long Yeast Grow,pioreactor02,2025-09-19T14:28:04.915Z,21.20614,0.0,0.0,0.0,0.0,2025-09-19 16:28:04.915,15.147777777778
Long Yeast Grow,pioreactor02,2025-09-19T14:28:27.915Z,21.19864,0.0,0.0,0.0,0.0,2025-09-19 16:28:27.915,15.154166666667
Long Yeast Grow,pioreactor02,2025-09-19T14:28:50.915Z,21.29664,0.0,0.0,0.0,0.0,2025-09-19 16:28:50.915,15.160555555556
Long Yeast Grow,pioreactor02,2025-09-19T14:29:13.919Z,21.31314,0.0,0.0,0.0,0.0,2025-09-19 16:29:13.919,15.166944444444
Long Yeast Grow,pioreactor02,2025-09-19T14:29:36.915Z,21.31014,0.0,0.0,0.0,0.0,2025-09-19 16:29:36.915,15.173333333333
Long Yeast Grow,pioreactor02,2025-09-19T14:29:53.405Z,21.31014,0.0,0.0,0.0,49.38,2025-09-19 16:29:53.405,15.178055555556
Long Yeast Grow,pioreactor02,2025-09-19T14:29:53.447Z,21.31014,0.0,0.0,0.0,49.02,2025-09-19 16:29:53.447,15.178055555556
Long Yeast Grow,pioreactor02,2025-09-19T14:29:59.915Z,21.34914,0.0,0.0,0.0,49.02,2025-09-19 16:29:59.915,15.179722222222
Long Yeast Grow,pioreactor02,2025-09-19T14:30:22.915Z,21.32264,0.0,0.0,0.0,49.02,2025-09-19 16:30:22.915,15.186111111111
Long Yeast Grow,pioreactor02,2025-09-19T14:30:45.915Z,21.31514,0.0,0.0,0.0,49.02,2025-09-19 16:30:45.915,15.1925
Long Yeast Grow,pioreactor02,2025-09-19T14:31:08.915Z,21.30914,0.0,0.0,0.0,49.02,2025-09-19 16:31:08.915,15.198888888889
Long Yeast Grow,pioreactor02,2025-09-19T14:31:21.972Z,21.30914,0.0,0.0,0.0,0.0,2025-09-19 16:31:21.972,15.2025
Long Yeast Grow,pioreactor02,2025-09-19T14:31:31.915Z,21.31064,0.0,0.0,0.0,0.0,2025-09-19 16:31:31.915,15.205277777778
Long Yeast Grow,pioreactor02,2025-09-19T14:31:54.915Z,21.26664,0.0,0.0,0.0,0.0,2025-09-19 16:31:54.915,15.211666666667
Long Yeast Grow,pioreactor02,2025-09-19T14:32:17.915Z,21.25164,0.0,0.0,0.0,0.0,2025-09-19 16:32:17.915,15.218055555556
Long Yeast Grow,pioreactor02,2025-09-19T14:32:40.915Z,21.24464,0.0,0.0,0.0,0.0,2025-09-19 16:32:40.915,15.224444444444
Long Yeast Grow,pioreactor02,2025-09-19T14:33:03.915Z,21.24514,0.0,0.0,0.0,0.0,2025-09-19 16:33:03.915,15.230833333333
Long Yeast Grow,pioreactor02,2025-09-19T14:33:13.405Z,21.24514,0.0,0.0,0.0,49.02,2025-09-19 16:33:13.405,15.233611111111
Long Yeast Grow,pioreactor02,2025-09-19T14:33:13.447Z,21.24514,0.0,0.0,0.0,49.05,2025-09-19 16:33:13.447,15.233611111111
Long Yeast Grow,pioreactor02,2025-09-19T14:33:26.915Z,21.27164,0.0,0.0,0.0,49.05,2025-09-19 16:33:26.915,15.237222222222
Long Yeast Grow,pioreactor02,2025-09-19T14:33:49.915Z,21.27214,0.0,0.0,0.0,49.05,2025-09-19 16:33:49.915,15.243611111111
Long Yeast Grow,pioreactor02,2025-09-19T14:34:12.915Z,21.23714,0.0,0.0,0.0,49.05,2025-09-19 16:34:12.915,15.25
Long Yeast Grow,pioreactor02,2025-09-19T14:34:35.919Z,21.27564,0.0,0.0,0.0,49.05,2025-09-19 16:34:35.919,15.256388888889
Long Yeast Grow,pioreactor02,2025-09-19T14:34:41.972Z,21.27564,0.0,0.0,0.0,0.0,2025-09-19 16:34:41.972,15.258055555556
Long Yeast Grow,pioreactor02,2025-09-19T14:34:58.915Z,21.27964,0.0,0.0,0.0,0.0,2025-09-19 16:34:58.915,15.262777777778
Long Yeast Grow,pioreactor02,2025-09-19T14:35:21.915Z,21.28214,0.0,0.0,0.0,0.0,2025-09-19 16:35:21.915,15.269166666667
Long Yeast Grow,pioreactor02,2025-09-19T14:35:44.915Z,21.34314,0.0,0.0,0.0,0.0,2025-09-19 16:35:44.915,15.275555555556
Long Yeast Grow,pioreactor02,2025-09-19T14:36:07.915Z,21.36464,0.0,0.0,0.0,0.0,2025-09-19 16:36:07.915,15.281944444444
Long Yeast Grow,pioreactor02,2025-09-19T14:36:30.915Z,21.34214,0.0,0.0,0.0,0.0,2025-09-19 16:36:30.915,15.288333333333
Long Yeast Grow,pioreactor02,2025-09-19T14:36:33.404Z,21.34214,0.0,0.0,0.0,49.05,2025-09-19 16:36:33.404,15.289166666667
Long Yeast Grow,pioreactor02,2025-09-19T14:36:33.449Z,21.34214,0.0,0.0,0.0,48.91,2025-09-19 16:36:33.449,15.289166666667
Long Yeast Grow,pioreactor02,2025-09-19T14:36:53.915Z,21.36064,0.0,0.0,0.0,48.91,2025-09-19 16:36:53.915,15.294722222222
Long Yeast Grow,pioreactor02,2025-09-19T14:37:16.915Z,21.36464,0.0,0.0,0.0,48.91,2025-09-19 16:37:16.915,15.301111111111
Long Yeast Grow,pioreactor02,2025-09-19T14:37:39.915Z,21.36414,0.0,0.0,0.0,48.91,2025-09-19 16:37:39.915,15.3075
Long Yeast Grow,pioreactor02,2025-09-19T14:38:01.973Z,21.36414,0.0,0.0,0.0,0.0,2025-09-19 16:38:01.973,15.313611111111
Long Yeast Grow,pioreactor02,2025-09-19T14:38:02.915Z,21.33764,0.0,0.0,0.0,0.0,2025-09-19 16:38:02.915,15.313888888889
Long Yeast Grow,pioreactor02,2025-09-19T14:38:25.915Z,21.30714,0.0,0.0,0.0,0.0,2025-09-19 16:38:25.915,15.320277777778
Long Yeast Grow,pioreactor02,2025-09-19T14:38:48.915Z,21.28414,0.0,0.0,0.0,0.0,2025-09-19 16:38:48.915,15.326666666667
Long Yeast Grow,pioreactor02,2025-09-19T14:39:11.919Z,21.23414,0.0,0.0,0.0,0.0,2025-09-19 16:39:11.919,15.333055555556
Long Yeast Grow,pioreactor02,2025-09-19T14:39:34.915Z,21.24814,0.0,0.0,0.0,0.0,2025-09-19 16:39:34.915,15.339444444444
Long Yeast Grow,pioreactor02,2025-09-19T14:39:53.405Z,21.24814,0.0,0.0,0.0,48.91,2025-09-19 16:39:53.405,15.344722222222
Long Yeast Grow,pioreactor02,2025-09-19T14:39:53.447Z,21.24814,0.0,0.0,0.0,49.34,2025-09-19 16:39:53.447,15.344722222222
Long Yeast Grow,pioreactor02,2025-09-19T14:39:57.915Z,21.24364,0.0,0.0,0.0,49.34,2025-09-19 16:39:57.915,15.345833333333
Long Yeast Grow,pioreactor02,2025-09-19T14:40:20.915Z,21.28564,0.0,0.0,0.0,49.34,2025-09-19 16:40:20.915,15.352222222222
Long Yeast Grow,pioreactor02,2025-09-19T14:40:43.915Z,21.24914,0.0,0.0,0.0,49.34,2025-09-19 16:40:43.915,15.358611111111
Long Yeast Grow,pioreactor02,2025-09-19T14:41:06.915Z,21.24664,0.0,0.0,0.0,49.34,2025-09-19 16:41:06.915,15.365
Long Yeast Grow,pioreactor02,2025-09-19T14:41:21.972Z,21.24664,0.0,0.0,0.0,0.0,2025-09-19 16:41:21.972,15.369166666667
Long Yeast Grow,pioreactor02,2025-09-19T14:41:29.915Z,21.22764,0.0,0.0,0.0,0.0,2025-09-19 16:41:29.915,15.371388888889
Long Yeast Grow,pioreactor02,2025-09-19T14:41:52.915Z,21.22564,0.0,0.0,0.0,0.0,2025-09-19 16:41:52.915,15.377777777778
Long Yeast Grow,pioreactor02,2025-09-19T14:42:15.915Z,21.24014,0.0,0.0,0.0,0.0,2025-09-19 16:42:15.915,15.384166666667
Long Yeast Grow,pioreactor02,2025-09-19T14:42:38.915Z,21.24914,0.0,0.0,0.0,0.0,2025-09-19 16:42:38.915,15.390555555556
Long Yeast Grow,pioreactor02,2025-09-19T14:43:01.915Z,21.27364,0.0,0.0,0.0,0.0,2025-09-19 16:43:01.915,15.396944444444
Long Yeast Grow,pioreactor02,2025-09-19T14:43:13.404Z,21.27364,0.0,0.0,0.0,49.34,2025-09-19 16:43:13.404,15.400277777778
Long Yeast Grow,pioreactor02,2025-09-19T14:43:13.447Z,21.27364,0.0,0.0,0.0,49.93,2025-09-19 16:43:13.447,15.400277777778
Long Yeast Grow,pioreactor02,2025-09-19T14:43:24.915Z,21.27264,0.0,0.0,0.0,49.93,2025-09-19 16:43:24.915,15.403333333333
Long Yeast Grow,pioreactor02,2025-09-19T14:43:47.915Z,21.24064,0.0,0.0,0.0,49.93,2025-09-19 16:43:47.915,15.409722222222
Long Yeast Grow,pioreactor02,2025-09-19T14:44:10.915Z,21.24914,0.0,0.0,0.0,49.93,2025-09-19 16:44:10.915,15.416111111111
Long Yeast Grow,pioreactor02,2025-09-19T14:44:33.915Z,21.29314,0.0,0.0,0.0,49.93,2025-09-19 16:44:33.915,15.4225
Long Yeast Grow,pioreactor02,2025-09-19T14:44:41.972Z,21.29314,0.0,0.0,0.0,0.0,2025-09-19 16:44:41.972,15.424722222222
Long Yeast Grow,pioreactor02,2025-09-19T14:44:56.915Z,21.26714,0.0,0.0,0.0,0.0,2025-09-19 16:44:56.915,15.428888888889
Long Yeast Grow,pioreactor02,2025-09-19T14:45:19.915Z,21.26464,0.0,0.0,0.0,0.0,2025-09-19 16:45:19.915,15.435277777778
Long Yeast Grow,pioreactor02,2025-09-19T14:45:42.915Z,21.24164,0.0,0.0,0.0,0.0,2025-09-19 16:45:42.915,15.441666666667
Long Yeast Grow,pioreactor02,2025-09-19T14:46:05.915Z,21.24714,0.0,0.0,0.0,0.0,2025-09-19 16:46:05.915,15.448055555556
Long Yeast Grow,pioreactor02,2025-09-19T14:46:28.915Z,21.24664,0.0,0.0,0.0,0.0,2025-09-19 16:46:28.915,15.454444444444
Long Yeast Grow,pioreactor02,2025-09-19T14:46:33.406Z,21.24664,0.0,0.0,0.0,49.93,2025-09-19 16:46:33.406,15.455833333333
Long Yeast Grow,pioreactor02,2025-09-19T14:46:33.451Z,21.24664,0.0,0.0,0.0,48.66,2025-09-19 16:46:33.451,15.455833333333
Long Yeast Grow,pioreactor02,2025-09-19T14:46:51.915Z,21.27464,0.0,0.0,0.0,48.66,2025-09-19 16:46:51.915,15.460833333333
Long Yeast Grow,pioreactor02,2025-09-19T14:47:14.919Z,21.25814,0.0,0.0,0.0,48.66,2025-09-19 16:47:14.919,15.467222222222
Long Yeast Grow,pioreactor02,2025-09-19T14:47:37.919Z,21.24314,0.0,0.0,0.0,48.66,2025-09-19 16:47:37.919,15.473611111111
Long Yeast Grow,pioreactor02,2025-09-19T14:48:00.915Z,21.23714,0.0,0.0,0.0,48.66,2025-09-19 16:48:00.915,15.48
Long Yeast Grow,pioreactor02,2025-09-19T14:48:01.972Z,21.23714,0.0,0.0,0.0,0.0,2025-09-19 16:48:01.972,15.480277777778
Long Yeast Grow,pioreactor02,2025-09-19T14:48:23.915Z,21.22514,0.0,0.0,0.0,0.0,2025-09-19 16:48:23.915,15.486388888889
Long Yeast Grow,pioreactor02,2025-09-19T14:48:46.915Z,21.20314,0.0,0.0,0.0,0.0,2025-09-19 16:48:46.915,15.492777777778
Long Yeast Grow,pioreactor02,2025-09-19T14:49:09.915Z,21.21364,0.0,0.0,0.0,0.0,2025-09-19 16:49:09.915,15.499166666667
Long Yeast Grow,pioreactor02,2025-09-19T14:49:32.915Z,21.23264,0.0,0.0,0.0,0.0,2025-09-19 16:49:32.915,15.505555555556
Long Yeast Grow,pioreactor02,2025-09-19T14:49:53.404Z,21.23264,0.0,0.0,0.0,48.66,2025-09-19 16:49:53.404,15.511388888889
Long Yeast Grow,pioreactor02,2025-09-19T14:49:53.448Z,21.23264,0.0,0.0,0.0,48.98,2025-09-19 16:49:53.448,15.511388888889
Long Yeast Grow,pioreactor02,2025-09-19T14:49:55.915Z,21.19114,0.0,0.0,0.0,48.98,2025-09-19 16:49:55.915,15.511944444444
Long Yeast Grow,pioreactor02,2025-09-19T14:50:18.919Z,21.19514,0.0,0.0,0.0,48.98,2025-09-19 16:50:18.919,15.518333333333
Long Yeast Grow,pioreactor02,2025-09-19T14:50:41.915Z,21.19264,0.0,0.0,0.0,48.98,2025-09-19 16:50:41.915,15.524722222222
Long Yeast Grow,pioreactor02,2025-09-19T14:51:04.915Z,21.19514,0.0,0.0,0.0,48.98,2025-09-19 16:51:04.915,15.531111111111
Long Yeast Grow,pioreactor02,2025-09-19T14:51:21.972Z,21.19514,0.0,0.0,0.0,0.0,2025-09-19 16:51:21.972,15.535833333333
Long Yeast Grow,pioreactor02,2025-09-19T14:51:27.915Z,21.21164,0.0,0.0,0.0,0.0,2025-09-19 16:51:27.915,15.5375
Long Yeast Grow,pioreactor02,2025-09-19T14:51:50.915Z,21.23164,0.0,0.0,0.0,0.0,2025-09-19 16:51:50.915,15.543888888889
Long Yeast Grow,pioreactor02,2025-09-19T14:52:13.915Z,21.20814,0.0,0.0,0.0,0.0,2025-09-19 16:52:13.915,15.550277777778
Long Yeast Grow,pioreactor02,2025-09-19T14:52:36.915Z,21.19614,0.0,0.0,0.0,0.0,2025-09-19 16:52:36.915,15.556666666667
Long Yeast Grow,pioreactor02,2025-09-19T14:52:59.915Z,21.19064,0.0,0.0,0.0,0.0,2025-09-19 16:52:59.915,15.563055555556
Long Yeast Grow,pioreactor02,2025-09-19T14:53:13.405Z,21.19064,0.0,0.0,0.0,48.98,2025-09-19 16:53:13.405,15.566944444444
Long Yeast Grow,pioreactor02,2025-09-19T14:53:13.447Z,21.19064,0.0,0.0,0.0,48.86,2025-09-19 16:53:13.447,15.566944444444
Long Yeast Grow,pioreactor02,2025-09-19T14:53:22.915Z,21.21214,0.0,0.0,0.0,48.86,2025-09-19 16:53:22.915,15.569444444444
Long Yeast Grow,pioreactor02,2025-09-19T14:53:45.915Z,21.19864,0.0,0.0,0.0,48.86,2025-09-19 16:53:45.915,15.575833333333
Long Yeast Grow,pioreactor02,2025-09-19T14:54:08.915Z,21.19764,0.0,0.0,0.0,48.86,2025-09-19 16:54:08.915,15.582222222222
Long Yeast Grow,pioreactor02,2025-09-19T14:54:31.915Z,21.21264,0.0,0.0,0.0,48.86,2025-09-19 16:54:31.915,15.588611111111
Long Yeast Grow,pioreactor02,2025-09-19T14:54:41.973Z,21.21264,0.0,0.0,0.0,0.0,2025-09-19 16:54:41.973,15.591388888889
Long Yeast Grow,pioreactor02,2025-09-19T14:54:54.915Z,21.21314,0.0,0.0,0.0,0.0,2025-09-19 16:54:54.915,15.595
Long Yeast Grow,pioreactor02,2025-09-19T14:55:17.915Z,21.23064,0.0,0.0,0.0,0.0,2025-09-19 16:55:17.915,15.601388888889
Long Yeast Grow,pioreactor02,2025-09-19T14:55:40.915Z,21.20914,0.0,0.0,0.0,0.0,2025-09-19 16:55:40.915,15.607777777778
Long Yeast Grow,pioreactor02,2025-09-19T14:56:03.915Z,21.22514,0.0,0.0,0.0,0.0,2025-09-19 16:56:03.915,15.614166666667
Long Yeast Grow,pioreactor02,2025-09-19T14:56:26.915Z,21.19964,0.0,0.0,0.0,0.0,2025-09-19 16:56:26.915,15.620555555556
Long Yeast Grow,pioreactor02,2025-09-19T14:56:33.405Z,21.19964,0.0,0.0,0.0,48.86,2025-09-19 16:56:33.405,15.6225
Long Yeast Grow,pioreactor02,2025-09-19T14:56:33.447Z,21.19964,0.0,0.0,0.0,47.85,2025-09-19 16:56:33.447,15.6225
Long Yeast Grow,pioreactor02,2025-09-19T14:56:49.915Z,21.17964,0.0,0.0,0.0,47.85,2025-09-19 16:56:49.915,15.626944444444
Long Yeast Grow,pioreactor02,2025-09-19T14:57:12.915Z,21.17714,0.0,0.0,0.0,47.85,2025-09-19 16:57:12.915,15.633333333333
Long Yeast Grow,pioreactor02,2025-09-19T14:57:35.915Z,21.17514,0.0,0.0,0.0,47.85,2025-09-19 16:57:35.915,15.639722222222
Long Yeast Grow,pioreactor02,2025-09-19T14:57:58.915Z,21.20314,0.0,0.0,0.0,47.85,2025-09-19 16:57:58.915,15.646111111111
Long Yeast Grow,pioreactor02,2025-09-19T14:58:01.973Z,21.20314,0.0,0.0,0.0,0.0,2025-09-19 16:58:01.973,15.646944444444
Long Yeast Grow,pioreactor02,2025-09-19T14:58:21.915Z,21.18114,0.0,0.0,0.0,0.0,2025-09-19 16:58:21.915,15.6525
Long Yeast Grow,pioreactor02,2025-09-19T14:58:44.915Z,21.17564,0.0,0.0,0.0,0.0,2025-09-19 16:58:44.915,15.658888888889
Long Yeast Grow,pioreactor02,2025-09-19T14:59:07.915Z,21.13814,0.0,0.0,0.0,0.0,2025-09-19 16:59:07.915,15.665277777778
Long Yeast Grow,pioreactor02,2025-09-19T14:59:30.915Z,21.19964,0.0,0.0,0.0,0.0,2025-09-19 16:59:30.915,15.671666666667
Long Yeast Grow,pioreactor02,2025-09-19T14:59:53.406Z,21.19964,0.0,0.0,0.0,47.85,2025-09-19 16:59:53.406,15.678055555556
Long Yeast Grow,pioreactor02,2025-09-19T14:59:53.448Z,21.19964,0.0,0.0,0.0,48.08,2025-09-19 16:59:53.448,15.678055555556
Long Yeast Grow,pioreactor02,2025-09-19T14:59:53.915Z,21.18664,0.0,0.0,0.0,48.08,2025-09-19 16:59:53.915,15.678055555556
Long Yeast Grow,pioreactor02,2025-09-19T15:00:16.915Z,21.19464,0.0,0.0,0.0,48.08,2025-09-19 17:00:16.915,15.684444444444
Long Yeast Grow,pioreactor02,2025-09-19T15:00:39.915Z,21.20014,0.0,0.0,0.0,48.08,2025-09-19 17:00:39.915,15.690833333333
Long Yeast Grow,pioreactor02,2025-09-19T15:01:02.915Z,21.24614,0.0,0.0,0.0,48.08,2025-09-19 17:01:02.915,15.697222222222
Long Yeast Grow,pioreactor02,2025-09-19T15:01:21.973Z,21.24614,0.0,0.0,0.0,0.0,2025-09-19 17:01:21.973,15.7025
Long Yeast Grow,pioreactor02,2025-09-19T15:01:25.915Z,21.19814,0.0,0.0,0.0,0.0,2025-09-19 17:01:25.915,15.703611111111
Long Yeast Grow,pioreactor02,2025-09-19T15:01:48.915Z,21.17564,0.0,0.0,0.0,0.0,2025-09-19 17:01:48.915,15.71
Long Yeast Grow,pioreactor02,2025-09-19T15:02:11.915Z,21.16264,0.0,0.0,0.0,0.0,2025-09-19 17:02:11.915,15.716388888889
Long Yeast Grow,pioreactor02,2025-09-19T15:02:34.915Z,21.22164,0.0,0.0,0.0,0.0,2025-09-19 17:02:34.915,15.722777777778
Long Yeast Grow,pioreactor02,2025-09-19T15:02:57.915Z,21.67914,0.0,0.0,0.0,0.0,2025-09-19 17:02:57.915,15.729166666667
Long Yeast Grow,pioreactor02,2025-09-19T15:03:13.405Z,21.67914,0.0,0.0,0.0,48.08,2025-09-19 17:03:13.405,15.733611111111
Long Yeast Grow,pioreactor02,2025-09-19T15:03:13.448Z,21.67914,0.0,0.0,0.0,50.2,2025-09-19 17:03:13.448,15.733611111111
Long Yeast Grow,pioreactor02,2025-09-19T15:03:20.915Z,22.10064,0.0,0.0,0.0,50.2,2025-09-19 17:03:20.915,15.735555555556
Long Yeast Grow,pioreactor02,2025-09-19T15:03:43.915Z,22.03164,0.0,0.0,0.0,50.2,2025-09-19 17:03:43.915,15.741944444444
Long Yeast Grow,pioreactor02,2025-09-19T15:04:06.915Z,21.86664,0.0,0.0,0.0,50.2,2025-09-19 17:04:06.915,15.748333333333
Long Yeast Grow,pioreactor02,2025-09-19T15:04:29.919Z,21.71814,0.0,0.0,0.0,50.2,2025-09-19 17:04:29.919,15.754722222222
Long Yeast Grow,pioreactor02,2025-09-19T15:04:41.972Z,21.71814,0.0,0.0,0.0,0.0,2025-09-19 17:04:41.972,15.758055555556
Long Yeast Grow,pioreactor02,2025-09-19T15:04:52.919Z,21.56064,0.0,0.0,0.0,0.0,2025-09-19 17:04:52.919,15.761111111111
Long Yeast Grow,pioreactor02,2025-09-19T15:05:15.915Z,21.48314,0.0,0.0,0.0,0.0,2025-09-19 17:05:15.915,15.7675
Long Yeast Grow,pioreactor02,2025-09-19T15:05:38.915Z,21.40364,0.0,0.0,0.0,0.0,2025-09-19 17:05:38.915,15.773888888889
Long Yeast Grow,pioreactor02,2025-09-19T15:06:01.915Z,21.34914,0.0,0.0,0.0,0.0,2025-09-19 17:06:01.915,15.780277777778
Long Yeast Grow,pioreactor02,2025-09-19T15:06:24.915Z,21.31164,0.0,0.0,0.0,0.0,2025-09-19 17:06:24.915,15.786666666667
Long Yeast Grow,pioreactor02,2025-09-19T15:06:33.403Z,21.31164,0.0,0.0,0.0,50.2,2025-09-19 17:06:33.403,15.789166666667
Long Yeast Grow,pioreactor02,2025-09-19T15:06:33.449Z,21.31164,0.0,0.0,0.0,50.2,2025-09-19 17:06:33.449,15.789166666667
Long Yeast Grow,pioreactor02,2025-09-19T15:06:47.915Z,21.33464,0.0,0.0,0.0,50.2,2025-09-19 17:06:47.915,15.793055555556
Long Yeast Grow,pioreactor02,2025-09-19T15:07:10.915Z,21.34514,0.0,0.0,0.0,50.2,2025-09-19 17:07:10.915,15.799444444444
Long Yeast Grow,pioreactor02,2025-09-19T15:07:33.915Z,21.30864,0.0,0.0,0.0,50.2,2025-09-19 17:07:33.915,15.805833333333
Long Yeast Grow,pioreactor02,2025-09-19T15:07:56.915Z,21.29014,0.0,0.0,0.0,50.2,2025-09-19 17:07:56.915,15.812222222222
Long Yeast Grow,pioreactor02,2025-09-19T15:08:01.972Z,21.29014,0.0,0.0,0.0,0.0,2025-09-19 17:08:01.972,15.813611111111
Long Yeast Grow,pioreactor02,2025-09-19T15:08:19.915Z,21.24664,0.0,0.0,0.0,0.0,2025-09-19 17:08:19.915,15.818611111111
Long Yeast Grow,pioreactor02,2025-09-19T15:08:42.915Z,21.22214,0.0,0.0,0.0,0.0,2025-09-19 17:08:42.915,15.825
Long Yeast Grow,pioreactor02,2025-09-19T15:09:05.915Z,21.20914,0.0,0.0,0.0,0.0,2025-09-19 17:09:05.915,15.831388888889
Long Yeast Grow,pioreactor02,2025-09-19T15:09:28.915Z,21.21014,0.0,0.0,0.0,0.0,2025-09-19 17:09:28.915,15.837777777778
Long Yeast Grow,pioreactor02,2025-09-19T15:09:51.919Z,21.20214,0.0,0.0,0.0,0.0,2025-09-19 17:09:51.919,15.844166666667
Long Yeast Grow,pioreactor02,2025-09-19T15:09:53.405Z,21.20214,0.0,0.0,0.0,50.2,2025-09-19 17:09:53.405,15.844722222222
Long Yeast Grow,pioreactor02,2025-09-19T15:09:53.447Z,21.20214,0.0,0.0,0.0,50.76,2025-09-19 17:09:53.447,15.844722222222
Long Yeast Grow,pioreactor02,2025-09-19T15:10:14.915Z,21.22464,0.0,0.0,0.0,50.76,2025-09-19 17:10:14.915,15.850555555556
Long Yeast Grow,pioreactor02,2025-09-19T15:10:37.915Z,21.23714,0.0,0.0,0.0,50.76,2025-09-19 17:10:37.915,15.856944444444
Long Yeast Grow,pioreactor02,2025-09-19T15:11:00.915Z,21.23164,0.0,0.0,0.0,50.76,2025-09-19 17:11:00.915,15.863333333333
Long Yeast Grow,pioreactor02,2025-09-19T15:11:21.973Z,21.23164,0.0,0.0,0.0,0.0,2025-09-19 17:11:21.973,15.869166666667
Long Yeast Grow,pioreactor02,2025-09-19T15:11:23.915Z,21.23364,0.0,0.0,0.0,0.0,2025-09-19 17:11:23.915,15.869722222222
Long Yeast Grow,pioreactor02,2025-09-19T15:11:46.915Z,21.23714,0.0,0.0,0.0,0.0,2025-09-19 17:11:46.915,15.876111111111
Long Yeast Grow,pioreactor02,2025-09-19T15:12:09.915Z,21.20714,0.0,0.0,0.0,0.0,2025-09-19 17:12:09.915,15.8825
Long Yeast Grow,pioreactor02,2025-09-19T15:12:32.919Z,21.20764,0.0,0.0,0.0,0.0,2025-09-19 17:12:32.919,15.888888888889
Long Yeast Grow,pioreactor02,2025-09-19T15:12:55.915Z,21.19014,0.0,0.0,0.0,0.0,2025-09-19 17:12:55.915,15.895277777778
Long Yeast Grow,pioreactor02,2025-09-19T15:13:13.406Z,21.19014,0.0,0.0,0.0,50.76,2025-09-19 17:13:13.406,15.900277777778
Long Yeast Grow,pioreactor02,2025-09-19T15:13:13.447Z,21.19014,0.0,0.0,0.0,49.64,2025-09-19 17:13:13.447,15.900277777778
Long Yeast Grow,pioreactor02,2025-09-19T15:13:18.915Z,21.20414,0.0,0.0,0.0,49.64,2025-09-19 17:13:18.915,15.901666666667
Long Yeast Grow,pioreactor02,2025-09-19T15:13:41.915Z,21.22814,0.0,0.0,0.0,49.64,2025-09-19 17:13:41.915,15.908055555556
Long Yeast Grow,pioreactor02,2025-09-19T15:14:04.919Z,21.20614,0.0,0.0,0.0,49.64,2025-09-19 17:14:04.919,15.914444444444
Long Yeast Grow,pioreactor02,2025-09-19T15:14:27.915Z,21.26314,0.0,0.0,0.0,49.64,2025-09-19 17:14:27.915,15.920833333333
Long Yeast Grow,pioreactor02,2025-09-19T15:14:41.973Z,21.26314,0.0,0.0,0.0,0.0,2025-09-19 17:14:41.973,15.924722222222
Long Yeast Grow,pioreactor02,2025-09-19T15:14:50.915Z,21.20814,0.0,0.0,0.0,0.0,2025-09-19 17:14:50.915,15.927222222222
Long Yeast Grow,pioreactor02,2025-09-19T15:15:13.915Z,21.21064,0.0,0.0,0.0,0.0,2025-09-19 17:15:13.915,15.933611111111
Long Yeast Grow,pioreactor02,2025-09-19T15:15:36.915Z,21.21164,0.0,0.0,0.0,0.0,2025-09-19 17:15:36.915,15.94
Long Yeast Grow,pioreactor02,2025-09-19T15:15:59.915Z,21.22964,0.0,0.0,0.0,0.0,2025-09-19 17:15:59.915,15.946388888889
Long Yeast Grow,pioreactor02,2025-09-19T15:16:22.915Z,21.21714,0.0,0.0,0.0,0.0,2025-09-19 17:16:22.915,15.952777777778
Long Yeast Grow,pioreactor02,2025-09-19T15:16:33.405Z,21.21714,0.0,0.0,0.0,49.64,2025-09-19 17:16:33.405,15.955833333333
Long Yeast Grow,pioreactor02,2025-09-19T15:16:33.447Z,21.21714,0.0,0.0,0.0,48.89,2025-09-19 17:16:33.447,15.955833333333
Long Yeast Grow,pioreactor02,2025-09-19T15:16:45.915Z,21.23964,0.0,0.0,0.0,48.89,2025-09-19 17:16:45.915,15.959166666667
Long Yeast Grow,pioreactor02,2025-09-19T15:17:08.915Z,21.24014,0.0,0.0,0.0,48.89,2025-09-19 17:17:08.915,15.965555555556
Long Yeast Grow,pioreactor02,2025-09-19T15:17:31.915Z,21.23914,0.0,0.0,0.0,48.89,2025-09-19 17:17:31.915,15.971944444444
Long Yeast Grow,pioreactor02,2025-09-19T15:17:54.915Z,21.28714,0.0,0.0,0.0,48.89,2025-09-19 17:17:54.915,15.978333333333
Long Yeast Grow,pioreactor02,2025-09-19T15:18:01.972Z,21.28714,0.0,0.0,0.0,0.0,2025-09-19 17:18:01.972,15.980277777778
Long Yeast Grow,pioreactor02,2025-09-19T15:18:17.915Z,21.23614,0.0,0.0,0.0,0.0,2025-09-19 17:18:17.915,15.984722222222
Long Yeast Grow,pioreactor02,2025-09-19T15:18:40.915Z,21.19664,0.0,0.0,0.0,0.0,2025-09-19 17:18:40.915,15.991111111111
Long Yeast Grow,pioreactor02,2025-09-19T15:19:03.915Z,21.18264,0.0,0.0,0.0,0.0,2025-09-19 17:19:03.915,15.9975
Long Yeast Grow,pioreactor02,2025-09-19T15:19:26.915Z,21.18114,0.0,0.0,0.0,0.0,2025-09-19 17:19:26.915,16.003888888889
Long Yeast Grow,pioreactor02,2025-09-19T15:19:49.915Z,21.18214,0.0,0.0,0.0,0.0,2025-09-19 17:19:49.915,16.010277777778
Long Yeast Grow,pioreactor02,2025-09-19T15:19:53.405Z,21.18214,0.0,0.0,0.0,48.89,2025-09-19 17:19:53.405,16.011388888889
Long Yeast Grow,pioreactor02,2025-09-19T15:19:53.447Z,21.18214,0.0,0.0,0.0,49.63,2025-09-19 17:19:53.447,16.011388888889
Long Yeast Grow,pioreactor02,2025-09-19T15:20:12.915Z,21.16764,0.0,0.0,0.0,49.63,2025-09-19 17:20:12.915,16.016666666667
Long Yeast Grow,pioreactor02,2025-09-19T15:20:35.915Z,21.22514,0.0,0.0,0.0,49.63,2025-09-19 17:20:35.915,16.023055555556
Long Yeast Grow,pioreactor02,2025-09-19T15:20:58.915Z,21.30664,0.0,0.0,0.0,49.63,2025-09-19 17:20:58.915,16.029444444444
Long Yeast Grow,pioreactor02,2025-09-19T15:21:21.915Z,21.28364,0.0,0.0,0.0,49.63,2025-09-19 17:21:21.915,16.035833333333
Long Yeast Grow,pioreactor02,2025-09-19T15:21:21.973Z,21.28364,0.0,0.0,0.0,0.0,2025-09-19 17:21:21.973,16.035833333333
Long Yeast Grow,pioreactor02,2025-09-19T15:21:44.915Z,21.29014,0.0,0.0,0.0,0.0,2025-09-19 17:21:44.915,16.042222222222
Long Yeast Grow,pioreactor02,2025-09-19T15:22:07.915Z,21.27114,0.0,0.0,0.0,0.0,2025-09-19 17:22:07.915,16.048611111111
Long Yeast Grow,pioreactor02,2025-09-19T15:22:30.915Z,21.25364,0.0,0.0,0.0,0.0,2025-09-19 17:22:30.915,16.055
Long Yeast Grow,pioreactor02,2025-09-19T15:22:53.915Z,21.20914,0.0,0.0,0.0,0.0,2025-09-19 17:22:53.915,16.061388888889
Long Yeast Grow,pioreactor02,2025-09-19T15:23:13.404Z,21.20914,0.0,0.0,0.0,49.63,2025-09-19 17:23:13.404,16.066944444444
Long Yeast Grow,pioreactor02,2025-09-19T15:23:13.447Z,21.20914,0.0,0.0,0.0,50.33,2025-09-19 17:23:13.447,16.066944444444
Long Yeast Grow,pioreactor02,2025-09-19T15:23:16.915Z,21.24314,0.0,0.0,0.0,50.33,2025-09-19 17:23:16.915,16.067777777778
Long Yeast Grow,pioreactor02,2025-09-19T15:23:39.915Z,21.26114,0.0,0.0,0.0,50.33,2025-09-19 17:23:39.915,16.074166666667
Long Yeast Grow,pioreactor02,2025-09-19T15:24:02.915Z,21.25814,0.0,0.0,0.0,50.33,2025-09-19 17:24:02.915,16.080555555556
Long Yeast Grow,pioreactor02,2025-09-19T15:24:25.915Z,21.25764,0.0,0.0,0.0,50.33,2025-09-19 17:24:25.915,16.086944444444
Long Yeast Grow,pioreactor02,2025-09-19T15:24:41.972Z,21.25764,0.0,0.0,0.0,0.0,2025-09-19 17:24:41.972,16.091388888889
Long Yeast Grow,pioreactor02,2025-09-19T15:24:48.915Z,21.21864,0.0,0.0,0.0,0.0,2025-09-19 17:24:48.915,16.093333333333
Long Yeast Grow,pioreactor02,2025-09-19T15:25:11.915Z,21.22164,0.0,0.0,0.0,0.0,2025-09-19 17:25:11.915,16.099722222222
Long Yeast Grow,pioreactor02,2025-09-19T15:25:34.916Z,21.21064,0.0,0.0,0.0,0.0,2025-09-19 17:25:34.916,16.106111111111
Long Yeast Grow,pioreactor02,2025-09-19T15:25:57.915Z,21.20814,0.0,0.0,0.0,0.0,2025-09-19 17:25:57.915,16.1125
Long Yeast Grow,pioreactor02,2025-09-19T15:26:20.919Z,21.64064,0.0,0.0,0.0,0.0,2025-09-19 17:26:20.919,16.118888888889
Long Yeast Grow,pioreactor02,2025-09-19T15:26:33.404Z,21.64064,0.0,0.0,0.0,50.33,2025-09-19 17:26:33.404,16.1225
Long Yeast Grow,pioreactor02,2025-09-19T15:26:33.448Z,21.64064,0.0,0.0,0.0,50.98,2025-09-19 17:26:33.448,16.1225
Long Yeast Grow,pioreactor02,2025-09-19T15:26:43.915Z,22.07514,0.0,0.0,0.0,50.98,2025-09-19 17:26:43.915,16.125277777778
Long Yeast Grow,pioreactor02,2025-09-19T15:27:06.915Z,21.87714,0.0,0.0,0.0,50.98,2025-09-19 17:27:06.915,16.131666666667
Long Yeast Grow,pioreactor02,2025-09-19T15:27:29.915Z,21.72914,0.0,0.0,0.0,50.98,2025-09-19 17:27:29.915,16.138055555556
Long Yeast Grow,pioreactor02,2025-09-19T15:27:52.915Z,21.59514,0.0,0.0,0.0,50.98,2025-09-19 17:27:52.915,16.144444444444
Long Yeast Grow,pioreactor02,2025-09-19T15:28:01.972Z,21.59514,0.0,0.0,0.0,0.0,2025-09-19 17:28:01.972,16.146944444444
Long Yeast Grow,pioreactor02,2025-09-19T15:28:15.915Z,21.48164,0.0,0.0,0.0,0.0,2025-09-19 17:28:15.915,16.150833333333
Long Yeast Grow,pioreactor02,2025-09-19T15:28:38.915Z,21.40214,0.0,0.0,0.0,0.0,2025-09-19 17:28:38.915,16.157222222222
Long Yeast Grow,pioreactor02,2025-09-19T15:29:01.915Z,21.35614,0.0,0.0,0.0,0.0,2025-09-19 17:29:01.915,16.163611111111
Long Yeast Grow,pioreactor02,2025-09-19T15:29:24.915Z,21.31264,0.0,0.0,0.0,0.0,2025-09-19 17:29:24.915,16.17
Long Yeast Grow,pioreactor02,2025-09-19T15:29:47.915Z,21.31364,0.0,0.0,0.0,0.0,2025-09-19 17:29:47.915,16.176388888889
Long Yeast Grow,pioreactor02,2025-09-19T15:29:53.405Z,21.31364,0.0,0.0,0.0,50.98,2025-09-19 17:29:53.405,16.178055555556
Long Yeast Grow,pioreactor02,2025-09-19T15:29:53.447Z,21.31364,0.0,0.0,0.0,49.45,2025-09-19 17:29:53.447,16.178055555556
Long Yeast Grow,pioreactor02,2025-09-19T15:30:10.915Z,21.31764,0.0,0.0,0.0,49.45,2025-09-19 17:30:10.915,16.182777777778
Long Yeast Grow,pioreactor02,2025-09-19T15:30:33.915Z,21.28814,0.0,0.0,0.0,49.45,2025-09-19 17:30:33.915,16.189166666667
Long Yeast Grow,pioreactor02,2025-09-19T15:30:56.915Z,21.28014,0.0,0.0,0.0,49.45,2025-09-19 17:30:56.915,16.195555555556
Long Yeast Grow,pioreactor02,2025-09-19T15:31:19.915Z,21.27564,0.0,0.0,0.0,49.45,2025-09-19 17:31:19.915,16.201944444444
Long Yeast Grow,pioreactor02,2025-09-19T15:31:21.972Z,21.27564,0.0,0.0,0.0,0.0,2025-09-19 17:31:21.972,16.2025
Long Yeast Grow,pioreactor02,2025-09-19T15:31:42.915Z,21.27914,0.0,0.0,0.0,0.0,2025-09-19 17:31:42.915,16.208333333333
Long Yeast Grow,pioreactor02,2025-09-19T15:32:05.915Z,21.25914,0.0,0.0,0.0,0.0,2025-09-19 17:32:05.915,16.214722222222
Long Yeast Grow,pioreactor02,2025-09-19T15:32:28.915Z,21.25514,0.0,0.0,0.0,0.0,2025-09-19 17:32:28.915,16.221111111111
Long Yeast Grow,pioreactor02,2025-09-19T15:32:51.915Z,21.29464,0.0,0.0,0.0,0.0,2025-09-19 17:32:51.915,16.2275
Long Yeast Grow,pioreactor02,2025-09-19T15:33:13.405Z,21.29464,0.0,0.0,0.0,49.45,2025-09-19 17:33:13.405,16.233611111111
Long Yeast Grow,pioreactor02,2025-09-19T15:33:13.448Z,21.29464,0.0,0.0,0.0,50.39,2025-09-19 17:33:13.448,16.233611111111
Long Yeast Grow,pioreactor02,2025-09-19T15:33:14.915Z,21.29014,0.0,0.0,0.0,50.39,2025-09-19 17:33:14.915,16.233888888889
Long Yeast Grow,pioreactor02,2025-09-19T15:33:37.915Z,21.31014,0.0,0.0,0.0,50.39,2025-09-19 17:33:37.915,16.240277777778
Long Yeast Grow,pioreactor02,2025-09-19T15:34:00.919Z,21.38314,0.0,0.0,0.0,50.39,2025-09-19 17:34:00.919,16.246666666667
Long Yeast Grow,pioreactor02,2025-09-19T15:34:23.915Z,21.38314,0.0,0.0,0.0,50.39,2025-09-19 17:34:23.915,16.253055555556
Long Yeast Grow,pioreactor02,2025-09-19T15:34:41.972Z,21.38314,0.0,0.0,0.0,0.0,2025-09-19 17:34:41.972,16.258055555556
Long Yeast Grow,pioreactor02,2025-09-19T15:34:46.915Z,21.38514,0.0,0.0,0.0,0.0,2025-09-19 17:34:46.915,16.259444444444
Long Yeast Grow,pioreactor02,2025-09-19T15:35:09.915Z,21.37764,0.0,0.0,0.0,0.0,2025-09-19 17:35:09.915,16.265833333333
Long Yeast Grow,pioreactor02,2025-09-19T15:35:32.915Z,21.38064,0.0,0.0,0.0,0.0,2025-09-19 17:35:32.915,16.272222222222
Long Yeast Grow,pioreactor02,2025-09-19T15:35:55.915Z,21.38164,0.0,0.0,0.0,0.0,2025-09-19 17:35:55.915,16.278611111111
Long Yeast Grow,pioreactor02,2025-09-19T15:36:18.915Z,21.34864,0.0,0.0,0.0,0.0,2025-09-19 17:36:18.915,16.285
Long Yeast Grow,pioreactor02,2025-09-19T15:36:33.404Z,21.34864,0.0,0.0,0.0,50.39,2025-09-19 17:36:33.404,16.289166666667
Long Yeast Grow,pioreactor02,2025-09-19T15:36:33.448Z,21.34864,0.0,0.0,0.0,49.18,2025-09-19 17:36:33.448,16.289166666667
Long Yeast Grow,pioreactor02,2025-09-19T15:36:41.915Z,21.35214,0.0,0.0,0.0,49.18,2025-09-19 17:36:41.915,16.291388888889
Long Yeast Grow,pioreactor02,2025-09-19T15:37:04.915Z,21.32614,0.0,0.0,0.0,49.18,2025-09-19 17:37:04.915,16.297777777778
Long Yeast Grow,pioreactor02,2025-09-19T15:37:27.915Z,21.31614,0.0,0.0,0.0,49.18,2025-09-19 17:37:27.915,16.304166666667
Long Yeast Grow,pioreactor02,2025-09-19T15:37:50.915Z,21.28564,0.0,0.0,0.0,49.18,2025-09-19 17:37:50.915,16.310555555556
Long Yeast Grow,pioreactor02,2025-09-19T15:38:01.972Z,21.28564,0.0,0.0,0.0,0.0,2025-09-19 17:38:01.972,16.313611111111
Long Yeast Grow,pioreactor02,2025-09-19T15:38:13.915Z,21.22064,0.0,0.0,0.0,0.0,2025-09-19 17:38:13.915,16.316944444444
Long Yeast Grow,pioreactor02,2025-09-19T15:38:36.915Z,21.22114,0.0,0.0,0.0,0.0,2025-09-19 17:38:36.915,16.323333333333
Long Yeast Grow,pioreactor02,2025-09-19T15:38:59.915Z,21.19614,0.0,0.0,0.0,0.0,2025-09-19 17:38:59.915,16.329722222222
Long Yeast Grow,pioreactor02,2025-09-19T15:39:22.915Z,21.22164,0.0,0.0,0.0,0.0,2025-09-19 17:39:22.915,16.336111111111
Long Yeast Grow,pioreactor02,2025-09-19T15:39:45.915Z,21.23964,0.0,0.0,0.0,0.0,2025-09-19 17:39:45.915,16.3425
Long Yeast Grow,pioreactor02,2025-09-19T15:39:53.404Z,21.23964,0.0,0.0,0.0,49.18,2025-09-19 17:39:53.404,16.344722222222
Long Yeast Grow,pioreactor02,2025-09-19T15:39:53.447Z,21.23964,0.0,0.0,0.0,49.13,2025-09-19 17:39:53.447,16.344722222222
Long Yeast Grow,pioreactor02,2025-09-19T15:40:08.915Z,21.69464,0.0,0.0,0.0,49.13,2025-09-19 17:40:08.915,16.348888888889
Long Yeast Grow,pioreactor02,2025-09-19T15:40:31.915Z,22.07514,0.0,0.0,0.0,49.13,2025-09-19 17:40:31.915,16.355277777778
Long Yeast Grow,pioreactor02,2025-09-19T15:40:54.915Z,22.43564,0.0,0.0,0.0,49.13,2025-09-19 17:40:54.915,16.361666666667
Long Yeast Grow,pioreactor02,2025-09-19T15:41:17.915Z,22.18214,0.0,0.0,0.0,49.13,2025-09-19 17:41:17.915,16.368055555556
Long Yeast Grow,pioreactor02,2025-09-19T15:41:21.973Z,22.18214,0.0,0.0,0.0,0.0,2025-09-19 17:41:21.973,16.369166666667
Long Yeast Grow,pioreactor02,2025-09-19T15:41:40.915Z,21.92064,0.0,0.0,0.0,0.0,2025-09-19 17:41:40.915,16.374444444444
Long Yeast Grow,pioreactor02,2025-09-19T15:42:03.915Z,21.77764,0.0,0.0,0.0,0.0,2025-09-19 17:42:03.915,16.380833333333
Long Yeast Grow,pioreactor02,2025-09-19T15:42:26.915Z,21.64114,0.0,0.0,0.0,0.0,2025-09-19 17:42:26.915,16.387222222222
Long Yeast Grow,pioreactor02,2025-09-19T15:42:49.915Z,21.53014,0.0,0.0,0.0,0.0,2025-09-19 17:42:49.915,16.393611111111
Long Yeast Grow,pioreactor02,2025-09-19T15:43:12.915Z,21.46864,0.0,0.0,0.0,0.0,2025-09-19 17:43:12.915,16.4
Long Yeast Grow,pioreactor02,2025-09-19T15:43:13.406Z,21.46864,0.0,0.0,0.0,49.13,2025-09-19 17:43:13.406,16.400277777778
Long Yeast Grow,pioreactor02,2025-09-19T15:43:13.447Z,21.46864,0.0,0.0,0.0,49.47,2025-09-19 17:43:13.447,16.400277777778
Long Yeast Grow,pioreactor02,2025-09-19T15:43:35.915Z,21.38464,0.0,0.0,0.0,49.47,2025-09-19 17:43:35.915,16.406388888889
Long Yeast Grow,pioreactor02,2025-09-19T15:43:58.915Z,21.35564,0.0,0.0,0.0,49.47,2025-09-19 17:43:58.915,16.412777777778
Long Yeast Grow,pioreactor02,2025-09-19T15:44:21.916Z,21.30164,0.0,0.0,0.0,49.47,2025-09-19 17:44:21.916,16.419166666667
Long Yeast Grow,pioreactor02,2025-09-19T15:44:41.972Z,21.30164,0.0,0.0,0.0,0.0,2025-09-19 17:44:41.972,16.424722222222
Long Yeast Grow,pioreactor02,2025-09-19T15:44:44.915Z,21.26764,0.0,0.0,0.0,0.0,2025-09-19 17:44:44.915,16.425555555556
Long Yeast Grow,pioreactor02,2025-09-19T15:45:07.915Z,21.24814,0.0,0.0,0.0,0.0,2025-09-19 17:45:07.915,16.431944444444
Long Yeast Grow,pioreactor02,2025-09-19T15:45:30.915Z,21.24214,0.0,0.0,0.0,0.0,2025-09-19 17:45:30.915,16.438333333333
Long Yeast Grow,pioreactor02,2025-09-19T15:45:53.915Z,21.23964,0.0,0.0,0.0,0.0,2025-09-19 17:45:53.915,16.444722222222
Long Yeast Grow,pioreactor02,2025-09-19T15:46:16.915Z,21.20314,0.0,0.0,0.0,0.0,2025-09-19 17:46:16.915,16.451111111111
Long Yeast Grow,pioreactor02,2025-09-19T15:46:33.404Z,21.20314,0.0,0.0,0.0,49.47,2025-09-19 17:46:33.404,16.455833333333
Long Yeast Grow,pioreactor02,2025-09-19T15:46:33.448Z,21.20314,0.0,0.0,0.0,48.87,2025-09-19 17:46:33.448,16.455833333333
Long Yeast Grow,pioreactor02,2025-09-19T15:46:39.919Z,21.22914,0.0,0.0,0.0,48.87,2025-09-19 17:46:39.919,16.4575
Long Yeast Grow,pioreactor02,2025-09-19T15:47:02.915Z,21.22614,0.0,0.0,0.0,48.87,2025-09-19 17:47:02.915,16.463888888889
Long Yeast Grow,pioreactor02,2025-09-19T15:47:25.915Z,21.22664,0.0,0.0,0.0,48.87,2025-09-19 17:47:25.915,16.470277777778
Long Yeast Grow,pioreactor02,2025-09-19T15:47:48.915Z,21.23314,0.0,0.0,0.0,48.87,2025-09-19 17:47:48.915,16.476666666667
Long Yeast Grow,pioreactor02,2025-09-19T15:48:01.972Z,21.23314,0.0,0.0,0.0,0.0,2025-09-19 17:48:01.972,16.480277777778
Long Yeast Grow,pioreactor02,2025-09-19T15:48:11.915Z,21.21514,0.0,0.0,0.0,0.0,2025-09-19 17:48:11.915,16.483055555556
Long Yeast Grow,pioreactor02,2025-09-19T15:48:34.915Z,21.21414,0.0,0.0,0.0,0.0,2025-09-19 17:48:34.915,16.489444444444
Long Yeast Grow,pioreactor02,2025-09-19T15:48:57.915Z,21.22364,0.0,0.0,0.0,0.0,2025-09-19 17:48:57.915,16.495833333333
Long Yeast Grow,pioreactor02,2025-09-19T15:49:20.915Z,21.18714,0.0,0.0,0.0,0.0,2025-09-19 17:49:20.915,16.502222222222
Long Yeast Grow,pioreactor02,2025-09-19T15:49:43.915Z,21.19314,0.0,0.0,0.0,0.0,2025-09-19 17:49:43.915,16.508611111111
Long Yeast Grow,pioreactor02,2025-09-19T15:49:53.406Z,21.19314,0.0,0.0,0.0,48.87,2025-09-19 17:49:53.406,16.511388888889
Long Yeast Grow,pioreactor02,2025-09-19T15:49:53.447Z,21.19314,0.0,0.0,0.0,49.5,2025-09-19 17:49:53.447,16.511388888889
Long Yeast Grow,pioreactor02,2025-09-19T15:50:06.915Z,21.21514,0.0,0.0,0.0,49.5,2025-09-19 17:50:06.915,16.515
Long Yeast Grow,pioreactor02,2025-09-19T15:50:29.915Z,21.20614,0.0,0.0,0.0,49.5,2025-09-19 17:50:29.915,16.521388888889
Long Yeast Grow,pioreactor02,2025-09-19T15:50:52.915Z,21.23314,0.0,0.0,0.0,49.5,2025-09-19 17:50:52.915,16.527777777778
Long Yeast Grow,pioreactor02,2025-09-19T15:51:15.880Z,21.19964,0.0,0.0,0.0,49.5,2025-09-19 17:51:15.880,16.534166666667
Long Yeast Grow,pioreactor02,2025-09-19T15:51:21.972Z,21.19964,0.0,0.0,0.0,0.0,2025-09-19 17:51:21.972,16.535833333333
Long Yeast Grow,pioreactor02,2025-09-19T15:51:38.919Z,21.20014,0.0,0.0,0.0,0.0,2025-09-19 17:51:38.919,16.540555555556
Long Yeast Grow,pioreactor02,2025-09-19T15:52:01.915Z,21.20064,0.0,0.0,0.0,0.0,2025-09-19 17:52:01.915,16.546944444444
Long Yeast Grow,pioreactor02,2025-09-19T15:52:24.915Z,21.17814,0.0,0.0,0.0,0.0,2025-09-19 17:52:24.915,16.553333333333
Long Yeast Grow,pioreactor02,2025-09-19T15:52:47.915Z,21.21564,0.0,0.0,0.0,0.0,2025-09-19 17:52:47.915,16.559722222222
Long Yeast Grow,pioreactor02,2025-09-19T15:53:10.915Z,21.20214,0.0,0.0,0.0,0.0,2025-09-19 17:53:10.915,16.566111111111
Long Yeast Grow,pioreactor02,2025-09-19T15:53:13.403Z,21.20214,0.0,0.0,0.0,49.5,2025-09-19 17:53:13.403,16.566944444444
Long Yeast Grow,pioreactor02,2025-09-19T15:53:13.449Z,21.20214,0.0,0.0,0.0,50.01,2025-09-19 17:53:13.449,16.566944444444
Long Yeast Grow,pioreactor02,2025-09-19T15:53:33.915Z,21.22714,0.0,0.0,0.0,50.01,2025-09-19 17:53:33.915,16.5725
Long Yeast Grow,pioreactor02,2025-09-19T15:53:56.915Z,21.24214,0.0,0.0,0.0,50.01,2025-09-19 17:53:56.915,16.578888888889
Long Yeast Grow,pioreactor02,2025-09-19T15:54:19.915Z,21.27214,0.0,0.0,0.0,50.01,2025-09-19 17:54:19.915,16.585277777778
Long Yeast Grow,pioreactor02,2025-09-19T15:54:41.972Z,21.27214,0.0,0.0,0.0,0.0,2025-09-19 17:54:41.972,16.591388888889
Long Yeast Grow,pioreactor02,2025-09-19T15:54:42.915Z,21.26914,0.0,0.0,0.0,0.0,2025-09-19 17:54:42.915,16.591666666667
Long Yeast Grow,pioreactor02,2025-09-19T15:55:05.915Z,21.26914,0.0,0.0,0.0,0.0,2025-09-19 17:55:05.915,16.598055555556
Long Yeast Grow,pioreactor02,2025-09-19T15:55:28.915Z,21.20464,0.0,0.0,0.0,0.0,2025-09-19 17:55:28.915,16.604444444444
Long Yeast Grow,pioreactor02,2025-09-19T15:55:51.919Z,21.23314,0.0,0.0,0.0,0.0,2025-09-19 17:55:51.919,16.610833333333
Long Yeast Grow,pioreactor02,2025-09-19T15:56:14.915Z,21.30364,0.0,0.0,0.0,0.0,2025-09-19 17:56:14.915,16.617222222222
Long Yeast Grow,pioreactor02,2025-09-19T15:56:33.404Z,21.30364,0.0,0.0,0.0,50.01,2025-09-19 17:56:33.404,16.6225
Long Yeast Grow,pioreactor02,2025-09-19T15:56:33.448Z,21.30364,0.0,0.0,0.0,50.17,2025-09-19 17:56:33.448,16.6225
Long Yeast Grow,pioreactor02,2025-09-19T15:56:37.915Z,21.32564,0.0,0.0,0.0,50.17,2025-09-19 17:56:37.915,16.623611111111
Long Yeast Grow,pioreactor02,2025-09-19T15:57:00.915Z,21.32064,0.0,0.0,0.0,50.17,2025-09-19 17:57:00.915,16.63
Long Yeast Grow,pioreactor02,2025-09-19T15:57:23.915Z,21.34764,0.0,0.0,0.0,50.17,2025-09-19 17:57:23.915,16.636388888889
Long Yeast Grow,pioreactor02,2025-09-19T15:57:46.915Z,21.31964,0.0,0.0,0.0,50.17,2025-09-19 17:57:46.915,16.642777777778
Long Yeast Grow,pioreactor02,2025-09-19T15:58:01.972Z,21.31964,0.0,0.0,0.0,0.0,2025-09-19 17:58:01.972,16.646944444444
Long Yeast Grow,pioreactor02,2025-09-19T15:58:09.915Z,21.28564,0.0,0.0,0.0,0.0,2025-09-19 17:58:09.915,16.649166666667
Long Yeast Grow,pioreactor02,2025-09-19T15:58:32.915Z,21.25464,0.0,0.0,0.0,0.0,2025-09-19 17:58:32.915,16.655555555556
Long Yeast Grow,pioreactor02,2025-09-19T15:58:55.915Z,21.23764,0.0,0.0,0.0,0.0,2025-09-19 17:58:55.915,16.661944444444
Long Yeast Grow,pioreactor02,2025-09-19T15:59:18.915Z,21.23814,0.0,0.0,0.0,0.0,2025-09-19 17:59:18.915,16.668333333333
Long Yeast Grow,pioreactor02,2025-09-19T15:59:41.915Z,21.22864,0.0,0.0,0.0,0.0,2025-09-19 17:59:41.915,16.674722222222
Long Yeast Grow,pioreactor02,2025-09-19T15:59:53.404Z,21.22864,0.0,0.0,0.0,50.17,2025-09-19 17:59:53.404,16.678055555556
Long Yeast Grow,pioreactor02,2025-09-19T15:59:53.448Z,21.22864,0.0,0.0,0.0,48.72,2025-09-19 17:59:53.448,16.678055555556
Long Yeast Grow,pioreactor02,2025-09-19T16:00:04.915Z,21.22164,0.0,0.0,0.0,48.72,2025-09-19 18:00:04.915,16.681111111111
Long Yeast Grow,pioreactor02,2025-09-19T16:00:27.915Z,21.22314,0.0,0.0,0.0,48.72,2025-09-19 18:00:27.915,16.6875
Long Yeast Grow,pioreactor02,2025-09-19T16:00:50.915Z,21.26264,0.0,0.0,0.0,48.72,2025-09-19 18:00:50.915,16.693888888889
Long Yeast Grow,pioreactor02,2025-09-19T16:01:13.915Z,21.26514,0.0,0.0,0.0,48.72,2025-09-19 18:01:13.915,16.700277777778
Long Yeast Grow,pioreactor02,2025-09-19T16:01:21.972Z,21.26514,0.0,0.0,0.0,0.0,2025-09-19 18:01:21.972,16.7025
Long Yeast Grow,pioreactor02,2025-09-19T16:01:36.915Z,21.25314,0.0,0.0,0.0,0.0,2025-09-19 18:01:36.915,16.706666666667
Long Yeast Grow,pioreactor02,2025-09-19T16:01:59.915Z,21.24914,0.0,0.0,0.0,0.0,2025-09-19 18:01:59.915,16.713055555556
Long Yeast Grow,pioreactor02,2025-09-19T16:02:22.915Z,21.29564,0.0,0.0,0.0,0.0,2025-09-19 18:02:22.915,16.719444444444
Long Yeast Grow,pioreactor02,2025-09-19T16:02:45.919Z,21.25514,0.0,0.0,0.0,0.0,2025-09-19 18:02:45.919,16.725833333333
Long Yeast Grow,pioreactor02,2025-09-19T16:03:08.915Z,21.34514,0.0,0.0,0.0,0.0,2025-09-19 18:03:08.915,16.732222222222
Long Yeast Grow,pioreactor02,2025-09-19T16:03:13.405Z,21.34514,0.0,0.0,0.0,48.72,2025-09-19 18:03:13.405,16.733611111111
Long Yeast Grow,pioreactor02,2025-09-19T16:03:13.447Z,21.34514,0.0,0.0,0.0,49.27,2025-09-19 18:03:13.447,16.733611111111
Long Yeast Grow,pioreactor02,2025-09-19T16:03:31.915Z,21.34664,0.0,0.0,0.0,49.27,2025-09-19 18:03:31.915,16.738611111111
Long Yeast Grow,pioreactor02,2025-09-19T16:03:54.915Z,21.34014,0.0,0.0,0.0,49.27,2025-09-19 18:03:54.915,16.745
Long Yeast Grow,pioreactor02,2025-09-19T16:04:17.915Z,21.29114,0.0,0.0,0.0,49.27,2025-09-19 18:04:17.915,16.751388888889
Long Yeast Grow,pioreactor02,2025-09-19T16:04:40.915Z,21.28014,0.0,0.0,0.0,49.27,2025-09-19 18:04:40.915,16.757777777778
Long Yeast Grow,pioreactor02,2025-09-19T16:04:41.973Z,21.28014,0.0,0.0,0.0,0.0,2025-09-19 18:04:41.973,16.758055555556
Long Yeast Grow,pioreactor02,2025-09-19T16:05:03.919Z,21.28064,0.0,0.0,0.0,0.0,2025-09-19 18:05:03.919,16.764166666667
Long Yeast Grow,pioreactor02,2025-09-19T16:05:26.919Z,21.21214,0.0,0.0,0.0,0.0,2025-09-19 18:05:26.919,16.770555555556
Long Yeast Grow,pioreactor02,2025-09-19T16:05:49.915Z,21.21314,0.0,0.0,0.0,0.0,2025-09-19 18:05:49.915,16.776944444444
Long Yeast Grow,pioreactor02,2025-09-19T16:06:12.915Z,21.21714,0.0,0.0,0.0,0.0,2025-09-19 18:06:12.915,16.783333333333
Long Yeast Grow,pioreactor02,2025-09-19T16:06:33.405Z,21.21714,0.0,0.0,0.0,49.27,2025-09-19 18:06:33.405,16.789166666667
Long Yeast Grow,pioreactor02,2025-09-19T16:06:33.449Z,21.21714,0.0,0.0,0.0,49.87,2025-09-19 18:06:33.449,16.789166666667
Long Yeast Grow,pioreactor02,2025-09-19T16:06:35.915Z,21.21314,0.0,0.0,0.0,49.87,2025-09-19 18:06:35.915,16.789722222222
Long Yeast Grow,pioreactor02,2025-09-19T16:06:58.915Z,21.22914,0.0,0.0,0.0,49.87,2025-09-19 18:06:58.915,16.796111111111
Long Yeast Grow,pioreactor02,2025-09-19T16:07:21.915Z,21.23264,0.0,0.0,0.0,49.87,2025-09-19 18:07:21.915,16.8025
Long Yeast Grow,pioreactor02,2025-09-19T16:07:44.915Z,21.23514,0.0,0.0,0.0,49.87,2025-09-19 18:07:44.915,16.808888888889
Long Yeast Grow,pioreactor02,2025-09-19T16:08:01.972Z,21.23514,0.0,0.0,0.0,0.0,2025-09-19 18:08:01.972,16.813611111111
Long Yeast Grow,pioreactor02,2025-09-19T16:08:07.919Z,21.23314,0.0,0.0,0.0,0.0,2025-09-19 18:08:07.919,16.815277777778
Long Yeast Grow,pioreactor02,2025-09-19T16:08:30.915Z,21.26214,0.0,0.0,0.0,0.0,2025-09-19 18:08:30.915,16.821666666667
Long Yeast Grow,pioreactor02,2025-09-19T16:08:53.915Z,21.72214,0.0,0.0,0.0,0.0,2025-09-19 18:08:53.915,16.828055555556
Long Yeast Grow,pioreactor02,2025-09-19T16:09:16.915Z,22.15114,0.0,0.0,0.0,0.0,2025-09-19 18:09:16.915,16.834444444444
Long Yeast Grow,pioreactor02,2025-09-19T16:09:39.915Z,21.93264,0.0,0.0,0.0,0.0,2025-09-19 18:09:39.915,16.840833333333
Long Yeast Grow,pioreactor02,2025-09-19T16:09:53.405Z,21.93264,0.0,0.0,0.0,49.87,2025-09-19 18:09:53.405,16.844722222222
Long Yeast Grow,pioreactor02,2025-09-19T16:09:53.448Z,21.93264,0.0,0.0,0.0,48.83,2025-09-19 18:09:53.448,16.844722222222
Long Yeast Grow,pioreactor02,2025-09-19T16:10:02.919Z,21.79064,0.0,0.0,0.0,48.83,2025-09-19 18:10:02.919,16.847222222222
Long Yeast Grow,pioreactor02,2025-09-19T16:10:25.880Z,21.66264,0.0,0.0,0.0,48.83,2025-09-19 18:10:25.880,16.853611111111
Long Yeast Grow,pioreactor02,2025-09-19T16:10:48.919Z,21.58364,0.0,0.0,0.0,48.83,2025-09-19 18:10:48.919,16.86
Long Yeast Grow,pioreactor02,2025-09-19T16:11:11.919Z,21.52764,0.0,0.0,0.0,48.83,2025-09-19 18:11:11.919,16.866388888889
Long Yeast Grow,pioreactor02,2025-09-19T16:11:21.973Z,21.52764,0.0,0.0,0.0,0.0,2025-09-19 18:11:21.973,16.869166666667
Long Yeast Grow,pioreactor02,2025-09-19T16:11:34.915Z,21.44164,0.0,0.0,0.0,0.0,2025-09-19 18:11:34.915,16.872777777778
Long Yeast Grow,pioreactor02,2025-09-19T16:11:57.919Z,21.41514,0.0,0.0,0.0,0.0,2025-09-19 18:11:57.919,16.879166666667
Long Yeast Grow,pioreactor02,2025-09-19T16:12:20.919Z,21.35264,0.0,0.0,0.0,0.0,2025-09-19 18:12:20.919,16.885555555556
Long Yeast Grow,pioreactor02,2025-09-19T16:12:43.915Z,21.30364,0.0,0.0,0.0,0.0,2025-09-19 18:12:43.915,16.891944444444
Long Yeast Grow,pioreactor02,2025-09-19T16:13:06.915Z,21.30414,0.0,0.0,0.0,0.0,2025-09-19 18:13:06.915,16.898333333333
Long Yeast Grow,pioreactor02,2025-09-19T16:13:13.406Z,21.30414,0.0,0.0,0.0,48.83,2025-09-19 18:13:13.406,16.900277777778
Long Yeast Grow,pioreactor02,2025-09-19T16:13:13.449Z,21.30414,0.0,0.0,0.0,49.79,2025-09-19 18:13:13.449,16.900277777778
Long Yeast Grow,pioreactor02,2025-09-19T16:13:29.915Z,21.36514,0.0,0.0,0.0,49.79,2025-09-19 18:13:29.915,16.904722222222
Long Yeast Grow,pioreactor02,2025-09-19T16:13:52.915Z,21.35914,0.0,0.0,0.0,49.79,2025-09-19 18:13:52.915,16.911111111111
Long Yeast Grow,pioreactor02,2025-09-19T16:14:15.915Z,21.32464,0.0,0.0,0.0,49.79,2025-09-19 18:14:15.915,16.9175
Long Yeast Grow,pioreactor02,2025-09-19T16:14:38.919Z,21.32464,0.0,0.0,0.0,49.79,2025-09-19 18:14:38.919,16.923888888889
Long Yeast Grow,pioreactor02,2025-09-19T16:14:41.972Z,21.32464,0.0,0.0,0.0,0.0,2025-09-19 18:14:41.972,16.924722222222
Long Yeast Grow,pioreactor02,2025-09-19T16:15:01.915Z,21.32564,0.0,0.0,0.0,0.0,2025-09-19 18:15:01.915,16.930277777778
Long Yeast Grow,pioreactor02,2025-09-19T16:15:24.915Z,21.30614,0.0,0.0,0.0,0.0,2025-09-19 18:15:24.915,16.936666666667
Long Yeast Grow,pioreactor02,2025-09-19T16:15:47.915Z,21.29514,0.0,0.0,0.0,0.0,2025-09-19 18:15:47.915,16.943055555556
Long Yeast Grow,pioreactor02,2025-09-19T16:16:10.915Z,21.29364,0.0,0.0,0.0,0.0,2025-09-19 18:16:10.915,16.949444444444
Long Yeast Grow,pioreactor02,2025-09-19T16:16:33.405Z,21.29364,0.0,0.0,0.0,49.79,2025-09-19 18:16:33.405,16.955833333333
Long Yeast Grow,pioreactor02,2025-09-19T16:16:33.448Z,21.29364,0.0,0.0,0.0,49.11,2025-09-19 18:16:33.448,16.955833333333
Long Yeast Grow,pioreactor02,2025-09-19T16:16:33.915Z,21.31364,0.0,0.0,0.0,49.11,2025-09-19 18:16:33.915,16.955833333333
Long Yeast Grow,pioreactor02,2025-09-19T16:16:56.915Z,21.31414,0.0,0.0,0.0,49.11,2025-09-19 18:16:56.915,16.962222222222
Long Yeast Grow,pioreactor02,2025-09-19T16:17:19.915Z,21.33014,0.0,0.0,0.0,49.11,2025-09-19 18:17:19.915,16.968611111111
Long Yeast Grow,pioreactor02,2025-09-19T16:17:42.915Z,21.33914,0.0,0.0,0.0,49.11,2025-09-19 18:17:42.915,16.975
Long Yeast Grow,pioreactor02,2025-09-19T16:18:01.972Z,21.33914,0.0,0.0,0.0,0.0,2025-09-19 18:18:01.972,16.980277777778
Long Yeast Grow,pioreactor02,2025-09-19T16:18:05.915Z,21.34264,0.0,0.0,0.0,0.0,2025-09-19 18:18:05.915,16.981388888889
Long Yeast Grow,pioreactor02,2025-09-19T16:18:28.915Z,21.30714,0.0,0.0,0.0,0.0,2025-09-19 18:18:28.915,16.987777777778
Long Yeast Grow,pioreactor02,2025-09-19T16:18:51.915Z,21.31114,0.0,0.0,0.0,0.0,2025-09-19 18:18:51.915,16.994166666667
Long Yeast Grow,pioreactor02,2025-09-19T16:19:14.919Z,21.26564,0.0,0.0,0.0,0.0,2025-09-19 18:19:14.919,17.000555555556
Long Yeast Grow,pioreactor02,2025-09-19T16:19:37.915Z,21.26414,0.0,0.0,0.0,0.0,2025-09-19 18:19:37.915,17.006944444444
Long Yeast Grow,pioreactor02,2025-09-19T16:19:53.404Z,21.26414,0.0,0.0,0.0,49.11,2025-09-19 18:19:53.404,17.011388888889
Long Yeast Grow,pioreactor02,2025-09-19T16:19:53.447Z,21.26414,0.0,0.0,0.0,49.7,2025-09-19 18:19:53.447,17.011388888889
Long Yeast Grow,pioreactor02,2025-09-19T16:20:00.915Z,21.34514,0.0,0.0,0.0,49.7,2025-09-19 18:20:00.915,17.013333333333
Long Yeast Grow,pioreactor02,2025-09-19T16:20:23.915Z,21.37664,0.0,0.0,0.0,49.7,2025-09-19 18:20:23.915,17.019722222222
Long Yeast Grow,pioreactor02,2025-09-19T16:20:46.915Z,21.38364,0.0,0.0,0.0,49.7,2025-09-19 18:20:46.915,17.026111111111
Long Yeast Grow,pioreactor02,2025-09-19T16:21:09.915Z,21.33114,0.0,0.0,0.0,49.7,2025-09-19 18:21:09.915,17.0325
Long Yeast Grow,pioreactor02,2025-09-19T16:21:21.972Z,21.33114,0.0,0.0,0.0,0.0,2025-09-19 18:21:21.972,17.035833333333
Long Yeast Grow,pioreactor02,2025-09-19T16:21:32.915Z,21.32964,0.0,0.0,0.0,0.0,2025-09-19 18:21:32.915,17.038888888889
Long Yeast Grow,pioreactor02,2025-09-19T16:21:55.915Z,21.30714,0.0,0.0,0.0,0.0,2025-09-19 18:21:55.915,17.045277777778
Long Yeast Grow,pioreactor02,2025-09-19T16:22:18.915Z,21.26814,0.0,0.0,0.0,0.0,2025-09-19 18:22:18.915,17.051666666667
Long Yeast Grow,pioreactor02,2025-09-19T16:22:41.915Z,21.26514,0.0,0.0,0.0,0.0,2025-09-19 18:22:41.915,17.058055555556
Long Yeast Grow,pioreactor02,2025-09-19T16:23:04.915Z,21.24014,0.0,0.0,0.0,0.0,2025-09-19 18:23:04.915,17.064444444444
Long Yeast Grow,pioreactor02,2025-09-19T16:23:13.405Z,21.24014,0.0,0.0,0.0,49.7,2025-09-19 18:23:13.405,17.066944444444
Long Yeast Grow,pioreactor02,2025-09-19T16:23:13.449Z,21.24014,0.0,0.0,0.0,50.19,2025-09-19 18:23:13.449,17.066944444444
Long Yeast Grow,pioreactor02,2025-09-19T16:23:27.915Z,21.30914,0.0,0.0,0.0,50.19,2025-09-19 18:23:27.915,17.070833333333
Long Yeast Grow,pioreactor02,2025-09-19T16:23:50.915Z,21.35464,0.0,0.0,0.0,50.19,2025-09-19 18:23:50.915,17.077222222222
Long Yeast Grow,pioreactor02,2025-09-19T16:24:13.915Z,21.34464,0.0,0.0,0.0,50.19,2025-09-19 18:24:13.915,17.083611111111
Long Yeast Grow,pioreactor02,2025-09-19T16:24:36.915Z,21.34264,0.0,0.0,0.0,50.19,2025-09-19 18:24:36.915,17.09
Long Yeast Grow,pioreactor02,2025-09-19T16:24:41.973Z,21.34264,0.0,0.0,0.0,0.0,2025-09-19 18:24:41.973,17.091388888889
Long Yeast Grow,pioreactor02,2025-09-19T16:24:59.915Z,21.30214,0.0,0.0,0.0,0.0,2025-09-19 18:24:59.915,17.096388888889
Long Yeast Grow,pioreactor02,2025-09-19T16:25:22.915Z,21.26264,0.0,0.0,0.0,0.0,2025-09-19 18:25:22.915,17.102777777778
Long Yeast Grow,pioreactor02,2025-09-19T16:25:45.915Z,21.28864,0.0,0.0,0.0,0.0,2025-09-19 18:25:45.915,17.109166666667
Long Yeast Grow,pioreactor02,2025-09-19T16:26:08.915Z,21.24464,0.0,0.0,0.0,0.0,2025-09-19 18:26:08.915,17.115555555556
Long Yeast Grow,pioreactor02,2025-09-19T16:26:31.919Z,21.24514,0.0,0.0,0.0,0.0,2025-09-19 18:26:31.919,17.121944444444
Long Yeast Grow,pioreactor02,2025-09-19T16:26:33.405Z,21.24514,0.0,0.0,0.0,50.19,2025-09-19 18:26:33.405,17.1225
Long Yeast Grow,pioreactor02,2025-09-19T16:26:33.448Z,21.24514,0.0,0.0,0.0,49.87,2025-09-19 18:26:33.448,17.1225
Long Yeast Grow,pioreactor02,2025-09-19T16:26:54.915Z,21.25114,0.0,0.0,0.0,49.87,2025-09-19 18:26:54.915,17.128333333333
Long Yeast Grow,pioreactor02,2025-09-19T16:27:17.919Z,21.29464,0.0,0.0,0.0,49.87,2025-09-19 18:27:17.919,17.134722222222
Long Yeast Grow,pioreactor02,2025-09-19T16:27:40.915Z,21.29014,0.0,0.0,0.0,49.87,2025-09-19 18:27:40.915,17.141111111111
Long Yeast Grow,pioreactor02,2025-09-19T16:28:01.972Z,21.29014,0.0,0.0,0.0,0.0,2025-09-19 18:28:01.972,17.146944444444
Long Yeast Grow,pioreactor02,2025-09-19T16:28:03.915Z,21.23564,0.0,0.0,0.0,0.0,2025-09-19 18:28:03.915,17.1475
Long Yeast Grow,pioreactor02,2025-09-19T16:28:26.915Z,21.24014,0.0,0.0,0.0,0.0,2025-09-19 18:28:26.915,17.153888888889
Long Yeast Grow,pioreactor02,2025-09-19T16:28:49.915Z,21.23014,0.0,0.0,0.0,0.0,2025-09-19 18:28:49.915,17.160277777778
Long Yeast Grow,pioreactor02,2025-09-19T16:29:12.915Z,21.22964,0.0,0.0,0.0,0.0,2025-09-19 18:29:12.915,17.166666666667
Long Yeast Grow,pioreactor02,2025-09-19T16:29:35.915Z,21.25614,0.0,0.0,0.0,0.0,2025-09-19 18:29:35.915,17.173055555556
Long Yeast Grow,pioreactor02,2025-09-19T16:29:53.406Z,21.25614,0.0,0.0,0.0,49.87,2025-09-19 18:29:53.406,17.178055555556
Long Yeast Grow,pioreactor02,2025-09-19T16:29:53.448Z,21.25614,0.0,0.0,0.0,48.99,2025-09-19 18:29:53.448,17.178055555556
Long Yeast Grow,pioreactor02,2025-09-19T16:29:58.915Z,21.25664,0.0,0.0,0.0,48.99,2025-09-19 18:29:58.915,17.179444444444
Long Yeast Grow,pioreactor02,2025-09-19T16:30:21.915Z,21.28314,0.0,0.0,0.0,48.99,2025-09-19 18:30:21.915,17.185833333333
Long Yeast Grow,pioreactor02,2025-09-19T16:30:44.915Z,21.27764,0.0,0.0,0.0,48.99,2025-09-19 18:30:44.915,17.192222222222
Long Yeast Grow,pioreactor02,2025-09-19T16:31:07.915Z,21.27414,0.0,0.0,0.0,48.99,2025-09-19 18:31:07.915,17.198611111111
Long Yeast Grow,pioreactor02,2025-09-19T16:31:21.973Z,21.27414,0.0,0.0,0.0,0.0,2025-09-19 18:31:21.973,17.2025
Long Yeast Grow,pioreactor02,2025-09-19T16:31:30.915Z,21.27164,0.0,0.0,0.0,0.0,2025-09-19 18:31:30.915,17.205
Long Yeast Grow,pioreactor02,2025-09-19T16:31:53.915Z,21.26664,0.0,0.0,0.0,0.0,2025-09-19 18:31:53.915,17.211388888889
Long Yeast Grow,pioreactor02,2025-09-19T16:32:16.915Z,21.27664,0.0,0.0,0.0,0.0,2025-09-19 18:32:16.915,17.217777777778
Long Yeast Grow,pioreactor02,2025-09-19T16:32:39.915Z,21.27764,0.0,0.0,0.0,0.0,2025-09-19 18:32:39.915,17.224166666667
Long Yeast Grow,pioreactor02,2025-09-19T16:33:02.915Z,21.24114,0.0,0.0,0.0,0.0,2025-09-19 18:33:02.915,17.230555555556
Long Yeast Grow,pioreactor02,2025-09-19T16:33:13.405Z,21.24114,0.0,0.0,0.0,48.99,2025-09-19 18:33:13.405,17.233611111111
Long Yeast Grow,pioreactor02,2025-09-19T16:33:13.448Z,21.24114,0.0,0.0,0.0,51.22,2025-09-19 18:33:13.448,17.233611111111
Long Yeast Grow,pioreactor02,2025-09-19T16:33:25.915Z,21.24164,0.0,0.0,0.0,51.22,2025-09-19 18:33:25.915,17.236944444444
Long Yeast Grow,pioreactor02,2025-09-19T16:33:48.915Z,21.24414,0.0,0.0,0.0,51.22,2025-09-19 18:33:48.915,17.243333333333
Long Yeast Grow,pioreactor02,2025-09-19T16:34:11.915Z,21.23364,0.0,0.0,0.0,51.22,2025-09-19 18:34:11.915,17.249722222222
Long Yeast Grow,pioreactor02,2025-09-19T16:34:34.915Z,21.26364,0.0,0.0,0.0,51.22,2025-09-19 18:34:34.915,17.256111111111
Long Yeast Grow,pioreactor02,2025-09-19T16:34:41.973Z,21.26364,0.0,0.0,0.0,0.0,2025-09-19 18:34:41.973,17.258055555556
Long Yeast Grow,pioreactor02,2025-09-19T16:34:57.915Z,21.26864,0.0,0.0,0.0,0.0,2025-09-19 18:34:57.915,17.2625
Long Yeast Grow,pioreactor02,2025-09-19T16:35:20.915Z,21.26964,0.0,0.0,0.0,0.0,2025-09-19 18:35:20.915,17.268888888889
Long Yeast Grow,pioreactor02,2025-09-19T16:35:43.919Z,21.26964,0.0,0.0,0.0,0.0,2025-09-19 18:35:43.919,17.275277777778
Long Yeast Grow,pioreactor02,2025-09-19T16:36:06.915Z,21.27014,0.0,0.0,0.0,0.0,2025-09-19 18:36:06.915,17.281666666667
Long Yeast Grow,pioreactor02,2025-09-19T16:36:29.915Z,21.29714,0.0,0.0,0.0,0.0,2025-09-19 18:36:29.915,17.288055555556
Long Yeast Grow,pioreactor02,2025-09-19T16:36:33.405Z,21.29714,0.0,0.0,0.0,51.22,2025-09-19 18:36:33.405,17.289166666667
Long Yeast Grow,pioreactor02,2025-09-19T16:36:33.448Z,21.29714,0.0,0.0,0.0,50.76,2025-09-19 18:36:33.448,17.289166666667
Long Yeast Grow,pioreactor02,2025-09-19T16:36:52.915Z,21.30014,0.0,0.0,0.0,50.76,2025-09-19 18:36:52.915,17.294444444444
Long Yeast Grow,pioreactor02,2025-09-19T16:37:15.915Z,21.27664,0.0,0.0,0.0,50.76,2025-09-19 18:37:15.915,17.300833333333
Long Yeast Grow,pioreactor02,2025-09-19T16:37:38.915Z,21.30564,0.0,0.0,0.0,50.76,2025-09-19 18:37:38.915,17.307222222222
Long Yeast Grow,pioreactor02,2025-09-19T16:38:01.915Z,21.27964,0.0,0.0,0.0,50.76,2025-09-19 18:38:01.915,17.313611111111
Long Yeast Grow,pioreactor02,2025-09-19T16:38:01.972Z,21.27964,0.0,0.0,0.0,0.0,2025-09-19 18:38:01.972,17.313611111111
Long Yeast Grow,pioreactor02,2025-09-19T16:38:24.915Z,21.25064,0.0,0.0,0.0,0.0,2025-09-19 18:38:24.915,17.32
Long Yeast Grow,pioreactor02,2025-09-19T16:38:47.915Z,21.23464,0.0,0.0,0.0,0.0,2025-09-19 18:38:47.915,17.326388888889
Long Yeast Grow,pioreactor02,2025-09-19T16:39:10.915Z,21.23614,0.0,0.0,0.0,0.0,2025-09-19 18:39:10.915,17.332777777778
Long Yeast Grow,pioreactor02,2025-09-19T16:39:33.915Z,21.24014,0.0,0.0,0.0,0.0,2025-09-19 18:39:33.915,17.339166666667
Long Yeast Grow,pioreactor02,2025-09-19T16:39:53.407Z,21.24014,0.0,0.0,0.0,50.76,2025-09-19 18:39:53.407,17.344722222222
Long Yeast Grow,pioreactor02,2025-09-19T16:39:53.451Z,21.24014,0.0,0.0,0.0,49.77,2025-09-19 18:39:53.451,17.344722222222
Long Yeast Grow,pioreactor02,2025-09-19T16:39:56.915Z,21.27264,0.0,0.0,0.0,49.77,2025-09-19 18:39:56.915,17.345555555556
Long Yeast Grow,pioreactor02,2025-09-19T16:40:19.915Z,21.27764,0.0,0.0,0.0,49.77,2025-09-19 18:40:19.915,17.351944444444
Long Yeast Grow,pioreactor02,2025-09-19T16:40:42.915Z,21.23864,0.0,0.0,0.0,49.77,2025-09-19 18:40:42.915,17.358333333333
Long Yeast Grow,pioreactor02,2025-09-19T16:41:05.915Z,21.20664,0.0,0.0,0.0,49.77,2025-09-19 18:41:05.915,17.364722222222
Long Yeast Grow,pioreactor02,2025-09-19T16:41:21.972Z,21.20664,0.0,0.0,0.0,0.0,2025-09-19 18:41:21.972,17.369166666667
Long Yeast Grow,pioreactor02,2025-09-19T16:41:28.915Z,21.18914,0.0,0.0,0.0,0.0,2025-09-19 18:41:28.915,17.371111111111
Long Yeast Grow,pioreactor02,2025-09-19T16:41:51.915Z,21.18764,0.0,0.0,0.0,0.0,2025-09-19 18:41:51.915,17.3775
Long Yeast Grow,pioreactor02,2025-09-19T16:42:14.915Z,21.15664,0.0,0.0,0.0,0.0,2025-09-19 18:42:14.915,17.383888888889
Long Yeast Grow,pioreactor02,2025-09-19T16:42:37.919Z,21.15664,0.0,0.0,0.0,0.0,2025-09-19 18:42:37.919,17.390277777778
Long Yeast Grow,pioreactor02,2025-09-19T16:43:00.915Z,21.15814,0.0,0.0,0.0,0.0,2025-09-19 18:43:00.915,17.396666666667
Long Yeast Grow,pioreactor02,2025-09-19T16:43:13.403Z,21.15814,0.0,0.0,0.0,49.77,2025-09-19 18:43:13.403,17.400277777778
Long Yeast Grow,pioreactor02,2025-09-19T16:43:13.443Z,21.15814,0.0,0.0,0.0,49.2,2025-09-19 18:43:13.443,17.400277777778
Long Yeast Grow,pioreactor02,2025-09-19T16:43:23.915Z,21.15814,0.0,0.0,0.0,49.2,2025-09-19 18:43:23.915,17.403055555556
Long Yeast Grow,pioreactor02,2025-09-19T16:43:46.915Z,21.20914,0.0,0.0,0.0,49.2,2025-09-19 18:43:46.915,17.409444444444
Long Yeast Grow,pioreactor02,2025-09-19T16:44:09.919Z,21.19214,0.0,0.0,0.0,49.2,2025-09-19 18:44:09.919,17.415833333333
Long Yeast Grow,pioreactor02,2025-09-19T16:44:32.919Z,21.16014,0.0,0.0,0.0,49.2,2025-09-19 18:44:32.919,17.422222222222
Long Yeast Grow,pioreactor02,2025-09-19T16:44:41.972Z,21.16014,0.0,0.0,0.0,0.0,2025-09-19 18:44:41.972,17.424722222222
Long Yeast Grow,pioreactor02,2025-09-19T16:44:55.915Z,21.16464,0.0,0.0,0.0,0.0,2025-09-19 18:44:55.915,17.428611111111
Long Yeast Grow,pioreactor02,2025-09-19T16:45:18.915Z,21.16364,0.0,0.0,0.0,0.0,2025-09-19 18:45:18.915,17.435
Long Yeast Grow,pioreactor02,2025-09-19T16:45:41.915Z,21.16564,0.0,0.0,0.0,0.0,2025-09-19 18:45:41.915,17.441388888889
Long Yeast Grow,pioreactor02,2025-09-19T16:46:04.915Z,21.17214,0.0,0.0,0.0,0.0,2025-09-19 18:46:04.915,17.447777777778
Long Yeast Grow,pioreactor02,2025-09-19T16:46:27.915Z,21.17264,0.0,0.0,0.0,0.0,2025-09-19 18:46:27.915,17.454166666667
Long Yeast Grow,pioreactor02,2025-09-19T16:46:33.405Z,21.17264,0.0,0.0,0.0,49.2,2025-09-19 18:46:33.405,17.455833333333
Long Yeast Grow,pioreactor02,2025-09-19T16:46:33.448Z,21.17264,0.0,0.0,0.0,49.87,2025-09-19 18:46:33.448,17.455833333333
Long Yeast Grow,pioreactor02,2025-09-19T16:46:50.915Z,21.19714,0.0,0.0,0.0,49.87,2025-09-19 18:46:50.915,17.460555555556
Long Yeast Grow,pioreactor02,2025-09-19T16:47:13.919Z,21.20014,0.0,0.0,0.0,49.87,2025-09-19 18:47:13.919,17.466944444444
Long Yeast Grow,pioreactor02,2025-09-19T16:47:36.915Z,21.22164,0.0,0.0,0.0,49.87,2025-09-19 18:47:36.915,17.473333333333
Long Yeast Grow,pioreactor02,2025-09-19T16:47:59.915Z,21.18464,0.0,0.0,0.0,49.87,2025-09-19 18:47:59.915,17.479722222222
Long Yeast Grow,pioreactor02,2025-09-19T16:48:01.972Z,21.18464,0.0,0.0,0.0,0.0,2025-09-19 18:48:01.972,17.480277777778
Long Yeast Grow,pioreactor02,2025-09-19T16:48:22.919Z,21.18364,0.0,0.0,0.0,0.0,2025-09-19 18:48:22.919,17.486111111111
Long Yeast Grow,pioreactor02,2025-09-19T16:48:45.915Z,21.15114,0.0,0.0,0.0,0.0,2025-09-19 18:48:45.915,17.4925
Long Yeast Grow,pioreactor02,2025-09-19T16:49:08.915Z,21.14814,0.0,0.0,0.0,0.0,2025-09-19 18:49:08.915,17.498888888889
Long Yeast Grow,pioreactor02,2025-09-19T16:49:31.915Z,21.17414,0.0,0.0,0.0,0.0,2025-09-19 18:49:31.915,17.505277777778
Long Yeast Grow,pioreactor02,2025-09-19T16:49:53.403Z,21.17414,0.0,0.0,0.0,49.87,2025-09-19 18:49:53.403,17.511388888889
Long Yeast Grow,pioreactor02,2025-09-19T16:49:53.447Z,21.17414,0.0,0.0,0.0,50.04,2025-09-19 18:49:53.447,17.511388888889
Long Yeast Grow,pioreactor02,2025-09-19T16:49:54.915Z,21.17814,0.0,0.0,0.0,50.04,2025-09-19 18:49:54.915,17.511666666667
Long Yeast Grow,pioreactor02,2025-09-19T16:50:17.915Z,21.18964,0.0,0.0,0.0,50.04,2025-09-19 18:50:17.915,17.518055555556
Long Yeast Grow,pioreactor02,2025-09-19T16:50:40.915Z,21.17314,0.0,0.0,0.0,50.04,2025-09-19 18:50:40.915,17.524444444444
Long Yeast Grow,pioreactor02,2025-09-19T16:51:03.915Z,21.21514,0.0,0.0,0.0,50.04,2025-09-19 18:51:03.915,17.530833333333
Long Yeast Grow,pioreactor02,2025-09-19T16:51:21.973Z,21.21514,0.0,0.0,0.0,0.0,2025-09-19 18:51:21.973,17.535833333333
Long Yeast Grow,pioreactor02,2025-09-19T16:51:26.919Z,21.21714,0.0,0.0,0.0,0.0,2025-09-19 18:51:26.919,17.537222222222
Long Yeast Grow,pioreactor02,2025-09-19T16:51:49.915Z,21.23414,0.0,0.0,0.0,0.0,2025-09-19 18:51:49.915,17.543611111111
Long Yeast Grow,pioreactor02,2025-09-19T16:52:12.915Z,21.23914,0.0,0.0,0.0,0.0,2025-09-19 18:52:12.915,17.55
Long Yeast Grow,pioreactor02,2025-09-19T16:52:35.915Z,21.22514,0.0,0.0,0.0,0.0,2025-09-19 18:52:35.915,17.556388888889
Long Yeast Grow,pioreactor02,2025-09-19T16:52:58.915Z,21.32014,0.0,0.0,0.0,0.0,2025-09-19 18:52:58.915,17.562777777778
Long Yeast Grow,pioreactor02,2025-09-19T16:53:13.404Z,21.32014,0.0,0.0,0.0,50.04,2025-09-19 18:53:13.404,17.566944444444
Long Yeast Grow,pioreactor02,2025-09-19T16:53:13.448Z,21.32014,0.0,0.0,0.0,49.69,2025-09-19 18:53:13.448,17.566944444444
Long Yeast Grow,pioreactor02,2025-09-19T16:53:21.915Z,21.34264,0.0,0.0,0.0,49.69,2025-09-19 18:53:21.915,17.569166666667
Long Yeast Grow,pioreactor02,2025-09-19T16:53:44.915Z,21.30414,0.0,0.0,0.0,49.69,2025-09-19 18:53:44.915,17.575555555556
Long Yeast Grow,pioreactor02,2025-09-19T16:54:07.915Z,21.25164,0.0,0.0,0.0,49.69,2025-09-19 18:54:07.915,17.581944444444
Long Yeast Grow,pioreactor02,2025-09-19T16:54:30.915Z,21.31564,0.0,0.0,0.0,49.69,2025-09-19 18:54:30.915,17.588333333333
Long Yeast Grow,pioreactor02,2025-09-19T16:54:41.973Z,21.31564,0.0,0.0,0.0,0.0,2025-09-19 18:54:41.973,17.591388888889
Long Yeast Grow,pioreactor02,2025-09-19T16:54:53.915Z,21.27364,0.0,0.0,0.0,0.0,2025-09-19 18:54:53.915,17.594722222222
Long Yeast Grow,pioreactor02,2025-09-19T16:55:16.915Z,21.27464,0.0,0.0,0.0,0.0,2025-09-19 18:55:16.915,17.601111111111
Long Yeast Grow,pioreactor02,2025-09-19T16:55:39.915Z,21.26764,0.0,0.0,0.0,0.0,2025-09-19 18:55:39.915,17.6075
Long Yeast Grow,pioreactor02,2025-09-19T16:56:02.915Z,21.24814,0.0,0.0,0.0,0.0,2025-09-19 18:56:02.915,17.613888888889
Long Yeast Grow,pioreactor02,2025-09-19T16:56:25.915Z,21.25064,0.0,0.0,0.0,0.0,2025-09-19 18:56:25.915,17.620277777778
Long Yeast Grow,pioreactor02,2025-09-19T16:56:33.406Z,21.25064,0.0,0.0,0.0,49.69,2025-09-19 18:56:33.406,17.6225
Long Yeast Grow,pioreactor02,2025-09-19T16:56:33.448Z,21.25064,0.0,0.0,0.0,50.98,2025-09-19 18:56:33.448,17.6225
Long Yeast Grow,pioreactor02,2025-09-19T16:56:48.915Z,21.24914,0.0,0.0,0.0,50.98,2025-09-19 18:56:48.915,17.626666666667
Long Yeast Grow,pioreactor02,2025-09-19T16:57:11.915Z,21.29514,0.0,0.0,0.0,50.98,2025-09-19 18:57:11.915,17.633055555556
Long Yeast Grow,pioreactor02,2025-09-19T16:57:34.915Z,21.30964,0.0,0.0,0.0,50.98,2025-09-19 18:57:34.915,17.639444444444
Long Yeast Grow,pioreactor02,2025-09-19T16:57:57.915Z,21.26914,0.0,0.0,0.0,50.98,2025-09-19 18:57:57.915,17.645833333333
Long Yeast Grow,pioreactor02,2025-09-19T16:58:01.973Z,21.26914,0.0,0.0,0.0,0.0,2025-09-19 18:58:01.973,17.646944444444
Long Yeast Grow,pioreactor02,2025-09-19T16:58:20.919Z,21.27264,0.0,0.0,0.0,0.0,2025-09-19 18:58:20.919,17.652222222222
Long Yeast Grow,pioreactor02,2025-09-19T16:58:43.915Z,21.27564,0.0,0.0,0.0,0.0,2025-09-19 18:58:43.915,17.658611111111
Long Yeast Grow,pioreactor02,2025-09-19T16:59:06.916Z,21.27364,0.0,0.0,0.0,0.0,2025-09-19 18:59:06.916,17.665
Long Yeast Grow,pioreactor02,2025-09-19T16:59:29.919Z,21.22364,0.0,0.0,0.0,0.0,2025-09-19 18:59:29.919,17.671388888889
Long Yeast Grow,pioreactor02,2025-09-19T16:59:52.915Z,21.20714,0.0,0.0,0.0,0.0,2025-09-19 18:59:52.915,17.677777777778
Long Yeast Grow,pioreactor02,2025-09-19T16:59:53.405Z,21.20714,0.0,0.0,0.0,50.98,2025-09-19 18:59:53.405,17.678055555556
Long Yeast Grow,pioreactor02,2025-09-19T16:59:53.447Z,21.20714,0.0,0.0,0.0,49.67,2025-09-19 18:59:53.447,17.678055555556
Long Yeast Grow,pioreactor02,2025-09-19T17:00:15.915Z,21.21464,0.0,0.0,0.0,49.67,2025-09-19 19:00:15.915,17.684166666667
Long Yeast Grow,pioreactor02,2025-09-19T17:00:38.915Z,21.20864,0.0,0.0,0.0,49.67,2025-09-19 19:00:38.915,17.690555555556
Long Yeast Grow,pioreactor02,2025-09-19T17:01:01.915Z,21.22414,0.0,0.0,0.0,49.67,2025-09-19 19:01:01.915,17.696944444444
Long Yeast Grow,pioreactor02,2025-09-19T17:01:21.973Z,21.22414,0.0,0.0,0.0,0.0,2025-09-19 19:01:21.973,17.7025
Long Yeast Grow,pioreactor02,2025-09-19T17:01:24.915Z,21.21864,0.0,0.0,0.0,0.0,2025-09-19 19:01:24.915,17.703333333333
Long Yeast Grow,pioreactor02,2025-09-19T17:01:47.915Z,21.22164,0.0,0.0,0.0,0.0,2025-09-19 19:01:47.915,17.709722222222
Long Yeast Grow,pioreactor02,2025-09-19T17:02:10.915Z,21.25014,0.0,0.0,0.0,0.0,2025-09-19 19:02:10.915,17.716111111111
Long Yeast Grow,pioreactor02,2025-09-19T17:02:33.915Z,21.32864,0.0,0.0,0.0,0.0,2025-09-19 19:02:33.915,17.7225
Long Yeast Grow,pioreactor02,2025-09-19T17:02:56.915Z,21.28364,0.0,0.0,0.0,0.0,2025-09-19 19:02:56.915,17.728888888889
Long Yeast Grow,pioreactor02,2025-09-19T17:03:13.405Z,21.28364,0.0,0.0,0.0,49.67,2025-09-19 19:03:13.405,17.733611111111
Long Yeast Grow,pioreactor02,2025-09-19T17:03:13.448Z,21.28364,0.0,0.0,0.0,50.04,2025-09-19 19:03:13.448,17.733611111111
Long Yeast Grow,pioreactor02,2025-09-19T17:03:19.915Z,21.29364,0.0,0.0,0.0,50.04,2025-09-19 19:03:19.915,17.735277777778
Long Yeast Grow,pioreactor02,2025-09-19T17:03:42.915Z,21.29964,0.0,0.0,0.0,50.04,2025-09-19 19:03:42.915,17.741666666667
Long Yeast Grow,pioreactor02,2025-09-19T17:04:05.915Z,21.26364,0.0,0.0,0.0,50.04,2025-09-19 19:04:05.915,17.748055555556
Long Yeast Grow,pioreactor02,2025-09-19T17:04:28.915Z,21.26414,0.0,0.0,0.0,50.04,2025-09-19 19:04:28.915,17.754444444444
Long Yeast Grow,pioreactor02,2025-09-19T17:04:41.972Z,21.26414,0.0,0.0,0.0,0.0,2025-09-19 19:04:41.972,17.758055555556
Long Yeast Grow,pioreactor02,2025-09-19T17:04:51.915Z,21.29414,0.0,0.0,0.0,0.0,2025-09-19 19:04:51.915,17.760833333333
Long Yeast Grow,pioreactor02,2025-09-19T17:05:14.919Z,21.28514,0.0,0.0,0.0,0.0,2025-09-19 19:05:14.919,17.767222222222
Long Yeast Grow,pioreactor02,2025-09-19T17:05:37.915Z,21.30614,0.0,0.0,0.0,0.0,2025-09-19 19:05:37.915,17.773611111111
Long Yeast Grow,pioreactor02,2025-09-19T17:06:00.915Z,21.30364,0.0,0.0,0.0,0.0,2025-09-19 19:06:00.915,17.78
Long Yeast Grow,pioreactor02,2025-09-19T17:06:23.915Z,21.28614,0.0,0.0,0.0,0.0,2025-09-19 19:06:23.915,17.786388888889
Long Yeast Grow,pioreactor02,2025-09-19T17:06:33.405Z,21.28614,0.0,0.0,0.0,50.04,2025-09-19 19:06:33.405,17.789166666667
Long Yeast Grow,pioreactor02,2025-09-19T17:06:33.447Z,21.28614,0.0,0.0,0.0,50.4,2025-09-19 19:06:33.447,17.789166666667
Long Yeast Grow,pioreactor02,2025-09-19T17:06:46.915Z,21.30314,0.0,0.0,0.0,50.4,2025-09-19 19:06:46.915,17.792777777778
Long Yeast Grow,pioreactor02,2025-09-19T17:07:09.915Z,21.27414,0.0,0.0,0.0,50.4,2025-09-19 19:07:09.915,17.799166666667
Long Yeast Grow,pioreactor02,2025-09-19T17:07:32.915Z,21.32914,0.0,0.0,0.0,50.4,2025-09-19 19:07:32.915,17.805555555556
Long Yeast Grow,pioreactor02,2025-09-19T17:07:55.915Z,21.31464,0.0,0.0,0.0,50.4,2025-09-19 19:07:55.915,17.811944444444
Long Yeast Grow,pioreactor02,2025-09-19T17:08:01.973Z,21.31464,0.0,0.0,0.0,0.0,2025-09-19 19:08:01.973,17.813611111111
Long Yeast Grow,pioreactor02,2025-09-19T17:08:18.919Z,21.28114,0.0,0.0,0.0,0.0,2025-09-19 19:08:18.919,17.818333333333
Long Yeast Grow,pioreactor02,2025-09-19T17:08:41.923Z,21.27314,0.0,0.0,0.0,0.0,2025-09-19 19:08:41.923,17.824722222222
Long Yeast Grow,pioreactor02,2025-09-19T17:09:04.915Z,21.24614,0.0,0.0,0.0,0.0,2025-09-19 19:09:04.915,17.831111111111
Long Yeast Grow,pioreactor02,2025-09-19T17:09:27.915Z,21.24514,0.0,0.0,0.0,0.0,2025-09-19 19:09:27.915,17.8375
Long Yeast Grow,pioreactor02,2025-09-19T17:09:50.915Z,21.20614,0.0,0.0,0.0,0.0,2025-09-19 19:09:50.915,17.843888888889
Long Yeast Grow,pioreactor02,2025-09-19T17:09:53.405Z,21.20614,0.0,0.0,0.0,50.4,2025-09-19 19:09:53.405,17.844722222222
Long Yeast Grow,pioreactor02,2025-09-19T17:09:53.447Z,21.20614,0.0,0.0,0.0,50.1,2025-09-19 19:09:53.447,17.844722222222
Long Yeast Grow,pioreactor02,2025-09-19T17:10:13.919Z,21.23364,0.0,0.0,0.0,50.1,2025-09-19 19:10:13.919,17.850277777778
Long Yeast Grow,pioreactor02,2025-09-19T17:10:36.915Z,21.25214,0.0,0.0,0.0,50.1,2025-09-19 19:10:36.915,17.856666666667
Long Yeast Grow,pioreactor02,2025-09-19T17:10:59.915Z,21.25214,0.0,0.0,0.0,50.1,2025-09-19 19:10:59.915,17.863055555556
Long Yeast Grow,pioreactor02,2025-09-19T17:11:21.972Z,21.25214,0.0,0.0,0.0,0.0,2025-09-19 19:11:21.972,17.869166666667
Long Yeast Grow,pioreactor02,2025-09-19T17:11:22.915Z,21.24964,0.0,0.0,0.0,0.0,2025-09-19 19:11:22.915,17.869444444444
Long Yeast Grow,pioreactor02,2025-09-19T17:11:45.915Z,21.25314,0.0,0.0,0.0,0.0,2025-09-19 19:11:45.915,17.875833333333
Long Yeast Grow,pioreactor02,2025-09-19T17:12:08.880Z,21.21214,0.0,0.0,0.0,0.0,2025-09-19 19:12:08.880,17.882222222222
Long Yeast Grow,pioreactor02,2025-09-19T17:12:31.915Z,21.23664,0.0,0.0,0.0,0.0,2025-09-19 19:12:31.915,17.888611111111
Long Yeast Grow,pioreactor02,2025-09-19T17:12:54.915Z,21.26164,0.0,0.0,0.0,0.0,2025-09-19 19:12:54.915,17.895
Long Yeast Grow,pioreactor02,2025-09-19T17:13:13.404Z,21.26164,0.0,0.0,0.0,50.1,2025-09-19 19:13:13.404,17.900277777778
Long Yeast Grow,pioreactor02,2025-09-19T17:13:13.448Z,21.26164,0.0,0.0,0.0,50.79,2025-09-19 19:13:13.448,17.900277777778
Long Yeast Grow,pioreactor02,2025-09-19T17:13:17.915Z,21.28214,0.0,0.0,0.0,50.79,2025-09-19 19:13:17.915,17.901388888889
Long Yeast Grow,pioreactor02,2025-09-19T17:13:40.915Z,21.28214,0.0,0.0,0.0,50.79,2025-09-19 19:13:40.915,17.907777777778
Long Yeast Grow,pioreactor02,2025-09-19T17:14:03.915Z,21.29164,0.0,0.0,0.0,50.79,2025-09-19 19:14:03.915,17.914166666667
Long Yeast Grow,pioreactor02,2025-09-19T17:14:26.915Z,21.22064,0.0,0.0,0.0,50.79,2025-09-19 19:14:26.915,17.920555555556
Long Yeast Grow,pioreactor02,2025-09-19T17:14:41.972Z,21.22064,0.0,0.0,0.0,0.0,2025-09-19 19:14:41.972,17.924722222222
Long Yeast Grow,pioreactor02,2025-09-19T17:14:49.915Z,21.21064,0.0,0.0,0.0,0.0,2025-09-19 19:14:49.915,17.926944444444
Long Yeast Grow,pioreactor02,2025-09-19T17:15:12.915Z,21.21964,0.0,0.0,0.0,0.0,2025-09-19 19:15:12.915,17.933333333333
Long Yeast Grow,pioreactor02,2025-09-19T17:15:35.915Z,21.27064,0.0,0.0,0.0,0.0,2025-09-19 19:15:35.915,17.939722222222
Long Yeast Grow,pioreactor02,2025-09-19T17:15:58.919Z,21.29714,0.0,0.0,0.0,0.0,2025-09-19 19:15:58.919,17.946111111111
Long Yeast Grow,pioreactor02,2025-09-19T17:16:21.915Z,21.29914,0.0,0.0,0.0,0.0,2025-09-19 19:16:21.915,17.9525
Long Yeast Grow,pioreactor02,2025-09-19T17:16:33.404Z,21.29914,0.0,0.0,0.0,50.79,2025-09-19 19:16:33.404,17.955833333333
Long Yeast Grow,pioreactor02,2025-09-19T17:16:33.448Z,21.29914,0.0,0.0,0.0,49.8,2025-09-19 19:16:33.448,17.955833333333
Long Yeast Grow,pioreactor02,2025-09-19T17:16:44.915Z,21.28414,0.0,0.0,0.0,49.8,2025-09-19 19:16:44.915,17.958888888889
Long Yeast Grow,pioreactor02,2025-09-19T17:17:07.915Z,21.30264,0.0,0.0,0.0,49.8,2025-09-19 19:17:07.915,17.965277777778
Long Yeast Grow,pioreactor02,2025-09-19T17:17:30.915Z,21.31064,0.0,0.0,0.0,49.8,2025-09-19 19:17:30.915,17.971666666667
Long Yeast Grow,pioreactor02,2025-09-19T17:17:53.915Z,21.28164,0.0,0.0,0.0,49.8,2025-09-19 19:17:53.915,17.978055555556
Long Yeast Grow,pioreactor02,2025-09-19T17:18:01.973Z,21.28164,0.0,0.0,0.0,0.0,2025-09-19 19:18:01.973,17.980277777778
Long Yeast Grow,pioreactor02,2025-09-19T17:18:16.919Z,21.27864,0.0,0.0,0.0,0.0,2025-09-19 19:18:16.919,17.984444444444
Long Yeast Grow,pioreactor02,2025-09-19T17:18:39.915Z,21.31914,0.0,0.0,0.0,0.0,2025-09-19 19:18:39.915,17.990833333333
Long Yeast Grow,pioreactor02,2025-09-19T17:19:02.915Z,21.28914,0.0,0.0,0.0,0.0,2025-09-19 19:19:02.915,17.997222222222
Long Yeast Grow,pioreactor02,2025-09-19T17:19:25.915Z,21.26214,0.0,0.0,0.0,0.0,2025-09-19 19:19:25.915,18.003611111111
Long Yeast Grow,pioreactor02,2025-09-19T17:19:48.915Z,21.30014,0.0,0.0,0.0,0.0,2025-09-19 19:19:48.915,18.01
Long Yeast Grow,pioreactor02,2025-09-19T17:19:53.405Z,21.30014,0.0,0.0,0.0,49.8,2025-09-19 19:19:53.405,18.011388888889
Long Yeast Grow,pioreactor02,2025-09-19T17:19:53.449Z,21.30014,0.0,0.0,0.0,50.74,2025-09-19 19:19:53.449,18.011388888889
Long Yeast Grow,pioreactor02,2025-09-19T17:20:11.915Z,21.29914,0.0,0.0,0.0,50.74,2025-09-19 19:20:11.915,18.016388888889
Long Yeast Grow,pioreactor02,2025-09-19T17:20:34.915Z,21.30264,0.0,0.0,0.0,50.74,2025-09-19 19:20:34.915,18.022777777778
Long Yeast Grow,pioreactor02,2025-09-19T17:20:57.915Z,21.29564,0.0,0.0,0.0,50.74,2025-09-19 19:20:57.915,18.029166666667
Long Yeast Grow,pioreactor02,2025-09-19T17:21:20.915Z,21.30914,0.0,0.0,0.0,50.74,2025-09-19 19:21:20.915,18.035555555556
Long Yeast Grow,pioreactor02,2025-09-19T17:21:21.972Z,21.30914,0.0,0.0,0.0,0.0,2025-09-19 19:21:21.972,18.035833333333
Long Yeast Grow,pioreactor02,2025-09-19T17:21:43.915Z,21.30364,0.0,0.0,0.0,0.0,2025-09-19 19:21:43.915,18.041944444444
Long Yeast Grow,pioreactor02,2025-09-19T17:22:06.915Z,21.32214,0.0,0.0,0.0,0.0,2025-09-19 19:22:06.915,18.048333333333
Long Yeast Grow,pioreactor02,2025-09-19T17:22:29.915Z,21.32014,0.0,0.0,0.0,0.0,2025-09-19 19:22:29.915,18.054722222222
Long Yeast Grow,pioreactor02,2025-09-19T17:22:52.915Z,21.33014,0.0,0.0,0.0,0.0,2025-09-19 19:22:52.915,18.061111111111
Long Yeast Grow,pioreactor02,2025-09-19T17:23:13.405Z,21.33014,0.0,0.0,0.0,50.74,2025-09-19 19:23:13.405,18.066944444444
Long Yeast Grow,pioreactor02,2025-09-19T17:23:13.447Z,21.33014,0.0,0.0,0.0,50.66,2025-09-19 19:23:13.447,18.066944444444
Long Yeast Grow,pioreactor02,2025-09-19T17:23:15.915Z,21.32464,0.0,0.0,0.0,50.66,2025-09-19 19:23:15.915,18.0675
Long Yeast Grow,pioreactor02,2025-09-19T17:23:38.915Z,21.32514,0.0,0.0,0.0,50.66,2025-09-19 19:23:38.915,18.073888888889
Long Yeast Grow,pioreactor02,2025-09-19T17:24:01.919Z,21.32964,0.0,0.0,0.0,50.66,2025-09-19 19:24:01.919,18.080277777778
Long Yeast Grow,pioreactor02,2025-09-19T17:24:24.915Z,21.35164,0.0,0.0,0.0,50.66,2025-09-19 19:24:24.915,18.086666666667
Long Yeast Grow,pioreactor02,2025-09-19T17:24:41.973Z,21.35164,0.0,0.0,0.0,0.0,2025-09-19 19:24:41.973,18.091388888889
Long Yeast Grow,pioreactor02,2025-09-19T17:24:47.915Z,21.30364,0.0,0.0,0.0,0.0,2025-09-19 19:24:47.915,18.093055555556
Long Yeast Grow,pioreactor02,2025-09-19T17:25:10.915Z,21.28414,0.0,0.0,0.0,0.0,2025-09-19 19:25:10.915,18.099444444444
Long Yeast Grow,pioreactor02,2025-09-19T17:25:33.915Z,21.26514,0.0,0.0,0.0,0.0,2025-09-19 19:25:33.915,18.105833333333
Long Yeast Grow,pioreactor02,2025-09-19T17:25:56.915Z,21.26764,0.0,0.0,0.0,0.0,2025-09-19 19:25:56.915,18.112222222222
Long Yeast Grow,pioreactor02,2025-09-19T17:26:19.915Z,21.23814,0.0,0.0,0.0,0.0,2025-09-19 19:26:19.915,18.118611111111
Long Yeast Grow,pioreactor02,2025-09-19T17:26:33.405Z,21.23814,0.0,0.0,0.0,50.66,2025-09-19 19:26:33.405,18.1225
Long Yeast Grow,pioreactor02,2025-09-19T17:26:33.448Z,21.23814,0.0,0.0,0.0,51.77,2025-09-19 19:26:33.448,18.1225
Long Yeast Grow,pioreactor02,2025-09-19T17:26:42.915Z,21.26114,0.0,0.0,0.0,51.77,2025-09-19 19:26:42.915,18.125
Long Yeast Grow,pioreactor02,2025-09-19T17:27:05.915Z,21.30164,0.0,0.0,0.0,51.77,2025-09-19 19:27:05.915,18.131388888889
Long Yeast Grow,pioreactor02,2025-09-19T17:27:28.915Z,21.28364,0.0,0.0,0.0,51.77,2025-09-19 19:27:28.915,18.137777777778
Long Yeast Grow,pioreactor02,2025-09-19T17:27:51.919Z,21.28114,0.0,0.0,0.0,51.77,2025-09-19 19:27:51.919,18.144166666667
Long Yeast Grow,pioreactor02,2025-09-19T17:28:01.973Z,21.28114,0.0,0.0,0.0,0.0,2025-09-19 19:28:01.973,18.146944444444
Long Yeast Grow,pioreactor02,2025-09-19T17:28:14.915Z,21.18864,0.0,0.0,0.0,0.0,2025-09-19 19:28:14.915,18.150555555556
Long Yeast Grow,pioreactor02,2025-09-19T17:28:37.915Z,21.19164,0.0,0.0,0.0,0.0,2025-09-19 19:28:37.915,18.156944444444
Long Yeast Grow,pioreactor02,2025-09-19T17:29:00.915Z,21.15714,0.0,0.0,0.0,0.0,2025-09-19 19:29:00.915,18.163333333333
Long Yeast Grow,pioreactor02,2025-09-19T17:29:23.915Z,21.15664,0.0,0.0,0.0,0.0,2025-09-19 19:29:23.915,18.169722222222
Long Yeast Grow,pioreactor02,2025-09-19T17:29:46.919Z,21.18214,0.0,0.0,0.0,0.0,2025-09-19 19:29:46.919,18.176111111111
Long Yeast Grow,pioreactor02,2025-09-19T17:29:53.404Z,21.18214,0.0,0.0,0.0,51.77,2025-09-19 19:29:53.404,18.178055555556
Long Yeast Grow,pioreactor02,2025-09-19T17:29:53.448Z,21.18214,0.0,0.0,0.0,51.3,2025-09-19 19:29:53.448,18.178055555556
Long Yeast Grow,pioreactor02,2025-09-19T17:30:09.915Z,21.25714,0.0,0.0,0.0,51.3,2025-09-19 19:30:09.915,18.1825
Long Yeast Grow,pioreactor02,2025-09-19T17:30:32.919Z,21.29564,0.0,0.0,0.0,51.3,2025-09-19 19:30:32.919,18.188888888889
Long Yeast Grow,pioreactor02,2025-09-19T17:30:55.915Z,21.29164,0.0,0.0,0.0,51.3,2025-09-19 19:30:55.915,18.195277777778
Long Yeast Grow,pioreactor02,2025-09-19T17:31:18.915Z,21.28914,0.0,0.0,0.0,51.3,2025-09-19 19:31:18.915,18.201666666667
Long Yeast Grow,pioreactor02,2025-09-19T17:31:21.972Z,21.28914,0.0,0.0,0.0,0.0,2025-09-19 19:31:21.972,18.2025
Long Yeast Grow,pioreactor02,2025-09-19T17:31:41.919Z,21.25814,0.0,0.0,0.0,0.0,2025-09-19 19:31:41.919,18.208055555556
Long Yeast Grow,pioreactor02,2025-09-19T17:32:04.919Z,21.23164,0.0,0.0,0.0,0.0,2025-09-19 19:32:04.919,18.214444444444
Long Yeast Grow,pioreactor02,2025-09-19T17:32:27.915Z,21.23114,0.0,0.0,0.0,0.0,2025-09-19 19:32:27.915,18.220833333333
Long Yeast Grow,pioreactor02,2025-09-19T17:32:50.915Z,21.21414,0.0,0.0,0.0,0.0,2025-09-19 19:32:50.915,18.227222222222
Long Yeast Grow,pioreactor02,2025-09-19T17:33:13.404Z,21.21414,0.0,0.0,0.0,51.3,2025-09-19 19:33:13.404,18.233611111111
Long Yeast Grow,pioreactor02,2025-09-19T17:33:13.449Z,21.21414,0.0,0.0,0.0,50.57,2025-09-19 19:33:13.449,18.233611111111
Long Yeast Grow,pioreactor02,2025-09-19T17:33:13.915Z,21.23264,0.0,0.0,0.0,50.57,2025-09-19 19:33:13.915,18.233611111111
Long Yeast Grow,pioreactor02,2025-09-19T17:33:36.915Z,21.22764,0.0,0.0,0.0,50.57,2025-09-19 19:33:36.915,18.24
Long Yeast Grow,pioreactor02,2025-09-19T17:33:59.915Z,21.25364,0.0,0.0,0.0,50.57,2025-09-19 19:33:59.915,18.246388888889
Long Yeast Grow,pioreactor02,2025-09-19T17:34:22.915Z,21.28564,0.0,0.0,0.0,50.57,2025-09-19 19:34:22.915,18.252777777778
Long Yeast Grow,pioreactor02,2025-09-19T17:34:41.973Z,21.28564,0.0,0.0,0.0,0.0,2025-09-19 19:34:41.973,18.258055555556
Long Yeast Grow,pioreactor02,2025-09-19T17:34:45.915Z,21.27364,0.0,0.0,0.0,0.0,2025-09-19 19:34:45.915,18.259166666667
Long Yeast Grow,pioreactor02,2025-09-19T17:35:08.915Z,21.22414,0.0,0.0,0.0,0.0,2025-09-19 19:35:08.915,18.265555555556
Long Yeast Grow,pioreactor02,2025-09-19T17:35:31.915Z,21.19814,0.0,0.0,0.0,0.0,2025-09-19 19:35:31.915,18.271944444444
Long Yeast Grow,pioreactor02,2025-09-19T17:35:54.915Z,21.24014,0.0,0.0,0.0,0.0,2025-09-19 19:35:54.915,18.278333333333
Long Yeast Grow,pioreactor02,2025-09-19T17:36:17.915Z,21.23414,0.0,0.0,0.0,0.0,2025-09-19 19:36:17.915,18.284722222222
Long Yeast Grow,pioreactor02,2025-09-19T17:36:33.406Z,21.23414,0.0,0.0,0.0,50.57,2025-09-19 19:36:33.406,18.289166666667
Long Yeast Grow,pioreactor02,2025-09-19T17:36:33.447Z,21.23414,0.0,0.0,0.0,50.68,2025-09-19 19:36:33.447,18.289166666667
Long Yeast Grow,pioreactor02,2025-09-19T17:36:40.915Z,21.26314,0.0,0.0,0.0,50.68,2025-09-19 19:36:40.915,18.291111111111
Long Yeast Grow,pioreactor02,2025-09-19T17:37:03.915Z,21.26414,0.0,0.0,0.0,50.68,2025-09-19 19:37:03.915,18.2975
Long Yeast Grow,pioreactor02,2025-09-19T17:37:26.915Z,21.26314,0.0,0.0,0.0,50.68,2025-09-19 19:37:26.915,18.303888888889
Long Yeast Grow,pioreactor02,2025-09-19T17:37:49.915Z,21.26214,0.0,0.0,0.0,50.68,2025-09-19 19:37:49.915,18.310277777778
Long Yeast Grow,pioreactor02,2025-09-19T17:38:01.972Z,21.26214,0.0,0.0,0.0,0.0,2025-09-19 19:38:01.972,18.313611111111
Long Yeast Grow,pioreactor02,2025-09-19T17:38:12.915Z,21.32464,0.0,0.0,0.0,0.0,2025-09-19 19:38:12.915,18.316666666667
Long Yeast Grow,pioreactor02,2025-09-19T17:38:35.919Z,21.27864,0.0,0.0,0.0,0.0,2025-09-19 19:38:35.919,18.323055555556
Long Yeast Grow,pioreactor02,2025-09-19T17:38:58.915Z,21.26214,0.0,0.0,0.0,0.0,2025-09-19 19:38:58.915,18.329444444444
Long Yeast Grow,pioreactor02,2025-09-19T17:39:21.915Z,21.26964,0.0,0.0,0.0,0.0,2025-09-19 19:39:21.915,18.335833333333
Long Yeast Grow,pioreactor02,2025-09-19T17:39:44.915Z,21.24714,0.0,0.0,0.0,0.0,2025-09-19 19:39:44.915,18.342222222222
Long Yeast Grow,pioreactor02,2025-09-19T17:39:53.405Z,21.24714,0.0,0.0,0.0,50.68,2025-09-19 19:39:53.405,18.344722222222
Long Yeast Grow,pioreactor02,2025-09-19T17:39:53.447Z,21.24714,0.0,0.0,0.0,49.59,2025-09-19 19:39:53.447,18.344722222222
Long Yeast Grow,pioreactor02,2025-09-19T17:40:07.915Z,21.21964,0.0,0.0,0.0,49.59,2025-09-19 19:40:07.915,18.348611111111
Long Yeast Grow,pioreactor02,2025-09-19T17:40:30.915Z,21.21714,0.0,0.0,0.0,49.59,2025-09-19 19:40:30.915,18.355
Long Yeast Grow,pioreactor02,2025-09-19T17:40:53.915Z,21.22064,0.0,0.0,0.0,49.59,2025-09-19 19:40:53.915,18.361388888889
Long Yeast Grow,pioreactor02,2025-09-19T17:41:16.915Z,21.19464,0.0,0.0,0.0,49.59,2025-09-19 19:41:16.915,18.367777777778
Long Yeast Grow,pioreactor02,2025-09-19T17:41:21.972Z,21.19464,0.0,0.0,0.0,0.0,2025-09-19 19:41:21.972,18.369166666667
Long Yeast Grow,pioreactor02,2025-09-19T17:41:39.915Z,21.14164,0.0,0.0,0.0,0.0,2025-09-19 19:41:39.915,18.374166666667
Long Yeast Grow,pioreactor02,2025-09-19T17:42:02.915Z,21.10714,0.0,0.0,0.0,0.0,2025-09-19 19:42:02.915,18.380555555556
Long Yeast Grow,pioreactor02,2025-09-19T17:42:25.915Z,21.07664,0.0,0.0,0.0,0.0,2025-09-19 19:42:25.915,18.386944444444
Long Yeast Grow,pioreactor02,2025-09-19T17:42:48.915Z,21.08464,0.0,0.0,0.0,0.0,2025-09-19 19:42:48.915,18.393333333333
Long Yeast Grow,pioreactor02,2025-09-19T17:43:11.915Z,21.11364,0.0,0.0,0.0,0.0,2025-09-19 19:43:11.915,18.399722222222
Long Yeast Grow,pioreactor02,2025-09-19T17:43:13.406Z,21.11364,0.0,0.0,0.0,49.59,2025-09-19 19:43:13.406,18.400277777778
Long Yeast Grow,pioreactor02,2025-09-19T17:43:13.447Z,21.11364,0.0,0.0,0.0,50.66,2025-09-19 19:43:13.447,18.400277777778
Long Yeast Grow,pioreactor02,2025-09-19T17:43:34.915Z,21.14964,0.0,0.0,0.0,50.66,2025-09-19 19:43:34.915,18.406111111111
Long Yeast Grow,pioreactor02,2025-09-19T17:43:57.915Z,21.18264,0.0,0.0,0.0,50.66,2025-09-19 19:43:57.915,18.4125
Long Yeast Grow,pioreactor02,2025-09-19T17:44:20.915Z,21.22514,0.0,0.0,0.0,50.66,2025-09-19 19:44:20.915,18.418888888889
Long Yeast Grow,pioreactor02,2025-09-19T17:44:41.973Z,21.22514,0.0,0.0,0.0,0.0,2025-09-19 19:44:41.973,18.424722222222
Long Yeast Grow,pioreactor02,2025-09-19T17:44:43.915Z,21.22014,0.0,0.0,0.0,0.0,2025-09-19 19:44:43.915,18.425277777778
Long Yeast Grow,pioreactor02,2025-09-19T17:45:06.915Z,21.25164,0.0,0.0,0.0,0.0,2025-09-19 19:45:06.915,18.431666666667
Long Yeast Grow,pioreactor02,2025-09-19T17:45:29.916Z,21.28964,0.0,0.0,0.0,0.0,2025-09-19 19:45:29.916,18.438055555556
Long Yeast Grow,pioreactor02,2025-09-19T17:45:52.915Z,21.27264,0.0,0.0,0.0,0.0,2025-09-19 19:45:52.915,18.444444444444
Long Yeast Grow,pioreactor02,2025-09-19T17:46:15.915Z,21.28064,0.0,0.0,0.0,0.0,2025-09-19 19:46:15.915,18.450833333333
Long Yeast Grow,pioreactor02,2025-09-19T17:46:33.407Z,21.28064,0.0,0.0,0.0,50.66,2025-09-19 19:46:33.407,18.455833333333
Long Yeast Grow,pioreactor02,2025-09-19T17:46:33.447Z,21.28064,0.0,0.0,0.0,50.55,2025-09-19 19:46:33.447,18.455833333333
Long Yeast Grow,pioreactor02,2025-09-19T17:46:38.879Z,21.26464,0.0,0.0,0.0,50.55,2025-09-19 19:46:38.879,18.457222222222
Long Yeast Grow,pioreactor02,2025-09-19T17:47:01.915Z,21.24614,0.0,0.0,0.0,50.55,2025-09-19 19:47:01.915,18.463611111111
Long Yeast Grow,pioreactor02,2025-09-19T17:47:24.919Z,21.30864,0.0,0.0,0.0,50.55,2025-09-19 19:47:24.919,18.47
Long Yeast Grow,pioreactor02,2025-09-19T17:47:47.915Z,21.29364,0.0,0.0,0.0,50.55,2025-09-19 19:47:47.915,18.476388888889
Long Yeast Grow,pioreactor02,2025-09-19T17:48:01.973Z,21.29364,0.0,0.0,0.0,0.0,2025-09-19 19:48:01.973,18.480277777778
Long Yeast Grow,pioreactor02,2025-09-19T17:48:10.915Z,21.24614,0.0,0.0,0.0,0.0,2025-09-19 19:48:10.915,18.482777777778
Long Yeast Grow,pioreactor02,2025-09-19T17:48:33.915Z,21.26064,0.0,0.0,0.0,0.0,2025-09-19 19:48:33.915,18.489166666667
Long Yeast Grow,pioreactor02,2025-09-19T17:48:56.915Z,21.23814,0.0,0.0,0.0,0.0,2025-09-19 19:48:56.915,18.495555555556
Long Yeast Grow,pioreactor02,2025-09-19T17:49:19.915Z,21.21714,0.0,0.0,0.0,0.0,2025-09-19 19:49:19.915,18.501944444444
Long Yeast Grow,pioreactor02,2025-09-19T17:49:42.915Z,21.21864,0.0,0.0,0.0,0.0,2025-09-19 19:49:42.915,18.508333333333
Long Yeast Grow,pioreactor02,2025-09-19T17:49:53.405Z,21.21864,0.0,0.0,0.0,50.55,2025-09-19 19:49:53.405,18.511388888889
Long Yeast Grow,pioreactor02,2025-09-19T17:49:53.449Z,21.21864,0.0,0.0,0.0,51.22,2025-09-19 19:49:53.449,18.511388888889
Long Yeast Grow,pioreactor02,2025-09-19T17:50:05.915Z,21.23214,0.0,0.0,0.0,51.22,2025-09-19 19:50:05.915,18.514722222222
Long Yeast Grow,pioreactor02,2025-09-19T17:50:28.915Z,21.21664,0.0,0.0,0.0,51.22,2025-09-19 19:50:28.915,18.521111111111
Long Yeast Grow,pioreactor02,2025-09-19T17:50:51.915Z,21.26964,0.0,0.0,0.0,51.22,2025-09-19 19:50:51.915,18.5275
Long Yeast Grow,pioreactor02,2025-09-19T17:51:14.915Z,21.27464,0.0,0.0,0.0,51.22,2025-09-19 19:51:14.915,18.533888888889
Long Yeast Grow,pioreactor02,2025-09-19T17:51:21.972Z,21.27464,0.0,0.0,0.0,0.0,2025-09-19 19:51:21.972,18.535833333333
Long Yeast Grow,pioreactor02,2025-09-19T17:51:37.915Z,21.26164,0.0,0.0,0.0,0.0,2025-09-19 19:51:37.915,18.540277777778
Long Yeast Grow,pioreactor02,2025-09-19T17:52:00.915Z,21.25114,0.0,0.0,0.0,0.0,2025-09-19 19:52:00.915,18.546666666667
Long Yeast Grow,pioreactor02,2025-09-19T17:52:23.915Z,21.19064,0.0,0.0,0.0,0.0,2025-09-19 19:52:23.915,18.553055555556
Long Yeast Grow,pioreactor02,2025-09-19T17:52:46.919Z,21.19214,0.0,0.0,0.0,0.0,2025-09-19 19:52:46.919,18.559444444444
Long Yeast Grow,pioreactor02,2025-09-19T17:53:09.915Z,21.17364,0.0,0.0,0.0,0.0,2025-09-19 19:53:09.915,18.565833333333
Long Yeast Grow,pioreactor02,2025-09-19T17:53:13.404Z,21.17364,0.0,0.0,0.0,51.22,2025-09-19 19:53:13.404,18.566944444444
Long Yeast Grow,pioreactor02,2025-09-19T17:53:13.448Z,21.17364,0.0,0.0,0.0,50.76,2025-09-19 19:53:13.448,18.566944444444
Long Yeast Grow,pioreactor02,2025-09-19T17:53:32.915Z,21.14514,0.0,0.0,0.0,50.76,2025-09-19 19:53:32.915,18.572222222222
Long Yeast Grow,pioreactor02,2025-09-19T17:53:55.915Z,21.18914,0.0,0.0,0.0,50.76,2025-09-19 19:53:55.915,18.578611111111
Long Yeast Grow,pioreactor02,2025-09-19T17:54:18.915Z,21.22514,0.0,0.0,0.0,50.76,2025-09-19 19:54:18.915,18.585
Long Yeast Grow,pioreactor02,2025-09-19T17:54:41.915Z,21.22014,0.0,0.0,0.0,50.76,2025-09-19 19:54:41.915,18.591388888889
Long Yeast Grow,pioreactor02,2025-09-19T17:54:41.972Z,21.22014,0.0,0.0,0.0,0.0,2025-09-19 19:54:41.972,18.591388888889
Long Yeast Grow,pioreactor02,2025-09-19T17:55:04.915Z,21.21964,0.0,0.0,0.0,0.0,2025-09-19 19:55:04.915,18.597777777778
Long Yeast Grow,pioreactor02,2025-09-19T17:55:27.915Z,21.21964,0.0,0.0,0.0,0.0,2025-09-19 19:55:27.915,18.604166666667
Long Yeast Grow,pioreactor02,2025-09-19T17:55:50.915Z,21.21164,0.0,0.0,0.0,0.0,2025-09-19 19:55:50.915,18.610555555556
Long Yeast Grow,pioreactor02,2025-09-19T17:56:13.915Z,21.18814,0.0,0.0,0.0,0.0,2025-09-19 19:56:13.915,18.616944444444
Long Yeast Grow,pioreactor02,2025-09-19T17:56:33.407Z,21.18814,0.0,0.0,0.0,50.76,2025-09-19 19:56:33.407,18.6225
Long Yeast Grow,pioreactor02,2025-09-19T17:56:33.448Z,21.18814,0.0,0.0,0.0,51.26,2025-09-19 19:56:33.448,18.6225
Long Yeast Grow,pioreactor02,2025-09-19T17:56:36.919Z,21.18364,0.0,0.0,0.0,51.26,2025-09-19 19:56:36.919,18.623333333333
Long Yeast Grow,pioreactor02,2025-09-19T17:56:59.915Z,21.24914,0.0,0.0,0.0,51.26,2025-09-19 19:56:59.915,18.629722222222
Long Yeast Grow,pioreactor02,2025-09-19T17:57:22.915Z,21.33164,0.0,0.0,0.0,51.26,2025-09-19 19:57:22.915,18.636111111111
Long Yeast Grow,pioreactor02,2025-09-19T17:57:45.915Z,21.31064,0.0,0.0,0.0,51.26,2025-09-19 19:57:45.915,18.6425
Long Yeast Grow,pioreactor02,2025-09-19T17:58:01.972Z,21.31064,0.0,0.0,0.0,0.0,2025-09-19 19:58:01.972,18.646944444444
Long Yeast Grow,pioreactor02,2025-09-19T17:58:08.915Z,21.33014,0.0,0.0,0.0,0.0,2025-09-19 19:58:08.915,18.648888888889
Long Yeast Grow,pioreactor02,2025-09-19T17:58:31.915Z,21.32314,0.0,0.0,0.0,0.0,2025-09-19 19:58:31.915,18.655277777778
Long Yeast Grow,pioreactor02,2025-09-19T17:58:54.915Z,21.26614,0.0,0.0,0.0,0.0,2025-09-19 19:58:54.915,18.661666666667
Long Yeast Grow,pioreactor02,2025-09-19T17:59:17.915Z,21.26564,0.0,0.0,0.0,0.0,2025-09-19 19:59:17.915,18.668055555556
Long Yeast Grow,pioreactor02,2025-09-19T17:59:40.915Z,21.25214,0.0,0.0,0.0,0.0,2025-09-19 19:59:40.915,18.674444444444
Long Yeast Grow,pioreactor02,2025-09-19T17:59:53.404Z,21.25214,0.0,0.0,0.0,51.26,2025-09-19 19:59:53.404,18.678055555556
Long Yeast Grow,pioreactor02,2025-09-19T17:59:53.447Z,21.25214,0.0,0.0,0.0,51.51,2025-09-19 19:59:53.447,18.678055555556
Long Yeast Grow,pioreactor02,2025-09-19T18:00:03.915Z,21.25964,0.0,0.0,0.0,51.51,2025-09-19 20:00:03.915,18.680833333333
Long Yeast Grow,pioreactor02,2025-09-19T18:00:26.915Z,21.24514,0.0,0.0,0.0,51.51,2025-09-19 20:00:26.915,18.687222222222
Long Yeast Grow,pioreactor02,2025-09-19T18:00:49.915Z,21.23564,0.0,0.0,0.0,51.51,2025-09-19 20:00:49.915,18.693611111111
Long Yeast Grow,pioreactor02,2025-09-19T18:01:12.915Z,21.23464,0.0,0.0,0.0,51.51,2025-09-19 20:01:12.915,18.7
Long Yeast Grow,pioreactor02,2025-09-19T18:01:21.972Z,21.23464,0.0,0.0,0.0,0.0,2025-09-19 20:01:21.972,18.7025
Long Yeast Grow,pioreactor02,2025-09-19T18:01:35.915Z,21.21414,0.0,0.0,0.0,0.0,2025-09-19 20:01:35.915,18.706388888889
Long Yeast Grow,pioreactor02,2025-09-19T18:01:58.915Z,21.15864,0.0,0.0,0.0,0.0,2025-09-19 20:01:58.915,18.712777777778
Long Yeast Grow,pioreactor02,2025-09-19T18:02:21.915Z,21.15614,0.0,0.0,0.0,0.0,2025-09-19 20:02:21.915,18.719166666667
Long Yeast Grow,pioreactor02,2025-09-19T18:02:44.915Z,21.14914,0.0,0.0,0.0,0.0,2025-09-19 20:02:44.915,18.725555555556
Long Yeast Grow,pioreactor02,2025-09-19T18:03:07.915Z,21.15564,0.0,0.0,0.0,0.0,2025-09-19 20:03:07.915,18.731944444444
Long Yeast Grow,pioreactor02,2025-09-19T18:03:13.404Z,21.15564,0.0,0.0,0.0,51.51,2025-09-19 20:03:13.404,18.733611111111
Long Yeast Grow,pioreactor02,2025-09-19T18:03:13.447Z,21.15564,0.0,0.0,0.0,50.78,2025-09-19 20:03:13.447,18.733611111111
Long Yeast Grow,pioreactor02,2025-09-19T18:03:30.915Z,21.21364,0.0,0.0,0.0,50.78,2025-09-19 20:03:30.915,18.738333333333
Long Yeast Grow,pioreactor02,2025-09-19T18:03:53.915Z,21.23664,0.0,0.0,0.0,50.78,2025-09-19 20:03:53.915,18.744722222222
Long Yeast Grow,pioreactor02,2025-09-19T18:04:16.916Z,21.22314,0.0,0.0,0.0,50.78,2025-09-19 20:04:16.916,18.751111111111
Long Yeast Grow,pioreactor02,2025-09-19T18:04:39.915Z,21.22414,0.0,0.0,0.0,50.78,2025-09-19 20:04:39.915,18.7575
Long Yeast Grow,pioreactor02,2025-09-19T18:04:41.973Z,21.22414,0.0,0.0,0.0,0.0,2025-09-19 20:04:41.973,18.758055555556
Long Yeast Grow,pioreactor02,2025-09-19T18:05:02.919Z,21.24914,0.0,0.0,0.0,0.0,2025-09-19 20:05:02.919,18.763888888889
Long Yeast Grow,pioreactor02,2025-09-19T18:05:25.919Z,21.24414,0.0,0.0,0.0,0.0,2025-09-19 20:05:25.919,18.770277777778
Long Yeast Grow,pioreactor02,2025-09-19T18:05:48.915Z,21.26264,0.0,0.0,0.0,0.0,2025-09-19 20:05:48.915,18.776666666667
Long Yeast Grow,pioreactor02,2025-09-19T18:06:11.915Z,21.17514,0.0,0.0,0.0,0.0,2025-09-19 20:06:11.915,18.783055555556
Long Yeast Grow,pioreactor02,2025-09-19T18:06:33.406Z,21.17514,0.0,0.0,0.0,50.78,2025-09-19 20:06:33.406,18.789166666667
Long Yeast Grow,pioreactor02,2025-09-19T18:06:33.448Z,21.17514,0.0,0.0,0.0,50.72,2025-09-19 20:06:33.448,18.789166666667
Long Yeast Grow,pioreactor02,2025-09-19T18:06:34.915Z,21.13814,0.0,0.0,0.0,50.72,2025-09-19 20:06:34.915,18.789444444444
Long Yeast Grow,pioreactor02,2025-09-19T18:06:57.915Z,21.13864,0.0,0.0,0.0,50.72,2025-09-19 20:06:57.915,18.795833333333
Long Yeast Grow,pioreactor02,2025-09-19T18:07:20.915Z,21.15214,0.0,0.0,0.0,50.72,2025-09-19 20:07:20.915,18.802222222222
Long Yeast Grow,pioreactor02,2025-09-19T18:07:43.919Z,21.19664,0.0,0.0,0.0,50.72,2025-09-19 20:07:43.919,18.808611111111
Long Yeast Grow,pioreactor02,2025-09-19T18:08:01.972Z,21.19664,0.0,0.0,0.0,0.0,2025-09-19 20:08:01.972,18.813611111111
Long Yeast Grow,pioreactor02,2025-09-19T18:08:06.915Z,21.16564,0.0,0.0,0.0,0.0,2025-09-19 20:08:06.915,18.815
Long Yeast Grow,pioreactor02,2025-09-19T18:08:29.915Z,21.18314,0.0,0.0,0.0,0.0,2025-09-19 20:08:29.915,18.821388888889
Long Yeast Grow,pioreactor02,2025-09-19T18:08:52.915Z,21.18464,0.0,0.0,0.0,0.0,2025-09-19 20:08:52.915,18.827777777778
Long Yeast Grow,pioreactor02,2025-09-19T18:09:15.915Z,21.20414,0.0,0.0,0.0,0.0,2025-09-19 20:09:15.915,18.834166666667
Long Yeast Grow,pioreactor02,2025-09-19T18:09:38.915Z,21.19714,0.0,0.0,0.0,0.0,2025-09-19 20:09:38.915,18.840555555556
Long Yeast Grow,pioreactor02,2025-09-19T18:09:53.405Z,21.19714,0.0,0.0,0.0,50.72,2025-09-19 20:09:53.405,18.844722222222
Long Yeast Grow,pioreactor02,2025-09-19T18:09:53.448Z,21.19714,0.0,0.0,0.0,51.48,2025-09-19 20:09:53.448,18.844722222222
Long Yeast Grow,pioreactor02,2025-09-19T18:10:01.915Z,21.22164,0.0,0.0,0.0,51.48,2025-09-19 20:10:01.915,18.846944444444
Long Yeast Grow,pioreactor02,2025-09-19T18:10:24.915Z,21.21864,0.0,0.0,0.0,51.48,2025-09-19 20:10:24.915,18.853333333333
Long Yeast Grow,pioreactor02,2025-09-19T18:10:47.915Z,21.21714,0.0,0.0,0.0,51.48,2025-09-19 20:10:47.915,18.859722222222
Long Yeast Grow,pioreactor02,2025-09-19T18:11:10.915Z,21.23864,0.0,0.0,0.0,51.48,2025-09-19 20:11:10.915,18.866111111111
Long Yeast Grow,pioreactor02,2025-09-19T18:11:21.972Z,21.23864,0.0,0.0,0.0,0.0,2025-09-19 20:11:21.972,18.869166666667
Long Yeast Grow,pioreactor02,2025-09-19T18:11:33.915Z,21.26164,0.0,0.0,0.0,0.0,2025-09-19 20:11:33.915,18.8725
Long Yeast Grow,pioreactor02,2025-09-19T18:11:56.915Z,21.24264,0.0,0.0,0.0,0.0,2025-09-19 20:11:56.915,18.878888888889
Long Yeast Grow,pioreactor02,2025-09-19T18:12:19.915Z,21.22014,0.0,0.0,0.0,0.0,2025-09-19 20:12:19.915,18.885277777778
Long Yeast Grow,pioreactor02,2025-09-19T18:12:42.915Z,21.29014,0.0,0.0,0.0,0.0,2025-09-19 20:12:42.915,18.891666666667
Long Yeast Grow,pioreactor02,2025-09-19T18:13:05.915Z,21.29164,0.0,0.0,0.0,0.0,2025-09-19 20:13:05.915,18.898055555556
Long Yeast Grow,pioreactor02,2025-09-19T18:13:13.404Z,21.29164,0.0,0.0,0.0,51.48,2025-09-19 20:13:13.404,18.900277777778
Long Yeast Grow,pioreactor02,2025-09-19T18:13:13.452Z,21.29164,0.0,0.0,0.0,50.97,2025-09-19 20:13:13.452,18.900277777778
Long Yeast Grow,pioreactor02,2025-09-19T18:13:28.919Z,21.32164,0.0,0.0,0.0,50.97,2025-09-19 20:13:28.919,18.904444444444
Long Yeast Grow,pioreactor02,2025-09-19T18:13:51.919Z,21.35314,0.0,0.0,0.0,50.97,2025-09-19 20:13:51.919,18.910833333333
Long Yeast Grow,pioreactor02,2025-09-19T18:14:14.915Z,21.32264,0.0,0.0,0.0,50.97,2025-09-19 20:14:14.915,18.917222222222
Long Yeast Grow,pioreactor02,2025-09-19T18:14:37.915Z,21.31814,0.0,0.0,0.0,50.97,2025-09-19 20:14:37.915,18.923611111111
Long Yeast Grow,pioreactor02,2025-09-19T18:14:41.974Z,21.31814,0.0,0.0,0.0,0.0,2025-09-19 20:14:41.974,18.924722222222
Long Yeast Grow,pioreactor02,2025-09-19T18:15:00.915Z,21.30164,0.0,0.0,0.0,0.0,2025-09-19 20:15:00.915,18.93
Long Yeast Grow,pioreactor02,2025-09-19T18:15:23.915Z,21.27664,0.0,0.0,0.0,0.0,2025-09-19 20:15:23.915,18.936388888889
Long Yeast Grow,pioreactor02,2025-09-19T18:15:46.919Z,21.25064,0.0,0.0,0.0,0.0,2025-09-19 20:15:46.919,18.942777777778
Long Yeast Grow,pioreactor02,2025-09-19T18:16:09.915Z,21.25564,0.0,0.0,0.0,0.0,2025-09-19 20:16:09.915,18.949166666667
Long Yeast Grow,pioreactor02,2025-09-19T18:16:32.915Z,21.32964,0.0,0.0,0.0,0.0,2025-09-19 20:16:32.915,18.955555555556
Long Yeast Grow,pioreactor02,2025-09-19T18:16:33.406Z,21.32964,0.0,0.0,0.0,50.97,2025-09-19 20:16:33.406,18.955833333333
Long Yeast Grow,pioreactor02,2025-09-19T18:16:33.447Z,21.32964,0.0,0.0,0.0,51.28,2025-09-19 20:16:33.447,18.955833333333
Long Yeast Grow,pioreactor02,2025-09-19T18:16:55.915Z,21.32714,0.0,0.0,0.0,51.28,2025-09-19 20:16:55.915,18.961944444444
Long Yeast Grow,pioreactor02,2025-09-19T18:17:18.915Z,21.32364,0.0,0.0,0.0,51.28,2025-09-19 20:17:18.915,18.968333333333
Long Yeast Grow,pioreactor02,2025-09-19T18:17:41.915Z,21.35864,0.0,0.0,0.0,51.28,2025-09-19 20:17:41.915,18.974722222222
Long Yeast Grow,pioreactor02,2025-09-19T18:18:01.972Z,21.35864,0.0,0.0,0.0,0.0,2025-09-19 20:18:01.972,18.980277777778
Long Yeast Grow,pioreactor02,2025-09-19T18:18:04.915Z,21.36014,0.0,0.0,0.0,0.0,2025-09-19 20:18:04.915,18.981111111111
Long Yeast Grow,pioreactor02,2025-09-19T18:18:27.915Z,21.34314,0.0,0.0,0.0,0.0,2025-09-19 20:18:27.915,18.9875
Long Yeast Grow,pioreactor02,2025-09-19T18:18:50.915Z,21.27014,0.0,0.0,0.0,0.0,2025-09-19 20:18:50.915,18.993888888889
Long Yeast Grow,pioreactor02,2025-09-19T18:19:13.919Z,21.21664,0.0,0.0,0.0,0.0,2025-09-19 20:19:13.919,19.000277777778
Long Yeast Grow,pioreactor02,2025-09-19T18:19:36.919Z,21.25964,0.0,0.0,0.0,0.0,2025-09-19 20:19:36.919,19.006666666667
Long Yeast Grow,pioreactor02,2025-09-19T18:19:53.406Z,21.25964,0.0,0.0,0.0,51.28,2025-09-19 20:19:53.406,19.011388888889
Long Yeast Grow,pioreactor02,2025-09-19T18:19:53.448Z,21.25964,0.0,0.0,0.0,51.57,2025-09-19 20:19:53.448,19.011388888889
Long Yeast Grow,pioreactor02,2025-09-19T18:19:59.915Z,21.25864,0.0,0.0,0.0,51.57,2025-09-19 20:19:59.915,19.013055555556
Long Yeast Grow,pioreactor02,2025-09-19T18:20:22.915Z,21.26664,0.0,0.0,0.0,51.57,2025-09-19 20:20:22.915,19.019444444444
Long Yeast Grow,pioreactor02,2025-09-19T18:20:45.915Z,21.25264,0.0,0.0,0.0,51.57,2025-09-19 20:20:45.915,19.025833333333
Long Yeast Grow,pioreactor02,2025-09-19T18:21:08.915Z,21.25214,0.0,0.0,0.0,51.57,2025-09-19 20:21:08.915,19.032222222222
Long Yeast Grow,pioreactor02,2025-09-19T18:21:21.973Z,21.25214,0.0,0.0,0.0,0.0,2025-09-19 20:21:21.973,19.035833333333
Long Yeast Grow,pioreactor02,2025-09-19T18:21:31.915Z,21.25764,0.0,0.0,0.0,0.0,2025-09-19 20:21:31.915,19.038611111111
Long Yeast Grow,pioreactor02,2025-09-19T18:21:54.915Z,21.25364,0.0,0.0,0.0,0.0,2025-09-19 20:21:54.915,19.045
Long Yeast Grow,pioreactor02,2025-09-19T18:22:17.915Z,21.29764,0.0,0.0,0.0,0.0,2025-09-19 20:22:17.915,19.051388888889
Long Yeast Grow,pioreactor02,2025-09-19T18:22:40.915Z,21.26314,0.0,0.0,0.0,0.0,2025-09-19 20:22:40.915,19.057777777778
Long Yeast Grow,pioreactor02,2025-09-19T18:23:03.915Z,21.23414,0.0,0.0,0.0,0.0,2025-09-19 20:23:03.915,19.064166666667
Long Yeast Grow,pioreactor02,2025-09-19T18:23:13.404Z,21.23414,0.0,0.0,0.0,51.57,2025-09-19 20:23:13.404,19.066944444444
Long Yeast Grow,pioreactor02,2025-09-19T18:23:13.448Z,21.23414,0.0,0.0,0.0,51.29,2025-09-19 20:23:13.448,19.066944444444
Long Yeast Grow,pioreactor02,2025-09-19T18:23:26.915Z,21.22464,0.0,0.0,0.0,51.29,2025-09-19 20:23:26.915,19.070555555556
Long Yeast Grow,pioreactor02,2025-09-19T18:23:49.919Z,21.32714,0.0,0.0,0.0,51.29,2025-09-19 20:23:49.919,19.076944444444
Long Yeast Grow,pioreactor02,2025-09-19T18:24:12.915Z,21.28864,0.0,0.0,0.0,51.29,2025-09-19 20:24:12.915,19.083333333333
Long Yeast Grow,pioreactor02,2025-09-19T18:24:35.919Z,21.28914,0.0,0.0,0.0,51.29,2025-09-19 20:24:35.919,19.089722222222
Long Yeast Grow,pioreactor02,2025-09-19T18:24:41.972Z,21.28914,0.0,0.0,0.0,0.0,2025-09-19 20:24:41.972,19.091388888889
Long Yeast Grow,pioreactor02,2025-09-19T18:24:58.915Z,21.24264,0.0,0.0,0.0,0.0,2025-09-19 20:24:58.915,19.096111111111
Long Yeast Grow,pioreactor02,2025-09-19T18:25:21.915Z,21.18914,0.0,0.0,0.0,0.0,2025-09-19 20:25:21.915,19.1025
Long Yeast Grow,pioreactor02,2025-09-19T18:25:44.915Z,21.18964,0.0,0.0,0.0,0.0,2025-09-19 20:25:44.915,19.108888888889
Long Yeast Grow,pioreactor02,2025-09-19T18:26:07.915Z,21.15364,0.0,0.0,0.0,0.0,2025-09-19 20:26:07.915,19.115277777778
Long Yeast Grow,pioreactor02,2025-09-19T18:26:30.915Z,21.26514,0.0,0.0,0.0,0.0,2025-09-19 20:26:30.915,19.121666666667
Long Yeast Grow,pioreactor02,2025-09-19T18:26:33.405Z,21.26514,0.0,0.0,0.0,51.29,2025-09-19 20:26:33.405,19.1225
Long Yeast Grow,pioreactor02,2025-09-19T18:26:33.448Z,21.26514,0.0,0.0,0.0,51.65,2025-09-19 20:26:33.448,19.1225
Long Yeast Grow,pioreactor02,2025-09-19T18:26:53.919Z,21.69014,0.0,0.0,0.0,51.65,2025-09-19 20:26:53.919,19.128055555556
Long Yeast Grow,pioreactor02,2025-09-19T18:27:16.919Z,21.59414,0.0,0.0,0.0,51.65,2025-09-19 20:27:16.919,19.134444444444
Long Yeast Grow,pioreactor02,2025-09-19T18:27:39.919Z,21.54714,0.0,0.0,0.0,51.65,2025-09-19 20:27:39.919,19.140833333333
Long Yeast Grow,pioreactor02,2025-09-19T18:28:01.972Z,21.54714,0.0,0.0,0.0,0.0,2025-09-19 20:28:01.972,19.146944444444
Long Yeast Grow,pioreactor02,2025-09-19T18:28:02.915Z,21.46064,0.0,0.0,0.0,0.0,2025-09-19 20:28:02.915,19.147222222222
Long Yeast Grow,pioreactor02,2025-09-19T18:28:25.915Z,21.38264,0.0,0.0,0.0,0.0,2025-09-19 20:28:25.915,19.153611111111
Long Yeast Grow,pioreactor02,2025-09-19T18:28:48.915Z,21.39414,0.0,0.0,0.0,0.0,2025-09-19 20:28:48.915,19.16
Long Yeast Grow,pioreactor02,2025-09-19T18:29:11.919Z,21.32764,0.0,0.0,0.0,0.0,2025-09-19 20:29:11.919,19.166388888889
Long Yeast Grow,pioreactor02,2025-09-19T18:29:34.915Z,21.29814,0.0,0.0,0.0,0.0,2025-09-19 20:29:34.915,19.172777777778
Long Yeast Grow,pioreactor02,2025-09-19T18:29:53.407Z,21.29814,0.0,0.0,0.0,51.65,2025-09-19 20:29:53.407,19.178055555556
Long Yeast Grow,pioreactor02,2025-09-19T18:29:53.452Z,21.29814,0.0,0.0,0.0,51.28,2025-09-19 20:29:53.452,19.178055555556
Long Yeast Grow,pioreactor02,2025-09-19T18:29:57.915Z,21.33364,0.0,0.0,0.0,51.28,2025-09-19 20:29:57.915,19.179166666667
Long Yeast Grow,pioreactor02,2025-09-19T18:30:20.915Z,21.29464,0.0,0.0,0.0,51.28,2025-09-19 20:30:20.915,19.185555555556
Long Yeast Grow,pioreactor02,2025-09-19T18:30:43.919Z,21.29114,0.0,0.0,0.0,51.28,2025-09-19 20:30:43.919,19.191944444444
Long Yeast Grow,pioreactor02,2025-09-19T18:31:06.915Z,21.34864,0.0,0.0,0.0,51.28,2025-09-19 20:31:06.915,19.198333333333
Long Yeast Grow,pioreactor02,2025-09-19T18:31:21.973Z,21.34864,0.0,0.0,0.0,0.0,2025-09-19 20:31:21.973,19.2025
Long Yeast Grow,pioreactor02,2025-09-19T18:31:29.915Z,21.32264,0.0,0.0,0.0,0.0,2025-09-19 20:31:29.915,19.204722222222
Long Yeast Grow,pioreactor02,2025-09-19T18:31:52.915Z,21.27014,0.0,0.0,0.0,0.0,2025-09-19 20:31:52.915,19.211111111111
Long Yeast Grow,pioreactor02,2025-09-19T18:32:15.915Z,21.28414,0.0,0.0,0.0,0.0,2025-09-19 20:32:15.915,19.2175
Long Yeast Grow,pioreactor02,2025-09-19T18:32:38.915Z,21.28664,0.0,0.0,0.0,0.0,2025-09-19 20:32:38.915,19.223888888889
Long Yeast Grow,pioreactor02,2025-09-19T18:33:01.915Z,21.31014,0.0,0.0,0.0,0.0,2025-09-19 20:33:01.915,19.230277777778
Long Yeast Grow,pioreactor02,2025-09-19T18:33:13.405Z,21.31014,0.0,0.0,0.0,51.28,2025-09-19 20:33:13.405,19.233611111111
Long Yeast Grow,pioreactor02,2025-09-19T18:33:13.448Z,21.31014,0.0,0.0,0.0,51.59,2025-09-19 20:33:13.448,19.233611111111
Long Yeast Grow,pioreactor02,2025-09-19T18:33:24.915Z,21.29914,0.0,0.0,0.0,51.59,2025-09-19 20:33:24.915,19.236666666667
Long Yeast Grow,pioreactor02,2025-09-19T18:33:47.915Z,21.30264,0.0,0.0,0.0,51.59,2025-09-19 20:33:47.915,19.243055555556
Long Yeast Grow,pioreactor02,2025-09-19T18:34:10.915Z,21.32464,0.0,0.0,0.0,51.59,2025-09-19 20:34:10.915,19.249444444444
Long Yeast Grow,pioreactor02,2025-09-19T18:34:33.915Z,21.31064,0.0,0.0,0.0,51.59,2025-09-19 20:34:33.915,19.255833333333
Long Yeast Grow,pioreactor02,2025-09-19T18:34:41.973Z,21.31064,0.0,0.0,0.0,0.0,2025-09-19 20:34:41.973,19.258055555556
Long Yeast Grow,pioreactor02,2025-09-19T18:34:56.915Z,21.24814,0.0,0.0,0.0,0.0,2025-09-19 20:34:56.915,19.262222222222
Long Yeast Grow,pioreactor02,2025-09-19T18:35:19.915Z,21.23414,0.0,0.0,0.0,0.0,2025-09-19 20:35:19.915,19.268611111111
Long Yeast Grow,pioreactor02,2025-09-19T18:35:42.915Z,21.23364,0.0,0.0,0.0,0.0,2025-09-19 20:35:42.915,19.275
Long Yeast Grow,pioreactor02,2025-09-19T18:36:05.915Z,21.26964,0.0,0.0,0.0,0.0,2025-09-19 20:36:05.915,19.281388888889
Long Yeast Grow,pioreactor02,2025-09-19T18:36:28.915Z,21.27464,0.0,0.0,0.0,0.0,2025-09-19 20:36:28.915,19.287777777778
Long Yeast Grow,pioreactor02,2025-09-19T18:36:33.405Z,21.27464,0.0,0.0,0.0,51.59,2025-09-19 20:36:33.405,19.289166666667
Long Yeast Grow,pioreactor02,2025-09-19T18:36:33.449Z,21.27464,0.0,0.0,0.0,51.88,2025-09-19 20:36:33.449,19.289166666667
Long Yeast Grow,pioreactor02,2025-09-19T18:36:51.919Z,21.30114,0.0,0.0,0.0,51.88,2025-09-19 20:36:51.919,19.294166666667
Long Yeast Grow,pioreactor02,2025-09-19T18:37:14.915Z,21.27064,0.0,0.0,0.0,51.88,2025-09-19 20:37:14.915,19.300555555556
Long Yeast Grow,pioreactor02,2025-09-19T18:37:37.915Z,21.40414,0.0,0.0,0.0,51.88,2025-09-19 20:37:37.915,19.306944444444
Long Yeast Grow,pioreactor02,2025-09-19T18:38:00.915Z,21.40714,0.0,0.0,0.0,51.88,2025-09-19 20:38:00.915,19.313333333333
Long Yeast Grow,pioreactor02,2025-09-19T18:38:01.972Z,21.40714,0.0,0.0,0.0,0.0,2025-09-19 20:38:01.972,19.313611111111
Long Yeast Grow,pioreactor02,2025-09-19T18:38:23.915Z,21.36114,0.0,0.0,0.0,0.0,2025-09-19 20:38:23.915,19.319722222222
Long Yeast Grow,pioreactor02,2025-09-19T18:38:46.919Z,21.37914,0.0,0.0,0.0,0.0,2025-09-19 20:38:46.919,19.326111111111
Long Yeast Grow,pioreactor02,2025-09-19T18:39:09.915Z,21.38564,0.0,0.0,0.0,0.0,2025-09-19 20:39:09.915,19.3325
Long Yeast Grow,pioreactor02,2025-09-19T18:39:32.915Z,21.39364,0.0,0.0,0.0,0.0,2025-09-19 20:39:32.915,19.338888888889
Long Yeast Grow,pioreactor02,2025-09-19T18:39:53.404Z,21.39364,0.0,0.0,0.0,51.88,2025-09-19 20:39:53.404,19.344722222222
Long Yeast Grow,pioreactor02,2025-09-19T18:39:53.449Z,21.39364,0.0,0.0,0.0,51.1,2025-09-19 20:39:53.449,19.344722222222
Long Yeast Grow,pioreactor02,2025-09-19T18:39:55.915Z,21.38264,0.0,0.0,0.0,51.1,2025-09-19 20:39:55.915,19.345277777778
Long Yeast Grow,pioreactor02,2025-09-19T18:40:18.915Z,21.38014,0.0,0.0,0.0,51.1,2025-09-19 20:40:18.915,19.351666666667
Long Yeast Grow,pioreactor02,2025-09-19T18:40:41.915Z,21.38564,0.0,0.0,0.0,51.1,2025-09-19 20:40:41.915,19.358055555556
Long Yeast Grow,pioreactor02,2025-09-19T18:41:04.915Z,21.39814,0.0,0.0,0.0,51.1,2025-09-19 20:41:04.915,19.364444444444
Long Yeast Grow,pioreactor02,2025-09-19T18:41:21.972Z,21.39814,0.0,0.0,0.0,0.0,2025-09-19 20:41:21.972,19.369166666667
Long Yeast Grow,pioreactor02,2025-09-19T18:41:27.915Z,21.41564,0.0,0.0,0.0,0.0,2025-09-19 20:41:27.915,19.370833333333
Long Yeast Grow,pioreactor02,2025-09-19T18:41:50.915Z,21.39764,0.0,0.0,0.0,0.0,2025-09-19 20:41:50.915,19.377222222222
Long Yeast Grow,pioreactor02,2025-09-19T18:42:13.916Z,21.40214,0.0,0.0,0.0,0.0,2025-09-19 20:42:13.916,19.383611111111
Long Yeast Grow,pioreactor02,2025-09-19T18:42:36.915Z,21.40764,0.0,0.0,0.0,0.0,2025-09-19 20:42:36.915,19.39
Long Yeast Grow,pioreactor02,2025-09-19T18:42:59.915Z,21.34714,0.0,0.0,0.0,0.0,2025-09-19 20:42:59.915,19.396388888889
Long Yeast Grow,pioreactor02,2025-09-19T18:43:13.403Z,21.34714,0.0,0.0,0.0,51.1,2025-09-19 20:43:13.403,19.400277777778
Long Yeast Grow,pioreactor02,2025-09-19T18:43:13.448Z,21.34714,0.0,0.0,0.0,50.77,2025-09-19 20:43:13.448,19.400277777778
Long Yeast Grow,pioreactor02,2025-09-19T18:43:22.915Z,21.34764,0.0,0.0,0.0,50.77,2025-09-19 20:43:22.915,19.402777777778
Long Yeast Grow,pioreactor02,2025-09-19T18:43:45.915Z,21.34814,0.0,0.0,0.0,50.77,2025-09-19 20:43:45.915,19.409166666667
Long Yeast Grow,pioreactor02,2025-09-19T18:44:08.915Z,21.40364,0.0,0.0,0.0,50.77,2025-09-19 20:44:08.915,19.415555555556
Long Yeast Grow,pioreactor02,2025-09-19T18:44:31.915Z,21.41214,0.0,0.0,0.0,50.77,2025-09-19 20:44:31.915,19.421944444444
Long Yeast Grow,pioreactor02,2025-09-19T18:44:41.972Z,21.41214,0.0,0.0,0.0,0.0,2025-09-19 20:44:41.972,19.424722222222
Long Yeast Grow,pioreactor02,2025-09-19T18:44:54.915Z,21.38764,0.0,0.0,0.0,0.0,2025-09-19 20:44:54.915,19.428333333333
Long Yeast Grow,pioreactor02,2025-09-19T18:45:17.915Z,21.41064,0.0,0.0,0.0,0.0,2025-09-19 20:45:17.915,19.434722222222
Long Yeast Grow,pioreactor02,2025-09-19T18:45:40.915Z,21.39364,0.0,0.0,0.0,0.0,2025-09-19 20:45:40.915,19.441111111111
Long Yeast Grow,pioreactor02,2025-09-19T18:46:03.915Z,21.35264,0.0,0.0,0.0,0.0,2025-09-19 20:46:03.915,19.4475
Long Yeast Grow,pioreactor02,2025-09-19T18:46:26.915Z,21.30764,0.0,0.0,0.0,0.0,2025-09-19 20:46:26.915,19.453888888889
Long Yeast Grow,pioreactor02,2025-09-19T18:46:33.408Z,21.30764,0.0,0.0,0.0,50.77,2025-09-19 20:46:33.408,19.455833333333
Long Yeast Grow,pioreactor02,2025-09-19T18:46:33.451Z,21.30764,0.0,0.0,0.0,50.9,2025-09-19 20:46:33.451,19.455833333333
Long Yeast Grow,pioreactor02,2025-09-19T18:46:49.915Z,21.36564,0.0,0.0,0.0,50.9,2025-09-19 20:46:49.915,19.460277777778
Long Yeast Grow,pioreactor02,2025-09-19T18:47:12.915Z,21.42064,0.0,0.0,0.0,50.9,2025-09-19 20:47:12.915,19.466666666667
Long Yeast Grow,pioreactor02,2025-09-19T18:47:35.915Z,21.41764,0.0,0.0,0.0,50.9,2025-09-19 20:47:35.915,19.473055555556
Long Yeast Grow,pioreactor02,2025-09-19T18:47:58.915Z,21.44514,0.0,0.0,0.0,50.9,2025-09-19 20:47:58.915,19.479444444444
Long Yeast Grow,pioreactor02,2025-09-19T18:48:01.973Z,21.44514,0.0,0.0,0.0,0.0,2025-09-19 20:48:01.973,19.480277777778
Long Yeast Grow,pioreactor02,2025-09-19T18:48:21.915Z,21.39114,0.0,0.0,0.0,0.0,2025-09-19 20:48:21.915,19.485833333333
Long Yeast Grow,pioreactor02,2025-09-19T18:48:44.915Z,21.34864,0.0,0.0,0.0,0.0,2025-09-19 20:48:44.915,19.492222222222
Long Yeast Grow,pioreactor02,2025-09-19T18:49:07.915Z,21.30414,0.0,0.0,0.0,0.0,2025-09-19 20:49:07.915,19.498611111111
Long Yeast Grow,pioreactor02,2025-09-19T18:49:30.915Z,21.30914,0.0,0.0,0.0,0.0,2025-09-19 20:49:30.915,19.505
Long Yeast Grow,pioreactor02,2025-09-19T18:49:53.406Z,21.30914,0.0,0.0,0.0,50.9,2025-09-19 20:49:53.406,19.511388888889
Long Yeast Grow,pioreactor02,2025-09-19T18:49:53.448Z,21.30914,0.0,0.0,0.0,51.95,2025-09-19 20:49:53.448,19.511388888889
Long Yeast Grow,pioreactor02,2025-09-19T18:49:53.915Z,21.36514,0.0,0.0,0.0,51.95,2025-09-19 20:49:53.915,19.511388888889
Long Yeast Grow,pioreactor02,2025-09-19T18:50:16.915Z,21.36564,0.0,0.0,0.0,51.95,2025-09-19 20:50:16.915,19.517777777778
Long Yeast Grow,pioreactor02,2025-09-19T18:50:39.915Z,21.36514,0.0,0.0,0.0,51.95,2025-09-19 20:50:39.915,19.524166666667
Long Yeast Grow,pioreactor02,2025-09-19T18:51:02.915Z,21.35414,0.0,0.0,0.0,51.95,2025-09-19 20:51:02.915,19.530555555556
Long Yeast Grow,pioreactor02,2025-09-19T18:51:21.973Z,21.35414,0.0,0.0,0.0,0.0,2025-09-19 20:51:21.973,19.535833333333
Long Yeast Grow,pioreactor02,2025-09-19T18:51:25.915Z,21.35514,0.0,0.0,0.0,0.0,2025-09-19 20:51:25.915,19.536944444444
Long Yeast Grow,pioreactor02,2025-09-19T18:51:48.915Z,21.32614,0.0,0.0,0.0,0.0,2025-09-19 20:51:48.915,19.543333333333
Long Yeast Grow,pioreactor02,2025-09-19T18:52:11.915Z,21.32764,0.0,0.0,0.0,0.0,2025-09-19 20:52:11.915,19.549722222222
Long Yeast Grow,pioreactor02,2025-09-19T18:52:34.915Z,21.27514,0.0,0.0,0.0,0.0,2025-09-19 20:52:34.915,19.556111111111
Long Yeast Grow,pioreactor02,2025-09-19T18:52:57.915Z,21.35014,0.0,0.0,0.0,0.0,2025-09-19 20:52:57.915,19.5625
Long Yeast Grow,pioreactor02,2025-09-19T18:53:13.405Z,21.35014,0.0,0.0,0.0,51.95,2025-09-19 20:53:13.405,19.566944444444
Long Yeast Grow,pioreactor02,2025-09-19T18:53:13.449Z,21.35014,0.0,0.0,0.0,50.89,2025-09-19 20:53:13.449,19.566944444444
Long Yeast Grow,pioreactor02,2025-09-19T18:53:20.919Z,21.30414,0.0,0.0,0.0,50.89,2025-09-19 20:53:20.919,19.568888888889
Long Yeast Grow,pioreactor02,2025-09-19T18:53:43.915Z,21.36814,0.0,0.0,0.0,50.89,2025-09-19 20:53:43.915,19.575277777778
Long Yeast Grow,pioreactor02,2025-09-19T18:54:06.915Z,21.36364,0.0,0.0,0.0,50.89,2025-09-19 20:54:06.915,19.581666666667
Long Yeast Grow,pioreactor02,2025-09-19T18:54:29.916Z,21.38414,0.0,0.0,0.0,50.89,2025-09-19 20:54:29.916,19.588055555556
Long Yeast Grow,pioreactor02,2025-09-19T18:54:41.973Z,21.38414,0.0,0.0,0.0,0.0,2025-09-19 20:54:41.973,19.591388888889
Long Yeast Grow,pioreactor02,2025-09-19T18:54:52.919Z,21.38364,0.0,0.0,0.0,0.0,2025-09-19 20:54:52.919,19.594444444444
Long Yeast Grow,pioreactor02,2025-09-19T18:55:15.915Z,21.38664,0.0,0.0,0.0,0.0,2025-09-19 20:55:15.915,19.600833333333
Long Yeast Grow,pioreactor02,2025-09-19T18:55:38.915Z,21.38414,0.0,0.0,0.0,0.0,2025-09-19 20:55:38.915,19.607222222222
Long Yeast Grow,pioreactor02,2025-09-19T18:56:01.915Z,21.33064,0.0,0.0,0.0,0.0,2025-09-19 20:56:01.915,19.613611111111
Long Yeast Grow,pioreactor02,2025-09-19T18:56:24.915Z,21.33564,0.0,0.0,0.0,0.0,2025-09-19 20:56:24.915,19.62
Long Yeast Grow,pioreactor02,2025-09-19T18:56:33.405Z,21.33564,0.0,0.0,0.0,50.89,2025-09-19 20:56:33.405,19.6225
Long Yeast Grow,pioreactor02,2025-09-19T18:56:33.447Z,21.33564,0.0,0.0,0.0,51.28,2025-09-19 20:56:33.447,19.6225
Long Yeast Grow,pioreactor02,2025-09-19T18:56:47.915Z,21.39114,0.0,0.0,0.0,51.28,2025-09-19 20:56:47.915,19.626388888889
Long Yeast Grow,pioreactor02,2025-09-19T18:57:10.915Z,21.38614,0.0,0.0,0.0,51.28,2025-09-19 20:57:10.915,19.632777777778
Long Yeast Grow,pioreactor02,2025-09-19T18:57:33.915Z,21.38764,0.0,0.0,0.0,51.28,2025-09-19 20:57:33.915,19.639166666667
Long Yeast Grow,pioreactor02,2025-09-19T18:57:56.915Z,21.39064,0.0,0.0,0.0,51.28,2025-09-19 20:57:56.915,19.645555555556
Long Yeast Grow,pioreactor02,2025-09-19T18:58:01.973Z,21.39064,0.0,0.0,0.0,0.0,2025-09-19 20:58:01.973,19.646944444444
Long Yeast Grow,pioreactor02,2025-09-19T18:58:19.915Z,21.35064,0.0,0.0,0.0,0.0,2025-09-19 20:58:19.915,19.651944444444
Long Yeast Grow,pioreactor02,2025-09-19T18:58:42.915Z,21.30114,0.0,0.0,0.0,0.0,2025-09-19 20:58:42.915,19.658333333333
Long Yeast Grow,pioreactor02,2025-09-19T18:59:05.915Z,21.32414,0.0,0.0,0.0,0.0,2025-09-19 20:59:05.915,19.664722222222
Long Yeast Grow,pioreactor02,2025-09-19T18:59:28.915Z,21.33764,0.0,0.0,0.0,0.0,2025-09-19 20:59:28.915,19.671111111111
Long Yeast Grow,pioreactor02,2025-09-19T18:59:51.915Z,21.34564,0.0,0.0,0.0,0.0,2025-09-19 20:59:51.915,19.6775
Long Yeast Grow,pioreactor02,2025-09-19T18:59:53.406Z,21.34564,0.0,0.0,0.0,51.28,2025-09-19 20:59:53.406,19.678055555556
Long Yeast Grow,pioreactor02,2025-09-19T18:59:53.448Z,21.34564,0.0,0.0,0.0,50.95,2025-09-19 20:59:53.448,19.678055555556
Long Yeast Grow,pioreactor02,2025-09-19T19:00:14.915Z,21.34364,0.0,0.0,0.0,50.95,2025-09-19 21:00:14.915,19.683888888889
Long Yeast Grow,pioreactor02,2025-09-19T19:00:37.915Z,21.35764,0.0,0.0,0.0,50.95,2025-09-19 21:00:37.915,19.690277777778
Long Yeast Grow,pioreactor02,2025-09-19T19:01:00.915Z,21.35414,0.0,0.0,0.0,50.95,2025-09-19 21:01:00.915,19.696666666667
Long Yeast Grow,pioreactor02,2025-09-19T19:01:21.973Z,21.35414,0.0,0.0,0.0,0.0,2025-09-19 21:01:21.973,19.7025
Long Yeast Grow,pioreactor02,2025-09-19T19:01:23.915Z,21.37064,0.0,0.0,0.0,0.0,2025-09-19 21:01:23.915,19.703055555556
Long Yeast Grow,pioreactor02,2025-09-19T19:01:46.915Z,21.34864,0.0,0.0,0.0,0.0,2025-09-19 21:01:46.915,19.709444444444
Long Yeast Grow,pioreactor02,2025-09-19T19:02:09.915Z,21.30114,0.0,0.0,0.0,0.0,2025-09-19 21:02:09.915,19.715833333333
Long Yeast Grow,pioreactor02,2025-09-19T19:02:32.915Z,21.32014,0.0,0.0,0.0,0.0,2025-09-19 21:02:32.915,19.722222222222
Long Yeast Grow,pioreactor02,2025-09-19T19:02:55.915Z,21.32914,0.0,0.0,0.0,0.0,2025-09-19 21:02:55.915,19.728611111111
Long Yeast Grow,pioreactor02,2025-09-19T19:03:13.405Z,21.32914,0.0,0.0,0.0,50.95,2025-09-19 21:03:13.405,19.733611111111
Long Yeast Grow,pioreactor02,2025-09-19T19:03:13.449Z,21.32914,0.0,0.0,0.0,50.63,2025-09-19 21:03:13.449,19.733611111111
Long Yeast Grow,pioreactor02,2025-09-19T19:03:18.915Z,21.43114,0.0,0.0,0.0,50.63,2025-09-19 21:03:18.915,19.735
Long Yeast Grow,pioreactor02,2025-09-19T19:03:41.919Z,21.43914,0.0,0.0,0.0,50.63,2025-09-19 21:03:41.919,19.741388888889
Long Yeast Grow,pioreactor02,2025-09-19T19:04:04.915Z,21.43064,0.0,0.0,0.0,50.63,2025-09-19 21:04:04.915,19.747777777778
Long Yeast Grow,pioreactor02,2025-09-19T19:04:27.915Z,21.43064,0.0,0.0,0.0,50.63,2025-09-19 21:04:27.915,19.754166666667
Long Yeast Grow,pioreactor02,2025-09-19T19:04:41.973Z,21.43064,0.0,0.0,0.0,0.0,2025-09-19 21:04:41.973,19.758055555556
Long Yeast Grow,pioreactor02,2025-09-19T19:04:50.915Z,21.38414,0.0,0.0,0.0,0.0,2025-09-19 21:04:50.915,19.760555555556
Long Yeast Grow,pioreactor02,2025-09-19T19:05:13.915Z,21.34964,0.0,0.0,0.0,0.0,2025-09-19 21:05:13.915,19.766944444444
Long Yeast Grow,pioreactor02,2025-09-19T19:05:36.915Z,21.35114,0.0,0.0,0.0,0.0,2025-09-19 21:05:36.915,19.773333333333
Long Yeast Grow,pioreactor02,2025-09-19T19:05:59.915Z,21.32964,0.0,0.0,0.0,0.0,2025-09-19 21:05:59.915,19.779722222222
Long Yeast Grow,pioreactor02,2025-09-19T19:06:22.915Z,21.30664,0.0,0.0,0.0,0.0,2025-09-19 21:06:22.915,19.786111111111
Long Yeast Grow,pioreactor02,2025-09-19T19:06:33.405Z,21.30664,0.0,0.0,0.0,50.63,2025-09-19 21:06:33.405,19.789166666667
Long Yeast Grow,pioreactor02,2025-09-19T19:06:33.447Z,21.30664,0.0,0.0,0.0,52.25,2025-09-19 21:06:33.447,19.789166666667
Long Yeast Grow,pioreactor02,2025-09-19T19:06:45.915Z,21.35164,0.0,0.0,0.0,52.25,2025-09-19 21:06:45.915,19.7925
Long Yeast Grow,pioreactor02,2025-09-19T19:07:08.915Z,21.32114,0.0,0.0,0.0,52.25,2025-09-19 21:07:08.915,19.798888888889
Long Yeast Grow,pioreactor02,2025-09-19T19:07:31.915Z,21.33964,0.0,0.0,0.0,52.25,2025-09-19 21:07:31.915,19.805277777778
Long Yeast Grow,pioreactor02,2025-09-19T19:07:54.915Z,21.33714,0.0,0.0,0.0,52.25,2025-09-19 21:07:54.915,19.811666666667
Long Yeast Grow,pioreactor02,2025-09-19T19:08:01.973Z,21.33714,0.0,0.0,0.0,0.0,2025-09-19 21:08:01.973,19.813611111111
Long Yeast Grow,pioreactor02,2025-09-19T19:08:17.915Z,21.35914,0.0,0.0,0.0,0.0,2025-09-19 21:08:17.915,19.818055555556
Long Yeast Grow,pioreactor02,2025-09-19T19:08:40.915Z,21.31564,0.0,0.0,0.0,0.0,2025-09-19 21:08:40.915,19.824444444444
Long Yeast Grow,pioreactor02,2025-09-19T19:09:03.915Z,21.36364,0.0,0.0,0.0,0.0,2025-09-19 21:09:03.915,19.830833333333
Long Yeast Grow,pioreactor02,2025-09-19T19:09:26.915Z,21.34114,0.0,0.0,0.0,0.0,2025-09-19 21:09:26.915,19.837222222222
Long Yeast Grow,pioreactor02,2025-09-19T19:09:49.915Z,21.28314,0.0,0.0,0.0,0.0,2025-09-19 21:09:49.915,19.843611111111
Long Yeast Grow,pioreactor02,2025-09-19T19:09:53.406Z,21.28314,0.0,0.0,0.0,52.25,2025-09-19 21:09:53.406,19.844722222222
Long Yeast Grow,pioreactor02,2025-09-19T19:09:53.448Z,21.28314,0.0,0.0,0.0,50.85,2025-09-19 21:09:53.448,19.844722222222
Long Yeast Grow,pioreactor02,2025-09-19T19:10:12.915Z,21.34014,0.0,0.0,0.0,50.85,2025-09-19 21:10:12.915,19.85
Long Yeast Grow,pioreactor02,2025-09-19T19:10:35.915Z,21.39364,0.0,0.0,0.0,50.85,2025-09-19 21:10:35.915,19.856388888889
Long Yeast Grow,pioreactor02,2025-09-19T19:10:58.915Z,21.42464,0.0,0.0,0.0,50.85,2025-09-19 21:10:58.915,19.862777777778
Long Yeast Grow,pioreactor02,2025-09-19T19:11:21.915Z,21.42864,0.0,0.0,0.0,50.85,2025-09-19 21:11:21.915,19.869166666667
Long Yeast Grow,pioreactor02,2025-09-19T19:11:21.972Z,21.42864,0.0,0.0,0.0,0.0,2025-09-19 21:11:21.972,19.869166666667
Long Yeast Grow,pioreactor02,2025-09-19T19:11:44.915Z,21.38664,0.0,0.0,0.0,0.0,2025-09-19 21:11:44.915,19.875555555556
Long Yeast Grow,pioreactor02,2025-09-19T19:12:07.915Z,21.41614,0.0,0.0,0.0,0.0,2025-09-19 21:12:07.915,19.881944444444
Long Yeast Grow,pioreactor02,2025-09-19T19:12:30.915Z,21.40814,0.0,0.0,0.0,0.0,2025-09-19 21:12:30.915,19.888333333333
Long Yeast Grow,pioreactor02,2025-09-19T19:12:53.919Z,21.38864,0.0,0.0,0.0,0.0,2025-09-19 21:12:53.919,19.894722222222
Long Yeast Grow,pioreactor02,2025-09-19T19:13:13.404Z,21.38864,0.0,0.0,0.0,50.85,2025-09-19 21:13:13.404,19.900277777778
Long Yeast Grow,pioreactor02,2025-09-19T19:13:13.447Z,21.38864,0.0,0.0,0.0,51.36,2025-09-19 21:13:13.447,19.900277777778
Long Yeast Grow,pioreactor02,2025-09-19T19:13:16.915Z,21.47514,0.0,0.0,0.0,51.36,2025-09-19 21:13:16.915,19.901111111111
Long Yeast Grow,pioreactor02,2025-09-19T19:13:39.915Z,21.49264,0.0,0.0,0.0,51.36,2025-09-19 21:13:39.915,19.9075
Long Yeast Grow,pioreactor02,2025-09-19T19:14:02.915Z,21.45664,0.0,0.0,0.0,51.36,2025-09-19 21:14:02.915,19.913888888889
Long Yeast Grow,pioreactor02,2025-09-19T19:14:25.915Z,21.42964,0.0,0.0,0.0,51.36,2025-09-19 21:14:25.915,19.920277777778
Long Yeast Grow,pioreactor02,2025-09-19T19:14:41.973Z,21.42964,0.0,0.0,0.0,0.0,2025-09-19 21:14:41.973,19.924722222222
Long Yeast Grow,pioreactor02,2025-09-19T19:14:48.915Z,21.42964,0.0,0.0,0.0,0.0,2025-09-19 21:14:48.915,19.926666666667
Long Yeast Grow,pioreactor02,2025-09-19T19:15:11.915Z,21.39314,0.0,0.0,0.0,0.0,2025-09-19 21:15:11.915,19.933055555556
Long Yeast Grow,pioreactor02,2025-09-19T19:15:34.915Z,21.36514,0.0,0.0,0.0,0.0,2025-09-19 21:15:34.915,19.939444444444
Long Yeast Grow,pioreactor02,2025-09-19T19:15:57.915Z,21.36264,0.0,0.0,0.0,0.0,2025-09-19 21:15:57.915,19.945833333333
Long Yeast Grow,pioreactor02,2025-09-19T19:16:20.919Z,21.36664,0.0,0.0,0.0,0.0,2025-09-19 21:16:20.919,19.952222222222
Long Yeast Grow,pioreactor02,2025-09-19T19:16:33.404Z,21.36664,0.0,0.0,0.0,51.36,2025-09-19 21:16:33.404,19.955833333333
Long Yeast Grow,pioreactor02,2025-09-19T19:16:33.448Z,21.36664,0.0,0.0,0.0,50.98,2025-09-19 21:16:33.448,19.955833333333
Long Yeast Grow,pioreactor02,2025-09-19T19:16:43.915Z,21.32564,0.0,0.0,0.0,50.98,2025-09-19 21:16:43.915,19.958611111111
Long Yeast Grow,pioreactor02,2025-09-19T19:17:06.915Z,21.44164,0.0,0.0,0.0,50.98,2025-09-19 21:17:06.915,19.965
Long Yeast Grow,pioreactor02,2025-09-19T19:17:29.915Z,21.48364,0.0,0.0,0.0,50.98,2025-09-19 21:17:29.915,19.971388888889
Long Yeast Grow,pioreactor02,2025-09-19T19:17:52.915Z,21.47464,0.0,0.0,0.0,50.98,2025-09-19 21:17:52.915,19.977777777778
Long Yeast Grow,pioreactor02,2025-09-19T19:18:01.972Z,21.47464,0.0,0.0,0.0,0.0,2025-09-19 21:18:01.972,19.980277777778
Long Yeast Grow,pioreactor02,2025-09-19T19:18:15.915Z,21.42964,0.0,0.0,0.0,0.0,2025-09-19 21:18:15.915,19.984166666667
Long Yeast Grow,pioreactor02,2025-09-19T19:18:38.915Z,21.39014,0.0,0.0,0.0,0.0,2025-09-19 21:18:38.915,19.990555555556
Long Yeast Grow,pioreactor02,2025-09-19T19:19:01.915Z,21.34864,0.0,0.0,0.0,0.0,2025-09-19 21:19:01.915,19.996944444444
Long Yeast Grow,pioreactor02,2025-09-19T19:19:24.915Z,21.32214,0.0,0.0,0.0,0.0,2025-09-19 21:19:24.915,20.003333333333
Long Yeast Grow,pioreactor02,2025-09-19T19:19:47.915Z,21.32164,0.0,0.0,0.0,0.0,2025-09-19 21:19:47.915,20.009722222222
Long Yeast Grow,pioreactor02,2025-09-19T19:19:53.405Z,21.32164,0.0,0.0,0.0,50.98,2025-09-19 21:19:53.405,20.011388888889
Long Yeast Grow,pioreactor02,2025-09-19T19:19:53.448Z,21.32164,0.0,0.0,0.0,50.95,2025-09-19 21:19:53.448,20.011388888889
Long Yeast Grow,pioreactor02,2025-09-19T19:20:10.915Z,21.30664,0.0,0.0,0.0,50.95,2025-09-19 21:20:10.915,20.016111111111
Long Yeast Grow,pioreactor02,2025-09-19T19:20:33.915Z,21.35564,0.0,0.0,0.0,50.95,2025-09-19 21:20:33.915,20.0225
Long Yeast Grow,pioreactor02,2025-09-19T19:20:56.915Z,21.35264,0.0,0.0,0.0,50.95,2025-09-19 21:20:56.915,20.028888888889
Long Yeast Grow,pioreactor02,2025-09-19T19:21:19.915Z,21.37064,0.0,0.0,0.0,50.95,2025-09-19 21:21:19.915,20.035277777778
Long Yeast Grow,pioreactor02,2025-09-19T19:21:21.972Z,21.37064,0.0,0.0,0.0,0.0,2025-09-19 21:21:21.972,20.035833333333
Long Yeast Grow,pioreactor02,2025-09-19T19:21:42.915Z,21.38564,0.0,0.0,0.0,0.0,2025-09-19 21:21:42.915,20.041666666667
Long Yeast Grow,pioreactor02,2025-09-19T19:22:05.915Z,21.36664,0.0,0.0,0.0,0.0,2025-09-19 21:22:05.915,20.048055555556
Long Yeast Grow,pioreactor02,2025-09-19T19:22:28.915Z,21.36264,0.0,0.0,0.0,0.0,2025-09-19 21:22:28.915,20.054444444444
Long Yeast Grow,pioreactor02,2025-09-19T19:22:51.915Z,21.32914,0.0,0.0,0.0,0.0,2025-09-19 21:22:51.915,20.060833333333
Long Yeast Grow,pioreactor02,2025-09-19T19:23:13.405Z,21.32914,0.0,0.0,0.0,50.95,2025-09-19 21:23:13.405,20.066944444444
Long Yeast Grow,pioreactor02,2025-09-19T19:23:13.448Z,21.32914,0.0,0.0,0.0,50.22,2025-09-19 21:23:13.448,20.066944444444
Long Yeast Grow,pioreactor02,2025-09-19T19:23:14.915Z,21.32264,0.0,0.0,0.0,50.22,2025-09-19 21:23:14.915,20.067222222222
Long Yeast Grow,pioreactor02,2025-09-19T19:23:37.915Z,21.28164,0.0,0.0,0.0,50.22,2025-09-19 21:23:37.915,20.073611111111
Long Yeast Grow,pioreactor02,2025-09-19T19:24:00.915Z,21.30614,0.0,0.0,0.0,50.22,2025-09-19 21:24:00.915,20.08
Long Yeast Grow,pioreactor02,2025-09-19T19:24:23.915Z,21.40914,0.0,0.0,0.0,50.22,2025-09-19 21:24:23.915,20.086388888889
Long Yeast Grow,pioreactor02,2025-09-19T19:24:41.972Z,21.40914,0.0,0.0,0.0,0.0,2025-09-19 21:24:41.972,20.091388888889
Long Yeast Grow,pioreactor02,2025-09-19T19:24:46.915Z,21.41264,0.0,0.0,0.0,0.0,2025-09-19 21:24:46.915,20.092777777778
Long Yeast Grow,pioreactor02,2025-09-19T19:25:09.915Z,21.37114,0.0,0.0,0.0,0.0,2025-09-19 21:25:09.915,20.099166666667
Long Yeast Grow,pioreactor02,2025-09-19T19:25:32.915Z,21.32764,0.0,0.0,0.0,0.0,2025-09-19 21:25:32.915,20.105555555556
Long Yeast Grow,pioreactor02,2025-09-19T19:25:55.915Z,21.30614,0.0,0.0,0.0,0.0,2025-09-19 21:25:55.915,20.111944444444
Long Yeast Grow,pioreactor02,2025-09-19T19:26:18.915Z,21.30914,0.0,0.0,0.0,0.0,2025-09-19 21:26:18.915,20.118333333333
Long Yeast Grow,pioreactor02,2025-09-19T19:26:33.406Z,21.30914,0.0,0.0,0.0,50.22,2025-09-19 21:26:33.406,20.1225
Long Yeast Grow,pioreactor02,2025-09-19T19:26:33.447Z,21.30914,0.0,0.0,0.0,51.78,2025-09-19 21:26:33.447,20.1225
Long Yeast Grow,pioreactor02,2025-09-19T19:26:41.915Z,21.30614,0.0,0.0,0.0,51.78,2025-09-19 21:26:41.915,20.124722222222
Long Yeast Grow,pioreactor02,2025-09-19T19:27:04.919Z,21.31614,0.0,0.0,0.0,51.78,2025-09-19 21:27:04.919,20.131111111111
Long Yeast Grow,pioreactor02,2025-09-19T19:27:27.915Z,21.31864,0.0,0.0,0.0,51.78,2025-09-19 21:27:27.915,20.1375
Long Yeast Grow,pioreactor02,2025-09-19T19:27:50.915Z,21.31514,0.0,0.0,0.0,51.78,2025-09-19 21:27:50.915,20.143888888889
Long Yeast Grow,pioreactor02,2025-09-19T19:28:01.972Z,21.31514,0.0,0.0,0.0,0.0,2025-09-19 21:28:01.972,20.146944444444
Long Yeast Grow,pioreactor02,2025-09-19T19:28:13.915Z,21.31714,0.0,0.0,0.0,0.0,2025-09-19 21:28:13.915,20.150277777778
Long Yeast Grow,pioreactor02,2025-09-19T19:28:36.915Z,21.29214,0.0,0.0,0.0,0.0,2025-09-19 21:28:36.915,20.156666666667
Long Yeast Grow,pioreactor02,2025-09-19T19:28:59.915Z,21.38364,0.0,0.0,0.0,0.0,2025-09-19 21:28:59.915,20.163055555556
Long Yeast Grow,pioreactor02,2025-09-19T19:29:22.915Z,21.32114,0.0,0.0,0.0,0.0,2025-09-19 21:29:22.915,20.169444444444
Long Yeast Grow,pioreactor02,2025-09-19T19:29:45.919Z,21.30864,0.0,0.0,0.0,0.0,2025-09-19 21:29:45.919,20.175833333333
Long Yeast Grow,pioreactor02,2025-09-19T19:29:53.404Z,21.30864,0.0,0.0,0.0,51.78,2025-09-19 21:29:53.404,20.178055555556
Long Yeast Grow,pioreactor02,2025-09-19T19:29:53.448Z,21.30864,0.0,0.0,0.0,51.14,2025-09-19 21:29:53.448,20.178055555556
Long Yeast Grow,pioreactor02,2025-09-19T19:30:08.915Z,21.31414,0.0,0.0,0.0,51.14,2025-09-19 21:30:08.915,20.182222222222
Long Yeast Grow,pioreactor02,2025-09-19T19:30:31.915Z,21.27464,0.0,0.0,0.0,51.14,2025-09-19 21:30:31.915,20.188611111111
Long Yeast Grow,pioreactor02,2025-09-19T19:30:54.915Z,21.31564,0.0,0.0,0.0,51.14,2025-09-19 21:30:54.915,20.195
Long Yeast Grow,pioreactor02,2025-09-19T19:31:17.915Z,21.36014,0.0,0.0,0.0,51.14,2025-09-19 21:31:17.915,20.201388888889
Long Yeast Grow,pioreactor02,2025-09-19T19:31:21.972Z,21.36014,0.0,0.0,0.0,0.0,2025-09-19 21:31:21.972,20.2025
Long Yeast Grow,pioreactor02,2025-09-19T19:31:40.915Z,21.30714,0.0,0.0,0.0,0.0,2025-09-19 21:31:40.915,20.207777777778
Long Yeast Grow,pioreactor02,2025-09-19T19:32:03.915Z,21.31614,0.0,0.0,0.0,0.0,2025-09-19 21:32:03.915,20.214166666667
Long Yeast Grow,pioreactor02,2025-09-19T19:32:26.915Z,21.27764,0.0,0.0,0.0,0.0,2025-09-19 21:32:26.915,20.220555555556
Long Yeast Grow,pioreactor02,2025-09-19T19:32:49.915Z,21.28914,0.0,0.0,0.0,0.0,2025-09-19 21:32:49.915,20.226944444444
Long Yeast Grow,pioreactor02,2025-09-19T19:33:12.915Z,21.27614,0.0,0.0,0.0,0.0,2025-09-19 21:33:12.915,20.233333333333
Long Yeast Grow,pioreactor02,2025-09-19T19:33:13.403Z,21.27614,0.0,0.0,0.0,51.14,2025-09-19 21:33:13.403,20.233611111111
Long Yeast Grow,pioreactor02,2025-09-19T19:33:13.451Z,21.27614,0.0,0.0,0.0,51.14,2025-09-19 21:33:13.451,20.233611111111
Long Yeast Grow,pioreactor02,2025-09-19T19:33:35.915Z,21.30114,0.0,0.0,0.0,51.14,2025-09-19 21:33:35.915,20.239722222222
Long Yeast Grow,pioreactor02,2025-09-19T19:33:58.915Z,21.34564,0.0,0.0,0.0,51.14,2025-09-19 21:33:58.915,20.246111111111
Long Yeast Grow,pioreactor02,2025-09-19T19:34:21.915Z,21.32714,0.0,0.0,0.0,51.14,2025-09-19 21:34:21.915,20.2525
Long Yeast Grow,pioreactor02,2025-09-19T19:34:41.972Z,21.32714,0.0,0.0,0.0,0.0,2025-09-19 21:34:41.972,20.258055555556
Long Yeast Grow,pioreactor02,2025-09-19T19:34:44.915Z,21.35464,0.0,0.0,0.0,0.0,2025-09-19 21:34:44.915,20.258888888889
Long Yeast Grow,pioreactor02,2025-09-19T19:35:07.915Z,21.43064,0.0,0.0,0.0,0.0,2025-09-19 21:35:07.915,20.265277777778
Long Yeast Grow,pioreactor02,2025-09-19T19:35:30.915Z,21.39964,0.0,0.0,0.0,0.0,2025-09-19 21:35:30.915,20.271666666667
Long Yeast Grow,pioreactor02,2025-09-19T19:35:53.915Z,21.37764,0.0,0.0,0.0,0.0,2025-09-19 21:35:53.915,20.278055555556
Long Yeast Grow,pioreactor02,2025-09-19T19:36:16.915Z,21.36864,0.0,0.0,0.0,0.0,2025-09-19 21:36:16.915,20.284444444444
Long Yeast Grow,pioreactor02,2025-09-19T19:36:33.404Z,21.36864,0.0,0.0,0.0,51.14,2025-09-19 21:36:33.404,20.289166666667
Long Yeast Grow,pioreactor02,2025-09-19T19:36:33.449Z,21.36864,0.0,0.0,0.0,50.71,2025-09-19 21:36:33.449,20.289166666667
Long Yeast Grow,pioreactor02,2025-09-19T19:36:39.915Z,21.34514,0.0,0.0,0.0,50.71,2025-09-19 21:36:39.915,20.290833333333
Long Yeast Grow,pioreactor02,2025-09-19T19:37:02.915Z,21.33564,0.0,0.0,0.0,50.71,2025-09-19 21:37:02.915,20.297222222222
Long Yeast Grow,pioreactor02,2025-09-19T19:37:25.915Z,21.31714,0.0,0.0,0.0,50.71,2025-09-19 21:37:25.915,20.303611111111
Long Yeast Grow,pioreactor02,2025-09-19T19:37:48.919Z,21.28614,0.0,0.0,0.0,50.71,2025-09-19 21:37:48.919,20.31
Long Yeast Grow,pioreactor02,2025-09-19T19:38:01.972Z,21.28614,0.0,0.0,0.0,0.0,2025-09-19 21:38:01.972,20.313611111111
Long Yeast Grow,pioreactor02,2025-09-19T19:38:11.915Z,21.26014,0.0,0.0,0.0,0.0,2025-09-19 21:38:11.915,20.316388888889
Long Yeast Grow,pioreactor02,2025-09-19T19:38:34.915Z,21.71664,0.0,0.0,0.0,0.0,2025-09-19 21:38:34.915,20.322777777778
Long Yeast Grow,pioreactor02,2025-09-19T19:38:57.915Z,22.06764,0.0,0.0,0.0,0.0,2025-09-19 21:38:57.915,20.329166666667
Long Yeast Grow,pioreactor02,2025-09-19T19:39:20.915Z,21.90114,0.0,0.0,0.0,0.0,2025-09-19 21:39:20.915,20.335555555556
Long Yeast Grow,pioreactor02,2025-09-19T19:39:43.915Z,21.78264,0.0,0.0,0.0,0.0,2025-09-19 21:39:43.915,20.341944444444
Long Yeast Grow,pioreactor02,2025-09-19T19:39:53.405Z,21.78264,0.0,0.0,0.0,50.71,2025-09-19 21:39:53.405,20.344722222222
Long Yeast Grow,pioreactor02,2025-09-19T19:39:53.448Z,21.78264,0.0,0.0,0.0,49.76,2025-09-19 21:39:53.448,20.344722222222
Long Yeast Grow,pioreactor02,2025-09-19T19:40:06.915Z,21.65214,0.0,0.0,0.0,49.76,2025-09-19 21:40:06.915,20.348333333333
Long Yeast Grow,pioreactor02,2025-09-19T19:40:29.915Z,21.56864,0.0,0.0,0.0,49.76,2025-09-19 21:40:29.915,20.354722222222
Long Yeast Grow,pioreactor02,2025-09-19T19:40:52.915Z,21.49914,0.0,0.0,0.0,49.76,2025-09-19 21:40:52.915,20.361111111111
Long Yeast Grow,pioreactor02,2025-09-19T19:41:15.915Z,21.51614,0.0,0.0,0.0,49.76,2025-09-19 21:41:15.915,20.3675
Long Yeast Grow,pioreactor02,2025-09-19T19:41:21.973Z,21.51614,0.0,0.0,0.0,0.0,2025-09-19 21:41:21.973,20.369166666667
Long Yeast Grow,pioreactor02,2025-09-19T19:41:38.915Z,21.44564,0.0,0.0,0.0,0.0,2025-09-19 21:41:38.915,20.373888888889
Long Yeast Grow,pioreactor02,2025-09-19T19:42:01.915Z,21.46214,0.0,0.0,0.0,0.0,2025-09-19 21:42:01.915,20.380277777778
Long Yeast Grow,pioreactor02,2025-09-19T19:42:24.915Z,21.53014,0.0,0.0,0.0,0.0,2025-09-19 21:42:24.915,20.386666666667
Long Yeast Grow,pioreactor02,2025-09-19T19:42:47.915Z,21.92164,0.0,0.0,0.0,0.0,2025-09-19 21:42:47.915,20.393055555556
Long Yeast Grow,pioreactor02,2025-09-19T19:43:10.919Z,21.75214,0.0,0.0,0.0,0.0,2025-09-19 21:43:10.919,20.399444444444
Long Yeast Grow,pioreactor02,2025-09-19T19:43:13.406Z,21.75214,0.0,0.0,0.0,49.76,2025-09-19 21:43:13.406,20.400277777778
Long Yeast Grow,pioreactor02,2025-09-19T19:43:13.447Z,21.75214,0.0,0.0,0.0,50.25,2025-09-19 21:43:13.447,20.400277777778
Long Yeast Grow,pioreactor02,2025-09-19T19:43:33.915Z,21.64264,0.0,0.0,0.0,50.25,2025-09-19 21:43:33.915,20.405833333333
Long Yeast Grow,pioreactor02,2025-09-19T19:43:56.915Z,21.55214,0.0,0.0,0.0,50.25,2025-09-19 21:43:56.915,20.412222222222
Long Yeast Grow,pioreactor02,2025-09-19T19:44:19.915Z,21.48514,0.0,0.0,0.0,50.25,2025-09-19 21:44:19.915,20.418611111111
Long Yeast Grow,pioreactor02,2025-09-19T19:44:41.973Z,21.48514,0.0,0.0,0.0,0.0,2025-09-19 21:44:41.973,20.424722222222
Long Yeast Grow,pioreactor02,2025-09-19T19:44:42.915Z,21.44114,0.0,0.0,0.0,0.0,2025-09-19 21:44:42.915,20.425
Long Yeast Grow,pioreactor02,2025-09-19T19:45:05.915Z,21.37364,0.0,0.0,0.0,0.0,2025-09-19 21:45:05.915,20.431388888889
Long Yeast Grow,pioreactor02,2025-09-19T19:45:28.915Z,21.35214,0.0,0.0,0.0,0.0,2025-09-19 21:45:28.915,20.437777777778
Long Yeast Grow,pioreactor02,2025-09-19T19:45:51.915Z,21.30564,0.0,0.0,0.0,0.0,2025-09-19 21:45:51.915,20.444166666667
Long Yeast Grow,pioreactor02,2025-09-19T19:46:14.915Z,21.32464,0.0,0.0,0.0,0.0,2025-09-19 21:46:14.915,20.450555555556
Long Yeast Grow,pioreactor02,2025-09-19T19:46:33.405Z,21.32464,0.0,0.0,0.0,50.25,2025-09-19 21:46:33.405,20.455833333333
Long Yeast Grow,pioreactor02,2025-09-19T19:46:33.448Z,21.32464,0.0,0.0,0.0,51.23,2025-09-19 21:46:33.448,20.455833333333
Long Yeast Grow,pioreactor02,2025-09-19T19:46:37.915Z,21.35864,0.0,0.0,0.0,51.23,2025-09-19 21:46:37.915,20.456944444444
Long Yeast Grow,pioreactor02,2025-09-19T19:47:00.919Z,21.35914,0.0,0.0,0.0,51.23,2025-09-19 21:47:00.919,20.463333333333
Long Yeast Grow,pioreactor02,2025-09-19T19:47:23.915Z,21.34114,0.0,0.0,0.0,51.23,2025-09-19 21:47:23.915,20.469722222222
Long Yeast Grow,pioreactor02,2025-09-19T19:47:46.915Z,21.31664,0.0,0.0,0.0,51.23,2025-09-19 21:47:46.915,20.476111111111
Long Yeast Grow,pioreactor02,2025-09-19T19:48:01.972Z,21.31664,0.0,0.0,0.0,0.0,2025-09-19 21:48:01.972,20.480277777778
Long Yeast Grow,pioreactor02,2025-09-19T19:48:09.915Z,21.33514,0.0,0.0,0.0,0.0,2025-09-19 21:48:09.915,20.4825
Long Yeast Grow,pioreactor02,2025-09-19T19:48:32.915Z,21.30414,0.0,0.0,0.0,0.0,2025-09-19 21:48:32.915,20.488888888889
Long Yeast Grow,pioreactor02,2025-09-19T19:48:55.915Z,21.32164,0.0,0.0,0.0,0.0,2025-09-19 21:48:55.915,20.495277777778
Long Yeast Grow,pioreactor02,2025-09-19T19:49:18.915Z,21.36114,0.0,0.0,0.0,0.0,2025-09-19 21:49:18.915,20.501666666667
Long Yeast Grow,pioreactor02,2025-09-19T19:49:41.915Z,21.31064,0.0,0.0,0.0,0.0,2025-09-19 21:49:41.915,20.508055555556
Long Yeast Grow,pioreactor02,2025-09-19T19:49:53.403Z,21.31064,0.0,0.0,0.0,51.23,2025-09-19 21:49:53.403,20.511388888889
Long Yeast Grow,pioreactor02,2025-09-19T19:49:53.452Z,21.31064,0.0,0.0,0.0,49.93,2025-09-19 21:49:53.452,20.511388888889
Long Yeast Grow,pioreactor02,2025-09-19T19:50:04.915Z,21.33764,0.0,0.0,0.0,49.93,2025-09-19 21:50:04.915,20.514444444444
Long Yeast Grow,pioreactor02,2025-09-19T19:50:27.919Z,21.33614,0.0,0.0,0.0,49.93,2025-09-19 21:50:27.919,20.520833333333
Long Yeast Grow,pioreactor02,2025-09-19T19:50:50.915Z,21.34564,0.0,0.0,0.0,49.93,2025-09-19 21:50:50.915,20.527222222222
Long Yeast Grow,pioreactor02,2025-09-19T19:51:13.919Z,21.29114,0.0,0.0,0.0,49.93,2025-09-19 21:51:13.919,20.533611111111
Long Yeast Grow,pioreactor02,2025-09-19T19:51:21.972Z,21.29114,0.0,0.0,0.0,0.0,2025-09-19 21:51:21.972,20.535833333333
Long Yeast Grow,pioreactor02,2025-09-19T19:51:36.915Z,21.28914,0.0,0.0,0.0,0.0,2025-09-19 21:51:36.915,20.54
Long Yeast Grow,pioreactor02,2025-09-19T19:51:59.915Z,21.30814,0.0,0.0,0.0,0.0,2025-09-19 21:51:59.915,20.546388888889
Long Yeast Grow,pioreactor02,2025-09-19T19:52:22.919Z,21.31264,0.0,0.0,0.0,0.0,2025-09-19 21:52:22.919,20.552777777778
Long Yeast Grow,pioreactor02,2025-09-19T19:52:45.919Z,21.30264,0.0,0.0,0.0,0.0,2025-09-19 21:52:45.919,20.559166666667
Long Yeast Grow,pioreactor02,2025-09-19T19:53:08.915Z,21.26914,0.0,0.0,0.0,0.0,2025-09-19 21:53:08.915,20.565555555556
Long Yeast Grow,pioreactor02,2025-09-19T19:53:13.407Z,21.26914,0.0,0.0,0.0,49.93,2025-09-19 21:53:13.407,20.566944444444
Long Yeast Grow,pioreactor02,2025-09-19T19:53:13.447Z,21.26914,0.0,0.0,0.0,51.23,2025-09-19 21:53:13.447,20.566944444444
Long Yeast Grow,pioreactor02,2025-09-19T19:53:31.919Z,21.28764,0.0,0.0,0.0,51.23,2025-09-19 21:53:31.919,20.571944444444
Long Yeast Grow,pioreactor02,2025-09-19T19:53:54.919Z,21.68864,0.0,0.0,0.0,51.23,2025-09-19 21:53:54.919,20.578333333333
Long Yeast Grow,pioreactor02,2025-09-19T19:54:17.915Z,21.61514,0.0,0.0,0.0,51.23,2025-09-19 21:54:17.915,20.584722222222
Long Yeast Grow,pioreactor02,2025-09-19T19:54:40.915Z,21.53764,0.0,0.0,0.0,51.23,2025-09-19 21:54:40.915,20.591111111111
Long Yeast Grow,pioreactor02,2025-09-19T19:54:41.972Z,21.53764,0.0,0.0,0.0,0.0,2025-09-19 21:54:41.972,20.591388888889
Long Yeast Grow,pioreactor02,2025-09-19T19:55:03.915Z,21.48914,0.0,0.0,0.0,0.0,2025-09-19 21:55:03.915,20.5975
Long Yeast Grow,pioreactor02,2025-09-19T19:55:26.915Z,21.43964,0.0,0.0,0.0,0.0,2025-09-19 21:55:26.915,20.603888888889
Long Yeast Grow,pioreactor02,2025-09-19T19:55:49.915Z,21.38714,0.0,0.0,0.0,0.0,2025-09-19 21:55:49.915,20.610277777778
Long Yeast Grow,pioreactor02,2025-09-19T19:56:12.915Z,21.34014,0.0,0.0,0.0,0.0,2025-09-19 21:56:12.915,20.616666666667
Long Yeast Grow,pioreactor02,2025-09-19T19:56:33.404Z,21.34014,0.0,0.0,0.0,51.23,2025-09-19 21:56:33.404,20.6225
Long Yeast Grow,pioreactor02,2025-09-19T19:56:33.448Z,21.34014,0.0,0.0,0.0,51.08,2025-09-19 21:56:33.448,20.6225
Long Yeast Grow,pioreactor02,2025-09-19T19:56:35.915Z,21.34364,0.0,0.0,0.0,51.08,2025-09-19 21:56:35.915,20.623055555556
Long Yeast Grow,pioreactor02,2025-09-19T19:56:58.915Z,21.36514,0.0,0.0,0.0,51.08,2025-09-19 21:56:58.915,20.629444444444
Long Yeast Grow,pioreactor02,2025-09-19T19:57:21.915Z,21.36414,0.0,0.0,0.0,51.08,2025-09-19 21:57:21.915,20.635833333333
Long Yeast Grow,pioreactor02,2025-09-19T19:57:44.915Z,21.31214,0.0,0.0,0.0,51.08,2025-09-19 21:57:44.915,20.642222222222
Long Yeast Grow,pioreactor02,2025-09-19T19:58:01.972Z,21.31214,0.0,0.0,0.0,0.0,2025-09-19 21:58:01.972,20.646944444444
Long Yeast Grow,pioreactor02,2025-09-19T19:58:07.915Z,21.29814,0.0,0.0,0.0,0.0,2025-09-19 21:58:07.915,20.648611111111
Long Yeast Grow,pioreactor02,2025-09-19T19:58:30.915Z,21.32114,0.0,0.0,0.0,0.0,2025-09-19 21:58:30.915,20.655
Long Yeast Grow,pioreactor02,2025-09-19T19:58:53.915Z,21.30264,0.0,0.0,0.0,0.0,2025-09-19 21:58:53.915,20.661388888889
Long Yeast Grow,pioreactor02,2025-09-19T19:59:16.915Z,21.27814,0.0,0.0,0.0,0.0,2025-09-19 21:59:16.915,20.667777777778
Long Yeast Grow,pioreactor02,2025-09-19T19:59:39.915Z,21.27964,0.0,0.0,0.0,0.0,2025-09-19 21:59:39.915,20.674166666667
Long Yeast Grow,pioreactor02,2025-09-19T19:59:53.405Z,21.27964,0.0,0.0,0.0,51.08,2025-09-19 21:59:53.405,20.678055555556
Long Yeast Grow,pioreactor02,2025-09-19T19:59:53.447Z,21.27964,0.0,0.0,0.0,51.64,2025-09-19 21:59:53.447,20.678055555556
Long Yeast Grow,pioreactor02,2025-09-19T20:00:02.915Z,21.27364,0.0,0.0,0.0,51.64,2025-09-19 22:00:02.915,20.680555555556
Long Yeast Grow,pioreactor02,2025-09-19T20:00:25.915Z,21.27514,0.0,0.0,0.0,51.64,2025-09-19 22:00:25.915,20.686944444444
Long Yeast Grow,pioreactor02,2025-09-19T20:00:48.915Z,21.23814,0.0,0.0,0.0,51.64,2025-09-19 22:00:48.915,20.693333333333
Long Yeast Grow,pioreactor02,2025-09-19T20:01:11.915Z,21.42164,0.0,0.0,0.0,51.64,2025-09-19 22:01:11.915,20.699722222222
Long Yeast Grow,pioreactor02,2025-09-19T20:01:21.973Z,21.42164,0.0,0.0,0.0,0.0,2025-09-19 22:01:21.973,20.7025
Long Yeast Grow,pioreactor02,2025-09-19T20:01:34.915Z,21.35164,0.0,0.0,0.0,0.0,2025-09-19 22:01:34.915,20.706111111111
Long Yeast Grow,pioreactor02,2025-09-19T20:01:57.915Z,21.35564,0.0,0.0,0.0,0.0,2025-09-19 22:01:57.915,20.7125
Long Yeast Grow,pioreactor02,2025-09-19T20:02:20.915Z,21.34864,0.0,0.0,0.0,0.0,2025-09-19 22:02:20.915,20.718888888889
Long Yeast Grow,pioreactor02,2025-09-19T20:02:43.915Z,21.34964,0.0,0.0,0.0,0.0,2025-09-19 22:02:43.915,20.725277777778
Long Yeast Grow,pioreactor02,2025-09-19T20:03:06.915Z,21.30764,0.0,0.0,0.0,0.0,2025-09-19 22:03:06.915,20.731666666667
Long Yeast Grow,pioreactor02,2025-09-19T20:03:13.404Z,21.30764,0.0,0.0,0.0,51.64,2025-09-19 22:03:13.404,20.733611111111
Long Yeast Grow,pioreactor02,2025-09-19T20:03:13.447Z,21.30764,0.0,0.0,0.0,51.28,2025-09-19 22:03:13.447,20.733611111111
Long Yeast Grow,pioreactor02,2025-09-19T20:03:29.915Z,21.29164,0.0,0.0,0.0,51.28,2025-09-19 22:03:29.915,20.738055555556
Long Yeast Grow,pioreactor02,2025-09-19T20:03:52.915Z,21.31014,0.0,0.0,0.0,51.28,2025-09-19 22:03:52.915,20.744444444444
Long Yeast Grow,pioreactor02,2025-09-19T20:04:15.919Z,21.31264,0.0,0.0,0.0,51.28,2025-09-19 22:04:15.919,20.750833333333
Long Yeast Grow,pioreactor02,2025-09-19T20:04:38.915Z,21.38114,0.0,0.0,0.0,51.28,2025-09-19 22:04:38.915,20.757222222222
Long Yeast Grow,pioreactor02,2025-09-19T20:04:41.972Z,21.38114,0.0,0.0,0.0,0.0,2025-09-19 22:04:41.972,20.758055555556
Long Yeast Grow,pioreactor02,2025-09-19T20:05:01.915Z,21.38064,0.0,0.0,0.0,0.0,2025-09-19 22:05:01.915,20.763611111111
Long Yeast Grow,pioreactor02,2025-09-19T20:05:24.915Z,21.34764,0.0,0.0,0.0,0.0,2025-09-19 22:05:24.915,20.77
Long Yeast Grow,pioreactor02,2025-09-19T20:05:47.915Z,21.32514,0.0,0.0,0.0,0.0,2025-09-19 22:05:47.915,20.776388888889
Long Yeast Grow,pioreactor02,2025-09-19T20:06:10.915Z,21.32614,0.0,0.0,0.0,0.0,2025-09-19 22:06:10.915,20.782777777778
Long Yeast Grow,pioreactor02,2025-09-19T20:06:33.404Z,21.32614,0.0,0.0,0.0,51.28,2025-09-19 22:06:33.404,20.789166666667
Long Yeast Grow,pioreactor02,2025-09-19T20:06:33.449Z,21.32614,0.0,0.0,0.0,51.19,2025-09-19 22:06:33.449,20.789166666667
Long Yeast Grow,pioreactor02,2025-09-19T20:06:33.915Z,21.31264,0.0,0.0,0.0,51.19,2025-09-19 22:06:33.915,20.789166666667
Long Yeast Grow,pioreactor02,2025-09-19T20:06:56.919Z,21.33814,0.0,0.0,0.0,51.19,2025-09-19 22:06:56.919,20.795555555556
Long Yeast Grow,pioreactor02,2025-09-19T20:07:19.915Z,21.35964,0.0,0.0,0.0,51.19,2025-09-19 22:07:19.915,20.801944444444
Long Yeast Grow,pioreactor02,2025-09-19T20:07:42.919Z,21.35714,0.0,0.0,0.0,51.19,2025-09-19 22:07:42.919,20.808333333333
Long Yeast Grow,pioreactor02,2025-09-19T20:08:01.973Z,21.35714,0.0,0.0,0.0,0.0,2025-09-19 22:08:01.973,20.813611111111
Long Yeast Grow,pioreactor02,2025-09-19T20:08:05.915Z,21.34164,0.0,0.0,0.0,0.0,2025-09-19 22:08:05.915,20.814722222222
Long Yeast Grow,pioreactor02,2025-09-19T20:08:28.915Z,21.34014,0.0,0.0,0.0,0.0,2025-09-19 22:08:28.915,20.821111111111
Long Yeast Grow,pioreactor02,2025-09-19T20:08:51.915Z,21.33664,0.0,0.0,0.0,0.0,2025-09-19 22:08:51.915,20.8275
Long Yeast Grow,pioreactor02,2025-09-19T20:09:14.915Z,21.40864,0.0,0.0,0.0,0.0,2025-09-19 22:09:14.915,20.833888888889
Long Yeast Grow,pioreactor02,2025-09-19T20:09:37.915Z,21.40264,0.0,0.0,0.0,0.0,2025-09-19 22:09:37.915,20.840277777778
Long Yeast Grow,pioreactor02,2025-09-19T20:09:53.405Z,21.40264,0.0,0.0,0.0,51.19,2025-09-19 22:09:53.405,20.844722222222
Long Yeast Grow,pioreactor02,2025-09-19T20:09:53.449Z,21.40264,0.0,0.0,0.0,51.48,2025-09-19 22:09:53.449,20.844722222222
Long Yeast Grow,pioreactor02,2025-09-19T20:10:00.915Z,21.38614,0.0,0.0,0.0,51.48,2025-09-19 22:10:00.915,20.846666666667
Long Yeast Grow,pioreactor02,2025-09-19T20:10:23.915Z,21.38364,0.0,0.0,0.0,51.48,2025-09-19 22:10:23.915,20.853055555556
Long Yeast Grow,pioreactor02,2025-09-19T20:10:46.915Z,21.37264,0.0,0.0,0.0,51.48,2025-09-19 22:10:46.915,20.859444444444
Long Yeast Grow,pioreactor02,2025-09-19T20:11:09.919Z,21.40664,0.0,0.0,0.0,51.48,2025-09-19 22:11:09.919,20.865833333333
Long Yeast Grow,pioreactor02,2025-09-19T20:11:21.973Z,21.40664,0.0,0.0,0.0,0.0,2025-09-19 22:11:21.973,20.869166666667
Long Yeast Grow,pioreactor02,2025-09-19T20:11:32.915Z,21.36114,0.0,0.0,0.0,0.0,2025-09-19 22:11:32.915,20.872222222222
Long Yeast Grow,pioreactor02,2025-09-19T20:11:55.919Z,21.42714,0.0,0.0,0.0,0.0,2025-09-19 22:11:55.919,20.878611111111
Long Yeast Grow,pioreactor02,2025-09-19T20:12:18.879Z,21.41414,0.0,0.0,0.0,0.0,2025-09-19 22:12:18.879,20.885
Long Yeast Grow,pioreactor02,2025-09-19T20:12:41.915Z,21.37964,0.0,0.0,0.0,0.0,2025-09-19 22:12:41.915,20.891388888889
Long Yeast Grow,pioreactor02,2025-09-19T20:13:04.915Z,21.34164,0.0,0.0,0.0,0.0,2025-09-19 22:13:04.915,20.897777777778
Long Yeast Grow,pioreactor02,2025-09-19T20:13:13.406Z,21.34164,0.0,0.0,0.0,51.48,2025-09-19 22:13:13.406,20.900277777778
Long Yeast Grow,pioreactor02,2025-09-19T20:13:13.451Z,21.34164,0.0,0.0,0.0,51.8,2025-09-19 22:13:13.451,20.900277777778
Long Yeast Grow,pioreactor02,2025-09-19T20:13:27.915Z,21.40814,0.0,0.0,0.0,51.8,2025-09-19 22:13:27.915,20.904166666667
Long Yeast Grow,pioreactor02,2025-09-19T20:13:50.915Z,21.41014,0.0,0.0,0.0,51.8,2025-09-19 22:13:50.915,20.910555555556
Long Yeast Grow,pioreactor02,2025-09-19T20:14:13.915Z,21.38514,0.0,0.0,0.0,51.8,2025-09-19 22:14:13.915,20.916944444444
Long Yeast Grow,pioreactor02,2025-09-19T20:14:36.915Z,21.40714,0.0,0.0,0.0,51.8,2025-09-19 22:14:36.915,20.923333333333
Long Yeast Grow,pioreactor02,2025-09-19T20:14:41.973Z,21.40714,0.0,0.0,0.0,0.0,2025-09-19 22:14:41.973,20.924722222222
Long Yeast Grow,pioreactor02,2025-09-19T20:14:59.915Z,21.38564,0.0,0.0,0.0,0.0,2025-09-19 22:14:59.915,20.929722222222
Long Yeast Grow,pioreactor02,2025-09-19T20:15:22.919Z,21.36964,0.0,0.0,0.0,0.0,2025-09-19 22:15:22.919,20.936111111111
Long Yeast Grow,pioreactor02,2025-09-19T20:15:45.915Z,21.43214,0.0,0.0,0.0,0.0,2025-09-19 22:15:45.915,20.9425
Long Yeast Grow,pioreactor02,2025-09-19T20:16:08.919Z,21.41414,0.0,0.0,0.0,0.0,2025-09-19 22:16:08.919,20.948888888889
Long Yeast Grow,pioreactor02,2025-09-19T20:16:31.915Z,21.48214,0.0,0.0,0.0,0.0,2025-09-19 22:16:31.915,20.955277777778
Long Yeast Grow,pioreactor02,2025-09-19T20:16:33.407Z,21.48214,0.0,0.0,0.0,51.8,2025-09-19 22:16:33.407,20.955833333333
Long Yeast Grow,pioreactor02,2025-09-19T20:16:33.447Z,21.48214,0.0,0.0,0.0,50.61,2025-09-19 22:16:33.447,20.955833333333
Long Yeast Grow,pioreactor02,2025-09-19T20:16:54.915Z,21.89364,0.0,0.0,0.0,50.61,2025-09-19 22:16:54.915,20.961666666667
Long Yeast Grow,pioreactor02,2025-09-19T20:17:17.915Z,21.76814,0.0,0.0,0.0,50.61,2025-09-19 22:17:17.915,20.968055555556
Long Yeast Grow,pioreactor02,2025-09-19T20:17:40.915Z,21.67764,0.0,0.0,0.0,50.61,2025-09-19 22:17:40.915,20.974444444444
Long Yeast Grow,pioreactor02,2025-09-19T20:18:01.973Z,21.67764,0.0,0.0,0.0,0.0,2025-09-19 22:18:01.973,20.980277777778
Long Yeast Grow,pioreactor02,2025-09-19T20:18:03.915Z,21.56864,0.0,0.0,0.0,0.0,2025-09-19 22:18:03.915,20.980833333333
Long Yeast Grow,pioreactor02,2025-09-19T20:18:26.915Z,21.54914,0.0,0.0,0.0,0.0,2025-09-19 22:18:26.915,20.987222222222
Long Yeast Grow,pioreactor02,2025-09-19T20:18:49.915Z,21.48814,0.0,0.0,0.0,0.0,2025-09-19 22:18:49.915,20.993611111111
Long Yeast Grow,pioreactor02,2025-09-19T20:19:12.915Z,21.42714,0.0,0.0,0.0,0.0,2025-09-19 22:19:12.915,21.0
Long Yeast Grow,pioreactor02,2025-09-19T20:19:35.915Z,21.39864,0.0,0.0,0.0,0.0,2025-09-19 22:19:35.915,21.006388888889
Long Yeast Grow,pioreactor02,2025-09-19T20:19:53.406Z,21.39864,0.0,0.0,0.0,50.61,2025-09-19 22:19:53.406,21.011388888889
Long Yeast Grow,pioreactor02,2025-09-19T20:19:53.449Z,21.39864,0.0,0.0,0.0,50.51,2025-09-19 22:19:53.449,21.011388888889
Long Yeast Grow,pioreactor02,2025-09-19T20:19:58.915Z,21.87164,0.0,0.0,0.0,50.51,2025-09-19 22:19:58.915,21.012777777778
Long Yeast Grow,pioreactor02,2025-09-19T20:20:21.915Z,21.76314,0.0,0.0,0.0,50.51,2025-09-19 22:20:21.915,21.019166666667
Long Yeast Grow,pioreactor02,2025-09-19T20:20:44.915Z,21.64314,0.0,0.0,0.0,50.51,2025-09-19 22:20:44.915,21.025555555556
Long Yeast Grow,pioreactor02,2025-09-19T20:21:07.915Z,21.58414,0.0,0.0,0.0,50.51,2025-09-19 22:21:07.915,21.031944444444
Long Yeast Grow,pioreactor02,2025-09-19T20:21:21.972Z,21.58414,0.0,0.0,0.0,0.0,2025-09-19 22:21:21.972,21.035833333333
Long Yeast Grow,pioreactor02,2025-09-19T20:21:30.915Z,21.51364,0.0,0.0,0.0,0.0,2025-09-19 22:21:30.915,21.038333333333
Long Yeast Grow,pioreactor02,2025-09-19T20:21:53.919Z,21.44214,0.0,0.0,0.0,0.0,2025-09-19 22:21:53.919,21.044722222222
Long Yeast Grow,pioreactor02,2025-09-19T20:22:16.919Z,21.44914,0.0,0.0,0.0,0.0,2025-09-19 22:22:16.919,21.051111111111
Long Yeast Grow,pioreactor02,2025-09-19T20:22:39.915Z,21.38614,0.0,0.0,0.0,0.0,2025-09-19 22:22:39.915,21.0575
Long Yeast Grow,pioreactor02,2025-09-19T20:23:02.915Z,21.34614,0.0,0.0,0.0,0.0,2025-09-19 22:23:02.915,21.063888888889
Long Yeast Grow,pioreactor02,2025-09-19T20:23:13.407Z,21.34614,0.0,0.0,0.0,50.51,2025-09-19 22:23:13.407,21.066944444444
Long Yeast Grow,pioreactor02,2025-09-19T20:23:13.448Z,21.34614,0.0,0.0,0.0,52.58,2025-09-19 22:23:13.448,21.066944444444
Long Yeast Grow,pioreactor02,2025-09-19T20:23:25.915Z,21.34564,0.0,0.0,0.0,52.58,2025-09-19 22:23:25.915,21.070277777778
Long Yeast Grow,pioreactor02,2025-09-19T20:23:48.915Z,21.38564,0.0,0.0,0.0,52.58,2025-09-19 22:23:48.915,21.076666666667
Long Yeast Grow,pioreactor02,2025-09-19T20:24:11.915Z,21.40014,0.0,0.0,0.0,52.58,2025-09-19 22:24:11.915,21.083055555556
Long Yeast Grow,pioreactor02,2025-09-19T20:24:34.915Z,21.39914,0.0,0.0,0.0,52.58,2025-09-19 22:24:34.915,21.089444444444
Long Yeast Grow,pioreactor02,2025-09-19T20:24:41.972Z,21.39914,0.0,0.0,0.0,0.0,2025-09-19 22:24:41.972,21.091388888889
Long Yeast Grow,pioreactor02,2025-09-19T20:24:57.915Z,21.39814,0.0,0.0,0.0,0.0,2025-09-19 22:24:57.915,21.095833333333
Long Yeast Grow,pioreactor02,2025-09-19T20:25:20.915Z,21.36514,0.0,0.0,0.0,0.0,2025-09-19 22:25:20.915,21.102222222222
Long Yeast Grow,pioreactor02,2025-09-19T20:25:43.915Z,21.37214,0.0,0.0,0.0,0.0,2025-09-19 22:25:43.915,21.108611111111
Long Yeast Grow,pioreactor02,2025-09-19T20:26:06.915Z,21.40164,0.0,0.0,0.0,0.0,2025-09-19 22:26:06.915,21.115
Long Yeast Grow,pioreactor02,2025-09-19T20:26:29.915Z,21.37864,0.0,0.0,0.0,0.0,2025-09-19 22:26:29.915,21.121388888889
Long Yeast Grow,pioreactor02,2025-09-19T20:26:33.405Z,21.37864,0.0,0.0,0.0,52.58,2025-09-19 22:26:33.405,21.1225
Long Yeast Grow,pioreactor02,2025-09-19T20:26:33.447Z,21.37864,0.0,0.0,0.0,51.02,2025-09-19 22:26:33.447,21.1225
Long Yeast Grow,pioreactor02,2025-09-19T20:26:52.915Z,21.38914,0.0,0.0,0.0,51.02,2025-09-19 22:26:52.915,21.127777777778
Long Yeast Grow,pioreactor02,2025-09-19T20:27:15.915Z,21.42464,0.0,0.0,0.0,51.02,2025-09-19 22:27:15.915,21.134166666667
Long Yeast Grow,pioreactor02,2025-09-19T20:27:38.919Z,21.42214,0.0,0.0,0.0,51.02,2025-09-19 22:27:38.919,21.140555555556
Long Yeast Grow,pioreactor02,2025-09-19T20:28:01.915Z,21.47564,0.0,0.0,0.0,51.02,2025-09-19 22:28:01.915,21.146944444444
Long Yeast Grow,pioreactor02,2025-09-19T20:28:01.972Z,21.47564,0.0,0.0,0.0,0.0,2025-09-19 22:28:01.972,21.146944444444
Long Yeast Grow,pioreactor02,2025-09-19T20:28:24.915Z,21.40314,0.0,0.0,0.0,0.0,2025-09-19 22:28:24.915,21.153333333333
Long Yeast Grow,pioreactor02,2025-09-19T20:28:47.915Z,21.37564,0.0,0.0,0.0,0.0,2025-09-19 22:28:47.915,21.159722222222
Long Yeast Grow,pioreactor02,2025-09-19T20:29:10.915Z,21.33814,0.0,0.0,0.0,0.0,2025-09-19 22:29:10.915,21.166111111111
Long Yeast Grow,pioreactor02,2025-09-19T20:29:33.915Z,21.32764,0.0,0.0,0.0,0.0,2025-09-19 22:29:33.915,21.1725
Long Yeast Grow,pioreactor02,2025-09-19T20:29:53.405Z,21.32764,0.0,0.0,0.0,51.02,2025-09-19 22:29:53.405,21.178055555556
Long Yeast Grow,pioreactor02,2025-09-19T20:29:53.448Z,21.32764,0.0,0.0,0.0,50.98,2025-09-19 22:29:53.448,21.178055555556
Long Yeast Grow,pioreactor02,2025-09-19T20:29:56.915Z,21.38664,0.0,0.0,0.0,50.98,2025-09-19 22:29:56.915,21.178888888889
Long Yeast Grow,pioreactor02,2025-09-19T20:30:19.915Z,21.79414,0.0,0.0,0.0,50.98,2025-09-19 22:30:19.915,21.185277777778
Long Yeast Grow,pioreactor02,2025-09-19T20:30:42.915Z,21.69814,0.0,0.0,0.0,50.98,2025-09-19 22:30:42.915,21.191666666667
Long Yeast Grow,pioreactor02,2025-09-19T20:31:05.915Z,21.60914,0.0,0.0,0.0,50.98,2025-09-19 22:31:05.915,21.198055555556
Long Yeast Grow,pioreactor02,2025-09-19T20:31:21.973Z,21.60914,0.0,0.0,0.0,0.0,2025-09-19 22:31:21.973,21.2025
Long Yeast Grow,pioreactor02,2025-09-19T20:31:28.915Z,21.52614,0.0,0.0,0.0,0.0,2025-09-19 22:31:28.915,21.204444444444
Long Yeast Grow,pioreactor02,2025-09-19T20:31:51.915Z,21.42114,0.0,0.0,0.0,0.0,2025-09-19 22:31:51.915,21.210833333333
Long Yeast Grow,pioreactor02,2025-09-19T20:32:14.915Z,21.39464,0.0,0.0,0.0,0.0,2025-09-19 22:32:14.915,21.217222222222
Long Yeast Grow,pioreactor02,2025-09-19T20:32:37.915Z,21.38014,0.0,0.0,0.0,0.0,2025-09-19 22:32:37.915,21.223611111111
Long Yeast Grow,pioreactor02,2025-09-19T20:33:00.915Z,21.39364,0.0,0.0,0.0,0.0,2025-09-19 22:33:00.915,21.23
Long Yeast Grow,pioreactor02,2025-09-19T20:33:13.404Z,21.39364,0.0,0.0,0.0,50.98,2025-09-19 22:33:13.404,21.233611111111
Long Yeast Grow,pioreactor02,2025-09-19T20:33:13.449Z,21.39364,0.0,0.0,0.0,49.63,2025-09-19 22:33:13.449,21.233611111111
Long Yeast Grow,pioreactor02,2025-09-19T20:33:23.915Z,21.35114,0.0,0.0,0.0,49.63,2025-09-19 22:33:23.915,21.236388888889
Long Yeast Grow,pioreactor02,2025-09-19T20:33:46.915Z,21.35564,0.0,0.0,0.0,49.63,2025-09-19 22:33:46.915,21.242777777778
Long Yeast Grow,pioreactor02,2025-09-19T20:34:09.915Z,21.32864,0.0,0.0,0.0,49.63,2025-09-19 22:34:09.915,21.249166666667
Long Yeast Grow,pioreactor02,2025-09-19T20:34:32.915Z,21.36714,0.0,0.0,0.0,49.63,2025-09-19 22:34:32.915,21.255555555556
Long Yeast Grow,pioreactor02,2025-09-19T20:34:41.973Z,21.36714,0.0,0.0,0.0,0.0,2025-09-19 22:34:41.973,21.258055555556
Long Yeast Grow,pioreactor02,2025-09-19T20:34:55.915Z,21.34364,0.0,0.0,0.0,0.0,2025-09-19 22:34:55.915,21.261944444444
Long Yeast Grow,pioreactor02,2025-09-19T20:35:18.915Z,21.34514,0.0,0.0,0.0,0.0,2025-09-19 22:35:18.915,21.268333333333
Long Yeast Grow,pioreactor02,2025-09-19T20:35:41.915Z,21.34764,0.0,0.0,0.0,0.0,2025-09-19 22:35:41.915,21.274722222222
Long Yeast Grow,pioreactor02,2025-09-19T20:36:04.915Z,21.39664,0.0,0.0,0.0,0.0,2025-09-19 22:36:04.915,21.281111111111
Long Yeast Grow,pioreactor02,2025-09-19T20:36:27.915Z,21.34514,0.0,0.0,0.0,0.0,2025-09-19 22:36:27.915,21.2875
Long Yeast Grow,pioreactor02,2025-09-19T20:36:33.404Z,21.34514,0.0,0.0,0.0,49.63,2025-09-19 22:36:33.404,21.289166666667
Long Yeast Grow,pioreactor02,2025-09-19T20:36:33.447Z,21.34514,0.0,0.0,0.0,51.29,2025-09-19 22:36:33.447,21.289166666667
Long Yeast Grow,pioreactor02,2025-09-19T20:36:50.915Z,21.34464,0.0,0.0,0.0,51.29,2025-09-19 22:36:50.915,21.293888888889
Long Yeast Grow,pioreactor02,2025-09-19T20:37:13.915Z,21.36414,0.0,0.0,0.0,51.29,2025-09-19 22:37:13.915,21.300277777778
Long Yeast Grow,pioreactor02,2025-09-19T20:37:36.915Z,21.37264,0.0,0.0,0.0,51.29,2025-09-19 22:37:36.915,21.306666666667
Long Yeast Grow,pioreactor02,2025-09-19T20:37:59.915Z,21.37514,0.0,0.0,0.0,51.29,2025-09-19 22:37:59.915,21.313055555556
Long Yeast Grow,pioreactor02,2025-09-19T20:38:01.972Z,21.37514,0.0,0.0,0.0,0.0,2025-09-19 22:38:01.972,21.313611111111
Long Yeast Grow,pioreactor02,2025-09-19T20:38:22.919Z,21.29664,0.0,0.0,0.0,0.0,2025-09-19 22:38:22.919,21.319444444444
Long Yeast Grow,pioreactor02,2025-09-19T20:38:45.915Z,21.39314,0.0,0.0,0.0,0.0,2025-09-19 22:38:45.915,21.325833333333
Long Yeast Grow,pioreactor02,2025-09-19T20:39:08.915Z,21.34814,0.0,0.0,0.0,0.0,2025-09-19 22:39:08.915,21.332222222222
Long Yeast Grow,pioreactor02,2025-09-19T20:39:31.915Z,21.36114,0.0,0.0,0.0,0.0,2025-09-19 22:39:31.915,21.338611111111
Long Yeast Grow,pioreactor02,2025-09-19T20:39:53.405Z,21.36114,0.0,0.0,0.0,51.29,2025-09-19 22:39:53.405,21.344722222222
Long Yeast Grow,pioreactor02,2025-09-19T20:39:53.449Z,21.36114,0.0,0.0,0.0,51.24,2025-09-19 22:39:53.449,21.344722222222
Long Yeast Grow,pioreactor02,2025-09-19T20:39:54.915Z,21.32764,0.0,0.0,0.0,51.24,2025-09-19 22:39:54.915,21.345
Long Yeast Grow,pioreactor02,2025-09-19T20:40:17.915Z,21.30714,0.0,0.0,0.0,51.24,2025-09-19 22:40:17.915,21.351388888889
Long Yeast Grow,pioreactor02,2025-09-19T20:40:40.915Z,21.29914,0.0,0.0,0.0,51.24,2025-09-19 22:40:40.915,21.357777777778
Long Yeast Grow,pioreactor02,2025-09-19T20:41:03.919Z,21.29914,0.0,0.0,0.0,51.24,2025-09-19 22:41:03.919,21.364166666667
Long Yeast Grow,pioreactor02,2025-09-19T20:41:21.972Z,21.29914,0.0,0.0,0.0,0.0,2025-09-19 22:41:21.972,21.369166666667
Long Yeast Grow,pioreactor02,2025-09-19T20:41:26.919Z,21.26814,0.0,0.0,0.0,0.0,2025-09-19 22:41:26.919,21.370555555556
Long Yeast Grow,pioreactor02,2025-09-19T20:41:49.919Z,21.24264,0.0,0.0,0.0,0.0,2025-09-19 22:41:49.919,21.376944444444
Long Yeast Grow,pioreactor02,2025-09-19T20:42:12.919Z,21.23264,0.0,0.0,0.0,0.0,2025-09-19 22:42:12.919,21.383333333333
Long Yeast Grow,pioreactor02,2025-09-19T20:42:35.915Z,21.22014,0.0,0.0,0.0,0.0,2025-09-19 22:42:35.915,21.389722222222
Long Yeast Grow,pioreactor02,2025-09-19T20:42:58.915Z,21.20314,0.0,0.0,0.0,0.0,2025-09-19 22:42:58.915,21.396111111111
Long Yeast Grow,pioreactor02,2025-09-19T20:43:13.405Z,21.20314,0.0,0.0,0.0,51.24,2025-09-19 22:43:13.405,21.400277777778
Long Yeast Grow,pioreactor02,2025-09-19T20:43:13.447Z,21.20314,0.0,0.0,0.0,49.64,2025-09-19 22:43:13.447,21.400277777778
Long Yeast Grow,pioreactor02,2025-09-19T20:43:21.919Z,21.32164,0.0,0.0,0.0,49.64,2025-09-19 22:43:21.919,21.4025
Long Yeast Grow,pioreactor02,2025-09-19T20:43:44.915Z,21.39064,0.0,0.0,0.0,49.64,2025-09-19 22:43:44.915,21.408888888889
Long Yeast Grow,pioreactor02,2025-09-19T20:44:07.919Z,21.46914,0.0,0.0,0.0,49.64,2025-09-19 22:44:07.919,21.415277777778
Long Yeast Grow,pioreactor02,2025-09-19T20:44:30.915Z,21.45514,0.0,0.0,0.0,49.64,2025-09-19 22:44:30.915,21.421666666667
Long Yeast Grow,pioreactor02,2025-09-19T20:44:41.972Z,21.45514,0.0,0.0,0.0,0.0,2025-09-19 22:44:41.972,21.424722222222
Long Yeast Grow,pioreactor02,2025-09-19T20:44:53.915Z,21.42964,0.0,0.0,0.0,0.0,2025-09-19 22:44:53.915,21.428055555556
Long Yeast Grow,pioreactor02,2025-09-19T20:45:16.915Z,21.42814,0.0,0.0,0.0,0.0,2025-09-19 22:45:16.915,21.434444444444
Long Yeast Grow,pioreactor02,2025-09-19T20:45:39.915Z,21.39114,0.0,0.0,0.0,0.0,2025-09-19 22:45:39.915,21.440833333333
Long Yeast Grow,pioreactor02,2025-09-19T20:46:02.915Z,21.33414,0.0,0.0,0.0,0.0,2025-09-19 22:46:02.915,21.447222222222
Long Yeast Grow,pioreactor02,2025-09-19T20:46:25.915Z,21.32214,0.0,0.0,0.0,0.0,2025-09-19 22:46:25.915,21.453611111111
Long Yeast Grow,pioreactor02,2025-09-19T20:46:33.403Z,21.32214,0.0,0.0,0.0,49.64,2025-09-19 22:46:33.403,21.455833333333
Long Yeast Grow,pioreactor02,2025-09-19T20:46:33.447Z,21.32214,0.0,0.0,0.0,50.59,2025-09-19 22:46:33.447,21.455833333333
Long Yeast Grow,pioreactor02,2025-09-19T20:46:48.915Z,21.51314,0.0,0.0,0.0,50.59,2025-09-19 22:46:48.915,21.46
Long Yeast Grow,pioreactor02,2025-09-19T20:47:11.915Z,21.51914,0.0,0.0,0.0,50.59,2025-09-19 22:47:11.915,21.466388888889
Long Yeast Grow,pioreactor02,2025-09-19T20:47:34.915Z,21.48314,0.0,0.0,0.0,50.59,2025-09-19 22:47:34.915,21.472777777778
Long Yeast Grow,pioreactor02,2025-09-19T20:47:57.915Z,21.48664,0.0,0.0,0.0,50.59,2025-09-19 22:47:57.915,21.479166666667
Long Yeast Grow,pioreactor02,2025-09-19T20:48:01.972Z,21.48664,0.0,0.0,0.0,0.0,2025-09-19 22:48:01.972,21.480277777778
Long Yeast Grow,pioreactor02,2025-09-19T20:48:20.915Z,21.42864,0.0,0.0,0.0,0.0,2025-09-19 22:48:20.915,21.485555555556
Long Yeast Grow,pioreactor02,2025-09-19T20:48:43.919Z,21.42164,0.0,0.0,0.0,0.0,2025-09-19 22:48:43.919,21.491944444444
Long Yeast Grow,pioreactor02,2025-09-19T20:49:06.915Z,21.45114,0.0,0.0,0.0,0.0,2025-09-19 22:49:06.915,21.498333333333
Long Yeast Grow,pioreactor02,2025-09-19T20:49:29.915Z,21.40664,0.0,0.0,0.0,0.0,2025-09-19 22:49:29.915,21.504722222222
Long Yeast Grow,pioreactor02,2025-09-19T20:49:52.915Z,21.43414,0.0,0.0,0.0,0.0,2025-09-19 22:49:52.915,21.511111111111
Long Yeast Grow,pioreactor02,2025-09-19T20:49:53.405Z,21.43414,0.0,0.0,0.0,50.59,2025-09-19 22:49:53.405,21.511388888889
Long Yeast Grow,pioreactor02,2025-09-19T20:49:53.447Z,21.43414,0.0,0.0,0.0,48.96,2025-09-19 22:49:53.447,21.511388888889
Long Yeast Grow,pioreactor02,2025-09-19T20:50:15.915Z,21.44414,0.0,0.0,0.0,48.96,2025-09-19 22:50:15.915,21.5175
Long Yeast Grow,pioreactor02,2025-09-19T20:50:38.915Z,21.48214,0.0,0.0,0.0,48.96,2025-09-19 22:50:38.915,21.523888888889
Long Yeast Grow,pioreactor02,2025-09-19T20:51:01.915Z,21.48464,0.0,0.0,0.0,48.96,2025-09-19 22:51:01.915,21.530277777778
Long Yeast Grow,pioreactor02,2025-09-19T20:51:21.973Z,21.48464,0.0,0.0,0.0,0.0,2025-09-19 22:51:21.973,21.535833333333
Long Yeast Grow,pioreactor02,2025-09-19T20:51:24.915Z,21.45364,0.0,0.0,0.0,0.0,2025-09-19 22:51:24.915,21.536666666667
Long Yeast Grow,pioreactor02,2025-09-19T20:51:47.915Z,21.39414,0.0,0.0,0.0,0.0,2025-09-19 22:51:47.915,21.543055555556
Long Yeast Grow,pioreactor02,2025-09-19T20:52:10.919Z,21.41064,0.0,0.0,0.0,0.0,2025-09-19 22:52:10.919,21.549444444444
Long Yeast Grow,pioreactor02,2025-09-19T20:52:33.919Z,21.41464,0.0,0.0,0.0,0.0,2025-09-19 22:52:33.919,21.555833333333
Long Yeast Grow,pioreactor02,2025-09-19T20:52:56.915Z,21.41664,0.0,0.0,0.0,0.0,2025-09-19 22:52:56.915,21.562222222222
Long Yeast Grow,pioreactor02,2025-09-19T20:53:13.407Z,21.41664,0.0,0.0,0.0,48.96,2025-09-19 22:53:13.407,21.566944444444
Long Yeast Grow,pioreactor02,2025-09-19T20:53:13.451Z,21.41664,0.0,0.0,0.0,48.89,2025-09-19 22:53:13.451,21.566944444444
Long Yeast Grow,pioreactor02,2025-09-19T20:53:19.919Z,21.40964,0.0,0.0,0.0,48.89,2025-09-19 22:53:19.919,21.568611111111
Long Yeast Grow,pioreactor02,2025-09-19T20:53:42.915Z,21.41264,0.0,0.0,0.0,48.89,2025-09-19 22:53:42.915,21.575
Long Yeast Grow,pioreactor02,2025-09-19T20:54:05.915Z,21.47564,0.0,0.0,0.0,48.89,2025-09-19 22:54:05.915,21.581388888889
Long Yeast Grow,pioreactor02,2025-09-19T20:54:28.915Z,21.42214,0.0,0.0,0.0,48.89,2025-09-19 22:54:28.915,21.587777777778
Long Yeast Grow,pioreactor02,2025-09-19T20:54:41.973Z,21.42214,0.0,0.0,0.0,0.0,2025-09-19 22:54:41.973,21.591388888889
Long Yeast Grow,pioreactor02,2025-09-19T20:54:51.915Z,21.36964,0.0,0.0,0.0,0.0,2025-09-19 22:54:51.915,21.594166666667
Long Yeast Grow,pioreactor02,2025-09-19T20:55:14.915Z,21.35114,0.0,0.0,0.0,0.0,2025-09-19 22:55:14.915,21.600555555556
Long Yeast Grow,pioreactor02,2025-09-19T20:55:37.915Z,21.34664,0.0,0.0,0.0,0.0,2025-09-19 22:55:37.915,21.606944444444
Long Yeast Grow,pioreactor02,2025-09-19T20:56:00.915Z,21.32864,0.0,0.0,0.0,0.0,2025-09-19 22:56:00.915,21.613333333333
Long Yeast Grow,pioreactor02,2025-09-19T20:56:23.915Z,21.30164,0.0,0.0,0.0,0.0,2025-09-19 22:56:23.915,21.619722222222
Long Yeast Grow,pioreactor02,2025-09-19T20:56:33.403Z,21.30164,0.0,0.0,0.0,48.89,2025-09-19 22:56:33.403,21.6225
Long Yeast Grow,pioreactor02,2025-09-19T20:56:33.452Z,21.30164,0.0,0.0,0.0,50.3,2025-09-19 22:56:33.452,21.6225
Long Yeast Grow,pioreactor02,2025-09-19T20:56:46.915Z,21.59864,0.0,0.0,0.0,50.3,2025-09-19 22:56:46.915,21.626111111111
Long Yeast Grow,pioreactor02,2025-09-19T20:57:09.915Z,21.99314,0.0,0.0,0.0,50.3,2025-09-19 22:57:09.915,21.6325
Long Yeast Grow,pioreactor02,2025-09-19T20:57:32.915Z,21.84714,0.0,0.0,0.0,50.3,2025-09-19 22:57:32.915,21.638888888889
Long Yeast Grow,pioreactor02,2025-09-19T20:57:55.915Z,21.76064,0.0,0.0,0.0,50.3,2025-09-19 22:57:55.915,21.645277777778
Long Yeast Grow,pioreactor02,2025-09-19T20:58:01.973Z,21.76064,0.0,0.0,0.0,0.0,2025-09-19 22:58:01.973,21.646944444444
Long Yeast Grow,pioreactor02,2025-09-19T20:58:18.915Z,21.65264,0.0,0.0,0.0,0.0,2025-09-19 22:58:18.915,21.651666666667
Long Yeast Grow,pioreactor02,2025-09-19T20:58:41.919Z,21.55764,0.0,0.0,0.0,0.0,2025-09-19 22:58:41.919,21.658055555556
Long Yeast Grow,pioreactor02,2025-09-19T20:59:04.919Z,21.47464,0.0,0.0,0.0,0.0,2025-09-19 22:59:04.919,21.664444444444
Long Yeast Grow,pioreactor02,2025-09-19T20:59:27.919Z,21.41164,0.0,0.0,0.0,0.0,2025-09-19 22:59:27.919,21.670833333333
Long Yeast Grow,pioreactor02,2025-09-19T20:59:50.915Z,21.40014,0.0,0.0,0.0,0.0,2025-09-19 22:59:50.915,21.677222222222
Long Yeast Grow,pioreactor02,2025-09-19T20:59:53.405Z,21.40014,0.0,0.0,0.0,50.3,2025-09-19 22:59:53.405,21.678055555556
Long Yeast Grow,pioreactor02,2025-09-19T20:59:53.448Z,21.40014,0.0,0.0,0.0,48.9,2025-09-19 22:59:53.448,21.678055555556
Long Yeast Grow,pioreactor02,2025-09-19T21:00:13.919Z,21.40214,0.0,0.0,0.0,48.9,2025-09-19 23:00:13.919,21.683611111111
Long Yeast Grow,pioreactor02,2025-09-19T21:00:36.915Z,21.44964,0.0,0.0,0.0,48.9,2025-09-19 23:00:36.915,21.69
Long Yeast Grow,pioreactor02,2025-09-19T21:00:59.915Z,21.45114,0.0,0.0,0.0,48.9,2025-09-19 23:00:59.915,21.696388888889
Long Yeast Grow,pioreactor02,2025-09-19T21:01:21.972Z,21.45114,0.0,0.0,0.0,0.0,2025-09-19 23:01:21.972,21.7025
Long Yeast Grow,pioreactor02,2025-09-19T21:01:22.915Z,21.38164,0.0,0.0,0.0,0.0,2025-09-19 23:01:22.915,21.702777777778
Long Yeast Grow,pioreactor02,2025-09-19T21:01:45.919Z,21.38064,0.0,0.0,0.0,0.0,2025-09-19 23:01:45.919,21.709166666667
Long Yeast Grow,pioreactor02,2025-09-19T21:02:08.915Z,21.41814,0.0,0.0,0.0,0.0,2025-09-19 23:02:08.915,21.715555555556
Long Yeast Grow,pioreactor02,2025-09-19T21:02:31.915Z,21.31364,0.0,0.0,0.0,0.0,2025-09-19 23:02:31.915,21.721944444444
Long Yeast Grow,pioreactor02,2025-09-19T21:02:54.915Z,21.31614,0.0,0.0,0.0,0.0,2025-09-19 23:02:54.915,21.728333333333
Long Yeast Grow,pioreactor02,2025-09-19T21:03:13.405Z,21.31614,0.0,0.0,0.0,48.9,2025-09-19 23:03:13.405,21.733611111111
Long Yeast Grow,pioreactor02,2025-09-19T21:03:13.448Z,21.31614,0.0,0.0,0.0,49.64,2025-09-19 23:03:13.448,21.733611111111
Long Yeast Grow,pioreactor02,2025-09-19T21:03:17.915Z,21.32114,0.0,0.0,0.0,49.64,2025-09-19 23:03:17.915,21.734722222222
Long Yeast Grow,pioreactor02,2025-09-19T21:03:40.915Z,21.35764,0.0,0.0,0.0,49.64,2025-09-19 23:03:40.915,21.741111111111
Long Yeast Grow,pioreactor02,2025-09-19T21:04:03.915Z,21.35514,0.0,0.0,0.0,49.64,2025-09-19 23:04:03.915,21.7475
Long Yeast Grow,pioreactor02,2025-09-19T21:04:26.915Z,21.35564,0.0,0.0,0.0,49.64,2025-09-19 23:04:26.915,21.753888888889
Long Yeast Grow,pioreactor02,2025-09-19T21:04:41.972Z,21.35564,0.0,0.0,0.0,0.0,2025-09-19 23:04:41.972,21.758055555556
Long Yeast Grow,pioreactor02,2025-09-19T21:04:49.915Z,21.35414,0.0,0.0,0.0,0.0,2025-09-19 23:04:49.915,21.760277777778
Long Yeast Grow,pioreactor02,2025-09-19T21:05:12.915Z,21.35364,0.0,0.0,0.0,0.0,2025-09-19 23:05:12.915,21.766666666667
Long Yeast Grow,pioreactor02,2025-09-19T21:05:35.915Z,21.31764,0.0,0.0,0.0,0.0,2025-09-19 23:05:35.915,21.773055555556
Long Yeast Grow,pioreactor02,2025-09-19T21:05:58.915Z,21.34164,0.0,0.0,0.0,0.0,2025-09-19 23:05:58.915,21.779444444444
Long Yeast Grow,pioreactor02,2025-09-19T21:06:21.915Z,21.35864,0.0,0.0,0.0,0.0,2025-09-19 23:06:21.915,21.785833333333
Long Yeast Grow,pioreactor02,2025-09-19T21:06:33.405Z,21.35864,0.0,0.0,0.0,49.64,2025-09-19 23:06:33.405,21.789166666667
Long Yeast Grow,pioreactor02,2025-09-19T21:06:33.448Z,21.35864,0.0,0.0,0.0,49.55,2025-09-19 23:06:33.448,21.789166666667
Long Yeast Grow,pioreactor02,2025-09-19T21:06:44.915Z,21.35914,0.0,0.0,0.0,49.55,2025-09-19 23:06:44.915,21.792222222222
Long Yeast Grow,pioreactor02,2025-09-19T21:07:07.919Z,21.38814,0.0,0.0,0.0,49.55,2025-09-19 23:07:07.919,21.798611111111
Long Yeast Grow,pioreactor02,2025-09-19T21:07:30.915Z,21.42114,0.0,0.0,0.0,49.55,2025-09-19 23:07:30.915,21.805
Long Yeast Grow,pioreactor02,2025-09-19T21:07:53.915Z,21.45014,0.0,0.0,0.0,49.55,2025-09-19 23:07:53.915,21.811388888889
Long Yeast Grow,pioreactor02,2025-09-19T21:08:01.972Z,21.45014,0.0,0.0,0.0,0.0,2025-09-19 23:08:01.972,21.813611111111
Long Yeast Grow,pioreactor02,2025-09-19T21:08:16.915Z,21.38314,0.0,0.0,0.0,0.0,2025-09-19 23:08:16.915,21.817777777778
Long Yeast Grow,pioreactor02,2025-09-19T21:08:39.915Z,21.36864,0.0,0.0,0.0,0.0,2025-09-19 23:08:39.915,21.824166666667
Long Yeast Grow,pioreactor02,2025-09-19T21:09:02.915Z,21.37514,0.0,0.0,0.0,0.0,2025-09-19 23:09:02.915,21.830555555556
Long Yeast Grow,pioreactor02,2025-09-19T21:09:25.915Z,21.44264,0.0,0.0,0.0,0.0,2025-09-19 23:09:25.915,21.836944444444
Long Yeast Grow,pioreactor02,2025-09-19T21:09:48.915Z,21.44814,0.0,0.0,0.0,0.0,2025-09-19 23:09:48.915,21.843333333333
Long Yeast Grow,pioreactor02,2025-09-19T21:09:53.405Z,21.44814,0.0,0.0,0.0,49.55,2025-09-19 23:09:53.405,21.844722222222
Long Yeast Grow,pioreactor02,2025-09-19T21:09:53.447Z,21.44814,0.0,0.0,0.0,49.12,2025-09-19 23:09:53.447,21.844722222222
Long Yeast Grow,pioreactor02,2025-09-19T21:10:11.915Z,21.47564,0.0,0.0,0.0,49.12,2025-09-19 23:10:11.915,21.849722222222
Long Yeast Grow,pioreactor02,2025-09-19T21:10:34.915Z,21.45864,0.0,0.0,0.0,49.12,2025-09-19 23:10:34.915,21.856111111111
Long Yeast Grow,pioreactor02,2025-09-19T21:10:57.915Z,21.39764,0.0,0.0,0.0,49.12,2025-09-19 23:10:57.915,21.8625
Long Yeast Grow,pioreactor02,2025-09-19T21:11:20.915Z,21.35264,0.0,0.0,0.0,49.12,2025-09-19 23:11:20.915,21.868888888889
Long Yeast Grow,pioreactor02,2025-09-19T21:11:21.972Z,21.35264,0.0,0.0,0.0,0.0,2025-09-19 23:11:21.972,21.869166666667
Long Yeast Grow,pioreactor02,2025-09-19T21:11:43.915Z,21.29714,0.0,0.0,0.0,0.0,2025-09-19 23:11:43.915,21.875277777778
Long Yeast Grow,pioreactor02,2025-09-19T21:12:06.915Z,21.24214,0.0,0.0,0.0,0.0,2025-09-19 23:12:06.915,21.881666666667
Long Yeast Grow,pioreactor02,2025-09-19T21:12:29.919Z,21.21214,0.0,0.0,0.0,0.0,2025-09-19 23:12:29.919,21.888055555556
Long Yeast Grow,pioreactor02,2025-09-19T21:12:52.915Z,21.21264,0.0,0.0,0.0,0.0,2025-09-19 23:12:52.915,21.894444444444
Long Yeast Grow,pioreactor02,2025-09-19T21:13:13.404Z,21.21264,0.0,0.0,0.0,49.12,2025-09-19 23:13:13.404,21.900277777778
Long Yeast Grow,pioreactor02,2025-09-19T21:13:13.448Z,21.21264,0.0,0.0,0.0,49.47,2025-09-19 23:13:13.448,21.900277777778
Long Yeast Grow,pioreactor02,2025-09-19T21:13:15.915Z,21.17014,0.0,0.0,0.0,49.47,2025-09-19 23:13:15.915,21.900833333333
Long Yeast Grow,pioreactor02,2025-09-19T21:13:38.915Z,21.21064,0.0,0.0,0.0,49.47,2025-09-19 23:13:38.915,21.907222222222
Long Yeast Grow,pioreactor02,2025-09-19T21:14:01.915Z,21.17514,0.0,0.0,0.0,49.47,2025-09-19 23:14:01.915,21.913611111111
Long Yeast Grow,pioreactor02,2025-09-19T21:14:24.919Z,21.16564,0.0,0.0,0.0,49.47,2025-09-19 23:14:24.919,21.92
Long Yeast Grow,pioreactor02,2025-09-19T21:14:41.972Z,21.16564,0.0,0.0,0.0,0.0,2025-09-19 23:14:41.972,21.924722222222
Long Yeast Grow,pioreactor02,2025-09-19T21:14:47.915Z,21.13614,0.0,0.0,0.0,0.0,2025-09-19 23:14:47.915,21.926388888889
Long Yeast Grow,pioreactor02,2025-09-19T21:15:10.915Z,21.18814,0.0,0.0,0.0,0.0,2025-09-19 23:15:10.915,21.932777777778
Long Yeast Grow,pioreactor02,2025-09-19T21:15:33.915Z,21.19664,0.0,0.0,0.0,0.0,2025-09-19 23:15:33.915,21.939166666667
Long Yeast Grow,pioreactor02,2025-09-19T21:15:56.915Z,21.14664,0.0,0.0,0.0,0.0,2025-09-19 23:15:56.915,21.945555555556
Long Yeast Grow,pioreactor02,2025-09-19T21:16:19.915Z,21.14264,0.0,0.0,0.0,0.0,2025-09-19 23:16:19.915,21.951944444444
Long Yeast Grow,pioreactor02,2025-09-19T21:16:33.405Z,21.14264,0.0,0.0,0.0,49.47,2025-09-19 23:16:33.405,21.955833333333
Long Yeast Grow,pioreactor02,2025-09-19T21:16:33.448Z,21.14264,0.0,0.0,0.0,50.94,2025-09-19 23:16:33.448,21.955833333333
Long Yeast Grow,pioreactor02,2025-09-19T21:16:42.915Z,21.13714,0.0,0.0,0.0,50.94,2025-09-19 23:16:42.915,21.958333333333
Long Yeast Grow,pioreactor02,2025-09-19T21:17:05.915Z,21.17214,0.0,0.0,0.0,50.94,2025-09-19 23:17:05.915,21.964722222222
Long Yeast Grow,pioreactor02,2025-09-19T21:17:28.915Z,21.18514,0.0,0.0,0.0,50.94,2025-09-19 23:17:28.915,21.971111111111
Long Yeast Grow,pioreactor02,2025-09-19T21:17:51.915Z,21.20664,0.0,0.0,0.0,50.94,2025-09-19 23:17:51.915,21.9775
Long Yeast Grow,pioreactor02,2025-09-19T21:18:01.973Z,21.20664,0.0,0.0,0.0,0.0,2025-09-19 23:18:01.973,21.980277777778
Long Yeast Grow,pioreactor02,2025-09-19T21:18:14.915Z,21.13464,0.0,0.0,0.0,0.0,2025-09-19 23:18:14.915,21.983888888889
Long Yeast Grow,pioreactor02,2025-09-19T21:18:37.915Z,21.17914,0.0,0.0,0.0,0.0,2025-09-19 23:18:37.915,21.990277777778
Long Yeast Grow,pioreactor02,2025-09-19T21:19:00.915Z,21.19614,0.0,0.0,0.0,0.0,2025-09-19 23:19:00.915,21.996666666667
Long Yeast Grow,pioreactor02,2025-09-19T21:19:23.915Z,21.25464,0.0,0.0,0.0,0.0,2025-09-19 23:19:23.915,22.003055555556
Long Yeast Grow,pioreactor02,2025-09-19T21:19:46.919Z,21.26214,0.0,0.0,0.0,0.0,2025-09-19 23:19:46.919,22.009444444444
Long Yeast Grow,pioreactor02,2025-09-19T21:19:53.408Z,21.26214,0.0,0.0,0.0,50.94,2025-09-19 23:19:53.408,22.011388888889
Long Yeast Grow,pioreactor02,2025-09-19T21:19:53.452Z,21.26214,0.0,0.0,0.0,50.84,2025-09-19 23:19:53.452,22.011388888889
Long Yeast Grow,pioreactor02,2025-09-19T21:20:09.915Z,21.29514,0.0,0.0,0.0,50.84,2025-09-19 23:20:09.915,22.015833333333
Long Yeast Grow,pioreactor02,2025-09-19T21:20:32.919Z,21.29314,0.0,0.0,0.0,50.84,2025-09-19 23:20:32.919,22.022222222222
Long Yeast Grow,pioreactor02,2025-09-19T21:20:55.919Z,21.25514,0.0,0.0,0.0,50.84,2025-09-19 23:20:55.919,22.028611111111
Long Yeast Grow,pioreactor02,2025-09-19T21:21:18.919Z,21.23014,0.0,0.0,0.0,50.84,2025-09-19 23:21:18.919,22.035
Long Yeast Grow,pioreactor02,2025-09-19T21:21:21.972Z,21.23014,0.0,0.0,0.0,0.0,2025-09-19 23:21:21.972,22.035833333333
Long Yeast Grow,pioreactor02,2025-09-19T21:21:41.915Z,21.23014,0.0,0.0,0.0,0.0,2025-09-19 23:21:41.915,22.041388888889
Long Yeast Grow,pioreactor02,2025-09-19T21:22:04.915Z,21.21464,0.0,0.0,0.0,0.0,2025-09-19 23:22:04.915,22.047777777778
Long Yeast Grow,pioreactor02,2025-09-19T21:22:27.915Z,21.31214,0.0,0.0,0.0,0.0,2025-09-19 23:22:27.915,22.054166666667
Long Yeast Grow,pioreactor02,2025-09-19T21:22:50.919Z,21.22064,0.0,0.0,0.0,0.0,2025-09-19 23:22:50.919,22.060555555556
Long Yeast Grow,pioreactor02,2025-09-19T21:23:13.405Z,21.22064,0.0,0.0,0.0,50.84,2025-09-19 23:23:13.405,22.066944444444
Long Yeast Grow,pioreactor02,2025-09-19T21:23:13.451Z,21.22064,0.0,0.0,0.0,49.86,2025-09-19 23:23:13.451,22.066944444444
Long Yeast Grow,pioreactor02,2025-09-19T21:23:13.919Z,21.17764,0.0,0.0,0.0,49.86,2025-09-19 23:23:13.919,22.066944444444
Long Yeast Grow,pioreactor02,2025-09-19T21:23:36.919Z,21.16964,0.0,0.0,0.0,49.86,2025-09-19 23:23:36.919,22.073333333333
Long Yeast Grow,pioreactor02,2025-09-19T21:23:59.915Z,21.17114,0.0,0.0,0.0,49.86,2025-09-19 23:23:59.915,22.079722222222
Long Yeast Grow,pioreactor02,2025-09-19T21:24:22.915Z,21.16714,0.0,0.0,0.0,49.86,2025-09-19 23:24:22.915,22.086111111111
Long Yeast Grow,pioreactor02,2025-09-19T21:24:41.973Z,21.16714,0.0,0.0,0.0,0.0,2025-09-19 23:24:41.973,22.091388888889
Long Yeast Grow,pioreactor02,2025-09-19T21:24:45.915Z,21.14564,0.0,0.0,0.0,0.0,2025-09-19 23:24:45.915,22.0925
Long Yeast Grow,pioreactor02,2025-09-19T21:25:08.915Z,21.17164,0.0,0.0,0.0,0.0,2025-09-19 23:25:08.915,22.098888888889
Long Yeast Grow,pioreactor02,2025-09-19T21:25:31.915Z,21.13764,0.0,0.0,0.0,0.0,2025-09-19 23:25:31.915,22.105277777778
Long Yeast Grow,pioreactor02,2025-09-19T21:25:54.915Z,21.11964,0.0,0.0,0.0,0.0,2025-09-19 23:25:54.915,22.111666666667
Long Yeast Grow,pioreactor02,2025-09-19T21:26:17.915Z,21.12864,0.0,0.0,0.0,0.0,2025-09-19 23:26:17.915,22.118055555556
Long Yeast Grow,pioreactor02,2025-09-19T21:26:33.401Z,21.12864,0.0,0.0,0.0,49.86,2025-09-19 23:26:33.401,22.1225
Long Yeast Grow,pioreactor02,2025-09-19T21:26:33.444Z,21.12864,0.0,0.0,0.0,49.78,2025-09-19 23:26:33.444,22.1225
Long Yeast Grow,pioreactor02,2025-09-19T21:26:40.915Z,21.15414,0.0,0.0,0.0,49.78,2025-09-19 23:26:40.915,22.124444444444
Long Yeast Grow,pioreactor02,2025-09-19T21:27:03.915Z,21.14514,0.0,0.0,0.0,49.78,2025-09-19 23:27:03.915,22.130833333333
Long Yeast Grow,pioreactor02,2025-09-19T21:27:26.915Z,21.12714,0.0,0.0,0.0,49.78,2025-09-19 23:27:26.915,22.137222222222
Long Yeast Grow,pioreactor02,2025-09-19T21:27:49.915Z,21.18464,0.0,0.0,0.0,49.78,2025-09-19 23:27:49.915,22.143611111111
Long Yeast Grow,pioreactor02,2025-09-19T21:28:01.972Z,21.18464,0.0,0.0,0.0,0.0,2025-09-19 23:28:01.972,22.146944444444
Long Yeast Grow,pioreactor02,2025-09-19T21:28:12.915Z,21.32414,0.0,0.0,0.0,0.0,2025-09-19 23:28:12.915,22.15
Long Yeast Grow,pioreactor02,2025-09-19T21:28:35.915Z,21.51364,0.0,0.0,0.0,0.0,2025-09-19 23:28:35.915,22.156388888889
Long Yeast Grow,pioreactor02,2025-09-19T21:28:58.915Z,21.49314,0.0,0.0,0.0,0.0,2025-09-19 23:28:58.915,22.162777777778
Long Yeast Grow,pioreactor02,2025-09-19T21:29:21.915Z,21.41564,0.0,0.0,0.0,0.0,2025-09-19 23:29:21.915,22.169166666667
Long Yeast Grow,pioreactor02,2025-09-19T21:29:44.915Z,21.36414,0.0,0.0,0.0,0.0,2025-09-19 23:29:44.915,22.175555555556
Long Yeast Grow,pioreactor02,2025-09-19T21:29:53.397Z,21.36414,0.0,0.0,0.0,49.78,2025-09-19 23:29:53.397,22.178055555556
Long Yeast Grow,pioreactor02,2025-09-19T21:29:53.440Z,21.36414,0.0,0.0,0.0,48.57,2025-09-19 23:29:53.440,22.178055555556
Long Yeast Grow,pioreactor02,2025-09-19T21:30:07.915Z,21.36364,0.0,0.0,0.0,48.57,2025-09-19 23:30:07.915,22.181944444444
Long Yeast Grow,pioreactor02,2025-09-19T21:30:30.915Z,21.79164,0.0,0.0,0.0,48.57,2025-09-19 23:30:30.915,22.188333333333
Long Yeast Grow,pioreactor02,2025-09-19T21:30:53.915Z,21.73514,0.0,0.0,0.0,48.57,2025-09-19 23:30:53.915,22.194722222222
Long Yeast Grow,pioreactor02,2025-09-19T21:31:16.915Z,21.62464,0.0,0.0,0.0,48.57,2025-09-19 23:31:16.915,22.201111111111
Long Yeast Grow,pioreactor02,2025-09-19T21:31:21.971Z,21.62464,0.0,0.0,0.0,0.0,2025-09-19 23:31:21.971,22.2025
Long Yeast Grow,pioreactor02,2025-09-19T21:31:39.915Z,21.55064,0.0,0.0,0.0,0.0,2025-09-19 23:31:39.915,22.2075
Long Yeast Grow,pioreactor02,2025-09-19T21:32:02.915Z,22.02064,0.0,0.0,0.0,0.0,2025-09-19 23:32:02.915,22.213888888889
Long Yeast Grow,pioreactor02,2025-09-19T21:32:25.915Z,21.86664,0.0,0.0,0.0,0.0,2025-09-19 23:32:25.915,22.220277777778
Long Yeast Grow,pioreactor02,2025-09-19T21:32:48.915Z,21.75164,0.0,0.0,0.0,0.0,2025-09-19 23:32:48.915,22.226666666667
Long Yeast Grow,pioreactor02,2025-09-19T21:33:11.915Z,21.63514,0.0,0.0,0.0,0.0,2025-09-19 23:33:11.915,22.233055555556
Long Yeast Grow,pioreactor02,2025-09-19T21:33:13.396Z,21.63514,0.0,0.0,0.0,48.57,2025-09-19 23:33:13.396,22.233611111111
Long Yeast Grow,pioreactor02,2025-09-19T21:33:13.440Z,21.63514,0.0,0.0,0.0,47.98,2025-09-19 23:33:13.440,22.233611111111
Long Yeast Grow,pioreactor02,2025-09-19T21:33:34.915Z,21.54064,0.0,0.0,0.0,47.98,2025-09-19 23:33:34.915,22.239444444444
Long Yeast Grow,pioreactor02,2025-09-19T21:33:57.919Z,21.56414,0.0,0.0,0.0,47.98,2025-09-19 23:33:57.919,22.245833333333
Long Yeast Grow,pioreactor02,2025-09-19T21:34:20.916Z,21.51864,0.0,0.0,0.0,47.98,2025-09-19 23:34:20.916,22.252222222222
Long Yeast Grow,pioreactor02,2025-09-19T21:34:41.971Z,21.51864,0.0,0.0,0.0,0.0,2025-09-19 23:34:41.971,22.258055555556
Long Yeast Grow,pioreactor02,2025-09-19T21:34:43.915Z,21.45214,0.0,0.0,0.0,0.0,2025-09-19 23:34:43.915,22.258611111111
Long Yeast Grow,pioreactor02,2025-09-19T21:35:06.916Z,21.45814,0.0,0.0,0.0,0.0,2025-09-19 23:35:06.916,22.265
Long Yeast Grow,pioreactor02,2025-09-19T21:35:29.915Z,21.40664,0.0,0.0,0.0,0.0,2025-09-19 23:35:29.915,22.271388888889
Long Yeast Grow,pioreactor02,2025-09-19T21:35:52.915Z,21.37564,0.0,0.0,0.0,0.0,2025-09-19 23:35:52.915,22.277777777778
Long Yeast Grow,pioreactor02,2025-09-19T21:36:15.915Z,21.37464,0.0,0.0,0.0,0.0,2025-09-19 23:36:15.915,22.284166666667
Long Yeast Grow,pioreactor02,2025-09-19T21:36:33.396Z,21.37464,0.0,0.0,0.0,47.98,2025-09-19 23:36:33.396,22.289166666667
Long Yeast Grow,pioreactor02,2025-09-19T21:36:33.439Z,21.37464,0.0,0.0,0.0,48.3,2025-09-19 23:36:33.439,22.289166666667
Long Yeast Grow,pioreactor02,2025-09-19T21:36:38.919Z,21.37314,0.0,0.0,0.0,48.3,2025-09-19 23:36:38.919,22.290555555556
Long Yeast Grow,pioreactor02,2025-09-19T21:37:01.915Z,21.36614,0.0,0.0,0.0,48.3,2025-09-19 23:37:01.915,22.296944444444
Long Yeast Grow,pioreactor02,2025-09-19T21:37:24.919Z,21.78914,0.0,0.0,0.0,48.3,2025-09-19 23:37:24.919,22.303333333333
Long Yeast Grow,pioreactor02,2025-09-19T21:37:47.915Z,22.24364,0.0,0.0,0.0,48.3,2025-09-19 23:37:47.915,22.309722222222
Long Yeast Grow,pioreactor02,2025-09-19T21:38:01.971Z,22.24364,0.0,0.0,0.0,0.0,2025-09-19 23:38:01.971,22.313611111111
Long Yeast Grow,pioreactor02,2025-09-19T21:38:10.915Z,22.67614,0.0,0.0,0.0,0.0,2025-09-19 23:38:10.915,22.316111111111
Long Yeast Grow,pioreactor02,2025-09-19T21:38:33.915Z,22.41114,0.0,0.0,0.0,0.0,2025-09-19 23:38:33.915,22.3225
Long Yeast Grow,pioreactor02,2025-09-19T21:38:56.915Z,22.20164,0.0,0.0,0.0,0.0,2025-09-19 23:38:56.915,22.328888888889
Long Yeast Grow,pioreactor02,2025-09-19T21:39:19.915Z,22.03514,0.0,0.0,0.0,0.0,2025-09-19 23:39:19.915,22.335277777778
Long Yeast Grow,pioreactor02,2025-09-19T21:39:42.915Z,21.84414,0.0,0.0,0.0,0.0,2025-09-19 23:39:42.915,22.341666666667
Long Yeast Grow,pioreactor02,2025-09-19T21:39:53.398Z,21.84414,0.0,0.0,0.0,48.3,2025-09-19 23:39:53.398,22.344722222222
Long Yeast Grow,pioreactor02,2025-09-19T21:39:53.440Z,21.84414,0.0,0.0,0.0,48.28,2025-09-19 23:39:53.440,22.344722222222
Long Yeast Grow,pioreactor02,2025-09-19T21:40:05.915Z,21.73564,0.0,0.0,0.0,48.28,2025-09-19 23:40:05.915,22.348055555556
Long Yeast Grow,pioreactor02,2025-09-19T21:40:28.915Z,21.62364,0.0,0.0,0.0,48.28,2025-09-19 23:40:28.915,22.354444444444
Long Yeast Grow,pioreactor02,2025-09-19T21:40:51.915Z,21.55464,0.0,0.0,0.0,48.28,2025-09-19 23:40:51.915,22.360833333333
Long Yeast Grow,pioreactor02,2025-09-19T21:41:14.915Z,21.50464,0.0,0.0,0.0,48.28,2025-09-19 23:41:14.915,22.367222222222
Long Yeast Grow,pioreactor02,2025-09-19T21:41:21.972Z,21.50464,0.0,0.0,0.0,0.0,2025-09-19 23:41:21.972,22.369166666667
Long Yeast Grow,pioreactor02,2025-09-19T21:41:37.915Z,21.45814,0.0,0.0,0.0,0.0,2025-09-19 23:41:37.915,22.373611111111
Long Yeast Grow,pioreactor02,2025-09-19T21:42:00.915Z,21.39064,0.0,0.0,0.0,0.0,2025-09-19 23:42:00.915,22.38
Long Yeast Grow,pioreactor02,2025-09-19T21:42:23.915Z,21.44814,0.0,0.0,0.0,0.0,2025-09-19 23:42:23.915,22.386388888889
Long Yeast Grow,pioreactor02,2025-09-19T21:42:46.915Z,21.38114,0.0,0.0,0.0,0.0,2025-09-19 23:42:46.915,22.392777777778
Long Yeast Grow,pioreactor02,2025-09-19T21:43:09.915Z,21.38164,0.0,0.0,0.0,0.0,2025-09-19 23:43:09.915,22.399166666667
Long Yeast Grow,pioreactor02,2025-09-19T21:43:13.399Z,21.38164,0.0,0.0,0.0,48.28,2025-09-19 23:43:13.399,22.400277777778
Long Yeast Grow,pioreactor02,2025-09-19T21:43:13.444Z,21.38164,0.0,0.0,0.0,47.55,2025-09-19 23:43:13.444,22.400277777778
Long Yeast Grow,pioreactor02,2025-09-19T21:43:32.915Z,21.44664,0.0,0.0,0.0,47.55,2025-09-19 23:43:32.915,22.405555555556
Long Yeast Grow,pioreactor02,2025-09-19T21:43:55.915Z,21.42264,0.0,0.0,0.0,47.55,2025-09-19 23:43:55.915,22.411944444444
Long Yeast Grow,pioreactor02,2025-09-19T21:44:18.915Z,21.85264,0.0,0.0,0.0,47.55,2025-09-19 23:44:18.915,22.418333333333
Long Yeast Grow,pioreactor02,2025-09-19T21:44:41.915Z,21.77164,0.0,0.0,0.0,47.55,2025-09-19 23:44:41.915,22.424722222222
Long Yeast Grow,pioreactor02,2025-09-19T21:44:41.971Z,21.77164,0.0,0.0,0.0,0.0,2025-09-19 23:44:41.971,22.424722222222
Long Yeast Grow,pioreactor02,2025-09-19T21:45:04.915Z,21.67364,0.0,0.0,0.0,0.0,2025-09-19 23:45:04.915,22.431111111111
Long Yeast Grow,pioreactor02,2025-09-19T21:45:27.915Z,21.56314,0.0,0.0,0.0,0.0,2025-09-19 23:45:27.915,22.4375
Long Yeast Grow,pioreactor02,2025-09-19T21:45:50.915Z,21.49464,0.0,0.0,0.0,0.0,2025-09-19 23:45:50.915,22.443888888889
Long Yeast Grow,pioreactor02,2025-09-19T21:46:13.915Z,21.40464,0.0,0.0,0.0,0.0,2025-09-19 23:46:13.915,22.450277777778
Long Yeast Grow,pioreactor02,2025-09-19T21:46:33.397Z,21.40464,0.0,0.0,0.0,47.55,2025-09-19 23:46:33.397,22.455833333333
Long Yeast Grow,pioreactor02,2025-09-19T21:46:33.440Z,21.40464,0.0,0.0,0.0,47.83,2025-09-19 23:46:33.440,22.455833333333
Long Yeast Grow,pioreactor02,2025-09-19T21:46:36.915Z,21.49564,0.0,0.0,0.0,47.83,2025-09-19 23:46:36.915,22.456666666667
Long Yeast Grow,pioreactor02,2025-09-19T21:46:59.915Z,21.47364,0.0,0.0,0.0,47.83,2025-09-19 23:46:59.915,22.463055555556
Long Yeast Grow,pioreactor02,2025-09-19T21:47:22.915Z,21.47614,0.0,0.0,0.0,47.83,2025-09-19 23:47:22.915,22.469444444444
Long Yeast Grow,pioreactor02,2025-09-19T21:47:45.915Z,21.44214,0.0,0.0,0.0,47.83,2025-09-19 23:47:45.915,22.475833333333
Long Yeast Grow,pioreactor02,2025-09-19T21:48:01.971Z,21.44214,0.0,0.0,0.0,0.0,2025-09-19 23:48:01.971,22.480277777778
Long Yeast Grow,pioreactor02,2025-09-19T21:48:08.915Z,21.41414,0.0,0.0,0.0,0.0,2025-09-19 23:48:08.915,22.482222222222
Long Yeast Grow,pioreactor02,2025-09-19T21:48:31.915Z,21.38164,0.0,0.0,0.0,0.0,2025-09-19 23:48:31.915,22.488611111111
Long Yeast Grow,pioreactor02,2025-09-19T21:48:54.915Z,21.31914,0.0,0.0,0.0,0.0,2025-09-19 23:48:54.915,22.495
Long Yeast Grow,pioreactor02,2025-09-19T21:49:17.915Z,21.31564,0.0,0.0,0.0,0.0,2025-09-19 23:49:17.915,22.501388888889
Long Yeast Grow,pioreactor02,2025-09-19T21:49:40.915Z,21.33564,0.0,0.0,0.0,0.0,2025-09-19 23:49:40.915,22.507777777778
Long Yeast Grow,pioreactor02,2025-09-19T21:49:53.396Z,21.33564,0.0,0.0,0.0,47.83,2025-09-19 23:49:53.396,22.511388888889
Long Yeast Grow,pioreactor02,2025-09-19T21:49:53.439Z,21.33564,0.0,0.0,0.0,48.92,2025-09-19 23:49:53.439,22.511388888889
Long Yeast Grow,pioreactor02,2025-09-19T21:50:03.915Z,21.82764,0.0,0.0,0.0,48.92,2025-09-19 23:50:03.915,22.514166666667
Long Yeast Grow,pioreactor02,2025-09-19T21:50:26.915Z,22.27614,0.0,0.0,0.0,48.92,2025-09-19 23:50:26.915,22.520555555556
Long Yeast Grow,pioreactor02,2025-09-19T21:50:49.915Z,22.69664,0.0,0.0,0.0,48.92,2025-09-19 23:50:49.915,22.526944444444
Long Yeast Grow,pioreactor02,2025-09-19T21:51:12.915Z,22.42364,0.0,0.0,0.0,48.92,2025-09-19 23:51:12.915,22.533333333333
Long Yeast Grow,pioreactor02,2025-09-19T21:51:21.971Z,22.42364,0.0,0.0,0.0,0.0,2025-09-19 23:51:21.971,22.535833333333
Long Yeast Grow,pioreactor02,2025-09-19T21:51:35.915Z,22.15614,0.0,0.0,0.0,0.0,2025-09-19 23:51:35.915,22.539722222222
Long Yeast Grow,pioreactor02,2025-09-19T21:51:58.915Z,21.94864,0.0,0.0,0.0,0.0,2025-09-19 23:51:58.915,22.546111111111
Long Yeast Grow,pioreactor02,2025-09-19T21:52:21.919Z,21.78014,0.0,0.0,0.0,0.0,2025-09-19 23:52:21.919,22.5525
Long Yeast Grow,pioreactor02,2025-09-19T21:52:44.915Z,21.64314,0.0,0.0,0.0,0.0,2025-09-19 23:52:44.915,22.558888888889
Long Yeast Grow,pioreactor02,2025-09-19T21:53:07.915Z,21.53614,0.0,0.0,0.0,0.0,2025-09-19 23:53:07.915,22.565277777778
Long Yeast Grow,pioreactor02,2025-09-19T21:53:13.397Z,21.53614,0.0,0.0,0.0,48.92,2025-09-19 23:53:13.397,22.566944444444
Long Yeast Grow,pioreactor02,2025-09-19T21:53:13.439Z,21.53614,0.0,0.0,0.0,48.15,2025-09-19 23:53:13.439,22.566944444444
Long Yeast Grow,pioreactor02,2025-09-19T21:53:30.915Z,21.48464,0.0,0.0,0.0,48.15,2025-09-19 23:53:30.915,22.571666666667
Long Yeast Grow,pioreactor02,2025-09-19T21:53:53.915Z,21.47314,0.0,0.0,0.0,48.15,2025-09-19 23:53:53.915,22.578055555556
Long Yeast Grow,pioreactor02,2025-09-19T21:54:16.915Z,21.48964,0.0,0.0,0.0,48.15,2025-09-19 23:54:16.915,22.584444444444
Long Yeast Grow,pioreactor02,2025-09-19T21:54:39.915Z,21.48414,0.0,0.0,0.0,48.15,2025-09-19 23:54:39.915,22.590833333333
Long Yeast Grow,pioreactor02,2025-09-19T21:54:41.971Z,21.48414,0.0,0.0,0.0,0.0,2025-09-19 23:54:41.971,22.591388888889
Long Yeast Grow,pioreactor02,2025-09-19T21:55:02.915Z,21.42064,0.0,0.0,0.0,0.0,2025-09-19 23:55:02.915,22.597222222222
Long Yeast Grow,pioreactor02,2025-09-19T21:55:25.915Z,21.42764,0.0,0.0,0.0,0.0,2025-09-19 23:55:25.915,22.603611111111
Long Yeast Grow,pioreactor02,2025-09-19T21:55:48.915Z,21.39914,0.0,0.0,0.0,0.0,2025-09-19 23:55:48.915,22.61
Long Yeast Grow,pioreactor02,2025-09-19T21:56:11.915Z,21.39914,0.0,0.0,0.0,0.0,2025-09-19 23:56:11.915,22.616388888889
Long Yeast Grow,pioreactor02,2025-09-19T21:56:33.397Z,21.39914,0.0,0.0,0.0,48.15,2025-09-19 23:56:33.397,22.6225
Long Yeast Grow,pioreactor02,2025-09-19T21:56:33.439Z,21.39914,0.0,0.0,0.0,48.5,2025-09-19 23:56:33.439,22.6225
Long Yeast Grow,pioreactor02,2025-09-19T21:56:34.915Z,21.35914,0.0,0.0,0.0,48.5,2025-09-19 23:56:34.915,22.622777777778
Long Yeast Grow,pioreactor02,2025-09-19T21:56:57.916Z,21.40514,0.0,0.0,0.0,48.5,2025-09-19 23:56:57.916,22.629166666667
Long Yeast Grow,pioreactor02,2025-09-19T21:57:20.915Z,21.40264,0.0,0.0,0.0,48.5,2025-09-19 23:57:20.915,22.635555555556
Long Yeast Grow,pioreactor02,2025-09-19T21:57:43.915Z,21.45714,0.0,0.0,0.0,48.5,2025-09-19 23:57:43.915,22.641944444444
Long Yeast Grow,pioreactor02,2025-09-19T21:58:01.972Z,21.45714,0.0,0.0,0.0,0.0,2025-09-19 23:58:01.972,22.646944444444
Long Yeast Grow,pioreactor02,2025-09-19T21:58:06.919Z,21.42214,0.0,0.0,0.0,0.0,2025-09-19 23:58:06.919,22.648333333333
Long Yeast Grow,pioreactor02,2025-09-19T21:58:29.915Z,21.36414,0.0,0.0,0.0,0.0,2025-09-19 23:58:29.915,22.654722222222
Long Yeast Grow,pioreactor02,2025-09-19T21:58:52.915Z,21.34214,0.0,0.0,0.0,0.0,2025-09-19 23:58:52.915,22.661111111111
Long Yeast Grow,pioreactor02,2025-09-19T21:59:15.915Z,21.31014,0.0,0.0,0.0,0.0,2025-09-19 23:59:15.915,22.6675
Long Yeast Grow,pioreactor02,2025-09-19T21:59:38.915Z,21.33114,0.0,0.0,0.0,0.0,2025-09-19 23:59:38.915,22.673888888889
Long Yeast Grow,pioreactor02,2025-09-19T21:59:53.396Z,21.33114,0.0,0.0,0.0,48.5,2025-09-19 23:59:53.396,22.678055555556
Long Yeast Grow,pioreactor02,2025-09-19T21:59:53.440Z,21.33114,0.0,0.0,0.0,47.43,2025-09-19 23:59:53.440,22.678055555556
Long Yeast Grow,pioreactor02,2025-09-19T22:00:01.915Z,21.33264,0.0,0.0,0.0,47.43,2025-09-20 00:00:01.915,22.680277777778
Long Yeast Grow,pioreactor02,2025-09-19T22:00:24.919Z,21.37764,0.0,0.0,0.0,47.43,2025-09-20 00:00:24.919,22.686666666667
Long Yeast Grow,pioreactor02,2025-09-19T22:00:47.915Z,21.85514,0.0,0.0,0.0,47.43,2025-09-20 00:00:47.915,22.693055555556
Long Yeast Grow,pioreactor02,2025-09-19T22:01:10.915Z,21.74514,0.0,0.0,0.0,47.43,2025-09-20 00:01:10.915,22.699444444444
Long Yeast Grow,pioreactor02,2025-09-19T22:01:21.971Z,21.74514,0.0,0.0,0.0,0.0,2025-09-20 00:01:21.971,22.7025
Long Yeast Grow,pioreactor02,2025-09-19T22:01:33.915Z,21.64214,0.0,0.0,0.0,0.0,2025-09-20 00:01:33.915,22.705833333333
Long Yeast Grow,pioreactor02,2025-09-19T22:01:56.915Z,21.54714,0.0,0.0,0.0,0.0,2025-09-20 00:01:56.915,22.712222222222
Long Yeast Grow,pioreactor02,2025-09-19T22:02:19.915Z,21.52514,0.0,0.0,0.0,0.0,2025-09-20 00:02:19.915,22.718611111111
Long Yeast Grow,pioreactor02,2025-09-19T22:02:42.915Z,21.45064,0.0,0.0,0.0,0.0,2025-09-20 00:02:42.915,22.725
Long Yeast Grow,pioreactor02,2025-09-19T22:03:05.915Z,21.38064,0.0,0.0,0.0,0.0,2025-09-20 00:03:05.915,22.731388888889
Long Yeast Grow,pioreactor02,2025-09-19T22:03:13.403Z,21.38064,0.0,0.0,0.0,47.43,2025-09-20 00:03:13.403,22.733611111111
Long Yeast Grow,pioreactor02,2025-09-19T22:03:13.448Z,21.38064,0.0,0.0,0.0,47.52,2025-09-20 00:03:13.448,22.733611111111
Long Yeast Grow,pioreactor02,2025-09-19T22:03:28.915Z,21.41114,0.0,0.0,0.0,47.52,2025-09-20 00:03:28.915,22.737777777778
Long Yeast Grow,pioreactor02,2025-09-19T22:03:51.915Z,21.41414,0.0,0.0,0.0,47.52,2025-09-20 00:03:51.915,22.744166666667
Long Yeast Grow,pioreactor02,2025-09-19T22:04:14.915Z,21.44214,0.0,0.0,0.0,47.52,2025-09-20 00:04:14.915,22.750555555556
Long Yeast Grow,pioreactor02,2025-09-19T22:04:37.915Z,21.46414,0.0,0.0,0.0,47.52,2025-09-20 00:04:37.915,22.756944444444
Long Yeast Grow,pioreactor02,2025-09-19T22:04:41.971Z,21.46414,0.0,0.0,0.0,0.0,2025-09-20 00:04:41.971,22.758055555556
Long Yeast Grow,pioreactor02,2025-09-19T22:05:00.915Z,21.41814,0.0,0.0,0.0,0.0,2025-09-20 00:05:00.915,22.763333333333
Long Yeast Grow,pioreactor02,2025-09-19T22:05:23.915Z,21.47814,0.0,0.0,0.0,0.0,2025-09-20 00:05:23.915,22.769722222222
Long Yeast Grow,pioreactor02,2025-09-19T22:05:46.915Z,21.48714,0.0,0.0,0.0,0.0,2025-09-20 00:05:46.915,22.776111111111
Long Yeast Grow,pioreactor02,2025-09-19T22:06:09.915Z,21.48414,0.0,0.0,0.0,0.0,2025-09-20 00:06:09.915,22.7825
Long Yeast Grow,pioreactor02,2025-09-19T22:06:32.915Z,21.44114,0.0,0.0,0.0,0.0,2025-09-20 00:06:32.915,22.788888888889
Long Yeast Grow,pioreactor02,2025-09-19T22:06:33.397Z,21.44114,0.0,0.0,0.0,47.52,2025-09-20 00:06:33.397,22.789166666667
Long Yeast Grow,pioreactor02,2025-09-19T22:06:33.440Z,21.44114,0.0,0.0,0.0,47.84,2025-09-20 00:06:33.440,22.789166666667
Long Yeast Grow,pioreactor02,2025-09-19T22:06:55.915Z,21.46014,0.0,0.0,0.0,47.84,2025-09-20 00:06:55.915,22.795277777778
Long Yeast Grow,pioreactor02,2025-09-19T22:07:18.916Z,21.43864,0.0,0.0,0.0,47.84,2025-09-20 00:07:18.916,22.801666666667
Long Yeast Grow,pioreactor02,2025-09-19T22:07:41.915Z,21.47664,0.0,0.0,0.0,47.84,2025-09-20 00:07:41.915,22.808055555556
Long Yeast Grow,pioreactor02,2025-09-19T22:08:01.971Z,21.47664,0.0,0.0,0.0,0.0,2025-09-20 00:08:01.971,22.813611111111
Long Yeast Grow,pioreactor02,2025-09-19T22:08:04.915Z,21.43464,0.0,0.0,0.0,0.0,2025-09-20 00:08:04.915,22.814444444444
Long Yeast Grow,pioreactor02,2025-09-19T22:08:27.915Z,21.37264,0.0,0.0,0.0,0.0,2025-09-20 00:08:27.915,22.820833333333
Long Yeast Grow,pioreactor02,2025-09-19T22:08:50.915Z,21.35464,0.0,0.0,0.0,0.0,2025-09-20 00:08:50.915,22.827222222222
Long Yeast Grow,pioreactor02,2025-09-19T22:09:13.915Z,21.38264,0.0,0.0,0.0,0.0,2025-09-20 00:09:13.915,22.833611111111
Long Yeast Grow,pioreactor02,2025-09-19T22:09:36.915Z,21.39214,0.0,0.0,0.0,0.0,2025-09-20 00:09:36.915,22.84
Long Yeast Grow,pioreactor02,2025-09-19T22:09:53.397Z,21.39214,0.0,0.0,0.0,47.84,2025-09-20 00:09:53.397,22.844722222222
Long Yeast Grow,pioreactor02,2025-09-19T22:09:53.443Z,21.39214,0.0,0.0,0.0,47.05,2025-09-20 00:09:53.443,22.844722222222
Long Yeast Grow,pioreactor02,2025-09-19T22:09:59.915Z,21.36564,0.0,0.0,0.0,47.05,2025-09-20 00:09:59.915,22.846388888889
Long Yeast Grow,pioreactor02,2025-09-19T22:10:22.915Z,21.37314,0.0,0.0,0.0,47.05,2025-09-20 00:10:22.915,22.852777777778
Long Yeast Grow,pioreactor02,2025-09-19T22:10:45.915Z,21.43614,0.0,0.0,0.0,47.05,2025-09-20 00:10:45.915,22.859166666667
Long Yeast Grow,pioreactor02,2025-09-19T22:11:08.915Z,21.38114,0.0,0.0,0.0,47.05,2025-09-20 00:11:08.915,22.865555555556
Long Yeast Grow,pioreactor02,2025-09-19T22:11:21.971Z,21.38114,0.0,0.0,0.0,0.0,2025-09-20 00:11:21.971,22.869166666667
Long Yeast Grow,pioreactor02,2025-09-19T22:11:31.915Z,21.33764,0.0,0.0,0.0,0.0,2025-09-20 00:11:31.915,22.871944444444
Long Yeast Grow,pioreactor02,2025-09-19T22:11:54.915Z,21.39064,0.0,0.0,0.0,0.0,2025-09-20 00:11:54.915,22.878333333333
Long Yeast Grow,pioreactor02,2025-09-19T22:12:17.915Z,21.42364,0.0,0.0,0.0,0.0,2025-09-20 00:12:17.915,22.884722222222
Long Yeast Grow,pioreactor02,2025-09-19T22:12:40.915Z,21.35914,0.0,0.0,0.0,0.0,2025-09-20 00:12:40.915,22.891111111111
Long Yeast Grow,pioreactor02,2025-09-19T22:13:03.915Z,21.35864,0.0,0.0,0.0,0.0,2025-09-20 00:13:03.915,22.8975
Long Yeast Grow,pioreactor02,2025-09-19T22:13:13.397Z,21.35864,0.0,0.0,0.0,47.05,2025-09-20 00:13:13.397,22.900277777778
Long Yeast Grow,pioreactor02,2025-09-19T22:13:13.441Z,21.35864,0.0,0.0,0.0,47.7,2025-09-20 00:13:13.441,22.900277777778
Long Yeast Grow,pioreactor02,2025-09-19T22:13:26.919Z,21.34014,0.0,0.0,0.0,47.7,2025-09-20 00:13:26.919,22.903888888889
Long Yeast Grow,pioreactor02,2025-09-19T22:13:49.915Z,21.34214,0.0,0.0,0.0,47.7,2025-09-20 00:13:49.915,22.910277777778
Long Yeast Grow,pioreactor02,2025-09-19T22:14:12.915Z,21.44364,0.0,0.0,0.0,47.7,2025-09-20 00:14:12.915,22.916666666667
Long Yeast Grow,pioreactor02,2025-09-19T22:14:35.915Z,21.58964,0.0,0.0,0.0,47.7,2025-09-20 00:14:35.915,22.923055555556
Long Yeast Grow,pioreactor02,2025-09-19T22:14:41.972Z,21.58964,0.0,0.0,0.0,0.0,2025-09-20 00:14:41.972,22.924722222222
Long Yeast Grow,pioreactor02,2025-09-19T22:14:58.915Z,21.54014,0.0,0.0,0.0,0.0,2025-09-20 00:14:58.915,22.929444444444
Long Yeast Grow,pioreactor02,2025-09-19T22:15:21.915Z,21.46764,0.0,0.0,0.0,0.0,2025-09-20 00:15:21.915,22.935833333333
Long Yeast Grow,pioreactor02,2025-09-19T22:15:44.915Z,21.46614,0.0,0.0,0.0,0.0,2025-09-20 00:15:44.915,22.942222222222
Long Yeast Grow,pioreactor02,2025-09-19T22:16:07.915Z,21.43814,0.0,0.0,0.0,0.0,2025-09-20 00:16:07.915,22.948611111111
Long Yeast Grow,pioreactor02,2025-09-19T22:16:30.915Z,21.48064,0.0,0.0,0.0,0.0,2025-09-20 00:16:30.915,22.955
Long Yeast Grow,pioreactor02,2025-09-19T22:16:33.398Z,21.48064,0.0,0.0,0.0,47.7,2025-09-20 00:16:33.398,22.955833333333
Long Yeast Grow,pioreactor02,2025-09-19T22:16:33.439Z,21.48064,0.0,0.0,0.0,47.54,2025-09-20 00:16:33.439,22.955833333333
Long Yeast Grow,pioreactor02,2025-09-19T22:16:53.915Z,21.49464,0.0,0.0,0.0,47.54,2025-09-20 00:16:53.915,22.961388888889
Long Yeast Grow,pioreactor02,2025-09-19T22:17:16.915Z,21.49464,0.0,0.0,0.0,47.54,2025-09-20 00:17:16.915,22.967777777778
Long Yeast Grow,pioreactor02,2025-09-19T22:17:39.915Z,21.49964,0.0,0.0,0.0,47.54,2025-09-20 00:17:39.915,22.974166666667
Long Yeast Grow,pioreactor02,2025-09-19T22:18:01.971Z,21.49964,0.0,0.0,0.0,0.0,2025-09-20 00:18:01.971,22.980277777778
Long Yeast Grow,pioreactor02,2025-09-19T22:18:02.915Z,21.43864,0.0,0.0,0.0,0.0,2025-09-20 00:18:02.915,22.980555555556
Long Yeast Grow,pioreactor02,2025-09-19T22:18:25.915Z,21.41014,0.0,0.0,0.0,0.0,2025-09-20 00:18:25.915,22.986944444444
Long Yeast Grow,pioreactor02,2025-09-19T22:18:48.915Z,21.36414,0.0,0.0,0.0,0.0,2025-09-20 00:18:48.915,22.993333333333
Long Yeast Grow,pioreactor02,2025-09-19T22:19:11.915Z,21.49364,0.0,0.0,0.0,0.0,2025-09-20 00:19:11.915,22.999722222222
Long Yeast Grow,pioreactor02,2025-09-19T22:19:34.915Z,21.43564,0.0,0.0,0.0,0.0,2025-09-20 00:19:34.915,23.006111111111
Long Yeast Grow,pioreactor02,2025-09-19T22:19:53.396Z,21.43564,0.0,0.0,0.0,47.54,2025-09-20 00:19:53.396,23.011388888889
Long Yeast Grow,pioreactor02,2025-09-19T22:19:53.441Z,21.43564,0.0,0.0,0.0,47.37,2025-09-20 00:19:53.441,23.011388888889
Long Yeast Grow,pioreactor02,2025-09-19T22:19:57.915Z,21.43114,0.0,0.0,0.0,47.37,2025-09-20 00:19:57.915,23.0125
Long Yeast Grow,pioreactor02,2025-09-19T22:20:20.915Z,21.90814,0.0,0.0,0.0,47.37,2025-09-20 00:20:20.915,23.018888888889
Long Yeast Grow,pioreactor02,2025-09-19T22:20:43.915Z,22.36464,0.0,0.0,0.0,47.37,2025-09-20 00:20:43.915,23.025277777778
Long Yeast Grow,pioreactor02,2025-09-19T22:21:06.915Z,22.81114,0.0,0.0,0.0,47.37,2025-09-20 00:21:06.915,23.031666666667
Long Yeast Grow,pioreactor02,2025-09-19T22:21:21.971Z,22.81114,0.0,0.0,0.0,0.0,2025-09-20 00:21:21.971,23.035833333333
Long Yeast Grow,pioreactor02,2025-09-19T22:21:29.915Z,22.47914,0.0,0.0,0.0,0.0,2025-09-20 00:21:29.915,23.038055555556
Long Yeast Grow,pioreactor02,2025-09-19T22:21:52.915Z,22.21414,0.0,0.0,0.0,0.0,2025-09-20 00:21:52.915,23.044444444444
Long Yeast Grow,pioreactor02,2025-09-19T22:22:15.915Z,21.97364,0.0,0.0,0.0,0.0,2025-09-20 00:22:15.915,23.050833333333
Long Yeast Grow,pioreactor02,2025-09-19T22:22:38.915Z,21.79264,0.0,0.0,0.0,0.0,2025-09-20 00:22:38.915,23.057222222222
Long Yeast Grow,pioreactor02,2025-09-19T22:23:01.915Z,21.66914,0.0,0.0,0.0,0.0,2025-09-20 00:23:01.915,23.063611111111
Long Yeast Grow,pioreactor02,2025-09-19T22:23:13.396Z,21.66914,0.0,0.0,0.0,47.37,2025-09-20 00:23:13.396,23.066944444444
Long Yeast Grow,pioreactor02,2025-09-19T22:23:13.440Z,21.66914,0.0,0.0,0.0,47.0,2025-09-20 00:23:13.440,23.066944444444
Long Yeast Grow,pioreactor02,2025-09-19T22:23:24.915Z,21.57964,0.0,0.0,0.0,47.0,2025-09-20 00:23:24.915,23.07
Long Yeast Grow,pioreactor02,2025-09-19T22:23:47.915Z,21.54014,0.0,0.0,0.0,47.0,2025-09-20 00:23:47.915,23.076388888889
Long Yeast Grow,pioreactor02,2025-09-19T22:24:10.919Z,21.48214,0.0,0.0,0.0,47.0,2025-09-20 00:24:10.919,23.082777777778
Long Yeast Grow,pioreactor02,2025-09-19T22:24:33.915Z,21.50914,0.0,0.0,0.0,47.0,2025-09-20 00:24:33.915,23.089166666667
Long Yeast Grow,pioreactor02,2025-09-19T22:24:41.971Z,21.50914,0.0,0.0,0.0,0.0,2025-09-20 00:24:41.971,23.091388888889
Long Yeast Grow,pioreactor02,2025-09-19T22:24:56.915Z,21.42264,0.0,0.0,0.0,0.0,2025-09-20 00:24:56.915,23.095555555556
Long Yeast Grow,pioreactor02,2025-09-19T22:25:19.915Z,21.35714,0.0,0.0,0.0,0.0,2025-09-20 00:25:19.915,23.101944444444
Long Yeast Grow,pioreactor02,2025-09-19T22:25:42.915Z,21.35664,0.0,0.0,0.0,0.0,2025-09-20 00:25:42.915,23.108333333333
Long Yeast Grow,pioreactor02,2025-09-19T22:26:05.915Z,21.30414,0.0,0.0,0.0,0.0,2025-09-20 00:26:05.915,23.114722222222
Long Yeast Grow,pioreactor02,2025-09-19T22:26:28.915Z,21.41214,0.0,0.0,0.0,0.0,2025-09-20 00:26:28.915,23.121111111111
Long Yeast Grow,pioreactor02,2025-09-19T22:26:33.398Z,21.41214,0.0,0.0,0.0,47.0,2025-09-20 00:26:33.398,23.1225
Long Yeast Grow,pioreactor02,2025-09-19T22:26:33.439Z,21.41214,0.0,0.0,0.0,47.18,2025-09-20 00:26:33.439,23.1225
Long Yeast Grow,pioreactor02,2025-09-19T22:26:51.915Z,21.84464,0.0,0.0,0.0,47.18,2025-09-20 00:26:51.915,23.1275
Long Yeast Grow,pioreactor02,2025-09-19T22:27:14.915Z,21.83114,0.0,0.0,0.0,47.18,2025-09-20 00:27:14.915,23.133888888889
Long Yeast Grow,pioreactor02,2025-09-19T22:27:37.915Z,21.71114,0.0,0.0,0.0,47.18,2025-09-20 00:27:37.915,23.140277777778
Long Yeast Grow,pioreactor02,2025-09-19T22:28:00.915Z,21.58414,0.0,0.0,0.0,47.18,2025-09-20 00:28:00.915,23.146666666667
Long Yeast Grow,pioreactor02,2025-09-19T22:28:01.972Z,21.58414,0.0,0.0,0.0,0.0,2025-09-20 00:28:01.972,23.146944444444
Long Yeast Grow,pioreactor02,2025-09-19T22:28:23.915Z,21.50614,0.0,0.0,0.0,0.0,2025-09-20 00:28:23.915,23.153055555556
Long Yeast Grow,pioreactor02,2025-09-19T22:28:46.915Z,21.41964,0.0,0.0,0.0,0.0,2025-09-20 00:28:46.915,23.159444444444
Long Yeast Grow,pioreactor02,2025-09-19T22:29:09.915Z,21.40814,0.0,0.0,0.0,0.0,2025-09-20 00:29:09.915,23.165833333333
Long Yeast Grow,pioreactor02,2025-09-19T22:29:32.915Z,21.37864,0.0,0.0,0.0,0.0,2025-09-20 00:29:32.915,23.172222222222
Long Yeast Grow,pioreactor02,2025-09-19T22:29:53.397Z,21.37864,0.0,0.0,0.0,47.18,2025-09-20 00:29:53.397,23.178055555556
Long Yeast Grow,pioreactor02,2025-09-19T22:29:53.439Z,21.37864,0.0,0.0,0.0,47.7,2025-09-20 00:29:53.439,23.178055555556
Long Yeast Grow,pioreactor02,2025-09-19T22:29:55.915Z,21.36914,0.0,0.0,0.0,47.7,2025-09-20 00:29:55.915,23.178611111111
Long Yeast Grow,pioreactor02,2025-09-19T22:30:18.915Z,21.81514,0.0,0.0,0.0,47.7,2025-09-20 00:30:18.915,23.185
Long Yeast Grow,pioreactor02,2025-09-19T22:30:41.919Z,21.79214,0.0,0.0,0.0,47.7,2025-09-20 00:30:41.919,23.191388888889
Long Yeast Grow,pioreactor02,2025-09-19T22:31:04.915Z,21.68664,0.0,0.0,0.0,47.7,2025-09-20 00:31:04.915,23.197777777778
Long Yeast Grow,pioreactor02,2025-09-19T22:31:21.972Z,21.68664,0.0,0.0,0.0,0.0,2025-09-20 00:31:21.972,23.2025
Long Yeast Grow,pioreactor02,2025-09-19T22:31:27.915Z,21.55914,0.0,0.0,0.0,0.0,2025-09-20 00:31:27.915,23.204166666667
Long Yeast Grow,pioreactor02,2025-09-19T22:31:50.915Z,21.47714,0.0,0.0,0.0,0.0,2025-09-20 00:31:50.915,23.210555555556
Long Yeast Grow,pioreactor02,2025-09-19T22:32:13.915Z,21.44764,0.0,0.0,0.0,0.0,2025-09-20 00:32:13.915,23.216944444444
Long Yeast Grow,pioreactor02,2025-09-19T22:32:36.915Z,21.41164,0.0,0.0,0.0,0.0,2025-09-20 00:32:36.915,23.223333333333
Long Yeast Grow,pioreactor02,2025-09-19T22:32:59.915Z,21.41114,0.0,0.0,0.0,0.0,2025-09-20 00:32:59.915,23.229722222222
Long Yeast Grow,pioreactor02,2025-09-19T22:33:13.399Z,21.41114,0.0,0.0,0.0,47.7,2025-09-20 00:33:13.399,23.233611111111
Long Yeast Grow,pioreactor02,2025-09-19T22:33:13.444Z,21.41114,0.0,0.0,0.0,47.78,2025-09-20 00:33:13.444,23.233611111111
Long Yeast Grow,pioreactor02,2025-09-19T22:33:22.915Z,21.39214,0.0,0.0,0.0,47.78,2025-09-20 00:33:22.915,23.236111111111
Long Yeast Grow,pioreactor02,2025-09-19T22:33:45.915Z,21.39114,0.0,0.0,0.0,47.78,2025-09-20 00:33:45.915,23.2425
Long Yeast Grow,pioreactor02,2025-09-19T22:34:08.915Z,21.49664,0.0,0.0,0.0,47.78,2025-09-20 00:34:08.915,23.248888888889
Long Yeast Grow,pioreactor02,2025-09-19T22:34:31.915Z,21.49764,0.0,0.0,0.0,47.78,2025-09-20 00:34:31.915,23.255277777778
Long Yeast Grow,pioreactor02,2025-09-19T22:34:41.971Z,21.49764,0.0,0.0,0.0,0.0,2025-09-20 00:34:41.971,23.258055555556
Long Yeast Grow,pioreactor02,2025-09-19T22:34:54.915Z,21.45614,0.0,0.0,0.0,0.0,2025-09-20 00:34:54.915,23.261666666667
Long Yeast Grow,pioreactor02,2025-09-19T22:35:17.915Z,21.47464,0.0,0.0,0.0,0.0,2025-09-20 00:35:17.915,23.268055555556
Long Yeast Grow,pioreactor02,2025-09-19T22:35:40.919Z,21.44014,0.0,0.0,0.0,0.0,2025-09-20 00:35:40.919,23.274444444444
Long Yeast Grow,pioreactor02,2025-09-19T22:36:03.915Z,21.37714,0.0,0.0,0.0,0.0,2025-09-20 00:36:03.915,23.280833333333
Long Yeast Grow,pioreactor02,2025-09-19T22:36:26.915Z,21.31764,0.0,0.0,0.0,0.0,2025-09-20 00:36:26.915,23.287222222222
Long Yeast Grow,pioreactor02,2025-09-19T22:36:33.397Z,21.31764,0.0,0.0,0.0,47.78,2025-09-20 00:36:33.397,23.289166666667
Long Yeast Grow,pioreactor02,2025-09-19T22:36:33.440Z,21.31764,0.0,0.0,0.0,47.41,2025-09-20 00:36:33.440,23.289166666667
Long Yeast Grow,pioreactor02,2025-09-19T22:36:49.915Z,21.31564,0.0,0.0,0.0,47.41,2025-09-20 00:36:49.915,23.293611111111
Long Yeast Grow,pioreactor02,2025-09-19T22:37:12.915Z,21.28764,0.0,0.0,0.0,47.41,2025-09-20 00:37:12.915,23.3
Long Yeast Grow,pioreactor02,2025-09-19T22:37:35.919Z,21.76614,0.0,0.0,0.0,47.41,2025-09-20 00:37:35.919,23.306388888889
Long Yeast Grow,pioreactor02,2025-09-19T22:37:58.919Z,21.69614,0.0,0.0,0.0,47.41,2025-09-20 00:37:58.919,23.312777777778
Long Yeast Grow,pioreactor02,2025-09-19T22:38:01.971Z,21.69614,0.0,0.0,0.0,0.0,2025-09-20 00:38:01.971,23.313611111111
Long Yeast Grow,pioreactor02,2025-09-19T22:38:21.915Z,21.61664,0.0,0.0,0.0,0.0,2025-09-20 00:38:21.915,23.319166666667
Long Yeast Grow,pioreactor02,2025-09-19T22:38:44.915Z,21.49614,0.0,0.0,0.0,0.0,2025-09-20 00:38:44.915,23.325555555556
Long Yeast Grow,pioreactor02,2025-09-19T22:39:07.915Z,21.45814,0.0,0.0,0.0,0.0,2025-09-20 00:39:07.915,23.331944444444
Long Yeast Grow,pioreactor02,2025-09-19T22:39:30.915Z,21.40764,0.0,0.0,0.0,0.0,2025-09-20 00:39:30.915,23.338333333333
Long Yeast Grow,pioreactor02,2025-09-19T22:39:53.396Z,21.40764,0.0,0.0,0.0,47.41,2025-09-20 00:39:53.396,23.344722222222
Long Yeast Grow,pioreactor02,2025-09-19T22:39:53.440Z,21.40764,0.0,0.0,0.0,46.64,2025-09-20 00:39:53.440,23.344722222222
Long Yeast Grow,pioreactor02,2025-09-19T22:39:53.915Z,21.36764,0.0,0.0,0.0,46.64,2025-09-20 00:39:53.915,23.344722222222
Long Yeast Grow,pioreactor02,2025-09-19T22:40:16.919Z,21.33314,0.0,0.0,0.0,46.64,2025-09-20 00:40:16.919,23.351111111111
Long Yeast Grow,pioreactor02,2025-09-19T22:40:39.915Z,21.36564,0.0,0.0,0.0,46.64,2025-09-20 00:40:39.915,23.3575
Long Yeast Grow,pioreactor02,2025-09-19T22:41:02.915Z,21.36814,0.0,0.0,0.0,46.64,2025-09-20 00:41:02.915,23.363888888889
Long Yeast Grow,pioreactor02,2025-09-19T22:41:21.972Z,21.36814,0.0,0.0,0.0,0.0,2025-09-20 00:41:21.972,23.369166666667
Long Yeast Grow,pioreactor02,2025-09-19T22:41:25.915Z,21.41814,0.0,0.0,0.0,0.0,2025-09-20 00:41:25.915,23.370277777778
Long Yeast Grow,pioreactor02,2025-09-19T22:41:48.915Z,21.36414,0.0,0.0,0.0,0.0,2025-09-20 00:41:48.915,23.376666666667
Long Yeast Grow,pioreactor02,2025-09-19T22:42:11.915Z,21.38014,0.0,0.0,0.0,0.0,2025-09-20 00:42:11.915,23.383055555556
Long Yeast Grow,pioreactor02,2025-09-19T22:42:34.915Z,21.32464,0.0,0.0,0.0,0.0,2025-09-20 00:42:34.915,23.389444444444
Long Yeast Grow,pioreactor02,2025-09-19T22:42:57.915Z,21.29914,0.0,0.0,0.0,0.0,2025-09-20 00:42:57.915,23.395833333333
Long Yeast Grow,pioreactor02,2025-09-19T22:43:13.398Z,21.29914,0.0,0.0,0.0,46.64,2025-09-20 00:43:13.398,23.400277777778
Long Yeast Grow,pioreactor02,2025-09-19T22:43:13.440Z,21.29914,0.0,0.0,0.0,46.04,2025-09-20 00:43:13.440,23.400277777778
Long Yeast Grow,pioreactor02,2025-09-19T22:43:20.915Z,21.28064,0.0,0.0,0.0,46.04,2025-09-20 00:43:20.915,23.402222222222
Long Yeast Grow,pioreactor02,2025-09-19T22:43:43.915Z,21.28164,0.0,0.0,0.0,46.04,2025-09-20 00:43:43.915,23.408611111111
Long Yeast Grow,pioreactor02,2025-09-19T22:44:06.915Z,21.73614,0.0,0.0,0.0,46.04,2025-09-20 00:44:06.915,23.415
Long Yeast Grow,pioreactor02,2025-09-19T22:44:29.915Z,21.63564,0.0,0.0,0.0,46.04,2025-09-20 00:44:29.915,23.421388888889
Long Yeast Grow,pioreactor02,2025-09-19T22:44:41.971Z,21.63564,0.0,0.0,0.0,0.0,2025-09-20 00:44:41.971,23.424722222222
Long Yeast Grow,pioreactor02,2025-09-19T22:44:52.915Z,21.50764,0.0,0.0,0.0,0.0,2025-09-20 00:44:52.915,23.427777777778
Long Yeast Grow,pioreactor02,2025-09-19T22:45:15.915Z,21.44864,0.0,0.0,0.0,0.0,2025-09-20 00:45:15.915,23.434166666667
Long Yeast Grow,pioreactor02,2025-09-19T22:45:38.915Z,21.37664,0.0,0.0,0.0,0.0,2025-09-20 00:45:38.915,23.440555555556
Long Yeast Grow,pioreactor02,2025-09-19T22:46:01.915Z,21.38214,0.0,0.0,0.0,0.0,2025-09-20 00:46:01.915,23.446944444444
Long Yeast Grow,pioreactor02,2025-09-19T22:46:24.915Z,21.36314,0.0,0.0,0.0,0.0,2025-09-20 00:46:24.915,23.453333333333
Long Yeast Grow,pioreactor02,2025-09-19T22:46:33.396Z,21.36314,0.0,0.0,0.0,46.04,2025-09-20 00:46:33.396,23.455833333333
Long Yeast Grow,pioreactor02,2025-09-19T22:46:33.440Z,21.36314,0.0,0.0,0.0,46.49,2025-09-20 00:46:33.440,23.455833333333
Long Yeast Grow,pioreactor02,2025-09-19T22:46:47.915Z,21.40714,0.0,0.0,0.0,46.49,2025-09-20 00:46:47.915,23.459722222222
Long Yeast Grow,pioreactor02,2025-09-19T22:47:10.915Z,21.38464,0.0,0.0,0.0,46.49,2025-09-20 00:47:10.915,23.466111111111
Long Yeast Grow,pioreactor02,2025-09-19T22:47:33.915Z,21.87114,0.0,0.0,0.0,46.49,2025-09-20 00:47:33.915,23.4725
Long Yeast Grow,pioreactor02,2025-09-19T22:47:56.915Z,22.30214,0.0,0.0,0.0,46.49,2025-09-20 00:47:56.915,23.478888888889
Long Yeast Grow,pioreactor02,2025-09-19T22:48:01.972Z,22.30214,0.0,0.0,0.0,0.0,2025-09-20 00:48:01.972,23.480277777778
Long Yeast Grow,pioreactor02,2025-09-19T22:48:19.915Z,22.72764,0.0,0.0,0.0,0.0,2025-09-20 00:48:19.915,23.485277777778
Long Yeast Grow,pioreactor02,2025-09-19T22:48:42.915Z,22.44314,0.0,0.0,0.0,0.0,2025-09-20 00:48:42.915,23.491666666667
Long Yeast Grow,pioreactor02,2025-09-19T22:49:05.915Z,22.18964,0.0,0.0,0.0,0.0,2025-09-20 00:49:05.915,23.498055555556
Long Yeast Grow,pioreactor02,2025-09-19T22:49:28.915Z,21.97314,0.0,0.0,0.0,0.0,2025-09-20 00:49:28.915,23.504444444444
Long Yeast Grow,pioreactor02,2025-09-19T22:49:51.915Z,21.82564,0.0,0.0,0.0,0.0,2025-09-20 00:49:51.915,23.510833333333
Long Yeast Grow,pioreactor02,2025-09-19T22:49:53.398Z,21.82564,0.0,0.0,0.0,46.49,2025-09-20 00:49:53.398,23.511388888889
Long Yeast Grow,pioreactor02,2025-09-19T22:49:53.439Z,21.82564,0.0,0.0,0.0,47.18,2025-09-20 00:49:53.439,23.511388888889
Long Yeast Grow,pioreactor02,2025-09-19T22:50:14.915Z,21.70114,0.0,0.0,0.0,47.18,2025-09-20 00:50:14.915,23.517222222222
Long Yeast Grow,pioreactor02,2025-09-19T22:50:37.915Z,21.58564,0.0,0.0,0.0,47.18,2025-09-20 00:50:37.915,23.523611111111
Long Yeast Grow,pioreactor02,2025-09-19T22:51:00.915Z,21.48964,0.0,0.0,0.0,47.18,2025-09-20 00:51:00.915,23.53
Long Yeast Grow,pioreactor02,2025-09-19T22:51:21.971Z,21.48964,0.0,0.0,0.0,0.0,2025-09-20 00:51:21.971,23.535833333333
Long Yeast Grow,pioreactor02,2025-09-19T22:51:23.919Z,21.42864,0.0,0.0,0.0,0.0,2025-09-20 00:51:23.919,23.536388888889
Long Yeast Grow,pioreactor02,2025-09-19T22:51:46.915Z,21.43814,0.0,0.0,0.0,0.0,2025-09-20 00:51:46.915,23.542777777778
Long Yeast Grow,pioreactor02,2025-09-19T22:52:09.915Z,21.42964,0.0,0.0,0.0,0.0,2025-09-20 00:52:09.915,23.549166666667
Long Yeast Grow,pioreactor02,2025-09-19T22:52:32.915Z,21.39164,0.0,0.0,0.0,0.0,2025-09-20 00:52:32.915,23.555555555556
Long Yeast Grow,pioreactor02,2025-09-19T22:52:55.915Z,21.35564,0.0,0.0,0.0,0.0,2025-09-20 00:52:55.915,23.561944444444
Long Yeast Grow,pioreactor02,2025-09-19T22:53:13.396Z,21.35564,0.0,0.0,0.0,47.18,2025-09-20 00:53:13.396,23.566944444444
Long Yeast Grow,pioreactor02,2025-09-19T22:53:13.440Z,21.35564,0.0,0.0,0.0,46.86,2025-09-20 00:53:13.440,23.566944444444
Long Yeast Grow,pioreactor02,2025-09-19T22:53:18.919Z,21.33164,0.0,0.0,0.0,46.86,2025-09-20 00:53:18.919,23.568333333333
Long Yeast Grow,pioreactor02,2025-09-19T22:53:41.915Z,21.33064,0.0,0.0,0.0,46.86,2025-09-20 00:53:41.915,23.574722222222
Long Yeast Grow,pioreactor02,2025-09-19T22:54:04.915Z,21.36564,0.0,0.0,0.0,46.86,2025-09-20 00:54:04.915,23.581111111111
Long Yeast Grow,pioreactor02,2025-09-19T22:54:27.915Z,21.34964,0.0,0.0,0.0,46.86,2025-09-20 00:54:27.915,23.5875
Long Yeast Grow,pioreactor02,2025-09-19T22:54:41.971Z,21.34964,0.0,0.0,0.0,0.0,2025-09-20 00:54:41.971,23.591388888889
Long Yeast Grow,pioreactor02,2025-09-19T22:54:50.915Z,21.32714,0.0,0.0,0.0,0.0,2025-09-20 00:54:50.915,23.593888888889
Long Yeast Grow,pioreactor02,2025-09-19T22:55:13.915Z,21.28064,0.0,0.0,0.0,0.0,2025-09-20 00:55:13.915,23.600277777778
Long Yeast Grow,pioreactor02,2025-09-19T22:55:36.915Z,21.37414,0.0,0.0,0.0,0.0,2025-09-20 00:55:36.915,23.606666666667
Long Yeast Grow,pioreactor02,2025-09-19T22:55:59.915Z,21.86314,0.0,0.0,0.0,0.0,2025-09-20 00:55:59.915,23.613055555556
Long Yeast Grow,pioreactor02,2025-09-19T22:56:22.916Z,22.30664,0.0,0.0,0.0,0.0,2025-09-20 00:56:22.916,23.619444444444
Long Yeast Grow,pioreactor02,2025-09-19T22:56:33.399Z,22.30664,0.0,0.0,0.0,46.86,2025-09-20 00:56:33.399,23.6225
Long Yeast Grow,pioreactor02,2025-09-19T22:56:33.440Z,22.30664,0.0,0.0,0.0,47.0,2025-09-20 00:56:33.440,23.6225
Long Yeast Grow,pioreactor02,2025-09-19T22:56:45.915Z,22.71214,0.0,0.0,0.0,47.0,2025-09-20 00:56:45.915,23.625833333333
Long Yeast Grow,pioreactor02,2025-09-19T22:57:08.915Z,22.43864,0.0,0.0,0.0,47.0,2025-09-20 00:57:08.915,23.632222222222
Long Yeast Grow,pioreactor02,2025-09-19T22:57:31.915Z,22.17614,0.0,0.0,0.0,47.0,2025-09-20 00:57:31.915,23.638611111111
Long Yeast Grow,pioreactor02,2025-09-19T22:57:54.915Z,21.97514,0.0,0.0,0.0,47.0,2025-09-20 00:57:54.915,23.645
Long Yeast Grow,pioreactor02,2025-09-19T22:58:01.972Z,21.97514,0.0,0.0,0.0,0.0,2025-09-20 00:58:01.972,23.646944444444
Long Yeast Grow,pioreactor02,2025-09-19T22:58:17.915Z,21.76264,0.0,0.0,0.0,0.0,2025-09-20 00:58:17.915,23.651388888889
Long Yeast Grow,pioreactor02,2025-09-19T22:58:40.915Z,21.62414,0.0,0.0,0.0,0.0,2025-09-20 00:58:40.915,23.657777777778
Long Yeast Grow,pioreactor02,2025-09-19T22:59:03.915Z,21.47714,0.0,0.0,0.0,0.0,2025-09-20 00:59:03.915,23.664166666667
Long Yeast Grow,pioreactor02,2025-09-19T22:59:26.915Z,21.41514,0.0,0.0,0.0,0.0,2025-09-20 00:59:26.915,23.670555555556
Long Yeast Grow,pioreactor02,2025-09-19T22:59:49.915Z,21.34614,0.0,0.0,0.0,0.0,2025-09-20 00:59:49.915,23.676944444444
Long Yeast Grow,pioreactor02,2025-09-19T22:59:53.395Z,21.34614,0.0,0.0,0.0,47.0,2025-09-20 00:59:53.395,23.678055555556
Long Yeast Grow,pioreactor02,2025-09-19T22:59:53.439Z,21.34614,0.0,0.0,0.0,46.55,2025-09-20 00:59:53.439,23.678055555556
Long Yeast Grow,pioreactor02,2025-09-19T23:00:12.915Z,21.35864,0.0,0.0,0.0,46.55,2025-09-20 01:00:12.915,23.683333333333
Long Yeast Grow,pioreactor02,2025-09-19T23:00:35.915Z,21.37164,0.0,0.0,0.0,46.55,2025-09-20 01:00:35.915,23.689722222222
Long Yeast Grow,pioreactor02,2025-09-19T23:00:58.915Z,21.43814,0.0,0.0,0.0,46.55,2025-09-20 01:00:58.915,23.696111111111
Long Yeast Grow,pioreactor02,2025-09-19T23:01:21.915Z,21.87614,0.0,0.0,0.0,46.55,2025-09-20 01:01:21.915,23.7025
Long Yeast Grow,pioreactor02,2025-09-19T23:01:21.972Z,21.87614,0.0,0.0,0.0,0.0,2025-09-20 01:01:21.972,23.7025
Long Yeast Grow,pioreactor02,2025-09-19T23:01:44.915Z,21.75664,0.0,0.0,0.0,0.0,2025-09-20 01:01:44.915,23.708888888889
Long Yeast Grow,pioreactor02,2025-09-19T23:02:07.915Z,21.64664,0.0,0.0,0.0,0.0,2025-09-20 01:02:07.915,23.715277777778
Long Yeast Grow,pioreactor02,2025-09-19T23:02:30.915Z,21.49714,0.0,0.0,0.0,0.0,2025-09-20 01:02:30.915,23.721666666667
Long Yeast Grow,pioreactor02,2025-09-19T23:02:53.915Z,21.43814,0.0,0.0,0.0,0.0,2025-09-20 01:02:53.915,23.728055555556
Long Yeast Grow,pioreactor02,2025-09-19T23:03:13.399Z,21.43814,0.0,0.0,0.0,46.55,2025-09-20 01:03:13.399,23.733611111111
Long Yeast Grow,pioreactor02,2025-09-19T23:03:13.443Z,21.43814,0.0,0.0,0.0,45.92,2025-09-20 01:03:13.443,23.733611111111
Long Yeast Grow,pioreactor02,2025-09-19T23:03:16.915Z,21.42464,0.0,0.0,0.0,45.92,2025-09-20 01:03:16.915,23.734444444444
Long Yeast Grow,pioreactor02,2025-09-19T23:03:39.915Z,21.42914,0.0,0.0,0.0,45.92,2025-09-20 01:03:39.915,23.740833333333
Long Yeast Grow,pioreactor02,2025-09-19T23:04:02.915Z,21.40014,0.0,0.0,0.0,45.92,2025-09-20 01:04:02.915,23.747222222222
Long Yeast Grow,pioreactor02,2025-09-19T23:04:25.915Z,21.38064,0.0,0.0,0.0,45.92,2025-09-20 01:04:25.915,23.753611111111
Long Yeast Grow,pioreactor02,2025-09-19T23:04:41.971Z,21.38064,0.0,0.0,0.0,0.0,2025-09-20 01:04:41.971,23.758055555556
Long Yeast Grow,pioreactor02,2025-09-19T23:04:48.915Z,21.34114,0.0,0.0,0.0,0.0,2025-09-20 01:04:48.915,23.76
Long Yeast Grow,pioreactor02,2025-09-19T23:05:11.915Z,21.34264,0.0,0.0,0.0,0.0,2025-09-20 01:05:11.915,23.766388888889
Long Yeast Grow,pioreactor02,2025-09-19T23:05:34.915Z,21.31764,0.0,0.0,0.0,0.0,2025-09-20 01:05:34.915,23.772777777778
Long Yeast Grow,pioreactor02,2025-09-19T23:05:57.919Z,21.32114,0.0,0.0,0.0,0.0,2025-09-20 01:05:57.919,23.779166666667
Long Yeast Grow,pioreactor02,2025-09-19T23:06:20.915Z,21.30814,0.0,0.0,0.0,0.0,2025-09-20 01:06:20.915,23.785555555556
Long Yeast Grow,pioreactor02,2025-09-19T23:06:33.397Z,21.30814,0.0,0.0,0.0,45.92,2025-09-20 01:06:33.397,23.789166666667
Long Yeast Grow,pioreactor02,2025-09-19T23:06:33.439Z,21.30814,0.0,0.0,0.0,45.54,2025-09-20 01:06:33.439,23.789166666667
Long Yeast Grow,pioreactor02,2025-09-19T23:06:43.915Z,21.34114,0.0,0.0,0.0,45.54,2025-09-20 01:06:43.915,23.791944444444
Long Yeast Grow,pioreactor02,2025-09-19T23:07:06.915Z,21.29414,0.0,0.0,0.0,45.54,2025-09-20 01:07:06.915,23.798333333333
Long Yeast Grow,pioreactor02,2025-09-19T23:07:29.915Z,21.72514,0.0,0.0,0.0,45.54,2025-09-20 01:07:29.915,23.804722222222
Long Yeast Grow,pioreactor02,2025-09-19T23:07:52.915Z,21.61564,0.0,0.0,0.0,45.54,2025-09-20 01:07:52.915,23.811111111111
Long Yeast Grow,pioreactor02,2025-09-19T23:08:01.971Z,21.61564,0.0,0.0,0.0,0.0,2025-09-20 01:08:01.971,23.813611111111
Long Yeast Grow,pioreactor02,2025-09-19T23:08:15.915Z,21.51614,0.0,0.0,0.0,0.0,2025-09-20 01:08:15.915,23.8175
Long Yeast Grow,pioreactor02,2025-09-19T23:08:38.915Z,21.43464,0.0,0.0,0.0,0.0,2025-09-20 01:08:38.915,23.823888888889
Long Yeast Grow,pioreactor02,2025-09-19T23:09:01.915Z,21.38614,0.0,0.0,0.0,0.0,2025-09-20 01:09:01.915,23.830277777778
Long Yeast Grow,pioreactor02,2025-09-19T23:09:24.915Z,21.34864,0.0,0.0,0.0,0.0,2025-09-20 01:09:24.915,23.836666666667
Long Yeast Grow,pioreactor02,2025-09-19T23:09:47.915Z,21.27264,0.0,0.0,0.0,0.0,2025-09-20 01:09:47.915,23.843055555556
Long Yeast Grow,pioreactor02,2025-09-19T23:09:53.397Z,21.27264,0.0,0.0,0.0,45.54,2025-09-20 01:09:53.397,23.844722222222
Long Yeast Grow,pioreactor02,2025-09-19T23:09:53.439Z,21.27264,0.0,0.0,0.0,46.86,2025-09-20 01:09:53.439,23.844722222222
Long Yeast Grow,pioreactor02,2025-09-19T23:10:10.915Z,21.25014,0.0,0.0,0.0,46.86,2025-09-20 01:10:10.915,23.849444444444
Long Yeast Grow,pioreactor02,2025-09-19T23:10:33.915Z,21.65964,0.0,0.0,0.0,46.86,2025-09-20 01:10:33.915,23.855833333333
Long Yeast Grow,pioreactor02,2025-09-19T23:10:56.915Z,21.54464,0.0,0.0,0.0,46.86,2025-09-20 01:10:56.915,23.862222222222
Long Yeast Grow,pioreactor02,2025-09-19T23:11:19.915Z,21.45114,0.0,0.0,0.0,46.86,2025-09-20 01:11:19.915,23.868611111111
Long Yeast Grow,pioreactor02,2025-09-19T23:11:21.971Z,21.45114,0.0,0.0,0.0,0.0,2025-09-20 01:11:21.971,23.869166666667
Long Yeast Grow,pioreactor02,2025-09-19T23:11:42.915Z,21.44864,0.0,0.0,0.0,0.0,2025-09-20 01:11:42.915,23.875
Long Yeast Grow,pioreactor02,2025-09-19T23:12:05.915Z,21.35364,0.0,0.0,0.0,0.0,2025-09-20 01:12:05.915,23.881388888889
Long Yeast Grow,pioreactor02,2025-09-19T23:12:28.915Z,21.32964,0.0,0.0,0.0,0.0,2025-09-20 01:12:28.915,23.887777777778
Long Yeast Grow,pioreactor02,2025-09-19T23:12:51.915Z,21.34614,0.0,0.0,0.0,0.0,2025-09-20 01:12:51.915,23.894166666667
Long Yeast Grow,pioreactor02,2025-09-19T23:13:13.397Z,21.34614,0.0,0.0,0.0,46.86,2025-09-20 01:13:13.397,23.900277777778
Long Yeast Grow,pioreactor02,2025-09-19T23:13:13.440Z,21.34614,0.0,0.0,0.0,45.75,2025-09-20 01:13:13.440,23.900277777778
Long Yeast Grow,pioreactor02,2025-09-19T23:13:14.915Z,21.40864,0.0,0.0,0.0,45.75,2025-09-20 01:13:14.915,23.900555555556
Long Yeast Grow,pioreactor02,2025-09-19T23:13:37.915Z,21.68964,0.0,0.0,0.0,45.75,2025-09-20 01:13:37.915,23.906944444444
Long Yeast Grow,pioreactor02,2025-09-19T23:14:00.915Z,21.56114,0.0,0.0,0.0,45.75,2025-09-20 01:14:00.915,23.913333333333
Long Yeast Grow,pioreactor02,2025-09-19T23:14:23.915Z,21.48914,0.0,0.0,0.0,45.75,2025-09-20 01:14:23.915,23.919722222222
Long Yeast Grow,pioreactor02,2025-09-19T23:14:41.971Z,21.48914,0.0,0.0,0.0,0.0,2025-09-20 01:14:41.971,23.924722222222
Long Yeast Grow,pioreactor02,2025-09-19T23:14:46.915Z,21.38864,0.0,0.0,0.0,0.0,2025-09-20 01:14:46.915,23.926111111111
Long Yeast Grow,pioreactor02,2025-09-19T23:15:09.915Z,21.32364,0.0,0.0,0.0,0.0,2025-09-20 01:15:09.915,23.9325
Long Yeast Grow,pioreactor02,2025-09-19T23:15:32.915Z,21.28414,0.0,0.0,0.0,0.0,2025-09-20 01:15:32.915,23.938888888889
Long Yeast Grow,pioreactor02,2025-09-19T23:15:55.915Z,21.31864,0.0,0.0,0.0,0.0,2025-09-20 01:15:55.915,23.945277777778
Long Yeast Grow,pioreactor02,2025-09-19T23:16:18.915Z,21.29864,0.0,0.0,0.0,0.0,2025-09-20 01:16:18.915,23.951666666667
Long Yeast Grow,pioreactor02,2025-09-19T23:16:33.398Z,21.29864,0.0,0.0,0.0,45.75,2025-09-20 01:16:33.398,23.955833333333
Long Yeast Grow,pioreactor02,2025-09-19T23:16:33.439Z,21.29864,0.0,0.0,0.0,45.88,2025-09-20 01:16:33.439,23.955833333333
Long Yeast Grow,pioreactor02,2025-09-19T23:16:41.915Z,21.34014,0.0,0.0,0.0,45.88,2025-09-20 01:16:41.915,23.958055555556
Long Yeast Grow,pioreactor02,2025-09-19T23:17:04.915Z,21.32414,0.0,0.0,0.0,45.88,2025-09-20 01:17:04.915,23.964444444444
Long Yeast Grow,pioreactor02,2025-09-19T23:17:27.915Z,21.35164,0.0,0.0,0.0,45.88,2025-09-20 01:17:27.915,23.970833333333
Long Yeast Grow,pioreactor02,2025-09-19T23:17:50.915Z,21.35364,0.0,0.0,0.0,45.88,2025-09-20 01:17:50.915,23.977222222222
Long Yeast Grow,pioreactor02,2025-09-19T23:18:01.971Z,21.35364,0.0,0.0,0.0,0.0,2025-09-20 01:18:01.971,23.980277777778
Long Yeast Grow,pioreactor02,2025-09-19T23:18:13.915Z,21.84964,0.0,0.0,0.0,0.0,2025-09-20 01:18:13.915,23.983611111111
Long Yeast Grow,pioreactor02,2025-09-19T23:18:36.915Z,22.27714,0.0,0.0,0.0,0.0,2025-09-20 01:18:36.915,23.99
Long Yeast Grow,pioreactor02,2025-09-19T23:18:59.915Z,22.67264,0.0,0.0,0.0,0.0,2025-09-20 01:18:59.915,23.996388888889
Long Yeast Grow,pioreactor02,2025-09-19T23:19:22.915Z,22.37614,0.0,0.0,0.0,0.0,2025-09-20 01:19:22.915,24.002777777778
Long Yeast Grow,pioreactor02,2025-09-19T23:19:45.919Z,22.14514,0.0,0.0,0.0,0.0,2025-09-20 01:19:45.919,24.009166666667
Long Yeast Grow,pioreactor02,2025-09-19T23:19:53.396Z,22.14514,0.0,0.0,0.0,45.88,2025-09-20 01:19:53.396,24.011388888889
Long Yeast Grow,pioreactor02,2025-09-19T23:19:53.439Z,22.14514,0.0,0.0,0.0,45.85,2025-09-20 01:19:53.439,24.011388888889
Long Yeast Grow,pioreactor02,2025-09-19T23:20:08.915Z,21.94914,0.0,0.0,0.0,45.85,2025-09-20 01:20:08.915,24.015555555556
Long Yeast Grow,pioreactor02,2025-09-19T23:20:31.915Z,21.80314,0.0,0.0,0.0,45.85,2025-09-20 01:20:31.915,24.021944444444
Long Yeast Grow,pioreactor02,2025-09-19T23:20:54.915Z,21.67764,0.0,0.0,0.0,45.85,2025-09-20 01:20:54.915,24.028333333333
Long Yeast Grow,pioreactor02,2025-09-19T23:21:17.915Z,21.58664,0.0,0.0,0.0,45.85,2025-09-20 01:21:17.915,24.034722222222
Long Yeast Grow,pioreactor02,2025-09-19T23:21:21.971Z,21.58664,0.0,0.0,0.0,0.0,2025-09-20 01:21:21.971,24.035833333333
Long Yeast Grow,pioreactor02,2025-09-19T23:21:40.915Z,21.49964,0.0,0.0,0.0,0.0,2025-09-20 01:21:40.915,24.041111111111
Long Yeast Grow,pioreactor02,2025-09-19T23:22:03.915Z,21.40414,0.0,0.0,0.0,0.0,2025-09-20 01:22:03.915,24.0475
Long Yeast Grow,pioreactor02,2025-09-19T23:22:26.915Z,21.34264,0.0,0.0,0.0,0.0,2025-09-20 01:22:26.915,24.053888888889
Long Yeast Grow,pioreactor02,2025-09-19T23:22:49.915Z,21.30664,0.0,0.0,0.0,0.0,2025-09-20 01:22:49.915,24.060277777778
Long Yeast Grow,pioreactor02,2025-09-19T23:23:12.915Z,21.32014,0.0,0.0,0.0,0.0,2025-09-20 01:23:12.915,24.066666666667
Long Yeast Grow,pioreactor02,2025-09-19T23:23:13.397Z,21.32014,0.0,0.0,0.0,45.85,2025-09-20 01:23:13.397,24.066944444444
Long Yeast Grow,pioreactor02,2025-09-19T23:23:13.440Z,21.32014,0.0,0.0,0.0,46.56,2025-09-20 01:23:13.440,24.066944444444
Long Yeast Grow,pioreactor02,2025-09-19T23:23:35.915Z,21.31614,0.0,0.0,0.0,46.56,2025-09-20 01:23:35.915,24.073055555556
Long Yeast Grow,pioreactor02,2025-09-19T23:23:58.915Z,21.51564,0.0,0.0,0.0,46.56,2025-09-20 01:23:58.915,24.079444444444
Long Yeast Grow,pioreactor02,2025-09-19T23:24:21.915Z,21.98264,0.0,0.0,0.0,46.56,2025-09-20 01:24:21.915,24.085833333333
Long Yeast Grow,pioreactor02,2025-09-19T23:24:41.971Z,21.98264,0.0,0.0,0.0,0.0,2025-09-20 01:24:41.971,24.091388888889
Long Yeast Grow,pioreactor02,2025-09-19T23:24:44.915Z,22.41464,0.0,0.0,0.0,0.0,2025-09-20 01:24:44.915,24.092222222222
Long Yeast Grow,pioreactor02,2025-09-19T23:25:07.915Z,22.16064,0.0,0.0,0.0,0.0,2025-09-20 01:25:07.915,24.098611111111
Long Yeast Grow,pioreactor02,2025-09-19T23:25:30.915Z,21.95764,0.0,0.0,0.0,0.0,2025-09-20 01:25:30.915,24.105
Long Yeast Grow,pioreactor02,2025-09-19T23:25:53.915Z,21.74514,0.0,0.0,0.0,0.0,2025-09-20 01:25:53.915,24.111388888889
Long Yeast Grow,pioreactor02,2025-09-19T23:26:16.915Z,21.61714,0.0,0.0,0.0,0.0,2025-09-20 01:26:16.915,24.117777777778
Long Yeast Grow,pioreactor02,2025-09-19T23:26:33.397Z,21.61714,0.0,0.0,0.0,46.56,2025-09-20 01:26:33.397,24.1225
Long Yeast Grow,pioreactor02,2025-09-19T23:26:33.444Z,21.61714,0.0,0.0,0.0,44.03,2025-09-20 01:26:33.444,24.1225
Long Yeast Grow,pioreactor02,2025-09-19T23:26:39.915Z,21.59014,0.0,0.0,0.0,44.03,2025-09-20 01:26:39.915,24.124166666667
Long Yeast Grow,pioreactor02,2025-09-19T23:27:02.915Z,21.56964,0.0,0.0,0.0,44.03,2025-09-20 01:27:02.915,24.130555555556
Long Yeast Grow,pioreactor02,2025-09-19T23:27:25.915Z,21.51314,0.0,0.0,0.0,44.03,2025-09-20 01:27:25.915,24.136944444444
Long Yeast Grow,pioreactor02,2025-09-19T23:27:48.915Z,21.45314,0.0,0.0,0.0,44.03,2025-09-20 01:27:48.915,24.143333333333
Long Yeast Grow,pioreactor02,2025-09-19T23:28:01.972Z,21.45314,0.0,0.0,0.0,0.0,2025-09-20 01:28:01.972,24.146944444444
Long Yeast Grow,pioreactor02,2025-09-19T23:28:11.915Z,21.33814,0.0,0.0,0.0,0.0,2025-09-20 01:28:11.915,24.149722222222
Long Yeast Grow,pioreactor02,2025-09-19T23:28:34.915Z,21.34314,0.0,0.0,0.0,0.0,2025-09-20 01:28:34.915,24.156111111111
Long Yeast Grow,pioreactor02,2025-09-19T23:28:57.915Z,21.30164,0.0,0.0,0.0,0.0,2025-09-20 01:28:57.915,24.1625
Long Yeast Grow,pioreactor02,2025-09-19T23:29:20.915Z,21.28364,0.0,0.0,0.0,0.0,2025-09-20 01:29:20.915,24.168888888889
Long Yeast Grow,pioreactor02,2025-09-19T23:29:43.915Z,21.26814,0.0,0.0,0.0,0.0,2025-09-20 01:29:43.915,24.175277777778
Long Yeast Grow,pioreactor02,2025-09-19T23:29:53.397Z,21.26814,0.0,0.0,0.0,44.03,2025-09-20 01:29:53.397,24.178055555556
Long Yeast Grow,pioreactor02,2025-09-19T23:29:53.440Z,21.26814,0.0,0.0,0.0,46.35,2025-09-20 01:29:53.440,24.178055555556
Long Yeast Grow,pioreactor02,2025-09-19T23:30:06.915Z,21.29164,0.0,0.0,0.0,46.35,2025-09-20 01:30:06.915,24.181666666667
Long Yeast Grow,pioreactor02,2025-09-19T23:30:29.915Z,21.28714,0.0,0.0,0.0,46.35,2025-09-20 01:30:29.915,24.188055555556
Long Yeast Grow,pioreactor02,2025-09-19T23:30:52.915Z,21.25364,0.0,0.0,0.0,46.35,2025-09-20 01:30:52.915,24.194444444444
Long Yeast Grow,pioreactor02,2025-09-19T23:31:15.915Z,21.25114,0.0,0.0,0.0,46.35,2025-09-20 01:31:15.915,24.200833333333
Long Yeast Grow,pioreactor02,2025-09-19T23:31:21.971Z,21.25114,0.0,0.0,0.0,0.0,2025-09-20 01:31:21.971,24.2025
Long Yeast Grow,pioreactor02,2025-09-19T23:31:38.915Z,21.24764,0.0,0.0,0.0,0.0,2025-09-20 01:31:38.915,24.207222222222
Long Yeast Grow,pioreactor02,2025-09-19T23:32:01.915Z,21.67964,0.0,0.0,0.0,0.0,2025-09-20 01:32:01.915,24.213611111111
Long Yeast Grow,pioreactor02,2025-09-19T23:32:24.915Z,21.58364,0.0,0.0,0.0,0.0,2025-09-20 01:32:24.915,24.22
Long Yeast Grow,pioreactor02,2025-09-19T23:32:47.915Z,21.47014,0.0,0.0,0.0,0.0,2025-09-20 01:32:47.915,24.226388888889
Long Yeast Grow,pioreactor02,2025-09-19T23:33:10.915Z,21.36464,0.0,0.0,0.0,0.0,2025-09-20 01:33:10.915,24.232777777778
Long Yeast Grow,pioreactor02,2025-09-19T23:33:13.398Z,21.36464,0.0,0.0,0.0,46.35,2025-09-20 01:33:13.398,24.233611111111
Long Yeast Grow,pioreactor02,2025-09-19T23:33:13.444Z,21.36464,0.0,0.0,0.0,44.74,2025-09-20 01:33:13.444,24.233611111111
Long Yeast Grow,pioreactor02,2025-09-19T23:33:33.915Z,21.32714,0.0,0.0,0.0,44.74,2025-09-20 01:33:33.915,24.239166666667
Long Yeast Grow,pioreactor02,2025-09-19T23:33:56.915Z,21.31014,0.0,0.0,0.0,44.74,2025-09-20 01:33:56.915,24.245555555556
Long Yeast Grow,pioreactor02,2025-09-19T23:34:19.915Z,21.30964,0.0,0.0,0.0,44.74,2025-09-20 01:34:19.915,24.251944444444
Long Yeast Grow,pioreactor02,2025-09-19T23:34:41.972Z,21.30964,0.0,0.0,0.0,0.0,2025-09-20 01:34:41.972,24.258055555556
Long Yeast Grow,pioreactor02,2025-09-19T23:34:42.915Z,21.30514,0.0,0.0,0.0,0.0,2025-09-20 01:34:42.915,24.258333333333
Long Yeast Grow,pioreactor02,2025-09-19T23:35:05.915Z,21.30464,0.0,0.0,0.0,0.0,2025-09-20 01:35:05.915,24.264722222222
Long Yeast Grow,pioreactor02,2025-09-19T23:35:28.915Z,21.28714,0.0,0.0,0.0,0.0,2025-09-20 01:35:28.915,24.271111111111
Long Yeast Grow,pioreactor02,2025-09-19T23:35:51.915Z,21.29864,0.0,0.0,0.0,0.0,2025-09-20 01:35:51.915,24.2775
Long Yeast Grow,pioreactor02,2025-09-19T23:36:14.915Z,21.24964,0.0,0.0,0.0,0.0,2025-09-20 01:36:14.915,24.283888888889
Long Yeast Grow,pioreactor02,2025-09-19T23:36:33.399Z,21.24964,0.0,0.0,0.0,44.74,2025-09-20 01:36:33.399,24.289166666667
Long Yeast Grow,pioreactor02,2025-09-19T23:36:33.439Z,21.24964,0.0,0.0,0.0,45.46,2025-09-20 01:36:33.439,24.289166666667
Long Yeast Grow,pioreactor02,2025-09-19T23:36:37.915Z,21.24114,0.0,0.0,0.0,45.46,2025-09-20 01:36:37.915,24.290277777778
Long Yeast Grow,pioreactor02,2025-09-19T23:37:00.915Z,21.24314,0.0,0.0,0.0,45.46,2025-09-20 01:37:00.915,24.296666666667
Long Yeast Grow,pioreactor02,2025-09-19T23:37:23.915Z,21.66514,0.0,0.0,0.0,45.46,2025-09-20 01:37:23.915,24.303055555556
Long Yeast Grow,pioreactor02,2025-09-19T23:37:46.915Z,21.56314,0.0,0.0,0.0,45.46,2025-09-20 01:37:46.915,24.309444444444
Long Yeast Grow,pioreactor02,2025-09-19T23:38:01.971Z,21.56314,0.0,0.0,0.0,0.0,2025-09-20 01:38:01.971,24.313611111111
Long Yeast Grow,pioreactor02,2025-09-19T23:38:09.915Z,21.47014,0.0,0.0,0.0,0.0,2025-09-20 01:38:09.915,24.315833333333
Long Yeast Grow,pioreactor02,2025-09-19T23:38:32.915Z,21.37964,0.0,0.0,0.0,0.0,2025-09-20 01:38:32.915,24.322222222222
Long Yeast Grow,pioreactor02,2025-09-19T23:38:55.915Z,21.32964,0.0,0.0,0.0,0.0,2025-09-20 01:38:55.915,24.328611111111
Long Yeast Grow,pioreactor02,2025-09-19T23:39:18.915Z,21.30264,0.0,0.0,0.0,0.0,2025-09-20 01:39:18.915,24.335
Long Yeast Grow,pioreactor02,2025-09-19T23:39:41.915Z,21.32564,0.0,0.0,0.0,0.0,2025-09-20 01:39:41.915,24.341388888889
Long Yeast Grow,pioreactor02,2025-09-19T23:39:53.397Z,21.32564,0.0,0.0,0.0,45.46,2025-09-20 01:39:53.397,24.344722222222
Long Yeast Grow,pioreactor02,2025-09-19T23:39:53.440Z,21.32564,0.0,0.0,0.0,46.42,2025-09-20 01:39:53.440,24.344722222222
Long Yeast Grow,pioreactor02,2025-09-19T23:40:04.915Z,21.32414,0.0,0.0,0.0,46.42,2025-09-20 01:40:04.915,24.347777777778
Long Yeast Grow,pioreactor02,2025-09-19T23:40:27.915Z,21.45764,0.0,0.0,0.0,46.42,2025-09-20 01:40:27.915,24.354166666667
Long Yeast Grow,pioreactor02,2025-09-19T23:40:50.915Z,21.44014,0.0,0.0,0.0,46.42,2025-09-20 01:40:50.915,24.360555555556
Long Yeast Grow,pioreactor02,2025-09-19T23:41:13.915Z,21.39914,0.0,0.0,0.0,46.42,2025-09-20 01:41:13.915,24.366944444444
Long Yeast Grow,pioreactor02,2025-09-19T23:41:21.971Z,21.39914,0.0,0.0,0.0,0.0,2025-09-20 01:41:21.971,24.369166666667
Long Yeast Grow,pioreactor02,2025-09-19T23:41:36.915Z,21.36664,0.0,0.0,0.0,0.0,2025-09-20 01:41:36.915,24.373333333333
Long Yeast Grow,pioreactor02,2025-09-19T23:41:59.915Z,21.39814,0.0,0.0,0.0,0.0,2025-09-20 01:41:59.915,24.379722222222
Long Yeast Grow,pioreactor02,2025-09-19T23:42:22.915Z,21.32014,0.0,0.0,0.0,0.0,2025-09-20 01:42:22.915,24.386111111111
Long Yeast Grow,pioreactor02,2025-09-19T23:42:45.915Z,21.31614,0.0,0.0,0.0,0.0,2025-09-20 01:42:45.915,24.3925
Long Yeast Grow,pioreactor02,2025-09-19T23:43:08.915Z,21.30014,0.0,0.0,0.0,0.0,2025-09-20 01:43:08.915,24.398888888889
Long Yeast Grow,pioreactor02,2025-09-19T23:43:13.397Z,21.30014,0.0,0.0,0.0,46.42,2025-09-20 01:43:13.397,24.400277777778
Long Yeast Grow,pioreactor02,2025-09-19T23:43:13.440Z,21.30014,0.0,0.0,0.0,46.5,2025-09-20 01:43:13.440,24.400277777778
Long Yeast Grow,pioreactor02,2025-09-19T23:43:31.915Z,21.35514,0.0,0.0,0.0,46.5,2025-09-20 01:43:31.915,24.405277777778
Long Yeast Grow,pioreactor02,2025-09-19T23:43:54.915Z,21.35664,0.0,0.0,0.0,46.5,2025-09-20 01:43:54.915,24.411666666667
Long Yeast Grow,pioreactor02,2025-09-19T23:44:17.915Z,21.35564,0.0,0.0,0.0,46.5,2025-09-20 01:44:17.915,24.418055555556
Long Yeast Grow,pioreactor02,2025-09-19T23:44:40.915Z,21.32714,0.0,0.0,0.0,46.5,2025-09-20 01:44:40.915,24.424444444444
Long Yeast Grow,pioreactor02,2025-09-19T23:44:41.971Z,21.32714,0.0,0.0,0.0,0.0,2025-09-20 01:44:41.971,24.424722222222
Long Yeast Grow,pioreactor02,2025-09-19T23:45:03.915Z,21.29714,0.0,0.0,0.0,0.0,2025-09-20 01:45:03.915,24.430833333333
Long Yeast Grow,pioreactor02,2025-09-19T23:45:26.915Z,21.29664,0.0,0.0,0.0,0.0,2025-09-20 01:45:26.915,24.437222222222
Long Yeast Grow,pioreactor02,2025-09-19T23:45:49.915Z,21.30214,0.0,0.0,0.0,0.0,2025-09-20 01:45:49.915,24.443611111111
Long Yeast Grow,pioreactor02,2025-09-19T23:46:12.915Z,21.26614,0.0,0.0,0.0,0.0,2025-09-20 01:46:12.915,24.45
Long Yeast Grow,pioreactor02,2025-09-19T23:46:33.397Z,21.26614,0.0,0.0,0.0,46.5,2025-09-20 01:46:33.397,24.455833333333
Long Yeast Grow,pioreactor02,2025-09-19T23:46:33.439Z,21.26614,0.0,0.0,0.0,45.25,2025-09-20 01:46:33.439,24.455833333333
Long Yeast Grow,pioreactor02,2025-09-19T23:46:35.915Z,21.31514,0.0,0.0,0.0,45.25,2025-09-20 01:46:35.915,24.456388888889
Long Yeast Grow,pioreactor02,2025-09-19T23:46:58.919Z,21.31264,0.0,0.0,0.0,45.25,2025-09-20 01:46:58.919,24.462777777778
Long Yeast Grow,pioreactor02,2025-09-19T23:47:21.915Z,21.29964,0.0,0.0,0.0,45.25,2025-09-20 01:47:21.915,24.469166666667
Long Yeast Grow,pioreactor02,2025-09-19T23:47:44.915Z,21.28314,0.0,0.0,0.0,45.25,2025-09-20 01:47:44.915,24.475555555556
Long Yeast Grow,pioreactor02,2025-09-19T23:48:01.971Z,21.28314,0.0,0.0,0.0,0.0,2025-09-20 01:48:01.971,24.480277777778
Long Yeast Grow,pioreactor02,2025-09-19T23:48:07.915Z,21.22714,0.0,0.0,0.0,0.0,2025-09-20 01:48:07.915,24.481944444444
Long Yeast Grow,pioreactor02,2025-09-19T23:48:30.915Z,21.17264,0.0,0.0,0.0,0.0,2025-09-20 01:48:30.915,24.488333333333
Long Yeast Grow,pioreactor02,2025-09-19T23:48:53.915Z,21.16464,0.0,0.0,0.0,0.0,2025-09-20 01:48:53.915,24.494722222222
Long Yeast Grow,pioreactor02,2025-09-19T23:49:16.915Z,21.22264,0.0,0.0,0.0,0.0,2025-09-20 01:49:16.915,24.501111111111
Long Yeast Grow,pioreactor02,2025-09-19T23:49:39.915Z,21.72014,0.0,0.0,0.0,0.0,2025-09-20 01:49:39.915,24.5075
Long Yeast Grow,pioreactor02,2025-09-19T23:49:53.398Z,21.72014,0.0,0.0,0.0,45.25,2025-09-20 01:49:53.398,24.511388888889
Long Yeast Grow,pioreactor02,2025-09-19T23:49:53.441Z,21.72014,0.0,0.0,0.0,45.32,2025-09-20 01:49:53.441,24.511388888889
Long Yeast Grow,pioreactor02,2025-09-19T23:50:02.915Z,22.16364,0.0,0.0,0.0,45.32,2025-09-20 01:50:02.915,24.513888888889
Long Yeast Grow,pioreactor02,2025-09-19T23:50:25.915Z,22.57614,0.0,0.0,0.0,45.32,2025-09-20 01:50:25.915,24.520277777778
Long Yeast Grow,pioreactor02,2025-09-19T23:50:48.915Z,22.28564,0.0,0.0,0.0,45.32,2025-09-20 01:50:48.915,24.526666666667
Long Yeast Grow,pioreactor02,2025-09-19T23:51:11.915Z,22.06314,0.0,0.0,0.0,45.32,2025-09-20 01:51:11.915,24.533055555556
Long Yeast Grow,pioreactor02,2025-09-19T23:51:21.972Z,22.06314,0.0,0.0,0.0,0.0,2025-09-20 01:51:21.972,24.535833333333
Long Yeast Grow,pioreactor02,2025-09-19T23:51:34.915Z,21.85314,0.0,0.0,0.0,0.0,2025-09-20 01:51:34.915,24.539444444444
Long Yeast Grow,pioreactor02,2025-09-19T23:51:57.915Z,21.69214,0.0,0.0,0.0,0.0,2025-09-20 01:51:57.915,24.545833333333
Long Yeast Grow,pioreactor02,2025-09-19T23:52:20.915Z,21.61564,0.0,0.0,0.0,0.0,2025-09-20 01:52:20.915,24.552222222222
Long Yeast Grow,pioreactor02,2025-09-19T23:52:43.915Z,21.54214,0.0,0.0,0.0,0.0,2025-09-20 01:52:43.915,24.558611111111
Long Yeast Grow,pioreactor02,2025-09-19T23:53:06.915Z,21.46864,0.0,0.0,0.0,0.0,2025-09-20 01:53:06.915,24.565
Long Yeast Grow,pioreactor02,2025-09-19T23:53:13.397Z,21.46864,0.0,0.0,0.0,45.32,2025-09-20 01:53:13.397,24.566944444444
Long Yeast Grow,pioreactor02,2025-09-19T23:53:13.440Z,21.46864,0.0,0.0,0.0,45.24,2025-09-20 01:53:13.440,24.566944444444
Long Yeast Grow,pioreactor02,2025-09-19T23:53:29.915Z,21.39664,0.0,0.0,0.0,45.24,2025-09-20 01:53:29.915,24.571388888889
Long Yeast Grow,pioreactor02,2025-09-19T23:53:52.915Z,21.35314,0.0,0.0,0.0,45.24,2025-09-20 01:53:52.915,24.577777777778
Long Yeast Grow,pioreactor02,2025-09-19T23:54:15.915Z,21.33914,0.0,0.0,0.0,45.24,2025-09-20 01:54:15.915,24.584166666667
Long Yeast Grow,pioreactor02,2025-09-19T23:54:38.915Z,21.36014,0.0,0.0,0.0,45.24,2025-09-20 01:54:38.915,24.590555555556
Long Yeast Grow,pioreactor02,2025-09-19T23:54:41.972Z,21.36014,0.0,0.0,0.0,0.0,2025-09-20 01:54:41.972,24.591388888889
Long Yeast Grow,pioreactor02,2025-09-19T23:55:01.915Z,21.26864,0.0,0.0,0.0,0.0,2025-09-20 01:55:01.915,24.596944444444
Long Yeast Grow,pioreactor02,2025-09-19T23:55:24.915Z,21.26364,0.0,0.0,0.0,0.0,2025-09-20 01:55:24.915,24.603333333333
Long Yeast Grow,pioreactor02,2025-09-19T23:55:47.915Z,21.33064,0.0,0.0,0.0,0.0,2025-09-20 01:55:47.915,24.609722222222
Long Yeast Grow,pioreactor02,2025-09-19T23:56:10.915Z,21.28164,0.0,0.0,0.0,0.0,2025-09-20 01:56:10.915,24.616111111111
Long Yeast Grow,pioreactor02,2025-09-19T23:56:33.397Z,21.28164,0.0,0.0,0.0,45.24,2025-09-20 01:56:33.397,24.6225
Long Yeast Grow,pioreactor02,2025-09-19T23:56:33.440Z,21.28164,0.0,0.0,0.0,44.39,2025-09-20 01:56:33.440,24.6225
Long Yeast Grow,pioreactor02,2025-09-19T23:56:33.915Z,21.27814,0.0,0.0,0.0,44.39,2025-09-20 01:56:33.915,24.6225
Long Yeast Grow,pioreactor02,2025-09-19T23:56:56.915Z,21.32314,0.0,0.0,0.0,44.39,2025-09-20 01:56:56.915,24.628888888889
Long Yeast Grow,pioreactor02,2025-09-19T23:57:19.915Z,21.32714,0.0,0.0,0.0,44.39,2025-09-20 01:57:19.915,24.635277777778
Long Yeast Grow,pioreactor02,2025-09-19T23:57:42.915Z,21.59364,0.0,0.0,0.0,44.39,2025-09-20 01:57:42.915,24.641666666667
Long Yeast Grow,pioreactor02,2025-09-19T23:58:01.971Z,21.59364,0.0,0.0,0.0,0.0,2025-09-20 01:58:01.971,24.646944444444
Long Yeast Grow,pioreactor02,2025-09-19T23:58:05.915Z,22.07914,0.0,0.0,0.0,0.0,2025-09-20 01:58:05.915,24.648055555556
Long Yeast Grow,pioreactor02,2025-09-19T23:58:28.915Z,22.53064,0.0,0.0,0.0,0.0,2025-09-20 01:58:28.915,24.654444444444
Long Yeast Grow,pioreactor02,2025-09-19T23:58:51.915Z,22.93214,0.0,0.0,0.0,0.0,2025-09-20 01:58:51.915,24.660833333333
Long Yeast Grow,pioreactor02,2025-09-19T23:59:14.915Z,22.57514,0.0,0.0,0.0,0.0,2025-09-20 01:59:14.915,24.667222222222
Long Yeast Grow,pioreactor02,2025-09-19T23:59:37.915Z,22.31514,0.0,0.0,0.0,0.0,2025-09-20 01:59:37.915,24.673611111111
Long Yeast Grow,pioreactor02,2025-09-19T23:59:53.396Z,22.31514,0.0,0.0,0.0,44.39,2025-09-20 01:59:53.396,24.678055555556
Long Yeast Grow,pioreactor02,2025-09-19T23:59:53.439Z,22.31514,0.0,0.0,0.0,43.14,2025-09-20 01:59:53.439,24.678055555556
Long Yeast Grow,pioreactor02,2025-09-20T00:00:00.915Z,22.11964,0.0,0.0,0.0,43.14,2025-09-20 02:00:00.915,24.68
Long Yeast Grow,pioreactor02,2025-09-20T00:00:23.915Z,21.93264,0.0,0.0,0.0,43.14,2025-09-20 02:00:23.915,24.686388888889
Long Yeast Grow,pioreactor02,2025-09-20T00:00:46.915Z,21.77014,0.0,0.0,0.0,43.14,2025-09-20 02:00:46.915,24.692777777778
Long Yeast Grow,pioreactor02,2025-09-20T00:01:09.915Z,21.65764,0.0,0.0,0.0,43.14,2025-09-20 02:01:09.915,24.699166666667
Long Yeast Grow,pioreactor02,2025-09-20T00:01:21.971Z,21.65764,0.0,0.0,0.0,0.0,2025-09-20 02:01:21.971,24.7025
Long Yeast Grow,pioreactor02,2025-09-20T00:01:32.915Z,21.53564,0.0,0.0,0.0,0.0,2025-09-20 02:01:32.915,24.705555555556
Long Yeast Grow,pioreactor02,2025-09-20T00:01:55.915Z,21.45414,0.0,0.0,0.0,0.0,2025-09-20 02:01:55.915,24.711944444444
Long Yeast Grow,pioreactor02,2025-09-20T00:02:18.915Z,21.36714,0.0,0.0,0.0,0.0,2025-09-20 02:02:18.915,24.718333333333
Long Yeast Grow,pioreactor02,2025-09-20T00:02:41.915Z,21.86764,0.0,0.0,0.0,0.0,2025-09-20 02:02:41.915,24.724722222222
Long Yeast Grow,pioreactor02,2025-09-20T00:03:04.915Z,22.31364,0.0,0.0,0.0,0.0,2025-09-20 02:03:04.915,24.731111111111
Long Yeast Grow,pioreactor02,2025-09-20T00:03:13.397Z,22.31364,0.0,0.0,0.0,43.14,2025-09-20 02:03:13.397,24.733611111111
Long Yeast Grow,pioreactor02,2025-09-20T00:03:13.440Z,22.31364,0.0,0.0,0.0,44.67,2025-09-20 02:03:13.440,24.733611111111
Long Yeast Grow,pioreactor02,2025-09-20T00:03:27.915Z,22.74564,0.0,0.0,0.0,44.67,2025-09-20 02:03:27.915,24.7375
Long Yeast Grow,pioreactor02,2025-09-20T00:03:50.915Z,23.12064,0.0,0.0,0.0,44.67,2025-09-20 02:03:50.915,24.743888888889
Long Yeast Grow,pioreactor02,2025-09-20T00:04:13.915Z,22.76564,0.0,0.0,0.0,44.67,2025-09-20 02:04:13.915,24.750277777778
Long Yeast Grow,pioreactor02,2025-09-20T00:04:36.915Z,22.43114,0.0,0.0,0.0,44.67,2025-09-20 02:04:36.915,24.756666666667
Long Yeast Grow,pioreactor02,2025-09-20T00:04:41.971Z,22.43114,0.0,0.0,0.0,0.0,2025-09-20 02:04:41.971,24.758055555556
Long Yeast Grow,pioreactor02,2025-09-20T00:04:59.915Z,22.14414,0.0,0.0,0.0,0.0,2025-09-20 02:04:59.915,24.763055555556
Long Yeast Grow,pioreactor02,2025-09-20T00:05:22.915Z,21.93214,0.0,0.0,0.0,0.0,2025-09-20 02:05:22.915,24.769444444444
Long Yeast Grow,pioreactor02,2025-09-20T00:05:45.915Z,21.81814,0.0,0.0,0.0,0.0,2025-09-20 02:05:45.915,24.775833333333
Long Yeast Grow,pioreactor02,2025-09-20T00:06:08.915Z,21.66164,0.0,0.0,0.0,0.0,2025-09-20 02:06:08.915,24.782222222222
Long Yeast Grow,pioreactor02,2025-09-20T00:06:31.915Z,21.57114,0.0,0.0,0.0,0.0,2025-09-20 02:06:31.915,24.788611111111
Long Yeast Grow,pioreactor02,2025-09-20T00:06:33.399Z,21.57114,0.0,0.0,0.0,44.67,2025-09-20 02:06:33.399,24.789166666667
Long Yeast Grow,pioreactor02,2025-09-20T00:06:33.440Z,21.57114,0.0,0.0,0.0,43.48,2025-09-20 02:06:33.440,24.789166666667
Long Yeast Grow,pioreactor02,2025-09-20T00:06:54.915Z,21.51264,0.0,0.0,0.0,43.48,2025-09-20 02:06:54.915,24.795
Long Yeast Grow,pioreactor02,2025-09-20T00:07:17.915Z,21.45064,0.0,0.0,0.0,43.48,2025-09-20 02:07:17.915,24.801388888889
Long Yeast Grow,pioreactor02,2025-09-20T00:07:40.915Z,21.38464,0.0,0.0,0.0,43.48,2025-09-20 02:07:40.915,24.807777777778
Long Yeast Grow,pioreactor02,2025-09-20T00:08:01.971Z,21.38464,0.0,0.0,0.0,0.0,2025-09-20 02:08:01.971,24.813611111111
Long Yeast Grow,pioreactor02,2025-09-20T00:08:03.915Z,21.34864,0.0,0.0,0.0,0.0,2025-09-20 02:08:03.915,24.814166666667
Long Yeast Grow,pioreactor02,2025-09-20T00:08:26.915Z,21.30414,0.0,0.0,0.0,0.0,2025-09-20 02:08:26.915,24.820555555556
Long Yeast Grow,pioreactor02,2025-09-20T00:08:49.915Z,21.80664,0.0,0.0,0.0,0.0,2025-09-20 02:08:49.915,24.826944444444
Long Yeast Grow,pioreactor02,2025-09-20T00:09:12.915Z,22.25064,0.0,0.0,0.0,0.0,2025-09-20 02:09:12.915,24.833333333333
Long Yeast Grow,pioreactor02,2025-09-20T00:09:35.915Z,22.66364,0.0,0.0,0.0,0.0,2025-09-20 02:09:35.915,24.839722222222
Long Yeast Grow,pioreactor02,2025-09-20T00:09:53.396Z,22.66364,0.0,0.0,0.0,43.48,2025-09-20 02:09:53.396,24.844722222222
Long Yeast Grow,pioreactor02,2025-09-20T00:09:53.441Z,22.66364,0.0,0.0,0.0,43.19,2025-09-20 02:09:53.441,24.844722222222
Long Yeast Grow,pioreactor02,2025-09-20T00:09:58.915Z,22.40714,0.0,0.0,0.0,43.19,2025-09-20 02:09:58.915,24.846111111111
Long Yeast Grow,pioreactor02,2025-09-20T00:10:21.915Z,22.18314,0.0,0.0,0.0,43.19,2025-09-20 02:10:21.915,24.8525
Long Yeast Grow,pioreactor02,2025-09-20T00:10:44.915Z,21.96864,0.0,0.0,0.0,43.19,2025-09-20 02:10:44.915,24.858888888889
Long Yeast Grow,pioreactor02,2025-09-20T00:11:07.915Z,21.82964,0.0,0.0,0.0,43.19,2025-09-20 02:11:07.915,24.865277777778
Long Yeast Grow,pioreactor02,2025-09-20T00:11:21.971Z,21.82964,0.0,0.0,0.0,0.0,2025-09-20 02:11:21.971,24.869166666667
Long Yeast Grow,pioreactor02,2025-09-20T00:11:30.915Z,21.67264,0.0,0.0,0.0,0.0,2025-09-20 02:11:30.915,24.871666666667
Long Yeast Grow,pioreactor02,2025-09-20T00:11:53.915Z,21.55364,0.0,0.0,0.0,0.0,2025-09-20 02:11:53.915,24.878055555556
Long Yeast Grow,pioreactor02,2025-09-20T00:12:16.915Z,21.50614,0.0,0.0,0.0,0.0,2025-09-20 02:12:16.915,24.884444444444
Long Yeast Grow,pioreactor02,2025-09-20T00:12:39.915Z,21.44564,0.0,0.0,0.0,0.0,2025-09-20 02:12:39.915,24.890833333333
Long Yeast Grow,pioreactor02,2025-09-20T00:13:02.915Z,21.43964,0.0,0.0,0.0,0.0,2025-09-20 02:13:02.915,24.897222222222
Long Yeast Grow,pioreactor02,2025-09-20T00:13:13.397Z,21.43964,0.0,0.0,0.0,43.19,2025-09-20 02:13:13.397,24.900277777778
Long Yeast Grow,pioreactor02,2025-09-20T00:13:13.440Z,21.43964,0.0,0.0,0.0,42.2,2025-09-20 02:13:13.440,24.900277777778
Long Yeast Grow,pioreactor02,2025-09-20T00:13:25.915Z,21.61964,0.0,0.0,0.0,42.2,2025-09-20 02:13:25.915,24.903611111111
Long Yeast Grow,pioreactor02,2025-09-20T00:13:48.915Z,21.57564,0.0,0.0,0.0,42.2,2025-09-20 02:13:48.915,24.91
Long Yeast Grow,pioreactor02,2025-09-20T00:14:11.915Z,21.51614,0.0,0.0,0.0,42.2,2025-09-20 02:14:11.915,24.916388888889
Long Yeast Grow,pioreactor02,2025-09-20T00:14:34.915Z,21.49214,0.0,0.0,0.0,42.2,2025-09-20 02:14:34.915,24.922777777778
Long Yeast Grow,pioreactor02,2025-09-20T00:14:41.972Z,21.49214,0.0,0.0,0.0,0.0,2025-09-20 02:14:41.972,24.924722222222
Long Yeast Grow,pioreactor02,2025-09-20T00:14:57.915Z,21.45364,0.0,0.0,0.0,0.0,2025-09-20 02:14:57.915,24.929166666667
Long Yeast Grow,pioreactor02,2025-09-20T00:15:20.915Z,21.38664,0.0,0.0,0.0,0.0,2025-09-20 02:15:20.915,24.935555555556
Long Yeast Grow,pioreactor02,2025-09-20T00:15:43.915Z,21.34914,0.0,0.0,0.0,0.0,2025-09-20 02:15:43.915,24.941944444444
Long Yeast Grow,pioreactor02,2025-09-20T00:16:06.915Z,21.29464,0.0,0.0,0.0,0.0,2025-09-20 02:16:06.915,24.948333333333
Long Yeast Grow,pioreactor02,2025-09-20T00:16:29.915Z,21.33014,0.0,0.0,0.0,0.0,2025-09-20 02:16:29.915,24.954722222222
Long Yeast Grow,pioreactor02,2025-09-20T00:16:33.397Z,21.33014,0.0,0.0,0.0,42.2,2025-09-20 02:16:33.397,24.955833333333
Long Yeast Grow,pioreactor02,2025-09-20T00:16:33.443Z,21.33014,0.0,0.0,0.0,42.64,2025-09-20 02:16:33.443,24.955833333333
Long Yeast Grow,pioreactor02,2025-09-20T00:16:52.915Z,21.33464,0.0,0.0,0.0,42.64,2025-09-20 02:16:52.915,24.961111111111
Long Yeast Grow,pioreactor02,2025-09-20T00:17:15.915Z,21.31114,0.0,0.0,0.0,42.64,2025-09-20 02:17:15.915,24.9675
Long Yeast Grow,pioreactor02,2025-09-20T00:17:38.915Z,21.34214,0.0,0.0,0.0,42.64,2025-09-20 02:17:38.915,24.973888888889
Long Yeast Grow,pioreactor02,2025-09-20T00:18:01.915Z,21.37864,0.0,0.0,0.0,42.64,2025-09-20 02:18:01.915,24.980277777778
Long Yeast Grow,pioreactor02,2025-09-20T00:18:01.972Z,21.37864,0.0,0.0,0.0,0.0,2025-09-20 02:18:01.972,24.980277777778
Long Yeast Grow,pioreactor02,2025-09-20T00:18:24.915Z,21.31564,0.0,0.0,0.0,0.0,2025-09-20 02:18:24.915,24.986666666667
Long Yeast Grow,pioreactor02,2025-09-20T00:18:47.915Z,21.27314,0.0,0.0,0.0,0.0,2025-09-20 02:18:47.915,24.993055555556
Long Yeast Grow,pioreactor02,2025-09-20T00:19:10.915Z,21.26164,0.0,0.0,0.0,0.0,2025-09-20 02:19:10.915,24.999444444444
Long Yeast Grow,pioreactor02,2025-09-20T00:19:33.915Z,21.75564,0.0,0.0,0.0,0.0,2025-09-20 02:19:33.915,25.005833333333
Long Yeast Grow,pioreactor02,2025-09-20T00:19:53.397Z,21.75564,0.0,0.0,0.0,42.64,2025-09-20 02:19:53.397,25.011388888889
Long Yeast Grow,pioreactor02,2025-09-20T00:19:53.440Z,21.75564,0.0,0.0,0.0,41.42,2025-09-20 02:19:53.440,25.011388888889
Long Yeast Grow,pioreactor02,2025-09-20T00:19:56.915Z,22.22364,0.0,0.0,0.0,41.42,2025-09-20 02:19:56.915,25.012222222222
Long Yeast Grow,pioreactor02,2025-09-20T00:20:19.915Z,22.65614,0.0,0.0,0.0,41.42,2025-09-20 02:20:19.915,25.018611111111
Long Yeast Grow,pioreactor02,2025-09-20T00:20:42.915Z,22.38714,0.0,0.0,0.0,41.42,2025-09-20 02:20:42.915,25.025
Long Yeast Grow,pioreactor02,2025-09-20T00:21:05.915Z,22.12364,0.0,0.0,0.0,41.42,2025-09-20 02:21:05.915,25.031388888889
Long Yeast Grow,pioreactor02,2025-09-20T00:21:21.971Z,22.12364,0.0,0.0,0.0,0.0,2025-09-20 02:21:21.971,25.035833333333
Long Yeast Grow,pioreactor02,2025-09-20T00:21:28.915Z,21.89764,0.0,0.0,0.0,0.0,2025-09-20 02:21:28.915,25.037777777778
Long Yeast Grow,pioreactor02,2025-09-20T00:21:51.915Z,21.70114,0.0,0.0,0.0,0.0,2025-09-20 02:21:51.915,25.044166666667
Long Yeast Grow,pioreactor02,2025-09-20T00:22:14.915Z,21.53314,0.0,0.0,0.0,0.0,2025-09-20 02:22:14.915,25.050555555556
Long Yeast Grow,pioreactor02,2025-09-20T00:22:37.915Z,21.53364,0.0,0.0,0.0,0.0,2025-09-20 02:22:37.915,25.056944444444
Long Yeast Grow,pioreactor02,2025-09-20T00:23:00.915Z,21.44014,0.0,0.0,0.0,0.0,2025-09-20 02:23:00.915,25.063333333333
Long Yeast Grow,pioreactor02,2025-09-20T00:23:13.397Z,21.44014,0.0,0.0,0.0,41.42,2025-09-20 02:23:13.397,25.066944444444
Long Yeast Grow,pioreactor02,2025-09-20T00:23:13.440Z,21.44014,0.0,0.0,0.0,43.15,2025-09-20 02:23:13.440,25.066944444444
Long Yeast Grow,pioreactor02,2025-09-20T00:23:23.915Z,21.40014,0.0,0.0,0.0,43.15,2025-09-20 02:23:23.915,25.069722222222
Long Yeast Grow,pioreactor02,2025-09-20T00:23:46.915Z,21.37764,0.0,0.0,0.0,43.15,2025-09-20 02:23:46.915,25.076111111111
Long Yeast Grow,pioreactor02,2025-09-20T00:24:09.919Z,21.40414,0.0,0.0,0.0,43.15,2025-09-20 02:24:09.919,25.0825
Long Yeast Grow,pioreactor02,2025-09-20T00:24:32.915Z,21.41064,0.0,0.0,0.0,43.15,2025-09-20 02:24:32.915,25.088888888889
Long Yeast Grow,pioreactor02,2025-09-20T00:24:41.971Z,21.41064,0.0,0.0,0.0,0.0,2025-09-20 02:24:41.971,25.091388888889
Long Yeast Grow,pioreactor02,2025-09-20T00:24:55.915Z,21.33564,0.0,0.0,0.0,0.0,2025-09-20 02:24:55.915,25.095277777778
Long Yeast Grow,pioreactor02,2025-09-20T00:25:18.915Z,21.29664,0.0,0.0,0.0,0.0,2025-09-20 02:25:18.915,25.101666666667
Long Yeast Grow,pioreactor02,2025-09-20T00:25:41.915Z,21.31814,0.0,0.0,0.0,0.0,2025-09-20 02:25:41.915,25.108055555556
Long Yeast Grow,pioreactor02,2025-09-20T00:26:04.915Z,21.29864,0.0,0.0,0.0,0.0,2025-09-20 02:26:04.915,25.114444444444
Long Yeast Grow,pioreactor02,2025-09-20T00:26:27.915Z,21.27114,0.0,0.0,0.0,0.0,2025-09-20 02:26:27.915,25.120833333333
Long Yeast Grow,pioreactor02,2025-09-20T00:26:33.397Z,21.27114,0.0,0.0,0.0,43.15,2025-09-20 02:26:33.397,25.1225
Long Yeast Grow,pioreactor02,2025-09-20T00:26:33.439Z,21.27114,0.0,0.0,0.0,42.11,2025-09-20 02:26:33.439,25.1225
Long Yeast Grow,pioreactor02,2025-09-20T00:26:50.915Z,21.68164,0.0,0.0,0.0,42.11,2025-09-20 02:26:50.915,25.127222222222
Long Yeast Grow,pioreactor02,2025-09-20T00:27:13.915Z,21.59314,0.0,0.0,0.0,42.11,2025-09-20 02:27:13.915,25.133611111111
Long Yeast Grow,pioreactor02,2025-09-20T00:27:36.919Z,21.52414,0.0,0.0,0.0,42.11,2025-09-20 02:27:36.919,25.14
Long Yeast Grow,pioreactor02,2025-09-20T00:27:59.915Z,21.43814,0.0,0.0,0.0,42.11,2025-09-20 02:27:59.915,25.146388888889
Long Yeast Grow,pioreactor02,2025-09-20T00:28:01.972Z,21.43814,0.0,0.0,0.0,0.0,2025-09-20 02:28:01.972,25.146944444444
Long Yeast Grow,pioreactor02,2025-09-20T00:28:22.915Z,21.39814,0.0,0.0,0.0,0.0,2025-09-20 02:28:22.915,25.152777777778
Long Yeast Grow,pioreactor02,2025-09-20T00:28:45.915Z,21.31614,0.0,0.0,0.0,0.0,2025-09-20 02:28:45.915,25.159166666667
Long Yeast Grow,pioreactor02,2025-09-20T00:29:08.915Z,21.29464,0.0,0.0,0.0,0.0,2025-09-20 02:29:08.915,25.165555555556
Long Yeast Grow,pioreactor02,2025-09-20T00:29:31.915Z,21.24314,0.0,0.0,0.0,0.0,2025-09-20 02:29:31.915,25.171944444444
Long Yeast Grow,pioreactor02,2025-09-20T00:29:53.397Z,21.24314,0.0,0.0,0.0,42.11,2025-09-20 02:29:53.397,25.178055555556
Long Yeast Grow,pioreactor02,2025-09-20T00:29:53.439Z,21.24314,0.0,0.0,0.0,41.9,2025-09-20 02:29:53.439,25.178055555556
Long Yeast Grow,pioreactor02,2025-09-20T00:29:54.915Z,21.47364,0.0,0.0,0.0,41.9,2025-09-20 02:29:54.915,25.178333333333
Long Yeast Grow,pioreactor02,2025-09-20T00:30:17.915Z,21.96414,0.0,0.0,0.0,41.9,2025-09-20 02:30:17.915,25.184722222222
Long Yeast Grow,pioreactor02,2025-09-20T00:30:40.915Z,22.43614,0.0,0.0,0.0,41.9,2025-09-20 02:30:40.915,25.191111111111
Long Yeast Grow,pioreactor02,2025-09-20T00:31:03.915Z,22.86214,0.0,0.0,0.0,41.9,2025-09-20 02:31:03.915,25.1975
Long Yeast Grow,pioreactor02,2025-09-20T00:31:21.971Z,22.86214,0.0,0.0,0.0,0.0,2025-09-20 02:31:21.971,25.2025
Long Yeast Grow,pioreactor02,2025-09-20T00:31:26.915Z,22.53364,0.0,0.0,0.0,0.0,2025-09-20 02:31:26.915,25.203888888889
Long Yeast Grow,pioreactor02,2025-09-20T00:31:49.915Z,22.25314,0.0,0.0,0.0,0.0,2025-09-20 02:31:49.915,25.210277777778
Long Yeast Grow,pioreactor02,2025-09-20T00:32:12.915Z,22.00314,0.0,0.0,0.0,0.0,2025-09-20 02:32:12.915,25.216666666667
Long Yeast Grow,pioreactor02,2025-09-20T00:32:35.915Z,21.81864,0.0,0.0,0.0,0.0,2025-09-20 02:32:35.915,25.223055555556
Long Yeast Grow,pioreactor02,2025-09-20T00:32:58.915Z,21.65164,0.0,0.0,0.0,0.0,2025-09-20 02:32:58.915,25.229444444444
Long Yeast Grow,pioreactor02,2025-09-20T00:33:13.399Z,21.65164,0.0,0.0,0.0,41.9,2025-09-20 02:33:13.399,25.233611111111
Long Yeast Grow,pioreactor02,2025-09-20T00:33:13.439Z,21.65164,0.0,0.0,0.0,41.98,2025-09-20 02:33:13.439,25.233611111111
Long Yeast Grow,pioreactor02,2025-09-20T00:33:21.919Z,21.59914,0.0,0.0,0.0,41.98,2025-09-20 02:33:21.919,25.235833333333
Long Yeast Grow,pioreactor02,2025-09-20T00:33:44.915Z,21.47164,0.0,0.0,0.0,41.98,2025-09-20 02:33:44.915,25.242222222222
Long Yeast Grow,pioreactor02,2025-09-20T00:34:07.915Z,21.43414,0.0,0.0,0.0,41.98,2025-09-20 02:34:07.915,25.248611111111
Long Yeast Grow,pioreactor02,2025-09-20T00:34:30.919Z,21.47314,0.0,0.0,0.0,41.98,2025-09-20 02:34:30.919,25.255
Long Yeast Grow,pioreactor02,2025-09-20T00:34:41.972Z,21.47314,0.0,0.0,0.0,0.0,2025-09-20 02:34:41.972,25.258055555556
Long Yeast Grow,pioreactor02,2025-09-20T00:34:53.915Z,21.96364,0.0,0.0,0.0,0.0,2025-09-20 02:34:53.915,25.261388888889
Long Yeast Grow,pioreactor02,2025-09-20T00:35:16.915Z,22.41264,0.0,0.0,0.0,0.0,2025-09-20 02:35:16.915,25.267777777778
Long Yeast Grow,pioreactor02,2025-09-20T00:35:39.915Z,22.82614,0.0,0.0,0.0,0.0,2025-09-20 02:35:39.915,25.274166666667
Long Yeast Grow,pioreactor02,2025-09-20T00:36:02.915Z,22.49314,0.0,0.0,0.0,0.0,2025-09-20 02:36:02.915,25.280555555556
Long Yeast Grow,pioreactor02,2025-09-20T00:36:25.919Z,22.22064,0.0,0.0,0.0,0.0,2025-09-20 02:36:25.919,25.286944444444
Long Yeast Grow,pioreactor02,2025-09-20T00:36:33.397Z,22.22064,0.0,0.0,0.0,41.98,2025-09-20 02:36:33.397,25.289166666667
Long Yeast Grow,pioreactor02,2025-09-20T00:36:33.441Z,22.22064,0.0,0.0,0.0,43.1,2025-09-20 02:36:33.441,25.289166666667
Long Yeast Grow,pioreactor02,2025-09-20T00:36:48.915Z,22.02314,0.0,0.0,0.0,43.1,2025-09-20 02:36:48.915,25.293333333333
Long Yeast Grow,pioreactor02,2025-09-20T00:37:11.915Z,21.82564,0.0,0.0,0.0,43.1,2025-09-20 02:37:11.915,25.299722222222
Long Yeast Grow,pioreactor02,2025-09-20T00:37:34.915Z,21.73064,0.0,0.0,0.0,43.1,2025-09-20 02:37:34.915,25.306111111111
Long Yeast Grow,pioreactor02,2025-09-20T00:37:57.915Z,21.62314,0.0,0.0,0.0,43.1,2025-09-20 02:37:57.915,25.3125
Long Yeast Grow,pioreactor02,2025-09-20T00:38:01.971Z,21.62314,0.0,0.0,0.0,0.0,2025-09-20 02:38:01.971,25.313611111111
Long Yeast Grow,pioreactor02,2025-09-20T00:38:20.915Z,21.53114,0.0,0.0,0.0,0.0,2025-09-20 02:38:20.915,25.318888888889
Long Yeast Grow,pioreactor02,2025-09-20T00:38:43.915Z,21.44664,0.0,0.0,0.0,0.0,2025-09-20 02:38:43.915,25.325277777778
Long Yeast Grow,pioreactor02,2025-09-20T00:39:06.915Z,21.41614,0.0,0.0,0.0,0.0,2025-09-20 02:39:06.915,25.331666666667
Long Yeast Grow,pioreactor02,2025-09-20T00:39:29.915Z,21.39664,0.0,0.0,0.0,0.0,2025-09-20 02:39:29.915,25.338055555556
Long Yeast Grow,pioreactor02,2025-09-20T00:39:52.919Z,21.42314,0.0,0.0,0.0,0.0,2025-09-20 02:39:52.919,25.344444444444
Long Yeast Grow,pioreactor02,2025-09-20T00:39:53.396Z,21.42314,0.0,0.0,0.0,43.1,2025-09-20 02:39:53.396,25.344722222222
Long Yeast Grow,pioreactor02,2025-09-20T00:39:53.441Z,21.42314,0.0,0.0,0.0,42.29,2025-09-20 02:39:53.441,25.344722222222
Long Yeast Grow,pioreactor02,2025-09-20T00:40:15.915Z,21.54064,0.0,0.0,0.0,42.29,2025-09-20 02:40:15.915,25.350833333333
Long Yeast Grow,pioreactor02,2025-09-20T00:40:38.915Z,21.56264,0.0,0.0,0.0,42.29,2025-09-20 02:40:38.915,25.357222222222
Long Yeast Grow,pioreactor02,2025-09-20T00:41:01.915Z,21.54514,0.0,0.0,0.0,42.29,2025-09-20 02:41:01.915,25.363611111111
Long Yeast Grow,pioreactor02,2025-09-20T00:41:21.971Z,21.54514,0.0,0.0,0.0,0.0,2025-09-20 02:41:21.971,25.369166666667
Long Yeast Grow,pioreactor02,2025-09-20T00:41:24.915Z,21.44114,0.0,0.0,0.0,0.0,2025-09-20 02:41:24.915,25.37
Long Yeast Grow,pioreactor02,2025-09-20T00:41:47.915Z,21.40664,0.0,0.0,0.0,0.0,2025-09-20 02:41:47.915,25.376388888889
Long Yeast Grow,pioreactor02,2025-09-20T00:42:10.915Z,21.36114,0.0,0.0,0.0,0.0,2025-09-20 02:42:10.915,25.382777777778
Long Yeast Grow,pioreactor02,2025-09-20T00:42:33.919Z,21.36464,0.0,0.0,0.0,0.0,2025-09-20 02:42:33.919,25.389166666667
Long Yeast Grow,pioreactor02,2025-09-20T00:42:56.915Z,21.32414,0.0,0.0,0.0,0.0,2025-09-20 02:42:56.915,25.395555555556
Long Yeast Grow,pioreactor02,2025-09-20T00:43:13.397Z,21.32414,0.0,0.0,0.0,42.29,2025-09-20 02:43:13.397,25.400277777778
Long Yeast Grow,pioreactor02,2025-09-20T00:43:13.440Z,21.32414,0.0,0.0,0.0,43.22,2025-09-20 02:43:13.440,25.400277777778
Long Yeast Grow,pioreactor02,2025-09-20T00:43:19.915Z,21.54364,0.0,0.0,0.0,43.22,2025-09-20 02:43:19.915,25.401944444444
Long Yeast Grow,pioreactor02,2025-09-20T00:43:42.915Z,22.02714,0.0,0.0,0.0,43.22,2025-09-20 02:43:42.915,25.408333333333
Long Yeast Grow,pioreactor02,2025-09-20T00:44:05.915Z,22.47164,0.0,0.0,0.0,43.22,2025-09-20 02:44:05.915,25.414722222222
Long Yeast Grow,pioreactor02,2025-09-20T00:44:28.915Z,22.89814,0.0,0.0,0.0,43.22,2025-09-20 02:44:28.915,25.421111111111
Long Yeast Grow,pioreactor02,2025-09-20T00:44:41.972Z,22.89814,0.0,0.0,0.0,0.0,2025-09-20 02:44:41.972,25.424722222222
Long Yeast Grow,pioreactor02,2025-09-20T00:44:51.919Z,22.62314,0.0,0.0,0.0,0.0,2025-09-20 02:44:51.919,25.4275
Long Yeast Grow,pioreactor02,2025-09-20T00:45:14.915Z,22.34014,0.0,0.0,0.0,0.0,2025-09-20 02:45:14.915,25.433888888889
Long Yeast Grow,pioreactor02,2025-09-20T00:45:37.915Z,22.09214,0.0,0.0,0.0,0.0,2025-09-20 02:45:37.915,25.440277777778
Long Yeast Grow,pioreactor02,2025-09-20T00:46:00.915Z,21.92314,0.0,0.0,0.0,0.0,2025-09-20 02:46:00.915,25.446666666667
Long Yeast Grow,pioreactor02,2025-09-20T00:46:23.915Z,21.77314,0.0,0.0,0.0,0.0,2025-09-20 02:46:23.915,25.453055555556
Long Yeast Grow,pioreactor02,2025-09-20T00:46:33.399Z,21.77314,0.0,0.0,0.0,43.22,2025-09-20 02:46:33.399,25.455833333333
Long Yeast Grow,pioreactor02,2025-09-20T00:46:33.443Z,21.77314,0.0,0.0,0.0,43.29,2025-09-20 02:46:33.443,25.455833333333
Long Yeast Grow,pioreactor02,2025-09-20T00:46:46.915Z,21.68264,0.0,0.0,0.0,43.29,2025-09-20 02:46:46.915,25.459444444444
Long Yeast Grow,pioreactor02,2025-09-20T00:47:09.915Z,21.61814,0.0,0.0,0.0,43.29,2025-09-20 02:47:09.915,25.465833333333
Long Yeast Grow,pioreactor02,2025-09-20T00:47:32.915Z,21.51264,0.0,0.0,0.0,43.29,2025-09-20 02:47:32.915,25.472222222222
Long Yeast Grow,pioreactor02,2025-09-20T00:47:55.915Z,21.53514,0.0,0.0,0.0,43.29,2025-09-20 02:47:55.915,25.478611111111
Long Yeast Grow,pioreactor02,2025-09-20T00:48:01.972Z,21.53514,0.0,0.0,0.0,0.0,2025-09-20 02:48:01.972,25.480277777778
Long Yeast Grow,pioreactor02,2025-09-20T00:48:18.915Z,21.45964,0.0,0.0,0.0,0.0,2025-09-20 02:48:18.915,25.485
Long Yeast Grow,pioreactor02,2025-09-20T00:48:41.915Z,21.46014,0.0,0.0,0.0,0.0,2025-09-20 02:48:41.915,25.491388888889
Long Yeast Grow,pioreactor02,2025-09-20T00:49:04.915Z,21.44914,0.0,0.0,0.0,0.0,2025-09-20 02:49:04.915,25.497777777778
Long Yeast Grow,pioreactor02,2025-09-20T00:49:27.915Z,21.50964,0.0,0.0,0.0,0.0,2025-09-20 02:49:27.915,25.504166666667
Long Yeast Grow,pioreactor02,2025-09-20T00:49:50.915Z,21.48764,0.0,0.0,0.0,0.0,2025-09-20 02:49:50.915,25.510555555556
Long Yeast Grow,pioreactor02,2025-09-20T00:49:53.400Z,21.48764,0.0,0.0,0.0,43.29,2025-09-20 02:49:53.400,25.511388888889
Long Yeast Grow,pioreactor02,2025-09-20T00:49:53.445Z,21.48764,0.0,0.0,0.0,43.57,2025-09-20 02:49:53.445,25.511388888889
Long Yeast Grow,pioreactor02,2025-09-20T00:50:13.915Z,21.42414,0.0,0.0,0.0,43.57,2025-09-20 02:50:13.915,25.516944444444
Long Yeast Grow,pioreactor02,2025-09-20T00:50:36.915Z,21.91114,0.0,0.0,0.0,43.57,2025-09-20 02:50:36.915,25.523333333333
Long Yeast Grow,pioreactor02,2025-09-20T00:50:59.915Z,22.37164,0.0,0.0,0.0,43.57,2025-09-20 02:50:59.915,25.529722222222
Long Yeast Grow,pioreactor02,2025-09-20T00:51:21.971Z,22.37164,0.0,0.0,0.0,0.0,2025-09-20 02:51:21.971,25.535833333333
Long Yeast Grow,pioreactor02,2025-09-20T00:51:22.919Z,22.77564,0.0,0.0,0.0,0.0,2025-09-20 02:51:22.919,25.536111111111
Long Yeast Grow,pioreactor02,2025-09-20T00:51:45.915Z,22.47264,0.0,0.0,0.0,0.0,2025-09-20 02:51:45.915,25.5425
Long Yeast Grow,pioreactor02,2025-09-20T00:52:08.915Z,22.22764,0.0,0.0,0.0,0.0,2025-09-20 02:52:08.915,25.548888888889
Long Yeast Grow,pioreactor02,2025-09-20T00:52:31.915Z,22.03264,0.0,0.0,0.0,0.0,2025-09-20 02:52:31.915,25.555277777778
Long Yeast Grow,pioreactor02,2025-09-20T00:52:54.915Z,21.84464,0.0,0.0,0.0,0.0,2025-09-20 02:52:54.915,25.561666666667
Long Yeast Grow,pioreactor02,2025-09-20T00:53:13.396Z,21.84464,0.0,0.0,0.0,43.57,2025-09-20 02:53:13.396,25.566944444444
Long Yeast Grow,pioreactor02,2025-09-20T00:53:13.439Z,21.84464,0.0,0.0,0.0,41.5,2025-09-20 02:53:13.439,25.566944444444
Long Yeast Grow,pioreactor02,2025-09-20T00:53:17.915Z,21.75064,0.0,0.0,0.0,41.5,2025-09-20 02:53:17.915,25.568055555556
Long Yeast Grow,pioreactor02,2025-09-20T00:53:40.915Z,21.62964,0.0,0.0,0.0,41.5,2025-09-20 02:53:40.915,25.574444444444
Long Yeast Grow,pioreactor02,2025-09-20T00:54:03.915Z,21.55464,0.0,0.0,0.0,41.5,2025-09-20 02:54:03.915,25.580833333333
Long Yeast Grow,pioreactor02,2025-09-20T00:54:26.915Z,21.48264,0.0,0.0,0.0,41.5,2025-09-20 02:54:26.915,25.587222222222
Long Yeast Grow,pioreactor02,2025-09-20T00:54:41.971Z,21.48264,0.0,0.0,0.0,0.0,2025-09-20 02:54:41.971,25.591388888889
Long Yeast Grow,pioreactor02,2025-09-20T00:54:49.915Z,21.43164,0.0,0.0,0.0,0.0,2025-09-20 02:54:49.915,25.593611111111
Long Yeast Grow,pioreactor02,2025-09-20T00:55:12.915Z,21.38464,0.0,0.0,0.0,0.0,2025-09-20 02:55:12.915,25.6
Long Yeast Grow,pioreactor02,2025-09-20T00:55:35.915Z,21.35114,0.0,0.0,0.0,0.0,2025-09-20 02:55:35.915,25.606388888889
Long Yeast Grow,pioreactor02,2025-09-20T00:55:58.915Z,21.29614,0.0,0.0,0.0,0.0,2025-09-20 02:55:58.915,25.612777777778
Long Yeast Grow,pioreactor02,2025-09-20T00:56:21.919Z,21.27864,0.0,0.0,0.0,0.0,2025-09-20 02:56:21.919,25.619166666667
Long Yeast Grow,pioreactor02,2025-09-20T00:56:33.398Z,21.27864,0.0,0.0,0.0,41.5,2025-09-20 02:56:33.398,25.6225
Long Yeast Grow,pioreactor02,2025-09-20T00:56:33.439Z,21.27864,0.0,0.0,0.0,44.14,2025-09-20 02:56:33.439,25.6225
Long Yeast Grow,pioreactor02,2025-09-20T00:56:44.915Z,21.77964,0.0,0.0,0.0,44.14,2025-09-20 02:56:44.915,25.625555555556
Long Yeast Grow,pioreactor02,2025-09-20T00:57:07.915Z,22.23564,0.0,0.0,0.0,44.14,2025-09-20 02:57:07.915,25.631944444444
Long Yeast Grow,pioreactor02,2025-09-20T00:57:30.915Z,22.67064,0.0,0.0,0.0,44.14,2025-09-20 02:57:30.915,25.638333333333
Long Yeast Grow,pioreactor02,2025-09-20T00:57:53.915Z,22.46064,0.0,0.0,0.0,44.14,2025-09-20 02:57:53.915,25.644722222222
Long Yeast Grow,pioreactor02,2025-09-20T00:58:01.971Z,22.46064,0.0,0.0,0.0,0.0,2025-09-20 02:58:01.971,25.646944444444
Long Yeast Grow,pioreactor02,2025-09-20T00:58:16.915Z,22.21364,0.0,0.0,0.0,0.0,2025-09-20 02:58:16.915,25.651111111111
Long Yeast Grow,pioreactor02,2025-09-20T00:58:39.915Z,22.02364,0.0,0.0,0.0,0.0,2025-09-20 02:58:39.915,25.6575
Long Yeast Grow,pioreactor02,2025-09-20T00:59:02.915Z,21.85814,0.0,0.0,0.0,0.0,2025-09-20 02:59:02.915,25.663888888889
Long Yeast Grow,pioreactor02,2025-09-20T00:59:25.915Z,21.68714,0.0,0.0,0.0,0.0,2025-09-20 02:59:25.915,25.670277777778
Long Yeast Grow,pioreactor02,2025-09-20T00:59:48.919Z,21.55164,0.0,0.0,0.0,0.0,2025-09-20 02:59:48.919,25.676666666667
Long Yeast Grow,pioreactor02,2025-09-20T00:59:53.397Z,21.55164,0.0,0.0,0.0,44.14,2025-09-20 02:59:53.397,25.678055555556
Long Yeast Grow,pioreactor02,2025-09-20T00:59:53.440Z,21.55164,0.0,0.0,0.0,42.7,2025-09-20 02:59:53.440,25.678055555556
Long Yeast Grow,pioreactor02,2025-09-20T01:00:11.915Z,21.49964,0.0,0.0,0.0,42.7,2025-09-20 03:00:11.915,25.683055555556
Long Yeast Grow,pioreactor02,2025-09-20T01:00:34.915Z,21.41014,0.0,0.0,0.0,42.7,2025-09-20 03:00:34.915,25.689444444444
Long Yeast Grow,pioreactor02,2025-09-20T01:00:57.915Z,21.43964,0.0,0.0,0.0,42.7,2025-09-20 03:00:57.915,25.695833333333
Long Yeast Grow,pioreactor02,2025-09-20T01:01:20.915Z,21.39014,0.0,0.0,0.0,42.7,2025-09-20 03:01:20.915,25.702222222222
Long Yeast Grow,pioreactor02,2025-09-20T01:01:21.972Z,21.39014,0.0,0.0,0.0,0.0,2025-09-20 03:01:21.972,25.7025
Long Yeast Grow,pioreactor02,2025-09-20T01:01:43.915Z,21.37414,0.0,0.0,0.0,0.0,2025-09-20 03:01:43.915,25.708611111111
Long Yeast Grow,pioreactor02,2025-09-20T01:02:06.915Z,21.34164,0.0,0.0,0.0,0.0,2025-09-20 03:02:06.915,25.715
Long Yeast Grow,pioreactor02,2025-09-20T01:02:29.915Z,21.36514,0.0,0.0,0.0,0.0,2025-09-20 03:02:29.915,25.721388888889
Long Yeast Grow,pioreactor02,2025-09-20T01:02:52.915Z,21.30614,0.0,0.0,0.0,0.0,2025-09-20 03:02:52.915,25.727777777778
Long Yeast Grow,pioreactor02,2025-09-20T01:03:13.397Z,21.30614,0.0,0.0,0.0,42.7,2025-09-20 03:03:13.397,25.733611111111
Long Yeast Grow,pioreactor02,2025-09-20T01:03:13.439Z,21.30614,0.0,0.0,0.0,43.12,2025-09-20 03:03:13.439,25.733611111111
Long Yeast Grow,pioreactor02,2025-09-20T01:03:15.915Z,21.31214,0.0,0.0,0.0,43.12,2025-09-20 03:03:15.915,25.734166666667
Long Yeast Grow,pioreactor02,2025-09-20T01:03:38.915Z,21.80964,0.0,0.0,0.0,43.12,2025-09-20 03:03:38.915,25.740555555556
Long Yeast Grow,pioreactor02,2025-09-20T01:04:01.915Z,22.26664,0.0,0.0,0.0,43.12,2025-09-20 03:04:01.915,25.746944444444
Long Yeast Grow,pioreactor02,2025-09-20T01:04:24.915Z,22.70564,0.0,0.0,0.0,43.12,2025-09-20 03:04:24.915,25.753333333333
Long Yeast Grow,pioreactor02,2025-09-20T01:04:41.971Z,22.70564,0.0,0.0,0.0,0.0,2025-09-20 03:04:41.971,25.758055555556
Long Yeast Grow,pioreactor02,2025-09-20T01:04:47.915Z,22.45714,0.0,0.0,0.0,0.0,2025-09-20 03:04:47.915,25.759722222222
Long Yeast Grow,pioreactor02,2025-09-20T01:05:10.915Z,22.17214,0.0,0.0,0.0,0.0,2025-09-20 03:05:10.915,25.766111111111
Long Yeast Grow,pioreactor02,2025-09-20T01:05:33.915Z,21.96314,0.0,0.0,0.0,0.0,2025-09-20 03:05:33.915,25.7725
Long Yeast Grow,pioreactor02,2025-09-20T01:05:56.915Z,21.76214,0.0,0.0,0.0,0.0,2025-09-20 03:05:56.915,25.778888888889
Long Yeast Grow,pioreactor02,2025-09-20T01:06:19.915Z,21.62714,0.0,0.0,0.0,0.0,2025-09-20 03:06:19.915,25.785277777778
Long Yeast Grow,pioreactor02,2025-09-20T01:06:33.397Z,21.62714,0.0,0.0,0.0,43.12,2025-09-20 03:06:33.397,25.789166666667
Long Yeast Grow,pioreactor02,2025-09-20T01:06:33.439Z,21.62714,0.0,0.0,0.0,41.08,2025-09-20 03:06:33.439,25.789166666667
Long Yeast Grow,pioreactor02,2025-09-20T01:06:42.915Z,21.54614,0.0,0.0,0.0,41.08,2025-09-20 03:06:42.915,25.791666666667
Long Yeast Grow,pioreactor02,2025-09-20T01:07:05.915Z,21.49764,0.0,0.0,0.0,41.08,2025-09-20 03:07:05.915,25.798055555556
Long Yeast Grow,pioreactor02,2025-09-20T01:07:28.915Z,21.42364,0.0,0.0,0.0,41.08,2025-09-20 03:07:28.915,25.804444444444
Long Yeast Grow,pioreactor02,2025-09-20T01:07:51.915Z,21.38014,0.0,0.0,0.0,41.08,2025-09-20 03:07:51.915,25.810833333333
Long Yeast Grow,pioreactor02,2025-09-20T01:08:01.971Z,21.38014,0.0,0.0,0.0,0.0,2025-09-20 03:08:01.971,25.813611111111
Long Yeast Grow,pioreactor02,2025-09-20T01:08:14.915Z,21.38564,0.0,0.0,0.0,0.0,2025-09-20 03:08:14.915,25.817222222222
Long Yeast Grow,pioreactor02,2025-09-20T01:08:37.915Z,21.42214,0.0,0.0,0.0,0.0,2025-09-20 03:08:37.915,25.823611111111
Long Yeast Grow,pioreactor02,2025-09-20T01:09:00.915Z,21.34914,0.0,0.0,0.0,0.0,2025-09-20 03:09:00.915,25.83
Long Yeast Grow,pioreactor02,2025-09-20T01:09:23.915Z,21.33464,0.0,0.0,0.0,0.0,2025-09-20 03:09:23.915,25.836388888889
Long Yeast Grow,pioreactor02,2025-09-20T01:09:46.915Z,21.32314,0.0,0.0,0.0,0.0,2025-09-20 03:09:46.915,25.842777777778
Long Yeast Grow,pioreactor02,2025-09-20T01:09:53.397Z,21.32314,0.0,0.0,0.0,41.08,2025-09-20 03:09:53.397,25.844722222222
Long Yeast Grow,pioreactor02,2025-09-20T01:09:53.440Z,21.32314,0.0,0.0,0.0,41.24,2025-09-20 03:09:53.440,25.844722222222
Long Yeast Grow,pioreactor02,2025-09-20T01:10:09.915Z,21.31614,0.0,0.0,0.0,41.24,2025-09-20 03:10:09.915,25.849166666667
Long Yeast Grow,pioreactor02,2025-09-20T01:10:32.915Z,21.30864,0.0,0.0,0.0,41.24,2025-09-20 03:10:32.915,25.855555555556
Long Yeast Grow,pioreactor02,2025-09-20T01:10:55.915Z,21.37364,0.0,0.0,0.0,41.24,2025-09-20 03:10:55.915,25.861944444444
Long Yeast Grow,pioreactor02,2025-09-20T01:11:18.915Z,21.35264,0.0,0.0,0.0,41.24,2025-09-20 03:11:18.915,25.868333333333
Long Yeast Grow,pioreactor02,2025-09-20T01:11:21.972Z,21.35264,0.0,0.0,0.0,0.0,2025-09-20 03:11:21.972,25.869166666667
Long Yeast Grow,pioreactor02,2025-09-20T01:11:41.915Z,21.38964,0.0,0.0,0.0,0.0,2025-09-20 03:11:41.915,25.874722222222
Long Yeast Grow,pioreactor02,2025-09-20T01:12:04.915Z,21.38764,0.0,0.0,0.0,0.0,2025-09-20 03:12:04.915,25.881111111111
Long Yeast Grow,pioreactor02,2025-09-20T01:12:27.915Z,21.39314,0.0,0.0,0.0,0.0,2025-09-20 03:12:27.915,25.8875
Long Yeast Grow,pioreactor02,2025-09-20T01:12:50.915Z,21.31414,0.0,0.0,0.0,0.0,2025-09-20 03:12:50.915,25.893888888889
Long Yeast Grow,pioreactor02,2025-09-20T01:13:13.397Z,21.31414,0.0,0.0,0.0,41.24,2025-09-20 03:13:13.397,25.900277777778
Long Yeast Grow,pioreactor02,2025-09-20T01:13:13.440Z,21.31414,0.0,0.0,0.0,39.91,2025-09-20 03:13:13.440,25.900277777778
Long Yeast Grow,pioreactor02,2025-09-20T01:13:13.915Z,21.29164,0.0,0.0,0.0,39.91,2025-09-20 03:13:13.915,25.900277777778
Long Yeast Grow,pioreactor02,2025-09-20T01:13:36.915Z,21.37714,0.0,0.0,0.0,39.91,2025-09-20 03:13:36.915,25.906666666667
Long Yeast Grow,pioreactor02,2025-09-20T01:13:59.915Z,21.31564,0.0,0.0,0.0,39.91,2025-09-20 03:13:59.915,25.913055555556
Long Yeast Grow,pioreactor02,2025-09-20T01:14:22.915Z,21.31264,0.0,0.0,0.0,39.91,2025-09-20 03:14:22.915,25.919444444444
Long Yeast Grow,pioreactor02,2025-09-20T01:14:41.971Z,21.31264,0.0,0.0,0.0,0.0,2025-09-20 03:14:41.971,25.924722222222
Long Yeast Grow,pioreactor02,2025-09-20T01:14:45.915Z,21.80014,0.0,0.0,0.0,0.0,2025-09-20 03:14:45.915,25.925833333333
Long Yeast Grow,pioreactor02,2025-09-20T01:15:08.915Z,22.26064,0.0,0.0,0.0,0.0,2025-09-20 03:15:08.915,25.932222222222
Long Yeast Grow,pioreactor02,2025-09-20T01:15:31.915Z,22.67914,0.0,0.0,0.0,0.0,2025-09-20 03:15:31.915,25.938611111111
Long Yeast Grow,pioreactor02,2025-09-20T01:15:54.915Z,22.37914,0.0,0.0,0.0,0.0,2025-09-20 03:15:54.915,25.945
Long Yeast Grow,pioreactor02,2025-09-20T01:16:17.919Z,22.11514,0.0,0.0,0.0,0.0,2025-09-20 03:16:17.919,25.951388888889
Long Yeast Grow,pioreactor02,2025-09-20T01:16:33.399Z,22.11514,0.0,0.0,0.0,39.91,2025-09-20 03:16:33.399,25.955833333333
Long Yeast Grow,pioreactor02,2025-09-20T01:16:33.440Z,22.11514,0.0,0.0,0.0,40.12,2025-09-20 03:16:33.440,25.955833333333
Long Yeast Grow,pioreactor02,2025-09-20T01:16:40.915Z,21.94414,0.0,0.0,0.0,40.12,2025-09-20 03:16:40.915,25.957777777778
Long Yeast Grow,pioreactor02,2025-09-20T01:17:03.915Z,21.76014,0.0,0.0,0.0,40.12,2025-09-20 03:17:03.915,25.964166666667
Long Yeast Grow,pioreactor02,2025-09-20T01:17:26.915Z,21.62964,0.0,0.0,0.0,40.12,2025-09-20 03:17:26.915,25.970555555556
Long Yeast Grow,pioreactor02,2025-09-20T01:17:49.915Z,21.60114,0.0,0.0,0.0,40.12,2025-09-20 03:17:49.915,25.976944444444
Long Yeast Grow,pioreactor02,2025-09-20T01:18:01.972Z,21.60114,0.0,0.0,0.0,0.0,2025-09-20 03:18:01.972,25.980277777778
Long Yeast Grow,pioreactor02,2025-09-20T01:18:12.915Z,21.50564,0.0,0.0,0.0,0.0,2025-09-20 03:18:12.915,25.983333333333
Long Yeast Grow,pioreactor02,2025-09-20T01:18:35.915Z,21.47464,0.0,0.0,0.0,0.0,2025-09-20 03:18:35.915,25.989722222222
Long Yeast Grow,pioreactor02,2025-09-20T01:18:58.915Z,21.38064,0.0,0.0,0.0,0.0,2025-09-20 03:18:58.915,25.996111111111
Long Yeast Grow,pioreactor02,2025-09-20T01:19:21.915Z,21.38014,0.0,0.0,0.0,0.0,2025-09-20 03:19:21.915,26.0025
Long Yeast Grow,pioreactor02,2025-09-20T01:19:44.915Z,21.45764,0.0,0.0,0.0,0.0,2025-09-20 03:19:44.915,26.008888888889
Long Yeast Grow,pioreactor02,2025-09-20T01:19:53.397Z,21.45764,0.0,0.0,0.0,40.12,2025-09-20 03:19:53.397,26.011388888889
Long Yeast Grow,pioreactor02,2025-09-20T01:19:53.441Z,21.45764,0.0,0.0,0.0,40.88,2025-09-20 03:19:53.441,26.011388888889
Long Yeast Grow,pioreactor02,2025-09-20T01:20:07.919Z,21.40864,0.0,0.0,0.0,40.88,2025-09-20 03:20:07.919,26.015277777778
Long Yeast Grow,pioreactor02,2025-09-20T01:20:30.919Z,21.37814,0.0,0.0,0.0,40.88,2025-09-20 03:20:30.919,26.021666666667
Long Yeast Grow,pioreactor02,2025-09-20T01:20:53.915Z,21.35564,0.0,0.0,0.0,40.88,2025-09-20 03:20:53.915,26.028055555556
Long Yeast Grow,pioreactor02,2025-09-20T01:21:16.915Z,21.28064,0.0,0.0,0.0,40.88,2025-09-20 03:21:16.915,26.034444444444
Long Yeast Grow,pioreactor02,2025-09-20T01:21:21.971Z,21.28064,0.0,0.0,0.0,0.0,2025-09-20 03:21:21.971,26.035833333333
Long Yeast Grow,pioreactor02,2025-09-20T01:21:39.919Z,21.64564,0.0,0.0,0.0,0.0,2025-09-20 03:21:39.919,26.040833333333
Long Yeast Grow,pioreactor02,2025-09-20T01:22:02.915Z,21.56814,0.0,0.0,0.0,0.0,2025-09-20 03:22:02.915,26.047222222222
Long Yeast Grow,pioreactor02,2025-09-20T01:22:25.915Z,21.46014,0.0,0.0,0.0,0.0,2025-09-20 03:22:25.915,26.053611111111
Long Yeast Grow,pioreactor02,2025-09-20T01:22:48.915Z,21.40664,0.0,0.0,0.0,0.0,2025-09-20 03:22:48.915,26.06
Long Yeast Grow,pioreactor02,2025-09-20T01:23:11.915Z,21.39914,0.0,0.0,0.0,0.0,2025-09-20 03:23:11.915,26.066388888889
Long Yeast Grow,pioreactor02,2025-09-20T01:23:13.399Z,21.39914,0.0,0.0,0.0,40.88,2025-09-20 03:23:13.399,26.066944444444
Long Yeast Grow,pioreactor02,2025-09-20T01:23:13.444Z,21.39914,0.0,0.0,0.0,41.34,2025-09-20 03:23:13.444,26.066944444444
Long Yeast Grow,pioreactor02,2025-09-20T01:23:34.915Z,21.39464,0.0,0.0,0.0,41.34,2025-09-20 03:23:34.915,26.072777777778
Long Yeast Grow,pioreactor02,2025-09-20T01:23:57.915Z,21.34914,0.0,0.0,0.0,41.34,2025-09-20 03:23:57.915,26.079166666667
Long Yeast Grow,pioreactor02,2025-09-20T01:24:20.915Z,21.45164,0.0,0.0,0.0,41.34,2025-09-20 03:24:20.915,26.085555555556
Long Yeast Grow,pioreactor02,2025-09-20T01:24:41.971Z,21.45164,0.0,0.0,0.0,0.0,2025-09-20 03:24:41.971,26.091388888889
Long Yeast Grow,pioreactor02,2025-09-20T01:24:43.915Z,21.38164,0.0,0.0,0.0,0.0,2025-09-20 03:24:43.915,26.091944444444
Long Yeast Grow,pioreactor02,2025-09-20T01:25:06.915Z,21.46864,0.0,0.0,0.0,0.0,2025-09-20 03:25:06.915,26.098333333333
Long Yeast Grow,pioreactor02,2025-09-20T01:25:29.915Z,21.96014,0.0,0.0,0.0,0.0,2025-09-20 03:25:29.915,26.104722222222
Long Yeast Grow,pioreactor02,2025-09-20T01:25:52.915Z,22.41514,0.0,0.0,0.0,0.0,2025-09-20 03:25:52.915,26.111111111111
Long Yeast Grow,pioreactor02,2025-09-20T01:26:15.915Z,22.82614,0.0,0.0,0.0,0.0,2025-09-20 03:26:15.915,26.1175
Long Yeast Grow,pioreactor02,2025-09-20T01:26:33.397Z,22.82614,0.0,0.0,0.0,41.34,2025-09-20 03:26:33.397,26.1225
Long Yeast Grow,pioreactor02,2025-09-20T01:26:33.439Z,22.82614,0.0,0.0,0.0,40.66,2025-09-20 03:26:33.439,26.1225
Long Yeast Grow,pioreactor02,2025-09-20T01:26:38.915Z,22.51114,0.0,0.0,0.0,40.66,2025-09-20 03:26:38.915,26.123888888889
Long Yeast Grow,pioreactor02,2025-09-20T01:27:01.915Z,22.23964,0.0,0.0,0.0,40.66,2025-09-20 03:27:01.915,26.130277777778
Long Yeast Grow,pioreactor02,2025-09-20T01:27:24.915Z,22.00464,0.0,0.0,0.0,40.66,2025-09-20 03:27:24.915,26.136666666667
Long Yeast Grow,pioreactor02,2025-09-20T01:27:47.915Z,21.79664,0.0,0.0,0.0,40.66,2025-09-20 03:27:47.915,26.143055555556
Long Yeast Grow,pioreactor02,2025-09-20T01:28:01.971Z,21.79664,0.0,0.0,0.0,0.0,2025-09-20 03:28:01.971,26.146944444444
Long Yeast Grow,pioreactor02,2025-09-20T01:28:10.915Z,21.66064,0.0,0.0,0.0,0.0,2025-09-20 03:28:10.915,26.149444444444
Long Yeast Grow,pioreactor02,2025-09-20T01:28:33.915Z,21.54964,0.0,0.0,0.0,0.0,2025-09-20 03:28:33.915,26.155833333333
Long Yeast Grow,pioreactor02,2025-09-20T01:28:56.915Z,21.55014,0.0,0.0,0.0,0.0,2025-09-20 03:28:56.915,26.162222222222
Long Yeast Grow,pioreactor02,2025-09-20T01:29:19.915Z,21.50914,0.0,0.0,0.0,0.0,2025-09-20 03:29:19.915,26.168611111111
Long Yeast Grow,pioreactor02,2025-09-20T01:29:42.915Z,21.43914,0.0,0.0,0.0,0.0,2025-09-20 03:29:42.915,26.175
Long Yeast Grow,pioreactor02,2025-09-20T01:29:53.397Z,21.43914,0.0,0.0,0.0,40.66,2025-09-20 03:29:53.397,26.178055555556
Long Yeast Grow,pioreactor02,2025-09-20T01:29:53.439Z,21.43914,0.0,0.0,0.0,40.89,2025-09-20 03:29:53.439,26.178055555556
Long Yeast Grow,pioreactor02,2025-09-20T01:30:05.915Z,21.38014,0.0,0.0,0.0,40.89,2025-09-20 03:30:05.915,26.181388888889
Long Yeast Grow,pioreactor02,2025-09-20T01:30:28.919Z,21.40564,0.0,0.0,0.0,40.89,2025-09-20 03:30:28.919,26.187777777778
Long Yeast Grow,pioreactor02,2025-09-20T01:30:51.915Z,21.36114,0.0,0.0,0.0,40.89,2025-09-20 03:30:51.915,26.194166666667
Long Yeast Grow,pioreactor02,2025-09-20T01:31:14.915Z,21.35614,0.0,0.0,0.0,40.89,2025-09-20 03:31:14.915,26.200555555556
Long Yeast Grow,pioreactor02,2025-09-20T01:31:21.972Z,21.35614,0.0,0.0,0.0,0.0,2025-09-20 03:31:21.972,26.2025
Long Yeast Grow,pioreactor02,2025-09-20T01:31:37.915Z,21.86114,0.0,0.0,0.0,0.0,2025-09-20 03:31:37.915,26.206944444444
Long Yeast Grow,pioreactor02,2025-09-20T01:32:00.915Z,22.31914,0.0,0.0,0.0,0.0,2025-09-20 03:32:00.915,26.213333333333
Long Yeast Grow,pioreactor02,2025-09-20T01:32:23.915Z,22.75814,0.0,0.0,0.0,0.0,2025-09-20 03:32:23.915,26.219722222222
Long Yeast Grow,pioreactor02,2025-09-20T01:32:46.915Z,22.45664,0.0,0.0,0.0,0.0,2025-09-20 03:32:46.915,26.226111111111
Long Yeast Grow,pioreactor02,2025-09-20T01:33:09.915Z,22.14664,0.0,0.0,0.0,0.0,2025-09-20 03:33:09.915,26.2325
Long Yeast Grow,pioreactor02,2025-09-20T01:33:13.398Z,22.14664,0.0,0.0,0.0,40.89,2025-09-20 03:33:13.398,26.233611111111
Long Yeast Grow,pioreactor02,2025-09-20T01:33:13.439Z,22.14664,0.0,0.0,0.0,41.75,2025-09-20 03:33:13.439,26.233611111111
Long Yeast Grow,pioreactor02,2025-09-20T01:33:32.915Z,21.92064,0.0,0.0,0.0,41.75,2025-09-20 03:33:32.915,26.238888888889
Long Yeast Grow,pioreactor02,2025-09-20T01:33:55.915Z,21.75064,0.0,0.0,0.0,41.75,2025-09-20 03:33:55.915,26.245277777778
Long Yeast Grow,pioreactor02,2025-09-20T01:34:18.915Z,21.61964,0.0,0.0,0.0,41.75,2025-09-20 03:34:18.915,26.251666666667
Long Yeast Grow,pioreactor02,2025-09-20T01:34:41.915Z,21.53214,0.0,0.0,0.0,41.75,2025-09-20 03:34:41.915,26.258055555556
Long Yeast Grow,pioreactor02,2025-09-20T01:34:41.971Z,21.53214,0.0,0.0,0.0,0.0,2025-09-20 03:34:41.971,26.258055555556
Long Yeast Grow,pioreactor02,2025-09-20T01:35:04.915Z,21.42014,0.0,0.0,0.0,0.0,2025-09-20 03:35:04.915,26.264444444444
Long Yeast Grow,pioreactor02,2025-09-20T01:35:27.916Z,21.36514,0.0,0.0,0.0,0.0,2025-09-20 03:35:27.916,26.270833333333
Long Yeast Grow,pioreactor02,2025-09-20T01:35:50.915Z,21.36564,0.0,0.0,0.0,0.0,2025-09-20 03:35:50.915,26.277222222222
Long Yeast Grow,pioreactor02,2025-09-20T01:36:13.915Z,21.46764,0.0,0.0,0.0,0.0,2025-09-20 03:36:13.915,26.283611111111
Long Yeast Grow,pioreactor02,2025-09-20T01:36:33.399Z,21.46764,0.0,0.0,0.0,41.75,2025-09-20 03:36:33.399,26.289166666667
Long Yeast Grow,pioreactor02,2025-09-20T01:36:33.441Z,21.46764,0.0,0.0,0.0,41.49,2025-09-20 03:36:33.441,26.289166666667
Long Yeast Grow,pioreactor02,2025-09-20T01:36:36.915Z,21.95564,0.0,0.0,0.0,41.49,2025-09-20 03:36:36.915,26.29
Long Yeast Grow,pioreactor02,2025-09-20T01:36:59.915Z,22.41264,0.0,0.0,0.0,41.49,2025-09-20 03:36:59.915,26.296388888889
Long Yeast Grow,pioreactor02,2025-09-20T01:37:22.915Z,22.84664,0.0,0.0,0.0,41.49,2025-09-20 03:37:22.915,26.302777777778
Long Yeast Grow,pioreactor02,2025-09-20T01:37:45.915Z,22.57864,0.0,0.0,0.0,41.49,2025-09-20 03:37:45.915,26.309166666667
Long Yeast Grow,pioreactor02,2025-09-20T01:38:01.971Z,22.57864,0.0,0.0,0.0,0.0,2025-09-20 03:38:01.971,26.313611111111
Long Yeast Grow,pioreactor02,2025-09-20T01:38:08.915Z,22.31964,0.0,0.0,0.0,0.0,2025-09-20 03:38:08.915,26.315555555556
Long Yeast Grow,pioreactor02,2025-09-20T01:38:31.915Z,22.08614,0.0,0.0,0.0,0.0,2025-09-20 03:38:31.915,26.321944444444
Long Yeast Grow,pioreactor02,2025-09-20T01:38:54.915Z,21.90864,0.0,0.0,0.0,0.0,2025-09-20 03:38:54.915,26.328333333333
Long Yeast Grow,pioreactor02,2025-09-20T01:39:17.915Z,21.77014,0.0,0.0,0.0,0.0,2025-09-20 03:39:17.915,26.334722222222
Long Yeast Grow,pioreactor02,2025-09-20T01:39:40.915Z,21.64014,0.0,0.0,0.0,0.0,2025-09-20 03:39:40.915,26.341111111111
Long Yeast Grow,pioreactor02,2025-09-20T01:39:53.397Z,21.64014,0.0,0.0,0.0,41.49,2025-09-20 03:39:53.397,26.344722222222
Long Yeast Grow,pioreactor02,2025-09-20T01:39:53.440Z,21.64014,0.0,0.0,0.0,43.11,2025-09-20 03:39:53.440,26.344722222222
Long Yeast Grow,pioreactor02,2025-09-20T01:40:03.915Z,21.57214,0.0,0.0,0.0,43.11,2025-09-20 03:40:03.915,26.3475
Long Yeast Grow,pioreactor02,2025-09-20T01:40:26.919Z,21.51014,0.0,0.0,0.0,43.11,2025-09-20 03:40:26.919,26.353888888889
Long Yeast Grow,pioreactor02,2025-09-20T01:40:49.915Z,21.47714,0.0,0.0,0.0,43.11,2025-09-20 03:40:49.915,26.360277777778
Long Yeast Grow,pioreactor02,2025-09-20T01:41:12.919Z,21.47364,0.0,0.0,0.0,43.11,2025-09-20 03:41:12.919,26.366666666667
Long Yeast Grow,pioreactor02,2025-09-20T01:41:21.971Z,21.47364,0.0,0.0,0.0,0.0,2025-09-20 03:41:21.971,26.369166666667
Long Yeast Grow,pioreactor02,2025-09-20T01:41:35.915Z,21.42914,0.0,0.0,0.0,0.0,2025-09-20 03:41:35.915,26.373055555556
Long Yeast Grow,pioreactor02,2025-09-20T01:41:58.915Z,21.43714,0.0,0.0,0.0,0.0,2025-09-20 03:41:58.915,26.379444444444
Long Yeast Grow,pioreactor02,2025-09-20T01:42:21.915Z,21.39364,0.0,0.0,0.0,0.0,2025-09-20 03:42:21.915,26.385833333333
Long Yeast Grow,pioreactor02,2025-09-20T01:42:44.915Z,21.33114,0.0,0.0,0.0,0.0,2025-09-20 03:42:44.915,26.392222222222
Long Yeast Grow,pioreactor02,2025-09-20T01:43:07.915Z,21.33164,0.0,0.0,0.0,0.0,2025-09-20 03:43:07.915,26.398611111111
Long Yeast Grow,pioreactor02,2025-09-20T01:43:13.397Z,21.33164,0.0,0.0,0.0,43.11,2025-09-20 03:43:13.397,26.400277777778
Long Yeast Grow,pioreactor02,2025-09-20T01:43:13.441Z,21.33164,0.0,0.0,0.0,43.11,2025-09-20 03:43:13.441,26.400277777778
Long Yeast Grow,pioreactor02,2025-09-20T01:43:30.915Z,21.83514,0.0,0.0,0.0,43.11,2025-09-20 03:43:30.915,26.405
Long Yeast Grow,pioreactor02,2025-09-20T01:43:53.915Z,22.29814,0.0,0.0,0.0,43.11,2025-09-20 03:43:53.915,26.411388888889
Long Yeast Grow,pioreactor02,2025-09-20T01:44:16.915Z,22.73714,0.0,0.0,0.0,43.11,2025-09-20 03:44:16.915,26.417777777778
Long Yeast Grow,pioreactor02,2025-09-20T01:44:39.915Z,23.00914,0.0,0.0,0.0,43.11,2025-09-20 03:44:39.915,26.424166666667
Long Yeast Grow,pioreactor02,2025-09-20T01:44:41.971Z,23.00914,0.0,0.0,0.0,0.0,2025-09-20 03:44:41.971,26.424722222222
Long Yeast Grow,pioreactor02,2025-09-20T01:45:02.915Z,22.65864,0.0,0.0,0.0,0.0,2025-09-20 03:45:02.915,26.430555555556
Long Yeast Grow,pioreactor02,2025-09-20T01:45:25.915Z,22.35664,0.0,0.0,0.0,0.0,2025-09-20 03:45:25.915,26.436944444444
Long Yeast Grow,pioreactor02,2025-09-20T01:45:48.915Z,22.08864,0.0,0.0,0.0,0.0,2025-09-20 03:45:48.915,26.443333333333
Long Yeast Grow,pioreactor02,2025-09-20T01:46:11.915Z,21.91964,0.0,0.0,0.0,0.0,2025-09-20 03:46:11.915,26.449722222222
Long Yeast Grow,pioreactor02,2025-09-20T01:46:33.396Z,21.91964,0.0,0.0,0.0,43.11,2025-09-20 03:46:33.396,26.455833333333
Long Yeast Grow,pioreactor02,2025-09-20T01:46:33.439Z,21.91964,0.0,0.0,0.0,41.8,2025-09-20 03:46:33.439,26.455833333333
Long Yeast Grow,pioreactor02,2025-09-20T01:46:34.915Z,21.76214,0.0,0.0,0.0,41.8,2025-09-20 03:46:34.915,26.456111111111
Long Yeast Grow,pioreactor02,2025-09-20T01:46:57.915Z,21.67714,0.0,0.0,0.0,41.8,2025-09-20 03:46:57.915,26.4625
Long Yeast Grow,pioreactor02,2025-09-20T01:47:20.915Z,21.61814,0.0,0.0,0.0,41.8,2025-09-20 03:47:20.915,26.468888888889
Long Yeast Grow,pioreactor02,2025-09-20T01:47:43.915Z,21.57614,0.0,0.0,0.0,41.8,2025-09-20 03:47:43.915,26.475277777778
Long Yeast Grow,pioreactor02,2025-09-20T01:48:01.972Z,21.57614,0.0,0.0,0.0,0.0,2025-09-20 03:48:01.972,26.480277777778
Long Yeast Grow,pioreactor02,2025-09-20T01:48:06.915Z,21.51364,0.0,0.0,0.0,0.0,2025-09-20 03:48:06.915,26.481666666667
Long Yeast Grow,pioreactor02,2025-09-20T01:48:29.915Z,21.45014,0.0,0.0,0.0,0.0,2025-09-20 03:48:29.915,26.488055555556
Long Yeast Grow,pioreactor02,2025-09-20T01:48:52.915Z,21.43764,0.0,0.0,0.0,0.0,2025-09-20 03:48:52.915,26.494444444444
Long Yeast Grow,pioreactor02,2025-09-20T01:49:15.915Z,21.85764,0.0,0.0,0.0,0.0,2025-09-20 03:49:15.915,26.500833333333
Long Yeast Grow,pioreactor02,2025-09-20T01:49:38.915Z,21.75314,0.0,0.0,0.0,0.0,2025-09-20 03:49:38.915,26.507222222222
Long Yeast Grow,pioreactor02,2025-09-20T01:49:53.397Z,21.75314,0.0,0.0,0.0,41.8,2025-09-20 03:49:53.397,26.511388888889
Long Yeast Grow,pioreactor02,2025-09-20T01:49:53.440Z,21.75314,0.0,0.0,0.0,42.67,2025-09-20 03:49:53.440,26.511388888889
Long Yeast Grow,pioreactor02,2025-09-20T01:50:01.915Z,21.65164,0.0,0.0,0.0,42.67,2025-09-20 03:50:01.915,26.513611111111
Long Yeast Grow,pioreactor02,2025-09-20T01:50:24.915Z,21.59114,0.0,0.0,0.0,42.67,2025-09-20 03:50:24.915,26.52
Long Yeast Grow,pioreactor02,2025-09-20T01:50:47.915Z,21.53664,0.0,0.0,0.0,42.67,2025-09-20 03:50:47.915,26.526388888889
Long Yeast Grow,pioreactor02,2025-09-20T01:51:10.915Z,21.49964,0.0,0.0,0.0,42.67,2025-09-20 03:51:10.915,26.532777777778
Long Yeast Grow,pioreactor02,2025-09-20T01:51:21.971Z,21.49964,0.0,0.0,0.0,0.0,2025-09-20 03:51:21.971,26.535833333333
Long Yeast Grow,pioreactor02,2025-09-20T01:51:33.915Z,21.45314,0.0,0.0,0.0,0.0,2025-09-20 03:51:33.915,26.539166666667
Long Yeast Grow,pioreactor02,2025-09-20T01:51:56.915Z,21.38914,0.0,0.0,0.0,0.0,2025-09-20 03:51:56.915,26.545555555556
Long Yeast Grow,pioreactor02,2025-09-20T01:52:19.915Z,21.35164,0.0,0.0,0.0,0.0,2025-09-20 03:52:19.915,26.551944444444
Long Yeast Grow,pioreactor02,2025-09-20T01:52:42.915Z,21.33064,0.0,0.0,0.0,0.0,2025-09-20 03:52:42.915,26.558333333333
Long Yeast Grow,pioreactor02,2025-09-20T01:53:05.915Z,21.37114,0.0,0.0,0.0,0.0,2025-09-20 03:53:05.915,26.564722222222
Long Yeast Grow,pioreactor02,2025-09-20T01:53:13.396Z,21.37114,0.0,0.0,0.0,42.67,2025-09-20 03:53:13.396,26.566944444444
Long Yeast Grow,pioreactor02,2025-09-20T01:53:13.439Z,21.37114,0.0,0.0,0.0,42.2,2025-09-20 03:53:13.439,26.566944444444
Long Yeast Grow,pioreactor02,2025-09-20T01:53:28.915Z,21.86464,0.0,0.0,0.0,42.2,2025-09-20 03:53:28.915,26.571111111111
Long Yeast Grow,pioreactor02,2025-09-20T01:53:51.915Z,22.32464,0.0,0.0,0.0,42.2,2025-09-20 03:53:51.915,26.5775
Long Yeast Grow,pioreactor02,2025-09-20T01:54:14.915Z,22.76364,0.0,0.0,0.0,42.2,2025-09-20 03:54:14.915,26.583888888889
Long Yeast Grow,pioreactor02,2025-09-20T01:54:37.915Z,22.51064,0.0,0.0,0.0,42.2,2025-09-20 03:54:37.915,26.590277777778
Long Yeast Grow,pioreactor02,2025-09-20T01:54:41.972Z,22.51064,0.0,0.0,0.0,0.0,2025-09-20 03:54:41.972,26.591388888889
Long Yeast Grow,pioreactor02,2025-09-20T01:55:00.919Z,22.26214,0.0,0.0,0.0,0.0,2025-09-20 03:55:00.919,26.596666666667
Long Yeast Grow,pioreactor02,2025-09-20T01:55:23.915Z,22.03164,0.0,0.0,0.0,0.0,2025-09-20 03:55:23.915,26.603055555556
Long Yeast Grow,pioreactor02,2025-09-20T01:55:46.915Z,21.81564,0.0,0.0,0.0,0.0,2025-09-20 03:55:46.915,26.609444444444
Long Yeast Grow,pioreactor02,2025-09-20T01:56:09.919Z,21.69064,0.0,0.0,0.0,0.0,2025-09-20 03:56:09.919,26.615833333333
Long Yeast Grow,pioreactor02,2025-09-20T01:56:32.915Z,21.56114,0.0,0.0,0.0,0.0,2025-09-20 03:56:32.915,26.622222222222
Long Yeast Grow,pioreactor02,2025-09-20T01:56:33.398Z,21.56114,0.0,0.0,0.0,42.2,2025-09-20 03:56:33.398,26.6225
Long Yeast Grow,pioreactor02,2025-09-20T01:56:33.439Z,21.56114,0.0,0.0,0.0,42.22,2025-09-20 03:56:33.439,26.6225
Long Yeast Grow,pioreactor02,2025-09-20T01:56:55.915Z,21.51514,0.0,0.0,0.0,42.22,2025-09-20 03:56:55.915,26.628611111111
Long Yeast Grow,pioreactor02,2025-09-20T01:57:18.915Z,21.47664,0.0,0.0,0.0,42.22,2025-09-20 03:57:18.915,26.635
Long Yeast Grow,pioreactor02,2025-09-20T01:57:41.915Z,21.95814,0.0,0.0,0.0,42.22,2025-09-20 03:57:41.915,26.641388888889
Long Yeast Grow,pioreactor02,2025-09-20T01:58:01.971Z,21.95814,0.0,0.0,0.0,0.0,2025-09-20 03:58:01.971,26.646944444444
Long Yeast Grow,pioreactor02,2025-09-20T01:58:04.915Z,22.40114,0.0,0.0,0.0,0.0,2025-09-20 03:58:04.915,26.647777777778
Long Yeast Grow,pioreactor02,2025-09-20T01:58:27.879Z,22.81214,0.0,0.0,0.0,0.0,2025-09-20 03:58:27.879,26.654166666667
Long Yeast Grow,pioreactor02,2025-09-20T01:58:50.915Z,22.49714,0.0,0.0,0.0,0.0,2025-09-20 03:58:50.915,26.660555555556
Long Yeast Grow,pioreactor02,2025-09-20T01:59:13.915Z,22.22064,0.0,0.0,0.0,0.0,2025-09-20 03:59:13.915,26.666944444444
Long Yeast Grow,pioreactor02,2025-09-20T01:59:36.915Z,22.00864,0.0,0.0,0.0,0.0,2025-09-20 03:59:36.915,26.673333333333
Long Yeast Grow,pioreactor02,2025-09-20T01:59:53.397Z,22.00864,0.0,0.0,0.0,42.22,2025-09-20 03:59:53.397,26.678055555556
Long Yeast Grow,pioreactor02,2025-09-20T01:59:53.439Z,22.00864,0.0,0.0,0.0,42.12,2025-09-20 03:59:53.439,26.678055555556
Long Yeast Grow,pioreactor02,2025-09-20T01:59:59.915Z,21.81264,0.0,0.0,0.0,42.12,2025-09-20 03:59:59.915,26.679722222222
Long Yeast Grow,pioreactor02,2025-09-20T02:00:22.915Z,21.71714,0.0,0.0,0.0,42.12,2025-09-20 04:00:22.915,26.686111111111
Long Yeast Grow,pioreactor02,2025-09-20T02:00:45.915Z,21.60364,0.0,0.0,0.0,42.12,2025-09-20 04:00:45.915,26.6925
Long Yeast Grow,pioreactor02,2025-09-20T02:01:08.915Z,21.49364,0.0,0.0,0.0,42.12,2025-09-20 04:01:08.915,26.698888888889
Long Yeast Grow,pioreactor02,2025-09-20T02:01:21.971Z,21.49364,0.0,0.0,0.0,0.0,2025-09-20 04:01:21.971,26.7025
Long Yeast Grow,pioreactor02,2025-09-20T02:01:31.915Z,21.44364,0.0,0.0,0.0,0.0,2025-09-20 04:01:31.915,26.705277777778
Long Yeast Grow,pioreactor02,2025-09-20T02:01:54.915Z,21.40714,0.0,0.0,0.0,0.0,2025-09-20 04:01:54.915,26.711666666667
Long Yeast Grow,pioreactor02,2025-09-20T02:02:17.919Z,21.41964,0.0,0.0,0.0,0.0,2025-09-20 04:02:17.919,26.718055555556
Long Yeast Grow,pioreactor02,2025-09-20T02:02:40.915Z,21.39264,0.0,0.0,0.0,0.0,2025-09-20 04:02:40.915,26.724444444444
Long Yeast Grow,pioreactor02,2025-09-20T02:03:03.915Z,21.37714,0.0,0.0,0.0,0.0,2025-09-20 04:03:03.915,26.730833333333
Long Yeast Grow,pioreactor02,2025-09-20T02:03:13.397Z,21.37714,0.0,0.0,0.0,42.12,2025-09-20 04:03:13.397,26.733611111111
Long Yeast Grow,pioreactor02,2025-09-20T02:03:13.443Z,21.37714,0.0,0.0,0.0,43.36,2025-09-20 04:03:13.443,26.733611111111
Long Yeast Grow,pioreactor02,2025-09-20T02:03:26.915Z,21.32864,0.0,0.0,0.0,43.36,2025-09-20 04:03:26.915,26.737222222222
Long Yeast Grow,pioreactor02,2025-09-20T02:03:49.915Z,21.37514,0.0,0.0,0.0,43.36,2025-09-20 04:03:49.915,26.743611111111
Long Yeast Grow,pioreactor02,2025-09-20T02:04:12.915Z,21.34764,0.0,0.0,0.0,43.36,2025-09-20 04:04:12.915,26.75
Long Yeast Grow,pioreactor02,2025-09-20T02:04:35.915Z,21.36514,0.0,0.0,0.0,43.36,2025-09-20 04:04:35.915,26.756388888889
Long Yeast Grow,pioreactor02,2025-09-20T02:04:41.971Z,21.36514,0.0,0.0,0.0,0.0,2025-09-20 04:04:41.971,26.758055555556
Long Yeast Grow,pioreactor02,2025-09-20T02:04:58.915Z,21.86314,0.0,0.0,0.0,0.0,2025-09-20 04:04:58.915,26.762777777778
Long Yeast Grow,pioreactor02,2025-09-20T02:05:21.919Z,22.31264,0.0,0.0,0.0,0.0,2025-09-20 04:05:21.919,26.769166666667
Long Yeast Grow,pioreactor02,2025-09-20T02:05:44.915Z,22.73014,0.0,0.0,0.0,0.0,2025-09-20 04:05:44.915,26.775555555556
Long Yeast Grow,pioreactor02,2025-09-20T02:06:07.915Z,22.42214,0.0,0.0,0.0,0.0,2025-09-20 04:06:07.915,26.781944444444
Long Yeast Grow,pioreactor02,2025-09-20T02:06:30.915Z,22.19714,0.0,0.0,0.0,0.0,2025-09-20 04:06:30.915,26.788333333333
Long Yeast Grow,pioreactor02,2025-09-20T02:06:33.399Z,22.19714,0.0,0.0,0.0,43.36,2025-09-20 04:06:33.399,26.789166666667
Long Yeast Grow,pioreactor02,2025-09-20T02:06:33.444Z,22.19714,0.0,0.0,0.0,41.98,2025-09-20 04:06:33.444,26.789166666667
Long Yeast Grow,pioreactor02,2025-09-20T02:06:53.915Z,22.02114,0.0,0.0,0.0,41.98,2025-09-20 04:06:53.915,26.794722222222
Long Yeast Grow,pioreactor02,2025-09-20T02:07:16.915Z,21.88114,0.0,0.0,0.0,41.98,2025-09-20 04:07:16.915,26.801111111111
Long Yeast Grow,pioreactor02,2025-09-20T02:07:39.915Z,21.70864,0.0,0.0,0.0,41.98,2025-09-20 04:07:39.915,26.8075
Long Yeast Grow,pioreactor02,2025-09-20T02:08:01.972Z,21.70864,0.0,0.0,0.0,0.0,2025-09-20 04:08:01.972,26.813611111111
Long Yeast Grow,pioreactor02,2025-09-20T02:08:02.915Z,21.61364,0.0,0.0,0.0,0.0,2025-09-20 04:08:02.915,26.813888888889
Long Yeast Grow,pioreactor02,2025-09-20T02:08:25.915Z,21.52064,0.0,0.0,0.0,0.0,2025-09-20 04:08:25.915,26.820277777778
Long Yeast Grow,pioreactor02,2025-09-20T02:08:48.915Z,21.55464,0.0,0.0,0.0,0.0,2025-09-20 04:08:48.915,26.826666666667
Long Yeast Grow,pioreactor02,2025-09-20T02:09:11.915Z,21.49714,0.0,0.0,0.0,0.0,2025-09-20 04:09:11.915,26.833055555556
Long Yeast Grow,pioreactor02,2025-09-20T02:09:34.915Z,21.52464,0.0,0.0,0.0,0.0,2025-09-20 04:09:34.915,26.839444444444
Long Yeast Grow,pioreactor02,2025-09-20T02:09:53.398Z,21.52464,0.0,0.0,0.0,41.98,2025-09-20 04:09:53.398,26.844722222222
Long Yeast Grow,pioreactor02,2025-09-20T02:09:53.439Z,21.52464,0.0,0.0,0.0,43.26,2025-09-20 04:09:53.439,26.844722222222
Long Yeast Grow,pioreactor02,2025-09-20T02:09:57.915Z,21.53364,0.0,0.0,0.0,43.26,2025-09-20 04:09:57.915,26.845833333333
Long Yeast Grow,pioreactor02,2025-09-20T02:10:20.915Z,21.55414,0.0,0.0,0.0,43.26,2025-09-20 04:10:20.915,26.852222222222
Long Yeast Grow,pioreactor02,2025-09-20T02:10:43.915Z,22.05064,0.0,0.0,0.0,43.26,2025-09-20 04:10:43.915,26.858611111111
Long Yeast Grow,pioreactor02,2025-09-20T02:11:06.919Z,22.49314,0.0,0.0,0.0,43.26,2025-09-20 04:11:06.919,26.865
Long Yeast Grow,pioreactor02,2025-09-20T02:11:21.972Z,22.49314,0.0,0.0,0.0,0.0,2025-09-20 04:11:21.972,26.869166666667
Long Yeast Grow,pioreactor02,2025-09-20T02:11:29.915Z,22.92514,0.0,0.0,0.0,0.0,2025-09-20 04:11:29.915,26.871388888889
Long Yeast Grow,pioreactor02,2025-09-20T02:11:52.915Z,22.65014,0.0,0.0,0.0,0.0,2025-09-20 04:11:52.915,26.877777777778
Long Yeast Grow,pioreactor02,2025-09-20T02:12:15.915Z,22.33964,0.0,0.0,0.0,0.0,2025-09-20 04:12:15.915,26.884166666667
Long Yeast Grow,pioreactor02,2025-09-20T02:12:38.915Z,22.08914,0.0,0.0,0.0,0.0,2025-09-20 04:12:38.915,26.890555555556
Long Yeast Grow,pioreactor02,2025-09-20T02:13:01.915Z,21.86014,0.0,0.0,0.0,0.0,2025-09-20 04:13:01.915,26.896944444444
Long Yeast Grow,pioreactor02,2025-09-20T02:13:13.398Z,21.86014,0.0,0.0,0.0,43.26,2025-09-20 04:13:13.398,26.900277777778
Long Yeast Grow,pioreactor02,2025-09-20T02:13:13.440Z,21.86014,0.0,0.0,0.0,42.71,2025-09-20 04:13:13.440,26.900277777778
Long Yeast Grow,pioreactor02,2025-09-20T02:13:24.915Z,21.74914,0.0,0.0,0.0,42.71,2025-09-20 04:13:24.915,26.903333333333
Long Yeast Grow,pioreactor02,2025-09-20T02:13:47.915Z,21.66214,0.0,0.0,0.0,42.71,2025-09-20 04:13:47.915,26.909722222222
Long Yeast Grow,pioreactor02,2025-09-20T02:14:10.919Z,21.58914,0.0,0.0,0.0,42.71,2025-09-20 04:14:10.919,26.916111111111
Long Yeast Grow,pioreactor02,2025-09-20T02:14:33.915Z,21.51864,0.0,0.0,0.0,42.71,2025-09-20 04:14:33.915,26.9225
Long Yeast Grow,pioreactor02,2025-09-20T02:14:41.972Z,21.51864,0.0,0.0,0.0,0.0,2025-09-20 04:14:41.972,26.924722222222
Long Yeast Grow,pioreactor02,2025-09-20T02:14:56.915Z,21.45714,0.0,0.0,0.0,0.0,2025-09-20 04:14:56.915,26.928888888889
Long Yeast Grow,pioreactor02,2025-09-20T02:15:19.915Z,21.94764,0.0,0.0,0.0,0.0,2025-09-20 04:15:19.915,26.935277777778
Long Yeast Grow,pioreactor02,2025-09-20T02:15:42.915Z,22.40014,0.0,0.0,0.0,0.0,2025-09-20 04:15:42.915,26.941666666667
Long Yeast Grow,pioreactor02,2025-09-20T02:16:05.915Z,22.81064,0.0,0.0,0.0,0.0,2025-09-20 04:16:05.915,26.948055555556
Long Yeast Grow,pioreactor02,2025-09-20T02:16:28.915Z,22.51814,0.0,0.0,0.0,0.0,2025-09-20 04:16:28.915,26.954444444444
Long Yeast Grow,pioreactor02,2025-09-20T02:16:33.396Z,22.51814,0.0,0.0,0.0,42.71,2025-09-20 04:16:33.396,26.955833333333
Long Yeast Grow,pioreactor02,2025-09-20T02:16:33.440Z,22.51814,0.0,0.0,0.0,41.2,2025-09-20 04:16:33.440,26.955833333333
Long Yeast Grow,pioreactor02,2025-09-20T02:16:51.915Z,22.25414,0.0,0.0,0.0,41.2,2025-09-20 04:16:51.915,26.960833333333
Long Yeast Grow,pioreactor02,2025-09-20T02:17:14.915Z,22.08114,0.0,0.0,0.0,41.2,2025-09-20 04:17:14.915,26.967222222222
Long Yeast Grow,pioreactor02,2025-09-20T02:17:37.915Z,21.91564,0.0,0.0,0.0,41.2,2025-09-20 04:17:37.915,26.973611111111
Long Yeast Grow,pioreactor02,2025-09-20T02:18:00.915Z,21.75864,0.0,0.0,0.0,41.2,2025-09-20 04:18:00.915,26.98
Long Yeast Grow,pioreactor02,2025-09-20T02:18:01.971Z,21.75864,0.0,0.0,0.0,0.0,2025-09-20 04:18:01.971,26.980277777778
Long Yeast Grow,pioreactor02,2025-09-20T02:18:23.915Z,21.64364,0.0,0.0,0.0,0.0,2025-09-20 04:18:23.915,26.986388888889
Long Yeast Grow,pioreactor02,2025-09-20T02:18:46.915Z,21.54414,0.0,0.0,0.0,0.0,2025-09-20 04:18:46.915,26.992777777778
Long Yeast Grow,pioreactor02,2025-09-20T02:19:09.915Z,21.50914,0.0,0.0,0.0,0.0,2025-09-20 04:19:09.915,26.999166666667
Long Yeast Grow,pioreactor02,2025-09-20T02:19:32.915Z,21.45914,0.0,0.0,0.0,0.0,2025-09-20 04:19:32.915,27.005555555556
Long Yeast Grow,pioreactor02,2025-09-20T02:19:53.396Z,21.45914,0.0,0.0,0.0,41.2,2025-09-20 04:19:53.396,27.011388888889
Long Yeast Grow,pioreactor02,2025-09-20T02:19:53.440Z,21.45914,0.0,0.0,0.0,43.17,2025-09-20 04:19:53.440,27.011388888889
Long Yeast Grow,pioreactor02,2025-09-20T02:19:55.915Z,21.45614,0.0,0.0,0.0,43.17,2025-09-20 04:19:55.915,27.011944444444
Long Yeast Grow,pioreactor02,2025-09-20T02:20:18.915Z,21.61214,0.0,0.0,0.0,43.17,2025-09-20 04:20:18.915,27.018333333333
Long Yeast Grow,pioreactor02,2025-09-20T02:20:41.915Z,22.09864,0.0,0.0,0.0,43.17,2025-09-20 04:20:41.915,27.024722222222
Long Yeast Grow,pioreactor02,2025-09-20T02:21:04.915Z,21.93964,0.0,0.0,0.0,43.17,2025-09-20 04:21:04.915,27.031111111111
Long Yeast Grow,pioreactor02,2025-09-20T02:21:21.971Z,21.93964,0.0,0.0,0.0,0.0,2025-09-20 04:21:21.971,27.035833333333
Long Yeast Grow,pioreactor02,2025-09-20T02:21:27.915Z,21.78714,0.0,0.0,0.0,0.0,2025-09-20 04:21:27.915,27.0375
Long Yeast Grow,pioreactor02,2025-09-20T02:21:50.915Z,21.65464,0.0,0.0,0.0,0.0,2025-09-20 04:21:50.915,27.043888888889
Long Yeast Grow,pioreactor02,2025-09-20T02:22:13.915Z,21.57514,0.0,0.0,0.0,0.0,2025-09-20 04:22:13.915,27.050277777778
Long Yeast Grow,pioreactor02,2025-09-20T02:22:36.915Z,21.51664,0.0,0.0,0.0,0.0,2025-09-20 04:22:36.915,27.056666666667
Long Yeast Grow,pioreactor02,2025-09-20T02:22:59.915Z,21.46514,0.0,0.0,0.0,0.0,2025-09-20 04:22:59.915,27.063055555556
Long Yeast Grow,pioreactor02,2025-09-20T02:23:13.399Z,21.46514,0.0,0.0,0.0,43.17,2025-09-20 04:23:13.399,27.066944444444
Long Yeast Grow,pioreactor02,2025-09-20T02:23:13.443Z,21.46514,0.0,0.0,0.0,42.74,2025-09-20 04:23:13.443,27.066944444444
Long Yeast Grow,pioreactor02,2025-09-20T02:23:22.915Z,21.42164,0.0,0.0,0.0,42.74,2025-09-20 04:23:22.915,27.069444444444
Long Yeast Grow,pioreactor02,2025-09-20T02:23:45.915Z,21.41764,0.0,0.0,0.0,42.74,2025-09-20 04:23:45.915,27.075833333333
Long Yeast Grow,pioreactor02,2025-09-20T02:24:08.915Z,21.45114,0.0,0.0,0.0,42.74,2025-09-20 04:24:08.915,27.082222222222
Long Yeast Grow,pioreactor02,2025-09-20T02:24:31.915Z,21.46564,0.0,0.0,0.0,42.74,2025-09-20 04:24:31.915,27.088611111111
Long Yeast Grow,pioreactor02,2025-09-20T02:24:41.972Z,21.46564,0.0,0.0,0.0,0.0,2025-09-20 04:24:41.972,27.091388888889
Long Yeast Grow,pioreactor02,2025-09-20T02:24:54.915Z,21.41364,0.0,0.0,0.0,0.0,2025-09-20 04:24:54.915,27.095
Long Yeast Grow,pioreactor02,2025-09-20T02:25:17.915Z,21.37814,0.0,0.0,0.0,0.0,2025-09-20 04:25:17.915,27.101388888889
Long Yeast Grow,pioreactor02,2025-09-20T02:25:40.915Z,21.53114,0.0,0.0,0.0,0.0,2025-09-20 04:25:40.915,27.107777777778
Long Yeast Grow,pioreactor02,2025-09-20T02:26:03.915Z,22.01464,0.0,0.0,0.0,0.0,2025-09-20 04:26:03.915,27.114166666667
Long Yeast Grow,pioreactor02,2025-09-20T02:26:26.915Z,22.45364,0.0,0.0,0.0,0.0,2025-09-20 04:26:26.915,27.120555555556
Long Yeast Grow,pioreactor02,2025-09-20T02:26:33.397Z,22.45364,0.0,0.0,0.0,42.74,2025-09-20 04:26:33.397,27.1225
Long Yeast Grow,pioreactor02,2025-09-20T02:26:33.440Z,22.45364,0.0,0.0,0.0,44.11,2025-09-20 04:26:33.440,27.1225
Long Yeast Grow,pioreactor02,2025-09-20T02:26:49.915Z,22.84864,0.0,0.0,0.0,44.11,2025-09-20 04:26:49.915,27.126944444444
Long Yeast Grow,pioreactor02,2025-09-20T02:27:12.915Z,22.56214,0.0,0.0,0.0,44.11,2025-09-20 04:27:12.915,27.133333333333
Long Yeast Grow,pioreactor02,2025-09-20T02:27:35.915Z,22.29314,0.0,0.0,0.0,44.11,2025-09-20 04:27:35.915,27.139722222222
Long Yeast Grow,pioreactor02,2025-09-20T02:27:58.915Z,22.09614,0.0,0.0,0.0,44.11,2025-09-20 04:27:58.915,27.146111111111
Long Yeast Grow,pioreactor02,2025-09-20T02:28:01.971Z,22.09614,0.0,0.0,0.0,0.0,2025-09-20 04:28:01.971,27.146944444444
Long Yeast Grow,pioreactor02,2025-09-20T02:28:21.915Z,21.90064,0.0,0.0,0.0,0.0,2025-09-20 04:28:21.915,27.1525
Long Yeast Grow,pioreactor02,2025-09-20T02:28:44.915Z,21.74214,0.0,0.0,0.0,0.0,2025-09-20 04:28:44.915,27.158888888889
Long Yeast Grow,pioreactor02,2025-09-20T02:29:07.915Z,21.60664,0.0,0.0,0.0,0.0,2025-09-20 04:29:07.915,27.165277777778
Long Yeast Grow,pioreactor02,2025-09-20T02:29:30.915Z,21.52364,0.0,0.0,0.0,0.0,2025-09-20 04:29:30.915,27.171666666667
Long Yeast Grow,pioreactor02,2025-09-20T02:29:53.396Z,21.52364,0.0,0.0,0.0,44.11,2025-09-20 04:29:53.396,27.178055555556
Long Yeast Grow,pioreactor02,2025-09-20T02:29:53.439Z,21.52364,0.0,0.0,0.0,43.43,2025-09-20 04:29:53.439,27.178055555556
Long Yeast Grow,pioreactor02,2025-09-20T02:29:53.915Z,21.43214,0.0,0.0,0.0,43.43,2025-09-20 04:29:53.915,27.178055555556
Long Yeast Grow,pioreactor02,2025-09-20T02:30:16.915Z,21.36014,0.0,0.0,0.0,43.43,2025-09-20 04:30:16.915,27.184444444444
Long Yeast Grow,pioreactor02,2025-09-20T02:30:39.915Z,21.36714,0.0,0.0,0.0,43.43,2025-09-20 04:30:39.915,27.190833333333
Long Yeast Grow,pioreactor02,2025-09-20T02:31:02.915Z,21.78564,0.0,0.0,0.0,43.43,2025-09-20 04:31:02.915,27.197222222222
Long Yeast Grow,pioreactor02,2025-09-20T02:31:21.972Z,21.78564,0.0,0.0,0.0,0.0,2025-09-20 04:31:21.972,27.2025
Long Yeast Grow,pioreactor02,2025-09-20T02:31:25.915Z,21.67264,0.0,0.0,0.0,0.0,2025-09-20 04:31:25.915,27.203611111111
Long Yeast Grow,pioreactor02,2025-09-20T02:31:48.915Z,21.54614,0.0,0.0,0.0,0.0,2025-09-20 04:31:48.915,27.21
Long Yeast Grow,pioreactor02,2025-09-20T02:32:11.915Z,21.54314,0.0,0.0,0.0,0.0,2025-09-20 04:32:11.915,27.216388888889
Long Yeast Grow,pioreactor02,2025-09-20T02:32:34.915Z,21.44014,0.0,0.0,0.0,0.0,2025-09-20 04:32:34.915,27.222777777778
Long Yeast Grow,pioreactor02,2025-09-20T02:32:57.915Z,21.42464,0.0,0.0,0.0,0.0,2025-09-20 04:32:57.915,27.229166666667
Long Yeast Grow,pioreactor02,2025-09-20T02:33:13.399Z,21.42464,0.0,0.0,0.0,43.43,2025-09-20 04:33:13.399,27.233611111111
Long Yeast Grow,pioreactor02,2025-09-20T02:33:13.440Z,21.42464,0.0,0.0,0.0,42.67,2025-09-20 04:33:13.440,27.233611111111
Long Yeast Grow,pioreactor02,2025-09-20T02:33:20.915Z,21.45914,0.0,0.0,0.0,42.67,2025-09-20 04:33:20.915,27.235555555556
Long Yeast Grow,pioreactor02,2025-09-20T02:33:43.915Z,21.41714,0.0,0.0,0.0,42.67,2025-09-20 04:33:43.915,27.241944444444
Long Yeast Grow,pioreactor02,2025-09-20T02:34:06.915Z,21.90214,0.0,0.0,0.0,42.67,2025-09-20 04:34:06.915,27.248333333333
Long Yeast Grow,pioreactor02,2025-09-20T02:34:29.915Z,22.35964,0.0,0.0,0.0,42.67,2025-09-20 04:34:29.915,27.254722222222
Long Yeast Grow,pioreactor02,2025-09-20T02:34:41.971Z,22.35964,0.0,0.0,0.0,0.0,2025-09-20 04:34:41.971,27.258055555556
Long Yeast Grow,pioreactor02,2025-09-20T02:34:52.915Z,22.79414,0.0,0.0,0.0,0.0,2025-09-20 04:34:52.915,27.261111111111
Long Yeast Grow,pioreactor02,2025-09-20T02:35:15.915Z,22.51064,0.0,0.0,0.0,0.0,2025-09-20 04:35:15.915,27.2675
Long Yeast Grow,pioreactor02,2025-09-20T02:35:38.915Z,22.29464,0.0,0.0,0.0,0.0,2025-09-20 04:35:38.915,27.273888888889
Long Yeast Grow,pioreactor02,2025-09-20T02:36:01.915Z,22.10314,0.0,0.0,0.0,0.0,2025-09-20 04:36:01.915,27.280277777778
Long Yeast Grow,pioreactor02,2025-09-20T02:36:24.919Z,21.88814,0.0,0.0,0.0,0.0,2025-09-20 04:36:24.919,27.286666666667
Long Yeast Grow,pioreactor02,2025-09-20T02:36:33.397Z,21.88814,0.0,0.0,0.0,42.67,2025-09-20 04:36:33.397,27.289166666667
Long Yeast Grow,pioreactor02,2025-09-20T02:36:33.441Z,21.88814,0.0,0.0,0.0,41.96,2025-09-20 04:36:33.441,27.289166666667
Long Yeast Grow,pioreactor02,2025-09-20T02:36:47.919Z,21.72814,0.0,0.0,0.0,41.96,2025-09-20 04:36:47.919,27.293055555556
Long Yeast Grow,pioreactor02,2025-09-20T02:37:10.915Z,21.68214,0.0,0.0,0.0,41.96,2025-09-20 04:37:10.915,27.299444444444
Long Yeast Grow,pioreactor02,2025-09-20T02:37:33.915Z,21.57864,0.0,0.0,0.0,41.96,2025-09-20 04:37:33.915,27.305833333333
Long Yeast Grow,pioreactor02,2025-09-20T02:37:56.915Z,21.51764,0.0,0.0,0.0,41.96,2025-09-20 04:37:56.915,27.312222222222
Long Yeast Grow,pioreactor02,2025-09-20T02:38:01.971Z,21.51764,0.0,0.0,0.0,0.0,2025-09-20 04:38:01.971,27.313611111111
Long Yeast Grow,pioreactor02,2025-09-20T02:38:19.915Z,21.48164,0.0,0.0,0.0,0.0,2025-09-20 04:38:19.915,27.318611111111
Long Yeast Grow,pioreactor02,2025-09-20T02:38:42.915Z,21.43064,0.0,0.0,0.0,0.0,2025-09-20 04:38:42.915,27.325
Long Yeast Grow,pioreactor02,2025-09-20T02:39:05.915Z,21.40764,0.0,0.0,0.0,0.0,2025-09-20 04:39:05.915,27.331388888889
Long Yeast Grow,pioreactor02,2025-09-20T02:39:28.915Z,21.82564,0.0,0.0,0.0,0.0,2025-09-20 04:39:28.915,27.337777777778
Long Yeast Grow,pioreactor02,2025-09-20T02:39:51.915Z,21.69864,0.0,0.0,0.0,0.0,2025-09-20 04:39:51.915,27.344166666667
Long Yeast Grow,pioreactor02,2025-09-20T02:39:53.397Z,21.69864,0.0,0.0,0.0,41.96,2025-09-20 04:39:53.397,27.344722222222
Long Yeast Grow,pioreactor02,2025-09-20T02:39:53.440Z,21.69864,0.0,0.0,0.0,42.58,2025-09-20 04:39:53.440,27.344722222222
Long Yeast Grow,pioreactor02,2025-09-20T02:40:14.915Z,21.65164,0.0,0.0,0.0,42.58,2025-09-20 04:40:14.915,27.350555555556
Long Yeast Grow,pioreactor02,2025-09-20T02:40:37.915Z,21.74764,0.0,0.0,0.0,42.58,2025-09-20 04:40:37.915,27.356944444444
Long Yeast Grow,pioreactor02,2025-09-20T02:41:00.915Z,22.23164,0.0,0.0,0.0,42.58,2025-09-20 04:41:00.915,27.363333333333
Long Yeast Grow,pioreactor02,2025-09-20T02:41:21.972Z,22.23164,0.0,0.0,0.0,0.0,2025-09-20 04:41:21.972,27.369166666667
Long Yeast Grow,pioreactor02,2025-09-20T02:41:23.915Z,22.65064,0.0,0.0,0.0,0.0,2025-09-20 04:41:23.915,27.369722222222
Long Yeast Grow,pioreactor02,2025-09-20T02:41:46.915Z,22.38514,0.0,0.0,0.0,0.0,2025-09-20 04:41:46.915,27.376111111111
Long Yeast Grow,pioreactor02,2025-09-20T02:42:09.915Z,22.17164,0.0,0.0,0.0,0.0,2025-09-20 04:42:09.915,27.3825
Long Yeast Grow,pioreactor02,2025-09-20T02:42:32.915Z,21.99414,0.0,0.0,0.0,0.0,2025-09-20 04:42:32.915,27.388888888889
Long Yeast Grow,pioreactor02,2025-09-20T02:42:55.915Z,21.82664,0.0,0.0,0.0,0.0,2025-09-20 04:42:55.915,27.395277777778
Long Yeast Grow,pioreactor02,2025-09-20T02:43:13.398Z,21.82664,0.0,0.0,0.0,42.58,2025-09-20 04:43:13.398,27.400277777778
Long Yeast Grow,pioreactor02,2025-09-20T02:43:13.443Z,21.82664,0.0,0.0,0.0,40.25,2025-09-20 04:43:13.443,27.400277777778
Long Yeast Grow,pioreactor02,2025-09-20T02:43:18.915Z,21.69664,0.0,0.0,0.0,40.25,2025-09-20 04:43:18.915,27.401666666667
Long Yeast Grow,pioreactor02,2025-09-20T02:43:41.915Z,21.62964,0.0,0.0,0.0,40.25,2025-09-20 04:43:41.915,27.408055555556
Long Yeast Grow,pioreactor02,2025-09-20T02:44:04.915Z,21.57264,0.0,0.0,0.0,40.25,2025-09-20 04:44:04.915,27.414444444444
Long Yeast Grow,pioreactor02,2025-09-20T02:44:27.916Z,21.50614,0.0,0.0,0.0,40.25,2025-09-20 04:44:27.916,27.420833333333
Long Yeast Grow,pioreactor02,2025-09-20T02:44:41.972Z,21.50614,0.0,0.0,0.0,0.0,2025-09-20 04:44:41.972,27.424722222222
Long Yeast Grow,pioreactor02,2025-09-20T02:44:50.915Z,21.45314,0.0,0.0,0.0,0.0,2025-09-20 04:44:50.915,27.427222222222
Long Yeast Grow,pioreactor02,2025-09-20T02:45:13.915Z,21.93564,0.0,0.0,0.0,0.0,2025-09-20 04:45:13.915,27.433611111111
Long Yeast Grow,pioreactor02,2025-09-20T02:45:36.878Z,22.38014,0.0,0.0,0.0,0.0,2025-09-20 04:45:36.878,27.44
Long Yeast Grow,pioreactor02,2025-09-20T02:45:59.915Z,22.77414,0.0,0.0,0.0,0.0,2025-09-20 04:45:59.915,27.446388888889
Long Yeast Grow,pioreactor02,2025-09-20T02:46:22.915Z,22.44764,0.0,0.0,0.0,0.0,2025-09-20 04:46:22.915,27.452777777778
Long Yeast Grow,pioreactor02,2025-09-20T02:46:33.404Z,22.44764,0.0,0.0,0.0,40.25,2025-09-20 04:46:33.404,27.455833333333
Long Yeast Grow,pioreactor02,2025-09-20T02:46:33.445Z,22.44764,0.0,0.0,0.0,42.06,2025-09-20 04:46:33.445,27.455833333333
Long Yeast Grow,pioreactor02,2025-09-20T02:46:45.915Z,22.19064,0.0,0.0,0.0,42.06,2025-09-20 04:46:45.915,27.459166666667
Long Yeast Grow,pioreactor02,2025-09-20T02:47:08.915Z,22.01814,0.0,0.0,0.0,42.06,2025-09-20 04:47:08.915,27.465555555556
Long Yeast Grow,pioreactor02,2025-09-20T02:47:31.915Z,21.86564,0.0,0.0,0.0,42.06,2025-09-20 04:47:31.915,27.471944444444
Long Yeast Grow,pioreactor02,2025-09-20T02:47:54.915Z,21.72814,0.0,0.0,0.0,42.06,2025-09-20 04:47:54.915,27.478333333333
Long Yeast Grow,pioreactor02,2025-09-20T02:48:01.971Z,21.72814,0.0,0.0,0.0,0.0,2025-09-20 04:48:01.971,27.480277777778
Long Yeast Grow,pioreactor02,2025-09-20T02:48:17.915Z,21.59764,0.0,0.0,0.0,0.0,2025-09-20 04:48:17.915,27.484722222222
Long Yeast Grow,pioreactor02,2025-09-20T02:48:40.919Z,21.51714,0.0,0.0,0.0,0.0,2025-09-20 04:48:40.919,27.491111111111
Long Yeast Grow,pioreactor02,2025-09-20T02:49:03.915Z,21.46564,0.0,0.0,0.0,0.0,2025-09-20 04:49:03.915,27.4975
Long Yeast Grow,pioreactor02,2025-09-20T02:49:26.915Z,21.45814,0.0,0.0,0.0,0.0,2025-09-20 04:49:26.915,27.503888888889
Long Yeast Grow,pioreactor02,2025-09-20T02:49:49.915Z,21.48114,0.0,0.0,0.0,0.0,2025-09-20 04:49:49.915,27.510277777778
Long Yeast Grow,pioreactor02,2025-09-20T02:49:53.397Z,21.48114,0.0,0.0,0.0,42.06,2025-09-20 04:49:53.397,27.511388888889
Long Yeast Grow,pioreactor02,2025-09-20T02:49:53.439Z,21.48114,0.0,0.0,0.0,42.74,2025-09-20 04:49:53.439,27.511388888889
Long Yeast Grow,pioreactor02,2025-09-20T02:50:12.915Z,21.46114,0.0,0.0,0.0,42.74,2025-09-20 04:50:12.915,27.516666666667
Long Yeast Grow,pioreactor02,2025-09-20T02:50:35.915Z,21.46464,0.0,0.0,0.0,42.74,2025-09-20 04:50:35.915,27.523055555556
Long Yeast Grow,pioreactor02,2025-09-20T02:50:58.915Z,21.46614,0.0,0.0,0.0,42.74,2025-09-20 04:50:58.915,27.529444444444
Long Yeast Grow,pioreactor02,2025-09-20T02:51:21.915Z,21.40664,0.0,0.0,0.0,42.74,2025-09-20 04:51:21.915,27.535833333333
Long Yeast Grow,pioreactor02,2025-09-20T02:51:21.972Z,21.40664,0.0,0.0,0.0,0.0,2025-09-20 04:51:21.972,27.535833333333
Long Yeast Grow,pioreactor02,2025-09-20T02:51:44.915Z,21.40164,0.0,0.0,0.0,0.0,2025-09-20 04:51:44.915,27.542222222222
Long Yeast Grow,pioreactor02,2025-09-20T02:52:07.915Z,21.35114,0.0,0.0,0.0,0.0,2025-09-20 04:52:07.915,27.548611111111
Long Yeast Grow,pioreactor02,2025-09-20T02:52:30.915Z,21.45464,0.0,0.0,0.0,0.0,2025-09-20 04:52:30.915,27.555
Long Yeast Grow,pioreactor02,2025-09-20T02:52:53.915Z,21.93064,0.0,0.0,0.0,0.0,2025-09-20 04:52:53.915,27.561388888889
Long Yeast Grow,pioreactor02,2025-09-20T02:53:13.395Z,21.93064,0.0,0.0,0.0,42.74,2025-09-20 04:53:13.395,27.566944444444
Long Yeast Grow,pioreactor02,2025-09-20T02:53:13.440Z,21.93064,0.0,0.0,0.0,42.26,2025-09-20 04:53:13.440,27.566944444444
Long Yeast Grow,pioreactor02,2025-09-20T02:53:16.915Z,22.38164,0.0,0.0,0.0,42.26,2025-09-20 04:53:16.915,27.567777777778
Long Yeast Grow,pioreactor02,2025-09-20T02:53:39.915Z,22.80814,0.0,0.0,0.0,42.26,2025-09-20 04:53:39.915,27.574166666667
Long Yeast Grow,pioreactor02,2025-09-20T02:54:02.919Z,22.49264,0.0,0.0,0.0,42.26,2025-09-20 04:54:02.919,27.580555555556
Long Yeast Grow,pioreactor02,2025-09-20T02:54:25.915Z,22.21814,0.0,0.0,0.0,42.26,2025-09-20 04:54:25.915,27.586944444444
Long Yeast Grow,pioreactor02,2025-09-20T02:54:41.971Z,22.21814,0.0,0.0,0.0,0.0,2025-09-20 04:54:41.971,27.591388888889
Long Yeast Grow,pioreactor02,2025-09-20T02:54:48.915Z,21.98514,0.0,0.0,0.0,0.0,2025-09-20 04:54:48.915,27.593333333333
Long Yeast Grow,pioreactor02,2025-09-20T02:55:11.915Z,21.80714,0.0,0.0,0.0,0.0,2025-09-20 04:55:11.915,27.599722222222
Long Yeast Grow,pioreactor02,2025-09-20T02:55:34.915Z,21.66314,0.0,0.0,0.0,0.0,2025-09-20 04:55:34.915,27.606111111111
Long Yeast Grow,pioreactor02,2025-09-20T02:55:57.915Z,21.55764,0.0,0.0,0.0,0.0,2025-09-20 04:55:57.915,27.6125
Long Yeast Grow,pioreactor02,2025-09-20T02:56:20.915Z,21.48414,0.0,0.0,0.0,0.0,2025-09-20 04:56:20.915,27.618888888889
Long Yeast Grow,pioreactor02,2025-09-20T02:56:33.397Z,21.48414,0.0,0.0,0.0,42.26,2025-09-20 04:56:33.397,27.6225
Long Yeast Grow,pioreactor02,2025-09-20T02:56:33.440Z,21.48414,0.0,0.0,0.0,42.86,2025-09-20 04:56:33.440,27.6225
Long Yeast Grow,pioreactor02,2025-09-20T02:56:43.915Z,21.42614,0.0,0.0,0.0,42.86,2025-09-20 04:56:43.915,27.625277777778
Long Yeast Grow,pioreactor02,2025-09-20T02:57:06.915Z,21.40764,0.0,0.0,0.0,42.86,2025-09-20 04:57:06.915,27.631666666667
Long Yeast Grow,pioreactor02,2025-09-20T02:57:29.915Z,21.38464,0.0,0.0,0.0,42.86,2025-09-20 04:57:29.915,27.638055555556
Long Yeast Grow,pioreactor02,2025-09-20T02:57:52.915Z,21.42264,0.0,0.0,0.0,42.86,2025-09-20 04:57:52.915,27.644444444444
Long Yeast Grow,pioreactor02,2025-09-20T02:58:01.972Z,21.42264,0.0,0.0,0.0,0.0,2025-09-20 04:58:01.972,27.646944444444
Long Yeast Grow,pioreactor02,2025-09-20T02:58:15.915Z,21.76314,0.0,0.0,0.0,0.0,2025-09-20 04:58:15.915,27.650833333333
Long Yeast Grow,pioreactor02,2025-09-20T02:58:38.915Z,21.64314,0.0,0.0,0.0,0.0,2025-09-20 04:58:38.915,27.657222222222
Long Yeast Grow,pioreactor02,2025-09-20T02:59:01.915Z,21.55314,0.0,0.0,0.0,0.0,2025-09-20 04:59:01.915,27.663611111111
Long Yeast Grow,pioreactor02,2025-09-20T02:59:24.915Z,21.47164,0.0,0.0,0.0,0.0,2025-09-20 04:59:24.915,27.67
Long Yeast Grow,pioreactor02,2025-09-20T02:59:47.915Z,21.44864,0.0,0.0,0.0,0.0,2025-09-20 04:59:47.915,27.676388888889
Long Yeast Grow,pioreactor02,2025-09-20T02:59:53.398Z,21.44864,0.0,0.0,0.0,42.86,2025-09-20 04:59:53.398,27.678055555556
Long Yeast Grow,pioreactor02,2025-09-20T02:59:53.441Z,21.44864,0.0,0.0,0.0,43.02,2025-09-20 04:59:53.441,27.678055555556
Long Yeast Grow,pioreactor02,2025-09-20T03:00:10.915Z,21.84564,0.0,0.0,0.0,43.02,2025-09-20 05:00:10.915,27.682777777778
Long Yeast Grow,pioreactor02,2025-09-20T03:00:33.915Z,21.69064,0.0,0.0,0.0,43.02,2025-09-20 05:00:33.915,27.689166666667
Long Yeast Grow,pioreactor02,2025-09-20T03:00:56.915Z,21.60914,0.0,0.0,0.0,43.02,2025-09-20 05:00:56.915,27.695555555556
Long Yeast Grow,pioreactor02,2025-09-20T03:01:19.915Z,21.58164,0.0,0.0,0.0,43.02,2025-09-20 05:01:19.915,27.701944444444
Long Yeast Grow,pioreactor02,2025-09-20T03:01:21.972Z,21.58164,0.0,0.0,0.0,0.0,2025-09-20 05:01:21.972,27.7025
Long Yeast Grow,pioreactor02,2025-09-20T03:01:42.915Z,21.45814,0.0,0.0,0.0,0.0,2025-09-20 05:01:42.915,27.708333333333
Long Yeast Grow,pioreactor02,2025-09-20T03:02:05.915Z,21.39114,0.0,0.0,0.0,0.0,2025-09-20 05:02:05.915,27.714722222222
Long Yeast Grow,pioreactor02,2025-09-20T03:02:28.915Z,21.33414,0.0,0.0,0.0,0.0,2025-09-20 05:02:28.915,27.721111111111
Long Yeast Grow,pioreactor02,2025-09-20T03:02:51.915Z,21.36414,0.0,0.0,0.0,0.0,2025-09-20 05:02:51.915,27.7275
Long Yeast Grow,pioreactor02,2025-09-20T03:03:13.397Z,21.36414,0.0,0.0,0.0,43.02,2025-09-20 05:03:13.397,27.733611111111
Long Yeast Grow,pioreactor02,2025-09-20T03:03:13.439Z,21.36414,0.0,0.0,0.0,40.56,2025-09-20 05:03:13.439,27.733611111111
Long Yeast Grow,pioreactor02,2025-09-20T03:03:14.915Z,21.35114,0.0,0.0,0.0,40.56,2025-09-20 05:03:14.915,27.733888888889
Long Yeast Grow,pioreactor02,2025-09-20T03:03:37.915Z,21.36214,0.0,0.0,0.0,40.56,2025-09-20 05:03:37.915,27.740277777778
Long Yeast Grow,pioreactor02,2025-09-20T03:04:00.915Z,21.79464,0.0,0.0,0.0,40.56,2025-09-20 05:04:00.915,27.746666666667
Long Yeast Grow,pioreactor02,2025-09-20T03:04:23.915Z,21.75014,0.0,0.0,0.0,40.56,2025-09-20 05:04:23.915,27.753055555556
Long Yeast Grow,pioreactor02,2025-09-20T03:04:41.971Z,21.75014,0.0,0.0,0.0,0.0,2025-09-20 05:04:41.971,27.758055555556
Long Yeast Grow,pioreactor02,2025-09-20T03:04:46.915Z,21.61014,0.0,0.0,0.0,0.0,2025-09-20 05:04:46.915,27.759444444444
Long Yeast Grow,pioreactor02,2025-09-20T03:05:09.915Z,21.47714,0.0,0.0,0.0,0.0,2025-09-20 05:05:09.915,27.765833333333
Long Yeast Grow,pioreactor02,2025-09-20T03:05:32.915Z,21.37514,0.0,0.0,0.0,0.0,2025-09-20 05:05:32.915,27.772222222222
Long Yeast Grow,pioreactor02,2025-09-20T03:05:55.915Z,21.65214,0.0,0.0,0.0,0.0,2025-09-20 05:05:55.915,27.778611111111
Long Yeast Grow,pioreactor02,2025-09-20T03:06:18.915Z,22.12864,0.0,0.0,0.0,0.0,2025-09-20 05:06:18.915,27.785
Long Yeast Grow,pioreactor02,2025-09-20T03:06:33.397Z,22.12864,0.0,0.0,0.0,40.56,2025-09-20 05:06:33.397,27.789166666667
Long Yeast Grow,pioreactor02,2025-09-20T03:06:33.439Z,22.12864,0.0,0.0,0.0,41.46,2025-09-20 05:06:33.439,27.789166666667
Long Yeast Grow,pioreactor02,2025-09-20T03:06:41.915Z,22.58164,0.0,0.0,0.0,41.46,2025-09-20 05:06:41.915,27.791388888889
Long Yeast Grow,pioreactor02,2025-09-20T03:07:04.919Z,22.98714,0.0,0.0,0.0,41.46,2025-09-20 05:07:04.919,27.797777777778
Long Yeast Grow,pioreactor02,2025-09-20T03:07:27.915Z,22.64364,0.0,0.0,0.0,41.46,2025-09-20 05:07:27.915,27.804166666667
Long Yeast Grow,pioreactor02,2025-09-20T03:07:50.915Z,22.33814,0.0,0.0,0.0,41.46,2025-09-20 05:07:50.915,27.810555555556
Long Yeast Grow,pioreactor02,2025-09-20T03:08:01.971Z,22.33814,0.0,0.0,0.0,0.0,2025-09-20 05:08:01.971,27.813611111111
Long Yeast Grow,pioreactor02,2025-09-20T03:08:13.915Z,22.05814,0.0,0.0,0.0,0.0,2025-09-20 05:08:13.915,27.816944444444
Long Yeast Grow,pioreactor02,2025-09-20T03:08:36.915Z,21.87114,0.0,0.0,0.0,0.0,2025-09-20 05:08:36.915,27.823333333333
Long Yeast Grow,pioreactor02,2025-09-20T03:08:59.915Z,21.70114,0.0,0.0,0.0,0.0,2025-09-20 05:08:59.915,27.829722222222
Long Yeast Grow,pioreactor02,2025-09-20T03:09:22.915Z,21.59364,0.0,0.0,0.0,0.0,2025-09-20 05:09:22.915,27.836111111111
Long Yeast Grow,pioreactor02,2025-09-20T03:09:45.915Z,21.47664,0.0,0.0,0.0,0.0,2025-09-20 05:09:45.915,27.8425
Long Yeast Grow,pioreactor02,2025-09-20T03:09:53.396Z,21.47664,0.0,0.0,0.0,41.46,2025-09-20 05:09:53.396,27.844722222222
Long Yeast Grow,pioreactor02,2025-09-20T03:09:53.439Z,21.47664,0.0,0.0,0.0,41.09,2025-09-20 05:09:53.439,27.844722222222
Long Yeast Grow,pioreactor02,2025-09-20T03:10:08.915Z,21.90464,0.0,0.0,0.0,41.09,2025-09-20 05:10:08.915,27.848888888889
Long Yeast Grow,pioreactor02,2025-09-20T03:10:31.915Z,22.36514,0.0,0.0,0.0,41.09,2025-09-20 05:10:31.915,27.855277777778
Long Yeast Grow,pioreactor02,2025-09-20T03:10:54.919Z,22.79514,0.0,0.0,0.0,41.09,2025-09-20 05:10:54.919,27.861666666667
Long Yeast Grow,pioreactor02,2025-09-20T03:11:17.915Z,22.49314,0.0,0.0,0.0,41.09,2025-09-20 05:11:17.915,27.868055555556
Long Yeast Grow,pioreactor02,2025-09-20T03:11:21.972Z,22.49314,0.0,0.0,0.0,0.0,2025-09-20 05:11:21.972,27.869166666667
Long Yeast Grow,pioreactor02,2025-09-20T03:11:40.915Z,22.21364,0.0,0.0,0.0,0.0,2025-09-20 05:11:40.915,27.874444444444
Long Yeast Grow,pioreactor02,2025-09-20T03:12:03.915Z,22.00264,0.0,0.0,0.0,0.0,2025-09-20 05:12:03.915,27.880833333333
Long Yeast Grow,pioreactor02,2025-09-20T03:12:26.919Z,21.82264,0.0,0.0,0.0,0.0,2025-09-20 05:12:26.919,27.887222222222
Long Yeast Grow,pioreactor02,2025-09-20T03:12:49.915Z,21.69064,0.0,0.0,0.0,0.0,2025-09-20 05:12:49.915,27.893611111111
Long Yeast Grow,pioreactor02,2025-09-20T03:13:12.915Z,21.58664,0.0,0.0,0.0,0.0,2025-09-20 05:13:12.915,27.9
Long Yeast Grow,pioreactor02,2025-09-20T03:13:13.397Z,21.58664,0.0,0.0,0.0,41.09,2025-09-20 05:13:13.397,27.900277777778
Long Yeast Grow,pioreactor02,2025-09-20T03:13:13.443Z,21.58664,0.0,0.0,0.0,41.22,2025-09-20 05:13:13.443,27.900277777778
Long Yeast Grow,pioreactor02,2025-09-20T03:13:35.915Z,21.53314,0.0,0.0,0.0,41.22,2025-09-20 05:13:35.915,27.906388888889
Long Yeast Grow,pioreactor02,2025-09-20T03:13:58.915Z,21.50064,0.0,0.0,0.0,41.22,2025-09-20 05:13:58.915,27.912777777778
Long Yeast Grow,pioreactor02,2025-09-20T03:14:21.915Z,21.46364,0.0,0.0,0.0,41.22,2025-09-20 05:14:21.915,27.919166666667
Long Yeast Grow,pioreactor02,2025-09-20T03:14:41.971Z,21.46364,0.0,0.0,0.0,0.0,2025-09-20 05:14:41.971,27.924722222222
Long Yeast Grow,pioreactor02,2025-09-20T03:14:44.915Z,21.46464,0.0,0.0,0.0,0.0,2025-09-20 05:14:44.915,27.925555555556
Long Yeast Grow,pioreactor02,2025-09-20T03:15:07.915Z,21.47364,0.0,0.0,0.0,0.0,2025-09-20 05:15:07.915,27.931944444444
Long Yeast Grow,pioreactor02,2025-09-20T03:15:30.915Z,21.47364,0.0,0.0,0.0,0.0,2025-09-20 05:15:30.915,27.938333333333
Long Yeast Grow,pioreactor02,2025-09-20T03:15:53.915Z,21.89014,0.0,0.0,0.0,0.0,2025-09-20 05:15:53.915,27.944722222222
Long Yeast Grow,pioreactor02,2025-09-20T03:16:16.915Z,21.78414,0.0,0.0,0.0,0.0,2025-09-20 05:16:16.915,27.951111111111
Long Yeast Grow,pioreactor02,2025-09-20T03:16:33.396Z,21.78414,0.0,0.0,0.0,41.22,2025-09-20 05:16:33.396,27.955833333333
Long Yeast Grow,pioreactor02,2025-09-20T03:16:33.439Z,21.78414,0.0,0.0,0.0,42.34,2025-09-20 05:16:33.439,27.955833333333
Long Yeast Grow,pioreactor02,2025-09-20T03:16:39.915Z,21.72364,0.0,0.0,0.0,42.34,2025-09-20 05:16:39.915,27.9575
Long Yeast Grow,pioreactor02,2025-09-20T03:17:02.915Z,21.70514,0.0,0.0,0.0,42.34,2025-09-20 05:17:02.915,27.963888888889
Long Yeast Grow,pioreactor02,2025-09-20T03:17:25.915Z,21.59314,0.0,0.0,0.0,42.34,2025-09-20 05:17:25.915,27.970277777778
Long Yeast Grow,pioreactor02,2025-09-20T03:17:48.915Z,21.52164,0.0,0.0,0.0,42.34,2025-09-20 05:17:48.915,27.976666666667
Long Yeast Grow,pioreactor02,2025-09-20T03:18:01.972Z,21.52164,0.0,0.0,0.0,0.0,2025-09-20 05:18:01.972,27.980277777778
Long Yeast Grow,pioreactor02,2025-09-20T03:18:11.915Z,21.50664,0.0,0.0,0.0,0.0,2025-09-20 05:18:11.915,27.983055555556
Long Yeast Grow,pioreactor02,2025-09-20T03:18:34.915Z,21.46764,0.0,0.0,0.0,0.0,2025-09-20 05:18:34.915,27.989444444444
Long Yeast Grow,pioreactor02,2025-09-20T03:18:57.919Z,21.44014,0.0,0.0,0.0,0.0,2025-09-20 05:18:57.919,27.995833333333
Long Yeast Grow,pioreactor02,2025-09-20T03:19:20.919Z,21.44364,0.0,0.0,0.0,0.0,2025-09-20 05:19:20.919,28.002222222222
Long Yeast Grow,pioreactor02,2025-09-20T03:19:43.915Z,21.40764,0.0,0.0,0.0,0.0,2025-09-20 05:19:43.915,28.008611111111
Long Yeast Grow,pioreactor02,2025-09-20T03:19:53.396Z,21.40764,0.0,0.0,0.0,42.34,2025-09-20 05:19:53.396,28.011388888889
Long Yeast Grow,pioreactor02,2025-09-20T03:19:53.439Z,21.40764,0.0,0.0,0.0,42.32,2025-09-20 05:19:53.439,28.011388888889
Long Yeast Grow,pioreactor02,2025-09-20T03:20:06.915Z,21.83714,0.0,0.0,0.0,42.32,2025-09-20 05:20:06.915,28.015
Long Yeast Grow,pioreactor02,2025-09-20T03:20:29.915Z,21.68364,0.0,0.0,0.0,42.32,2025-09-20 05:20:29.915,28.021388888889
Long Yeast Grow,pioreactor02,2025-09-20T03:20:52.919Z,21.59264,0.0,0.0,0.0,42.32,2025-09-20 05:20:52.919,28.027777777778
Long Yeast Grow,pioreactor02,2025-09-20T03:21:15.915Z,21.56014,0.0,0.0,0.0,42.32,2025-09-20 05:21:15.915,28.034166666667
Long Yeast Grow,pioreactor02,2025-09-20T03:21:21.971Z,21.56014,0.0,0.0,0.0,0.0,2025-09-20 05:21:21.971,28.035833333333
Long Yeast Grow,pioreactor02,2025-09-20T03:21:38.915Z,21.46364,0.0,0.0,0.0,0.0,2025-09-20 05:21:38.915,28.040555555556
Long Yeast Grow,pioreactor02,2025-09-20T03:22:01.916Z,21.46264,0.0,0.0,0.0,0.0,2025-09-20 05:22:01.916,28.046944444444
Long Yeast Grow,pioreactor02,2025-09-20T03:22:24.915Z,21.45364,0.0,0.0,0.0,0.0,2025-09-20 05:22:24.915,28.053333333333
Long Yeast Grow,pioreactor02,2025-09-20T03:22:47.915Z,21.40564,0.0,0.0,0.0,0.0,2025-09-20 05:22:47.915,28.059722222222
Long Yeast Grow,pioreactor02,2025-09-20T03:23:10.915Z,21.40414,0.0,0.0,0.0,0.0,2025-09-20 05:23:10.915,28.066111111111
Long Yeast Grow,pioreactor02,2025-09-20T03:23:13.396Z,21.40414,0.0,0.0,0.0,42.32,2025-09-20 05:23:13.396,28.066944444444
Long Yeast Grow,pioreactor02,2025-09-20T03:23:13.439Z,21.40414,0.0,0.0,0.0,41.09,2025-09-20 05:23:13.439,28.066944444444
Long Yeast Grow,pioreactor02,2025-09-20T03:23:33.915Z,21.38214,0.0,0.0,0.0,41.09,2025-09-20 05:23:33.915,28.0725
Long Yeast Grow,pioreactor02,2025-09-20T03:23:56.915Z,21.41914,0.0,0.0,0.0,41.09,2025-09-20 05:23:56.915,28.078888888889
Long Yeast Grow,pioreactor02,2025-09-20T03:24:19.915Z,21.91714,0.0,0.0,0.0,41.09,2025-09-20 05:24:19.915,28.085277777778
Long Yeast Grow,pioreactor02,2025-09-20T03:24:41.971Z,21.91714,0.0,0.0,0.0,0.0,2025-09-20 05:24:41.971,28.091388888889
Long Yeast Grow,pioreactor02,2025-09-20T03:24:42.915Z,22.36914,0.0,0.0,0.0,0.0,2025-09-20 05:24:42.915,28.091666666667
Long Yeast Grow,pioreactor02,2025-09-20T03:25:05.915Z,22.79614,0.0,0.0,0.0,0.0,2025-09-20 05:25:05.915,28.098055555556
Long Yeast Grow,pioreactor02,2025-09-20T03:25:28.915Z,22.48214,0.0,0.0,0.0,0.0,2025-09-20 05:25:28.915,28.104444444444
Long Yeast Grow,pioreactor02,2025-09-20T03:25:51.915Z,22.21714,0.0,0.0,0.0,0.0,2025-09-20 05:25:51.915,28.110833333333
Long Yeast Grow,pioreactor02,2025-09-20T03:26:14.916Z,21.99864,0.0,0.0,0.0,0.0,2025-09-20 05:26:14.916,28.117222222222
Long Yeast Grow,pioreactor02,2025-09-20T03:26:33.397Z,21.99864,0.0,0.0,0.0,41.09,2025-09-20 05:26:33.397,28.1225
Long Yeast Grow,pioreactor02,2025-09-20T03:26:33.439Z,21.99864,0.0,0.0,0.0,41.43,2025-09-20 05:26:33.439,28.1225
Long Yeast Grow,pioreactor02,2025-09-20T03:26:37.915Z,21.81314,0.0,0.0,0.0,41.43,2025-09-20 05:26:37.915,28.123611111111
Long Yeast Grow,pioreactor02,2025-09-20T03:27:00.915Z,21.69664,0.0,0.0,0.0,41.43,2025-09-20 05:27:00.915,28.13
Long Yeast Grow,pioreactor02,2025-09-20T03:27:23.915Z,21.62764,0.0,0.0,0.0,41.43,2025-09-20 05:27:23.915,28.136388888889
Long Yeast Grow,pioreactor02,2025-09-20T03:27:46.915Z,21.58914,0.0,0.0,0.0,41.43,2025-09-20 05:27:46.915,28.142777777778
Long Yeast Grow,pioreactor02,2025-09-20T03:28:01.972Z,21.58914,0.0,0.0,0.0,0.0,2025-09-20 05:28:01.972,28.146944444444
Long Yeast Grow,pioreactor02,2025-09-20T03:28:09.915Z,21.56714,0.0,0.0,0.0,0.0,2025-09-20 05:28:09.915,28.149166666667
Long Yeast Grow,pioreactor02,2025-09-20T03:28:32.915Z,21.48564,0.0,0.0,0.0,0.0,2025-09-20 05:28:32.915,28.155555555556
Long Yeast Grow,pioreactor02,2025-09-20T03:28:55.915Z,21.45814,0.0,0.0,0.0,0.0,2025-09-20 05:28:55.915,28.161944444444
Long Yeast Grow,pioreactor02,2025-09-20T03:29:18.915Z,21.96214,0.0,0.0,0.0,0.0,2025-09-20 05:29:18.915,28.168333333333
Long Yeast Grow,pioreactor02,2025-09-20T03:29:41.915Z,22.40964,0.0,0.0,0.0,0.0,2025-09-20 05:29:41.915,28.174722222222
Long Yeast Grow,pioreactor02,2025-09-20T03:29:53.397Z,22.40964,0.0,0.0,0.0,41.43,2025-09-20 05:29:53.397,28.178055555556
Long Yeast Grow,pioreactor02,2025-09-20T03:29:53.445Z,22.40964,0.0,0.0,0.0,43.15,2025-09-20 05:29:53.445,28.178055555556
Long Yeast Grow,pioreactor02,2025-09-20T03:30:04.915Z,22.83764,0.0,0.0,0.0,43.15,2025-09-20 05:30:04.915,28.181111111111
Long Yeast Grow,pioreactor02,2025-09-20T03:30:27.915Z,22.57014,0.0,0.0,0.0,43.15,2025-09-20 05:30:27.915,28.1875
Long Yeast Grow,pioreactor02,2025-09-20T03:30:50.915Z,22.29614,0.0,0.0,0.0,43.15,2025-09-20 05:30:50.915,28.193888888889
Long Yeast Grow,pioreactor02,2025-09-20T03:31:13.915Z,22.06964,0.0,0.0,0.0,43.15,2025-09-20 05:31:13.915,28.200277777778
Long Yeast Grow,pioreactor02,2025-09-20T03:31:21.972Z,22.06964,0.0,0.0,0.0,0.0,2025-09-20 05:31:21.972,28.2025
Long Yeast Grow,pioreactor02,2025-09-20T03:31:36.915Z,21.88814,0.0,0.0,0.0,0.0,2025-09-20 05:31:36.915,28.206666666667
Long Yeast Grow,pioreactor02,2025-09-20T03:31:59.915Z,21.76214,0.0,0.0,0.0,0.0,2025-09-20 05:31:59.915,28.213055555556
Long Yeast Grow,pioreactor02,2025-09-20T03:32:22.915Z,21.65014,0.0,0.0,0.0,0.0,2025-09-20 05:32:22.915,28.219444444444
Long Yeast Grow,pioreactor02,2025-09-20T03:32:45.915Z,21.60614,0.0,0.0,0.0,0.0,2025-09-20 05:32:45.915,28.225833333333
Long Yeast Grow,pioreactor02,2025-09-20T03:33:08.915Z,21.52264,0.0,0.0,0.0,0.0,2025-09-20 05:33:08.915,28.232222222222
Long Yeast Grow,pioreactor02,2025-09-20T03:33:13.396Z,21.52264,0.0,0.0,0.0,43.15,2025-09-20 05:33:13.396,28.233611111111
Long Yeast Grow,pioreactor02,2025-09-20T03:33:13.443Z,21.52264,0.0,0.0,0.0,41.63,2025-09-20 05:33:13.443,28.233611111111
Long Yeast Grow,pioreactor02,2025-09-20T03:33:31.915Z,21.52164,0.0,0.0,0.0,41.63,2025-09-20 05:33:31.915,28.238611111111
Long Yeast Grow,pioreactor02,2025-09-20T03:33:54.915Z,21.50264,0.0,0.0,0.0,41.63,2025-09-20 05:33:54.915,28.245
Long Yeast Grow,pioreactor02,2025-09-20T03:34:17.915Z,21.49664,0.0,0.0,0.0,41.63,2025-09-20 05:34:17.915,28.251388888889
Long Yeast Grow,pioreactor02,2025-09-20T03:34:40.915Z,21.98714,0.0,0.0,0.0,41.63,2025-09-20 05:34:40.915,28.257777777778
Long Yeast Grow,pioreactor02,2025-09-20T03:34:41.971Z,21.98714,0.0,0.0,0.0,0.0,2025-09-20 05:34:41.971,28.258055555556
Long Yeast Grow,pioreactor02,2025-09-20T03:35:03.915Z,22.44114,0.0,0.0,0.0,0.0,2025-09-20 05:35:03.915,28.264166666667
Long Yeast Grow,pioreactor02,2025-09-20T03:35:26.915Z,22.84464,0.0,0.0,0.0,0.0,2025-09-20 05:35:26.915,28.270555555556
Long Yeast Grow,pioreactor02,2025-09-20T03:35:49.915Z,22.57914,0.0,0.0,0.0,0.0,2025-09-20 05:35:49.915,28.276944444444
Long Yeast Grow,pioreactor02,2025-09-20T03:36:12.915Z,22.31564,0.0,0.0,0.0,0.0,2025-09-20 05:36:12.915,28.283333333333
Long Yeast Grow,pioreactor02,2025-09-20T03:36:33.398Z,22.31564,0.0,0.0,0.0,41.63,2025-09-20 05:36:33.398,28.289166666667
Long Yeast Grow,pioreactor02,2025-09-20T03:36:33.441Z,22.31564,0.0,0.0,0.0,42.67,2025-09-20 05:36:33.441,28.289166666667
Long Yeast Grow,pioreactor02,2025-09-20T03:36:35.915Z,22.10614,0.0,0.0,0.0,42.67,2025-09-20 05:36:35.915,28.289722222222
Long Yeast Grow,pioreactor02,2025-09-20T03:36:58.915Z,21.90864,0.0,0.0,0.0,42.67,2025-09-20 05:36:58.915,28.296111111111
Long Yeast Grow,pioreactor02,2025-09-20T03:37:21.915Z,21.77364,0.0,0.0,0.0,42.67,2025-09-20 05:37:21.915,28.3025
Long Yeast Grow,pioreactor02,2025-09-20T03:37:44.915Z,21.64964,0.0,0.0,0.0,42.67,2025-09-20 05:37:44.915,28.308888888889
Long Yeast Grow,pioreactor02,2025-09-20T03:38:01.972Z,21.64964,0.0,0.0,0.0,0.0,2025-09-20 05:38:01.972,28.313611111111
Long Yeast Grow,pioreactor02,2025-09-20T03:38:07.915Z,21.52664,0.0,0.0,0.0,0.0,2025-09-20 05:38:07.915,28.315277777778
Long Yeast Grow,pioreactor02,2025-09-20T03:38:30.915Z,21.48764,0.0,0.0,0.0,0.0,2025-09-20 05:38:30.915,28.321666666667
Long Yeast Grow,pioreactor02,2025-09-20T03:38:53.915Z,21.44464,0.0,0.0,0.0,0.0,2025-09-20 05:38:53.915,28.328055555556
Long Yeast Grow,pioreactor02,2025-09-20T03:39:16.915Z,21.39714,0.0,0.0,0.0,0.0,2025-09-20 05:39:16.915,28.334444444444
Long Yeast Grow,pioreactor02,2025-09-20T03:39:39.915Z,21.40564,0.0,0.0,0.0,0.0,2025-09-20 05:39:39.915,28.340833333333
Long Yeast Grow,pioreactor02,2025-09-20T03:39:53.397Z,21.40564,0.0,0.0,0.0,42.67,2025-09-20 05:39:53.397,28.344722222222
Long Yeast Grow,pioreactor02,2025-09-20T03:39:53.439Z,21.40564,0.0,0.0,0.0,43.0,2025-09-20 05:39:53.439,28.344722222222
Long Yeast Grow,pioreactor02,2025-09-20T03:40:02.915Z,21.82464,0.0,0.0,0.0,43.0,2025-09-20 05:40:02.915,28.347222222222
Long Yeast Grow,pioreactor02,2025-09-20T03:40:25.915Z,21.72814,0.0,0.0,0.0,43.0,2025-09-20 05:40:25.915,28.353611111111
Long Yeast Grow,pioreactor02,2025-09-20T03:40:48.915Z,21.66014,0.0,0.0,0.0,43.0,2025-09-20 05:40:48.915,28.36
Long Yeast Grow,pioreactor02,2025-09-20T03:41:11.915Z,21.57164,0.0,0.0,0.0,43.0,2025-09-20 05:41:11.915,28.366388888889
Long Yeast Grow,pioreactor02,2025-09-20T03:41:21.972Z,21.57164,0.0,0.0,0.0,0.0,2025-09-20 05:41:21.972,28.369166666667
Long Yeast Grow,pioreactor02,2025-09-20T03:41:34.915Z,21.51764,0.0,0.0,0.0,0.0,2025-09-20 05:41:34.915,28.372777777778
Long Yeast Grow,pioreactor02,2025-09-20T03:41:57.915Z,21.42664,0.0,0.0,0.0,0.0,2025-09-20 05:41:57.915,28.379166666667
Long Yeast Grow,pioreactor02,2025-09-20T03:42:20.915Z,21.59864,0.0,0.0,0.0,0.0,2025-09-20 05:42:20.915,28.385555555556
Long Yeast Grow,pioreactor02,2025-09-20T03:42:43.915Z,22.07614,0.0,0.0,0.0,0.0,2025-09-20 05:42:43.915,28.391944444444
Long Yeast Grow,pioreactor02,2025-09-20T03:43:06.915Z,22.50764,0.0,0.0,0.0,0.0,2025-09-20 05:43:06.915,28.398333333333
Long Yeast Grow,pioreactor02,2025-09-20T03:43:13.399Z,22.50764,0.0,0.0,0.0,43.0,2025-09-20 05:43:13.399,28.400277777778
Long Yeast Grow,pioreactor02,2025-09-20T03:43:13.444Z,22.50764,0.0,0.0,0.0,42.57,2025-09-20 05:43:13.444,28.400277777778
Long Yeast Grow,pioreactor02,2025-09-20T03:43:29.919Z,22.92864,0.0,0.0,0.0,42.57,2025-09-20 05:43:29.919,28.404722222222
Long Yeast Grow,pioreactor02,2025-09-20T03:43:52.915Z,22.68564,0.0,0.0,0.0,42.57,2025-09-20 05:43:52.915,28.411111111111
Long Yeast Grow,pioreactor02,2025-09-20T03:44:15.915Z,22.42664,0.0,0.0,0.0,42.57,2025-09-20 05:44:15.915,28.4175
Long Yeast Grow,pioreactor02,2025-09-20T03:44:38.915Z,22.21814,0.0,0.0,0.0,42.57,2025-09-20 05:44:38.915,28.423888888889
Long Yeast Grow,pioreactor02,2025-09-20T03:44:41.971Z,22.21814,0.0,0.0,0.0,0.0,2025-09-20 05:44:41.971,28.424722222222
Long Yeast Grow,pioreactor02,2025-09-20T03:45:01.915Z,22.01264,0.0,0.0,0.0,0.0,2025-09-20 05:45:01.915,28.430277777778
Long Yeast Grow,pioreactor02,2025-09-20T03:45:24.919Z,21.87264,0.0,0.0,0.0,0.0,2025-09-20 05:45:24.919,28.436666666667
Long Yeast Grow,pioreactor02,2025-09-20T03:45:47.915Z,21.71514,0.0,0.0,0.0,0.0,2025-09-20 05:45:47.915,28.443055555556
Long Yeast Grow,pioreactor02,2025-09-20T03:46:10.915Z,21.58864,0.0,0.0,0.0,0.0,2025-09-20 05:46:10.915,28.449444444444
Long Yeast Grow,pioreactor02,2025-09-20T03:46:33.396Z,21.58864,0.0,0.0,0.0,42.57,2025-09-20 05:46:33.396,28.455833333333
Long Yeast Grow,pioreactor02,2025-09-20T03:46:33.439Z,21.58864,0.0,0.0,0.0,41.3,2025-09-20 05:46:33.439,28.455833333333
Long Yeast Grow,pioreactor02,2025-09-20T03:46:33.915Z,21.56014,0.0,0.0,0.0,41.3,2025-09-20 05:46:33.915,28.455833333333
Long Yeast Grow,pioreactor02,2025-09-20T03:46:56.915Z,21.50814,0.0,0.0,0.0,41.3,2025-09-20 05:46:56.915,28.462222222222
Long Yeast Grow,pioreactor02,2025-09-20T03:47:19.915Z,21.45464,0.0,0.0,0.0,41.3,2025-09-20 05:47:19.915,28.468611111111
Long Yeast Grow,pioreactor02,2025-09-20T03:47:42.915Z,21.44164,0.0,0.0,0.0,41.3,2025-09-20 05:47:42.915,28.475
Long Yeast Grow,pioreactor02,2025-09-20T03:48:01.971Z,21.44164,0.0,0.0,0.0,0.0,2025-09-20 05:48:01.971,28.480277777778
Long Yeast Grow,pioreactor02,2025-09-20T03:48:05.915Z,21.45064,0.0,0.0,0.0,0.0,2025-09-20 05:48:05.915,28.481388888889
Long Yeast Grow,pioreactor02,2025-09-20T03:48:28.915Z,21.38514,0.0,0.0,0.0,0.0,2025-09-20 05:48:28.915,28.487777777778
Long Yeast Grow,pioreactor02,2025-09-20T03:48:51.915Z,21.40364,0.0,0.0,0.0,0.0,2025-09-20 05:48:51.915,28.494166666667
Long Yeast Grow,pioreactor02,2025-09-20T03:49:14.915Z,21.40264,0.0,0.0,0.0,0.0,2025-09-20 05:49:14.915,28.500555555556
Long Yeast Grow,pioreactor02,2025-09-20T03:49:37.919Z,21.41614,0.0,0.0,0.0,0.0,2025-09-20 05:49:37.919,28.506944444444
Long Yeast Grow,pioreactor02,2025-09-20T03:49:53.397Z,21.41614,0.0,0.0,0.0,41.3,2025-09-20 05:49:53.397,28.511388888889
Long Yeast Grow,pioreactor02,2025-09-20T03:49:53.439Z,21.41614,0.0,0.0,0.0,42.73,2025-09-20 05:49:53.439,28.511388888889
Long Yeast Grow,pioreactor02,2025-09-20T03:50:00.915Z,21.41114,0.0,0.0,0.0,42.73,2025-09-20 05:50:00.915,28.513333333333
Long Yeast Grow,pioreactor02,2025-09-20T03:50:23.915Z,21.87114,0.0,0.0,0.0,42.73,2025-09-20 05:50:23.915,28.519722222222
Long Yeast Grow,pioreactor02,2025-09-20T03:50:46.915Z,21.72914,0.0,0.0,0.0,42.73,2025-09-20 05:50:46.915,28.526111111111
Long Yeast Grow,pioreactor02,2025-09-20T03:51:09.916Z,21.62464,0.0,0.0,0.0,42.73,2025-09-20 05:51:09.916,28.5325
Long Yeast Grow,pioreactor02,2025-09-20T03:51:21.971Z,21.62464,0.0,0.0,0.0,0.0,2025-09-20 05:51:21.971,28.535833333333
Long Yeast Grow,pioreactor02,2025-09-20T03:51:32.915Z,21.54014,0.0,0.0,0.0,0.0,2025-09-20 05:51:32.915,28.538888888889
Long Yeast Grow,pioreactor02,2025-09-20T03:51:55.915Z,21.51214,0.0,0.0,0.0,0.0,2025-09-20 05:51:55.915,28.545277777778
Long Yeast Grow,pioreactor02,2025-09-20T03:52:18.915Z,21.45614,0.0,0.0,0.0,0.0,2025-09-20 05:52:18.915,28.551666666667
Long Yeast Grow,pioreactor02,2025-09-20T03:52:41.915Z,21.45564,0.0,0.0,0.0,0.0,2025-09-20 05:52:41.915,28.558055555556
Long Yeast Grow,pioreactor02,2025-09-20T03:53:04.915Z,21.43064,0.0,0.0,0.0,0.0,2025-09-20 05:53:04.915,28.564444444444
Long Yeast Grow,pioreactor02,2025-09-20T03:53:13.399Z,21.43064,0.0,0.0,0.0,42.73,2025-09-20 05:53:13.399,28.566944444444
Long Yeast Grow,pioreactor02,2025-09-20T03:53:13.439Z,21.43064,0.0,0.0,0.0,43.47,2025-09-20 05:53:13.439,28.566944444444
Long Yeast Grow,pioreactor02,2025-09-20T03:53:27.919Z,21.85914,0.0,0.0,0.0,43.47,2025-09-20 05:53:27.919,28.570833333333
Long Yeast Grow,pioreactor02,2025-09-20T03:53:50.915Z,21.76064,0.0,0.0,0.0,43.47,2025-09-20 05:53:50.915,28.577222222222
Long Yeast Grow,pioreactor02,2025-09-20T03:54:13.915Z,21.68714,0.0,0.0,0.0,43.47,2025-09-20 05:54:13.915,28.583611111111
Long Yeast Grow,pioreactor02,2025-09-20T03:54:36.915Z,21.59864,0.0,0.0,0.0,43.47,2025-09-20 05:54:36.915,28.59
Long Yeast Grow,pioreactor02,2025-09-20T03:54:41.971Z,21.59864,0.0,0.0,0.0,0.0,2025-09-20 05:54:41.971,28.591388888889
Long Yeast Grow,pioreactor02,2025-09-20T03:54:59.915Z,21.51314,0.0,0.0,0.0,0.0,2025-09-20 05:54:59.915,28.596388888889
Long Yeast Grow,pioreactor02,2025-09-20T03:55:22.915Z,21.45514,0.0,0.0,0.0,0.0,2025-09-20 05:55:22.915,28.602777777778
Long Yeast Grow,pioreactor02,2025-09-20T03:55:45.915Z,21.46114,0.0,0.0,0.0,0.0,2025-09-20 05:55:45.915,28.609166666667
Long Yeast Grow,pioreactor02,2025-09-20T03:56:08.915Z,21.38014,0.0,0.0,0.0,0.0,2025-09-20 05:56:08.915,28.615555555556
Long Yeast Grow,pioreactor02,2025-09-20T03:56:31.915Z,21.81214,0.0,0.0,0.0,0.0,2025-09-20 05:56:31.915,28.621944444444
Long Yeast Grow,pioreactor02,2025-09-20T03:56:33.397Z,21.81214,0.0,0.0,0.0,43.47,2025-09-20 05:56:33.397,28.6225
Long Yeast Grow,pioreactor02,2025-09-20T03:56:33.439Z,21.81214,0.0,0.0,0.0,42.73,2025-09-20 05:56:33.439,28.6225
Long Yeast Grow,pioreactor02,2025-09-20T03:56:54.915Z,21.72364,0.0,0.0,0.0,42.73,2025-09-20 05:56:54.915,28.628333333333
Long Yeast Grow,pioreactor02,2025-09-20T03:57:17.915Z,21.61414,0.0,0.0,0.0,42.73,2025-09-20 05:57:17.915,28.634722222222
Long Yeast Grow,pioreactor02,2025-09-20T03:57:40.915Z,21.61864,0.0,0.0,0.0,42.73,2025-09-20 05:57:40.915,28.641111111111
Long Yeast Grow,pioreactor02,2025-09-20T03:58:01.971Z,21.61864,0.0,0.0,0.0,0.0,2025-09-20 05:58:01.971,28.646944444444
Long Yeast Grow,pioreactor02,2025-09-20T03:58:03.915Z,21.51964,0.0,0.0,0.0,0.0,2025-09-20 05:58:03.915,28.6475
Long Yeast Grow,pioreactor02,2025-09-20T03:58:26.915Z,21.51614,0.0,0.0,0.0,0.0,2025-09-20 05:58:26.915,28.653888888889
Long Yeast Grow,pioreactor02,2025-09-20T03:58:49.915Z,21.42664,0.0,0.0,0.0,0.0,2025-09-20 05:58:49.915,28.660277777778
Long Yeast Grow,pioreactor02,2025-09-20T03:59:12.915Z,21.35814,0.0,0.0,0.0,0.0,2025-09-20 05:59:12.915,28.666666666667
Long Yeast Grow,pioreactor02,2025-09-20T03:59:35.915Z,21.34914,0.0,0.0,0.0,0.0,2025-09-20 05:59:35.915,28.673055555556
Long Yeast Grow,pioreactor02,2025-09-20T03:59:53.397Z,21.34914,0.0,0.0,0.0,42.73,2025-09-20 05:59:53.397,28.678055555556
Long Yeast Grow,pioreactor02,2025-09-20T03:59:53.439Z,21.34914,0.0,0.0,0.0,41.65,2025-09-20 05:59:53.439,28.678055555556
Long Yeast Grow,pioreactor02,2025-09-20T03:59:58.915Z,21.43714,0.0,0.0,0.0,41.65,2025-09-20 05:59:58.915,28.679444444444
Long Yeast Grow,pioreactor02,2025-09-20T04:00:21.915Z,21.43214,0.0,0.0,0.0,41.65,2025-09-20 06:00:21.915,28.685833333333
Long Yeast Grow,pioreactor02,2025-09-20T04:00:44.915Z,21.58614,0.0,0.0,0.0,41.65,2025-09-20 06:00:44.915,28.692222222222
Long Yeast Grow,pioreactor02,2025-09-20T04:01:07.915Z,22.05664,0.0,0.0,0.0,41.65,2025-09-20 06:01:07.915,28.698611111111
Long Yeast Grow,pioreactor02,2025-09-20T04:01:21.971Z,22.05664,0.0,0.0,0.0,0.0,2025-09-20 06:01:21.971,28.7025
Long Yeast Grow,pioreactor02,2025-09-20T04:01:30.915Z,22.49464,0.0,0.0,0.0,0.0,2025-09-20 06:01:30.915,28.705
Long Yeast Grow,pioreactor02,2025-09-20T04:01:53.915Z,22.27264,0.0,0.0,0.0,0.0,2025-09-20 06:01:53.915,28.711388888889
Long Yeast Grow,pioreactor02,2025-09-20T04:02:16.915Z,22.06814,0.0,0.0,0.0,0.0,2025-09-20 06:02:16.915,28.717777777778
Long Yeast Grow,pioreactor02,2025-09-20T04:02:39.915Z,21.88964,0.0,0.0,0.0,0.0,2025-09-20 06:02:39.915,28.724166666667
Long Yeast Grow,pioreactor02,2025-09-20T04:03:02.915Z,21.73314,0.0,0.0,0.0,0.0,2025-09-20 06:03:02.915,28.730555555556
Long Yeast Grow,pioreactor02,2025-09-20T04:03:13.397Z,21.73314,0.0,0.0,0.0,41.65,2025-09-20 06:03:13.397,28.733611111111
Long Yeast Grow,pioreactor02,2025-09-20T04:03:13.440Z,21.73314,0.0,0.0,0.0,40.97,2025-09-20 06:03:13.440,28.733611111111
Long Yeast Grow,pioreactor02,2025-09-20T04:03:25.915Z,21.63064,0.0,0.0,0.0,40.97,2025-09-20 06:03:25.915,28.736944444444
Long Yeast Grow,pioreactor02,2025-09-20T04:03:48.915Z,21.57364,0.0,0.0,0.0,40.97,2025-09-20 06:03:48.915,28.743333333333
Long Yeast Grow,pioreactor02,2025-09-20T04:04:11.915Z,21.51914,0.0,0.0,0.0,40.97,2025-09-20 06:04:11.915,28.749722222222
Long Yeast Grow,pioreactor02,2025-09-20T04:04:34.919Z,21.55764,0.0,0.0,0.0,40.97,2025-09-20 06:04:34.919,28.756111111111
Long Yeast Grow,pioreactor02,2025-09-20T04:04:41.971Z,21.55764,0.0,0.0,0.0,0.0,2025-09-20 06:04:41.971,28.758055555556
Long Yeast Grow,pioreactor02,2025-09-20T04:04:57.915Z,21.52114,0.0,0.0,0.0,0.0,2025-09-20 06:04:57.915,28.7625
Long Yeast Grow,pioreactor02,2025-09-20T04:05:20.915Z,21.54114,0.0,0.0,0.0,0.0,2025-09-20 06:05:20.915,28.768888888889
Long Yeast Grow,pioreactor02,2025-09-20T04:05:43.915Z,21.51964,0.0,0.0,0.0,0.0,2025-09-20 06:05:43.915,28.775277777778
Long Yeast Grow,pioreactor02,2025-09-20T04:06:06.915Z,21.54514,0.0,0.0,0.0,0.0,2025-09-20 06:06:06.915,28.781666666667
Long Yeast Grow,pioreactor02,2025-09-20T04:06:29.919Z,21.47714,0.0,0.0,0.0,0.0,2025-09-20 06:06:29.919,28.788055555556
Long Yeast Grow,pioreactor02,2025-09-20T04:06:33.397Z,21.47714,0.0,0.0,0.0,40.97,2025-09-20 06:06:33.397,28.789166666667
Long Yeast Grow,pioreactor02,2025-09-20T04:06:33.440Z,21.47714,0.0,0.0,0.0,42.13,2025-09-20 06:06:33.440,28.789166666667
Long Yeast Grow,pioreactor02,2025-09-20T04:06:52.915Z,21.46564,0.0,0.0,0.0,42.13,2025-09-20 06:06:52.915,28.794444444444
Long Yeast Grow,pioreactor02,2025-09-20T04:07:15.915Z,21.95614,0.0,0.0,0.0,42.13,2025-09-20 06:07:15.915,28.800833333333
Long Yeast Grow,pioreactor02,2025-09-20T04:07:38.915Z,22.40614,0.0,0.0,0.0,42.13,2025-09-20 06:07:38.915,28.807222222222
Long Yeast Grow,pioreactor02,2025-09-20T04:08:01.915Z,22.84964,0.0,0.0,0.0,42.13,2025-09-20 06:08:01.915,28.813611111111
Long Yeast Grow,pioreactor02,2025-09-20T04:08:01.971Z,22.84964,0.0,0.0,0.0,0.0,2025-09-20 06:08:01.971,28.813611111111
Long Yeast Grow,pioreactor02,2025-09-20T04:08:24.915Z,22.63264,0.0,0.0,0.0,0.0,2025-09-20 06:08:24.915,28.82
Long Yeast Grow,pioreactor02,2025-09-20T04:08:47.915Z,22.35214,0.0,0.0,0.0,0.0,2025-09-20 06:08:47.915,28.826388888889
Long Yeast Grow,pioreactor02,2025-09-20T04:09:10.915Z,22.10714,0.0,0.0,0.0,0.0,2025-09-20 06:09:10.915,28.832777777778
Long Yeast Grow,pioreactor02,2025-09-20T04:09:33.915Z,21.91564,0.0,0.0,0.0,0.0,2025-09-20 06:09:33.915,28.839166666667
Long Yeast Grow,pioreactor02,2025-09-20T04:09:53.397Z,21.91564,0.0,0.0,0.0,42.13,2025-09-20 06:09:53.397,28.844722222222
Long Yeast Grow,pioreactor02,2025-09-20T04:09:53.440Z,21.91564,0.0,0.0,0.0,41.87,2025-09-20 06:09:53.440,28.844722222222
Long Yeast Grow,pioreactor02,2025-09-20T04:09:56.915Z,21.79714,0.0,0.0,0.0,41.87,2025-09-20 06:09:56.915,28.845555555556
Long Yeast Grow,pioreactor02,2025-09-20T04:10:19.915Z,21.65614,0.0,0.0,0.0,41.87,2025-09-20 06:10:19.915,28.851944444444
Long Yeast Grow,pioreactor02,2025-09-20T04:10:42.915Z,21.55464,0.0,0.0,0.0,41.87,2025-09-20 06:10:42.915,28.858333333333
Long Yeast Grow,pioreactor02,2025-09-20T04:11:05.915Z,21.51114,0.0,0.0,0.0,41.87,2025-09-20 06:11:05.915,28.864722222222
Long Yeast Grow,pioreactor02,2025-09-20T04:11:21.971Z,21.51114,0.0,0.0,0.0,0.0,2025-09-20 06:11:21.971,28.869166666667
Long Yeast Grow,pioreactor02,2025-09-20T04:11:28.915Z,21.45364,0.0,0.0,0.0,0.0,2025-09-20 06:11:28.915,28.871111111111
Long Yeast Grow,pioreactor02,2025-09-20T04:11:51.915Z,21.43764,0.0,0.0,0.0,0.0,2025-09-20 06:11:51.915,28.8775
Long Yeast Grow,pioreactor02,2025-09-20T04:12:14.915Z,21.39164,0.0,0.0,0.0,0.0,2025-09-20 06:12:14.915,28.883888888889
Long Yeast Grow,pioreactor02,2025-09-20T04:12:37.915Z,21.89364,0.0,0.0,0.0,0.0,2025-09-20 06:12:37.915,28.890277777778
Long Yeast Grow,pioreactor02,2025-09-20T04:13:00.915Z,22.34364,0.0,0.0,0.0,0.0,2025-09-20 06:13:00.915,28.896666666667
Long Yeast Grow,pioreactor02,2025-09-20T04:13:13.396Z,22.34364,0.0,0.0,0.0,41.87,2025-09-20 06:13:13.396,28.900277777778
Long Yeast Grow,pioreactor02,2025-09-20T04:13:13.440Z,22.34364,0.0,0.0,0.0,43.57,2025-09-20 06:13:13.440,28.900277777778
Long Yeast Grow,pioreactor02,2025-09-20T04:13:23.915Z,22.77564,0.0,0.0,0.0,43.57,2025-09-20 06:13:23.915,28.903055555556
Long Yeast Grow,pioreactor02,2025-09-20T04:13:46.915Z,22.62414,0.0,0.0,0.0,43.57,2025-09-20 06:13:46.915,28.909444444444
Long Yeast Grow,pioreactor02,2025-09-20T04:14:09.915Z,22.40664,0.0,0.0,0.0,43.57,2025-09-20 06:14:09.915,28.915833333333
Long Yeast Grow,pioreactor02,2025-09-20T04:14:32.915Z,22.17164,0.0,0.0,0.0,43.57,2025-09-20 06:14:32.915,28.922222222222
Long Yeast Grow,pioreactor02,2025-09-20T04:14:41.971Z,22.17164,0.0,0.0,0.0,0.0,2025-09-20 06:14:41.971,28.924722222222
Long Yeast Grow,pioreactor02,2025-09-20T04:14:55.915Z,21.95914,0.0,0.0,0.0,0.0,2025-09-20 06:14:55.915,28.928611111111
Long Yeast Grow,pioreactor02,2025-09-20T04:15:18.915Z,21.81514,0.0,0.0,0.0,0.0,2025-09-20 06:15:18.915,28.935
Long Yeast Grow,pioreactor02,2025-09-20T04:15:41.915Z,21.66914,0.0,0.0,0.0,0.0,2025-09-20 06:15:41.915,28.941388888889
Long Yeast Grow,pioreactor02,2025-09-20T04:16:04.915Z,21.61664,0.0,0.0,0.0,0.0,2025-09-20 06:16:04.915,28.947777777778
Long Yeast Grow,pioreactor02,2025-09-20T04:16:27.915Z,21.53964,0.0,0.0,0.0,0.0,2025-09-20 06:16:27.915,28.954166666667
Long Yeast Grow,pioreactor02,2025-09-20T04:16:33.397Z,21.53964,0.0,0.0,0.0,43.57,2025-09-20 06:16:33.397,28.955833333333
Long Yeast Grow,pioreactor02,2025-09-20T04:16:33.441Z,21.53964,0.0,0.0,0.0,43.81,2025-09-20 06:16:33.441,28.955833333333
Long Yeast Grow,pioreactor02,2025-09-20T04:16:50.915Z,21.49514,0.0,0.0,0.0,43.81,2025-09-20 06:16:50.915,28.960555555556
Long Yeast Grow,pioreactor02,2025-09-20T04:17:13.915Z,21.48764,0.0,0.0,0.0,43.81,2025-09-20 06:17:13.915,28.966944444444
Long Yeast Grow,pioreactor02,2025-09-20T04:17:36.915Z,21.48564,0.0,0.0,0.0,43.81,2025-09-20 06:17:36.915,28.973333333333
Long Yeast Grow,pioreactor02,2025-09-20T04:17:59.915Z,21.48614,0.0,0.0,0.0,43.81,2025-09-20 06:17:59.915,28.979722222222
Long Yeast Grow,pioreactor02,2025-09-20T04:18:01.971Z,21.48614,0.0,0.0,0.0,0.0,2025-09-20 06:18:01.971,28.980277777778
Long Yeast Grow,pioreactor02,2025-09-20T04:18:22.915Z,21.44864,0.0,0.0,0.0,0.0,2025-09-20 06:18:22.915,28.986111111111
Long Yeast Grow,pioreactor02,2025-09-20T04:18:45.915Z,21.43614,0.0,0.0,0.0,0.0,2025-09-20 06:18:45.915,28.9925
Long Yeast Grow,pioreactor02,2025-09-20T04:19:08.915Z,21.92314,0.0,0.0,0.0,0.0,2025-09-20 06:19:08.915,28.998888888889
Long Yeast Grow,pioreactor02,2025-09-20T04:19:31.915Z,22.38664,0.0,0.0,0.0,0.0,2025-09-20 06:19:31.915,29.005277777778
Long Yeast Grow,pioreactor02,2025-09-20T04:19:53.397Z,22.38664,0.0,0.0,0.0,43.81,2025-09-20 06:19:53.397,29.011388888889
Long Yeast Grow,pioreactor02,2025-09-20T04:19:53.440Z,22.38664,0.0,0.0,0.0,45.14,2025-09-20 06:19:53.440,29.011388888889
Long Yeast Grow,pioreactor02,2025-09-20T04:19:54.915Z,22.79664,0.0,0.0,0.0,45.14,2025-09-20 06:19:54.915,29.011666666667
Long Yeast Grow,pioreactor02,2025-09-20T04:20:17.915Z,22.52314,0.0,0.0,0.0,45.14,2025-09-20 06:20:17.915,29.018055555556
Long Yeast Grow,pioreactor02,2025-09-20T04:20:40.915Z,22.24764,0.0,0.0,0.0,45.14,2025-09-20 06:20:40.915,29.024444444444
Long Yeast Grow,pioreactor02,2025-09-20T04:21:03.915Z,22.04164,0.0,0.0,0.0,45.14,2025-09-20 06:21:03.915,29.030833333333
Long Yeast Grow,pioreactor02,2025-09-20T04:21:21.972Z,22.04164,0.0,0.0,0.0,0.0,2025-09-20 06:21:21.972,29.035833333333
Long Yeast Grow,pioreactor02,2025-09-20T04:21:26.915Z,21.87814,0.0,0.0,0.0,0.0,2025-09-20 06:21:26.915,29.037222222222
Long Yeast Grow,pioreactor02,2025-09-20T04:21:49.915Z,21.71164,0.0,0.0,0.0,0.0,2025-09-20 06:21:49.915,29.043611111111
Long Yeast Grow,pioreactor02,2025-09-20T04:22:12.879Z,21.59314,0.0,0.0,0.0,0.0,2025-09-20 06:22:12.879,29.05
Long Yeast Grow,pioreactor02,2025-09-20T04:22:35.915Z,21.55514,0.0,0.0,0.0,0.0,2025-09-20 06:22:35.915,29.056388888889
Long Yeast Grow,pioreactor02,2025-09-20T04:22:58.915Z,21.46114,0.0,0.0,0.0,0.0,2025-09-20 06:22:58.915,29.062777777778
Long Yeast Grow,pioreactor02,2025-09-20T04:23:13.395Z,21.46114,0.0,0.0,0.0,45.14,2025-09-20 06:23:13.395,29.066944444444
Long Yeast Grow,pioreactor02,2025-09-20T04:23:13.440Z,21.46114,0.0,0.0,0.0,43.18,2025-09-20 06:23:13.440,29.066944444444
Long Yeast Grow,pioreactor02,2025-09-20T04:23:21.919Z,21.42464,0.0,0.0,0.0,43.18,2025-09-20 06:23:21.919,29.069166666667
Long Yeast Grow,pioreactor02,2025-09-20T04:23:44.915Z,21.43164,0.0,0.0,0.0,43.18,2025-09-20 06:23:44.915,29.075555555556
Long Yeast Grow,pioreactor02,2025-09-20T04:24:07.915Z,21.45264,0.0,0.0,0.0,43.18,2025-09-20 06:24:07.915,29.081944444444
Long Yeast Grow,pioreactor02,2025-09-20T04:24:30.915Z,21.44714,0.0,0.0,0.0,43.18,2025-09-20 06:24:30.915,29.088333333333
Long Yeast Grow,pioreactor02,2025-09-20T04:24:41.971Z,21.44714,0.0,0.0,0.0,0.0,2025-09-20 06:24:41.971,29.091388888889
Long Yeast Grow,pioreactor02,2025-09-20T04:24:53.915Z,21.80764,0.0,0.0,0.0,0.0,2025-09-20 06:24:53.915,29.094722222222
Long Yeast Grow,pioreactor02,2025-09-20T04:25:16.915Z,21.64014,0.0,0.0,0.0,0.0,2025-09-20 06:25:16.915,29.101111111111
Long Yeast Grow,pioreactor02,2025-09-20T04:25:39.915Z,21.54364,0.0,0.0,0.0,0.0,2025-09-20 06:25:39.915,29.1075
Long Yeast Grow,pioreactor02,2025-09-20T04:26:02.915Z,21.50664,0.0,0.0,0.0,0.0,2025-09-20 06:26:02.915,29.113888888889
Long Yeast Grow,pioreactor02,2025-09-20T04:26:25.915Z,21.46014,0.0,0.0,0.0,0.0,2025-09-20 06:26:25.915,29.120277777778
Long Yeast Grow,pioreactor02,2025-09-20T04:26:33.396Z,21.46014,0.0,0.0,0.0,43.18,2025-09-20 06:26:33.396,29.1225
Long Yeast Grow,pioreactor02,2025-09-20T04:26:33.439Z,21.46014,0.0,0.0,0.0,44.12,2025-09-20 06:26:33.439,29.1225
Long Yeast Grow,pioreactor02,2025-09-20T04:26:48.915Z,21.40164,0.0,0.0,0.0,44.12,2025-09-20 06:26:48.915,29.126666666667
Long Yeast Grow,pioreactor02,2025-09-20T04:27:11.915Z,21.81964,0.0,0.0,0.0,44.12,2025-09-20 06:27:11.915,29.133055555556
Long Yeast Grow,pioreactor02,2025-09-20T04:27:34.915Z,21.71414,0.0,0.0,0.0,44.12,2025-09-20 06:27:34.915,29.139444444444
Long Yeast Grow,pioreactor02,2025-09-20T04:27:57.915Z,21.59914,0.0,0.0,0.0,44.12,2025-09-20 06:27:57.915,29.145833333333
Long Yeast Grow,pioreactor02,2025-09-20T04:28:01.971Z,21.59914,0.0,0.0,0.0,0.0,2025-09-20 06:28:01.971,29.146944444444
Long Yeast Grow,pioreactor02,2025-09-20T04:28:20.915Z,21.57064,0.0,0.0,0.0,0.0,2025-09-20 06:28:20.915,29.152222222222
Long Yeast Grow,pioreactor02,2025-09-20T04:28:43.915Z,21.49914,0.0,0.0,0.0,0.0,2025-09-20 06:28:43.915,29.158611111111
Long Yeast Grow,pioreactor02,2025-09-20T04:29:06.915Z,21.43114,0.0,0.0,0.0,0.0,2025-09-20 06:29:06.915,29.165
Long Yeast Grow,pioreactor02,2025-09-20T04:29:29.915Z,21.43414,0.0,0.0,0.0,0.0,2025-09-20 06:29:29.915,29.171388888889
Long Yeast Grow,pioreactor02,2025-09-20T04:29:52.915Z,21.48964,0.0,0.0,0.0,0.0,2025-09-20 06:29:52.915,29.177777777778
Long Yeast Grow,pioreactor02,2025-09-20T04:29:53.395Z,21.48964,0.0,0.0,0.0,44.12,2025-09-20 06:29:53.395,29.178055555556
Long Yeast Grow,pioreactor02,2025-09-20T04:29:53.439Z,21.48964,0.0,0.0,0.0,44.4,2025-09-20 06:29:53.439,29.178055555556
Long Yeast Grow,pioreactor02,2025-09-20T04:30:15.915Z,21.97214,0.0,0.0,0.0,44.4,2025-09-20 06:30:15.915,29.184166666667
Long Yeast Grow,pioreactor02,2025-09-20T04:30:38.915Z,22.42664,0.0,0.0,0.0,44.4,2025-09-20 06:30:38.915,29.190555555556
Long Yeast Grow,pioreactor02,2025-09-20T04:31:01.915Z,22.85464,0.0,0.0,0.0,44.4,2025-09-20 06:31:01.915,29.196944444444
Long Yeast Grow,pioreactor02,2025-09-20T04:31:21.971Z,22.85464,0.0,0.0,0.0,0.0,2025-09-20 06:31:21.971,29.2025
Long Yeast Grow,pioreactor02,2025-09-20T04:31:24.915Z,22.53014,0.0,0.0,0.0,0.0,2025-09-20 06:31:24.915,29.203333333333
Long Yeast Grow,pioreactor02,2025-09-20T04:31:47.915Z,22.24264,0.0,0.0,0.0,0.0,2025-09-20 06:31:47.915,29.209722222222
Long Yeast Grow,pioreactor02,2025-09-20T04:32:10.915Z,22.01964,0.0,0.0,0.0,0.0,2025-09-20 06:32:10.915,29.216111111111
Long Yeast Grow,pioreactor02,2025-09-20T04:32:33.915Z,21.86664,0.0,0.0,0.0,0.0,2025-09-20 06:32:33.915,29.2225
Long Yeast Grow,pioreactor02,2025-09-20T04:32:56.915Z,21.71664,0.0,0.0,0.0,0.0,2025-09-20 06:32:56.915,29.228888888889
Long Yeast Grow,pioreactor02,2025-09-20T04:33:13.397Z,21.71664,0.0,0.0,0.0,44.4,2025-09-20 06:33:13.397,29.233611111111
Long Yeast Grow,pioreactor02,2025-09-20T04:33:13.439Z,21.71664,0.0,0.0,0.0,43.34,2025-09-20 06:33:13.439,29.233611111111
Long Yeast Grow,pioreactor02,2025-09-20T04:33:19.915Z,21.64314,0.0,0.0,0.0,43.34,2025-09-20 06:33:19.915,29.235277777778
Long Yeast Grow,pioreactor02,2025-09-20T04:33:42.915Z,21.53164,0.0,0.0,0.0,43.34,2025-09-20 06:33:42.915,29.241666666667
Long Yeast Grow,pioreactor02,2025-09-20T04:34:05.915Z,21.44514,0.0,0.0,0.0,43.34,2025-09-20 06:34:05.915,29.248055555556
Long Yeast Grow,pioreactor02,2025-09-20T04:34:28.915Z,21.42564,0.0,0.0,0.0,43.34,2025-09-20 06:34:28.915,29.254444444444
Long Yeast Grow,pioreactor02,2025-09-20T04:34:41.972Z,21.42564,0.0,0.0,0.0,0.0,2025-09-20 06:34:41.972,29.258055555556
Long Yeast Grow,pioreactor02,2025-09-20T04:34:51.915Z,21.38064,0.0,0.0,0.0,0.0,2025-09-20 06:34:51.915,29.260833333333
Long Yeast Grow,pioreactor02,2025-09-20T04:35:14.915Z,21.37914,0.0,0.0,0.0,0.0,2025-09-20 06:35:14.915,29.267222222222
Long Yeast Grow,pioreactor02,2025-09-20T04:35:37.915Z,21.32864,0.0,0.0,0.0,0.0,2025-09-20 06:35:37.915,29.273611111111
Long Yeast Grow,pioreactor02,2025-09-20T04:36:00.915Z,21.37914,0.0,0.0,0.0,0.0,2025-09-20 06:36:00.915,29.28
Long Yeast Grow,pioreactor02,2025-09-20T04:36:23.919Z,21.49364,0.0,0.0,0.0,0.0,2025-09-20 06:36:23.919,29.286388888889
Long Yeast Grow,pioreactor02,2025-09-20T04:36:33.396Z,21.49364,0.0,0.0,0.0,43.34,2025-09-20 06:36:33.396,29.289166666667
Long Yeast Grow,pioreactor02,2025-09-20T04:36:33.445Z,21.49364,0.0,0.0,0.0,43.32,2025-09-20 06:36:33.445,29.289166666667
Long Yeast Grow,pioreactor02,2025-09-20T04:36:46.915Z,21.97714,0.0,0.0,0.0,43.32,2025-09-20 06:36:46.915,29.292777777778
Long Yeast Grow,pioreactor02,2025-09-20T04:37:09.915Z,22.43114,0.0,0.0,0.0,43.32,2025-09-20 06:37:09.915,29.299166666667
Long Yeast Grow,pioreactor02,2025-09-20T04:37:32.915Z,22.85464,0.0,0.0,0.0,43.32,2025-09-20 06:37:32.915,29.305555555556
Long Yeast Grow,pioreactor02,2025-09-20T04:37:55.919Z,22.52514,0.0,0.0,0.0,43.32,2025-09-20 06:37:55.919,29.311944444444
Long Yeast Grow,pioreactor02,2025-09-20T04:38:01.972Z,22.52514,0.0,0.0,0.0,0.0,2025-09-20 06:38:01.972,29.313611111111
Long Yeast Grow,pioreactor02,2025-09-20T04:38:18.915Z,22.25664,0.0,0.0,0.0,0.0,2025-09-20 06:38:18.915,29.318333333333
Long Yeast Grow,pioreactor02,2025-09-20T04:38:41.915Z,22.02864,0.0,0.0,0.0,0.0,2025-09-20 06:38:41.915,29.324722222222
Long Yeast Grow,pioreactor02,2025-09-20T04:39:04.919Z,21.87114,0.0,0.0,0.0,0.0,2025-09-20 06:39:04.919,29.331111111111
Long Yeast Grow,pioreactor02,2025-09-20T04:39:27.915Z,21.72914,0.0,0.0,0.0,0.0,2025-09-20 06:39:27.915,29.3375
Long Yeast Grow,pioreactor02,2025-09-20T04:39:50.915Z,21.63764,0.0,0.0,0.0,0.0,2025-09-20 06:39:50.915,29.343888888889
Long Yeast Grow,pioreactor02,2025-09-20T04:39:53.398Z,21.63764,0.0,0.0,0.0,43.32,2025-09-20 06:39:53.398,29.344722222222
Long Yeast Grow,pioreactor02,2025-09-20T04:39:53.439Z,21.63764,0.0,0.0,0.0,42.73,2025-09-20 06:39:53.439,29.344722222222
Long Yeast Grow,pioreactor02,2025-09-20T04:40:13.915Z,21.51414,0.0,0.0,0.0,42.73,2025-09-20 06:40:13.915,29.350277777778
Long Yeast Grow,pioreactor02,2025-09-20T04:40:36.915Z,21.49014,0.0,0.0,0.0,42.73,2025-09-20 06:40:36.915,29.356666666667
Long Yeast Grow,pioreactor02,2025-09-20T04:40:59.915Z,21.41114,0.0,0.0,0.0,42.73,2025-09-20 06:40:59.915,29.363055555556
Long Yeast Grow,pioreactor02,2025-09-20T04:41:21.972Z,21.41114,0.0,0.0,0.0,0.0,2025-09-20 06:41:21.972,29.369166666667
Long Yeast Grow,pioreactor02,2025-09-20T04:41:22.915Z,21.40114,0.0,0.0,0.0,0.0,2025-09-20 06:41:22.915,29.369444444444
Long Yeast Grow,pioreactor02,2025-09-20T04:41:45.915Z,21.38364,0.0,0.0,0.0,0.0,2025-09-20 06:41:45.915,29.375833333333
Long Yeast Grow,pioreactor02,2025-09-20T04:42:08.915Z,21.32014,0.0,0.0,0.0,0.0,2025-09-20 06:42:08.915,29.382222222222
Long Yeast Grow,pioreactor02,2025-09-20T04:42:31.915Z,21.38864,0.0,0.0,0.0,0.0,2025-09-20 06:42:31.915,29.388611111111
Long Yeast Grow,pioreactor02,2025-09-20T04:42:54.915Z,21.80664,0.0,0.0,0.0,0.0,2025-09-20 06:42:54.915,29.395
Long Yeast Grow,pioreactor02,2025-09-20T04:43:13.399Z,21.80664,0.0,0.0,0.0,42.73,2025-09-20 06:43:13.399,29.400277777778
Long Yeast Grow,pioreactor02,2025-09-20T04:43:13.443Z,21.80664,0.0,0.0,0.0,44.36,2025-09-20 06:43:13.443,29.400277777778
Long Yeast Grow,pioreactor02,2025-09-20T04:43:17.915Z,21.68764,0.0,0.0,0.0,44.36,2025-09-20 06:43:17.915,29.401388888889
Long Yeast Grow,pioreactor02,2025-09-20T04:43:40.915Z,21.64614,0.0,0.0,0.0,44.36,2025-09-20 06:43:40.915,29.407777777778
Long Yeast Grow,pioreactor02,2025-09-20T04:44:03.915Z,21.57964,0.0,0.0,0.0,44.36,2025-09-20 06:44:03.915,29.414166666667
