experiment,pioreactor_unit,timestamp,relative_intensity,timestamp_localtime,hours_since_experiment_created
Long Yeast Grow,pioreactor02,2025-09-19T01:36:23.305000Z,0.076564231677,2025-09-19 03:36:23.305,2.286388888889
Long Yeast Grow,pioreactor02,2025-09-19T01:36:28.306000Z,0.076585181129,2025-09-19 03:36:28.306,2.287777777778
Long Yeast Grow,pioreactor02,2025-09-19T01:36:33.306000Z,0.076607277147,2025-09-19 03:36:33.306,2.289166666667
Long Yeast Grow,pioreactor02,2025-09-19T01:38:13.303000Z,0.07664976549,2025-09-19 03:38:13.303,2.316944444444
Long Yeast Grow,pioreactor02,2025-09-19T01:38:58.306000Z,0.076635416503,2025-09-19 03:38:58.306,2.329444444444
Long Yeast Grow,pioreactor02,2025-09-19T01:39:38.306000Z,0.076635239192,2025-09-19 03:39:38.306,2.340555555556
Long Yeast Grow,pioreactor02,2025-09-19T01:39:58.306000Z,0.076665205099,2025-09-19 03:39:58.306,2.346111111111
Long Yeast Grow,pioreactor02,2025-09-19T01:40:43.307000Z,0.076690022446,2025-09-19 03:40:43.307,2.358611111111
Long Yeast Grow,pioreactor02,2025-09-19T01:40:58.307000Z,0.07670466809,2025-09-19 03:40:58.307,2.362777777778
Long Yeast Grow,pioreactor02,2025-09-19T01:41:08.305000Z,0.07671123734,2025-09-19 03:41:08.305,2.365555555556
Long Yeast Grow,pioreactor02,2025-09-19T01:41:13.306000Z,0.076695738176,2025-09-19 03:41:13.306,2.366944444444
Long Yeast Grow,pioreactor02,2025-09-19T01:41:18.306000Z,0.076701653019,2025-09-19 03:41:18.306,2.368333333333
Long Yeast Grow,pioreactor02,2025-09-19T01:41:53.306000Z,0.076735052865,2025-09-19 03:41:53.306,2.378055555556
Long Yeast Grow,pioreactor02,2025-09-19T01:42:03.306000Z,0.07672925506,2025-09-19 03:42:03.306,2.380833333333
Long Yeast Grow,pioreactor02,2025-09-19T01:42:28.306000Z,0.076715825402,2025-09-19 03:42:28.306,2.387777777778
Long Yeast Grow,pioreactor02,2025-09-19T01:43:38.307000Z,0.07669289774,2025-09-19 03:43:38.307,2.407222222222
Long Yeast Grow,pioreactor02,2025-09-19T01:43:43.307000Z,0.076688241286,2025-09-19 03:43:43.307,2.408611111111
Long Yeast Grow,pioreactor02,2025-09-19T01:44:58.311000Z,0.076653584844,2025-09-19 03:44:58.311,2.429444444444
Long Yeast Grow,pioreactor02,2025-09-19T01:45:18.306000Z,0.076613633736,2025-09-19 03:45:18.306,2.435
Long Yeast Grow,pioreactor02,2025-09-19T01:45:58.306000Z,0.076593969315,2025-09-19 03:45:58.306,2.446111111111
Long Yeast Grow,pioreactor02,2025-09-19T01:47:08.308000Z,0.076519262336,2025-09-19 03:47:08.308,2.465555555556
Long Yeast Grow,pioreactor02,2025-09-19T01:47:48.305000Z,0.076498985715,2025-09-19 03:47:48.305,2.476666666667
Long Yeast Grow,pioreactor02,2025-09-19T01:47:53.307000Z,0.076500459404,2025-09-19 03:47:53.307,2.478055555556
Long Yeast Grow,pioreactor02,2025-09-19T01:48:13.307000Z,0.076479956454,2025-09-19 03:48:13.307,2.483611111111
Long Yeast Grow,pioreactor02,2025-09-19T01:48:23.307000Z,0.076480803799,2025-09-19 03:48:23.307,2.486388888889
Long Yeast Grow,pioreactor02,2025-09-19T01:48:28.306000Z,0.076452504099,2025-09-19 03:48:28.306,2.487777777778
Long Yeast Grow,pioreactor02,2025-09-19T01:48:33.307000Z,0.076447214159,2025-09-19 03:48:33.307,2.489166666667
Long Yeast Grow,pioreactor02,2025-09-19T01:48:58.307000Z,0.076416997837,2025-09-19 03:48:58.307,2.496111111111
Long Yeast Grow,pioreactor02,2025-09-19T01:49:38.307000Z,0.076389988113,2025-09-19 03:49:38.307,2.507222222222
Long Yeast Grow,pioreactor02,2025-09-19T01:49:43.307000Z,0.076382429512,2025-09-19 03:49:43.307,2.508611111111
Long Yeast Grow,pioreactor02,2025-09-19T01:50:08.307000Z,0.076330054338,2025-09-19 03:50:08.307,2.515555555556
Long Yeast Grow,pioreactor02,2025-09-19T01:50:38.308000Z,0.0762865785,2025-09-19 03:50:38.308,2.523888888889
Long Yeast Grow,pioreactor02,2025-09-19T01:50:43.305000Z,0.07626197287,2025-09-19 03:50:43.305,2.525277777778
Long Yeast Grow,pioreactor02,2025-09-19T01:51:53.308000Z,0.076202059044,2025-09-19 03:51:53.308,2.544722222222
Long Yeast Grow,pioreactor02,2025-09-19T01:52:23.306000Z,0.076152087847,2025-09-19 03:52:23.306,2.553055555556
Long Yeast Grow,pioreactor02,2025-09-19T01:52:53.307000Z,0.076129389818,2025-09-19 03:52:53.307,2.561388888889
Long Yeast Grow,pioreactor02,2025-09-19T01:53:08.306000Z,0.076121980921,2025-09-19 03:53:08.306,2.565555555556
Long Yeast Grow,pioreactor02,2025-09-19T01:53:38.307000Z,0.076062993141,2025-09-19 03:53:38.307,2.573888888889
Long Yeast Grow,pioreactor02,2025-09-19T01:53:43.306000Z,0.076068708687,2025-09-19 03:53:43.306,2.575277777778
Long Yeast Grow,pioreactor02,2025-09-19T01:55:38.306000Z,0.075903333123,2025-09-19 03:55:38.306,2.607222222222
Long Yeast Grow,pioreactor02,2025-09-19T01:55:43.305000Z,0.075882750931,2025-09-19 03:55:43.305,2.608611111111
Long Yeast Grow,pioreactor02,2025-09-19T01:55:48.306000Z,0.075880765777,2025-09-19 03:55:48.306,2.61
Long Yeast Grow,pioreactor02,2025-09-19T01:55:53.305000Z,0.07587247248,2025-09-19 03:55:53.305,2.611388888889
Long Yeast Grow,pioreactor02,2025-09-19T01:56:43.305000Z,0.075819558297,2025-09-19 03:56:43.305,2.625277777778
Long Yeast Grow,pioreactor02,2025-09-19T01:56:58.307000Z,0.075783161338,2025-09-19 03:56:58.307,2.629444444444
Long Yeast Grow,pioreactor02,2025-09-19T01:57:33.306000Z,0.075728829843,2025-09-19 03:57:33.306,2.639166666667
Long Yeast Grow,pioreactor02,2025-09-19T01:57:38.306000Z,0.075727340739,2025-09-19 03:57:38.306,2.640555555556
Long Yeast Grow,pioreactor02,2025-09-19T01:58:28.307000Z,0.07570487624,2025-09-19 03:58:28.307,2.654444444444
Long Yeast Grow,pioreactor02,2025-09-19T01:59:23.306000Z,0.075629935288,2025-09-19 03:59:23.306,2.669722222222
Long Yeast Grow,pioreactor02,2025-09-19T02:00:08.307000Z,0.075567018708,2025-09-19 04:00:08.307,2.682222222222
Long Yeast Grow,pioreactor02,2025-09-19T02:01:13.307000Z,0.075445071762,2025-09-19 04:01:13.307,2.700277777778
Long Yeast Grow,pioreactor02,2025-09-19T02:01:38.309000Z,0.075423602009,2025-09-19 04:01:38.309,2.707222222222
Long Yeast Grow,pioreactor02,2025-09-19T02:01:58.308000Z,0.075408287921,2025-09-19 04:01:58.308,2.712777777778
Long Yeast Grow,pioreactor02,2025-09-19T02:02:03.306000Z,0.075394658819,2025-09-19 04:02:03.306,2.714166666667
Long Yeast Grow,pioreactor02,2025-09-19T02:02:13.305000Z,0.075380920106,2025-09-19 04:02:13.305,2.716944444444
Long Yeast Grow,pioreactor02,2025-09-19T02:02:43.306000Z,0.075363028624,2025-09-19 04:02:43.306,2.725277777778
Long Yeast Grow,pioreactor02,2025-09-19T02:02:53.307000Z,0.0753557918,2025-09-19 04:02:53.307,2.728055555556
Long Yeast Grow,pioreactor02,2025-09-19T02:03:28.307000Z,0.075313586289,2025-09-19 04:03:28.307,2.737777777778
Long Yeast Grow,pioreactor02,2025-09-19T02:04:28.307000Z,0.075237451063,2025-09-19 04:04:28.307,2.754444444444
Long Yeast Grow,pioreactor02,2025-09-19T02:05:28.308000Z,0.075207234707,2025-09-19 04:05:28.308,2.771111111111
Long Yeast Grow,pioreactor02,2025-09-19T02:06:23.306000Z,0.075173266876,2025-09-19 04:06:23.306,2.786388888889
Long Yeast Grow,pioreactor02,2025-09-19T02:06:48.309000Z,0.075131391611,2025-09-19 04:06:48.309,2.793333333333
Long Yeast Grow,pioreactor02,2025-09-19T02:06:53.306000Z,0.07512184719,2025-09-19 04:06:53.306,2.794722222222
Long Yeast Grow,pioreactor02,2025-09-19T02:09:33.307000Z,0.075021839932,2025-09-19 04:09:33.307,2.839166666667
Long Yeast Grow,pioreactor02,2025-09-19T02:09:43.307000Z,0.075048293598,2025-09-19 04:09:43.307,2.841944444444
Long Yeast Grow,pioreactor02,2025-09-19T02:09:58.306000Z,0.075041333184,2025-09-19 04:09:58.306,2.846111111111
Long Yeast Grow,pioreactor02,2025-09-19T02:11:23.306000Z,0.075056727286,2025-09-19 04:11:23.306,2.869722222222
Long Yeast Grow,pioreactor02,2025-09-19T02:11:33.306000Z,0.075053093913,2025-09-19 04:11:33.306,2.8725
Long Yeast Grow,pioreactor02,2025-09-19T02:12:48.306000Z,0.074978496765,2025-09-19 04:12:48.306,2.893333333333
Long Yeast Grow,pioreactor02,2025-09-19T02:13:08.308000Z,0.074993732272,2025-09-19 04:13:08.308,2.898888888889
Long Yeast Grow,pioreactor02,2025-09-19T02:13:23.306000Z,0.074967755817,2025-09-19 04:13:23.306,2.903055555556
Long Yeast Grow,pioreactor02,2025-09-19T02:13:43.306000Z,0.074959305716,2025-09-19 04:13:43.306,2.908611111111
Long Yeast Grow,pioreactor02,2025-09-19T02:14:53.307000Z,0.074912460456,2025-09-19 04:14:53.307,2.928055555556
Long Yeast Grow,pioreactor02,2025-09-19T02:14:58.308000Z,0.07491204187,2025-09-19 04:14:58.308,2.929444444444
Long Yeast Grow,pioreactor02,2025-09-19T02:15:13.306000Z,0.074906234164,2025-09-19 04:15:13.306,2.933611111111
Long Yeast Grow,pioreactor02,2025-09-19T02:15:23.306000Z,0.074904594378,2025-09-19 04:15:23.306,2.936388888889
Long Yeast Grow,pioreactor02,2025-09-19T02:16:28.308000Z,0.074847286906,2025-09-19 04:16:28.308,2.954444444444
Long Yeast Grow,pioreactor02,2025-09-19T02:16:33.306000Z,0.074849699196,2025-09-19 04:16:33.306,2.955833333333
Long Yeast Grow,pioreactor02,2025-09-19T02:17:08.305000Z,0.074830086459,2025-09-19 04:17:08.305,2.965555555556
Long Yeast Grow,pioreactor02,2025-09-19T02:17:38.307000Z,0.074789121784,2025-09-19 04:17:38.307,2.973888888889
Long Yeast Grow,pioreactor02,2025-09-19T02:19:13.311000Z,0.074748231529,2025-09-19 04:19:13.311,3.000277777778
Long Yeast Grow,pioreactor02,2025-09-19T02:20:13.307000Z,0.074719721017,2025-09-19 04:20:13.307,3.016944444444
Long Yeast Grow,pioreactor02,2025-09-19T02:22:48.307000Z,0.07476396429,2025-09-19 04:22:48.307,3.06
Long Yeast Grow,pioreactor02,2025-09-19T02:22:58.309000Z,0.074766578646,2025-09-19 04:22:58.309,3.062777777778
Long Yeast Grow,pioreactor02,2025-09-19T02:23:13.307000Z,0.074794950551,2025-09-19 04:23:13.307,3.066944444444
Long Yeast Grow,pioreactor02,2025-09-19T02:23:23.306000Z,0.074816453955,2025-09-19 04:23:23.306,3.069722222222
Long Yeast Grow,pioreactor02,2025-09-19T02:23:33.306000Z,0.074810905255,2025-09-19 04:23:33.306,3.0725
Long Yeast Grow,pioreactor02,2025-09-19T02:23:43.306000Z,0.07481334887,2025-09-19 04:23:43.306,3.075277777778
Long Yeast Grow,pioreactor02,2025-09-19T02:24:33.307000Z,0.074799840395,2025-09-19 04:24:33.307,3.089166666667
Long Yeast Grow,pioreactor02,2025-09-19T02:24:48.306000Z,0.074821385356,2025-09-19 04:24:48.306,3.093333333333
Long Yeast Grow,pioreactor02,2025-09-19T02:25:33.308000Z,0.074832117899,2025-09-19 04:25:33.308,3.105833333333
Long Yeast Grow,pioreactor02,2025-09-19T02:25:38.305000Z,0.074830367529,2025-09-19 04:25:38.305,3.107222222222
Long Yeast Grow,pioreactor02,2025-09-19T02:26:03.306000Z,0.074851075179,2025-09-19 04:26:03.306,3.114166666667
Long Yeast Grow,pioreactor02,2025-09-19T02:26:43.307000Z,0.074841171617,2025-09-19 04:26:43.307,3.125277777778
Long Yeast Grow,pioreactor02,2025-09-19T02:27:03.306000Z,0.074836215963,2025-09-19 04:27:03.306,3.130833333333
Long Yeast Grow,pioreactor02,2025-09-19T02:28:43.306000Z,0.074861836517,2025-09-19 04:28:43.306,3.158611111111
Long Yeast Grow,pioreactor02,2025-09-19T02:29:13.306000Z,0.074858786411,2025-09-19 04:29:13.306,3.166944444444
Long Yeast Grow,pioreactor02,2025-09-19T02:29:18.306000Z,0.074858532,2025-09-19 04:29:18.306,3.168333333333
Long Yeast Grow,pioreactor02,2025-09-19T02:30:03.306000Z,0.074842748078,2025-09-19 04:30:03.306,3.180833333333
Long Yeast Grow,pioreactor02,2025-09-19T02:30:18.305000Z,0.074834803605,2025-09-19 04:30:18.305,3.185
Long Yeast Grow,pioreactor02,2025-09-19T02:30:23.306000Z,0.074832437324,2025-09-19 04:30:23.306,3.186388888889
Long Yeast Grow,pioreactor02,2025-09-19T02:30:43.305000Z,0.074832991588,2025-09-19 04:30:43.305,3.191944444444
Long Yeast Grow,pioreactor02,2025-09-19T02:31:28.307000Z,0.074827996025,2025-09-19 04:31:28.307,3.204444444444
Long Yeast Grow,pioreactor02,2025-09-19T02:32:23.305000Z,0.074834514283,2025-09-19 04:32:23.305,3.219722222222
Long Yeast Grow,pioreactor02,2025-09-19T02:32:43.309000Z,0.074829343496,2025-09-19 04:32:43.309,3.225277777778
Long Yeast Grow,pioreactor02,2025-09-19T02:33:28.308000Z,0.074840177899,2025-09-19 04:33:28.308,3.237777777778
Long Yeast Grow,pioreactor02,2025-09-19T02:33:58.306000Z,0.074834928748,2025-09-19 04:33:58.306,3.246111111111
Long Yeast Grow,pioreactor02,2025-09-19T02:35:03.307000Z,0.074831835684,2025-09-19 04:35:03.307,3.264166666667
Long Yeast Grow,pioreactor02,2025-09-19T02:35:08.306000Z,0.074829105946,2025-09-19 04:35:08.306,3.265555555556
Long Yeast Grow,pioreactor02,2025-09-19T02:36:28.306000Z,0.074773224256,2025-09-19 04:36:28.306,3.287777777778
Long Yeast Grow,pioreactor02,2025-09-19T02:36:33.307000Z,0.07478108785,2025-09-19 04:36:33.307,3.289166666667
Long Yeast Grow,pioreactor02,2025-09-19T02:36:38.305000Z,0.074786934115,2025-09-19 04:36:38.305,3.290555555556
Long Yeast Grow,pioreactor02,2025-09-19T02:36:53.306000Z,0.07478127602,2025-09-19 04:36:53.306,3.294722222222
Long Yeast Grow,pioreactor02,2025-09-19T02:38:33.306000Z,0.074822301775,2025-09-19 04:38:33.306,3.3225
Long Yeast Grow,pioreactor02,2025-09-19T02:39:33.306000Z,0.074862496555,2025-09-19 04:39:33.306,3.339166666667
Long Yeast Grow,pioreactor02,2025-09-19T02:40:33.308000Z,0.074902026037,2025-09-19 04:40:33.308,3.355833333333
Long Yeast Grow,pioreactor02,2025-09-19T02:41:13.307000Z,0.074921343074,2025-09-19 04:41:13.307,3.366944444444
Long Yeast Grow,pioreactor02,2025-09-19T02:42:18.307000Z,0.074965106064,2025-09-19 04:42:18.307,3.385
Long Yeast Grow,pioreactor02,2025-09-19T02:42:38.306000Z,0.074940033816,2025-09-19 04:42:38.306,3.390555555556
Long Yeast Grow,pioreactor02,2025-09-19T02:42:48.306000Z,0.07496700288,2025-09-19 04:42:48.306,3.393333333333
Long Yeast Grow,pioreactor02,2025-09-19T02:42:53.306000Z,0.074949019732,2025-09-19 04:42:53.306,3.394722222222
Long Yeast Grow,pioreactor02,2025-09-19T02:43:08.306000Z,0.074940913443,2025-09-19 04:43:08.306,3.398888888889
Long Yeast Grow,pioreactor02,2025-09-19T02:43:13.306000Z,0.074945466439,2025-09-19 04:43:13.306,3.400277777778
Long Yeast Grow,pioreactor02,2025-09-19T02:43:48.308000Z,0.074921814074,2025-09-19 04:43:48.308,3.41
Long Yeast Grow,pioreactor02,2025-09-19T02:44:03.306000Z,0.074925933049,2025-09-19 04:44:03.306,3.414166666667
Long Yeast Grow,pioreactor02,2025-09-19T02:46:23.308000Z,0.074980038279,2025-09-19 04:46:23.308,3.453055555556
Long Yeast Grow,pioreactor02,2025-09-19T02:46:58.307000Z,0.074994063297,2025-09-19 04:46:58.307,3.462777777778
Long Yeast Grow,pioreactor02,2025-09-19T02:47:03.306000Z,0.074985899298,2025-09-19 04:47:03.306,3.464166666667
Long Yeast Grow,pioreactor02,2025-09-19T02:47:18.306000Z,0.0750074568,2025-09-19 04:47:18.306,3.468333333333
Long Yeast Grow,pioreactor02,2025-09-19T02:47:38.306000Z,0.074995530791,2025-09-19 04:47:38.306,3.473888888889
Long Yeast Grow,pioreactor02,2025-09-19T02:47:48.306000Z,0.075011304602,2025-09-19 04:47:48.306,3.476666666667
Long Yeast Grow,pioreactor02,2025-09-19T02:48:13.306000Z,0.074987182796,2025-09-19 04:48:13.306,3.483611111111
Long Yeast Grow,pioreactor02,2025-09-19T02:48:28.306000Z,0.074978182265,2025-09-19 04:48:28.306,3.487777777778
Long Yeast Grow,pioreactor02,2025-09-19T02:48:43.307000Z,0.074985827159,2025-09-19 04:48:43.307,3.491944444444
Long Yeast Grow,pioreactor02,2025-09-19T02:48:58.306000Z,0.074999096346,2025-09-19 04:48:58.306,3.496111111111
Long Yeast Grow,pioreactor02,2025-09-19T02:49:08.307000Z,0.075003687556,2025-09-19 04:49:08.307,3.498888888889
Long Yeast Grow,pioreactor02,2025-09-19T02:50:33.307000Z,0.075005563541,2025-09-19 04:50:33.307,3.5225
Long Yeast Grow,pioreactor02,2025-09-19T02:50:43.305000Z,0.075006710912,2025-09-19 04:50:43.305,3.525277777778
Long Yeast Grow,pioreactor02,2025-09-19T02:51:13.307000Z,0.075014079438,2025-09-19 04:51:13.307,3.533611111111
Long Yeast Grow,pioreactor02,2025-09-19T02:51:48.306000Z,0.075031019273,2025-09-19 04:51:48.306,3.543333333333
Long Yeast Grow,pioreactor02,2025-09-19T02:52:08.305000Z,0.075051006944,2025-09-19 04:52:08.305,3.548888888889
Long Yeast Grow,pioreactor02,2025-09-19T02:52:33.309000Z,0.075058426949,2025-09-19 04:52:33.309,3.555833333333
Long Yeast Grow,pioreactor02,2025-09-19T02:53:48.305000Z,0.075067945042,2025-09-19 04:53:48.305,3.576666666667
Long Yeast Grow,pioreactor02,2025-09-19T02:54:28.305000Z,0.075040124386,2025-09-19 04:54:28.305,3.587777777778
Long Yeast Grow,pioreactor02,2025-09-19T02:54:53.307000Z,0.075022140949,2025-09-19 04:54:53.307,3.594722222222
Long Yeast Grow,pioreactor02,2025-09-19T02:55:33.306000Z,0.075074075222,2025-09-19 04:55:33.306,3.605833333333
Long Yeast Grow,pioreactor02,2025-09-19T02:55:43.306000Z,0.075061342031,2025-09-19 04:55:43.306,3.608611111111
Long Yeast Grow,pioreactor02,2025-09-19T02:56:18.307000Z,0.07504964858,2025-09-19 04:56:18.307,3.618333333333
Long Yeast Grow,pioreactor02,2025-09-19T02:56:28.307000Z,0.075049223335,2025-09-19 04:56:28.307,3.621111111111
Long Yeast Grow,pioreactor02,2025-09-19T02:56:48.305000Z,0.075052501776,2025-09-19 04:56:48.305,3.626666666667
Long Yeast Grow,pioreactor02,2025-09-19T02:57:28.306000Z,0.075051232309,2025-09-19 04:57:28.306,3.637777777778
Long Yeast Grow,pioreactor02,2025-09-19T02:58:23.306000Z,0.075035159231,2025-09-19 04:58:23.306,3.653055555556
Long Yeast Grow,pioreactor02,2025-09-19T02:58:53.308000Z,0.075023841781,2025-09-19 04:58:53.308,3.661388888889
Long Yeast Grow,pioreactor02,2025-09-19T02:59:23.309000Z,0.075031039744,2025-09-19 04:59:23.309,3.669722222222
Long Yeast Grow,pioreactor02,2025-09-19T02:59:43.309000Z,0.075044627893,2025-09-19 04:59:43.309,3.675277777778
Long Yeast Grow,pioreactor02,2025-09-19T03:00:13.307000Z,0.075021277354,2025-09-19 05:00:13.307,3.683611111111
Long Yeast Grow,pioreactor02,2025-09-19T03:00:23.306000Z,0.075031614395,2025-09-19 05:00:23.306,3.686388888889
Long Yeast Grow,pioreactor02,2025-09-19T03:00:53.306000Z,0.075041090047,2025-09-19 05:00:53.306,3.694722222222
Long Yeast Grow,pioreactor02,2025-09-19T03:01:28.306000Z,0.075049533587,2025-09-19 05:01:28.306,3.704444444444
Long Yeast Grow,pioreactor02,2025-09-19T03:03:08.308000Z,0.075076384059,2025-09-19 05:03:08.308,3.732222222222
Long Yeast Grow,pioreactor02,2025-09-19T03:03:33.307000Z,0.075100233784,2025-09-19 05:03:33.307,3.739166666667
Long Yeast Grow,pioreactor02,2025-09-19T03:03:38.307000Z,0.075091645106,2025-09-19 05:03:38.307,3.740555555556
Long Yeast Grow,pioreactor02,2025-09-19T03:03:58.306000Z,0.075081675977,2025-09-19 05:03:58.306,3.746111111111
Long Yeast Grow,pioreactor02,2025-09-19T03:04:53.307000Z,0.075114967327,2025-09-19 05:04:53.307,3.761388888889
Long Yeast Grow,pioreactor02,2025-09-19T03:05:08.307000Z,0.075101049072,2025-09-19 05:05:08.307,3.765555555556
Long Yeast Grow,pioreactor02,2025-09-19T03:06:13.306000Z,0.075142637953,2025-09-19 05:06:13.306,3.783611111111
Long Yeast Grow,pioreactor02,2025-09-19T03:07:23.307000Z,0.075112766515,2025-09-19 05:07:23.307,3.803055555556
Long Yeast Grow,pioreactor02,2025-09-19T03:07:53.306000Z,0.075094731938,2025-09-19 05:07:53.306,3.811388888889
Long Yeast Grow,pioreactor02,2025-09-19T03:07:58.310000Z,0.075099654884,2025-09-19 05:07:58.310,3.812777777778
Long Yeast Grow,pioreactor02,2025-09-19T03:08:18.306000Z,0.07509401356,2025-09-19 05:08:18.306,3.818333333333
Long Yeast Grow,pioreactor02,2025-09-19T03:08:28.306000Z,0.075090898629,2025-09-19 05:08:28.306,3.821111111111
Long Yeast Grow,pioreactor02,2025-09-19T03:10:13.306000Z,0.075054538227,2025-09-19 05:10:13.306,3.850277777778
Long Yeast Grow,pioreactor02,2025-09-19T03:10:23.306000Z,0.075056345996,2025-09-19 05:10:23.306,3.853055555556
Long Yeast Grow,pioreactor02,2025-09-19T03:10:33.307000Z,0.075070266173,2025-09-19 05:10:33.307,3.855833333333
Long Yeast Grow,pioreactor02,2025-09-19T03:10:48.306000Z,0.075065119884,2025-09-19 05:10:48.306,3.86
Long Yeast Grow,pioreactor02,2025-09-19T03:12:23.305000Z,0.075059349178,2025-09-19 05:12:23.305,3.886388888889
Long Yeast Grow,pioreactor02,2025-09-19T03:12:28.305000Z,0.07504996456,2025-09-19 05:12:28.305,3.887777777778
Long Yeast Grow,pioreactor02,2025-09-19T03:12:33.308000Z,0.075059423214,2025-09-19 05:12:33.308,3.889166666667
Long Yeast Grow,pioreactor02,2025-09-19T03:12:38.312000Z,0.075072296903,2025-09-19 05:12:38.312,3.890555555556
Long Yeast Grow,pioreactor02,2025-09-19T03:14:18.307000Z,0.07505543233,2025-09-19 05:14:18.307,3.918333333333
Long Yeast Grow,pioreactor02,2025-09-19T03:14:23.309000Z,0.075057318247,2025-09-19 05:14:23.309,3.919722222222
Long Yeast Grow,pioreactor02,2025-09-19T03:14:28.305000Z,0.075065809262,2025-09-19 05:14:28.305,3.921111111111
Long Yeast Grow,pioreactor02,2025-09-19T03:15:13.306000Z,0.075087416932,2025-09-19 05:15:13.306,3.933611111111
Long Yeast Grow,pioreactor02,2025-09-19T03:15:48.310000Z,0.075095284791,2025-09-19 05:15:48.310,3.943333333333
Long Yeast Grow,pioreactor02,2025-09-19T03:16:28.306000Z,0.075081265634,2025-09-19 05:16:28.306,3.954444444444
Long Yeast Grow,pioreactor02,2025-09-19T03:16:38.306000Z,0.075069264679,2025-09-19 05:16:38.306,3.957222222222
Long Yeast Grow,pioreactor02,2025-09-19T03:16:58.307000Z,0.07507567113,2025-09-19 05:16:58.307,3.962777777778
Long Yeast Grow,pioreactor02,2025-09-19T03:17:18.306000Z,0.075063827464,2025-09-19 05:17:18.306,3.968333333333
Long Yeast Grow,pioreactor02,2025-09-19T03:17:23.307000Z,0.075051268318,2025-09-19 05:17:23.307,3.969722222222
Long Yeast Grow,pioreactor02,2025-09-19T03:17:48.307000Z,0.075051736496,2025-09-19 05:17:48.307,3.976666666667
Long Yeast Grow,pioreactor02,2025-09-19T03:18:03.306000Z,0.07502694387,2025-09-19 05:18:03.306,3.980833333333
Long Yeast Grow,pioreactor02,2025-09-19T03:18:08.306000Z,0.075020893253,2025-09-19 05:18:08.306,3.982222222222
Long Yeast Grow,pioreactor02,2025-09-19T03:18:18.305000Z,0.075031186379,2025-09-19 05:18:18.305,3.985
Long Yeast Grow,pioreactor02,2025-09-19T03:18:28.306000Z,0.0750523196,2025-09-19 05:18:28.306,3.987777777778
Long Yeast Grow,pioreactor02,2025-09-19T03:18:58.306000Z,0.075061397954,2025-09-19 05:18:58.306,3.996111111111
Long Yeast Grow,pioreactor02,2025-09-19T03:19:53.307000Z,0.075071832034,2025-09-19 05:19:53.307,4.011388888889
Long Yeast Grow,pioreactor02,2025-09-19T03:20:08.306000Z,0.075073679397,2025-09-19 05:20:08.306,4.015555555556
Long Yeast Grow,pioreactor02,2025-09-19T03:21:08.306000Z,0.075070205063,2025-09-19 05:21:08.306,4.032222222222
Long Yeast Grow,pioreactor02,2025-09-19T03:21:33.309000Z,0.075066510114,2025-09-19 05:21:33.309,4.039166666667
Long Yeast Grow,pioreactor02,2025-09-19T03:21:38.306000Z,0.075079074003,2025-09-19 05:21:38.306,4.040555555556
Long Yeast Grow,pioreactor02,2025-09-19T03:21:48.308000Z,0.075075074184,2025-09-19 05:21:48.308,4.043333333333
Long Yeast Grow,pioreactor02,2025-09-19T03:22:48.306000Z,0.075040848058,2025-09-19 05:22:48.306,4.06
Long Yeast Grow,pioreactor02,2025-09-19T03:22:58.306000Z,0.07504095839,2025-09-19 05:22:58.306,4.062777777778
Long Yeast Grow,pioreactor02,2025-09-19T03:23:43.306000Z,0.075065861263,2025-09-19 05:23:43.306,4.075277777778
Long Yeast Grow,pioreactor02,2025-09-19T03:23:48.309000Z,0.075054451556,2025-09-19 05:23:48.309,4.076666666667
Long Yeast Grow,pioreactor02,2025-09-19T03:24:28.309000Z,0.075041352612,2025-09-19 05:24:28.309,4.087777777778
Long Yeast Grow,pioreactor02,2025-09-19T03:24:48.306000Z,0.075059931404,2025-09-19 05:24:48.306,4.093333333333
Long Yeast Grow,pioreactor02,2025-09-19T03:25:18.306000Z,0.075083841941,2025-09-19 05:25:18.306,4.101666666667
Long Yeast Grow,pioreactor02,2025-09-19T03:25:23.306000Z,0.075085754277,2025-09-19 05:25:23.306,4.103055555556
Long Yeast Grow,pioreactor02,2025-09-19T03:26:03.307000Z,0.07509300668,2025-09-19 05:26:03.307,4.114166666667
Long Yeast Grow,pioreactor02,2025-09-19T03:26:58.306000Z,0.075064186167,2025-09-19 05:26:58.306,4.129444444444
Long Yeast Grow,pioreactor02,2025-09-19T03:27:08.305000Z,0.075063647447,2025-09-19 05:27:08.305,4.132222222222
Long Yeast Grow,pioreactor02,2025-09-19T03:27:13.308000Z,0.075057525342,2025-09-19 05:27:13.308,4.133611111111
Long Yeast Grow,pioreactor02,2025-09-19T03:27:28.305000Z,0.075066933733,2025-09-19 05:27:28.305,4.137777777778
Long Yeast Grow,pioreactor02,2025-09-19T03:27:43.307000Z,0.07507539076,2025-09-19 05:27:43.307,4.141944444444
Long Yeast Grow,pioreactor02,2025-09-19T03:28:18.307000Z,0.075091408459,2025-09-19 05:28:18.307,4.151666666667
Long Yeast Grow,pioreactor02,2025-09-19T03:28:23.306000Z,0.075090840913,2025-09-19 05:28:23.306,4.153055555556
Long Yeast Grow,pioreactor02,2025-09-19T03:28:38.311000Z,0.075070932283,2025-09-19 05:28:38.311,4.157222222222
Long Yeast Grow,pioreactor02,2025-09-19T03:29:23.306000Z,0.075070869034,2025-09-19 05:29:23.306,4.169722222222
Long Yeast Grow,pioreactor02,2025-09-19T03:29:53.307000Z,0.075094647813,2025-09-19 05:29:53.307,4.178055555556
Long Yeast Grow,pioreactor02,2025-09-19T03:29:58.308000Z,0.075111331212,2025-09-19 05:29:58.308,4.179444444444
Long Yeast Grow,pioreactor02,2025-09-19T03:30:28.306000Z,0.07508140989,2025-09-19 05:30:28.306,4.187777777778
Long Yeast Grow,pioreactor02,2025-09-19T03:30:38.307000Z,0.075078901837,2025-09-19 05:30:38.307,4.190555555556
Long Yeast Grow,pioreactor02,2025-09-19T03:31:38.306000Z,0.075082824078,2025-09-19 05:31:38.306,4.207222222222
Long Yeast Grow,pioreactor02,2025-09-19T03:31:43.307000Z,0.075063937391,2025-09-19 05:31:43.307,4.208611111111
Long Yeast Grow,pioreactor02,2025-09-19T03:33:58.306000Z,0.075082693364,2025-09-19 05:33:58.306,4.246111111111
Long Yeast Grow,pioreactor02,2025-09-19T03:34:28.306000Z,0.075085004524,2025-09-19 05:34:28.306,4.254444444444
Long Yeast Grow,pioreactor02,2025-09-19T03:35:03.306000Z,0.075057220394,2025-09-19 05:35:03.306,4.264166666667
Long Yeast Grow,pioreactor02,2025-09-19T03:35:23.306000Z,0.075055636686,2025-09-19 05:35:23.306,4.269722222222
Long Yeast Grow,pioreactor02,2025-09-19T03:35:58.305000Z,0.075016152034,2025-09-19 05:35:58.305,4.279444444444
Long Yeast Grow,pioreactor02,2025-09-19T03:36:23.306000Z,0.075048640692,2025-09-19 05:36:23.306,4.286388888889
Long Yeast Grow,pioreactor02,2025-09-19T03:36:28.311000Z,0.075037154232,2025-09-19 05:36:28.311,4.287777777778
Long Yeast Grow,pioreactor02,2025-09-19T03:36:48.306000Z,0.075029322014,2025-09-19 05:36:48.306,4.293333333333
Long Yeast Grow,pioreactor02,2025-09-19T03:37:28.308000Z,0.075038096613,2025-09-19 05:37:28.308,4.304444444444
Long Yeast Grow,pioreactor02,2025-09-19T03:37:53.306000Z,0.075038632239,2025-09-19 05:37:53.306,4.311388888889
Long Yeast Grow,pioreactor02,2025-09-19T03:38:13.305000Z,0.075045104254,2025-09-19 05:38:13.305,4.316944444444
Long Yeast Grow,pioreactor02,2025-09-19T03:38:33.307000Z,0.075080374372,2025-09-19 05:38:33.307,4.3225
Long Yeast Grow,pioreactor02,2025-09-19T03:38:53.306000Z,0.075081445657,2025-09-19 05:38:53.306,4.328055555556
Long Yeast Grow,pioreactor02,2025-09-19T03:39:13.308000Z,0.075070595669,2025-09-19 05:39:13.308,4.333611111111
Long Yeast Grow,pioreactor02,2025-09-19T03:39:33.306000Z,0.075087107657,2025-09-19 05:39:33.306,4.339166666667
Long Yeast Grow,pioreactor02,2025-09-19T03:39:48.306000Z,0.075064085756,2025-09-19 05:39:48.306,4.343333333333
Long Yeast Grow,pioreactor02,2025-09-19T03:40:58.306000Z,0.075057412647,2025-09-19 05:40:58.306,4.362777777778
Long Yeast Grow,pioreactor02,2025-09-19T03:42:03.306000Z,0.075098196921,2025-09-19 05:42:03.306,4.380833333333
Long Yeast Grow,pioreactor02,2025-09-19T03:43:28.307000Z,0.07508271258,2025-09-19 05:43:28.307,4.404444444444
Long Yeast Grow,pioreactor02,2025-09-19T03:43:58.306000Z,0.075069568366,2025-09-19 05:43:58.306,4.412777777778
Long Yeast Grow,pioreactor02,2025-09-19T03:44:43.306000Z,0.075128528604,2025-09-19 05:44:43.306,4.425277777778
Long Yeast Grow,pioreactor02,2025-09-19T03:46:03.308000Z,0.07515785018,2025-09-19 05:46:03.308,4.4475
Long Yeast Grow,pioreactor02,2025-09-19T03:46:08.307000Z,0.075143827112,2025-09-19 05:46:08.307,4.448888888889
Long Yeast Grow,pioreactor02,2025-09-19T03:46:28.306000Z,0.075127061116,2025-09-19 05:46:28.306,4.454444444444
Long Yeast Grow,pioreactor02,2025-09-19T03:47:08.306000Z,0.075134972463,2025-09-19 05:47:08.306,4.465555555556
Long Yeast Grow,pioreactor02,2025-09-19T03:47:13.307000Z,0.075137252966,2025-09-19 05:47:13.307,4.466944444444
Long Yeast Grow,pioreactor02,2025-09-19T03:47:53.307000Z,0.075127557809,2025-09-19 05:47:53.307,4.478055555556
Long Yeast Grow,pioreactor02,2025-09-19T03:48:03.306000Z,0.075128704306,2025-09-19 05:48:03.306,4.480833333333
Long Yeast Grow,pioreactor02,2025-09-19T03:48:23.308000Z,0.075108633102,2025-09-19 05:48:23.308,4.486388888889
Long Yeast Grow,pioreactor02,2025-09-19T03:48:58.306000Z,0.075104693375,2025-09-19 05:48:58.306,4.496111111111
Long Yeast Grow,pioreactor02,2025-09-19T03:49:03.307000Z,0.075105689407,2025-09-19 05:49:03.307,4.4975
Long Yeast Grow,pioreactor02,2025-09-19T03:49:28.306000Z,0.075113215882,2025-09-19 05:49:28.306,4.504444444444
Long Yeast Grow,pioreactor02,2025-09-19T03:50:33.307000Z,0.075118658326,2025-09-19 05:50:33.307,4.5225
Long Yeast Grow,pioreactor02,2025-09-19T03:51:18.307000Z,0.075102057076,2025-09-19 05:51:18.307,4.535
Long Yeast Grow,pioreactor02,2025-09-19T03:52:13.305000Z,0.075104737718,2025-09-19 05:52:13.305,4.550277777778
Long Yeast Grow,pioreactor02,2025-09-19T03:53:03.307000Z,0.0751082585,2025-09-19 05:53:03.307,4.564166666667
Long Yeast Grow,pioreactor02,2025-09-19T03:53:23.306000Z,0.075135123624,2025-09-19 05:53:23.306,4.569722222222
Long Yeast Grow,pioreactor02,2025-09-19T03:53:43.308000Z,0.075117350238,2025-09-19 05:53:43.308,4.575277777778
Long Yeast Grow,pioreactor02,2025-09-19T03:54:23.306000Z,0.075103970169,2025-09-19 05:54:23.306,4.586388888889
Long Yeast Grow,pioreactor02,2025-09-19T03:54:48.308000Z,0.075145959255,2025-09-19 05:54:48.308,4.593333333333
Long Yeast Grow,pioreactor02,2025-09-19T03:55:23.307000Z,0.075118566808,2025-09-19 05:55:23.307,4.603055555556
Long Yeast Grow,pioreactor02,2025-09-19T03:55:58.307000Z,0.075108756342,2025-09-19 05:55:58.307,4.612777777778
Long Yeast Grow,pioreactor02,2025-09-19T03:57:03.306000Z,0.075106672058,2025-09-19 05:57:03.306,4.630833333333
Long Yeast Grow,pioreactor02,2025-09-19T03:57:18.305000Z,0.075134167123,2025-09-19 05:57:18.305,4.635
Long Yeast Grow,pioreactor02,2025-09-19T03:57:43.306000Z,0.075110301887,2025-09-19 05:57:43.306,4.641944444444
Long Yeast Grow,pioreactor02,2025-09-19T03:57:48.306000Z,0.075115110418,2025-09-19 05:57:48.306,4.643333333333
Long Yeast Grow,pioreactor02,2025-09-19T03:58:08.308000Z,0.075123827783,2025-09-19 05:58:08.308,4.648888888889
Long Yeast Grow,pioreactor02,2025-09-19T03:58:13.306000Z,0.075105274225,2025-09-19 05:58:13.306,4.650277777778
Long Yeast Grow,pioreactor02,2025-09-19T03:58:38.306000Z,0.075115704381,2025-09-19 05:58:38.306,4.657222222222
Long Yeast Grow,pioreactor02,2025-09-19T03:59:38.306000Z,0.075084113636,2025-09-19 05:59:38.306,4.673888888889
Long Yeast Grow,pioreactor02,2025-09-19T04:00:18.309000Z,0.075074350135,2025-09-19 06:00:18.309,4.685
Long Yeast Grow,pioreactor02,2025-09-19T04:00:48.308000Z,0.075073007915,2025-09-19 06:00:48.308,4.693333333333
Long Yeast Grow,pioreactor02,2025-09-19T04:00:58.306000Z,0.075071376601,2025-09-19 06:00:58.306,4.696111111111
Long Yeast Grow,pioreactor02,2025-09-19T04:01:08.305000Z,0.075072731214,2025-09-19 06:01:08.305,4.698888888889
Long Yeast Grow,pioreactor02,2025-09-19T04:01:18.307000Z,0.075051310044,2025-09-19 06:01:18.307,4.701666666667
Long Yeast Grow,pioreactor02,2025-09-19T04:01:38.308000Z,0.075054840058,2025-09-19 06:01:38.308,4.707222222222
Long Yeast Grow,pioreactor02,2025-09-19T04:02:48.308000Z,0.075057035215,2025-09-19 06:02:48.308,4.726666666667
Long Yeast Grow,pioreactor02,2025-09-19T04:02:53.306000Z,0.075079449603,2025-09-19 06:02:53.306,4.728055555556
Long Yeast Grow,pioreactor02,2025-09-19T04:03:23.311000Z,0.075092481579,2025-09-19 06:03:23.311,4.736388888889
Long Yeast Grow,pioreactor02,2025-09-19T04:03:33.307000Z,0.075097678441,2025-09-19 06:03:33.307,4.739166666667
Long Yeast Grow,pioreactor02,2025-09-19T04:04:18.309000Z,0.075102615808,2025-09-19 06:04:18.309,4.751666666667
Long Yeast Grow,pioreactor02,2025-09-19T04:04:48.306000Z,0.075084164512,2025-09-19 06:04:48.306,4.76
Long Yeast Grow,pioreactor02,2025-09-19T04:05:03.307000Z,0.075093740276,2025-09-19 06:05:03.307,4.764166666667
Long Yeast Grow,pioreactor02,2025-09-19T04:06:38.309000Z,0.075085378144,2025-09-19 06:06:38.309,4.790555555556
Long Yeast Grow,pioreactor02,2025-09-19T04:06:43.311000Z,0.07508212075,2025-09-19 06:06:43.311,4.791944444444
Long Yeast Grow,pioreactor02,2025-09-19T04:07:13.306000Z,0.075090351756,2025-09-19 06:07:13.306,4.800277777778
Long Yeast Grow,pioreactor02,2025-09-19T04:07:28.308000Z,0.075102799937,2025-09-19 06:07:28.308,4.804444444444
Long Yeast Grow,pioreactor02,2025-09-19T04:08:18.308000Z,0.075127900163,2025-09-19 06:08:18.308,4.818333333333
Long Yeast Grow,pioreactor02,2025-09-19T04:08:28.307000Z,0.075140574049,2025-09-19 06:08:28.307,4.821111111111
Long Yeast Grow,pioreactor02,2025-09-19T04:08:33.309000Z,0.075126138734,2025-09-19 06:08:33.309,4.8225
Long Yeast Grow,pioreactor02,2025-09-19T04:08:38.307000Z,0.07512361907,2025-09-19 06:08:38.307,4.823888888889
Long Yeast Grow,pioreactor02,2025-09-19T04:08:53.306000Z,0.075101288532,2025-09-19 06:08:53.306,4.828055555556
Long Yeast Grow,pioreactor02,2025-09-19T04:09:38.306000Z,0.075095224992,2025-09-19 06:09:38.306,4.840555555556
Long Yeast Grow,pioreactor02,2025-09-19T04:09:48.307000Z,0.075092093851,2025-09-19 06:09:48.307,4.843333333333
Long Yeast Grow,pioreactor02,2025-09-19T04:10:28.306000Z,0.07507208608,2025-09-19 06:10:28.306,4.854444444444
Long Yeast Grow,pioreactor02,2025-09-19T04:10:48.306000Z,0.075093189687,2025-09-19 06:10:48.306,4.86
Long Yeast Grow,pioreactor02,2025-09-19T04:10:53.306000Z,0.075095003508,2025-09-19 06:10:53.306,4.861388888889
Long Yeast Grow,pioreactor02,2025-09-19T04:10:58.307000Z,0.075106794517,2025-09-19 06:10:58.307,4.862777777778
Long Yeast Grow,pioreactor02,2025-09-19T04:11:18.307000Z,0.0751191565,2025-09-19 06:11:18.307,4.868333333333
Long Yeast Grow,pioreactor02,2025-09-19T04:11:33.307000Z,0.07511894869,2025-09-19 06:11:33.307,4.8725
Long Yeast Grow,pioreactor02,2025-09-19T04:13:08.308000Z,0.075068923326,2025-09-19 06:13:08.308,4.898888888889
Long Yeast Grow,pioreactor02,2025-09-19T04:13:53.309000Z,0.075064366863,2025-09-19 06:13:53.309,4.911388888889
Long Yeast Grow,pioreactor02,2025-09-19T04:14:18.308000Z,0.075069407895,2025-09-19 06:14:18.308,4.918333333333
Long Yeast Grow,pioreactor02,2025-09-19T04:14:23.306000Z,0.075062937465,2025-09-19 06:14:23.306,4.919722222222
Long Yeast Grow,pioreactor02,2025-09-19T04:14:33.307000Z,0.075060425567,2025-09-19 06:14:33.307,4.9225
Long Yeast Grow,pioreactor02,2025-09-19T04:16:28.310000Z,0.075092977046,2025-09-19 06:16:28.310,4.954444444444
Long Yeast Grow,pioreactor02,2025-09-19T04:16:53.305000Z,0.07505078137,2025-09-19 06:16:53.305,4.961388888889
Long Yeast Grow,pioreactor02,2025-09-19T04:17:58.306000Z,0.075053179771,2025-09-19 06:17:58.306,4.979444444444
Long Yeast Grow,pioreactor02,2025-09-19T04:18:08.307000Z,0.075046788684,2025-09-19 06:18:08.307,4.982222222222
Long Yeast Grow,pioreactor02,2025-09-19T04:18:13.306000Z,0.075032107046,2025-09-19 06:18:13.306,4.983611111111
Long Yeast Grow,pioreactor02,2025-09-19T04:18:43.308000Z,0.075032302666,2025-09-19 06:18:43.308,4.991944444444
Long Yeast Grow,pioreactor02,2025-09-19T04:18:53.305000Z,0.075025974147,2025-09-19 06:18:53.305,4.994722222222
Long Yeast Grow,pioreactor02,2025-09-19T04:19:13.306000Z,0.075038516285,2025-09-19 06:19:13.306,5.000277777778
Long Yeast Grow,pioreactor02,2025-09-19T04:19:48.307000Z,0.07504448204,2025-09-19 06:19:48.307,5.01
Long Yeast Grow,pioreactor02,2025-09-19T04:20:18.305000Z,0.075067592764,2025-09-19 06:20:18.305,5.018333333333
Long Yeast Grow,pioreactor02,2025-09-19T04:20:33.306000Z,0.07505475253,2025-09-19 06:20:33.306,5.0225
Long Yeast Grow,pioreactor02,2025-09-19T04:22:08.306000Z,0.075058859563,2025-09-19 06:22:08.306,5.048888888889
Long Yeast Grow,pioreactor02,2025-09-19T04:22:23.306000Z,0.075041780513,2025-09-19 06:22:23.306,5.053055555556
Long Yeast Grow,pioreactor02,2025-09-19T04:22:28.307000Z,0.075029681591,2025-09-19 06:22:28.307,5.054444444444
Long Yeast Grow,pioreactor02,2025-09-19T04:22:53.307000Z,0.075035662772,2025-09-19 06:22:53.307,5.061388888889
Long Yeast Grow,pioreactor02,2025-09-19T04:24:58.307000Z,0.074988622183,2025-09-19 06:24:58.307,5.096111111111
Long Yeast Grow,pioreactor02,2025-09-19T04:25:13.305000Z,0.075013300354,2025-09-19 06:25:13.305,5.100277777778
Long Yeast Grow,pioreactor02,2025-09-19T04:25:38.305000Z,0.075012168449,2025-09-19 06:25:38.305,5.107222222222
Long Yeast Grow,pioreactor02,2025-09-19T04:25:48.307000Z,0.075014411775,2025-09-19 06:25:48.307,5.11
Long Yeast Grow,pioreactor02,2025-09-19T04:26:28.307000Z,0.075037204429,2025-09-19 06:26:28.307,5.121111111111
Long Yeast Grow,pioreactor02,2025-09-19T04:26:53.306000Z,0.075045041809,2025-09-19 06:26:53.306,5.128055555556
Long Yeast Grow,pioreactor02,2025-09-19T04:27:08.305000Z,0.075035027011,2025-09-19 06:27:08.305,5.132222222222
Long Yeast Grow,pioreactor02,2025-09-19T04:27:13.306000Z,0.0750366256,2025-09-19 06:27:13.306,5.133611111111
Long Yeast Grow,pioreactor02,2025-09-19T04:27:48.308000Z,0.075030638349,2025-09-19 06:27:48.308,5.143333333333
Long Yeast Grow,pioreactor02,2025-09-19T04:28:33.306000Z,0.075038361753,2025-09-19 06:28:33.306,5.155833333333
Long Yeast Grow,pioreactor02,2025-09-19T04:28:53.305000Z,0.075042537887,2025-09-19 06:28:53.305,5.161388888889
Long Yeast Grow,pioreactor02,2025-09-19T04:30:33.305000Z,0.075029798972,2025-09-19 06:30:33.305,5.189166666667
Long Yeast Grow,pioreactor02,2025-09-19T04:31:13.307000Z,0.075073668011,2025-09-19 06:31:13.307,5.200277777778
Long Yeast Grow,pioreactor02,2025-09-19T04:31:28.307000Z,0.075067030128,2025-09-19 06:31:28.307,5.204444444444
Long Yeast Grow,pioreactor02,2025-09-19T04:32:03.305000Z,0.075091418919,2025-09-19 06:32:03.305,5.214166666667
Long Yeast Grow,pioreactor02,2025-09-19T04:32:08.307000Z,0.075089157207,2025-09-19 06:32:08.307,5.215555555556
Long Yeast Grow,pioreactor02,2025-09-19T04:32:48.306000Z,0.075055443669,2025-09-19 06:32:48.306,5.226666666667
Long Yeast Grow,pioreactor02,2025-09-19T04:33:08.306000Z,0.075078832012,2025-09-19 06:33:08.306,5.232222222222
Long Yeast Grow,pioreactor02,2025-09-19T04:33:18.307000Z,0.075084961303,2025-09-19 06:33:18.307,5.235
Long Yeast Grow,pioreactor02,2025-09-19T04:33:23.306000Z,0.075074662862,2025-09-19 06:33:23.306,5.236388888889
Long Yeast Grow,pioreactor02,2025-09-19T04:35:03.306000Z,0.075066530697,2025-09-19 06:35:03.306,5.264166666667
Long Yeast Grow,pioreactor02,2025-09-19T04:35:38.307000Z,0.075089519854,2025-09-19 06:35:38.307,5.273888888889
Long Yeast Grow,pioreactor02,2025-09-19T04:36:03.305000Z,0.075092084295,2025-09-19 06:36:03.305,5.280833333333
Long Yeast Grow,pioreactor02,2025-09-19T04:36:18.308000Z,0.075094840708,2025-09-19 06:36:18.308,5.285
Long Yeast Grow,pioreactor02,2025-09-19T04:37:58.307000Z,0.075089813469,2025-09-19 06:37:58.307,5.312777777778
Long Yeast Grow,pioreactor02,2025-09-19T04:38:08.307000Z,0.075073647944,2025-09-19 06:38:08.307,5.315555555556
Long Yeast Grow,pioreactor02,2025-09-19T04:38:48.308000Z,0.07507417453,2025-09-19 06:38:48.308,5.326666666667
Long Yeast Grow,pioreactor02,2025-09-19T04:39:13.307000Z,0.075050282861,2025-09-19 06:39:13.307,5.333611111111
Long Yeast Grow,pioreactor02,2025-09-19T04:39:38.307000Z,0.075048144166,2025-09-19 06:39:38.307,5.340555555556
Long Yeast Grow,pioreactor02,2025-09-19T04:40:28.307000Z,0.075086320106,2025-09-19 06:40:28.307,5.354444444444
Long Yeast Grow,pioreactor02,2025-09-19T04:41:18.306000Z,0.075067737359,2025-09-19 06:41:18.306,5.368333333333
Long Yeast Grow,pioreactor02,2025-09-19T04:42:18.306000Z,0.075057604588,2025-09-19 06:42:18.306,5.385
Long Yeast Grow,pioreactor02,2025-09-19T04:42:43.308000Z,0.075066106624,2025-09-19 06:42:43.308,5.391944444444
Long Yeast Grow,pioreactor02,2025-09-19T04:44:13.306000Z,0.075034063964,2025-09-19 06:44:13.306,5.416944444444
Long Yeast Grow,pioreactor02,2025-09-19T04:44:58.306000Z,0.07501653649,2025-09-19 06:44:58.306,5.429444444444
Long Yeast Grow,pioreactor02,2025-09-19T04:45:18.308000Z,0.075007572701,2025-09-19 06:45:18.308,5.435
Long Yeast Grow,pioreactor02,2025-09-19T04:46:03.307000Z,0.075040977578,2025-09-19 06:46:03.307,5.4475
Long Yeast Grow,pioreactor02,2025-09-19T04:47:58.307000Z,0.075055955011,2025-09-19 06:47:58.307,5.479444444444
Long Yeast Grow,pioreactor02,2025-09-19T04:49:18.306000Z,0.07505003576,2025-09-19 06:49:18.306,5.501666666667
Long Yeast Grow,pioreactor02,2025-09-19T04:49:28.307000Z,0.075058458381,2025-09-19 06:49:28.307,5.504444444444
Long Yeast Grow,pioreactor02,2025-09-19T04:50:53.306000Z,0.075017194911,2025-09-19 06:50:53.306,5.528055555556
Long Yeast Grow,pioreactor02,2025-09-19T04:51:18.306000Z,0.075016803129,2025-09-19 06:51:18.306,5.535
Long Yeast Grow,pioreactor02,2025-09-19T04:51:23.307000Z,0.075032894136,2025-09-19 06:51:23.307,5.536388888889
Long Yeast Grow,pioreactor02,2025-09-19T04:51:33.306000Z,0.075052400786,2025-09-19 06:51:33.306,5.539166666667
Long Yeast Grow,pioreactor02,2025-09-19T04:51:58.308000Z,0.075064995897,2025-09-19 06:51:58.308,5.546111111111
Long Yeast Grow,pioreactor02,2025-09-19T04:52:33.306000Z,0.075072845643,2025-09-19 06:52:33.306,5.555833333333
Long Yeast Grow,pioreactor02,2025-09-19T04:52:48.306000Z,0.075065014087,2025-09-19 06:52:48.306,5.56
Long Yeast Grow,pioreactor02,2025-09-19T04:53:43.308000Z,0.075022803316,2025-09-19 06:53:43.308,5.575277777778
Long Yeast Grow,pioreactor02,2025-09-19T04:53:48.310000Z,0.075024302324,2025-09-19 06:53:48.310,5.576666666667
Long Yeast Grow,pioreactor02,2025-09-19T04:54:03.307000Z,0.075024278126,2025-09-19 06:54:03.307,5.580833333333
Long Yeast Grow,pioreactor02,2025-09-19T04:54:38.306000Z,0.075028808665,2025-09-19 06:54:38.306,5.590555555556
Long Yeast Grow,pioreactor02,2025-09-19T04:55:28.308000Z,0.075051647714,2025-09-19 06:55:28.308,5.604444444444
Long Yeast Grow,pioreactor02,2025-09-19T04:55:38.306000Z,0.075046459399,2025-09-19 06:55:38.306,5.607222222222
Long Yeast Grow,pioreactor02,2025-09-19T04:56:03.306000Z,0.075026828143,2025-09-19 06:56:03.306,5.614166666667
Long Yeast Grow,pioreactor02,2025-09-19T04:56:13.306000Z,0.075037192453,2025-09-19 06:56:13.306,5.616944444444
Long Yeast Grow,pioreactor02,2025-09-19T04:56:53.306000Z,0.075017532582,2025-09-19 06:56:53.306,5.628055555556
Long Yeast Grow,pioreactor02,2025-09-19T04:58:03.308000Z,0.075041324337,2025-09-19 06:58:03.308,5.6475
Long Yeast Grow,pioreactor02,2025-09-19T04:59:18.306000Z,0.075026387032,2025-09-19 06:59:18.306,5.668333333333
Long Yeast Grow,pioreactor02,2025-09-19T05:00:08.305000Z,0.07500348743,2025-09-19 07:00:08.305,5.682222222222
Long Yeast Grow,pioreactor02,2025-09-19T05:01:13.308000Z,0.075016133604,2025-09-19 07:01:13.308,5.700277777778
Long Yeast Grow,pioreactor02,2025-09-19T05:01:28.306000Z,0.074990568802,2025-09-19 07:01:28.306,5.704444444444
Long Yeast Grow,pioreactor02,2025-09-19T05:01:38.306000Z,0.074994323803,2025-09-19 07:01:38.306,5.707222222222
Long Yeast Grow,pioreactor02,2025-09-19T05:01:48.307000Z,0.074995558814,2025-09-19 07:01:48.307,5.71
Long Yeast Grow,pioreactor02,2025-09-19T05:01:58.307000Z,0.075006968115,2025-09-19 07:01:58.307,5.712777777778
Long Yeast Grow,pioreactor02,2025-09-19T05:02:18.306000Z,0.074998466192,2025-09-19 07:02:18.306,5.718333333333
Long Yeast Grow,pioreactor02,2025-09-19T05:02:28.308000Z,0.074986046098,2025-09-19 07:02:28.308,5.721111111111
Long Yeast Grow,pioreactor02,2025-09-19T05:03:08.308000Z,0.074955953627,2025-09-19 07:03:08.308,5.732222222222
Long Yeast Grow,pioreactor02,2025-09-19T05:03:13.306000Z,0.074946657975,2025-09-19 07:03:13.306,5.733611111111
Long Yeast Grow,pioreactor02,2025-09-19T05:03:28.307000Z,0.074946882608,2025-09-19 07:03:28.307,5.737777777778
Long Yeast Grow,pioreactor02,2025-09-19T05:04:08.308000Z,0.074968420845,2025-09-19 07:04:08.308,5.748888888889
Long Yeast Grow,pioreactor02,2025-09-19T05:04:33.306000Z,0.074978545056,2025-09-19 07:04:33.306,5.755833333333
Long Yeast Grow,pioreactor02,2025-09-19T05:04:58.307000Z,0.074992409054,2025-09-19 07:04:58.307,5.762777777778
Long Yeast Grow,pioreactor02,2025-09-19T05:05:28.308000Z,0.074990828502,2025-09-19 07:05:28.308,5.771111111111
Long Yeast Grow,pioreactor02,2025-09-19T05:06:03.309000Z,0.075008289997,2025-09-19 07:06:03.309,5.780833333333
Long Yeast Grow,pioreactor02,2025-09-19T05:06:13.306000Z,0.075002786638,2025-09-19 07:06:13.306,5.783611111111
Long Yeast Grow,pioreactor02,2025-09-19T05:06:43.307000Z,0.074990816576,2025-09-19 07:06:43.307,5.791944444444
Long Yeast Grow,pioreactor02,2025-09-19T05:07:03.307000Z,0.075024061482,2025-09-19 07:07:03.307,5.7975
Long Yeast Grow,pioreactor02,2025-09-19T05:07:18.309000Z,0.07500105446,2025-09-19 07:07:18.309,5.801666666667
Long Yeast Grow,pioreactor02,2025-09-19T05:08:33.307000Z,0.074965933104,2025-09-19 07:08:33.307,5.8225
Long Yeast Grow,pioreactor02,2025-09-19T05:08:48.306000Z,0.074941091092,2025-09-19 07:08:48.306,5.826666666667
Long Yeast Grow,pioreactor02,2025-09-19T05:09:18.306000Z,0.074970038953,2025-09-19 07:09:18.306,5.835
Long Yeast Grow,pioreactor02,2025-09-19T05:09:28.307000Z,0.074961486691,2025-09-19 07:09:28.307,5.837777777778
Long Yeast Grow,pioreactor02,2025-09-19T05:09:48.307000Z,0.074973927799,2025-09-19 07:09:48.307,5.843333333333
Long Yeast Grow,pioreactor02,2025-09-19T05:09:53.307000Z,0.074964395429,2025-09-19 07:09:53.307,5.844722222222
Long Yeast Grow,pioreactor02,2025-09-19T05:10:08.307000Z,0.074979562441,2025-09-19 07:10:08.307,5.848888888889
Long Yeast Grow,pioreactor02,2025-09-19T05:10:58.306000Z,0.074986375803,2025-09-19 07:10:58.306,5.862777777778
Long Yeast Grow,pioreactor02,2025-09-19T05:11:03.306000Z,0.074970722543,2025-09-19 07:11:03.306,5.864166666667
Long Yeast Grow,pioreactor02,2025-09-19T05:11:23.305000Z,0.074951430042,2025-09-19 07:11:23.305,5.869722222222
Long Yeast Grow,pioreactor02,2025-09-19T05:11:38.306000Z,0.074938624914,2025-09-19 07:11:38.306,5.873888888889
Long Yeast Grow,pioreactor02,2025-09-19T05:12:18.306000Z,0.074945600776,2025-09-19 07:12:18.306,5.885
Long Yeast Grow,pioreactor02,2025-09-19T05:12:38.307000Z,0.074968802758,2025-09-19 07:12:38.307,5.890555555556
Long Yeast Grow,pioreactor02,2025-09-19T05:13:48.307000Z,0.074947743084,2025-09-19 07:13:48.307,5.91
Long Yeast Grow,pioreactor02,2025-09-19T05:14:03.305000Z,0.074967544367,2025-09-19 07:14:03.305,5.914166666667
Long Yeast Grow,pioreactor02,2025-09-19T05:14:38.307000Z,0.074931757898,2025-09-19 07:14:38.307,5.923888888889
Long Yeast Grow,pioreactor02,2025-09-19T05:15:13.308000Z,0.074957276453,2025-09-19 07:15:13.308,5.933611111111
Long Yeast Grow,pioreactor02,2025-09-19T05:15:43.307000Z,0.074953848436,2025-09-19 07:15:43.307,5.941944444444
Long Yeast Grow,pioreactor02,2025-09-19T05:15:53.308000Z,0.074938491412,2025-09-19 07:15:53.308,5.944722222222
Long Yeast Grow,pioreactor02,2025-09-19T05:16:28.307000Z,0.074940120477,2025-09-19 07:16:28.307,5.954444444444
Long Yeast Grow,pioreactor02,2025-09-19T05:16:43.307000Z,0.074939384831,2025-09-19 07:16:43.307,5.958611111111
Long Yeast Grow,pioreactor02,2025-09-19T05:16:48.307000Z,0.074938559528,2025-09-19 07:16:48.307,5.96
Long Yeast Grow,pioreactor02,2025-09-19T05:17:33.306000Z,0.074909315698,2025-09-19 07:17:33.306,5.9725
Long Yeast Grow,pioreactor02,2025-09-19T05:17:58.306000Z,0.074896469693,2025-09-19 07:17:58.306,5.979444444444
Long Yeast Grow,pioreactor02,2025-09-19T05:18:03.306000Z,0.074899436993,2025-09-19 07:18:03.306,5.980833333333
Long Yeast Grow,pioreactor02,2025-09-19T05:19:23.306000Z,0.074927996968,2025-09-19 07:19:23.306,6.003055555556
Long Yeast Grow,pioreactor02,2025-09-19T05:20:28.306000Z,0.074919152957,2025-09-19 07:20:28.306,6.021111111111
Long Yeast Grow,pioreactor02,2025-09-19T05:21:08.307000Z,0.074928166395,2025-09-19 07:21:08.307,6.032222222222
Long Yeast Grow,pioreactor02,2025-09-19T05:21:33.306000Z,0.074929980691,2025-09-19 07:21:33.306,6.039166666667
Long Yeast Grow,pioreactor02,2025-09-19T05:21:43.307000Z,0.074944408483,2025-09-19 07:21:43.307,6.041944444444
Long Yeast Grow,pioreactor02,2025-09-19T05:22:33.305000Z,0.075015443877,2025-09-19 07:22:33.305,6.055833333333
Long Yeast Grow,pioreactor02,2025-09-19T05:22:43.306000Z,0.075043692202,2025-09-19 07:22:43.306,6.058611111111
Long Yeast Grow,pioreactor02,2025-09-19T05:23:43.306000Z,0.075128279265,2025-09-19 07:23:43.306,6.075277777778
Long Yeast Grow,pioreactor02,2025-09-19T05:24:08.306000Z,0.075144492506,2025-09-19 07:24:08.306,6.082222222222
Long Yeast Grow,pioreactor02,2025-09-19T05:24:13.311000Z,0.075151834986,2025-09-19 07:24:13.311,6.083611111111
Long Yeast Grow,pioreactor02,2025-09-19T05:24:38.306000Z,0.075163957132,2025-09-19 07:24:38.306,6.090555555556
Long Yeast Grow,pioreactor02,2025-09-19T05:25:53.310000Z,0.075165816708,2025-09-19 07:25:53.310,6.111388888889
Long Yeast Grow,pioreactor02,2025-09-19T05:27:38.307000Z,0.075081119054,2025-09-19 07:27:38.307,6.140555555556
Long Yeast Grow,pioreactor02,2025-09-19T05:28:58.307000Z,0.075034226059,2025-09-19 07:28:58.307,6.162777777778
Long Yeast Grow,pioreactor02,2025-09-19T05:30:33.305000Z,0.075050181475,2025-09-19 07:30:33.305,6.189166666667
Long Yeast Grow,pioreactor02,2025-09-19T05:30:38.307000Z,0.075052027168,2025-09-19 07:30:38.307,6.190555555556
Long Yeast Grow,pioreactor02,2025-09-19T05:30:48.306000Z,0.075047772887,2025-09-19 07:30:48.306,6.193333333333
Long Yeast Grow,pioreactor02,2025-09-19T05:32:18.308000Z,0.075051777366,2025-09-19 07:32:18.308,6.218333333333
Long Yeast Grow,pioreactor02,2025-09-19T05:32:33.306000Z,0.075024359783,2025-09-19 07:32:33.306,6.2225
Long Yeast Grow,pioreactor02,2025-09-19T05:32:43.306000Z,0.075019564773,2025-09-19 07:32:43.306,6.225277777778
Long Yeast Grow,pioreactor02,2025-09-19T05:32:48.308000Z,0.075013877666,2025-09-19 07:32:48.308,6.226666666667
Long Yeast Grow,pioreactor02,2025-09-19T05:33:13.305000Z,0.075039588748,2025-09-19 07:33:13.305,6.233611111111
Long Yeast Grow,pioreactor02,2025-09-19T05:33:23.306000Z,0.075007550243,2025-09-19 07:33:23.306,6.236388888889
Long Yeast Grow,pioreactor02,2025-09-19T05:35:33.308000Z,0.074974535996,2025-09-19 07:35:33.308,6.2725
Long Yeast Grow,pioreactor02,2025-09-19T05:35:48.307000Z,0.074957476267,2025-09-19 07:35:48.307,6.276666666667
Long Yeast Grow,pioreactor02,2025-09-19T05:37:33.306000Z,0.074909444089,2025-09-19 07:37:33.306,6.305833333333
Long Yeast Grow,pioreactor02,2025-09-19T05:37:43.306000Z,0.074908628508,2025-09-19 07:37:43.306,6.308611111111
Long Yeast Grow,pioreactor02,2025-09-19T05:37:53.308000Z,0.074906188999,2025-09-19 07:37:53.308,6.311388888889
Long Yeast Grow,pioreactor02,2025-09-19T05:38:08.307000Z,0.074906085937,2025-09-19 07:38:08.307,6.315555555556
Long Yeast Grow,pioreactor02,2025-09-19T05:39:13.307000Z,0.074882504541,2025-09-19 07:39:13.307,6.333611111111
Long Yeast Grow,pioreactor02,2025-09-19T05:39:28.306000Z,0.074895523757,2025-09-19 07:39:28.306,6.337777777778
Long Yeast Grow,pioreactor02,2025-09-19T05:39:58.306000Z,0.074894206483,2025-09-19 07:39:58.306,6.346111111111
Long Yeast Grow,pioreactor02,2025-09-19T05:40:13.308000Z,0.074915364041,2025-09-19 07:40:13.308,6.350277777778
Long Yeast Grow,pioreactor02,2025-09-19T05:40:18.306000Z,0.074910568077,2025-09-19 07:40:18.306,6.351666666667
Long Yeast Grow,pioreactor02,2025-09-19T05:40:23.306000Z,0.074919349719,2025-09-19 07:40:23.306,6.353055555556
Long Yeast Grow,pioreactor02,2025-09-19T05:40:33.306000Z,0.074943604306,2025-09-19 07:40:33.306,6.355833333333
Long Yeast Grow,pioreactor02,2025-09-19T05:41:03.306000Z,0.074940614736,2025-09-19 07:41:03.306,6.364166666667
Long Yeast Grow,pioreactor02,2025-09-19T05:41:18.306000Z,0.0749604296,2025-09-19 07:41:18.306,6.368333333333
Long Yeast Grow,pioreactor02,2025-09-19T05:41:43.308000Z,0.07495920613,2025-09-19 07:41:43.308,6.375277777778
Long Yeast Grow,pioreactor02,2025-09-19T05:42:03.308000Z,0.074974136709,2025-09-19 07:42:03.308,6.380833333333
Long Yeast Grow,pioreactor02,2025-09-19T05:42:38.306000Z,0.074955603427,2025-09-19 07:42:38.306,6.390555555556
Long Yeast Grow,pioreactor02,2025-09-19T05:43:08.307000Z,0.074948151038,2025-09-19 07:43:08.307,6.398888888889
Long Yeast Grow,pioreactor02,2025-09-19T05:43:13.307000Z,0.074942234724,2025-09-19 07:43:13.307,6.400277777778
Long Yeast Grow,pioreactor02,2025-09-19T05:43:18.308000Z,0.074936763652,2025-09-19 07:43:18.308,6.401666666667
Long Yeast Grow,pioreactor02,2025-09-19T05:44:13.306000Z,0.07494552167,2025-09-19 07:44:13.306,6.416944444444
Long Yeast Grow,pioreactor02,2025-09-19T05:44:28.307000Z,0.074966946795,2025-09-19 07:44:28.307,6.421111111111
Long Yeast Grow,pioreactor02,2025-09-19T05:44:33.306000Z,0.074955013776,2025-09-19 07:44:33.306,6.4225
Long Yeast Grow,pioreactor02,2025-09-19T05:45:48.307000Z,0.075049690785,2025-09-19 07:45:48.307,6.443333333333
Long Yeast Grow,pioreactor02,2025-09-19T05:46:18.306000Z,0.075062749207,2025-09-19 07:46:18.306,6.451666666667
Long Yeast Grow,pioreactor02,2025-09-19T05:46:28.308000Z,0.075068663103,2025-09-19 07:46:28.308,6.454444444444
Long Yeast Grow,pioreactor02,2025-09-19T05:47:28.306000Z,0.075044966248,2025-09-19 07:47:28.306,6.471111111111
Long Yeast Grow,pioreactor02,2025-09-19T05:47:48.309000Z,0.07502470627,2025-09-19 07:47:48.309,6.476666666667
Long Yeast Grow,pioreactor02,2025-09-19T05:48:28.306000Z,0.075059702234,2025-09-19 07:48:28.306,6.487777777778
Long Yeast Grow,pioreactor02,2025-09-19T05:48:33.307000Z,0.07506315543,2025-09-19 07:48:33.307,6.489166666667
Long Yeast Grow,pioreactor02,2025-09-19T05:49:08.308000Z,0.075093510644,2025-09-19 07:49:08.308,6.498888888889
Long Yeast Grow,pioreactor02,2025-09-19T05:49:13.306000Z,0.075104119609,2025-09-19 07:49:13.306,6.500277777778
Long Yeast Grow,pioreactor02,2025-09-19T05:49:28.305000Z,0.075070422835,2025-09-19 07:49:28.305,6.504444444444
Long Yeast Grow,pioreactor02,2025-09-19T05:49:58.308000Z,0.075059929766,2025-09-19 07:49:58.308,6.512777777778
Long Yeast Grow,pioreactor02,2025-09-19T05:50:03.307000Z,0.075062765889,2025-09-19 07:50:03.307,6.514166666667
Long Yeast Grow,pioreactor02,2025-09-19T05:50:08.306000Z,0.07504236256,2025-09-19 07:50:08.306,6.515555555556
Long Yeast Grow,pioreactor02,2025-09-19T05:52:08.307000Z,0.075255348025,2025-09-19 07:52:08.307,6.548888888889
Long Yeast Grow,pioreactor02,2025-09-19T05:52:18.307000Z,0.075273920539,2025-09-19 07:52:18.307,6.551666666667
Long Yeast Grow,pioreactor02,2025-09-19T05:52:58.307000Z,0.075294974288,2025-09-19 07:52:58.307,6.562777777778
Long Yeast Grow,pioreactor02,2025-09-19T05:53:58.307000Z,0.075324050738,2025-09-19 07:53:58.307,6.579444444444
Long Yeast Grow,pioreactor02,2025-09-19T05:54:03.309000Z,0.075313549205,2025-09-19 07:54:03.309,6.580833333333
Long Yeast Grow,pioreactor02,2025-09-19T05:54:08.306000Z,0.075314181404,2025-09-19 07:54:08.306,6.582222222222
Long Yeast Grow,pioreactor02,2025-09-19T05:54:38.305000Z,0.075304123519,2025-09-19 07:54:38.305,6.590555555556
Long Yeast Grow,pioreactor02,2025-09-19T05:55:33.306000Z,0.075249867848,2025-09-19 07:55:33.306,6.605833333333
Long Yeast Grow,pioreactor02,2025-09-19T05:55:43.306000Z,0.075221638327,2025-09-19 07:55:43.306,6.608611111111
Long Yeast Grow,pioreactor02,2025-09-19T05:58:08.312000Z,0.075117545745,2025-09-19 07:58:08.312,6.648888888889
Long Yeast Grow,pioreactor02,2025-09-19T05:58:23.306000Z,0.075101869364,2025-09-19 07:58:23.306,6.653055555556
Long Yeast Grow,pioreactor02,2025-09-19T05:58:28.306000Z,0.075112578938,2025-09-19 07:58:28.306,6.654444444444
Long Yeast Grow,pioreactor02,2025-09-19T05:59:38.306000Z,0.075037740707,2025-09-19 07:59:38.306,6.673888888889
Long Yeast Grow,pioreactor02,2025-09-19T05:59:48.309000Z,0.07503706115,2025-09-19 07:59:48.309,6.676666666667
Long Yeast Grow,pioreactor02,2025-09-19T05:59:53.306000Z,0.075010972515,2025-09-19 07:59:53.306,6.678055555556
Long Yeast Grow,pioreactor02,2025-09-19T06:00:13.306000Z,0.07501081569,2025-09-19 08:00:13.306,6.683611111111
Long Yeast Grow,pioreactor02,2025-09-19T06:00:18.306000Z,0.075011949371,2025-09-19 08:00:18.306,6.685
Long Yeast Grow,pioreactor02,2025-09-19T06:01:13.309000Z,0.075007385727,2025-09-19 08:01:13.309,6.700277777778
Long Yeast Grow,pioreactor02,2025-09-19T06:01:18.306000Z,0.074996926484,2025-09-19 08:01:18.306,6.701666666667
Long Yeast Grow,pioreactor02,2025-09-19T06:01:28.306000Z,0.075012782677,2025-09-19 08:01:28.306,6.704444444444
Long Yeast Grow,pioreactor02,2025-09-19T06:01:53.307000Z,0.07502530242,2025-09-19 08:01:53.307,6.711388888889
Long Yeast Grow,pioreactor02,2025-09-19T06:02:13.306000Z,0.075008753845,2025-09-19 08:02:13.306,6.716944444444
Long Yeast Grow,pioreactor02,2025-09-19T06:02:28.308000Z,0.075020170144,2025-09-19 08:02:28.308,6.721111111111
Long Yeast Grow,pioreactor02,2025-09-19T06:03:33.310000Z,0.075097554426,2025-09-19 08:03:33.310,6.739166666667
Long Yeast Grow,pioreactor02,2025-09-19T06:04:18.307000Z,0.075197103661,2025-09-19 08:04:18.307,6.751666666667
Long Yeast Grow,pioreactor02,2025-09-19T06:04:53.307000Z,0.075208734932,2025-09-19 08:04:53.307,6.761388888889
Long Yeast Grow,pioreactor02,2025-09-19T06:04:58.308000Z,0.075210549549,2025-09-19 08:04:58.308,6.762777777778
Long Yeast Grow,pioreactor02,2025-09-19T06:07:03.308000Z,0.075155682658,2025-09-19 08:07:03.308,6.7975
Long Yeast Grow,pioreactor02,2025-09-19T06:07:13.305000Z,0.075163882369,2025-09-19 08:07:13.305,6.800277777778
Long Yeast Grow,pioreactor02,2025-09-19T06:08:03.307000Z,0.075141357209,2025-09-19 08:08:03.307,6.814166666667
Long Yeast Grow,pioreactor02,2025-09-19T06:08:08.307000Z,0.075149565308,2025-09-19 08:08:08.307,6.815555555556
Long Yeast Grow,pioreactor02,2025-09-19T06:08:43.306000Z,0.075128225302,2025-09-19 08:08:43.306,6.825277777778
Long Yeast Grow,pioreactor02,2025-09-19T06:09:43.305000Z,0.075099584601,2025-09-19 08:09:43.305,6.841944444444
Long Yeast Grow,pioreactor02,2025-09-19T06:09:58.307000Z,0.075066119994,2025-09-19 08:09:58.307,6.846111111111
Long Yeast Grow,pioreactor02,2025-09-19T06:10:13.306000Z,0.075075417307,2025-09-19 08:10:13.306,6.850277777778
Long Yeast Grow,pioreactor02,2025-09-19T06:10:53.306000Z,0.075094919206,2025-09-19 08:10:53.306,6.861388888889
Long Yeast Grow,pioreactor02,2025-09-19T06:12:23.306000Z,0.075081132742,2025-09-19 08:12:23.306,6.886388888889
Long Yeast Grow,pioreactor02,2025-09-19T06:12:28.305000Z,0.075058821228,2025-09-19 08:12:28.305,6.887777777778
Long Yeast Grow,pioreactor02,2025-09-19T06:13:13.308000Z,0.075085091138,2025-09-19 08:13:13.308,6.900277777778
Long Yeast Grow,pioreactor02,2025-09-19T06:14:48.308000Z,0.075031200771,2025-09-19 08:14:48.308,6.926666666667
Long Yeast Grow,pioreactor02,2025-09-19T06:15:03.306000Z,0.075028821223,2025-09-19 08:15:03.306,6.930833333333
Long Yeast Grow,pioreactor02,2025-09-19T06:15:58.306000Z,0.075015768656,2025-09-19 08:15:58.306,6.946111111111
Long Yeast Grow,pioreactor02,2025-09-19T06:16:08.306000Z,0.07500132428,2025-09-19 08:16:08.306,6.948888888889
Long Yeast Grow,pioreactor02,2025-09-19T06:17:23.307000Z,0.07499521182,2025-09-19 08:17:23.307,6.969722222222
Long Yeast Grow,pioreactor02,2025-09-19T06:18:13.309000Z,0.074991795429,2025-09-19 08:18:13.309,6.983611111111
Long Yeast Grow,pioreactor02,2025-09-19T06:18:48.308000Z,0.075014557547,2025-09-19 08:18:48.308,6.993333333333
Long Yeast Grow,pioreactor02,2025-09-19T06:19:13.306000Z,0.075004516012,2025-09-19 08:19:13.306,7.000277777778
Long Yeast Grow,pioreactor02,2025-09-19T06:19:58.306000Z,0.074990652159,2025-09-19 08:19:58.306,7.012777777778
Long Yeast Grow,pioreactor02,2025-09-19T06:20:28.306000Z,0.075018252274,2025-09-19 08:20:28.306,7.021111111111
Long Yeast Grow,pioreactor02,2025-09-19T06:20:48.306000Z,0.074992798941,2025-09-19 08:20:48.306,7.026666666667
Long Yeast Grow,pioreactor02,2025-09-19T06:21:13.307000Z,0.0749839385,2025-09-19 08:21:13.307,7.033611111111
Long Yeast Grow,pioreactor02,2025-09-19T06:21:23.306000Z,0.074987685311,2025-09-19 08:21:23.306,7.036388888889
Long Yeast Grow,pioreactor02,2025-09-19T06:21:43.307000Z,0.074989829009,2025-09-19 08:21:43.307,7.041944444444
Long Yeast Grow,pioreactor02,2025-09-19T06:24:33.308000Z,0.075003916468,2025-09-19 08:24:33.308,7.089166666667
Long Yeast Grow,pioreactor02,2025-09-19T06:24:38.305000Z,0.075009683532,2025-09-19 08:24:38.305,7.090555555556
Long Yeast Grow,pioreactor02,2025-09-19T06:25:08.306000Z,0.075027456266,2025-09-19 08:25:08.306,7.098888888889
Long Yeast Grow,pioreactor02,2025-09-19T06:25:18.307000Z,0.075019656738,2025-09-19 08:25:18.307,7.101666666667
Long Yeast Grow,pioreactor02,2025-09-19T06:26:08.306000Z,0.075028894394,2025-09-19 08:26:08.306,7.115555555556
Long Yeast Grow,pioreactor02,2025-09-19T06:26:28.307000Z,0.075037511994,2025-09-19 08:26:28.307,7.121111111111
Long Yeast Grow,pioreactor02,2025-09-19T06:27:13.305000Z,0.075031041068,2025-09-19 08:27:13.305,7.133611111111
Long Yeast Grow,pioreactor02,2025-09-19T06:27:28.306000Z,0.075014989572,2025-09-19 08:27:28.306,7.137777777778
Long Yeast Grow,pioreactor02,2025-09-19T06:28:03.306000Z,0.075037324811,2025-09-19 08:28:03.306,7.1475
Long Yeast Grow,pioreactor02,2025-09-19T06:28:13.310000Z,0.075040825507,2025-09-19 08:28:13.310,7.150277777778
Long Yeast Grow,pioreactor02,2025-09-19T06:28:48.306000Z,0.075009316735,2025-09-19 08:28:48.306,7.16
Long Yeast Grow,pioreactor02,2025-09-19T06:29:43.306000Z,0.075063737834,2025-09-19 08:29:43.306,7.175277777778
Long Yeast Grow,pioreactor02,2025-09-19T06:30:13.305000Z,0.075052514961,2025-09-19 08:30:13.305,7.183611111111
Long Yeast Grow,pioreactor02,2025-09-19T06:30:33.306000Z,0.075030918483,2025-09-19 08:30:33.306,7.189166666667
Long Yeast Grow,pioreactor02,2025-09-19T06:31:08.305000Z,0.07500522955,2025-09-19 08:31:08.305,7.198888888889
Long Yeast Grow,pioreactor02,2025-09-19T06:31:13.308000Z,0.075009394895,2025-09-19 08:31:13.308,7.200277777778
Long Yeast Grow,pioreactor02,2025-09-19T06:31:33.306000Z,0.074996398231,2025-09-19 08:31:33.306,7.205833333333
Long Yeast Grow,pioreactor02,2025-09-19T06:31:38.306000Z,0.074985890598,2025-09-19 08:31:38.306,7.207222222222
Long Yeast Grow,pioreactor02,2025-09-19T06:31:48.307000Z,0.074992065694,2025-09-19 08:31:48.307,7.21
Long Yeast Grow,pioreactor02,2025-09-19T06:32:13.306000Z,0.075020932911,2025-09-19 08:32:13.306,7.216944444444
Long Yeast Grow,pioreactor02,2025-09-19T06:33:23.307000Z,0.075049035606,2025-09-19 08:33:23.307,7.236388888889
Long Yeast Grow,pioreactor02,2025-09-19T06:34:38.306000Z,0.075076485565,2025-09-19 08:34:38.306,7.257222222222
Long Yeast Grow,pioreactor02,2025-09-19T06:35:13.306000Z,0.075071300175,2025-09-19 08:35:13.306,7.266944444444
Long Yeast Grow,pioreactor02,2025-09-19T06:35:38.307000Z,0.075065232569,2025-09-19 08:35:38.307,7.273888888889
Long Yeast Grow,pioreactor02,2025-09-19T06:35:48.306000Z,0.075057223421,2025-09-19 08:35:48.306,7.276666666667
Long Yeast Grow,pioreactor02,2025-09-19T06:37:23.310000Z,0.075041995065,2025-09-19 08:37:23.310,7.303055555556
Long Yeast Grow,pioreactor02,2025-09-19T06:37:43.306000Z,0.075059765396,2025-09-19 08:37:43.306,7.308611111111
Long Yeast Grow,pioreactor02,2025-09-19T06:39:48.308000Z,0.075041050432,2025-09-19 08:39:48.308,7.343333333333
Long Yeast Grow,pioreactor02,2025-09-19T06:42:13.305000Z,0.075067731692,2025-09-19 08:42:13.305,7.383611111111
Long Yeast Grow,pioreactor02,2025-09-19T06:42:48.307000Z,0.075069744795,2025-09-19 08:42:48.307,7.393333333333
Long Yeast Grow,pioreactor02,2025-09-19T06:43:13.307000Z,0.075096122582,2025-09-19 08:43:13.307,7.400277777778
Long Yeast Grow,pioreactor02,2025-09-19T06:43:23.310000Z,0.075102752801,2025-09-19 08:43:23.310,7.403055555556
Long Yeast Grow,pioreactor02,2025-09-19T06:44:03.312000Z,0.075085562538,2025-09-19 08:44:03.312,7.414166666667
Long Yeast Grow,pioreactor02,2025-09-19T06:44:33.306000Z,0.075066772297,2025-09-19 08:44:33.306,7.4225
Long Yeast Grow,pioreactor02,2025-09-19T06:45:53.307000Z,0.075061468885,2025-09-19 08:45:53.307,7.444722222222
Long Yeast Grow,pioreactor02,2025-09-19T06:46:48.306000Z,0.075051227058,2025-09-19 08:46:48.306,7.46
Long Yeast Grow,pioreactor02,2025-09-19T06:46:53.306000Z,0.075050342502,2025-09-19 08:46:53.306,7.461388888889
Long Yeast Grow,pioreactor02,2025-09-19T06:47:03.308000Z,0.075066382134,2025-09-19 08:47:03.308,7.464166666667
Long Yeast Grow,pioreactor02,2025-09-19T06:47:58.306000Z,0.075045457935,2025-09-19 08:47:58.306,7.479444444444
Long Yeast Grow,pioreactor02,2025-09-19T06:49:08.308000Z,0.07506410542,2025-09-19 08:49:08.308,7.498888888889
Long Yeast Grow,pioreactor02,2025-09-19T06:49:13.306000Z,0.075068180348,2025-09-19 08:49:13.306,7.500277777778
Long Yeast Grow,pioreactor02,2025-09-19T06:49:33.307000Z,0.075031236993,2025-09-19 08:49:33.307,7.505833333333
Long Yeast Grow,pioreactor02,2025-09-19T06:49:43.305000Z,0.075036779332,2025-09-19 08:49:43.305,7.508611111111
Long Yeast Grow,pioreactor02,2025-09-19T06:50:18.309000Z,0.075054883519,2025-09-19 08:50:18.309,7.518333333333
Long Yeast Grow,pioreactor02,2025-09-19T06:51:28.307000Z,0.075082056635,2025-09-19 08:51:28.307,7.537777777778
Long Yeast Grow,pioreactor02,2025-09-19T06:51:33.307000Z,0.075087251682,2025-09-19 08:51:33.307,7.539166666667
Long Yeast Grow,pioreactor02,2025-09-19T06:51:58.307000Z,0.075091520116,2025-09-19 08:51:58.307,7.546111111111
Long Yeast Grow,pioreactor02,2025-09-19T06:52:13.306000Z,0.075106262228,2025-09-19 08:52:13.306,7.550277777778
Long Yeast Grow,pioreactor02,2025-09-19T06:52:33.307000Z,0.075082065444,2025-09-19 08:52:33.307,7.555833333333
Long Yeast Grow,pioreactor02,2025-09-19T06:53:23.307000Z,0.075100550003,2025-09-19 08:53:23.307,7.569722222222
Long Yeast Grow,pioreactor02,2025-09-19T06:53:53.306000Z,0.075092651472,2025-09-19 08:53:53.306,7.578055555556
Long Yeast Grow,pioreactor02,2025-09-19T06:54:38.306000Z,0.075082222395,2025-09-19 08:54:38.306,7.590555555556
Long Yeast Grow,pioreactor02,2025-09-19T06:54:58.306000Z,0.075078689114,2025-09-19 08:54:58.306,7.596111111111
Long Yeast Grow,pioreactor02,2025-09-19T06:55:53.310000Z,0.075063676359,2025-09-19 08:55:53.310,7.611388888889
Long Yeast Grow,pioreactor02,2025-09-19T06:56:03.306000Z,0.075053132253,2025-09-19 08:56:03.306,7.614166666667
Long Yeast Grow,pioreactor02,2025-09-19T06:56:48.308000Z,0.075028589983,2025-09-19 08:56:48.308,7.626666666667
Long Yeast Grow,pioreactor02,2025-09-19T06:57:18.306000Z,0.075024904716,2025-09-19 08:57:18.306,7.635
Long Yeast Grow,pioreactor02,2025-09-19T06:58:03.309000Z,0.075023483892,2025-09-19 08:58:03.309,7.6475
Long Yeast Grow,pioreactor02,2025-09-19T06:58:33.307000Z,0.07502141911,2025-09-19 08:58:33.307,7.655833333333
Long Yeast Grow,pioreactor02,2025-09-19T06:59:08.307000Z,0.074988876561,2025-09-19 08:59:08.307,7.665555555556
Long Yeast Grow,pioreactor02,2025-09-19T06:59:28.306000Z,0.075020712352,2025-09-19 08:59:28.306,7.671111111111
Long Yeast Grow,pioreactor02,2025-09-19T07:00:38.306000Z,0.074997398502,2025-09-19 09:00:38.306,7.690555555556
Long Yeast Grow,pioreactor02,2025-09-19T07:00:48.306000Z,0.075006464298,2025-09-19 09:00:48.306,7.693333333333
Long Yeast Grow,pioreactor02,2025-09-19T07:00:53.305000Z,0.075009851138,2025-09-19 09:00:53.305,7.694722222222
Long Yeast Grow,pioreactor02,2025-09-19T07:03:48.308000Z,0.075035206761,2025-09-19 09:03:48.308,7.743333333333
Long Yeast Grow,pioreactor02,2025-09-19T07:04:33.306000Z,0.075025877757,2025-09-19 09:04:33.306,7.755833333333
Long Yeast Grow,pioreactor02,2025-09-19T07:04:38.309000Z,0.075015780431,2025-09-19 09:04:38.309,7.757222222222
Long Yeast Grow,pioreactor02,2025-09-19T07:04:58.306000Z,0.075014677508,2025-09-19 09:04:58.306,7.762777777778
Long Yeast Grow,pioreactor02,2025-09-19T07:05:43.306000Z,0.074993903284,2025-09-19 09:05:43.306,7.775277777778
Long Yeast Grow,pioreactor02,2025-09-19T07:05:53.306000Z,0.074997460133,2025-09-19 09:05:53.306,7.778055555556
Long Yeast Grow,pioreactor02,2025-09-19T07:06:08.304000Z,0.074980333192,2025-09-19 09:06:08.304,7.782222222222
Long Yeast Grow,pioreactor02,2025-09-19T07:07:08.306000Z,0.074985275564,2025-09-19 09:07:08.306,7.798888888889
Long Yeast Grow,pioreactor02,2025-09-19T07:07:18.306000Z,0.074985917898,2025-09-19 09:07:18.306,7.801666666667
Long Yeast Grow,pioreactor02,2025-09-19T07:08:23.306000Z,0.075024259938,2025-09-19 09:08:23.306,7.819722222222
Long Yeast Grow,pioreactor02,2025-09-19T07:09:13.306000Z,0.075006069303,2025-09-19 09:09:13.306,7.833611111111
Long Yeast Grow,pioreactor02,2025-09-19T07:09:18.306000Z,0.075004635903,2025-09-19 09:09:18.306,7.835
Long Yeast Grow,pioreactor02,2025-09-19T07:10:28.307000Z,0.075048221026,2025-09-19 09:10:28.307,7.854444444444
Long Yeast Grow,pioreactor02,2025-09-19T07:10:43.306000Z,0.075039297077,2025-09-19 09:10:43.306,7.858611111111
Long Yeast Grow,pioreactor02,2025-09-19T07:10:48.307000Z,0.075043723679,2025-09-19 09:10:48.307,7.86
Long Yeast Grow,pioreactor02,2025-09-19T07:11:03.306000Z,0.075061616419,2025-09-19 09:11:03.306,7.864166666667
Long Yeast Grow,pioreactor02,2025-09-19T07:11:13.309000Z,0.075073464209,2025-09-19 09:11:13.309,7.866944444444
Long Yeast Grow,pioreactor02,2025-09-19T07:11:18.306000Z,0.075085443488,2025-09-19 09:11:18.306,7.868333333333
Long Yeast Grow,pioreactor02,2025-09-19T07:11:33.307000Z,0.075103520999,2025-09-19 09:11:33.307,7.8725
Long Yeast Grow,pioreactor02,2025-09-19T07:11:53.306000Z,0.075073813683,2025-09-19 09:11:53.306,7.878055555556
Long Yeast Grow,pioreactor02,2025-09-19T07:12:33.306000Z,0.075071997409,2025-09-19 09:12:33.306,7.889166666667
Long Yeast Grow,pioreactor02,2025-09-19T07:13:03.305000Z,0.075071892962,2025-09-19 09:13:03.305,7.8975
Long Yeast Grow,pioreactor02,2025-09-19T07:13:13.306000Z,0.075052544827,2025-09-19 09:13:13.306,7.900277777778
Long Yeast Grow,pioreactor02,2025-09-19T07:13:33.306000Z,0.075064885805,2025-09-19 09:13:33.306,7.905833333333
Long Yeast Grow,pioreactor02,2025-09-19T07:14:08.306000Z,0.07505704168,2025-09-19 09:14:08.306,7.915555555556
Long Yeast Grow,pioreactor02,2025-09-19T07:14:53.307000Z,0.075066743869,2025-09-19 09:14:53.307,7.928055555556
Long Yeast Grow,pioreactor02,2025-09-19T07:16:18.307000Z,0.075118278097,2025-09-19 09:16:18.307,7.951666666667
Long Yeast Grow,pioreactor02,2025-09-19T07:17:13.307000Z,0.075064636749,2025-09-19 09:17:13.307,7.966944444444
Long Yeast Grow,pioreactor02,2025-09-19T07:19:43.305000Z,0.075051132932,2025-09-19 09:19:43.305,8.008611111111
Long Yeast Grow,pioreactor02,2025-09-19T07:20:18.308000Z,0.07506861865,2025-09-19 09:20:18.308,8.018333333333
Long Yeast Grow,pioreactor02,2025-09-19T07:20:23.306000Z,0.075081190735,2025-09-19 09:20:23.306,8.019722222222
Long Yeast Grow,pioreactor02,2025-09-19T07:20:38.307000Z,0.075080446247,2025-09-19 09:20:38.307,8.023888888889
Long Yeast Grow,pioreactor02,2025-09-19T07:21:23.310000Z,0.075058206402,2025-09-19 09:21:23.310,8.036388888889
Long Yeast Grow,pioreactor02,2025-09-19T07:23:18.306000Z,0.075060234466,2025-09-19 09:23:18.306,8.068333333333
Long Yeast Grow,pioreactor02,2025-09-19T07:24:03.306000Z,0.075069023332,2025-09-19 09:24:03.306,8.080833333333
Long Yeast Grow,pioreactor02,2025-09-19T07:24:43.307000Z,0.075056453639,2025-09-19 09:24:43.307,8.091944444444
Long Yeast Grow,pioreactor02,2025-09-19T07:24:48.306000Z,0.075055908185,2025-09-19 09:24:48.306,8.093333333333
Long Yeast Grow,pioreactor02,2025-09-19T07:24:53.306000Z,0.075060183217,2025-09-19 09:24:53.306,8.094722222222
Long Yeast Grow,pioreactor02,2025-09-19T07:25:18.306000Z,0.075034376771,2025-09-19 09:25:18.306,8.101666666667
Long Yeast Grow,pioreactor02,2025-09-19T07:25:23.306000Z,0.075025476074,2025-09-19 09:25:23.306,8.103055555556
Long Yeast Grow,pioreactor02,2025-09-19T07:26:13.306000Z,0.074999668788,2025-09-19 09:26:13.306,8.116944444444
Long Yeast Grow,pioreactor02,2025-09-19T07:26:28.306000Z,0.074998967034,2025-09-19 09:26:28.306,8.121111111111
Long Yeast Grow,pioreactor02,2025-09-19T07:28:18.306000Z,0.07500857433,2025-09-19 09:28:18.306,8.151666666667
Long Yeast Grow,pioreactor02,2025-09-19T07:28:33.306000Z,0.07499816703,2025-09-19 09:28:33.306,8.155833333333
Long Yeast Grow,pioreactor02,2025-09-19T07:29:03.307000Z,0.074989677257,2025-09-19 09:29:03.307,8.164166666667
Long Yeast Grow,pioreactor02,2025-09-19T07:29:18.307000Z,0.074985780599,2025-09-19 09:29:18.307,8.168333333333
Long Yeast Grow,pioreactor02,2025-09-19T07:29:48.306000Z,0.07502697338,2025-09-19 09:29:48.306,8.176666666667
Long Yeast Grow,pioreactor02,2025-09-19T07:31:18.307000Z,0.075072341139,2025-09-19 09:31:18.307,8.201666666667
Long Yeast Grow,pioreactor02,2025-09-19T07:32:18.306000Z,0.075060779522,2025-09-19 09:32:18.306,8.218333333333
Long Yeast Grow,pioreactor02,2025-09-19T07:33:08.308000Z,0.075022943652,2025-09-19 09:33:08.308,8.232222222222
Long Yeast Grow,pioreactor02,2025-09-19T07:33:23.306000Z,0.07501750609,2025-09-19 09:33:23.306,8.236388888889
Long Yeast Grow,pioreactor02,2025-09-19T07:33:28.306000Z,0.075021758971,2025-09-19 09:33:28.306,8.237777777778
Long Yeast Grow,pioreactor02,2025-09-19T07:33:53.306000Z,0.075028887815,2025-09-19 09:33:53.306,8.244722222222
Long Yeast Grow,pioreactor02,2025-09-19T07:34:08.306000Z,0.075040779839,2025-09-19 09:34:08.306,8.248888888889
Long Yeast Grow,pioreactor02,2025-09-19T07:34:28.306000Z,0.07505787605,2025-09-19 09:34:28.306,8.254444444444
Long Yeast Grow,pioreactor02,2025-09-19T07:34:58.306000Z,0.075058414923,2025-09-19 09:34:58.306,8.262777777778
Long Yeast Grow,pioreactor02,2025-09-19T07:36:43.306000Z,0.075093529548,2025-09-19 09:36:43.306,8.291944444444
Long Yeast Grow,pioreactor02,2025-09-19T07:37:33.306000Z,0.075058624751,2025-09-19 09:37:33.306,8.305833333333
Long Yeast Grow,pioreactor02,2025-09-19T07:37:48.307000Z,0.075078484738,2025-09-19 09:37:48.307,8.31
Long Yeast Grow,pioreactor02,2025-09-19T07:38:03.308000Z,0.075058828282,2025-09-19 09:38:03.308,8.314166666667
Long Yeast Grow,pioreactor02,2025-09-19T07:39:43.307000Z,0.075057750501,2025-09-19 09:39:43.307,8.341944444444
Long Yeast Grow,pioreactor02,2025-09-19T07:39:48.307000Z,0.075062642871,2025-09-19 09:39:48.307,8.343333333333
Long Yeast Grow,pioreactor02,2025-09-19T07:39:53.306000Z,0.075060624724,2025-09-19 09:39:53.306,8.344722222222
Long Yeast Grow,pioreactor02,2025-09-19T07:39:58.306000Z,0.075061042702,2025-09-19 09:39:58.306,8.346111111111
Long Yeast Grow,pioreactor02,2025-09-19T07:40:03.306000Z,0.075065333282,2025-09-19 09:40:03.306,8.3475
Long Yeast Grow,pioreactor02,2025-09-19T07:40:28.306000Z,0.075043778808,2025-09-19 09:40:28.306,8.354444444444
Long Yeast Grow,pioreactor02,2025-09-19T07:41:23.306000Z,0.075098001986,2025-09-19 09:41:23.306,8.369722222222
Long Yeast Grow,pioreactor02,2025-09-19T07:41:38.306000Z,0.0751042967,2025-09-19 09:41:38.306,8.373888888889
Long Yeast Grow,pioreactor02,2025-09-19T07:43:28.305000Z,0.075071556203,2025-09-19 09:43:28.305,8.404444444444
Long Yeast Grow,pioreactor02,2025-09-19T07:45:13.310000Z,0.0750557673,2025-09-19 09:45:13.310,8.433611111111
Long Yeast Grow,pioreactor02,2025-09-19T07:45:18.308000Z,0.0750697238,2025-09-19 09:45:18.308,8.435
Long Yeast Grow,pioreactor02,2025-09-19T07:46:13.309000Z,0.07505953692,2025-09-19 09:46:13.309,8.450277777778
Long Yeast Grow,pioreactor02,2025-09-19T07:47:28.305000Z,0.075050142875,2025-09-19 09:47:28.305,8.471111111111
Long Yeast Grow,pioreactor02,2025-09-19T07:49:13.305000Z,0.075024787219,2025-09-19 09:49:13.305,8.500277777778
Long Yeast Grow,pioreactor02,2025-09-19T07:50:08.306000Z,0.075010502044,2025-09-19 09:50:08.306,8.515555555556
Long Yeast Grow,pioreactor02,2025-09-19T07:50:38.305000Z,0.07504653132,2025-09-19 09:50:38.305,8.523888888889
Long Yeast Grow,pioreactor02,2025-09-19T07:50:58.307000Z,0.075035101421,2025-09-19 09:50:58.307,8.529444444444
Long Yeast Grow,pioreactor02,2025-09-19T07:51:28.308000Z,0.075051242681,2025-09-19 09:51:28.308,8.537777777778
Long Yeast Grow,pioreactor02,2025-09-19T07:51:43.306000Z,0.07503182001,2025-09-19 09:51:43.306,8.541944444444
Long Yeast Grow,pioreactor02,2025-09-19T07:51:58.307000Z,0.075033593193,2025-09-19 09:51:58.307,8.546111111111
Long Yeast Grow,pioreactor02,2025-09-19T07:52:43.308000Z,0.075033288151,2025-09-19 09:52:43.308,8.558611111111
Long Yeast Grow,pioreactor02,2025-09-19T07:52:53.307000Z,0.075058906953,2025-09-19 09:52:53.307,8.561388888889
Long Yeast Grow,pioreactor02,2025-09-19T07:53:03.306000Z,0.07504896281,2025-09-19 09:53:03.306,8.564166666667
Long Yeast Grow,pioreactor02,2025-09-19T07:53:23.308000Z,0.075032535633,2025-09-19 09:53:23.308,8.569722222222
Long Yeast Grow,pioreactor02,2025-09-19T07:53:28.307000Z,0.075043807169,2025-09-19 09:53:28.307,8.571111111111
Long Yeast Grow,pioreactor02,2025-09-19T07:53:53.306000Z,0.075049272306,2025-09-19 09:53:53.306,8.578055555556
Long Yeast Grow,pioreactor02,2025-09-19T07:55:13.307000Z,0.075048800606,2025-09-19 09:55:13.307,8.600277777778
Long Yeast Grow,pioreactor02,2025-09-19T07:55:43.306000Z,0.075040183136,2025-09-19 09:55:43.306,8.608611111111
Long Yeast Grow,pioreactor02,2025-09-19T07:56:08.306000Z,0.075049586037,2025-09-19 09:56:08.306,8.615555555556
Long Yeast Grow,pioreactor02,2025-09-19T07:56:23.307000Z,0.075059565642,2025-09-19 09:56:23.307,8.619722222222
Long Yeast Grow,pioreactor02,2025-09-19T07:56:43.306000Z,0.075051877547,2025-09-19 09:56:43.306,8.625277777778
Long Yeast Grow,pioreactor02,2025-09-19T07:57:43.306000Z,0.075030725947,2025-09-19 09:57:43.306,8.641944444444
Long Yeast Grow,pioreactor02,2025-09-19T07:57:58.307000Z,0.075022758549,2025-09-19 09:57:58.307,8.646111111111
Long Yeast Grow,pioreactor02,2025-09-19T07:58:43.307000Z,0.074984096674,2025-09-19 09:58:43.307,8.658611111111
Long Yeast Grow,pioreactor02,2025-09-19T07:59:03.306000Z,0.074996579882,2025-09-19 09:59:03.306,8.664166666667
Long Yeast Grow,pioreactor02,2025-09-19T07:59:18.306000Z,0.075025414451,2025-09-19 09:59:18.306,8.668333333333
Long Yeast Grow,pioreactor02,2025-09-19T07:59:28.306000Z,0.075034620332,2025-09-19 09:59:28.306,8.671111111111
Long Yeast Grow,pioreactor02,2025-09-19T07:59:53.306000Z,0.075025359575,2025-09-19 09:59:53.306,8.678055555556
Long Yeast Grow,pioreactor02,2025-09-19T08:00:08.307000Z,0.075031374947,2025-09-19 10:00:08.307,8.682222222222
Long Yeast Grow,pioreactor02,2025-09-19T08:00:53.306000Z,0.07504018236,2025-09-19 10:00:53.306,8.694722222222
Long Yeast Grow,pioreactor02,2025-09-19T08:01:08.309000Z,0.075023797596,2025-09-19 10:01:08.309,8.698888888889
Long Yeast Grow,pioreactor02,2025-09-19T08:01:43.308000Z,0.075028170747,2025-09-19 10:01:43.308,8.708611111111
Long Yeast Grow,pioreactor02,2025-09-19T08:01:48.306000Z,0.075032697742,2025-09-19 10:01:48.306,8.71
Long Yeast Grow,pioreactor02,2025-09-19T08:02:03.308000Z,0.075039840461,2025-09-19 10:02:03.308,8.714166666667
Long Yeast Grow,pioreactor02,2025-09-19T08:02:08.306000Z,0.075022988425,2025-09-19 10:02:08.306,8.715555555556
Long Yeast Grow,pioreactor02,2025-09-19T08:02:13.306000Z,0.075032623872,2025-09-19 10:02:13.306,8.716944444444
Long Yeast Grow,pioreactor02,2025-09-19T08:04:43.306000Z,0.075066579229,2025-09-19 10:04:43.306,8.758611111111
Long Yeast Grow,pioreactor02,2025-09-19T08:05:28.308000Z,0.075103994918,2025-09-19 10:05:28.308,8.771111111111
Long Yeast Grow,pioreactor02,2025-09-19T08:05:48.307000Z,0.075112389036,2025-09-19 10:05:48.307,8.776666666667
Long Yeast Grow,pioreactor02,2025-09-19T08:05:58.306000Z,0.075097755229,2025-09-19 10:05:58.306,8.779444444444
Long Yeast Grow,pioreactor02,2025-09-19T08:07:28.305000Z,0.07507113141,2025-09-19 10:07:28.305,8.804444444444
Long Yeast Grow,pioreactor02,2025-09-19T08:07:53.306000Z,0.075053764838,2025-09-19 10:07:53.306,8.811388888889
Long Yeast Grow,pioreactor02,2025-09-19T08:08:33.305000Z,0.075013609912,2025-09-19 10:08:33.305,8.8225
Long Yeast Grow,pioreactor02,2025-09-19T08:08:53.307000Z,0.075012107882,2025-09-19 10:08:53.307,8.828055555556
Long Yeast Grow,pioreactor02,2025-09-19T08:09:13.305000Z,0.075018637698,2025-09-19 10:09:13.305,8.833611111111
Long Yeast Grow,pioreactor02,2025-09-19T08:09:43.306000Z,0.075011427309,2025-09-19 10:09:43.306,8.841944444444
Long Yeast Grow,pioreactor02,2025-09-19T08:09:58.306000Z,0.075016962748,2025-09-19 10:09:58.306,8.846111111111
Long Yeast Grow,pioreactor02,2025-09-19T08:10:08.306000Z,0.075024600775,2025-09-19 10:10:08.306,8.848888888889
Long Yeast Grow,pioreactor02,2025-09-19T08:10:38.306000Z,0.075042295636,2025-09-19 10:10:38.306,8.857222222222
Long Yeast Grow,pioreactor02,2025-09-19T08:11:23.309000Z,0.075023955175,2025-09-19 10:11:23.309,8.869722222222
Long Yeast Grow,pioreactor02,2025-09-19T08:11:53.306000Z,0.075047571537,2025-09-19 10:11:53.306,8.878055555556
Long Yeast Grow,pioreactor02,2025-09-19T08:12:43.307000Z,0.075070464394,2025-09-19 10:12:43.307,8.891944444444
Long Yeast Grow,pioreactor02,2025-09-19T08:12:48.307000Z,0.075071330624,2025-09-19 10:12:48.307,8.893333333333
Long Yeast Grow,pioreactor02,2025-09-19T08:13:43.307000Z,0.075057233002,2025-09-19 10:13:43.307,8.908611111111
Long Yeast Grow,pioreactor02,2025-09-19T08:14:03.305000Z,0.075078038007,2025-09-19 10:14:03.305,8.914166666667
Long Yeast Grow,pioreactor02,2025-09-19T08:14:18.306000Z,0.075066090118,2025-09-19 10:14:18.306,8.918333333333
Long Yeast Grow,pioreactor02,2025-09-19T08:14:53.306000Z,0.075040239454,2025-09-19 10:14:53.306,8.928055555556
Long Yeast Grow,pioreactor02,2025-09-19T08:15:08.307000Z,0.075040250213,2025-09-19 10:15:08.307,8.932222222222
Long Yeast Grow,pioreactor02,2025-09-19T08:15:18.306000Z,0.075035612538,2025-09-19 10:15:18.306,8.935
Long Yeast Grow,pioreactor02,2025-09-19T08:15:33.309000Z,0.075035000639,2025-09-19 10:15:33.309,8.939166666667
Long Yeast Grow,pioreactor02,2025-09-19T08:16:03.306000Z,0.075051762206,2025-09-19 10:16:03.306,8.9475
Long Yeast Grow,pioreactor02,2025-09-19T08:16:18.306000Z,0.075075767955,2025-09-19 10:16:18.306,8.951666666667
Long Yeast Grow,pioreactor02,2025-09-19T08:16:38.308000Z,0.07507087,2025-09-19 10:16:38.308,8.957222222222
Long Yeast Grow,pioreactor02,2025-09-19T08:16:48.311000Z,0.075076338825,2025-09-19 10:16:48.311,8.96
Long Yeast Grow,pioreactor02,2025-09-19T08:18:08.308000Z,0.075046243017,2025-09-19 10:18:08.308,8.982222222222
Long Yeast Grow,pioreactor02,2025-09-19T08:19:03.307000Z,0.075075280567,2025-09-19 10:19:03.307,8.9975
Long Yeast Grow,pioreactor02,2025-09-19T08:19:33.309000Z,0.075075893198,2025-09-19 10:19:33.309,9.005833333333
Long Yeast Grow,pioreactor02,2025-09-19T08:19:58.306000Z,0.07507072261,2025-09-19 10:19:58.306,9.012777777778
Long Yeast Grow,pioreactor02,2025-09-19T08:20:03.307000Z,0.075069524359,2025-09-19 10:20:03.307,9.014166666667
Long Yeast Grow,pioreactor02,2025-09-19T08:21:03.306000Z,0.07506396025,2025-09-19 10:21:03.306,9.030833333333
Long Yeast Grow,pioreactor02,2025-09-19T08:21:18.309000Z,0.075056390281,2025-09-19 10:21:18.309,9.035
Long Yeast Grow,pioreactor02,2025-09-19T08:21:43.308000Z,0.075068877175,2025-09-19 10:21:43.308,9.041944444444
Long Yeast Grow,pioreactor02,2025-09-19T08:21:53.306000Z,0.075053542177,2025-09-19 10:21:53.306,9.044722222222
Long Yeast Grow,pioreactor02,2025-09-19T08:23:48.306000Z,0.074996182095,2025-09-19 10:23:48.306,9.076666666667
Long Yeast Grow,pioreactor02,2025-09-19T08:25:13.307000Z,0.075005084088,2025-09-19 10:25:13.307,9.100277777778
Long Yeast Grow,pioreactor02,2025-09-19T08:25:48.306000Z,0.075010966611,2025-09-19 10:25:48.306,9.11
Long Yeast Grow,pioreactor02,2025-09-19T08:26:53.305000Z,0.075066478423,2025-09-19 10:26:53.305,9.128055555556
Long Yeast Grow,pioreactor02,2025-09-19T08:26:58.306000Z,0.075052422871,2025-09-19 10:26:58.306,9.129444444444
Long Yeast Grow,pioreactor02,2025-09-19T08:27:43.306000Z,0.075071812856,2025-09-19 10:27:43.306,9.141944444444
Long Yeast Grow,pioreactor02,2025-09-19T08:29:48.307000Z,0.075049309981,2025-09-19 10:29:48.307,9.176666666667
Long Yeast Grow,pioreactor02,2025-09-19T08:30:13.308000Z,0.075046891904,2025-09-19 10:30:13.308,9.183611111111
Long Yeast Grow,pioreactor02,2025-09-19T08:30:18.306000Z,0.075027151594,2025-09-19 10:30:18.306,9.185
Long Yeast Grow,pioreactor02,2025-09-19T08:30:58.309000Z,0.075005192413,2025-09-19 10:30:58.309,9.196111111111
Long Yeast Grow,pioreactor02,2025-09-19T08:31:28.309000Z,0.075029263956,2025-09-19 10:31:28.309,9.204444444444
Long Yeast Grow,pioreactor02,2025-09-19T08:31:48.307000Z,0.075025823595,2025-09-19 10:31:48.307,9.21
Long Yeast Grow,pioreactor02,2025-09-19T08:32:13.306000Z,0.075004614036,2025-09-19 10:32:13.306,9.216944444444
Long Yeast Grow,pioreactor02,2025-09-19T08:32:38.306000Z,0.074994584991,2025-09-19 10:32:38.306,9.223888888889
Long Yeast Grow,pioreactor02,2025-09-19T08:34:28.306000Z,0.075023953829,2025-09-19 10:34:28.306,9.254444444444
Long Yeast Grow,pioreactor02,2025-09-19T08:34:48.306000Z,0.075031676334,2025-09-19 10:34:48.306,9.26
Long Yeast Grow,pioreactor02,2025-09-19T08:35:38.306000Z,0.075011095402,2025-09-19 10:35:38.306,9.273888888889
Long Yeast Grow,pioreactor02,2025-09-19T08:35:43.305000Z,0.075016689702,2025-09-19 10:35:43.305,9.275277777778
Long Yeast Grow,pioreactor02,2025-09-19T08:35:53.306000Z,0.075004386234,2025-09-19 10:35:53.306,9.278055555556
Long Yeast Grow,pioreactor02,2025-09-19T08:36:13.306000Z,0.074975393478,2025-09-19 10:36:13.306,9.283611111111
Long Yeast Grow,pioreactor02,2025-09-19T08:36:28.308000Z,0.074948419832,2025-09-19 10:36:28.308,9.287777777778
Long Yeast Grow,pioreactor02,2025-09-19T08:36:33.308000Z,0.074955088039,2025-09-19 10:36:33.308,9.289166666667
Long Yeast Grow,pioreactor02,2025-09-19T08:37:53.307000Z,0.074993865452,2025-09-19 10:37:53.307,9.311388888889
Long Yeast Grow,pioreactor02,2025-09-19T08:40:03.306000Z,0.074994295013,2025-09-19 10:40:03.306,9.3475
Long Yeast Grow,pioreactor02,2025-09-19T08:40:13.306000Z,0.074985958638,2025-09-19 10:40:13.306,9.350277777778
Long Yeast Grow,pioreactor02,2025-09-19T08:40:28.306000Z,0.074981316249,2025-09-19 10:40:28.306,9.354444444444
Long Yeast Grow,pioreactor02,2025-09-19T08:42:08.305000Z,0.074970473482,2025-09-19 10:42:08.305,9.382222222222
Long Yeast Grow,pioreactor02,2025-09-19T08:42:38.306000Z,0.074959442335,2025-09-19 10:42:38.306,9.390555555556
Long Yeast Grow,pioreactor02,2025-09-19T08:42:43.308000Z,0.074962849252,2025-09-19 10:42:43.308,9.391944444444
Long Yeast Grow,pioreactor02,2025-09-19T08:43:38.307000Z,0.0750237289,2025-09-19 10:43:38.307,9.407222222222
Long Yeast Grow,pioreactor02,2025-09-19T08:43:58.306000Z,0.075013721679,2025-09-19 10:43:58.306,9.412777777778
Long Yeast Grow,pioreactor02,2025-09-19T08:44:08.306000Z,0.075024617314,2025-09-19 10:44:08.306,9.415555555556
Long Yeast Grow,pioreactor02,2025-09-19T08:44:38.305000Z,0.075021182862,2025-09-19 10:44:38.305,9.423888888889
Long Yeast Grow,pioreactor02,2025-09-19T08:45:48.306000Z,0.07505194238,2025-09-19 10:45:48.306,9.443333333333
Long Yeast Grow,pioreactor02,2025-09-19T08:45:53.311000Z,0.075052108882,2025-09-19 10:45:53.311,9.444722222222
Long Yeast Grow,pioreactor02,2025-09-19T08:46:48.306000Z,0.075017958795,2025-09-19 10:46:48.306,9.46
Long Yeast Grow,pioreactor02,2025-09-19T08:47:38.307000Z,0.075023766408,2025-09-19 10:47:38.307,9.473888888889
Long Yeast Grow,pioreactor02,2025-09-19T08:47:58.307000Z,0.075008999639,2025-09-19 10:47:58.307,9.479444444444
Long Yeast Grow,pioreactor02,2025-09-19T08:48:03.306000Z,0.075015455685,2025-09-19 10:48:03.306,9.480833333333
Long Yeast Grow,pioreactor02,2025-09-19T08:48:23.308000Z,0.075042170012,2025-09-19 10:48:23.308,9.486388888889
Long Yeast Grow,pioreactor02,2025-09-19T08:49:13.306000Z,0.075032725315,2025-09-19 10:49:13.306,9.500277777778
Long Yeast Grow,pioreactor02,2025-09-19T08:50:18.305000Z,0.075013351159,2025-09-19 10:50:18.305,9.518333333333
Long Yeast Grow,pioreactor02,2025-09-19T08:51:08.311000Z,0.075012872485,2025-09-19 10:51:08.311,9.532222222222
Long Yeast Grow,pioreactor02,2025-09-19T08:51:43.308000Z,0.075006656952,2025-09-19 10:51:43.308,9.541944444444
Long Yeast Grow,pioreactor02,2025-09-19T08:52:23.307000Z,0.074986395548,2025-09-19 10:52:23.307,9.553055555556
Long Yeast Grow,pioreactor02,2025-09-19T08:52:33.306000Z,0.075010227957,2025-09-19 10:52:33.306,9.555833333333
Long Yeast Grow,pioreactor02,2025-09-19T08:53:18.305000Z,0.074996805229,2025-09-19 10:53:18.305,9.568333333333
Long Yeast Grow,pioreactor02,2025-09-19T08:53:38.305000Z,0.074982223108,2025-09-19 10:53:38.305,9.573888888889
Long Yeast Grow,pioreactor02,2025-09-19T08:54:08.307000Z,0.07499064146,2025-09-19 10:54:08.307,9.582222222222
Long Yeast Grow,pioreactor02,2025-09-19T08:54:23.306000Z,0.074972747729,2025-09-19 10:54:23.306,9.586388888889
Long Yeast Grow,pioreactor02,2025-09-19T08:54:38.306000Z,0.074983590232,2025-09-19 10:54:38.306,9.590555555556
Long Yeast Grow,pioreactor02,2025-09-19T08:56:18.306000Z,0.074986618179,2025-09-19 10:56:18.306,9.618333333333
Long Yeast Grow,pioreactor02,2025-09-19T08:57:33.308000Z,0.074999033661,2025-09-19 10:57:33.308,9.639166666667
Long Yeast Grow,pioreactor02,2025-09-19T08:57:43.305000Z,0.075005035512,2025-09-19 10:57:43.305,9.641944444444
Long Yeast Grow,pioreactor02,2025-09-19T08:58:08.306000Z,0.075024499034,2025-09-19 10:58:08.306,9.648888888889
Long Yeast Grow,pioreactor02,2025-09-19T08:58:28.308000Z,0.075012811033,2025-09-19 10:58:28.308,9.654444444444
Long Yeast Grow,pioreactor02,2025-09-19T08:59:33.306000Z,0.075027686894,2025-09-19 10:59:33.306,9.6725
Long Yeast Grow,pioreactor02,2025-09-19T09:00:23.309000Z,0.075001302255,2025-09-19 11:00:23.309,9.686388888889
Long Yeast Grow,pioreactor02,2025-09-19T09:00:43.307000Z,0.074997437677,2025-09-19 11:00:43.307,9.691944444444
Long Yeast Grow,pioreactor02,2025-09-19T09:01:38.306000Z,0.075018842638,2025-09-19 11:01:38.306,9.707222222222
Long Yeast Grow,pioreactor02,2025-09-19T09:01:48.310000Z,0.075040285407,2025-09-19 11:01:48.310,9.71
Long Yeast Grow,pioreactor02,2025-09-19T09:02:18.306000Z,0.075021757224,2025-09-19 11:02:18.306,9.718333333333
Long Yeast Grow,pioreactor02,2025-09-19T09:02:28.307000Z,0.075029541071,2025-09-19 11:02:28.307,9.721111111111
Long Yeast Grow,pioreactor02,2025-09-19T09:02:48.306000Z,0.075027233421,2025-09-19 11:02:48.306,9.726666666667
Long Yeast Grow,pioreactor02,2025-09-19T09:02:53.306000Z,0.075039698099,2025-09-19 11:02:53.306,9.728055555556
Long Yeast Grow,pioreactor02,2025-09-19T09:03:23.309000Z,0.075037496019,2025-09-19 11:03:23.309,9.736388888889
Long Yeast Grow,pioreactor02,2025-09-19T09:03:33.306000Z,0.075030329146,2025-09-19 11:03:33.306,9.739166666667
Long Yeast Grow,pioreactor02,2025-09-19T09:03:53.306000Z,0.07501687776,2025-09-19 11:03:53.306,9.744722222222
Long Yeast Grow,pioreactor02,2025-09-19T09:04:28.311000Z,0.075030789492,2025-09-19 11:04:28.311,9.754444444444
Long Yeast Grow,pioreactor02,2025-09-19T09:04:33.309000Z,0.075029630113,2025-09-19 11:04:33.309,9.755833333333
Long Yeast Grow,pioreactor02,2025-09-19T09:05:23.307000Z,0.075043501369,2025-09-19 11:05:23.307,9.769722222222
Long Yeast Grow,pioreactor02,2025-09-19T09:05:28.307000Z,0.075021948322,2025-09-19 11:05:28.307,9.771111111111
Long Yeast Grow,pioreactor02,2025-09-19T09:05:33.305000Z,0.07502013615,2025-09-19 11:05:33.305,9.7725
Long Yeast Grow,pioreactor02,2025-09-19T09:05:38.308000Z,0.075022028325,2025-09-19 11:05:38.308,9.773888888889
Long Yeast Grow,pioreactor02,2025-09-19T09:05:43.306000Z,0.075006546392,2025-09-19 11:05:43.306,9.775277777778
Long Yeast Grow,pioreactor02,2025-09-19T09:05:48.306000Z,0.075006509953,2025-09-19 11:05:48.306,9.776666666667
Long Yeast Grow,pioreactor02,2025-09-19T09:07:13.307000Z,0.074975941308,2025-09-19 11:07:13.307,9.800277777778
Long Yeast Grow,pioreactor02,2025-09-19T09:09:13.306000Z,0.074962464121,2025-09-19 11:09:13.306,9.833611111111
Long Yeast Grow,pioreactor02,2025-09-19T09:10:13.310000Z,0.074947129972,2025-09-19 11:10:13.310,9.850277777778
Long Yeast Grow,pioreactor02,2025-09-19T09:10:23.306000Z,0.074947757205,2025-09-19 11:10:23.306,9.853055555556
Long Yeast Grow,pioreactor02,2025-09-19T09:11:48.306000Z,0.074963249597,2025-09-19 11:11:48.306,9.876666666667
Long Yeast Grow,pioreactor02,2025-09-19T09:12:13.306000Z,0.074963578451,2025-09-19 11:12:13.306,9.883611111111
Long Yeast Grow,pioreactor02,2025-09-19T09:12:33.306000Z,0.074986895114,2025-09-19 11:12:33.306,9.889166666667
Long Yeast Grow,pioreactor02,2025-09-19T09:12:58.306000Z,0.07499631278,2025-09-19 11:12:58.306,9.896111111111
Long Yeast Grow,pioreactor02,2025-09-19T09:13:53.306000Z,0.07495561758,2025-09-19 11:13:53.306,9.911388888889
Long Yeast Grow,pioreactor02,2025-09-19T09:14:13.306000Z,0.074992939201,2025-09-19 11:14:13.306,9.916944444444
Long Yeast Grow,pioreactor02,2025-09-19T09:14:28.306000Z,0.074988300555,2025-09-19 11:14:28.306,9.921111111111
Long Yeast Grow,pioreactor02,2025-09-19T09:14:58.307000Z,0.074998238798,2025-09-19 11:14:58.307,9.929444444444
Long Yeast Grow,pioreactor02,2025-09-19T09:15:38.307000Z,0.074981137799,2025-09-19 11:15:38.307,9.940555555556
Long Yeast Grow,pioreactor02,2025-09-19T09:15:48.308000Z,0.074958883098,2025-09-19 11:15:48.308,9.943333333333
Long Yeast Grow,pioreactor02,2025-09-19T09:16:03.308000Z,0.07497715505,2025-09-19 11:16:03.308,9.9475
Long Yeast Grow,pioreactor02,2025-09-19T09:16:33.306000Z,0.074984517846,2025-09-19 11:16:33.306,9.955833333333
Long Yeast Grow,pioreactor02,2025-09-19T09:16:58.305000Z,0.074979502099,2025-09-19 11:16:58.305,9.962777777778
Long Yeast Grow,pioreactor02,2025-09-19T09:17:13.306000Z,0.074996265915,2025-09-19 11:17:13.306,9.966944444444
Long Yeast Grow,pioreactor02,2025-09-19T09:17:58.307000Z,0.07496886934,2025-09-19 11:17:58.307,9.979444444444
Long Yeast Grow,pioreactor02,2025-09-19T09:19:08.306000Z,0.074974937541,2025-09-19 11:19:08.306,9.998888888889
Long Yeast Grow,pioreactor02,2025-09-19T09:19:43.306000Z,0.074990134929,2025-09-19 11:19:43.306,10.008611111111
Long Yeast Grow,pioreactor02,2025-09-19T09:19:53.307000Z,0.074989359817,2025-09-19 11:19:53.307,10.011388888889
Long Yeast Grow,pioreactor02,2025-09-19T09:20:03.308000Z,0.074979198865,2025-09-19 11:20:03.308,10.014166666667
Long Yeast Grow,pioreactor02,2025-09-19T09:20:38.307000Z,0.074984356527,2025-09-19 11:20:38.307,10.023888888889
Long Yeast Grow,pioreactor02,2025-09-19T09:20:48.306000Z,0.074975018516,2025-09-19 11:20:48.306,10.026666666667
Long Yeast Grow,pioreactor02,2025-09-19T09:20:58.306000Z,0.074969994123,2025-09-19 11:20:58.306,10.029444444444
Long Yeast Grow,pioreactor02,2025-09-19T09:21:23.306000Z,0.074992880034,2025-09-19 11:21:23.306,10.036388888889
Long Yeast Grow,pioreactor02,2025-09-19T09:21:33.306000Z,0.074994152462,2025-09-19 11:21:33.306,10.039166666667
Long Yeast Grow,pioreactor02,2025-09-19T09:22:18.307000Z,0.075021222794,2025-09-19 11:22:18.307,10.051666666667
Long Yeast Grow,pioreactor02,2025-09-19T09:22:38.307000Z,0.07503131866,2025-09-19 11:22:38.307,10.057222222222
Long Yeast Grow,pioreactor02,2025-09-19T09:22:53.307000Z,0.075044146106,2025-09-19 11:22:53.307,10.061388888889
Long Yeast Grow,pioreactor02,2025-09-19T09:23:48.306000Z,0.075031455616,2025-09-19 11:23:48.306,10.076666666667
Long Yeast Grow,pioreactor02,2025-09-19T09:23:58.306000Z,0.075013820037,2025-09-19 11:23:58.306,10.079444444444
Long Yeast Grow,pioreactor02,2025-09-19T09:25:28.306000Z,0.075034884354,2025-09-19 11:25:28.306,10.104444444444
Long Yeast Grow,pioreactor02,2025-09-19T09:25:33.306000Z,0.075025374479,2025-09-19 11:25:33.306,10.105833333333
Long Yeast Grow,pioreactor02,2025-09-19T09:25:38.308000Z,0.075023505881,2025-09-19 11:25:38.308,10.107222222222
Long Yeast Grow,pioreactor02,2025-09-19T09:26:28.307000Z,0.07501849679,2025-09-19 11:26:28.307,10.121111111111
Long Yeast Grow,pioreactor02,2025-09-19T09:26:58.306000Z,0.075047821868,2025-09-19 11:26:58.306,10.129444444444
Long Yeast Grow,pioreactor02,2025-09-19T09:27:03.305000Z,0.075046122481,2025-09-19 11:27:03.305,10.130833333333
Long Yeast Grow,pioreactor02,2025-09-19T09:27:38.306000Z,0.075039845269,2025-09-19 11:27:38.306,10.140555555556
Long Yeast Grow,pioreactor02,2025-09-19T09:27:53.306000Z,0.07502852605,2025-09-19 11:27:53.306,10.144722222222
Long Yeast Grow,pioreactor02,2025-09-19T09:28:18.307000Z,0.075037541554,2025-09-19 11:28:18.307,10.151666666667
Long Yeast Grow,pioreactor02,2025-09-19T09:28:23.306000Z,0.075040158619,2025-09-19 11:28:23.306,10.153055555556
Long Yeast Grow,pioreactor02,2025-09-19T09:29:58.306000Z,0.075025833358,2025-09-19 11:29:58.306,10.179444444444
Long Yeast Grow,pioreactor02,2025-09-19T09:30:38.306000Z,0.075030494172,2025-09-19 11:30:38.306,10.190555555556
Long Yeast Grow,pioreactor02,2025-09-19T09:31:03.306000Z,0.075047396144,2025-09-19 11:31:03.306,10.1975
Long Yeast Grow,pioreactor02,2025-09-19T09:31:23.306000Z,0.075063637182,2025-09-19 11:31:23.306,10.203055555556
Long Yeast Grow,pioreactor02,2025-09-19T09:31:28.307000Z,0.075065102644,2025-09-19 11:31:28.307,10.204444444444
Long Yeast Grow,pioreactor02,2025-09-19T09:31:53.306000Z,0.075072531525,2025-09-19 11:31:53.306,10.211388888889
Long Yeast Grow,pioreactor02,2025-09-19T09:32:58.306000Z,0.075028174541,2025-09-19 11:32:58.306,10.229444444444
Long Yeast Grow,pioreactor02,2025-09-19T09:33:08.307000Z,0.075008737506,2025-09-19 11:33:08.307,10.232222222222
Long Yeast Grow,pioreactor02,2025-09-19T09:33:13.305000Z,0.075013783916,2025-09-19 11:33:13.305,10.233611111111
Long Yeast Grow,pioreactor02,2025-09-19T09:34:53.306000Z,0.075019847772,2025-09-19 11:34:53.306,10.261388888889
Long Yeast Grow,pioreactor02,2025-09-19T09:35:23.306000Z,0.075004993685,2025-09-19 11:35:23.306,10.269722222222
Long Yeast Grow,pioreactor02,2025-09-19T09:35:38.308000Z,0.075001309358,2025-09-19 11:35:38.308,10.273888888889
Long Yeast Grow,pioreactor02,2025-09-19T09:35:43.306000Z,0.075000330022,2025-09-19 11:35:43.306,10.275277777778
Long Yeast Grow,pioreactor02,2025-09-19T09:35:48.306000Z,0.07500236759,2025-09-19 11:35:48.306,10.276666666667
Long Yeast Grow,pioreactor02,2025-09-19T09:36:08.310000Z,0.074998685159,2025-09-19 11:36:08.310,10.282222222222
Long Yeast Grow,pioreactor02,2025-09-19T09:38:28.306000Z,0.075001719928,2025-09-19 11:38:28.306,10.321111111111
Long Yeast Grow,pioreactor02,2025-09-19T09:39:13.307000Z,0.075016095775,2025-09-19 11:39:13.307,10.333611111111
Long Yeast Grow,pioreactor02,2025-09-19T09:41:28.306000Z,0.075035521683,2025-09-19 11:41:28.306,10.371111111111
Long Yeast Grow,pioreactor02,2025-09-19T09:41:38.306000Z,0.075022036076,2025-09-19 11:41:38.306,10.373888888889
Long Yeast Grow,pioreactor02,2025-09-19T09:43:03.306000Z,0.075045185034,2025-09-19 11:43:03.306,10.3975
Long Yeast Grow,pioreactor02,2025-09-19T09:43:58.305000Z,0.075024810088,2025-09-19 11:43:58.305,10.412777777778
Long Yeast Grow,pioreactor02,2025-09-19T09:44:28.307000Z,0.075028581702,2025-09-19 11:44:28.307,10.421111111111
Long Yeast Grow,pioreactor02,2025-09-19T09:45:13.308000Z,0.07504644154,2025-09-19 11:45:13.308,10.433611111111
Long Yeast Grow,pioreactor02,2025-09-19T09:45:33.306000Z,0.075041514239,2025-09-19 11:45:33.306,10.439166666667
Long Yeast Grow,pioreactor02,2025-09-19T09:45:38.305000Z,0.075031920815,2025-09-19 11:45:38.305,10.440555555556
Long Yeast Grow,pioreactor02,2025-09-19T09:46:13.306000Z,0.075026571486,2025-09-19 11:46:13.306,10.450277777778
Long Yeast Grow,pioreactor02,2025-09-19T09:46:58.306000Z,0.075016498436,2025-09-19 11:46:58.306,10.462777777778
Long Yeast Grow,pioreactor02,2025-09-19T09:47:08.309000Z,0.075008813683,2025-09-19 11:47:08.309,10.465555555556
Long Yeast Grow,pioreactor02,2025-09-19T09:47:28.311000Z,0.075001398643,2025-09-19 11:47:28.311,10.471111111111
Long Yeast Grow,pioreactor02,2025-09-19T09:47:43.305000Z,0.075004589051,2025-09-19 11:47:43.305,10.475277777778
Long Yeast Grow,pioreactor02,2025-09-19T09:47:58.309000Z,0.075024277717,2025-09-19 11:47:58.309,10.479444444444
Long Yeast Grow,pioreactor02,2025-09-19T09:48:03.307000Z,0.075012517246,2025-09-19 11:48:03.307,10.480833333333
Long Yeast Grow,pioreactor02,2025-09-19T09:48:38.307000Z,0.075052615341,2025-09-19 11:48:38.307,10.490555555556
Long Yeast Grow,pioreactor02,2025-09-19T09:48:48.306000Z,0.0750443791,2025-09-19 11:48:48.306,10.493333333333
Long Yeast Grow,pioreactor02,2025-09-19T09:49:18.306000Z,0.075048261966,2025-09-19 11:49:18.306,10.501666666667
Long Yeast Grow,pioreactor02,2025-09-19T09:49:48.306000Z,0.075036456507,2025-09-19 11:49:48.306,10.51
Long Yeast Grow,pioreactor02,2025-09-19T09:50:03.306000Z,0.07501502887,2025-09-19 11:50:03.306,10.514166666667
Long Yeast Grow,pioreactor02,2025-09-19T09:50:13.307000Z,0.075019352161,2025-09-19 11:50:13.307,10.516944444444
Long Yeast Grow,pioreactor02,2025-09-19T09:50:33.306000Z,0.075015895695,2025-09-19 11:50:33.306,10.5225
Long Yeast Grow,pioreactor02,2025-09-19T09:51:18.305000Z,0.07502250839,2025-09-19 11:51:18.305,10.535
Long Yeast Grow,pioreactor02,2025-09-19T09:51:28.306000Z,0.075026147358,2025-09-19 11:51:28.306,10.537777777778
Long Yeast Grow,pioreactor02,2025-09-19T09:51:58.306000Z,0.075063547163,2025-09-19 11:51:58.306,10.546111111111
Long Yeast Grow,pioreactor02,2025-09-19T09:52:23.308000Z,0.075035983993,2025-09-19 11:52:23.308,10.553055555556
Long Yeast Grow,pioreactor02,2025-09-19T09:53:08.307000Z,0.075022660802,2025-09-19 11:53:08.307,10.565555555556
Long Yeast Grow,pioreactor02,2025-09-19T09:53:43.307000Z,0.074991540994,2025-09-19 11:53:43.307,10.575277777778
Long Yeast Grow,pioreactor02,2025-09-19T09:54:33.306000Z,0.075005594705,2025-09-19 11:54:33.306,10.589166666667
Long Yeast Grow,pioreactor02,2025-09-19T09:54:38.306000Z,0.075003382585,2025-09-19 11:54:38.306,10.590555555556
Long Yeast Grow,pioreactor02,2025-09-19T09:55:08.308000Z,0.074990415261,2025-09-19 11:55:08.308,10.598888888889
Long Yeast Grow,pioreactor02,2025-09-19T09:56:33.307000Z,0.074988855047,2025-09-19 11:56:33.307,10.6225
Long Yeast Grow,pioreactor02,2025-09-19T09:56:43.306000Z,0.075002221024,2025-09-19 11:56:43.306,10.625277777778
Long Yeast Grow,pioreactor02,2025-09-19T09:56:48.307000Z,0.074987660822,2025-09-19 11:56:48.307,10.626666666667
Long Yeast Grow,pioreactor02,2025-09-19T09:57:58.306000Z,0.074969373515,2025-09-19 11:57:58.306,10.646111111111
Long Yeast Grow,pioreactor02,2025-09-19T09:58:23.308000Z,0.074985443715,2025-09-19 11:58:23.308,10.653055555556
Long Yeast Grow,pioreactor02,2025-09-19T09:59:58.308000Z,0.075015280821,2025-09-19 11:59:58.308,10.679444444444
Long Yeast Grow,pioreactor02,2025-09-19T10:01:33.307000Z,0.075011717127,2025-09-19 12:01:33.307,10.705833333333
Long Yeast Grow,pioreactor02,2025-09-19T10:01:48.308000Z,0.07501447096,2025-09-19 12:01:48.308,10.71
Long Yeast Grow,pioreactor02,2025-09-19T10:01:53.309000Z,0.075027607204,2025-09-19 12:01:53.309,10.711388888889
Long Yeast Grow,pioreactor02,2025-09-19T10:02:23.306000Z,0.075031624507,2025-09-19 12:02:23.306,10.719722222222
Long Yeast Grow,pioreactor02,2025-09-19T10:04:08.306000Z,0.075005174468,2025-09-19 12:04:08.306,10.748888888889
Long Yeast Grow,pioreactor02,2025-09-19T10:05:28.307000Z,0.075007050109,2025-09-19 12:05:28.307,10.771111111111
Long Yeast Grow,pioreactor02,2025-09-19T10:06:23.306000Z,0.075017999842,2025-09-19 12:06:23.306,10.786388888889
Long Yeast Grow,pioreactor02,2025-09-19T10:06:48.306000Z,0.075002437798,2025-09-19 12:06:48.306,10.793333333333
Long Yeast Grow,pioreactor02,2025-09-19T10:06:53.306000Z,0.075021256229,2025-09-19 12:06:53.306,10.794722222222
Long Yeast Grow,pioreactor02,2025-09-19T10:07:38.307000Z,0.075050814692,2025-09-19 12:07:38.307,10.807222222222
Long Yeast Grow,pioreactor02,2025-09-19T10:08:13.305000Z,0.075040607359,2025-09-19 12:08:13.305,10.816944444444
Long Yeast Grow,pioreactor02,2025-09-19T10:09:28.307000Z,0.075034926147,2025-09-19 12:09:28.307,10.837777777778
Long Yeast Grow,pioreactor02,2025-09-19T10:09:38.306000Z,0.075029169242,2025-09-19 12:09:38.306,10.840555555556
Long Yeast Grow,pioreactor02,2025-09-19T10:10:58.306000Z,0.075024548081,2025-09-19 12:10:58.306,10.862777777778
Long Yeast Grow,pioreactor02,2025-09-19T10:11:08.306000Z,0.075029621507,2025-09-19 12:11:08.306,10.865555555556
Long Yeast Grow,pioreactor02,2025-09-19T10:11:13.306000Z,0.075030882597,2025-09-19 12:11:13.306,10.866944444444
Long Yeast Grow,pioreactor02,2025-09-19T10:12:38.306000Z,0.075029656002,2025-09-19 12:12:38.306,10.890555555556
Long Yeast Grow,pioreactor02,2025-09-19T10:13:08.306000Z,0.075017361849,2025-09-19 12:13:08.306,10.898888888889
Long Yeast Grow,pioreactor02,2025-09-19T10:13:28.307000Z,0.07503217359,2025-09-19 12:13:28.307,10.904444444444
Long Yeast Grow,pioreactor02,2025-09-19T10:14:28.308000Z,0.075034048221,2025-09-19 12:14:28.308,10.921111111111
Long Yeast Grow,pioreactor02,2025-09-19T10:15:48.305000Z,0.075035933117,2025-09-19 12:15:48.305,10.943333333333
Long Yeast Grow,pioreactor02,2025-09-19T10:16:28.306000Z,0.075024151032,2025-09-19 12:16:28.306,10.954444444444
Long Yeast Grow,pioreactor02,2025-09-19T10:17:18.306000Z,0.075015879155,2025-09-19 12:17:18.306,10.968333333333
Long Yeast Grow,pioreactor02,2025-09-19T10:17:53.306000Z,0.074988863213,2025-09-19 12:17:53.306,10.978055555556
Long Yeast Grow,pioreactor02,2025-09-19T10:18:03.305000Z,0.074971960277,2025-09-19 12:18:03.305,10.980833333333
Long Yeast Grow,pioreactor02,2025-09-19T10:18:43.306000Z,0.075017845498,2025-09-19 12:18:43.306,10.991944444444
Long Yeast Grow,pioreactor02,2025-09-19T10:19:33.306000Z,0.075017362814,2025-09-19 12:19:33.306,11.005833333333
Long Yeast Grow,pioreactor02,2025-09-19T10:21:03.308000Z,0.075012606084,2025-09-19 12:21:03.308,11.030833333333
Long Yeast Grow,pioreactor02,2025-09-19T10:21:58.308000Z,0.07501708005,2025-09-19 12:21:58.308,11.046111111111
Long Yeast Grow,pioreactor02,2025-09-19T10:22:18.306000Z,0.075036234768,2025-09-19 12:22:18.306,11.051666666667
Long Yeast Grow,pioreactor02,2025-09-19T10:22:38.306000Z,0.07505064556,2025-09-19 12:22:38.306,11.057222222222
Long Yeast Grow,pioreactor02,2025-09-19T10:23:28.307000Z,0.075019672461,2025-09-19 12:23:28.307,11.071111111111
Long Yeast Grow,pioreactor02,2025-09-19T10:23:38.305000Z,0.075011207035,2025-09-19 12:23:38.305,11.073888888889
Long Yeast Grow,pioreactor02,2025-09-19T10:23:48.306000Z,0.075003760442,2025-09-19 12:23:48.306,11.076666666667
Long Yeast Grow,pioreactor02,2025-09-19T10:23:53.306000Z,0.075006906938,2025-09-19 12:23:53.306,11.078055555556
Long Yeast Grow,pioreactor02,2025-09-19T10:23:58.305000Z,0.075013246904,2025-09-19 12:23:58.305,11.079444444444
Long Yeast Grow,pioreactor02,2025-09-19T10:24:58.308000Z,0.075006240928,2025-09-19 12:24:58.308,11.096111111111
Long Yeast Grow,pioreactor02,2025-09-19T10:25:03.307000Z,0.075014531245,2025-09-19 12:25:03.307,11.0975
Long Yeast Grow,pioreactor02,2025-09-19T10:25:33.306000Z,0.075032679942,2025-09-19 12:25:33.306,11.105833333333
Long Yeast Grow,pioreactor02,2025-09-19T10:25:38.306000Z,0.075037248108,2025-09-19 12:25:38.306,11.107222222222
Long Yeast Grow,pioreactor02,2025-09-19T10:26:13.308000Z,0.075031501648,2025-09-19 12:26:13.308,11.116944444444
Long Yeast Grow,pioreactor02,2025-09-19T10:26:43.307000Z,0.075031720416,2025-09-19 12:26:43.307,11.125277777778
Long Yeast Grow,pioreactor02,2025-09-19T10:28:28.306000Z,0.075034979057,2025-09-19 12:28:28.306,11.154444444444
Long Yeast Grow,pioreactor02,2025-09-19T10:28:33.305000Z,0.075022944671,2025-09-19 12:28:33.305,11.155833333333
Long Yeast Grow,pioreactor02,2025-09-19T10:28:53.306000Z,0.075012923881,2025-09-19 12:28:53.306,11.161388888889
Long Yeast Grow,pioreactor02,2025-09-19T10:29:28.308000Z,0.075039096584,2025-09-19 12:29:28.308,11.171111111111
Long Yeast Grow,pioreactor02,2025-09-19T10:29:33.308000Z,0.075043190225,2025-09-19 12:29:33.308,11.1725
Long Yeast Grow,pioreactor02,2025-09-19T10:29:43.305000Z,0.075038050904,2025-09-19 12:29:43.305,11.175277777778
Long Yeast Grow,pioreactor02,2025-09-19T10:30:18.306000Z,0.075030811703,2025-09-19 12:30:18.306,11.185
Long Yeast Grow,pioreactor02,2025-09-19T10:32:33.309000Z,0.074988847426,2025-09-19 12:32:33.309,11.2225
Long Yeast Grow,pioreactor02,2025-09-19T10:34:38.307000Z,0.074997793152,2025-09-19 12:34:38.307,11.257222222222
Long Yeast Grow,pioreactor02,2025-09-19T10:34:43.307000Z,0.075001671467,2025-09-19 12:34:43.307,11.258611111111
Long Yeast Grow,pioreactor02,2025-09-19T10:34:48.308000Z,0.0750085134,2025-09-19 12:34:48.308,11.26
Long Yeast Grow,pioreactor02,2025-09-19T10:35:18.306000Z,0.074990358905,2025-09-19 12:35:18.306,11.268333333333
Long Yeast Grow,pioreactor02,2025-09-19T10:35:43.309000Z,0.075003128755,2025-09-19 12:35:43.309,11.275277777778
Long Yeast Grow,pioreactor02,2025-09-19T10:36:48.307000Z,0.07499434665,2025-09-19 12:36:48.307,11.293333333333
Long Yeast Grow,pioreactor02,2025-09-19T10:36:53.307000Z,0.075006967985,2025-09-19 12:36:53.307,11.294722222222
Long Yeast Grow,pioreactor02,2025-09-19T10:36:58.306000Z,0.074980686106,2025-09-19 12:36:58.306,11.296111111111
Long Yeast Grow,pioreactor02,2025-09-19T10:37:28.310000Z,0.07499860185,2025-09-19 12:37:28.310,11.304444444444
Long Yeast Grow,pioreactor02,2025-09-19T10:37:33.307000Z,0.074992326115,2025-09-19 12:37:33.307,11.305833333333
Long Yeast Grow,pioreactor02,2025-09-19T10:37:53.305000Z,0.074988378433,2025-09-19 12:37:53.305,11.311388888889
Long Yeast Grow,pioreactor02,2025-09-19T10:38:03.306000Z,0.074980217458,2025-09-19 12:38:03.306,11.314166666667
Long Yeast Grow,pioreactor02,2025-09-19T10:38:43.307000Z,0.074988623662,2025-09-19 12:38:43.307,11.325277777778
Long Yeast Grow,pioreactor02,2025-09-19T10:38:48.306000Z,0.074990377485,2025-09-19 12:38:48.306,11.326666666667
Long Yeast Grow,pioreactor02,2025-09-19T10:39:18.306000Z,0.074981957244,2025-09-19 12:39:18.306,11.335
Long Yeast Grow,pioreactor02,2025-09-19T10:40:53.306000Z,0.074989568014,2025-09-19 12:40:53.306,11.361388888889
Long Yeast Grow,pioreactor02,2025-09-19T10:42:03.307000Z,0.075042977753,2025-09-19 12:42:03.307,11.380833333333
Long Yeast Grow,pioreactor02,2025-09-19T10:42:08.307000Z,0.075041426108,2025-09-19 12:42:08.307,11.382222222222
Long Yeast Grow,pioreactor02,2025-09-19T10:42:13.307000Z,0.075047251307,2025-09-19 12:42:13.307,11.383611111111
Long Yeast Grow,pioreactor02,2025-09-19T10:42:18.307000Z,0.075044389217,2025-09-19 12:42:18.307,11.385
Long Yeast Grow,pioreactor02,2025-09-19T10:42:38.307000Z,0.075027388063,2025-09-19 12:42:38.307,11.390555555556
Long Yeast Grow,pioreactor02,2025-09-19T10:42:48.308000Z,0.075031102593,2025-09-19 12:42:48.308,11.393333333333
Long Yeast Grow,pioreactor02,2025-09-19T10:43:43.306000Z,0.075053575883,2025-09-19 12:43:43.306,11.408611111111
Long Yeast Grow,pioreactor02,2025-09-19T10:43:48.307000Z,0.075066419505,2025-09-19 12:43:48.307,11.41
Long Yeast Grow,pioreactor02,2025-09-19T10:43:58.306000Z,0.075054617633,2025-09-19 12:43:58.306,11.412777777778
Long Yeast Grow,pioreactor02,2025-09-19T10:44:33.306000Z,0.075056907996,2025-09-19 12:44:33.306,11.4225
Long Yeast Grow,pioreactor02,2025-09-19T10:45:48.307000Z,0.075061395089,2025-09-19 12:45:48.307,11.443333333333
Long Yeast Grow,pioreactor02,2025-09-19T10:46:28.308000Z,0.07504958037,2025-09-19 12:46:28.308,11.454444444444
Long Yeast Grow,pioreactor02,2025-09-19T10:46:33.308000Z,0.075052458313,2025-09-19 12:46:33.308,11.455833333333
Long Yeast Grow,pioreactor02,2025-09-19T10:46:38.305000Z,0.075048096101,2025-09-19 12:46:38.305,11.457222222222
Long Yeast Grow,pioreactor02,2025-09-19T10:46:58.307000Z,0.075051168721,2025-09-19 12:46:58.307,11.462777777778
Long Yeast Grow,pioreactor02,2025-09-19T10:47:23.307000Z,0.075030233512,2025-09-19 12:47:23.307,11.469722222222
Long Yeast Grow,pioreactor02,2025-09-19T10:47:33.306000Z,0.075026182142,2025-09-19 12:47:33.306,11.4725
Long Yeast Grow,pioreactor02,2025-09-19T10:48:33.308000Z,0.075046644069,2025-09-19 12:48:33.308,11.489166666667
Long Yeast Grow,pioreactor02,2025-09-19T10:48:43.306000Z,0.075045572165,2025-09-19 12:48:43.306,11.491944444444
Long Yeast Grow,pioreactor02,2025-09-19T10:49:08.307000Z,0.075034926987,2025-09-19 12:49:08.307,11.498888888889
Long Yeast Grow,pioreactor02,2025-09-19T10:50:38.310000Z,0.074995710826,2025-09-19 12:50:38.310,11.523888888889
Long Yeast Grow,pioreactor02,2025-09-19T10:50:48.306000Z,0.074993326224,2025-09-19 12:50:48.306,11.526666666667
Long Yeast Grow,pioreactor02,2025-09-19T10:51:03.306000Z,0.074991170742,2025-09-19 12:51:03.306,11.530833333333
Long Yeast Grow,pioreactor02,2025-09-19T10:51:48.307000Z,0.075010583647,2025-09-19 12:51:48.307,11.543333333333
Long Yeast Grow,pioreactor02,2025-09-19T10:52:13.309000Z,0.075022396044,2025-09-19 12:52:13.309,11.550277777778
Long Yeast Grow,pioreactor02,2025-09-19T10:52:18.310000Z,0.075036044209,2025-09-19 12:52:18.310,11.551666666667
Long Yeast Grow,pioreactor02,2025-09-19T10:55:38.308000Z,0.075006473921,2025-09-19 12:55:38.308,11.607222222222
Long Yeast Grow,pioreactor02,2025-09-19T10:57:08.306000Z,0.07503659352,2025-09-19 12:57:08.306,11.632222222222
Long Yeast Grow,pioreactor02,2025-09-19T10:58:08.306000Z,0.075062840206,2025-09-19 12:58:08.306,11.648888888889
Long Yeast Grow,pioreactor02,2025-09-19T10:58:28.307000Z,0.075063450139,2025-09-19 12:58:28.307,11.654444444444
Long Yeast Grow,pioreactor02,2025-09-19T10:58:43.308000Z,0.075038591526,2025-09-19 12:58:43.308,11.658611111111
Long Yeast Grow,pioreactor02,2025-09-19T10:58:58.307000Z,0.075046222613,2025-09-19 12:58:58.307,11.662777777778
Long Yeast Grow,pioreactor02,2025-09-19T10:59:03.311000Z,0.075047781412,2025-09-19 12:59:03.311,11.664166666667
Long Yeast Grow,pioreactor02,2025-09-19T10:59:48.307000Z,0.07505949059,2025-09-19 12:59:48.307,11.676666666667
Long Yeast Grow,pioreactor02,2025-09-19T11:00:13.306000Z,0.075045204194,2025-09-19 13:00:13.306,11.683611111111
Long Yeast Grow,pioreactor02,2025-09-19T11:00:38.306000Z,0.07505011733,2025-09-19 13:00:38.306,11.690555555556
Long Yeast Grow,pioreactor02,2025-09-19T11:01:33.305000Z,0.075046564356,2025-09-19 13:01:33.305,11.705833333333
Long Yeast Grow,pioreactor02,2025-09-19T11:01:38.305000Z,0.0750478634,2025-09-19 13:01:38.305,11.707222222222
Long Yeast Grow,pioreactor02,2025-09-19T11:01:48.306000Z,0.075027130177,2025-09-19 13:01:48.306,11.71
Long Yeast Grow,pioreactor02,2025-09-19T11:02:23.306000Z,0.075016168677,2025-09-19 13:02:23.306,11.719722222222
Long Yeast Grow,pioreactor02,2025-09-19T11:02:53.306000Z,0.075014849563,2025-09-19 13:02:53.306,11.728055555556
Long Yeast Grow,pioreactor02,2025-09-19T11:03:03.306000Z,0.075029917121,2025-09-19 13:03:03.306,11.730833333333
Long Yeast Grow,pioreactor02,2025-09-19T11:03:13.306000Z,0.075008979921,2025-09-19 13:03:13.306,11.733611111111
Long Yeast Grow,pioreactor02,2025-09-19T11:03:18.306000Z,0.075012349189,2025-09-19 13:03:18.306,11.735
Long Yeast Grow,pioreactor02,2025-09-19T11:03:28.307000Z,0.075010695145,2025-09-19 13:03:28.307,11.737777777778
Long Yeast Grow,pioreactor02,2025-09-19T11:04:08.307000Z,0.075019952535,2025-09-19 13:04:08.307,11.748888888889
Long Yeast Grow,pioreactor02,2025-09-19T11:04:33.306000Z,0.075013832833,2025-09-19 13:04:33.306,11.755833333333
Long Yeast Grow,pioreactor02,2025-09-19T11:05:08.306000Z,0.075040037648,2025-09-19 13:05:08.306,11.765555555556
Long Yeast Grow,pioreactor02,2025-09-19T11:06:13.305000Z,0.075024420163,2025-09-19 13:06:13.305,11.783611111111
Long Yeast Grow,pioreactor02,2025-09-19T11:07:43.306000Z,0.075038660227,2025-09-19 13:07:43.306,11.808611111111
Long Yeast Grow,pioreactor02,2025-09-19T11:07:53.306000Z,0.075036499229,2025-09-19 13:07:53.306,11.811388888889
Long Yeast Grow,pioreactor02,2025-09-19T11:08:08.306000Z,0.075029321484,2025-09-19 13:08:08.306,11.815555555556
Long Yeast Grow,pioreactor02,2025-09-19T11:08:28.306000Z,0.075047151543,2025-09-19 13:08:28.306,11.821111111111
Long Yeast Grow,pioreactor02,2025-09-19T11:08:48.308000Z,0.075060536019,2025-09-19 13:08:48.308,11.826666666667
Long Yeast Grow,pioreactor02,2025-09-19T11:08:58.309000Z,0.075059001392,2025-09-19 13:08:58.309,11.829444444444
Long Yeast Grow,pioreactor02,2025-09-19T11:09:08.308000Z,0.075050112776,2025-09-19 13:09:08.308,11.832222222222
Long Yeast Grow,pioreactor02,2025-09-19T11:09:23.307000Z,0.07505658453,2025-09-19 13:09:23.307,11.836388888889
Long Yeast Grow,pioreactor02,2025-09-19T11:09:58.306000Z,0.07503895975,2025-09-19 13:09:58.306,11.846111111111
Long Yeast Grow,pioreactor02,2025-09-19T11:10:28.308000Z,0.075015144473,2025-09-19 13:10:28.308,11.854444444444
Long Yeast Grow,pioreactor02,2025-09-19T11:10:58.306000Z,0.075006237086,2025-09-19 13:10:58.306,11.862777777778
Long Yeast Grow,pioreactor02,2025-09-19T11:11:33.306000Z,0.075044200937,2025-09-19 13:11:33.306,11.8725
Long Yeast Grow,pioreactor02,2025-09-19T11:12:38.306000Z,0.075074601186,2025-09-19 13:12:38.306,11.890555555556
Long Yeast Grow,pioreactor02,2025-09-19T11:13:23.306000Z,0.075046661889,2025-09-19 13:13:23.306,11.903055555556
Long Yeast Grow,pioreactor02,2025-09-19T11:13:43.306000Z,0.075060554059,2025-09-19 13:13:43.306,11.908611111111
Long Yeast Grow,pioreactor02,2025-09-19T11:14:33.308000Z,0.075034985894,2025-09-19 13:14:33.308,11.9225
Long Yeast Grow,pioreactor02,2025-09-19T11:15:03.306000Z,0.075038180154,2025-09-19 13:15:03.306,11.930833333333
Long Yeast Grow,pioreactor02,2025-09-19T11:16:03.308000Z,0.075044167255,2025-09-19 13:16:03.308,11.9475
Long Yeast Grow,pioreactor02,2025-09-19T11:16:48.308000Z,0.075049783607,2025-09-19 13:16:48.308,11.96
Long Yeast Grow,pioreactor02,2025-09-19T11:18:13.307000Z,0.075022918527,2025-09-19 13:18:13.307,11.983611111111
Long Yeast Grow,pioreactor02,2025-09-19T11:18:53.305000Z,0.074991499078,2025-09-19 13:18:53.305,11.994722222222
Long Yeast Grow,pioreactor02,2025-09-19T11:20:03.306000Z,0.075036846506,2025-09-19 13:20:03.306,12.014166666667
Long Yeast Grow,pioreactor02,2025-09-19T11:21:18.307000Z,0.074999275859,2025-09-19 13:21:18.307,12.035
Long Yeast Grow,pioreactor02,2025-09-19T11:21:53.306000Z,0.074985019085,2025-09-19 13:21:53.306,12.044722222222
Long Yeast Grow,pioreactor02,2025-09-19T11:21:58.306000Z,0.074989249376,2025-09-19 13:21:58.306,12.046111111111
Long Yeast Grow,pioreactor02,2025-09-19T11:22:13.307000Z,0.074996373941,2025-09-19 13:22:13.307,12.050277777778
Long Yeast Grow,pioreactor02,2025-09-19T11:22:33.306000Z,0.074980617278,2025-09-19 13:22:33.306,12.055833333333
Long Yeast Grow,pioreactor02,2025-09-19T11:23:03.306000Z,0.074999148545,2025-09-19 13:23:03.306,12.064166666667
Long Yeast Grow,pioreactor02,2025-09-19T11:23:23.307000Z,0.075016968734,2025-09-19 13:23:23.307,12.069722222222
Long Yeast Grow,pioreactor02,2025-09-19T11:23:33.307000Z,0.075027868637,2025-09-19 13:23:33.307,12.0725
Long Yeast Grow,pioreactor02,2025-09-19T11:23:58.306000Z,0.075040483828,2025-09-19 13:23:58.306,12.079444444444
Long Yeast Grow,pioreactor02,2025-09-19T11:24:18.307000Z,0.075036462617,2025-09-19 13:24:18.307,12.085
Long Yeast Grow,pioreactor02,2025-09-19T11:24:28.307000Z,0.075038229996,2025-09-19 13:24:28.307,12.087777777778
Long Yeast Grow,pioreactor02,2025-09-19T11:24:43.306000Z,0.075029686027,2025-09-19 13:24:43.306,12.091944444444
Long Yeast Grow,pioreactor02,2025-09-19T11:25:38.310000Z,0.074988579786,2025-09-19 13:25:38.310,12.107222222222
Long Yeast Grow,pioreactor02,2025-09-19T11:25:48.307000Z,0.07498706692,2025-09-19 13:25:48.307,12.11
Long Yeast Grow,pioreactor02,2025-09-19T11:26:33.305000Z,0.075004128909,2025-09-19 13:26:33.305,12.1225
Long Yeast Grow,pioreactor02,2025-09-19T11:26:43.309000Z,0.074989315389,2025-09-19 13:26:43.309,12.125277777778
Long Yeast Grow,pioreactor02,2025-09-19T11:27:03.308000Z,0.074994410341,2025-09-19 13:27:03.308,12.130833333333
Long Yeast Grow,pioreactor02,2025-09-19T11:27:18.306000Z,0.074988666276,2025-09-19 13:27:18.306,12.135
Long Yeast Grow,pioreactor02,2025-09-19T11:28:33.308000Z,0.074960441055,2025-09-19 13:28:33.308,12.155833333333
Long Yeast Grow,pioreactor02,2025-09-19T11:29:33.307000Z,0.074988729407,2025-09-19 13:29:33.307,12.1725
Long Yeast Grow,pioreactor02,2025-09-19T11:31:13.306000Z,0.074997587105,2025-09-19 13:31:13.306,12.200277777778
Long Yeast Grow,pioreactor02,2025-09-19T11:31:28.306000Z,0.074977483129,2025-09-19 13:31:28.306,12.204444444444
Long Yeast Grow,pioreactor02,2025-09-19T11:32:53.306000Z,0.074983032927,2025-09-19 13:32:53.306,12.228055555556
Long Yeast Grow,pioreactor02,2025-09-19T11:34:43.307000Z,0.074982235371,2025-09-19 13:34:43.307,12.258611111111
Long Yeast Grow,pioreactor02,2025-09-19T11:35:03.306000Z,0.075021908808,2025-09-19 13:35:03.306,12.264166666667
Long Yeast Grow,pioreactor02,2025-09-19T11:35:23.307000Z,0.075000199961,2025-09-19 13:35:23.307,12.269722222222
Long Yeast Grow,pioreactor02,2025-09-19T11:36:43.306000Z,0.075009655665,2025-09-19 13:36:43.306,12.291944444444
Long Yeast Grow,pioreactor02,2025-09-19T11:37:28.306000Z,0.074989485581,2025-09-19 13:37:28.306,12.304444444444
Long Yeast Grow,pioreactor02,2025-09-19T11:37:53.308000Z,0.074976074544,2025-09-19 13:37:53.308,12.311388888889
Long Yeast Grow,pioreactor02,2025-09-19T11:39:03.305000Z,0.074989693367,2025-09-19 13:39:03.305,12.330833333333
Long Yeast Grow,pioreactor02,2025-09-19T11:40:08.306000Z,0.074947784255,2025-09-19 13:40:08.306,12.348888888889
Long Yeast Grow,pioreactor02,2025-09-19T11:40:13.306000Z,0.0749606991,2025-09-19 13:40:13.306,12.350277777778
Long Yeast Grow,pioreactor02,2025-09-19T11:40:38.306000Z,0.074951746784,2025-09-19 13:40:38.306,12.357222222222
Long Yeast Grow,pioreactor02,2025-09-19T11:41:23.305000Z,0.074980514806,2025-09-19 13:41:23.305,12.369722222222
Long Yeast Grow,pioreactor02,2025-09-19T11:42:58.308000Z,0.074945001493,2025-09-19 13:42:58.308,12.396111111111
Long Yeast Grow,pioreactor02,2025-09-19T11:43:58.306000Z,0.074966545887,2025-09-19 13:43:58.306,12.412777777778
Long Yeast Grow,pioreactor02,2025-09-19T11:44:13.308000Z,0.074965589466,2025-09-19 13:44:13.308,12.416944444444
Long Yeast Grow,pioreactor02,2025-09-19T11:44:58.307000Z,0.07500717951,2025-09-19 13:44:58.307,12.429444444444
Long Yeast Grow,pioreactor02,2025-09-19T11:45:28.306000Z,0.075006964607,2025-09-19 13:45:28.306,12.437777777778
Long Yeast Grow,pioreactor02,2025-09-19T11:46:03.305000Z,0.074991189857,2025-09-19 13:46:03.305,12.4475
Long Yeast Grow,pioreactor02,2025-09-19T11:46:28.306000Z,0.074979554266,2025-09-19 13:46:28.306,12.454444444444
Long Yeast Grow,pioreactor02,2025-09-19T11:46:33.307000Z,0.074983777839,2025-09-19 13:46:33.307,12.455833333333
Long Yeast Grow,pioreactor02,2025-09-19T11:47:43.307000Z,0.074974427579,2025-09-19 13:47:43.307,12.475277777778
Long Yeast Grow,pioreactor02,2025-09-19T11:47:48.305000Z,0.074985903081,2025-09-19 13:47:48.305,12.476666666667
Long Yeast Grow,pioreactor02,2025-09-19T11:47:53.305000Z,0.074984578223,2025-09-19 13:47:53.305,12.478055555556
Long Yeast Grow,pioreactor02,2025-09-19T11:47:58.307000Z,0.074990052261,2025-09-19 13:47:58.307,12.479444444444
Long Yeast Grow,pioreactor02,2025-09-19T11:48:08.306000Z,0.074977263951,2025-09-19 13:48:08.306,12.482222222222
Long Yeast Grow,pioreactor02,2025-09-19T11:48:13.309000Z,0.074991935286,2025-09-19 13:48:13.309,12.483611111111
Long Yeast Grow,pioreactor02,2025-09-19T11:49:28.306000Z,0.074992295735,2025-09-19 13:49:28.306,12.504444444444
Long Yeast Grow,pioreactor02,2025-09-19T11:49:33.306000Z,0.074994858102,2025-09-19 13:49:33.306,12.505833333333
Long Yeast Grow,pioreactor02,2025-09-19T11:49:43.306000Z,0.075014719164,2025-09-19 13:49:43.306,12.508611111111
Long Yeast Grow,pioreactor02,2025-09-19T11:50:28.307000Z,0.075007337365,2025-09-19 13:50:28.307,12.521111111111
Long Yeast Grow,pioreactor02,2025-09-19T11:50:48.306000Z,0.075001038168,2025-09-19 13:50:48.306,12.526666666667
Long Yeast Grow,pioreactor02,2025-09-19T11:50:53.306000Z,0.075004370491,2025-09-19 13:50:53.306,12.528055555556
Long Yeast Grow,pioreactor02,2025-09-19T11:51:08.306000Z,0.074996068346,2025-09-19 13:51:08.306,12.532222222222
Long Yeast Grow,pioreactor02,2025-09-19T11:51:13.306000Z,0.074987682641,2025-09-19 13:51:13.306,12.533611111111
Long Yeast Grow,pioreactor02,2025-09-19T11:51:28.307000Z,0.075000855082,2025-09-19 13:51:28.307,12.537777777778
Long Yeast Grow,pioreactor02,2025-09-19T11:51:43.306000Z,0.07499173277,2025-09-19 13:51:43.306,12.541944444444
Long Yeast Grow,pioreactor02,2025-09-19T11:51:58.306000Z,0.074998794647,2025-09-19 13:51:58.306,12.546111111111
Long Yeast Grow,pioreactor02,2025-09-19T11:52:38.306000Z,0.074983908304,2025-09-19 13:52:38.306,12.557222222222
Long Yeast Grow,pioreactor02,2025-09-19T11:53:33.306000Z,0.074939608825,2025-09-19 13:53:33.306,12.5725
Long Yeast Grow,pioreactor02,2025-09-19T11:53:48.306000Z,0.074939916294,2025-09-19 13:53:48.306,12.576666666667
Long Yeast Grow,pioreactor02,2025-09-19T11:54:13.305000Z,0.074966583935,2025-09-19 13:54:13.305,12.583611111111
Long Yeast Grow,pioreactor02,2025-09-19T11:55:23.310000Z,0.074936891321,2025-09-19 13:55:23.310,12.603055555556
Long Yeast Grow,pioreactor02,2025-09-19T11:57:43.308000Z,0.074958163623,2025-09-19 13:57:43.308,12.641944444444
Long Yeast Grow,pioreactor02,2025-09-19T11:58:03.308000Z,0.074958531283,2025-09-19 13:58:03.308,12.6475
Long Yeast Grow,pioreactor02,2025-09-19T12:00:08.306000Z,0.074959120873,2025-09-19 14:00:08.306,12.682222222222
Long Yeast Grow,pioreactor02,2025-09-19T12:00:23.306000Z,0.074965020915,2025-09-19 14:00:23.306,12.686388888889
Long Yeast Grow,pioreactor02,2025-09-19T12:00:48.306000Z,0.074993160254,2025-09-19 14:00:48.306,12.693333333333
Long Yeast Grow,pioreactor02,2025-09-19T12:02:08.306000Z,0.074967944091,2025-09-19 14:02:08.306,12.715555555556
Long Yeast Grow,pioreactor02,2025-09-19T12:03:13.306000Z,0.074959675833,2025-09-19 14:03:13.306,12.733611111111
Long Yeast Grow,pioreactor02,2025-09-19T12:03:28.306000Z,0.074954587073,2025-09-19 14:03:28.306,12.737777777778
Long Yeast Grow,pioreactor02,2025-09-19T12:04:23.307000Z,0.074968842398,2025-09-19 14:04:23.307,12.753055555556
Long Yeast Grow,pioreactor02,2025-09-19T12:05:13.305000Z,0.074953371298,2025-09-19 14:05:13.305,12.766944444444
Long Yeast Grow,pioreactor02,2025-09-19T12:05:18.305000Z,0.074956317508,2025-09-19 14:05:18.305,12.768333333333
Long Yeast Grow,pioreactor02,2025-09-19T12:08:18.305000Z,0.074949978693,2025-09-19 14:08:18.305,12.818333333333
Long Yeast Grow,pioreactor02,2025-09-19T12:08:48.306000Z,0.074962123178,2025-09-19 14:08:48.306,12.826666666667
Long Yeast Grow,pioreactor02,2025-09-19T12:08:53.306000Z,0.07496284428,2025-09-19 14:08:53.306,12.828055555556
Long Yeast Grow,pioreactor02,2025-09-19T12:09:13.309000Z,0.074941033972,2025-09-19 14:09:13.309,12.833611111111
Long Yeast Grow,pioreactor02,2025-09-19T12:09:28.306000Z,0.074950806984,2025-09-19 14:09:28.306,12.837777777778
Long Yeast Grow,pioreactor02,2025-09-19T12:09:53.307000Z,0.074950934287,2025-09-19 14:09:53.307,12.844722222222
Long Yeast Grow,pioreactor02,2025-09-19T12:09:58.307000Z,0.074948121448,2025-09-19 14:09:58.307,12.846111111111
Long Yeast Grow,pioreactor02,2025-09-19T12:10:08.310000Z,0.074959595219,2025-09-19 14:10:08.310,12.848888888889
Long Yeast Grow,pioreactor02,2025-09-19T12:10:58.308000Z,0.074917304576,2025-09-19 14:10:58.308,12.862777777778
Long Yeast Grow,pioreactor02,2025-09-19T12:11:28.307000Z,0.074958877618,2025-09-19 14:11:28.307,12.871111111111
Long Yeast Grow,pioreactor02,2025-09-19T12:11:48.307000Z,0.074964932345,2025-09-19 14:11:48.307,12.876666666667
Long Yeast Grow,pioreactor02,2025-09-19T12:11:53.308000Z,0.07497941794,2025-09-19 14:11:53.308,12.878055555556
Long Yeast Grow,pioreactor02,2025-09-19T12:12:38.307000Z,0.074964603692,2025-09-19 14:12:38.307,12.890555555556
Long Yeast Grow,pioreactor02,2025-09-19T12:13:13.306000Z,0.074981319071,2025-09-19 14:13:13.306,12.900277777778
Long Yeast Grow,pioreactor02,2025-09-19T12:13:23.306000Z,0.074972975514,2025-09-19 14:13:23.306,12.903055555556
Long Yeast Grow,pioreactor02,2025-09-19T12:13:43.306000Z,0.07497086618,2025-09-19 14:13:43.306,12.908611111111
Long Yeast Grow,pioreactor02,2025-09-19T12:13:58.306000Z,0.074958888922,2025-09-19 14:13:58.306,12.912777777778
Long Yeast Grow,pioreactor02,2025-09-19T12:14:08.307000Z,0.074957125824,2025-09-19 14:14:08.307,12.915555555556
Long Yeast Grow,pioreactor02,2025-09-19T12:14:33.306000Z,0.074960659863,2025-09-19 14:14:33.306,12.9225
Long Yeast Grow,pioreactor02,2025-09-19T12:14:58.306000Z,0.074957993837,2025-09-19 14:14:58.306,12.929444444444
Long Yeast Grow,pioreactor02,2025-09-19T12:16:33.307000Z,0.074950122366,2025-09-19 14:16:33.307,12.955833333333
Long Yeast Grow,pioreactor02,2025-09-19T12:16:43.306000Z,0.074952312341,2025-09-19 14:16:43.306,12.958611111111
Long Yeast Grow,pioreactor02,2025-09-19T12:17:08.306000Z,0.074936709852,2025-09-19 14:17:08.306,12.965555555556
Long Yeast Grow,pioreactor02,2025-09-19T12:17:23.305000Z,0.074949238036,2025-09-19 14:17:23.305,12.969722222222
Long Yeast Grow,pioreactor02,2025-09-19T12:18:03.307000Z,0.074973502279,2025-09-19 14:18:03.307,12.980833333333
Long Yeast Grow,pioreactor02,2025-09-19T12:18:13.308000Z,0.074977524,2025-09-19 14:18:13.308,12.983611111111
Long Yeast Grow,pioreactor02,2025-09-19T12:18:23.306000Z,0.074985658528,2025-09-19 14:18:23.306,12.986388888889
Long Yeast Grow,pioreactor02,2025-09-19T12:18:28.308000Z,0.074965349105,2025-09-19 14:18:28.308,12.987777777778
Long Yeast Grow,pioreactor02,2025-09-19T12:18:33.308000Z,0.074955439674,2025-09-19 14:18:33.308,12.989166666667
Long Yeast Grow,pioreactor02,2025-09-19T12:19:03.306000Z,0.074956788401,2025-09-19 14:19:03.306,12.9975
Long Yeast Grow,pioreactor02,2025-09-19T12:20:08.306000Z,0.075004829206,2025-09-19 14:20:08.306,13.015555555556
Long Yeast Grow,pioreactor02,2025-09-19T12:20:38.306000Z,0.074972236296,2025-09-19 14:20:38.306,13.023888888889
Long Yeast Grow,pioreactor02,2025-09-19T12:21:43.306000Z,0.074985479481,2025-09-19 14:21:43.306,13.041944444444
Long Yeast Grow,pioreactor02,2025-09-19T12:21:58.307000Z,0.07498955818,2025-09-19 14:21:58.307,13.046111111111
Long Yeast Grow,pioreactor02,2025-09-19T12:22:13.306000Z,0.074993297105,2025-09-19 14:22:13.306,13.050277777778
Long Yeast Grow,pioreactor02,2025-09-19T12:23:13.306000Z,0.074949564263,2025-09-19 14:23:13.306,13.066944444444
Long Yeast Grow,pioreactor02,2025-09-19T12:23:53.306000Z,0.074949309325,2025-09-19 14:23:53.306,13.078055555556
Long Yeast Grow,pioreactor02,2025-09-19T12:25:08.306000Z,0.074959314471,2025-09-19 14:25:08.306,13.098888888889
Long Yeast Grow,pioreactor02,2025-09-19T12:26:23.306000Z,0.074965648268,2025-09-19 14:26:23.306,13.119722222222
Long Yeast Grow,pioreactor02,2025-09-19T12:27:53.307000Z,0.074999722259,2025-09-19 14:27:53.307,13.144722222222
Long Yeast Grow,pioreactor02,2025-09-19T12:28:03.305000Z,0.074986158635,2025-09-19 14:28:03.305,13.1475
Long Yeast Grow,pioreactor02,2025-09-19T12:29:58.307000Z,0.07500137577,2025-09-19 14:29:58.307,13.179444444444
Long Yeast Grow,pioreactor02,2025-09-19T12:30:13.308000Z,0.075008460807,2025-09-19 14:30:13.308,13.183611111111
Long Yeast Grow,pioreactor02,2025-09-19T12:30:18.308000Z,0.075001408057,2025-09-19 14:30:18.308,13.185
Long Yeast Grow,pioreactor02,2025-09-19T12:30:33.306000Z,0.074983493302,2025-09-19 14:30:33.306,13.189166666667
Long Yeast Grow,pioreactor02,2025-09-19T12:30:43.307000Z,0.074985284103,2025-09-19 14:30:43.307,13.191944444444
Long Yeast Grow,pioreactor02,2025-09-19T12:31:23.306000Z,0.075018096396,2025-09-19 14:31:23.306,13.203055555556
Long Yeast Grow,pioreactor02,2025-09-19T12:32:03.307000Z,0.075003617853,2025-09-19 14:32:03.307,13.214166666667
Long Yeast Grow,pioreactor02,2025-09-19T12:33:08.307000Z,0.074961666281,2025-09-19 14:33:08.307,13.232222222222
Long Yeast Grow,pioreactor02,2025-09-19T12:33:18.308000Z,0.074980606323,2025-09-19 14:33:18.308,13.235
Long Yeast Grow,pioreactor02,2025-09-19T12:35:58.306000Z,0.075002799527,2025-09-19 14:35:58.306,13.279444444444
Long Yeast Grow,pioreactor02,2025-09-19T12:36:03.308000Z,0.074986013835,2025-09-19 14:36:03.308,13.280833333333
Long Yeast Grow,pioreactor02,2025-09-19T12:36:13.306000Z,0.074967470241,2025-09-19 14:36:13.306,13.283611111111
Long Yeast Grow,pioreactor02,2025-09-19T12:36:18.307000Z,0.074981052517,2025-09-19 14:36:18.307,13.285
Long Yeast Grow,pioreactor02,2025-09-19T12:36:33.306000Z,0.074958879658,2025-09-19 14:36:33.306,13.289166666667
Long Yeast Grow,pioreactor02,2025-09-19T12:36:53.306000Z,0.074983203083,2025-09-19 14:36:53.306,13.294722222222
Long Yeast Grow,pioreactor02,2025-09-19T12:37:13.306000Z,0.074952069815,2025-09-19 14:37:13.306,13.300277777778
Long Yeast Grow,pioreactor02,2025-09-19T12:37:18.309000Z,0.074957714344,2025-09-19 14:37:18.309,13.301666666667
Long Yeast Grow,pioreactor02,2025-09-19T12:37:38.307000Z,0.074968704542,2025-09-19 14:37:38.307,13.307222222222
Long Yeast Grow,pioreactor02,2025-09-19T12:37:43.306000Z,0.074952918298,2025-09-19 14:37:43.306,13.308611111111
Long Yeast Grow,pioreactor02,2025-09-19T12:40:03.307000Z,0.074960468752,2025-09-19 14:40:03.307,13.3475
Long Yeast Grow,pioreactor02,2025-09-19T12:40:53.306000Z,0.074959131688,2025-09-19 14:40:53.306,13.361388888889
Long Yeast Grow,pioreactor02,2025-09-19T12:41:48.307000Z,0.074946675743,2025-09-19 14:41:48.307,13.376666666667
Long Yeast Grow,pioreactor02,2025-09-19T12:42:08.305000Z,0.074962253109,2025-09-19 14:42:08.305,13.382222222222
Long Yeast Grow,pioreactor02,2025-09-19T12:42:18.307000Z,0.074970713659,2025-09-19 14:42:18.307,13.385
Long Yeast Grow,pioreactor02,2025-09-19T12:42:38.305000Z,0.074975116928,2025-09-19 14:42:38.305,13.390555555556
Long Yeast Grow,pioreactor02,2025-09-19T12:42:48.307000Z,0.074982057133,2025-09-19 14:42:48.307,13.393333333333
Long Yeast Grow,pioreactor02,2025-09-19T12:43:33.306000Z,0.074979716001,2025-09-19 14:43:33.306,13.405833333333
Long Yeast Grow,pioreactor02,2025-09-19T12:43:38.307000Z,0.074974530951,2025-09-19 14:43:38.307,13.407222222222
Long Yeast Grow,pioreactor02,2025-09-19T12:44:33.306000Z,0.074981708741,2025-09-19 14:44:33.306,13.4225
Long Yeast Grow,pioreactor02,2025-09-19T12:44:38.306000Z,0.074976271277,2025-09-19 14:44:38.306,13.423888888889
Long Yeast Grow,pioreactor02,2025-09-19T12:44:48.306000Z,0.074956413435,2025-09-19 14:44:48.306,13.426666666667
Long Yeast Grow,pioreactor02,2025-09-19T12:45:18.306000Z,0.07494123658,2025-09-19 14:45:18.306,13.435
Long Yeast Grow,pioreactor02,2025-09-19T12:45:43.310000Z,0.074963316252,2025-09-19 14:45:43.310,13.441944444444
Long Yeast Grow,pioreactor02,2025-09-19T12:45:53.306000Z,0.074933467503,2025-09-19 14:45:53.306,13.444722222222
Long Yeast Grow,pioreactor02,2025-09-19T12:46:33.306000Z,0.074938398442,2025-09-19 14:46:33.306,13.455833333333
Long Yeast Grow,pioreactor02,2025-09-19T12:46:38.307000Z,0.074938297738,2025-09-19 14:46:38.307,13.457222222222
Long Yeast Grow,pioreactor02,2025-09-19T12:46:58.307000Z,0.074936331995,2025-09-19 14:46:58.307,13.462777777778
Long Yeast Grow,pioreactor02,2025-09-19T12:47:08.306000Z,0.074939482987,2025-09-19 14:47:08.306,13.465555555556
Long Yeast Grow,pioreactor02,2025-09-19T12:47:48.306000Z,0.074952948085,2025-09-19 14:47:48.306,13.476666666667
Long Yeast Grow,pioreactor02,2025-09-19T12:48:13.309000Z,0.074950694783,2025-09-19 14:48:13.309,13.483611111111
Long Yeast Grow,pioreactor02,2025-09-19T12:48:18.305000Z,0.074952605834,2025-09-19 14:48:18.305,13.485
Long Yeast Grow,pioreactor02,2025-09-19T12:48:28.310000Z,0.074951397288,2025-09-19 14:48:28.310,13.487777777778
Long Yeast Grow,pioreactor02,2025-09-19T12:49:13.307000Z,0.074957985139,2025-09-19 14:49:13.307,13.500277777778
Long Yeast Grow,pioreactor02,2025-09-19T12:49:18.307000Z,0.074956454425,2025-09-19 14:49:18.307,13.501666666667
Long Yeast Grow,pioreactor02,2025-09-19T12:49:38.306000Z,0.074956102208,2025-09-19 14:49:38.306,13.507222222222
Long Yeast Grow,pioreactor02,2025-09-19T12:50:08.306000Z,0.074945848465,2025-09-19 14:50:08.306,13.515555555556
Long Yeast Grow,pioreactor02,2025-09-19T12:50:28.307000Z,0.074964810137,2025-09-19 14:50:28.307,13.521111111111
Long Yeast Grow,pioreactor02,2025-09-19T12:50:48.308000Z,0.074952499277,2025-09-19 14:50:48.308,13.526666666667
Long Yeast Grow,pioreactor02,2025-09-19T12:51:23.306000Z,0.07495595494,2025-09-19 14:51:23.306,13.536388888889
Long Yeast Grow,pioreactor02,2025-09-19T12:51:38.306000Z,0.074962213191,2025-09-19 14:51:38.306,13.540555555556
Long Yeast Grow,pioreactor02,2025-09-19T12:51:43.307000Z,0.074965464482,2025-09-19 14:51:43.307,13.541944444444
Long Yeast Grow,pioreactor02,2025-09-19T12:51:48.306000Z,0.074966979684,2025-09-19 14:51:48.306,13.543333333333
Long Yeast Grow,pioreactor02,2025-09-19T12:51:53.307000Z,0.074962872195,2025-09-19 14:51:53.307,13.544722222222
Long Yeast Grow,pioreactor02,2025-09-19T12:51:58.306000Z,0.074964014746,2025-09-19 14:51:58.306,13.546111111111
Long Yeast Grow,pioreactor02,2025-09-19T12:52:23.307000Z,0.074931261026,2025-09-19 14:52:23.307,13.553055555556
Long Yeast Grow,pioreactor02,2025-09-19T12:52:48.306000Z,0.074949648835,2025-09-19 14:52:48.306,13.56
Long Yeast Grow,pioreactor02,2025-09-19T12:53:43.307000Z,0.074934709956,2025-09-19 14:53:43.307,13.575277777778
Long Yeast Grow,pioreactor02,2025-09-19T12:55:08.306000Z,0.074982188006,2025-09-19 14:55:08.306,13.598888888889
Long Yeast Grow,pioreactor02,2025-09-19T12:55:43.307000Z,0.074988394081,2025-09-19 14:55:43.307,13.608611111111
Long Yeast Grow,pioreactor02,2025-09-19T12:57:28.307000Z,0.07499558819,2025-09-19 14:57:28.307,13.637777777778
Long Yeast Grow,pioreactor02,2025-09-19T12:58:28.306000Z,0.074998333207,2025-09-19 14:58:28.306,13.654444444444
Long Yeast Grow,pioreactor02,2025-09-19T13:00:33.307000Z,0.074943056011,2025-09-19 15:00:33.307,13.689166666667
Long Yeast Grow,pioreactor02,2025-09-19T13:00:43.309000Z,0.074953439299,2025-09-19 15:00:43.309,13.691944444444
Long Yeast Grow,pioreactor02,2025-09-19T13:01:23.306000Z,0.074947514114,2025-09-19 15:01:23.306,13.703055555556
Long Yeast Grow,pioreactor02,2025-09-19T13:02:08.309000Z,0.074981826338,2025-09-19 15:02:08.309,13.715555555556
Long Yeast Grow,pioreactor02,2025-09-19T13:02:43.307000Z,0.074979343409,2025-09-19 15:02:43.307,13.725277777778
Long Yeast Grow,pioreactor02,2025-09-19T13:04:18.306000Z,0.074978969433,2025-09-19 15:04:18.306,13.751666666667
Long Yeast Grow,pioreactor02,2025-09-19T13:06:18.306000Z,0.074969168424,2025-09-19 15:06:18.306,13.785
Long Yeast Grow,pioreactor02,2025-09-19T13:06:48.310000Z,0.074929226835,2025-09-19 15:06:48.310,13.793333333333
Long Yeast Grow,pioreactor02,2025-09-19T13:06:58.308000Z,0.074936967507,2025-09-19 15:06:58.308,13.796111111111
Long Yeast Grow,pioreactor02,2025-09-19T13:07:33.307000Z,0.074979915677,2025-09-19 15:07:33.307,13.805833333333
Long Yeast Grow,pioreactor02,2025-09-19T13:07:38.307000Z,0.074969257949,2025-09-19 15:07:38.307,13.807222222222
Long Yeast Grow,pioreactor02,2025-09-19T13:08:18.306000Z,0.074980402551,2025-09-19 15:08:18.306,13.818333333333
Long Yeast Grow,pioreactor02,2025-09-19T13:08:48.307000Z,0.075003384985,2025-09-19 15:08:48.307,13.826666666667
Long Yeast Grow,pioreactor02,2025-09-19T13:09:08.308000Z,0.074976811166,2025-09-19 15:09:08.308,13.832222222222
Long Yeast Grow,pioreactor02,2025-09-19T13:09:13.309000Z,0.074979167199,2025-09-19 15:09:13.309,13.833611111111
Long Yeast Grow,pioreactor02,2025-09-19T13:09:18.308000Z,0.074971851909,2025-09-19 15:09:18.308,13.835
Long Yeast Grow,pioreactor02,2025-09-19T13:09:48.306000Z,0.074986552493,2025-09-19 15:09:48.306,13.843333333333
Long Yeast Grow,pioreactor02,2025-09-19T13:10:53.306000Z,0.07497357146,2025-09-19 15:10:53.306,13.861388888889
Long Yeast Grow,pioreactor02,2025-09-19T13:11:03.307000Z,0.074962972691,2025-09-19 15:11:03.307,13.864166666667
Long Yeast Grow,pioreactor02,2025-09-19T13:11:48.307000Z,0.075004329094,2025-09-19 15:11:48.307,13.876666666667
Long Yeast Grow,pioreactor02,2025-09-19T13:12:03.307000Z,0.074993955312,2025-09-19 15:12:03.307,13.880833333333
Long Yeast Grow,pioreactor02,2025-09-19T13:12:08.306000Z,0.07498411315,2025-09-19 15:12:08.306,13.882222222222
Long Yeast Grow,pioreactor02,2025-09-19T13:12:28.306000Z,0.074981185137,2025-09-19 15:12:28.306,13.887777777778
Long Yeast Grow,pioreactor02,2025-09-19T13:12:33.306000Z,0.074986538523,2025-09-19 15:12:33.306,13.889166666667
Long Yeast Grow,pioreactor02,2025-09-19T13:12:53.306000Z,0.075001342842,2025-09-19 15:12:53.306,13.894722222222
Long Yeast Grow,pioreactor02,2025-09-19T13:13:43.306000Z,0.074990602626,2025-09-19 15:13:43.306,13.908611111111
Long Yeast Grow,pioreactor02,2025-09-19T13:13:58.305000Z,0.074982522045,2025-09-19 15:13:58.305,13.912777777778
Long Yeast Grow,pioreactor02,2025-09-19T13:17:18.306000Z,0.074979005148,2025-09-19 15:17:18.306,13.968333333333
Long Yeast Grow,pioreactor02,2025-09-19T13:17:53.306000Z,0.074986189056,2025-09-19 15:17:53.306,13.978055555556
Long Yeast Grow,pioreactor02,2025-09-19T13:18:23.306000Z,0.075000819256,2025-09-19 15:18:23.306,13.986388888889
Long Yeast Grow,pioreactor02,2025-09-19T13:19:28.306000Z,0.075024232569,2025-09-19 15:19:28.306,14.004444444444
Long Yeast Grow,pioreactor02,2025-09-19T13:19:38.305000Z,0.075026136626,2025-09-19 15:19:38.305,14.007222222222
Long Yeast Grow,pioreactor02,2025-09-19T13:19:58.306000Z,0.075007928646,2025-09-19 15:19:58.306,14.012777777778
Long Yeast Grow,pioreactor02,2025-09-19T13:21:33.308000Z,0.075023729886,2025-09-19 15:21:33.308,14.039166666667
Long Yeast Grow,pioreactor02,2025-09-19T13:21:48.307000Z,0.075016341527,2025-09-19 15:21:48.307,14.043333333333
Long Yeast Grow,pioreactor02,2025-09-19T13:22:48.306000Z,0.074992870308,2025-09-19 15:22:48.306,14.06
Long Yeast Grow,pioreactor02,2025-09-19T13:23:03.307000Z,0.074995670475,2025-09-19 15:23:03.307,14.064166666667
Long Yeast Grow,pioreactor02,2025-09-19T13:23:13.306000Z,0.074988558999,2025-09-19 15:23:13.306,14.066944444444
Long Yeast Grow,pioreactor02,2025-09-19T13:23:18.307000Z,0.074994299869,2025-09-19 15:23:18.307,14.068333333333
Long Yeast Grow,pioreactor02,2025-09-19T13:23:33.309000Z,0.074999183584,2025-09-19 15:23:33.309,14.0725
Long Yeast Grow,pioreactor02,2025-09-19T13:23:38.306000Z,0.074996987696,2025-09-19 15:23:38.306,14.073888888889
Long Yeast Grow,pioreactor02,2025-09-19T13:24:43.306000Z,0.075035910738,2025-09-19 15:24:43.306,14.091944444444
Long Yeast Grow,pioreactor02,2025-09-19T13:24:48.308000Z,0.075037939344,2025-09-19 15:24:48.308,14.093333333333
Long Yeast Grow,pioreactor02,2025-09-19T13:26:18.307000Z,0.075036878752,2025-09-19 15:26:18.307,14.118333333333
Long Yeast Grow,pioreactor02,2025-09-19T13:26:43.305000Z,0.075019068419,2025-09-19 15:26:43.305,14.125277777778
Long Yeast Grow,pioreactor02,2025-09-19T13:28:08.309000Z,0.074994812046,2025-09-19 15:28:08.309,14.148888888889
Long Yeast Grow,pioreactor02,2025-09-19T13:28:13.307000Z,0.075002713381,2025-09-19 15:28:13.307,14.150277777778
Long Yeast Grow,pioreactor02,2025-09-19T13:29:13.306000Z,0.074960366571,2025-09-19 15:29:13.306,14.166944444444
Long Yeast Grow,pioreactor02,2025-09-19T13:29:53.306000Z,0.074973396018,2025-09-19 15:29:53.306,14.178055555556
Long Yeast Grow,pioreactor02,2025-09-19T13:30:28.306000Z,0.074982271287,2025-09-19 15:30:28.306,14.187777777778
Long Yeast Grow,pioreactor02,2025-09-19T13:30:38.307000Z,0.074976611163,2025-09-19 15:30:38.307,14.190555555556
Long Yeast Grow,pioreactor02,2025-09-19T13:31:03.306000Z,0.074958756263,2025-09-19 15:31:03.306,14.1975
Long Yeast Grow,pioreactor02,2025-09-19T13:31:48.307000Z,0.074974257954,2025-09-19 15:31:48.307,14.21
Long Yeast Grow,pioreactor02,2025-09-19T13:32:13.306000Z,0.074965093603,2025-09-19 15:32:13.306,14.216944444444
Long Yeast Grow,pioreactor02,2025-09-19T13:32:28.309000Z,0.07497243658,2025-09-19 15:32:28.309,14.221111111111
Long Yeast Grow,pioreactor02,2025-09-19T13:32:58.307000Z,0.075014021344,2025-09-19 15:32:58.307,14.229444444444
Long Yeast Grow,pioreactor02,2025-09-19T13:33:18.306000Z,0.074977369232,2025-09-19 15:33:18.306,14.235
Long Yeast Grow,pioreactor02,2025-09-19T13:33:23.306000Z,0.074980271789,2025-09-19 15:33:23.306,14.236388888889
Long Yeast Grow,pioreactor02,2025-09-19T13:33:38.306000Z,0.074980000845,2025-09-19 15:33:38.306,14.240555555556
Long Yeast Grow,pioreactor02,2025-09-19T13:33:58.306000Z,0.074964148893,2025-09-19 15:33:58.306,14.246111111111
Long Yeast Grow,pioreactor02,2025-09-19T13:34:18.306000Z,0.0749816878,2025-09-19 15:34:18.306,14.251666666667
Long Yeast Grow,pioreactor02,2025-09-19T13:36:43.309000Z,0.074997763836,2025-09-19 15:36:43.309,14.291944444444
Long Yeast Grow,pioreactor02,2025-09-19T13:37:13.314000Z,0.074995892601,2025-09-19 15:37:13.314,14.300277777778
Long Yeast Grow,pioreactor02,2025-09-19T13:37:28.307000Z,0.075014034992,2025-09-19 15:37:28.307,14.304444444444
Long Yeast Grow,pioreactor02,2025-09-19T13:37:38.305000Z,0.075010325381,2025-09-19 15:37:38.305,14.307222222222
Long Yeast Grow,pioreactor02,2025-09-19T13:37:48.306000Z,0.075008305187,2025-09-19 15:37:48.306,14.31
Long Yeast Grow,pioreactor02,2025-09-19T13:38:23.306000Z,0.075006186225,2025-09-19 15:38:23.306,14.319722222222
Long Yeast Grow,pioreactor02,2025-09-19T13:39:23.309000Z,0.075000923171,2025-09-19 15:39:23.309,14.336388888889
Long Yeast Grow,pioreactor02,2025-09-19T13:39:33.305000Z,0.074988015905,2025-09-19 15:39:33.305,14.339166666667
Long Yeast Grow,pioreactor02,2025-09-19T13:40:58.307000Z,0.074980269104,2025-09-19 15:40:58.307,14.362777777778
Long Yeast Grow,pioreactor02,2025-09-19T13:41:18.306000Z,0.074961817212,2025-09-19 15:41:18.306,14.368333333333
Long Yeast Grow,pioreactor02,2025-09-19T13:41:28.307000Z,0.074948920379,2025-09-19 15:41:28.307,14.371111111111
Long Yeast Grow,pioreactor02,2025-09-19T13:42:28.305000Z,0.074989131561,2025-09-19 15:42:28.305,14.387777777778
Long Yeast Grow,pioreactor02,2025-09-19T13:43:48.306000Z,0.074964887025,2025-09-19 15:43:48.306,14.41
Long Yeast Grow,pioreactor02,2025-09-19T13:43:58.306000Z,0.074957615897,2025-09-19 15:43:58.306,14.412777777778
Long Yeast Grow,pioreactor02,2025-09-19T13:44:03.307000Z,0.074960994787,2025-09-19 15:44:03.307,14.414166666667
Long Yeast Grow,pioreactor02,2025-09-19T13:44:23.307000Z,0.074991096715,2025-09-19 15:44:23.307,14.419722222222
Long Yeast Grow,pioreactor02,2025-09-19T13:44:28.308000Z,0.074975680193,2025-09-19 15:44:28.308,14.421111111111
Long Yeast Grow,pioreactor02,2025-09-19T13:45:03.307000Z,0.075005210819,2025-09-19 15:45:03.307,14.430833333333
Long Yeast Grow,pioreactor02,2025-09-19T13:46:23.306000Z,0.074964467691,2025-09-19 15:46:23.306,14.453055555556
Long Yeast Grow,pioreactor02,2025-09-19T13:47:53.306000Z,0.074976362916,2025-09-19 15:47:53.306,14.478055555556
Long Yeast Grow,pioreactor02,2025-09-19T13:48:13.306000Z,0.074999943672,2025-09-19 15:48:13.306,14.483611111111
Long Yeast Grow,pioreactor02,2025-09-19T13:48:53.306000Z,0.07498714167,2025-09-19 15:48:53.306,14.494722222222
Long Yeast Grow,pioreactor02,2025-09-19T13:49:13.306000Z,0.074965881446,2025-09-19 15:49:13.306,14.500277777778
Long Yeast Grow,pioreactor02,2025-09-19T13:49:48.307000Z,0.074974025012,2025-09-19 15:49:48.307,14.51
Long Yeast Grow,pioreactor02,2025-09-19T13:50:38.306000Z,0.074976440784,2025-09-19 15:50:38.306,14.523888888889
Long Yeast Grow,pioreactor02,2025-09-19T13:51:38.306000Z,0.074999008844,2025-09-19 15:51:38.306,14.540555555556
Long Yeast Grow,pioreactor02,2025-09-19T13:51:43.306000Z,0.074991219509,2025-09-19 15:51:43.306,14.541944444444
Long Yeast Grow,pioreactor02,2025-09-19T13:52:13.306000Z,0.075016109331,2025-09-19 15:52:13.306,14.550277777778
Long Yeast Grow,pioreactor02,2025-09-19T13:52:53.308000Z,0.074966026006,2025-09-19 15:52:53.308,14.561388888889
Long Yeast Grow,pioreactor02,2025-09-19T13:53:13.306000Z,0.074966994286,2025-09-19 15:53:13.306,14.566944444444
Long Yeast Grow,pioreactor02,2025-09-19T13:53:18.306000Z,0.074967928518,2025-09-19 15:53:18.306,14.568333333333
Long Yeast Grow,pioreactor02,2025-09-19T13:53:33.307000Z,0.074966044048,2025-09-19 15:53:33.307,14.5725
Long Yeast Grow,pioreactor02,2025-09-19T13:54:53.305000Z,0.075012617035,2025-09-19 15:54:53.305,14.594722222222
Long Yeast Grow,pioreactor02,2025-09-19T13:55:28.306000Z,0.075016151948,2025-09-19 15:55:28.306,14.604444444444
Long Yeast Grow,pioreactor02,2025-09-19T13:56:03.310000Z,0.075020905031,2025-09-19 15:56:03.310,14.614166666667
Long Yeast Grow,pioreactor02,2025-09-19T13:56:58.307000Z,0.074989904159,2025-09-19 15:56:58.307,14.629444444444
Long Yeast Grow,pioreactor02,2025-09-19T13:57:08.309000Z,0.074985472117,2025-09-19 15:57:08.309,14.632222222222
Long Yeast Grow,pioreactor02,2025-09-19T13:57:23.306000Z,0.074965324585,2025-09-19 15:57:23.306,14.636388888889
Long Yeast Grow,pioreactor02,2025-09-19T13:57:43.306000Z,0.074978695155,2025-09-19 15:57:43.306,14.641944444444
Long Yeast Grow,pioreactor02,2025-09-19T13:57:58.307000Z,0.074964091825,2025-09-19 15:57:58.307,14.646111111111
Long Yeast Grow,pioreactor02,2025-09-19T13:58:13.306000Z,0.07497774041,2025-09-19 15:58:13.306,14.650277777778
Long Yeast Grow,pioreactor02,2025-09-19T13:58:23.306000Z,0.07498070733,2025-09-19 15:58:23.306,14.653055555556
Long Yeast Grow,pioreactor02,2025-09-19T13:59:18.306000Z,0.074983034513,2025-09-19 15:59:18.306,14.668333333333
Long Yeast Grow,pioreactor02,2025-09-19T14:00:48.307000Z,0.07496981457,2025-09-19 16:00:48.307,14.693333333333
Long Yeast Grow,pioreactor02,2025-09-19T14:01:13.306000Z,0.07498545486,2025-09-19 16:01:13.306,14.700277777778
Long Yeast Grow,pioreactor02,2025-09-19T14:01:28.306000Z,0.07498070493,2025-09-19 16:01:28.306,14.704444444444
Long Yeast Grow,pioreactor02,2025-09-19T14:01:38.308000Z,0.07498517499,2025-09-19 16:01:38.308,14.707222222222
Long Yeast Grow,pioreactor02,2025-09-19T14:01:53.308000Z,0.074985568358,2025-09-19 16:01:53.308,14.711388888889
Long Yeast Grow,pioreactor02,2025-09-19T14:02:53.305000Z,0.074952851266,2025-09-19 16:02:53.305,14.728055555556
Long Yeast Grow,pioreactor02,2025-09-19T14:03:33.306000Z,0.074962332113,2025-09-19 16:03:33.306,14.739166666667
Long Yeast Grow,pioreactor02,2025-09-19T14:05:13.307000Z,0.074963061311,2025-09-19 16:05:13.307,14.766944444444
Long Yeast Grow,pioreactor02,2025-09-19T14:05:28.306000Z,0.074959508076,2025-09-19 16:05:28.306,14.771111111111
Long Yeast Grow,pioreactor02,2025-09-19T14:06:03.306000Z,0.074958942829,2025-09-19 16:06:03.306,14.780833333333
Long Yeast Grow,pioreactor02,2025-09-19T14:06:18.307000Z,0.07496640807,2025-09-19 16:06:18.307,14.785
Long Yeast Grow,pioreactor02,2025-09-19T14:06:53.307000Z,0.074971057022,2025-09-19 16:06:53.307,14.794722222222
Long Yeast Grow,pioreactor02,2025-09-19T14:06:58.306000Z,0.07497599309,2025-09-19 16:06:58.306,14.796111111111
Long Yeast Grow,pioreactor02,2025-09-19T14:07:03.306000Z,0.074965417291,2025-09-19 16:07:03.306,14.7975
Long Yeast Grow,pioreactor02,2025-09-19T14:07:23.306000Z,0.074962019681,2025-09-19 16:07:23.306,14.803055555556
Long Yeast Grow,pioreactor02,2025-09-19T14:07:38.306000Z,0.074954371534,2025-09-19 16:07:38.306,14.807222222222
Long Yeast Grow,pioreactor02,2025-09-19T14:08:28.308000Z,0.07497362239,2025-09-19 16:08:28.308,14.821111111111
Long Yeast Grow,pioreactor02,2025-09-19T14:08:58.305000Z,0.074979438337,2025-09-19 16:08:58.305,14.829444444444
Long Yeast Grow,pioreactor02,2025-09-19T14:09:23.306000Z,0.074989381221,2025-09-19 16:09:23.306,14.836388888889
Long Yeast Grow,pioreactor02,2025-09-19T14:10:58.307000Z,0.07498027009,2025-09-19 16:10:58.307,14.862777777778
Long Yeast Grow,pioreactor02,2025-09-19T14:11:53.311000Z,0.074999738698,2025-09-19 16:11:53.311,14.878055555556
Long Yeast Grow,pioreactor02,2025-09-19T14:13:08.308000Z,0.07504658849,2025-09-19 16:13:08.308,14.898888888889
Long Yeast Grow,pioreactor02,2025-09-19T14:13:23.306000Z,0.075021098147,2025-09-19 16:13:23.306,14.903055555556
Long Yeast Grow,pioreactor02,2025-09-19T14:13:48.306000Z,0.074997025479,2025-09-19 16:13:48.306,14.91
Long Yeast Grow,pioreactor02,2025-09-19T14:14:08.305000Z,0.074980838719,2025-09-19 16:14:08.305,14.915555555556
Long Yeast Grow,pioreactor02,2025-09-19T14:14:18.306000Z,0.074984949971,2025-09-19 16:14:18.306,14.918333333333
Long Yeast Grow,pioreactor02,2025-09-19T14:14:48.306000Z,0.075001190945,2025-09-19 16:14:48.306,14.926666666667
Long Yeast Grow,pioreactor02,2025-09-19T14:15:18.308000Z,0.074999476827,2025-09-19 16:15:18.308,14.935
Long Yeast Grow,pioreactor02,2025-09-19T14:15:43.305000Z,0.074966527974,2025-09-19 16:15:43.305,14.941944444444
Long Yeast Grow,pioreactor02,2025-09-19T14:16:08.306000Z,0.074976672862,2025-09-19 16:16:08.306,14.948888888889
Long Yeast Grow,pioreactor02,2025-09-19T14:16:13.310000Z,0.074990646436,2025-09-19 16:16:13.310,14.950277777778
Long Yeast Grow,pioreactor02,2025-09-19T14:16:18.306000Z,0.074993644362,2025-09-19 16:16:18.306,14.951666666667
Long Yeast Grow,pioreactor02,2025-09-19T14:17:08.307000Z,0.07502765893,2025-09-19 16:17:08.307,14.965555555556
Long Yeast Grow,pioreactor02,2025-09-19T14:17:28.307000Z,0.075010384189,2025-09-19 16:17:28.307,14.971111111111
Long Yeast Grow,pioreactor02,2025-09-19T14:18:38.308000Z,0.075038681895,2025-09-19 16:18:38.308,14.990555555556
Long Yeast Grow,pioreactor02,2025-09-19T14:18:48.305000Z,0.075026026873,2025-09-19 16:18:48.305,14.993333333333
Long Yeast Grow,pioreactor02,2025-09-19T14:18:53.306000Z,0.075034675035,2025-09-19 16:18:53.306,14.994722222222
Long Yeast Grow,pioreactor02,2025-09-19T14:19:23.306000Z,0.07506550301,2025-09-19 16:19:23.306,15.003055555556
Long Yeast Grow,pioreactor02,2025-09-19T14:19:43.306000Z,0.075053278797,2025-09-19 16:19:43.306,15.008611111111
Long Yeast Grow,pioreactor02,2025-09-19T14:21:13.306000Z,0.075022701763,2025-09-19 16:21:13.306,15.033611111111
Long Yeast Grow,pioreactor02,2025-09-19T14:21:28.306000Z,0.075020696462,2025-09-19 16:21:28.306,15.037777777778
Long Yeast Grow,pioreactor02,2025-09-19T14:21:53.307000Z,0.075035410573,2025-09-19 16:21:53.307,15.044722222222
Long Yeast Grow,pioreactor02,2025-09-19T14:22:08.305000Z,0.075031219834,2025-09-19 16:22:08.305,15.048888888889
Long Yeast Grow,pioreactor02,2025-09-19T14:22:43.307000Z,0.075047366039,2025-09-19 16:22:43.307,15.058611111111
Long Yeast Grow,pioreactor02,2025-09-19T14:22:58.306000Z,0.075016196974,2025-09-19 16:22:58.306,15.062777777778
Long Yeast Grow,pioreactor02,2025-09-19T14:23:58.308000Z,0.075014826285,2025-09-19 16:23:58.308,15.079444444444
Long Yeast Grow,pioreactor02,2025-09-19T14:24:03.306000Z,0.075010140677,2025-09-19 16:24:03.306,15.080833333333
Long Yeast Grow,pioreactor02,2025-09-19T14:24:13.306000Z,0.075013862171,2025-09-19 16:24:13.306,15.083611111111
Long Yeast Grow,pioreactor02,2025-09-19T14:25:03.306000Z,0.075023063477,2025-09-19 16:25:03.306,15.0975
Long Yeast Grow,pioreactor02,2025-09-19T14:25:18.307000Z,0.075010591713,2025-09-19 16:25:18.307,15.101666666667
Long Yeast Grow,pioreactor02,2025-09-19T14:25:48.308000Z,0.075000145228,2025-09-19 16:25:48.308,15.11
Long Yeast Grow,pioreactor02,2025-09-19T14:27:58.308000Z,0.075017813974,2025-09-19 16:27:58.308,15.146111111111
Long Yeast Grow,pioreactor02,2025-09-19T14:28:58.307000Z,0.07497151736,2025-09-19 16:28:58.307,15.162777777778
Long Yeast Grow,pioreactor02,2025-09-19T14:29:08.306000Z,0.074963554388,2025-09-19 16:29:08.306,15.165555555556
Long Yeast Grow,pioreactor02,2025-09-19T14:29:33.306000Z,0.074953390543,2025-09-19 16:29:33.306,15.1725
Long Yeast Grow,pioreactor02,2025-09-19T14:29:38.308000Z,0.074968081739,2025-09-19 16:29:38.308,15.173888888889
Long Yeast Grow,pioreactor02,2025-09-19T14:29:53.306000Z,0.07496946424,2025-09-19 16:29:53.306,15.178055555556
Long Yeast Grow,pioreactor02,2025-09-19T14:30:33.306000Z,0.074963930175,2025-09-19 16:30:33.306,15.189166666667
Long Yeast Grow,pioreactor02,2025-09-19T14:31:13.307000Z,0.074927929452,2025-09-19 16:31:13.307,15.200277777778
Long Yeast Grow,pioreactor02,2025-09-19T14:31:48.306000Z,0.074935401825,2025-09-19 16:31:48.306,15.21
Long Yeast Grow,pioreactor02,2025-09-19T14:31:53.306000Z,0.074923477383,2025-09-19 16:31:53.306,15.211388888889
Long Yeast Grow,pioreactor02,2025-09-19T14:31:58.308000Z,0.074934976264,2025-09-19 16:31:58.308,15.212777777778
Long Yeast Grow,pioreactor02,2025-09-19T14:32:08.305000Z,0.074941461307,2025-09-19 16:32:08.305,15.215555555556
Long Yeast Grow,pioreactor02,2025-09-19T14:32:13.306000Z,0.074944008467,2025-09-19 16:32:13.306,15.216944444444
Long Yeast Grow,pioreactor02,2025-09-19T14:32:53.306000Z,0.07496530287,2025-09-19 16:32:53.306,15.228055555556
Long Yeast Grow,pioreactor02,2025-09-19T14:33:13.305000Z,0.074975337718,2025-09-19 16:33:13.305,15.233611111111
Long Yeast Grow,pioreactor02,2025-09-19T14:34:13.306000Z,0.07496274469,2025-09-19 16:34:13.306,15.250277777778
Long Yeast Grow,pioreactor02,2025-09-19T14:34:53.305000Z,0.07497112852,2025-09-19 16:34:53.305,15.261388888889
Long Yeast Grow,pioreactor02,2025-09-19T14:35:38.306000Z,0.075006746057,2025-09-19 16:35:38.306,15.273888888889
Long Yeast Grow,pioreactor02,2025-09-19T14:36:08.307000Z,0.075014598527,2025-09-19 16:36:08.307,15.282222222222
Long Yeast Grow,pioreactor02,2025-09-19T14:36:28.307000Z,0.075013333846,2025-09-19 16:36:28.307,15.287777777778
Long Yeast Grow,pioreactor02,2025-09-19T14:36:38.307000Z,0.075010085208,2025-09-19 16:36:38.307,15.290555555556
Long Yeast Grow,pioreactor02,2025-09-19T14:37:43.306000Z,0.075014266287,2025-09-19 16:37:43.306,15.308611111111
Long Yeast Grow,pioreactor02,2025-09-19T14:38:13.310000Z,0.075046531391,2025-09-19 16:38:13.310,15.316944444444
Long Yeast Grow,pioreactor02,2025-09-19T14:38:38.307000Z,0.075030923852,2025-09-19 16:38:38.307,15.323888888889
Long Yeast Grow,pioreactor02,2025-09-19T14:38:53.306000Z,0.075022523381,2025-09-19 16:38:53.306,15.328055555556
Long Yeast Grow,pioreactor02,2025-09-19T14:39:53.306000Z,0.075056563772,2025-09-19 16:39:53.306,15.344722222222
Long Yeast Grow,pioreactor02,2025-09-19T14:39:58.308000Z,0.075056710615,2025-09-19 16:39:58.308,15.346111111111
Long Yeast Grow,pioreactor02,2025-09-19T14:40:53.306000Z,0.075066329089,2025-09-19 16:40:53.306,15.361388888889
Long Yeast Grow,pioreactor02,2025-09-19T14:40:58.307000Z,0.0750594466,2025-09-19 16:40:58.307,15.362777777778
Long Yeast Grow,pioreactor02,2025-09-19T14:41:43.311000Z,0.075052955836,2025-09-19 16:41:43.311,15.375277777778
Long Yeast Grow,pioreactor02,2025-09-19T14:41:58.307000Z,0.075074011235,2025-09-19 16:41:58.307,15.379444444444
Long Yeast Grow,pioreactor02,2025-09-19T14:42:23.307000Z,0.075068428192,2025-09-19 16:42:23.307,15.386388888889
Long Yeast Grow,pioreactor02,2025-09-19T14:42:38.305000Z,0.075066558764,2025-09-19 16:42:38.305,15.390555555556
Long Yeast Grow,pioreactor02,2025-09-19T14:42:53.308000Z,0.075058944415,2025-09-19 16:42:53.308,15.394722222222
Long Yeast Grow,pioreactor02,2025-09-19T14:43:18.308000Z,0.075061979093,2025-09-19 16:43:18.308,15.401666666667
Long Yeast Grow,pioreactor02,2025-09-19T14:45:38.306000Z,0.075068426093,2025-09-19 16:45:38.306,15.440555555556
Long Yeast Grow,pioreactor02,2025-09-19T14:45:43.306000Z,0.075066298234,2025-09-19 16:45:43.306,15.441944444444
Long Yeast Grow,pioreactor02,2025-09-19T14:46:08.306000Z,0.07504430461,2025-09-19 16:46:08.306,15.448888888889
Long Yeast Grow,pioreactor02,2025-09-19T14:47:18.310000Z,0.075047825362,2025-09-19 16:47:18.310,15.468333333333
Long Yeast Grow,pioreactor02,2025-09-19T14:47:28.306000Z,0.075064610688,2025-09-19 16:47:28.306,15.471111111111
Long Yeast Grow,pioreactor02,2025-09-19T14:47:33.306000Z,0.075068499359,2025-09-19 16:47:33.306,15.4725
Long Yeast Grow,pioreactor02,2025-09-19T14:48:53.306000Z,0.075065212517,2025-09-19 16:48:53.306,15.494722222222
Long Yeast Grow,pioreactor02,2025-09-19T14:50:08.308000Z,0.074976076161,2025-09-19 16:50:08.308,15.515555555556
Long Yeast Grow,pioreactor02,2025-09-19T14:52:53.306000Z,0.075002146706,2025-09-19 16:52:53.306,15.561388888889
Long Yeast Grow,pioreactor02,2025-09-19T14:53:03.306000Z,0.075023373857,2025-09-19 16:53:03.306,15.564166666667
Long Yeast Grow,pioreactor02,2025-09-19T14:53:43.309000Z,0.075052147442,2025-09-19 16:53:43.309,15.575277777778
Long Yeast Grow,pioreactor02,2025-09-19T14:54:38.306000Z,0.075041623992,2025-09-19 16:54:38.306,15.590555555556
Long Yeast Grow,pioreactor02,2025-09-19T14:54:43.306000Z,0.075028563033,2025-09-19 16:54:43.306,15.591944444444
Long Yeast Grow,pioreactor02,2025-09-19T14:54:48.306000Z,0.07502823203,2025-09-19 16:54:48.306,15.593333333333
Long Yeast Grow,pioreactor02,2025-09-19T14:56:13.306000Z,0.075047339517,2025-09-19 16:56:13.306,15.616944444444
Long Yeast Grow,pioreactor02,2025-09-19T14:57:13.306000Z,0.07503664886,2025-09-19 16:57:13.306,15.633611111111
Long Yeast Grow,pioreactor02,2025-09-19T14:57:18.306000Z,0.075028182014,2025-09-19 16:57:18.306,15.635
Long Yeast Grow,pioreactor02,2025-09-19T14:57:58.307000Z,0.075050557368,2025-09-19 16:57:58.307,15.646111111111
Long Yeast Grow,pioreactor02,2025-09-19T14:58:13.305000Z,0.075065755822,2025-09-19 16:58:13.305,15.650277777778
Long Yeast Grow,pioreactor02,2025-09-19T14:59:53.307000Z,0.075026289206,2025-09-19 16:59:53.307,15.678055555556
Long Yeast Grow,pioreactor02,2025-09-19T15:00:08.308000Z,0.075041498092,2025-09-19 17:00:08.308,15.682222222222
Long Yeast Grow,pioreactor02,2025-09-19T15:00:23.306000Z,0.07504975387,2025-09-19 17:00:23.306,15.686388888889
Long Yeast Grow,pioreactor02,2025-09-19T15:01:08.307000Z,0.075052625702,2025-09-19 17:01:08.307,15.698888888889
Long Yeast Grow,pioreactor02,2025-09-19T15:01:28.311000Z,0.075040995566,2025-09-19 17:01:28.311,15.704444444444
Long Yeast Grow,pioreactor02,2025-09-19T15:02:28.305000Z,0.075057697033,2025-09-19 17:02:28.305,15.721111111111
Long Yeast Grow,pioreactor02,2025-09-19T15:02:33.307000Z,0.075064409159,2025-09-19 17:02:33.307,15.7225
Long Yeast Grow,pioreactor02,2025-09-19T15:03:23.306000Z,0.07503055795,2025-09-19 17:03:23.306,15.736388888889
Long Yeast Grow,pioreactor02,2025-09-19T15:03:38.306000Z,0.075029200043,2025-09-19 17:03:38.306,15.740555555556
Long Yeast Grow,pioreactor02,2025-09-19T15:04:13.306000Z,0.075013802975,2025-09-19 17:04:13.306,15.750277777778
Long Yeast Grow,pioreactor02,2025-09-19T15:04:43.309000Z,0.075001460797,2025-09-19 17:04:43.309,15.758611111111
Long Yeast Grow,pioreactor02,2025-09-19T15:05:08.308000Z,0.075013381934,2025-09-19 17:05:08.308,15.765555555556
Long Yeast Grow,pioreactor02,2025-09-19T15:05:18.306000Z,0.075031808248,2025-09-19 17:05:18.306,15.768333333333
Long Yeast Grow,pioreactor02,2025-09-19T15:05:38.306000Z,0.075029187206,2025-09-19 17:05:38.306,15.773888888889
Long Yeast Grow,pioreactor02,2025-09-19T15:08:33.307000Z,0.075013112326,2025-09-19 17:08:33.307,15.8225
Long Yeast Grow,pioreactor02,2025-09-19T15:09:48.306000Z,0.074981402175,2025-09-19 17:09:48.306,15.843333333333
Long Yeast Grow,pioreactor02,2025-09-19T15:10:08.309000Z,0.074976808178,2025-09-19 17:10:08.309,15.848888888889
Long Yeast Grow,pioreactor02,2025-09-19T15:10:48.306000Z,0.074998691343,2025-09-19 17:10:48.306,15.86
Long Yeast Grow,pioreactor02,2025-09-19T15:10:53.306000Z,0.075018305089,2025-09-19 17:10:53.306,15.861388888889
Long Yeast Grow,pioreactor02,2025-09-19T15:12:43.307000Z,0.075006701441,2025-09-19 17:12:43.307,15.891944444444
Long Yeast Grow,pioreactor02,2025-09-19T15:12:53.307000Z,0.07500046357,2025-09-19 17:12:53.307,15.894722222222
Long Yeast Grow,pioreactor02,2025-09-19T15:12:58.307000Z,0.075005599593,2025-09-19 17:12:58.307,15.896111111111
Long Yeast Grow,pioreactor02,2025-09-19T15:13:08.306000Z,0.075002491283,2025-09-19 17:13:08.306,15.898888888889
Long Yeast Grow,pioreactor02,2025-09-19T15:13:18.306000Z,0.075007990782,2025-09-19 17:13:18.306,15.901666666667
Long Yeast Grow,pioreactor02,2025-09-19T15:13:28.308000Z,0.074999362811,2025-09-19 17:13:28.308,15.904444444444
Long Yeast Grow,pioreactor02,2025-09-19T15:13:58.307000Z,0.075016607677,2025-09-19 17:13:58.307,15.912777777778
Long Yeast Grow,pioreactor02,2025-09-19T15:14:38.307000Z,0.07499671105,2025-09-19 17:14:38.307,15.923888888889
Long Yeast Grow,pioreactor02,2025-09-19T15:14:48.307000Z,0.074983105679,2025-09-19 17:14:48.307,15.926666666667
Long Yeast Grow,pioreactor02,2025-09-19T15:15:03.308000Z,0.074970300112,2025-09-19 17:15:03.308,15.930833333333
Long Yeast Grow,pioreactor02,2025-09-19T15:15:33.306000Z,0.07495749027,2025-09-19 17:15:33.306,15.939166666667
Long Yeast Grow,pioreactor02,2025-09-19T15:16:18.307000Z,0.074978682338,2025-09-19 17:16:18.307,15.951666666667
Long Yeast Grow,pioreactor02,2025-09-19T15:16:33.308000Z,0.074968504394,2025-09-19 17:16:33.308,15.955833333333
Long Yeast Grow,pioreactor02,2025-09-19T15:18:33.307000Z,0.074986524635,2025-09-19 17:18:33.307,15.989166666667
Long Yeast Grow,pioreactor02,2025-09-19T15:18:43.308000Z,0.074983849871,2025-09-19 17:18:43.308,15.991944444444
Long Yeast Grow,pioreactor02,2025-09-19T15:18:53.307000Z,0.074990994398,2025-09-19 17:18:53.307,15.994722222222
Long Yeast Grow,pioreactor02,2025-09-19T15:19:08.307000Z,0.074986100946,2025-09-19 17:19:08.307,15.998888888889
Long Yeast Grow,pioreactor02,2025-09-19T15:21:03.306000Z,0.074939941521,2025-09-19 17:21:03.306,16.030833333333
Long Yeast Grow,pioreactor02,2025-09-19T15:21:38.306000Z,0.074944823329,2025-09-19 17:21:38.306,16.040555555556
Long Yeast Grow,pioreactor02,2025-09-19T15:22:38.306000Z,0.074986462117,2025-09-19 17:22:38.306,16.057222222222
Long Yeast Grow,pioreactor02,2025-09-19T15:22:43.306000Z,0.074982866195,2025-09-19 17:22:43.306,16.058611111111
Long Yeast Grow,pioreactor02,2025-09-19T15:23:33.306000Z,0.074969803456,2025-09-19 17:23:33.306,16.0725
Long Yeast Grow,pioreactor02,2025-09-19T15:24:33.306000Z,0.074997823761,2025-09-19 17:24:33.306,16.089166666667
Long Yeast Grow,pioreactor02,2025-09-19T15:24:53.306000Z,0.074967576525,2025-09-19 17:24:53.306,16.094722222222
Long Yeast Grow,pioreactor02,2025-09-19T15:25:13.310000Z,0.074990267407,2025-09-19 17:25:13.310,16.100277777778
Long Yeast Grow,pioreactor02,2025-09-19T15:25:28.306000Z,0.074984372185,2025-09-19 17:25:28.306,16.104444444444
Long Yeast Grow,pioreactor02,2025-09-19T15:25:48.307000Z,0.074988962272,2025-09-19 17:25:48.307,16.11
Long Yeast Grow,pioreactor02,2025-09-19T15:25:53.306000Z,0.074993597055,2025-09-19 17:25:53.306,16.111388888889
Long Yeast Grow,pioreactor02,2025-09-19T15:26:53.305000Z,0.075008383877,2025-09-19 17:26:53.305,16.128055555556
Long Yeast Grow,pioreactor02,2025-09-19T15:27:53.307000Z,0.075015941332,2025-09-19 17:27:53.307,16.144722222222
Long Yeast Grow,pioreactor02,2025-09-19T15:27:58.307000Z,0.074987389929,2025-09-19 17:27:58.307,16.146111111111
Long Yeast Grow,pioreactor02,2025-09-19T15:29:38.308000Z,0.074953520681,2025-09-19 17:29:38.308,16.173888888889
Long Yeast Grow,pioreactor02,2025-09-19T15:30:28.306000Z,0.074944701051,2025-09-19 17:30:28.306,16.187777777778
Long Yeast Grow,pioreactor02,2025-09-19T15:31:18.308000Z,0.074944415276,2025-09-19 17:31:18.308,16.201666666667
Long Yeast Grow,pioreactor02,2025-09-19T15:31:53.309000Z,0.074944093462,2025-09-19 17:31:53.309,16.211388888889
Long Yeast Grow,pioreactor02,2025-09-19T15:31:58.305000Z,0.074943944526,2025-09-19 17:31:58.305,16.212777777778
Long Yeast Grow,pioreactor02,2025-09-19T15:32:33.306000Z,0.074978170045,2025-09-19 17:32:33.306,16.2225
Long Yeast Grow,pioreactor02,2025-09-19T15:33:28.305000Z,0.074975189478,2025-09-19 17:33:28.305,16.237777777778
Long Yeast Grow,pioreactor02,2025-09-19T15:33:58.307000Z,0.074965321899,2025-09-19 17:33:58.307,16.246111111111
Long Yeast Grow,pioreactor02,2025-09-19T15:34:33.307000Z,0.074987346291,2025-09-19 17:34:33.307,16.255833333333
Long Yeast Grow,pioreactor02,2025-09-19T15:34:43.307000Z,0.074992985692,2025-09-19 17:34:43.307,16.258611111111
Long Yeast Grow,pioreactor02,2025-09-19T15:35:08.309000Z,0.075006744567,2025-09-19 17:35:08.309,16.265555555556
Long Yeast Grow,pioreactor02,2025-09-19T15:35:13.306000Z,0.07497955419,2025-09-19 17:35:13.306,16.266944444444
Long Yeast Grow,pioreactor02,2025-09-19T15:35:58.306000Z,0.074960178945,2025-09-19 17:35:58.306,16.279444444444
Long Yeast Grow,pioreactor02,2025-09-19T15:36:43.307000Z,0.075013107726,2025-09-19 17:36:43.307,16.291944444444
Long Yeast Grow,pioreactor02,2025-09-19T15:39:08.309000Z,0.075004125999,2025-09-19 17:39:08.309,16.332222222222
Long Yeast Grow,pioreactor02,2025-09-19T15:40:48.308000Z,0.074978266636,2025-09-19 17:40:48.308,16.36
Long Yeast Grow,pioreactor02,2025-09-19T15:41:28.306000Z,0.075002156992,2025-09-19 17:41:28.306,16.371111111111
Long Yeast Grow,pioreactor02,2025-09-19T15:42:33.306000Z,0.074994448821,2025-09-19 17:42:33.306,16.389166666667
Long Yeast Grow,pioreactor02,2025-09-19T15:42:43.307000Z,0.074971000116,2025-09-19 17:42:43.307,16.391944444444
Long Yeast Grow,pioreactor02,2025-09-19T15:43:28.306000Z,0.074980086863,2025-09-19 17:43:28.306,16.404444444444
Long Yeast Grow,pioreactor02,2025-09-19T15:43:38.307000Z,0.074972999495,2025-09-19 17:43:38.307,16.407222222222
Long Yeast Grow,pioreactor02,2025-09-19T15:43:48.306000Z,0.074963537673,2025-09-19 17:43:48.306,16.41
Long Yeast Grow,pioreactor02,2025-09-19T15:44:13.314000Z,0.074955135586,2025-09-19 17:44:13.314,16.416944444444
Long Yeast Grow,pioreactor02,2025-09-19T15:44:18.308000Z,0.074957852737,2025-09-19 17:44:18.308,16.418333333333
Long Yeast Grow,pioreactor02,2025-09-19T15:44:53.306000Z,0.074956264518,2025-09-19 17:44:53.306,16.428055555556
Long Yeast Grow,pioreactor02,2025-09-19T15:45:13.307000Z,0.07495353333,2025-09-19 17:45:13.307,16.433611111111
Long Yeast Grow,pioreactor02,2025-09-19T15:45:28.306000Z,0.074956550354,2025-09-19 17:45:28.306,16.437777777778
Long Yeast Grow,pioreactor02,2025-09-19T15:46:28.307000Z,0.074957937924,2025-09-19 17:46:28.307,16.454444444444
Long Yeast Grow,pioreactor02,2025-09-19T15:46:33.306000Z,0.074961897242,2025-09-19 17:46:33.306,16.455833333333
Long Yeast Grow,pioreactor02,2025-09-19T15:46:53.307000Z,0.074955663569,2025-09-19 17:46:53.307,16.461388888889
Long Yeast Grow,pioreactor02,2025-09-19T15:47:13.307000Z,0.074961278986,2025-09-19 17:47:13.307,16.466944444444
Long Yeast Grow,pioreactor02,2025-09-19T15:48:13.306000Z,0.074979284328,2025-09-19 17:48:13.306,16.483611111111
Long Yeast Grow,pioreactor02,2025-09-19T15:48:23.307000Z,0.074977853732,2025-09-19 17:48:23.307,16.486388888889
Long Yeast Grow,pioreactor02,2025-09-19T15:48:28.306000Z,0.074979606179,2025-09-19 17:48:28.306,16.487777777778
Long Yeast Grow,pioreactor02,2025-09-19T15:49:08.306000Z,0.07500108857,2025-09-19 17:49:08.306,16.498888888889
Long Yeast Grow,pioreactor02,2025-09-19T15:49:28.306000Z,0.074976325245,2025-09-19 17:49:28.306,16.504444444444
Long Yeast Grow,pioreactor02,2025-09-19T15:49:33.307000Z,0.07497202563,2025-09-19 17:49:33.307,16.505833333333
Long Yeast Grow,pioreactor02,2025-09-19T15:50:33.307000Z,0.074931509398,2025-09-19 17:50:33.307,16.5225
Long Yeast Grow,pioreactor02,2025-09-19T15:50:48.307000Z,0.074937903157,2025-09-19 17:50:48.307,16.526666666667
Long Yeast Grow,pioreactor02,2025-09-19T15:51:38.306000Z,0.074953775441,2025-09-19 17:51:38.306,16.540555555556
Long Yeast Grow,pioreactor02,2025-09-19T15:52:03.305000Z,0.074967297723,2025-09-19 17:52:03.305,16.5475
Long Yeast Grow,pioreactor02,2025-09-19T15:52:13.305000Z,0.074974887755,2025-09-19 17:52:13.305,16.550277777778
Long Yeast Grow,pioreactor02,2025-09-19T15:52:18.306000Z,0.074981379099,2025-09-19 17:52:18.306,16.551666666667
Long Yeast Grow,pioreactor02,2025-09-19T15:52:58.307000Z,0.075002027157,2025-09-19 17:52:58.307,16.562777777778
Long Yeast Grow,pioreactor02,2025-09-19T15:53:13.306000Z,0.075011347274,2025-09-19 17:53:13.306,16.566944444444
Long Yeast Grow,pioreactor02,2025-09-19T15:53:18.306000Z,0.075026063856,2025-09-19 17:53:18.306,16.568333333333
Long Yeast Grow,pioreactor02,2025-09-19T15:57:08.309000Z,0.07506478744,2025-09-19 17:57:08.309,16.632222222222
Long Yeast Grow,pioreactor02,2025-09-19T15:57:23.306000Z,0.075057483137,2025-09-19 17:57:23.306,16.636388888889
Long Yeast Grow,pioreactor02,2025-09-19T15:59:13.306000Z,0.075007819099,2025-09-19 17:59:13.306,16.666944444444
Long Yeast Grow,pioreactor02,2025-09-19T15:59:33.306000Z,0.075005065763,2025-09-19 17:59:33.306,16.6725
Long Yeast Grow,pioreactor02,2025-09-19T15:59:38.307000Z,0.075007946537,2025-09-19 17:59:38.307,16.673888888889
Long Yeast Grow,pioreactor02,2025-09-19T16:00:08.306000Z,0.075012035442,2025-09-19 18:00:08.306,16.682222222222
Long Yeast Grow,pioreactor02,2025-09-19T16:00:18.306000Z,0.075026703912,2025-09-19 18:00:18.306,16.685
Long Yeast Grow,pioreactor02,2025-09-19T16:01:23.305000Z,0.075030885018,2025-09-19 18:01:23.305,16.703055555556
Long Yeast Grow,pioreactor02,2025-09-19T16:01:33.306000Z,0.07501546988,2025-09-19 18:01:33.306,16.705833333333
Long Yeast Grow,pioreactor02,2025-09-19T16:01:58.306000Z,0.074998073796,2025-09-19 18:01:58.306,16.712777777778
Long Yeast Grow,pioreactor02,2025-09-19T16:02:18.306000Z,0.074997594514,2025-09-19 18:02:18.306,16.718333333333
Long Yeast Grow,pioreactor02,2025-09-19T16:02:48.307000Z,0.075003812083,2025-09-19 18:02:48.307,16.726666666667
Long Yeast Grow,pioreactor02,2025-09-19T16:03:28.309000Z,0.075003861565,2025-09-19 18:03:28.309,16.737777777778
Long Yeast Grow,pioreactor02,2025-09-19T16:03:33.306000Z,0.075002581308,2025-09-19 18:03:33.306,16.739166666667
Long Yeast Grow,pioreactor02,2025-09-19T16:04:23.306000Z,0.075018496037,2025-09-19 18:04:23.306,16.753055555556
Long Yeast Grow,pioreactor02,2025-09-19T16:05:43.306000Z,0.075006521182,2025-09-19 18:05:43.306,16.775277777778
Long Yeast Grow,pioreactor02,2025-09-19T16:06:23.308000Z,0.07504433961,2025-09-19 18:06:23.308,16.786388888889
Long Yeast Grow,pioreactor02,2025-09-19T16:06:43.308000Z,0.075014023483,2025-09-19 18:06:43.308,16.791944444444
Long Yeast Grow,pioreactor02,2025-09-19T16:06:48.309000Z,0.075011524595,2025-09-19 18:06:48.309,16.793333333333
Long Yeast Grow,pioreactor02,2025-09-19T16:07:13.306000Z,0.075030903741,2025-09-19 18:07:13.306,16.800277777778
Long Yeast Grow,pioreactor02,2025-09-19T16:07:28.306000Z,0.075023065568,2025-09-19 18:07:28.306,16.804444444444
Long Yeast Grow,pioreactor02,2025-09-19T16:07:38.307000Z,0.075032181852,2025-09-19 18:07:38.307,16.807222222222
Long Yeast Grow,pioreactor02,2025-09-19T16:07:48.306000Z,0.075034749495,2025-09-19 18:07:48.306,16.81
Long Yeast Grow,pioreactor02,2025-09-19T16:08:33.307000Z,0.075023351274,2025-09-19 18:08:33.307,16.8225
Long Yeast Grow,pioreactor02,2025-09-19T16:09:08.306000Z,0.075009179999,2025-09-19 18:09:08.306,16.832222222222
Long Yeast Grow,pioreactor02,2025-09-19T16:09:13.308000Z,0.074992004669,2025-09-19 18:09:13.308,16.833611111111
Long Yeast Grow,pioreactor02,2025-09-19T16:09:48.308000Z,0.074975336902,2025-09-19 18:09:48.308,16.843333333333
Long Yeast Grow,pioreactor02,2025-09-19T16:10:03.306000Z,0.074965032079,2025-09-19 18:10:03.306,16.8475
Long Yeast Grow,pioreactor02,2025-09-19T16:10:13.308000Z,0.074971046444,2025-09-19 18:10:13.308,16.850277777778
Long Yeast Grow,pioreactor02,2025-09-19T16:10:28.306000Z,0.074983232881,2025-09-19 18:10:28.306,16.854444444444
Long Yeast Grow,pioreactor02,2025-09-19T16:10:53.308000Z,0.075007694649,2025-09-19 18:10:53.308,16.861388888889
Long Yeast Grow,pioreactor02,2025-09-19T16:10:58.306000Z,0.075019840124,2025-09-19 18:10:58.306,16.862777777778
Long Yeast Grow,pioreactor02,2025-09-19T16:11:58.306000Z,0.075027707898,2025-09-19 18:11:58.306,16.879444444444
Long Yeast Grow,pioreactor02,2025-09-19T16:13:43.306000Z,0.075015810363,2025-09-19 18:13:43.306,16.908611111111
Long Yeast Grow,pioreactor02,2025-09-19T16:14:48.306000Z,0.074998116091,2025-09-19 18:14:48.306,16.926666666667
Long Yeast Grow,pioreactor02,2025-09-19T16:16:28.307000Z,0.075040958969,2025-09-19 18:16:28.307,16.954444444444
Long Yeast Grow,pioreactor02,2025-09-19T16:16:43.306000Z,0.075042962894,2025-09-19 18:16:43.306,16.958611111111
Long Yeast Grow,pioreactor02,2025-09-19T16:18:43.307000Z,0.075031112597,2025-09-19 18:18:43.307,16.991944444444
Long Yeast Grow,pioreactor02,2025-09-19T16:18:58.307000Z,0.075038827228,2025-09-19 18:18:58.307,16.996111111111
Long Yeast Grow,pioreactor02,2025-09-19T16:19:43.306000Z,0.075056862245,2025-09-19 18:19:43.306,17.008611111111
Long Yeast Grow,pioreactor02,2025-09-19T16:20:18.306000Z,0.075052804118,2025-09-19 18:20:18.306,17.018333333333
Long Yeast Grow,pioreactor02,2025-09-19T16:20:53.306000Z,0.075034168929,2025-09-19 18:20:53.306,17.028055555556
Long Yeast Grow,pioreactor02,2025-09-19T16:21:43.306000Z,0.075040879306,2025-09-19 18:21:43.306,17.041944444444
Long Yeast Grow,pioreactor02,2025-09-19T16:22:13.305000Z,0.07506598354,2025-09-19 18:22:13.305,17.050277777778
Long Yeast Grow,pioreactor02,2025-09-19T16:22:48.306000Z,0.075062420731,2025-09-19 18:22:48.306,17.06
Long Yeast Grow,pioreactor02,2025-09-19T16:22:53.306000Z,0.075077071068,2025-09-19 18:22:53.306,17.061388888889
Long Yeast Grow,pioreactor02,2025-09-19T16:23:48.306000Z,0.075093620528,2025-09-19 18:23:48.306,17.076666666667
Long Yeast Grow,pioreactor02,2025-09-19T16:23:58.307000Z,0.075090335598,2025-09-19 18:23:58.307,17.079444444444
Long Yeast Grow,pioreactor02,2025-09-19T16:24:13.308000Z,0.075071579448,2025-09-19 18:24:13.308,17.083611111111
Long Yeast Grow,pioreactor02,2025-09-19T16:24:18.306000Z,0.075067543523,2025-09-19 18:24:18.306,17.085
Long Yeast Grow,pioreactor02,2025-09-19T16:24:38.307000Z,0.075072594656,2025-09-19 18:24:38.307,17.090555555556
Long Yeast Grow,pioreactor02,2025-09-19T16:26:08.307000Z,0.075091673255,2025-09-19 18:26:08.307,17.115555555556
Long Yeast Grow,pioreactor02,2025-09-19T16:26:38.307000Z,0.075064763634,2025-09-19 18:26:38.307,17.123888888889
Long Yeast Grow,pioreactor02,2025-09-19T16:26:58.306000Z,0.075097794342,2025-09-19 18:26:58.306,17.129444444444
Long Yeast Grow,pioreactor02,2025-09-19T16:27:23.306000Z,0.075099646409,2025-09-19 18:27:23.306,17.136388888889
Long Yeast Grow,pioreactor02,2025-09-19T16:28:33.306000Z,0.075127949804,2025-09-19 18:28:33.306,17.155833333333
Long Yeast Grow,pioreactor02,2025-09-19T16:28:58.306000Z,0.075118500111,2025-09-19 18:28:58.306,17.162777777778
Long Yeast Grow,pioreactor02,2025-09-19T16:29:28.306000Z,0.075116039262,2025-09-19 18:29:28.306,17.171111111111
Long Yeast Grow,pioreactor02,2025-09-19T16:30:13.306000Z,0.07511920697,2025-09-19 18:30:13.306,17.183611111111
Long Yeast Grow,pioreactor02,2025-09-19T16:31:23.305000Z,0.075136063606,2025-09-19 18:31:23.305,17.203055555556
Long Yeast Grow,pioreactor02,2025-09-19T16:31:48.308000Z,0.075136759275,2025-09-19 18:31:48.308,17.21
Long Yeast Grow,pioreactor02,2025-09-19T16:31:53.307000Z,0.075134792777,2025-09-19 18:31:53.307,17.211388888889
Long Yeast Grow,pioreactor02,2025-09-19T16:31:58.306000Z,0.07513260856,2025-09-19 18:31:58.306,17.212777777778
Long Yeast Grow,pioreactor02,2025-09-19T16:32:23.305000Z,0.07509949508,2025-09-19 18:32:23.305,17.219722222222
Long Yeast Grow,pioreactor02,2025-09-19T16:34:43.306000Z,0.07514056372,2025-09-19 18:34:43.306,17.258611111111
Long Yeast Grow,pioreactor02,2025-09-19T16:35:03.306000Z,0.075165903827,2025-09-19 18:35:03.306,17.264166666667
Long Yeast Grow,pioreactor02,2025-09-19T16:36:58.306000Z,0.075098099026,2025-09-19 18:36:58.306,17.296111111111
Long Yeast Grow,pioreactor02,2025-09-19T16:37:58.305000Z,0.075054649282,2025-09-19 18:37:58.305,17.312777777778
Long Yeast Grow,pioreactor02,2025-09-19T16:38:38.308000Z,0.075066127847,2025-09-19 18:38:38.308,17.323888888889
Long Yeast Grow,pioreactor02,2025-09-19T16:38:58.305000Z,0.075074941176,2025-09-19 18:38:58.305,17.329444444444
Long Yeast Grow,pioreactor02,2025-09-19T16:39:28.306000Z,0.075063951398,2025-09-19 18:39:28.306,17.337777777778
Long Yeast Grow,pioreactor02,2025-09-19T16:40:08.309000Z,0.075072397397,2025-09-19 18:40:08.309,17.348888888889
Long Yeast Grow,pioreactor02,2025-09-19T16:40:13.307000Z,0.075067215177,2025-09-19 18:40:13.307,17.350277777778
Long Yeast Grow,pioreactor02,2025-09-19T16:40:23.306000Z,0.075067305975,2025-09-19 18:40:23.306,17.353055555556
Long Yeast Grow,pioreactor02,2025-09-19T16:40:38.307000Z,0.075091658914,2025-09-19 18:40:38.307,17.357222222222
Long Yeast Grow,pioreactor02,2025-09-19T16:40:48.306000Z,0.075087877174,2025-09-19 18:40:48.306,17.36
Long Yeast Grow,pioreactor02,2025-09-19T16:41:28.307000Z,0.075104631916,2025-09-19 18:41:28.307,17.371111111111
Long Yeast Grow,pioreactor02,2025-09-19T16:41:58.306000Z,0.075081540196,2025-09-19 18:41:58.306,17.379444444444
Long Yeast Grow,pioreactor02,2025-09-19T16:42:03.307000Z,0.075089633356,2025-09-19 18:42:03.307,17.380833333333
Long Yeast Grow,pioreactor02,2025-09-19T16:42:23.306000Z,0.075084403821,2025-09-19 18:42:23.306,17.386388888889
Long Yeast Grow,pioreactor02,2025-09-19T16:43:23.306000Z,0.075084766773,2025-09-19 18:43:23.306,17.403055555556
Long Yeast Grow,pioreactor02,2025-09-19T16:43:33.306000Z,0.075086366458,2025-09-19 18:43:33.306,17.405833333333
Long Yeast Grow,pioreactor02,2025-09-19T16:45:38.305000Z,0.07507810747,2025-09-19 18:45:38.305,17.440555555556
Long Yeast Grow,pioreactor02,2025-09-19T16:46:33.306000Z,0.075031356051,2025-09-19 18:46:33.306,17.455833333333
Long Yeast Grow,pioreactor02,2025-09-19T16:46:53.307000Z,0.075005913532,2025-09-19 18:46:53.307,17.461388888889
Long Yeast Grow,pioreactor02,2025-09-19T16:47:33.305000Z,0.075028724874,2025-09-19 18:47:33.305,17.4725
Long Yeast Grow,pioreactor02,2025-09-19T16:48:03.306000Z,0.075039904733,2025-09-19 18:48:03.306,17.480833333333
Long Yeast Grow,pioreactor02,2025-09-19T16:48:13.306000Z,0.075039648256,2025-09-19 18:48:13.306,17.483611111111
Long Yeast Grow,pioreactor02,2025-09-19T16:48:28.306000Z,0.075031402035,2025-09-19 18:48:28.306,17.487777777778
Long Yeast Grow,pioreactor02,2025-09-19T16:48:48.305000Z,0.075049501476,2025-09-19 18:48:48.305,17.493333333333
Long Yeast Grow,pioreactor02,2025-09-19T16:49:38.306000Z,0.075036052362,2025-09-19 18:49:38.306,17.507222222222
Long Yeast Grow,pioreactor02,2025-09-19T16:52:13.308000Z,0.075045972503,2025-09-19 18:52:13.308,17.550277777778
Long Yeast Grow,pioreactor02,2025-09-19T16:53:33.306000Z,0.075062475642,2025-09-19 18:53:33.306,17.5725
Long Yeast Grow,pioreactor02,2025-09-19T16:54:28.306000Z,0.075043542063,2025-09-19 18:54:28.306,17.587777777778
Long Yeast Grow,pioreactor02,2025-09-19T16:54:38.306000Z,0.075047977839,2025-09-19 18:54:38.306,17.590555555556
Long Yeast Grow,pioreactor02,2025-09-19T16:55:38.305000Z,0.075068081872,2025-09-19 18:55:38.305,17.607222222222
Long Yeast Grow,pioreactor02,2025-09-19T16:56:33.306000Z,0.07508673584,2025-09-19 18:56:33.306,17.6225
Long Yeast Grow,pioreactor02,2025-09-19T16:56:58.306000Z,0.075078870333,2025-09-19 18:56:58.306,17.629444444444
Long Yeast Grow,pioreactor02,2025-09-19T16:57:08.307000Z,0.075087325943,2025-09-19 18:57:08.307,17.632222222222
Long Yeast Grow,pioreactor02,2025-09-19T16:57:23.307000Z,0.07506585962,2025-09-19 18:57:23.307,17.636388888889
Long Yeast Grow,pioreactor02,2025-09-19T16:57:28.307000Z,0.075079226518,2025-09-19 18:57:28.307,17.637777777778
Long Yeast Grow,pioreactor02,2025-09-19T16:57:58.307000Z,0.075073874008,2025-09-19 18:57:58.307,17.646111111111
Long Yeast Grow,pioreactor02,2025-09-19T16:58:08.306000Z,0.075061955822,2025-09-19 18:58:08.306,17.648888888889
Long Yeast Grow,pioreactor02,2025-09-19T16:58:48.306000Z,0.075067266381,2025-09-19 18:58:48.306,17.66
Long Yeast Grow,pioreactor02,2025-09-19T16:58:58.308000Z,0.075092297026,2025-09-19 18:58:58.308,17.662777777778
Long Yeast Grow,pioreactor02,2025-09-19T17:00:23.305000Z,0.075016166365,2025-09-19 19:00:23.305,17.686388888889
Long Yeast Grow,pioreactor02,2025-09-19T17:00:53.306000Z,0.075051805174,2025-09-19 19:00:53.306,17.694722222222
Long Yeast Grow,pioreactor02,2025-09-19T17:01:18.306000Z,0.075052765411,2025-09-19 19:01:18.306,17.701666666667
Long Yeast Grow,pioreactor02,2025-09-19T17:01:53.307000Z,0.075076410102,2025-09-19 19:01:53.307,17.711388888889
Long Yeast Grow,pioreactor02,2025-09-19T17:02:03.307000Z,0.075072838021,2025-09-19 19:02:03.307,17.714166666667
Long Yeast Grow,pioreactor02,2025-09-19T17:02:13.309000Z,0.07508111773,2025-09-19 19:02:13.309,17.716944444444
Long Yeast Grow,pioreactor02,2025-09-19T17:02:23.306000Z,0.075072496068,2025-09-19 19:02:23.306,17.719722222222
Long Yeast Grow,pioreactor02,2025-09-19T17:02:28.306000Z,0.075067311221,2025-09-19 19:02:28.306,17.721111111111
Long Yeast Grow,pioreactor02,2025-09-19T17:03:08.305000Z,0.075066642838,2025-09-19 19:03:08.305,17.732222222222
Long Yeast Grow,pioreactor02,2025-09-19T17:04:53.308000Z,0.075067863398,2025-09-19 19:04:53.308,17.761388888889
Long Yeast Grow,pioreactor02,2025-09-19T17:04:58.307000Z,0.075078574898,2025-09-19 19:04:58.307,17.762777777778
Long Yeast Grow,pioreactor02,2025-09-19T17:05:33.310000Z,0.075080080326,2025-09-19 19:05:33.310,17.7725
Long Yeast Grow,pioreactor02,2025-09-19T17:06:58.306000Z,0.075043156171,2025-09-19 19:06:58.306,17.796111111111
Long Yeast Grow,pioreactor02,2025-09-19T17:07:13.306000Z,0.075042365708,2025-09-19 19:07:13.306,17.800277777778
Long Yeast Grow,pioreactor02,2025-09-19T17:07:23.307000Z,0.075031557108,2025-09-19 19:07:23.307,17.803055555556
Long Yeast Grow,pioreactor02,2025-09-19T17:07:53.306000Z,0.075016437883,2025-09-19 19:07:53.306,17.811388888889
Long Yeast Grow,pioreactor02,2025-09-19T17:09:28.307000Z,0.0750910496,2025-09-19 19:09:28.307,17.837777777778
Long Yeast Grow,pioreactor02,2025-09-19T17:10:58.307000Z,0.075051981757,2025-09-19 19:10:58.307,17.862777777778
Long Yeast Grow,pioreactor02,2025-09-19T17:11:03.307000Z,0.075053808752,2025-09-19 19:11:03.307,17.864166666667
Long Yeast Grow,pioreactor02,2025-09-19T17:11:23.309000Z,0.075088336242,2025-09-19 19:11:23.309,17.869722222222
Long Yeast Grow,pioreactor02,2025-09-19T17:11:28.306000Z,0.075068316318,2025-09-19 19:11:28.306,17.871111111111
Long Yeast Grow,pioreactor02,2025-09-19T17:11:33.307000Z,0.075065457896,2025-09-19 19:11:33.307,17.8725
Long Yeast Grow,pioreactor02,2025-09-19T17:11:53.306000Z,0.075069011123,2025-09-19 19:11:53.306,17.878055555556
Long Yeast Grow,pioreactor02,2025-09-19T17:11:58.309000Z,0.075084718241,2025-09-19 19:11:58.309,17.879444444444
Long Yeast Grow,pioreactor02,2025-09-19T17:12:23.308000Z,0.075088676267,2025-09-19 19:12:23.308,17.886388888889
Long Yeast Grow,pioreactor02,2025-09-19T17:13:38.306000Z,0.075081516922,2025-09-19 19:13:38.306,17.907222222222
Long Yeast Grow,pioreactor02,2025-09-19T17:13:58.306000Z,0.075063149852,2025-09-19 19:13:58.306,17.912777777778
Long Yeast Grow,pioreactor02,2025-09-19T17:15:23.307000Z,0.075050376464,2025-09-19 19:15:23.307,17.936388888889
Long Yeast Grow,pioreactor02,2025-09-19T17:15:43.307000Z,0.075073966139,2025-09-19 19:15:43.307,17.941944444444
Long Yeast Grow,pioreactor02,2025-09-19T17:17:03.309000Z,0.075103461788,2025-09-19 19:17:03.309,17.964166666667
Long Yeast Grow,pioreactor02,2025-09-19T17:17:53.306000Z,0.075104914653,2025-09-19 19:17:53.306,17.978055555556
Long Yeast Grow,pioreactor02,2025-09-19T17:18:38.306000Z,0.075128517159,2025-09-19 19:18:38.306,17.990555555556
Long Yeast Grow,pioreactor02,2025-09-19T17:18:48.306000Z,0.075122657382,2025-09-19 19:18:48.306,17.993333333333
Long Yeast Grow,pioreactor02,2025-09-19T17:19:08.307000Z,0.075140257355,2025-09-19 19:19:08.307,17.998888888889
Long Yeast Grow,pioreactor02,2025-09-19T17:19:33.306000Z,0.075111327057,2025-09-19 19:19:33.306,18.005833333333
Long Yeast Grow,pioreactor02,2025-09-19T17:20:28.306000Z,0.075092954236,2025-09-19 19:20:28.306,18.021111111111
Long Yeast Grow,pioreactor02,2025-09-19T17:21:13.306000Z,0.075106539305,2025-09-19 19:21:13.306,18.033611111111
Long Yeast Grow,pioreactor02,2025-09-19T17:21:18.307000Z,0.075108984174,2025-09-19 19:21:18.307,18.035
Long Yeast Grow,pioreactor02,2025-09-19T17:21:43.306000Z,0.075115297947,2025-09-19 19:21:43.306,18.041944444444
Long Yeast Grow,pioreactor02,2025-09-19T17:21:48.306000Z,0.075096908473,2025-09-19 19:21:48.306,18.043333333333
Long Yeast Grow,pioreactor02,2025-09-19T17:22:13.306000Z,0.075098227447,2025-09-19 19:22:13.306,18.050277777778
Long Yeast Grow,pioreactor02,2025-09-19T17:22:28.306000Z,0.075099003178,2025-09-19 19:22:28.306,18.054444444444
Long Yeast Grow,pioreactor02,2025-09-19T17:24:23.306000Z,0.075079006889,2025-09-19 19:24:23.306,18.086388888889
Long Yeast Grow,pioreactor02,2025-09-19T17:24:53.308000Z,0.075110623428,2025-09-19 19:24:53.308,18.094722222222
Long Yeast Grow,pioreactor02,2025-09-19T17:25:08.307000Z,0.075102749026,2025-09-19 19:25:08.307,18.098888888889
Long Yeast Grow,pioreactor02,2025-09-19T17:25:43.306000Z,0.075066628513,2025-09-19 19:25:43.306,18.108611111111
Long Yeast Grow,pioreactor02,2025-09-19T17:25:58.306000Z,0.075041677054,2025-09-19 19:25:58.306,18.112777777778
Long Yeast Grow,pioreactor02,2025-09-19T17:26:33.307000Z,0.075037486061,2025-09-19 19:26:33.307,18.1225
Long Yeast Grow,pioreactor02,2025-09-19T17:27:03.306000Z,0.075020978411,2025-09-19 19:27:03.306,18.130833333333
Long Yeast Grow,pioreactor02,2025-09-19T17:27:08.306000Z,0.07502329263,2025-09-19 19:27:08.306,18.132222222222
Long Yeast Grow,pioreactor02,2025-09-19T17:27:38.306000Z,0.075029264544,2025-09-19 19:27:38.306,18.140555555556
Long Yeast Grow,pioreactor02,2025-09-19T17:28:38.309000Z,0.075045718733,2025-09-19 19:28:38.309,18.157222222222
Long Yeast Grow,pioreactor02,2025-09-19T17:29:28.307000Z,0.0750572749,2025-09-19 19:29:28.307,18.171111111111
Long Yeast Grow,pioreactor02,2025-09-19T17:29:43.308000Z,0.075061509619,2025-09-19 19:29:43.308,18.175277777778
Long Yeast Grow,pioreactor02,2025-09-19T17:29:53.306000Z,0.075034679551,2025-09-19 19:29:53.306,18.178055555556
Long Yeast Grow,pioreactor02,2025-09-19T17:29:58.307000Z,0.075032844336,2025-09-19 19:29:58.307,18.179444444444
Long Yeast Grow,pioreactor02,2025-09-19T17:30:08.306000Z,0.075038908391,2025-09-19 19:30:08.306,18.182222222222
Long Yeast Grow,pioreactor02,2025-09-19T17:30:33.307000Z,0.075029625979,2025-09-19 19:30:33.307,18.189166666667
Long Yeast Grow,pioreactor02,2025-09-19T17:30:53.306000Z,0.075000783215,2025-09-19 19:30:53.306,18.194722222222
Long Yeast Grow,pioreactor02,2025-09-19T17:32:38.307000Z,0.07505002751,2025-09-19 19:32:38.307,18.223888888889
Long Yeast Grow,pioreactor02,2025-09-19T17:32:58.308000Z,0.075060456921,2025-09-19 19:32:58.308,18.229444444444
Long Yeast Grow,pioreactor02,2025-09-19T17:33:03.307000Z,0.075075624619,2025-09-19 19:33:03.307,18.230833333333
Long Yeast Grow,pioreactor02,2025-09-19T17:33:23.310000Z,0.075073512864,2025-09-19 19:33:23.310,18.236388888889
Long Yeast Grow,pioreactor02,2025-09-19T17:33:43.307000Z,0.075060673235,2025-09-19 19:33:43.307,18.241944444444
Long Yeast Grow,pioreactor02,2025-09-19T17:34:08.307000Z,0.075061851756,2025-09-19 19:34:08.307,18.248888888889
Long Yeast Grow,pioreactor02,2025-09-19T17:34:13.308000Z,0.075065095571,2025-09-19 19:34:13.308,18.250277777778
Long Yeast Grow,pioreactor02,2025-09-19T17:34:53.306000Z,0.075072441508,2025-09-19 19:34:53.306,18.261388888889
Long Yeast Grow,pioreactor02,2025-09-19T17:35:38.307000Z,0.075079021038,2025-09-19 19:35:38.307,18.273888888889
Long Yeast Grow,pioreactor02,2025-09-19T17:36:18.306000Z,0.075057523419,2025-09-19 19:36:18.306,18.285
Long Yeast Grow,pioreactor02,2025-09-19T17:36:53.305000Z,0.075070956526,2025-09-19 19:36:53.305,18.294722222222
Long Yeast Grow,pioreactor02,2025-09-19T17:37:38.307000Z,0.075086334645,2025-09-19 19:37:38.307,18.307222222222
Long Yeast Grow,pioreactor02,2025-09-19T17:38:08.306000Z,0.075077166074,2025-09-19 19:38:08.306,18.315555555556
Long Yeast Grow,pioreactor02,2025-09-19T17:38:18.306000Z,0.075090069772,2025-09-19 19:38:18.306,18.318333333333
Long Yeast Grow,pioreactor02,2025-09-19T17:38:28.307000Z,0.075084978842,2025-09-19 19:38:28.307,18.321111111111
Long Yeast Grow,pioreactor02,2025-09-19T17:38:48.306000Z,0.075066120735,2025-09-19 19:38:48.306,18.326666666667
Long Yeast Grow,pioreactor02,2025-09-19T17:38:58.308000Z,0.075070448826,2025-09-19 19:38:58.308,18.329444444444
Long Yeast Grow,pioreactor02,2025-09-19T17:41:33.306000Z,0.075066221695,2025-09-19 19:41:33.306,18.3725
Long Yeast Grow,pioreactor02,2025-09-19T17:41:53.306000Z,0.075054081798,2025-09-19 19:41:53.306,18.378055555556
Long Yeast Grow,pioreactor02,2025-09-19T17:42:28.308000Z,0.075071386366,2025-09-19 19:42:28.308,18.387777777778
Long Yeast Grow,pioreactor02,2025-09-19T17:43:18.306000Z,0.075116701945,2025-09-19 19:43:18.306,18.401666666667
Long Yeast Grow,pioreactor02,2025-09-19T17:43:53.306000Z,0.075133375207,2025-09-19 19:43:53.306,18.411388888889
Long Yeast Grow,pioreactor02,2025-09-19T17:43:58.307000Z,0.075134462276,2025-09-19 19:43:58.307,18.412777777778
Long Yeast Grow,pioreactor02,2025-09-19T17:47:03.307000Z,0.07507540289,2025-09-19 19:47:03.307,18.464166666667
Long Yeast Grow,pioreactor02,2025-09-19T17:47:13.309000Z,0.075073457741,2025-09-19 19:47:13.309,18.466944444444
Long Yeast Grow,pioreactor02,2025-09-19T17:48:03.306000Z,0.075067776209,2025-09-19 19:48:03.306,18.480833333333
Long Yeast Grow,pioreactor02,2025-09-19T17:49:03.306000Z,0.075063336281,2025-09-19 19:49:03.306,18.4975
Long Yeast Grow,pioreactor02,2025-09-19T17:49:08.305000Z,0.075051483743,2025-09-19 19:49:08.305,18.498888888889
Long Yeast Grow,pioreactor02,2025-09-19T17:49:18.306000Z,0.075058061234,2025-09-19 19:49:18.306,18.501666666667
Long Yeast Grow,pioreactor02,2025-09-19T17:49:23.306000Z,0.07504820327,2025-09-19 19:49:23.306,18.503055555556
Long Yeast Grow,pioreactor02,2025-09-19T17:49:33.306000Z,0.07504916757,2025-09-19 19:49:33.306,18.505833333333
Long Yeast Grow,pioreactor02,2025-09-19T17:49:53.308000Z,0.075053758414,2025-09-19 19:49:53.308,18.511388888889
Long Yeast Grow,pioreactor02,2025-09-19T17:50:08.307000Z,0.075048930129,2025-09-19 19:50:08.307,18.515555555556
Long Yeast Grow,pioreactor02,2025-09-19T17:50:48.306000Z,0.0750387274,2025-09-19 19:50:48.306,18.526666666667
Long Yeast Grow,pioreactor02,2025-09-19T17:51:03.307000Z,0.075037611748,2025-09-19 19:51:03.307,18.530833333333
Long Yeast Grow,pioreactor02,2025-09-19T17:52:03.306000Z,0.075021948792,2025-09-19 19:52:03.306,18.5475
Long Yeast Grow,pioreactor02,2025-09-19T17:52:13.308000Z,0.075009954882,2025-09-19 19:52:13.308,18.550277777778
Long Yeast Grow,pioreactor02,2025-09-19T17:52:23.308000Z,0.07499602978,2025-09-19 19:52:23.308,18.553055555556
Long Yeast Grow,pioreactor02,2025-09-19T17:52:28.307000Z,0.074988174182,2025-09-19 19:52:28.307,18.554444444444
Long Yeast Grow,pioreactor02,2025-09-19T17:52:38.306000Z,0.074993826367,2025-09-19 19:52:38.306,18.557222222222
Long Yeast Grow,pioreactor02,2025-09-19T17:55:03.306000Z,0.075030933491,2025-09-19 19:55:03.306,18.5975
Long Yeast Grow,pioreactor02,2025-09-19T17:56:03.305000Z,0.075036325916,2025-09-19 19:56:03.305,18.614166666667
Long Yeast Grow,pioreactor02,2025-09-19T17:56:08.306000Z,0.075035874994,2025-09-19 19:56:08.306,18.615555555556
Long Yeast Grow,pioreactor02,2025-09-19T17:56:43.306000Z,0.075018401157,2025-09-19 19:56:43.306,18.625277777778
Long Yeast Grow,pioreactor02,2025-09-19T17:56:48.306000Z,0.075022240231,2025-09-19 19:56:48.306,18.626666666667
Long Yeast Grow,pioreactor02,2025-09-19T17:57:03.305000Z,0.07504195744,2025-09-19 19:57:03.305,18.630833333333
Long Yeast Grow,pioreactor02,2025-09-19T17:58:03.306000Z,0.075047216589,2025-09-19 19:58:03.306,18.6475
Long Yeast Grow,pioreactor02,2025-09-19T17:58:18.305000Z,0.07506756676,2025-09-19 19:58:18.305,18.651666666667
Long Yeast Grow,pioreactor02,2025-09-19T17:58:48.305000Z,0.075064838101,2025-09-19 19:58:48.305,18.66
Long Yeast Grow,pioreactor02,2025-09-19T17:59:08.307000Z,0.075061712289,2025-09-19 19:59:08.307,18.665555555556
Long Yeast Grow,pioreactor02,2025-09-19T17:59:23.307000Z,0.075072388492,2025-09-19 19:59:23.307,18.669722222222
Long Yeast Grow,pioreactor02,2025-09-19T18:00:48.309000Z,0.075017685709,2025-09-19 20:00:48.309,18.693333333333
Long Yeast Grow,pioreactor02,2025-09-19T18:02:33.305000Z,0.075036493251,2025-09-19 20:02:33.305,18.7225
Long Yeast Grow,pioreactor02,2025-09-19T18:02:53.308000Z,0.075027931083,2025-09-19 20:02:53.308,18.728055555556
Long Yeast Grow,pioreactor02,2025-09-19T18:03:18.308000Z,0.075007163064,2025-09-19 20:03:18.308,18.735
Long Yeast Grow,pioreactor02,2025-09-19T18:03:58.308000Z,0.075019355062,2025-09-19 20:03:58.308,18.746111111111
Long Yeast Grow,pioreactor02,2025-09-19T18:04:33.306000Z,0.075037155726,2025-09-19 20:04:33.306,18.755833333333
Long Yeast Grow,pioreactor02,2025-09-19T18:04:48.306000Z,0.07504820518,2025-09-19 20:04:48.306,18.76
Long Yeast Grow,pioreactor02,2025-09-19T18:04:53.307000Z,0.075052974052,2025-09-19 20:04:53.307,18.761388888889
Long Yeast Grow,pioreactor02,2025-09-19T18:05:18.307000Z,0.075054827075,2025-09-19 20:05:18.307,18.768333333333
Long Yeast Grow,pioreactor02,2025-09-19T18:06:18.308000Z,0.075045514414,2025-09-19 20:06:18.308,18.785
Long Yeast Grow,pioreactor02,2025-09-19T18:06:33.306000Z,0.075060079491,2025-09-19 20:06:33.306,18.789166666667
Long Yeast Grow,pioreactor02,2025-09-19T18:06:38.306000Z,0.075077964421,2025-09-19 20:06:38.306,18.790555555556
Long Yeast Grow,pioreactor02,2025-09-19T18:06:58.307000Z,0.075062249879,2025-09-19 20:06:58.307,18.796111111111
Long Yeast Grow,pioreactor02,2025-09-19T18:07:58.305000Z,0.075049110984,2025-09-19 20:07:58.305,18.812777777778
Long Yeast Grow,pioreactor02,2025-09-19T18:08:08.307000Z,0.075057274735,2025-09-19 20:08:08.307,18.815555555556
Long Yeast Grow,pioreactor02,2025-09-19T18:08:23.309000Z,0.075044161263,2025-09-19 20:08:23.309,18.819722222222
Long Yeast Grow,pioreactor02,2025-09-19T18:08:28.306000Z,0.075049598907,2025-09-19 20:08:28.306,18.821111111111
Long Yeast Grow,pioreactor02,2025-09-19T18:08:58.305000Z,0.075049225466,2025-09-19 20:08:58.305,18.829444444444
Long Yeast Grow,pioreactor02,2025-09-19T18:09:28.308000Z,0.075028732467,2025-09-19 20:09:28.308,18.837777777778
Long Yeast Grow,pioreactor02,2025-09-19T18:09:48.309000Z,0.075038115641,2025-09-19 20:09:48.309,18.843333333333
Long Yeast Grow,pioreactor02,2025-09-19T18:10:03.307000Z,0.075021868903,2025-09-19 20:10:03.307,18.8475
Long Yeast Grow,pioreactor02,2025-09-19T18:11:03.305000Z,0.075056120867,2025-09-19 20:11:03.305,18.864166666667
Long Yeast Grow,pioreactor02,2025-09-19T18:11:18.306000Z,0.075046263014,2025-09-19 20:11:18.306,18.868333333333
Long Yeast Grow,pioreactor02,2025-09-19T18:11:53.306000Z,0.075058516791,2025-09-19 20:11:53.306,18.878055555556
Long Yeast Grow,pioreactor02,2025-09-19T18:11:58.308000Z,0.075073682532,2025-09-19 20:11:58.308,18.879444444444
Long Yeast Grow,pioreactor02,2025-09-19T18:12:03.305000Z,0.075075043369,2025-09-19 20:12:03.305,18.880833333333
Long Yeast Grow,pioreactor02,2025-09-19T18:13:33.306000Z,0.075028623139,2025-09-19 20:13:33.306,18.905833333333
Long Yeast Grow,pioreactor02,2025-09-19T18:13:58.306000Z,0.075029034303,2025-09-19 20:13:58.306,18.912777777778
Long Yeast Grow,pioreactor02,2025-09-19T18:14:03.306000Z,0.075031497233,2025-09-19 20:14:03.306,18.914166666667
Long Yeast Grow,pioreactor02,2025-09-19T18:14:33.307000Z,0.075043311529,2025-09-19 20:14:33.307,18.9225
Long Yeast Grow,pioreactor02,2025-09-19T18:14:48.307000Z,0.075036457999,2025-09-19 20:14:48.307,18.926666666667
Long Yeast Grow,pioreactor02,2025-09-19T18:15:28.307000Z,0.075064101789,2025-09-19 20:15:28.307,18.937777777778
Long Yeast Grow,pioreactor02,2025-09-19T18:15:48.308000Z,0.075081318592,2025-09-19 20:15:48.308,18.943333333333
Long Yeast Grow,pioreactor02,2025-09-19T18:16:03.306000Z,0.075092421129,2025-09-19 20:16:03.306,18.9475
Long Yeast Grow,pioreactor02,2025-09-19T18:16:18.307000Z,0.075099925363,2025-09-19 20:16:18.307,18.951666666667
Long Yeast Grow,pioreactor02,2025-09-19T18:16:58.305000Z,0.075088029494,2025-09-19 20:16:58.305,18.962777777778
Long Yeast Grow,pioreactor02,2025-09-19T18:17:03.308000Z,0.075094318635,2025-09-19 20:17:03.308,18.964166666667
Long Yeast Grow,pioreactor02,2025-09-19T18:18:03.307000Z,0.075093010816,2025-09-19 20:18:03.307,18.980833333333
Long Yeast Grow,pioreactor02,2025-09-19T18:20:08.306000Z,0.075081194565,2025-09-19 20:20:08.306,19.015555555556
Long Yeast Grow,pioreactor02,2025-09-19T18:22:23.306000Z,0.075016560354,2025-09-19 20:22:23.306,19.053055555556
Long Yeast Grow,pioreactor02,2025-09-19T18:23:18.307000Z,0.075028551935,2025-09-19 20:23:18.307,19.068333333333
Long Yeast Grow,pioreactor02,2025-09-19T18:23:23.306000Z,0.075045031092,2025-09-19 20:23:23.306,19.069722222222
Long Yeast Grow,pioreactor02,2025-09-19T18:24:13.306000Z,0.075031289551,2025-09-19 20:24:13.306,19.083611111111
Long Yeast Grow,pioreactor02,2025-09-19T18:24:38.306000Z,0.075018915607,2025-09-19 20:24:38.306,19.090555555556
Long Yeast Grow,pioreactor02,2025-09-19T18:24:58.306000Z,0.075051308785,2025-09-19 20:24:58.306,19.096111111111
Long Yeast Grow,pioreactor02,2025-09-19T18:25:03.306000Z,0.075054815587,2025-09-19 20:25:03.306,19.0975
Long Yeast Grow,pioreactor02,2025-09-19T18:25:13.305000Z,0.075047856958,2025-09-19 20:25:13.305,19.100277777778
Long Yeast Grow,pioreactor02,2025-09-19T18:26:28.311000Z,0.075061041306,2025-09-19 20:26:28.311,19.121111111111
Long Yeast Grow,pioreactor02,2025-09-19T18:26:43.306000Z,0.075051988473,2025-09-19 20:26:43.306,19.125277777778
Long Yeast Grow,pioreactor02,2025-09-19T18:26:48.306000Z,0.075043215806,2025-09-19 20:26:48.306,19.126666666667
Long Yeast Grow,pioreactor02,2025-09-19T18:26:58.306000Z,0.075032893067,2025-09-19 20:26:58.306,19.129444444444
Long Yeast Grow,pioreactor02,2025-09-19T18:27:18.306000Z,0.075041778991,2025-09-19 20:27:18.306,19.135
Long Yeast Grow,pioreactor02,2025-09-19T18:27:33.307000Z,0.075066262628,2025-09-19 20:27:33.307,19.139166666667
Long Yeast Grow,pioreactor02,2025-09-19T18:28:23.306000Z,0.075042189022,2025-09-19 20:28:23.306,19.153055555556
Long Yeast Grow,pioreactor02,2025-09-19T18:29:03.306000Z,0.075048823679,2025-09-19 20:29:03.306,19.164166666667
Long Yeast Grow,pioreactor02,2025-09-19T18:29:08.310000Z,0.075051682291,2025-09-19 20:29:08.310,19.165555555556
Long Yeast Grow,pioreactor02,2025-09-19T18:29:13.309000Z,0.075035092222,2025-09-19 20:29:13.309,19.166944444444
Long Yeast Grow,pioreactor02,2025-09-19T18:29:28.306000Z,0.075027903379,2025-09-19 20:29:28.306,19.171111111111
Long Yeast Grow,pioreactor02,2025-09-19T18:29:53.308000Z,0.075065258261,2025-09-19 20:29:53.308,19.178055555556
Long Yeast Grow,pioreactor02,2025-09-19T18:31:08.306000Z,0.075049071538,2025-09-19 20:31:08.306,19.198888888889
Long Yeast Grow,pioreactor02,2025-09-19T18:31:28.306000Z,0.075049945851,2025-09-19 20:31:28.306,19.204444444444
Long Yeast Grow,pioreactor02,2025-09-19T18:31:33.306000Z,0.075053578436,2025-09-19 20:31:33.306,19.205833333333
Long Yeast Grow,pioreactor02,2025-09-19T18:32:43.307000Z,0.074998635663,2025-09-19 20:32:43.307,19.225277777778
Long Yeast Grow,pioreactor02,2025-09-19T18:32:58.306000Z,0.074984312954,2025-09-19 20:32:58.306,19.229444444444
Long Yeast Grow,pioreactor02,2025-09-19T18:33:13.306000Z,0.074989045581,2025-09-19 20:33:13.306,19.233611111111
Long Yeast Grow,pioreactor02,2025-09-19T18:34:03.307000Z,0.074994097579,2025-09-19 20:34:03.307,19.2475
Long Yeast Grow,pioreactor02,2025-09-19T18:34:28.307000Z,0.074999208031,2025-09-19 20:34:28.307,19.254444444444
Long Yeast Grow,pioreactor02,2025-09-19T18:34:48.306000Z,0.075024299787,2025-09-19 20:34:48.306,19.26
Long Yeast Grow,pioreactor02,2025-09-19T18:35:28.307000Z,0.075025937785,2025-09-19 20:35:28.307,19.271111111111
Long Yeast Grow,pioreactor02,2025-09-19T18:35:38.308000Z,0.075018183874,2025-09-19 20:35:38.308,19.273888888889
Long Yeast Grow,pioreactor02,2025-09-19T18:37:08.306000Z,0.075020236003,2025-09-19 20:37:08.306,19.298888888889
Long Yeast Grow,pioreactor02,2025-09-19T18:37:33.307000Z,0.074998802811,2025-09-19 20:37:33.307,19.305833333333
Long Yeast Grow,pioreactor02,2025-09-19T18:37:58.306000Z,0.075024376934,2025-09-19 20:37:58.306,19.312777777778
Long Yeast Grow,pioreactor02,2025-09-19T18:38:08.306000Z,0.075039132504,2025-09-19 20:38:08.306,19.315555555556
Long Yeast Grow,pioreactor02,2025-09-19T18:38:28.307000Z,0.075074046171,2025-09-19 20:38:28.307,19.321111111111
Long Yeast Grow,pioreactor02,2025-09-19T18:38:33.306000Z,0.075073912614,2025-09-19 20:38:33.306,19.3225
Long Yeast Grow,pioreactor02,2025-09-19T18:39:13.305000Z,0.075025652583,2025-09-19 20:39:13.305,19.333611111111
Long Yeast Grow,pioreactor02,2025-09-19T18:40:18.306000Z,0.07504976621,2025-09-19 20:40:18.306,19.351666666667
Long Yeast Grow,pioreactor02,2025-09-19T18:41:13.306000Z,0.075065252551,2025-09-19 20:41:13.306,19.366944444444
Long Yeast Grow,pioreactor02,2025-09-19T18:41:18.308000Z,0.075050632626,2025-09-19 20:41:18.308,19.368333333333
Long Yeast Grow,pioreactor02,2025-09-19T18:41:43.306000Z,0.075059130997,2025-09-19 20:41:43.306,19.375277777778
Long Yeast Grow,pioreactor02,2025-09-19T18:42:18.306000Z,0.07504086795,2025-09-19 20:42:18.306,19.385
Long Yeast Grow,pioreactor02,2025-09-19T18:43:08.307000Z,0.075024589539,2025-09-19 20:43:08.307,19.398888888889
Long Yeast Grow,pioreactor02,2025-09-19T18:43:13.306000Z,0.075018433075,2025-09-19 20:43:13.306,19.400277777778
Long Yeast Grow,pioreactor02,2025-09-19T18:43:28.306000Z,0.075004921814,2025-09-19 20:43:28.306,19.404444444444
Long Yeast Grow,pioreactor02,2025-09-19T18:44:08.307000Z,0.074979683674,2025-09-19 20:44:08.307,19.415555555556
Long Yeast Grow,pioreactor02,2025-09-19T18:44:28.306000Z,0.074981563577,2025-09-19 20:44:28.306,19.421111111111
Long Yeast Grow,pioreactor02,2025-09-19T18:46:48.306000Z,0.075007007326,2025-09-19 20:46:48.306,19.46
Long Yeast Grow,pioreactor02,2025-09-19T18:47:03.307000Z,0.074991759333,2025-09-19 20:47:03.307,19.464166666667
Long Yeast Grow,pioreactor02,2025-09-19T18:47:18.306000Z,0.075011951073,2025-09-19 20:47:18.306,19.468333333333
Long Yeast Grow,pioreactor02,2025-09-19T18:48:08.309000Z,0.075044107882,2025-09-19 20:48:08.309,19.482222222222
Long Yeast Grow,pioreactor02,2025-09-19T18:49:13.306000Z,0.075043838669,2025-09-19 20:49:13.306,19.500277777778
Long Yeast Grow,pioreactor02,2025-09-19T18:49:33.306000Z,0.075025326374,2025-09-19 20:49:33.306,19.505833333333
Long Yeast Grow,pioreactor02,2025-09-19T18:49:53.308000Z,0.075036361847,2025-09-19 20:49:53.308,19.511388888889
Long Yeast Grow,pioreactor02,2025-09-19T18:50:03.305000Z,0.075031733208,2025-09-19 20:50:03.305,19.514166666667
Long Yeast Grow,pioreactor02,2025-09-19T18:51:03.306000Z,0.074977132099,2025-09-19 20:51:03.306,19.530833333333
Long Yeast Grow,pioreactor02,2025-09-19T18:51:18.306000Z,0.074982149073,2025-09-19 20:51:18.306,19.535
Long Yeast Grow,pioreactor02,2025-09-19T18:51:33.306000Z,0.075016495236,2025-09-19 20:51:33.306,19.539166666667
Long Yeast Grow,pioreactor02,2025-09-19T18:52:43.307000Z,0.075037383941,2025-09-19 20:52:43.307,19.558611111111
Long Yeast Grow,pioreactor02,2025-09-19T18:52:53.306000Z,0.075043990303,2025-09-19 20:52:53.306,19.561388888889
Long Yeast Grow,pioreactor02,2025-09-19T18:53:53.307000Z,0.075051027478,2025-09-19 20:53:53.307,19.578055555556
Long Yeast Grow,pioreactor02,2025-09-19T18:54:33.305000Z,0.07503834438,2025-09-19 20:54:33.305,19.589166666667
Long Yeast Grow,pioreactor02,2025-09-19T18:54:38.306000Z,0.075046354422,2025-09-19 20:54:38.306,19.590555555556
Long Yeast Grow,pioreactor02,2025-09-19T18:54:58.306000Z,0.075036203014,2025-09-19 20:54:58.306,19.596111111111
Long Yeast Grow,pioreactor02,2025-09-19T18:55:23.306000Z,0.075022186196,2025-09-19 20:55:23.306,19.603055555556
Long Yeast Grow,pioreactor02,2025-09-19T18:56:08.305000Z,0.075033032409,2025-09-19 20:56:08.305,19.615555555556
Long Yeast Grow,pioreactor02,2025-09-19T18:56:58.306000Z,0.074992973481,2025-09-19 20:56:58.306,19.629444444444
Long Yeast Grow,pioreactor02,2025-09-19T18:57:13.307000Z,0.074992099621,2025-09-19 20:57:13.307,19.633611111111
Long Yeast Grow,pioreactor02,2025-09-19T18:58:23.307000Z,0.074987082399,2025-09-19 20:58:23.307,19.653055555556
Long Yeast Grow,pioreactor02,2025-09-19T19:01:08.307000Z,0.075048791143,2025-09-19 21:01:08.307,19.698888888889
Long Yeast Grow,pioreactor02,2025-09-19T19:01:28.307000Z,0.075032806229,2025-09-19 21:01:28.307,19.704444444444
Long Yeast Grow,pioreactor02,2025-09-19T19:01:43.306000Z,0.075045474439,2025-09-19 21:01:43.306,19.708611111111
Long Yeast Grow,pioreactor02,2025-09-19T19:01:58.307000Z,0.075052087159,2025-09-19 21:01:58.307,19.712777777778
Long Yeast Grow,pioreactor02,2025-09-19T19:02:28.306000Z,0.075053162942,2025-09-19 21:02:28.306,19.721111111111
Long Yeast Grow,pioreactor02,2025-09-19T19:03:03.306000Z,0.075039249683,2025-09-19 21:03:03.306,19.730833333333
Long Yeast Grow,pioreactor02,2025-09-19T19:03:08.306000Z,0.075039667244,2025-09-19 21:03:08.306,19.732222222222
Long Yeast Grow,pioreactor02,2025-09-19T19:03:13.309000Z,0.07504101687,2025-09-19 21:03:13.309,19.733611111111
Long Yeast Grow,pioreactor02,2025-09-19T19:03:38.306000Z,0.07503072072,2025-09-19 21:03:38.306,19.740555555556
Long Yeast Grow,pioreactor02,2025-09-19T19:04:58.309000Z,0.075014262054,2025-09-19 21:04:58.309,19.762777777778
Long Yeast Grow,pioreactor02,2025-09-19T19:05:03.307000Z,0.075015152039,2025-09-19 21:05:03.307,19.764166666667
Long Yeast Grow,pioreactor02,2025-09-19T19:05:43.307000Z,0.075006123351,2025-09-19 21:05:43.307,19.775277777778
Long Yeast Grow,pioreactor02,2025-09-19T19:05:48.307000Z,0.075023730176,2025-09-19 21:05:48.307,19.776666666667
Long Yeast Grow,pioreactor02,2025-09-19T19:06:23.307000Z,0.075016220264,2025-09-19 21:06:23.307,19.786388888889
Long Yeast Grow,pioreactor02,2025-09-19T19:06:28.307000Z,0.075014981557,2025-09-19 21:06:28.307,19.787777777778
Long Yeast Grow,pioreactor02,2025-09-19T19:06:38.305000Z,0.075013203588,2025-09-19 21:06:38.305,19.790555555556
Long Yeast Grow,pioreactor02,2025-09-19T19:06:53.306000Z,0.075040467604,2025-09-19 21:06:53.306,19.794722222222
Long Yeast Grow,pioreactor02,2025-09-19T19:08:13.306000Z,0.075015707335,2025-09-19 21:08:13.306,19.816944444444
Long Yeast Grow,pioreactor02,2025-09-19T19:08:38.306000Z,0.074990631024,2025-09-19 21:08:38.306,19.823888888889
Long Yeast Grow,pioreactor02,2025-09-19T19:08:48.307000Z,0.07499405127,2025-09-19 21:08:48.307,19.826666666667
Long Yeast Grow,pioreactor02,2025-09-19T19:09:13.306000Z,0.074999293182,2025-09-19 21:09:13.306,19.833611111111
Long Yeast Grow,pioreactor02,2025-09-19T19:09:58.306000Z,0.075002685497,2025-09-19 21:09:58.306,19.846111111111
Long Yeast Grow,pioreactor02,2025-09-19T19:10:13.311000Z,0.075012450735,2025-09-19 21:10:13.311,19.850277777778
Long Yeast Grow,pioreactor02,2025-09-19T19:10:33.309000Z,0.075012008015,2025-09-19 21:10:33.309,19.855833333333
Long Yeast Grow,pioreactor02,2025-09-19T19:12:03.306000Z,0.075020291073,2025-09-19 21:12:03.306,19.880833333333
Long Yeast Grow,pioreactor02,2025-09-19T19:12:08.305000Z,0.075023532586,2025-09-19 21:12:08.305,19.882222222222
Long Yeast Grow,pioreactor02,2025-09-19T19:12:13.306000Z,0.075035193627,2025-09-19 21:12:13.306,19.883611111111
Long Yeast Grow,pioreactor02,2025-09-19T19:12:53.306000Z,0.075033472548,2025-09-19 21:12:53.306,19.894722222222
Long Yeast Grow,pioreactor02,2025-09-19T19:12:58.307000Z,0.075034797613,2025-09-19 21:12:58.307,19.896111111111
Long Yeast Grow,pioreactor02,2025-09-19T19:13:38.306000Z,0.07503443683,2025-09-19 21:13:38.306,19.907222222222
Long Yeast Grow,pioreactor02,2025-09-19T19:14:08.307000Z,0.075019937635,2025-09-19 21:14:08.307,19.915555555556
Long Yeast Grow,pioreactor02,2025-09-19T19:17:03.307000Z,0.074982555121,2025-09-19 21:17:03.307,19.964166666667
Long Yeast Grow,pioreactor02,2025-09-19T19:17:13.305000Z,0.074976061198,2025-09-19 21:17:13.305,19.966944444444
Long Yeast Grow,pioreactor02,2025-09-19T19:17:43.307000Z,0.074961879168,2025-09-19 21:17:43.307,19.975277777778
Long Yeast Grow,pioreactor02,2025-09-19T19:18:08.306000Z,0.074977740195,2025-09-19 21:18:08.306,19.982222222222
Long Yeast Grow,pioreactor02,2025-09-19T19:18:48.306000Z,0.074968503649,2025-09-19 21:18:48.306,19.993333333333
Long Yeast Grow,pioreactor02,2025-09-19T19:19:08.306000Z,0.074977898996,2025-09-19 21:19:08.306,19.998888888889
Long Yeast Grow,pioreactor02,2025-09-19T19:19:13.308000Z,0.074993078837,2025-09-19 21:19:13.308,20.000277777778
Long Yeast Grow,pioreactor02,2025-09-19T19:19:43.308000Z,0.074974672146,2025-09-19 21:19:43.308,20.008611111111
Long Yeast Grow,pioreactor02,2025-09-19T19:19:53.306000Z,0.074961936388,2025-09-19 21:19:53.306,20.011388888889
Long Yeast Grow,pioreactor02,2025-09-19T19:20:03.306000Z,0.074973008814,2025-09-19 21:20:03.306,20.014166666667
Long Yeast Grow,pioreactor02,2025-09-19T19:20:23.307000Z,0.074981768036,2025-09-19 21:20:23.307,20.019722222222
Long Yeast Grow,pioreactor02,2025-09-19T19:21:03.308000Z,0.074955437718,2025-09-19 21:21:03.308,20.030833333333
Long Yeast Grow,pioreactor02,2025-09-19T19:21:18.305000Z,0.074957990017,2025-09-19 21:21:18.305,20.035
Long Yeast Grow,pioreactor02,2025-09-19T19:21:23.305000Z,0.074948381436,2025-09-19 21:21:23.305,20.036388888889
Long Yeast Grow,pioreactor02,2025-09-19T19:21:48.307000Z,0.07495599277,2025-09-19 21:21:48.307,20.043333333333
Long Yeast Grow,pioreactor02,2025-09-19T19:22:43.306000Z,0.074973569487,2025-09-19 21:22:43.306,20.058611111111
Long Yeast Grow,pioreactor02,2025-09-19T19:22:48.306000Z,0.074969505708,2025-09-19 21:22:48.306,20.06
Long Yeast Grow,pioreactor02,2025-09-19T19:23:18.306000Z,0.074972691232,2025-09-19 21:23:18.306,20.068333333333
Long Yeast Grow,pioreactor02,2025-09-19T19:23:23.306000Z,0.074982104148,2025-09-19 21:23:23.306,20.069722222222
Long Yeast Grow,pioreactor02,2025-09-19T19:23:33.305000Z,0.074989667542,2025-09-19 21:23:33.305,20.0725
Long Yeast Grow,pioreactor02,2025-09-19T19:23:38.306000Z,0.075007460808,2025-09-19 21:23:38.306,20.073888888889
Long Yeast Grow,pioreactor02,2025-09-19T19:24:03.306000Z,0.075000858324,2025-09-19 21:24:03.306,20.080833333333
Long Yeast Grow,pioreactor02,2025-09-19T19:24:08.305000Z,0.075003043242,2025-09-19 21:24:08.305,20.082222222222
Long Yeast Grow,pioreactor02,2025-09-19T19:25:23.306000Z,0.075000462273,2025-09-19 21:25:23.306,20.103055555556
Long Yeast Grow,pioreactor02,2025-09-19T19:25:43.307000Z,0.07500369027,2025-09-19 21:25:43.307,20.108611111111
Long Yeast Grow,pioreactor02,2025-09-19T19:25:58.306000Z,0.07500204213,2025-09-19 21:25:58.306,20.112777777778
Long Yeast Grow,pioreactor02,2025-09-19T19:26:23.306000Z,0.075035037867,2025-09-19 21:26:23.306,20.119722222222
Long Yeast Grow,pioreactor02,2025-09-19T19:26:53.309000Z,0.07503646959,2025-09-19 21:26:53.309,20.128055555556
Long Yeast Grow,pioreactor02,2025-09-19T19:27:43.308000Z,0.074983162538,2025-09-19 21:27:43.308,20.141944444444
Long Yeast Grow,pioreactor02,2025-09-19T19:28:08.306000Z,0.074989701133,2025-09-19 21:28:08.306,20.148888888889
Long Yeast Grow,pioreactor02,2025-09-19T19:28:28.306000Z,0.074990460903,2025-09-19 21:28:28.306,20.154444444444
Long Yeast Grow,pioreactor02,2025-09-19T19:29:28.306000Z,0.074968421596,2025-09-19 21:29:28.306,20.171111111111
Long Yeast Grow,pioreactor02,2025-09-19T19:29:38.307000Z,0.074967928557,2025-09-19 21:29:38.307,20.173888888889
Long Yeast Grow,pioreactor02,2025-09-19T19:30:08.307000Z,0.074982031576,2025-09-19 21:30:08.307,20.182222222222
Long Yeast Grow,pioreactor02,2025-09-19T19:31:38.305000Z,0.075002345613,2025-09-19 21:31:38.305,20.207222222222
Long Yeast Grow,pioreactor02,2025-09-19T19:32:23.306000Z,0.074969553621,2025-09-19 21:32:23.306,20.219722222222
Long Yeast Grow,pioreactor02,2025-09-19T19:33:03.307000Z,0.074976071095,2025-09-19 21:33:03.307,20.230833333333
Long Yeast Grow,pioreactor02,2025-09-19T19:33:33.307000Z,0.074954892231,2025-09-19 21:33:33.307,20.239166666667
Long Yeast Grow,pioreactor02,2025-09-19T19:35:48.306000Z,0.074975732108,2025-09-19 21:35:48.306,20.276666666667
Long Yeast Grow,pioreactor02,2025-09-19T19:36:33.306000Z,0.074977198648,2025-09-19 21:36:33.306,20.289166666667
Long Yeast Grow,pioreactor02,2025-09-19T19:36:38.305000Z,0.074982931403,2025-09-19 21:36:38.305,20.290555555556
Long Yeast Grow,pioreactor02,2025-09-19T19:36:43.305000Z,0.074996108243,2025-09-19 21:36:43.305,20.291944444444
Long Yeast Grow,pioreactor02,2025-09-19T19:36:58.305000Z,0.074980800345,2025-09-19 21:36:58.305,20.296111111111
Long Yeast Grow,pioreactor02,2025-09-19T19:37:38.307000Z,0.075005702289,2025-09-19 21:37:38.307,20.307222222222
Long Yeast Grow,pioreactor02,2025-09-19T19:37:43.305000Z,0.07501032185,2025-09-19 21:37:43.305,20.308611111111
Long Yeast Grow,pioreactor02,2025-09-19T19:38:03.306000Z,0.074995027984,2025-09-19 21:38:03.306,20.314166666667
Long Yeast Grow,pioreactor02,2025-09-19T19:38:13.306000Z,0.075007094612,2025-09-19 21:38:13.306,20.316944444444
Long Yeast Grow,pioreactor02,2025-09-19T19:38:43.307000Z,0.074990177123,2025-09-19 21:38:43.307,20.325277777778
Long Yeast Grow,pioreactor02,2025-09-19T19:39:08.307000Z,0.074976359907,2025-09-19 21:39:08.307,20.332222222222
Long Yeast Grow,pioreactor02,2025-09-19T19:39:28.307000Z,0.074976935844,2025-09-19 21:39:28.307,20.337777777778
Long Yeast Grow,pioreactor02,2025-09-19T19:39:53.306000Z,0.074951326133,2025-09-19 21:39:53.306,20.344722222222
Long Yeast Grow,pioreactor02,2025-09-19T19:40:08.306000Z,0.074949867825,2025-09-19 21:40:08.306,20.348888888889
Long Yeast Grow,pioreactor02,2025-09-19T19:40:23.309000Z,0.074962022151,2025-09-19 21:40:23.309,20.353055555556
Long Yeast Grow,pioreactor02,2025-09-19T19:41:08.306000Z,0.074954013695,2025-09-19 21:41:08.306,20.365555555556
Long Yeast Grow,pioreactor02,2025-09-19T19:42:08.308000Z,0.074979940188,2025-09-19 21:42:08.308,20.382222222222
Long Yeast Grow,pioreactor02,2025-09-19T19:42:18.308000Z,0.074975547345,2025-09-19 21:42:18.308,20.385
Long Yeast Grow,pioreactor02,2025-09-19T19:43:43.308000Z,0.074960736977,2025-09-19 21:43:43.308,20.408611111111
Long Yeast Grow,pioreactor02,2025-09-19T19:43:58.306000Z,0.074957859495,2025-09-19 21:43:58.306,20.412777777778
Long Yeast Grow,pioreactor02,2025-09-19T19:44:28.306000Z,0.074968835563,2025-09-19 21:44:28.306,20.421111111111
Long Yeast Grow,pioreactor02,2025-09-19T19:44:38.306000Z,0.074978337499,2025-09-19 21:44:38.306,20.423888888889
Long Yeast Grow,pioreactor02,2025-09-19T19:44:58.306000Z,0.074971512681,2025-09-19 21:44:58.306,20.429444444444
Long Yeast Grow,pioreactor02,2025-09-19T19:45:18.307000Z,0.074996046251,2025-09-19 21:45:18.307,20.435
Long Yeast Grow,pioreactor02,2025-09-19T19:46:28.307000Z,0.074996100301,2025-09-19 21:46:28.307,20.454444444444
Long Yeast Grow,pioreactor02,2025-09-19T19:46:43.306000Z,0.074989342673,2025-09-19 21:46:43.306,20.458611111111
Long Yeast Grow,pioreactor02,2025-09-19T19:47:38.306000Z,0.0749676259,2025-09-19 21:47:38.306,20.473888888889
Long Yeast Grow,pioreactor02,2025-09-19T19:49:08.306000Z,0.074940144265,2025-09-19 21:49:08.306,20.498888888889
Long Yeast Grow,pioreactor02,2025-09-19T19:50:43.307000Z,0.074972513212,2025-09-19 21:50:43.307,20.525277777778
Long Yeast Grow,pioreactor02,2025-09-19T19:51:23.306000Z,0.074994044162,2025-09-19 21:51:23.306,20.536388888889
Long Yeast Grow,pioreactor02,2025-09-19T19:51:33.307000Z,0.075004727292,2025-09-19 21:51:33.307,20.539166666667
Long Yeast Grow,pioreactor02,2025-09-19T19:51:53.306000Z,0.075009327918,2025-09-19 21:51:53.306,20.544722222222
Long Yeast Grow,pioreactor02,2025-09-19T19:52:03.306000Z,0.075030965377,2025-09-19 21:52:03.306,20.5475
Long Yeast Grow,pioreactor02,2025-09-19T19:52:23.307000Z,0.075015049037,2025-09-19 21:52:23.307,20.553055555556
Long Yeast Grow,pioreactor02,2025-09-19T19:52:53.307000Z,0.075030680376,2025-09-19 21:52:53.307,20.561388888889
Long Yeast Grow,pioreactor02,2025-09-19T19:54:23.306000Z,0.075008419803,2025-09-19 21:54:23.306,20.586388888889
Long Yeast Grow,pioreactor02,2025-09-19T19:54:53.305000Z,0.075000952386,2025-09-19 21:54:53.305,20.594722222222
Long Yeast Grow,pioreactor02,2025-09-19T19:55:18.306000Z,0.074988271144,2025-09-19 21:55:18.306,20.601666666667
Long Yeast Grow,pioreactor02,2025-09-19T19:56:53.306000Z,0.074974935856,2025-09-19 21:56:53.306,20.628055555556
Long Yeast Grow,pioreactor02,2025-09-19T19:57:33.310000Z,0.075012496213,2025-09-19 21:57:33.310,20.639166666667
Long Yeast Grow,pioreactor02,2025-09-19T20:00:23.310000Z,0.075006213205,2025-09-19 22:00:23.310,20.686388888889
Long Yeast Grow,pioreactor02,2025-09-19T20:00:28.306000Z,0.075028448115,2025-09-19 22:00:28.306,20.687777777778
Long Yeast Grow,pioreactor02,2025-09-19T20:00:53.306000Z,0.075018413661,2025-09-19 22:00:53.306,20.694722222222
Long Yeast Grow,pioreactor02,2025-09-19T20:00:58.306000Z,0.075017880275,2025-09-19 22:00:58.306,20.696111111111
Long Yeast Grow,pioreactor02,2025-09-19T20:01:18.306000Z,0.075025734291,2025-09-19 22:01:18.306,20.701666666667
Long Yeast Grow,pioreactor02,2025-09-19T20:02:43.308000Z,0.074990162988,2025-09-19 22:02:43.308,20.725277777778
Long Yeast Grow,pioreactor02,2025-09-19T20:02:58.306000Z,0.075020368646,2025-09-19 22:02:58.306,20.729444444444
Long Yeast Grow,pioreactor02,2025-09-19T20:03:43.306000Z,0.075004469838,2025-09-19 22:03:43.306,20.741944444444
Long Yeast Grow,pioreactor02,2025-09-19T20:03:53.306000Z,0.075000674093,2025-09-19 22:03:53.306,20.744722222222
Long Yeast Grow,pioreactor02,2025-09-19T20:04:03.308000Z,0.075013936571,2025-09-19 22:04:03.308,20.7475
Long Yeast Grow,pioreactor02,2025-09-19T20:04:43.307000Z,0.075004657177,2025-09-19 22:04:43.307,20.758611111111
Long Yeast Grow,pioreactor02,2025-09-19T20:04:53.307000Z,0.075000320993,2025-09-19 22:04:53.307,20.761388888889
Long Yeast Grow,pioreactor02,2025-09-19T20:05:18.308000Z,0.075004550742,2025-09-19 22:05:18.308,20.768333333333
Long Yeast Grow,pioreactor02,2025-09-19T20:05:53.307000Z,0.074991265154,2025-09-19 22:05:53.307,20.778055555556
Long Yeast Grow,pioreactor02,2025-09-19T20:06:38.306000Z,0.075005750628,2025-09-19 22:06:38.306,20.790555555556
Long Yeast Grow,pioreactor02,2025-09-19T20:08:48.307000Z,0.074989306902,2025-09-19 22:08:48.307,20.826666666667
Long Yeast Grow,pioreactor02,2025-09-19T20:09:18.311000Z,0.074974175898,2025-09-19 22:09:18.311,20.835
Long Yeast Grow,pioreactor02,2025-09-19T20:10:13.308000Z,0.074977437199,2025-09-19 22:10:13.308,20.850277777778
Long Yeast Grow,pioreactor02,2025-09-19T20:11:08.306000Z,0.074989759082,2025-09-19 22:11:08.306,20.865555555556
Long Yeast Grow,pioreactor02,2025-09-19T20:11:43.307000Z,0.075001928294,2025-09-19 22:11:43.307,20.875277777778
Long Yeast Grow,pioreactor02,2025-09-19T20:12:08.308000Z,0.075019317946,2025-09-19 22:12:08.308,20.882222222222
Long Yeast Grow,pioreactor02,2025-09-19T20:12:38.306000Z,0.074994079693,2025-09-19 22:12:38.306,20.890555555556
Long Yeast Grow,pioreactor02,2025-09-19T20:13:08.308000Z,0.075000719484,2025-09-19 22:13:08.308,20.898888888889
Long Yeast Grow,pioreactor02,2025-09-19T20:13:23.306000Z,0.075000102486,2025-09-19 22:13:23.306,20.903055555556
Long Yeast Grow,pioreactor02,2025-09-19T20:13:38.307000Z,0.074995189736,2025-09-19 22:13:38.307,20.907222222222
Long Yeast Grow,pioreactor02,2025-09-19T20:14:08.307000Z,0.074990554425,2025-09-19 22:14:08.307,20.915555555556
Long Yeast Grow,pioreactor02,2025-09-19T20:14:48.306000Z,0.075011642845,2025-09-19 22:14:48.306,20.926666666667
Long Yeast Grow,pioreactor02,2025-09-19T20:15:13.306000Z,0.074998097454,2025-09-19 22:15:13.306,20.933611111111
Long Yeast Grow,pioreactor02,2025-09-19T20:16:03.307000Z,0.074983790185,2025-09-19 22:16:03.307,20.9475
Long Yeast Grow,pioreactor02,2025-09-19T20:16:18.307000Z,0.074964830759,2025-09-19 22:16:18.307,20.951666666667
Long Yeast Grow,pioreactor02,2025-09-19T20:18:13.306000Z,0.074969208585,2025-09-19 22:18:13.306,20.983611111111
Long Yeast Grow,pioreactor02,2025-09-19T20:18:23.306000Z,0.07496951144,2025-09-19 22:18:23.306,20.986388888889
Long Yeast Grow,pioreactor02,2025-09-19T20:18:33.306000Z,0.074967155338,2025-09-19 22:18:33.306,20.989166666667
Long Yeast Grow,pioreactor02,2025-09-19T20:18:48.307000Z,0.074965927284,2025-09-19 22:18:48.307,20.993333333333
Long Yeast Grow,pioreactor02,2025-09-19T20:19:13.306000Z,0.074971779126,2025-09-19 22:19:13.306,21.000277777778
Long Yeast Grow,pioreactor02,2025-09-19T20:19:33.308000Z,0.07495032651,2025-09-19 22:19:33.308,21.005833333333
Long Yeast Grow,pioreactor02,2025-09-19T20:21:38.306000Z,0.075007576161,2025-09-19 22:21:38.306,21.040555555556
Long Yeast Grow,pioreactor02,2025-09-19T20:23:03.306000Z,0.074982489658,2025-09-19 22:23:03.306,21.064166666667
Long Yeast Grow,pioreactor02,2025-09-19T20:23:48.306000Z,0.074988146235,2025-09-19 22:23:48.306,21.076666666667
Long Yeast Grow,pioreactor02,2025-09-19T20:24:38.307000Z,0.074939499233,2025-09-19 22:24:38.307,21.090555555556
Long Yeast Grow,pioreactor02,2025-09-19T20:24:48.306000Z,0.074942770231,2025-09-19 22:24:48.306,21.093333333333
Long Yeast Grow,pioreactor02,2025-09-19T20:25:18.307000Z,0.074960415309,2025-09-19 22:25:18.307,21.101666666667
Long Yeast Grow,pioreactor02,2025-09-19T20:25:58.305000Z,0.074934535521,2025-09-19 22:25:58.305,21.112777777778
Long Yeast Grow,pioreactor02,2025-09-19T20:27:33.307000Z,0.074924102798,2025-09-19 22:27:33.307,21.139166666667
Long Yeast Grow,pioreactor02,2025-09-19T20:27:38.308000Z,0.074924942539,2025-09-19 22:27:38.308,21.140555555556
Long Yeast Grow,pioreactor02,2025-09-19T20:28:13.306000Z,0.074919575992,2025-09-19 22:28:13.306,21.150277777778
Long Yeast Grow,pioreactor02,2025-09-19T20:28:33.306000Z,0.074938259854,2025-09-19 22:28:33.306,21.155833333333
Long Yeast Grow,pioreactor02,2025-09-19T20:30:23.307000Z,0.074966274968,2025-09-19 22:30:23.307,21.186388888889
Long Yeast Grow,pioreactor02,2025-09-19T20:30:33.307000Z,0.074972203524,2025-09-19 22:30:33.307,21.189166666667
Long Yeast Grow,pioreactor02,2025-09-19T20:30:58.309000Z,0.07495780061,2025-09-19 22:30:58.309,21.196111111111
Long Yeast Grow,pioreactor02,2025-09-19T20:31:23.306000Z,0.075001682606,2025-09-19 22:31:23.306,21.203055555556
Long Yeast Grow,pioreactor02,2025-09-19T20:32:08.307000Z,0.074983169462,2025-09-19 22:32:08.307,21.215555555556
Long Yeast Grow,pioreactor02,2025-09-19T20:32:18.306000Z,0.074977555278,2025-09-19 22:32:18.306,21.218333333333
Long Yeast Grow,pioreactor02,2025-09-19T20:33:18.306000Z,0.074927211829,2025-09-19 22:33:18.306,21.235
Long Yeast Grow,pioreactor02,2025-09-19T20:33:28.305000Z,0.074938270021,2025-09-19 22:33:28.305,21.237777777778
Long Yeast Grow,pioreactor02,2025-09-19T20:33:48.306000Z,0.074923546266,2025-09-19 22:33:48.306,21.243333333333
Long Yeast Grow,pioreactor02,2025-09-19T20:34:03.306000Z,0.074918901073,2025-09-19 22:34:03.306,21.2475
Long Yeast Grow,pioreactor02,2025-09-19T20:35:33.307000Z,0.074920494764,2025-09-19 22:35:33.307,21.2725
Long Yeast Grow,pioreactor02,2025-09-19T20:35:38.306000Z,0.074926043868,2025-09-19 22:35:38.306,21.273888888889
Long Yeast Grow,pioreactor02,2025-09-19T20:36:28.308000Z,0.074942013735,2025-09-19 22:36:28.308,21.287777777778
Long Yeast Grow,pioreactor02,2025-09-19T20:36:33.306000Z,0.074936294851,2025-09-19 22:36:33.306,21.289166666667
Long Yeast Grow,pioreactor02,2025-09-19T20:36:43.307000Z,0.074947061332,2025-09-19 22:36:43.307,21.291944444444
Long Yeast Grow,pioreactor02,2025-09-19T20:36:48.308000Z,0.074942390788,2025-09-19 22:36:48.308,21.293333333333
Long Yeast Grow,pioreactor02,2025-09-19T20:36:58.307000Z,0.074936511959,2025-09-19 22:36:58.307,21.296111111111
Long Yeast Grow,pioreactor02,2025-09-19T20:37:58.306000Z,0.074964381404,2025-09-19 22:37:58.306,21.312777777778
Long Yeast Grow,pioreactor02,2025-09-19T20:38:43.309000Z,0.074958944205,2025-09-19 22:38:43.309,21.325277777778
Long Yeast Grow,pioreactor02,2025-09-19T20:38:58.307000Z,0.074943613604,2025-09-19 22:38:58.307,21.329444444444
Long Yeast Grow,pioreactor02,2025-09-19T20:39:03.307000Z,0.074943764894,2025-09-19 22:39:03.307,21.330833333333
Long Yeast Grow,pioreactor02,2025-09-19T20:40:08.307000Z,0.074936069741,2025-09-19 22:40:08.307,21.348888888889
Long Yeast Grow,pioreactor02,2025-09-19T20:40:38.305000Z,0.074927590741,2025-09-19 22:40:38.305,21.357222222222
Long Yeast Grow,pioreactor02,2025-09-19T20:40:48.308000Z,0.074933438008,2025-09-19 22:40:48.308,21.36
Long Yeast Grow,pioreactor02,2025-09-19T20:42:18.306000Z,0.074910643104,2025-09-19 22:42:18.306,21.385
Long Yeast Grow,pioreactor02,2025-09-19T20:45:18.306000Z,0.074903616846,2025-09-19 22:45:18.306,21.435
Long Yeast Grow,pioreactor02,2025-09-19T20:45:23.306000Z,0.074890141912,2025-09-19 22:45:23.306,21.436388888889
Long Yeast Grow,pioreactor02,2025-09-19T20:45:33.307000Z,0.074888483517,2025-09-19 22:45:33.307,21.439166666667
Long Yeast Grow,pioreactor02,2025-09-19T20:45:53.307000Z,0.074894217738,2025-09-19 22:45:53.307,21.444722222222
Long Yeast Grow,pioreactor02,2025-09-19T20:46:08.306000Z,0.074911184412,2025-09-19 22:46:08.306,21.448888888889
Long Yeast Grow,pioreactor02,2025-09-19T20:46:13.306000Z,0.074916131611,2025-09-19 22:46:13.306,21.450277777778
Long Yeast Grow,pioreactor02,2025-09-19T20:46:58.306000Z,0.074904650874,2025-09-19 22:46:58.306,21.462777777778
Long Yeast Grow,pioreactor02,2025-09-19T20:48:13.309000Z,0.074930817809,2025-09-19 22:48:13.309,21.483611111111
Long Yeast Grow,pioreactor02,2025-09-19T20:48:43.306000Z,0.074963836693,2025-09-19 22:48:43.306,21.491944444444
Long Yeast Grow,pioreactor02,2025-09-19T20:49:18.308000Z,0.074967287562,2025-09-19 22:49:18.308,21.501666666667
Long Yeast Grow,pioreactor02,2025-09-19T20:49:23.307000Z,0.074965762116,2025-09-19 22:49:23.307,21.503055555556
Long Yeast Grow,pioreactor02,2025-09-19T20:49:33.306000Z,0.0749644789,2025-09-19 22:49:33.306,21.505833333333
Long Yeast Grow,pioreactor02,2025-09-19T20:49:53.309000Z,0.07494949461,2025-09-19 22:49:53.309,21.511388888889
Long Yeast Grow,pioreactor02,2025-09-19T20:51:08.306000Z,0.07492008744,2025-09-19 22:51:08.306,21.532222222222
Long Yeast Grow,pioreactor02,2025-09-19T20:51:58.306000Z,0.074925075508,2025-09-19 22:51:58.306,21.546111111111
Long Yeast Grow,pioreactor02,2025-09-19T20:53:03.306000Z,0.074928619846,2025-09-19 22:53:03.306,21.564166666667
Long Yeast Grow,pioreactor02,2025-09-19T20:53:38.306000Z,0.074895500386,2025-09-19 22:53:38.306,21.573888888889
Long Yeast Grow,pioreactor02,2025-09-19T20:54:58.306000Z,0.074903108652,2025-09-19 22:54:58.306,21.596111111111
Long Yeast Grow,pioreactor02,2025-09-19T20:56:08.305000Z,0.07489637445,2025-09-19 22:56:08.305,21.615555555556
Long Yeast Grow,pioreactor02,2025-09-19T20:56:13.306000Z,0.074914851445,2025-09-19 22:56:13.306,21.616944444444
Long Yeast Grow,pioreactor02,2025-09-19T20:57:38.306000Z,0.074907455356,2025-09-19 22:57:38.306,21.640555555556
Long Yeast Grow,pioreactor02,2025-09-19T20:58:13.306000Z,0.074942222695,2025-09-19 22:58:13.306,21.650277777778
Long Yeast Grow,pioreactor02,2025-09-19T20:58:33.305000Z,0.074953747349,2025-09-19 22:58:33.305,21.655833333333
Long Yeast Grow,pioreactor02,2025-09-19T20:58:58.306000Z,0.074961777611,2025-09-19 22:58:58.306,21.662777777778
Long Yeast Grow,pioreactor02,2025-09-19T20:59:03.306000Z,0.07497005386,2025-09-19 22:59:03.306,21.664166666667
Long Yeast Grow,pioreactor02,2025-09-19T20:59:08.308000Z,0.074967265224,2025-09-19 22:59:08.308,21.665555555556
Long Yeast Grow,pioreactor02,2025-09-19T21:00:08.307000Z,0.074969881056,2025-09-19 23:00:08.307,21.682222222222
Long Yeast Grow,pioreactor02,2025-09-19T21:00:23.306000Z,0.074942995954,2025-09-19 23:00:23.306,21.686388888889
Long Yeast Grow,pioreactor02,2025-09-19T21:01:48.306000Z,0.074934036961,2025-09-19 23:01:48.306,21.71
Long Yeast Grow,pioreactor02,2025-09-19T21:02:23.306000Z,0.07489750161,2025-09-19 23:02:23.306,21.719722222222
Long Yeast Grow,pioreactor02,2025-09-19T21:02:38.308000Z,0.074878979262,2025-09-19 23:02:38.308,21.723888888889
Long Yeast Grow,pioreactor02,2025-09-19T21:02:53.306000Z,0.074871467602,2025-09-19 23:02:53.306,21.728055555556
Long Yeast Grow,pioreactor02,2025-09-19T21:03:03.306000Z,0.074885161394,2025-09-19 23:03:03.306,21.730833333333
Long Yeast Grow,pioreactor02,2025-09-19T21:03:13.306000Z,0.074906258718,2025-09-19 23:03:13.306,21.733611111111
Long Yeast Grow,pioreactor02,2025-09-19T21:03:28.306000Z,0.074925504304,2025-09-19 23:03:28.306,21.737777777778
Long Yeast Grow,pioreactor02,2025-09-19T21:05:03.307000Z,0.074891958739,2025-09-19 23:05:03.307,21.764166666667
Long Yeast Grow,pioreactor02,2025-09-19T21:05:13.308000Z,0.0748638867,2025-09-19 23:05:13.308,21.766944444444
Long Yeast Grow,pioreactor02,2025-09-19T21:05:58.306000Z,0.07484477056,2025-09-19 23:05:58.306,21.779444444444
Long Yeast Grow,pioreactor02,2025-09-19T21:06:08.306000Z,0.074827291076,2025-09-19 23:06:08.306,21.782222222222
Long Yeast Grow,pioreactor02,2025-09-19T21:06:33.307000Z,0.074852136064,2025-09-19 23:06:33.307,21.789166666667
Long Yeast Grow,pioreactor02,2025-09-19T21:06:58.305000Z,0.07485709056,2025-09-19 23:06:58.305,21.796111111111
Long Yeast Grow,pioreactor02,2025-09-19T21:07:03.306000Z,0.074862525714,2025-09-19 23:07:03.306,21.7975
Long Yeast Grow,pioreactor02,2025-09-19T21:07:33.306000Z,0.074881254552,2025-09-19 23:07:33.306,21.805833333333
Long Yeast Grow,pioreactor02,2025-09-19T21:08:03.309000Z,0.074863307605,2025-09-19 23:08:03.309,21.814166666667
Long Yeast Grow,pioreactor02,2025-09-19T21:08:13.308000Z,0.074862603373,2025-09-19 23:08:13.308,21.816944444444
Long Yeast Grow,pioreactor02,2025-09-19T21:08:28.306000Z,0.074855301451,2025-09-19 23:08:28.306,21.821111111111
Long Yeast Grow,pioreactor02,2025-09-19T21:08:58.306000Z,0.074848912609,2025-09-19 23:08:58.306,21.829444444444
Long Yeast Grow,pioreactor02,2025-09-19T21:09:53.310000Z,0.074843452353,2025-09-19 23:09:53.310,21.844722222222
Long Yeast Grow,pioreactor02,2025-09-19T21:10:58.308000Z,0.074839316498,2025-09-19 23:10:58.308,21.862777777778
Long Yeast Grow,pioreactor02,2025-09-19T21:11:18.306000Z,0.074845855752,2025-09-19 23:11:18.306,21.868333333333
Long Yeast Grow,pioreactor02,2025-09-19T21:11:33.306000Z,0.074853343072,2025-09-19 23:11:33.306,21.8725
Long Yeast Grow,pioreactor02,2025-09-19T21:12:03.306000Z,0.074845183695,2025-09-19 23:12:03.306,21.880833333333
Long Yeast Grow,pioreactor02,2025-09-19T21:12:08.306000Z,0.074844374436,2025-09-19 23:12:08.306,21.882222222222
Long Yeast Grow,pioreactor02,2025-09-19T21:12:28.308000Z,0.074857199255,2025-09-19 23:12:28.308,21.887777777778
Long Yeast Grow,pioreactor02,2025-09-19T21:12:53.310000Z,0.07489833098,2025-09-19 23:12:53.310,21.894722222222
Long Yeast Grow,pioreactor02,2025-09-19T21:12:58.306000Z,0.074884663532,2025-09-19 23:12:58.306,21.896111111111
Long Yeast Grow,pioreactor02,2025-09-19T21:13:38.307000Z,0.074893275932,2025-09-19 23:13:38.307,21.907222222222
Long Yeast Grow,pioreactor02,2025-09-19T21:14:03.309000Z,0.074873386537,2025-09-19 23:14:03.309,21.914166666667
Long Yeast Grow,pioreactor02,2025-09-19T21:15:28.307000Z,0.074891182522,2025-09-19 23:15:28.307,21.937777777778
Long Yeast Grow,pioreactor02,2025-09-19T21:16:08.306000Z,0.074892419341,2025-09-19 23:16:08.306,21.948888888889
Long Yeast Grow,pioreactor02,2025-09-19T21:16:43.306000Z,0.074886671259,2025-09-19 23:16:43.306,21.958611111111
Long Yeast Grow,pioreactor02,2025-09-19T21:17:13.307000Z,0.074866644025,2025-09-19 23:17:13.307,21.966944444444
Long Yeast Grow,pioreactor02,2025-09-19T21:17:58.307000Z,0.074907704631,2025-09-19 23:17:58.307,21.979444444444
Long Yeast Grow,pioreactor02,2025-09-19T21:18:08.306000Z,0.07489535417,2025-09-19 23:18:08.306,21.982222222222
Long Yeast Grow,pioreactor02,2025-09-19T21:18:53.307000Z,0.074881093617,2025-09-19 23:18:53.307,21.994722222222
Long Yeast Grow,pioreactor02,2025-09-19T21:19:58.308000Z,0.074884470398,2025-09-19 23:19:58.308,22.012777777778
Long Yeast Grow,pioreactor02,2025-09-19T21:20:18.305000Z,0.074884569894,2025-09-19 23:20:18.305,22.018333333333
Long Yeast Grow,pioreactor02,2025-09-19T21:20:23.307000Z,0.074885281605,2025-09-19 23:20:23.307,22.019722222222
Long Yeast Grow,pioreactor02,2025-09-19T21:21:03.308000Z,0.074863471347,2025-09-19 23:21:03.308,22.030833333333
Long Yeast Grow,pioreactor02,2025-09-19T21:21:33.307000Z,0.074847927275,2025-09-19 23:21:33.307,22.039166666667
Long Yeast Grow,pioreactor02,2025-09-19T21:22:08.308000Z,0.074875909671,2025-09-19 23:22:08.308,22.048888888889
Long Yeast Grow,pioreactor02,2025-09-19T21:22:33.305000Z,0.074858926107,2025-09-19 23:22:33.305,22.055833333333
Long Yeast Grow,pioreactor02,2025-09-19T21:26:08.302000Z,0.074878332724,2025-09-19 23:26:08.302,22.115555555556
Long Yeast Grow,pioreactor02,2025-09-19T21:26:13.302000Z,0.074882416492,2025-09-19 23:26:13.302,22.116944444444
Long Yeast Grow,pioreactor02,2025-09-19T21:27:28.303000Z,0.074883650842,2025-09-19 23:27:28.303,22.137777777778
Long Yeast Grow,pioreactor02,2025-09-19T21:27:48.304000Z,0.074857060092,2025-09-19 23:27:48.304,22.143333333333
Long Yeast Grow,pioreactor02,2025-09-19T21:27:53.302000Z,0.074860879103,2025-09-19 23:27:53.302,22.144722222222
Long Yeast Grow,pioreactor02,2025-09-19T21:28:08.303000Z,0.074874333004,2025-09-19 23:28:08.303,22.148888888889
Long Yeast Grow,pioreactor02,2025-09-19T21:28:33.302000Z,0.074852419559,2025-09-19 23:28:33.302,22.155833333333
Long Yeast Grow,pioreactor02,2025-09-19T21:29:58.303000Z,0.074839641539,2025-09-19 23:29:58.303,22.179444444444
Long Yeast Grow,pioreactor02,2025-09-19T21:30:08.302000Z,0.074833430694,2025-09-19 23:30:08.302,22.182222222222
Long Yeast Grow,pioreactor02,2025-09-19T21:30:58.302000Z,0.074842026714,2025-09-19 23:30:58.302,22.196111111111
Long Yeast Grow,pioreactor02,2025-09-19T21:31:13.304000Z,0.074839997456,2025-09-19 23:31:13.304,22.200277777778
Long Yeast Grow,pioreactor02,2025-09-19T21:31:18.302000Z,0.07484540149,2025-09-19 23:31:18.302,22.201666666667
Long Yeast Grow,pioreactor02,2025-09-19T21:31:28.302000Z,0.07484642062,2025-09-19 23:31:28.302,22.204444444444
Long Yeast Grow,pioreactor02,2025-09-19T21:31:53.303000Z,0.074857840466,2025-09-19 23:31:53.303,22.211388888889
Long Yeast Grow,pioreactor02,2025-09-19T21:33:18.302000Z,0.07486554939,2025-09-19 23:33:18.302,22.235
Long Yeast Grow,pioreactor02,2025-09-19T21:34:33.302000Z,0.074848398238,2025-09-19 23:34:33.302,22.255833333333
Long Yeast Grow,pioreactor02,2025-09-19T21:35:13.303000Z,0.074854959492,2025-09-19 23:35:13.303,22.266944444444
Long Yeast Grow,pioreactor02,2025-09-19T21:35:28.319000Z,0.074883495453,2025-09-19 23:35:28.319,22.271111111111
Long Yeast Grow,pioreactor02,2025-09-19T21:36:28.302000Z,0.074887255355,2025-09-19 23:36:28.302,22.287777777778
Long Yeast Grow,pioreactor02,2025-09-19T21:38:48.303000Z,0.074860524786,2025-09-19 23:38:48.303,22.326666666667
Long Yeast Grow,pioreactor02,2025-09-19T21:39:08.302000Z,0.074832974451,2025-09-19 23:39:08.302,22.332222222222
Long Yeast Grow,pioreactor02,2025-09-19T21:39:43.302000Z,0.074823770007,2025-09-19 23:39:43.302,22.341944444444
Long Yeast Grow,pioreactor02,2025-09-19T21:40:08.302000Z,0.074809380677,2025-09-19 23:40:08.302,22.348888888889
Long Yeast Grow,pioreactor02,2025-09-19T21:40:13.301000Z,0.074813313689,2025-09-19 23:40:13.301,22.350277777778
Long Yeast Grow,pioreactor02,2025-09-19T21:40:33.303000Z,0.074824664791,2025-09-19 23:40:33.303,22.355833333333
Long Yeast Grow,pioreactor02,2025-09-19T21:41:48.301000Z,0.074849965901,2025-09-19 23:41:48.301,22.376666666667
Long Yeast Grow,pioreactor02,2025-09-19T21:42:53.303000Z,0.074895146738,2025-09-19 23:42:53.303,22.394722222222
Long Yeast Grow,pioreactor02,2025-09-19T21:43:08.302000Z,0.07488950473,2025-09-19 23:43:08.302,22.398888888889
Long Yeast Grow,pioreactor02,2025-09-19T21:43:23.302000Z,0.074898963877,2025-09-19 23:43:23.302,22.403055555556
Long Yeast Grow,pioreactor02,2025-09-19T21:43:43.303000Z,0.074890203733,2025-09-19 23:43:43.303,22.408611111111
Long Yeast Grow,pioreactor02,2025-09-19T21:44:58.302000Z,0.074910750923,2025-09-19 23:44:58.302,22.429444444444
Long Yeast Grow,pioreactor02,2025-09-19T21:45:23.302000Z,0.074886250145,2025-09-19 23:45:23.302,22.436388888889
Long Yeast Grow,pioreactor02,2025-09-19T21:47:28.301000Z,0.07487786591,2025-09-19 23:47:28.301,22.471111111111
Long Yeast Grow,pioreactor02,2025-09-19T21:48:13.303000Z,0.074863444936,2025-09-19 23:48:13.303,22.483611111111
Long Yeast Grow,pioreactor02,2025-09-19T21:48:28.303000Z,0.074866875431,2025-09-19 23:48:28.303,22.487777777778
Long Yeast Grow,pioreactor02,2025-09-19T21:49:18.303000Z,0.074876886212,2025-09-19 23:49:18.303,22.501666666667
Long Yeast Grow,pioreactor02,2025-09-19T21:50:03.302000Z,0.074908289399,2025-09-19 23:50:03.302,22.514166666667
Long Yeast Grow,pioreactor02,2025-09-19T21:50:08.301000Z,0.074882142589,2025-09-19 23:50:08.301,22.515555555556
Long Yeast Grow,pioreactor02,2025-09-19T21:50:13.303000Z,0.07488607412,2025-09-19 23:50:13.303,22.516944444444
Long Yeast Grow,pioreactor02,2025-09-19T21:50:33.302000Z,0.074866055705,2025-09-19 23:50:33.302,22.5225
Long Yeast Grow,pioreactor02,2025-09-19T21:50:48.302000Z,0.074853944249,2025-09-19 23:50:48.302,22.526666666667
Long Yeast Grow,pioreactor02,2025-09-19T21:51:13.301000Z,0.074844482083,2025-09-19 23:51:13.301,22.533611111111
Long Yeast Grow,pioreactor02,2025-09-19T21:51:18.304000Z,0.074845908094,2025-09-19 23:51:18.304,22.535
Long Yeast Grow,pioreactor02,2025-09-19T21:53:23.302000Z,0.074837997842,2025-09-19 23:53:23.302,22.569722222222
Long Yeast Grow,pioreactor02,2025-09-19T21:53:38.302000Z,0.074848725947,2025-09-19 23:53:38.302,22.573888888889
Long Yeast Grow,pioreactor02,2025-09-19T21:55:03.303000Z,0.074871329925,2025-09-19 23:55:03.303,22.5975
Long Yeast Grow,pioreactor02,2025-09-19T21:55:43.305000Z,0.074869665382,2025-09-19 23:55:43.305,22.608611111111
Long Yeast Grow,pioreactor02,2025-09-19T21:57:33.303000Z,0.074832930475,2025-09-19 23:57:33.303,22.639166666667
Long Yeast Grow,pioreactor02,2025-09-19T21:57:43.301000Z,0.074824213971,2025-09-19 23:57:43.301,22.641944444444
Long Yeast Grow,pioreactor02,2025-09-19T21:58:48.303000Z,0.074869815156,2025-09-19 23:58:48.303,22.66
Long Yeast Grow,pioreactor02,2025-09-19T21:59:23.302000Z,0.074842965932,2025-09-19 23:59:23.302,22.669722222222
Long Yeast Grow,pioreactor02,2025-09-19T21:59:48.302000Z,0.074832198088,2025-09-19 23:59:48.302,22.676666666667
Long Yeast Grow,pioreactor02,2025-09-19T21:59:58.302000Z,0.074834436123,2025-09-19 23:59:58.302,22.679444444444
Long Yeast Grow,pioreactor02,2025-09-19T22:00:08.304000Z,0.074821050261,2025-09-20 00:00:08.304,22.682222222222
Long Yeast Grow,pioreactor02,2025-09-19T22:00:48.304000Z,0.074785069608,2025-09-20 00:00:48.304,22.693333333333
Long Yeast Grow,pioreactor02,2025-09-19T22:00:58.303000Z,0.074775795685,2025-09-20 00:00:58.303,22.696111111111
Long Yeast Grow,pioreactor02,2025-09-19T22:01:03.302000Z,0.074775539757,2025-09-20 00:01:03.302,22.6975
Long Yeast Grow,pioreactor02,2025-09-19T22:01:08.305000Z,0.074770284041,2025-09-20 00:01:08.305,22.698888888889
Long Yeast Grow,pioreactor02,2025-09-19T22:02:13.305000Z,0.074713686864,2025-09-20 00:02:13.305,22.716944444444
Long Yeast Grow,pioreactor02,2025-09-19T22:02:18.303000Z,0.074709235047,2025-09-20 00:02:18.303,22.718333333333
Long Yeast Grow,pioreactor02,2025-09-19T22:02:33.303000Z,0.074693482497,2025-09-20 00:02:33.303,22.7225
Long Yeast Grow,pioreactor02,2025-09-19T22:03:33.304000Z,0.074631710721,2025-09-20 00:03:33.304,22.739166666667
Long Yeast Grow,pioreactor02,2025-09-19T22:03:38.304000Z,0.074631768619,2025-09-20 00:03:38.304,22.740555555556
Long Yeast Grow,pioreactor02,2025-09-19T22:05:38.304000Z,0.074606543758,2025-09-20 00:05:38.304,22.773888888889
Long Yeast Grow,pioreactor02,2025-09-19T22:06:08.303000Z,0.074617667336,2025-09-20 00:06:08.303,22.782222222222
Long Yeast Grow,pioreactor02,2025-09-19T22:06:33.302000Z,0.074645559953,2025-09-20 00:06:33.302,22.789166666667
Long Yeast Grow,pioreactor02,2025-09-19T22:06:38.305000Z,0.074640275928,2025-09-20 00:06:38.305,22.790555555556
Long Yeast Grow,pioreactor02,2025-09-19T22:07:03.303000Z,0.074667166529,2025-09-20 00:07:03.303,22.7975
Long Yeast Grow,pioreactor02,2025-09-19T22:07:33.303000Z,0.074662934126,2025-09-20 00:07:33.303,22.805833333333
Long Yeast Grow,pioreactor02,2025-09-19T22:07:38.302000Z,0.074653976894,2025-09-20 00:07:38.302,22.807222222222
Long Yeast Grow,pioreactor02,2025-09-19T22:08:28.304000Z,0.074664467803,2025-09-20 00:08:28.304,22.821111111111
Long Yeast Grow,pioreactor02,2025-09-19T22:08:38.304000Z,0.074659046348,2025-09-20 00:08:38.304,22.823888888889
Long Yeast Grow,pioreactor02,2025-09-19T22:08:48.301000Z,0.074667106036,2025-09-20 00:08:48.301,22.826666666667
Long Yeast Grow,pioreactor02,2025-09-19T22:09:43.303000Z,0.074647005071,2025-09-20 00:09:43.303,22.841944444444
Long Yeast Grow,pioreactor02,2025-09-19T22:09:48.303000Z,0.074651275254,2025-09-20 00:09:48.303,22.843333333333
Long Yeast Grow,pioreactor02,2025-09-19T22:10:38.303000Z,0.07467173156,2025-09-20 00:10:38.303,22.857222222222
Long Yeast Grow,pioreactor02,2025-09-19T22:10:58.305000Z,0.074681363884,2025-09-20 00:10:58.305,22.862777777778
Long Yeast Grow,pioreactor02,2025-09-19T22:12:18.302000Z,0.074705956823,2025-09-20 00:12:18.302,22.885
Long Yeast Grow,pioreactor02,2025-09-19T22:12:23.302000Z,0.074682789321,2025-09-20 00:12:23.302,22.886388888889
Long Yeast Grow,pioreactor02,2025-09-19T22:12:43.306000Z,0.07465849944,2025-09-20 00:12:43.306,22.891944444444
Long Yeast Grow,pioreactor02,2025-09-19T22:13:08.302000Z,0.074688514626,2025-09-20 00:13:08.302,22.898888888889
Long Yeast Grow,pioreactor02,2025-09-19T22:14:13.302000Z,0.074687407244,2025-09-20 00:14:13.302,22.916944444444
Long Yeast Grow,pioreactor02,2025-09-19T22:14:23.302000Z,0.07467011859,2025-09-20 00:14:23.302,22.919722222222
Long Yeast Grow,pioreactor02,2025-09-19T22:14:38.302000Z,0.074677182014,2025-09-20 00:14:38.302,22.923888888889
Long Yeast Grow,pioreactor02,2025-09-19T22:15:08.301000Z,0.074694185069,2025-09-20 00:15:08.301,22.932222222222
Long Yeast Grow,pioreactor02,2025-09-19T22:16:28.303000Z,0.074700437353,2025-09-20 00:16:28.303,22.954444444444
Long Yeast Grow,pioreactor02,2025-09-19T22:16:53.303000Z,0.074715186141,2025-09-20 00:16:53.303,22.961388888889
Long Yeast Grow,pioreactor02,2025-09-19T22:18:13.303000Z,0.07468774647,2025-09-20 00:18:13.303,22.983611111111
Long Yeast Grow,pioreactor02,2025-09-19T22:18:43.303000Z,0.074708719283,2025-09-20 00:18:43.303,22.991944444444
Long Yeast Grow,pioreactor02,2025-09-19T22:19:23.302000Z,0.074682600772,2025-09-20 00:19:23.302,23.003055555556
Long Yeast Grow,pioreactor02,2025-09-19T22:19:48.301000Z,0.074711823367,2025-09-20 00:19:48.301,23.01
Long Yeast Grow,pioreactor02,2025-09-19T22:19:53.302000Z,0.07472312914,2025-09-20 00:19:53.302,23.011388888889
Long Yeast Grow,pioreactor02,2025-09-19T22:21:13.302000Z,0.0747488194,2025-09-20 00:21:13.302,23.033611111111
Long Yeast Grow,pioreactor02,2025-09-19T22:21:58.303000Z,0.074781315831,2025-09-20 00:21:58.303,23.046111111111
Long Yeast Grow,pioreactor02,2025-09-19T22:24:33.303000Z,0.074740485459,2025-09-20 00:24:33.303,23.089166666667
Long Yeast Grow,pioreactor02,2025-09-19T22:24:43.302000Z,0.074762001081,2025-09-20 00:24:43.302,23.091944444444
Long Yeast Grow,pioreactor02,2025-09-19T22:25:13.302000Z,0.074793147954,2025-09-20 00:25:13.302,23.100277777778
Long Yeast Grow,pioreactor02,2025-09-19T22:25:28.303000Z,0.074776509979,2025-09-20 00:25:28.303,23.104444444444
Long Yeast Grow,pioreactor02,2025-09-19T22:26:53.302000Z,0.07475187405,2025-09-20 00:26:53.302,23.128055555556
Long Yeast Grow,pioreactor02,2025-09-19T22:27:03.302000Z,0.074740772449,2025-09-20 00:27:03.302,23.130833333333
Long Yeast Grow,pioreactor02,2025-09-19T22:27:28.303000Z,0.074731427395,2025-09-20 00:27:28.303,23.137777777778
Long Yeast Grow,pioreactor02,2025-09-19T22:28:28.306000Z,0.074738591194,2025-09-20 00:28:28.306,23.154444444444
Long Yeast Grow,pioreactor02,2025-09-19T22:28:38.305000Z,0.074729294561,2025-09-20 00:28:38.305,23.157222222222
Long Yeast Grow,pioreactor02,2025-09-19T22:28:43.304000Z,0.074732781045,2025-09-20 00:28:43.304,23.158611111111
Long Yeast Grow,pioreactor02,2025-09-19T22:29:53.302000Z,0.0747376027,2025-09-20 00:29:53.302,23.178055555556
Long Yeast Grow,pioreactor02,2025-09-19T22:30:08.302000Z,0.074729650103,2025-09-20 00:30:08.302,23.182222222222
Long Yeast Grow,pioreactor02,2025-09-19T22:30:18.303000Z,0.074738594511,2025-09-20 00:30:18.303,23.185
Long Yeast Grow,pioreactor02,2025-09-19T22:30:28.302000Z,0.07473590262,2025-09-20 00:30:28.302,23.187777777778
Long Yeast Grow,pioreactor02,2025-09-19T22:30:33.302000Z,0.074716461888,2025-09-20 00:30:33.302,23.189166666667
Long Yeast Grow,pioreactor02,2025-09-19T22:30:48.302000Z,0.074713762588,2025-09-20 00:30:48.302,23.193333333333
Long Yeast Grow,pioreactor02,2025-09-19T22:30:58.303000Z,0.074705957029,2025-09-20 00:30:58.303,23.196111111111
Long Yeast Grow,pioreactor02,2025-09-19T22:31:28.304000Z,0.07468699568,2025-09-20 00:31:28.304,23.204444444444
Long Yeast Grow,pioreactor02,2025-09-19T22:31:33.302000Z,0.074691595502,2025-09-20 00:31:33.302,23.205833333333
Long Yeast Grow,pioreactor02,2025-09-19T22:34:03.304000Z,0.074696255363,2025-09-20 00:34:03.304,23.2475
Long Yeast Grow,pioreactor02,2025-09-19T22:35:48.304000Z,0.074760920262,2025-09-20 00:35:48.304,23.276666666667
Long Yeast Grow,pioreactor02,2025-09-19T22:36:13.304000Z,0.074759502712,2025-09-20 00:36:13.304,23.283611111111
Long Yeast Grow,pioreactor02,2025-09-19T22:37:08.304000Z,0.074804508728,2025-09-20 00:37:08.304,23.298888888889
Long Yeast Grow,pioreactor02,2025-09-19T22:38:48.302000Z,0.07485556455,2025-09-20 00:38:48.302,23.326666666667
Long Yeast Grow,pioreactor02,2025-09-19T22:39:13.303000Z,0.074843061986,2025-09-20 00:39:13.303,23.333611111111
Long Yeast Grow,pioreactor02,2025-09-19T22:40:03.302000Z,0.074801721692,2025-09-20 00:40:03.302,23.3475
Long Yeast Grow,pioreactor02,2025-09-19T22:42:28.303000Z,0.074784176602,2025-09-20 00:42:28.303,23.387777777778
Long Yeast Grow,pioreactor02,2025-09-19T22:44:03.302000Z,0.07478218766,2025-09-20 00:44:03.302,23.414166666667
Long Yeast Grow,pioreactor02,2025-09-19T22:44:58.302000Z,0.074787969137,2025-09-20 00:44:58.302,23.429444444444
Long Yeast Grow,pioreactor02,2025-09-19T22:45:28.303000Z,0.074778804931,2025-09-20 00:45:28.303,23.437777777778
Long Yeast Grow,pioreactor02,2025-09-19T22:45:48.302000Z,0.074766425456,2025-09-20 00:45:48.302,23.443333333333
Long Yeast Grow,pioreactor02,2025-09-19T22:45:58.303000Z,0.074754448912,2025-09-20 00:45:58.303,23.446111111111
Long Yeast Grow,pioreactor02,2025-09-19T22:48:08.303000Z,0.074701201407,2025-09-20 00:48:08.303,23.482222222222
Long Yeast Grow,pioreactor02,2025-09-19T22:48:43.302000Z,0.074698560232,2025-09-20 00:48:43.302,23.491944444444
Long Yeast Grow,pioreactor02,2025-09-19T22:48:58.303000Z,0.074696886531,2025-09-20 00:48:58.303,23.496111111111
Long Yeast Grow,pioreactor02,2025-09-19T22:49:03.302000Z,0.074701167088,2025-09-20 00:49:03.302,23.4975
Long Yeast Grow,pioreactor02,2025-09-19T22:49:28.305000Z,0.074684875415,2025-09-20 00:49:28.305,23.504444444444
Long Yeast Grow,pioreactor02,2025-09-19T22:49:43.303000Z,0.074704768496,2025-09-20 00:49:43.303,23.508611111111
Long Yeast Grow,pioreactor02,2025-09-19T22:50:28.303000Z,0.074695748625,2025-09-20 00:50:28.303,23.521111111111
Long Yeast Grow,pioreactor02,2025-09-19T22:50:53.304000Z,0.074710578516,2025-09-20 00:50:53.304,23.528055555556
Long Yeast Grow,pioreactor02,2025-09-19T22:51:53.302000Z,0.074739242186,2025-09-20 00:51:53.302,23.544722222222
Long Yeast Grow,pioreactor02,2025-09-19T22:52:08.302000Z,0.074761639605,2025-09-20 00:52:08.302,23.548888888889
Long Yeast Grow,pioreactor02,2025-09-19T22:53:08.303000Z,0.074772119276,2025-09-20 00:53:08.303,23.565555555556
Long Yeast Grow,pioreactor02,2025-09-19T22:53:28.303000Z,0.074770965737,2025-09-20 00:53:28.303,23.571111111111
Long Yeast Grow,pioreactor02,2025-09-19T22:53:38.302000Z,0.074761318258,2025-09-20 00:53:38.302,23.573888888889
Long Yeast Grow,pioreactor02,2025-09-19T22:54:33.301000Z,0.074746059797,2025-09-20 00:54:33.301,23.589166666667
Long Yeast Grow,pioreactor02,2025-09-19T22:54:43.302000Z,0.07475155924,2025-09-20 00:54:43.302,23.591944444444
Long Yeast Grow,pioreactor02,2025-09-19T22:55:58.303000Z,0.074701173974,2025-09-20 00:55:58.303,23.612777777778
Long Yeast Grow,pioreactor02,2025-09-19T22:56:08.302000Z,0.074701868043,2025-09-20 00:56:08.302,23.615555555556
Long Yeast Grow,pioreactor02,2025-09-19T22:56:28.303000Z,0.074716137449,2025-09-20 00:56:28.303,23.621111111111
Long Yeast Grow,pioreactor02,2025-09-19T22:56:38.303000Z,0.074712369974,2025-09-20 00:56:38.303,23.623888888889
Long Yeast Grow,pioreactor02,2025-09-19T22:56:58.302000Z,0.074723977964,2025-09-20 00:56:58.302,23.629444444444
Long Yeast Grow,pioreactor02,2025-09-19T22:58:03.302000Z,0.074711960098,2025-09-20 00:58:03.302,23.6475
Long Yeast Grow,pioreactor02,2025-09-19T22:58:13.302000Z,0.07469620999,2025-09-20 00:58:13.302,23.650277777778
Long Yeast Grow,pioreactor02,2025-09-19T22:59:08.302000Z,0.074694965908,2025-09-20 00:59:08.302,23.665555555556
Long Yeast Grow,pioreactor02,2025-09-19T22:59:43.301000Z,0.074702391849,2025-09-20 00:59:43.301,23.675277777778
Long Yeast Grow,pioreactor02,2025-09-19T23:00:18.302000Z,0.07467524244,2025-09-20 01:00:18.302,23.685
Long Yeast Grow,pioreactor02,2025-09-19T23:00:43.303000Z,0.074692608448,2025-09-20 01:00:43.303,23.691944444444
Long Yeast Grow,pioreactor02,2025-09-19T23:02:28.302000Z,0.074668464332,2025-09-20 01:02:28.302,23.721111111111
Long Yeast Grow,pioreactor02,2025-09-19T23:02:48.302000Z,0.074685181328,2025-09-20 01:02:48.302,23.726666666667
Long Yeast Grow,pioreactor02,2025-09-19T23:03:28.302000Z,0.074675233151,2025-09-20 01:03:28.302,23.737777777778
Long Yeast Grow,pioreactor02,2025-09-19T23:04:18.303000Z,0.074661526538,2025-09-20 01:04:18.303,23.751666666667
Long Yeast Grow,pioreactor02,2025-09-19T23:04:38.302000Z,0.074647198725,2025-09-20 01:04:38.302,23.757222222222
Long Yeast Grow,pioreactor02,2025-09-19T23:05:08.302000Z,0.074676653665,2025-09-20 01:05:08.302,23.765555555556
Long Yeast Grow,pioreactor02,2025-09-19T23:05:23.302000Z,0.074654409875,2025-09-20 01:05:23.302,23.769722222222
Long Yeast Grow,pioreactor02,2025-09-19T23:05:28.303000Z,0.074631771618,2025-09-20 01:05:28.303,23.771111111111
Long Yeast Grow,pioreactor02,2025-09-19T23:05:58.301000Z,0.074672302722,2025-09-20 01:05:58.301,23.779444444444
Long Yeast Grow,pioreactor02,2025-09-19T23:06:03.303000Z,0.0746697166,2025-09-20 01:06:03.303,23.780833333333
Long Yeast Grow,pioreactor02,2025-09-19T23:06:08.304000Z,0.07466950438,2025-09-20 01:06:08.304,23.782222222222
Long Yeast Grow,pioreactor02,2025-09-19T23:06:28.302000Z,0.074654902894,2025-09-20 01:06:28.302,23.787777777778
Long Yeast Grow,pioreactor02,2025-09-19T23:06:33.302000Z,0.074679595785,2025-09-20 01:06:33.302,23.789166666667
Long Yeast Grow,pioreactor02,2025-09-19T23:06:38.302000Z,0.074681645746,2025-09-20 01:06:38.302,23.790555555556
Long Yeast Grow,pioreactor02,2025-09-19T23:06:48.303000Z,0.074672004939,2025-09-20 01:06:48.303,23.793333333333
Long Yeast Grow,pioreactor02,2025-09-19T23:07:28.301000Z,0.074657034408,2025-09-20 01:07:28.301,23.804444444444
Long Yeast Grow,pioreactor02,2025-09-19T23:07:53.303000Z,0.07465966023,2025-09-20 01:07:53.303,23.811388888889
Long Yeast Grow,pioreactor02,2025-09-19T23:08:13.303000Z,0.07465866149,2025-09-20 01:08:13.303,23.816944444444
Long Yeast Grow,pioreactor02,2025-09-19T23:10:08.302000Z,0.07468305185,2025-09-20 01:10:08.302,23.848888888889
Long Yeast Grow,pioreactor02,2025-09-19T23:10:28.301000Z,0.074694457714,2025-09-20 01:10:28.301,23.854444444444
Long Yeast Grow,pioreactor02,2025-09-19T23:11:28.304000Z,0.074678111298,2025-09-20 01:11:28.304,23.871111111111
Long Yeast Grow,pioreactor02,2025-09-19T23:13:38.302000Z,0.074641654296,2025-09-20 01:13:38.302,23.907222222222
Long Yeast Grow,pioreactor02,2025-09-19T23:15:38.302000Z,0.07466079857,2025-09-20 01:15:38.302,23.940555555556
Long Yeast Grow,pioreactor02,2025-09-19T23:15:43.303000Z,0.074672100293,2025-09-20 01:15:43.303,23.941944444444
Long Yeast Grow,pioreactor02,2025-09-19T23:15:48.303000Z,0.074655575453,2025-09-20 01:15:48.303,23.943333333333
Long Yeast Grow,pioreactor02,2025-09-19T23:16:03.302000Z,0.074652805639,2025-09-20 01:16:03.302,23.9475
Long Yeast Grow,pioreactor02,2025-09-19T23:19:28.302000Z,0.07464860784,2025-09-20 01:19:28.302,24.004444444444
Long Yeast Grow,pioreactor02,2025-09-19T23:19:33.302000Z,0.074654906966,2025-09-20 01:19:33.302,24.005833333333
Long Yeast Grow,pioreactor02,2025-09-19T23:19:58.304000Z,0.074620028853,2025-09-20 01:19:58.304,24.012777777778
Long Yeast Grow,pioreactor02,2025-09-19T23:20:08.302000Z,0.074635571185,2025-09-20 01:20:08.302,24.015555555556
Long Yeast Grow,pioreactor02,2025-09-19T23:20:18.301000Z,0.074649250482,2025-09-20 01:20:18.301,24.018333333333
Long Yeast Grow,pioreactor02,2025-09-19T23:20:23.303000Z,0.074647343814,2025-09-20 01:20:23.303,24.019722222222
Long Yeast Grow,pioreactor02,2025-09-19T23:20:33.302000Z,0.074637746526,2025-09-20 01:20:33.302,24.0225
Long Yeast Grow,pioreactor02,2025-09-19T23:20:38.302000Z,0.074641348603,2025-09-20 01:20:38.302,24.023888888889
Long Yeast Grow,pioreactor02,2025-09-19T23:20:43.302000Z,0.074644273013,2025-09-20 01:20:43.302,24.025277777778
Long Yeast Grow,pioreactor02,2025-09-19T23:20:48.303000Z,0.074625019702,2025-09-20 01:20:48.303,24.026666666667
Long Yeast Grow,pioreactor02,2025-09-19T23:22:43.302000Z,0.074665338477,2025-09-20 01:22:43.302,24.058611111111
Long Yeast Grow,pioreactor02,2025-09-19T23:22:58.302000Z,0.074658515471,2025-09-20 01:22:58.302,24.062777777778
Long Yeast Grow,pioreactor02,2025-09-19T23:23:08.302000Z,0.074657264753,2025-09-20 01:23:08.302,24.065555555556
Long Yeast Grow,pioreactor02,2025-09-19T23:23:23.303000Z,0.074652781068,2025-09-20 01:23:23.303,24.069722222222
Long Yeast Grow,pioreactor02,2025-09-19T23:23:43.303000Z,0.07464290233,2025-09-20 01:23:43.303,24.075277777778
Long Yeast Grow,pioreactor02,2025-09-19T23:23:53.302000Z,0.074631991258,2025-09-20 01:23:53.302,24.078055555556
Long Yeast Grow,pioreactor02,2025-09-19T23:25:13.302000Z,0.074642257746,2025-09-20 01:25:13.302,24.100277777778
Long Yeast Grow,pioreactor02,2025-09-19T23:26:48.302000Z,0.074634552352,2025-09-20 01:26:48.302,24.126666666667
Long Yeast Grow,pioreactor02,2025-09-19T23:27:03.302000Z,0.074610894822,2025-09-20 01:27:03.302,24.130833333333
Long Yeast Grow,pioreactor02,2025-09-19T23:27:23.302000Z,0.074624087539,2025-09-20 01:27:23.302,24.136388888889
Long Yeast Grow,pioreactor02,2025-09-19T23:28:08.303000Z,0.074611513368,2025-09-20 01:28:08.303,24.148888888889
Long Yeast Grow,pioreactor02,2025-09-19T23:28:23.302000Z,0.074626289904,2025-09-20 01:28:23.302,24.153055555556
Long Yeast Grow,pioreactor02,2025-09-19T23:28:38.302000Z,0.074610235563,2025-09-20 01:28:38.302,24.157222222222
Long Yeast Grow,pioreactor02,2025-09-19T23:29:38.302000Z,0.074640922841,2025-09-20 01:29:38.302,24.173888888889
Long Yeast Grow,pioreactor02,2025-09-19T23:30:13.303000Z,0.074636813764,2025-09-20 01:30:13.303,24.183611111111
Long Yeast Grow,pioreactor02,2025-09-19T23:30:33.301000Z,0.074643043325,2025-09-20 01:30:33.301,24.189166666667
Long Yeast Grow,pioreactor02,2025-09-19T23:31:08.302000Z,0.074612120388,2025-09-20 01:31:08.302,24.198888888889
Long Yeast Grow,pioreactor02,2025-09-19T23:31:18.303000Z,0.074614460314,2025-09-20 01:31:18.303,24.201666666667
Long Yeast Grow,pioreactor02,2025-09-19T23:31:28.303000Z,0.074620612953,2025-09-20 01:31:28.303,24.204444444444
Long Yeast Grow,pioreactor02,2025-09-19T23:33:23.303000Z,0.074595128795,2025-09-20 01:33:23.303,24.236388888889
Long Yeast Grow,pioreactor02,2025-09-19T23:33:43.303000Z,0.074594707361,2025-09-20 01:33:43.303,24.241944444444
Long Yeast Grow,pioreactor02,2025-09-19T23:34:03.301000Z,0.074609439124,2025-09-20 01:34:03.301,24.2475
Long Yeast Grow,pioreactor02,2025-09-19T23:34:13.303000Z,0.074623555277,2025-09-20 01:34:13.303,24.250277777778
Long Yeast Grow,pioreactor02,2025-09-19T23:34:23.302000Z,0.074632985255,2025-09-20 01:34:23.302,24.253055555556
Long Yeast Grow,pioreactor02,2025-09-19T23:34:28.307000Z,0.07464458565,2025-09-20 01:34:28.307,24.254444444444
Long Yeast Grow,pioreactor02,2025-09-19T23:35:18.304000Z,0.074668667559,2025-09-20 01:35:18.304,24.268333333333
Long Yeast Grow,pioreactor02,2025-09-19T23:36:48.302000Z,0.074573322443,2025-09-20 01:36:48.302,24.293333333333
Long Yeast Grow,pioreactor02,2025-09-19T23:36:58.302000Z,0.074567844234,2025-09-20 01:36:58.302,24.296111111111
Long Yeast Grow,pioreactor02,2025-09-19T23:38:28.302000Z,0.074572241218,2025-09-20 01:38:28.302,24.321111111111
Long Yeast Grow,pioreactor02,2025-09-19T23:39:18.301000Z,0.074574934757,2025-09-20 01:39:18.301,24.335
Long Yeast Grow,pioreactor02,2025-09-19T23:39:23.302000Z,0.074571297031,2025-09-20 01:39:23.302,24.336388888889
Long Yeast Grow,pioreactor02,2025-09-19T23:39:48.302000Z,0.074564880884,2025-09-20 01:39:48.302,24.343333333333
Long Yeast Grow,pioreactor02,2025-09-19T23:40:03.303000Z,0.074563266045,2025-09-20 01:40:03.303,24.3475
Long Yeast Grow,pioreactor02,2025-09-19T23:40:43.302000Z,0.074610613346,2025-09-20 01:40:43.302,24.358611111111
Long Yeast Grow,pioreactor02,2025-09-19T23:40:53.303000Z,0.074602632555,2025-09-20 01:40:53.303,24.361388888889
Long Yeast Grow,pioreactor02,2025-09-19T23:41:33.302000Z,0.074599382063,2025-09-20 01:41:33.302,24.3725
Long Yeast Grow,pioreactor02,2025-09-19T23:41:43.303000Z,0.074606985586,2025-09-20 01:41:43.303,24.375277777778
Long Yeast Grow,pioreactor02,2025-09-19T23:42:28.304000Z,0.074602429404,2025-09-20 01:42:28.304,24.387777777778
Long Yeast Grow,pioreactor02,2025-09-19T23:43:03.302000Z,0.074604958138,2025-09-20 01:43:03.302,24.3975
Long Yeast Grow,pioreactor02,2025-09-19T23:43:08.302000Z,0.074590090974,2025-09-20 01:43:08.302,24.398888888889
Long Yeast Grow,pioreactor02,2025-09-19T23:43:38.305000Z,0.074619282614,2025-09-20 01:43:38.305,24.407222222222
Long Yeast Grow,pioreactor02,2025-09-19T23:44:03.302000Z,0.074588746773,2025-09-20 01:44:03.302,24.414166666667
Long Yeast Grow,pioreactor02,2025-09-19T23:44:38.304000Z,0.07459127969,2025-09-20 01:44:38.304,24.423888888889
Long Yeast Grow,pioreactor02,2025-09-19T23:44:43.304000Z,0.074591707121,2025-09-20 01:44:43.304,24.425277777778
Long Yeast Grow,pioreactor02,2025-09-19T23:45:53.305000Z,0.074571505319,2025-09-20 01:45:53.305,24.444722222222
Long Yeast Grow,pioreactor02,2025-09-19T23:46:08.302000Z,0.074561916655,2025-09-20 01:46:08.302,24.448888888889
Long Yeast Grow,pioreactor02,2025-09-19T23:46:23.304000Z,0.074574352233,2025-09-20 01:46:23.304,24.453055555556
Long Yeast Grow,pioreactor02,2025-09-19T23:47:03.303000Z,0.074595604254,2025-09-20 01:47:03.303,24.464166666667
Long Yeast Grow,pioreactor02,2025-09-19T23:47:53.302000Z,0.074606120672,2025-09-20 01:47:53.302,24.478055555556
Long Yeast Grow,pioreactor02,2025-09-19T23:48:13.302000Z,0.074612991897,2025-09-20 01:48:13.302,24.483611111111
Long Yeast Grow,pioreactor02,2025-09-19T23:48:38.302000Z,0.074602313356,2025-09-20 01:48:38.302,24.490555555556
Long Yeast Grow,pioreactor02,2025-09-19T23:48:48.302000Z,0.074576459498,2025-09-20 01:48:48.302,24.493333333333
Long Yeast Grow,pioreactor02,2025-09-19T23:49:23.302000Z,0.074536810162,2025-09-20 01:49:23.302,24.503055555556
Long Yeast Grow,pioreactor02,2025-09-19T23:51:03.303000Z,0.074554725719,2025-09-20 01:51:03.303,24.530833333333
Long Yeast Grow,pioreactor02,2025-09-19T23:51:13.302000Z,0.07456317545,2025-09-20 01:51:13.302,24.533611111111
Long Yeast Grow,pioreactor02,2025-09-19T23:51:38.303000Z,0.074565012843,2025-09-20 01:51:38.303,24.540555555556
Long Yeast Grow,pioreactor02,2025-09-19T23:52:33.303000Z,0.074544241363,2025-09-20 01:52:33.303,24.555833333333
Long Yeast Grow,pioreactor02,2025-09-19T23:52:53.301000Z,0.074571167002,2025-09-20 01:52:53.301,24.561388888889
Long Yeast Grow,pioreactor02,2025-09-19T23:53:13.305000Z,0.074587118974,2025-09-20 01:53:13.305,24.566944444444
Long Yeast Grow,pioreactor02,2025-09-19T23:54:28.302000Z,0.07459969818,2025-09-20 01:54:28.302,24.587777777778
Long Yeast Grow,pioreactor02,2025-09-19T23:54:58.303000Z,0.074633140886,2025-09-20 01:54:58.303,24.596111111111
Long Yeast Grow,pioreactor02,2025-09-19T23:55:38.301000Z,0.074659598373,2025-09-20 01:55:38.301,24.607222222222
Long Yeast Grow,pioreactor02,2025-09-19T23:56:38.302000Z,0.074641971111,2025-09-20 01:56:38.302,24.623888888889
Long Yeast Grow,pioreactor02,2025-09-19T23:57:13.302000Z,0.074609624412,2025-09-20 01:57:13.302,24.633611111111
Long Yeast Grow,pioreactor02,2025-09-19T23:57:48.301000Z,0.074590535051,2025-09-20 01:57:48.301,24.643333333333
Long Yeast Grow,pioreactor02,2025-09-19T23:57:53.303000Z,0.074592484876,2025-09-20 01:57:53.303,24.644722222222
Long Yeast Grow,pioreactor02,2025-09-19T23:58:08.302000Z,0.074581777576,2025-09-20 01:58:08.302,24.648888888889
Long Yeast Grow,pioreactor02,2025-09-19T23:58:48.302000Z,0.074595703605,2025-09-20 01:58:48.302,24.66
Long Yeast Grow,pioreactor02,2025-09-19T23:59:38.302000Z,0.07455352812,2025-09-20 01:59:38.302,24.673888888889
Long Yeast Grow,pioreactor02,2025-09-19T23:59:43.302000Z,0.074557727388,2025-09-20 01:59:43.302,24.675277777778
Long Yeast Grow,pioreactor02,2025-09-20T00:01:03.302000Z,0.074603296946,2025-09-20 02:01:03.302,24.6975
Long Yeast Grow,pioreactor02,2025-09-20T00:02:43.303000Z,0.07458452795,2025-09-20 02:02:43.303,24.725277777778
Long Yeast Grow,pioreactor02,2025-09-20T00:02:53.303000Z,0.074597186106,2025-09-20 02:02:53.303,24.728055555556
Long Yeast Grow,pioreactor02,2025-09-20T00:03:23.303000Z,0.074561111825,2025-09-20 02:03:23.303,24.736388888889
Long Yeast Grow,pioreactor02,2025-09-20T00:03:28.302000Z,0.074548554303,2025-09-20 02:03:28.302,24.737777777778
Long Yeast Grow,pioreactor02,2025-09-20T00:03:48.301000Z,0.074541698707,2025-09-20 02:03:48.301,24.743333333333
Long Yeast Grow,pioreactor02,2025-09-20T00:03:58.302000Z,0.074544520013,2025-09-20 02:03:58.302,24.746111111111
Long Yeast Grow,pioreactor02,2025-09-20T00:04:03.302000Z,0.074562886422,2025-09-20 02:04:03.302,24.7475
Long Yeast Grow,pioreactor02,2025-09-20T00:04:13.301000Z,0.074564221029,2025-09-20 02:04:13.301,24.750277777778
Long Yeast Grow,pioreactor02,2025-09-20T00:05:38.303000Z,0.074561749407,2025-09-20 02:05:38.303,24.773888888889
Long Yeast Grow,pioreactor02,2025-09-20T00:05:58.302000Z,0.074598328684,2025-09-20 02:05:58.302,24.779444444444
Long Yeast Grow,pioreactor02,2025-09-20T00:07:43.304000Z,0.074505783967,2025-09-20 02:07:43.304,24.808611111111
Long Yeast Grow,pioreactor02,2025-09-20T00:07:53.302000Z,0.074523443665,2025-09-20 02:07:53.302,24.811388888889
Long Yeast Grow,pioreactor02,2025-09-20T00:09:08.305000Z,0.074536742225,2025-09-20 02:09:08.305,24.832222222222
Long Yeast Grow,pioreactor02,2025-09-20T00:09:53.302000Z,0.074581378188,2025-09-20 02:09:53.302,24.844722222222
Long Yeast Grow,pioreactor02,2025-09-20T00:12:43.304000Z,0.074583527214,2025-09-20 02:12:43.304,24.891944444444
Long Yeast Grow,pioreactor02,2025-09-20T00:12:58.302000Z,0.074582573279,2025-09-20 02:12:58.302,24.896111111111
Long Yeast Grow,pioreactor02,2025-09-20T00:14:33.303000Z,0.074565792555,2025-09-20 02:14:33.303,24.9225
Long Yeast Grow,pioreactor02,2025-09-20T00:14:48.302000Z,0.074565935349,2025-09-20 02:14:48.302,24.926666666667
Long Yeast Grow,pioreactor02,2025-09-20T00:14:58.304000Z,0.074581669325,2025-09-20 02:14:58.304,24.929444444444
Long Yeast Grow,pioreactor02,2025-09-20T00:15:33.303000Z,0.074612671451,2025-09-20 02:15:33.303,24.939166666667
Long Yeast Grow,pioreactor02,2025-09-20T00:16:48.303000Z,0.0746353487,2025-09-20 02:16:48.303,24.96
Long Yeast Grow,pioreactor02,2025-09-20T00:17:18.304000Z,0.074624808504,2025-09-20 02:17:18.304,24.968333333333
Long Yeast Grow,pioreactor02,2025-09-20T00:17:33.301000Z,0.07462611173,2025-09-20 02:17:33.301,24.9725
Long Yeast Grow,pioreactor02,2025-09-20T00:17:43.303000Z,0.07464298027,2025-09-20 02:17:43.303,24.975277777778
Long Yeast Grow,pioreactor02,2025-09-20T00:17:58.302000Z,0.074662415035,2025-09-20 02:17:58.302,24.979444444444
Long Yeast Grow,pioreactor02,2025-09-20T00:18:33.304000Z,0.074635837552,2025-09-20 02:18:33.304,24.989166666667
Long Yeast Grow,pioreactor02,2025-09-20T00:18:53.304000Z,0.074624463987,2025-09-20 02:18:53.304,24.994722222222
Long Yeast Grow,pioreactor02,2025-09-20T00:19:08.302000Z,0.074615161638,2025-09-20 02:19:08.302,24.998888888889
Long Yeast Grow,pioreactor02,2025-09-20T00:19:53.303000Z,0.074574409455,2025-09-20 02:19:53.303,25.011388888889
Long Yeast Grow,pioreactor02,2025-09-20T00:21:03.301000Z,0.074555686092,2025-09-20 02:21:03.301,25.030833333333
Long Yeast Grow,pioreactor02,2025-09-20T00:22:13.302000Z,0.074529164271,2025-09-20 02:22:13.302,25.050277777778
Long Yeast Grow,pioreactor02,2025-09-20T00:22:23.302000Z,0.074541775171,2025-09-20 02:22:23.302,25.053055555556
Long Yeast Grow,pioreactor02,2025-09-20T00:22:28.301000Z,0.074535163724,2025-09-20 02:22:28.301,25.054444444444
Long Yeast Grow,pioreactor02,2025-09-20T00:22:38.302000Z,0.074547413052,2025-09-20 02:22:38.302,25.057222222222
Long Yeast Grow,pioreactor02,2025-09-20T00:22:48.303000Z,0.074546503444,2025-09-20 02:22:48.303,25.06
Long Yeast Grow,pioreactor02,2025-09-20T00:23:18.302000Z,0.074587925608,2025-09-20 02:23:18.302,25.068333333333
Long Yeast Grow,pioreactor02,2025-09-20T00:23:23.303000Z,0.074595297947,2025-09-20 02:23:23.303,25.069722222222
Long Yeast Grow,pioreactor02,2025-09-20T00:23:33.303000Z,0.074598846062,2025-09-20 02:23:33.303,25.0725
Long Yeast Grow,pioreactor02,2025-09-20T00:23:43.302000Z,0.074590740683,2025-09-20 02:23:43.302,25.075277777778
Long Yeast Grow,pioreactor02,2025-09-20T00:23:53.303000Z,0.074581210232,2025-09-20 02:23:53.303,25.078055555556
Long Yeast Grow,pioreactor02,2025-09-20T00:24:18.301000Z,0.074595353782,2025-09-20 02:24:18.301,25.085
Long Yeast Grow,pioreactor02,2025-09-20T00:25:13.302000Z,0.074600713131,2025-09-20 02:25:13.302,25.100277777778
Long Yeast Grow,pioreactor02,2025-09-20T00:25:18.304000Z,0.074597747108,2025-09-20 02:25:18.304,25.101666666667
Long Yeast Grow,pioreactor02,2025-09-20T00:26:38.303000Z,0.074644470834,2025-09-20 02:26:38.303,25.123888888889
Long Yeast Grow,pioreactor02,2025-09-20T00:27:23.302000Z,0.07465688794,2025-09-20 02:27:23.302,25.136388888889
Long Yeast Grow,pioreactor02,2025-09-20T00:28:08.304000Z,0.074654194681,2025-09-20 02:28:08.304,25.148888888889
Long Yeast Grow,pioreactor02,2025-09-20T00:28:18.303000Z,0.074661751809,2025-09-20 02:28:18.303,25.151666666667
Long Yeast Grow,pioreactor02,2025-09-20T00:28:28.303000Z,0.074652761738,2025-09-20 02:28:28.303,25.154444444444
Long Yeast Grow,pioreactor02,2025-09-20T00:28:33.302000Z,0.074657234034,2025-09-20 02:28:33.302,25.155833333333
Long Yeast Grow,pioreactor02,2025-09-20T00:28:43.302000Z,0.07465410811,2025-09-20 02:28:43.302,25.158611111111
Long Yeast Grow,pioreactor02,2025-09-20T00:28:58.304000Z,0.07467316779,2025-09-20 02:28:58.304,25.162777777778
Long Yeast Grow,pioreactor02,2025-09-20T00:29:28.301000Z,0.074639524051,2025-09-20 02:29:28.301,25.171111111111
Long Yeast Grow,pioreactor02,2025-09-20T00:31:03.302000Z,0.074601625653,2025-09-20 02:31:03.302,25.1975
Long Yeast Grow,pioreactor02,2025-09-20T00:31:13.302000Z,0.074585595361,2025-09-20 02:31:13.302,25.200277777778
Long Yeast Grow,pioreactor02,2025-09-20T00:32:08.302000Z,0.074627698689,2025-09-20 02:32:08.302,25.215555555556
Long Yeast Grow,pioreactor02,2025-09-20T00:33:48.304000Z,0.07459165366,2025-09-20 02:33:48.304,25.243333333333
Long Yeast Grow,pioreactor02,2025-09-20T00:34:13.302000Z,0.074582608116,2025-09-20 02:34:13.302,25.250277777778
Long Yeast Grow,pioreactor02,2025-09-20T00:34:28.302000Z,0.074579064851,2025-09-20 02:34:28.302,25.254444444444
Long Yeast Grow,pioreactor02,2025-09-20T00:34:48.303000Z,0.074574335656,2025-09-20 02:34:48.303,25.26
Long Yeast Grow,pioreactor02,2025-09-20T00:35:03.304000Z,0.074568584279,2025-09-20 02:35:03.304,25.264166666667
Long Yeast Grow,pioreactor02,2025-09-20T00:35:18.303000Z,0.074566348321,2025-09-20 02:35:18.303,25.268333333333
Long Yeast Grow,pioreactor02,2025-09-20T00:35:38.303000Z,0.074573043761,2025-09-20 02:35:38.303,25.273888888889
Long Yeast Grow,pioreactor02,2025-09-20T00:35:43.302000Z,0.074571445985,2025-09-20 02:35:43.302,25.275277777778
Long Yeast Grow,pioreactor02,2025-09-20T00:35:53.301000Z,0.074559448364,2025-09-20 02:35:53.301,25.278055555556
Long Yeast Grow,pioreactor02,2025-09-20T00:36:03.303000Z,0.074567313161,2025-09-20 02:36:03.303,25.280833333333
Long Yeast Grow,pioreactor02,2025-09-20T00:36:13.302000Z,0.074554388803,2025-09-20 02:36:13.302,25.283611111111
Long Yeast Grow,pioreactor02,2025-09-20T00:36:33.303000Z,0.074550600164,2025-09-20 02:36:33.303,25.289166666667
Long Yeast Grow,pioreactor02,2025-09-20T00:37:23.303000Z,0.074580911518,2025-09-20 02:37:23.303,25.303055555556
Long Yeast Grow,pioreactor02,2025-09-20T00:37:38.302000Z,0.074597302387,2025-09-20 02:37:38.302,25.307222222222
Long Yeast Grow,pioreactor02,2025-09-20T00:37:58.302000Z,0.074591314322,2025-09-20 02:37:58.302,25.312777777778
Long Yeast Grow,pioreactor02,2025-09-20T00:38:03.304000Z,0.07460412717,2025-09-20 02:38:03.304,25.314166666667
Long Yeast Grow,pioreactor02,2025-09-20T00:38:18.302000Z,0.07457609241,2025-09-20 02:38:18.302,25.318333333333
Long Yeast Grow,pioreactor02,2025-09-20T00:39:33.302000Z,0.074587160034,2025-09-20 02:39:33.302,25.339166666667
Long Yeast Grow,pioreactor02,2025-09-20T00:40:33.305000Z,0.074568908107,2025-09-20 02:40:33.305,25.355833333333
Long Yeast Grow,pioreactor02,2025-09-20T00:40:48.303000Z,0.074574460548,2025-09-20 02:40:48.303,25.36
Long Yeast Grow,pioreactor02,2025-09-20T00:41:08.302000Z,0.074571746287,2025-09-20 02:41:08.302,25.365555555556
Long Yeast Grow,pioreactor02,2025-09-20T00:41:28.302000Z,0.074596521302,2025-09-20 02:41:28.302,25.371111111111
Long Yeast Grow,pioreactor02,2025-09-20T00:41:53.307000Z,0.074621600979,2025-09-20 02:41:53.307,25.378055555556
Long Yeast Grow,pioreactor02,2025-09-20T00:42:43.307000Z,0.074570918772,2025-09-20 02:42:43.307,25.391944444444
Long Yeast Grow,pioreactor02,2025-09-20T00:43:13.302000Z,0.07454731082,2025-09-20 02:43:13.302,25.400277777778
Long Yeast Grow,pioreactor02,2025-09-20T00:45:28.302000Z,0.074623720593,2025-09-20 02:45:28.302,25.437777777778
Long Yeast Grow,pioreactor02,2025-09-20T00:45:48.302000Z,0.074651346775,2025-09-20 02:45:48.302,25.443333333333
Long Yeast Grow,pioreactor02,2025-09-20T00:46:08.301000Z,0.074619600727,2025-09-20 02:46:08.301,25.448888888889
Long Yeast Grow,pioreactor02,2025-09-20T00:46:18.304000Z,0.074611120764,2025-09-20 02:46:18.304,25.451666666667
Long Yeast Grow,pioreactor02,2025-09-20T00:46:43.302000Z,0.074610317479,2025-09-20 02:46:43.302,25.458611111111
Long Yeast Grow,pioreactor02,2025-09-20T00:47:03.302000Z,0.074589615257,2025-09-20 02:47:03.302,25.464166666667
Long Yeast Grow,pioreactor02,2025-09-20T00:48:28.302000Z,0.074598191372,2025-09-20 02:48:28.302,25.487777777778
Long Yeast Grow,pioreactor02,2025-09-20T00:50:58.304000Z,0.074555660036,2025-09-20 02:50:58.304,25.529444444444
Long Yeast Grow,pioreactor02,2025-09-20T00:52:48.302000Z,0.074495649239,2025-09-20 02:52:48.302,25.56
Long Yeast Grow,pioreactor02,2025-09-20T00:53:33.302000Z,0.074485400092,2025-09-20 02:53:33.302,25.5725
Long Yeast Grow,pioreactor02,2025-09-20T00:54:08.303000Z,0.074480848805,2025-09-20 02:54:08.303,25.582222222222
Long Yeast Grow,pioreactor02,2025-09-20T00:54:43.302000Z,0.07448380762,2025-09-20 02:54:43.302,25.591944444444
Long Yeast Grow,pioreactor02,2025-09-20T00:56:53.302000Z,0.074534114542,2025-09-20 02:56:53.302,25.628055555556
Long Yeast Grow,pioreactor02,2025-09-20T00:57:08.302000Z,0.074539688118,2025-09-20 02:57:08.302,25.632222222222
Long Yeast Grow,pioreactor02,2025-09-20T00:57:13.302000Z,0.074535860516,2025-09-20 02:57:13.302,25.633611111111
Long Yeast Grow,pioreactor02,2025-09-20T00:57:23.302000Z,0.074543677233,2025-09-20 02:57:23.302,25.636388888889
Long Yeast Grow,pioreactor02,2025-09-20T00:57:43.302000Z,0.074530457669,2025-09-20 02:57:43.302,25.641944444444
Long Yeast Grow,pioreactor02,2025-09-20T00:58:38.303000Z,0.074532875723,2025-09-20 02:58:38.303,25.657222222222
Long Yeast Grow,pioreactor02,2025-09-20T00:59:03.303000Z,0.074520835931,2025-09-20 02:59:03.303,25.664166666667
Long Yeast Grow,pioreactor02,2025-09-20T00:59:48.305000Z,0.074504805366,2025-09-20 02:59:48.305,25.676666666667
Long Yeast Grow,pioreactor02,2025-09-20T01:00:18.303000Z,0.074502383757,2025-09-20 03:00:18.303,25.685
Long Yeast Grow,pioreactor02,2025-09-20T01:01:23.304000Z,0.074477933841,2025-09-20 03:01:23.304,25.703055555556
Long Yeast Grow,pioreactor02,2025-09-20T01:01:28.302000Z,0.074476530146,2025-09-20 03:01:28.302,25.704444444444
Long Yeast Grow,pioreactor02,2025-09-20T01:01:58.303000Z,0.074456397614,2025-09-20 03:01:58.303,25.712777777778
Long Yeast Grow,pioreactor02,2025-09-20T01:02:03.302000Z,0.074456706533,2025-09-20 03:02:03.302,25.714166666667
Long Yeast Grow,pioreactor02,2025-09-20T01:02:33.302000Z,0.07446401712,2025-09-20 03:02:33.302,25.7225
Long Yeast Grow,pioreactor02,2025-09-20T01:02:38.302000Z,0.074471988338,2025-09-20 03:02:38.302,25.723888888889
Long Yeast Grow,pioreactor02,2025-09-20T01:02:43.304000Z,0.074448952764,2025-09-20 03:02:43.304,25.725277777778
Long Yeast Grow,pioreactor02,2025-09-20T01:02:58.302000Z,0.074448567491,2025-09-20 03:02:58.302,25.729444444444
Long Yeast Grow,pioreactor02,2025-09-20T01:03:03.304000Z,0.074451870962,2025-09-20 03:03:03.304,25.730833333333
Long Yeast Grow,pioreactor02,2025-09-20T01:03:33.303000Z,0.074459655117,2025-09-20 03:03:33.303,25.739166666667
Long Yeast Grow,pioreactor02,2025-09-20T01:04:18.302000Z,0.074533749263,2025-09-20 03:04:18.302,25.751666666667
Long Yeast Grow,pioreactor02,2025-09-20T01:04:23.302000Z,0.074500276567,2025-09-20 03:04:23.302,25.753055555556
Long Yeast Grow,pioreactor02,2025-09-20T01:05:33.302000Z,0.074528221004,2025-09-20 03:05:33.302,25.7725
Long Yeast Grow,pioreactor02,2025-09-20T01:05:53.301000Z,0.074519875653,2025-09-20 03:05:53.301,25.778055555556
Long Yeast Grow,pioreactor02,2025-09-20T01:06:13.303000Z,0.074523063029,2025-09-20 03:06:13.303,25.783611111111
Long Yeast Grow,pioreactor02,2025-09-20T01:06:23.303000Z,0.074514013537,2025-09-20 03:06:23.303,25.786388888889
Long Yeast Grow,pioreactor02,2025-09-20T01:07:48.302000Z,0.074539681508,2025-09-20 03:07:48.302,25.81
Long Yeast Grow,pioreactor02,2025-09-20T01:08:23.302000Z,0.074528078053,2025-09-20 03:08:23.302,25.819722222222
Long Yeast Grow,pioreactor02,2025-09-20T01:08:58.305000Z,0.074557529207,2025-09-20 03:08:58.305,25.829444444444
Long Yeast Grow,pioreactor02,2025-09-20T01:09:18.302000Z,0.07455923776,2025-09-20 03:09:18.302,25.835
Long Yeast Grow,pioreactor02,2025-09-20T01:09:23.305000Z,0.074541716614,2025-09-20 03:09:23.305,25.836388888889
Long Yeast Grow,pioreactor02,2025-09-20T01:11:33.302000Z,0.074492510149,2025-09-20 03:11:33.302,25.8725
Long Yeast Grow,pioreactor02,2025-09-20T01:12:03.304000Z,0.074492116457,2025-09-20 03:12:03.304,25.880833333333
Long Yeast Grow,pioreactor02,2025-09-20T01:12:28.302000Z,0.074464432352,2025-09-20 03:12:28.302,25.887777777778
Long Yeast Grow,pioreactor02,2025-09-20T01:13:28.302000Z,0.074480226914,2025-09-20 03:13:28.302,25.904444444444
Long Yeast Grow,pioreactor02,2025-09-20T01:13:43.302000Z,0.074465035968,2025-09-20 03:13:43.302,25.908611111111
Long Yeast Grow,pioreactor02,2025-09-20T01:13:53.301000Z,0.074451408428,2025-09-20 03:13:53.301,25.911388888889
Long Yeast Grow,pioreactor02,2025-09-20T01:14:48.303000Z,0.07445166346,2025-09-20 03:14:48.303,25.926666666667
Long Yeast Grow,pioreactor02,2025-09-20T01:15:08.301000Z,0.074453116106,2025-09-20 03:15:08.301,25.932222222222
Long Yeast Grow,pioreactor02,2025-09-20T01:15:13.301000Z,0.074459930516,2025-09-20 03:15:13.301,25.933611111111
Long Yeast Grow,pioreactor02,2025-09-20T01:16:33.301000Z,0.074443552596,2025-09-20 03:16:33.301,25.955833333333
Long Yeast Grow,pioreactor02,2025-09-20T01:17:13.302000Z,0.074436242677,2025-09-20 03:17:13.302,25.966944444444
Long Yeast Grow,pioreactor02,2025-09-20T01:17:18.306000Z,0.074442657929,2025-09-20 03:17:18.306,25.968333333333
Long Yeast Grow,pioreactor02,2025-09-20T01:18:03.301000Z,0.074440167437,2025-09-20 03:18:03.301,25.980833333333
Long Yeast Grow,pioreactor02,2025-09-20T01:19:23.303000Z,0.074463100833,2025-09-20 03:19:23.303,26.003055555556
Long Yeast Grow,pioreactor02,2025-09-20T01:20:48.302000Z,0.074458558761,2025-09-20 03:20:48.302,26.026666666667
Long Yeast Grow,pioreactor02,2025-09-20T01:22:23.302000Z,0.07448565334,2025-09-20 03:22:23.302,26.053055555556
Long Yeast Grow,pioreactor02,2025-09-20T01:23:08.302000Z,0.074456488077,2025-09-20 03:23:08.302,26.065555555556
Long Yeast Grow,pioreactor02,2025-09-20T01:23:18.302000Z,0.074446286764,2025-09-20 03:23:18.302,26.068333333333
Long Yeast Grow,pioreactor02,2025-09-20T01:24:03.303000Z,0.074460383196,2025-09-20 03:24:03.303,26.080833333333
Long Yeast Grow,pioreactor02,2025-09-20T01:25:18.304000Z,0.074484680344,2025-09-20 03:25:18.304,26.101666666667
Long Yeast Grow,pioreactor02,2025-09-20T01:25:48.301000Z,0.074512293887,2025-09-20 03:25:48.301,26.11
Long Yeast Grow,pioreactor02,2025-09-20T01:26:33.302000Z,0.074502220808,2025-09-20 03:26:33.302,26.1225
Long Yeast Grow,pioreactor02,2025-09-20T01:26:48.304000Z,0.074504097001,2025-09-20 03:26:48.304,26.126666666667
Long Yeast Grow,pioreactor02,2025-09-20T01:26:58.303000Z,0.074521213026,2025-09-20 03:26:58.303,26.129444444444
Long Yeast Grow,pioreactor02,2025-09-20T01:27:23.302000Z,0.074496345853,2025-09-20 03:27:23.302,26.136388888889
Long Yeast Grow,pioreactor02,2025-09-20T01:28:38.302000Z,0.074535584038,2025-09-20 03:28:38.302,26.157222222222
Long Yeast Grow,pioreactor02,2025-09-20T01:28:53.302000Z,0.074514078888,2025-09-20 03:28:53.302,26.161388888889
Long Yeast Grow,pioreactor02,2025-09-20T01:30:03.301000Z,0.074536037932,2025-09-20 03:30:03.301,26.180833333333
Long Yeast Grow,pioreactor02,2025-09-20T01:30:18.304000Z,0.074517862577,2025-09-20 03:30:18.304,26.185
Long Yeast Grow,pioreactor02,2025-09-20T01:30:38.302000Z,0.074507413753,2025-09-20 03:30:38.302,26.190555555556
Long Yeast Grow,pioreactor02,2025-09-20T01:30:58.302000Z,0.074515921063,2025-09-20 03:30:58.302,26.196111111111
Long Yeast Grow,pioreactor02,2025-09-20T01:31:48.302000Z,0.074526794687,2025-09-20 03:31:48.302,26.21
Long Yeast Grow,pioreactor02,2025-09-20T01:31:53.303000Z,0.074521972219,2025-09-20 03:31:53.303,26.211388888889
Long Yeast Grow,pioreactor02,2025-09-20T01:33:23.302000Z,0.07446574363,2025-09-20 03:33:23.302,26.236388888889
Long Yeast Grow,pioreactor02,2025-09-20T01:34:08.304000Z,0.074465531562,2025-09-20 03:34:08.304,26.248888888889
Long Yeast Grow,pioreactor02,2025-09-20T01:35:38.303000Z,0.074475517755,2025-09-20 03:35:38.303,26.273888888889
Long Yeast Grow,pioreactor02,2025-09-20T01:35:43.301000Z,0.074480482679,2025-09-20 03:35:43.301,26.275277777778
Long Yeast Grow,pioreactor02,2025-09-20T01:36:28.301000Z,0.074495507775,2025-09-20 03:36:28.301,26.287777777778
Long Yeast Grow,pioreactor02,2025-09-20T01:36:38.304000Z,0.074500995675,2025-09-20 03:36:38.304,26.290555555556
Long Yeast Grow,pioreactor02,2025-09-20T01:37:58.302000Z,0.074481485352,2025-09-20 03:37:58.302,26.312777777778
Long Yeast Grow,pioreactor02,2025-09-20T01:38:28.302000Z,0.074451941864,2025-09-20 03:38:28.302,26.321111111111
Long Yeast Grow,pioreactor02,2025-09-20T01:38:58.302000Z,0.074451531813,2025-09-20 03:38:58.302,26.329444444444
Long Yeast Grow,pioreactor02,2025-09-20T01:39:13.304000Z,0.074481879295,2025-09-20 03:39:13.304,26.333611111111
Long Yeast Grow,pioreactor02,2025-09-20T01:39:48.303000Z,0.074484604462,2025-09-20 03:39:48.303,26.343333333333
Long Yeast Grow,pioreactor02,2025-09-20T01:39:53.302000Z,0.074482488536,2025-09-20 03:39:53.302,26.344722222222
Long Yeast Grow,pioreactor02,2025-09-20T01:41:03.302000Z,0.074489837743,2025-09-20 03:41:03.302,26.364166666667
Long Yeast Grow,pioreactor02,2025-09-20T01:41:33.303000Z,0.074484669958,2025-09-20 03:41:33.303,26.3725
Long Yeast Grow,pioreactor02,2025-09-20T01:42:18.302000Z,0.074484804674,2025-09-20 03:42:18.302,26.385
Long Yeast Grow,pioreactor02,2025-09-20T01:43:08.303000Z,0.074484469859,2025-09-20 03:43:08.303,26.398888888889
Long Yeast Grow,pioreactor02,2025-09-20T01:43:43.301000Z,0.074499485157,2025-09-20 03:43:43.301,26.408611111111
Long Yeast Grow,pioreactor02,2025-09-20T01:44:48.302000Z,0.074518899638,2025-09-20 03:44:48.302,26.426666666667
Long Yeast Grow,pioreactor02,2025-09-20T01:45:48.302000Z,0.07449936785,2025-09-20 03:45:48.302,26.443333333333
Long Yeast Grow,pioreactor02,2025-09-20T01:46:53.301000Z,0.074454528277,2025-09-20 03:46:53.301,26.461388888889
Long Yeast Grow,pioreactor02,2025-09-20T01:47:03.303000Z,0.074433110711,2025-09-20 03:47:03.303,26.464166666667
Long Yeast Grow,pioreactor02,2025-09-20T01:47:13.302000Z,0.074440300354,2025-09-20 03:47:13.302,26.466944444444
Long Yeast Grow,pioreactor02,2025-09-20T01:47:48.302000Z,0.074419452675,2025-09-20 03:47:48.302,26.476666666667
Long Yeast Grow,pioreactor02,2025-09-20T01:48:38.302000Z,0.074442273909,2025-09-20 03:48:38.302,26.490555555556
Long Yeast Grow,pioreactor02,2025-09-20T01:48:48.303000Z,0.074436462336,2025-09-20 03:48:48.303,26.493333333333
Long Yeast Grow,pioreactor02,2025-09-20T01:48:53.303000Z,0.074440653862,2025-09-20 03:48:53.303,26.494722222222
Long Yeast Grow,pioreactor02,2025-09-20T01:49:38.302000Z,0.074432883531,2025-09-20 03:49:38.302,26.507222222222
Long Yeast Grow,pioreactor02,2025-09-20T01:49:58.302000Z,0.074409107013,2025-09-20 03:49:58.302,26.512777777778
Long Yeast Grow,pioreactor02,2025-09-20T01:50:43.303000Z,0.074434651364,2025-09-20 03:50:43.303,26.525277777778
Long Yeast Grow,pioreactor02,2025-09-20T01:51:08.303000Z,0.074472949101,2025-09-20 03:51:08.303,26.532222222222
Long Yeast Grow,pioreactor02,2025-09-20T01:51:13.302000Z,0.074470580011,2025-09-20 03:51:13.302,26.533611111111
Long Yeast Grow,pioreactor02,2025-09-20T01:52:08.302000Z,0.074457584123,2025-09-20 03:52:08.302,26.548888888889
Long Yeast Grow,pioreactor02,2025-09-20T01:52:18.302000Z,0.074468129539,2025-09-20 03:52:18.302,26.551666666667
Long Yeast Grow,pioreactor02,2025-09-20T01:52:28.304000Z,0.074476789024,2025-09-20 03:52:28.304,26.554444444444
Long Yeast Grow,pioreactor02,2025-09-20T01:53:08.304000Z,0.074433801181,2025-09-20 03:53:08.304,26.565555555556
Long Yeast Grow,pioreactor02,2025-09-20T01:53:28.302000Z,0.074414274238,2025-09-20 03:53:28.302,26.571111111111
Long Yeast Grow,pioreactor02,2025-09-20T01:54:23.303000Z,0.074420097066,2025-09-20 03:54:23.303,26.586388888889
Long Yeast Grow,pioreactor02,2025-09-20T01:54:38.302000Z,0.074411228217,2025-09-20 03:54:38.302,26.590555555556
Long Yeast Grow,pioreactor02,2025-09-20T01:55:48.301000Z,0.074401109898,2025-09-20 03:55:48.301,26.61
Long Yeast Grow,pioreactor02,2025-09-20T01:56:13.302000Z,0.074376819957,2025-09-20 03:56:13.302,26.616944444444
Long Yeast Grow,pioreactor02,2025-09-20T01:57:08.304000Z,0.074417435902,2025-09-20 03:57:08.304,26.632222222222
Long Yeast Grow,pioreactor02,2025-09-20T01:57:18.303000Z,0.074429837492,2025-09-20 03:57:18.303,26.635
Long Yeast Grow,pioreactor02,2025-09-20T01:58:18.304000Z,0.074439661978,2025-09-20 03:58:18.304,26.651666666667
Long Yeast Grow,pioreactor02,2025-09-20T01:58:33.302000Z,0.074417181096,2025-09-20 03:58:33.302,26.655833333333
Long Yeast Grow,pioreactor02,2025-09-20T01:58:38.302000Z,0.074426329947,2025-09-20 03:58:38.302,26.657222222222
Long Yeast Grow,pioreactor02,2025-09-20T01:58:48.302000Z,0.0744394307,2025-09-20 03:58:48.302,26.66
Long Yeast Grow,pioreactor02,2025-09-20T01:59:18.303000Z,0.074453272083,2025-09-20 03:59:18.303,26.668333333333
Long Yeast Grow,pioreactor02,2025-09-20T02:00:03.302000Z,0.074476951544,2025-09-20 04:00:03.302,26.680833333333
Long Yeast Grow,pioreactor02,2025-09-20T02:02:03.302000Z,0.074490955971,2025-09-20 04:02:03.302,26.714166666667
Long Yeast Grow,pioreactor02,2025-09-20T02:02:08.302000Z,0.074492173054,2025-09-20 04:02:08.302,26.715555555556
Long Yeast Grow,pioreactor02,2025-09-20T02:03:08.302000Z,0.074476511088,2025-09-20 04:03:08.302,26.732222222222
Long Yeast Grow,pioreactor02,2025-09-20T02:03:28.303000Z,0.07445154563,2025-09-20 04:03:28.303,26.737777777778
Long Yeast Grow,pioreactor02,2025-09-20T02:03:58.302000Z,0.074459823793,2025-09-20 04:03:58.302,26.746111111111
Long Yeast Grow,pioreactor02,2025-09-20T02:04:18.304000Z,0.074452645368,2025-09-20 04:04:18.304,26.751666666667
Long Yeast Grow,pioreactor02,2025-09-20T02:04:38.302000Z,0.074470121126,2025-09-20 04:04:38.302,26.757222222222
Long Yeast Grow,pioreactor02,2025-09-20T02:05:48.301000Z,0.074477172778,2025-09-20 04:05:48.301,26.776666666667
Long Yeast Grow,pioreactor02,2025-09-20T02:07:28.302000Z,0.074429020252,2025-09-20 04:07:28.302,26.804444444444
Long Yeast Grow,pioreactor02,2025-09-20T02:08:03.304000Z,0.074433957746,2025-09-20 04:08:03.304,26.814166666667
Long Yeast Grow,pioreactor02,2025-09-20T02:08:23.302000Z,0.074451254293,2025-09-20 04:08:23.302,26.819722222222
Long Yeast Grow,pioreactor02,2025-09-20T02:08:33.301000Z,0.074462515202,2025-09-20 04:08:33.301,26.8225
Long Yeast Grow,pioreactor02,2025-09-20T02:08:43.303000Z,0.074464469826,2025-09-20 04:08:43.303,26.825277777778
Long Yeast Grow,pioreactor02,2025-09-20T02:09:38.303000Z,0.074470759408,2025-09-20 04:09:38.303,26.840555555556
Long Yeast Grow,pioreactor02,2025-09-20T02:10:33.303000Z,0.074471545305,2025-09-20 04:10:33.303,26.855833333333
Long Yeast Grow,pioreactor02,2025-09-20T02:10:58.302000Z,0.074471205469,2025-09-20 04:10:58.302,26.862777777778
Long Yeast Grow,pioreactor02,2025-09-20T02:12:28.302000Z,0.074495072341,2025-09-20 04:12:28.302,26.887777777778
Long Yeast Grow,pioreactor02,2025-09-20T02:12:43.302000Z,0.074503473302,2025-09-20 04:12:43.302,26.891944444444
Long Yeast Grow,pioreactor02,2025-09-20T02:13:13.302000Z,0.07449677734,2025-09-20 04:13:13.302,26.900277777778
Long Yeast Grow,pioreactor02,2025-09-20T02:13:28.304000Z,0.074494640507,2025-09-20 04:13:28.304,26.904444444444
Long Yeast Grow,pioreactor02,2025-09-20T02:13:43.303000Z,0.074483161331,2025-09-20 04:13:43.303,26.908611111111
Long Yeast Grow,pioreactor02,2025-09-20T02:15:08.302000Z,0.0745236315,2025-09-20 04:15:08.302,26.932222222222
Long Yeast Grow,pioreactor02,2025-09-20T02:16:38.303000Z,0.074449449037,2025-09-20 04:16:38.303,26.957222222222
Long Yeast Grow,pioreactor02,2025-09-20T02:17:33.304000Z,0.074477974205,2025-09-20 04:17:33.304,26.9725
Long Yeast Grow,pioreactor02,2025-09-20T02:17:58.302000Z,0.074475443339,2025-09-20 04:17:58.302,26.979444444444
Long Yeast Grow,pioreactor02,2025-09-20T02:18:13.302000Z,0.074480968088,2025-09-20 04:18:13.302,26.983611111111
Long Yeast Grow,pioreactor02,2025-09-20T02:18:33.303000Z,0.074459649503,2025-09-20 04:18:33.303,26.989166666667
Long Yeast Grow,pioreactor02,2025-09-20T02:19:03.304000Z,0.074466054171,2025-09-20 04:19:03.304,26.9975
Long Yeast Grow,pioreactor02,2025-09-20T02:19:08.303000Z,0.074471036044,2025-09-20 04:19:08.303,26.998888888889
Long Yeast Grow,pioreactor02,2025-09-20T02:20:18.302000Z,0.074420664065,2025-09-20 04:20:18.302,27.018333333333
Long Yeast Grow,pioreactor02,2025-09-20T02:20:48.303000Z,0.074455524063,2025-09-20 04:20:48.303,27.026666666667
Long Yeast Grow,pioreactor02,2025-09-20T02:21:23.302000Z,0.0744608903,2025-09-20 04:21:23.302,27.036388888889
Long Yeast Grow,pioreactor02,2025-09-20T02:22:38.303000Z,0.074447279014,2025-09-20 04:22:38.303,27.057222222222
Long Yeast Grow,pioreactor02,2025-09-20T02:22:48.304000Z,0.074429710698,2025-09-20 04:22:48.304,27.06
Long Yeast Grow,pioreactor02,2025-09-20T02:23:53.302000Z,0.074488427509,2025-09-20 04:23:53.302,27.078055555556
Long Yeast Grow,pioreactor02,2025-09-20T02:24:18.302000Z,0.074471510212,2025-09-20 04:24:18.302,27.085
Long Yeast Grow,pioreactor02,2025-09-20T02:24:43.302000Z,0.074475099237,2025-09-20 04:24:43.302,27.091944444444
Long Yeast Grow,pioreactor02,2025-09-20T02:25:18.302000Z,0.074474169355,2025-09-20 04:25:18.302,27.101666666667
Long Yeast Grow,pioreactor02,2025-09-20T02:25:23.304000Z,0.07447402653,2025-09-20 04:25:23.304,27.103055555556
Long Yeast Grow,pioreactor02,2025-09-20T02:25:28.302000Z,0.074480086007,2025-09-20 04:25:28.302,27.104444444444
Long Yeast Grow,pioreactor02,2025-09-20T02:26:28.301000Z,0.074477386246,2025-09-20 04:26:28.301,27.121111111111
Long Yeast Grow,pioreactor02,2025-09-20T02:26:58.303000Z,0.074438914094,2025-09-20 04:26:58.303,27.129444444444
Long Yeast Grow,pioreactor02,2025-09-20T02:27:08.302000Z,0.074443109073,2025-09-20 04:27:08.302,27.132222222222
Long Yeast Grow,pioreactor02,2025-09-20T02:27:28.303000Z,0.074456897294,2025-09-20 04:27:28.303,27.137777777778
Long Yeast Grow,pioreactor02,2025-09-20T02:27:58.302000Z,0.074445028283,2025-09-20 04:27:58.302,27.146111111111
Long Yeast Grow,pioreactor02,2025-09-20T02:28:43.301000Z,0.074475773546,2025-09-20 04:28:43.301,27.158611111111
Long Yeast Grow,pioreactor02,2025-09-20T02:28:58.303000Z,0.074497582587,2025-09-20 04:28:58.303,27.162777777778
Long Yeast Grow,pioreactor02,2025-09-20T02:29:38.302000Z,0.074501767812,2025-09-20 04:29:38.302,27.173888888889
Long Yeast Grow,pioreactor02,2025-09-20T02:29:43.305000Z,0.07450848021,2025-09-20 04:29:43.305,27.175277777778
Long Yeast Grow,pioreactor02,2025-09-20T02:30:48.302000Z,0.074467764397,2025-09-20 04:30:48.302,27.193333333333
Long Yeast Grow,pioreactor02,2025-09-20T02:31:33.303000Z,0.07447429037,2025-09-20 04:31:33.303,27.205833333333
Long Yeast Grow,pioreactor02,2025-09-20T02:31:38.302000Z,0.074482529083,2025-09-20 04:31:38.302,27.207222222222
Long Yeast Grow,pioreactor02,2025-09-20T02:31:43.302000Z,0.074469545355,2025-09-20 04:31:43.302,27.208611111111
Long Yeast Grow,pioreactor02,2025-09-20T02:32:13.301000Z,0.074469879638,2025-09-20 04:32:13.301,27.216944444444
Long Yeast Grow,pioreactor02,2025-09-20T02:32:23.303000Z,0.074474295375,2025-09-20 04:32:23.303,27.219722222222
Long Yeast Grow,pioreactor02,2025-09-20T02:32:38.302000Z,0.074482076893,2025-09-20 04:32:38.302,27.223888888889
Long Yeast Grow,pioreactor02,2025-09-20T02:32:48.302000Z,0.074464736648,2025-09-20 04:32:48.302,27.226666666667
Long Yeast Grow,pioreactor02,2025-09-20T02:33:18.303000Z,0.074459989912,2025-09-20 04:33:18.303,27.235
Long Yeast Grow,pioreactor02,2025-09-20T02:33:48.305000Z,0.074451127896,2025-09-20 04:33:48.305,27.243333333333
Long Yeast Grow,pioreactor02,2025-09-20T02:34:03.302000Z,0.074463846808,2025-09-20 04:34:03.302,27.2475
Long Yeast Grow,pioreactor02,2025-09-20T02:34:13.302000Z,0.074471407748,2025-09-20 04:34:13.302,27.250277777778
Long Yeast Grow,pioreactor02,2025-09-20T02:35:08.303000Z,0.074461615757,2025-09-20 04:35:08.303,27.265555555556
Long Yeast Grow,pioreactor02,2025-09-20T02:35:13.302000Z,0.074463136672,2025-09-20 04:35:13.302,27.266944444444
Long Yeast Grow,pioreactor02,2025-09-20T02:36:28.304000Z,0.074455086379,2025-09-20 04:36:28.304,27.287777777778
Long Yeast Grow,pioreactor02,2025-09-20T02:36:53.303000Z,0.074464776516,2025-09-20 04:36:53.303,27.294722222222
Long Yeast Grow,pioreactor02,2025-09-20T02:38:13.301000Z,0.074486910974,2025-09-20 04:38:13.301,27.316944444444
Long Yeast Grow,pioreactor02,2025-09-20T02:39:03.301000Z,0.074494991445,2025-09-20 04:39:03.301,27.330833333333
Long Yeast Grow,pioreactor02,2025-09-20T02:39:33.302000Z,0.074494270331,2025-09-20 04:39:33.302,27.339166666667
Long Yeast Grow,pioreactor02,2025-09-20T02:39:48.303000Z,0.074506489931,2025-09-20 04:39:48.303,27.343333333333
Long Yeast Grow,pioreactor02,2025-09-20T02:40:38.302000Z,0.07448782081,2025-09-20 04:40:38.302,27.357222222222
Long Yeast Grow,pioreactor02,2025-09-20T02:40:43.303000Z,0.074499106669,2025-09-20 04:40:43.303,27.358611111111
Long Yeast Grow,pioreactor02,2025-09-20T02:41:08.305000Z,0.074495284522,2025-09-20 04:41:08.305,27.365555555556
Long Yeast Grow,pioreactor02,2025-09-20T02:42:03.303000Z,0.074454550888,2025-09-20 04:42:03.303,27.380833333333
Long Yeast Grow,pioreactor02,2025-09-20T02:42:23.302000Z,0.074461528074,2025-09-20 04:42:23.302,27.386388888889
Long Yeast Grow,pioreactor02,2025-09-20T02:43:13.302000Z,0.074494380779,2025-09-20 04:43:13.302,27.400277777778
Long Yeast Grow,pioreactor02,2025-09-20T02:43:48.301000Z,0.074490536139,2025-09-20 04:43:48.301,27.41
Long Yeast Grow,pioreactor02,2025-09-20T02:45:48.302000Z,0.074461255263,2025-09-20 04:45:48.302,27.443333333333
Long Yeast Grow,pioreactor02,2025-09-20T02:45:58.302000Z,0.074475143368,2025-09-20 04:45:58.302,27.446111111111
Long Yeast Grow,pioreactor02,2025-09-20T02:46:08.302000Z,0.074486209405,2025-09-20 04:46:08.302,27.448888888889
Long Yeast Grow,pioreactor02,2025-09-20T02:46:38.302000Z,0.074506428691,2025-09-20 04:46:38.302,27.457222222222
Long Yeast Grow,pioreactor02,2025-09-20T02:47:58.301000Z,0.074484166713,2025-09-20 04:47:58.301,27.479444444444
Long Yeast Grow,pioreactor02,2025-09-20T02:48:18.302000Z,0.074510286671,2025-09-20 04:48:18.302,27.485
Long Yeast Grow,pioreactor02,2025-09-20T02:48:23.302000Z,0.074514475364,2025-09-20 04:48:23.302,27.486388888889
Long Yeast Grow,pioreactor02,2025-09-20T02:48:33.306000Z,0.074523480828,2025-09-20 04:48:33.306,27.489166666667
Long Yeast Grow,pioreactor02,2025-09-20T02:49:13.303000Z,0.074515599006,2025-09-20 04:49:13.303,27.500277777778
Long Yeast Grow,pioreactor02,2025-09-20T02:49:33.304000Z,0.074498237167,2025-09-20 04:49:33.304,27.505833333333
Long Yeast Grow,pioreactor02,2025-09-20T02:49:48.302000Z,0.074484668966,2025-09-20 04:49:48.302,27.51
Long Yeast Grow,pioreactor02,2025-09-20T02:49:53.301000Z,0.074470024689,2025-09-20 04:49:53.301,27.511388888889
Long Yeast Grow,pioreactor02,2025-09-20T02:50:28.303000Z,0.074495189446,2025-09-20 04:50:28.303,27.521111111111
Long Yeast Grow,pioreactor02,2025-09-20T02:51:13.302000Z,0.074524362075,2025-09-20 04:51:13.302,27.533611111111
Long Yeast Grow,pioreactor02,2025-09-20T02:51:18.302000Z,0.074513191057,2025-09-20 04:51:18.302,27.535
Long Yeast Grow,pioreactor02,2025-09-20T02:51:43.302000Z,0.074528362007,2025-09-20 04:51:43.302,27.541944444444
Long Yeast Grow,pioreactor02,2025-09-20T02:52:13.302000Z,0.074509466727,2025-09-20 04:52:13.302,27.550277777778
Long Yeast Grow,pioreactor02,2025-09-20T02:52:33.302000Z,0.074526228532,2025-09-20 04:52:33.302,27.555833333333
Long Yeast Grow,pioreactor02,2025-09-20T02:53:03.302000Z,0.074529046879,2025-09-20 04:53:03.302,27.564166666667
Long Yeast Grow,pioreactor02,2025-09-20T02:53:08.303000Z,0.074527850671,2025-09-20 04:53:08.303,27.565555555556
Long Yeast Grow,pioreactor02,2025-09-20T02:53:58.302000Z,0.074520656747,2025-09-20 04:53:58.302,27.579444444444
Long Yeast Grow,pioreactor02,2025-09-20T02:54:13.303000Z,0.074501495474,2025-09-20 04:54:13.303,27.583611111111
Long Yeast Grow,pioreactor02,2025-09-20T02:55:13.302000Z,0.074483815107,2025-09-20 04:55:13.302,27.600277777778
Long Yeast Grow,pioreactor02,2025-09-20T02:55:18.302000Z,0.074484540456,2025-09-20 04:55:18.302,27.601666666667
Long Yeast Grow,pioreactor02,2025-09-20T02:56:03.304000Z,0.074474913221,2025-09-20 04:56:03.304,27.614166666667
Long Yeast Grow,pioreactor02,2025-09-20T02:57:08.302000Z,0.0744867315,2025-09-20 04:57:08.302,27.632222222222
Long Yeast Grow,pioreactor02,2025-09-20T02:57:13.303000Z,0.07448691525,2025-09-20 04:57:13.303,27.633611111111
Long Yeast Grow,pioreactor02,2025-09-20T02:57:53.303000Z,0.07451890158,2025-09-20 04:57:53.303,27.644722222222
Long Yeast Grow,pioreactor02,2025-09-20T02:58:23.302000Z,0.074527564866,2025-09-20 04:58:23.302,27.653055555556
Long Yeast Grow,pioreactor02,2025-09-20T02:58:28.303000Z,0.07453116731,2025-09-20 04:58:28.303,27.654444444444
Long Yeast Grow,pioreactor02,2025-09-20T02:58:38.304000Z,0.07450255206,2025-09-20 04:58:38.304,27.657222222222
Long Yeast Grow,pioreactor02,2025-09-20T02:59:23.302000Z,0.074481615921,2025-09-20 04:59:23.302,27.669722222222
Long Yeast Grow,pioreactor02,2025-09-20T02:59:33.302000Z,0.074490079405,2025-09-20 04:59:33.302,27.6725
Long Yeast Grow,pioreactor02,2025-09-20T03:00:33.301000Z,0.074518995137,2025-09-20 05:00:33.301,27.689166666667
Long Yeast Grow,pioreactor02,2025-09-20T03:01:03.303000Z,0.074497588664,2025-09-20 05:01:03.303,27.6975
Long Yeast Grow,pioreactor02,2025-09-20T03:02:53.303000Z,0.074519820099,2025-09-20 05:02:53.303,27.728055555556
Long Yeast Grow,pioreactor02,2025-09-20T03:06:18.302000Z,0.0744833997,2025-09-20 05:06:18.302,27.785
Long Yeast Grow,pioreactor02,2025-09-20T03:06:48.302000Z,0.074475314224,2025-09-20 05:06:48.302,27.793333333333
Long Yeast Grow,pioreactor02,2025-09-20T03:07:58.302000Z,0.074467803665,2025-09-20 05:07:58.302,27.812777777778
Long Yeast Grow,pioreactor02,2025-09-20T03:09:08.302000Z,0.074461117446,2025-09-20 05:09:08.302,27.832222222222
Long Yeast Grow,pioreactor02,2025-09-20T03:09:13.301000Z,0.074467925411,2025-09-20 05:09:13.301,27.833611111111
Long Yeast Grow,pioreactor02,2025-09-20T03:09:58.302000Z,0.074503195553,2025-09-20 05:09:58.302,27.846111111111
Long Yeast Grow,pioreactor02,2025-09-20T03:10:13.302000Z,0.074507077014,2025-09-20 05:10:13.302,27.850277777778
Long Yeast Grow,pioreactor02,2025-09-20T03:12:13.303000Z,0.074476523878,2025-09-20 05:12:13.303,27.883611111111
Long Yeast Grow,pioreactor02,2025-09-20T03:12:48.305000Z,0.074472709876,2025-09-20 05:12:48.305,27.893333333333
Long Yeast Grow,pioreactor02,2025-09-20T03:12:58.302000Z,0.074474195071,2025-09-20 05:12:58.302,27.896111111111
Long Yeast Grow,pioreactor02,2025-09-20T03:13:08.301000Z,0.074482986122,2025-09-20 05:13:08.301,27.898888888889
Long Yeast Grow,pioreactor02,2025-09-20T03:14:18.304000Z,0.074492651275,2025-09-20 05:14:18.304,27.918333333333
Long Yeast Grow,pioreactor02,2025-09-20T03:15:58.303000Z,0.074463686978,2025-09-20 05:15:58.303,27.946111111111
Long Yeast Grow,pioreactor02,2025-09-20T03:16:03.302000Z,0.07445614236,2025-09-20 05:16:03.302,27.9475
Long Yeast Grow,pioreactor02,2025-09-20T03:16:08.302000Z,0.074448704304,2025-09-20 05:16:08.302,27.948888888889
Long Yeast Grow,pioreactor02,2025-09-20T03:16:13.302000Z,0.074452364244,2025-09-20 05:16:13.302,27.950277777778
Long Yeast Grow,pioreactor02,2025-09-20T03:16:53.302000Z,0.074467674917,2025-09-20 05:16:53.302,27.961388888889
Long Yeast Grow,pioreactor02,2025-09-20T03:18:48.301000Z,0.074401337037,2025-09-20 05:18:48.301,27.993333333333
Long Yeast Grow,pioreactor02,2025-09-20T03:19:23.301000Z,0.074421279048,2025-09-20 05:19:23.301,28.003055555556
Long Yeast Grow,pioreactor02,2025-09-20T03:20:28.302000Z,0.074432391314,2025-09-20 05:20:28.302,28.021111111111
Long Yeast Grow,pioreactor02,2025-09-20T03:20:48.302000Z,0.07444641295,2025-09-20 05:20:48.302,28.026666666667
Long Yeast Grow,pioreactor02,2025-09-20T03:20:53.302000Z,0.074450309305,2025-09-20 05:20:53.302,28.028055555556
Long Yeast Grow,pioreactor02,2025-09-20T03:21:18.302000Z,0.074450437315,2025-09-20 05:21:18.302,28.035
Long Yeast Grow,pioreactor02,2025-09-20T03:21:28.303000Z,0.074448966556,2025-09-20 05:21:28.303,28.037777777778
Long Yeast Grow,pioreactor02,2025-09-20T03:21:33.302000Z,0.074448362491,2025-09-20 05:21:33.302,28.039166666667
Long Yeast Grow,pioreactor02,2025-09-20T03:21:38.302000Z,0.074461686962,2025-09-20 05:21:38.302,28.040555555556
Long Yeast Grow,pioreactor02,2025-09-20T03:21:53.304000Z,0.074456893673,2025-09-20 05:21:53.304,28.044722222222
Long Yeast Grow,pioreactor02,2025-09-20T03:22:13.302000Z,0.074474029761,2025-09-20 05:22:13.302,28.050277777778
Long Yeast Grow,pioreactor02,2025-09-20T03:22:18.303000Z,0.074464532775,2025-09-20 05:22:18.303,28.051666666667
Long Yeast Grow,pioreactor02,2025-09-20T03:22:33.302000Z,0.07446417531,2025-09-20 05:22:33.302,28.055833333333
Long Yeast Grow,pioreactor02,2025-09-20T03:22:53.304000Z,0.074459441051,2025-09-20 05:22:53.304,28.061388888889
Long Yeast Grow,pioreactor02,2025-09-20T03:22:58.304000Z,0.074463940176,2025-09-20 05:22:58.304,28.062777777778
Long Yeast Grow,pioreactor02,2025-09-20T03:23:33.304000Z,0.074458365607,2025-09-20 05:23:33.304,28.0725
Long Yeast Grow,pioreactor02,2025-09-20T03:23:53.302000Z,0.074469212027,2025-09-20 05:23:53.302,28.078055555556
Long Yeast Grow,pioreactor02,2025-09-20T03:24:03.302000Z,0.074464964496,2025-09-20 05:24:03.302,28.080833333333
Long Yeast Grow,pioreactor02,2025-09-20T03:24:38.302000Z,0.074506241408,2025-09-20 05:24:38.302,28.090555555556
Long Yeast Grow,pioreactor02,2025-09-20T03:25:33.302000Z,0.074491588545,2025-09-20 05:25:33.302,28.105833333333
Long Yeast Grow,pioreactor02,2025-09-20T03:26:03.302000Z,0.074474562119,2025-09-20 05:26:03.302,28.114166666667
Long Yeast Grow,pioreactor02,2025-09-20T03:26:08.302000Z,0.074486309597,2025-09-20 05:26:08.302,28.115555555556
Long Yeast Grow,pioreactor02,2025-09-20T03:26:48.302000Z,0.074462028881,2025-09-20 05:26:48.302,28.126666666667
Long Yeast Grow,pioreactor02,2025-09-20T03:27:08.302000Z,0.074462953198,2025-09-20 05:27:08.302,28.132222222222
Long Yeast Grow,pioreactor02,2025-09-20T03:27:53.302000Z,0.074466974999,2025-09-20 05:27:53.302,28.144722222222
Long Yeast Grow,pioreactor02,2025-09-20T03:27:58.303000Z,0.074466897749,2025-09-20 05:27:58.303,28.146111111111
Long Yeast Grow,pioreactor02,2025-09-20T03:28:03.302000Z,0.074483609524,2025-09-20 05:28:03.302,28.1475
Long Yeast Grow,pioreactor02,2025-09-20T03:28:53.304000Z,0.074473266385,2025-09-20 05:28:53.304,28.161388888889
Long Yeast Grow,pioreactor02,2025-09-20T03:29:08.302000Z,0.074487639722,2025-09-20 05:29:08.302,28.165555555556
Long Yeast Grow,pioreactor02,2025-09-20T03:29:23.306000Z,0.074498986786,2025-09-20 05:29:23.306,28.169722222222
Long Yeast Grow,pioreactor02,2025-09-20T03:30:18.302000Z,0.074464332076,2025-09-20 05:30:18.302,28.185
Long Yeast Grow,pioreactor02,2025-09-20T03:30:43.302000Z,0.07445876804,2025-09-20 05:30:43.302,28.191944444444
Long Yeast Grow,pioreactor02,2025-09-20T03:31:48.302000Z,0.074502276752,2025-09-20 05:31:48.302,28.21
Long Yeast Grow,pioreactor02,2025-09-20T03:31:53.304000Z,0.074505693287,2025-09-20 05:31:53.304,28.211388888889
Long Yeast Grow,pioreactor02,2025-09-20T03:32:33.304000Z,0.074477695595,2025-09-20 05:32:33.304,28.2225
Long Yeast Grow,pioreactor02,2025-09-20T03:33:28.303000Z,0.074446172433,2025-09-20 05:33:28.303,28.237777777778
Long Yeast Grow,pioreactor02,2025-09-20T03:33:38.303000Z,0.074469416822,2025-09-20 05:33:38.303,28.240555555556
Long Yeast Grow,pioreactor02,2025-09-20T03:34:23.302000Z,0.074513267704,2025-09-20 05:34:23.302,28.253055555556
Long Yeast Grow,pioreactor02,2025-09-20T03:34:43.302000Z,0.074507811874,2025-09-20 05:34:43.302,28.258611111111
Long Yeast Grow,pioreactor02,2025-09-20T03:35:58.302000Z,0.074486394946,2025-09-20 05:35:58.302,28.279444444444
Long Yeast Grow,pioreactor02,2025-09-20T03:36:03.302000Z,0.074484127491,2025-09-20 05:36:03.302,28.280833333333
Long Yeast Grow,pioreactor02,2025-09-20T03:36:58.303000Z,0.074478419701,2025-09-20 05:36:58.303,28.296111111111
Long Yeast Grow,pioreactor02,2025-09-20T03:38:28.301000Z,0.074471593087,2025-09-20 05:38:28.301,28.321111111111
Long Yeast Grow,pioreactor02,2025-09-20T03:38:43.302000Z,0.074481897149,2025-09-20 05:38:43.302,28.325277777778
Long Yeast Grow,pioreactor02,2025-09-20T03:39:13.302000Z,0.074493358446,2025-09-20 05:39:13.302,28.333611111111
Long Yeast Grow,pioreactor02,2025-09-20T03:39:43.303000Z,0.074495423917,2025-09-20 05:39:43.303,28.341944444444
Long Yeast Grow,pioreactor02,2025-09-20T03:40:28.304000Z,0.074507586057,2025-09-20 05:40:28.304,28.354444444444
Long Yeast Grow,pioreactor02,2025-09-20T03:40:53.302000Z,0.074514789126,2025-09-20 05:40:53.302,28.361388888889
Long Yeast Grow,pioreactor02,2025-09-20T03:41:18.303000Z,0.074506707625,2025-09-20 05:41:18.303,28.368333333333
Long Yeast Grow,pioreactor02,2025-09-20T03:41:53.302000Z,0.07451595387,2025-09-20 05:41:53.302,28.378055555556
Long Yeast Grow,pioreactor02,2025-09-20T03:43:43.302000Z,0.074494208102,2025-09-20 05:43:43.302,28.408611111111
Long Yeast Grow,pioreactor02,2025-09-20T03:44:33.302000Z,0.074481096893,2025-09-20 05:44:33.302,28.4225
Long Yeast Grow,pioreactor02,2025-09-20T03:45:13.302000Z,0.074499197124,2025-09-20 05:45:13.302,28.433611111111
Long Yeast Grow,pioreactor02,2025-09-20T03:46:08.303000Z,0.074502029115,2025-09-20 05:46:08.303,28.448888888889
Long Yeast Grow,pioreactor02,2025-09-20T03:46:28.305000Z,0.074486201022,2025-09-20 05:46:28.305,28.454444444444
Long Yeast Grow,pioreactor02,2025-09-20T03:46:53.302000Z,0.074498539523,2025-09-20 05:46:53.302,28.461388888889
Long Yeast Grow,pioreactor02,2025-09-20T03:46:58.302000Z,0.074497918191,2025-09-20 05:46:58.302,28.462777777778
Long Yeast Grow,pioreactor02,2025-09-20T03:47:03.302000Z,0.074500227792,2025-09-20 05:47:03.302,28.464166666667
Long Yeast Grow,pioreactor02,2025-09-20T03:47:08.302000Z,0.074480650562,2025-09-20 05:47:08.302,28.465555555556
Long Yeast Grow,pioreactor02,2025-09-20T03:48:13.302000Z,0.074458319487,2025-09-20 05:48:13.302,28.483611111111
Long Yeast Grow,pioreactor02,2025-09-20T03:48:58.305000Z,0.074466168966,2025-09-20 05:48:58.305,28.496111111111
Long Yeast Grow,pioreactor02,2025-09-20T03:49:28.303000Z,0.074478488628,2025-09-20 05:49:28.303,28.504444444444
Long Yeast Grow,pioreactor02,2025-09-20T03:50:23.302000Z,0.074503475211,2025-09-20 05:50:23.302,28.519722222222
Long Yeast Grow,pioreactor02,2025-09-20T03:51:13.303000Z,0.074465216374,2025-09-20 05:51:13.303,28.533611111111
Long Yeast Grow,pioreactor02,2025-09-20T03:51:38.302000Z,0.07448337201,2025-09-20 05:51:38.302,28.540555555556
Long Yeast Grow,pioreactor02,2025-09-20T03:51:43.303000Z,0.074483729219,2025-09-20 05:51:43.303,28.541944444444
Long Yeast Grow,pioreactor02,2025-09-20T03:52:23.302000Z,0.074474571135,2025-09-20 05:52:23.302,28.553055555556
Long Yeast Grow,pioreactor02,2025-09-20T03:53:28.301000Z,0.074460796396,2025-09-20 05:53:28.301,28.571111111111
Long Yeast Grow,pioreactor02,2025-09-20T03:53:48.302000Z,0.074457862411,2025-09-20 05:53:48.302,28.576666666667
Long Yeast Grow,pioreactor02,2025-09-20T03:54:28.303000Z,0.074444465296,2025-09-20 05:54:28.303,28.587777777778
Long Yeast Grow,pioreactor02,2025-09-20T03:55:48.302000Z,0.074467364243,2025-09-20 05:55:48.302,28.61
Long Yeast Grow,pioreactor02,2025-09-20T03:56:13.302000Z,0.074463016044,2025-09-20 05:56:13.302,28.616944444444
Long Yeast Grow,pioreactor02,2025-09-20T03:56:23.303000Z,0.074458310337,2025-09-20 05:56:23.303,28.619722222222
Long Yeast Grow,pioreactor02,2025-09-20T03:57:03.304000Z,0.074451248862,2025-09-20 05:57:03.304,28.630833333333
Long Yeast Grow,pioreactor02,2025-09-20T03:57:18.305000Z,0.074458122633,2025-09-20 05:57:18.305,28.635
Long Yeast Grow,pioreactor02,2025-09-20T03:57:38.302000Z,0.074453016091,2025-09-20 05:57:38.302,28.640555555556
Long Yeast Grow,pioreactor02,2025-09-20T03:57:48.303000Z,0.074448296934,2025-09-20 05:57:48.303,28.643333333333
Long Yeast Grow,pioreactor02,2025-09-20T03:58:13.302000Z,0.074487706189,2025-09-20 05:58:13.302,28.650277777778
Long Yeast Grow,pioreactor02,2025-09-20T03:58:33.301000Z,0.074495502839,2025-09-20 05:58:33.301,28.655833333333
Long Yeast Grow,pioreactor02,2025-09-20T03:58:58.302000Z,0.074483654597,2025-09-20 05:58:58.302,28.662777777778
Long Yeast Grow,pioreactor02,2025-09-20T03:59:03.304000Z,0.074488682777,2025-09-20 05:59:03.304,28.664166666667
Long Yeast Grow,pioreactor02,2025-09-20T03:59:13.303000Z,0.074469012804,2025-09-20 05:59:13.303,28.666944444444
Long Yeast Grow,pioreactor02,2025-09-20T03:59:18.303000Z,0.074473812323,2025-09-20 05:59:18.303,28.668333333333
Long Yeast Grow,pioreactor02,2025-09-20T03:59:23.304000Z,0.074464882281,2025-09-20 05:59:23.304,28.669722222222
Long Yeast Grow,pioreactor02,2025-09-20T04:01:18.302000Z,0.07449633013,2025-09-20 06:01:18.302,28.701666666667
Long Yeast Grow,pioreactor02,2025-09-20T04:02:03.303000Z,0.074479295218,2025-09-20 06:02:03.303,28.714166666667
Long Yeast Grow,pioreactor02,2025-09-20T04:02:28.304000Z,0.074491754088,2025-09-20 06:02:28.304,28.721111111111
Long Yeast Grow,pioreactor02,2025-09-20T04:02:43.302000Z,0.074501626016,2025-09-20 06:02:43.302,28.725277777778
Long Yeast Grow,pioreactor02,2025-09-20T04:02:48.302000Z,0.074508564465,2025-09-20 06:02:48.302,28.726666666667
Long Yeast Grow,pioreactor02,2025-09-20T04:04:18.302000Z,0.074504318556,2025-09-20 06:04:18.302,28.751666666667
Long Yeast Grow,pioreactor02,2025-09-20T04:05:03.303000Z,0.074492850661,2025-09-20 06:05:03.303,28.764166666667
Long Yeast Grow,pioreactor02,2025-09-20T04:05:33.302000Z,0.074492680837,2025-09-20 06:05:33.302,28.7725
Long Yeast Grow,pioreactor02,2025-09-20T04:05:43.305000Z,0.074483851555,2025-09-20 06:05:43.305,28.775277777778
Long Yeast Grow,pioreactor02,2025-09-20T04:07:03.302000Z,0.074475403533,2025-09-20 06:07:03.302,28.7975
Long Yeast Grow,pioreactor02,2025-09-20T04:07:38.302000Z,0.074464364297,2025-09-20 06:07:38.302,28.807222222222
Long Yeast Grow,pioreactor02,2025-09-20T04:08:28.302000Z,0.074453972069,2025-09-20 06:08:28.302,28.821111111111
Long Yeast Grow,pioreactor02,2025-09-20T04:10:18.304000Z,0.074405244452,2025-09-20 06:10:18.304,28.851666666667
Long Yeast Grow,pioreactor02,2025-09-20T04:10:23.303000Z,0.074416945486,2025-09-20 06:10:23.303,28.853055555556
Long Yeast Grow,pioreactor02,2025-09-20T04:10:58.301000Z,0.074463714863,2025-09-20 06:10:58.301,28.862777777778
Long Yeast Grow,pioreactor02,2025-09-20T04:11:33.302000Z,0.074483846415,2025-09-20 06:11:33.302,28.8725
Long Yeast Grow,pioreactor02,2025-09-20T04:11:48.305000Z,0.074471959913,2025-09-20 06:11:48.305,28.876666666667
Long Yeast Grow,pioreactor02,2025-09-20T04:13:13.303000Z,0.074454899508,2025-09-20 06:13:13.303,28.900277777778
Long Yeast Grow,pioreactor02,2025-09-20T04:14:53.301000Z,0.074438981247,2025-09-20 06:14:53.301,28.928055555556
Long Yeast Grow,pioreactor02,2025-09-20T04:15:23.305000Z,0.074447975139,2025-09-20 06:15:23.305,28.936388888889
Long Yeast Grow,pioreactor02,2025-09-20T04:16:38.302000Z,0.074444609756,2025-09-20 06:16:38.302,28.957222222222
Long Yeast Grow,pioreactor02,2025-09-20T04:16:48.302000Z,0.074437713537,2025-09-20 06:16:48.302,28.96
Long Yeast Grow,pioreactor02,2025-09-20T04:18:53.301000Z,0.074490365996,2025-09-20 06:18:53.301,28.994722222222
Long Yeast Grow,pioreactor02,2025-09-20T04:19:18.302000Z,0.074467333028,2025-09-20 06:19:18.302,29.001666666667
Long Yeast Grow,pioreactor02,2025-09-20T04:20:28.302000Z,0.074472072646,2025-09-20 06:20:28.302,29.021111111111
Long Yeast Grow,pioreactor02,2025-09-20T04:20:38.302000Z,0.074472226931,2025-09-20 06:20:38.302,29.023888888889
Long Yeast Grow,pioreactor02,2025-09-20T04:21:08.302000Z,0.074484034001,2025-09-20 06:21:08.302,29.032222222222
Long Yeast Grow,pioreactor02,2025-09-20T04:21:48.303000Z,0.074476672022,2025-09-20 06:21:48.303,29.043333333333
Long Yeast Grow,pioreactor02,2025-09-20T04:22:08.302000Z,0.074491575422,2025-09-20 06:22:08.302,29.048888888889
Long Yeast Grow,pioreactor02,2025-09-20T04:22:28.303000Z,0.074486150434,2025-09-20 06:22:28.303,29.054444444444
Long Yeast Grow,pioreactor02,2025-09-20T04:22:33.303000Z,0.07448646753,2025-09-20 06:22:33.303,29.055833333333
Long Yeast Grow,pioreactor02,2025-09-20T04:24:18.303000Z,0.07449677986,2025-09-20 06:24:18.303,29.085
Long Yeast Grow,pioreactor02,2025-09-20T04:24:23.304000Z,0.074493306184,2025-09-20 06:24:23.304,29.086388888889
Long Yeast Grow,pioreactor02,2025-09-20T04:25:13.302000Z,0.074457924182,2025-09-20 06:25:13.302,29.100277777778
Long Yeast Grow,pioreactor02,2025-09-20T04:25:23.303000Z,0.074458221508,2025-09-20 06:25:23.303,29.103055555556
Long Yeast Grow,pioreactor02,2025-09-20T04:25:28.302000Z,0.074459772347,2025-09-20 06:25:28.302,29.104444444444
Long Yeast Grow,pioreactor02,2025-09-20T04:28:43.302000Z,0.074433654488,2025-09-20 06:28:43.302,29.158611111111
Long Yeast Grow,pioreactor02,2025-09-20T04:28:48.303000Z,0.074431868989,2025-09-20 06:28:48.303,29.16
Long Yeast Grow,pioreactor02,2025-09-20T04:29:13.302000Z,0.07443110677,2025-09-20 06:29:13.302,29.166944444444
Long Yeast Grow,pioreactor02,2025-09-20T04:29:28.303000Z,0.07442414052,2025-09-20 06:29:28.303,29.171111111111
Long Yeast Grow,pioreactor02,2025-09-20T04:29:58.304000Z,0.074447984034,2025-09-20 06:29:58.304,29.179444444444
Long Yeast Grow,pioreactor02,2025-09-20T04:30:18.303000Z,0.074438608708,2025-09-20 06:30:18.303,29.185
Long Yeast Grow,pioreactor02,2025-09-20T04:30:28.302000Z,0.074416386684,2025-09-20 06:30:28.302,29.187777777778
Long Yeast Grow,pioreactor02,2025-09-20T04:30:38.301000Z,0.074427053707,2025-09-20 06:30:38.301,29.190555555556
Long Yeast Grow,pioreactor02,2025-09-20T04:31:53.303000Z,0.074442005272,2025-09-20 06:31:53.303,29.211388888889
Long Yeast Grow,pioreactor02,2025-09-20T04:32:08.302000Z,0.074449721553,2025-09-20 06:32:08.302,29.215555555556
Long Yeast Grow,pioreactor02,2025-09-20T04:32:28.304000Z,0.074466710155,2025-09-20 06:32:28.304,29.221111111111
Long Yeast Grow,pioreactor02,2025-09-20T04:33:28.303000Z,0.074446603998,2025-09-20 06:33:28.303,29.237777777778
Long Yeast Grow,pioreactor02,2025-09-20T04:33:33.302000Z,0.074436356528,2025-09-20 06:33:33.302,29.239166666667
Long Yeast Grow,pioreactor02,2025-09-20T04:34:03.303000Z,0.074428974032,2025-09-20 06:34:03.303,29.2475
Long Yeast Grow,pioreactor02,2025-09-20T04:34:08.302000Z,0.074426087339,2025-09-20 06:34:08.302,29.248888888889
Long Yeast Grow,pioreactor02,2025-09-20T04:34:28.303000Z,0.074433134924,2025-09-20 06:34:28.303,29.254444444444
Long Yeast Grow,pioreactor02,2025-09-20T04:34:48.304000Z,0.07446142246,2025-09-20 06:34:48.304,29.26
Long Yeast Grow,pioreactor02,2025-09-20T04:35:13.302000Z,0.074452323577,2025-09-20 06:35:13.302,29.266944444444
Long Yeast Grow,pioreactor02,2025-09-20T04:35:38.302000Z,0.074443297407,2025-09-20 06:35:38.302,29.273888888889
Long Yeast Grow,pioreactor02,2025-09-20T04:35:58.302000Z,0.074430278932,2025-09-20 06:35:58.302,29.279444444444
Long Yeast Grow,pioreactor02,2025-09-20T04:36:08.304000Z,0.074430973971,2025-09-20 06:36:08.304,29.282222222222
Long Yeast Grow,pioreactor02,2025-09-20T04:36:38.303000Z,0.074441031776,2025-09-20 06:36:38.303,29.290555555556
Long Yeast Grow,pioreactor02,2025-09-20T04:36:58.304000Z,0.074421021111,2025-09-20 06:36:58.304,29.296111111111
Long Yeast Grow,pioreactor02,2025-09-20T04:37:13.304000Z,0.074418285081,2025-09-20 06:37:13.304,29.300277777778
Long Yeast Grow,pioreactor02,2025-09-20T04:37:23.302000Z,0.074426168421,2025-09-20 06:37:23.302,29.303055555556
Long Yeast Grow,pioreactor02,2025-09-20T04:37:28.302000Z,0.074431728939,2025-09-20 06:37:28.302,29.304444444444
Long Yeast Grow,pioreactor02,2025-09-20T04:38:23.302000Z,0.074464516345,2025-09-20 06:38:23.302,29.319722222222
Long Yeast Grow,pioreactor02,2025-09-20T04:38:38.302000Z,0.074447604863,2025-09-20 06:38:38.302,29.323888888889
Long Yeast Grow,pioreactor02,2025-09-20T04:39:13.303000Z,0.074432956513,2025-09-20 06:39:13.303,29.333611111111
Long Yeast Grow,pioreactor02,2025-09-20T04:39:43.302000Z,0.074451876179,2025-09-20 06:39:43.302,29.341944444444
Long Yeast Grow,pioreactor02,2025-09-20T04:39:58.305000Z,0.074420115427,2025-09-20 06:39:58.305,29.346111111111
Long Yeast Grow,pioreactor02,2025-09-20T04:42:03.303000Z,0.074400309061,2025-09-20 06:42:03.303,29.380833333333
Long Yeast Grow,pioreactor02,2025-09-20T04:42:08.302000Z,0.074400434925,2025-09-20 06:42:08.302,29.382222222222
Long Yeast Grow,pioreactor02,2025-09-20T04:42:33.303000Z,0.074405387584,2025-09-20 06:42:33.303,29.389166666667
Long Yeast Grow,pioreactor02,2025-09-20T04:44:03.302000Z,0.07434137886,2025-09-20 06:44:03.302,29.414166666667
