experiment,pioreactor_unit,timestamp,message,source,level,task,timestamp_localtime,hours_since_experiment_created
Yeast Grow 4 Days,pioreactor02,2025-09-20T05:12:56.178Z,Init.,app,DEBUG,stirring,2025-09-20 07:12:56.178,0.176388888889
Yeast Grow 4 Days,pioreactor02,2025-09-20T05:12:56.201Z,Operating with RPM feedback loop.,app,DEBUG,stirring,2025-09-20 07:12:56.201,0.176388888889
Yeast Grow 4 Days,pioreactor02,2025-09-20T05:12:56.204Z,"Initialized GPIO-17 using software-timing, initial frequency = 200.0 hz.",app,DEBUG,stirring,2025-09-20 07:12:56.204,0.176388888889
Yeast Grow 4 Days,pioreactor02,2025-09-20T05:12:56.256Z,Found stirring calibration: stirring-calibration-2025-09-18_19-24-38.,app,DEBUG,stirring,2025-09-20 07:12:56.256,0.176388888889
Yeast Grow 4 Days,pioreactor02,2025-09-20T05:12:56.660Z,Starting initialize_continuous_operation,app,DEBUG,stirring,2025-09-20 07:12:56.660,0.176388888889
Yeast Grow 4 Days,pioreactor02,2025-09-20T05:12:57.170Z,Finished initialize_continuous_operation,app,DEBUG,stirring,2025-09-20 07:12:57.170,0.176666666667
Yeast Grow 4 Days,pioreactor02,2025-09-20T05:12:57.174Z,Ready.,app,INFO,stirring,2025-09-20 07:12:57.174,0.176666666667
Yeast Grow 4 Days,pioreactor02,2025-09-20T05:12:57.175Z,stirring is blocking until RPM is near 500.0.,app,DEBUG,stirring,2025-09-20 07:12:57.175,0.176666666667
Yeast Grow 4 Days,pioreactor02,2025-09-20T05:13:00.683Z,stirring is blocking until disconnected.,app,DEBUG,stirring,2025-09-20 07:13:00.683,0.1775
Yeast Grow 4 Days,pioreactor02,2025-09-20T05:13:20.305Z,Updated target_rpm from 500.0 RPM to 1000.0 RPM.,app,INFO,stirring,2025-09-20 07:13:20.305,0.183055555556
Yeast Grow 4 Days,pioreactor02,2025-09-20T05:13:41.960Z,Updated target_rpm from 1000.0 RPM to 500.0 RPM.,app,INFO,stirring,2025-09-20 07:13:41.960,0.188888888889
Yeast Grow 4 Days,pioreactor02,2025-09-20T05:14:10.138Z,Init.,app,DEBUG,temperature_automation,2025-09-20 07:14:10.138,0.196944444444
Yeast Grow 4 Days,pioreactor02,2025-09-20T05:14:10.140Z,Starting thermostat.,app,INFO,temperature_automation,2025-09-20 07:14:10.140,0.196944444444
Yeast Grow 4 Days,pioreactor02,2025-09-20T05:14:10.172Z,"Initialized GPIO-18 using software-timing, initial frequency = 16 hz.",app,DEBUG,temperature_automation,2025-09-20 07:14:10.172,0.196944444444
Yeast Grow 4 Days,pioreactor02,2025-09-20T05:14:10.494Z,PID output = 25,app,DEBUG,temperature_automation,2025-09-20 07:14:10.494,0.196944444444
Yeast Grow 4 Days,pioreactor02,2025-09-20T05:14:10.500Z,Ready.,app,INFO,temperature_automation,2025-09-20 07:14:10.500,0.196944444444
Yeast Grow 4 Days,pioreactor02,2025-09-20T05:14:10.501Z,temperature_automation is blocking until disconnected.,app,DEBUG,temperature_automation,2025-09-20 07:14:10.501,0.196944444444
Yeast Grow 4 Days,pioreactor02,2025-09-20T05:14:19.744Z,"No calibration available for OD, skipping.",app,DEBUG,calibration_transformer,2025-09-20 07:14:19.744,0.199444444444
Yeast Grow 4 Days,pioreactor02,2025-09-20T05:14:19.786Z,Init.,app,DEBUG,od_reading,2025-09-20 07:14:19.786,0.199444444444
Yeast Grow 4 Days,pioreactor02,2025-09-20T05:14:20.230Z,"ADC offsets: {'2': 2485.8750015272726, '1': 2487.2750011200005}, and in voltage: {'2': 0.0626021635, '1': 0.0626374199}",app,DEBUG,od_reading,2025-09-20 07:14:20.230,0.199722222222
Yeast Grow 4 Days,pioreactor02,2025-09-20T05:14:20.646Z,AC hz estimate: 50.0,app,DEBUG,od_reading,2025-09-20 07:14:20.646,0.199722222222
Yeast Grow 4 Days,pioreactor02,2025-09-20T05:14:20.647Z,Using ADC class Pico_ADC for pd2 with initial gain 1.0.,app,DEBUG,od_reading,2025-09-20 07:14:20.647,0.199722222222
Yeast Grow 4 Days,pioreactor02,2025-09-20T05:14:20.649Z,Using ADC class Pico_ADC for pd1 with initial gain 1.0.,app,DEBUG,od_reading,2025-09-20 07:14:20.649,0.199722222222
Yeast Grow 4 Days,pioreactor02,2025-09-20T05:14:20.673Z,"Starting od_reading with PD channels {'2': '90'}, with IR LED intensity 63.47% from channel A, every 5.0 seconds",app,DEBUG,od_reading,2025-09-20 07:14:20.673,0.199722222222
Yeast Grow 4 Days,pioreactor02,2025-09-20T05:14:20.679Z,Ready.,app,INFO,od_reading,2025-09-20 07:14:20.679,0.199722222222
Yeast Grow 4 Days,pioreactor02,2025-09-20T05:14:20.684Z,od_reading is blocking until disconnected.,app,DEBUG,od_reading,2025-09-20 07:14:20.684,0.199722222222
Yeast Grow 4 Days,pioreactor02,2025-09-20T05:14:21.804Z,Init.,app,DEBUG,growth_rate_calculating,2025-09-20 07:14:21.804,0.2
Yeast Grow 4 Days,pioreactor02,2025-09-20T05:14:21.810Z,Ready.,app,INFO,growth_rate_calculating,2025-09-20 07:14:21.810,0.2
Yeast Grow 4 Days,pioreactor02,2025-09-20T05:14:21.813Z,OD normalization factors or variances not found in cache. Computing them now.,app,DEBUG,growth_rate_calculating,2025-09-20 07:14:21.813,0.2
Yeast Grow 4 Days,pioreactor02,2025-09-20T05:14:22.315Z,Starting to compute statistics from OD readings. Collecting 35 data points. This may take a while.,app,INFO,growth_rate_calculating,2025-09-20 07:14:22.315,0.200277777778
Yeast Grow 4 Days,pioreactor02,2025-09-20T05:14:51.246Z,Progress: 3%,app,DEBUG,growth_rate_calculating,2025-09-20 07:14:51.246,0.208333333333
Yeast Grow 4 Days,pioreactor02,2025-09-20T05:14:56.244Z,Progress: 6%,app,DEBUG,growth_rate_calculating,2025-09-20 07:14:56.244,0.209722222222
Yeast Grow 4 Days,pioreactor02,2025-09-20T05:15:01.244Z,Progress: 9%,app,DEBUG,growth_rate_calculating,2025-09-20 07:15:01.244,0.211111111111
Yeast Grow 4 Days,pioreactor02,2025-09-20T05:15:06.245Z,Progress: 11%,app,DEBUG,growth_rate_calculating,2025-09-20 07:15:06.245,0.2125
Yeast Grow 4 Days,pioreactor02,2025-09-20T05:15:11.245Z,Progress: 14%,app,DEBUG,growth_rate_calculating,2025-09-20 07:15:11.245,0.213888888889
Yeast Grow 4 Days,pioreactor02,2025-09-20T05:15:16.244Z,Progress: 17%,app,DEBUG,growth_rate_calculating,2025-09-20 07:15:16.244,0.215277777778
Yeast Grow 4 Days,pioreactor02,2025-09-20T05:15:21.245Z,Progress: 20%,app,DEBUG,growth_rate_calculating,2025-09-20 07:15:21.245,0.216666666667
Yeast Grow 4 Days,pioreactor02,2025-09-20T05:15:26.245Z,Progress: 23%,app,DEBUG,growth_rate_calculating,2025-09-20 07:15:26.245,0.218055555556
Yeast Grow 4 Days,pioreactor02,2025-09-20T05:15:31.244Z,Progress: 26%,app,DEBUG,growth_rate_calculating,2025-09-20 07:15:31.244,0.219444444444
Yeast Grow 4 Days,pioreactor02,2025-09-20T05:15:36.244Z,Progress: 29%,app,DEBUG,growth_rate_calculating,2025-09-20 07:15:36.244,0.220833333333
Yeast Grow 4 Days,pioreactor02,2025-09-20T05:15:41.246Z,Progress: 31%,app,DEBUG,growth_rate_calculating,2025-09-20 07:15:41.246,0.222222222222
Yeast Grow 4 Days,pioreactor02,2025-09-20T05:15:46.244Z,Progress: 34%,app,DEBUG,growth_rate_calculating,2025-09-20 07:15:46.244,0.223611111111
Yeast Grow 4 Days,pioreactor02,2025-09-20T05:15:51.244Z,Progress: 37%,app,DEBUG,growth_rate_calculating,2025-09-20 07:15:51.244,0.225
Yeast Grow 4 Days,pioreactor02,2025-09-20T05:15:56.244Z,Progress: 40%,app,DEBUG,growth_rate_calculating,2025-09-20 07:15:56.244,0.226388888889
Yeast Grow 4 Days,pioreactor02,2025-09-20T05:16:01.244Z,Progress: 43%,app,DEBUG,growth_rate_calculating,2025-09-20 07:16:01.244,0.227777777778
Yeast Grow 4 Days,pioreactor02,2025-09-20T05:16:06.244Z,Progress: 46%,app,DEBUG,growth_rate_calculating,2025-09-20 07:16:06.244,0.229166666667
Yeast Grow 4 Days,pioreactor02,2025-09-20T05:16:11.244Z,Progress: 49%,app,DEBUG,growth_rate_calculating,2025-09-20 07:16:11.244,0.230555555556
Yeast Grow 4 Days,pioreactor02,2025-09-20T05:16:16.245Z,Progress: 51%,app,DEBUG,growth_rate_calculating,2025-09-20 07:16:16.245,0.231944444444
Yeast Grow 4 Days,pioreactor02,2025-09-20T05:16:21.244Z,Progress: 54%,app,DEBUG,growth_rate_calculating,2025-09-20 07:16:21.244,0.233333333333
Yeast Grow 4 Days,pioreactor02,2025-09-20T05:16:26.244Z,Progress: 57%,app,DEBUG,growth_rate_calculating,2025-09-20 07:16:26.244,0.234722222222
Yeast Grow 4 Days,pioreactor02,2025-09-20T05:16:31.245Z,Progress: 60%,app,DEBUG,growth_rate_calculating,2025-09-20 07:16:31.245,0.236111111111
Yeast Grow 4 Days,pioreactor02,2025-09-20T05:16:36.245Z,Progress: 63%,app,DEBUG,growth_rate_calculating,2025-09-20 07:16:36.245,0.2375
Yeast Grow 4 Days,pioreactor02,2025-09-20T05:16:41.244Z,Progress: 66%,app,DEBUG,growth_rate_calculating,2025-09-20 07:16:41.244,0.238888888889
Yeast Grow 4 Days,pioreactor02,2025-09-20T05:16:46.244Z,Progress: 69%,app,DEBUG,growth_rate_calculating,2025-09-20 07:16:46.244,0.240277777778
Yeast Grow 4 Days,pioreactor02,2025-09-20T05:16:51.245Z,Progress: 71%,app,DEBUG,growth_rate_calculating,2025-09-20 07:16:51.245,0.241666666667
Yeast Grow 4 Days,pioreactor02,2025-09-20T05:16:56.244Z,Progress: 74%,app,DEBUG,growth_rate_calculating,2025-09-20 07:16:56.244,0.243055555556
Yeast Grow 4 Days,pioreactor02,2025-09-20T05:17:01.245Z,Progress: 77%,app,DEBUG,growth_rate_calculating,2025-09-20 07:17:01.245,0.244444444444
Yeast Grow 4 Days,pioreactor02,2025-09-20T05:17:06.244Z,Progress: 80%,app,DEBUG,growth_rate_calculating,2025-09-20 07:17:06.244,0.245833333333
Yeast Grow 4 Days,pioreactor02,2025-09-20T05:17:11.244Z,Progress: 83%,app,DEBUG,growth_rate_calculating,2025-09-20 07:17:11.244,0.247222222222
Yeast Grow 4 Days,pioreactor02,2025-09-20T05:17:16.244Z,Progress: 86%,app,DEBUG,growth_rate_calculating,2025-09-20 07:17:16.244,0.248611111111
Yeast Grow 4 Days,pioreactor02,2025-09-20T05:17:21.244Z,Progress: 89%,app,DEBUG,growth_rate_calculating,2025-09-20 07:17:21.244,0.25
Yeast Grow 4 Days,pioreactor02,2025-09-20T05:17:26.244Z,Progress: 91%,app,DEBUG,growth_rate_calculating,2025-09-20 07:17:26.244,0.251388888889
Yeast Grow 4 Days,pioreactor02,2025-09-20T05:17:31.245Z,Progress: 94%,app,DEBUG,growth_rate_calculating,2025-09-20 07:17:31.245,0.252777777778
Yeast Grow 4 Days,pioreactor02,2025-09-20T05:17:36.244Z,Progress: 97%,app,DEBUG,growth_rate_calculating,2025-09-20 07:17:36.244,0.254166666667
Yeast Grow 4 Days,pioreactor02,2025-09-20T05:17:36.611Z,"features={'previous_heater_dc': 25.0, 'room_temp': 22.0, 'is_rpi_zero': False, 'volume': 14.0, 'time_series_of_temp': [26.0, 24.96875, 24.229166666666668, 23.5625, 23.020833333333332, 22.552083333333332, 22.125, 21.770833333333332, 21.4375, 21.177083333333332, 20.90625, 20.6875, 20.5, 20.291666666666668, 20.125, 20.0, 19.875, 19.739583333333332, 19.625, 19.5, 19.4375]}",app,DEBUG,temperature_automation,2025-09-20 07:17:36.611,0.254166666667
Yeast Grow 4 Days,pioreactor02,2025-09-20T05:17:36.619Z,PID output = 25,app,DEBUG,temperature_automation,2025-09-20 07:17:36.619,0.254166666667
Yeast Grow 4 Days,pioreactor02,2025-09-20T05:17:41.245Z,Progress: 100%,app,DEBUG,growth_rate_calculating,2025-09-20 07:17:41.245,0.255555555556
Yeast Grow 4 Days,pioreactor02,2025-09-20T05:17:41.248Z,"observed data: defaultdict(<class 'list'>, {'2': [0.04307880903924066, 0.04283807304991092, 0.04470065522755138, 0.04348008721158564, 0.043923732175080686, 0.0434428470649593, 0.0438247647802064, 0.04358057446482858, 0.04362901045923529, 0.043471758196312535, 0.04440628243137796, 0.0436413172925608, 0.04382314770681811, 0.043711250750266675, 0.044321256974885696, 0.04354527802632086, 0.04405220156425576, 0.043391921095276925, 0.04292842063047609, 0.04352515194277246, 0.04317202274967405, 0.043600930661237255, 0.04304820619368015, 0.04324023862903796, 0.04312221376351484, 0.04361375271499161, 0.043440669613429815, 0.04379506014532064, 0.04308996496429243, 0.043849367865354774, 0.04327286940721693, 0.044016089532847524, 0.04501363600846594, 0.04425647943433339, 0.04413012502561384]})",app,DEBUG,growth_rate_calculating,2025-09-20 07:17:41.248,0.255555555556
Yeast Grow 4 Days,pioreactor02,2025-09-20T05:17:41.249Z,measured mean: {'2': 0.0436289478024687},app,DEBUG,growth_rate_calculating,2025-09-20 07:17:41.249,0.255555555556
Yeast Grow 4 Days,pioreactor02,2025-09-20T05:17:41.250Z,measured variances: {'2': 1.1821191291264601e-07},app,DEBUG,growth_rate_calculating,2025-09-20 07:17:41.250,0.255555555556
Yeast Grow 4 Days,pioreactor02,2025-09-20T05:17:41.251Z,Completed OD normalization metrics.,app,INFO,growth_rate_calculating,2025-09-20 07:17:41.251,0.255555555556
Yeast Grow 4 Days,pioreactor02,2025-09-20T05:17:41.286Z,od_normalization_mean={'2': 0.0436289478024687},app,DEBUG,growth_rate_calculating,2025-09-20 07:17:41.286,0.255555555556
Yeast Grow 4 Days,pioreactor02,2025-09-20T05:17:41.287Z,od_normalization_variance={'2': 1.1821191291264601e-07},app,DEBUG,growth_rate_calculating,2025-09-20 07:17:41.287,0.255555555556
Yeast Grow 4 Days,pioreactor02,2025-09-20T05:17:41.288Z,od_blank={'2': 0.0},app,DEBUG,growth_rate_calculating,2025-09-20 07:17:41.288,0.255555555556
Yeast Grow 4 Days,pioreactor02,2025-09-20T05:17:41.423Z,"od_std=0.0025, rate_std=0.15, obs_std=1.0",app,DEBUG,growth_rate_calculating,2025-09-20 07:17:41.423,0.255555555556
Yeast Grow 4 Days,pioreactor02,2025-09-20T05:18:11.245Z,"Initial state: array([1.00306381, 0.        ])",app,DEBUG,growth_rate_calculating,2025-09-20 07:18:11.245,0.263888888889
Yeast Grow 4 Days,pioreactor02,2025-09-20T05:18:11.249Z,"Initial covariance matrix:
array([[0.0016, 0.    ],
       [0.    , 0.0001]])",app,DEBUG,growth_rate_calculating,2025-09-20 07:18:11.249,0.263888888889
Yeast Grow 4 Days,pioreactor02,2025-09-20T05:18:11.251Z,"Process noise covariance matrix:
array([[1.20563272e-11, 0.00000000e+00],
       [0.00000000e+00, 4.34027778e-08]])",app,DEBUG,growth_rate_calculating,2025-09-20 07:18:11.251,0.263888888889
Yeast Grow 4 Days,pioreactor02,2025-09-20T05:18:11.253Z,"Observation noise covariance matrix:
array([[6.21028837e-05]])",app,DEBUG,growth_rate_calculating,2025-09-20 07:18:11.253,0.263888888889
Yeast Grow 4 Days,pioreactor02,2025-09-20T05:18:11.254Z,angles=['90'],app,DEBUG,growth_rate_calculating,2025-09-20 07:18:11.254,0.263888888889
Yeast Grow 4 Days,pioreactor02,2025-09-20T05:18:11.255Z,ekf_outlier_std_threshold=5.0,app,DEBUG,growth_rate_calculating,2025-09-20 07:18:11.255,0.263888888889
Yeast Grow 4 Days,pioreactor02,2025-09-20T05:20:56.610Z,"features={'previous_heater_dc': 50.0, 'room_temp': 22.0, 'is_rpi_zero': False, 'volume': 14.0, 'time_series_of_temp': [34.291666666666664, 32.270833333333336, 30.78125, 29.53125, 28.489583333333332, 27.5625, 26.760416666666668, 26.0625, 25.4375, 24.875, 24.395833333333332, 23.947916666666668, 23.5625, 23.208333333333332, 22.885416666666668, 22.614583333333332, 22.333333333333332, 22.083333333333332, 21.875, 21.6875, 21.5]}",app,DEBUG,temperature_automation,2025-09-20 07:20:56.610,0.309722222222
Yeast Grow 4 Days,pioreactor02,2025-09-20T05:20:56.618Z,PID output = 25,app,DEBUG,temperature_automation,2025-09-20 07:20:56.618,0.309722222222
Yeast Grow 4 Days,pioreactor02,2025-09-20T05:24:16.614Z,"features={'previous_heater_dc': 75.0, 'room_temp': 22.0, 'is_rpi_zero': False, 'volume': 14.0, 'time_series_of_temp': [43.125, 40.135416666666664, 37.885416666666664, 36.041666666666664, 34.479166666666664, 33.104166666666664, 31.916666666666668, 30.854166666666668, 29.9375, 29.114583333333332, 28.375, 27.697916666666668, 27.114583333333332, 26.5625, 26.083333333333332, 25.635416666666668, 25.25, 24.875, 24.541666666666668, 24.25, 23.9375]}",app,DEBUG,temperature_automation,2025-09-20 07:24:16.614,0.365277777778
Yeast Grow 4 Days,pioreactor02,2025-09-20T05:24:16.622Z,PID output = 25,app,DEBUG,temperature_automation,2025-09-20 07:24:16.622,0.365277777778
Yeast Grow 4 Days,pioreactor02,2025-09-20T05:27:36.611Z,"features={'previous_heater_dc': 100.0, 'room_temp': 22.0, 'is_rpi_zero': False, 'volume': 14.0, 'time_series_of_temp': [52.25, 48.28125, 45.333333333333336, 42.885416666666664, 40.802083333333336, 38.979166666666664, 37.40625, 36.020833333333336, 34.760416666666664, 33.666666666666664, 32.677083333333336, 31.802083333333332, 31.0, 30.291666666666668, 29.635416666666668, 29.0625, 28.5, 28.0, 27.541666666666668, 27.125, 26.739583333333332]}",app,DEBUG,temperature_automation,2025-09-20 07:27:36.611,0.420833333333
Yeast Grow 4 Days,pioreactor02,2025-09-20T05:27:36.618Z,PID output = 25,app,DEBUG,temperature_automation,2025-09-20 07:27:36.618,0.420833333333
Yeast Grow 4 Days,pioreactor02,2025-09-20T05:30:56.612Z,"features={'previous_heater_dc': 100.0, 'room_temp': 22.0, 'is_rpi_zero': False, 'volume': 14.0, 'time_series_of_temp': [54.083333333333336, 50.083333333333336, 47.104166666666664, 44.65625, 42.53125, 40.6875, 39.083333333333336, 37.666666666666664, 36.40625, 35.28125, 34.291666666666664, 33.385416666666664, 32.5625, 31.84375, 31.1875, 30.5625, 30.0, 29.5, 29.010416666666668, 28.604166666666668, 28.1875]}",app,DEBUG,temperature_automation,2025-09-20 07:30:56.612,0.476388888889
Yeast Grow 4 Days,pioreactor02,2025-09-20T05:30:56.619Z,PID output = 20.81199999999999,app,DEBUG,temperature_automation,2025-09-20 07:30:56.619,0.476388888889
Yeast Grow 4 Days,pioreactor02,2025-09-20T05:34:16.611Z,"features={'previous_heater_dc': 100.0, 'room_temp': 22.0, 'is_rpi_zero': False, 'volume': 14.0, 'time_series_of_temp': [55.375, 51.364583333333336, 48.385416666666664, 45.927083333333336, 43.802083333333336, 41.96875, 40.354166666666664, 38.927083333333336, 37.666666666666664, 36.552083333333336, 35.541666666666664, 34.625, 33.822916666666664, 33.083333333333336, 32.427083333333336, 31.802083333333332, 31.229166666666668, 30.729166666666668, 30.25, 29.8125, 29.375]}",app,DEBUG,temperature_automation,2025-09-20 07:34:16.611,0.531944444444
Yeast Grow 4 Days,pioreactor02,2025-09-20T05:34:16.619Z,PID output = 17.29600000000001,app,DEBUG,temperature_automation,2025-09-20 07:34:16.619,0.531944444444
Yeast Grow 4 Days,pioreactor02,2025-09-20T05:37:36.611Z,"features={'previous_heater_dc': 100.0, 'room_temp': 22.0, 'is_rpi_zero': False, 'volume': 14.0, 'time_series_of_temp': [56.5, 52.510416666666664, 49.520833333333336, 47.0625, 44.927083333333336, 43.09375, 41.479166666666664, 40.0625, 38.78125, 37.645833333333336, 36.645833333333336, 35.75, 34.90625, 34.177083333333336, 33.5, 32.875, 32.3125, 31.760416666666668, 31.3125, 30.875, 30.447916666666668]}",app,DEBUG,temperature_automation,2025-09-20 07:37:36.611,0.5875
Yeast Grow 4 Days,pioreactor02,2025-09-20T05:37:36.618Z,PID output = 15.849999999999998,app,DEBUG,temperature_automation,2025-09-20 07:37:36.618,0.5875
Yeast Grow 4 Days,pioreactor02,2025-09-20T05:40:56.610Z,"features={'previous_heater_dc': 100.0, 'room_temp': 22.0, 'is_rpi_zero': False, 'volume': 14.0, 'time_series_of_temp': [57.458333333333336, 53.458333333333336, 50.479166666666664, 47.989583333333336, 45.895833333333336, 44.041666666666664, 42.416666666666664, 41.0, 39.739583333333336, 38.604166666666664, 37.59375, 36.677083333333336, 35.854166666666664, 35.104166666666664, 34.416666666666664, 33.8125, 33.239583333333336, 32.697916666666664, 32.208333333333336, 31.760416666666668, 31.375]}",app,DEBUG,temperature_automation,2025-09-20 07:40:56.610,0.643055555556
Yeast Grow 4 Days,pioreactor02,2025-09-20T05:40:56.618Z,PID output = 12.360000000000003,app,DEBUG,temperature_automation,2025-09-20 07:40:56.618,0.643055555556
Yeast Grow 4 Days,pioreactor02,2025-09-20T05:44:16.609Z,"features={'previous_heater_dc': 100.0, 'room_temp': 22.0, 'is_rpi_zero': False, 'volume': 14.0, 'time_series_of_temp': [58.322916666666664, 54.322916666666664, 51.354166666666664, 48.875, 46.75, 44.90625, 43.291666666666664, 41.854166666666664, 40.59375, 39.46875, 38.4375, 37.510416666666664, 36.6875, 35.947916666666664, 35.25, 34.625, 34.0625, 33.541666666666664, 33.0625, 32.604166666666664, 32.1875]}",app,DEBUG,temperature_automation,2025-09-20 07:44:16.609,0.698611111111
Yeast Grow 4 Days,pioreactor02,2025-09-20T05:44:16.617Z,PID output = 11.847999999999992,app,DEBUG,temperature_automation,2025-09-20 07:44:16.617,0.698611111111
Yeast Grow 4 Days,pioreactor02,2025-09-20T05:47:36.610Z,"features={'previous_heater_dc': 100.0, 'room_temp': 22.0, 'is_rpi_zero': False, 'volume': 14.0, 'time_series_of_temp': [59.0625, 55.03125, 52.052083333333336, 49.583333333333336, 47.458333333333336, 45.59375, 43.979166666666664, 42.541666666666664, 41.270833333333336, 40.145833333333336, 39.125, 38.197916666666664, 37.364583333333336, 36.625, 35.9375, 35.3125, 34.75, 34.197916666666664, 33.71875, 33.260416666666664, 32.864583333333336]}",app,DEBUG,temperature_automation,2025-09-20 07:47:36.610,0.754166666667
Yeast Grow 4 Days,pioreactor02,2025-09-20T05:47:36.617Z,PID output = 8.61200000000002,app,DEBUG,temperature_automation,2025-09-20 07:47:36.617,0.754166666667
Yeast Grow 4 Days,pioreactor02,2025-09-20T05:50:56.611Z,"features={'previous_heater_dc': 100.0, 'room_temp': 22.0, 'is_rpi_zero': False, 'volume': 14.0, 'time_series_of_temp': [59.645833333333336, 55.635416666666664, 52.666666666666664, 50.1875, 48.041666666666664, 46.197916666666664, 44.59375, 43.145833333333336, 41.864583333333336, 40.729166666666664, 39.708333333333336, 38.802083333333336, 37.979166666666664, 37.208333333333336, 36.53125, 35.895833333333336, 35.3125, 34.78125, 34.302083333333336, 33.864583333333336, 33.4375]}",app,DEBUG,temperature_automation,2025-09-20 07:50:56.611,0.809722222222
Yeast Grow 4 Days,pioreactor02,2025-09-20T05:50:56.618Z,PID output = 8.473999999999997,app,DEBUG,temperature_automation,2025-09-20 07:50:56.618,0.809722222222
Yeast Grow 4 Days,pioreactor02,2025-09-20T05:54:16.611Z,"features={'previous_heater_dc': 100.0, 'room_temp': 22.0, 'is_rpi_zero': False, 'volume': 14.0, 'time_series_of_temp': [60.1875, 56.177083333333336, 53.208333333333336, 50.71875, 48.604166666666664, 46.739583333333336, 45.104166666666664, 43.677083333333336, 42.40625, 41.270833333333336, 40.25, 39.333333333333336, 38.510416666666664, 37.729166666666664, 37.052083333333336, 36.427083333333336, 35.84375, 35.3125, 34.822916666666664, 34.375, 33.9375]}",app,DEBUG,temperature_automation,2025-09-20 07:54:16.611,0.865277777778
Yeast Grow 4 Days,pioreactor02,2025-09-20T05:54:16.619Z,PID output = 6.1759999999999895,app,DEBUG,temperature_automation,2025-09-20 07:54:16.619,0.865277777778
Yeast Grow 4 Days,pioreactor02,2025-09-20T05:57:36.614Z,"features={'previous_heater_dc': 100.0, 'room_temp': 22.0, 'is_rpi_zero': False, 'volume': 14.0, 'time_series_of_temp': [60.625, 56.645833333333336, 53.645833333333336, 51.1875, 49.052083333333336, 47.1875, 45.5625, 44.135416666666664, 42.854166666666664, 41.71875, 40.6875, 39.78125, 38.947916666666664, 38.1875, 37.5, 36.875, 36.302083333333336, 35.760416666666664, 35.28125, 34.822916666666664, 34.416666666666664]}",app,DEBUG,temperature_automation,2025-09-20 07:57:36.614,0.920833333333
Yeast Grow 4 Days,pioreactor02,2025-09-20T05:57:36.622Z,PID output = 6.576,app,DEBUG,temperature_automation,2025-09-20 07:57:36.622,0.920833333333
Yeast Grow 4 Days,pioreactor02,2025-09-20T06:00:56.610Z,"features={'previous_heater_dc': 100.0, 'room_temp': 22.0, 'is_rpi_zero': False, 'volume': 14.0, 'time_series_of_temp': [61.09375, 57.072916666666664, 54.09375, 51.59375, 49.489583333333336, 47.645833333333336, 46.020833333333336, 44.572916666666664, 43.291666666666664, 42.166666666666664, 41.125, 40.208333333333336, 39.375, 38.625, 37.927083333333336, 37.302083333333336, 36.6875, 36.1875, 35.6875, 35.21875, 34.8125]}",app,DEBUG,temperature_automation,2025-09-20 08:00:56.610,0.976388888889
Yeast Grow 4 Days,pioreactor02,2025-09-20T06:00:56.618Z,PID output = 3.0820000000000123,app,DEBUG,temperature_automation,2025-09-20 08:00:56.618,0.976388888889
Yeast Grow 4 Days,pioreactor02,2025-09-20T06:04:16.611Z,"features={'previous_heater_dc': 100.0, 'room_temp': 22.0, 'is_rpi_zero': False, 'volume': 14.0, 'time_series_of_temp': [61.4375, 57.416666666666664, 54.4375, 51.958333333333336, 49.84375, 47.989583333333336, 46.354166666666664, 44.9375, 43.666666666666664, 42.53125, 41.510416666666664, 40.572916666666664, 39.760416666666664, 38.989583333333336, 38.3125, 37.6875, 37.125, 36.572916666666664, 36.104166666666664, 35.635416666666664, 35.229166666666664]}",app,DEBUG,temperature_automation,2025-09-20 08:04:16.611,1.031944444444
Yeast Grow 4 Days,pioreactor02,2025-09-20T06:04:16.618Z,PID output = 3.265999999999997,app,DEBUG,temperature_automation,2025-09-20 08:04:16.618,1.031944444444
Yeast Grow 4 Days,pioreactor02,2025-09-20T06:07:36.613Z,"features={'previous_heater_dc': 100.0, 'room_temp': 22.0, 'is_rpi_zero': False, 'volume': 14.0, 'time_series_of_temp': [61.822916666666664, 57.822916666666664, 54.854166666666664, 52.375, 50.239583333333336, 48.385416666666664, 46.770833333333336, 45.322916666666664, 44.052083333333336, 42.90625, 41.875, 40.96875, 40.125, 39.375, 38.6875, 38.052083333333336, 37.5, 36.9375, 36.4375, 36.0, 35.5625]}",app,DEBUG,temperature_automation,2025-09-20 08:07:36.613,1.0875
Yeast Grow 4 Days,pioreactor02,2025-09-20T06:07:36.621Z,PID output = 2.5020000000000113,app,DEBUG,temperature_automation,2025-09-20 08:07:36.621,1.0875
Yeast Grow 4 Days,pioreactor02,2025-09-20T06:10:56.610Z,"features={'previous_heater_dc': 100.0, 'room_temp': 22.0, 'is_rpi_zero': False, 'volume': 14.0, 'time_series_of_temp': [62.104166666666664, 58.104166666666664, 55.125, 52.635416666666664, 50.520833333333336, 48.666666666666664, 47.041666666666664, 45.614583333333336, 44.34375, 43.197916666666664, 42.1875, 41.260416666666664, 40.4375, 39.677083333333336, 38.989583333333336, 38.354166666666664, 37.770833333333336, 37.25, 36.75, 36.3125, 35.875]}",app,DEBUG,temperature_automation,2025-09-20 08:10:56.610,1.143055555556
Yeast Grow 4 Days,pioreactor02,2025-09-20T06:10:56.618Z,PID output = 0.5259999999999967,app,DEBUG,temperature_automation,2025-09-20 08:10:56.618,1.143055555556
Yeast Grow 4 Days,pioreactor02,2025-09-20T06:14:16.610Z,"features={'previous_heater_dc': 100.0, 'room_temp': 22.0, 'is_rpi_zero': False, 'volume': 14.0, 'time_series_of_temp': [62.375, 58.375, 55.364583333333336, 52.90625, 50.78125, 48.947916666666664, 47.3125, 45.895833333333336, 44.614583333333336, 43.489583333333336, 42.458333333333336, 41.541666666666664, 40.729166666666664, 39.989583333333336, 39.28125, 38.635416666666664, 38.083333333333336, 37.552083333333336, 37.0625, 36.625, 36.1875]}",app,DEBUG,temperature_automation,2025-09-20 08:14:16.610,1.198611111111
Yeast Grow 4 Days,pioreactor02,2025-09-20T06:14:16.618Z,PID output = -0.3480000000000043,app,DEBUG,temperature_automation,2025-09-20 08:14:16.618,1.198611111111
Yeast Grow 4 Days,pioreactor02,2025-09-20T06:17:36.612Z,"features={'previous_heater_dc': 99.65, 'room_temp': 22.0, 'is_rpi_zero': False, 'volume': 14.0, 'time_series_of_temp': [62.5625, 58.59375, 55.59375, 53.145833333333336, 51.03125, 49.197916666666664, 47.5625, 46.15625, 44.885416666666664, 43.75, 42.75, 41.822916666666664, 41.0, 40.25, 39.5625, 38.927083333333336, 38.333333333333336, 37.8125, 37.322916666666664, 36.875, 36.479166666666664]}",app,DEBUG,temperature_automation,2025-09-20 08:17:36.612,1.254166666667
Yeast Grow 4 Days,pioreactor02,2025-09-20T06:17:36.620Z,PID output = -0.8239999999999965,app,DEBUG,temperature_automation,2025-09-20 08:17:36.620,1.254166666667
Yeast Grow 4 Days,pioreactor02,2025-09-20T06:20:56.610Z,"features={'previous_heater_dc': 98.83, 'room_temp': 22.0, 'is_rpi_zero': False, 'volume': 14.0, 'time_series_of_temp': [62.625, 58.666666666666664, 55.708333333333336, 53.260416666666664, 51.15625, 49.322916666666664, 47.71875, 46.291666666666664, 45.020833333333336, 43.90625, 42.885416666666664, 42.0, 41.166666666666664, 40.395833333333336, 39.729166666666664, 39.09375, 38.520833333333336, 38.0, 37.510416666666664, 37.0625, 36.635416666666664]}",app,DEBUG,temperature_automation,2025-09-20 08:20:56.610,1.309722222222
Yeast Grow 4 Days,pioreactor02,2025-09-20T06:20:56.617Z,PID output = -0.8960000000000135,app,DEBUG,temperature_automation,2025-09-20 08:20:56.617,1.309722222222
Yeast Grow 4 Days,pioreactor02,2025-09-20T06:24:16.610Z,"features={'previous_heater_dc': 97.93, 'room_temp': 22.0, 'is_rpi_zero': False, 'volume': 14.0, 'time_series_of_temp': [62.541666666666664, 58.59375, 55.666666666666664, 53.25, 51.135416666666664, 49.333333333333336, 47.739583333333336, 46.333333333333336, 45.0625, 43.958333333333336, 42.958333333333336, 42.041666666666664, 41.239583333333336, 40.489583333333336, 39.802083333333336, 39.1875, 38.625, 38.114583333333336, 37.604166666666664, 37.1875, 36.75]}",app,DEBUG,temperature_automation,2025-09-20 08:24:16.610,1.365277777778
Yeast Grow 4 Days,pioreactor02,2025-09-20T06:24:16.618Z,PID output = -1.5920000000000043,app,DEBUG,temperature_automation,2025-09-20 08:24:16.618,1.365277777778
Yeast Grow 4 Days,pioreactor02,2025-09-20T06:27:36.610Z,"features={'previous_heater_dc': 96.34, 'room_temp': 22.0, 'is_rpi_zero': False, 'volume': 14.0, 'time_series_of_temp': [62.1875, 58.3125, 55.427083333333336, 53.041666666666664, 50.989583333333336, 49.197916666666664, 47.625, 46.25, 45.010416666666664, 43.90625, 42.916666666666664, 42.041666666666664, 41.208333333333336, 40.489583333333336, 39.8125, 39.208333333333336, 38.625, 38.125, 37.625, 37.197916666666664, 36.8125]}",app,DEBUG,temperature_automation,2025-09-20 08:27:36.610,1.420833333333
Yeast Grow 4 Days,pioreactor02,2025-09-20T06:27:36.617Z,PID output = -1.8819999999999737,app,DEBUG,temperature_automation,2025-09-20 08:27:36.617,1.420833333333
Yeast Grow 4 Days,pioreactor02,2025-09-20T06:30:56.610Z,"features={'previous_heater_dc': 94.46, 'room_temp': 22.0, 'is_rpi_zero': False, 'volume': 14.0, 'time_series_of_temp': [61.65625, 57.864583333333336, 55.03125, 52.6875, 50.65625, 48.90625, 47.364583333333336, 46.010416666666664, 44.791666666666664, 43.708333333333336, 42.75, 41.875, 41.09375, 40.375, 39.71875, 39.125, 38.5625, 38.0625, 37.572916666666664, 37.177083333333336, 36.75]}",app,DEBUG,temperature_automation,2025-09-20 08:30:56.610,1.476388888889
Yeast Grow 4 Days,pioreactor02,2025-09-20T06:30:56.618Z,PID output = -2.1860000000000057,app,DEBUG,temperature_automation,2025-09-20 08:30:56.618,1.476388888889
Yeast Grow 4 Days,pioreactor02,2025-09-20T06:34:16.610Z,"features={'previous_heater_dc': 92.27, 'room_temp': 22.0, 'is_rpi_zero': False, 'volume': 14.0, 'time_series_of_temp': [61.010416666666664, 57.291666666666664, 54.541666666666664, 52.229166666666664, 50.25, 48.53125, 47.03125, 45.697916666666664, 44.520833333333336, 43.458333333333336, 42.510416666666664, 41.645833333333336, 40.875, 40.1875, 39.53125, 38.9375, 38.40625, 37.916666666666664, 37.4375, 37.041666666666664, 36.625]}",app,DEBUG,temperature_automation,2025-09-20 08:34:16.610,1.531944444444
Yeast Grow 4 Days,pioreactor02,2025-09-20T06:34:16.618Z,PID output = -1.4759999999999835,app,DEBUG,temperature_automation,2025-09-20 08:34:16.618,1.531944444444
Yeast Grow 4 Days,pioreactor02,2025-09-20T06:37:36.612Z,"features={'previous_heater_dc': 90.79, 'room_temp': 22.0, 'is_rpi_zero': False, 'volume': 14.0, 'time_series_of_temp': [60.5, 56.854166666666664, 54.135416666666664, 51.864583333333336, 49.916666666666664, 48.21875, 46.770833333333336, 45.4375, 44.291666666666664, 43.239583333333336, 42.3125, 41.489583333333336, 40.71875, 40.041666666666664, 39.395833333333336, 38.822916666666664, 38.302083333333336, 37.8125, 37.375, 36.9375, 36.5625]}",app,DEBUG,temperature_automation,2025-09-20 08:37:36.612,1.5875
Yeast Grow 4 Days,pioreactor02,2025-09-20T06:37:36.620Z,PID output = -1.7180000000000377,app,DEBUG,temperature_automation,2025-09-20 08:37:36.620,1.5875
Yeast Grow 4 Days,pioreactor02,2025-09-20T06:40:56.611Z,"features={'previous_heater_dc': 89.07, 'room_temp': 22.0, 'is_rpi_zero': False, 'volume': 14.0, 'time_series_of_temp': [59.9375, 56.354166666666664, 53.6875, 51.46875, 49.5625, 47.895833333333336, 46.458333333333336, 45.166666666666664, 44.020833333333336, 42.989583333333336, 42.09375, 41.25, 40.5, 39.8125, 39.197916666666664, 38.625, 38.125, 37.625, 37.1875, 36.802083333333336, 36.40625]}",app,DEBUG,temperature_automation,2025-09-20 08:40:56.611,1.643055555556
Yeast Grow 4 Days,pioreactor02,2025-09-20T06:40:56.619Z,PID output = -0.09399999999998854,app,DEBUG,temperature_automation,2025-09-20 08:40:56.619,1.643055555556
Yeast Grow 4 Days,pioreactor02,2025-09-20T06:44:16.610Z,"features={'previous_heater_dc': 88.98, 'room_temp': 22.0, 'is_rpi_zero': False, 'volume': 14.0, 'time_series_of_temp': [59.885416666666664, 56.3125, 53.65625, 51.4375, 49.53125, 47.864583333333336, 46.416666666666664, 45.135416666666664, 43.989583333333336, 42.979166666666664, 42.0625, 41.239583333333336, 40.5, 39.8125, 39.208333333333336, 38.625, 38.125, 37.625, 37.1875, 36.802083333333336, 36.427083333333336]}",app,DEBUG,temperature_automation,2025-09-20 08:44:16.610,1.698611111111
Yeast Grow 4 Days,pioreactor02,2025-09-20T06:44:16.618Z,PID output = -1.1579999999999728,app,DEBUG,temperature_automation,2025-09-20 08:44:16.618,1.698611111111
Yeast Grow 4 Days,pioreactor02,2025-09-20T06:47:36.611Z,"features={'previous_heater_dc': 87.82, 'room_temp': 22.0, 'is_rpi_zero': False, 'volume': 14.0, 'time_series_of_temp': [59.520833333333336, 56.0, 53.364583333333336, 51.15625, 49.291666666666664, 47.645833333333336, 46.229166666666664, 44.958333333333336, 43.822916666666664, 42.8125, 41.916666666666664, 41.104166666666664, 40.354166666666664, 39.6875, 39.072916666666664, 38.53125, 38.0, 37.552083333333336, 37.09375, 36.6875, 36.3125]}",app,DEBUG,temperature_automation,2025-09-20 08:47:36.611,1.754166666667
Yeast Grow 4 Days,pioreactor02,2025-09-20T06:47:36.619Z,PID output = -1.7140000000000157,app,DEBUG,temperature_automation,2025-09-20 08:47:36.619,1.754166666667
Yeast Grow 4 Days,pioreactor02,2025-09-20T06:50:56.611Z,"features={'previous_heater_dc': 86.11, 'room_temp': 22.0, 'is_rpi_zero': False, 'volume': 14.0, 'time_series_of_temp': [59.0, 55.510416666666664, 52.916666666666664, 50.770833333333336, 48.927083333333336, 47.333333333333336, 45.90625, 44.65625, 43.5625, 42.5625, 41.6875, 40.875, 40.166666666666664, 39.5, 38.90625, 38.364583333333336, 37.864583333333336, 37.385416666666664, 36.958333333333336, 36.5625, 36.1875]}",app,DEBUG,temperature_automation,2025-09-20 08:50:56.611,1.809722222222
Yeast Grow 4 Days,pioreactor02,2025-09-20T06:50:56.620Z,PID output = -1.804000000000002,app,DEBUG,temperature_automation,2025-09-20 08:50:56.620,1.809722222222
Yeast Grow 4 Days,pioreactor02,2025-09-20T06:54:16.611Z,"features={'previous_heater_dc': 84.31, 'room_temp': 22.0, 'is_rpi_zero': False, 'volume': 14.0, 'time_series_of_temp': [58.364583333333336, 54.9375, 52.40625, 50.302083333333336, 48.479166666666664, 46.916666666666664, 45.53125, 44.3125, 43.208333333333336, 42.239583333333336, 41.375, 40.572916666666664, 39.864583333333336, 39.21875, 38.635416666666664, 38.09375, 37.572916666666664, 37.125, 36.71875, 36.3125, 35.947916666666664]}",app,DEBUG,temperature_automation,2025-09-20 08:54:16.611,1.865277777778
Yeast Grow 4 Days,pioreactor02,2025-09-20T06:54:16.619Z,PID output = -0.1140000000000172,app,DEBUG,temperature_automation,2025-09-20 08:54:16.619,1.865277777778
Yeast Grow 4 Days,pioreactor02,2025-09-20T06:57:36.611Z,"features={'previous_heater_dc': 84.2, 'room_temp': 22.0, 'is_rpi_zero': False, 'volume': 14.0, 'time_series_of_temp': [58.1875, 54.78125, 52.25, 50.145833333333336, 48.333333333333336, 46.78125, 45.385416666666664, 44.177083333333336, 43.072916666666664, 42.114583333333336, 41.25, 40.46875, 39.75, 39.072916666666664, 38.5, 37.947916666666664, 37.447916666666664, 37.0, 36.59375, 36.1875, 35.875]}",app,DEBUG,temperature_automation,2025-09-20 08:57:36.611,1.920833333333
Yeast Grow 4 Days,pioreactor02,2025-09-20T06:57:36.619Z,PID output = 1.2440000000000095,app,DEBUG,temperature_automation,2025-09-20 08:57:36.619,1.920833333333
Yeast Grow 4 Days,pioreactor02,2025-09-20T07:00:56.613Z,"features={'previous_heater_dc': 85.44, 'room_temp': 22.0, 'is_rpi_zero': False, 'volume': 14.0, 'time_series_of_temp': [58.552083333333336, 55.072916666666664, 52.520833333333336, 50.375, 48.541666666666664, 46.96875, 45.541666666666664, 44.3125, 43.21875, 42.239583333333336, 41.364583333333336, 40.5625, 39.84375, 39.1875, 38.604166666666664, 38.0625, 37.5625, 37.125, 36.6875, 36.302083333333336, 35.927083333333336]}",app,DEBUG,temperature_automation,2025-09-20 09:00:56.613,1.976388888889
Yeast Grow 4 Days,pioreactor02,2025-09-20T07:00:56.620Z,PID output = -0.8299999999999741,app,DEBUG,temperature_automation,2025-09-20 09:00:56.620,1.976388888889
Yeast Grow 4 Days,pioreactor02,2025-09-20T07:04:16.609Z,"features={'previous_heater_dc': 84.61, 'room_temp': 22.0, 'is_rpi_zero': False, 'volume': 14.0, 'time_series_of_temp': [58.25, 54.8125, 52.28125, 50.1875, 48.364583333333336, 46.791666666666664, 45.395833333333336, 44.177083333333336, 43.09375, 42.125, 41.260416666666664, 40.46875, 39.75, 39.114583333333336, 38.520833333333336, 38.0, 37.5, 37.020833333333336, 36.625, 36.239583333333336, 35.875]}",app,DEBUG,temperature_automation,2025-09-20 09:04:16.609,2.031944444444
Yeast Grow 4 Days,pioreactor02,2025-09-20T07:04:16.617Z,PID output = -0.48800000000002797,app,DEBUG,temperature_automation,2025-09-20 09:04:16.617,2.031944444444
Yeast Grow 4 Days,pioreactor02,2025-09-20T07:07:36.630Z,"features={'previous_heater_dc': 84.12, 'room_temp': 22.0, 'is_rpi_zero': False, 'volume': 14.0, 'time_series_of_temp': [58.0625, 54.677083333333336, 52.145833333333336, 50.041666666666664, 48.229166666666664, 46.65625, 45.28125, 44.072916666666664, 42.979166666666664, 42.010416666666664, 41.145833333333336, 40.375, 39.666666666666664, 39.010416666666664, 38.4375, 37.885416666666664, 37.395833333333336, 36.9375, 36.541666666666664, 36.145833333333336, 35.78125]}",app,DEBUG,temperature_automation,2025-09-20 09:07:36.630,2.0875
Yeast Grow 4 Days,pioreactor02,2025-09-20T07:07:36.638Z,PID output = 0.06199999999999756,app,DEBUG,temperature_automation,2025-09-20 09:07:36.638,2.0875
Yeast Grow 4 Days,pioreactor02,2025-09-20T07:10:56.611Z,"features={'previous_heater_dc': 84.18, 'room_temp': 22.0, 'is_rpi_zero': False, 'volume': 14.0, 'time_series_of_temp': [58.0, 54.614583333333336, 52.0625, 49.96875, 48.15625, 46.59375, 45.21875, 44.0, 42.916666666666664, 41.9375, 41.09375, 40.302083333333336, 39.604166666666664, 38.96875, 38.375, 37.84375, 37.375, 36.90625, 36.5, 36.125, 35.75]}",app,DEBUG,temperature_automation,2025-09-20 09:10:56.611,2.143055555556
Yeast Grow 4 Days,pioreactor02,2025-09-20T07:10:56.619Z,PID output = 0.24399999999999833,app,DEBUG,temperature_automation,2025-09-20 09:10:56.619,2.143055555556
Yeast Grow 4 Days,pioreactor02,2025-09-20T07:14:16.613Z,"features={'previous_heater_dc': 84.42, 'room_temp': 22.0, 'is_rpi_zero': False, 'volume': 14.0, 'time_series_of_temp': [58.0625, 54.666666666666664, 52.125, 50.020833333333336, 48.21875, 46.635416666666664, 45.260416666666664, 44.020833333333336, 42.9375, 41.989583333333336, 41.125, 40.34375, 39.635416666666664, 39.0, 38.416666666666664, 37.875, 37.375, 36.9375, 36.5, 36.135416666666664, 35.760416666666664]}",app,DEBUG,temperature_automation,2025-09-20 09:14:16.613,2.198611111111
Yeast Grow 4 Days,pioreactor02,2025-09-20T07:14:16.621Z,PID output = -0.582000000000005,app,DEBUG,temperature_automation,2025-09-20 09:14:16.621,2.198611111111
Yeast Grow 4 Days,pioreactor02,2025-09-20T07:17:36.612Z,"features={'previous_heater_dc': 83.84, 'room_temp': 22.0, 'is_rpi_zero': False, 'volume': 14.0, 'time_series_of_temp': [57.9375, 54.53125, 52.010416666666664, 49.927083333333336, 48.114583333333336, 46.5625, 45.197916666666664, 43.96875, 42.885416666666664, 41.927083333333336, 41.0625, 40.291666666666664, 39.572916666666664, 38.947916666666664, 38.375, 37.833333333333336, 37.364583333333336, 36.885416666666664, 36.5, 36.125, 35.75]}",app,DEBUG,temperature_automation,2025-09-20 09:17:36.612,2.254166666667
Yeast Grow 4 Days,pioreactor02,2025-09-20T07:17:36.620Z,PID output = 0.4600000000000065,app,DEBUG,temperature_automation,2025-09-20 09:17:36.620,2.254166666667
Yeast Grow 4 Days,pioreactor02,2025-09-20T07:20:56.611Z,"features={'previous_heater_dc': 84.3, 'room_temp': 22.0, 'is_rpi_zero': False, 'volume': 14.0, 'time_series_of_temp': [58.052083333333336, 54.645833333333336, 52.114583333333336, 50.020833333333336, 48.208333333333336, 46.635416666666664, 45.25, 44.03125, 42.958333333333336, 41.989583333333336, 41.135416666666664, 40.34375, 39.635416666666664, 39.0, 38.4375, 37.875, 37.395833333333336, 36.9375, 36.552083333333336, 36.135416666666664, 35.791666666666664]}",app,DEBUG,temperature_automation,2025-09-20 09:20:56.611,2.309722222222
Yeast Grow 4 Days,pioreactor02,2025-09-20T07:20:56.619Z,PID output = -0.35999999999997956,app,DEBUG,temperature_automation,2025-09-20 09:20:56.619,2.309722222222
Yeast Grow 4 Days,pioreactor02,2025-09-20T07:24:16.611Z,"features={'previous_heater_dc': 83.94, 'room_temp': 22.0, 'is_rpi_zero': False, 'volume': 14.0, 'time_series_of_temp': [57.96875, 54.5625, 52.041666666666664, 49.947916666666664, 48.15625, 46.604166666666664, 45.21875, 44.020833333333336, 42.916666666666664, 41.958333333333336, 41.09375, 40.3125, 39.625, 39.0, 38.395833333333336, 37.875, 37.375, 36.927083333333336, 36.5, 36.125, 35.75]}",app,DEBUG,temperature_automation,2025-09-20 09:24:16.611,2.365277777778
Yeast Grow 4 Days,pioreactor02,2025-09-20T07:24:16.618Z,PID output = -1.4259999999999904,app,DEBUG,temperature_automation,2025-09-20 09:24:16.618,2.365277777778
Yeast Grow 4 Days,pioreactor02,2025-09-20T07:27:36.611Z,"features={'previous_heater_dc': 82.51, 'room_temp': 22.0, 'is_rpi_zero': False, 'volume': 14.0, 'time_series_of_temp': [57.5625, 54.197916666666664, 51.729166666666664, 49.666666666666664, 47.885416666666664, 46.354166666666664, 45.0, 43.802083333333336, 42.739583333333336, 41.791666666666664, 40.947916666666664, 40.1875, 39.5, 38.875, 38.28125, 37.75, 37.28125, 36.84375, 36.4375, 36.052083333333336, 35.708333333333336]}",app,DEBUG,temperature_automation,2025-09-20 09:27:36.611,2.420833333333
Yeast Grow 4 Days,pioreactor02,2025-09-20T07:27:36.618Z,PID output = -0.30999999999999805,app,DEBUG,temperature_automation,2025-09-20 09:27:36.618,2.420833333333
Yeast Grow 4 Days,pioreactor02,2025-09-20T07:30:56.613Z,"features={'previous_heater_dc': 82.2, 'room_temp': 22.0, 'is_rpi_zero': False, 'volume': 14.0, 'time_series_of_temp': [57.375, 54.0625, 51.583333333333336, 49.53125, 47.770833333333336, 46.21875, 44.885416666666664, 43.6875, 42.635416666666664, 41.6875, 40.833333333333336, 40.083333333333336, 39.385416666666664, 38.760416666666664, 38.1875, 37.677083333333336, 37.1875, 36.75, 36.322916666666664, 35.947916666666664, 35.625]}",app,DEBUG,temperature_automation,2025-09-20 09:30:56.613,2.476388888889
Yeast Grow 4 Days,pioreactor02,2025-09-20T07:30:56.620Z,PID output = 0.7299999999999669,app,DEBUG,temperature_automation,2025-09-20 09:30:56.620,2.476388888889
Yeast Grow 4 Days,pioreactor02,2025-09-20T07:34:16.611Z,"features={'previous_heater_dc': 82.93, 'room_temp': 22.0, 'is_rpi_zero': False, 'volume': 14.0, 'time_series_of_temp': [57.5, 54.15625, 51.677083333333336, 49.59375, 47.8125, 46.260416666666664, 44.90625, 43.708333333333336, 42.625, 41.6875, 40.833333333333336, 40.0625, 39.375, 38.739583333333336, 38.1875, 37.625, 37.145833333333336, 36.697916666666664, 36.3125, 35.9375, 35.5625]}",app,DEBUG,temperature_automation,2025-09-20 09:34:16.611,2.531944444444
Yeast Grow 4 Days,pioreactor02,2025-09-20T07:34:16.618Z,PID output = 1.0280000000000071,app,DEBUG,temperature_automation,2025-09-20 09:34:16.618,2.531944444444
Yeast Grow 4 Days,pioreactor02,2025-09-20T07:37:36.611Z,"features={'previous_heater_dc': 83.96, 'room_temp': 22.0, 'is_rpi_zero': False, 'volume': 14.0, 'time_series_of_temp': [57.802083333333336, 54.395833333333336, 51.875, 49.791666666666664, 47.989583333333336, 46.427083333333336, 45.052083333333336, 43.84375, 42.770833333333336, 41.8125, 40.947916666666664, 40.15625, 39.479166666666664, 38.8125, 38.25, 37.697916666666664, 37.229166666666664, 36.791666666666664, 36.375, 36.0, 35.625]}",app,DEBUG,temperature_automation,2025-09-20 09:37:36.611,2.5875
Yeast Grow 4 Days,pioreactor02,2025-09-20T07:37:36.619Z,PID output = 0.05000000000000357,app,DEBUG,temperature_automation,2025-09-20 09:37:36.619,2.5875
Yeast Grow 4 Days,pioreactor02,2025-09-20T07:40:56.611Z,"features={'previous_heater_dc': 84.01, 'room_temp': 22.0, 'is_rpi_zero': False, 'volume': 14.0, 'time_series_of_temp': [57.8125, 54.427083333333336, 51.895833333333336, 49.802083333333336, 47.979166666666664, 46.416666666666664, 45.041666666666664, 43.833333333333336, 42.770833333333336, 41.802083333333336, 40.9375, 40.15625, 39.458333333333336, 38.8125, 38.239583333333336, 37.6875, 37.1875, 36.75, 36.34375, 35.947916666666664, 35.59375]}",app,DEBUG,temperature_automation,2025-09-20 09:40:56.611,2.643055555556
Yeast Grow 4 Days,pioreactor02,2025-09-20T07:40:56.618Z,PID output = -0.34199999999998804,app,DEBUG,temperature_automation,2025-09-20 09:40:56.618,2.643055555556
Yeast Grow 4 Days,pioreactor02,2025-09-20T07:44:16.610Z,"features={'previous_heater_dc': 83.67, 'room_temp': 22.0, 'is_rpi_zero': False, 'volume': 14.0, 'time_series_of_temp': [57.65625, 54.291666666666664, 51.78125, 49.677083333333336, 47.885416666666664, 46.322916666666664, 44.947916666666664, 43.75, 42.666666666666664, 41.697916666666664, 40.84375, 40.0625, 39.375, 38.729166666666664, 38.145833333333336, 37.625, 37.125, 36.6875, 36.25, 35.875, 35.510416666666664]}",app,DEBUG,temperature_automation,2025-09-20 09:44:16.610,2.698611111111
Yeast Grow 4 Days,pioreactor02,2025-09-20T07:44:16.618Z,PID output = 1.1059999999999937,app,DEBUG,temperature_automation,2025-09-20 09:44:16.618,2.698611111111
Yeast Grow 4 Days,pioreactor02,2025-09-20T07:47:36.613Z,"features={'previous_heater_dc': 84.78, 'room_temp': 22.0, 'is_rpi_zero': False, 'volume': 14.0, 'time_series_of_temp': [57.96875, 54.5625, 51.989583333333336, 49.885416666666664, 48.0625, 46.489583333333336, 45.083333333333336, 43.885416666666664, 42.802083333333336, 41.822916666666664, 40.958333333333336, 40.177083333333336, 39.458333333333336, 38.8125, 38.229166666666664, 37.6875, 37.1875, 36.75, 36.3125, 35.9375, 35.583333333333336]}",app,DEBUG,temperature_automation,2025-09-20 09:47:36.613,2.754166666667
Yeast Grow 4 Days,pioreactor02,2025-09-20T07:47:36.621Z,PID output = 0.12800000000000655,app,DEBUG,temperature_automation,2025-09-20 09:47:36.621,2.754166666667
Yeast Grow 4 Days,pioreactor02,2025-09-20T07:50:56.613Z,"features={'previous_heater_dc': 84.91, 'room_temp': 22.0, 'is_rpi_zero': False, 'volume': 14.0, 'time_series_of_temp': [58.0625, 54.635416666666664, 52.072916666666664, 49.96875, 48.145833333333336, 46.572916666666664, 45.177083333333336, 43.958333333333336, 42.864583333333336, 41.885416666666664, 41.020833333333336, 40.239583333333336, 39.53125, 38.875, 38.3125, 37.75, 37.25, 36.8125, 36.375, 36.0, 35.635416666666664]}",app,DEBUG,temperature_automation,2025-09-20 09:50:56.613,2.809722222222
Yeast Grow 4 Days,pioreactor02,2025-09-20T07:50:56.620Z,PID output = -0.04800000000000251,app,DEBUG,temperature_automation,2025-09-20 09:50:56.620,2.809722222222
Yeast Grow 4 Days,pioreactor02,2025-09-20T07:54:16.612Z,"features={'previous_heater_dc': 84.86, 'room_temp': 22.0, 'is_rpi_zero': False, 'volume': 14.0, 'time_series_of_temp': [58.0625, 54.635416666666664, 52.083333333333336, 49.979166666666664, 48.145833333333336, 46.572916666666664, 45.177083333333336, 43.96875, 42.875, 41.895833333333336, 41.041666666666664, 40.25, 39.5625, 38.875, 38.302083333333336, 37.75, 37.260416666666664, 36.8125, 36.395833333333336, 36.010416666666664, 35.65625]}",app,DEBUG,temperature_automation,2025-09-20 09:54:16.612,2.865277777778
Yeast Grow 4 Days,pioreactor02,2025-09-20T07:54:16.619Z,PID output = 0.39800000000000896,app,DEBUG,temperature_automation,2025-09-20 09:54:16.619,2.865277777778
Yeast Grow 4 Days,pioreactor02,2025-09-20T07:57:36.612Z,"features={'previous_heater_dc': 85.26, 'room_temp': 22.0, 'is_rpi_zero': False, 'volume': 14.0, 'time_series_of_temp': [58.1875, 54.760416666666664, 52.208333333333336, 50.072916666666664, 48.229166666666664, 46.65625, 45.260416666666664, 44.041666666666664, 42.947916666666664, 41.947916666666664, 41.083333333333336, 40.291666666666664, 39.5625, 38.927083333333336, 38.322916666666664, 37.802083333333336, 37.3125, 36.854166666666664, 36.427083333333336, 36.052083333333336, 35.6875]}",app,DEBUG,temperature_automation,2025-09-20 09:57:36.612,2.920833333333
Yeast Grow 4 Days,pioreactor02,2025-09-20T07:57:36.620Z,PID output = 1.6999999999999986,app,DEBUG,temperature_automation,2025-09-20 09:57:36.620,2.920833333333
Yeast Grow 4 Days,pioreactor02,2025-09-20T08:00:56.611Z,"features={'previous_heater_dc': 86.96, 'room_temp': 22.0, 'is_rpi_zero': False, 'volume': 14.0, 'time_series_of_temp': [58.6875, 55.177083333333336, 52.572916666666664, 50.40625, 48.541666666666664, 46.9375, 45.510416666666664, 44.260416666666664, 43.145833333333336, 42.15625, 41.270833333333336, 40.458333333333336, 39.75, 39.072916666666664, 38.5, 37.9375, 37.4375, 36.947916666666664, 36.541666666666664, 36.125, 35.760416666666664]}",app,DEBUG,temperature_automation,2025-09-20 10:00:56.611,2.976388888889
Yeast Grow 4 Days,pioreactor02,2025-09-20T08:00:56.619Z,PID output = -1.163999999999995,app,DEBUG,temperature_automation,2025-09-20 10:00:56.619,2.976388888889
Yeast Grow 4 Days,pioreactor02,2025-09-20T08:04:16.611Z,"features={'previous_heater_dc': 85.8, 'room_temp': 22.0, 'is_rpi_zero': False, 'volume': 14.0, 'time_series_of_temp': [58.427083333333336, 54.927083333333336, 52.364583333333336, 50.208333333333336, 48.364583333333336, 46.78125, 45.354166666666664, 44.114583333333336, 43.010416666666664, 42.03125, 41.166666666666664, 40.364583333333336, 39.635416666666664, 38.989583333333336, 38.375, 37.854166666666664, 37.375, 36.875, 36.458333333333336, 36.0625, 35.71875]}",app,DEBUG,temperature_automation,2025-09-20 10:04:16.611,3.031944444444
Yeast Grow 4 Days,pioreactor02,2025-09-20T08:04:16.619Z,PID output = 0.4379999999999825,app,DEBUG,temperature_automation,2025-09-20 10:04:16.619,3.031944444444
Yeast Grow 4 Days,pioreactor02,2025-09-20T08:07:36.611Z,"features={'previous_heater_dc': 86.24, 'room_temp': 22.0, 'is_rpi_zero': False, 'volume': 14.0, 'time_series_of_temp': [58.5, 55.020833333333336, 52.458333333333336, 50.28125, 48.4375, 46.84375, 45.416666666666664, 44.1875, 43.072916666666664, 42.083333333333336, 41.208333333333336, 40.427083333333336, 39.6875, 39.0625, 38.447916666666664, 37.895833333333336, 37.395833333333336, 36.9375, 36.5, 36.125, 35.75]}",app,DEBUG,temperature_automation,2025-09-20 10:07:36.611,3.0875
Yeast Grow 4 Days,pioreactor02,2025-09-20T08:07:36.619Z,PID output = 0.20799999999999558,app,DEBUG,temperature_automation,2025-09-20 10:07:36.619,3.0875
Yeast Grow 4 Days,pioreactor02,2025-09-20T08:10:56.610Z,"features={'previous_heater_dc': 86.45, 'room_temp': 22.0, 'is_rpi_zero': False, 'volume': 14.0, 'time_series_of_temp': [58.59375, 55.09375, 52.489583333333336, 50.34375, 48.479166666666664, 46.885416666666664, 45.479166666666664, 44.239583333333336, 43.114583333333336, 42.125, 41.25, 40.4375, 39.708333333333336, 39.0625, 38.479166666666664, 37.916666666666664, 37.416666666666664, 36.9375, 36.520833333333336, 36.125, 35.75]}",app,DEBUG,temperature_automation,2025-09-20 10:10:56.610,3.143055555556
Yeast Grow 4 Days,pioreactor02,2025-09-20T08:10:56.618Z,PID output = -0.5840000000000003,app,DEBUG,temperature_automation,2025-09-20 10:10:56.618,3.143055555556
Yeast Grow 4 Days,pioreactor02,2025-09-20T08:14:16.612Z,"features={'previous_heater_dc': 85.87, 'room_temp': 22.0, 'is_rpi_zero': False, 'volume': 14.0, 'time_series_of_temp': [58.4375, 54.947916666666664, 52.375, 50.239583333333336, 48.364583333333336, 46.770833333333336, 45.375, 44.125, 43.041666666666664, 42.041666666666664, 41.177083333333336, 40.364583333333336, 39.635416666666664, 39.0, 38.40625, 37.864583333333336, 37.364583333333336, 36.875, 36.46875, 36.0625, 35.697916666666664]}",app,DEBUG,temperature_automation,2025-09-20 10:14:16.612,3.198611111111
Yeast Grow 4 Days,pioreactor02,2025-09-20T08:14:16.620Z,PID output = -0.07800000000000296,app,DEBUG,temperature_automation,2025-09-20 10:14:16.620,3.198611111111
Yeast Grow 4 Days,pioreactor02,2025-09-20T08:17:36.610Z,"features={'previous_heater_dc': 85.79, 'room_temp': 22.0, 'is_rpi_zero': False, 'volume': 14.0, 'time_series_of_temp': [58.375, 54.916666666666664, 52.322916666666664, 50.197916666666664, 48.34375, 46.760416666666664, 45.354166666666664, 44.125, 43.020833333333336, 42.041666666666664, 41.15625, 40.375, 39.625, 38.989583333333336, 38.385416666666664, 37.864583333333336, 37.364583333333336, 36.895833333333336, 36.5, 36.083333333333336, 35.729166666666664]}",app,DEBUG,temperature_automation,2025-09-20 10:17:36.610,3.254166666667
Yeast Grow 4 Days,pioreactor02,2025-09-20T08:17:36.617Z,PID output = 1.2179999999999949,app,DEBUG,temperature_automation,2025-09-20 10:17:36.617,3.254166666667
Yeast Grow 4 Days,pioreactor02,2025-09-20T08:20:56.609Z,"features={'previous_heater_dc': 87.01, 'room_temp': 22.0, 'is_rpi_zero': False, 'volume': 14.0, 'time_series_of_temp': [58.75, 55.229166666666664, 52.625, 50.458333333333336, 48.583333333333336, 46.96875, 45.552083333333336, 44.3125, 43.197916666666664, 42.208333333333336, 41.3125, 40.5, 39.78125, 39.125, 38.541666666666664, 38.0, 37.489583333333336, 37.03125, 36.614583333333336, 36.197916666666664, 35.854166666666664]}",app,DEBUG,temperature_automation,2025-09-20 10:20:56.609,3.309722222222
Yeast Grow 4 Days,pioreactor02,2025-09-20T08:20:56.617Z,PID output = -0.11400000000000571,app,DEBUG,temperature_automation,2025-09-20 10:20:56.617,3.309722222222
Yeast Grow 4 Days,pioreactor02,2025-09-20T08:24:16.610Z,"features={'previous_heater_dc': 86.9, 'room_temp': 22.0, 'is_rpi_zero': False, 'volume': 14.0, 'time_series_of_temp': [58.822916666666664, 55.322916666666664, 52.708333333333336, 50.552083333333336, 48.6875, 47.0625, 45.65625, 44.395833333333336, 43.270833333333336, 42.28125, 41.395833333333336, 40.583333333333336, 39.875, 39.208333333333336, 38.59375, 38.052083333333336, 37.552083333333336, 37.0625, 36.677083333333336, 36.25, 35.895833333333336]}",app,DEBUG,temperature_automation,2025-09-20 10:24:16.610,3.365277777778
Yeast Grow 4 Days,pioreactor02,2025-09-20T08:24:16.617Z,PID output = -0.07999999999999827,app,DEBUG,temperature_automation,2025-09-20 10:24:16.617,3.365277777778
Yeast Grow 4 Days,pioreactor02,2025-09-20T08:27:36.611Z,"features={'previous_heater_dc': 86.82, 'room_temp': 22.0, 'is_rpi_zero': False, 'volume': 14.0, 'time_series_of_temp': [58.8125, 55.302083333333336, 52.697916666666664, 50.53125, 48.666666666666664, 47.052083333333336, 45.635416666666664, 44.385416666666664, 43.28125, 42.270833333333336, 41.385416666666664, 40.583333333333336, 39.875, 39.197916666666664, 38.604166666666664, 38.0625, 37.5625, 37.0625, 36.65625, 36.25, 35.875]}",app,DEBUG,temperature_automation,2025-09-20 10:27:36.611,3.420833333333
Yeast Grow 4 Days,pioreactor02,2025-09-20T08:27:36.618Z,PID output = -1.3359999999999714,app,DEBUG,temperature_automation,2025-09-20 10:27:36.618,3.420833333333
Yeast Grow 4 Days,pioreactor02,2025-09-20T08:30:56.612Z,"features={'previous_heater_dc': 85.48, 'room_temp': 22.0, 'is_rpi_zero': False, 'volume': 14.0, 'time_series_of_temp': [58.416666666666664, 54.947916666666664, 52.375, 50.260416666666664, 48.40625, 46.833333333333336, 45.40625, 44.1875, 43.083333333333336, 42.114583333333336, 41.229166666666664, 40.4375, 39.729166666666664, 39.072916666666664, 38.5, 37.947916666666664, 37.447916666666664, 37.0, 36.5625, 36.1875, 35.822916666666664]}",app,DEBUG,temperature_automation,2025-09-20 10:30:56.612,3.476388888889
Yeast Grow 4 Days,pioreactor02,2025-09-20T08:30:56.620Z,PID output = 0.3039999999999679,app,DEBUG,temperature_automation,2025-09-20 10:30:56.620,3.476388888889
Yeast Grow 4 Days,pioreactor02,2025-09-20T08:34:16.611Z,"features={'previous_heater_dc': 85.78, 'room_temp': 22.0, 'is_rpi_zero': False, 'volume': 14.0, 'time_series_of_temp': [58.510416666666664, 55.052083333333336, 52.489583333333336, 50.34375, 48.510416666666664, 46.916666666666664, 45.510416666666664, 44.270833333333336, 43.177083333333336, 42.1875, 41.333333333333336, 40.53125, 39.8125, 39.177083333333336, 38.572916666666664, 38.020833333333336, 37.541666666666664, 37.0625, 36.645833333333336, 36.25, 35.875]}",app,DEBUG,temperature_automation,2025-09-20 10:34:16.611,3.531944444444
Yeast Grow 4 Days,pioreactor02,2025-09-20T08:34:16.619Z,PID output = -1.091999999999973,app,DEBUG,temperature_automation,2025-09-20 10:34:16.619,3.531944444444
Yeast Grow 4 Days,pioreactor02,2025-09-20T08:37:36.611Z,"features={'previous_heater_dc': 84.69, 'room_temp': 22.0, 'is_rpi_zero': False, 'volume': 14.0, 'time_series_of_temp': [58.1875, 54.78125, 52.239583333333336, 50.114583333333336, 48.302083333333336, 46.739583333333336, 45.354166666666664, 44.114583333333336, 43.041666666666664, 42.083333333333336, 41.197916666666664, 40.427083333333336, 39.708333333333336, 39.0625, 38.5, 37.947916666666664, 37.447916666666664, 37.0, 36.59375, 36.197916666666664, 35.833333333333336]}",app,DEBUG,temperature_automation,2025-09-20 10:37:36.611,3.5875
Yeast Grow 4 Days,pioreactor02,2025-09-20T08:37:36.618Z,PID output = -0.06200000000002892,app,DEBUG,temperature_automation,2025-09-20 10:37:36.618,3.5875
Yeast Grow 4 Days,pioreactor02,2025-09-20T08:40:56.611Z,"features={'previous_heater_dc': 84.63, 'room_temp': 22.0, 'is_rpi_zero': False, 'volume': 14.0, 'time_series_of_temp': [58.1875, 54.760416666666664, 52.21875, 50.104166666666664, 48.291666666666664, 46.708333333333336, 45.322916666666664, 44.104166666666664, 43.03125, 42.0625, 41.1875, 40.395833333333336, 39.6875, 39.052083333333336, 38.447916666666664, 37.9375, 37.4375, 36.96875, 36.5625, 36.1875, 35.8125]}",app,DEBUG,temperature_automation,2025-09-20 10:40:56.611,3.643055555556
Yeast Grow 4 Days,pioreactor02,2025-09-20T08:40:56.618Z,PID output = -0.6260000000000006,app,DEBUG,temperature_automation,2025-09-20 10:40:56.618,3.643055555556
Yeast Grow 4 Days,pioreactor02,2025-09-20T08:44:16.612Z,"features={'previous_heater_dc': 84.0, 'room_temp': 22.0, 'is_rpi_zero': False, 'volume': 14.0, 'time_series_of_temp': [57.9375, 54.552083333333336, 52.03125, 49.9375, 48.125, 46.5625, 45.15625, 43.9375, 42.84375, 41.875, 41.0, 40.239583333333336, 39.541666666666664, 38.875, 38.302083333333336, 37.791666666666664, 37.3125, 36.875, 36.4375, 36.0625, 35.708333333333336]}",app,DEBUG,temperature_automation,2025-09-20 10:44:16.612,3.698611111111
Yeast Grow 4 Days,pioreactor02,2025-09-20T08:44:16.620Z,PID output = 4.022000000000002,app,DEBUG,temperature_automation,2025-09-20 10:44:16.620,3.698611111111
Yeast Grow 4 Days,pioreactor02,2025-09-20T08:47:36.610Z,"features={'previous_heater_dc': 88.02, 'room_temp': 22.0, 'is_rpi_zero': False, 'volume': 14.0, 'time_series_of_temp': [58.9375, 55.375, 52.75, 50.572916666666664, 48.6875, 47.0625, 45.614583333333336, 44.385416666666664, 43.260416666666664, 42.270833333333336, 41.395833333333336, 40.583333333333336, 39.864583333333336, 39.21875, 38.625, 38.0625, 37.5625, 37.104166666666664, 36.6875, 36.3125, 35.9375]}",app,DEBUG,temperature_automation,2025-09-20 10:47:36.610,3.754166666667
Yeast Grow 4 Days,pioreactor02,2025-09-20T08:47:36.618Z,PID output = -2.214000000000019,app,DEBUG,temperature_automation,2025-09-20 10:47:36.618,3.754166666667
Yeast Grow 4 Days,pioreactor02,2025-09-20T08:50:56.611Z,"features={'previous_heater_dc': 85.81, 'room_temp': 22.0, 'is_rpi_zero': False, 'volume': 14.0, 'time_series_of_temp': [58.375, 54.90625, 52.322916666666664, 50.177083333333336, 48.354166666666664, 46.760416666666664, 45.354166666666664, 44.125, 43.041666666666664, 42.0625, 41.197916666666664, 40.416666666666664, 39.697916666666664, 39.0625, 38.489583333333336, 37.9375, 37.447916666666664, 37.0, 36.583333333333336, 36.197916666666664, 35.875]}",app,DEBUG,temperature_automation,2025-09-20 10:50:56.611,3.809722222222
Yeast Grow 4 Days,pioreactor02,2025-09-20T08:50:56.619Z,PID output = -0.26799999999996515,app,DEBUG,temperature_automation,2025-09-20 10:50:56.619,3.809722222222
Yeast Grow 4 Days,pioreactor02,2025-09-20T08:54:16.610Z,"features={'previous_heater_dc': 85.54, 'room_temp': 22.0, 'is_rpi_zero': False, 'volume': 14.0, 'time_series_of_temp': [58.25, 54.802083333333336, 52.239583333333336, 50.104166666666664, 48.270833333333336, 46.6875, 45.291666666666664, 44.072916666666664, 42.989583333333336, 42.020833333333336, 41.135416666666664, 40.375, 39.65625, 39.03125, 38.4375, 37.90625, 37.427083333333336, 36.96875, 36.5625, 36.1875, 35.8125]}",app,DEBUG,temperature_automation,2025-09-20 10:54:16.610,3.865277777778
Yeast Grow 4 Days,pioreactor02,2025-09-20T08:54:16.619Z,PID output = -0.12999999999999262,app,DEBUG,temperature_automation,2025-09-20 10:54:16.619,3.865277777778
Yeast Grow 4 Days,pioreactor02,2025-09-20T08:57:36.611Z,"features={'previous_heater_dc': 85.41, 'room_temp': 22.0, 'is_rpi_zero': False, 'volume': 14.0, 'time_series_of_temp': [58.25, 54.791666666666664, 52.229166666666664, 50.09375, 48.270833333333336, 46.6875, 45.291666666666664, 44.072916666666664, 42.979166666666664, 42.010416666666664, 41.145833333333336, 40.375, 39.666666666666664, 39.0, 38.4375, 37.90625, 37.4375, 36.947916666666664, 36.5625, 36.1875, 35.8125]}",app,DEBUG,temperature_automation,2025-09-20 10:57:36.611,3.920833333333
Yeast Grow 4 Days,pioreactor02,2025-09-20T08:57:36.619Z,PID output = -0.20200000000002943,app,DEBUG,temperature_automation,2025-09-20 10:57:36.619,3.920833333333
Yeast Grow 4 Days,pioreactor02,2025-09-20T09:00:56.612Z,"features={'previous_heater_dc': 85.21, 'room_temp': 22.0, 'is_rpi_zero': False, 'volume': 14.0, 'time_series_of_temp': [58.1875, 54.739583333333336, 52.177083333333336, 50.041666666666664, 48.21875, 46.635416666666664, 45.260416666666664, 44.052083333333336, 42.958333333333336, 42.0, 41.135416666666664, 40.375, 39.65625, 39.041666666666664, 38.4375, 37.927083333333336, 37.427083333333336, 36.989583333333336, 36.5625, 36.1875, 35.8125]}",app,DEBUG,temperature_automation,2025-09-20 11:00:56.612,3.976388888889
Yeast Grow 4 Days,pioreactor02,2025-09-20T09:00:56.620Z,PID output = -2.531999999999994,app,DEBUG,temperature_automation,2025-09-20 11:00:56.620,3.976388888889
Yeast Grow 4 Days,pioreactor02,2025-09-20T09:04:16.612Z,"features={'previous_heater_dc': 82.68, 'room_temp': 22.0, 'is_rpi_zero': False, 'volume': 14.0, 'time_series_of_temp': [57.4375, 54.072916666666664, 51.59375, 49.53125, 47.78125, 46.229166666666664, 44.895833333333336, 43.697916666666664, 42.65625, 41.708333333333336, 40.875, 40.114583333333336, 39.4375, 38.802083333333336, 38.25, 37.729166666666664, 37.25, 36.8125, 36.40625, 36.0625, 35.6875]}",app,DEBUG,temperature_automation,2025-09-20 11:04:16.612,4.031944444444
Yeast Grow 4 Days,pioreactor02,2025-09-20T09:04:16.619Z,PID output = -0.005999999999997452,app,DEBUG,temperature_automation,2025-09-20 11:04:16.619,4.031944444444
Yeast Grow 4 Days,pioreactor02,2025-09-20T09:07:36.610Z,"features={'previous_heater_dc': 82.67, 'room_temp': 22.0, 'is_rpi_zero': False, 'volume': 14.0, 'time_series_of_temp': [57.395833333333336, 54.052083333333336, 51.572916666666664, 49.510416666666664, 47.729166666666664, 46.208333333333336, 44.854166666666664, 43.65625, 42.604166666666664, 41.6875, 40.822916666666664, 40.0625, 39.385416666666664, 38.760416666666664, 38.197916666666664, 37.6875, 37.239583333333336, 36.802083333333336, 36.375, 36.020833333333336, 35.6875]}",app,DEBUG,temperature_automation,2025-09-20 11:07:36.610,4.0875
Yeast Grow 4 Days,pioreactor02,2025-09-20T09:07:36.618Z,PID output = 1.5819999999999905,app,DEBUG,temperature_automation,2025-09-20 11:07:36.618,4.0875
Yeast Grow 4 Days,pioreactor02,2025-09-20T09:10:56.613Z,"features={'previous_heater_dc': 84.25, 'room_temp': 22.0, 'is_rpi_zero': False, 'volume': 14.0, 'time_series_of_temp': [57.833333333333336, 54.427083333333336, 51.90625, 49.78125, 47.989583333333336, 46.427083333333336, 45.0625, 43.854166666666664, 42.802083333333336, 41.822916666666664, 41.0, 40.21875, 39.520833333333336, 38.885416666666664, 38.322916666666664, 37.802083333333336, 37.3125, 36.875, 36.479166666666664, 36.114583333333336, 35.75]}",app,DEBUG,temperature_automation,2025-09-20 11:10:56.613,4.143055555556
Yeast Grow 4 Days,pioreactor02,2025-09-20T09:10:56.621Z,PID output = -0.9960000000000042,app,DEBUG,temperature_automation,2025-09-20 11:10:56.621,4.143055555556
Yeast Grow 4 Days,pioreactor02,2025-09-20T09:14:16.612Z,"features={'previous_heater_dc': 83.25, 'room_temp': 22.0, 'is_rpi_zero': False, 'volume': 14.0, 'time_series_of_temp': [57.520833333333336, 54.15625, 51.65625, 49.5625, 47.791666666666664, 46.229166666666664, 44.885416666666664, 43.708333333333336, 42.65625, 41.71875, 40.875, 40.114583333333336, 39.427083333333336, 38.8125, 38.239583333333336, 37.739583333333336, 37.25, 36.8125, 36.427083333333336, 36.0625, 35.6875]}",app,DEBUG,temperature_automation,2025-09-20 11:14:16.612,4.198611111111
Yeast Grow 4 Days,pioreactor02,2025-09-20T09:14:16.620Z,PID output = -1.5560000000000016,app,DEBUG,temperature_automation,2025-09-20 11:14:16.620,4.198611111111
Yeast Grow 4 Days,pioreactor02,2025-09-20T09:17:36.613Z,"features={'previous_heater_dc': 81.69, 'room_temp': 22.0, 'is_rpi_zero': False, 'volume': 14.0, 'time_series_of_temp': [57.125, 53.802083333333336, 51.354166666666664, 49.3125, 47.583333333333336, 46.052083333333336, 44.71875, 43.53125, 42.5, 41.59375, 40.75, 40.0, 39.322916666666664, 38.708333333333336, 38.166666666666664, 37.635416666666664, 37.1875, 36.75, 36.364583333333336, 36.0, 35.65625]}",app,DEBUG,temperature_automation,2025-09-20 11:17:36.613,4.254166666667
Yeast Grow 4 Days,pioreactor02,2025-09-20T09:17:36.621Z,PID output = 0.42400000000002364,app,DEBUG,temperature_automation,2025-09-20 11:17:36.621,4.254166666667
Yeast Grow 4 Days,pioreactor02,2025-09-20T09:20:56.613Z,"features={'previous_heater_dc': 82.11, 'room_temp': 22.0, 'is_rpi_zero': False, 'volume': 14.0, 'time_series_of_temp': [57.1875, 53.875, 51.40625, 49.375, 47.604166666666664, 46.072916666666664, 44.75, 43.5625, 42.510416666666664, 41.583333333333336, 40.75, 40.0, 39.3125, 38.697916666666664, 38.15625, 37.625, 37.177083333333336, 36.75, 36.3125, 35.979166666666664, 35.625]}",app,DEBUG,temperature_automation,2025-09-20 11:20:56.613,4.309722222222
Yeast Grow 4 Days,pioreactor02,2025-09-20T09:20:56.620Z,PID output = 0.48000000000000254,app,DEBUG,temperature_automation,2025-09-20 11:20:56.620,4.309722222222
Yeast Grow 4 Days,pioreactor02,2025-09-20T09:24:16.610Z,"features={'previous_heater_dc': 82.59, 'room_temp': 22.0, 'is_rpi_zero': False, 'volume': 14.0, 'time_series_of_temp': [57.322916666666664, 53.989583333333336, 51.510416666666664, 49.458333333333336, 47.6875, 46.145833333333336, 44.791666666666664, 43.614583333333336, 42.5625, 41.625, 40.78125, 40.041666666666664, 39.354166666666664, 38.708333333333336, 38.1875, 37.677083333333336, 37.1875, 36.75, 36.364583333333336, 36.0, 35.645833333333336]}",app,DEBUG,temperature_automation,2025-09-20 11:24:16.610,4.365277777778
Yeast Grow 4 Days,pioreactor02,2025-09-20T09:24:16.618Z,PID output = 0.4059999999999959,app,DEBUG,temperature_automation,2025-09-20 11:24:16.618,4.365277777778
Yeast Grow 4 Days,pioreactor02,2025-09-20T09:27:36.611Z,"features={'previous_heater_dc': 83.0, 'room_temp': 22.0, 'is_rpi_zero': False, 'volume': 14.0, 'time_series_of_temp': [57.4375, 54.09375, 51.604166666666664, 49.53125, 47.75, 46.208333333333336, 44.864583333333336, 43.666666666666664, 42.614583333333336, 41.6875, 40.833333333333336, 40.072916666666664, 39.40625, 38.770833333333336, 38.1875, 37.6875, 37.21875, 36.791666666666664, 36.375, 36.010416666666664, 35.6875]}",app,DEBUG,temperature_automation,2025-09-20 11:27:36.611,4.420833333333
Yeast Grow 4 Days,pioreactor02,2025-09-20T09:27:36.619Z,PID output = -0.013999999999995072,app,DEBUG,temperature_automation,2025-09-20 11:27:36.619,4.420833333333
Yeast Grow 4 Days,pioreactor02,2025-09-20T09:30:56.611Z,"features={'previous_heater_dc': 82.99, 'room_temp': 22.0, 'is_rpi_zero': False, 'volume': 14.0, 'time_series_of_temp': [57.5, 54.125, 51.625, 49.572916666666664, 47.791666666666664, 46.239583333333336, 44.895833333333336, 43.708333333333336, 42.65625, 41.71875, 40.875, 40.125, 39.4375, 38.8125, 38.25, 37.739583333333336, 37.260416666666664, 36.8125, 36.4375, 36.0625, 35.75]}",app,DEBUG,temperature_automation,2025-09-20 11:30:56.611,4.476388888889
Yeast Grow 4 Days,pioreactor02,2025-09-20T09:30:56.618Z,PID output = -1.0019999999999867,app,DEBUG,temperature_automation,2025-09-20 11:30:56.618,4.476388888889
Yeast Grow 4 Days,pioreactor02,2025-09-20T09:34:16.610Z,"features={'previous_heater_dc': 81.99, 'room_temp': 22.0, 'is_rpi_zero': False, 'volume': 14.0, 'time_series_of_temp': [57.1875, 53.864583333333336, 51.395833333333336, 49.34375, 47.583333333333336, 46.0625, 44.729166666666664, 43.5625, 42.510416666666664, 41.583333333333336, 40.75, 40.0, 39.3125, 38.6875, 38.145833333333336, 37.625, 37.15625, 36.708333333333336, 36.3125, 35.947916666666664, 35.625]}",app,DEBUG,temperature_automation,2025-09-20 11:34:16.610,4.531944444444
Yeast Grow 4 Days,pioreactor02,2025-09-20T09:34:16.618Z,PID output = -0.7440000000000098,app,DEBUG,temperature_automation,2025-09-20 11:34:16.618,4.531944444444
Yeast Grow 4 Days,pioreactor02,2025-09-20T09:37:36.611Z,"features={'previous_heater_dc': 81.25, 'room_temp': 22.0, 'is_rpi_zero': False, 'volume': 14.0, 'time_series_of_temp': [56.927083333333336, 53.625, 51.177083333333336, 49.15625, 47.40625, 45.885416666666664, 44.5625, 43.40625, 42.375, 41.458333333333336, 40.625, 39.885416666666664, 39.208333333333336, 38.614583333333336, 38.052083333333336, 37.5625, 37.072916666666664, 36.65625, 36.25, 35.875, 35.5625]}",app,DEBUG,temperature_automation,2025-09-20 11:37:36.611,4.5875
Yeast Grow 4 Days,pioreactor02,2025-09-20T09:37:36.618Z,PID output = -0.9720000000000013,app,DEBUG,temperature_automation,2025-09-20 11:37:36.618,4.5875
Yeast Grow 4 Days,pioreactor02,2025-09-20T09:40:56.613Z,"features={'previous_heater_dc': 80.28, 'room_temp': 22.0, 'is_rpi_zero': False, 'volume': 14.0, 'time_series_of_temp': [56.614583333333336, 53.34375, 50.9375, 48.916666666666664, 47.1875, 45.697916666666664, 44.395833333333336, 43.25, 42.21875, 41.3125, 40.5, 39.770833333333336, 39.104166666666664, 38.5, 37.958333333333336, 37.447916666666664, 37.0, 36.5625, 36.1875, 35.822916666666664, 35.5]}",app,DEBUG,temperature_automation,2025-09-20 11:40:56.613,4.643055555556
Yeast Grow 4 Days,pioreactor02,2025-09-20T09:40:56.620Z,PID output = -0.21799999999998365,app,DEBUG,temperature_automation,2025-09-20 11:40:56.620,4.643055555556
Yeast Grow 4 Days,pioreactor02,2025-09-20T09:44:16.611Z,"features={'previous_heater_dc': 80.06, 'room_temp': 22.0, 'is_rpi_zero': False, 'volume': 14.0, 'time_series_of_temp': [56.5, 53.25, 50.833333333333336, 48.833333333333336, 47.104166666666664, 45.635416666666664, 44.322916666666664, 43.177083333333336, 42.15625, 41.239583333333336, 40.416666666666664, 39.6875, 39.010416666666664, 38.4375, 37.875, 37.375, 36.9375, 36.5, 36.125, 35.75, 35.4375]}",app,DEBUG,temperature_automation,2025-09-20 11:44:16.611,4.698611111111
Yeast Grow 4 Days,pioreactor02,2025-09-20T09:44:16.619Z,PID output = 1.0899999999999976,app,DEBUG,temperature_automation,2025-09-20 11:44:16.619,4.698611111111
Yeast Grow 4 Days,pioreactor02,2025-09-20T09:47:36.610Z,"features={'previous_heater_dc': 81.15, 'room_temp': 22.0, 'is_rpi_zero': False, 'volume': 14.0, 'time_series_of_temp': [56.802083333333336, 53.5, 51.072916666666664, 49.041666666666664, 47.291666666666664, 45.791666666666664, 44.479166666666664, 43.3125, 42.270833333333336, 41.364583333333336, 40.552083333333336, 39.802083333333336, 39.135416666666664, 38.520833333333336, 37.989583333333336, 37.489583333333336, 37.0, 36.572916666666664, 36.1875, 35.833333333333336, 35.5]}",app,DEBUG,temperature_automation,2025-09-20 11:47:36.610,4.754166666667
Yeast Grow 4 Days,pioreactor02,2025-09-20T09:47:36.618Z,PID output = -0.930000000000001,app,DEBUG,temperature_automation,2025-09-20 11:47:36.618,4.754166666667
Yeast Grow 4 Days,pioreactor02,2025-09-20T09:50:56.612Z,"features={'previous_heater_dc': 80.22, 'room_temp': 22.0, 'is_rpi_zero': False, 'volume': 14.0, 'time_series_of_temp': [56.510416666666664, 53.28125, 50.854166666666664, 48.833333333333336, 47.125, 45.635416666666664, 44.333333333333336, 43.177083333333336, 42.145833333333336, 41.239583333333336, 40.427083333333336, 39.677083333333336, 39.010416666666664, 38.427083333333336, 37.875, 37.375, 36.875, 36.5, 36.083333333333336, 35.75, 35.375]}",app,DEBUG,temperature_automation,2025-09-20 11:50:56.612,4.809722222222
Yeast Grow 4 Days,pioreactor02,2025-09-20T09:50:56.620Z,PID output = 0.14600000000001784,app,DEBUG,temperature_automation,2025-09-20 11:50:56.620,4.809722222222
Yeast Grow 4 Days,pioreactor02,2025-09-20T09:54:16.608Z,"features={'previous_heater_dc': 80.37, 'room_temp': 22.0, 'is_rpi_zero': False, 'volume': 14.0, 'time_series_of_temp': [56.5, 53.25, 50.833333333333336, 48.833333333333336, 47.09375, 45.59375, 44.291666666666664, 43.135416666666664, 42.114583333333336, 41.208333333333336, 40.385416666666664, 39.65625, 39.0, 38.375, 37.854166666666664, 37.34375, 36.875, 36.4375, 36.0625, 35.697916666666664, 35.375]}",app,DEBUG,temperature_automation,2025-09-20 11:54:16.608,4.865277777778
Yeast Grow 4 Days,pioreactor02,2025-09-20T09:54:16.616Z,PID output = 0.5179999999999808,app,DEBUG,temperature_automation,2025-09-20 11:54:16.616,4.865277777778
Yeast Grow 4 Days,pioreactor02,2025-09-20T09:57:36.611Z,"features={'previous_heater_dc': 80.89, 'room_temp': 22.0, 'is_rpi_zero': False, 'volume': 14.0, 'time_series_of_temp': [56.625, 53.333333333333336, 50.895833333333336, 48.875, 47.145833333333336, 45.645833333333336, 44.3125, 43.166666666666664, 42.125, 41.208333333333336, 40.385416666666664, 39.635416666666664, 38.989583333333336, 38.385416666666664, 37.822916666666664, 37.3125, 36.875, 36.4375, 36.0625, 35.6875, 35.354166666666664]}",app,DEBUG,temperature_automation,2025-09-20 11:57:36.611,4.920833333333
Yeast Grow 4 Days,pioreactor02,2025-09-20T09:57:36.618Z,PID output = 0.8240000000000081,app,DEBUG,temperature_automation,2025-09-20 11:57:36.618,4.920833333333
Yeast Grow 4 Days,pioreactor02,2025-09-20T10:00:56.611Z,"features={'previous_heater_dc': 81.71, 'room_temp': 22.0, 'is_rpi_zero': False, 'volume': 14.0, 'time_series_of_temp': [56.854166666666664, 53.552083333333336, 51.09375, 49.052083333333336, 47.302083333333336, 45.78125, 44.46875, 43.28125, 42.25, 41.3125, 40.5, 39.75, 39.083333333333336, 38.489583333333336, 37.916666666666664, 37.416666666666664, 36.9375, 36.5, 36.114583333333336, 35.75, 35.40625]}",app,DEBUG,temperature_automation,2025-09-20 12:00:56.611,4.976388888889
Yeast Grow 4 Days,pioreactor02,2025-09-20T10:00:56.619Z,PID output = -0.5719999999999914,app,DEBUG,temperature_automation,2025-09-20 12:00:56.619,4.976388888889
Yeast Grow 4 Days,pioreactor02,2025-09-20T10:04:16.611Z,"features={'previous_heater_dc': 81.14, 'room_temp': 22.0, 'is_rpi_zero': False, 'volume': 14.0, 'time_series_of_temp': [56.739583333333336, 53.4375, 51.0, 48.958333333333336, 47.229166666666664, 45.71875, 44.40625, 43.25, 42.197916666666664, 41.291666666666664, 40.447916666666664, 39.71875, 39.0625, 38.4375, 37.875, 37.385416666666664, 36.9375, 36.5, 36.125, 35.75, 35.416666666666664]}",app,DEBUG,temperature_automation,2025-09-20 12:04:16.611,5.031944444444
Yeast Grow 4 Days,pioreactor02,2025-09-20T10:04:16.619Z,PID output = 0.5299999999999805,app,DEBUG,temperature_automation,2025-09-20 12:04:16.619,5.031944444444
Yeast Grow 4 Days,pioreactor02,2025-09-20T10:07:36.610Z,"features={'previous_heater_dc': 81.67, 'room_temp': 22.0, 'is_rpi_zero': False, 'volume': 14.0, 'time_series_of_temp': [56.885416666666664, 53.583333333333336, 51.104166666666664, 49.072916666666664, 47.333333333333336, 45.822916666666664, 44.489583333333336, 43.322916666666664, 42.28125, 41.364583333333336, 40.53125, 39.78125, 39.114583333333336, 38.5, 37.9375, 37.4375, 36.958333333333336, 36.541666666666664, 36.135416666666664, 35.78125, 35.4375]}",app,DEBUG,temperature_automation,2025-09-20 12:07:36.610,5.0875
Yeast Grow 4 Days,pioreactor02,2025-09-20T10:07:36.618Z,PID output = -0.5840000000000003,app,DEBUG,temperature_automation,2025-09-20 12:07:36.618,5.0875
Yeast Grow 4 Days,pioreactor02,2025-09-20T10:10:56.610Z,"features={'previous_heater_dc': 81.09, 'room_temp': 22.0, 'is_rpi_zero': False, 'volume': 14.0, 'time_series_of_temp': [56.708333333333336, 53.427083333333336, 51.0, 48.958333333333336, 47.208333333333336, 45.697916666666664, 44.40625, 43.21875, 42.177083333333336, 41.270833333333336, 40.4375, 39.697916666666664, 39.041666666666664, 38.427083333333336, 37.875, 37.375, 36.916666666666664, 36.5, 36.104166666666664, 35.75, 35.375]}",app,DEBUG,temperature_automation,2025-09-20 12:10:56.610,5.143055555556
Yeast Grow 4 Days,pioreactor02,2025-09-20T10:10:56.617Z,PID output = 1.073999999999998,app,DEBUG,temperature_automation,2025-09-20 12:10:56.617,5.143055555556
Yeast Grow 4 Days,pioreactor02,2025-09-20T10:14:16.610Z,"features={'previous_heater_dc': 82.16, 'room_temp': 22.0, 'is_rpi_zero': False, 'volume': 14.0, 'time_series_of_temp': [57.0, 53.666666666666664, 51.197916666666664, 49.15625, 47.40625, 45.864583333333336, 44.541666666666664, 43.364583333333336, 42.322916666666664, 41.385416666666664, 40.552083333333336, 39.802083333333336, 39.125, 38.5, 37.9375, 37.4375, 36.947916666666664, 36.53125, 36.125, 35.75, 35.4375]}",app,DEBUG,temperature_automation,2025-09-20 12:14:16.610,5.198611111111
Yeast Grow 4 Days,pioreactor02,2025-09-20T10:14:16.617Z,PID output = 0.2660000000000118,app,DEBUG,temperature_automation,2025-09-20 12:14:16.617,5.198611111111
Yeast Grow 4 Days,pioreactor02,2025-09-20T10:17:36.611Z,"features={'previous_heater_dc': 82.43, 'room_temp': 22.0, 'is_rpi_zero': False, 'volume': 14.0, 'time_series_of_temp': [57.0625, 53.729166666666664, 51.260416666666664, 49.1875, 47.416666666666664, 45.895833333333336, 44.541666666666664, 43.364583333333336, 42.3125, 41.395833333333336, 40.5625, 39.802083333333336, 39.125, 38.520833333333336, 37.947916666666664, 37.4375, 36.96875, 36.541666666666664, 36.125, 35.75, 35.4375]}",app,DEBUG,temperature_automation,2025-09-20 12:17:36.611,5.254166666667
Yeast Grow 4 Days,pioreactor02,2025-09-20T10:17:36.618Z,PID output = 0.23999999999999133,app,DEBUG,temperature_automation,2025-09-20 12:17:36.618,5.254166666667
Yeast Grow 4 Days,pioreactor02,2025-09-20T10:20:56.610Z,"features={'previous_heater_dc': 82.67, 'room_temp': 22.0, 'is_rpi_zero': False, 'volume': 14.0, 'time_series_of_temp': [57.125, 53.78125, 51.3125, 49.239583333333336, 47.46875, 45.927083333333336, 44.59375, 43.395833333333336, 42.354166666666664, 41.416666666666664, 40.5625, 39.8125, 39.135416666666664, 38.520833333333336, 37.947916666666664, 37.4375, 36.979166666666664, 36.552083333333336, 36.125, 35.770833333333336, 35.4375]}",app,DEBUG,temperature_automation,2025-09-20 12:20:56.610,5.309722222222
Yeast Grow 4 Days,pioreactor02,2025-09-20T10:20:56.618Z,PID output = 1.5819999999999963,app,DEBUG,temperature_automation,2025-09-20 12:20:56.618,5.309722222222
Yeast Grow 4 Days,pioreactor02,2025-09-20T10:24:16.613Z,"features={'previous_heater_dc': 84.25, 'room_temp': 22.0, 'is_rpi_zero': False, 'volume': 14.0, 'time_series_of_temp': [57.625, 54.229166666666664, 51.6875, 49.583333333333336, 47.770833333333336, 46.21875, 44.854166666666664, 43.645833333333336, 42.572916666666664, 41.625, 40.760416666666664, 40.0, 39.3125, 38.677083333333336, 38.125, 37.5625, 37.104166666666664, 36.666666666666664, 36.25, 35.875, 35.552083333333336]}",app,DEBUG,temperature_automation,2025-09-20 12:24:16.613,5.365277777778
Yeast Grow 4 Days,pioreactor02,2025-09-20T10:24:16.621Z,PID output = -0.03799999999999809,app,DEBUG,temperature_automation,2025-09-20 12:24:16.621,5.365277777778
Yeast Grow 4 Days,pioreactor02,2025-09-20T10:27:36.610Z,"features={'previous_heater_dc': 84.21, 'room_temp': 22.0, 'is_rpi_zero': False, 'volume': 14.0, 'time_series_of_temp': [57.6875, 54.260416666666664, 51.739583333333336, 49.625, 47.84375, 46.28125, 44.90625, 43.697916666666664, 42.625, 41.6875, 40.8125, 40.0625, 39.34375, 38.71875, 38.15625, 37.625, 37.125, 36.6875, 36.270833333333336, 35.916666666666664, 35.5625]}",app,DEBUG,temperature_automation,2025-09-20 12:27:36.610,5.420833333333
Yeast Grow 4 Days,pioreactor02,2025-09-20T10:27:36.618Z,PID output = -0.5400000000000048,app,DEBUG,temperature_automation,2025-09-20 12:27:36.618,5.420833333333
Yeast Grow 4 Days,pioreactor02,2025-09-20T10:30:56.612Z,"features={'previous_heater_dc': 83.67, 'room_temp': 22.0, 'is_rpi_zero': False, 'volume': 14.0, 'time_series_of_temp': [57.5, 54.114583333333336, 51.59375, 49.5, 47.71875, 46.145833333333336, 44.791666666666664, 43.59375, 42.53125, 41.59375, 40.739583333333336, 40.0, 39.28125, 38.666666666666664, 38.114583333333336, 37.5625, 37.125, 36.677083333333336, 36.25, 35.885416666666664, 35.5625]}",app,DEBUG,temperature_automation,2025-09-20 12:30:56.612,5.476388888889
Yeast Grow 4 Days,pioreactor02,2025-09-20T10:30:56.620Z,PID output = 0.32000000000000595,app,DEBUG,temperature_automation,2025-09-20 12:30:56.620,5.476388888889
Yeast Grow 4 Days,pioreactor02,2025-09-20T10:34:16.611Z,"features={'previous_heater_dc': 83.99, 'room_temp': 22.0, 'is_rpi_zero': False, 'volume': 14.0, 'time_series_of_temp': [57.5625, 54.1875, 51.65625, 49.5625, 47.770833333333336, 46.208333333333336, 44.84375, 43.625, 42.572916666666664, 41.635416666666664, 40.770833333333336, 40.0, 39.3125, 38.6875, 38.125, 37.614583333333336, 37.125, 36.6875, 36.270833333333336, 35.90625, 35.5625]}",app,DEBUG,temperature_automation,2025-09-20 12:34:16.611,5.531944444444
Yeast Grow 4 Days,pioreactor02,2025-09-20T10:34:16.619Z,PID output = 1.0460000000000078,app,DEBUG,temperature_automation,2025-09-20 12:34:16.619,5.531944444444
Yeast Grow 4 Days,pioreactor02,2025-09-20T10:37:36.610Z,"features={'previous_heater_dc': 85.04, 'room_temp': 22.0, 'is_rpi_zero': False, 'volume': 14.0, 'time_series_of_temp': [57.885416666666664, 54.479166666666664, 51.90625, 49.8125, 47.979166666666664, 46.40625, 45.03125, 43.822916666666664, 42.739583333333336, 41.78125, 40.916666666666664, 40.145833333333336, 39.447916666666664, 38.8125, 38.229166666666664, 37.697916666666664, 37.239583333333336, 36.802083333333336, 36.375, 36.020833333333336, 35.6875]}",app,DEBUG,temperature_automation,2025-09-20 12:37:36.610,5.5875
Yeast Grow 4 Days,pioreactor02,2025-09-20T10:37:36.618Z,PID output = 1.357999999999985,app,DEBUG,temperature_automation,2025-09-20 12:37:36.618,5.5875
Yeast Grow 4 Days,pioreactor02,2025-09-20T10:40:56.610Z,"features={'previous_heater_dc': 86.4, 'room_temp': 22.0, 'is_rpi_zero': False, 'volume': 14.0, 'time_series_of_temp': [58.416666666666664, 54.927083333333336, 52.322916666666664, 50.1875, 48.322916666666664, 46.71875, 45.34375, 44.09375, 42.989583333333336, 42.020833333333336, 41.145833333333336, 40.375, 39.635416666666664, 39.0, 38.4375, 37.885416666666664, 37.427083333333336, 36.9375, 36.5625, 36.166666666666664, 35.8125]}",app,DEBUG,temperature_automation,2025-09-20 12:40:56.610,5.643055555556
Yeast Grow 4 Days,pioreactor02,2025-09-20T10:40:56.618Z,PID output = -0.4900000000000012,app,DEBUG,temperature_automation,2025-09-20 12:40:56.618,5.643055555556
Yeast Grow 4 Days,pioreactor02,2025-09-20T10:44:16.610Z,"features={'previous_heater_dc': 85.91, 'room_temp': 22.0, 'is_rpi_zero': False, 'volume': 14.0, 'time_series_of_temp': [58.364583333333336, 54.885416666666664, 52.302083333333336, 50.166666666666664, 48.322916666666664, 46.739583333333336, 45.333333333333336, 44.09375, 43.0, 42.020833333333336, 41.177083333333336, 40.375, 39.6875, 39.041666666666664, 38.447916666666664, 37.9375, 37.4375, 37.0, 36.5625, 36.1875, 35.84375]}",app,DEBUG,temperature_automation,2025-09-20 12:44:16.610,5.698611111111
Yeast Grow 4 Days,pioreactor02,2025-09-20T10:44:16.618Z,PID output = -0.7420000000000179,app,DEBUG,temperature_automation,2025-09-20 12:44:16.618,5.698611111111
Yeast Grow 4 Days,pioreactor02,2025-09-20T10:47:36.611Z,"features={'previous_heater_dc': 85.17, 'room_temp': 22.0, 'is_rpi_zero': False, 'volume': 14.0, 'time_series_of_temp': [58.166666666666664, 54.708333333333336, 52.15625, 50.041666666666664, 48.208333333333336, 46.635416666666664, 45.229166666666664, 44.03125, 42.9375, 41.96875, 41.125, 40.34375, 39.635416666666664, 39.0, 38.4375, 37.927083333333336, 37.4375, 36.979166666666664, 36.572916666666664, 36.1875, 35.854166666666664]}",app,DEBUG,temperature_automation,2025-09-20 12:47:36.611,5.754166666667
Yeast Grow 4 Days,pioreactor02,2025-09-20T10:47:36.618Z,PID output = -0.34000000000000197,app,DEBUG,temperature_automation,2025-09-20 12:47:36.618,5.754166666667
Yeast Grow 4 Days,pioreactor02,2025-09-20T10:50:56.613Z,"features={'previous_heater_dc': 84.83, 'room_temp': 22.0, 'is_rpi_zero': False, 'volume': 14.0, 'time_series_of_temp': [58.072916666666664, 54.645833333333336, 52.09375, 49.989583333333336, 48.177083333333336, 46.59375, 45.229166666666664, 44.010416666666664, 42.9375, 41.958333333333336, 41.125, 40.333333333333336, 39.645833333333336, 39.010416666666664, 38.4375, 37.90625, 37.4375, 36.989583333333336, 36.5625, 36.1875, 35.84375]}",app,DEBUG,temperature_automation,2025-09-20 12:50:56.613,5.809722222222
Yeast Grow 4 Days,pioreactor02,2025-09-20T10:50:56.621Z,PID output = -1.0199999999999874,app,DEBUG,temperature_automation,2025-09-20 12:50:56.621,5.809722222222
Yeast Grow 4 Days,pioreactor02,2025-09-20T10:54:16.611Z,"features={'previous_heater_dc': 83.81, 'room_temp': 22.0, 'is_rpi_zero': False, 'volume': 14.0, 'time_series_of_temp': [57.791666666666664, 54.40625, 51.875, 49.78125, 47.989583333333336, 46.447916666666664, 45.072916666666664, 43.854166666666664, 42.8125, 41.864583333333336, 41.020833333333336, 40.25, 39.552083333333336, 38.9375, 38.375, 37.84375, 37.375, 36.927083333333336, 36.510416666666664, 36.125, 35.791666666666664]}",app,DEBUG,temperature_automation,2025-09-20 12:54:16.611,5.865277777778
Yeast Grow 4 Days,pioreactor02,2025-09-20T10:54:16.619Z,PID output = -1.4760000000000033,app,DEBUG,temperature_automation,2025-09-20 12:54:16.619,5.865277777778
Yeast Grow 4 Days,pioreactor02,2025-09-20T10:57:36.612Z,"features={'previous_heater_dc': 82.33, 'room_temp': 22.0, 'is_rpi_zero': False, 'volume': 14.0, 'time_series_of_temp': [57.375, 54.03125, 51.552083333333336, 49.479166666666664, 47.729166666666664, 46.208333333333336, 44.864583333333336, 43.677083333333336, 42.625, 41.6875, 40.875, 40.104166666666664, 39.4375, 38.8125, 38.229166666666664, 37.739583333333336, 37.25, 36.8125, 36.4375, 36.0625, 35.6875]}",app,DEBUG,temperature_automation,2025-09-20 12:57:36.612,5.920833333333
Yeast Grow 4 Days,pioreactor02,2025-09-20T10:57:36.619Z,PID output = -1.1199999999999946,app,DEBUG,temperature_automation,2025-09-20 12:57:36.619,5.920833333333
Yeast Grow 4 Days,pioreactor02,2025-09-20T11:00:56.610Z,"features={'previous_heater_dc': 81.21, 'room_temp': 22.0, 'is_rpi_zero': False, 'volume': 14.0, 'time_series_of_temp': [56.9375, 53.645833333333336, 51.208333333333336, 49.166666666666664, 47.427083333333336, 45.916666666666664, 44.59375, 43.427083333333336, 42.385416666666664, 41.46875, 40.625, 39.895833333333336, 39.21875, 38.625, 38.0625, 37.5625, 37.0625, 36.65625, 36.25, 35.90625, 35.5625]}",app,DEBUG,temperature_automation,2025-09-20 13:00:56.610,5.976388888889
Yeast Grow 4 Days,pioreactor02,2025-09-20T11:00:56.618Z,PID output = 0.7920000000000156,app,DEBUG,temperature_automation,2025-09-20 13:00:56.618,5.976388888889
Yeast Grow 4 Days,pioreactor02,2025-09-20T11:04:16.613Z,"features={'previous_heater_dc': 82.0, 'room_temp': 22.0, 'is_rpi_zero': False, 'volume': 14.0, 'time_series_of_temp': [57.0625, 53.75, 51.291666666666664, 49.25, 47.5, 45.979166666666664, 44.645833333333336, 43.46875, 42.4375, 41.5, 40.6875, 39.9375, 39.25, 38.625, 38.104166666666664, 37.583333333333336, 37.114583333333336, 36.6875, 36.291666666666664, 35.9375, 35.5625]}",app,DEBUG,temperature_automation,2025-09-20 13:04:16.613,6.031944444444
Yeast Grow 4 Days,pioreactor02,2025-09-20T11:04:16.621Z,PID output = 0.047999999999986165,app,DEBUG,temperature_automation,2025-09-20 13:04:16.621,6.031944444444
Yeast Grow 4 Days,pioreactor02,2025-09-20T11:07:36.610Z,"features={'previous_heater_dc': 82.05, 'room_temp': 22.0, 'is_rpi_zero': False, 'volume': 14.0, 'time_series_of_temp': [57.09375, 53.770833333333336, 51.302083333333336, 49.260416666666664, 47.5, 45.979166666666664, 44.65625, 43.46875, 42.4375, 41.510416666666664, 40.666666666666664, 39.927083333333336, 39.25, 38.625, 38.0625, 37.552083333333336, 37.072916666666664, 36.65625, 36.25, 35.885416666666664, 35.5625]}",app,DEBUG,temperature_automation,2025-09-20 13:07:36.610,6.0875
Yeast Grow 4 Days,pioreactor02,2025-09-20T11:07:36.617Z,PID output = -0.18200000000000074,app,DEBUG,temperature_automation,2025-09-20 13:07:36.617,6.0875
Yeast Grow 4 Days,pioreactor02,2025-09-20T11:10:56.610Z,"features={'previous_heater_dc': 81.87, 'room_temp': 22.0, 'is_rpi_zero': False, 'volume': 14.0, 'time_series_of_temp': [57.0, 53.697916666666664, 51.21875, 49.177083333333336, 47.416666666666664, 45.885416666666664, 44.541666666666664, 43.375, 42.333333333333336, 41.40625, 40.572916666666664, 39.822916666666664, 39.135416666666664, 38.5625, 38.0, 37.5, 37.010416666666664, 36.604166666666664, 36.1875, 35.84375, 35.5]}",app,DEBUG,temperature_automation,2025-09-20 13:10:56.610,6.143055555556
Yeast Grow 4 Days,pioreactor02,2025-09-20T11:10:56.618Z,PID output = 0.897999999999989,app,DEBUG,temperature_automation,2025-09-20 13:10:56.618,6.143055555556
Yeast Grow 4 Days,pioreactor02,2025-09-20T11:14:16.613Z,"features={'previous_heater_dc': 82.77, 'room_temp': 22.0, 'is_rpi_zero': False, 'volume': 14.0, 'time_series_of_temp': [57.3125, 53.9375, 51.46875, 49.40625, 47.65625, 46.104166666666664, 44.770833333333336, 43.59375, 42.541666666666664, 41.625, 40.770833333333336, 40.010416666666664, 39.333333333333336, 38.739583333333336, 38.1875, 37.65625, 37.1875, 36.75, 36.375, 36.0, 35.666666666666664]}",app,DEBUG,temperature_automation,2025-09-20 13:14:16.613,6.198611111111
Yeast Grow 4 Days,pioreactor02,2025-09-20T11:14:16.621Z,PID output = -1.3040000000000105,app,DEBUG,temperature_automation,2025-09-20 13:14:16.621,6.198611111111
Yeast Grow 4 Days,pioreactor02,2025-09-20T11:17:36.611Z,"features={'previous_heater_dc': 81.47, 'room_temp': 22.0, 'is_rpi_zero': False, 'volume': 14.0, 'time_series_of_temp': [57.0, 53.708333333333336, 51.260416666666664, 49.229166666666664, 47.46875, 45.96875, 44.645833333333336, 43.46875, 42.4375, 41.510416666666664, 40.677083333333336, 39.9375, 39.25, 38.645833333333336, 38.09375, 37.583333333333336, 37.125, 36.6875, 36.3125, 35.9375, 35.625]}",app,DEBUG,temperature_automation,2025-09-20 13:17:36.611,6.254166666667
Yeast Grow 4 Days,pioreactor02,2025-09-20T11:17:36.618Z,PID output = 0.9580000000000168,app,DEBUG,temperature_automation,2025-09-20 13:17:36.618,6.254166666667
Yeast Grow 4 Days,pioreactor02,2025-09-20T11:20:56.612Z,"features={'previous_heater_dc': 82.43, 'room_temp': 22.0, 'is_rpi_zero': False, 'volume': 14.0, 'time_series_of_temp': [57.3125, 53.947916666666664, 51.479166666666664, 49.416666666666664, 47.65625, 46.135416666666664, 44.8125, 43.625, 42.583333333333336, 41.666666666666664, 40.822916666666664, 40.072916666666664, 39.385416666666664, 38.760416666666664, 38.197916666666664, 37.697916666666664, 37.25, 36.8125, 36.4375, 36.052083333333336, 35.729166666666664]}",app,DEBUG,temperature_automation,2025-09-20 13:20:56.612,6.309722222222
Yeast Grow 4 Days,pioreactor02,2025-09-20T11:20:56.619Z,PID output = -1.5260000000000011,app,DEBUG,temperature_automation,2025-09-20 13:20:56.619,6.309722222222
Yeast Grow 4 Days,pioreactor02,2025-09-20T11:24:16.612Z,"features={'previous_heater_dc': 80.9, 'room_temp': 22.0, 'is_rpi_zero': False, 'volume': 14.0, 'time_series_of_temp': [56.875, 53.604166666666664, 51.166666666666664, 49.15625, 47.40625, 45.90625, 44.604166666666664, 43.427083333333336, 42.416666666666664, 41.5, 40.6875, 39.9375, 39.270833333333336, 38.6875, 38.125, 37.625, 37.135416666666664, 36.739583333333336, 36.322916666666664, 36.0, 35.625]}",app,DEBUG,temperature_automation,2025-09-20 13:24:16.612,6.365277777778
Yeast Grow 4 Days,pioreactor02,2025-09-20T11:24:16.619Z,PID output = -1.9080000000000197,app,DEBUG,temperature_automation,2025-09-20 13:24:16.619,6.365277777778
Yeast Grow 4 Days,pioreactor02,2025-09-20T11:27:36.611Z,"features={'previous_heater_dc': 78.99, 'room_temp': 22.0, 'is_rpi_zero': False, 'volume': 14.0, 'time_series_of_temp': [56.3125, 53.09375, 50.697916666666664, 48.729166666666664, 47.03125, 45.552083333333336, 44.270833333333336, 43.135416666666664, 42.125, 41.229166666666664, 40.4375, 39.697916666666664, 39.0625, 38.458333333333336, 37.927083333333336, 37.427083333333336, 36.947916666666664, 36.5625, 36.177083333333336, 35.8125, 35.479166666666664]}",app,DEBUG,temperature_automation,2025-09-20 13:27:36.611,6.420833333333
Yeast Grow 4 Days,pioreactor02,2025-09-20T11:27:36.619Z,PID output = -1.0599999999999925,app,DEBUG,temperature_automation,2025-09-20 13:27:36.619,6.420833333333
Yeast Grow 4 Days,pioreactor02,2025-09-20T11:30:56.612Z,"features={'previous_heater_dc': 77.93, 'room_temp': 22.0, 'is_rpi_zero': False, 'volume': 14.0, 'time_series_of_temp': [55.875, 52.708333333333336, 50.34375, 48.40625, 46.739583333333336, 45.28125, 44.03125, 42.90625, 41.916666666666664, 41.020833333333336, 40.25, 39.510416666666664, 38.875, 38.302083333333336, 37.760416666666664, 37.28125, 36.822916666666664, 36.4375, 36.0625, 35.6875, 35.375]}",app,DEBUG,temperature_automation,2025-09-20 13:30:56.612,6.476388888889
Yeast Grow 4 Days,pioreactor02,2025-09-20T11:30:56.620Z,PID output = 0.1380000000000251,app,DEBUG,temperature_automation,2025-09-20 13:30:56.620,6.476388888889
Yeast Grow 4 Days,pioreactor02,2025-09-20T11:34:16.610Z,"features={'previous_heater_dc': 78.07, 'room_temp': 22.0, 'is_rpi_zero': False, 'volume': 14.0, 'time_series_of_temp': [55.822916666666664, 52.65625, 50.302083333333336, 48.34375, 46.677083333333336, 45.208333333333336, 43.947916666666664, 42.833333333333336, 41.822916666666664, 40.947916666666664, 40.166666666666664, 39.4375, 38.802083333333336, 38.1875, 37.677083333333336, 37.1875, 36.75, 36.322916666666664, 35.9375, 35.59375, 35.270833333333336]}",app,DEBUG,temperature_automation,2025-09-20 13:34:16.610,6.531944444444
Yeast Grow 4 Days,pioreactor02,2025-09-20T11:34:16.618Z,PID output = 0.33799999999997526,app,DEBUG,temperature_automation,2025-09-20 13:34:16.618,6.531944444444
Yeast Grow 4 Days,pioreactor02,2025-09-20T11:37:36.611Z,"features={'previous_heater_dc': 78.41, 'room_temp': 22.0, 'is_rpi_zero': False, 'volume': 14.0, 'time_series_of_temp': [55.854166666666664, 52.65625, 50.302083333333336, 48.333333333333336, 46.645833333333336, 45.1875, 43.916666666666664, 42.791666666666664, 41.791666666666664, 40.90625, 40.114583333333336, 39.385416666666664, 38.75, 38.177083333333336, 37.625, 37.135416666666664, 36.6875, 36.28125, 35.875, 35.5625, 35.208333333333336]}",app,DEBUG,temperature_automation,2025-09-20 13:37:36.611,6.5875
Yeast Grow 4 Days,pioreactor02,2025-09-20T11:37:36.619Z,PID output = -0.26000000000000373,app,DEBUG,temperature_automation,2025-09-20 13:37:36.619,6.5875
Yeast Grow 4 Days,pioreactor02,2025-09-20T11:40:56.612Z,"features={'previous_heater_dc': 78.15, 'room_temp': 22.0, 'is_rpi_zero': False, 'volume': 14.0, 'time_series_of_temp': [55.677083333333336, 52.510416666666664, 50.15625, 48.1875, 46.520833333333336, 45.052083333333336, 43.78125, 42.677083333333336, 41.677083333333336, 40.78125, 40.0, 39.291666666666664, 38.625, 38.0625, 37.5, 37.0, 36.5625, 36.177083333333336, 35.78125, 35.4375, 35.125]}",app,DEBUG,temperature_automation,2025-09-20 13:40:56.612,6.643055555556
Yeast Grow 4 Days,pioreactor02,2025-09-20T11:40:56.619Z,PID output = 1.6840000000000186,app,DEBUG,temperature_automation,2025-09-20 13:40:56.619,6.643055555556
Yeast Grow 4 Days,pioreactor02,2025-09-20T11:44:16.610Z,"features={'previous_heater_dc': 79.83, 'room_temp': 22.0, 'is_rpi_zero': False, 'volume': 14.0, 'time_series_of_temp': [56.125, 52.875, 50.46875, 48.479166666666664, 46.78125, 45.302083333333336, 44.010416666666664, 42.864583333333336, 41.854166666666664, 40.9375, 40.135416666666664, 39.416666666666664, 38.75, 38.1875, 37.614583333333336, 37.114583333333336, 36.666666666666664, 36.25, 35.875, 35.5, 35.145833333333336]}",app,DEBUG,temperature_automation,2025-09-20 13:44:16.610,6.698611111111
Yeast Grow 4 Days,pioreactor02,2025-09-20T11:44:16.618Z,PID output = -0.6380000000000108,app,DEBUG,temperature_automation,2025-09-20 13:44:16.618,6.698611111111
Yeast Grow 4 Days,pioreactor02,2025-09-20T11:47:36.611Z,"features={'previous_heater_dc': 79.19, 'room_temp': 22.0, 'is_rpi_zero': False, 'volume': 14.0, 'time_series_of_temp': [55.927083333333336, 52.71875, 50.322916666666664, 48.34375, 46.65625, 45.166666666666664, 43.90625, 42.770833333333336, 41.75, 40.854166666666664, 40.0625, 39.333333333333336, 38.6875, 38.09375, 37.5625, 37.0625, 36.625, 36.1875, 35.8125, 35.4375, 35.125]}",app,DEBUG,temperature_automation,2025-09-20 13:47:36.611,6.754166666667
Yeast Grow 4 Days,pioreactor02,2025-09-20T11:47:36.619Z,PID output = 0.41200000000000403,app,DEBUG,temperature_automation,2025-09-20 13:47:36.619,6.754166666667
Yeast Grow 4 Days,pioreactor02,2025-09-20T11:50:56.610Z,"features={'previous_heater_dc': 79.6, 'room_temp': 22.0, 'is_rpi_zero': False, 'volume': 14.0, 'time_series_of_temp': [56.010416666666664, 52.791666666666664, 50.40625, 48.40625, 46.697916666666664, 45.21875, 43.916666666666664, 42.78125, 41.75, 40.854166666666664, 40.0625, 39.322916666666664, 38.666666666666664, 38.072916666666664, 37.541666666666664, 37.03125, 36.583333333333336, 36.166666666666664, 35.770833333333336, 35.4375, 35.125]}",app,DEBUG,temperature_automation,2025-09-20 13:50:56.610,6.809722222222
Yeast Grow 4 Days,pioreactor02,2025-09-20T11:50:56.617Z,PID output = 3.205999999999987,app,DEBUG,temperature_automation,2025-09-20 13:50:56.617,6.809722222222
Yeast Grow 4 Days,pioreactor02,2025-09-20T11:54:16.611Z,"features={'previous_heater_dc': 82.81, 'room_temp': 22.0, 'is_rpi_zero': False, 'volume': 14.0, 'time_series_of_temp': [56.9375, 53.572916666666664, 51.09375, 49.03125, 47.260416666666664, 45.71875, 44.385416666666664, 43.208333333333336, 42.145833333333336, 41.21875, 40.375, 39.625, 38.947916666666664, 38.34375, 37.791666666666664, 37.28125, 36.8125, 36.375, 36.0, 35.625, 35.260416666666664]}",app,DEBUG,temperature_automation,2025-09-20 13:54:16.611,6.865277777778
Yeast Grow 4 Days,pioreactor02,2025-09-20T11:54:16.619Z,PID output = 0.3380000000000031,app,DEBUG,temperature_automation,2025-09-20 13:54:16.619,6.865277777778
Yeast Grow 4 Days,pioreactor02,2025-09-20T11:57:36.611Z,"features={'previous_heater_dc': 83.15, 'room_temp': 22.0, 'is_rpi_zero': False, 'volume': 14.0, 'time_series_of_temp': [57.125, 53.802083333333336, 51.302083333333336, 49.21875, 47.4375, 45.90625, 44.552083333333336, 43.354166666666664, 42.302083333333336, 41.375, 40.510416666666664, 39.760416666666664, 39.083333333333336, 38.46875, 37.885416666666664, 37.385416666666664, 36.916666666666664, 36.479166666666664, 36.072916666666664, 35.708333333333336, 35.375]}",app,DEBUG,temperature_automation,2025-09-20 13:57:36.611,6.920833333333
Yeast Grow 4 Days,pioreactor02,2025-09-20T11:57:36.619Z,PID output = 1.7279999999999944,app,DEBUG,temperature_automation,2025-09-20 13:57:36.619,6.920833333333
Yeast Grow 4 Days,pioreactor02,2025-09-20T12:00:56.610Z,"features={'previous_heater_dc': 84.88, 'room_temp': 22.0, 'is_rpi_zero': False, 'volume': 14.0, 'time_series_of_temp': [57.75, 54.3125, 51.75, 49.65625, 47.84375, 46.270833333333336, 44.885416666666664, 43.666666666666664, 42.604166666666664, 41.666666666666664, 40.791666666666664, 40.020833333333336, 39.333333333333336, 38.6875, 38.125, 37.625, 37.125, 36.6875, 36.302083333333336, 35.9375, 35.583333333333336]}",app,DEBUG,temperature_automation,2025-09-20 14:00:56.610,6.976388888889
Yeast Grow 4 Days,pioreactor02,2025-09-20T12:00:56.618Z,PID output = -0.0019999999999895657,app,DEBUG,temperature_automation,2025-09-20 14:00:56.618,6.976388888889
Yeast Grow 4 Days,pioreactor02,2025-09-20T12:04:16.611Z,"features={'previous_heater_dc': 84.88, 'room_temp': 22.0, 'is_rpi_zero': False, 'volume': 14.0, 'time_series_of_temp': [57.875, 54.4375, 51.895833333333336, 49.78125, 47.96875, 46.395833333333336, 45.020833333333336, 43.802083333333336, 42.729166666666664, 41.770833333333336, 40.90625, 40.15625, 39.447916666666664, 38.8125, 38.25, 37.697916666666664, 37.239583333333336, 36.8125, 36.385416666666664, 36.020833333333336, 35.677083333333336]}",app,DEBUG,temperature_automation,2025-09-20 14:04:16.611,7.031944444444
Yeast Grow 4 Days,pioreactor02,2025-09-20T12:04:16.618Z,PID output = -0.3000000000000134,app,DEBUG,temperature_automation,2025-09-20 14:04:16.618,7.031944444444
Yeast Grow 4 Days,pioreactor02,2025-09-20T12:07:36.612Z,"features={'previous_heater_dc': 84.58, 'room_temp': 22.0, 'is_rpi_zero': False, 'volume': 14.0, 'time_series_of_temp': [57.8125, 54.40625, 51.854166666666664, 49.760416666666664, 47.947916666666664, 46.375, 45.010416666666664, 43.802083333333336, 42.739583333333336, 41.770833333333336, 40.916666666666664, 40.166666666666664, 39.4375, 38.8125, 38.25, 37.729166666666664, 37.25, 36.8125, 36.385416666666664, 36.010416666666664, 35.6875]}",app,DEBUG,temperature_automation,2025-09-20 14:07:36.612,7.0875
Yeast Grow 4 Days,pioreactor02,2025-09-20T12:07:36.620Z,PID output = -0.18599999999999137,app,DEBUG,temperature_automation,2025-09-20 14:07:36.620,7.0875
Yeast Grow 4 Days,pioreactor02,2025-09-20T12:10:56.612Z,"features={'previous_heater_dc': 84.39, 'room_temp': 22.0, 'is_rpi_zero': False, 'volume': 14.0, 'time_series_of_temp': [57.8125, 54.385416666666664, 51.84375, 49.760416666666664, 47.958333333333336, 46.385416666666664, 45.020833333333336, 43.822916666666664, 42.75, 41.802083333333336, 40.9375, 40.177083333333336, 39.489583333333336, 38.84375, 38.260416666666664, 37.75, 37.291666666666664, 36.84375, 36.4375, 36.0625, 35.708333333333336]}",app,DEBUG,temperature_automation,2025-09-20 14:10:56.612,7.143055555556
Yeast Grow 4 Days,pioreactor02,2025-09-20T12:10:56.619Z,PID output = -0.7540000000000177,app,DEBUG,temperature_automation,2025-09-20 14:10:56.619,7.143055555556
Yeast Grow 4 Days,pioreactor02,2025-09-20T12:14:16.611Z,"features={'previous_heater_dc': 83.64, 'room_temp': 22.0, 'is_rpi_zero': False, 'volume': 14.0, 'time_series_of_temp': [57.625, 54.229166666666664, 51.708333333333336, 49.625, 47.84375, 46.28125, 44.927083333333336, 43.729166666666664, 42.677083333333336, 41.729166666666664, 40.875, 40.125, 39.4375, 38.791666666666664, 38.239583333333336, 37.697916666666664, 37.229166666666664, 36.8125, 36.375, 36.03125, 35.6875]}",app,DEBUG,temperature_automation,2025-09-20 14:14:16.611,7.198611111111
Yeast Grow 4 Days,pioreactor02,2025-09-20T12:14:16.619Z,PID output = -0.7319999999999935,app,DEBUG,temperature_automation,2025-09-20 14:14:16.619,7.198611111111
Yeast Grow 4 Days,pioreactor02,2025-09-20T12:17:36.611Z,"features={'previous_heater_dc': 82.91, 'room_temp': 22.0, 'is_rpi_zero': False, 'volume': 14.0, 'time_series_of_temp': [57.375, 54.010416666666664, 51.541666666666664, 49.458333333333336, 47.697916666666664, 46.15625, 44.8125, 43.614583333333336, 42.572916666666664, 41.635416666666664, 40.791666666666664, 40.052083333333336, 39.364583333333336, 38.739583333333336, 38.1875, 37.666666666666664, 37.1875, 36.75, 36.375, 36.0, 35.625]}",app,DEBUG,temperature_automation,2025-09-20 14:17:36.611,7.254166666667
Yeast Grow 4 Days,pioreactor02,2025-09-20T12:17:36.619Z,PID output = -0.29200000000001586,app,DEBUG,temperature_automation,2025-09-20 14:17:36.619,7.254166666667
Yeast Grow 4 Days,pioreactor02,2025-09-20T12:20:56.612Z,"features={'previous_heater_dc': 82.62, 'room_temp': 22.0, 'is_rpi_zero': False, 'volume': 14.0, 'time_series_of_temp': [57.3125, 53.9375, 51.458333333333336, 49.40625, 47.645833333333336, 46.104166666666664, 44.770833333333336, 43.583333333333336, 42.541666666666664, 41.614583333333336, 40.770833333333336, 40.020833333333336, 39.34375, 38.729166666666664, 38.1875, 37.635416666666664, 37.1875, 36.75, 36.364583333333336, 36.0, 35.65625]}",app,DEBUG,temperature_automation,2025-09-20 14:20:56.612,7.309722222222
Yeast Grow 4 Days,pioreactor02,2025-09-20T12:20:56.619Z,PID output = -0.8420000000000087,app,DEBUG,temperature_automation,2025-09-20 14:20:56.619,7.309722222222
Yeast Grow 4 Days,pioreactor02,2025-09-20T12:24:16.610Z,"features={'previous_heater_dc': 81.78, 'room_temp': 22.0, 'is_rpi_zero': False, 'volume': 14.0, 'time_series_of_temp': [57.020833333333336, 53.697916666666664, 51.239583333333336, 49.208333333333336, 47.458333333333336, 45.916666666666664, 44.59375, 43.416666666666664, 42.385416666666664, 41.458333333333336, 40.625, 39.885416666666664, 39.229166666666664, 38.625, 38.0625, 37.5625, 37.083333333333336, 36.666666666666664, 36.260416666666664, 35.916666666666664, 35.572916666666664]}",app,DEBUG,temperature_automation,2025-09-20 14:24:16.610,7.365277777778
Yeast Grow 4 Days,pioreactor02,2025-09-20T12:24:16.618Z,PID output = 0.2000000000000028,app,DEBUG,temperature_automation,2025-09-20 14:24:16.618,7.365277777778
Yeast Grow 4 Days,pioreactor02,2025-09-20T12:27:36.611Z,"features={'previous_heater_dc': 81.98, 'room_temp': 22.0, 'is_rpi_zero': False, 'volume': 14.0, 'time_series_of_temp': [57.072916666666664, 53.760416666666664, 51.291666666666664, 49.239583333333336, 47.479166666666664, 45.96875, 44.645833333333336, 43.489583333333336, 42.4375, 41.510416666666664, 40.6875, 39.9375, 39.25, 38.625, 38.083333333333336, 37.5625, 37.114583333333336, 36.6875, 36.302083333333336, 35.9375, 35.583333333333336]}",app,DEBUG,temperature_automation,2025-09-20 14:27:36.611,7.420833333333
Yeast Grow 4 Days,pioreactor02,2025-09-20T12:27:36.619Z,PID output = -0.1159999999999812,app,DEBUG,temperature_automation,2025-09-20 14:27:36.619,7.420833333333
Yeast Grow 4 Days,pioreactor02,2025-09-20T12:30:56.610Z,"features={'previous_heater_dc': 81.86, 'room_temp': 22.0, 'is_rpi_zero': False, 'volume': 14.0, 'time_series_of_temp': [57.0625, 53.729166666666664, 51.270833333333336, 49.21875, 47.479166666666664, 45.958333333333336, 44.635416666666664, 43.458333333333336, 42.416666666666664, 41.5, 40.666666666666664, 39.927083333333336, 39.25, 38.625, 38.072916666666664, 37.5625, 37.104166666666664, 36.6875, 36.291666666666664, 35.9375, 35.5625]}",app,DEBUG,temperature_automation,2025-09-20 14:30:56.610,7.476388888889
Yeast Grow 4 Days,pioreactor02,2025-09-20T12:30:56.618Z,PID output = -0.8560000000000201,app,DEBUG,temperature_automation,2025-09-20 14:30:56.618,7.476388888889
Yeast Grow 4 Days,pioreactor02,2025-09-20T12:34:16.613Z,"features={'previous_heater_dc': 81.0, 'room_temp': 22.0, 'is_rpi_zero': False, 'volume': 14.0, 'time_series_of_temp': [56.739583333333336, 53.458333333333336, 51.010416666666664, 48.989583333333336, 47.25, 45.739583333333336, 44.427083333333336, 43.270833333333336, 42.21875, 41.3125, 40.5, 39.75, 39.09375, 38.5, 37.9375, 37.4375, 36.958333333333336, 36.5625, 36.145833333333336, 35.791666666666664, 35.458333333333336]}",app,DEBUG,temperature_automation,2025-09-20 14:34:16.613,7.531944444444
Yeast Grow 4 Days,pioreactor02,2025-09-20T12:34:16.620Z,PID output = 0.13399999999998324,app,DEBUG,temperature_automation,2025-09-20 14:34:16.620,7.531944444444
Yeast Grow 4 Days,pioreactor02,2025-09-20T12:37:36.610Z,"features={'previous_heater_dc': 81.13, 'room_temp': 22.0, 'is_rpi_zero': False, 'volume': 14.0, 'time_series_of_temp': [56.6875, 53.40625, 50.958333333333336, 48.927083333333336, 47.1875, 45.666666666666664, 44.364583333333336, 43.1875, 42.15625, 41.239583333333336, 40.40625, 39.677083333333336, 39.0, 38.395833333333336, 37.822916666666664, 37.3125, 36.875, 36.4375, 36.0625, 35.6875, 35.34375]}",app,DEBUG,temperature_automation,2025-09-20 14:37:36.610,7.5875
Yeast Grow 4 Days,pioreactor02,2025-09-20T12:37:36.618Z,PID output = 1.5660000000000167,app,DEBUG,temperature_automation,2025-09-20 14:37:36.618,7.5875
Yeast Grow 4 Days,pioreactor02,2025-09-20T12:40:56.612Z,"features={'previous_heater_dc': 82.7, 'room_temp': 22.0, 'is_rpi_zero': False, 'volume': 14.0, 'time_series_of_temp': [57.0625, 53.708333333333336, 51.229166666666664, 49.15625, 47.395833333333336, 45.84375, 44.510416666666664, 43.333333333333336, 42.270833333333336, 41.34375, 40.5, 39.739583333333336, 39.0625, 38.4375, 37.875, 37.375, 36.885416666666664, 36.479166666666664, 36.0625, 35.708333333333336, 35.364583333333336]}",app,DEBUG,temperature_automation,2025-09-20 14:40:56.612,7.643055555556
Yeast Grow 4 Days,pioreactor02,2025-09-20T12:40:56.619Z,PID output = 1.4959999999999902,app,DEBUG,temperature_automation,2025-09-20 14:40:56.619,7.643055555556
Yeast Grow 4 Days,pioreactor02,2025-09-20T12:44:16.611Z,"features={'previous_heater_dc': 84.2, 'room_temp': 22.0, 'is_rpi_zero': False, 'volume': 14.0, 'time_series_of_temp': [57.46875, 54.0625, 51.53125, 49.4375, 47.645833333333336, 46.072916666666664, 44.708333333333336, 43.5, 42.447916666666664, 41.479166666666664, 40.614583333333336, 39.875, 39.177083333333336, 38.541666666666664, 37.989583333333336, 37.447916666666664, 36.96875, 36.53125, 36.125, 35.75, 35.40625]}",app,DEBUG,temperature_automation,2025-09-20 14:44:16.611,7.698611111111
Yeast Grow 4 Days,pioreactor02,2025-09-20T12:44:16.619Z,PID output = 0.8059999999999967,app,DEBUG,temperature_automation,2025-09-20 14:44:16.619,7.698611111111
Yeast Grow 4 Days,pioreactor02,2025-09-20T12:47:36.612Z,"features={'previous_heater_dc': 85.01, 'room_temp': 22.0, 'is_rpi_zero': False, 'volume': 14.0, 'time_series_of_temp': [57.739583333333336, 54.28125, 51.729166666666664, 49.604166666666664, 47.791666666666664, 46.21875, 44.84375, 43.625, 42.541666666666664, 41.59375, 40.71875, 39.947916666666664, 39.25, 38.625, 38.052083333333336, 37.520833333333336, 37.03125, 36.604166666666664, 36.1875, 35.8125, 35.489583333333336]}",app,DEBUG,temperature_automation,2025-09-20 14:47:36.612,7.754166666667
Yeast Grow 4 Days,pioreactor02,2025-09-20T12:47:36.620Z,PID output = 1.022000000000005,app,DEBUG,temperature_automation,2025-09-20 14:47:36.620,7.754166666667
Yeast Grow 4 Days,pioreactor02,2025-09-20T12:50:56.611Z,"features={'previous_heater_dc': 86.03, 'room_temp': 22.0, 'is_rpi_zero': False, 'volume': 14.0, 'time_series_of_temp': [58.0625, 54.583333333333336, 51.989583333333336, 49.854166666666664, 48.020833333333336, 46.416666666666664, 45.041666666666664, 43.802083333333336, 42.71875, 41.75, 40.875, 40.09375, 39.40625, 38.75, 38.177083333333336, 37.625, 37.125, 36.6875, 36.291666666666664, 35.927083333333336, 35.552083333333336]}",app,DEBUG,temperature_automation,2025-09-20 14:50:56.611,7.809722222222
Yeast Grow 4 Days,pioreactor02,2025-09-20T12:50:56.619Z,PID output = 0.09200000000000375,app,DEBUG,temperature_automation,2025-09-20 14:50:56.619,7.809722222222
Yeast Grow 4 Days,pioreactor02,2025-09-20T12:54:16.609Z,"features={'previous_heater_dc': 86.12, 'room_temp': 22.0, 'is_rpi_zero': False, 'volume': 14.0, 'time_series_of_temp': [58.15625, 54.677083333333336, 52.09375, 49.958333333333336, 48.09375, 46.510416666666664, 45.114583333333336, 43.885416666666664, 42.802083333333336, 41.822916666666664, 40.96875, 40.197916666666664, 39.5, 38.822916666666664, 38.260416666666664, 37.739583333333336, 37.25, 36.8125, 36.375, 36.0, 35.645833333333336]}",app,DEBUG,temperature_automation,2025-09-20 14:54:16.609,7.865277777778
Yeast Grow 4 Days,pioreactor02,2025-09-20T12:54:16.617Z,PID output = -0.19399999999999473,app,DEBUG,temperature_automation,2025-09-20 14:54:16.617,7.865277777778
Yeast Grow 4 Days,pioreactor02,2025-09-20T12:57:36.611Z,"features={'previous_heater_dc': 85.93, 'room_temp': 22.0, 'is_rpi_zero': False, 'volume': 14.0, 'time_series_of_temp': [58.15625, 54.6875, 52.104166666666664, 49.958333333333336, 48.114583333333336, 46.541666666666664, 45.135416666666664, 43.916666666666664, 42.833333333333336, 41.864583333333336, 41.0, 40.229166666666664, 39.510416666666664, 38.875, 38.3125, 37.760416666666664, 37.291666666666664, 36.854166666666664, 36.4375, 36.0625, 35.6875]}",app,DEBUG,temperature_automation,2025-09-20 14:57:36.611,7.920833333333
Yeast Grow 4 Days,pioreactor02,2025-09-20T12:57:36.618Z,PID output = -0.04800000000000251,app,DEBUG,temperature_automation,2025-09-20 14:57:36.618,7.920833333333
Yeast Grow 4 Days,pioreactor02,2025-09-20T13:00:56.612Z,"features={'previous_heater_dc': 85.88, 'room_temp': 22.0, 'is_rpi_zero': False, 'volume': 14.0, 'time_series_of_temp': [58.239583333333336, 54.75, 52.166666666666664, 50.041666666666664, 48.197916666666664, 46.625, 45.21875, 44.0, 42.916666666666664, 41.9375, 41.072916666666664, 40.302083333333336, 39.604166666666664, 38.958333333333336, 38.375, 37.84375, 37.364583333333336, 36.90625, 36.5, 36.125, 35.760416666666664]}",app,DEBUG,temperature_automation,2025-09-20 15:00:56.612,7.976388888889
Yeast Grow 4 Days,pioreactor02,2025-09-20T13:00:56.620Z,PID output = -0.9700000000000258,app,DEBUG,temperature_automation,2025-09-20 15:00:56.620,7.976388888889
Yeast Grow 4 Days,pioreactor02,2025-09-20T13:04:16.611Z,"features={'previous_heater_dc': 84.91, 'room_temp': 22.0, 'is_rpi_zero': False, 'volume': 14.0, 'time_series_of_temp': [58.0, 54.572916666666664, 52.010416666666664, 49.895833333333336, 48.083333333333336, 46.510416666666664, 45.135416666666664, 43.927083333333336, 42.84375, 41.885416666666664, 41.041666666666664, 40.260416666666664, 39.5625, 38.9375, 38.375, 37.833333333333336, 37.364583333333336, 36.916666666666664, 36.5, 36.125, 35.75]}",app,DEBUG,temperature_automation,2025-09-20 15:04:16.611,8.031944444444
Yeast Grow 4 Days,pioreactor02,2025-09-20T13:04:16.619Z,PID output = -1.3859999999999841,app,DEBUG,temperature_automation,2025-09-20 15:04:16.619,8.031944444444
Yeast Grow 4 Days,pioreactor02,2025-09-20T13:07:36.611Z,"features={'previous_heater_dc': 83.52, 'room_temp': 22.0, 'is_rpi_zero': False, 'volume': 14.0, 'time_series_of_temp': [57.625, 54.21875, 51.697916666666664, 49.614583333333336, 47.84375, 46.28125, 44.9375, 43.729166666666664, 42.677083333333336, 41.697916666666664, 40.875, 40.114583333333336, 39.4375, 38.8125, 38.25, 37.71875, 37.25, 36.8125, 36.40625, 36.041666666666664, 35.6875]}",app,DEBUG,temperature_automation,2025-09-20 15:07:36.611,8.0875
Yeast Grow 4 Days,pioreactor02,2025-09-20T13:07:36.618Z,PID output = -0.3620000000000062,app,DEBUG,temperature_automation,2025-09-20 15:07:36.618,8.0875
Yeast Grow 4 Days,pioreactor02,2025-09-20T13:10:56.614Z,"features={'previous_heater_dc': 83.16, 'room_temp': 22.0, 'is_rpi_zero': False, 'volume': 14.0, 'time_series_of_temp': [57.4375, 54.072916666666664, 51.572916666666664, 49.5, 47.71875, 46.166666666666664, 44.833333333333336, 43.635416666666664, 42.583333333333336, 41.635416666666664, 40.802083333333336, 40.03125, 39.375, 38.739583333333336, 38.177083333333336, 37.645833333333336, 37.1875, 36.75, 36.354166666666664, 35.989583333333336, 35.625]}",app,DEBUG,temperature_automation,2025-09-20 15:10:56.614,8.143055555556
Yeast Grow 4 Days,pioreactor02,2025-09-20T13:10:56.622Z,PID output = 0.2459999999999936,app,DEBUG,temperature_automation,2025-09-20 15:10:56.622,8.143055555556
Yeast Grow 4 Days,pioreactor02,2025-09-20T13:14:16.611Z,"features={'previous_heater_dc': 83.41, 'room_temp': 22.0, 'is_rpi_zero': False, 'volume': 14.0, 'time_series_of_temp': [57.489583333333336, 54.104166666666664, 51.583333333333336, 49.510416666666664, 47.71875, 46.166666666666664, 44.822916666666664, 43.625, 42.572916666666664, 41.635416666666664, 40.791666666666664, 40.03125, 39.364583333333336, 38.6875, 38.15625, 37.625, 37.15625, 36.729166666666664, 36.3125, 35.9375, 35.604166666666664]}",app,DEBUG,temperature_automation,2025-09-20 15:14:16.611,8.198611111111
Yeast Grow 4 Days,pioreactor02,2025-09-20T13:14:16.619Z,PID output = -0.5479999999999976,app,DEBUG,temperature_automation,2025-09-20 15:14:16.619,8.198611111111
Yeast Grow 4 Days,pioreactor02,2025-09-20T13:17:36.611Z,"features={'previous_heater_dc': 82.86, 'room_temp': 22.0, 'is_rpi_zero': False, 'volume': 14.0, 'time_series_of_temp': [57.3125, 53.947916666666664, 51.458333333333336, 49.395833333333336, 47.625, 46.09375, 44.75, 43.5625, 42.510416666666664, 41.572916666666664, 40.729166666666664, 39.989583333333336, 39.302083333333336, 38.677083333333336, 38.125, 37.604166666666664, 37.125, 36.6875, 36.3125, 35.9375, 35.572916666666664]}",app,DEBUG,temperature_automation,2025-09-20 15:17:36.611,8.254166666667
Yeast Grow 4 Days,pioreactor02,2025-09-20T13:17:36.620Z,PID output = -0.07600000000000767,app,DEBUG,temperature_automation,2025-09-20 15:17:36.620,8.254166666667
Yeast Grow 4 Days,pioreactor02,2025-09-20T13:20:56.611Z,"features={'previous_heater_dc': 82.78, 'room_temp': 22.0, 'is_rpi_zero': False, 'volume': 14.0, 'time_series_of_temp': [57.291666666666664, 53.90625, 51.427083333333336, 49.364583333333336, 47.59375, 46.0625, 44.71875, 43.520833333333336, 42.46875, 41.552083333333336, 40.697916666666664, 39.9375, 39.28125, 38.635416666666664, 38.104166666666664, 37.5625, 37.09375, 36.6875, 36.260416666666664, 35.885416666666664, 35.5625]}",app,DEBUG,temperature_automation,2025-09-20 15:20:56.611,8.309722222222
Yeast Grow 4 Days,pioreactor02,2025-09-20T13:20:56.619Z,PID output = -0.043999999999995515,app,DEBUG,temperature_automation,2025-09-20 15:20:56.619,8.309722222222
Yeast Grow 4 Days,pioreactor02,2025-09-20T13:24:16.611Z,"features={'previous_heater_dc': 82.74, 'room_temp': 22.0, 'is_rpi_zero': False, 'volume': 14.0, 'time_series_of_temp': [57.25, 53.875, 51.395833333333336, 49.322916666666664, 47.5625, 46.020833333333336, 44.677083333333336, 43.5, 42.4375, 41.489583333333336, 40.645833333333336, 39.895833333333336, 39.208333333333336, 38.614583333333336, 38.0625, 37.510416666666664, 37.0625, 36.625, 36.239583333333336, 35.875, 35.5]}",app,DEBUG,temperature_automation,2025-09-20 15:24:16.611,8.365277777778
Yeast Grow 4 Days,pioreactor02,2025-09-20T13:24:16.619Z,PID output = 0.6820000000000064,app,DEBUG,temperature_automation,2025-09-20 15:24:16.619,8.365277777778
Yeast Grow 4 Days,pioreactor02,2025-09-20T13:27:36.612Z,"features={'previous_heater_dc': 83.42, 'room_temp': 22.0, 'is_rpi_zero': False, 'volume': 14.0, 'time_series_of_temp': [57.395833333333336, 54.010416666666664, 51.5, 49.416666666666664, 47.645833333333336, 46.09375, 44.75, 43.541666666666664, 42.46875, 41.541666666666664, 40.6875, 39.9375, 39.260416666666664, 38.625, 38.0625, 37.5625, 37.0625, 36.625, 36.25, 35.875, 35.520833333333336]}",app,DEBUG,temperature_automation,2025-09-20 15:27:36.612,8.420833333333
Yeast Grow 4 Days,pioreactor02,2025-09-20T13:27:36.621Z,PID output = 0.6340000000000039,app,DEBUG,temperature_automation,2025-09-20 15:27:36.621,8.420833333333
Yeast Grow 4 Days,pioreactor02,2025-09-20T13:30:56.611Z,"features={'previous_heater_dc': 84.05, 'room_temp': 22.0, 'is_rpi_zero': False, 'volume': 14.0, 'time_series_of_temp': [57.5625, 54.177083333333336, 51.635416666666664, 49.5625, 47.760416666666664, 46.197916666666664, 44.833333333333336, 43.625, 42.5625, 41.625, 40.739583333333336, 40.0, 39.3125, 38.677083333333336, 38.114583333333336, 37.5625, 37.114583333333336, 36.677083333333336, 36.25, 35.875, 35.5625]}",app,DEBUG,temperature_automation,2025-09-20 15:30:56.611,8.476388888889
Yeast Grow 4 Days,pioreactor02,2025-09-20T13:30:56.619Z,PID output = 1.0319999999999871,app,DEBUG,temperature_automation,2025-09-20 15:30:56.619,8.476388888889
Yeast Grow 4 Days,pioreactor02,2025-09-20T13:34:16.610Z,"features={'previous_heater_dc': 85.08, 'room_temp': 22.0, 'is_rpi_zero': False, 'volume': 14.0, 'time_series_of_temp': [57.875, 54.427083333333336, 51.875, 49.75, 47.947916666666664, 46.364583333333336, 44.96875, 43.770833333333336, 42.677083333333336, 41.729166666666664, 40.864583333333336, 40.09375, 39.40625, 38.760416666666664, 38.1875, 37.677083333333336, 37.1875, 36.75, 36.354166666666664, 35.989583333333336, 35.625]}",app,DEBUG,temperature_automation,2025-09-20 15:34:16.610,8.531944444444
Yeast Grow 4 Days,pioreactor02,2025-09-20T13:34:16.618Z,PID output = 0.715999999999994,app,DEBUG,temperature_automation,2025-09-20 15:34:16.618,8.531944444444
Yeast Grow 4 Days,pioreactor02,2025-09-20T13:37:36.612Z,"features={'previous_heater_dc': 85.8, 'room_temp': 22.0, 'is_rpi_zero': False, 'volume': 14.0, 'time_series_of_temp': [58.125, 54.65625, 52.052083333333336, 49.9375, 48.09375, 46.520833333333336, 45.125, 43.875, 42.802083333333336, 41.822916666666664, 40.96875, 40.197916666666664, 39.489583333333336, 38.854166666666664, 38.25, 37.739583333333336, 37.25, 36.8125, 36.40625, 36.020833333333336, 35.666666666666664]}",app,DEBUG,temperature_automation,2025-09-20 15:37:36.612,8.5875
Yeast Grow 4 Days,pioreactor02,2025-09-20T13:37:36.619Z,PID output = 0.12000000000001948,app,DEBUG,temperature_automation,2025-09-20 15:37:36.619,8.5875
Yeast Grow 4 Days,pioreactor02,2025-09-20T13:40:56.615Z,"features={'previous_heater_dc': 85.92, 'room_temp': 22.0, 'is_rpi_zero': False, 'volume': 14.0, 'time_series_of_temp': [58.1875, 54.71875, 52.135416666666664, 50.0, 48.15625, 46.583333333333336, 45.1875, 43.96875, 42.875, 41.90625, 41.041666666666664, 40.25, 39.5625, 38.90625, 38.322916666666664, 37.791666666666664, 37.302083333333336, 36.864583333333336, 36.4375, 36.0625, 35.708333333333336]}",app,DEBUG,temperature_automation,2025-09-20 15:40:56.615,8.643055555556
Yeast Grow 4 Days,pioreactor02,2025-09-20T13:40:56.624Z,PID output = -0.6380000000000108,app,DEBUG,temperature_automation,2025-09-20 15:40:56.624,8.643055555556
Yeast Grow 4 Days,pioreactor02,2025-09-20T13:44:16.613Z,"features={'previous_heater_dc': 85.28, 'room_temp': 22.0, 'is_rpi_zero': False, 'volume': 14.0, 'time_series_of_temp': [58.052083333333336, 54.59375, 52.03125, 49.90625, 48.083333333333336, 46.5, 45.125, 43.885416666666664, 42.822916666666664, 41.864583333333336, 41.0, 40.21875, 39.510416666666664, 38.875, 38.3125, 37.78125, 37.302083333333336, 36.864583333333336, 36.447916666666664, 36.0625, 35.739583333333336]}",app,DEBUG,temperature_automation,2025-09-20 15:44:16.613,8.698611111111
Yeast Grow 4 Days,pioreactor02,2025-09-20T13:44:16.620Z,PID output = 0.48399999999998966,app,DEBUG,temperature_automation,2025-09-20 15:44:16.620,8.698611111111
Yeast Grow 4 Days,pioreactor02,2025-09-20T13:47:36.612Z,"features={'previous_heater_dc': 85.76, 'room_temp': 22.0, 'is_rpi_zero': False, 'volume': 14.0, 'time_series_of_temp': [58.1875, 54.71875, 52.135416666666664, 50.010416666666664, 48.177083333333336, 46.604166666666664, 45.208333333333336, 43.979166666666664, 42.885416666666664, 41.927083333333336, 41.0625, 40.270833333333336, 39.5625, 38.9375, 38.364583333333336, 37.822916666666664, 37.364583333333336, 36.875, 36.489583333333336, 36.125, 35.75]}",app,DEBUG,temperature_automation,2025-09-20 15:47:36.612,8.754166666667
Yeast Grow 4 Days,pioreactor02,2025-09-20T13:47:36.619Z,PID output = 0.1360000000000099,app,DEBUG,temperature_automation,2025-09-20 15:47:36.619,8.754166666667
Yeast Grow 4 Days,pioreactor02,2025-09-20T13:50:56.610Z,"features={'previous_heater_dc': 85.9, 'room_temp': 22.0, 'is_rpi_zero': False, 'volume': 14.0, 'time_series_of_temp': [58.28125, 54.8125, 52.21875, 50.072916666666664, 48.239583333333336, 46.645833333333336, 45.270833333333336, 44.03125, 42.947916666666664, 41.96875, 41.104166666666664, 40.3125, 39.614583333333336, 38.96875, 38.385416666666664, 37.84375, 37.375, 36.9375, 36.5, 36.125, 35.760416666666664]}",app,DEBUG,temperature_automation,2025-09-20 15:50:56.610,8.809722222222
Yeast Grow 4 Days,pioreactor02,2025-09-20T13:50:56.618Z,PID output = -0.7540000000000177,app,DEBUG,temperature_automation,2025-09-20 15:50:56.618,8.809722222222
Yeast Grow 4 Days,pioreactor02,2025-09-20T13:54:16.612Z,"features={'previous_heater_dc': 85.15, 'room_temp': 22.0, 'is_rpi_zero': False, 'volume': 14.0, 'time_series_of_temp': [58.0625, 54.604166666666664, 52.052083333333336, 49.916666666666664, 48.09375, 46.520833333333336, 45.135416666666664, 43.916666666666664, 42.833333333333336, 41.864583333333336, 41.03125, 40.25, 39.541666666666664, 38.90625, 38.3125, 37.8125, 37.3125, 36.875, 36.458333333333336, 36.0625, 35.75]}",app,DEBUG,temperature_automation,2025-09-20 15:54:16.612,8.865277777778
Yeast Grow 4 Days,pioreactor02,2025-09-20T13:54:16.620Z,PID output = -0.0839999999999691,app,DEBUG,temperature_automation,2025-09-20 15:54:16.620,8.865277777778
Yeast Grow 4 Days,pioreactor02,2025-09-20T13:57:36.612Z,"features={'previous_heater_dc': 85.07, 'room_temp': 22.0, 'is_rpi_zero': False, 'volume': 14.0, 'time_series_of_temp': [58.0, 54.541666666666664, 51.989583333333336, 49.854166666666664, 48.03125, 46.458333333333336, 45.072916666666664, 43.864583333333336, 42.78125, 41.8125, 40.958333333333336, 40.1875, 39.5, 38.875, 38.28125, 37.75, 37.270833333333336, 36.854166666666664, 36.4375, 36.0625, 35.6875]}",app,DEBUG,temperature_automation,2025-09-20 15:57:36.612,8.920833333333
Yeast Grow 4 Days,pioreactor02,2025-09-20T13:57:36.619Z,PID output = -0.20200000000002943,app,DEBUG,temperature_automation,2025-09-20 15:57:36.619,8.920833333333
Yeast Grow 4 Days,pioreactor02,2025-09-20T14:00:56.610Z,"features={'previous_heater_dc': 84.87, 'room_temp': 22.0, 'is_rpi_zero': False, 'volume': 14.0, 'time_series_of_temp': [57.9375, 54.510416666666664, 51.96875, 49.84375, 48.020833333333336, 46.458333333333336, 45.072916666666664, 43.875, 42.802083333333336, 41.833333333333336, 40.989583333333336, 40.208333333333336, 39.53125, 38.875, 38.3125, 37.791666666666664, 37.3125, 36.864583333333336, 36.447916666666664, 36.072916666666664, 35.739583333333336]}",app,DEBUG,temperature_automation,2025-09-20 16:00:56.610,8.976388888889
Yeast Grow 4 Days,pioreactor02,2025-09-20T14:00:56.618Z,PID output = -0.1560000000000059,app,DEBUG,temperature_automation,2025-09-20 16:00:56.618,8.976388888889
Yeast Grow 4 Days,pioreactor02,2025-09-20T14:04:16.610Z,"features={'previous_heater_dc': 84.71, 'room_temp': 22.0, 'is_rpi_zero': False, 'volume': 14.0, 'time_series_of_temp': [57.9375, 54.5, 51.947916666666664, 49.84375, 48.020833333333336, 46.458333333333336, 45.09375, 43.864583333333336, 42.791666666666664, 41.84375, 41.0, 40.21875, 39.520833333333336, 38.875, 38.3125, 37.78125, 37.3125, 36.875, 36.447916666666664, 36.09375, 35.75]}",app,DEBUG,temperature_automation,2025-09-20 16:04:16.610,9.031944444444
Yeast Grow 4 Days,pioreactor02,2025-09-20T14:04:16.617Z,PID output = -0.011999999999983413,app,DEBUG,temperature_automation,2025-09-20 16:04:16.617,9.031944444444
Yeast Grow 4 Days,pioreactor02,2025-09-20T14:07:36.610Z,"features={'previous_heater_dc': 84.7, 'room_temp': 22.0, 'is_rpi_zero': False, 'volume': 14.0, 'time_series_of_temp': [57.9375, 54.520833333333336, 51.958333333333336, 49.854166666666664, 48.041666666666664, 46.479166666666664, 45.09375, 43.875, 42.822916666666664, 41.854166666666664, 41.0, 40.239583333333336, 39.541666666666664, 38.90625, 38.333333333333336, 37.8125, 37.3125, 36.875, 36.489583333333336, 36.125, 35.75]}",app,DEBUG,temperature_automation,2025-09-20 16:07:36.610,9.0875
Yeast Grow 4 Days,pioreactor02,2025-09-20T14:07:36.618Z,PID output = -0.4640000000000285,app,DEBUG,temperature_automation,2025-09-20 16:07:36.618,9.0875
Yeast Grow 4 Days,pioreactor02,2025-09-20T14:10:56.612Z,"features={'previous_heater_dc': 84.24, 'room_temp': 22.0, 'is_rpi_zero': False, 'volume': 14.0, 'time_series_of_temp': [57.822916666666664, 54.416666666666664, 51.875, 49.78125, 47.979166666666664, 46.40625, 45.03125, 43.833333333333336, 42.770833333333336, 41.8125, 40.96875, 40.208333333333336, 39.510416666666664, 38.875, 38.302083333333336, 37.802083333333336, 37.3125, 36.875, 36.447916666666664, 36.083333333333336, 35.75]}",app,DEBUG,temperature_automation,2025-09-20 16:10:56.612,9.143055555556
Yeast Grow 4 Days,pioreactor02,2025-09-20T14:10:56.620Z,PID output = -0.5939999999999884,app,DEBUG,temperature_automation,2025-09-20 16:10:56.620,9.143055555556
Yeast Grow 4 Days,pioreactor02,2025-09-20T14:14:16.610Z,"features={'previous_heater_dc': 83.65, 'room_temp': 22.0, 'is_rpi_zero': False, 'volume': 14.0, 'time_series_of_temp': [57.625, 54.25, 51.729166666666664, 49.645833333333336, 47.84375, 46.28125, 44.947916666666664, 43.729166666666664, 42.677083333333336, 41.729166666666664, 40.875, 40.125, 39.4375, 38.8125, 38.208333333333336, 37.697916666666664, 37.25, 36.8125, 36.416666666666664, 36.0625, 35.6875]}",app,DEBUG,temperature_automation,2025-09-20 16:14:16.610,9.198611111111
Yeast Grow 4 Days,pioreactor02,2025-09-20T14:14:16.618Z,PID output = 0.9319999999999964,app,DEBUG,temperature_automation,2025-09-20 16:14:16.618,9.198611111111
Yeast Grow 4 Days,pioreactor02,2025-09-20T14:17:36.612Z,"features={'previous_heater_dc': 84.58, 'room_temp': 22.0, 'is_rpi_zero': False, 'volume': 14.0, 'time_series_of_temp': [57.875, 54.479166666666664, 51.916666666666664, 49.822916666666664, 48.0, 46.427083333333336, 45.0625, 43.864583333333336, 42.791666666666664, 41.822916666666664, 40.979166666666664, 40.208333333333336, 39.5, 38.875, 38.3125, 37.802083333333336, 37.3125, 36.875, 36.46875, 36.09375, 35.75]}",app,DEBUG,temperature_automation,2025-09-20 16:17:36.612,9.254166666667
Yeast Grow 4 Days,pioreactor02,2025-09-20T14:17:36.619Z,PID output = -0.18399999999999606,app,DEBUG,temperature_automation,2025-09-20 16:17:36.619,9.254166666667
Yeast Grow 4 Days,pioreactor02,2025-09-20T14:20:56.611Z,"features={'previous_heater_dc': 84.4, 'room_temp': 22.0, 'is_rpi_zero': False, 'volume': 14.0, 'time_series_of_temp': [57.875, 54.427083333333336, 51.90625, 49.791666666666664, 47.96875, 46.416666666666664, 45.041666666666664, 43.833333333333336, 42.78125, 41.802083333333336, 40.96875, 40.208333333333336, 39.5, 38.875, 38.302083333333336, 37.770833333333336, 37.302083333333336, 36.875, 36.4375, 36.0625, 35.75]}",app,DEBUG,temperature_automation,2025-09-20 16:20:56.611,9.309722222222
Yeast Grow 4 Days,pioreactor02,2025-09-20T14:20:56.618Z,PID output = -1.1519999999999753,app,DEBUG,temperature_automation,2025-09-20 16:20:56.618,9.309722222222
Yeast Grow 4 Days,pioreactor02,2025-09-20T14:24:16.611Z,"features={'previous_heater_dc': 83.25, 'room_temp': 22.0, 'is_rpi_zero': False, 'volume': 14.0, 'time_series_of_temp': [57.5, 54.125, 51.614583333333336, 49.541666666666664, 47.770833333333336, 46.229166666666664, 44.885416666666664, 43.677083333333336, 42.614583333333336, 41.6875, 40.822916666666664, 40.083333333333336, 39.40625, 38.760416666666664, 38.208333333333336, 37.6875, 37.239583333333336, 36.8125, 36.385416666666664, 36.010416666666664, 35.6875]}",app,DEBUG,temperature_automation,2025-09-20 16:24:16.611,9.365277777778
Yeast Grow 4 Days,pioreactor02,2025-09-20T14:24:16.619Z,PID output = 0.519999999999976,app,DEBUG,temperature_automation,2025-09-20 16:24:16.619,9.365277777778
Yeast Grow 4 Days,pioreactor02,2025-09-20T14:27:36.610Z,"features={'previous_heater_dc': 83.77, 'room_temp': 22.0, 'is_rpi_zero': False, 'volume': 14.0, 'time_series_of_temp': [57.625, 54.25, 51.697916666666664, 49.625, 47.822916666666664, 46.270833333333336, 44.916666666666664, 43.708333333333336, 42.65625, 41.6875, 40.875, 40.0625, 39.385416666666664, 38.760416666666664, 38.1875, 37.6875, 37.197916666666664, 36.75, 36.364583333333336, 36.0, 35.625]}",app,DEBUG,temperature_automation,2025-09-20 16:27:36.610,9.420833333333
Yeast Grow 4 Days,pioreactor02,2025-09-20T14:27:36.618Z,PID output = 0.06600000000001954,app,DEBUG,temperature_automation,2025-09-20 16:27:36.618,9.420833333333
Yeast Grow 4 Days,pioreactor02,2025-09-20T14:30:56.610Z,"features={'previous_heater_dc': 83.84, 'room_temp': 22.0, 'is_rpi_zero': False, 'volume': 14.0, 'time_series_of_temp': [57.625, 54.21875, 51.6875, 49.614583333333336, 47.8125, 46.260416666666664, 44.90625, 43.697916666666664, 42.635416666666664, 41.6875, 40.833333333333336, 40.0625, 39.375, 38.75, 38.1875, 37.666666666666664, 37.1875, 36.75, 36.34375, 35.989583333333336, 35.625]}",app,DEBUG,temperature_automation,2025-09-20 16:30:56.610,9.476388888889
Yeast Grow 4 Days,pioreactor02,2025-09-20T14:30:56.618Z,PID output = 0.11800000000000209,app,DEBUG,temperature_automation,2025-09-20 16:30:56.618,9.476388888889
Yeast Grow 4 Days,pioreactor02,2025-09-20T14:34:16.611Z,"features={'previous_heater_dc': 83.96, 'room_temp': 22.0, 'is_rpi_zero': False, 'volume': 14.0, 'time_series_of_temp': [57.625, 54.239583333333336, 51.708333333333336, 49.614583333333336, 47.833333333333336, 46.260416666666664, 44.90625, 43.6875, 42.625, 41.677083333333336, 40.8125, 40.0625, 39.375, 38.729166666666664, 38.166666666666664, 37.625, 37.15625, 36.71875, 36.3125, 35.9375, 35.614583333333336]}",app,DEBUG,temperature_automation,2025-09-20 16:34:16.611,9.531944444444
Yeast Grow 4 Days,pioreactor02,2025-09-20T14:34:16.618Z,PID output = 1.2499999999999907,app,DEBUG,temperature_automation,2025-09-20 16:34:16.618,9.531944444444
Yeast Grow 4 Days,pioreactor02,2025-09-20T14:37:36.613Z,"features={'previous_heater_dc': 85.21, 'room_temp': 22.0, 'is_rpi_zero': False, 'volume': 14.0, 'time_series_of_temp': [58.0, 54.583333333333336, 52.010416666666664, 49.916666666666664, 48.083333333333336, 46.510416666666664, 45.125, 43.90625, 42.822916666666664, 41.864583333333336, 41.010416666666664, 40.229166666666664, 39.520833333333336, 38.875, 38.3125, 37.770833333333336, 37.302083333333336, 36.875, 36.4375, 36.0625, 35.708333333333336]}",app,DEBUG,temperature_automation,2025-09-20 16:37:36.613,9.5875
Yeast Grow 4 Days,pioreactor02,2025-09-20T14:37:36.621Z,PID output = 0.25199999999999106,app,DEBUG,temperature_automation,2025-09-20 16:37:36.621,9.5875
Yeast Grow 4 Days,pioreactor02,2025-09-20T14:40:56.609Z,"features={'previous_heater_dc': 85.46, 'room_temp': 22.0, 'is_rpi_zero': False, 'volume': 14.0, 'time_series_of_temp': [58.125, 54.677083333333336, 52.104166666666664, 49.96875, 48.145833333333336, 46.5625, 45.1875, 43.958333333333336, 42.875, 41.916666666666664, 41.0625, 40.270833333333336, 39.5625, 38.9375, 38.354166666666664, 37.8125, 37.333333333333336, 36.875, 36.5, 36.125, 35.75]}",app,DEBUG,temperature_automation,2025-09-20 16:40:56.609,9.643055555556
Yeast Grow 4 Days,pioreactor02,2025-09-20T14:40:56.617Z,PID output = -0.6899999999999934,app,DEBUG,temperature_automation,2025-09-20 16:40:56.617,9.643055555556
Yeast Grow 4 Days,pioreactor02,2025-09-20T14:44:16.611Z,"features={'previous_heater_dc': 84.77, 'room_temp': 22.0, 'is_rpi_zero': False, 'volume': 14.0, 'time_series_of_temp': [57.9375, 54.520833333333336, 51.96875, 49.864583333333336, 48.052083333333336, 46.479166666666664, 45.09375, 43.90625, 42.833333333333336, 41.864583333333336, 41.010416666666664, 40.239583333333336, 39.5625, 38.9375, 38.34375, 37.8125, 37.34375, 36.875, 36.5, 36.125, 35.75]}",app,DEBUG,temperature_automation,2025-09-20 16:44:16.611,9.698611111111
Yeast Grow 4 Days,pioreactor02,2025-09-20T14:44:16.619Z,PID output = -1.2240000000000122,app,DEBUG,temperature_automation,2025-09-20 16:44:16.619,9.698611111111
Yeast Grow 4 Days,pioreactor02,2025-09-20T14:47:36.612Z,"features={'previous_heater_dc': 83.55, 'room_temp': 22.0, 'is_rpi_zero': False, 'volume': 14.0, 'time_series_of_temp': [57.614583333333336, 54.21875, 51.6875, 49.604166666666664, 47.84375, 46.28125, 44.90625, 43.708333333333336, 42.65625, 41.697916666666664, 40.864583333333336, 40.09375, 39.385416666666664, 38.75, 38.1875, 37.666666666666664, 37.197916666666664, 36.760416666666664, 36.364583333333336, 36.0, 35.625]}",app,DEBUG,temperature_automation,2025-09-20 16:47:36.612,9.754166666667
Yeast Grow 4 Days,pioreactor02,2025-09-20T14:47:36.620Z,PID output = 0.854000000000019,app,DEBUG,temperature_automation,2025-09-20 16:47:36.620,9.754166666667
Yeast Grow 4 Days,pioreactor02,2025-09-20T14:50:56.614Z,"features={'previous_heater_dc': 84.4, 'room_temp': 22.0, 'is_rpi_zero': False, 'volume': 14.0, 'time_series_of_temp': [57.770833333333336, 54.354166666666664, 51.8125, 49.697916666666664, 47.895833333333336, 46.333333333333336, 44.958333333333336, 43.75, 42.6875, 41.75, 40.875, 40.125, 39.4375, 38.802083333333336, 38.229166666666664, 37.697916666666664, 37.229166666666664, 36.791666666666664, 36.375, 36.0, 35.645833333333336]}",app,DEBUG,temperature_automation,2025-09-20 16:50:56.614,9.809722222222
Yeast Grow 4 Days,pioreactor02,2025-09-20T14:50:56.621Z,PID output = -1.1259999999999968,app,DEBUG,temperature_automation,2025-09-20 16:50:56.621,9.809722222222
Yeast Grow 4 Days,pioreactor02,2025-09-20T14:54:16.611Z,"features={'previous_heater_dc': 83.27, 'room_temp': 22.0, 'is_rpi_zero': False, 'volume': 14.0, 'time_series_of_temp': [57.427083333333336, 54.03125, 51.53125, 49.458333333333336, 47.666666666666664, 46.135416666666664, 44.791666666666664, 43.583333333333336, 42.520833333333336, 41.572916666666664, 40.739583333333336, 40.0, 39.302083333333336, 38.677083333333336, 38.114583333333336, 37.583333333333336, 37.125, 36.6875, 36.25, 35.885416666666664, 35.5625]}",app,DEBUG,temperature_automation,2025-09-20 16:54:16.611,9.865277777778
Yeast Grow 4 Days,pioreactor02,2025-09-20T14:54:16.618Z,PID output = -0.03000000000001682,app,DEBUG,temperature_automation,2025-09-20 16:54:16.618,9.865277777778
Yeast Grow 4 Days,pioreactor02,2025-09-20T14:57:36.612Z,"features={'previous_heater_dc': 83.24, 'room_temp': 22.0, 'is_rpi_zero': False, 'volume': 14.0, 'time_series_of_temp': [57.375, 53.96875, 51.458333333333336, 49.395833333333336, 47.614583333333336, 46.072916666666664, 44.71875, 43.53125, 42.46875, 41.510416666666664, 40.6875, 39.927083333333336, 39.239583333333336, 38.625, 38.052083333333336, 37.53125, 37.0625, 36.614583333333336, 36.21875, 35.833333333333336, 35.5]}",app,DEBUG,temperature_automation,2025-09-20 16:57:36.612,9.920833333333
Yeast Grow 4 Days,pioreactor02,2025-09-20T14:57:36.620Z,PID output = -0.1159999999999812,app,DEBUG,temperature_automation,2025-09-20 16:57:36.620,9.920833333333
Yeast Grow 4 Days,pioreactor02,2025-09-20T15:00:56.611Z,"features={'previous_heater_dc': 83.12, 'room_temp': 22.0, 'is_rpi_zero': False, 'volume': 14.0, 'time_series_of_temp': [57.291666666666664, 53.90625, 51.395833333333336, 49.333333333333336, 47.53125, 45.989583333333336, 44.666666666666664, 43.458333333333336, 42.416666666666664, 41.479166666666664, 40.625, 39.875, 39.1875, 38.5625, 38.0, 37.5, 37.0, 36.5625, 36.1875, 35.8125, 35.447916666666664]}",app,DEBUG,temperature_automation,2025-09-20 17:00:56.611,9.976388888889
Yeast Grow 4 Days,pioreactor02,2025-09-20T15:00:56.619Z,PID output = 0.07999999999999827,app,DEBUG,temperature_automation,2025-09-20 17:00:56.619,9.976388888889
Yeast Grow 4 Days,pioreactor02,2025-09-20T15:04:16.611Z,"features={'previous_heater_dc': 83.2, 'room_temp': 22.0, 'is_rpi_zero': False, 'volume': 14.0, 'time_series_of_temp': [57.25, 53.875, 51.385416666666664, 49.3125, 47.53125, 45.989583333333336, 44.625, 43.447916666666664, 42.385416666666664, 41.458333333333336, 40.604166666666664, 39.864583333333336, 39.15625, 38.5625, 37.979166666666664, 37.458333333333336, 36.979166666666664, 36.5625, 36.145833333333336, 35.770833333333336, 35.4375]}",app,DEBUG,temperature_automation,2025-09-20 17:04:16.611,10.031944444444
Yeast Grow 4 Days,pioreactor02,2025-09-20T15:04:16.619Z,PID output = 1.1920000000000002,app,DEBUG,temperature_automation,2025-09-20 17:04:16.619,10.031944444444
Yeast Grow 4 Days,pioreactor02,2025-09-20T15:07:36.611Z,"features={'previous_heater_dc': 84.39, 'room_temp': 22.0, 'is_rpi_zero': False, 'volume': 14.0, 'time_series_of_temp': [57.625, 54.1875, 51.65625, 49.552083333333336, 47.770833333333336, 46.197916666666664, 44.833333333333336, 43.614583333333336, 42.541666666666664, 41.604166666666664, 40.75, 40.0, 39.291666666666664, 38.65625, 38.083333333333336, 37.5625, 37.072916666666664, 36.645833333333336, 36.25, 35.875, 35.510416666666664]}",app,DEBUG,temperature_automation,2025-09-20 17:07:36.611,10.0875
Yeast Grow 4 Days,pioreactor02,2025-09-20T15:07:36.619Z,PID output = 0.22000000000000458,app,DEBUG,temperature_automation,2025-09-20 17:07:36.619,10.0875
Yeast Grow 4 Days,pioreactor02,2025-09-20T15:10:56.610Z,"features={'previous_heater_dc': 84.61, 'room_temp': 22.0, 'is_rpi_zero': False, 'volume': 14.0, 'time_series_of_temp': [57.6875, 54.28125, 51.71875, 49.625, 47.833333333333336, 46.270833333333336, 44.885416666666664, 43.666666666666664, 42.59375, 41.645833333333336, 40.802083333333336, 40.03125, 39.34375, 38.708333333333336, 38.135416666666664, 37.614583333333336, 37.125, 36.6875, 36.302083333333336, 35.927083333333336, 35.5625]}",app,DEBUG,temperature_automation,2025-09-20 17:10:56.610,10.143055555556
Yeast Grow 4 Days,pioreactor02,2025-09-20T15:10:56.619Z,PID output = 0.9600000000000015,app,DEBUG,temperature_automation,2025-09-20 17:10:56.619,10.143055555556
Yeast Grow 4 Days,pioreactor02,2025-09-20T15:14:16.614Z,"features={'previous_heater_dc': 85.57, 'room_temp': 22.0, 'is_rpi_zero': False, 'volume': 14.0, 'time_series_of_temp': [58.020833333333336, 54.5625, 51.989583333333336, 49.854166666666664, 48.020833333333336, 46.427083333333336, 45.041666666666664, 43.822916666666664, 42.75, 41.770833333333336, 40.90625, 40.125, 39.4375, 38.791666666666664, 38.197916666666664, 37.6875, 37.1875, 36.75, 36.34375, 35.96875, 35.625]}",app,DEBUG,temperature_automation,2025-09-20 17:14:16.614,10.198611111111
Yeast Grow 4 Days,pioreactor02,2025-09-20T15:14:16.622Z,PID output = 0.6179999999999879,app,DEBUG,temperature_automation,2025-09-20 17:14:16.622,10.198611111111
Yeast Grow 4 Days,pioreactor02,2025-09-20T15:17:36.610Z,"features={'previous_heater_dc': 86.19, 'room_temp': 22.0, 'is_rpi_zero': False, 'volume': 14.0, 'time_series_of_temp': [58.25, 54.78125, 52.177083333333336, 50.041666666666664, 48.208333333333336, 46.604166666666664, 45.208333333333336, 43.96875, 42.895833333333336, 41.90625, 41.041666666666664, 40.25, 39.5625, 38.927083333333336, 38.322916666666664, 37.802083333333336, 37.3125, 36.875, 36.458333333333336, 36.072916666666664, 35.75]}",app,DEBUG,temperature_automation,2025-09-20 17:17:36.610,10.254166666667
Yeast Grow 4 Days,pioreactor02,2025-09-20T15:17:36.617Z,PID output = 0.5719999999999971,app,DEBUG,temperature_automation,2025-09-20 17:17:36.617,10.254166666667
Yeast Grow 4 Days,pioreactor02,2025-09-20T15:20:56.609Z,"features={'previous_heater_dc': 86.76, 'room_temp': 22.0, 'is_rpi_zero': False, 'volume': 14.0, 'time_series_of_temp': [58.510416666666664, 55.020833333333336, 52.40625, 50.25, 48.395833333333336, 46.78125, 45.375, 44.135416666666664, 43.041666666666664, 42.0625, 41.177083333333336, 40.40625, 39.6875, 39.03125, 38.447916666666664, 37.90625, 37.427083333333336, 36.947916666666664, 36.5625, 36.177083333333336, 35.8125]}",app,DEBUG,temperature_automation,2025-09-20 17:20:56.609,10.309722222222
Yeast Grow 4 Days,pioreactor02,2025-09-20T15:20:56.617Z,PID output = -0.36399999999999577,app,DEBUG,temperature_automation,2025-09-20 17:20:56.617,10.309722222222
Yeast Grow 4 Days,pioreactor02,2025-09-20T15:24:16.613Z,"features={'previous_heater_dc': 86.4, 'room_temp': 22.0, 'is_rpi_zero': False, 'volume': 14.0, 'time_series_of_temp': [58.4375, 54.9375, 52.333333333333336, 50.197916666666664, 48.333333333333336, 46.75, 45.333333333333336, 44.083333333333336, 43.010416666666664, 42.03125, 41.166666666666664, 40.364583333333336, 39.65625, 39.020833333333336, 38.4375, 37.885416666666664, 37.427083333333336, 36.958333333333336, 36.5625, 36.177083333333336, 35.8125]}",app,DEBUG,temperature_automation,2025-09-20 17:24:16.613,10.365277777778
Yeast Grow 4 Days,pioreactor02,2025-09-20T15:24:16.620Z,PID output = 0.09000000000000272,app,DEBUG,temperature_automation,2025-09-20 17:24:16.620,10.365277777778
Yeast Grow 4 Days,pioreactor02,2025-09-20T15:27:36.609Z,"features={'previous_heater_dc': 86.49, 'room_temp': 22.0, 'is_rpi_zero': False, 'volume': 14.0, 'time_series_of_temp': [58.5, 54.979166666666664, 52.375, 50.21875, 48.40625, 46.78125, 45.375, 44.135416666666664, 43.041666666666664, 42.0625, 41.197916666666664, 40.40625, 39.6875, 39.0625, 38.447916666666664, 37.9375, 37.4375, 37.0, 36.572916666666664, 36.1875, 35.822916666666664]}",app,DEBUG,temperature_automation,2025-09-20 17:27:36.609,10.420833333333
Yeast Grow 4 Days,pioreactor02,2025-09-20T15:27:36.617Z,PID output = -1.1139999999999972,app,DEBUG,temperature_automation,2025-09-20 17:27:36.617,10.420833333333
Yeast Grow 4 Days,pioreactor02,2025-09-20T15:30:56.609Z,"features={'previous_heater_dc': 85.38, 'room_temp': 22.0, 'is_rpi_zero': False, 'volume': 14.0, 'time_series_of_temp': [58.125, 54.6875, 52.114583333333336, 49.989583333333336, 48.15625, 46.59375, 45.197916666666664, 43.989583333333336, 42.885416666666664, 41.9375, 41.083333333333336, 40.291666666666664, 39.583333333333336, 38.9375, 38.375, 37.854166666666664, 37.375, 36.895833333333336, 36.520833333333336, 36.125, 35.770833333333336]}",app,DEBUG,temperature_automation,2025-09-20 17:30:56.609,10.476388888889
Yeast Grow 4 Days,pioreactor02,2025-09-20T15:30:56.617Z,PID output = 0.5780000000000085,app,DEBUG,temperature_automation,2025-09-20 17:30:56.617,10.476388888889
Yeast Grow 4 Days,pioreactor02,2025-09-20T15:34:16.610Z,"features={'previous_heater_dc': 85.96, 'room_temp': 22.0, 'is_rpi_zero': False, 'volume': 14.0, 'time_series_of_temp': [58.302083333333336, 54.822916666666664, 52.21875, 50.09375, 48.260416666666664, 46.666666666666664, 45.270833333333336, 44.041666666666664, 42.96875, 41.989583333333336, 41.125, 40.333333333333336, 39.635416666666664, 38.989583333333336, 38.40625, 37.875, 37.375, 36.9375, 36.510416666666664, 36.125, 35.791666666666664]}",app,DEBUG,temperature_automation,2025-09-20 17:34:16.610,10.531944444444
Yeast Grow 4 Days,pioreactor02,2025-09-20T15:34:16.618Z,PID output = -1.1259999999999968,app,DEBUG,temperature_automation,2025-09-20 17:34:16.618,10.531944444444
Yeast Grow 4 Days,pioreactor02,2025-09-20T15:37:36.610Z,"features={'previous_heater_dc': 84.83, 'room_temp': 22.0, 'is_rpi_zero': False, 'volume': 14.0, 'time_series_of_temp': [57.947916666666664, 54.53125, 51.979166666666664, 49.864583333333336, 48.041666666666664, 46.46875, 45.09375, 43.885416666666664, 42.8125, 41.833333333333336, 41.0, 40.21875, 39.520833333333336, 38.864583333333336, 38.302083333333336, 37.78125, 37.302083333333336, 36.875, 36.4375, 36.0625, 35.708333333333336]}",app,DEBUG,temperature_automation,2025-09-20 17:37:36.610,10.5875
Yeast Grow 4 Days,pioreactor02,2025-09-20T15:37:36.618Z,PID output = 0.6899999999999934,app,DEBUG,temperature_automation,2025-09-20 17:37:36.618,10.5875
Yeast Grow 4 Days,pioreactor02,2025-09-20T15:40:56.611Z,"features={'previous_heater_dc': 85.52, 'room_temp': 22.0, 'is_rpi_zero': False, 'volume': 14.0, 'time_series_of_temp': [58.125, 54.677083333333336, 52.083333333333336, 49.96875, 48.135416666666664, 46.552083333333336, 45.166666666666664, 43.958333333333336, 42.875, 41.895833333333336, 41.052083333333336, 40.25, 39.5625, 38.9375, 38.364583333333336, 37.8125, 37.34375, 36.875, 36.5, 36.114583333333336, 35.75]}",app,DEBUG,temperature_automation,2025-09-20 17:40:56.611,10.643055555556
Yeast Grow 4 Days,pioreactor02,2025-09-20T15:40:56.619Z,PID output = -0.5759999999999876,app,DEBUG,temperature_automation,2025-09-20 17:40:56.619,10.643055555556
Yeast Grow 4 Days,pioreactor02,2025-09-20T15:44:16.610Z,"features={'previous_heater_dc': 84.94, 'room_temp': 22.0, 'is_rpi_zero': False, 'volume': 14.0, 'time_series_of_temp': [57.989583333333336, 54.541666666666664, 51.979166666666664, 49.864583333333336, 48.052083333333336, 46.46875, 45.09375, 43.895833333333336, 42.802083333333336, 41.864583333333336, 41.0, 40.239583333333336, 39.53125, 38.90625, 38.3125, 37.791666666666664, 37.3125, 36.875, 36.46875, 36.09375, 35.75]}",app,DEBUG,temperature_automation,2025-09-20 17:44:16.610,10.698611111111
Yeast Grow 4 Days,pioreactor02,2025-09-20T15:44:16.618Z,PID output = -0.7839999999999833,app,DEBUG,temperature_automation,2025-09-20 17:44:16.618,10.698611111111
Yeast Grow 4 Days,pioreactor02,2025-09-20T15:47:36.612Z,"features={'previous_heater_dc': 84.16, 'room_temp': 22.0, 'is_rpi_zero': False, 'volume': 14.0, 'time_series_of_temp': [57.75, 54.34375, 51.822916666666664, 49.71875, 47.916666666666664, 46.34375, 44.989583333333336, 43.78125, 42.71875, 41.760416666666664, 40.916666666666664, 40.145833333333336, 39.458333333333336, 38.8125, 38.25, 37.71875, 37.25, 36.8125, 36.40625, 36.041666666666664, 35.6875]}",app,DEBUG,temperature_automation,2025-09-20 17:47:36.612,10.754166666667
Yeast Grow 4 Days,pioreactor02,2025-09-20T15:47:36.620Z,PID output = 0.8799999999999812,app,DEBUG,temperature_automation,2025-09-20 17:47:36.620,10.754166666667
Yeast Grow 4 Days,pioreactor02,2025-09-20T15:50:56.611Z,"features={'previous_heater_dc': 85.04, 'room_temp': 22.0, 'is_rpi_zero': False, 'volume': 14.0, 'time_series_of_temp': [58.0, 54.552083333333336, 52.010416666666664, 49.885416666666664, 48.041666666666664, 46.479166666666664, 45.09375, 43.885416666666664, 42.8125, 41.833333333333336, 40.989583333333336, 40.21875, 39.510416666666664, 38.875, 38.3125, 37.802083333333336, 37.302083333333336, 36.875, 36.447916666666664, 36.0625, 35.75]}",app,DEBUG,temperature_automation,2025-09-20 17:50:56.611,10.809722222222
Yeast Grow 4 Days,pioreactor02,2025-09-20T15:50:56.619Z,PID output = 0.2680000000000071,app,DEBUG,temperature_automation,2025-09-20 17:50:56.619,10.809722222222
Yeast Grow 4 Days,pioreactor02,2025-09-20T15:54:16.611Z,"features={'previous_heater_dc': 85.31, 'room_temp': 22.0, 'is_rpi_zero': False, 'volume': 14.0, 'time_series_of_temp': [58.0625, 54.625, 52.052083333333336, 49.9375, 48.104166666666664, 46.520833333333336, 45.145833333333336, 43.927083333333336, 42.84375, 41.885416666666664, 41.020833333333336, 40.25, 39.5625, 38.916666666666664, 38.322916666666664, 37.8125, 37.322916666666664, 36.875, 36.479166666666664, 36.104166666666664, 35.75]}",app,DEBUG,temperature_automation,2025-09-20 17:54:16.611,10.865277777778
Yeast Grow 4 Days,pioreactor02,2025-09-20T15:54:16.619Z,PID output = -0.15799999999999198,app,DEBUG,temperature_automation,2025-09-20 17:54:16.619,10.865277777778
Yeast Grow 4 Days,pioreactor02,2025-09-20T15:57:36.610Z,"features={'previous_heater_dc': 85.15, 'room_temp': 22.0, 'is_rpi_zero': False, 'volume': 14.0, 'time_series_of_temp': [58.0, 54.5625, 52.010416666666664, 49.885416666666664, 48.072916666666664, 46.479166666666664, 45.114583333333336, 43.895833333333336, 42.833333333333336, 41.864583333333336, 41.0, 40.25, 39.520833333333336, 38.885416666666664, 38.322916666666664, 37.791666666666664, 37.3125, 36.864583333333336, 36.447916666666664, 36.0625, 35.75]}",app,DEBUG,temperature_automation,2025-09-20 17:57:36.610,10.920833333333
Yeast Grow 4 Days,pioreactor02,2025-09-20T15:57:36.618Z,PID output = -0.04600000000000719,app,DEBUG,temperature_automation,2025-09-20 17:57:36.618,10.920833333333
Yeast Grow 4 Days,pioreactor02,2025-09-20T16:00:56.610Z,"features={'previous_heater_dc': 85.1, 'room_temp': 22.0, 'is_rpi_zero': False, 'volume': 14.0, 'time_series_of_temp': [58.0, 54.552083333333336, 51.989583333333336, 49.864583333333336, 48.041666666666664, 46.46875, 45.072916666666664, 43.875, 42.802083333333336, 41.84375, 41.0, 40.208333333333336, 39.510416666666664, 38.875, 38.302083333333336, 37.78125, 37.3125, 36.875, 36.4375, 36.0625, 35.71875]}",app,DEBUG,temperature_automation,2025-09-20 18:00:56.610,10.976388888889
Yeast Grow 4 Days,pioreactor02,2025-09-20T16:00:56.618Z,PID output = -1.008000000000004,app,DEBUG,temperature_automation,2025-09-20 18:00:56.618,10.976388888889
Yeast Grow 4 Days,pioreactor02,2025-09-20T16:04:16.611Z,"features={'previous_heater_dc': 84.09, 'room_temp': 22.0, 'is_rpi_zero': False, 'volume': 14.0, 'time_series_of_temp': [57.6875, 54.28125, 51.739583333333336, 49.65625, 47.84375, 46.270833333333336, 44.927083333333336, 43.708333333333336, 42.645833333333336, 41.697916666666664, 40.854166666666664, 40.09375, 39.395833333333336, 38.75, 38.1875, 37.6875, 37.197916666666664, 36.75, 36.375, 35.989583333333336, 35.625]}",app,DEBUG,temperature_automation,2025-09-20 18:04:16.611,11.031944444444
Yeast Grow 4 Days,pioreactor02,2025-09-20T16:04:16.618Z,PID output = 0.5720000000000169,app,DEBUG,temperature_automation,2025-09-20 18:04:16.618,11.031944444444
Yeast Grow 4 Days,pioreactor02,2025-09-20T16:07:36.611Z,"features={'previous_heater_dc': 84.66, 'room_temp': 22.0, 'is_rpi_zero': False, 'volume': 14.0, 'time_series_of_temp': [57.802083333333336, 54.375, 51.822916666666664, 49.71875, 47.90625, 46.333333333333336, 44.947916666666664, 43.75, 42.677083333333336, 41.729166666666664, 40.875, 40.114583333333336, 39.427083333333336, 38.770833333333336, 38.197916666666664, 37.6875, 37.208333333333336, 36.760416666666664, 36.375, 36.0, 35.625]}",app,DEBUG,temperature_automation,2025-09-20 18:07:36.611,11.0875
Yeast Grow 4 Days,pioreactor02,2025-09-20T16:07:36.618Z,PID output = 0.11800000000000209,app,DEBUG,temperature_automation,2025-09-20 18:07:36.618,11.0875
Yeast Grow 4 Days,pioreactor02,2025-09-20T16:10:56.612Z,"features={'previous_heater_dc': 84.78, 'room_temp': 22.0, 'is_rpi_zero': False, 'volume': 14.0, 'time_series_of_temp': [57.864583333333336, 54.4375, 51.864583333333336, 49.75, 47.947916666666664, 46.364583333333336, 44.979166666666664, 43.78125, 42.708333333333336, 41.729166666666664, 40.885416666666664, 40.125, 39.416666666666664, 38.770833333333336, 38.1875, 37.6875, 37.197916666666664, 36.760416666666664, 36.375, 36.0, 35.625]}",app,DEBUG,temperature_automation,2025-09-20 18:10:56.612,11.143055555556
Yeast Grow 4 Days,pioreactor02,2025-09-20T16:10:56.620Z,PID output = 0.818,app,DEBUG,temperature_automation,2025-09-20 18:10:56.620,11.143055555556
Yeast Grow 4 Days,pioreactor02,2025-09-20T16:14:16.610Z,"features={'previous_heater_dc': 85.6, 'room_temp': 22.0, 'is_rpi_zero': False, 'volume': 14.0, 'time_series_of_temp': [58.072916666666664, 54.625, 52.041666666666664, 49.90625, 48.083333333333336, 46.510416666666664, 45.104166666666664, 43.885416666666664, 42.802083333333336, 41.833333333333336, 40.979166666666664, 40.197916666666664, 39.5, 38.864583333333336, 38.28125, 37.75, 37.260416666666664, 36.8125, 36.4375, 36.0625, 35.697916666666664]}",app,DEBUG,temperature_automation,2025-09-20 18:14:16.610,11.198611111111
Yeast Grow 4 Days,pioreactor02,2025-09-20T16:14:16.618Z,PID output = 0.8879999999999902,app,DEBUG,temperature_automation,2025-09-20 18:14:16.618,11.198611111111
Yeast Grow 4 Days,pioreactor02,2025-09-20T16:17:36.611Z,"features={'previous_heater_dc': 86.49, 'room_temp': 22.0, 'is_rpi_zero': False, 'volume': 14.0, 'time_series_of_temp': [58.4375, 54.916666666666664, 52.322916666666664, 50.166666666666664, 48.3125, 46.708333333333336, 45.302083333333336, 44.083333333333336, 42.979166666666664, 42.0, 41.125, 40.322916666666664, 39.625, 38.979166666666664, 38.395833333333336, 37.875, 37.375, 36.916666666666664, 36.5, 36.125, 35.75]}",app,DEBUG,temperature_automation,2025-09-20 18:17:36.611,11.254166666667
Yeast Grow 4 Days,pioreactor02,2025-09-20T16:17:36.620Z,PID output = -1.279999999999976,app,DEBUG,temperature_automation,2025-09-20 18:17:36.620,11.254166666667
Yeast Grow 4 Days,pioreactor02,2025-09-20T16:20:56.611Z,"features={'previous_heater_dc': 85.21, 'room_temp': 22.0, 'is_rpi_zero': False, 'volume': 14.0, 'time_series_of_temp': [58.0625, 54.59375, 52.03125, 49.90625, 48.083333333333336, 46.520833333333336, 45.114583333333336, 43.90625, 42.822916666666664, 41.864583333333336, 41.010416666666664, 40.239583333333336, 39.520833333333336, 38.895833333333336, 38.3125, 37.760416666666664, 37.302083333333336, 36.864583333333336, 36.4375, 36.0625, 35.6875]}",app,DEBUG,temperature_automation,2025-09-20 18:20:56.611,11.309722222222
Yeast Grow 4 Days,pioreactor02,2025-09-20T16:20:56.619Z,PID output = -0.8500000000000028,app,DEBUG,temperature_automation,2025-09-20 18:20:56.619,11.309722222222
Yeast Grow 4 Days,pioreactor02,2025-09-20T16:24:16.611Z,"features={'previous_heater_dc': 84.36, 'room_temp': 22.0, 'is_rpi_zero': False, 'volume': 14.0, 'time_series_of_temp': [57.75, 54.333333333333336, 51.791666666666664, 49.697916666666664, 47.885416666666664, 46.322916666666664, 44.958333333333336, 43.729166666666664, 42.666666666666664, 41.708333333333336, 40.854166666666664, 40.09375, 39.385416666666664, 38.75, 38.1875, 37.6875, 37.197916666666664, 36.75, 36.364583333333336, 35.979166666666664, 35.625]}",app,DEBUG,temperature_automation,2025-09-20 18:24:16.611,11.365277777778
Yeast Grow 4 Days,pioreactor02,2025-09-20T16:24:16.618Z,PID output = 2.0580000000000025,app,DEBUG,temperature_automation,2025-09-20 18:24:16.618,11.365277777778
Yeast Grow 4 Days,pioreactor02,2025-09-20T16:27:36.610Z,"features={'previous_heater_dc': 86.42, 'room_temp': 22.0, 'is_rpi_zero': False, 'volume': 14.0, 'time_series_of_temp': [58.375, 54.875, 52.28125, 50.125, 48.28125, 46.677083333333336, 45.28125, 44.052083333333336, 42.958333333333336, 41.979166666666664, 41.104166666666664, 40.3125, 39.614583333333336, 38.96875, 38.375, 37.854166666666664, 37.364583333333336, 36.885416666666664, 36.5, 36.125, 35.75]}",app,DEBUG,temperature_automation,2025-09-20 18:27:36.610,11.420833333333
Yeast Grow 4 Days,pioreactor02,2025-09-20T16:27:36.618Z,PID output = -0.6579999999999976,app,DEBUG,temperature_automation,2025-09-20 18:27:36.618,11.420833333333
Yeast Grow 4 Days,pioreactor02,2025-09-20T16:30:56.611Z,"features={'previous_heater_dc': 85.76, 'room_temp': 22.0, 'is_rpi_zero': False, 'volume': 14.0, 'time_series_of_temp': [58.1875, 54.708333333333336, 52.135416666666664, 49.989583333333336, 48.15625, 46.572916666666664, 45.166666666666664, 43.947916666666664, 42.854166666666664, 41.875, 41.020833333333336, 40.25, 39.5625, 38.916666666666664, 38.3125, 37.791666666666664, 37.3125, 36.875, 36.4375, 36.0625, 35.739583333333336]}",app,DEBUG,temperature_automation,2025-09-20 18:30:56.611,11.476388888889
Yeast Grow 4 Days,pioreactor02,2025-09-20T16:30:56.618Z,PID output = 0.29399999999998555,app,DEBUG,temperature_automation,2025-09-20 18:30:56.618,11.476388888889
Yeast Grow 4 Days,pioreactor02,2025-09-20T16:34:16.610Z,"features={'previous_heater_dc': 86.05, 'room_temp': 22.0, 'is_rpi_zero': False, 'volume': 14.0, 'time_series_of_temp': [58.25, 54.760416666666664, 52.177083333333336, 50.03125, 48.1875, 46.604166666666664, 45.208333333333336, 43.979166666666664, 42.885416666666664, 41.916666666666664, 41.041666666666664, 40.25, 39.5625, 38.916666666666664, 38.3125, 37.8125, 37.3125, 36.875, 36.447916666666664, 36.072916666666664, 35.729166666666664]}",app,DEBUG,temperature_automation,2025-09-20 18:34:16.610,11.531944444444
Yeast Grow 4 Days,pioreactor02,2025-09-20T16:34:16.617Z,PID output = 0.5160000000000018,app,DEBUG,temperature_automation,2025-09-20 18:34:16.617,11.531944444444
Yeast Grow 4 Days,pioreactor02,2025-09-20T16:37:36.610Z,"features={'previous_heater_dc': 86.57, 'room_temp': 22.0, 'is_rpi_zero': False, 'volume': 14.0, 'time_series_of_temp': [58.427083333333336, 54.895833333333336, 52.3125, 50.15625, 48.3125, 46.71875, 45.291666666666664, 44.052083333333336, 42.979166666666664, 41.989583333333336, 41.125, 40.3125, 39.625, 38.96875, 38.375, 37.864583333333336, 37.375, 36.916666666666664, 36.5, 36.125, 35.75]}",app,DEBUG,temperature_automation,2025-09-20 18:37:36.610,11.5875
Yeast Grow 4 Days,pioreactor02,2025-09-20T16:37:36.618Z,PID output = 0.06999999999999035,app,DEBUG,temperature_automation,2025-09-20 18:37:36.618,11.5875
Yeast Grow 4 Days,pioreactor02,2025-09-20T16:40:56.610Z,"features={'previous_heater_dc': 86.64, 'room_temp': 22.0, 'is_rpi_zero': False, 'volume': 14.0, 'time_series_of_temp': [58.458333333333336, 54.9375, 52.34375, 50.177083333333336, 48.322916666666664, 46.708333333333336, 45.3125, 44.083333333333336, 42.96875, 42.0, 41.135416666666664, 40.322916666666664, 39.625, 38.979166666666664, 38.385416666666664, 37.875, 37.375, 36.927083333333336, 36.5, 36.125, 35.75]}",app,DEBUG,temperature_automation,2025-09-20 18:40:56.610,11.643055555556
Yeast Grow 4 Days,pioreactor02,2025-09-20T16:40:56.618Z,PID output = -0.3679999999999921,app,DEBUG,temperature_automation,2025-09-20 18:40:56.618,11.643055555556
Yeast Grow 4 Days,pioreactor02,2025-09-20T16:44:16.610Z,"features={'previous_heater_dc': 86.27, 'room_temp': 22.0, 'is_rpi_zero': False, 'volume': 14.0, 'time_series_of_temp': [58.3125, 54.8125, 52.21875, 50.072916666666664, 48.229166666666664, 46.645833333333336, 45.239583333333336, 44.0, 42.916666666666664, 41.927083333333336, 41.0625, 40.270833333333336, 39.5625, 38.927083333333336, 38.34375, 37.8125, 37.322916666666664, 36.875, 36.46875, 36.072916666666664, 35.75]}",app,DEBUG,temperature_automation,2025-09-20 18:44:16.610,11.698611111111
Yeast Grow 4 Days,pioreactor02,2025-09-20T16:44:16.618Z,PID output = 1.4399999999999948,app,DEBUG,temperature_automation,2025-09-20 18:44:16.618,11.698611111111
Yeast Grow 4 Days,pioreactor02,2025-09-20T16:47:36.611Z,"features={'previous_heater_dc': 87.71, 'room_temp': 22.0, 'is_rpi_zero': False, 'volume': 14.0, 'time_series_of_temp': [58.75, 55.1875, 52.583333333333336, 50.385416666666664, 48.510416666666664, 46.90625, 45.46875, 44.229166666666664, 43.114583333333336, 42.125, 41.25, 40.4375, 39.71875, 39.072916666666664, 38.5, 37.958333333333336, 37.4375, 36.989583333333336, 36.5625, 36.1875, 35.8125]}",app,DEBUG,temperature_automation,2025-09-20 18:47:36.611,11.754166666667
Yeast Grow 4 Days,pioreactor02,2025-09-20T16:47:36.619Z,PID output = -0.4880000000000059,app,DEBUG,temperature_automation,2025-09-20 18:47:36.619,11.754166666667
Yeast Grow 4 Days,pioreactor02,2025-09-20T16:50:56.610Z,"features={'previous_heater_dc': 87.22, 'room_temp': 22.0, 'is_rpi_zero': False, 'volume': 14.0, 'time_series_of_temp': [58.666666666666664, 55.125, 52.510416666666664, 50.322916666666664, 48.46875, 46.84375, 45.4375, 44.166666666666664, 43.083333333333336, 42.09375, 41.21875, 40.427083333333336, 39.729166666666664, 39.0625, 38.489583333333336, 37.9375, 37.4375, 36.989583333333336, 36.5625, 36.1875, 35.822916666666664]}",app,DEBUG,temperature_automation,2025-09-20 18:50:56.610,11.809722222222
Yeast Grow 4 Days,pioreactor02,2025-09-20T16:50:56.618Z,PID output = -0.8519999999999819,app,DEBUG,temperature_automation,2025-09-20 18:50:56.618,11.809722222222
Yeast Grow 4 Days,pioreactor02,2025-09-20T16:54:16.612Z,"features={'previous_heater_dc': 86.37, 'room_temp': 22.0, 'is_rpi_zero': False, 'volume': 14.0, 'time_series_of_temp': [58.4375, 54.916666666666664, 52.333333333333336, 50.177083333333336, 48.333333333333336, 46.71875, 45.322916666666664, 44.104166666666664, 43.0, 42.020833333333336, 41.166666666666664, 40.375, 39.666666666666664, 39.03125, 38.4375, 37.916666666666664, 37.427083333333336, 36.958333333333336, 36.5625, 36.1875, 35.8125]}",app,DEBUG,temperature_automation,2025-09-20 18:54:16.612,11.865277777778
Yeast Grow 4 Days,pioreactor02,2025-09-20T16:54:16.620Z,PID output = -0.6400000000000119,app,DEBUG,temperature_automation,2025-09-20 18:54:16.620,11.865277777778
Yeast Grow 4 Days,pioreactor02,2025-09-20T16:57:36.610Z,"features={'previous_heater_dc': 85.73, 'room_temp': 22.0, 'is_rpi_zero': False, 'volume': 14.0, 'time_series_of_temp': [58.260416666666664, 54.8125, 52.21875, 50.104166666666664, 48.260416666666664, 46.65625, 45.28125, 44.052083333333336, 42.96875, 42.0, 41.135416666666664, 40.354166666666664, 39.645833333333336, 39.0, 38.447916666666664, 37.916666666666664, 37.427083333333336, 36.958333333333336, 36.5625, 36.1875, 35.84375]}",app,DEBUG,temperature_automation,2025-09-20 18:57:36.610,11.920833333333
Yeast Grow 4 Days,pioreactor02,2025-09-20T16:57:36.619Z,PID output = 0.5720000000000169,app,DEBUG,temperature_automation,2025-09-20 18:57:36.619,11.920833333333
Yeast Grow 4 Days,pioreactor02,2025-09-20T17:00:56.611Z,"features={'previous_heater_dc': 86.3, 'room_temp': 22.0, 'is_rpi_zero': False, 'volume': 14.0, 'time_series_of_temp': [58.4375, 54.947916666666664, 52.354166666666664, 50.208333333333336, 48.354166666666664, 46.770833333333336, 45.364583333333336, 44.145833333333336, 43.03125, 42.0625, 41.208333333333336, 40.416666666666664, 39.697916666666664, 39.0625, 38.5, 37.96875, 37.479166666666664, 37.0, 36.604166666666664, 36.229166666666664, 35.875]}",app,DEBUG,temperature_automation,2025-09-20 19:00:56.611,11.976388888889
Yeast Grow 4 Days,pioreactor02,2025-09-20T17:00:56.619Z,PID output = -0.5299999999999969,app,DEBUG,temperature_automation,2025-09-20 19:00:56.619,11.976388888889
Yeast Grow 4 Days,pioreactor02,2025-09-20T17:04:16.610Z,"features={'previous_heater_dc': 85.77, 'room_temp': 22.0, 'is_rpi_zero': False, 'volume': 14.0, 'time_series_of_temp': [58.3125, 54.822916666666664, 52.260416666666664, 50.125, 48.28125, 46.697916666666664, 45.302083333333336, 44.072916666666664, 42.989583333333336, 42.03125, 41.166666666666664, 40.375, 39.6875, 39.041666666666664, 38.46875, 37.9375, 37.4375, 37.0, 36.5625, 36.197916666666664, 35.864583333333336]}",app,DEBUG,temperature_automation,2025-09-20 19:04:16.610,12.031944444444
Yeast Grow 4 Days,pioreactor02,2025-09-20T17:04:16.618Z,PID output = -0.9280000000000057,app,DEBUG,temperature_automation,2025-09-20 19:04:16.618,12.031944444444
Yeast Grow 4 Days,pioreactor02,2025-09-20T17:07:36.610Z,"features={'previous_heater_dc': 84.84, 'room_temp': 22.0, 'is_rpi_zero': False, 'volume': 14.0, 'time_series_of_temp': [58.0, 54.572916666666664, 52.020833333333336, 49.895833333333336, 48.083333333333336, 46.520833333333336, 45.145833333333336, 43.927083333333336, 42.854166666666664, 41.885416666666664, 41.020833333333336, 40.25, 39.5625, 38.9375, 38.34375, 37.822916666666664, 37.354166666666664, 36.895833333333336, 36.5, 36.125, 35.75]}",app,DEBUG,temperature_automation,2025-09-20 19:07:36.610,12.0875
Yeast Grow 4 Days,pioreactor02,2025-09-20T17:07:36.617Z,PID output = 0.17999999999997413,app,DEBUG,temperature_automation,2025-09-20 19:07:36.617,12.0875
Yeast Grow 4 Days,pioreactor02,2025-09-20T17:10:56.610Z,"features={'previous_heater_dc': 85.02, 'room_temp': 22.0, 'is_rpi_zero': False, 'volume': 14.0, 'time_series_of_temp': [58.0, 54.59375, 52.03125, 49.90625, 48.09375, 46.520833333333336, 45.145833333333336, 43.916666666666664, 42.854166666666664, 41.885416666666664, 41.03125, 40.260416666666664, 39.5625, 38.9375, 38.364583333333336, 37.822916666666664, 37.375, 36.90625, 36.5, 36.125, 35.75]}",app,DEBUG,temperature_automation,2025-09-20 19:10:56.610,12.143055555556
Yeast Grow 4 Days,pioreactor02,2025-09-20T17:10:56.617Z,PID output = -0.16199999999997206,app,DEBUG,temperature_automation,2025-09-20 19:10:56.617,12.143055555556
Yeast Grow 4 Days,pioreactor02,2025-09-20T17:14:16.611Z,"features={'previous_heater_dc': 84.86, 'room_temp': 22.0, 'is_rpi_zero': False, 'volume': 14.0, 'time_series_of_temp': [57.9375, 54.5, 51.947916666666664, 49.854166666666664, 48.020833333333336, 46.447916666666664, 45.0625, 43.864583333333336, 42.791666666666664, 41.822916666666664, 40.96875, 40.1875, 39.5, 38.875, 38.291666666666664, 37.770833333333336, 37.28125, 36.854166666666664, 36.4375, 36.0625, 35.6875]}",app,DEBUG,temperature_automation,2025-09-20 19:14:16.611,12.198611111111
Yeast Grow 4 Days,pioreactor02,2025-09-20T17:14:16.620Z,PID output = -0.1360000000000099,app,DEBUG,temperature_automation,2025-09-20 19:14:16.620,12.198611111111
Yeast Grow 4 Days,pioreactor02,2025-09-20T17:17:36.612Z,"features={'previous_heater_dc': 84.72, 'room_temp': 22.0, 'is_rpi_zero': False, 'volume': 14.0, 'time_series_of_temp': [57.875, 54.447916666666664, 51.885416666666664, 49.78125, 47.96875, 46.40625, 45.020833333333336, 43.822916666666664, 42.739583333333336, 41.802083333333336, 40.9375, 40.166666666666664, 39.479166666666664, 38.833333333333336, 38.25, 37.75, 37.25, 36.8125, 36.427083333333336, 36.041666666666664, 35.6875]}",app,DEBUG,temperature_automation,2025-09-20 19:17:36.612,12.254166666667
Yeast Grow 4 Days,pioreactor02,2025-09-20T17:17:36.620Z,PID output = -0.037999999999978246,app,DEBUG,temperature_automation,2025-09-20 19:17:36.620,12.254166666667
Yeast Grow 4 Days,pioreactor02,2025-09-20T17:20:56.612Z,"features={'previous_heater_dc': 84.68, 'room_temp': 22.0, 'is_rpi_zero': False, 'volume': 14.0, 'time_series_of_temp': [57.854166666666664, 54.40625, 51.854166666666664, 49.760416666666664, 47.958333333333336, 46.385416666666664, 44.989583333333336, 43.78125, 42.729166666666664, 41.75, 40.916666666666664, 40.145833333333336, 39.4375, 38.8125, 38.25, 37.739583333333336, 37.25, 36.8125, 36.395833333333336, 36.020833333333336, 35.6875]}",app,DEBUG,temperature_automation,2025-09-20 19:20:56.612,12.309722222222
Yeast Grow 4 Days,pioreactor02,2025-09-20T17:20:56.619Z,PID output = 0.30199999999999816,app,DEBUG,temperature_automation,2025-09-20 19:20:56.619,12.309722222222
Yeast Grow 4 Days,pioreactor02,2025-09-20T17:24:16.610Z,"features={'previous_heater_dc': 84.98, 'room_temp': 22.0, 'is_rpi_zero': False, 'volume': 14.0, 'time_series_of_temp': [57.947916666666664, 54.510416666666664, 51.96875, 49.84375, 48.020833333333336, 46.4375, 45.052083333333336, 43.833333333333336, 42.770833333333336, 41.791666666666664, 40.9375, 40.166666666666664, 39.447916666666664, 38.8125, 38.25, 37.71875, 37.25, 36.8125, 36.385416666666664, 36.03125, 35.677083333333336]}",app,DEBUG,temperature_automation,2025-09-20 19:24:16.610,12.365277777778
Yeast Grow 4 Days,pioreactor02,2025-09-20T17:24:16.618Z,PID output = 1.970000000000001,app,DEBUG,temperature_automation,2025-09-20 19:24:16.618,12.365277777778
Yeast Grow 4 Days,pioreactor02,2025-09-20T17:27:36.609Z,"features={'previous_heater_dc': 86.95, 'room_temp': 22.0, 'is_rpi_zero': False, 'volume': 14.0, 'time_series_of_temp': [58.5, 54.979166666666664, 52.375, 50.208333333333336, 48.34375, 46.739583333333336, 45.322916666666664, 44.104166666666664, 43.0, 42.010416666666664, 41.125, 40.34375, 39.625, 38.989583333333336, 38.395833333333336, 37.875, 37.375, 36.916666666666664, 36.5, 36.125, 35.75]}",app,DEBUG,temperature_automation,2025-09-20 19:27:36.609,12.420833333333
Yeast Grow 4 Days,pioreactor02,2025-09-20T17:27:36.617Z,PID output = -0.8560000000000144,app,DEBUG,temperature_automation,2025-09-20 19:27:36.617,12.420833333333
Yeast Grow 4 Days,pioreactor02,2025-09-20T17:30:56.611Z,"features={'previous_heater_dc': 86.09, 'room_temp': 22.0, 'is_rpi_zero': False, 'volume': 14.0, 'time_series_of_temp': [58.291666666666664, 54.802083333333336, 52.197916666666664, 50.072916666666664, 48.229166666666664, 46.635416666666664, 45.229166666666664, 44.0, 42.895833333333336, 41.9375, 41.083333333333336, 40.291666666666664, 39.572916666666664, 38.9375, 38.375, 37.833333333333336, 37.375, 36.885416666666664, 36.5, 36.125, 35.75]}",app,DEBUG,temperature_automation,2025-09-20 19:30:56.611,12.476388888889
Yeast Grow 4 Days,pioreactor02,2025-09-20T17:30:56.619Z,PID output = 0.15599999999999667,app,DEBUG,temperature_automation,2025-09-20 19:30:56.619,12.476388888889
Yeast Grow 4 Days,pioreactor02,2025-09-20T17:34:16.610Z,"features={'previous_heater_dc': 86.25, 'room_temp': 22.0, 'is_rpi_zero': False, 'volume': 14.0, 'time_series_of_temp': [58.3125, 54.833333333333336, 52.239583333333336, 50.104166666666664, 48.25, 46.65625, 45.229166666666664, 44.020833333333336, 42.927083333333336, 41.947916666666664, 41.072916666666664, 40.291666666666664, 39.572916666666664, 38.947916666666664, 38.364583333333336, 37.822916666666664, 37.34375, 36.895833333333336, 36.5, 36.125, 35.75]}",app,DEBUG,temperature_automation,2025-09-20 19:34:16.610,12.531944444444
Yeast Grow 4 Days,pioreactor02,2025-09-20T17:34:16.618Z,PID output = 1.5240000000000058,app,DEBUG,temperature_automation,2025-09-20 19:34:16.618,12.531944444444
Yeast Grow 4 Days,pioreactor02,2025-09-20T17:37:36.609Z,"features={'previous_heater_dc': 87.77, 'room_temp': 22.0, 'is_rpi_zero': False, 'volume': 14.0, 'time_series_of_temp': [58.8125, 55.25, 52.604166666666664, 50.427083333333336, 48.541666666666664, 46.916666666666664, 45.5, 44.25, 43.135416666666664, 42.15625, 41.28125, 40.489583333333336, 39.760416666666664, 39.125, 38.541666666666664, 38.0, 37.5, 37.041666666666664, 36.625, 36.25, 35.875]}",app,DEBUG,temperature_automation,2025-09-20 19:37:36.609,12.5875
Yeast Grow 4 Days,pioreactor02,2025-09-20T17:37:36.617Z,PID output = -2.158000000000004,app,DEBUG,temperature_automation,2025-09-20 19:37:36.617,12.5875
Yeast Grow 4 Days,pioreactor02,2025-09-20T17:40:56.612Z,"features={'previous_heater_dc': 85.61, 'room_temp': 22.0, 'is_rpi_zero': False, 'volume': 14.0, 'time_series_of_temp': [58.25, 54.75, 52.1875, 50.052083333333336, 48.229166666666664, 46.645833333333336, 45.260416666666664, 44.03125, 42.947916666666664, 42.0, 41.125, 40.34375, 39.635416666666664, 39.0, 38.4375, 37.875, 37.416666666666664, 36.947916666666664, 36.5625, 36.166666666666664, 35.8125]}",app,DEBUG,temperature_automation,2025-09-20 19:40:56.612,12.643055555556
Yeast Grow 4 Days,pioreactor02,2025-09-20T17:40:56.620Z,PID output = -0.9399999999999892,app,DEBUG,temperature_automation,2025-09-20 19:40:56.620,12.643055555556
Yeast Grow 4 Days,pioreactor02,2025-09-20T17:44:16.610Z,"features={'previous_heater_dc': 84.67, 'room_temp': 22.0, 'is_rpi_zero': False, 'volume': 14.0, 'time_series_of_temp': [57.9375, 54.5, 51.947916666666664, 49.84375, 48.041666666666664, 46.46875, 45.083333333333336, 43.875, 42.802083333333336, 41.84375, 40.989583333333336, 40.208333333333336, 39.510416666666664, 38.875, 38.3125, 37.770833333333336, 37.3125, 36.875, 36.4375, 36.0625, 35.739583333333336]}",app,DEBUG,temperature_automation,2025-09-20 19:44:16.610,12.698611111111
Yeast Grow 4 Days,pioreactor02,2025-09-20T17:44:16.618Z,PID output = 0.8679999999999721,app,DEBUG,temperature_automation,2025-09-20 19:44:16.618,12.698611111111
Yeast Grow 4 Days,pioreactor02,2025-09-20T17:47:36.609Z,"features={'previous_heater_dc': 85.54, 'room_temp': 22.0, 'is_rpi_zero': False, 'volume': 14.0, 'time_series_of_temp': [58.125, 54.677083333333336, 52.09375, 49.979166666666664, 48.135416666666664, 46.541666666666664, 45.15625, 43.9375, 42.854166666666664, 41.875, 41.03125, 40.25, 39.552083333333336, 38.885416666666664, 38.322916666666664, 37.802083333333336, 37.3125, 36.875, 36.46875, 36.072916666666664, 35.739583333333336]}",app,DEBUG,temperature_automation,2025-09-20 19:47:36.609,12.754166666667
Yeast Grow 4 Days,pioreactor02,2025-09-20T17:47:36.618Z,PID output = 1.0280000000000071,app,DEBUG,temperature_automation,2025-09-20 19:47:36.618,12.754166666667
Yeast Grow 4 Days,pioreactor02,2025-09-20T17:50:56.611Z,"features={'previous_heater_dc': 86.57, 'room_temp': 22.0, 'is_rpi_zero': False, 'volume': 14.0, 'time_series_of_temp': [58.4375, 54.927083333333336, 52.322916666666664, 50.166666666666664, 48.333333333333336, 46.71875, 45.322916666666664, 44.09375, 43.0, 42.0, 41.125, 40.34375, 39.625, 39.0, 38.395833333333336, 37.875, 37.375, 36.927083333333336, 36.5, 36.125, 35.75]}",app,DEBUG,temperature_automation,2025-09-20 19:50:56.611,12.809722222222
Yeast Grow 4 Days,pioreactor02,2025-09-20T17:50:56.619Z,PID output = -0.8859999999999892,app,DEBUG,temperature_automation,2025-09-20 19:50:56.619,12.809722222222
Yeast Grow 4 Days,pioreactor02,2025-09-20T17:54:16.610Z,"features={'previous_heater_dc': 85.68, 'room_temp': 22.0, 'is_rpi_zero': False, 'volume': 14.0, 'time_series_of_temp': [58.1875, 54.697916666666664, 52.114583333333336, 49.989583333333336, 48.166666666666664, 46.583333333333336, 45.177083333333336, 43.947916666666664, 42.864583333333336, 41.895833333333336, 41.041666666666664, 40.25, 39.5625, 38.927083333333336, 38.3125, 37.8125, 37.3125, 36.875, 36.447916666666664, 36.0625, 35.708333333333336]}",app,DEBUG,temperature_automation,2025-09-20 19:54:16.610,12.865277777778
Yeast Grow 4 Days,pioreactor02,2025-09-20T17:54:16.618Z,PID output = -0.6079999999999999,app,DEBUG,temperature_automation,2025-09-20 19:54:16.618,12.865277777778
Yeast Grow 4 Days,pioreactor02,2025-09-20T17:57:36.612Z,"features={'previous_heater_dc': 85.07, 'room_temp': 22.0, 'is_rpi_zero': False, 'volume': 14.0, 'time_series_of_temp': [57.9375, 54.5, 51.927083333333336, 49.8125, 47.989583333333336, 46.40625, 45.041666666666664, 43.802083333333336, 42.729166666666664, 41.78125, 40.916666666666664, 40.145833333333336, 39.447916666666664, 38.8125, 38.229166666666664, 37.697916666666664, 37.21875, 36.78125, 36.375, 36.0, 35.635416666666664]}",app,DEBUG,temperature_automation,2025-09-20 19:57:36.612,12.920833333333
Yeast Grow 4 Days,pioreactor02,2025-09-20T17:57:36.619Z,PID output = 0.7939999999999912,app,DEBUG,temperature_automation,2025-09-20 19:57:36.619,12.920833333333
Yeast Grow 4 Days,pioreactor02,2025-09-20T18:00:56.611Z,"features={'previous_heater_dc': 85.86, 'room_temp': 22.0, 'is_rpi_zero': False, 'volume': 14.0, 'time_series_of_temp': [58.15625, 54.6875, 52.104166666666664, 49.96875, 48.135416666666664, 46.552083333333336, 45.15625, 43.927083333333336, 42.84375, 41.875, 41.010416666666664, 40.25, 39.520833333333336, 38.885416666666664, 38.302083333333336, 37.770833333333336, 37.28125, 36.822916666666664, 36.4375, 36.052083333333336, 35.6875]}",app,DEBUG,temperature_automation,2025-09-20 20:00:56.611,12.976388888889
Yeast Grow 4 Days,pioreactor02,2025-09-20T18:00:56.620Z,PID output = 0.32000000000000595,app,DEBUG,temperature_automation,2025-09-20 20:00:56.620,12.976388888889
Yeast Grow 4 Days,pioreactor02,2025-09-20T18:04:16.612Z,"features={'previous_heater_dc': 86.18, 'room_temp': 22.0, 'is_rpi_zero': False, 'volume': 14.0, 'time_series_of_temp': [58.25, 54.760416666666664, 52.15625, 50.03125, 48.177083333333336, 46.59375, 45.197916666666664, 43.958333333333336, 42.875, 41.885416666666664, 41.020833333333336, 40.25, 39.541666666666664, 38.885416666666664, 38.3125, 37.770833333333336, 37.302083333333336, 36.854166666666664, 36.4375, 36.0625, 35.6875]}",app,DEBUG,temperature_automation,2025-09-20 20:04:16.612,13.031944444444
Yeast Grow 4 Days,pioreactor02,2025-09-20T18:04:16.620Z,PID output = 0.6139999999999914,app,DEBUG,temperature_automation,2025-09-20 20:04:16.620,13.031944444444
Yeast Grow 4 Days,pioreactor02,2025-09-20T18:07:36.612Z,"features={'previous_heater_dc': 86.79, 'room_temp': 22.0, 'is_rpi_zero': False, 'volume': 14.0, 'time_series_of_temp': [58.458333333333336, 54.9375, 52.333333333333336, 50.177083333333336, 48.3125, 46.708333333333336, 45.291666666666664, 44.0625, 42.96875, 41.989583333333336, 41.125, 40.3125, 39.625, 38.979166666666664, 38.375, 37.864583333333336, 37.375, 36.927083333333336, 36.5, 36.125, 35.75]}",app,DEBUG,temperature_automation,2025-09-20 20:07:36.612,13.0875
Yeast Grow 4 Days,pioreactor02,2025-09-20T18:07:36.620Z,PID output = -0.3819999999999872,app,DEBUG,temperature_automation,2025-09-20 20:07:36.620,13.0875
Yeast Grow 4 Days,pioreactor02,2025-09-20T18:10:56.609Z,"features={'previous_heater_dc': 86.41, 'room_temp': 22.0, 'is_rpi_zero': False, 'volume': 14.0, 'time_series_of_temp': [58.427083333333336, 54.90625, 52.302083333333336, 50.15625, 48.3125, 46.697916666666664, 45.302083333333336, 44.072916666666664, 42.979166666666664, 42.0, 41.145833333333336, 40.354166666666664, 39.635416666666664, 39.0, 38.416666666666664, 37.875, 37.375, 36.9375, 36.510416666666664, 36.125, 35.75]}",app,DEBUG,temperature_automation,2025-09-20 20:10:56.609,13.143055555556
Yeast Grow 4 Days,pioreactor02,2025-09-20T18:10:56.616Z,PID output = -2.0820000000000274,app,DEBUG,temperature_automation,2025-09-20 20:10:56.616,13.143055555556
Yeast Grow 4 Days,pioreactor02,2025-09-20T18:14:16.611Z,"features={'previous_heater_dc': 84.33, 'room_temp': 22.0, 'is_rpi_zero': False, 'volume': 14.0, 'time_series_of_temp': [57.791666666666664, 54.375, 51.822916666666664, 49.71875, 47.90625, 46.354166666666664, 44.96875, 43.760416666666664, 42.697916666666664, 41.739583333333336, 40.875, 40.125, 39.4375, 38.8125, 38.229166666666664, 37.6875, 37.239583333333336, 36.791666666666664, 36.375, 36.0, 35.65625]}",app,DEBUG,temperature_automation,2025-09-20 20:14:16.611,13.198611111111
Yeast Grow 4 Days,pioreactor02,2025-09-20T18:14:16.619Z,PID output = 0.7380000000000123,app,DEBUG,temperature_automation,2025-09-20 20:14:16.619,13.198611111111
Yeast Grow 4 Days,pioreactor02,2025-09-20T18:17:36.611Z,"features={'previous_heater_dc': 85.07, 'room_temp': 22.0, 'is_rpi_zero': False, 'volume': 14.0, 'time_series_of_temp': [57.947916666666664, 54.510416666666664, 51.947916666666664, 49.84375, 48.020833333333336, 46.4375, 45.041666666666664, 43.84375, 42.760416666666664, 41.802083333333336, 40.9375, 40.1875, 39.46875, 38.8125, 38.25, 37.71875, 37.25, 36.791666666666664, 36.375, 36.0, 35.65625]}",app,DEBUG,temperature_automation,2025-09-20 20:17:36.611,13.254166666667
Yeast Grow 4 Days,pioreactor02,2025-09-20T18:17:36.619Z,PID output = 0.8260000000000033,app,DEBUG,temperature_automation,2025-09-20 20:17:36.619,13.254166666667
Yeast Grow 4 Days,pioreactor02,2025-09-20T18:20:56.611Z,"features={'previous_heater_dc': 85.9, 'room_temp': 22.0, 'is_rpi_zero': False, 'volume': 14.0, 'time_series_of_temp': [58.125, 54.666666666666664, 52.0625, 49.9375, 48.09375, 46.520833333333336, 45.114583333333336, 43.895833333333336, 42.802083333333336, 41.8125, 40.9375, 40.166666666666664, 39.46875, 38.8125, 38.25, 37.697916666666664, 37.229166666666664, 36.791666666666664, 36.375, 36.0, 35.625]}",app,DEBUG,temperature_automation,2025-09-20 20:20:56.611,13.309722222222
Yeast Grow 4 Days,pioreactor02,2025-09-20T18:20:56.619Z,PID output = 1.9099999999999895,app,DEBUG,temperature_automation,2025-09-20 20:20:56.619,13.309722222222
Yeast Grow 4 Days,pioreactor02,2025-09-20T18:24:16.611Z,"features={'previous_heater_dc': 87.81, 'room_temp': 22.0, 'is_rpi_zero': False, 'volume': 14.0, 'time_series_of_temp': [58.6875, 55.125, 52.5, 50.3125, 48.4375, 46.791666666666664, 45.385416666666664, 44.135416666666664, 43.0, 42.020833333333336, 41.145833333333336, 40.34375, 39.625, 38.989583333333336, 38.375, 37.84375, 37.364583333333336, 36.885416666666664, 36.489583333333336, 36.125, 35.75]}",app,DEBUG,temperature_automation,2025-09-20 20:24:16.611,13.365277777778
Yeast Grow 4 Days,pioreactor02,2025-09-20T18:24:16.619Z,PID output = 1.022000000000005,app,DEBUG,temperature_automation,2025-09-20 20:24:16.619,13.365277777778
Yeast Grow 4 Days,pioreactor02,2025-09-20T18:27:36.610Z,"features={'previous_heater_dc': 88.83, 'room_temp': 22.0, 'is_rpi_zero': False, 'volume': 14.0, 'time_series_of_temp': [59.052083333333336, 55.4375, 52.770833333333336, 50.572916666666664, 48.677083333333336, 47.03125, 45.583333333333336, 44.322916666666664, 43.208333333333336, 42.1875, 41.302083333333336, 40.5, 39.75, 39.114583333333336, 38.510416666666664, 37.979166666666664, 37.479166666666664, 37.0, 36.572916666666664, 36.1875, 35.833333333333336]}",app,DEBUG,temperature_automation,2025-09-20 20:27:36.610,13.420833333333
Yeast Grow 4 Days,pioreactor02,2025-09-20T18:27:36.618Z,PID output = -0.2680000000000013,app,DEBUG,temperature_automation,2025-09-20 20:27:36.618,13.420833333333
Yeast Grow 4 Days,pioreactor02,2025-09-20T18:30:56.610Z,"features={'previous_heater_dc': 88.56, 'room_temp': 22.0, 'is_rpi_zero': False, 'volume': 14.0, 'time_series_of_temp': [59.03125, 55.4375, 52.78125, 50.59375, 48.6875, 47.041666666666664, 45.614583333333336, 44.354166666666664, 43.229166666666664, 42.229166666666664, 41.333333333333336, 40.53125, 39.8125, 39.15625, 38.5625, 38.0, 37.5, 37.052083333333336, 36.625, 36.229166666666664, 35.875]}",app,DEBUG,temperature_automation,2025-09-20 20:30:56.610,13.476388888889
Yeast Grow 4 Days,pioreactor02,2025-09-20T18:30:56.618Z,PID output = -0.10799999999998838,app,DEBUG,temperature_automation,2025-09-20 20:30:56.618,13.476388888889
Yeast Grow 4 Days,pioreactor02,2025-09-20T18:34:16.610Z,"features={'previous_heater_dc': 88.45, 'room_temp': 22.0, 'is_rpi_zero': False, 'volume': 14.0, 'time_series_of_temp': [59.020833333333336, 55.447916666666664, 52.802083333333336, 50.583333333333336, 48.708333333333336, 47.072916666666664, 45.635416666666664, 44.375, 43.260416666666664, 42.270833333333336, 41.375, 40.552083333333336, 39.854166666666664, 39.1875, 38.604166666666664, 38.0625, 37.552083333333336, 37.0625, 36.677083333333336, 36.270833333333336, 35.916666666666664]}",app,DEBUG,temperature_automation,2025-09-20 20:34:16.610,13.531944444444
Yeast Grow 4 Days,pioreactor02,2025-09-20T18:34:16.618Z,PID output = -0.38799999999999524,app,DEBUG,temperature_automation,2025-09-20 20:34:16.618,13.531944444444
Yeast Grow 4 Days,pioreactor02,2025-09-20T18:37:36.611Z,"features={'previous_heater_dc': 88.06, 'room_temp': 22.0, 'is_rpi_zero': False, 'volume': 14.0, 'time_series_of_temp': [58.989583333333336, 55.395833333333336, 52.770833333333336, 50.572916666666664, 48.697916666666664, 47.052083333333336, 45.635416666666664, 44.385416666666664, 43.270833333333336, 42.270833333333336, 41.395833333333336, 40.572916666666664, 39.875, 39.21875, 38.625, 38.0625, 37.5625, 37.125, 36.6875, 36.3125, 35.947916666666664]}",app,DEBUG,temperature_automation,2025-09-20 20:37:36.611,13.5875
Yeast Grow 4 Days,pioreactor02,2025-09-20T18:37:36.620Z,PID output = -1.0540000000000112,app,DEBUG,temperature_automation,2025-09-20 20:37:36.620,13.5875
Yeast Grow 4 Days,pioreactor02,2025-09-20T18:40:56.611Z,"features={'previous_heater_dc': 87.01, 'room_temp': 22.0, 'is_rpi_zero': False, 'volume': 14.0, 'time_series_of_temp': [58.6875, 55.15625, 52.541666666666664, 50.395833333333336, 48.520833333333336, 46.90625, 45.5, 44.260416666666664, 43.15625, 42.177083333333336, 41.302083333333336, 40.510416666666664, 39.8125, 39.166666666666664, 38.5625, 38.041666666666664, 37.552083333333336, 37.072916666666664, 36.677083333333336, 36.291666666666664, 35.9375]}",app,DEBUG,temperature_automation,2025-09-20 20:40:56.611,13.643055555556
Yeast Grow 4 Days,pioreactor02,2025-09-20T18:40:56.620Z,PID output = -0.5079999999999728,app,DEBUG,temperature_automation,2025-09-20 20:40:56.620,13.643055555556
Yeast Grow 4 Days,pioreactor02,2025-09-20T18:44:16.610Z,"features={'previous_heater_dc': 86.5, 'room_temp': 22.0, 'is_rpi_zero': False, 'volume': 14.0, 'time_series_of_temp': [58.5625, 55.03125, 52.4375, 50.28125, 48.427083333333336, 46.833333333333336, 45.4375, 44.197916666666664, 43.114583333333336, 42.125, 41.25, 40.458333333333336, 39.75, 39.125, 38.53125, 38.0, 37.510416666666664, 37.0625, 36.635416666666664, 36.25, 35.916666666666664]}",app,DEBUG,temperature_automation,2025-09-20 20:44:16.610,13.698611111111
Yeast Grow 4 Days,pioreactor02,2025-09-20T18:44:16.618Z,PID output = -0.8480000000000075,app,DEBUG,temperature_automation,2025-09-20 20:44:16.618,13.698611111111
Yeast Grow 4 Days,pioreactor02,2025-09-20T18:47:36.611Z,"features={'previous_heater_dc': 85.65, 'room_temp': 22.0, 'is_rpi_zero': False, 'volume': 14.0, 'time_series_of_temp': [58.3125, 54.833333333333336, 52.260416666666664, 50.125, 48.28125, 46.71875, 45.322916666666664, 44.104166666666664, 43.010416666666664, 42.041666666666664, 41.1875, 40.395833333333336, 39.697916666666664, 39.0625, 38.489583333333336, 37.947916666666664, 37.479166666666664, 37.020833333333336, 36.614583333333336, 36.239583333333336, 35.875]}",app,DEBUG,temperature_automation,2025-09-20 20:47:36.611,13.754166666667
Yeast Grow 4 Days,pioreactor02,2025-09-20T18:47:36.619Z,PID output = -0.5000000000000114,app,DEBUG,temperature_automation,2025-09-20 20:47:36.619,13.754166666667
Yeast Grow 4 Days,pioreactor02,2025-09-20T18:50:56.612Z,"features={'previous_heater_dc': 85.15, 'room_temp': 22.0, 'is_rpi_zero': False, 'volume': 14.0, 'time_series_of_temp': [58.135416666666664, 54.6875, 52.135416666666664, 50.010416666666664, 48.1875, 46.59375, 45.21875, 44.010416666666664, 42.9375, 41.96875, 41.125, 40.333333333333336, 39.625, 39.0, 38.4375, 37.895833333333336, 37.416666666666664, 36.947916666666664, 36.5625, 36.177083333333336, 35.8125]}",app,DEBUG,temperature_automation,2025-09-20 20:50:56.612,13.809722222222
Yeast Grow 4 Days,pioreactor02,2025-09-20T18:50:56.620Z,PID output = -0.8339999999999961,app,DEBUG,temperature_automation,2025-09-20 20:50:56.620,13.809722222222
Yeast Grow 4 Days,pioreactor02,2025-09-20T18:54:16.612Z,"features={'previous_heater_dc': 84.32, 'room_temp': 22.0, 'is_rpi_zero': False, 'volume': 14.0, 'time_series_of_temp': [57.8125, 54.395833333333336, 51.864583333333336, 49.75, 47.958333333333336, 46.375, 45.010416666666664, 43.822916666666664, 42.739583333333336, 41.78125, 40.947916666666664, 40.177083333333336, 39.5, 38.875, 38.291666666666664, 37.760416666666664, 37.291666666666664, 36.875, 36.4375, 36.0625, 35.729166666666664]}",app,DEBUG,temperature_automation,2025-09-20 20:54:16.612,13.865277777778
Yeast Grow 4 Days,pioreactor02,2025-09-20T18:54:16.620Z,PID output = -0.21799999999998365,app,DEBUG,temperature_automation,2025-09-20 20:54:16.620,13.865277777778
Yeast Grow 4 Days,pioreactor02,2025-09-20T18:57:36.611Z,"features={'previous_heater_dc': 84.1, 'room_temp': 22.0, 'is_rpi_zero': False, 'volume': 14.0, 'time_series_of_temp': [57.6875, 54.291666666666664, 51.75, 49.65625, 47.84375, 46.291666666666664, 44.916666666666664, 43.729166666666664, 42.65625, 41.708333333333336, 40.84375, 40.09375, 39.40625, 38.760416666666664, 38.1875, 37.6875, 37.1875, 36.75, 36.375, 36.0, 35.635416666666664]}",app,DEBUG,temperature_automation,2025-09-20 20:57:36.611,13.920833333333
Yeast Grow 4 Days,pioreactor02,2025-09-20T18:57:36.619Z,PID output = 1.1619999999999835,app,DEBUG,temperature_automation,2025-09-20 20:57:36.619,13.920833333333
Yeast Grow 4 Days,pioreactor02,2025-09-20T19:00:56.612Z,"features={'previous_heater_dc': 85.26, 'room_temp': 22.0, 'is_rpi_zero': False, 'volume': 14.0, 'time_series_of_temp': [57.979166666666664, 54.53125, 51.96875, 49.84375, 48.03125, 46.4375, 45.041666666666664, 43.833333333333336, 42.75, 41.78125, 40.9375, 40.15625, 39.447916666666664, 38.8125, 38.25, 37.729166666666664, 37.239583333333336, 36.802083333333336, 36.375, 36.010416666666664, 35.645833333333336]}",app,DEBUG,temperature_automation,2025-09-20 21:00:56.612,13.976388888889
Yeast Grow 4 Days,pioreactor02,2025-09-20T19:00:56.620Z,PID output = 0.680000000000011,app,DEBUG,temperature_automation,2025-09-20 21:00:56.620,13.976388888889
Yeast Grow 4 Days,pioreactor02,2025-09-20T19:04:16.611Z,"features={'previous_heater_dc': 85.94, 'room_temp': 22.0, 'is_rpi_zero': False, 'volume': 14.0, 'time_series_of_temp': [58.166666666666664, 54.6875, 52.072916666666664, 49.96875, 48.09375, 46.520833333333336, 45.104166666666664, 43.885416666666664, 42.802083333333336, 41.822916666666664, 40.947916666666664, 40.1875, 39.46875, 38.8125, 38.25, 37.697916666666664, 37.21875, 36.770833333333336, 36.375, 36.0, 35.625]}",app,DEBUG,temperature_automation,2025-09-20 21:04:16.611,14.031944444444
Yeast Grow 4 Days,pioreactor02,2025-09-20T19:04:16.618Z,PID output = 0.8879999999999902,app,DEBUG,temperature_automation,2025-09-20 21:04:16.618,14.031944444444
Yeast Grow 4 Days,pioreactor02,2025-09-20T19:07:36.611Z,"features={'previous_heater_dc': 86.83, 'room_temp': 22.0, 'is_rpi_zero': False, 'volume': 14.0, 'time_series_of_temp': [58.416666666666664, 54.90625, 52.291666666666664, 50.145833333333336, 48.28125, 46.65625, 45.260416666666664, 44.020833333333336, 42.916666666666664, 41.9375, 41.0625, 40.291666666666664, 39.5625, 38.927083333333336, 38.322916666666664, 37.8125, 37.3125, 36.875, 36.4375, 36.0625, 35.708333333333336]}",app,DEBUG,temperature_automation,2025-09-20 21:07:36.611,14.0875
Yeast Grow 4 Days,pioreactor02,2025-09-20T19:07:36.618Z,PID output = 0.3760000000000012,app,DEBUG,temperature_automation,2025-09-20 21:07:36.618,14.0875
Yeast Grow 4 Days,pioreactor02,2025-09-20T19:10:56.610Z,"features={'previous_heater_dc': 87.21, 'room_temp': 22.0, 'is_rpi_zero': False, 'volume': 14.0, 'time_series_of_temp': [58.5625, 55.010416666666664, 52.395833333333336, 50.229166666666664, 48.354166666666664, 46.75, 45.333333333333336, 44.083333333333336, 42.979166666666664, 41.989583333333336, 41.125, 40.322916666666664, 39.625, 38.989583333333336, 38.375, 37.864583333333336, 37.375, 36.885416666666664, 36.5, 36.114583333333336, 35.75]}",app,DEBUG,temperature_automation,2025-09-20 21:10:56.610,14.143055555556
Yeast Grow 4 Days,pioreactor02,2025-09-20T19:10:56.619Z,PID output = -0.10799999999998838,app,DEBUG,temperature_automation,2025-09-20 21:10:56.619,14.143055555556
Yeast Grow 4 Days,pioreactor02,2025-09-20T19:14:16.612Z,"features={'previous_heater_dc': 87.1, 'room_temp': 22.0, 'is_rpi_zero': False, 'volume': 14.0, 'time_series_of_temp': [58.5625, 55.020833333333336, 52.395833333333336, 50.239583333333336, 48.375, 46.760416666666664, 45.34375, 44.104166666666664, 43.0, 42.0, 41.125, 40.34375, 39.625, 38.989583333333336, 38.395833333333336, 37.854166666666664, 37.375, 36.895833333333336, 36.5, 36.104166666666664, 35.75]}",app,DEBUG,temperature_automation,2025-09-20 21:14:16.612,14.198611111111
Yeast Grow 4 Days,pioreactor02,2025-09-20T19:14:16.619Z,PID output = 0.26000000000000373,app,DEBUG,temperature_automation,2025-09-20 21:14:16.619,14.198611111111
Yeast Grow 4 Days,pioreactor02,2025-09-20T19:17:36.612Z,"features={'previous_heater_dc': 87.36, 'room_temp': 22.0, 'is_rpi_zero': False, 'volume': 14.0, 'time_series_of_temp': [58.625, 55.09375, 52.479166666666664, 50.28125, 48.427083333333336, 46.822916666666664, 45.40625, 44.15625, 43.052083333333336, 42.0625, 41.1875, 40.375, 39.6875, 39.020833333333336, 38.4375, 37.90625, 37.395833333333336, 36.9375, 36.541666666666664, 36.145833333333336, 35.802083333333336]}",app,DEBUG,temperature_automation,2025-09-20 21:17:36.612,14.254166666667
Yeast Grow 4 Days,pioreactor02,2025-09-20T19:17:36.620Z,PID output = 0.6199999999999832,app,DEBUG,temperature_automation,2025-09-20 21:17:36.620,14.254166666667
Yeast Grow 4 Days,pioreactor02,2025-09-20T19:20:56.611Z,"features={'previous_heater_dc': 87.98, 'room_temp': 22.0, 'is_rpi_zero': False, 'volume': 14.0, 'time_series_of_temp': [58.875, 55.302083333333336, 52.666666666666664, 50.46875, 48.59375, 46.96875, 45.53125, 44.291666666666664, 43.166666666666664, 42.1875, 41.302083333333336, 40.5, 39.770833333333336, 39.125, 38.552083333333336, 38.0, 37.5, 37.041666666666664, 36.625, 36.21875, 35.875]}",app,DEBUG,temperature_automation,2025-09-20 21:20:56.611,14.309722222222
Yeast Grow 4 Days,pioreactor02,2025-09-20T19:20:56.618Z,PID output = -0.9060000000000016,app,DEBUG,temperature_automation,2025-09-20 21:20:56.618,14.309722222222
Yeast Grow 4 Days,pioreactor02,2025-09-20T19:24:16.613Z,"features={'previous_heater_dc': 87.07, 'room_temp': 22.0, 'is_rpi_zero': False, 'volume': 14.0, 'time_series_of_temp': [58.625, 55.09375, 52.489583333333336, 50.3125, 48.458333333333336, 46.84375, 45.427083333333336, 44.197916666666664, 43.083333333333336, 42.083333333333336, 41.208333333333336, 40.4375, 39.708333333333336, 39.0625, 38.489583333333336, 37.9375, 37.4375, 37.0, 36.5625, 36.1875, 35.8125]}",app,DEBUG,temperature_automation,2025-09-20 21:24:16.613,14.365277777778
Yeast Grow 4 Days,pioreactor02,2025-09-20T19:24:16.621Z,PID output = 0.06600000000001954,app,DEBUG,temperature_automation,2025-09-20 21:24:16.621,14.365277777778
Yeast Grow 4 Days,pioreactor02,2025-09-20T19:27:36.612Z,"features={'previous_heater_dc': 87.14, 'room_temp': 22.0, 'is_rpi_zero': False, 'volume': 14.0, 'time_series_of_temp': [58.65625, 55.125, 52.510416666666664, 50.333333333333336, 48.479166666666664, 46.854166666666664, 45.447916666666664, 44.208333333333336, 43.09375, 42.104166666666664, 41.229166666666664, 40.4375, 39.71875, 39.083333333333336, 38.5, 37.9375, 37.4375, 36.989583333333336, 36.5625, 36.1875, 35.8125]}",app,DEBUG,temperature_automation,2025-09-20 21:27:36.612,14.420833333333
Yeast Grow 4 Days,pioreactor02,2025-09-20T19:27:36.620Z,PID output = -0.5299999999999969,app,DEBUG,temperature_automation,2025-09-20 21:27:36.620,14.420833333333
Yeast Grow 4 Days,pioreactor02,2025-09-20T19:30:56.612Z,"features={'previous_heater_dc': 86.61, 'room_temp': 22.0, 'is_rpi_zero': False, 'volume': 14.0, 'time_series_of_temp': [58.5, 54.96875, 52.364583333333336, 50.21875, 48.364583333333336, 46.760416666666664, 45.354166666666664, 44.135416666666664, 43.03125, 42.041666666666664, 41.1875, 40.385416666666664, 39.6875, 39.041666666666664, 38.458333333333336, 37.9375, 37.4375, 36.989583333333336, 36.5625, 36.1875, 35.822916666666664]}",app,DEBUG,temperature_automation,2025-09-20 21:30:56.612,14.476388888889
Yeast Grow 4 Days,pioreactor02,2025-09-20T19:30:56.619Z,PID output = -0.8560000000000201,app,DEBUG,temperature_automation,2025-09-20 21:30:56.619,14.476388888889
Yeast Grow 4 Days,pioreactor02,2025-09-20T19:34:16.613Z,"features={'previous_heater_dc': 85.75, 'room_temp': 22.0, 'is_rpi_zero': False, 'volume': 14.0, 'time_series_of_temp': [58.208333333333336, 54.75, 52.177083333333336, 50.041666666666664, 48.1875, 46.614583333333336, 45.21875, 44.0, 42.916666666666664, 41.947916666666664, 41.09375, 40.3125, 39.614583333333336, 38.989583333333336, 38.40625, 37.864583333333336, 37.375, 36.9375, 36.510416666666664, 36.125, 35.791666666666664]}",app,DEBUG,temperature_automation,2025-09-20 21:34:16.613,14.531944444444
Yeast Grow 4 Days,pioreactor02,2025-09-20T19:34:16.620Z,PID output = -0.29799999999998195,app,DEBUG,temperature_automation,2025-09-20 21:34:16.620,14.531944444444
Yeast Grow 4 Days,pioreactor02,2025-09-20T19:37:36.609Z,"features={'previous_heater_dc': 85.45, 'room_temp': 22.0, 'is_rpi_zero': False, 'volume': 14.0, 'time_series_of_temp': [58.125, 54.677083333333336, 52.104166666666664, 49.96875, 48.135416666666664, 46.572916666666664, 45.166666666666664, 43.958333333333336, 42.875, 41.885416666666664, 41.041666666666664, 40.25, 39.5625, 38.9375, 38.34375, 37.8125, 37.333333333333336, 36.875, 36.479166666666664, 36.114583333333336, 35.75]}",app,DEBUG,temperature_automation,2025-09-20 21:37:36.609,14.5875
Yeast Grow 4 Days,pioreactor02,2025-09-20T19:37:36.617Z,PID output = 1.0499999999999985,app,DEBUG,temperature_automation,2025-09-20 21:37:36.617,14.5875
Yeast Grow 4 Days,pioreactor02,2025-09-20T19:40:56.611Z,"features={'previous_heater_dc': 86.5, 'room_temp': 22.0, 'is_rpi_zero': False, 'volume': 14.0, 'time_series_of_temp': [58.416666666666664, 54.885416666666664, 52.291666666666664, 50.135416666666664, 48.291666666666664, 46.697916666666664, 45.291666666666664, 44.03125, 42.958333333333336, 41.979166666666664, 41.104166666666664, 40.3125, 39.59375, 38.9375, 38.375, 37.8125, 37.322916666666664, 36.875, 36.489583333333336, 36.114583333333336, 35.75]}",app,DEBUG,temperature_automation,2025-09-20 21:40:56.611,14.643055555556
Yeast Grow 4 Days,pioreactor02,2025-09-20T19:40:56.618Z,PID output = 1.0659999999999947,app,DEBUG,temperature_automation,2025-09-20 21:40:56.618,14.643055555556
Yeast Grow 4 Days,pioreactor02,2025-09-20T19:44:16.615Z,"features={'previous_heater_dc': 87.57, 'room_temp': 22.0, 'is_rpi_zero': False, 'volume': 14.0, 'time_series_of_temp': [58.75, 55.1875, 52.572916666666664, 50.40625, 48.53125, 46.916666666666664, 45.5, 44.239583333333336, 43.125, 42.135416666666664, 41.25, 40.447916666666664, 39.739583333333336, 39.09375, 38.5, 37.958333333333336, 37.458333333333336, 37.0, 36.604166666666664, 36.1875, 35.854166666666664]}",app,DEBUG,temperature_automation,2025-09-20 21:44:16.615,14.698611111111
Yeast Grow 4 Days,pioreactor02,2025-09-20T19:44:16.623Z,PID output = 0.5400000000000105,app,DEBUG,temperature_automation,2025-09-20 21:44:16.623,14.698611111111
Yeast Grow 4 Days,pioreactor02,2025-09-20T19:47:36.611Z,"features={'previous_heater_dc': 88.11, 'room_temp': 22.0, 'is_rpi_zero': False, 'volume': 14.0, 'time_series_of_temp': [58.9375, 55.385416666666664, 52.739583333333336, 50.552083333333336, 48.65625, 47.03125, 45.604166666666664, 44.34375, 43.229166666666664, 42.25, 41.34375, 40.541666666666664, 39.822916666666664, 39.1875, 38.583333333333336, 38.041666666666664, 37.5625, 37.072916666666664, 36.666666666666664, 36.291666666666664, 35.9375]}",app,DEBUG,temperature_automation,2025-09-20 21:47:36.611,14.754166666667
Yeast Grow 4 Days,pioreactor02,2025-09-20T19:47:36.619Z,PID output = 0.061999999999986954,app,DEBUG,temperature_automation,2025-09-20 21:47:36.619,14.754166666667
Yeast Grow 4 Days,pioreactor02,2025-09-20T19:50:56.612Z,"features={'previous_heater_dc': 88.17, 'room_temp': 22.0, 'is_rpi_zero': False, 'volume': 14.0, 'time_series_of_temp': [59.0, 55.447916666666664, 52.802083333333336, 50.614583333333336, 48.708333333333336, 47.09375, 45.65625, 44.40625, 43.291666666666664, 42.291666666666664, 41.40625, 40.614583333333336, 39.875, 39.25, 38.625, 38.114583333333336, 37.59375, 37.125, 36.71875, 36.322916666666664, 35.96875]}",app,DEBUG,temperature_automation,2025-09-20 21:50:56.612,14.809722222222
Yeast Grow 4 Days,pioreactor02,2025-09-20T19:50:56.620Z,PID output = -0.8140000000000035,app,DEBUG,temperature_automation,2025-09-20 21:50:56.620,14.809722222222
Yeast Grow 4 Days,pioreactor02,2025-09-20T19:54:16.612Z,"features={'previous_heater_dc': 87.36, 'room_temp': 22.0, 'is_rpi_zero': False, 'volume': 14.0, 'time_series_of_temp': [58.8125, 55.25, 52.65625, 50.46875, 48.59375, 46.96875, 45.5625, 44.302083333333336, 43.197916666666664, 42.208333333333336, 41.322916666666664, 40.53125, 39.8125, 39.177083333333336, 38.572916666666664, 38.052083333333336, 37.5625, 37.0625, 36.6875, 36.28125, 35.9375]}",app,DEBUG,temperature_automation,2025-09-20 21:54:16.612,14.865277777778
Yeast Grow 4 Days,pioreactor02,2025-09-20T19:54:16.619Z,PID output = 0.13800000000000523,app,DEBUG,temperature_automation,2025-09-20 21:54:16.619,14.865277777778
Yeast Grow 4 Days,pioreactor02,2025-09-20T19:57:36.610Z,"features={'previous_heater_dc': 87.5, 'room_temp': 22.0, 'is_rpi_zero': False, 'volume': 14.0, 'time_series_of_temp': [58.854166666666664, 55.302083333333336, 52.666666666666664, 50.479166666666664, 48.59375, 46.979166666666664, 45.552083333333336, 44.3125, 43.21875, 42.21875, 41.333333333333336, 40.552083333333336, 39.8125, 39.1875, 38.59375, 38.0625, 37.5625, 37.072916666666664, 36.6875, 36.291666666666664, 35.9375]}",app,DEBUG,temperature_automation,2025-09-20 21:57:36.610,14.920833333333
Yeast Grow 4 Days,pioreactor02,2025-09-20T19:57:36.617Z,PID output = -1.5120000000000062,app,DEBUG,temperature_automation,2025-09-20 21:57:36.617,14.920833333333
Yeast Grow 4 Days,pioreactor02,2025-09-20T20:00:56.610Z,"features={'previous_heater_dc': 85.99, 'room_temp': 22.0, 'is_rpi_zero': False, 'volume': 14.0, 'time_series_of_temp': [58.322916666666664, 54.854166666666664, 52.260416666666664, 50.114583333333336, 48.260416666666664, 46.666666666666664, 45.28125, 44.052083333333336, 42.958333333333336, 41.989583333333336, 41.125, 40.322916666666664, 39.625, 39.0, 38.416666666666664, 37.875, 37.375, 36.9375, 36.5, 36.125, 35.75]}",app,DEBUG,temperature_automation,2025-09-20 22:00:56.610,14.976388888889
Yeast Grow 4 Days,pioreactor02,2025-09-20T20:00:56.618Z,PID output = -0.6179999999999879,app,DEBUG,temperature_automation,2025-09-20 22:00:56.618,14.976388888889
Yeast Grow 4 Days,pioreactor02,2025-09-20T20:04:16.611Z,"features={'previous_heater_dc': 85.37, 'room_temp': 22.0, 'is_rpi_zero': False, 'volume': 14.0, 'time_series_of_temp': [58.0625, 54.604166666666664, 52.020833333333336, 49.90625, 48.072916666666664, 46.489583333333336, 45.09375, 43.885416666666664, 42.802083333333336, 41.84375, 40.979166666666664, 40.197916666666664, 39.5, 38.875, 38.28125, 37.75, 37.260416666666664, 36.8125, 36.427083333333336, 36.052083333333336, 35.6875]}",app,DEBUG,temperature_automation,2025-09-20 22:04:16.611,15.031944444444
Yeast Grow 4 Days,pioreactor02,2025-09-20T20:04:16.618Z,PID output = 1.0119999999999947,app,DEBUG,temperature_automation,2025-09-20 22:04:16.618,15.031944444444
Yeast Grow 4 Days,pioreactor02,2025-09-20T20:07:36.611Z,"features={'previous_heater_dc': 86.38, 'room_temp': 22.0, 'is_rpi_zero': False, 'volume': 14.0, 'time_series_of_temp': [58.333333333333336, 54.84375, 52.229166666666664, 50.09375, 48.239583333333336, 46.65625, 45.229166666666664, 44.010416666666664, 42.916666666666664, 41.927083333333336, 41.0625, 40.270833333333336, 39.5625, 38.927083333333336, 38.354166666666664, 37.8125, 37.3125, 36.875, 36.447916666666664, 36.072916666666664, 35.729166666666664]}",app,DEBUG,temperature_automation,2025-09-20 22:07:36.611,15.0875
Yeast Grow 4 Days,pioreactor02,2025-09-20T20:07:36.619Z,PID output = 1.008000000000004,app,DEBUG,temperature_automation,2025-09-20 22:07:36.619,15.0875
Yeast Grow 4 Days,pioreactor02,2025-09-20T20:10:56.610Z,"features={'previous_heater_dc': 87.39, 'room_temp': 22.0, 'is_rpi_zero': False, 'volume': 14.0, 'time_series_of_temp': [58.614583333333336, 55.0625, 52.447916666666664, 50.260416666666664, 48.385416666666664, 46.770833333333336, 45.364583333333336, 44.125, 43.010416666666664, 42.03125, 41.15625, 40.34375, 39.625, 39.0, 38.395833333333336, 37.875, 37.375, 36.916666666666664, 36.5, 36.125, 35.75]}",app,DEBUG,temperature_automation,2025-09-20 22:10:56.610,15.143055555556
Yeast Grow 4 Days,pioreactor02,2025-09-20T20:10:56.618Z,PID output = -0.21200000000001182,app,DEBUG,temperature_automation,2025-09-20 22:10:56.618,15.143055555556
Yeast Grow 4 Days,pioreactor02,2025-09-20T20:14:16.611Z,"features={'previous_heater_dc': 87.18, 'room_temp': 22.0, 'is_rpi_zero': False, 'volume': 14.0, 'time_series_of_temp': [58.5625, 55.041666666666664, 52.427083333333336, 50.25, 48.364583333333336, 46.770833333333336, 45.34375, 44.104166666666664, 43.010416666666664, 42.010416666666664, 41.135416666666664, 40.354166666666664, 39.625, 39.0, 38.395833333333336, 37.864583333333336, 37.375, 36.9375, 36.5, 36.125, 35.75]}",app,DEBUG,temperature_automation,2025-09-20 22:14:16.611,15.198611111111
Yeast Grow 4 Days,pioreactor02,2025-09-20T20:14:16.619Z,PID output = 0.73200000000001,app,DEBUG,temperature_automation,2025-09-20 22:14:16.619,15.198611111111
Yeast Grow 4 Days,pioreactor02,2025-09-20T20:17:36.614Z,"features={'previous_heater_dc': 87.91, 'room_temp': 22.0, 'is_rpi_zero': False, 'volume': 14.0, 'time_series_of_temp': [58.8125, 55.239583333333336, 52.614583333333336, 50.40625, 48.53125, 46.916666666666664, 45.479166666666664, 44.229166666666664, 43.114583333333336, 42.114583333333336, 41.239583333333336, 40.4375, 39.697916666666664, 39.0625, 38.479166666666664, 37.9375, 37.4375, 36.96875, 36.5625, 36.177083333333336, 35.8125]}",app,DEBUG,temperature_automation,2025-09-20 22:17:36.614,15.254166666667
Yeast Grow 4 Days,pioreactor02,2025-09-20T20:17:36.622Z,PID output = 0.5800000000000096,app,DEBUG,temperature_automation,2025-09-20 22:17:36.622,15.254166666667
Yeast Grow 4 Days,pioreactor02,2025-09-20T20:20:56.612Z,"features={'previous_heater_dc': 88.49, 'room_temp': 22.0, 'is_rpi_zero': False, 'volume': 14.0, 'time_series_of_temp': [59.0, 55.395833333333336, 52.75, 50.53125, 48.65625, 47.020833333333336, 45.572916666666664, 44.322916666666664, 43.197916666666664, 42.1875, 41.3125, 40.5, 39.78125, 39.125, 38.520833333333336, 38.0, 37.5, 37.020833333333336, 36.625, 36.229166666666664, 35.875]}",app,DEBUG,temperature_automation,2025-09-20 22:20:56.612,15.309722222222
Yeast Grow 4 Days,pioreactor02,2025-09-20T20:20:56.619Z,PID output = 0.5139999999999901,app,DEBUG,temperature_automation,2025-09-20 22:20:56.619,15.309722222222
Yeast Grow 4 Days,pioreactor02,2025-09-20T20:24:16.611Z,"features={'previous_heater_dc': 89.0, 'room_temp': 22.0, 'is_rpi_zero': False, 'volume': 14.0, 'time_series_of_temp': [59.1875, 55.572916666666664, 52.927083333333336, 50.708333333333336, 48.802083333333336, 47.166666666666664, 45.71875, 44.46875, 43.322916666666664, 42.3125, 41.4375, 40.625, 39.875, 39.239583333333336, 38.625, 38.083333333333336, 37.5625, 37.125, 36.6875, 36.3125, 35.9375]}",app,DEBUG,temperature_automation,2025-09-20 22:24:16.611,15.365277777778
Yeast Grow 4 Days,pioreactor02,2025-09-20T20:24:16.618Z,PID output = 0.10799999999999416,app,DEBUG,temperature_automation,2025-09-20 22:24:16.618,15.365277777778
Yeast Grow 4 Days,pioreactor02,2025-09-20T20:27:36.612Z,"features={'previous_heater_dc': 89.11, 'room_temp': 22.0, 'is_rpi_zero': False, 'volume': 14.0, 'time_series_of_temp': [59.260416666666664, 55.677083333333336, 52.979166666666664, 50.78125, 48.875, 47.21875, 45.770833333333336, 44.510416666666664, 43.385416666666664, 42.375, 41.489583333333336, 40.677083333333336, 39.9375, 39.28125, 38.6875, 38.125, 37.625, 37.15625, 36.75, 36.333333333333336, 35.989583333333336]}",app,DEBUG,temperature_automation,2025-09-20 22:27:36.612,15.420833333333
Yeast Grow 4 Days,pioreactor02,2025-09-20T20:27:36.619Z,PID output = -0.3819999999999872,app,DEBUG,temperature_automation,2025-09-20 22:27:36.619,15.420833333333
Yeast Grow 4 Days,pioreactor02,2025-09-20T20:30:56.610Z,"features={'previous_heater_dc': 88.73, 'room_temp': 22.0, 'is_rpi_zero': False, 'volume': 14.0, 'time_series_of_temp': [59.1875, 55.59375, 52.9375, 50.729166666666664, 48.84375, 47.197916666666664, 45.760416666666664, 44.489583333333336, 43.364583333333336, 42.375, 41.5, 40.677083333333336, 39.947916666666664, 39.302083333333336, 38.6875, 38.15625, 37.635416666666664, 37.1875, 36.75, 36.375, 36.0]}",app,DEBUG,temperature_automation,2025-09-20 22:30:56.610,15.476388888889
Yeast Grow 4 Days,pioreactor02,2025-09-20T20:30:56.618Z,PID output = -0.930000000000001,app,DEBUG,temperature_automation,2025-09-20 22:30:56.618,15.476388888889
Yeast Grow 4 Days,pioreactor02,2025-09-20T20:34:16.610Z,"features={'previous_heater_dc': 87.8, 'room_temp': 22.0, 'is_rpi_zero': False, 'volume': 14.0, 'time_series_of_temp': [58.9375, 55.375, 52.739583333333336, 50.5625, 48.666666666666664, 47.052083333333336, 45.635416666666664, 44.364583333333336, 43.260416666666664, 42.270833333333336, 41.375, 40.572916666666664, 39.864583333333336, 39.1875, 38.614583333333336, 38.0625, 37.5625, 37.125, 36.6875, 36.3125, 35.9375]}",app,DEBUG,temperature_automation,2025-09-20 22:34:16.610,15.531944444444
Yeast Grow 4 Days,pioreactor02,2025-09-20T20:34:16.617Z,PID output = 0.4340000000000117,app,DEBUG,temperature_automation,2025-09-20 22:34:16.617,15.531944444444
Yeast Grow 4 Days,pioreactor02,2025-09-20T20:37:36.612Z,"features={'previous_heater_dc': 88.23, 'room_temp': 22.0, 'is_rpi_zero': False, 'volume': 14.0, 'time_series_of_temp': [59.0625, 55.46875, 52.8125, 50.625, 48.739583333333336, 47.104166666666664, 45.666666666666664, 44.416666666666664, 43.302083333333336, 42.302083333333336, 41.4375, 40.604166666666664, 39.885416666666664, 39.25, 38.625, 38.125, 37.59375, 37.135416666666664, 36.729166666666664, 36.322916666666664, 35.989583333333336]}",app,DEBUG,temperature_automation,2025-09-20 22:37:36.612,15.5875
Yeast Grow 4 Days,pioreactor02,2025-09-20T20:37:36.620Z,PID output = -0.8179999999999907,app,DEBUG,temperature_automation,2025-09-20 22:37:36.620,15.5875
Yeast Grow 4 Days,pioreactor02,2025-09-20T20:40:56.610Z,"features={'previous_heater_dc': 87.41, 'room_temp': 22.0, 'is_rpi_zero': False, 'volume': 14.0, 'time_series_of_temp': [58.8125, 55.25, 52.645833333333336, 50.46875, 48.59375, 46.979166666666664, 45.541666666666664, 44.291666666666664, 43.1875, 42.208333333333336, 41.3125, 40.541666666666664, 39.822916666666664, 39.166666666666664, 38.5625, 38.041666666666664, 37.541666666666664, 37.0625, 36.645833333333336, 36.25, 35.916666666666664]}",app,DEBUG,temperature_automation,2025-09-20 22:40:56.610,15.643055555556
Yeast Grow 4 Days,pioreactor02,2025-09-20T20:40:56.618Z,PID output = -0.09600000000003633,app,DEBUG,temperature_automation,2025-09-20 22:40:56.618,15.643055555556
Yeast Grow 4 Days,pioreactor02,2025-09-20T20:44:16.611Z,"features={'previous_heater_dc': 87.31, 'room_temp': 22.0, 'is_rpi_zero': False, 'volume': 14.0, 'time_series_of_temp': [58.75, 55.21875, 52.604166666666664, 50.40625, 48.541666666666664, 46.9375, 45.520833333333336, 44.260416666666664, 43.166666666666664, 42.177083333333336, 41.291666666666664, 40.5, 39.760416666666664, 39.125, 38.53125, 38.0, 37.5, 37.041666666666664, 36.625, 36.25, 35.875]}",app,DEBUG,temperature_automation,2025-09-20 22:44:16.611,15.698611111111
Yeast Grow 4 Days,pioreactor02,2025-09-20T20:44:16.620Z,PID output = 0.5580000000000126,app,DEBUG,temperature_automation,2025-09-20 22:44:16.620,15.698611111111
Yeast Grow 4 Days,pioreactor02,2025-09-20T20:47:36.612Z,"features={'previous_heater_dc': 87.87, 'room_temp': 22.0, 'is_rpi_zero': False, 'volume': 14.0, 'time_series_of_temp': [58.875, 55.322916666666664, 52.677083333333336, 50.489583333333336, 48.604166666666664, 46.989583333333336, 45.552083333333336, 44.3125, 43.1875, 42.208333333333336, 41.322916666666664, 40.5, 39.802083333333336, 39.145833333333336, 38.5625, 38.0, 37.5, 37.0625, 36.645833333333336, 36.260416666666664, 35.875]}",app,DEBUG,temperature_automation,2025-09-20 22:47:36.612,15.754166666667
Yeast Grow 4 Days,pioreactor02,2025-09-20T20:47:36.620Z,PID output = -0.09199999999999803,app,DEBUG,temperature_automation,2025-09-20 22:47:36.620,15.754166666667
Yeast Grow 4 Days,pioreactor02,2025-09-20T20:50:56.610Z,"features={'previous_heater_dc': 87.78, 'room_temp': 22.0, 'is_rpi_zero': False, 'volume': 14.0, 'time_series_of_temp': [58.875, 55.3125, 52.666666666666664, 50.489583333333336, 48.604166666666664, 46.96875, 45.5625, 44.302083333333336, 43.197916666666664, 42.21875, 41.333333333333336, 40.541666666666664, 39.802083333333336, 39.177083333333336, 38.572916666666664, 38.041666666666664, 37.5625, 37.072916666666664, 36.666666666666664, 36.260416666666664, 35.9375]}",app,DEBUG,temperature_automation,2025-09-20 22:50:56.610,15.809722222222
Yeast Grow 4 Days,pioreactor02,2025-09-20T20:50:56.618Z,PID output = -1.008000000000004,app,DEBUG,temperature_automation,2025-09-20 22:50:56.618,15.809722222222
Yeast Grow 4 Days,pioreactor02,2025-09-20T20:54:16.610Z,"features={'previous_heater_dc': 86.77, 'room_temp': 22.0, 'is_rpi_zero': False, 'volume': 14.0, 'time_series_of_temp': [58.572916666666664, 55.072916666666664, 52.46875, 50.302083333333336, 48.4375, 46.854166666666664, 45.427083333333336, 44.1875, 43.104166666666664, 42.114583333333336, 41.25, 40.458333333333336, 39.75, 39.114583333333336, 38.510416666666664, 37.979166666666664, 37.5, 37.020833333333336, 36.625, 36.21875, 35.875]}",app,DEBUG,temperature_automation,2025-09-20 22:54:16.610,15.865277777778
Yeast Grow 4 Days,pioreactor02,2025-09-20T20:54:16.617Z,PID output = -0.1479999999999933,app,DEBUG,temperature_automation,2025-09-20 22:54:16.617,15.865277777778
Yeast Grow 4 Days,pioreactor02,2025-09-20T20:57:36.612Z,"features={'previous_heater_dc': 86.62, 'room_temp': 22.0, 'is_rpi_zero': False, 'volume': 14.0, 'time_series_of_temp': [58.552083333333336, 55.0, 52.416666666666664, 50.239583333333336, 48.395833333333336, 46.78125, 45.385416666666664, 44.135416666666664, 43.052083333333336, 42.0625, 41.1875, 40.40625, 39.6875, 39.0625, 38.46875, 37.9375, 37.4375, 37.0, 36.572916666666664, 36.197916666666664, 35.854166666666664]}",app,DEBUG,temperature_automation,2025-09-20 22:57:36.612,15.920833333333
Yeast Grow 4 Days,pioreactor02,2025-09-20T20:57:36.620Z,PID output = -0.21400000000001287,app,DEBUG,temperature_automation,2025-09-20 22:57:36.620,15.920833333333
Yeast Grow 4 Days,pioreactor02,2025-09-20T21:00:56.612Z,"features={'previous_heater_dc': 86.41, 'room_temp': 22.0, 'is_rpi_zero': False, 'volume': 14.0, 'time_series_of_temp': [58.46875, 54.958333333333336, 52.354166666666664, 50.208333333333336, 48.34375, 46.75, 45.354166666666664, 44.114583333333336, 43.020833333333336, 42.052083333333336, 41.1875, 40.375, 39.6875, 39.041666666666664, 38.4375, 37.927083333333336, 37.4375, 36.979166666666664, 36.5625, 36.177083333333336, 35.8125]}",app,DEBUG,temperature_automation,2025-09-20 23:00:56.612,15.976388888889
Yeast Grow 4 Days,pioreactor02,2025-09-20T21:00:56.620Z,PID output = -0.7640000000000058,app,DEBUG,temperature_automation,2025-09-20 23:00:56.620,15.976388888889
Yeast Grow 4 Days,pioreactor02,2025-09-20T21:04:16.612Z,"features={'previous_heater_dc': 85.65, 'room_temp': 22.0, 'is_rpi_zero': False, 'volume': 14.0, 'time_series_of_temp': [58.197916666666664, 54.75, 52.15625, 50.03125, 48.1875, 46.604166666666664, 45.21875, 44.0, 42.90625, 41.9375, 41.0625, 40.302083333333336, 39.59375, 38.947916666666664, 38.375, 37.833333333333336, 37.375, 36.916666666666664, 36.5, 36.125, 35.75]}",app,DEBUG,temperature_automation,2025-09-20 23:04:16.612,16.031944444444
Yeast Grow 4 Days,pioreactor02,2025-09-20T21:04:16.620Z,PID output = 0.4220000000000283,app,DEBUG,temperature_automation,2025-09-20 23:04:16.620,16.031944444444
Yeast Grow 4 Days,pioreactor02,2025-09-20T21:07:36.612Z,"features={'previous_heater_dc': 86.07, 'room_temp': 22.0, 'is_rpi_zero': False, 'volume': 14.0, 'time_series_of_temp': [58.3125, 54.822916666666664, 52.229166666666664, 50.09375, 48.239583333333336, 46.65625, 45.25, 44.010416666666664, 42.9375, 41.958333333333336, 41.104166666666664, 40.3125, 39.604166666666664, 38.958333333333336, 38.375, 37.854166666666664, 37.375, 36.895833333333336, 36.5, 36.125, 35.75]}",app,DEBUG,temperature_automation,2025-09-20 23:07:36.612,16.0875
Yeast Grow 4 Days,pioreactor02,2025-09-20T21:07:36.620Z,PID output = -0.05800000000000694,app,DEBUG,temperature_automation,2025-09-20 23:07:36.620,16.0875
Yeast Grow 4 Days,pioreactor02,2025-09-20T21:10:56.611Z,"features={'previous_heater_dc': 86.01, 'room_temp': 22.0, 'is_rpi_zero': False, 'volume': 14.0, 'time_series_of_temp': [58.25, 54.78125, 52.208333333333336, 50.052083333333336, 48.208333333333336, 46.625, 45.21875, 44.010416666666664, 42.895833333333336, 41.927083333333336, 41.0625, 40.291666666666664, 39.572916666666664, 38.947916666666664, 38.364583333333336, 37.8125, 37.333333333333336, 36.875, 36.489583333333336, 36.104166666666664, 35.75]}",app,DEBUG,temperature_automation,2025-09-20 23:10:56.611,16.143055555556
Yeast Grow 4 Days,pioreactor02,2025-09-20T21:10:56.618Z,PID output = 1.2639999999999858,app,DEBUG,temperature_automation,2025-09-20 23:10:56.618,16.143055555556
Yeast Grow 4 Days,pioreactor02,2025-09-20T21:14:16.613Z,"features={'previous_heater_dc': 87.27, 'room_temp': 22.0, 'is_rpi_zero': False, 'volume': 14.0, 'time_series_of_temp': [58.625, 55.09375, 52.46875, 50.28125, 48.40625, 46.822916666666664, 45.395833333333336, 44.145833333333336, 43.041666666666664, 42.0625, 41.177083333333336, 40.375, 39.677083333333336, 39.010416666666664, 38.4375, 37.875, 37.395833333333336, 36.9375, 36.53125, 36.135416666666664, 35.760416666666664]}",app,DEBUG,temperature_automation,2025-09-20 23:14:16.613,16.198611111111
Yeast Grow 4 Days,pioreactor02,2025-09-20T21:14:16.621Z,PID output = -0.4019999999999996,app,DEBUG,temperature_automation,2025-09-20 23:14:16.621,16.198611111111
Yeast Grow 4 Days,pioreactor02,2025-09-20T21:17:36.610Z,"features={'previous_heater_dc': 86.87, 'room_temp': 22.0, 'is_rpi_zero': False, 'volume': 14.0, 'time_series_of_temp': [58.5, 55.0, 52.375, 50.21875, 48.34375, 46.739583333333336, 45.322916666666664, 44.09375, 43.0, 42.010416666666664, 41.15625, 40.364583333333336, 39.625, 39.0, 38.4375, 37.895833333333336, 37.385416666666664, 36.9375, 36.552083333333336, 36.145833333333336, 35.8125]}",app,DEBUG,temperature_automation,2025-09-20 23:17:36.610,16.254166666667
Yeast Grow 4 Days,pioreactor02,2025-09-20T21:17:36.617Z,PID output = 0.6079999999999999,app,DEBUG,temperature_automation,2025-09-20 23:17:36.617,16.254166666667
Yeast Grow 4 Days,pioreactor02,2025-09-20T21:20:56.610Z,"features={'previous_heater_dc': 87.48, 'room_temp': 22.0, 'is_rpi_zero': False, 'volume': 14.0, 'time_series_of_temp': [58.697916666666664, 55.145833333333336, 52.552083333333336, 50.354166666666664, 48.479166666666664, 46.854166666666664, 45.4375, 44.197916666666664, 43.09375, 42.09375, 41.21875, 40.416666666666664, 39.6875, 39.0625, 38.46875, 37.9375, 37.4375, 36.989583333333336, 36.5625, 36.177083333333336, 35.8125]}",app,DEBUG,temperature_automation,2025-09-20 23:20:56.610,16.309722222222
Yeast Grow 4 Days,pioreactor02,2025-09-20T21:20:56.618Z,PID output = 0.42999999999999544,app,DEBUG,temperature_automation,2025-09-20 23:20:56.618,16.309722222222
Yeast Grow 4 Days,pioreactor02,2025-09-20T21:24:16.612Z,"features={'previous_heater_dc': 87.91, 'room_temp': 22.0, 'is_rpi_zero': False, 'volume': 14.0, 'time_series_of_temp': [58.875, 55.291666666666664, 52.65625, 50.46875, 48.59375, 46.958333333333336, 45.53125, 44.28125, 43.177083333333336, 42.166666666666664, 41.302083333333336, 40.5, 39.770833333333336, 39.125, 38.53125, 38.0, 37.5, 37.020833333333336, 36.625, 36.208333333333336, 35.875]}",app,DEBUG,temperature_automation,2025-09-20 23:24:16.612,16.365277777778
Yeast Grow 4 Days,pioreactor02,2025-09-20T21:24:16.620Z,PID output = -0.8140000000000035,app,DEBUG,temperature_automation,2025-09-20 23:24:16.620,16.365277777778
Yeast Grow 4 Days,pioreactor02,2025-09-20T21:27:36.613Z,"features={'previous_heater_dc': 87.1, 'room_temp': 22.0, 'is_rpi_zero': False, 'volume': 14.0, 'time_series_of_temp': [58.666666666666664, 55.125, 52.510416666666664, 50.34375, 48.479166666666664, 46.864583333333336, 45.458333333333336, 44.208333333333336, 43.09375, 42.114583333333336, 41.239583333333336, 40.427083333333336, 39.708333333333336, 39.0625, 38.5, 37.947916666666664, 37.4375, 37.0, 36.5625, 36.1875, 35.833333333333336]}",app,DEBUG,temperature_automation,2025-09-20 23:27:36.613,16.420833333333
Yeast Grow 4 Days,pioreactor02,2025-09-20T21:27:36.620Z,PID output = 0.42599999999999905,app,DEBUG,temperature_automation,2025-09-20 23:27:36.620,16.420833333333
Yeast Grow 4 Days,pioreactor02,2025-09-20T21:30:56.611Z,"features={'previous_heater_dc': 87.53, 'room_temp': 22.0, 'is_rpi_zero': False, 'volume': 14.0, 'time_series_of_temp': [58.75, 55.21875, 52.583333333333336, 50.40625, 48.53125, 46.916666666666664, 45.479166666666664, 44.25, 43.125, 42.145833333333336, 41.28125, 40.479166666666664, 39.760416666666664, 39.125, 38.53125, 37.989583333333336, 37.5, 37.020833333333336, 36.614583333333336, 36.208333333333336, 35.875]}",app,DEBUG,temperature_automation,2025-09-20 23:30:56.611,16.476388888889
Yeast Grow 4 Days,pioreactor02,2025-09-20T21:30:56.619Z,PID output = -0.6160000000000124,app,DEBUG,temperature_automation,2025-09-20 23:30:56.619,16.476388888889
Yeast Grow 4 Days,pioreactor02,2025-09-20T21:34:16.610Z,"features={'previous_heater_dc': 86.91, 'room_temp': 22.0, 'is_rpi_zero': False, 'volume': 14.0, 'time_series_of_temp': [58.604166666666664, 55.0625, 52.46875, 50.302083333333336, 48.4375, 46.822916666666664, 45.40625, 44.177083333333336, 43.072916666666664, 42.09375, 41.208333333333336, 40.4375, 39.71875, 39.072916666666664, 38.5, 37.947916666666664, 37.447916666666664, 37.0, 36.59375, 36.208333333333336, 35.864583333333336]}",app,DEBUG,temperature_automation,2025-09-20 23:34:16.610,16.531944444444
Yeast Grow 4 Days,pioreactor02,2025-09-20T21:34:16.618Z,PID output = 0.13199999999998793,app,DEBUG,temperature_automation,2025-09-20 23:34:16.618,16.531944444444
Yeast Grow 4 Days,pioreactor02,2025-09-20T21:37:36.610Z,"features={'previous_heater_dc': 87.04, 'room_temp': 22.0, 'is_rpi_zero': False, 'volume': 14.0, 'time_series_of_temp': [58.625, 55.114583333333336, 52.5, 50.322916666666664, 48.46875, 46.84375, 45.458333333333336, 44.1875, 43.09375, 42.125, 41.239583333333336, 40.447916666666664, 39.75, 39.072916666666664, 38.5, 37.979166666666664, 37.479166666666664, 37.0, 36.583333333333336, 36.1875, 35.854166666666664]}",app,DEBUG,temperature_automation,2025-09-20 23:37:36.610,16.5875
Yeast Grow 4 Days,pioreactor02,2025-09-20T21:37:36.618Z,PID output = -0.5560000000000102,app,DEBUG,temperature_automation,2025-09-20 23:37:36.618,16.5875
Yeast Grow 4 Days,pioreactor02,2025-09-20T21:40:56.610Z,"features={'previous_heater_dc': 86.48, 'room_temp': 22.0, 'is_rpi_zero': False, 'volume': 14.0, 'time_series_of_temp': [58.4375, 54.9375, 52.333333333333336, 50.177083333333336, 48.322916666666664, 46.729166666666664, 45.333333333333336, 44.09375, 42.979166666666664, 42.010416666666664, 41.15625, 40.364583333333336, 39.635416666666664, 39.0, 38.4375, 37.875, 37.416666666666664, 36.9375, 36.552083333333336, 36.125, 35.802083333333336]}",app,DEBUG,temperature_automation,2025-09-20 23:40:56.610,16.643055555556
Yeast Grow 4 Days,pioreactor02,2025-09-20T21:40:56.618Z,PID output = 0.5580000000000126,app,DEBUG,temperature_automation,2025-09-20 23:40:56.618,16.643055555556
Yeast Grow 4 Days,pioreactor02,2025-09-20T21:44:16.613Z,"features={'previous_heater_dc': 87.04, 'room_temp': 22.0, 'is_rpi_zero': False, 'volume': 14.0, 'time_series_of_temp': [58.625, 55.072916666666664, 52.458333333333336, 50.302083333333336, 48.4375, 46.8125, 45.40625, 44.166666666666664, 43.072916666666664, 42.072916666666664, 41.197916666666664, 40.427083333333336, 39.6875, 39.0625, 38.46875, 37.947916666666664, 37.4375, 37.0, 36.5625, 36.1875, 35.8125]}",app,DEBUG,temperature_automation,2025-09-20 23:44:16.613,16.698611111111
Yeast Grow 4 Days,pioreactor02,2025-09-20T21:44:16.621Z,PID output = -1.0280000000000165,app,DEBUG,temperature_automation,2025-09-20 23:44:16.621,16.698611111111
Yeast Grow 4 Days,pioreactor02,2025-09-20T21:47:36.611Z,"features={'previous_heater_dc': 86.01, 'room_temp': 22.0, 'is_rpi_zero': False, 'volume': 14.0, 'time_series_of_temp': [58.3125, 54.822916666666664, 52.229166666666664, 50.083333333333336, 48.239583333333336, 46.645833333333336, 45.260416666666664, 44.03125, 42.927083333333336, 41.958333333333336, 41.09375, 40.3125, 39.59375, 38.947916666666664, 38.375, 37.822916666666664, 37.333333333333336, 36.875, 36.5, 36.104166666666664, 35.75]}",app,DEBUG,temperature_automation,2025-09-20 23:47:36.611,16.754166666667
Yeast Grow 4 Days,pioreactor02,2025-09-20T21:47:36.619Z,PID output = 0.6700000000000229,app,DEBUG,temperature_automation,2025-09-20 23:47:36.619,16.754166666667
Yeast Grow 4 Days,pioreactor02,2025-09-20T21:50:56.611Z,"features={'previous_heater_dc': 86.68, 'room_temp': 22.0, 'is_rpi_zero': False, 'volume': 14.0, 'time_series_of_temp': [58.479166666666664, 54.947916666666664, 52.333333333333336, 50.1875, 48.3125, 46.71875, 45.302083333333336, 44.072916666666664, 42.96875, 42.0, 41.125, 40.3125, 39.625, 38.96875, 38.385416666666664, 37.875, 37.375, 36.895833333333336, 36.5, 36.125, 35.75]}",app,DEBUG,temperature_automation,2025-09-20 23:50:56.611,16.809722222222
Yeast Grow 4 Days,pioreactor02,2025-09-20T21:50:56.619Z,PID output = -0.26200000000001533,app,DEBUG,temperature_automation,2025-09-20 23:50:56.619,16.809722222222
Yeast Grow 4 Days,pioreactor02,2025-09-20T21:54:16.609Z,"features={'previous_heater_dc': 86.42, 'room_temp': 22.0, 'is_rpi_zero': False, 'volume': 14.0, 'time_series_of_temp': [58.375, 54.875, 52.28125, 50.125, 48.28125, 46.6875, 45.291666666666664, 44.041666666666664, 42.958333333333336, 41.979166666666664, 41.104166666666664, 40.322916666666664, 39.625, 39.0, 38.385416666666664, 37.875, 37.375, 36.895833333333336, 36.5, 36.125, 35.75]}",app,DEBUG,temperature_automation,2025-09-20 23:54:16.609,16.865277777778
Yeast Grow 4 Days,pioreactor02,2025-09-20T21:54:16.618Z,PID output = -0.582000000000005,app,DEBUG,temperature_automation,2025-09-20 23:54:16.618,16.865277777778
Yeast Grow 4 Days,pioreactor02,2025-09-20T21:57:36.612Z,"features={'previous_heater_dc': 85.84, 'room_temp': 22.0, 'is_rpi_zero': False, 'volume': 14.0, 'time_series_of_temp': [58.1875, 54.697916666666664, 52.114583333333336, 49.989583333333336, 48.135416666666664, 46.552083333333336, 45.145833333333336, 43.916666666666664, 42.833333333333336, 41.854166666666664, 41.0, 40.21875, 39.510416666666664, 38.875, 38.28125, 37.75, 37.25, 36.8125, 36.40625, 36.03125, 35.6875]}",app,DEBUG,temperature_automation,2025-09-20 23:57:36.612,16.920833333333
Yeast Grow 4 Days,pioreactor02,2025-09-20T21:57:36.621Z,PID output = 1.6120000000000074,app,DEBUG,temperature_automation,2025-09-20 23:57:36.621,16.920833333333
Yeast Grow 4 Days,pioreactor02,2025-09-20T22:00:56.613Z,"features={'previous_heater_dc': 87.45, 'room_temp': 22.0, 'is_rpi_zero': False, 'volume': 14.0, 'time_series_of_temp': [58.625, 55.072916666666664, 52.447916666666664, 50.28125, 48.40625, 46.791666666666664, 45.375, 44.145833333333336, 43.03125, 42.0625, 41.177083333333336, 40.375, 39.666666666666664, 39.020833333333336, 38.4375, 37.875, 37.395833333333336, 36.9375, 36.520833333333336, 36.125, 35.770833333333336]}",app,DEBUG,temperature_automation,2025-09-21 00:00:56.613,16.976388888889
Yeast Grow 4 Days,pioreactor02,2025-09-20T22:00:56.621Z,PID output = -1.168000000000017,app,DEBUG,temperature_automation,2025-09-21 00:00:56.621,16.976388888889
Yeast Grow 4 Days,pioreactor02,2025-09-20T22:04:16.612Z,"features={'previous_heater_dc': 86.28, 'room_temp': 22.0, 'is_rpi_zero': False, 'volume': 14.0, 'time_series_of_temp': [58.34375, 54.833333333333336, 52.239583333333336, 50.083333333333336, 48.229166666666664, 46.645833333333336, 45.21875, 44.010416666666664, 42.90625, 41.9375, 41.083333333333336, 40.270833333333336, 39.5625, 38.9375, 38.333333333333336, 37.8125, 37.322916666666664, 36.875, 36.46875, 36.104166666666664, 35.75]}",app,DEBUG,temperature_automation,2025-09-21 00:04:16.612,17.031944444444
Yeast Grow 4 Days,pioreactor02,2025-09-20T22:04:16.620Z,PID output = 1.2120000000000033,app,DEBUG,temperature_automation,2025-09-21 00:04:16.620,17.031944444444
Yeast Grow 4 Days,pioreactor02,2025-09-20T22:07:36.611Z,"features={'previous_heater_dc': 87.49, 'room_temp': 22.0, 'is_rpi_zero': False, 'volume': 14.0, 'time_series_of_temp': [58.6875, 55.15625, 52.520833333333336, 50.34375, 48.458333333333336, 46.864583333333336, 45.447916666666664, 44.197916666666664, 43.09375, 42.104166666666664, 41.229166666666664, 40.416666666666664, 39.6875, 39.0625, 38.46875, 37.9375, 37.4375, 36.96875, 36.5625, 36.1875, 35.8125]}",app,DEBUG,temperature_automation,2025-09-21 00:07:36.611,17.0875
Yeast Grow 4 Days,pioreactor02,2025-09-20T22:07:36.619Z,PID output = -0.09399999999999334,app,DEBUG,temperature_automation,2025-09-21 00:07:36.619,17.0875
Yeast Grow 4 Days,pioreactor02,2025-09-20T22:10:56.611Z,"features={'previous_heater_dc': 87.4, 'room_temp': 22.0, 'is_rpi_zero': False, 'volume': 14.0, 'time_series_of_temp': [58.6875, 55.135416666666664, 52.510416666666664, 50.333333333333336, 48.46875, 46.854166666666664, 45.427083333333336, 44.197916666666664, 43.072916666666664, 42.114583333333336, 41.229166666666664, 40.4375, 39.71875, 39.0625, 38.489583333333336, 37.9375, 37.458333333333336, 37.0, 36.583333333333336, 36.1875, 35.875]}",app,DEBUG,temperature_automation,2025-09-21 00:10:56.611,17.143055555556
Yeast Grow 4 Days,pioreactor02,2025-09-20T22:10:56.619Z,PID output = -0.03400000000000744,app,DEBUG,temperature_automation,2025-09-21 00:10:56.619,17.143055555556
Yeast Grow 4 Days,pioreactor02,2025-09-20T22:14:16.612Z,"features={'previous_heater_dc': 87.37, 'room_temp': 22.0, 'is_rpi_zero': False, 'volume': 14.0, 'time_series_of_temp': [58.75, 55.1875, 52.572916666666664, 50.385416666666664, 48.520833333333336, 46.90625, 45.489583333333336, 44.25, 43.145833333333336, 42.166666666666664, 41.270833333333336, 40.479166666666664, 39.760416666666664, 39.125, 38.552083333333336, 38.0, 37.5, 37.041666666666664, 36.625, 36.25, 35.875]}",app,DEBUG,temperature_automation,2025-09-21 00:14:16.612,17.198611111111
Yeast Grow 4 Days,pioreactor02,2025-09-20T22:14:16.619Z,PID output = -1.5519999999999796,app,DEBUG,temperature_automation,2025-09-21 00:14:16.619,17.198611111111
Yeast Grow 4 Days,pioreactor02,2025-09-20T22:17:36.611Z,"features={'previous_heater_dc': 85.82, 'room_temp': 22.0, 'is_rpi_zero': False, 'volume': 14.0, 'time_series_of_temp': [58.260416666666664, 54.8125, 52.21875, 50.083333333333336, 48.239583333333336, 46.65625, 45.260416666666664, 44.03125, 42.9375, 41.979166666666664, 41.114583333333336, 40.322916666666664, 39.625, 38.989583333333336, 38.427083333333336, 37.875, 37.375, 36.9375, 36.510416666666664, 36.125, 35.802083333333336]}",app,DEBUG,temperature_automation,2025-09-21 00:17:36.611,17.254166666667
Yeast Grow 4 Days,pioreactor02,2025-09-20T22:17:36.618Z,PID output = 0.4419999999999731,app,DEBUG,temperature_automation,2025-09-21 00:17:36.618,17.254166666667
Yeast Grow 4 Days,pioreactor02,2025-09-20T22:20:56.610Z,"features={'previous_heater_dc': 86.26, 'room_temp': 22.0, 'is_rpi_zero': False, 'volume': 14.0, 'time_series_of_temp': [58.375, 54.875, 52.270833333333336, 50.114583333333336, 48.28125, 46.677083333333336, 45.28125, 44.052083333333336, 42.947916666666664, 41.989583333333336, 41.114583333333336, 40.322916666666664, 39.614583333333336, 38.979166666666664, 38.385416666666664, 37.875, 37.375, 36.90625, 36.5, 36.125, 35.75]}",app,DEBUG,temperature_automation,2025-09-21 00:20:56.610,17.309722222222
Yeast Grow 4 Days,pioreactor02,2025-09-20T22:20:56.619Z,PID output = -0.8039999999999793,app,DEBUG,temperature_automation,2025-09-21 00:20:56.619,17.309722222222
Yeast Grow 4 Days,pioreactor02,2025-09-20T22:24:16.610Z,"features={'previous_heater_dc': 85.46, 'room_temp': 22.0, 'is_rpi_zero': False, 'volume': 14.0, 'time_series_of_temp': [58.104166666666664, 54.625, 52.052083333333336, 49.927083333333336, 48.09375, 46.510416666666664, 45.114583333333336, 43.895833333333336, 42.833333333333336, 41.854166666666664, 40.989583333333336, 40.21875, 39.510416666666664, 38.875, 38.302083333333336, 37.760416666666664, 37.302083333333336, 36.854166666666664, 36.4375, 36.0625, 35.697916666666664]}",app,DEBUG,temperature_automation,2025-09-21 00:24:16.610,17.365277777778
Yeast Grow 4 Days,pioreactor02,2025-09-20T22:24:16.618Z,PID output = 0.5459999999999708,app,DEBUG,temperature_automation,2025-09-21 00:24:16.618,17.365277777778
Yeast Grow 4 Days,pioreactor02,2025-09-20T22:27:36.611Z,"features={'previous_heater_dc': 86.01, 'room_temp': 22.0, 'is_rpi_zero': False, 'volume': 14.0, 'time_series_of_temp': [58.1875, 54.729166666666664, 52.135416666666664, 49.989583333333336, 48.15625, 46.5625, 45.166666666666664, 43.9375, 42.84375, 41.875, 41.0, 40.229166666666664, 39.520833333333336, 38.875, 38.3125, 37.770833333333336, 37.270833333333336, 36.822916666666664, 36.4375, 36.052083333333336, 35.6875]}",app,DEBUG,temperature_automation,2025-09-21 00:27:36.611,17.420833333333
Yeast Grow 4 Days,pioreactor02,2025-09-20T22:27:36.619Z,PID output = 1.4600000000000235,app,DEBUG,temperature_automation,2025-09-21 00:27:36.619,17.420833333333
Yeast Grow 4 Days,pioreactor02,2025-09-20T22:30:56.612Z,"features={'previous_heater_dc': 87.47, 'room_temp': 22.0, 'is_rpi_zero': False, 'volume': 14.0, 'time_series_of_temp': [58.625, 55.083333333333336, 52.458333333333336, 50.28125, 48.40625, 46.78125, 45.375, 44.125, 43.020833333333336, 42.03125, 41.15625, 40.375, 39.645833333333336, 39.010416666666664, 38.416666666666664, 37.875, 37.375, 36.9375, 36.5, 36.125, 35.760416666666664]}",app,DEBUG,temperature_automation,2025-09-21 00:30:56.612,17.476388888889
Yeast Grow 4 Days,pioreactor02,2025-09-20T22:30:56.620Z,PID output = -0.5140000000000007,app,DEBUG,temperature_automation,2025-09-21 00:30:56.620,17.476388888889
Yeast Grow 4 Days,pioreactor02,2025-09-20T22:34:16.612Z,"features={'previous_heater_dc': 86.96, 'room_temp': 22.0, 'is_rpi_zero': False, 'volume': 14.0, 'time_series_of_temp': [58.5, 55.0, 52.375, 50.208333333333336, 48.34375, 46.739583333333336, 45.34375, 44.09375, 43.0, 42.010416666666664, 41.145833333333336, 40.354166666666664, 39.635416666666664, 39.0, 38.40625, 37.875, 37.375, 36.927083333333336, 36.520833333333336, 36.125, 35.770833333333336]}",app,DEBUG,temperature_automation,2025-09-21 00:34:16.612,17.531944444444
Yeast Grow 4 Days,pioreactor02,2025-09-20T22:34:16.620Z,PID output = 0.13000000000000186,app,DEBUG,temperature_automation,2025-09-21 00:34:16.620,17.531944444444
Yeast Grow 4 Days,pioreactor02,2025-09-20T22:37:36.612Z,"features={'previous_heater_dc': 87.09, 'room_temp': 22.0, 'is_rpi_zero': False, 'volume': 14.0, 'time_series_of_temp': [58.5625, 55.041666666666664, 52.427083333333336, 50.260416666666664, 48.385416666666664, 46.770833333333336, 45.34375, 44.125, 43.010416666666664, 42.03125, 41.15625, 40.354166666666664, 39.635416666666664, 39.0, 38.427083333333336, 37.875, 37.375, 36.9375, 36.5, 36.125, 35.75]}",app,DEBUG,temperature_automation,2025-09-21 00:37:36.612,17.5875
Yeast Grow 4 Days,pioreactor02,2025-09-20T22:37:36.620Z,PID output = 0.13000000000000186,app,DEBUG,temperature_automation,2025-09-21 00:37:36.620,17.5875
Yeast Grow 4 Days,pioreactor02,2025-09-20T22:40:56.612Z,"features={'previous_heater_dc': 87.22, 'room_temp': 22.0, 'is_rpi_zero': False, 'volume': 14.0, 'time_series_of_temp': [58.625, 55.09375, 52.46875, 50.291666666666664, 48.4375, 46.822916666666664, 45.40625, 44.15625, 43.0625, 42.0625, 41.1875, 40.395833333333336, 39.6875, 39.03125, 38.4375, 37.916666666666664, 37.416666666666664, 36.947916666666664, 36.552083333333336, 36.145833333333336, 35.8125]}",app,DEBUG,temperature_automation,2025-09-21 00:40:56.612,17.643055555556
Yeast Grow 4 Days,pioreactor02,2025-09-20T22:40:56.619Z,PID output = 0.5619999999999926,app,DEBUG,temperature_automation,2025-09-21 00:40:56.619,17.643055555556
Yeast Grow 4 Days,pioreactor02,2025-09-20T22:44:16.610Z,"features={'previous_heater_dc': 87.78, 'room_temp': 22.0, 'is_rpi_zero': False, 'volume': 14.0, 'time_series_of_temp': [58.8125, 55.229166666666664, 52.614583333333336, 50.416666666666664, 48.541666666666664, 46.916666666666664, 45.489583333333336, 44.239583333333336, 43.125, 42.145833333333336, 41.270833333333336, 40.458333333333336, 39.75, 39.09375, 38.5, 37.958333333333336, 37.46875, 37.0, 36.59375, 36.197916666666664, 35.854166666666664]}",app,DEBUG,temperature_automation,2025-09-21 00:44:16.610,17.698611111111
Yeast Grow 4 Days,pioreactor02,2025-09-20T22:44:16.618Z,PID output = -0.36200000000000043,app,DEBUG,temperature_automation,2025-09-21 00:44:16.618,17.698611111111
Yeast Grow 4 Days,pioreactor02,2025-09-20T22:47:36.612Z,"features={'previous_heater_dc': 87.42, 'room_temp': 22.0, 'is_rpi_zero': False, 'volume': 14.0, 'time_series_of_temp': [58.6875, 55.15625, 52.541666666666664, 50.354166666666664, 48.479166666666664, 46.854166666666664, 45.447916666666664, 44.208333333333336, 43.083333333333336, 42.114583333333336, 41.239583333333336, 40.4375, 39.71875, 39.0625, 38.489583333333336, 37.9375, 37.4375, 36.989583333333336, 36.5625, 36.1875, 35.8125]}",app,DEBUG,temperature_automation,2025-09-21 00:47:36.612,17.754166666667
Yeast Grow 4 Days,pioreactor02,2025-09-20T22:47:36.620Z,PID output = -0.09199999999999803,app,DEBUG,temperature_automation,2025-09-21 00:47:36.620,17.754166666667
Yeast Grow 4 Days,pioreactor02,2025-09-20T22:50:56.614Z,"features={'previous_heater_dc': 87.33, 'room_temp': 22.0, 'is_rpi_zero': False, 'volume': 14.0, 'time_series_of_temp': [58.677083333333336, 55.114583333333336, 52.510416666666664, 50.322916666666664, 48.447916666666664, 46.833333333333336, 45.416666666666664, 44.166666666666664, 43.072916666666664, 42.09375, 41.197916666666664, 40.40625, 39.6875, 39.0625, 38.458333333333336, 37.9375, 37.4375, 36.958333333333336, 36.5625, 36.1875, 35.8125]}",app,DEBUG,temperature_automation,2025-09-21 00:50:56.614,17.809722222222
Yeast Grow 4 Days,pioreactor02,2025-09-20T22:50:56.622Z,PID output = -0.1440000000000225,app,DEBUG,temperature_automation,2025-09-21 00:50:56.622,17.809722222222
Yeast Grow 4 Days,pioreactor02,2025-09-20T22:54:16.611Z,"features={'previous_heater_dc': 87.19, 'room_temp': 22.0, 'is_rpi_zero': False, 'volume': 14.0, 'time_series_of_temp': [58.625, 55.083333333333336, 52.46875, 50.291666666666664, 48.4375, 46.84375, 45.40625, 44.177083333333336, 43.052083333333336, 42.072916666666664, 41.197916666666664, 40.40625, 39.697916666666664, 39.052083333333336, 38.447916666666664, 37.927083333333336, 37.427083333333336, 36.947916666666664, 36.5625, 36.1875, 35.8125]}",app,DEBUG,temperature_automation,2025-09-21 00:54:16.611,17.865277777778
Yeast Grow 4 Days,pioreactor02,2025-09-20T22:54:16.620Z,PID output = 0.5960000000000164,app,DEBUG,temperature_automation,2025-09-21 00:54:16.620,17.865277777778
Yeast Grow 4 Days,pioreactor02,2025-09-20T22:57:36.612Z,"features={'previous_heater_dc': 87.79, 'room_temp': 22.0, 'is_rpi_zero': False, 'volume': 14.0, 'time_series_of_temp': [58.8125, 55.25, 52.614583333333336, 50.427083333333336, 48.541666666666664, 46.927083333333336, 45.5, 44.239583333333336, 43.125, 42.145833333333336, 41.260416666666664, 40.447916666666664, 39.739583333333336, 39.104166666666664, 38.5, 37.958333333333336, 37.46875, 37.0, 36.572916666666664, 36.1875, 35.833333333333336]}",app,DEBUG,temperature_automation,2025-09-21 00:57:36.612,17.920833333333
Yeast Grow 4 Days,pioreactor02,2025-09-20T22:57:36.620Z,PID output = -0.3220000000000013,app,DEBUG,temperature_automation,2025-09-21 00:57:36.620,17.920833333333
Yeast Grow 4 Days,pioreactor02,2025-09-20T23:00:56.612Z,"features={'previous_heater_dc': 87.47, 'room_temp': 22.0, 'is_rpi_zero': False, 'volume': 14.0, 'time_series_of_temp': [58.6875, 55.15625, 52.53125, 50.34375, 48.479166666666664, 46.854166666666664, 45.4375, 44.177083333333336, 43.083333333333336, 42.104166666666664, 41.229166666666664, 40.416666666666664, 39.697916666666664, 39.0625, 38.489583333333336, 37.9375, 37.4375, 36.989583333333336, 36.5625, 36.177083333333336, 35.8125]}",app,DEBUG,temperature_automation,2025-09-21 01:00:56.612,17.976388888889
Yeast Grow 4 Days,pioreactor02,2025-09-20T23:00:56.620Z,PID output = 0.1439999999999969,app,DEBUG,temperature_automation,2025-09-21 01:00:56.620,17.976388888889
Yeast Grow 4 Days,pioreactor02,2025-09-20T23:04:16.611Z,"features={'previous_heater_dc': 87.61, 'room_temp': 22.0, 'is_rpi_zero': False, 'volume': 14.0, 'time_series_of_temp': [58.75, 55.208333333333336, 52.572916666666664, 50.40625, 48.520833333333336, 46.90625, 45.479166666666664, 44.229166666666664, 43.125, 42.135416666666664, 41.260416666666664, 40.4375, 39.739583333333336, 39.072916666666664, 38.5, 37.947916666666664, 37.458333333333336, 37.0, 36.572916666666664, 36.1875, 35.833333333333336]}",app,DEBUG,temperature_automation,2025-09-21 01:04:16.611,18.031944444444
Yeast Grow 4 Days,pioreactor02,2025-09-20T23:04:16.619Z,PID output = 0.6280000000000122,app,DEBUG,temperature_automation,2025-09-21 01:04:16.619,18.031944444444
Yeast Grow 4 Days,pioreactor02,2025-09-20T23:07:36.613Z,"features={'previous_heater_dc': 88.24, 'room_temp': 22.0, 'is_rpi_zero': False, 'volume': 14.0, 'time_series_of_temp': [58.9375, 55.364583333333336, 52.71875, 50.53125, 48.645833333333336, 47.020833333333336, 45.583333333333336, 44.333333333333336, 43.21875, 42.239583333333336, 41.34375, 40.541666666666664, 39.8125, 39.177083333333336, 38.5625, 38.03125, 37.552083333333336, 37.072916666666664, 36.677083333333336, 36.260416666666664, 35.927083333333336]}",app,DEBUG,temperature_automation,2025-09-21 01:07:36.613,18.0875
Yeast Grow 4 Days,pioreactor02,2025-09-20T23:07:36.621Z,PID output = 0.043999999999995515,app,DEBUG,temperature_automation,2025-09-21 01:07:36.621,18.0875
Yeast Grow 4 Days,pioreactor02,2025-09-20T23:10:56.610Z,"features={'previous_heater_dc': 88.28, 'room_temp': 22.0, 'is_rpi_zero': False, 'volume': 14.0, 'time_series_of_temp': [59.0, 55.427083333333336, 52.78125, 50.59375, 48.697916666666664, 47.052083333333336, 45.635416666666664, 44.375, 43.270833333333336, 42.260416666666664, 41.375, 40.583333333333336, 39.875, 39.208333333333336, 38.625, 38.0625, 37.5625, 37.125, 36.6875, 36.3125, 35.9375]}",app,DEBUG,temperature_automation,2025-09-21 01:10:56.610,18.143055555556
Yeast Grow 4 Days,pioreactor02,2025-09-20T23:10:56.618Z,PID output = -0.8260000000000033,app,DEBUG,temperature_automation,2025-09-21 01:10:56.618,18.143055555556
Yeast Grow 4 Days,pioreactor02,2025-09-20T23:14:16.610Z,"features={'previous_heater_dc': 87.45, 'room_temp': 22.0, 'is_rpi_zero': False, 'volume': 14.0, 'time_series_of_temp': [58.802083333333336, 55.25, 52.635416666666664, 50.458333333333336, 48.583333333333336, 46.979166666666664, 45.552083333333336, 44.3125, 43.208333333333336, 42.21875, 41.34375, 40.552083333333336, 39.8125, 39.1875, 38.614583333333336, 38.072916666666664, 37.5625, 37.104166666666664, 36.6875, 36.3125, 35.9375]}",app,DEBUG,temperature_automation,2025-09-21 01:14:16.610,18.198611111111
Yeast Grow 4 Days,pioreactor02,2025-09-20T23:14:16.618Z,PID output = -0.9739999999999966,app,DEBUG,temperature_automation,2025-09-21 01:14:16.618,18.198611111111
Yeast Grow 4 Days,pioreactor02,2025-09-20T23:17:36.610Z,"features={'previous_heater_dc': 86.48, 'room_temp': 22.0, 'is_rpi_zero': False, 'volume': 14.0, 'time_series_of_temp': [58.552083333333336, 55.020833333333336, 52.427083333333336, 50.260416666666664, 48.40625, 46.802083333333336, 45.40625, 44.166666666666664, 43.0625, 42.083333333333336, 41.21875, 40.4375, 39.739583333333336, 39.09375, 38.5, 37.989583333333336, 37.5, 37.010416666666664, 36.614583333333336, 36.229166666666664, 35.875]}",app,DEBUG,temperature_automation,2025-09-21 01:17:36.610,18.254166666667
Yeast Grow 4 Days,pioreactor02,2025-09-20T23:17:36.618Z,PID output = -1.043999999999987,app,DEBUG,temperature_automation,2025-09-21 01:17:36.618,18.254166666667
Yeast Grow 4 Days,pioreactor02,2025-09-20T23:20:56.611Z,"features={'previous_heater_dc': 85.44, 'room_temp': 22.0, 'is_rpi_zero': False, 'volume': 14.0, 'time_series_of_temp': [58.1875, 54.708333333333336, 52.145833333333336, 50.010416666666664, 48.177083333333336, 46.614583333333336, 45.21875, 43.989583333333336, 42.916666666666664, 41.947916666666664, 41.083333333333336, 40.3125, 39.614583333333336, 38.96875, 38.395833333333336, 37.875, 37.375, 36.9375, 36.552083333333336, 36.135416666666664, 35.8125]}",app,DEBUG,temperature_automation,2025-09-21 01:20:56.611,18.309722222222
Yeast Grow 4 Days,pioreactor02,2025-09-20T23:20:56.619Z,PID output = 0.5479999999999662,app,DEBUG,temperature_automation,2025-09-21 01:20:56.619,18.309722222222
Yeast Grow 4 Days,pioreactor02,2025-09-20T23:24:16.611Z,"features={'previous_heater_dc': 85.99, 'room_temp': 22.0, 'is_rpi_zero': False, 'volume': 14.0, 'time_series_of_temp': [58.3125, 54.854166666666664, 52.270833333333336, 50.125, 48.28125, 46.697916666666664, 45.291666666666664, 44.0625, 42.989583333333336, 42.010416666666664, 41.15625, 40.375, 39.677083333333336, 39.020833333333336, 38.4375, 37.90625, 37.4375, 36.958333333333336, 36.5625, 36.1875, 35.8125]}",app,DEBUG,temperature_automation,2025-09-21 01:24:16.611,18.365277777778
Yeast Grow 4 Days,pioreactor02,2025-09-20T23:24:16.618Z,PID output = -0.30599999999999455,app,DEBUG,temperature_automation,2025-09-21 01:24:16.618,18.365277777778
Yeast Grow 4 Days,pioreactor02,2025-09-20T23:27:36.610Z,"features={'previous_heater_dc': 85.68, 'room_temp': 22.0, 'is_rpi_zero': False, 'volume': 14.0, 'time_series_of_temp': [58.1875, 54.739583333333336, 52.15625, 50.020833333333336, 48.208333333333336, 46.625, 45.21875, 44.0, 42.916666666666664, 41.947916666666664, 41.09375, 40.3125, 39.614583333333336, 38.979166666666664, 38.375, 37.854166666666664, 37.375, 36.927083333333336, 36.5, 36.125, 35.75]}",app,DEBUG,temperature_automation,2025-09-21 01:27:36.610,18.420833333333
Yeast Grow 4 Days,pioreactor02,2025-09-20T23:27:36.618Z,PID output = -0.5479999999999976,app,DEBUG,temperature_automation,2025-09-21 01:27:36.618,18.420833333333
Yeast Grow 4 Days,pioreactor02,2025-09-20T23:30:56.612Z,"features={'previous_heater_dc': 85.13, 'room_temp': 22.0, 'is_rpi_zero': False, 'volume': 14.0, 'time_series_of_temp': [58.0, 54.541666666666664, 51.989583333333336, 49.864583333333336, 48.03125, 46.458333333333336, 45.072916666666664, 43.854166666666664, 42.78125, 41.8125, 40.979166666666664, 40.1875, 39.5, 38.875, 38.28125, 37.75, 37.270833333333336, 36.822916666666664, 36.4375, 36.0625, 35.6875]}",app,DEBUG,temperature_automation,2025-09-21 01:30:56.612,18.476388888889
Yeast Grow 4 Days,pioreactor02,2025-09-20T23:30:56.620Z,PID output = 0.284000000000023,app,DEBUG,temperature_automation,2025-09-21 01:30:56.620,18.476388888889
Yeast Grow 4 Days,pioreactor02,2025-09-20T23:34:16.612Z,"features={'previous_heater_dc': 85.41, 'room_temp': 22.0, 'is_rpi_zero': False, 'volume': 14.0, 'time_series_of_temp': [58.0625, 54.614583333333336, 52.03125, 49.895833333333336, 48.072916666666664, 46.479166666666664, 45.104166666666664, 43.875, 42.802083333333336, 41.822916666666664, 40.96875, 40.197916666666664, 39.5, 38.854166666666664, 38.270833333333336, 37.75, 37.25, 36.8125, 36.40625, 36.020833333333336, 35.6875]}",app,DEBUG,temperature_automation,2025-09-21 01:34:16.612,18.531944444444
Yeast Grow 4 Days,pioreactor02,2025-09-20T23:34:16.620Z,PID output = 0.44599999999999507,app,DEBUG,temperature_automation,2025-09-21 01:34:16.620,18.531944444444
Yeast Grow 4 Days,pioreactor02,2025-09-20T23:37:36.610Z,"features={'previous_heater_dc': 85.86, 'room_temp': 22.0, 'is_rpi_zero': False, 'volume': 14.0, 'time_series_of_temp': [58.166666666666664, 54.677083333333336, 52.104166666666664, 49.947916666666664, 48.104166666666664, 46.53125, 45.145833333333336, 43.916666666666664, 42.833333333333336, 41.854166666666664, 41.0, 40.208333333333336, 39.520833333333336, 38.864583333333336, 38.28125, 37.75, 37.25, 36.8125, 36.395833333333336, 36.03125, 35.6875]}",app,DEBUG,temperature_automation,2025-09-21 01:37:36.610,18.5875
Yeast Grow 4 Days,pioreactor02,2025-09-20T23:37:36.617Z,PID output = 0.07800000000000296,app,DEBUG,temperature_automation,2025-09-21 01:37:36.617,18.5875
Yeast Grow 4 Days,pioreactor02,2025-09-20T23:40:56.612Z,"features={'previous_heater_dc': 85.94, 'room_temp': 22.0, 'is_rpi_zero': False, 'volume': 14.0, 'time_series_of_temp': [58.135416666666664, 54.645833333333336, 52.072916666666664, 49.9375, 48.09375, 46.510416666666664, 45.104166666666664, 43.895833333333336, 42.802083333333336, 41.822916666666664, 40.958333333333336, 40.1875, 39.479166666666664, 38.822916666666664, 38.25, 37.729166666666664, 37.25, 36.8125, 36.375, 36.010416666666664, 35.666666666666664]}",app,DEBUG,temperature_automation,2025-09-21 01:40:56.612,18.643055555556
Yeast Grow 4 Days,pioreactor02,2025-09-20T23:40:56.620Z,PID output = 1.5899999999999834,app,DEBUG,temperature_automation,2025-09-21 01:40:56.620,18.643055555556
Yeast Grow 4 Days,pioreactor02,2025-09-20T23:44:16.611Z,"features={'previous_heater_dc': 87.53, 'room_temp': 22.0, 'is_rpi_zero': False, 'volume': 14.0, 'time_series_of_temp': [58.677083333333336, 55.114583333333336, 52.5, 50.302083333333336, 48.427083333333336, 46.833333333333336, 45.395833333333336, 44.135416666666664, 43.041666666666664, 42.0625, 41.177083333333336, 40.375, 39.666666666666664, 39.020833333333336, 38.427083333333336, 37.875, 37.375, 36.927083333333336, 36.5, 36.125, 35.75]}",app,DEBUG,temperature_automation,2025-09-21 01:44:16.611,18.698611111111
Yeast Grow 4 Days,pioreactor02,2025-09-20T23:44:16.619Z,PID output = -1.0319999999999816,app,DEBUG,temperature_automation,2025-09-21 01:44:16.619,18.698611111111
Yeast Grow 4 Days,pioreactor02,2025-09-20T23:47:36.611Z,"features={'previous_heater_dc': 86.5, 'room_temp': 22.0, 'is_rpi_zero': False, 'volume': 14.0, 'time_series_of_temp': [58.40625, 54.875, 52.291666666666664, 50.125, 48.28125, 46.677083333333336, 45.28125, 44.052083333333336, 42.947916666666664, 41.96875, 41.104166666666664, 40.3125, 39.625, 38.958333333333336, 38.375, 37.84375, 37.364583333333336, 36.885416666666664, 36.5, 36.114583333333336, 35.75]}",app,DEBUG,temperature_automation,2025-09-21 01:47:36.611,18.754166666667
Yeast Grow 4 Days,pioreactor02,2025-09-20T23:47:36.619Z,PID output = -0.26200000000001533,app,DEBUG,temperature_automation,2025-09-21 01:47:36.619,18.754166666667
Yeast Grow 4 Days,pioreactor02,2025-09-20T23:50:56.612Z,"features={'previous_heater_dc': 86.24, 'room_temp': 22.0, 'is_rpi_zero': False, 'volume': 14.0, 'time_series_of_temp': [58.291666666666664, 54.78125, 52.1875, 50.041666666666664, 48.208333333333336, 46.614583333333336, 45.208333333333336, 43.989583333333336, 42.885416666666664, 41.916666666666664, 41.052083333333336, 40.260416666666664, 39.5625, 38.927083333333336, 38.34375, 37.8125, 37.3125, 36.875, 36.447916666666664, 36.072916666666664, 35.729166666666664]}",app,DEBUG,temperature_automation,2025-09-21 01:50:56.612,18.809722222222
Yeast Grow 4 Days,pioreactor02,2025-09-20T23:50:56.619Z,PID output = -0.006000000000017283,app,DEBUG,temperature_automation,2025-09-21 01:50:56.619,18.809722222222
Yeast Grow 4 Days,pioreactor02,2025-09-20T23:54:16.612Z,"features={'previous_heater_dc': 86.23, 'room_temp': 22.0, 'is_rpi_zero': False, 'volume': 14.0, 'time_series_of_temp': [58.25, 54.770833333333336, 52.15625, 50.020833333333336, 48.166666666666664, 46.583333333333336, 45.177083333333336, 43.958333333333336, 42.854166666666664, 41.875, 41.020833333333336, 40.239583333333336, 39.53125, 38.875, 38.3125, 37.760416666666664, 37.270833333333336, 36.833333333333336, 36.4375, 36.0625, 35.6875]}",app,DEBUG,temperature_automation,2025-09-21 01:54:16.612,18.865277777778
Yeast Grow 4 Days,pioreactor02,2025-09-20T23:54:16.619Z,PID output = 1.1720000000000041,app,DEBUG,temperature_automation,2025-09-21 01:54:16.619,18.865277777778
Yeast Grow 4 Days,pioreactor02,2025-09-20T23:57:36.610Z,"features={'previous_heater_dc': 87.4, 'room_temp': 22.0, 'is_rpi_zero': False, 'volume': 14.0, 'time_series_of_temp': [58.604166666666664, 55.0625, 52.427083333333336, 50.25, 48.395833333333336, 46.78125, 45.354166666666664, 44.114583333333336, 43.0, 42.010416666666664, 41.135416666666664, 40.322916666666664, 39.614583333333336, 38.96875, 38.375, 37.854166666666664, 37.354166666666664, 36.885416666666664, 36.479166666666664, 36.09375, 35.75]}",app,DEBUG,temperature_automation,2025-09-21 01:57:36.610,18.920833333333
Yeast Grow 4 Days,pioreactor02,2025-09-20T23:57:36.618Z,PID output = 1.1100000000000065,app,DEBUG,temperature_automation,2025-09-21 01:57:36.618,18.920833333333
Yeast Grow 4 Days,pioreactor02,2025-09-21T00:00:56.612Z,"features={'previous_heater_dc': 88.51, 'room_temp': 22.0, 'is_rpi_zero': False, 'volume': 14.0, 'time_series_of_temp': [58.947916666666664, 55.375, 52.739583333333336, 50.53125, 48.614583333333336, 47.0, 45.572916666666664, 44.302083333333336, 43.1875, 42.177083333333336, 41.291666666666664, 40.5, 39.78125, 39.125, 38.520833333333336, 37.989583333333336, 37.489583333333336, 37.0, 36.59375, 36.1875, 35.833333333333336]}",app,DEBUG,temperature_automation,2025-09-21 02:00:56.612,18.976388888889
Yeast Grow 4 Days,pioreactor02,2025-09-21T00:00:56.619Z,PID output = -0.42999999999998967,app,DEBUG,temperature_automation,2025-09-21 02:00:56.619,18.976388888889
Yeast Grow 4 Days,pioreactor02,2025-09-21T00:04:16.610Z,"features={'previous_heater_dc': 88.08, 'room_temp': 22.0, 'is_rpi_zero': False, 'volume': 14.0, 'time_series_of_temp': [58.875, 55.291666666666664, 52.65625, 50.458333333333336, 48.583333333333336, 46.958333333333336, 45.541666666666664, 44.270833333333336, 43.145833333333336, 42.15625, 41.291666666666664, 40.479166666666664, 39.75, 39.104166666666664, 38.5, 37.96875, 37.458333333333336, 37.0, 36.572916666666664, 36.1875, 35.854166666666664]}",app,DEBUG,temperature_automation,2025-09-21 02:04:16.610,19.031944444444
Yeast Grow 4 Days,pioreactor02,2025-09-21T00:04:16.618Z,PID output = 0.26000000000000373,app,DEBUG,temperature_automation,2025-09-21 02:04:16.618,19.031944444444
Yeast Grow 4 Days,pioreactor02,2025-09-21T00:07:36.610Z,"features={'previous_heater_dc': 88.34, 'room_temp': 22.0, 'is_rpi_zero': False, 'volume': 14.0, 'time_series_of_temp': [58.958333333333336, 55.40625, 52.739583333333336, 50.552083333333336, 48.65625, 47.03125, 45.59375, 44.333333333333336, 43.21875, 42.229166666666664, 41.333333333333336, 40.53125, 39.8125, 39.177083333333336, 38.572916666666664, 38.010416666666664, 37.510416666666664, 37.0625, 36.625, 36.25, 35.875]}",app,DEBUG,temperature_automation,2025-09-21 02:07:36.610,19.0875
Yeast Grow 4 Days,pioreactor02,2025-09-21T00:07:36.618Z,PID output = -0.5319999999999921,app,DEBUG,temperature_automation,2025-09-21 02:07:36.618,19.0875
Yeast Grow 4 Days,pioreactor02,2025-09-21T00:10:56.611Z,"features={'previous_heater_dc': 87.81, 'room_temp': 22.0, 'is_rpi_zero': False, 'volume': 14.0, 'time_series_of_temp': [58.8125, 55.25, 52.604166666666664, 50.416666666666664, 48.552083333333336, 46.916666666666664, 45.489583333333336, 44.25, 43.135416666666664, 42.135416666666664, 41.25, 40.458333333333336, 39.75, 39.125, 38.510416666666664, 37.96875, 37.489583333333336, 37.0, 36.59375, 36.197916666666664, 35.854166666666664]}",app,DEBUG,temperature_automation,2025-09-21 02:10:56.611,19.143055555556
Yeast Grow 4 Days,pioreactor02,2025-09-21T00:10:56.619Z,PID output = -0.5299999999999969,app,DEBUG,temperature_automation,2025-09-21 02:10:56.619,19.143055555556
Yeast Grow 4 Days,pioreactor02,2025-09-21T00:14:16.611Z,"features={'previous_heater_dc': 87.28, 'room_temp': 22.0, 'is_rpi_zero': False, 'volume': 14.0, 'time_series_of_temp': [58.645833333333336, 55.125, 52.510416666666664, 50.322916666666664, 48.447916666666664, 46.833333333333336, 45.40625, 44.166666666666664, 43.072916666666664, 42.072916666666664, 41.197916666666664, 40.395833333333336, 39.6875, 39.052083333333336, 38.458333333333336, 37.927083333333336, 37.4375, 36.958333333333336, 36.5625, 36.177083333333336, 35.8125]}",app,DEBUG,temperature_automation,2025-09-21 02:14:16.611,19.198611111111
Yeast Grow 4 Days,pioreactor02,2025-09-21T00:14:16.620Z,PID output = 1.303999999999985,app,DEBUG,temperature_automation,2025-09-21 02:14:16.620,19.198611111111
Yeast Grow 4 Days,pioreactor02,2025-09-21T00:17:36.611Z,"features={'previous_heater_dc': 88.58, 'room_temp': 22.0, 'is_rpi_zero': False, 'volume': 14.0, 'time_series_of_temp': [59.0625, 55.46875, 52.822916666666664, 50.614583333333336, 48.71875, 47.083333333333336, 45.65625, 44.385416666666664, 43.270833333333336, 42.260416666666664, 41.385416666666664, 40.572916666666664, 39.854166666666664, 39.1875, 38.625, 38.0625, 37.5625, 37.083333333333336, 36.677083333333336, 36.260416666666664, 35.927083333333336]}",app,DEBUG,temperature_automation,2025-09-21 02:17:36.611,19.254166666667
Yeast Grow 4 Days,pioreactor02,2025-09-21T00:17:36.618Z,PID output = -0.5979999999999954,app,DEBUG,temperature_automation,2025-09-21 02:17:36.618,19.254166666667
Yeast Grow 4 Days,pioreactor02,2025-09-21T00:20:56.612Z,"features={'previous_heater_dc': 87.98, 'room_temp': 22.0, 'is_rpi_zero': False, 'volume': 14.0, 'time_series_of_temp': [58.9375, 55.364583333333336, 52.729166666666664, 50.541666666666664, 48.65625, 47.041666666666664, 45.604166666666664, 44.354166666666664, 43.239583333333336, 42.25, 41.364583333333336, 40.5625, 39.84375, 39.1875, 38.614583333333336, 38.0625, 37.5625, 37.114583333333336, 36.6875, 36.3125, 35.9375]}",app,DEBUG,temperature_automation,2025-09-21 02:20:56.612,19.309722222222
Yeast Grow 4 Days,pioreactor02,2025-09-21T00:20:56.619Z,PID output = -0.2879999999999938,app,DEBUG,temperature_automation,2025-09-21 02:20:56.619,19.309722222222
Yeast Grow 4 Days,pioreactor02,2025-09-21T00:24:16.611Z,"features={'previous_heater_dc': 87.69, 'room_temp': 22.0, 'is_rpi_zero': False, 'volume': 14.0, 'time_series_of_temp': [58.875, 55.302083333333336, 52.677083333333336, 50.489583333333336, 48.625, 46.989583333333336, 45.552083333333336, 44.333333333333336, 43.197916666666664, 42.208333333333336, 41.34375, 40.53125, 39.822916666666664, 39.166666666666664, 38.572916666666664, 38.041666666666664, 37.5625, 37.0625, 36.6875, 36.291666666666664, 35.9375]}",app,DEBUG,temperature_automation,2025-09-21 02:24:16.611,19.365277777778
Yeast Grow 4 Days,pioreactor02,2025-09-21T00:24:16.619Z,PID output = 0.18399999999999606,app,DEBUG,temperature_automation,2025-09-21 02:24:16.619,19.365277777778
Yeast Grow 4 Days,pioreactor02,2025-09-21T00:27:36.610Z,"features={'previous_heater_dc': 87.87, 'room_temp': 22.0, 'is_rpi_zero': False, 'volume': 14.0, 'time_series_of_temp': [58.9375, 55.364583333333336, 52.71875, 50.53125, 48.65625, 47.03125, 45.604166666666664, 44.354166666666664, 43.25, 42.25, 41.364583333333336, 40.5625, 39.84375, 39.1875, 38.614583333333336, 38.0625, 37.5625, 37.104166666666664, 36.6875, 36.3125, 35.947916666666664]}",app,DEBUG,temperature_automation,2025-09-21 02:27:36.610,19.420833333333
Yeast Grow 4 Days,pioreactor02,2025-09-21T00:27:36.618Z,PID output = -0.7200000000000102,app,DEBUG,temperature_automation,2025-09-21 02:27:36.618,19.420833333333
Yeast Grow 4 Days,pioreactor02,2025-09-21T00:30:56.612Z,"features={'previous_heater_dc': 87.15, 'room_temp': 22.0, 'is_rpi_zero': False, 'volume': 14.0, 'time_series_of_temp': [58.75, 55.208333333333336, 52.583333333333336, 50.40625, 48.541666666666664, 46.947916666666664, 45.53125, 44.270833333333336, 43.166666666666664, 42.1875, 41.3125, 40.510416666666664, 39.8125, 39.177083333333336, 38.5625, 38.041666666666664, 37.552083333333336, 37.09375, 36.6875, 36.302083333333336, 35.9375]}",app,DEBUG,temperature_automation,2025-09-21 02:30:56.612,19.476388888889
Yeast Grow 4 Days,pioreactor02,2025-09-21T00:30:56.620Z,PID output = -0.4760000000000119,app,DEBUG,temperature_automation,2025-09-21 02:30:56.620,19.476388888889
Yeast Grow 4 Days,pioreactor02,2025-09-21T00:34:16.610Z,"features={'previous_heater_dc': 86.67, 'room_temp': 22.0, 'is_rpi_zero': False, 'volume': 14.0, 'time_series_of_temp': [58.5625, 55.03125, 52.447916666666664, 50.270833333333336, 48.416666666666664, 46.8125, 45.40625, 44.177083333333336, 43.0625, 42.072916666666664, 41.21875, 40.4375, 39.729166666666664, 39.072916666666664, 38.5, 37.947916666666664, 37.458333333333336, 37.0, 36.625, 36.208333333333336, 35.864583333333336]}",app,DEBUG,temperature_automation,2025-09-21 02:34:16.610,19.531944444444
Yeast Grow 4 Days,pioreactor02,2025-09-21T00:34:16.618Z,PID output = 0.3100000000000178,app,DEBUG,temperature_automation,2025-09-21 02:34:16.618,19.531944444444
Yeast Grow 4 Days,pioreactor02,2025-09-21T00:37:36.610Z,"features={'previous_heater_dc': 86.98, 'room_temp': 22.0, 'is_rpi_zero': False, 'volume': 14.0, 'time_series_of_temp': [58.625, 55.09375, 52.46875, 50.322916666666664, 48.447916666666664, 46.84375, 45.447916666666664, 44.197916666666664, 43.104166666666664, 42.114583333333336, 41.25, 40.4375, 39.739583333333336, 39.104166666666664, 38.510416666666664, 37.979166666666664, 37.5, 37.010416666666664, 36.625, 36.229166666666664, 35.875]}",app,DEBUG,temperature_automation,2025-09-21 02:37:36.610,19.5875
Yeast Grow 4 Days,pioreactor02,2025-09-21T00:37:36.618Z,PID output = -0.7520000000000223,app,DEBUG,temperature_automation,2025-09-21 02:37:36.618,19.5875
Yeast Grow 4 Days,pioreactor02,2025-09-21T00:40:56.611Z,"features={'previous_heater_dc': 86.23, 'room_temp': 22.0, 'is_rpi_zero': False, 'volume': 14.0, 'time_series_of_temp': [58.40625, 54.916666666666664, 52.3125, 50.166666666666664, 48.3125, 46.71875, 45.302083333333336, 44.09375, 43.0, 42.020833333333336, 41.135416666666664, 40.364583333333336, 39.677083333333336, 39.0, 38.4375, 37.90625, 37.416666666666664, 36.947916666666664, 36.552083333333336, 36.166666666666664, 35.8125]}",app,DEBUG,temperature_automation,2025-09-21 02:40:56.611,19.643055555556
Yeast Grow 4 Days,pioreactor02,2025-09-21T00:40:56.619Z,PID output = -0.05000000000001281,app,DEBUG,temperature_automation,2025-09-21 02:40:56.619,19.643055555556
Yeast Grow 4 Days,pioreactor02,2025-09-21T00:44:16.609Z,"features={'previous_heater_dc': 86.18, 'room_temp': 22.0, 'is_rpi_zero': False, 'volume': 14.0, 'time_series_of_temp': [58.364583333333336, 54.854166666666664, 52.25, 50.114583333333336, 48.270833333333336, 46.666666666666664, 45.28125, 44.052083333333336, 42.9375, 41.989583333333336, 41.125, 40.3125, 39.625, 38.989583333333336, 38.395833333333336, 37.875, 37.375, 36.9375, 36.520833333333336, 36.125, 35.770833333333336]}",app,DEBUG,temperature_automation,2025-09-21 02:44:16.609,19.698611111111
Yeast Grow 4 Days,pioreactor02,2025-09-21T00:44:16.617Z,PID output = -0.8819999999999822,app,DEBUG,temperature_automation,2025-09-21 02:44:16.617,19.698611111111
Yeast Grow 4 Days,pioreactor02,2025-09-21T00:47:36.610Z,"features={'previous_heater_dc': 85.3, 'room_temp': 22.0, 'is_rpi_zero': False, 'volume': 14.0, 'time_series_of_temp': [58.052083333333336, 54.59375, 52.020833333333336, 49.90625, 48.0625, 46.489583333333336, 45.104166666666664, 43.90625, 42.802083333333336, 41.854166666666664, 41.0, 40.229166666666664, 39.510416666666664, 38.875, 38.302083333333336, 37.75, 37.302083333333336, 36.864583333333336, 36.4375, 36.0625, 35.697916666666664]}",app,DEBUG,temperature_automation,2025-09-21 02:47:36.610,19.754166666667
Yeast Grow 4 Days,pioreactor02,2025-09-21T00:47:36.618Z,PID output = 0.3239999999999966,app,DEBUG,temperature_automation,2025-09-21 02:47:36.618,19.754166666667
Yeast Grow 4 Days,pioreactor02,2025-09-21T00:50:56.610Z,"features={'previous_heater_dc': 85.62, 'room_temp': 22.0, 'is_rpi_zero': False, 'volume': 14.0, 'time_series_of_temp': [58.125, 54.635416666666664, 52.0625, 49.927083333333336, 48.083333333333336, 46.520833333333336, 45.104166666666664, 43.895833333333336, 42.8125, 41.833333333333336, 40.989583333333336, 40.208333333333336, 39.510416666666664, 38.875, 38.291666666666664, 37.75, 37.260416666666664, 36.8125, 36.4375, 36.0625, 35.6875]}",app,DEBUG,temperature_automation,2025-09-21 02:50:56.610,19.809722222222
Yeast Grow 4 Days,pioreactor02,2025-09-21T00:50:56.618Z,PID output = 0.39400000000001256,app,DEBUG,temperature_automation,2025-09-21 02:50:56.618,19.809722222222
Yeast Grow 4 Days,pioreactor02,2025-09-21T00:54:16.610Z,"features={'previous_heater_dc': 86.01, 'room_temp': 22.0, 'is_rpi_zero': False, 'volume': 14.0, 'time_series_of_temp': [58.239583333333336, 54.75, 52.145833333333336, 50.010416666666664, 48.15625, 46.572916666666664, 45.177083333333336, 43.947916666666664, 42.864583333333336, 41.875, 41.03125, 40.25, 39.5625, 38.916666666666664, 38.322916666666664, 37.8125, 37.322916666666664, 36.875, 36.489583333333336, 36.104166666666664, 35.75]}",app,DEBUG,temperature_automation,2025-09-21 02:54:16.610,19.865277777778
Yeast Grow 4 Days,pioreactor02,2025-09-21T00:54:16.618Z,PID output = 0.17000000000000098,app,DEBUG,temperature_automation,2025-09-21 02:54:16.618,19.865277777778
Yeast Grow 4 Days,pioreactor02,2025-09-21T00:57:36.610Z,"features={'previous_heater_dc': 86.18, 'room_temp': 22.0, 'is_rpi_zero': False, 'volume': 14.0, 'time_series_of_temp': [58.302083333333336, 54.8125, 52.21875, 50.072916666666664, 48.21875, 46.625, 45.21875, 43.989583333333336, 42.895833333333336, 41.9375, 41.072916666666664, 40.270833333333336, 39.5625, 38.9375, 38.333333333333336, 37.8125, 37.3125, 36.875, 36.46875, 36.072916666666664, 35.75]}",app,DEBUG,temperature_automation,2025-09-21 02:57:36.610,19.920833333333
Yeast Grow 4 Days,pioreactor02,2025-09-21T00:57:36.619Z,PID output = 0.726000000000002,app,DEBUG,temperature_automation,2025-09-21 02:57:36.619,19.920833333333
Yeast Grow 4 Days,pioreactor02,2025-09-21T01:00:56.611Z,"features={'previous_heater_dc': 86.91, 'room_temp': 22.0, 'is_rpi_zero': False, 'volume': 14.0, 'time_series_of_temp': [58.541666666666664, 55.0, 52.40625, 50.229166666666664, 48.364583333333336, 46.760416666666664, 45.354166666666664, 44.114583333333336, 43.03125, 42.03125, 41.166666666666664, 40.375, 39.677083333333336, 39.020833333333336, 38.4375, 37.916666666666664, 37.4375, 36.96875, 36.5625, 36.177083333333336, 35.8125]}",app,DEBUG,temperature_automation,2025-09-21 03:00:56.611,19.976388888889
Yeast Grow 4 Days,pioreactor02,2025-09-21T01:00:56.619Z,PID output = -0.8399999999999983,app,DEBUG,temperature_automation,2025-09-21 03:00:56.619,19.976388888889
Yeast Grow 4 Days,pioreactor02,2025-09-21T01:04:16.610Z,"features={'previous_heater_dc': 86.07, 'room_temp': 22.0, 'is_rpi_zero': False, 'volume': 14.0, 'time_series_of_temp': [58.333333333333336, 54.84375, 52.270833333333336, 50.125, 48.28125, 46.6875, 45.302083333333336, 44.072916666666664, 42.979166666666664, 42.0, 41.135416666666664, 40.354166666666664, 39.635416666666664, 39.0, 38.4375, 37.885416666666664, 37.40625, 36.947916666666664, 36.5625, 36.177083333333336, 35.8125]}",app,DEBUG,temperature_automation,2025-09-21 03:04:16.610,20.031944444444
Yeast Grow 4 Days,pioreactor02,2025-09-21T01:04:16.618Z,PID output = 0.5440000000000011,app,DEBUG,temperature_automation,2025-09-21 03:04:16.618,20.031944444444
Yeast Grow 4 Days,pioreactor02,2025-09-21T01:07:36.609Z,"features={'previous_heater_dc': 86.61, 'room_temp': 22.0, 'is_rpi_zero': False, 'volume': 14.0, 'time_series_of_temp': [58.520833333333336, 55.0, 52.40625, 50.25, 48.395833333333336, 46.791666666666664, 45.40625, 44.15625, 43.0625, 42.09375, 41.21875, 40.4375, 39.739583333333336, 39.072916666666664, 38.5, 37.958333333333336, 37.458333333333336, 37.010416666666664, 36.614583333333336, 36.21875, 35.875]}",app,DEBUG,temperature_automation,2025-09-21 03:07:36.609,20.0875
Yeast Grow 4 Days,pioreactor02,2025-09-21T01:07:36.616Z,PID output = -1.2380000000000073,app,DEBUG,temperature_automation,2025-09-21 03:07:36.616,20.0875
Yeast Grow 4 Days,pioreactor02,2025-09-21T01:10:56.611Z,"features={'previous_heater_dc': 85.37, 'room_temp': 22.0, 'is_rpi_zero': False, 'volume': 14.0, 'time_series_of_temp': [58.125, 54.666666666666664, 52.09375, 49.979166666666664, 48.145833333333336, 46.583333333333336, 45.1875, 43.958333333333336, 42.875, 41.916666666666664, 41.0625, 40.260416666666664, 39.572916666666664, 38.9375, 38.364583333333336, 37.822916666666664, 37.354166666666664, 36.875, 36.5, 36.114583333333336, 35.75]}",app,DEBUG,temperature_automation,2025-09-21 03:10:56.611,20.143055555556
Yeast Grow 4 Days,pioreactor02,2025-09-21T01:10:56.619Z,PID output = 0.49999999999998,app,DEBUG,temperature_automation,2025-09-21 03:10:56.619,20.143055555556
Yeast Grow 4 Days,pioreactor02,2025-09-21T01:14:16.612Z,"features={'previous_heater_dc': 85.87, 'room_temp': 22.0, 'is_rpi_zero': False, 'volume': 14.0, 'time_series_of_temp': [58.21875, 54.739583333333336, 52.15625, 50.020833333333336, 48.1875, 46.59375, 45.197916666666664, 43.989583333333336, 42.895833333333336, 41.927083333333336, 41.0625, 40.28125, 39.572916666666664, 38.947916666666664, 38.354166666666664, 37.822916666666664, 37.34375, 36.895833333333336, 36.5, 36.125, 35.75]}",app,DEBUG,temperature_automation,2025-09-21 03:14:16.612,20.198611111111
Yeast Grow 4 Days,pioreactor02,2025-09-21T01:14:16.620Z,PID output = 0.0200000000000287,app,DEBUG,temperature_automation,2025-09-21 03:14:16.620,20.198611111111
Yeast Grow 4 Days,pioreactor02,2025-09-21T01:17:36.611Z,"features={'previous_heater_dc': 85.89, 'room_temp': 22.0, 'is_rpi_zero': False, 'volume': 14.0, 'time_series_of_temp': [58.1875, 54.739583333333336, 52.145833333333336, 50.0, 48.166666666666664, 46.583333333333336, 45.177083333333336, 43.979166666666664, 42.885416666666664, 41.90625, 41.052083333333336, 40.270833333333336, 39.5625, 38.927083333333336, 38.333333333333336, 37.8125, 37.322916666666664, 36.875, 36.489583333333336, 36.083333333333336, 35.75]}",app,DEBUG,temperature_automation,2025-09-21 03:17:36.611,20.254166666667
Yeast Grow 4 Days,pioreactor02,2025-09-21T01:17:36.619Z,PID output = 0.6219999999999786,app,DEBUG,temperature_automation,2025-09-21 03:17:36.619,20.254166666667
Yeast Grow 4 Days,pioreactor02,2025-09-21T01:20:56.612Z,"features={'previous_heater_dc': 86.51, 'room_temp': 22.0, 'is_rpi_zero': False, 'volume': 14.0, 'time_series_of_temp': [58.364583333333336, 54.864583333333336, 52.25, 50.09375, 48.25, 46.645833333333336, 45.229166666666664, 44.010416666666664, 42.90625, 41.9375, 41.0625, 40.270833333333336, 39.5625, 38.927083333333336, 38.333333333333336, 37.8125, 37.3125, 36.875, 36.447916666666664, 36.09375, 35.75]}",app,DEBUG,temperature_automation,2025-09-21 03:20:56.612,20.309722222222
Yeast Grow 4 Days,pioreactor02,2025-09-21T01:20:56.621Z,PID output = 0.9280000000000057,app,DEBUG,temperature_automation,2025-09-21 03:20:56.621,20.309722222222
Yeast Grow 4 Days,pioreactor02,2025-09-21T01:24:16.612Z,"features={'previous_heater_dc': 87.44, 'room_temp': 22.0, 'is_rpi_zero': False, 'volume': 14.0, 'time_series_of_temp': [58.666666666666664, 55.114583333333336, 52.489583333333336, 50.302083333333336, 48.447916666666664, 46.833333333333336, 45.40625, 44.166666666666664, 43.0625, 42.072916666666664, 41.197916666666664, 40.385416666666664, 39.6875, 39.052083333333336, 38.447916666666664, 37.9375, 37.4375, 36.989583333333336, 36.5625, 36.1875, 35.8125]}",app,DEBUG,temperature_automation,2025-09-21 03:24:16.612,20.365277777778
Yeast Grow 4 Days,pioreactor02,2025-09-21T01:24:16.621Z,PID output = -0.6119999999999904,app,DEBUG,temperature_automation,2025-09-21 03:24:16.621,20.365277777778
Yeast Grow 4 Days,pioreactor02,2025-09-21T01:27:36.610Z,"features={'previous_heater_dc': 86.83, 'room_temp': 22.0, 'is_rpi_zero': False, 'volume': 14.0, 'time_series_of_temp': [58.552083333333336, 55.0, 52.40625, 50.239583333333336, 48.385416666666664, 46.78125, 45.364583333333336, 44.125, 43.010416666666664, 42.052083333333336, 41.177083333333336, 40.375, 39.677083333333336, 39.041666666666664, 38.4375, 37.90625, 37.40625, 36.958333333333336, 36.552083333333336, 36.15625, 35.8125]}",app,DEBUG,temperature_automation,2025-09-21 03:27:36.610,20.420833333333
Yeast Grow 4 Days,pioreactor02,2025-09-21T01:27:36.617Z,PID output = -0.42599999999999905,app,DEBUG,temperature_automation,2025-09-21 03:27:36.617,20.420833333333
Yeast Grow 4 Days,pioreactor02,2025-09-21T01:30:56.612Z,"features={'previous_heater_dc': 86.4, 'room_temp': 22.0, 'is_rpi_zero': False, 'volume': 14.0, 'time_series_of_temp': [58.375, 54.875, 52.28125, 50.125, 48.28125, 46.677083333333336, 45.291666666666664, 44.041666666666664, 42.947916666666664, 41.96875, 41.104166666666664, 40.3125, 39.614583333333336, 38.96875, 38.385416666666664, 37.854166666666664, 37.375, 36.927083333333336, 36.5, 36.125, 35.75]}",app,DEBUG,temperature_automation,2025-09-21 03:30:56.612,20.476388888889
Yeast Grow 4 Days,pioreactor02,2025-09-21T01:30:56.620Z,PID output = 0.32799999999999296,app,DEBUG,temperature_automation,2025-09-21 03:30:56.620,20.476388888889
Yeast Grow 4 Days,pioreactor02,2025-09-21T01:34:16.611Z,"features={'previous_heater_dc': 86.73, 'room_temp': 22.0, 'is_rpi_zero': False, 'volume': 14.0, 'time_series_of_temp': [58.4375, 54.927083333333336, 52.322916666666664, 50.177083333333336, 48.3125, 46.708333333333336, 45.302083333333336, 44.072916666666664, 42.96875, 41.989583333333336, 41.125, 40.3125, 39.625, 38.989583333333336, 38.375, 37.864583333333336, 37.375, 36.9375, 36.5, 36.125, 35.75]}",app,DEBUG,temperature_automation,2025-09-21 03:34:16.611,20.531944444444
Yeast Grow 4 Days,pioreactor02,2025-09-21T01:34:16.619Z,PID output = 0.33999999999999275,app,DEBUG,temperature_automation,2025-09-21 03:34:16.619,20.531944444444
Yeast Grow 4 Days,pioreactor02,2025-09-21T01:37:36.611Z,"features={'previous_heater_dc': 87.07, 'room_temp': 22.0, 'is_rpi_zero': False, 'volume': 14.0, 'time_series_of_temp': [58.5625, 55.052083333333336, 52.447916666666664, 50.270833333333336, 48.416666666666664, 46.802083333333336, 45.395833333333336, 44.145833333333336, 43.052083333333336, 42.072916666666664, 41.1875, 40.416666666666664, 39.6875, 39.052083333333336, 38.447916666666664, 37.9375, 37.4375, 37.0, 36.572916666666664, 36.1875, 35.8125]}",app,DEBUG,temperature_automation,2025-09-21 03:37:36.611,20.5875
Yeast Grow 4 Days,pioreactor02,2025-09-21T01:37:36.619Z,PID output = 0.15599999999999667,app,DEBUG,temperature_automation,2025-09-21 03:37:36.619,20.5875
Yeast Grow 4 Days,pioreactor02,2025-09-21T01:40:56.613Z,"features={'previous_heater_dc': 87.23, 'room_temp': 22.0, 'is_rpi_zero': False, 'volume': 14.0, 'time_series_of_temp': [58.635416666666664, 55.09375, 52.479166666666664, 50.3125, 48.447916666666664, 46.833333333333336, 45.40625, 44.166666666666664, 43.0625, 42.072916666666664, 41.1875, 40.40625, 39.6875, 39.0625, 38.46875, 37.9375, 37.4375, 37.0, 36.5625, 36.1875, 35.84375]}",app,DEBUG,temperature_automation,2025-09-21 03:40:56.613,20.643055555556
Yeast Grow 4 Days,pioreactor02,2025-09-21T01:40:56.620Z,PID output = 0.5880000000000131,app,DEBUG,temperature_automation,2025-09-21 03:40:56.620,20.643055555556
Yeast Grow 4 Days,pioreactor02,2025-09-21T01:44:16.610Z,"features={'previous_heater_dc': 87.82, 'room_temp': 22.0, 'is_rpi_zero': False, 'volume': 14.0, 'time_series_of_temp': [58.8125, 55.25, 52.604166666666664, 50.416666666666664, 48.53125, 46.916666666666664, 45.489583333333336, 44.229166666666664, 43.125, 42.125, 41.25, 40.4375, 39.739583333333336, 39.083333333333336, 38.489583333333336, 37.9375, 37.447916666666664, 37.0, 36.583333333333336, 36.1875, 35.8125]}",app,DEBUG,temperature_automation,2025-09-21 03:44:16.610,20.698611111111
Yeast Grow 4 Days,pioreactor02,2025-09-21T01:44:16.618Z,PID output = -0.40800000000000763,app,DEBUG,temperature_automation,2025-09-21 03:44:16.618,20.698611111111
Yeast Grow 4 Days,pioreactor02,2025-09-21T01:47:36.611Z,"features={'previous_heater_dc': 87.41, 'room_temp': 22.0, 'is_rpi_zero': False, 'volume': 14.0, 'time_series_of_temp': [58.6875, 55.135416666666664, 52.520833333333336, 50.34375, 48.479166666666664, 46.854166666666664, 45.427083333333336, 44.208333333333336, 43.09375, 42.114583333333336, 41.229166666666664, 40.4375, 39.71875, 39.072916666666664, 38.5, 37.9375, 37.4375, 37.0, 36.5625, 36.1875, 35.822916666666664]}",app,DEBUG,temperature_automation,2025-09-21 03:47:36.611,20.754166666667
Yeast Grow 4 Days,pioreactor02,2025-09-21T01:47:36.619Z,PID output = -0.7400000000000225,app,DEBUG,temperature_automation,2025-09-21 03:47:36.619,20.754166666667
Yeast Grow 4 Days,pioreactor02,2025-09-21T01:50:56.610Z,"features={'previous_heater_dc': 86.67, 'room_temp': 22.0, 'is_rpi_zero': False, 'volume': 14.0, 'time_series_of_temp': [58.5, 54.947916666666664, 52.354166666666664, 50.208333333333336, 48.354166666666664, 46.75, 45.333333333333336, 44.104166666666664, 43.0, 42.020833333333336, 41.15625, 40.354166666666664, 39.666666666666664, 39.020833333333336, 38.4375, 37.916666666666664, 37.427083333333336, 36.9375, 36.5625, 36.177083333333336, 35.8125]}",app,DEBUG,temperature_automation,2025-09-21 03:50:56.610,20.809722222222
Yeast Grow 4 Days,pioreactor02,2025-09-21T01:50:56.618Z,PID output = 0.12600000000002182,app,DEBUG,temperature_automation,2025-09-21 03:50:56.618,20.809722222222
Yeast Grow 4 Days,pioreactor02,2025-09-21T01:54:16.610Z,"features={'previous_heater_dc': 86.8, 'room_temp': 22.0, 'is_rpi_zero': False, 'volume': 14.0, 'time_series_of_temp': [58.5, 54.96875, 52.375, 50.21875, 48.34375, 46.75, 45.333333333333336, 44.104166666666664, 43.0, 42.03125, 41.15625, 40.354166666666664, 39.645833333333336, 39.0, 38.4375, 37.875, 37.385416666666664, 36.9375, 36.541666666666664, 36.135416666666664, 35.78125]}",app,DEBUG,temperature_automation,2025-09-21 03:54:16.610,20.865277777778
Yeast Grow 4 Days,pioreactor02,2025-09-21T01:54:16.618Z,PID output = 0.40000000000000424,app,DEBUG,temperature_automation,2025-09-21 03:54:16.618,20.865277777778
Yeast Grow 4 Days,pioreactor02,2025-09-21T01:57:36.611Z,"features={'previous_heater_dc': 87.2, 'room_temp': 22.0, 'is_rpi_zero': False, 'volume': 14.0, 'time_series_of_temp': [58.59375, 55.0625, 52.447916666666664, 50.28125, 48.40625, 46.791666666666664, 45.395833333333336, 44.145833333333336, 43.052083333333336, 42.0625, 41.197916666666664, 40.40625, 39.697916666666664, 39.052083333333336, 38.46875, 37.927083333333336, 37.4375, 36.96875, 36.5625, 36.1875, 35.8125]}",app,DEBUG,temperature_automation,2025-09-21 03:57:36.611,20.920833333333
Yeast Grow 4 Days,pioreactor02,2025-09-21T01:57:36.618Z,PID output = -0.7860000000000298,app,DEBUG,temperature_automation,2025-09-21 03:57:36.618,20.920833333333
Yeast Grow 4 Days,pioreactor02,2025-09-21T02:00:56.612Z,"features={'previous_heater_dc': 86.41, 'room_temp': 22.0, 'is_rpi_zero': False, 'volume': 14.0, 'time_series_of_temp': [58.375, 54.875, 52.260416666666664, 50.125, 48.260416666666664, 46.677083333333336, 45.270833333333336, 44.052083333333336, 42.947916666666664, 41.96875, 41.09375, 40.3125, 39.604166666666664, 38.947916666666664, 38.385416666666664, 37.84375, 37.375, 36.90625, 36.5, 36.125, 35.75]}",app,DEBUG,temperature_automation,2025-09-21 04:00:56.612,20.976388888889
Yeast Grow 4 Days,pioreactor02,2025-09-21T02:00:56.620Z,PID output = 0.5580000000000126,app,DEBUG,temperature_automation,2025-09-21 04:00:56.620,20.976388888889
Yeast Grow 4 Days,pioreactor02,2025-09-21T02:04:16.610Z,"features={'previous_heater_dc': 86.97, 'room_temp': 22.0, 'is_rpi_zero': False, 'volume': 14.0, 'time_series_of_temp': [58.5625, 55.020833333333336, 52.40625, 50.239583333333336, 48.385416666666664, 46.770833333333336, 45.354166666666664, 44.125, 43.020833333333336, 42.020833333333336, 41.177083333333336, 40.375, 39.666666666666664, 39.010416666666664, 38.4375, 37.885416666666664, 37.395833333333336, 36.9375, 36.552083333333336, 36.166666666666664, 35.8125]}",app,DEBUG,temperature_automation,2025-09-21 04:04:16.610,21.031944444444
Yeast Grow 4 Days,pioreactor02,2025-09-21T02:04:16.618Z,PID output = 0.33999999999999275,app,DEBUG,temperature_automation,2025-09-21 04:04:16.618,21.031944444444
Yeast Grow 4 Days,pioreactor02,2025-09-21T02:07:36.610Z,"features={'previous_heater_dc': 87.31, 'room_temp': 22.0, 'is_rpi_zero': False, 'volume': 14.0, 'time_series_of_temp': [58.677083333333336, 55.145833333333336, 52.520833333333336, 50.354166666666664, 48.489583333333336, 46.854166666666664, 45.447916666666664, 44.208333333333336, 43.114583333333336, 42.114583333333336, 41.25, 40.447916666666664, 39.739583333333336, 39.083333333333336, 38.5, 37.96875, 37.46875, 37.010416666666664, 36.604166666666664, 36.229166666666664, 35.875]}",app,DEBUG,temperature_automation,2025-09-21 04:07:36.610,21.0875
Yeast Grow 4 Days,pioreactor02,2025-09-21T02:07:36.618Z,PID output = 0.08400000000001101,app,DEBUG,temperature_automation,2025-09-21 04:07:36.618,21.0875
Yeast Grow 4 Days,pioreactor02,2025-09-21T02:10:56.612Z,"features={'previous_heater_dc': 87.39, 'room_temp': 22.0, 'is_rpi_zero': False, 'volume': 14.0, 'time_series_of_temp': [58.75, 55.1875, 52.572916666666664, 50.40625, 48.541666666666664, 46.927083333333336, 45.510416666666664, 44.270833333333336, 43.15625, 42.177083333333336, 41.291666666666664, 40.5, 39.770833333333336, 39.125, 38.5625, 38.010416666666664, 37.541666666666664, 37.0625, 36.677083333333336, 36.260416666666664, 35.9375]}",app,DEBUG,temperature_automation,2025-09-21 04:10:56.612,21.143055555556
Yeast Grow 4 Days,pioreactor02,2025-09-21T02:10:56.620Z,PID output = 0.2739999999999988,app,DEBUG,temperature_automation,2025-09-21 04:10:56.620,21.143055555556
Yeast Grow 4 Days,pioreactor02,2025-09-21T02:14:16.611Z,"features={'previous_heater_dc': 87.66, 'room_temp': 22.0, 'is_rpi_zero': False, 'volume': 14.0, 'time_series_of_temp': [58.875, 55.302083333333336, 52.666666666666664, 50.479166666666664, 48.604166666666664, 46.989583333333336, 45.572916666666664, 44.322916666666664, 43.21875, 42.229166666666664, 41.34375, 40.5625, 39.84375, 39.1875, 38.625, 38.072916666666664, 37.572916666666664, 37.125, 36.71875, 36.322916666666664, 35.979166666666664]}",app,DEBUG,temperature_automation,2025-09-21 04:14:16.611,21.198611111111
Yeast Grow 4 Days,pioreactor02,2025-09-21T02:14:16.619Z,PID output = -1.6899999999999848,app,DEBUG,temperature_automation,2025-09-21 04:14:16.619,21.198611111111
Yeast Grow 4 Days,pioreactor02,2025-09-21T02:17:36.611Z,"features={'previous_heater_dc': 85.97, 'room_temp': 22.0, 'is_rpi_zero': False, 'volume': 14.0, 'time_series_of_temp': [58.4375, 54.9375, 52.354166666666664, 50.21875, 48.364583333333336, 46.802083333333336, 45.385416666666664, 44.166666666666664, 43.072916666666664, 42.09375, 41.25, 40.4375, 39.75, 39.104166666666664, 38.53125, 38.0, 37.5, 37.0625, 36.65625, 36.260416666666664, 35.916666666666664]}",app,DEBUG,temperature_automation,2025-09-21 04:17:36.611,21.254166666667
Yeast Grow 4 Days,pioreactor02,2025-09-21T02:17:36.619Z,PID output = -0.566000000000031,app,DEBUG,temperature_automation,2025-09-21 04:17:36.619,21.254166666667
Yeast Grow 4 Days,pioreactor02,2025-09-21T02:20:56.611Z,"features={'previous_heater_dc': 85.4, 'room_temp': 22.0, 'is_rpi_zero': False, 'volume': 14.0, 'time_series_of_temp': [58.229166666666664, 54.75, 52.1875, 50.072916666666664, 48.239583333333336, 46.65625, 45.28125, 44.072916666666664, 42.96875, 42.010416666666664, 41.15625, 40.375, 39.666666666666664, 39.03125, 38.458333333333336, 37.9375, 37.4375, 37.0, 36.59375, 36.1875, 35.864583333333336]}",app,DEBUG,temperature_automation,2025-09-21 04:20:56.611,21.309722222222
Yeast Grow 4 Days,pioreactor02,2025-09-21T02:20:56.619Z,PID output = -0.7359999999999645,app,DEBUG,temperature_automation,2025-09-21 04:20:56.619,21.309722222222
Yeast Grow 4 Days,pioreactor02,2025-09-21T02:24:16.613Z,"features={'previous_heater_dc': 84.66, 'room_temp': 22.0, 'is_rpi_zero': False, 'volume': 14.0, 'time_series_of_temp': [57.96875, 54.53125, 52.0, 49.885416666666664, 48.052083333333336, 46.5, 45.114583333333336, 43.916666666666664, 42.84375, 41.885416666666664, 41.041666666666664, 40.260416666666664, 39.5625, 38.9375, 38.375, 37.833333333333336, 37.375, 36.916666666666664, 36.510416666666664, 36.135416666666664, 35.802083333333336]}",app,DEBUG,temperature_automation,2025-09-21 04:24:16.613,21.365277777778
Yeast Grow 4 Days,pioreactor02,2025-09-21T02:24:16.620Z,PID output = 0.049999999999981504,app,DEBUG,temperature_automation,2025-09-21 04:24:16.620,21.365277777778
Yeast Grow 4 Days,pioreactor02,2025-09-21T02:27:36.610Z,"features={'previous_heater_dc': 84.71, 'room_temp': 22.0, 'is_rpi_zero': False, 'volume': 14.0, 'time_series_of_temp': [57.9375, 54.510416666666664, 51.96875, 49.854166666666664, 48.03125, 46.46875, 45.09375, 43.885416666666664, 42.833333333333336, 41.864583333333336, 41.0, 40.25, 39.552083333333336, 38.90625, 38.333333333333336, 37.8125, 37.322916666666664, 36.885416666666664, 36.5, 36.125, 35.760416666666664]}",app,DEBUG,temperature_automation,2025-09-21 04:27:36.610,21.420833333333
Yeast Grow 4 Days,pioreactor02,2025-09-21T02:27:36.618Z,PID output = -0.1479999999999933,app,DEBUG,temperature_automation,2025-09-21 04:27:36.618,21.420833333333
Yeast Grow 4 Days,pioreactor02,2025-09-21T02:30:56.612Z,"features={'previous_heater_dc': 84.56, 'room_temp': 22.0, 'is_rpi_zero': False, 'volume': 14.0, 'time_series_of_temp': [57.875, 54.447916666666664, 51.895833333333336, 49.791666666666664, 47.96875, 46.40625, 45.03125, 43.833333333333336, 42.760416666666664, 41.802083333333336, 40.947916666666664, 40.1875, 39.5, 38.864583333333336, 38.270833333333336, 37.75, 37.260416666666664, 36.84375, 36.4375, 36.0625, 35.71875]}",app,DEBUG,temperature_automation,2025-09-21 04:30:56.612,21.476388888889
Yeast Grow 4 Days,pioreactor02,2025-09-21T02:30:56.620Z,PID output = -0.21400000000001287,app,DEBUG,temperature_automation,2025-09-21 04:30:56.620,21.476388888889
Yeast Grow 4 Days,pioreactor02,2025-09-21T02:34:16.612Z,"features={'previous_heater_dc': 84.35, 'room_temp': 22.0, 'is_rpi_zero': False, 'volume': 14.0, 'time_series_of_temp': [57.770833333333336, 54.354166666666664, 51.8125, 49.71875, 47.90625, 46.354166666666664, 44.989583333333336, 43.78125, 42.71875, 41.770833333333336, 40.9375, 40.15625, 39.479166666666664, 38.854166666666664, 38.260416666666664, 37.75, 37.270833333333336, 36.833333333333336, 36.427083333333336, 36.0625, 35.708333333333336]}",app,DEBUG,temperature_automation,2025-09-21 04:34:16.612,21.531944444444
Yeast Grow 4 Days,pioreactor02,2025-09-21T02:34:16.620Z,PID output = -0.980000000000014,app,DEBUG,temperature_automation,2025-09-21 04:34:16.620,21.531944444444
Yeast Grow 4 Days,pioreactor02,2025-09-21T02:37:36.612Z,"features={'previous_heater_dc': 83.37, 'room_temp': 22.0, 'is_rpi_zero': False, 'volume': 14.0, 'time_series_of_temp': [57.5, 54.114583333333336, 51.604166666666664, 49.510416666666664, 47.729166666666664, 46.197916666666664, 44.822916666666664, 43.635416666666664, 42.583333333333336, 41.645833333333336, 40.802083333333336, 40.052083333333336, 39.375, 38.75, 38.1875, 37.65625, 37.1875, 36.75, 36.364583333333336, 36.0, 35.645833333333336]}",app,DEBUG,temperature_automation,2025-09-21 04:37:36.612,21.5875
Yeast Grow 4 Days,pioreactor02,2025-09-21T02:37:36.620Z,PID output = -0.2319999999999624,app,DEBUG,temperature_automation,2025-09-21 04:37:36.620,21.5875
Yeast Grow 4 Days,pioreactor02,2025-09-21T02:40:56.611Z,"features={'previous_heater_dc': 83.14, 'room_temp': 22.0, 'is_rpi_zero': False, 'volume': 14.0, 'time_series_of_temp': [57.395833333333336, 54.03125, 51.520833333333336, 49.458333333333336, 47.677083333333336, 46.135416666666664, 44.78125, 43.59375, 42.541666666666664, 41.59375, 40.75, 40.0, 39.3125, 38.6875, 38.125, 37.625, 37.135416666666664, 36.6875, 36.3125, 35.9375, 35.604166666666664]}",app,DEBUG,temperature_automation,2025-09-21 04:40:56.611,21.643055555556
Yeast Grow 4 Days,pioreactor02,2025-09-21T02:40:56.619Z,PID output = 1.023999999999978,app,DEBUG,temperature_automation,2025-09-21 04:40:56.619,21.643055555556
Yeast Grow 4 Days,pioreactor02,2025-09-21T02:44:16.613Z,"features={'previous_heater_dc': 84.16, 'room_temp': 22.0, 'is_rpi_zero': False, 'volume': 14.0, 'time_series_of_temp': [57.645833333333336, 54.239583333333336, 51.697916666666664, 49.604166666666664, 47.8125, 46.260416666666664, 44.895833333333336, 43.6875, 42.635416666666664, 41.6875, 40.833333333333336, 40.072916666666664, 39.375, 38.75, 38.1875, 37.6875, 37.1875, 36.760416666666664, 36.375, 35.989583333333336, 35.645833333333336]}",app,DEBUG,temperature_automation,2025-09-21 04:44:16.613,21.698611111111
Yeast Grow 4 Days,pioreactor02,2025-09-21T02:44:16.621Z,PID output = -0.11199999999998482,app,DEBUG,temperature_automation,2025-09-21 04:44:16.621,21.698611111111
Yeast Grow 4 Days,pioreactor02,2025-09-21T02:47:36.611Z,"features={'previous_heater_dc': 84.05, 'room_temp': 22.0, 'is_rpi_zero': False, 'volume': 14.0, 'time_series_of_temp': [57.625, 54.208333333333336, 51.6875, 49.59375, 47.791666666666664, 46.25, 44.875, 43.666666666666664, 42.59375, 41.666666666666664, 40.8125, 40.041666666666664, 39.354166666666664, 38.71875, 38.15625, 37.625, 37.166666666666664, 36.729166666666664, 36.3125, 35.9375, 35.583333333333336]}",app,DEBUG,temperature_automation,2025-09-21 04:47:36.611,21.754166666667
Yeast Grow 4 Days,pioreactor02,2025-09-21T02:47:36.619Z,PID output = 0.17000000000000098,app,DEBUG,temperature_automation,2025-09-21 04:47:36.619,21.754166666667
Yeast Grow 4 Days,pioreactor02,2025-09-21T02:50:56.612Z,"features={'previous_heater_dc': 84.22, 'room_temp': 22.0, 'is_rpi_zero': False, 'volume': 14.0, 'time_series_of_temp': [57.625, 54.208333333333336, 51.677083333333336, 49.572916666666664, 47.770833333333336, 46.208333333333336, 44.84375, 43.635416666666664, 42.572916666666664, 41.625, 40.78125, 40.010416666666664, 39.322916666666664, 38.6875, 38.125, 37.614583333333336, 37.125, 36.6875, 36.3125, 35.9375, 35.5625]}",app,DEBUG,temperature_automation,2025-09-21 04:50:56.612,21.809722222222
Yeast Grow 4 Days,pioreactor02,2025-09-21T02:50:56.619Z,PID output = 0.582000000000005,app,DEBUG,temperature_automation,2025-09-21 04:50:56.619,21.809722222222
Yeast Grow 4 Days,pioreactor02,2025-09-21T02:54:16.612Z,"features={'previous_heater_dc': 84.8, 'room_temp': 22.0, 'is_rpi_zero': False, 'volume': 14.0, 'time_series_of_temp': [57.78125, 54.34375, 51.802083333333336, 49.677083333333336, 47.875, 46.291666666666664, 44.927083333333336, 43.71875, 42.65625, 41.6875, 40.84375, 40.072916666666664, 39.385416666666664, 38.75, 38.1875, 37.65625, 37.1875, 36.75, 36.3125, 35.9375, 35.625]}",app,DEBUG,temperature_automation,2025-09-21 04:54:16.612,21.865277777778
Yeast Grow 4 Days,pioreactor02,2025-09-21T02:54:16.620Z,PID output = -0.4600000000000065,app,DEBUG,temperature_automation,2025-09-21 04:54:16.620,21.865277777778
Yeast Grow 4 Days,pioreactor02,2025-09-21T02:57:36.611Z,"features={'previous_heater_dc': 84.34, 'room_temp': 22.0, 'is_rpi_zero': False, 'volume': 14.0, 'time_series_of_temp': [57.625, 54.208333333333336, 51.65625, 49.572916666666664, 47.760416666666664, 46.208333333333336, 44.833333333333336, 43.604166666666664, 42.552083333333336, 41.583333333333336, 40.75, 40.0, 39.291666666666664, 38.666666666666664, 38.083333333333336, 37.5625, 37.104166666666664, 36.65625, 36.25, 35.875, 35.552083333333336]}",app,DEBUG,temperature_automation,2025-09-21 04:57:36.611,21.920833333333
Yeast Grow 4 Days,pioreactor02,2025-09-21T02:57:36.619Z,PID output = 1.7999999999999998,app,DEBUG,temperature_automation,2025-09-21 04:57:36.619,21.920833333333
Yeast Grow 4 Days,pioreactor02,2025-09-21T03:00:56.611Z,"features={'previous_heater_dc': 86.14, 'room_temp': 22.0, 'is_rpi_zero': False, 'volume': 14.0, 'time_series_of_temp': [58.135416666666664, 54.666666666666664, 52.052083333333336, 49.90625, 48.072916666666664, 46.479166666666664, 45.083333333333336, 43.84375, 42.760416666666664, 41.802083333333336, 40.927083333333336, 40.15625, 39.447916666666664, 38.802083333333336, 38.239583333333336, 37.6875, 37.208333333333336, 36.760416666666664, 36.375, 35.979166666666664, 35.625]}",app,DEBUG,temperature_automation,2025-09-21 05:00:56.611,21.976388888889
Yeast Grow 4 Days,pioreactor02,2025-09-21T03:00:56.618Z,PID output = 0.14599999999999796,app,DEBUG,temperature_automation,2025-09-21 05:00:56.618,21.976388888889
Yeast Grow 4 Days,pioreactor02,2025-09-21T03:04:16.610Z,"features={'previous_heater_dc': 86.29, 'room_temp': 22.0, 'is_rpi_zero': False, 'volume': 14.0, 'time_series_of_temp': [58.1875, 54.6875, 52.09375, 49.958333333333336, 48.09375, 46.510416666666664, 45.104166666666664, 43.864583333333336, 42.78125, 41.802083333333336, 40.927083333333336, 40.15625, 39.4375, 38.8125, 38.229166666666664, 37.6875, 37.21875, 36.770833333333336, 36.375, 36.0, 35.625]}",app,DEBUG,temperature_automation,2025-09-21 05:04:16.610,22.031944444444
Yeast Grow 4 Days,pioreactor02,2025-09-21T03:04:16.618Z,PID output = 1.8360000000000083,app,DEBUG,temperature_automation,2025-09-21 05:04:16.618,22.031944444444
Yeast Grow 4 Days,pioreactor02,2025-09-21T03:07:36.611Z,"features={'previous_heater_dc': 88.13, 'room_temp': 22.0, 'is_rpi_zero': False, 'volume': 14.0, 'time_series_of_temp': [58.75, 55.1875, 52.552083333333336, 50.364583333333336, 48.479166666666664, 46.875, 45.416666666666664, 44.177083333333336, 43.0625, 42.072916666666664, 41.1875, 40.385416666666664, 39.666666666666664, 39.041666666666664, 38.4375, 37.885416666666664, 37.40625, 36.9375, 36.552083333333336, 36.125, 35.770833333333336]}",app,DEBUG,temperature_automation,2025-09-21 05:07:36.611,22.0875
Yeast Grow 4 Days,pioreactor02,2025-09-21T03:07:36.619Z,PID output = 0.025999999999984258,app,DEBUG,temperature_automation,2025-09-21 05:07:36.619,22.0875
Yeast Grow 4 Days,pioreactor02,2025-09-21T03:10:56.611Z,"features={'previous_heater_dc': 88.16, 'room_temp': 22.0, 'is_rpi_zero': False, 'volume': 14.0, 'time_series_of_temp': [58.875, 55.3125, 52.677083333333336, 50.479166666666664, 48.604166666666664, 46.958333333333336, 45.541666666666664, 44.291666666666664, 43.1875, 42.1875, 41.322916666666664, 40.5, 39.8125, 39.125, 38.541666666666664, 38.0, 37.5, 37.041666666666664, 36.625, 36.229166666666664, 35.875]}",app,DEBUG,temperature_automation,2025-09-21 05:10:56.611,22.143055555556
Yeast Grow 4 Days,pioreactor02,2025-09-21T03:10:56.618Z,PID output = -1.320000000000001,app,DEBUG,temperature_automation,2025-09-21 05:10:56.618,22.143055555556
Yeast Grow 4 Days,pioreactor02,2025-09-21T03:14:16.610Z,"features={'previous_heater_dc': 86.84, 'room_temp': 22.0, 'is_rpi_zero': False, 'volume': 14.0, 'time_series_of_temp': [58.53125, 55.010416666666664, 52.40625, 50.229166666666664, 48.364583333333336, 46.770833333333336, 45.375, 44.125, 43.03125, 42.052083333333336, 41.166666666666664, 40.375, 39.666666666666664, 39.03125, 38.4375, 37.895833333333336, 37.4375, 36.947916666666664, 36.552083333333336, 36.15625, 35.8125]}",app,DEBUG,temperature_automation,2025-09-21 05:14:16.610,22.198611111111
Yeast Grow 4 Days,pioreactor02,2025-09-21T03:14:16.618Z,PID output = 0.13800000000000523,app,DEBUG,temperature_automation,2025-09-21 05:14:16.618,22.198611111111
Yeast Grow 4 Days,pioreactor02,2025-09-21T03:17:36.610Z,"features={'previous_heater_dc': 86.98, 'room_temp': 22.0, 'is_rpi_zero': False, 'volume': 14.0, 'time_series_of_temp': [58.5625, 55.0625, 52.427083333333336, 50.270833333333336, 48.40625, 46.791666666666664, 45.395833333333336, 44.145833333333336, 43.041666666666664, 42.052083333333336, 41.1875, 40.395833333333336, 39.6875, 39.052083333333336, 38.46875, 37.9375, 37.4375, 36.979166666666664, 36.5625, 36.1875, 35.822916666666664]}",app,DEBUG,temperature_automation,2025-09-21 05:17:36.610,22.254166666667
Yeast Grow 4 Days,pioreactor02,2025-09-21T03:17:36.618Z,PID output = -0.07199999999998567,app,DEBUG,temperature_automation,2025-09-21 05:17:36.618,22.254166666667
Yeast Grow 4 Days,pioreactor02,2025-09-21T03:20:56.611Z,"features={'previous_heater_dc': 86.91, 'room_temp': 22.0, 'is_rpi_zero': False, 'volume': 14.0, 'time_series_of_temp': [58.5625, 55.03125, 52.40625, 50.260416666666664, 48.395833333333336, 46.78125, 45.385416666666664, 44.166666666666664, 43.052083333333336, 42.0625, 41.1875, 40.395833333333336, 39.6875, 39.052083333333336, 38.46875, 37.9375, 37.4375, 37.0, 36.5625, 36.1875, 35.84375]}",app,DEBUG,temperature_automation,2025-09-21 05:20:56.611,22.309722222222
Yeast Grow 4 Days,pioreactor02,2025-09-21T03:20:56.619Z,PID output = -0.6020000000000336,app,DEBUG,temperature_automation,2025-09-21 05:20:56.619,22.309722222222
Yeast Grow 4 Days,pioreactor02,2025-09-21T03:24:16.611Z,"features={'previous_heater_dc': 86.31, 'room_temp': 22.0, 'is_rpi_zero': False, 'volume': 14.0, 'time_series_of_temp': [58.364583333333336, 54.854166666666664, 52.260416666666664, 50.114583333333336, 48.25, 46.666666666666664, 45.270833333333336, 44.03125, 42.9375, 41.96875, 41.114583333333336, 40.3125, 39.614583333333336, 38.96875, 38.385416666666664, 37.875, 37.375, 36.927083333333336, 36.510416666666664, 36.125, 35.770833333333336]}",app,DEBUG,temperature_automation,2025-09-21 05:24:16.611,22.365277777778
Yeast Grow 4 Days,pioreactor02,2025-09-21T03:24:16.618Z,PID output = -0.16199999999997206,app,DEBUG,temperature_automation,2025-09-21 05:24:16.618,22.365277777778
Yeast Grow 4 Days,pioreactor02,2025-09-21T03:27:36.610Z,"features={'previous_heater_dc': 86.15, 'room_temp': 22.0, 'is_rpi_zero': False, 'volume': 14.0, 'time_series_of_temp': [58.3125, 54.8125, 52.21875, 50.09375, 48.229166666666664, 46.65625, 45.25, 44.010416666666664, 42.927083333333336, 41.958333333333336, 41.09375, 40.302083333333336, 39.583333333333336, 38.947916666666664, 38.375, 37.864583333333336, 37.375, 36.927083333333336, 36.5, 36.125, 35.75]}",app,DEBUG,temperature_automation,2025-09-21 05:27:36.610,22.420833333333
Yeast Grow 4 Days,pioreactor02,2025-09-21T03:27:36.617Z,PID output = 0.4400000000000034,app,DEBUG,temperature_automation,2025-09-21 05:27:36.617,22.420833333333
Yeast Grow 4 Days,pioreactor02,2025-09-21T03:30:56.610Z,"features={'previous_heater_dc': 86.59, 'room_temp': 22.0, 'is_rpi_zero': False, 'volume': 14.0, 'time_series_of_temp': [58.458333333333336, 54.9375, 52.34375, 50.1875, 48.34375, 46.729166666666664, 45.322916666666664, 44.09375, 42.989583333333336, 42.010416666666664, 41.145833333333336, 40.375, 39.666666666666664, 39.010416666666664, 38.4375, 37.927083333333336, 37.427083333333336, 36.958333333333336, 36.5625, 36.1875, 35.8125]}",app,DEBUG,temperature_automation,2025-09-21 05:30:56.610,22.476388888889
Yeast Grow 4 Days,pioreactor02,2025-09-21T03:30:56.618Z,PID output = -0.26200000000001533,app,DEBUG,temperature_automation,2025-09-21 05:30:56.618,22.476388888889
Yeast Grow 4 Days,pioreactor02,2025-09-21T03:34:16.609Z,"features={'previous_heater_dc': 86.33, 'room_temp': 22.0, 'is_rpi_zero': False, 'volume': 14.0, 'time_series_of_temp': [58.427083333333336, 54.90625, 52.3125, 50.15625, 48.3125, 46.729166666666664, 45.322916666666664, 44.09375, 43.0, 42.010416666666664, 41.166666666666664, 40.364583333333336, 39.677083333333336, 39.03125, 38.4375, 37.916666666666664, 37.4375, 37.0, 36.572916666666664, 36.1875, 35.822916666666664]}",app,DEBUG,temperature_automation,2025-09-21 05:34:16.609,22.531944444444
Yeast Grow 4 Days,pioreactor02,2025-09-21T03:34:16.616Z,PID output = -1.086000000000007,app,DEBUG,temperature_automation,2025-09-21 05:34:16.616,22.531944444444
Yeast Grow 4 Days,pioreactor02,2025-09-21T03:37:36.612Z,"features={'previous_heater_dc': 85.24, 'room_temp': 22.0, 'is_rpi_zero': False, 'volume': 14.0, 'time_series_of_temp': [58.0625, 54.635416666666664, 52.052083333333336, 49.9375, 48.09375, 46.520833333333336, 45.135416666666664, 43.927083333333336, 42.84375, 41.885416666666664, 41.041666666666664, 40.25, 39.572916666666664, 38.9375, 38.375, 37.84375, 37.354166666666664, 36.916666666666664, 36.5, 36.125, 35.760416666666664]}",app,DEBUG,temperature_automation,2025-09-21 05:37:36.612,22.5875
Yeast Grow 4 Days,pioreactor02,2025-09-21T03:37:36.619Z,PID output = -0.7299999999999983,app,DEBUG,temperature_automation,2025-09-21 05:37:36.619,22.5875
Yeast Grow 4 Days,pioreactor02,2025-09-21T03:40:56.610Z,"features={'previous_heater_dc': 84.51, 'room_temp': 22.0, 'is_rpi_zero': False, 'volume': 14.0, 'time_series_of_temp': [57.84375, 54.427083333333336, 51.885416666666664, 49.78125, 47.958333333333336, 46.395833333333336, 45.03125, 43.822916666666664, 42.760416666666664, 41.8125, 40.947916666666664, 40.1875, 39.5, 38.864583333333336, 38.28125, 37.770833333333336, 37.302083333333336, 36.875, 36.4375, 36.09375, 35.75]}",app,DEBUG,temperature_automation,2025-09-21 05:40:56.610,22.643055555556
Yeast Grow 4 Days,pioreactor02,2025-09-21T03:40:56.618Z,PID output = 0.67800000000001,app,DEBUG,temperature_automation,2025-09-21 05:40:56.618,22.643055555556
Yeast Grow 4 Days,pioreactor02,2025-09-21T03:44:16.610Z,"features={'previous_heater_dc': 85.19, 'room_temp': 22.0, 'is_rpi_zero': False, 'volume': 14.0, 'time_series_of_temp': [58.0625, 54.614583333333336, 52.041666666666664, 49.916666666666664, 48.083333333333336, 46.520833333333336, 45.135416666666664, 43.916666666666664, 42.84375, 41.875, 41.010416666666664, 40.25, 39.552083333333336, 38.927083333333336, 38.333333333333336, 37.8125, 37.322916666666664, 36.875, 36.5, 36.125, 35.75]}",app,DEBUG,temperature_automation,2025-09-21 05:44:16.610,22.698611111111
Yeast Grow 4 Days,pioreactor02,2025-09-21T03:44:16.618Z,PID output = -0.39199999999999163,app,DEBUG,temperature_automation,2025-09-21 05:44:16.618,22.698611111111
Yeast Grow 4 Days,pioreactor02,2025-09-21T03:47:36.610Z,"features={'previous_heater_dc': 84.8, 'room_temp': 22.0, 'is_rpi_zero': False, 'volume': 14.0, 'time_series_of_temp': [57.9375, 54.5, 51.927083333333336, 49.822916666666664, 47.989583333333336, 46.416666666666664, 45.0625, 43.84375, 42.760416666666664, 41.8125, 40.96875, 40.1875, 39.520833333333336, 38.864583333333336, 38.3125, 37.770833333333336, 37.3125, 36.864583333333336, 36.4375, 36.0625, 35.75]}",app,DEBUG,temperature_automation,2025-09-21 05:47:36.610,22.754166666667
Yeast Grow 4 Days,pioreactor02,2025-09-21T03:47:36.618Z,PID output = -1.0720000000000285,app,DEBUG,temperature_automation,2025-09-21 05:47:36.618,22.754166666667
Yeast Grow 4 Days,pioreactor02,2025-09-21T03:50:56.611Z,"features={'previous_heater_dc': 83.73, 'room_temp': 22.0, 'is_rpi_zero': False, 'volume': 14.0, 'time_series_of_temp': [57.604166666666664, 54.197916666666664, 51.677083333333336, 49.59375, 47.802083333333336, 46.260416666666664, 44.895833333333336, 43.697916666666664, 42.635416666666664, 41.677083333333336, 40.822916666666664, 40.083333333333336, 39.395833333333336, 38.770833333333336, 38.1875, 37.6875, 37.208333333333336, 36.75, 36.375, 36.0, 35.6875]}",app,DEBUG,temperature_automation,2025-09-21 05:50:56.611,22.809722222222
Yeast Grow 4 Days,pioreactor02,2025-09-21T03:50:56.619Z,PID output = 1.2800000000000182,app,DEBUG,temperature_automation,2025-09-21 05:50:56.619,22.809722222222
Yeast Grow 4 Days,pioreactor02,2025-09-21T03:54:16.611Z,"features={'previous_heater_dc': 85.01, 'room_temp': 22.0, 'is_rpi_zero': False, 'volume': 14.0, 'time_series_of_temp': [57.9375, 54.510416666666664, 51.958333333333336, 49.84375, 48.03125, 46.46875, 45.083333333333336, 43.875, 42.802083333333336, 41.833333333333336, 40.979166666666664, 40.21875, 39.510416666666664, 38.875, 38.302083333333336, 37.770833333333336, 37.3125, 36.875, 36.4375, 36.083333333333336, 35.75]}",app,DEBUG,temperature_automation,2025-09-21 05:54:16.611,22.865277777778
Yeast Grow 4 Days,pioreactor02,2025-09-21T03:54:16.619Z,PID output = 0.5619999999999926,app,DEBUG,temperature_automation,2025-09-21 05:54:16.619,22.865277777778
Yeast Grow 4 Days,pioreactor02,2025-09-21T03:57:36.612Z,"features={'previous_heater_dc': 85.57, 'room_temp': 22.0, 'is_rpi_zero': False, 'volume': 14.0, 'time_series_of_temp': [58.15625, 54.697916666666664, 52.104166666666664, 49.989583333333336, 48.15625, 46.583333333333336, 45.177083333333336, 43.96875, 42.875, 41.90625, 41.0625, 40.25, 39.5625, 38.927083333333336, 38.34375, 37.8125, 37.322916666666664, 36.875, 36.5, 36.125, 35.75]}",app,DEBUG,temperature_automation,2025-09-21 05:57:36.612,22.920833333333
Yeast Grow 4 Days,pioreactor02,2025-09-21T03:57:36.620Z,PID output = 0.1420000000000016,app,DEBUG,temperature_automation,2025-09-21 05:57:36.620,22.920833333333
Yeast Grow 4 Days,pioreactor02,2025-09-21T04:00:56.612Z,"features={'previous_heater_dc': 85.71, 'room_temp': 22.0, 'is_rpi_zero': False, 'volume': 14.0, 'time_series_of_temp': [58.1875, 54.708333333333336, 52.125, 50.0, 48.15625, 46.583333333333336, 45.1875, 43.958333333333336, 42.875, 41.90625, 41.041666666666664, 40.270833333333336, 39.5625, 38.9375, 38.364583333333336, 37.822916666666664, 37.364583333333336, 36.885416666666664, 36.5, 36.125, 35.75]}",app,DEBUG,temperature_automation,2025-09-21 06:00:56.612,22.976388888889
Yeast Grow 4 Days,pioreactor02,2025-09-21T04:00:56.620Z,PID output = -0.6300000000000074,app,DEBUG,temperature_automation,2025-09-21 06:00:56.620,22.976388888889
Yeast Grow 4 Days,pioreactor02,2025-09-21T04:04:16.612Z,"features={'previous_heater_dc': 85.08, 'room_temp': 22.0, 'is_rpi_zero': False, 'volume': 14.0, 'time_series_of_temp': [58.0, 54.5625, 52.010416666666664, 49.895833333333336, 48.0625, 46.479166666666664, 45.114583333333336, 43.895833333333336, 42.822916666666664, 41.864583333333336, 41.0, 40.239583333333336, 39.53125, 38.895833333333336, 38.3125, 37.8125, 37.3125, 36.875, 36.46875, 36.09375, 35.75]}",app,DEBUG,temperature_automation,2025-09-21 06:04:16.612,23.031944444444
Yeast Grow 4 Days,pioreactor02,2025-09-21T04:04:16.621Z,PID output = 0.21000000000001648,app,DEBUG,temperature_automation,2025-09-21 06:04:16.621,23.031944444444
Yeast Grow 4 Days,pioreactor02,2025-09-21T04:07:36.612Z,"features={'previous_heater_dc': 85.29, 'room_temp': 22.0, 'is_rpi_zero': False, 'volume': 14.0, 'time_series_of_temp': [58.052083333333336, 54.59375, 52.010416666666664, 49.916666666666664, 48.072916666666664, 46.5, 45.114583333333336, 43.895833333333336, 42.802083333333336, 41.84375, 41.0, 40.208333333333336, 39.5, 38.875, 38.3125, 37.78125, 37.291666666666664, 36.875, 36.4375, 36.083333333333336, 35.739583333333336]}",app,DEBUG,temperature_automation,2025-09-21 06:07:36.612,23.0875
Yeast Grow 4 Days,pioreactor02,2025-09-21T04:07:36.619Z,PID output = 0.7459999999999887,app,DEBUG,temperature_automation,2025-09-21 06:07:36.619,23.0875
Yeast Grow 4 Days,pioreactor02,2025-09-21T04:10:56.612Z,"features={'previous_heater_dc': 86.04, 'room_temp': 22.0, 'is_rpi_zero': False, 'volume': 14.0, 'time_series_of_temp': [58.25, 54.78125, 52.177083333333336, 50.03125, 48.21875, 46.625, 45.21875, 44.0, 42.90625, 41.9375, 41.09375, 40.302083333333336, 39.59375, 38.96875, 38.375, 37.864583333333336, 37.375, 36.927083333333336, 36.510416666666664, 36.125, 35.770833333333336]}",app,DEBUG,temperature_automation,2025-09-21 06:10:56.612,23.143055555556
Yeast Grow 4 Days,pioreactor02,2025-09-21T04:10:56.620Z,PID output = -1.2260000000000075,app,DEBUG,temperature_automation,2025-09-21 06:10:56.620,23.143055555556
Yeast Grow 4 Days,pioreactor02,2025-09-21T04:14:16.611Z,"features={'previous_heater_dc': 84.81, 'room_temp': 22.0, 'is_rpi_zero': False, 'volume': 14.0, 'time_series_of_temp': [57.9375, 54.520833333333336, 51.947916666666664, 49.84375, 48.03125, 46.447916666666664, 45.0625, 43.854166666666664, 42.78125, 41.822916666666664, 40.958333333333336, 40.1875, 39.5, 38.875, 38.3125, 37.760416666666664, 37.3125, 36.875, 36.458333333333336, 36.083333333333336, 35.75]}",app,DEBUG,temperature_automation,2025-09-21 06:14:16.611,23.198611111111
Yeast Grow 4 Days,pioreactor02,2025-09-21T04:14:16.619Z,PID output = 1.1800000000000168,app,DEBUG,temperature_automation,2025-09-21 06:14:16.619,23.198611111111
Yeast Grow 4 Days,pioreactor02,2025-09-21T04:17:36.612Z,"features={'previous_heater_dc': 85.99, 'room_temp': 22.0, 'is_rpi_zero': False, 'volume': 14.0, 'time_series_of_temp': [58.25, 54.78125, 52.1875, 50.0625, 48.21875, 46.635416666666664, 45.239583333333336, 44.020833333333336, 42.916666666666664, 41.9375, 41.09375, 40.3125, 39.614583333333336, 38.96875, 38.375, 37.854166666666664, 37.375, 36.927083333333336, 36.520833333333336, 36.125, 35.78125]}",app,DEBUG,temperature_automation,2025-09-21 06:17:36.612,23.254166666667
Yeast Grow 4 Days,pioreactor02,2025-09-21T04:17:36.620Z,PID output = -0.24399999999999833,app,DEBUG,temperature_automation,2025-09-21 06:17:36.620,23.254166666667
Yeast Grow 4 Days,pioreactor02,2025-09-21T04:20:56.611Z,"features={'previous_heater_dc': 85.75, 'room_temp': 22.0, 'is_rpi_zero': False, 'volume': 14.0, 'time_series_of_temp': [58.25, 54.770833333333336, 52.1875, 50.072916666666664, 48.21875, 46.65625, 45.25, 44.03125, 42.958333333333336, 41.979166666666664, 41.125, 40.333333333333336, 39.635416666666664, 39.020833333333336, 38.4375, 37.927083333333336, 37.4375, 36.989583333333336, 36.572916666666664, 36.1875, 35.854166666666664]}",app,DEBUG,temperature_automation,2025-09-21 06:20:56.611,23.309722222222
Yeast Grow 4 Days,pioreactor02,2025-09-21T04:20:56.619Z,PID output = -1.0740000000000236,app,DEBUG,temperature_automation,2025-09-21 06:20:56.619,23.309722222222
Yeast Grow 4 Days,pioreactor02,2025-09-21T04:24:16.611Z,"features={'previous_heater_dc': 84.68, 'room_temp': 22.0, 'is_rpi_zero': False, 'volume': 14.0, 'time_series_of_temp': [57.989583333333336, 54.552083333333336, 52.010416666666664, 49.90625, 48.083333333333336, 46.520833333333336, 45.15625, 43.9375, 42.864583333333336, 41.916666666666664, 41.0625, 40.291666666666664, 39.614583333333336, 38.989583333333336, 38.427083333333336, 37.875, 37.416666666666664, 36.958333333333336, 36.5625, 36.1875, 35.833333333333336]}",app,DEBUG,temperature_automation,2025-09-21 06:24:16.611,23.365277777778
Yeast Grow 4 Days,pioreactor02,2025-09-21T04:24:16.619Z,PID output = -1.6340000000000046,app,DEBUG,temperature_automation,2025-09-21 06:24:16.619,23.365277777778
Yeast Grow 4 Days,pioreactor02,2025-09-21T04:27:36.612Z,"features={'previous_heater_dc': 83.05, 'room_temp': 22.0, 'is_rpi_zero': False, 'volume': 14.0, 'time_series_of_temp': [57.5, 54.145833333333336, 51.614583333333336, 49.572916666666664, 47.791666666666664, 46.239583333333336, 44.90625, 43.708333333333336, 42.65625, 41.71875, 40.875, 40.135416666666664, 39.4375, 38.822916666666664, 38.25, 37.75, 37.291666666666664, 36.875, 36.458333333333336, 36.09375, 35.75]}",app,DEBUG,temperature_automation,2025-09-21 06:27:36.612,23.420833333333
Yeast Grow 4 Days,pioreactor02,2025-09-21T04:27:36.619Z,PID output = 0.4180000000000063,app,DEBUG,temperature_automation,2025-09-21 06:27:36.619,23.420833333333
Yeast Grow 4 Days,pioreactor02,2025-09-21T04:30:56.613Z,"features={'previous_heater_dc': 83.47, 'room_temp': 22.0, 'is_rpi_zero': False, 'volume': 14.0, 'time_series_of_temp': [57.572916666666664, 54.1875, 51.697916666666664, 49.614583333333336, 47.833333333333336, 46.291666666666664, 44.927083333333336, 43.75, 42.697916666666664, 41.75, 40.90625, 40.177083333333336, 39.489583333333336, 38.854166666666664, 38.302083333333336, 37.770833333333336, 37.3125, 36.875, 36.489583333333336, 36.114583333333336, 35.75]}",app,DEBUG,temperature_automation,2025-09-21 06:30:56.613,23.476388888889
Yeast Grow 4 Days,pioreactor02,2025-09-21T04:30:56.620Z,PID output = -1.1559999999999975,app,DEBUG,temperature_automation,2025-09-21 06:30:56.620,23.476388888889
Yeast Grow 4 Days,pioreactor02,2025-09-21T04:34:16.611Z,"features={'previous_heater_dc': 82.31, 'room_temp': 22.0, 'is_rpi_zero': False, 'volume': 14.0, 'time_series_of_temp': [57.229166666666664, 53.885416666666664, 51.427083333333336, 49.34375, 47.583333333333336, 46.072916666666664, 44.729166666666664, 43.552083333333336, 42.520833333333336, 41.59375, 40.75, 40.0, 39.322916666666664, 38.708333333333336, 38.166666666666664, 37.635416666666664, 37.1875, 36.75, 36.375, 36.0, 35.645833333333336]}",app,DEBUG,temperature_automation,2025-09-21 06:34:16.611,23.531944444444
Yeast Grow 4 Days,pioreactor02,2025-09-21T04:34:16.619Z,PID output = -0.14599999999999796,app,DEBUG,temperature_automation,2025-09-21 06:34:16.619,23.531944444444
Yeast Grow 4 Days,pioreactor02,2025-09-21T04:37:36.610Z,"features={'previous_heater_dc': 82.16, 'room_temp': 22.0, 'is_rpi_zero': False, 'volume': 14.0, 'time_series_of_temp': [57.125, 53.770833333333336, 51.3125, 49.260416666666664, 47.5, 45.96875, 44.635416666666664, 43.458333333333336, 42.40625, 41.5, 40.65625, 39.895833333333336, 39.25, 38.625, 38.072916666666664, 37.5625, 37.104166666666664, 36.6875, 36.302083333333336, 35.9375, 35.5625]}",app,DEBUG,temperature_automation,2025-09-21 06:37:36.610,23.5875
Yeast Grow 4 Days,pioreactor02,2025-09-21T04:37:36.617Z,PID output = 0.39599999999998226,app,DEBUG,temperature_automation,2025-09-21 06:37:36.617,23.5875
Yeast Grow 4 Days,pioreactor02,2025-09-21T04:40:56.612Z,"features={'previous_heater_dc': 82.56, 'room_temp': 22.0, 'is_rpi_zero': False, 'volume': 14.0, 'time_series_of_temp': [57.1875, 53.822916666666664, 51.364583333333336, 49.291666666666664, 47.53125, 45.989583333333336, 44.666666666666664, 43.5, 42.4375, 41.5, 40.666666666666664, 39.927083333333336, 39.239583333333336, 38.625, 38.0625, 37.5625, 37.072916666666664, 36.65625, 36.25, 35.875, 35.5625]}",app,DEBUG,temperature_automation,2025-09-21 06:40:56.612,23.643055555556
Yeast Grow 4 Days,pioreactor02,2025-09-21T04:40:56.619Z,PID output = -0.1560000000000059,app,DEBUG,temperature_automation,2025-09-21 06:40:56.619,23.643055555556
Yeast Grow 4 Days,pioreactor02,2025-09-21T04:44:16.611Z,"features={'previous_heater_dc': 82.4, 'room_temp': 22.0, 'is_rpi_zero': False, 'volume': 14.0, 'time_series_of_temp': [57.114583333333336, 53.770833333333336, 51.28125, 49.229166666666664, 47.458333333333336, 45.927083333333336, 44.59375, 43.416666666666664, 42.385416666666664, 41.4375, 40.604166666666664, 39.854166666666664, 39.1875, 38.5625, 38.0, 37.5, 37.020833333333336, 36.583333333333336, 36.1875, 35.864583333333336, 35.5]}",app,DEBUG,temperature_automation,2025-09-21 06:44:16.611,23.698611111111
Yeast Grow 4 Days,pioreactor02,2025-09-21T04:44:16.619Z,PID output = 0.27600000000001046,app,DEBUG,temperature_automation,2025-09-21 06:44:16.619,23.698611111111
Yeast Grow 4 Days,pioreactor02,2025-09-21T04:47:36.611Z,"features={'previous_heater_dc': 82.68, 'room_temp': 22.0, 'is_rpi_zero': False, 'volume': 14.0, 'time_series_of_temp': [57.125, 53.770833333333336, 51.291666666666664, 49.229166666666664, 47.458333333333336, 45.90625, 44.583333333333336, 43.40625, 42.34375, 41.427083333333336, 40.5625, 39.822916666666664, 39.166666666666664, 38.541666666666664, 37.989583333333336, 37.458333333333336, 37.0, 36.5625, 36.177083333333336, 35.8125, 35.46875]}",app,DEBUG,temperature_automation,2025-09-21 06:47:36.611,23.754166666667
Yeast Grow 4 Days,pioreactor02,2025-09-21T04:47:36.618Z,PID output = 0.6479999999999989,app,DEBUG,temperature_automation,2025-09-21 06:47:36.618,23.754166666667
Yeast Grow 4 Days,pioreactor02,2025-09-21T04:50:56.611Z,"features={'previous_heater_dc': 83.33, 'room_temp': 22.0, 'is_rpi_zero': False, 'volume': 14.0, 'time_series_of_temp': [57.291666666666664, 53.90625, 51.40625, 49.3125, 47.53125, 45.989583333333336, 44.635416666666664, 43.447916666666664, 42.395833333333336, 41.447916666666664, 40.625, 39.84375, 39.166666666666664, 38.5625, 37.989583333333336, 37.46875, 36.989583333333336, 36.5625, 36.166666666666664, 35.791666666666664, 35.4375]}",app,DEBUG,temperature_automation,2025-09-21 06:50:56.611,23.809722222222
Yeast Grow 4 Days,pioreactor02,2025-09-21T04:50:56.618Z,PID output = -0.12600000000000547,app,DEBUG,temperature_automation,2025-09-21 06:50:56.618,23.809722222222
Yeast Grow 4 Days,pioreactor02,2025-09-21T04:54:16.611Z,"features={'previous_heater_dc': 83.2, 'room_temp': 22.0, 'is_rpi_zero': False, 'volume': 14.0, 'time_series_of_temp': [57.208333333333336, 53.833333333333336, 51.333333333333336, 49.25, 47.479166666666664, 45.9375, 44.59375, 43.40625, 42.34375, 41.40625, 40.572916666666664, 39.802083333333336, 39.125, 38.5, 37.9375, 37.4375, 36.958333333333336, 36.541666666666664, 36.125, 35.760416666666664, 35.4375]}",app,DEBUG,temperature_automation,2025-09-21 06:54:16.611,23.865277777778
Yeast Grow 4 Days,pioreactor02,2025-09-21T04:54:16.619Z,PID output = 1.7600000000000007,app,DEBUG,temperature_automation,2025-09-21 06:54:16.619,23.865277777778
Yeast Grow 4 Days,pioreactor02,2025-09-21T04:57:36.612Z,"features={'previous_heater_dc': 84.96, 'room_temp': 22.0, 'is_rpi_zero': False, 'volume': 14.0, 'time_series_of_temp': [57.71875, 54.291666666666664, 51.729166666666664, 49.604166666666664, 47.802083333333336, 46.25, 44.854166666666664, 43.635416666666664, 42.572916666666664, 41.635416666666664, 40.760416666666664, 40.0, 39.3125, 38.677083333333336, 38.114583333333336, 37.5625, 37.125, 36.677083333333336, 36.25, 35.875, 35.5625]}",app,DEBUG,temperature_automation,2025-09-21 06:57:36.612,23.920833333333
Yeast Grow 4 Days,pioreactor02,2025-09-21T04:57:36.620Z,PID output = 0.2700000000000082,app,DEBUG,temperature_automation,2025-09-21 06:57:36.620,23.920833333333
Yeast Grow 4 Days,pioreactor02,2025-09-21T05:00:56.610Z,"features={'previous_heater_dc': 85.23, 'room_temp': 22.0, 'is_rpi_zero': False, 'volume': 14.0, 'time_series_of_temp': [57.864583333333336, 54.416666666666664, 51.84375, 49.75, 47.916666666666664, 46.322916666666664, 44.9375, 43.729166666666664, 42.65625, 41.6875, 40.822916666666664, 40.0625, 39.375, 38.71875, 38.166666666666664, 37.625, 37.135416666666664, 36.6875, 36.3125, 35.927083333333336, 35.572916666666664]}",app,DEBUG,temperature_automation,2025-09-21 07:00:56.610,23.976388888889
Yeast Grow 4 Days,pioreactor02,2025-09-21T05:00:56.618Z,PID output = 0.6899999999999991,app,DEBUG,temperature_automation,2025-09-21 07:00:56.618,23.976388888889
Yeast Grow 4 Days,pioreactor02,2025-09-21T05:04:16.613Z,"features={'previous_heater_dc': 85.92, 'room_temp': 22.0, 'is_rpi_zero': False, 'volume': 14.0, 'time_series_of_temp': [58.072916666666664, 54.604166666666664, 52.03125, 49.875, 48.041666666666664, 46.458333333333336, 45.072916666666664, 43.854166666666664, 42.770833333333336, 41.802083333333336, 40.9375, 40.145833333333336, 39.447916666666664, 38.8125, 38.25, 37.708333333333336, 37.229166666666664, 36.8125, 36.375, 36.0, 35.65625]}",app,DEBUG,temperature_automation,2025-09-21 07:04:16.613,24.031944444444
Yeast Grow 4 Days,pioreactor02,2025-09-21T05:04:16.621Z,PID output = 0.31000000000000727,app,DEBUG,temperature_automation,2025-09-21 07:04:16.621,24.031944444444
Yeast Grow 4 Days,pioreactor02,2025-09-21T05:07:36.610Z,"features={'previous_heater_dc': 86.23, 'room_temp': 22.0, 'is_rpi_zero': False, 'volume': 14.0, 'time_series_of_temp': [58.21875, 54.729166666666664, 52.135416666666664, 50.0, 48.145833333333336, 46.552083333333336, 45.145833333333336, 43.927083333333336, 42.84375, 41.864583333333336, 41.0, 40.229166666666664, 39.520833333333336, 38.875, 38.302083333333336, 37.770833333333336, 37.302083333333336, 36.833333333333336, 36.4375, 36.0625, 35.697916666666664]}",app,DEBUG,temperature_automation,2025-09-21 07:07:36.610,24.0875
Yeast Grow 4 Days,pioreactor02,2025-09-21T05:07:36.618Z,PID output = 0.061999999999986954,app,DEBUG,temperature_automation,2025-09-21 07:07:36.618,24.0875
Yeast Grow 4 Days,pioreactor02,2025-09-21T05:10:56.613Z,"features={'previous_heater_dc': 86.29, 'room_temp': 22.0, 'is_rpi_zero': False, 'volume': 14.0, 'time_series_of_temp': [58.3125, 54.802083333333336, 52.208333333333336, 50.072916666666664, 48.21875, 46.635416666666664, 45.229166666666664, 44.0, 42.916666666666664, 41.9375, 41.09375, 40.302083333333336, 39.604166666666664, 38.958333333333336, 38.375, 37.854166666666664, 37.364583333333336, 36.916666666666664, 36.5, 36.125, 35.75]}",app,DEBUG,temperature_automation,2025-09-21 07:10:56.613,24.143055555556
Yeast Grow 4 Days,pioreactor02,2025-09-21T05:10:56.621Z,PID output = -1.677999999999985,app,DEBUG,temperature_automation,2025-09-21 07:10:56.621,24.143055555556
Yeast Grow 4 Days,pioreactor02,2025-09-21T05:14:16.611Z,"features={'previous_heater_dc': 84.61, 'room_temp': 22.0, 'is_rpi_zero': False, 'volume': 14.0, 'time_series_of_temp': [57.822916666666664, 54.395833333333336, 51.854166666666664, 49.760416666666664, 47.947916666666664, 46.375, 44.979166666666664, 43.78125, 42.708333333333336, 41.760416666666664, 40.916666666666664, 40.145833333333336, 39.447916666666664, 38.822916666666664, 38.25, 37.739583333333336, 37.25, 36.8125, 36.416666666666664, 36.0625, 35.6875]}",app,DEBUG,temperature_automation,2025-09-21 07:14:16.611,24.198611111111
Yeast Grow 4 Days,pioreactor02,2025-09-21T05:14:16.619Z,PID output = 1.2659999999999811,app,DEBUG,temperature_automation,2025-09-21 07:14:16.619,24.198611111111
Yeast Grow 4 Days,pioreactor02,2025-09-21T05:17:36.611Z,"features={'previous_heater_dc': 85.88, 'room_temp': 22.0, 'is_rpi_zero': False, 'volume': 14.0, 'time_series_of_temp': [58.1875, 54.697916666666664, 52.125, 49.989583333333336, 48.166666666666664, 46.5625, 45.166666666666664, 43.96875, 42.875, 41.927083333333336, 41.052083333333336, 40.25, 39.5625, 38.9375, 38.375, 37.822916666666664, 37.34375, 36.875, 36.5, 36.125, 35.75]}",app,DEBUG,temperature_automation,2025-09-21 07:17:36.611,24.254166666667
Yeast Grow 4 Days,pioreactor02,2025-09-21T05:17:36.619Z,PID output = -1.0880000000000023,app,DEBUG,temperature_automation,2025-09-21 07:17:36.619,24.254166666667
Yeast Grow 4 Days,pioreactor02,2025-09-21T05:20:56.612Z,"features={'previous_heater_dc': 84.79, 'room_temp': 22.0, 'is_rpi_zero': False, 'volume': 14.0, 'time_series_of_temp': [57.895833333333336, 54.458333333333336, 51.927083333333336, 49.802083333333336, 48.010416666666664, 46.4375, 45.041666666666664, 43.84375, 42.770833333333336, 41.8125, 40.9375, 40.1875, 39.510416666666664, 38.854166666666664, 38.291666666666664, 37.760416666666664, 37.302083333333336, 36.875, 36.447916666666664, 36.0625, 35.739583333333336]}",app,DEBUG,temperature_automation,2025-09-21 07:20:56.612,24.309722222222
Yeast Grow 4 Days,pioreactor02,2025-09-21T05:20:56.620Z,PID output = 1.1080000000000054,app,DEBUG,temperature_automation,2025-09-21 07:20:56.620,24.309722222222
Yeast Grow 4 Days,pioreactor02,2025-09-21T05:24:16.612Z,"features={'previous_heater_dc': 85.9, 'room_temp': 22.0, 'is_rpi_zero': False, 'volume': 14.0, 'time_series_of_temp': [58.25, 54.75, 52.166666666666664, 50.03125, 48.197916666666664, 46.604166666666664, 45.208333333333336, 43.979166666666664, 42.895833333333336, 41.9375, 41.0625, 40.302083333333336, 39.59375, 38.958333333333336, 38.375, 37.84375, 37.375, 36.916666666666664, 36.5, 36.125, 35.75]}",app,DEBUG,temperature_automation,2025-09-21 07:24:16.612,24.365277777778
Yeast Grow 4 Days,pioreactor02,2025-09-21T05:24:16.619Z,PID output = -1.9260000000000055,app,DEBUG,temperature_automation,2025-09-21 07:24:16.619,24.365277777778
Yeast Grow 4 Days,pioreactor02,2025-09-21T05:27:36.612Z,"features={'previous_heater_dc': 83.97, 'room_temp': 22.0, 'is_rpi_zero': False, 'volume': 14.0, 'time_series_of_temp': [57.6875, 54.260416666666664, 51.739583333333336, 49.65625, 47.84375, 46.291666666666664, 44.927083333333336, 43.71875, 42.65625, 41.71875, 40.875, 40.114583333333336, 39.427083333333336, 38.791666666666664, 38.21875, 37.697916666666664, 37.25, 36.8125, 36.40625, 36.03125, 35.6875]}",app,DEBUG,temperature_automation,2025-09-21 07:27:36.612,24.420833333333
Yeast Grow 4 Days,pioreactor02,2025-09-21T05:27:36.620Z,PID output = 0.5339999999999875,app,DEBUG,temperature_automation,2025-09-21 07:27:36.620,24.420833333333
Yeast Grow 4 Days,pioreactor02,2025-09-21T05:30:56.613Z,"features={'previous_heater_dc': 84.5, 'room_temp': 22.0, 'is_rpi_zero': False, 'volume': 14.0, 'time_series_of_temp': [57.8125, 54.40625, 51.864583333333336, 49.770833333333336, 47.958333333333336, 46.40625, 45.020833333333336, 43.8125, 42.739583333333336, 41.791666666666664, 40.9375, 40.177083333333336, 39.5, 38.864583333333336, 38.270833333333336, 37.760416666666664, 37.291666666666664, 36.864583333333336, 36.4375, 36.0625, 35.739583333333336]}",app,DEBUG,temperature_automation,2025-09-21 07:30:56.613,24.476388888889
Yeast Grow 4 Days,pioreactor02,2025-09-21T05:30:56.621Z,PID output = 0.6360000000000156,app,DEBUG,temperature_automation,2025-09-21 07:30:56.621,24.476388888889
Yeast Grow 4 Days,pioreactor02,2025-09-21T05:34:16.612Z,"features={'previous_heater_dc': 85.14, 'room_temp': 22.0, 'is_rpi_zero': False, 'volume': 14.0, 'time_series_of_temp': [58.010416666666664, 54.583333333333336, 52.020833333333336, 49.90625, 48.09375, 46.53125, 45.145833333333336, 43.9375, 42.875, 41.90625, 41.0625, 40.260416666666664, 39.5625, 38.9375, 38.375, 37.84375, 37.375, 36.9375, 36.53125, 36.145833333333336, 35.8125]}",app,DEBUG,temperature_automation,2025-09-21 07:34:16.612,24.531944444444
Yeast Grow 4 Days,pioreactor02,2025-09-21T05:34:16.619Z,PID output = -0.08600000000000634,app,DEBUG,temperature_automation,2025-09-21 07:34:16.619,24.531944444444
Yeast Grow 4 Days,pioreactor02,2025-09-21T05:37:36.610Z,"features={'previous_heater_dc': 85.05, 'room_temp': 22.0, 'is_rpi_zero': False, 'volume': 14.0, 'time_series_of_temp': [58.0625, 54.635416666666664, 52.072916666666664, 49.958333333333336, 48.145833333333336, 46.583333333333336, 45.177083333333336, 43.96875, 42.885416666666664, 41.927083333333336, 41.072916666666664, 40.3125, 39.614583333333336, 38.979166666666664, 38.416666666666664, 37.875, 37.385416666666664, 36.947916666666664, 36.5625, 36.1875, 35.822916666666664]}",app,DEBUG,temperature_automation,2025-09-21 07:37:36.610,24.5875
Yeast Grow 4 Days,pioreactor02,2025-09-21T05:37:36.618Z,PID output = -0.3799999999999919,app,DEBUG,temperature_automation,2025-09-21 07:37:36.618,24.5875
Yeast Grow 4 Days,pioreactor02,2025-09-21T05:40:56.610Z,"features={'previous_heater_dc': 84.67, 'room_temp': 22.0, 'is_rpi_zero': False, 'volume': 14.0, 'time_series_of_temp': [57.96875, 54.541666666666664, 51.989583333333336, 49.895833333333336, 48.09375, 46.520833333333336, 45.145833333333336, 43.9375, 42.875, 41.916666666666664, 41.0625, 40.291666666666664, 39.625, 39.0, 38.4375, 37.885416666666664, 37.4375, 36.989583333333336, 36.583333333333336, 36.208333333333336, 35.875]}",app,DEBUG,temperature_automation,2025-09-21 07:40:56.610,24.643055555556
Yeast Grow 4 Days,pioreactor02,2025-09-21T05:40:56.618Z,PID output = -1.4719999999999813,app,DEBUG,temperature_automation,2025-09-21 07:40:56.618,24.643055555556
Yeast Grow 4 Days,pioreactor02,2025-09-21T05:44:16.611Z,"features={'previous_heater_dc': 83.2, 'room_temp': 22.0, 'is_rpi_zero': False, 'volume': 14.0, 'time_series_of_temp': [57.5625, 54.197916666666664, 51.697916666666664, 49.614583333333336, 47.833333333333336, 46.302083333333336, 44.9375, 43.760416666666664, 42.708333333333336, 41.75, 40.927083333333336, 40.1875, 39.5, 38.864583333333336, 38.302083333333336, 37.770833333333336, 37.3125, 36.875, 36.479166666666664, 36.114583333333336, 35.75]}",app,DEBUG,temperature_automation,2025-09-21 07:44:16.611,24.698611111111
Yeast Grow 4 Days,pioreactor02,2025-09-21T05:44:16.620Z,PID output = -1.1740000000000308,app,DEBUG,temperature_automation,2025-09-21 07:44:16.620,24.698611111111
Yeast Grow 4 Days,pioreactor02,2025-09-21T05:47:36.610Z,"features={'previous_heater_dc': 82.03, 'room_temp': 22.0, 'is_rpi_zero': False, 'volume': 14.0, 'time_series_of_temp': [57.135416666666664, 53.822916666666664, 51.34375, 49.291666666666664, 47.53125, 46.010416666666664, 44.6875, 43.5, 42.447916666666664, 41.552083333333336, 40.708333333333336, 39.947916666666664, 39.260416666666664, 38.666666666666664, 38.125, 37.583333333333336, 37.125, 36.697916666666664, 36.302083333333336, 35.9375, 35.625]}",app,DEBUG,temperature_automation,2025-09-21 07:47:36.610,24.754166666667
Yeast Grow 4 Days,pioreactor02,2025-09-21T05:47:36.618Z,PID output = 0.993999999999994,app,DEBUG,temperature_automation,2025-09-21 07:47:36.618,24.754166666667
Yeast Grow 4 Days,pioreactor02,2025-09-21T05:50:56.609Z,"features={'previous_heater_dc': 83.02, 'room_temp': 22.0, 'is_rpi_zero': False, 'volume': 14.0, 'time_series_of_temp': [57.3125, 53.9375, 51.447916666666664, 49.375, 47.604166666666664, 46.0625, 44.71875, 43.520833333333336, 42.46875, 41.520833333333336, 40.697916666666664, 39.9375, 39.25, 38.625, 38.0625, 37.5625, 37.09375, 36.666666666666664, 36.25, 35.885416666666664, 35.5625]}",app,DEBUG,temperature_automation,2025-09-21 07:50:56.609,24.809722222222
Yeast Grow 4 Days,pioreactor02,2025-09-21T05:50:56.617Z,PID output = 1.2840000000000145,app,DEBUG,temperature_automation,2025-09-21 07:50:56.617,24.809722222222
Yeast Grow 4 Days,pioreactor02,2025-09-21T05:54:16.610Z,"features={'previous_heater_dc': 84.3, 'room_temp': 22.0, 'is_rpi_zero': False, 'volume': 14.0, 'time_series_of_temp': [57.625, 54.25, 51.697916666666664, 49.59375, 47.791666666666664, 46.229166666666664, 44.864583333333336, 43.645833333333336, 42.583333333333336, 41.635416666666664, 40.791666666666664, 40.020833333333336, 39.322916666666664, 38.708333333333336, 38.145833333333336, 37.625, 37.135416666666664, 36.708333333333336, 36.3125, 35.9375, 35.572916666666664]}",app,DEBUG,temperature_automation,2025-09-21 07:54:16.610,24.865277777778
Yeast Grow 4 Days,pioreactor02,2025-09-21T05:54:16.618Z,PID output = 0.6519999999999953,app,DEBUG,temperature_automation,2025-09-21 07:54:16.618,24.865277777778
Yeast Grow 4 Days,pioreactor02,2025-09-21T05:57:36.612Z,"features={'previous_heater_dc': 84.95, 'room_temp': 22.0, 'is_rpi_zero': False, 'volume': 14.0, 'time_series_of_temp': [57.854166666666664, 54.385416666666664, 51.833333333333336, 49.71875, 47.885416666666664, 46.333333333333336, 44.947916666666664, 43.729166666666664, 42.645833333333336, 41.708333333333336, 40.854166666666664, 40.0625, 39.375, 38.75, 38.177083333333336, 37.625, 37.15625, 36.729166666666664, 36.3125, 35.9375, 35.614583333333336]}",app,DEBUG,temperature_automation,2025-09-21 07:57:36.612,24.920833333333
Yeast Grow 4 Days,pioreactor02,2025-09-21T05:57:36.619Z,PID output = -0.10799999999998838,app,DEBUG,temperature_automation,2025-09-21 07:57:36.619,24.920833333333
Yeast Grow 4 Days,pioreactor02,2025-09-21T06:00:56.611Z,"features={'previous_heater_dc': 84.84, 'room_temp': 22.0, 'is_rpi_zero': False, 'volume': 14.0, 'time_series_of_temp': [57.770833333333336, 54.34375, 51.78125, 49.666666666666664, 47.854166666666664, 46.270833333333336, 44.90625, 43.697916666666664, 42.625, 41.677083333333336, 40.8125, 40.041666666666664, 39.364583333333336, 38.708333333333336, 38.15625, 37.625, 37.135416666666664, 36.71875, 36.3125, 35.9375, 35.572916666666664]}",app,DEBUG,temperature_automation,2025-09-21 08:00:56.611,24.976388888889
Yeast Grow 4 Days,pioreactor02,2025-09-21T06:00:56.620Z,PID output = 0.18799999999999245,app,DEBUG,temperature_automation,2025-09-21 08:00:56.620,24.976388888889
Yeast Grow 4 Days,pioreactor02,2025-09-21T06:04:16.611Z,"features={'previous_heater_dc': 85.03, 'room_temp': 22.0, 'is_rpi_zero': False, 'volume': 14.0, 'time_series_of_temp': [57.822916666666664, 54.375, 51.822916666666664, 49.708333333333336, 47.885416666666664, 46.291666666666664, 44.927083333333336, 43.708333333333336, 42.65625, 41.6875, 40.833333333333336, 40.0625, 39.375, 38.739583333333336, 38.1875, 37.635416666666664, 37.1875, 36.71875, 36.3125, 35.947916666666664, 35.583333333333336]}",app,DEBUG,temperature_automation,2025-09-21 08:04:16.611,25.031944444444
Yeast Grow 4 Days,pioreactor02,2025-09-21T06:04:16.619Z,PID output = -0.4139999999999993,app,DEBUG,temperature_automation,2025-09-21 08:04:16.619,25.031944444444
Yeast Grow 4 Days,pioreactor02,2025-09-21T06:07:36.610Z,"features={'previous_heater_dc': 84.62, 'room_temp': 22.0, 'is_rpi_zero': False, 'volume': 14.0, 'time_series_of_temp': [57.71875, 54.291666666666664, 51.75, 49.625, 47.833333333333336, 46.270833333333336, 44.895833333333336, 43.666666666666664, 42.59375, 41.65625, 40.802083333333336, 40.03125, 39.354166666666664, 38.6875, 38.125, 37.614583333333336, 37.125, 36.6875, 36.3125, 35.9375, 35.5625]}",app,DEBUG,temperature_automation,2025-09-21 08:07:36.610,25.0875
Yeast Grow 4 Days,pioreactor02,2025-09-21T06:07:36.619Z,PID output = 1.6560000000000028,app,DEBUG,temperature_automation,2025-09-21 08:07:36.619,25.0875
Yeast Grow 4 Days,pioreactor02,2025-09-21T06:10:56.611Z,"features={'previous_heater_dc': 86.28, 'room_temp': 22.0, 'is_rpi_zero': False, 'volume': 14.0, 'time_series_of_temp': [58.229166666666664, 54.739583333333336, 52.135416666666664, 50.0, 48.15625, 46.59375, 45.177083333333336, 43.958333333333336, 42.864583333333336, 41.885416666666664, 41.041666666666664, 40.25, 39.5625, 38.927083333333336, 38.322916666666664, 37.8125, 37.3125, 36.875, 36.458333333333336, 36.09375, 35.75]}",app,DEBUG,temperature_automation,2025-09-21 08:10:56.611,25.143055555556
Yeast Grow 4 Days,pioreactor02,2025-09-21T06:10:56.619Z,PID output = -0.770000000000008,app,DEBUG,temperature_automation,2025-09-21 08:10:56.619,25.143055555556
Yeast Grow 4 Days,pioreactor02,2025-09-21T06:14:16.611Z,"features={'previous_heater_dc': 85.51, 'room_temp': 22.0, 'is_rpi_zero': False, 'volume': 14.0, 'time_series_of_temp': [58.0625, 54.625, 52.03125, 49.916666666666664, 48.09375, 46.5, 45.114583333333336, 43.895833333333336, 42.8125, 41.84375, 41.0, 40.21875, 39.520833333333336, 38.875, 38.3125, 37.760416666666664, 37.3125, 36.864583333333336, 36.4375, 36.0625, 35.708333333333336]}",app,DEBUG,temperature_automation,2025-09-21 08:14:16.611,25.198611111111
Yeast Grow 4 Days,pioreactor02,2025-09-21T06:14:16.619Z,PID output = 0.03200000000001211,app,DEBUG,temperature_automation,2025-09-21 08:14:16.619,25.198611111111
Yeast Grow 4 Days,pioreactor02,2025-09-21T06:17:36.610Z,"features={'previous_heater_dc': 85.54, 'room_temp': 22.0, 'is_rpi_zero': False, 'volume': 14.0, 'time_series_of_temp': [58.0625, 54.604166666666664, 52.03125, 49.90625, 48.072916666666664, 46.489583333333336, 45.09375, 43.864583333333336, 42.791666666666664, 41.8125, 40.979166666666664, 40.1875, 39.5, 38.864583333333336, 38.28125, 37.75, 37.28125, 36.822916666666664, 36.4375, 36.0625, 35.6875]}",app,DEBUG,temperature_automation,2025-09-21 08:17:36.610,25.254166666667
Yeast Grow 4 Days,pioreactor02,2025-09-21T06:17:36.617Z,PID output = 0.7979999999999876,app,DEBUG,temperature_automation,2025-09-21 08:17:36.617,25.254166666667
Yeast Grow 4 Days,pioreactor02,2025-09-21T06:20:56.612Z,"features={'previous_heater_dc': 86.34, 'room_temp': 22.0, 'is_rpi_zero': False, 'volume': 14.0, 'time_series_of_temp': [58.25, 54.78125, 52.1875, 50.041666666666664, 48.177083333333336, 46.59375, 45.197916666666664, 43.96875, 42.864583333333336, 41.885416666666664, 41.03125, 40.25, 39.552083333333336, 38.895833333333336, 38.3125, 37.802083333333336, 37.302083333333336, 36.875, 36.4375, 36.0625, 35.708333333333336]}",app,DEBUG,temperature_automation,2025-09-21 08:20:56.612,25.309722222222
Yeast Grow 4 Days,pioreactor02,2025-09-21T06:20:56.620Z,PID output = 0.7700000000000138,app,DEBUG,temperature_automation,2025-09-21 08:20:56.620,25.309722222222
Yeast Grow 4 Days,pioreactor02,2025-09-21T06:24:16.611Z,"features={'previous_heater_dc': 87.11, 'room_temp': 22.0, 'is_rpi_zero': False, 'volume': 14.0, 'time_series_of_temp': [58.552083333333336, 55.010416666666664, 52.40625, 50.239583333333336, 48.375, 46.760416666666664, 45.34375, 44.114583333333336, 43.010416666666664, 42.03125, 41.145833333333336, 40.364583333333336, 39.65625, 39.0, 38.4375, 37.885416666666664, 37.40625, 36.9375, 36.552083333333336, 36.135416666666664, 35.8125]}",app,DEBUG,temperature_automation,2025-09-21 08:24:16.611,25.365277777778
Yeast Grow 4 Days,pioreactor02,2025-09-21T06:24:16.620Z,PID output = -0.08200000000000995,app,DEBUG,temperature_automation,2025-09-21 08:24:16.620,25.365277777778
Yeast Grow 4 Days,pioreactor02,2025-09-21T06:27:36.611Z,"features={'previous_heater_dc': 87.03, 'room_temp': 22.0, 'is_rpi_zero': False, 'volume': 14.0, 'time_series_of_temp': [58.583333333333336, 55.0625, 52.447916666666664, 50.270833333333336, 48.40625, 46.802083333333336, 45.385416666666664, 44.145833333333336, 43.041666666666664, 42.072916666666664, 41.1875, 40.40625, 39.677083333333336, 39.0625, 38.458333333333336, 37.927083333333336, 37.4375, 36.979166666666664, 36.5625, 36.1875, 35.8125]}",app,DEBUG,temperature_automation,2025-09-21 08:27:36.611,25.420833333333
Yeast Grow 4 Days,pioreactor02,2025-09-21T06:27:36.619Z,PID output = -0.9380000000000137,app,DEBUG,temperature_automation,2025-09-21 08:27:36.619,25.420833333333
Yeast Grow 4 Days,pioreactor02,2025-09-21T06:30:56.612Z,"features={'previous_heater_dc': 86.09, 'room_temp': 22.0, 'is_rpi_zero': False, 'volume': 14.0, 'time_series_of_temp': [58.3125, 54.822916666666664, 52.25, 50.104166666666664, 48.28125, 46.6875, 45.302083333333336, 44.09375, 43.0, 42.052083333333336, 41.1875, 40.395833333333336, 39.697916666666664, 39.072916666666664, 38.5, 37.979166666666664, 37.5, 37.0625, 36.625, 36.25, 35.927083333333336]}",app,DEBUG,temperature_automation,2025-09-21 08:30:56.612,25.476388888889
Yeast Grow 4 Days,pioreactor02,2025-09-21T06:30:56.620Z,PID output = -1.5959999999999752,app,DEBUG,temperature_automation,2025-09-21 08:30:56.620,25.476388888889
Yeast Grow 4 Days,pioreactor02,2025-09-21T06:34:16.614Z,"features={'previous_heater_dc': 84.49, 'room_temp': 22.0, 'is_rpi_zero': False, 'volume': 14.0, 'time_series_of_temp': [58.0625, 54.635416666666664, 52.083333333333336, 49.979166666666664, 48.166666666666664, 46.625, 45.239583333333336, 44.052083333333336, 42.989583333333336, 42.041666666666664, 41.177083333333336, 40.40625, 39.729166666666664, 39.114583333333336, 38.53125, 38.0, 37.5625, 37.125, 36.6875, 36.322916666666664, 36.0]}",app,DEBUG,temperature_automation,2025-09-21 08:34:16.614,25.531944444444
Yeast Grow 4 Days,pioreactor02,2025-09-21T06:34:16.621Z,PID output = -2.3320000000000234,app,DEBUG,temperature_automation,2025-09-21 08:34:16.621,25.531944444444
Yeast Grow 4 Days,pioreactor02,2025-09-21T06:37:36.610Z,"features={'previous_heater_dc': 82.16, 'room_temp': 22.0, 'is_rpi_zero': False, 'volume': 14.0, 'time_series_of_temp': [57.4375, 54.125, 51.65625, 49.604166666666664, 47.84375, 46.34375, 44.989583333333336, 43.8125, 42.78125, 41.875, 41.0625, 40.3125, 39.625, 39.020833333333336, 38.489583333333336, 37.96875, 37.5, 37.072916666666664, 36.6875, 36.333333333333336, 36.010416666666664]}",app,DEBUG,temperature_automation,2025-09-21 08:37:36.610,25.5875
Yeast Grow 4 Days,pioreactor02,2025-09-21T06:37:36.617Z,PID output = -1.6339999999999848,app,DEBUG,temperature_automation,2025-09-21 08:37:36.617,25.5875
Yeast Grow 4 Days,pioreactor02,2025-09-21T06:40:56.611Z,"features={'previous_heater_dc': 80.53, 'room_temp': 22.0, 'is_rpi_zero': False, 'volume': 14.0, 'time_series_of_temp': [57.0625, 53.760416666666664, 51.354166666666664, 49.34375, 47.604166666666664, 46.114583333333336, 44.8125, 43.635416666666664, 42.625, 41.697916666666664, 40.885416666666664, 40.145833333333336, 39.5, 38.875, 38.333333333333336, 37.822916666666664, 37.375, 36.947916666666664, 36.5625, 36.239583333333336, 35.875]}",app,DEBUG,temperature_automation,2025-09-21 08:40:56.611,25.643055555556
Yeast Grow 4 Days,pioreactor02,2025-09-21T06:40:56.619Z,PID output = -1.116000000000004,app,DEBUG,temperature_automation,2025-09-21 08:40:56.619,25.643055555556
Yeast Grow 4 Days,pioreactor02,2025-09-21T06:44:16.610Z,"features={'previous_heater_dc': 79.41, 'room_temp': 22.0, 'is_rpi_zero': False, 'volume': 14.0, 'time_series_of_temp': [56.635416666666664, 53.427083333333336, 51.041666666666664, 49.03125, 47.333333333333336, 45.854166666666664, 44.583333333333336, 43.447916666666664, 42.4375, 41.53125, 40.75, 40.03125, 39.375, 38.78125, 38.25, 37.75, 37.3125, 36.875, 36.5, 36.145833333333336, 35.8125]}",app,DEBUG,temperature_automation,2025-09-21 08:44:16.610,25.698611111111
Yeast Grow 4 Days,pioreactor02,2025-09-21T06:44:16.618Z,PID output = -3.2440000000000224,app,DEBUG,temperature_automation,2025-09-21 08:44:16.618,25.698611111111
Yeast Grow 4 Days,pioreactor02,2025-09-21T06:47:36.612Z,"features={'previous_heater_dc': 76.17, 'room_temp': 22.0, 'is_rpi_zero': False, 'volume': 14.0, 'time_series_of_temp': [55.625, 52.552083333333336, 50.25, 48.333333333333336, 46.697916666666664, 45.28125, 44.03125, 42.9375, 41.958333333333336, 41.114583333333336, 40.3125, 39.625, 39.0, 38.4375, 37.916666666666664, 37.4375, 37.0, 36.59375, 36.239583333333336, 35.875, 35.5625]}",app,DEBUG,temperature_automation,2025-09-21 08:47:36.612,25.754166666667
Yeast Grow 4 Days,pioreactor02,2025-09-21T06:47:36.619Z,PID output = -0.20200000000000817,app,DEBUG,temperature_automation,2025-09-21 08:47:36.619,25.754166666667
Yeast Grow 4 Days,pioreactor02,2025-09-21T06:50:56.612Z,"features={'previous_heater_dc': 75.97, 'room_temp': 22.0, 'is_rpi_zero': False, 'volume': 14.0, 'time_series_of_temp': [55.447916666666664, 52.34375, 50.052083333333336, 48.135416666666664, 46.520833333333336, 45.104166666666664, 43.864583333333336, 42.791666666666664, 41.8125, 40.96875, 40.197916666666664, 39.510416666666664, 38.875, 38.322916666666664, 37.8125, 37.354166666666664, 36.895833333333336, 36.5, 36.15625, 35.8125, 35.5]}",app,DEBUG,temperature_automation,2025-09-21 08:50:56.612,25.809722222222
Yeast Grow 4 Days,pioreactor02,2025-09-21T06:50:56.620Z,PID output = -1.927999999999996,app,DEBUG,temperature_automation,2025-09-21 08:50:56.620,25.809722222222
Yeast Grow 4 Days,pioreactor02,2025-09-21T06:54:16.612Z,"features={'previous_heater_dc': 74.04, 'room_temp': 22.0, 'is_rpi_zero': False, 'volume': 14.0, 'time_series_of_temp': [54.833333333333336, 51.833333333333336, 49.59375, 47.739583333333336, 46.145833333333336, 44.78125, 43.5625, 42.510416666666664, 41.572916666666664, 40.71875, 39.989583333333336, 39.3125, 38.6875, 38.135416666666664, 37.645833333333336, 37.177083333333336, 36.75, 36.375, 36.0, 35.6875, 35.375]}",app,DEBUG,temperature_automation,2025-09-21 08:54:16.612,25.865277777778
Yeast Grow 4 Days,pioreactor02,2025-09-21T06:54:16.620Z,PID output = -0.6959999999999711,app,DEBUG,temperature_automation,2025-09-21 08:54:16.620,25.865277777778
Yeast Grow 4 Days,pioreactor02,2025-09-21T06:57:36.611Z,"features={'previous_heater_dc': 73.34, 'room_temp': 22.0, 'is_rpi_zero': False, 'volume': 14.0, 'time_series_of_temp': [54.5, 51.520833333333336, 49.3125, 47.479166666666664, 45.90625, 44.53125, 43.354166666666664, 42.291666666666664, 41.354166666666664, 40.53125, 39.791666666666664, 39.114583333333336, 38.5, 37.947916666666664, 37.447916666666664, 37.0, 36.572916666666664, 36.1875, 35.864583333333336, 35.53125, 35.25]}",app,DEBUG,temperature_automation,2025-09-21 08:57:36.611,25.920833333333
Yeast Grow 4 Days,pioreactor02,2025-09-21T06:57:36.619Z,PID output = 1.4159999999999897,app,DEBUG,temperature_automation,2025-09-21 08:57:36.619,25.920833333333
Yeast Grow 4 Days,pioreactor02,2025-09-21T07:00:56.611Z,"features={'previous_heater_dc': 74.76, 'room_temp': 22.0, 'is_rpi_zero': False, 'volume': 14.0, 'time_series_of_temp': [54.875, 51.802083333333336, 49.583333333333336, 47.71875, 46.125, 44.739583333333336, 43.520833333333336, 42.447916666666664, 41.520833333333336, 40.645833333333336, 39.895833333333336, 39.25, 38.625, 38.0625, 37.5625, 37.072916666666664, 36.6875, 36.25, 35.927083333333336, 35.5625, 35.25]}",app,DEBUG,temperature_automation,2025-09-21 09:00:56.611,25.976388888889
Yeast Grow 4 Days,pioreactor02,2025-09-21T07:00:56.619Z,PID output = -2.5900000000000003,app,DEBUG,temperature_automation,2025-09-21 09:00:56.619,25.976388888889
Yeast Grow 4 Days,pioreactor02,2025-09-21T07:04:16.612Z,"features={'previous_heater_dc': 72.17, 'room_temp': 22.0, 'is_rpi_zero': False, 'volume': 14.0, 'time_series_of_temp': [54.125, 51.177083333333336, 48.979166666666664, 47.166666666666664, 45.645833333333336, 44.28125, 43.104166666666664, 42.0625, 41.1875, 40.34375, 39.614583333333336, 38.958333333333336, 38.375, 37.822916666666664, 37.322916666666664, 36.875, 36.489583333333336, 36.125, 35.75, 35.4375, 35.125]}",app,DEBUG,temperature_automation,2025-09-21 09:04:16.612,26.031944444444
Yeast Grow 4 Days,pioreactor02,2025-09-21T07:04:16.620Z,PID output = -1.4779999999999789,app,DEBUG,temperature_automation,2025-09-21 09:04:16.620,26.031944444444
Yeast Grow 4 Days,pioreactor02,2025-09-21T07:07:36.612Z,"features={'previous_heater_dc': 70.69, 'room_temp': 22.0, 'is_rpi_zero': False, 'volume': 14.0, 'time_series_of_temp': [53.614583333333336, 50.729166666666664, 48.59375, 46.8125, 45.291666666666664, 43.989583333333336, 42.833333333333336, 41.8125, 40.927083333333336, 40.125, 39.40625, 38.75, 38.1875, 37.635416666666664, 37.166666666666664, 36.71875, 36.3125, 35.9375, 35.614583333333336, 35.28125, 35.0]}",app,DEBUG,temperature_automation,2025-09-21 09:07:36.612,26.0875
Yeast Grow 4 Days,pioreactor02,2025-09-21T07:07:36.619Z,PID output = -0.3120000000000247,app,DEBUG,temperature_automation,2025-09-21 09:07:36.619,26.0875
Yeast Grow 4 Days,pioreactor02,2025-09-21T07:10:56.611Z,"features={'previous_heater_dc': 70.38, 'room_temp': 22.0, 'is_rpi_zero': False, 'volume': 14.0, 'time_series_of_temp': [53.375, 50.520833333333336, 48.395833333333336, 46.625, 45.104166666666664, 43.802083333333336, 42.645833333333336, 41.645833333333336, 40.729166666666664, 39.9375, 39.229166666666664, 38.583333333333336, 38.0, 37.479166666666664, 36.989583333333336, 36.5625, 36.125, 35.760416666666664, 35.4375, 35.125, 34.8125]}",app,DEBUG,temperature_automation,2025-09-21 09:10:56.611,26.143055555556
Yeast Grow 4 Days,pioreactor02,2025-09-21T07:10:56.618Z,PID output = 0.7460000000000249,app,DEBUG,temperature_automation,2025-09-21 09:10:56.618,26.143055555556
Yeast Grow 4 Days,pioreactor02,2025-09-21T07:14:16.611Z,"features={'previous_heater_dc': 71.13, 'room_temp': 22.0, 'is_rpi_zero': False, 'volume': 14.0, 'time_series_of_temp': [53.458333333333336, 50.552083333333336, 48.40625, 46.65625, 45.114583333333336, 43.802083333333336, 42.625, 41.625, 40.708333333333336, 39.927083333333336, 39.197916666666664, 38.552083333333336, 37.947916666666664, 37.4375, 36.9375, 36.5, 36.072916666666664, 35.71875, 35.375, 35.0625, 34.75]}",app,DEBUG,temperature_automation,2025-09-21 09:14:16.611,26.198611111111
Yeast Grow 4 Days,pioreactor02,2025-09-21T07:14:16.620Z,PID output = 0.26399999999999435,app,DEBUG,temperature_automation,2025-09-21 09:14:16.620,26.198611111111
Yeast Grow 4 Days,pioreactor02,2025-09-21T07:17:36.611Z,"features={'previous_heater_dc': 71.39, 'room_temp': 22.0, 'is_rpi_zero': False, 'volume': 14.0, 'time_series_of_temp': [53.5, 50.59375, 48.4375, 46.666666666666664, 45.114583333333336, 43.802083333333336, 42.645833333333336, 41.625, 40.697916666666664, 39.90625, 39.166666666666664, 38.53125, 37.9375, 37.40625, 36.90625, 36.489583333333336, 36.0625, 35.697916666666664, 35.375, 35.041666666666664, 34.75]}",app,DEBUG,temperature_automation,2025-09-21 09:17:36.611,26.254166666667
Yeast Grow 4 Days,pioreactor02,2025-09-21T07:17:36.619Z,PID output = 1.4080000000000084,app,DEBUG,temperature_automation,2025-09-21 09:17:36.619,26.254166666667
Yeast Grow 4 Days,pioreactor02,2025-09-21T07:20:56.611Z,"features={'previous_heater_dc': 72.8, 'room_temp': 22.0, 'is_rpi_zero': False, 'volume': 14.0, 'time_series_of_temp': [53.9375, 50.958333333333336, 48.770833333333336, 46.947916666666664, 45.395833333333336, 44.041666666666664, 42.84375, 41.8125, 40.895833333333336, 40.0625, 39.333333333333336, 38.666666666666664, 38.0625, 37.552083333333336, 37.0625, 36.59375, 36.1875, 35.802083333333336, 35.479166666666664, 35.135416666666664, 34.854166666666664]}",app,DEBUG,temperature_automation,2025-09-21 09:20:56.611,26.309722222222
Yeast Grow 4 Days,pioreactor02,2025-09-21T07:20:56.619Z,PID output = 0.009999999999988074,app,DEBUG,temperature_automation,2025-09-21 09:20:56.619,26.309722222222
Yeast Grow 4 Days,pioreactor02,2025-09-21T07:24:16.612Z,"features={'previous_heater_dc': 72.81, 'room_temp': 22.0, 'is_rpi_zero': False, 'volume': 14.0, 'time_series_of_temp': [53.989583333333336, 51.0, 48.822916666666664, 47.0, 45.4375, 44.09375, 42.885416666666664, 41.84375, 40.927083333333336, 40.135416666666664, 39.375, 38.71875, 38.125, 37.583333333333336, 37.072916666666664, 36.625, 36.25, 35.864583333333336, 35.5, 35.1875, 34.875]}",app,DEBUG,temperature_automation,2025-09-21 09:24:16.612,26.365277777778
Yeast Grow 4 Days,pioreactor02,2025-09-21T07:24:16.620Z,PID output = -0.28999999999998916,app,DEBUG,temperature_automation,2025-09-21 09:24:16.620,26.365277777778
Yeast Grow 4 Days,pioreactor02,2025-09-21T07:27:36.610Z,"features={'previous_heater_dc': 72.52, 'room_temp': 22.0, 'is_rpi_zero': False, 'volume': 14.0, 'time_series_of_temp': [53.916666666666664, 50.96875, 48.78125, 46.989583333333336, 45.416666666666664, 44.072916666666664, 42.895833333333336, 41.854166666666664, 40.9375, 40.104166666666664, 39.375, 38.697916666666664, 38.125, 37.5625, 37.09375, 36.635416666666664, 36.25, 35.875, 35.5, 35.1875, 34.895833333333336]}",app,DEBUG,temperature_automation,2025-09-21 09:27:36.610,26.420833333333
Yeast Grow 4 Days,pioreactor02,2025-09-21T07:27:36.618Z,PID output = 1.1579999999999926,app,DEBUG,temperature_automation,2025-09-21 09:27:36.618,26.420833333333
Yeast Grow 4 Days,pioreactor02,2025-09-21T07:30:56.610Z,"features={'previous_heater_dc': 73.68, 'room_temp': 22.0, 'is_rpi_zero': False, 'volume': 14.0, 'time_series_of_temp': [54.3125, 51.3125, 49.09375, 47.260416666666664, 45.677083333333336, 44.3125, 43.104166666666664, 42.0625, 41.125, 40.302083333333336, 39.5625, 38.875, 38.28125, 37.75, 37.25, 36.802083333333336, 36.375, 36.0, 35.635416666666664, 35.3125, 35.0]}",app,DEBUG,temperature_automation,2025-09-21 09:30:56.610,26.476388888889
Yeast Grow 4 Days,pioreactor02,2025-09-21T07:30:56.618Z,PID output = -1.8360000000000025,app,DEBUG,temperature_automation,2025-09-21 09:30:56.618,26.476388888889
Yeast Grow 4 Days,pioreactor02,2025-09-21T07:34:16.612Z,"features={'previous_heater_dc': 71.84, 'room_temp': 22.0, 'is_rpi_zero': False, 'volume': 14.0, 'time_series_of_temp': [53.8125, 50.885416666666664, 48.6875, 46.916666666666664, 45.375, 44.03125, 42.854166666666664, 41.822916666666664, 40.927083333333336, 40.125, 39.375, 38.708333333333336, 38.125, 37.583333333333336, 37.125, 36.677083333333336, 36.25, 35.875, 35.552083333333336, 35.229166666666664, 34.927083333333336]}",app,DEBUG,temperature_automation,2025-09-21 09:34:16.612,26.531944444444
Yeast Grow 4 Days,pioreactor02,2025-09-21T07:34:16.620Z,PID output = -0.004000000000021958,app,DEBUG,temperature_automation,2025-09-21 09:34:16.620,26.531944444444
Yeast Grow 4 Days,pioreactor02,2025-09-21T07:37:36.613Z,"features={'previous_heater_dc': 71.84, 'room_temp': 22.0, 'is_rpi_zero': False, 'volume': 14.0, 'time_series_of_temp': [53.75, 50.833333333333336, 48.65625, 46.885416666666664, 45.34375, 44.010416666666664, 42.833333333333336, 41.802083333333336, 40.885416666666664, 40.072916666666664, 39.34375, 38.6875, 38.114583333333336, 37.5625, 37.072916666666664, 36.625, 36.197916666666664, 35.822916666666664, 35.5, 35.177083333333336, 34.875]}",app,DEBUG,temperature_automation,2025-09-21 09:37:36.613,26.5875
Yeast Grow 4 Days,pioreactor02,2025-09-21T07:37:36.620Z,PID output = 0.6300000000000239,app,DEBUG,temperature_automation,2025-09-21 09:37:36.620,26.5875
Yeast Grow 4 Days,pioreactor02,2025-09-21T07:40:56.611Z,"features={'previous_heater_dc': 72.47, 'room_temp': 22.0, 'is_rpi_zero': False, 'volume': 14.0, 'time_series_of_temp': [53.875, 50.927083333333336, 48.739583333333336, 46.927083333333336, 45.375, 44.020833333333336, 42.84375, 41.8125, 40.895833333333336, 40.0625, 39.333333333333336, 38.677083333333336, 38.072916666666664, 37.520833333333336, 37.03125, 36.583333333333336, 36.177083333333336, 35.8125, 35.447916666666664, 35.125, 34.8125]}",app,DEBUG,temperature_automation,2025-09-21 09:40:56.611,26.643055555556
Yeast Grow 4 Days,pioreactor02,2025-09-21T07:40:56.618Z,PID output = 0.29399999999998555,app,DEBUG,temperature_automation,2025-09-21 09:40:56.618,26.643055555556
Yeast Grow 4 Days,pioreactor02,2025-09-21T07:44:16.611Z,"features={'previous_heater_dc': 72.76, 'room_temp': 22.0, 'is_rpi_zero': False, 'volume': 14.0, 'time_series_of_temp': [53.875, 50.90625, 48.729166666666664, 46.90625, 45.333333333333336, 43.979166666666664, 42.8125, 41.760416666666664, 40.854166666666664, 40.010416666666664, 39.270833333333336, 38.625, 38.010416666666664, 37.479166666666664, 37.0, 36.53125, 36.125, 35.75, 35.385416666666664, 35.0625, 34.78125]}",app,DEBUG,temperature_automation,2025-09-21 09:44:16.611,26.698611111111
Yeast Grow 4 Days,pioreactor02,2025-09-21T07:44:16.619Z,PID output = 1.0200000000000038,app,DEBUG,temperature_automation,2025-09-21 09:44:16.619,26.698611111111
Yeast Grow 4 Days,pioreactor02,2025-09-21T07:47:36.611Z,"features={'previous_heater_dc': 73.78, 'room_temp': 22.0, 'is_rpi_zero': False, 'volume': 14.0, 'time_series_of_temp': [54.208333333333336, 51.197916666666664, 49.0, 47.15625, 45.583333333333336, 44.197916666666664, 43.010416666666664, 41.9375, 41.010416666666664, 40.1875, 39.4375, 38.75, 38.166666666666664, 37.625, 37.104166666666664, 36.65625, 36.239583333333336, 35.854166666666664, 35.5, 35.1875, 34.875]}",app,DEBUG,temperature_automation,2025-09-21 09:47:36.611,26.754166666667
Yeast Grow 4 Days,pioreactor02,2025-09-21T07:47:36.618Z,PID output = 0.6119999999999961,app,DEBUG,temperature_automation,2025-09-21 09:47:36.618,26.754166666667
Yeast Grow 4 Days,pioreactor02,2025-09-21T07:50:56.611Z,"features={'previous_heater_dc': 74.39, 'room_temp': 22.0, 'is_rpi_zero': False, 'volume': 14.0, 'time_series_of_temp': [54.4375, 51.385416666666664, 49.15625, 47.291666666666664, 45.697916666666664, 44.322916666666664, 43.114583333333336, 42.052083333333336, 41.104166666666664, 40.260416666666664, 39.5, 38.8125, 38.208333333333336, 37.666666666666664, 37.145833333333336, 36.6875, 36.260416666666664, 35.885416666666664, 35.541666666666664, 35.197916666666664, 34.885416666666664]}",app,DEBUG,temperature_automation,2025-09-21 09:50:56.611,26.809722222222
Yeast Grow 4 Days,pioreactor02,2025-09-21T07:50:56.619Z,PID output = 0.23200000000000431,app,DEBUG,temperature_automation,2025-09-21 09:50:56.619,26.809722222222
Yeast Grow 4 Days,pioreactor02,2025-09-21T07:54:16.611Z,"features={'previous_heater_dc': 74.62, 'room_temp': 22.0, 'is_rpi_zero': False, 'volume': 14.0, 'time_series_of_temp': [54.5, 51.458333333333336, 49.21875, 47.34375, 45.75, 44.364583333333336, 43.145833333333336, 42.072916666666664, 41.135416666666664, 40.270833333333336, 39.541666666666664, 38.84375, 38.229166666666664, 37.6875, 37.1875, 36.71875, 36.302083333333336, 35.916666666666664, 35.5625, 35.25, 34.927083333333336]}",app,DEBUG,temperature_automation,2025-09-21 09:54:16.611,26.865277777778
Yeast Grow 4 Days,pioreactor02,2025-09-21T07:54:16.619Z,PID output = 1.2079999999999962,app,DEBUG,temperature_automation,2025-09-21 09:54:16.619,26.865277777778
Yeast Grow 4 Days,pioreactor02,2025-09-21T07:57:36.611Z,"features={'previous_heater_dc': 75.83, 'room_temp': 22.0, 'is_rpi_zero': False, 'volume': 14.0, 'time_series_of_temp': [54.854166666666664, 51.770833333333336, 49.489583333333336, 47.59375, 45.96875, 44.583333333333336, 43.354166666666664, 42.25, 41.291666666666664, 40.427083333333336, 39.65625, 38.989583333333336, 38.364583333333336, 37.791666666666664, 37.260416666666664, 36.8125, 36.375, 36.0, 35.625, 35.3125, 35.0]}",app,DEBUG,temperature_automation,2025-09-21 09:57:36.611,26.920833333333
Yeast Grow 4 Days,pioreactor02,2025-09-21T07:57:36.619Z,PID output = 1.062000000000004,app,DEBUG,temperature_automation,2025-09-21 09:57:36.619,26.920833333333
Yeast Grow 4 Days,pioreactor02,2025-09-21T08:00:56.611Z,"features={'previous_heater_dc': 76.89, 'room_temp': 22.0, 'is_rpi_zero': False, 'volume': 14.0, 'time_series_of_temp': [55.239583333333336, 52.114583333333336, 49.791666666666664, 47.875, 46.239583333333336, 44.822916666666664, 43.5625, 42.46875, 41.510416666666664, 40.625, 39.875, 39.177083333333336, 38.5625, 38.0, 37.46875, 37.0, 36.5625, 36.145833333333336, 35.791666666666664, 35.447916666666664, 35.145833333333336]}",app,DEBUG,temperature_automation,2025-09-21 10:00:56.611,26.976388888889
Yeast Grow 4 Days,pioreactor02,2025-09-21T08:00:56.619Z,PID output = -2.4800000000000053,app,DEBUG,temperature_automation,2025-09-21 10:00:56.619,26.976388888889
Yeast Grow 4 Days,pioreactor02,2025-09-21T08:04:16.612Z,"features={'previous_heater_dc': 74.41, 'room_temp': 22.0, 'is_rpi_zero': False, 'volume': 14.0, 'time_series_of_temp': [54.583333333333336, 51.572916666666664, 49.3125, 47.447916666666664, 45.875, 44.46875, 43.270833333333336, 42.197916666666664, 41.260416666666664, 40.395833333333336, 39.635416666666664, 38.989583333333336, 38.364583333333336, 37.8125, 37.3125, 36.875, 36.4375, 36.052083333333336, 35.6875, 35.34375, 35.0625]}",app,DEBUG,temperature_automation,2025-09-21 10:04:16.612,27.031944444444
Yeast Grow 4 Days,pioreactor02,2025-09-21T08:04:16.619Z,PID output = 0.7160000000000137,app,DEBUG,temperature_automation,2025-09-21 10:04:16.619,27.031944444444
Yeast Grow 4 Days,pioreactor02,2025-09-21T08:07:36.611Z,"features={'previous_heater_dc': 75.13, 'room_temp': 22.0, 'is_rpi_zero': False, 'volume': 14.0, 'time_series_of_temp': [54.75, 51.708333333333336, 49.447916666666664, 47.552083333333336, 45.958333333333336, 44.5625, 43.34375, 42.260416666666664, 41.322916666666664, 40.447916666666664, 39.71875, 39.020833333333336, 38.427083333333336, 37.875, 37.364583333333336, 36.875, 36.458333333333336, 36.0625, 35.6875, 35.375, 35.0625]}",app,DEBUG,temperature_automation,2025-09-21 10:07:36.611,27.0875
Yeast Grow 4 Days,pioreactor02,2025-09-21T08:07:36.618Z,PID output = -0.838000000000003,app,DEBUG,temperature_automation,2025-09-21 10:07:36.618,27.0875
Yeast Grow 4 Days,pioreactor02,2025-09-21T08:10:56.611Z,"features={'previous_heater_dc': 74.29, 'room_temp': 22.0, 'is_rpi_zero': False, 'volume': 14.0, 'time_series_of_temp': [54.5, 51.489583333333336, 49.260416666666664, 47.385416666666664, 45.802083333333336, 44.427083333333336, 43.208333333333336, 42.15625, 41.208333333333336, 40.364583333333336, 39.625, 38.9375, 38.364583333333336, 37.802083333333336, 37.302083333333336, 36.822916666666664, 36.427083333333336, 36.052083333333336, 35.677083333333336, 35.354166666666664, 35.0625]}",app,DEBUG,temperature_automation,2025-09-21 10:10:56.611,27.143055555556
Yeast Grow 4 Days,pioreactor02,2025-09-21T08:10:56.619Z,PID output = 0.7220000000000055,app,DEBUG,temperature_automation,2025-09-21 10:10:56.619,27.143055555556
Yeast Grow 4 Days,pioreactor02,2025-09-21T08:14:16.610Z,"features={'previous_heater_dc': 75.01, 'room_temp': 22.0, 'is_rpi_zero': False, 'volume': 14.0, 'time_series_of_temp': [54.75, 51.6875, 49.447916666666664, 47.583333333333336, 45.96875, 44.583333333333336, 43.364583333333336, 42.28125, 41.34375, 40.5, 39.739583333333336, 39.0625, 38.447916666666664, 37.885416666666664, 37.395833333333336, 36.9375, 36.5, 36.125, 35.75, 35.4375, 35.125]}",app,DEBUG,temperature_automation,2025-09-21 10:14:16.610,27.198611111111
Yeast Grow 4 Days,pioreactor02,2025-09-21T08:14:16.617Z,PID output = -0.2099999999999909,app,DEBUG,temperature_automation,2025-09-21 10:14:16.617,27.198611111111
Yeast Grow 4 Days,pioreactor02,2025-09-21T08:17:36.611Z,"features={'previous_heater_dc': 74.8, 'room_temp': 22.0, 'is_rpi_zero': False, 'volume': 14.0, 'time_series_of_temp': [54.760416666666664, 51.739583333333336, 49.489583333333336, 47.614583333333336, 46.020833333333336, 44.625, 43.40625, 42.333333333333336, 41.395833333333336, 40.541666666666664, 39.78125, 39.125, 38.5, 37.9375, 37.4375, 36.96875, 36.5625, 36.166666666666664, 35.8125, 35.479166666666664, 35.135416666666664]}",app,DEBUG,temperature_automation,2025-09-21 10:17:36.611,27.254166666667
Yeast Grow 4 Days,pioreactor02,2025-09-21T08:17:36.619Z,PID output = -0.8900000000000277,app,DEBUG,temperature_automation,2025-09-21 10:17:36.619,27.254166666667
Yeast Grow 4 Days,pioreactor02,2025-09-21T08:19:57.925Z,Exiting caused by signal Interrupt.,app,DEBUG,temperature_automation,2025-09-21 10:19:57.925,27.293333333333
Yeast Grow 4 Days,pioreactor02,2025-09-21T08:19:57.925Z,Exiting caused by signal Interrupt.,app,DEBUG,od_reading,2025-09-21 10:19:57.925,27.293333333333
Yeast Grow 4 Days,pioreactor02,2025-09-21T08:19:57.928Z,Exiting caused by signal Interrupt.,app,DEBUG,growth_rate_calculating,2025-09-21 10:19:57.928,27.293333333333
Yeast Grow 4 Days,pioreactor02,2025-09-21T08:19:57.930Z,Exiting caused by signal Interrupt.,app,DEBUG,stirring,2025-09-21 10:19:57.930,27.293333333333
Yeast Grow 4 Days,pioreactor02,2025-09-21T08:19:57.942Z,Disconnected.,app,INFO,growth_rate_calculating,2025-09-21 10:19:57.942,27.293333333333
Yeast Grow 4 Days,pioreactor02,2025-09-21T08:19:57.948Z,Disconnected.,app,INFO,od_reading,2025-09-21 10:19:57.948,27.293333333333
Yeast Grow 4 Days,pioreactor02,2025-09-21T08:19:57.983Z,Disconnected successfully from MQTT.,app,DEBUG,growth_rate_calculating,2025-09-21 10:19:57.983,27.293333333333
Yeast Grow 4 Days,pioreactor02,2025-09-21T08:19:57.989Z,Disconnected successfully from MQTT.,app,DEBUG,od_reading,2025-09-21 10:19:57.989,27.293333333333
Yeast Grow 4 Days,pioreactor02,2025-09-21T08:19:58.048Z,Cleaned up GPIO-17.,app,DEBUG,stirring,2025-09-21 10:19:58.048,27.293611111111
Yeast Grow 4 Days,pioreactor02,2025-09-21T08:19:58.153Z,Disconnected.,app,INFO,stirring,2025-09-21 10:19:58.153,27.293611111111
Yeast Grow 4 Days,pioreactor02,2025-09-21T08:19:58.359Z,Cleaned up GPIO-18.,app,DEBUG,temperature_automation,2025-09-21 10:19:58.359,27.293611111111
Yeast Grow 4 Days,pioreactor02,2025-09-21T08:19:58.361Z,"Initialized GPIO-18 using software-timing, initial frequency = 16 hz.",app,DEBUG,temperature_automation,2025-09-21 10:19:58.361,27.293611111111
Yeast Grow 4 Days,pioreactor02,2025-09-21T08:19:58.470Z,Cleaned up GPIO-18.,app,DEBUG,temperature_automation,2025-09-21 10:19:58.470,27.293611111111
Yeast Grow 4 Days,pioreactor02,2025-09-21T08:19:58.472Z,Disconnected.,app,INFO,temperature_automation,2025-09-21 10:19:58.472,27.293611111111
Yeast Grow 4 Days,pioreactor02,2025-09-21T08:19:58.511Z,Disconnected successfully from MQTT.,app,DEBUG,temperature_automation,2025-09-21 10:19:58.511,27.293611111111
Yeast Grow 4 Days,pioreactor02,2025-09-21T08:19:59.155Z,Disconnected successfully from MQTT.,app,DEBUG,stirring,2025-09-21 10:19:59.155,27.293888888889
