experiment,pioreactor_unit,timestamp,channel_1,channel_2,channel_3,channel_4,channel_5,timestamp_localtime,hours_since_experiment_created
Yeast Grow 4 Days,pioreactor02,2025-09-20T05:12:56.224Z,0.0,0.0,0.0,0.0,0.0,2025-09-20 07:12:56.224,0.176388888889
Yeast Grow 4 Days,pioreactor02,2025-09-20T05:12:56.704Z,100.0,0.0,0.0,0.0,0.0,2025-09-20 07:12:56.704,0.176388888889
Yeast Grow 4 Days,pioreactor02,2025-09-20T05:12:57.170Z,25.70614,0.0,0.0,0.0,0.0,2025-09-20 07:12:57.170,0.176666666667
Yeast Grow 4 Days,pioreactor02,2025-09-20T05:13:00.724Z,25.65914,0.0,0.0,0.0,0.0,2025-09-20 07:13:00.724,0.1775
Yeast Grow 4 Days,pioreactor02,2025-09-20T05:13:03.908Z,25.76714,0.0,0.0,0.0,0.0,2025-09-20 07:13:03.908,0.178333333333
Yeast Grow 4 Days,pioreactor02,2025-09-20T05:13:20.306Z,44.69131,0.0,0.0,0.0,0.0,2025-09-20 07:13:20.306,0.183055555556
Yeast Grow 4 Days,pioreactor02,2025-09-20T05:13:26.708Z,44.92431,0.0,0.0,0.0,0.0,2025-09-20 07:13:26.708,0.184722222222
Yeast Grow 4 Days,pioreactor02,2025-09-20T05:13:41.960Z,27.85258,0.0,0.0,0.0,0.0,2025-09-20 07:13:41.960,0.188888888889
Yeast Grow 4 Days,pioreactor02,2025-09-20T05:13:49.908Z,27.47058,0.0,0.0,0.0,0.0,2025-09-20 07:13:49.908,0.191111111111
Yeast Grow 4 Days,pioreactor02,2025-09-20T05:14:10.185Z,27.47058,0.0,0.0,0.0,0.0,2025-09-20 07:14:10.185,0.196944444444
Yeast Grow 4 Days,pioreactor02,2025-09-20T05:14:10.532Z,27.47058,0.0,0.0,0.0,25.0,2025-09-20 07:14:10.532,0.196944444444
Yeast Grow 4 Days,pioreactor02,2025-09-20T05:14:12.908Z,27.11658,0.0,0.0,0.0,25.0,2025-09-20 07:14:12.908,0.1975
Yeast Grow 4 Days,pioreactor02,2025-09-20T05:14:35.908Z,26.84058,0.0,0.0,0.0,25.0,2025-09-20 07:14:35.908,0.203888888889
Yeast Grow 4 Days,pioreactor02,2025-09-20T05:14:58.908Z,26.62908,0.0,0.0,0.0,25.0,2025-09-20 07:14:58.908,0.210277777778
Yeast Grow 4 Days,pioreactor02,2025-09-20T05:15:21.908Z,26.44708,0.0,0.0,0.0,25.0,2025-09-20 07:15:21.908,0.216666666667
Yeast Grow 4 Days,pioreactor02,2025-09-20T05:15:44.912Z,26.32508,0.0,0.0,0.0,25.0,2025-09-20 07:15:44.912,0.223055555556
Yeast Grow 4 Days,pioreactor02,2025-09-20T05:15:45.183Z,26.32508,0.0,0.0,0.0,0.0,2025-09-20 07:15:45.183,0.223333333333
Yeast Grow 4 Days,pioreactor02,2025-09-20T05:16:07.908Z,26.19058,0.0,0.0,0.0,0.0,2025-09-20 07:16:07.908,0.229444444444
Yeast Grow 4 Days,pioreactor02,2025-09-20T05:16:30.908Z,26.05108,0.0,0.0,0.0,0.0,2025-09-20 07:16:30.908,0.235833333333
Yeast Grow 4 Days,pioreactor02,2025-09-20T05:16:53.908Z,25.97608,0.0,0.0,0.0,0.0,2025-09-20 07:16:53.908,0.242222222222
Yeast Grow 4 Days,pioreactor02,2025-09-20T05:17:16.908Z,25.88958,0.0,0.0,0.0,0.0,2025-09-20 07:17:16.908,0.248611111111
Yeast Grow 4 Days,pioreactor02,2025-09-20T05:17:36.609Z,25.88958,0.0,0.0,0.0,25.0,2025-09-20 07:17:36.609,0.254166666667
Yeast Grow 4 Days,pioreactor02,2025-09-20T05:17:36.652Z,25.88958,0.0,0.0,0.0,50.0,2025-09-20 07:17:36.652,0.254166666667
Yeast Grow 4 Days,pioreactor02,2025-09-20T05:17:39.908Z,25.88858,0.0,0.0,0.0,50.0,2025-09-20 07:17:39.908,0.255
Yeast Grow 4 Days,pioreactor02,2025-09-20T05:18:02.908Z,25.87358,0.0,0.0,0.0,50.0,2025-09-20 07:18:02.908,0.261388888889
Yeast Grow 4 Days,pioreactor02,2025-09-20T05:18:25.908Z,25.84508,0.0,0.0,0.0,50.0,2025-09-20 07:18:25.908,0.267777777778
Yeast Grow 4 Days,pioreactor02,2025-09-20T05:18:48.908Z,25.80458,0.0,0.0,0.0,50.0,2025-09-20 07:18:48.908,0.274166666667
Yeast Grow 4 Days,pioreactor02,2025-09-20T05:19:05.183Z,25.80458,0.0,0.0,0.0,0.0,2025-09-20 07:19:05.183,0.278888888889
Yeast Grow 4 Days,pioreactor02,2025-09-20T05:19:11.908Z,25.78658,0.0,0.0,0.0,0.0,2025-09-20 07:19:11.908,0.280555555556
Yeast Grow 4 Days,pioreactor02,2025-09-20T05:19:34.908Z,25.72508,0.0,0.0,0.0,0.0,2025-09-20 07:19:34.908,0.286944444444
Yeast Grow 4 Days,pioreactor02,2025-09-20T05:19:57.908Z,25.66858,0.0,0.0,0.0,0.0,2025-09-20 07:19:57.908,0.293333333333
Yeast Grow 4 Days,pioreactor02,2025-09-20T05:20:20.908Z,25.62858,0.0,0.0,0.0,0.0,2025-09-20 07:20:20.908,0.299722222222
Yeast Grow 4 Days,pioreactor02,2025-09-20T05:20:43.908Z,25.58708,0.0,0.0,0.0,0.0,2025-09-20 07:20:43.908,0.306111111111
Yeast Grow 4 Days,pioreactor02,2025-09-20T05:20:56.609Z,25.58708,0.0,0.0,0.0,50.0,2025-09-20 07:20:56.609,0.309722222222
Yeast Grow 4 Days,pioreactor02,2025-09-20T05:20:56.653Z,25.58708,0.0,0.0,0.0,75.0,2025-09-20 07:20:56.653,0.309722222222
Yeast Grow 4 Days,pioreactor02,2025-09-20T05:21:06.908Z,25.58208,0.0,0.0,0.0,75.0,2025-09-20 07:21:06.908,0.3125
Yeast Grow 4 Days,pioreactor02,2025-09-20T05:21:29.908Z,25.57608,0.0,0.0,0.0,75.0,2025-09-20 07:21:29.908,0.318888888889
Yeast Grow 4 Days,pioreactor02,2025-09-20T05:21:52.908Z,25.59058,0.0,0.0,0.0,75.0,2025-09-20 07:21:52.908,0.325277777778
Yeast Grow 4 Days,pioreactor02,2025-09-20T05:22:15.908Z,25.60258,0.0,0.0,0.0,75.0,2025-09-20 07:22:15.908,0.331666666667
Yeast Grow 4 Days,pioreactor02,2025-09-20T05:22:25.183Z,25.60258,0.0,0.0,0.0,0.0,2025-09-20 07:22:25.183,0.334444444444
Yeast Grow 4 Days,pioreactor02,2025-09-20T05:22:38.908Z,25.54758,0.0,0.0,0.0,0.0,2025-09-20 07:22:38.908,0.338055555556
Yeast Grow 4 Days,pioreactor02,2025-09-20T05:23:01.908Z,25.46058,0.0,0.0,0.0,0.0,2025-09-20 07:23:01.908,0.344444444444
Yeast Grow 4 Days,pioreactor02,2025-09-20T05:23:24.908Z,25.36008,0.0,0.0,0.0,0.0,2025-09-20 07:23:24.908,0.350833333333
Yeast Grow 4 Days,pioreactor02,2025-09-20T05:23:47.908Z,25.29308,0.0,0.0,0.0,0.0,2025-09-20 07:23:47.908,0.357222222222
Yeast Grow 4 Days,pioreactor02,2025-09-20T05:24:10.908Z,25.22458,0.0,0.0,0.0,0.0,2025-09-20 07:24:10.908,0.363611111111
Yeast Grow 4 Days,pioreactor02,2025-09-20T05:24:16.610Z,25.22458,0.0,0.0,0.0,75.0,2025-09-20 07:24:16.610,0.365277777778
Yeast Grow 4 Days,pioreactor02,2025-09-20T05:24:16.653Z,25.22458,0.0,0.0,0.0,100.0,2025-09-20 07:24:16.653,0.365277777778
Yeast Grow 4 Days,pioreactor02,2025-09-20T05:24:33.908Z,25.58058,0.0,0.0,0.0,100.0,2025-09-20 07:24:33.908,0.37
Yeast Grow 4 Days,pioreactor02,2025-09-20T05:24:56.908Z,25.93158,0.0,0.0,0.0,100.0,2025-09-20 07:24:56.908,0.376388888889
Yeast Grow 4 Days,pioreactor02,2025-09-20T05:25:19.908Z,26.01308,0.0,0.0,0.0,100.0,2025-09-20 07:25:19.908,0.382777777778
Yeast Grow 4 Days,pioreactor02,2025-09-20T05:25:42.908Z,26.02958,0.0,0.0,0.0,100.0,2025-09-20 07:25:42.908,0.389166666667
Yeast Grow 4 Days,pioreactor02,2025-09-20T05:25:45.183Z,26.02958,0.0,0.0,0.0,0.0,2025-09-20 07:25:45.183,0.39
Yeast Grow 4 Days,pioreactor02,2025-09-20T05:26:05.908Z,25.92958,0.0,0.0,0.0,0.0,2025-09-20 07:26:05.908,0.395555555556
Yeast Grow 4 Days,pioreactor02,2025-09-20T05:26:28.908Z,25.79958,0.0,0.0,0.0,0.0,2025-09-20 07:26:28.908,0.401944444444
Yeast Grow 4 Days,pioreactor02,2025-09-20T05:26:51.908Z,25.71308,0.0,0.0,0.0,0.0,2025-09-20 07:26:51.908,0.408333333333
Yeast Grow 4 Days,pioreactor02,2025-09-20T05:27:14.908Z,25.60758,0.0,0.0,0.0,0.0,2025-09-20 07:27:14.908,0.414722222222
Yeast Grow 4 Days,pioreactor02,2025-09-20T05:27:36.609Z,25.60758,0.0,0.0,0.0,100.0,2025-09-20 07:27:36.609,0.420833333333
Yeast Grow 4 Days,pioreactor02,2025-09-20T05:27:36.652Z,25.60758,0.0,0.0,0.0,100.0,2025-09-20 07:27:36.652,0.420833333333
Yeast Grow 4 Days,pioreactor02,2025-09-20T05:27:37.908Z,25.50258,0.0,0.0,0.0,100.0,2025-09-20 07:27:37.908,0.421111111111
Yeast Grow 4 Days,pioreactor02,2025-09-20T05:28:00.908Z,25.45308,0.0,0.0,0.0,100.0,2025-09-20 07:28:00.908,0.4275
Yeast Grow 4 Days,pioreactor02,2025-09-20T05:28:23.908Z,25.34558,0.0,0.0,0.0,100.0,2025-09-20 07:28:23.908,0.433888888889
Yeast Grow 4 Days,pioreactor02,2025-09-20T05:28:46.908Z,25.23908,0.0,0.0,0.0,100.0,2025-09-20 07:28:46.908,0.440277777778
Yeast Grow 4 Days,pioreactor02,2025-09-20T05:29:05.183Z,25.23908,0.0,0.0,0.0,0.0,2025-09-20 07:29:05.183,0.445555555556
Yeast Grow 4 Days,pioreactor02,2025-09-20T05:29:09.908Z,25.15608,0.0,0.0,0.0,0.0,2025-09-20 07:29:09.908,0.446666666667
Yeast Grow 4 Days,pioreactor02,2025-09-20T05:29:32.908Z,25.09908,0.0,0.0,0.0,0.0,2025-09-20 07:29:32.908,0.453055555556
Yeast Grow 4 Days,pioreactor02,2025-09-20T05:29:55.908Z,25.09958,0.0,0.0,0.0,0.0,2025-09-20 07:29:55.908,0.459444444444
Yeast Grow 4 Days,pioreactor02,2025-09-20T05:30:18.908Z,25.07358,0.0,0.0,0.0,0.0,2025-09-20 07:30:18.908,0.465833333333
Yeast Grow 4 Days,pioreactor02,2025-09-20T05:30:41.908Z,25.03608,0.0,0.0,0.0,0.0,2025-09-20 07:30:41.908,0.472222222222
Yeast Grow 4 Days,pioreactor02,2025-09-20T05:30:56.610Z,25.03608,0.0,0.0,0.0,100.0,2025-09-20 07:30:56.610,0.476388888889
Yeast Grow 4 Days,pioreactor02,2025-09-20T05:30:56.652Z,25.03608,0.0,0.0,0.0,100.0,2025-09-20 07:30:56.652,0.476388888889
Yeast Grow 4 Days,pioreactor02,2025-09-20T05:31:04.908Z,25.10308,0.0,0.0,0.0,100.0,2025-09-20 07:31:04.908,0.478611111111
Yeast Grow 4 Days,pioreactor02,2025-09-20T05:31:27.908Z,25.13508,0.0,0.0,0.0,100.0,2025-09-20 07:31:27.908,0.485
Yeast Grow 4 Days,pioreactor02,2025-09-20T05:31:50.908Z,25.09708,0.0,0.0,0.0,100.0,2025-09-20 07:31:50.908,0.491388888889
Yeast Grow 4 Days,pioreactor02,2025-09-20T05:32:13.908Z,25.09908,0.0,0.0,0.0,100.0,2025-09-20 07:32:13.908,0.497777777778
Yeast Grow 4 Days,pioreactor02,2025-09-20T05:32:25.183Z,25.09908,0.0,0.0,0.0,0.0,2025-09-20 07:32:25.183,0.501111111111
Yeast Grow 4 Days,pioreactor02,2025-09-20T05:32:36.908Z,25.01658,0.0,0.0,0.0,0.0,2025-09-20 07:32:36.908,0.504166666667
Yeast Grow 4 Days,pioreactor02,2025-09-20T05:32:59.908Z,25.00008,0.0,0.0,0.0,0.0,2025-09-20 07:32:59.908,0.510555555556
Yeast Grow 4 Days,pioreactor02,2025-09-20T05:33:22.908Z,25.03808,0.0,0.0,0.0,0.0,2025-09-20 07:33:22.908,0.516944444444
Yeast Grow 4 Days,pioreactor02,2025-09-20T05:33:45.908Z,24.97308,0.0,0.0,0.0,0.0,2025-09-20 07:33:45.908,0.523333333333
Yeast Grow 4 Days,pioreactor02,2025-09-20T05:34:08.908Z,24.97808,0.0,0.0,0.0,0.0,2025-09-20 07:34:08.908,0.529722222222
Yeast Grow 4 Days,pioreactor02,2025-09-20T05:34:16.609Z,24.97808,0.0,0.0,0.0,100.0,2025-09-20 07:34:16.609,0.531944444444
Yeast Grow 4 Days,pioreactor02,2025-09-20T05:34:16.652Z,24.97808,0.0,0.0,0.0,100.0,2025-09-20 07:34:16.652,0.531944444444
Yeast Grow 4 Days,pioreactor02,2025-09-20T05:34:31.908Z,24.94858,0.0,0.0,0.0,100.0,2025-09-20 07:34:31.908,0.536111111111
Yeast Grow 4 Days,pioreactor02,2025-09-20T05:34:54.908Z,24.94808,0.0,0.0,0.0,100.0,2025-09-20 07:34:54.908,0.5425
Yeast Grow 4 Days,pioreactor02,2025-09-20T05:35:17.908Z,25.09208,0.0,0.0,0.0,100.0,2025-09-20 07:35:17.908,0.548888888889
Yeast Grow 4 Days,pioreactor02,2025-09-20T05:35:40.908Z,25.09208,0.0,0.0,0.0,100.0,2025-09-20 07:35:40.908,0.555277777778
Yeast Grow 4 Days,pioreactor02,2025-09-20T05:35:45.183Z,25.09208,0.0,0.0,0.0,0.0,2025-09-20 07:35:45.183,0.556666666667
Yeast Grow 4 Days,pioreactor02,2025-09-20T05:36:03.908Z,25.09408,0.0,0.0,0.0,0.0,2025-09-20 07:36:03.908,0.561666666667
Yeast Grow 4 Days,pioreactor02,2025-09-20T05:36:26.908Z,25.02108,0.0,0.0,0.0,0.0,2025-09-20 07:36:26.908,0.568055555556
Yeast Grow 4 Days,pioreactor02,2025-09-20T05:36:49.908Z,24.95558,0.0,0.0,0.0,0.0,2025-09-20 07:36:49.908,0.574444444444
Yeast Grow 4 Days,pioreactor02,2025-09-20T05:37:12.908Z,24.88858,0.0,0.0,0.0,0.0,2025-09-20 07:37:12.908,0.580833333333
Yeast Grow 4 Days,pioreactor02,2025-09-20T05:37:35.908Z,24.88758,0.0,0.0,0.0,0.0,2025-09-20 07:37:35.908,0.587222222222
Yeast Grow 4 Days,pioreactor02,2025-09-20T05:37:36.609Z,24.88758,0.0,0.0,0.0,100.0,2025-09-20 07:37:36.609,0.5875
Yeast Grow 4 Days,pioreactor02,2025-09-20T05:37:36.653Z,24.88758,0.0,0.0,0.0,100.0,2025-09-20 07:37:36.653,0.5875
Yeast Grow 4 Days,pioreactor02,2025-09-20T05:37:58.908Z,24.88558,0.0,0.0,0.0,100.0,2025-09-20 07:37:58.908,0.593611111111
Yeast Grow 4 Days,pioreactor02,2025-09-20T05:38:21.908Z,24.81608,0.0,0.0,0.0,100.0,2025-09-20 07:38:21.908,0.6
Yeast Grow 4 Days,pioreactor02,2025-09-20T05:38:44.908Z,24.83808,0.0,0.0,0.0,100.0,2025-09-20 07:38:44.908,0.606388888889
Yeast Grow 4 Days,pioreactor02,2025-09-20T05:39:05.183Z,24.83808,0.0,0.0,0.0,0.0,2025-09-20 07:39:05.183,0.612222222222
Yeast Grow 4 Days,pioreactor02,2025-09-20T05:39:07.908Z,24.78008,0.0,0.0,0.0,0.0,2025-09-20 07:39:07.908,0.612777777778
Yeast Grow 4 Days,pioreactor02,2025-09-20T05:39:30.908Z,24.67958,0.0,0.0,0.0,0.0,2025-09-20 07:39:30.908,0.619166666667
Yeast Grow 4 Days,pioreactor02,2025-09-20T05:39:53.908Z,24.68308,0.0,0.0,0.0,0.0,2025-09-20 07:39:53.908,0.625555555556
Yeast Grow 4 Days,pioreactor02,2025-09-20T05:40:16.908Z,24.63308,0.0,0.0,0.0,0.0,2025-09-20 07:40:16.908,0.631944444444
Yeast Grow 4 Days,pioreactor02,2025-09-20T05:40:39.908Z,24.60308,0.0,0.0,0.0,0.0,2025-09-20 07:40:39.908,0.638333333333
Yeast Grow 4 Days,pioreactor02,2025-09-20T05:40:56.608Z,24.60308,0.0,0.0,0.0,100.0,2025-09-20 07:40:56.608,0.643055555556
Yeast Grow 4 Days,pioreactor02,2025-09-20T05:40:56.652Z,24.60308,0.0,0.0,0.0,100.0,2025-09-20 07:40:56.652,0.643055555556
Yeast Grow 4 Days,pioreactor02,2025-09-20T05:41:02.912Z,24.61908,0.0,0.0,0.0,100.0,2025-09-20 07:41:02.912,0.644722222222
Yeast Grow 4 Days,pioreactor02,2025-09-20T05:41:25.908Z,24.64908,0.0,0.0,0.0,100.0,2025-09-20 07:41:25.908,0.651111111111
Yeast Grow 4 Days,pioreactor02,2025-09-20T05:41:48.908Z,24.62458,0.0,0.0,0.0,100.0,2025-09-20 07:41:48.908,0.6575
Yeast Grow 4 Days,pioreactor02,2025-09-20T05:42:11.908Z,24.65058,0.0,0.0,0.0,100.0,2025-09-20 07:42:11.908,0.663888888889
Yeast Grow 4 Days,pioreactor02,2025-09-20T05:42:25.183Z,24.65058,0.0,0.0,0.0,0.0,2025-09-20 07:42:25.183,0.667777777778
Yeast Grow 4 Days,pioreactor02,2025-09-20T05:42:34.908Z,24.53508,0.0,0.0,0.0,0.0,2025-09-20 07:42:34.908,0.670277777778
Yeast Grow 4 Days,pioreactor02,2025-09-20T05:42:57.908Z,24.50158,0.0,0.0,0.0,0.0,2025-09-20 07:42:57.908,0.676666666667
Yeast Grow 4 Days,pioreactor02,2025-09-20T05:43:20.908Z,24.43408,0.0,0.0,0.0,0.0,2025-09-20 07:43:20.908,0.683055555556
Yeast Grow 4 Days,pioreactor02,2025-09-20T05:43:43.908Z,24.42758,0.0,0.0,0.0,0.0,2025-09-20 07:43:43.908,0.689444444444
Yeast Grow 4 Days,pioreactor02,2025-09-20T05:44:06.908Z,24.41308,0.0,0.0,0.0,0.0,2025-09-20 07:44:06.908,0.695833333333
Yeast Grow 4 Days,pioreactor02,2025-09-20T05:44:16.607Z,24.41308,0.0,0.0,0.0,100.0,2025-09-20 07:44:16.607,0.698611111111
Yeast Grow 4 Days,pioreactor02,2025-09-20T05:44:16.648Z,24.41308,0.0,0.0,0.0,100.0,2025-09-20 07:44:16.648,0.698611111111
Yeast Grow 4 Days,pioreactor02,2025-09-20T05:44:29.908Z,24.51558,0.0,0.0,0.0,100.0,2025-09-20 07:44:29.908,0.702222222222
Yeast Grow 4 Days,pioreactor02,2025-09-20T05:44:52.908Z,24.52558,0.0,0.0,0.0,100.0,2025-09-20 07:44:52.908,0.708611111111
Yeast Grow 4 Days,pioreactor02,2025-09-20T05:45:15.908Z,24.52508,0.0,0.0,0.0,100.0,2025-09-20 07:45:15.908,0.715
Yeast Grow 4 Days,pioreactor02,2025-09-20T05:45:38.908Z,24.52558,0.0,0.0,0.0,100.0,2025-09-20 07:45:38.908,0.721388888889
Yeast Grow 4 Days,pioreactor02,2025-09-20T05:45:45.183Z,24.52558,0.0,0.0,0.0,0.0,2025-09-20 07:45:45.183,0.723333333333
Yeast Grow 4 Days,pioreactor02,2025-09-20T05:46:01.908Z,24.45208,0.0,0.0,0.0,0.0,2025-09-20 07:46:01.908,0.727777777778
Yeast Grow 4 Days,pioreactor02,2025-09-20T05:46:24.908Z,24.38808,0.0,0.0,0.0,0.0,2025-09-20 07:46:24.908,0.734166666667
Yeast Grow 4 Days,pioreactor02,2025-09-20T05:46:47.908Z,24.31808,0.0,0.0,0.0,0.0,2025-09-20 07:46:47.908,0.740555555556
Yeast Grow 4 Days,pioreactor02,2025-09-20T05:47:10.908Z,24.29758,0.0,0.0,0.0,0.0,2025-09-20 07:47:10.908,0.746944444444
Yeast Grow 4 Days,pioreactor02,2025-09-20T05:47:33.908Z,24.24558,0.0,0.0,0.0,0.0,2025-09-20 07:47:33.908,0.753333333333
Yeast Grow 4 Days,pioreactor02,2025-09-20T05:47:36.608Z,24.24558,0.0,0.0,0.0,100.0,2025-09-20 07:47:36.608,0.754166666667
Yeast Grow 4 Days,pioreactor02,2025-09-20T05:47:36.652Z,24.24558,0.0,0.0,0.0,100.0,2025-09-20 07:47:36.652,0.754166666667
Yeast Grow 4 Days,pioreactor02,2025-09-20T05:47:56.908Z,24.33608,0.0,0.0,0.0,100.0,2025-09-20 07:47:56.908,0.759722222222
Yeast Grow 4 Days,pioreactor02,2025-09-20T05:48:19.908Z,24.31808,0.0,0.0,0.0,100.0,2025-09-20 07:48:19.908,0.766111111111
Yeast Grow 4 Days,pioreactor02,2025-09-20T05:48:42.908Z,24.37858,0.0,0.0,0.0,100.0,2025-09-20 07:48:42.908,0.7725
Yeast Grow 4 Days,pioreactor02,2025-09-20T05:49:05.183Z,24.37858,0.0,0.0,0.0,0.0,2025-09-20 07:49:05.183,0.778888888889
Yeast Grow 4 Days,pioreactor02,2025-09-20T05:49:05.908Z,24.30358,0.0,0.0,0.0,0.0,2025-09-20 07:49:05.908,0.778888888889
Yeast Grow 4 Days,pioreactor02,2025-09-20T05:49:28.908Z,24.23008,0.0,0.0,0.0,0.0,2025-09-20 07:49:28.908,0.785277777778
Yeast Grow 4 Days,pioreactor02,2025-09-20T05:49:51.908Z,24.15808,0.0,0.0,0.0,0.0,2025-09-20 07:49:51.908,0.791666666667
Yeast Grow 4 Days,pioreactor02,2025-09-20T05:50:14.908Z,24.17258,0.0,0.0,0.0,0.0,2025-09-20 07:50:14.908,0.798055555556
Yeast Grow 4 Days,pioreactor02,2025-09-20T05:50:37.908Z,24.15408,0.0,0.0,0.0,0.0,2025-09-20 07:50:37.908,0.804444444444
Yeast Grow 4 Days,pioreactor02,2025-09-20T05:50:56.609Z,24.15408,0.0,0.0,0.0,100.0,2025-09-20 07:50:56.609,0.809722222222
Yeast Grow 4 Days,pioreactor02,2025-09-20T05:50:56.652Z,24.15408,0.0,0.0,0.0,100.0,2025-09-20 07:50:56.652,0.809722222222
Yeast Grow 4 Days,pioreactor02,2025-09-20T05:51:00.908Z,24.28708,0.0,0.0,0.0,100.0,2025-09-20 07:51:00.908,0.810833333333
Yeast Grow 4 Days,pioreactor02,2025-09-20T05:51:23.908Z,24.38708,0.0,0.0,0.0,100.0,2025-09-20 07:51:23.908,0.817222222222
Yeast Grow 4 Days,pioreactor02,2025-09-20T05:51:46.908Z,24.37958,0.0,0.0,0.0,100.0,2025-09-20 07:51:46.908,0.823611111111
Yeast Grow 4 Days,pioreactor02,2025-09-20T05:52:09.908Z,24.39258,0.0,0.0,0.0,100.0,2025-09-20 07:52:09.908,0.83
Yeast Grow 4 Days,pioreactor02,2025-09-20T05:52:25.183Z,24.39258,0.0,0.0,0.0,0.0,2025-09-20 07:52:25.183,0.834444444444
Yeast Grow 4 Days,pioreactor02,2025-09-20T05:52:32.912Z,24.39108,0.0,0.0,0.0,0.0,2025-09-20 07:52:32.912,0.836388888889
Yeast Grow 4 Days,pioreactor02,2025-09-20T05:52:55.908Z,24.36508,0.0,0.0,0.0,0.0,2025-09-20 07:52:55.908,0.842777777778
Yeast Grow 4 Days,pioreactor02,2025-09-20T05:53:18.908Z,24.30308,0.0,0.0,0.0,0.0,2025-09-20 07:53:18.908,0.849166666667
Yeast Grow 4 Days,pioreactor02,2025-09-20T05:53:41.908Z,24.36658,0.0,0.0,0.0,0.0,2025-09-20 07:53:41.908,0.855555555556
Yeast Grow 4 Days,pioreactor02,2025-09-20T05:54:04.908Z,24.29408,0.0,0.0,0.0,0.0,2025-09-20 07:54:04.908,0.861944444444
Yeast Grow 4 Days,pioreactor02,2025-09-20T05:54:16.610Z,24.29408,0.0,0.0,0.0,100.0,2025-09-20 07:54:16.610,0.865277777778
Yeast Grow 4 Days,pioreactor02,2025-09-20T05:54:16.652Z,24.29408,0.0,0.0,0.0,100.0,2025-09-20 07:54:16.652,0.865277777778
Yeast Grow 4 Days,pioreactor02,2025-09-20T05:54:27.908Z,24.28858,0.0,0.0,0.0,100.0,2025-09-20 07:54:27.908,0.868333333333
Yeast Grow 4 Days,pioreactor02,2025-09-20T05:54:50.908Z,24.28658,0.0,0.0,0.0,100.0,2025-09-20 07:54:50.908,0.874722222222
Yeast Grow 4 Days,pioreactor02,2025-09-20T05:55:13.908Z,24.35508,0.0,0.0,0.0,100.0,2025-09-20 07:55:13.908,0.881111111111
Yeast Grow 4 Days,pioreactor02,2025-09-20T05:55:36.912Z,24.32508,0.0,0.0,0.0,100.0,2025-09-20 07:55:36.912,0.8875
Yeast Grow 4 Days,pioreactor02,2025-09-20T05:55:45.184Z,24.32508,0.0,0.0,0.0,0.0,2025-09-20 07:55:45.184,0.89
Yeast Grow 4 Days,pioreactor02,2025-09-20T05:55:59.912Z,24.27208,0.0,0.0,0.0,0.0,2025-09-20 07:55:59.912,0.893888888889
Yeast Grow 4 Days,pioreactor02,2025-09-20T05:56:22.908Z,24.21558,0.0,0.0,0.0,0.0,2025-09-20 07:56:22.908,0.900277777778
Yeast Grow 4 Days,pioreactor02,2025-09-20T05:56:45.908Z,24.15308,0.0,0.0,0.0,0.0,2025-09-20 07:56:45.908,0.906666666667
Yeast Grow 4 Days,pioreactor02,2025-09-20T05:57:08.908Z,24.10558,0.0,0.0,0.0,0.0,2025-09-20 07:57:08.908,0.913055555556
Yeast Grow 4 Days,pioreactor02,2025-09-20T05:57:31.908Z,24.08708,0.0,0.0,0.0,0.0,2025-09-20 07:57:31.908,0.919444444444
Yeast Grow 4 Days,pioreactor02,2025-09-20T05:57:36.612Z,24.08708,0.0,0.0,0.0,100.0,2025-09-20 07:57:36.612,0.920833333333
Yeast Grow 4 Days,pioreactor02,2025-09-20T05:57:36.656Z,24.08708,0.0,0.0,0.0,100.0,2025-09-20 07:57:36.656,0.920833333333
Yeast Grow 4 Days,pioreactor02,2025-09-20T05:57:54.908Z,24.10308,0.0,0.0,0.0,100.0,2025-09-20 07:57:54.908,0.925833333333
Yeast Grow 4 Days,pioreactor02,2025-09-20T05:58:17.908Z,24.12808,0.0,0.0,0.0,100.0,2025-09-20 07:58:17.908,0.932222222222
Yeast Grow 4 Days,pioreactor02,2025-09-20T05:58:40.908Z,24.18158,0.0,0.0,0.0,100.0,2025-09-20 07:58:40.908,0.938611111111
Yeast Grow 4 Days,pioreactor02,2025-09-20T05:59:03.908Z,24.20058,0.0,0.0,0.0,100.0,2025-09-20 07:59:03.908,0.945
Yeast Grow 4 Days,pioreactor02,2025-09-20T05:59:05.183Z,24.20058,0.0,0.0,0.0,0.0,2025-09-20 07:59:05.183,0.945555555556
Yeast Grow 4 Days,pioreactor02,2025-09-20T05:59:26.908Z,24.20008,0.0,0.0,0.0,0.0,2025-09-20 07:59:26.908,0.951388888889
Yeast Grow 4 Days,pioreactor02,2025-09-20T05:59:49.908Z,24.13858,0.0,0.0,0.0,0.0,2025-09-20 07:59:49.908,0.957777777778
Yeast Grow 4 Days,pioreactor02,2025-09-20T06:00:12.908Z,24.08808,0.0,0.0,0.0,0.0,2025-09-20 08:00:12.908,0.964166666667
Yeast Grow 4 Days,pioreactor02,2025-09-20T06:00:35.908Z,24.05408,0.0,0.0,0.0,0.0,2025-09-20 08:00:35.908,0.970555555556
Yeast Grow 4 Days,pioreactor02,2025-09-20T06:00:56.609Z,24.05408,0.0,0.0,0.0,100.0,2025-09-20 08:00:56.609,0.976388888889
Yeast Grow 4 Days,pioreactor02,2025-09-20T06:00:56.652Z,24.05408,0.0,0.0,0.0,100.0,2025-09-20 08:00:56.652,0.976388888889
Yeast Grow 4 Days,pioreactor02,2025-09-20T06:00:58.908Z,24.05108,0.0,0.0,0.0,100.0,2025-09-20 08:00:58.908,0.976944444444
Yeast Grow 4 Days,pioreactor02,2025-09-20T06:01:21.908Z,24.10708,0.0,0.0,0.0,100.0,2025-09-20 08:01:21.908,0.983333333333
Yeast Grow 4 Days,pioreactor02,2025-09-20T06:01:44.908Z,24.15208,0.0,0.0,0.0,100.0,2025-09-20 08:01:44.908,0.989722222222
Yeast Grow 4 Days,pioreactor02,2025-09-20T06:02:07.908Z,24.17058,0.0,0.0,0.0,100.0,2025-09-20 08:02:07.908,0.996111111111
Yeast Grow 4 Days,pioreactor02,2025-09-20T06:02:25.183Z,24.17058,0.0,0.0,0.0,0.0,2025-09-20 08:02:25.183,1.001111111111
Yeast Grow 4 Days,pioreactor02,2025-09-20T06:02:30.908Z,24.17358,0.0,0.0,0.0,0.0,2025-09-20 08:02:30.908,1.0025
Yeast Grow 4 Days,pioreactor02,2025-09-20T06:02:53.908Z,24.14158,0.0,0.0,0.0,0.0,2025-09-20 08:02:53.908,1.008888888889
Yeast Grow 4 Days,pioreactor02,2025-09-20T06:03:16.908Z,24.17858,0.0,0.0,0.0,0.0,2025-09-20 08:03:16.908,1.015277777778
Yeast Grow 4 Days,pioreactor02,2025-09-20T06:03:39.908Z,24.55008,0.0,0.0,0.0,0.0,2025-09-20 08:03:39.908,1.021666666667
Yeast Grow 4 Days,pioreactor02,2025-09-20T06:04:02.908Z,24.50558,0.0,0.0,0.0,0.0,2025-09-20 08:04:02.908,1.028055555556
Yeast Grow 4 Days,pioreactor02,2025-09-20T06:04:16.609Z,24.50558,0.0,0.0,0.0,100.0,2025-09-20 08:04:16.609,1.031944444444
Yeast Grow 4 Days,pioreactor02,2025-09-20T06:04:16.652Z,24.50558,0.0,0.0,0.0,100.0,2025-09-20 08:04:16.652,1.031944444444
Yeast Grow 4 Days,pioreactor02,2025-09-20T06:04:25.908Z,24.61958,0.0,0.0,0.0,100.0,2025-09-20 08:04:25.908,1.034444444444
Yeast Grow 4 Days,pioreactor02,2025-09-20T06:04:48.908Z,24.51358,0.0,0.0,0.0,100.0,2025-09-20 08:04:48.908,1.040833333333
Yeast Grow 4 Days,pioreactor02,2025-09-20T06:05:11.908Z,24.46808,0.0,0.0,0.0,100.0,2025-09-20 08:05:11.908,1.047222222222
Yeast Grow 4 Days,pioreactor02,2025-09-20T06:05:34.908Z,24.46008,0.0,0.0,0.0,100.0,2025-09-20 08:05:34.908,1.053611111111
Yeast Grow 4 Days,pioreactor02,2025-09-20T06:05:45.183Z,24.46008,0.0,0.0,0.0,0.0,2025-09-20 08:05:45.183,1.056666666667
Yeast Grow 4 Days,pioreactor02,2025-09-20T06:05:57.908Z,24.35308,0.0,0.0,0.0,0.0,2025-09-20 08:05:57.908,1.06
Yeast Grow 4 Days,pioreactor02,2025-09-20T06:06:20.908Z,24.33658,0.0,0.0,0.0,0.0,2025-09-20 08:06:20.908,1.066388888889
Yeast Grow 4 Days,pioreactor02,2025-09-20T06:06:43.908Z,24.24658,0.0,0.0,0.0,0.0,2025-09-20 08:06:43.908,1.072777777778
Yeast Grow 4 Days,pioreactor02,2025-09-20T06:07:06.908Z,24.20408,0.0,0.0,0.0,0.0,2025-09-20 08:07:06.908,1.079166666667
Yeast Grow 4 Days,pioreactor02,2025-09-20T06:07:29.908Z,24.12808,0.0,0.0,0.0,0.0,2025-09-20 08:07:29.908,1.085555555556
Yeast Grow 4 Days,pioreactor02,2025-09-20T06:07:36.611Z,24.12808,0.0,0.0,0.0,100.0,2025-09-20 08:07:36.611,1.0875
Yeast Grow 4 Days,pioreactor02,2025-09-20T06:07:36.652Z,24.12808,0.0,0.0,0.0,100.0,2025-09-20 08:07:36.652,1.0875
Yeast Grow 4 Days,pioreactor02,2025-09-20T06:07:52.908Z,24.26358,0.0,0.0,0.0,100.0,2025-09-20 08:07:52.908,1.091944444444
Yeast Grow 4 Days,pioreactor02,2025-09-20T06:08:15.912Z,24.28208,0.0,0.0,0.0,100.0,2025-09-20 08:08:15.912,1.098333333333
Yeast Grow 4 Days,pioreactor02,2025-09-20T06:08:38.908Z,24.27458,0.0,0.0,0.0,100.0,2025-09-20 08:08:38.908,1.104722222222
Yeast Grow 4 Days,pioreactor02,2025-09-20T06:09:01.912Z,24.24558,0.0,0.0,0.0,100.0,2025-09-20 08:09:01.912,1.111111111111
Yeast Grow 4 Days,pioreactor02,2025-09-20T06:09:05.183Z,24.24558,0.0,0.0,0.0,0.0,2025-09-20 08:09:05.183,1.112222222222
Yeast Grow 4 Days,pioreactor02,2025-09-20T06:09:24.908Z,24.17858,0.0,0.0,0.0,0.0,2025-09-20 08:09:24.908,1.1175
Yeast Grow 4 Days,pioreactor02,2025-09-20T06:09:47.908Z,24.14708,0.0,0.0,0.0,0.0,2025-09-20 08:09:47.908,1.123888888889
Yeast Grow 4 Days,pioreactor02,2025-09-20T06:10:10.908Z,24.14958,0.0,0.0,0.0,0.0,2025-09-20 08:10:10.908,1.130277777778
Yeast Grow 4 Days,pioreactor02,2025-09-20T06:10:33.908Z,24.14758,0.0,0.0,0.0,0.0,2025-09-20 08:10:33.908,1.136666666667
Yeast Grow 4 Days,pioreactor02,2025-09-20T06:10:56.609Z,24.14758,0.0,0.0,0.0,100.0,2025-09-20 08:10:56.609,1.143055555556
Yeast Grow 4 Days,pioreactor02,2025-09-20T06:10:56.653Z,24.14758,0.0,0.0,0.0,100.0,2025-09-20 08:10:56.653,1.143055555556
Yeast Grow 4 Days,pioreactor02,2025-09-20T06:10:56.908Z,24.10858,0.0,0.0,0.0,100.0,2025-09-20 08:10:56.908,1.143055555556
Yeast Grow 4 Days,pioreactor02,2025-09-20T06:11:19.908Z,24.18458,0.0,0.0,0.0,100.0,2025-09-20 08:11:19.908,1.149444444444
Yeast Grow 4 Days,pioreactor02,2025-09-20T06:11:42.908Z,24.18658,0.0,0.0,0.0,100.0,2025-09-20 08:11:42.908,1.155833333333
Yeast Grow 4 Days,pioreactor02,2025-09-20T06:12:05.908Z,24.21608,0.0,0.0,0.0,100.0,2025-09-20 08:12:05.908,1.162222222222
Yeast Grow 4 Days,pioreactor02,2025-09-20T06:12:25.183Z,24.21608,0.0,0.0,0.0,0.0,2025-09-20 08:12:25.183,1.167777777778
Yeast Grow 4 Days,pioreactor02,2025-09-20T06:12:28.908Z,24.13158,0.0,0.0,0.0,0.0,2025-09-20 08:12:28.908,1.168611111111
Yeast Grow 4 Days,pioreactor02,2025-09-20T06:12:51.908Z,24.03808,0.0,0.0,0.0,0.0,2025-09-20 08:12:51.908,1.175
Yeast Grow 4 Days,pioreactor02,2025-09-20T06:13:14.908Z,23.99458,0.0,0.0,0.0,0.0,2025-09-20 08:13:14.908,1.181388888889
Yeast Grow 4 Days,pioreactor02,2025-09-20T06:13:37.908Z,23.93858,0.0,0.0,0.0,0.0,2025-09-20 08:13:37.908,1.187777777778
Yeast Grow 4 Days,pioreactor02,2025-09-20T06:14:00.908Z,23.90508,0.0,0.0,0.0,0.0,2025-09-20 08:14:00.908,1.194166666667
Yeast Grow 4 Days,pioreactor02,2025-09-20T06:14:16.608Z,23.90508,0.0,0.0,0.0,100.0,2025-09-20 08:14:16.608,1.198611111111
Yeast Grow 4 Days,pioreactor02,2025-09-20T06:14:16.652Z,23.90508,0.0,0.0,0.0,99.65,2025-09-20 08:14:16.652,1.198611111111
Yeast Grow 4 Days,pioreactor02,2025-09-20T06:14:23.908Z,24.09758,0.0,0.0,0.0,99.65,2025-09-20 08:14:23.908,1.200555555556
Yeast Grow 4 Days,pioreactor02,2025-09-20T06:14:46.908Z,24.07908,0.0,0.0,0.0,99.65,2025-09-20 08:14:46.908,1.206944444444
Yeast Grow 4 Days,pioreactor02,2025-09-20T06:15:09.908Z,24.04508,0.0,0.0,0.0,99.65,2025-09-20 08:15:09.908,1.213333333333
Yeast Grow 4 Days,pioreactor02,2025-09-20T06:15:32.908Z,24.04558,0.0,0.0,0.0,99.65,2025-09-20 08:15:32.908,1.219722222222
Yeast Grow 4 Days,pioreactor02,2025-09-20T06:15:45.183Z,24.04558,0.0,0.0,0.0,0.0,2025-09-20 08:15:45.183,1.223333333333
Yeast Grow 4 Days,pioreactor02,2025-09-20T06:15:55.908Z,24.03108,0.0,0.0,0.0,0.0,2025-09-20 08:15:55.908,1.226111111111
Yeast Grow 4 Days,pioreactor02,2025-09-20T06:16:18.908Z,23.97008,0.0,0.0,0.0,0.0,2025-09-20 08:16:18.908,1.2325
Yeast Grow 4 Days,pioreactor02,2025-09-20T06:16:41.908Z,23.93408,0.0,0.0,0.0,0.0,2025-09-20 08:16:41.908,1.238888888889
Yeast Grow 4 Days,pioreactor02,2025-09-20T06:17:04.908Z,23.93308,0.0,0.0,0.0,0.0,2025-09-20 08:17:04.908,1.245277777778
Yeast Grow 4 Days,pioreactor02,2025-09-20T06:17:27.908Z,23.93808,0.0,0.0,0.0,0.0,2025-09-20 08:17:27.908,1.251666666667
Yeast Grow 4 Days,pioreactor02,2025-09-20T06:17:36.610Z,23.93808,0.0,0.0,0.0,99.65,2025-09-20 08:17:36.610,1.254166666667
Yeast Grow 4 Days,pioreactor02,2025-09-20T06:17:36.652Z,23.93808,0.0,0.0,0.0,98.83,2025-09-20 08:17:36.652,1.254166666667
Yeast Grow 4 Days,pioreactor02,2025-09-20T06:17:50.908Z,24.16358,0.0,0.0,0.0,98.83,2025-09-20 08:17:50.908,1.258055555556
Yeast Grow 4 Days,pioreactor02,2025-09-20T06:18:13.908Z,24.09958,0.0,0.0,0.0,98.83,2025-09-20 08:18:13.908,1.264444444444
Yeast Grow 4 Days,pioreactor02,2025-09-20T06:18:36.908Z,24.47808,0.0,0.0,0.0,98.83,2025-09-20 08:18:36.908,1.270833333333
Yeast Grow 4 Days,pioreactor02,2025-09-20T06:18:59.908Z,24.82758,0.0,0.0,0.0,98.83,2025-09-20 08:18:59.908,1.277222222222
Yeast Grow 4 Days,pioreactor02,2025-09-20T06:19:05.183Z,24.82758,0.0,0.0,0.0,0.0,2025-09-20 08:19:05.183,1.278888888889
Yeast Grow 4 Days,pioreactor02,2025-09-20T06:19:22.908Z,24.64258,0.0,0.0,0.0,0.0,2025-09-20 08:19:22.908,1.283611111111
Yeast Grow 4 Days,pioreactor02,2025-09-20T06:19:45.908Z,24.51208,0.0,0.0,0.0,0.0,2025-09-20 08:19:45.908,1.29
Yeast Grow 4 Days,pioreactor02,2025-09-20T06:20:08.908Z,24.42808,0.0,0.0,0.0,0.0,2025-09-20 08:20:08.908,1.296388888889
Yeast Grow 4 Days,pioreactor02,2025-09-20T06:20:31.908Z,24.32458,0.0,0.0,0.0,0.0,2025-09-20 08:20:31.908,1.302777777778
Yeast Grow 4 Days,pioreactor02,2025-09-20T06:20:54.908Z,24.20758,0.0,0.0,0.0,0.0,2025-09-20 08:20:54.908,1.309166666667
Yeast Grow 4 Days,pioreactor02,2025-09-20T06:20:56.608Z,24.20758,0.0,0.0,0.0,98.83,2025-09-20 08:20:56.608,1.309722222222
Yeast Grow 4 Days,pioreactor02,2025-09-20T06:20:56.653Z,24.20758,0.0,0.0,0.0,97.93,2025-09-20 08:20:56.653,1.309722222222
Yeast Grow 4 Days,pioreactor02,2025-09-20T06:21:17.908Z,24.17858,0.0,0.0,0.0,97.93,2025-09-20 08:21:17.908,1.315555555556
Yeast Grow 4 Days,pioreactor02,2025-09-20T06:21:40.908Z,24.10708,0.0,0.0,0.0,97.93,2025-09-20 08:21:40.908,1.321944444444
Yeast Grow 4 Days,pioreactor02,2025-09-20T06:22:03.908Z,24.11158,0.0,0.0,0.0,97.93,2025-09-20 08:22:03.908,1.328333333333
Yeast Grow 4 Days,pioreactor02,2025-09-20T06:22:25.183Z,24.11158,0.0,0.0,0.0,0.0,2025-09-20 08:22:25.183,1.334444444444
Yeast Grow 4 Days,pioreactor02,2025-09-20T06:22:26.908Z,24.13408,0.0,0.0,0.0,0.0,2025-09-20 08:22:26.908,1.334722222222
Yeast Grow 4 Days,pioreactor02,2025-09-20T06:22:49.908Z,24.07458,0.0,0.0,0.0,0.0,2025-09-20 08:22:49.908,1.341111111111
Yeast Grow 4 Days,pioreactor02,2025-09-20T06:23:12.908Z,23.99858,0.0,0.0,0.0,0.0,2025-09-20 08:23:12.908,1.3475
Yeast Grow 4 Days,pioreactor02,2025-09-20T06:23:35.908Z,23.97208,0.0,0.0,0.0,0.0,2025-09-20 08:23:35.908,1.353888888889
Yeast Grow 4 Days,pioreactor02,2025-09-20T06:23:58.908Z,23.90208,0.0,0.0,0.0,0.0,2025-09-20 08:23:58.908,1.360277777778
Yeast Grow 4 Days,pioreactor02,2025-09-20T06:24:16.608Z,23.90208,0.0,0.0,0.0,97.93,2025-09-20 08:24:16.608,1.365277777778
Yeast Grow 4 Days,pioreactor02,2025-09-20T06:24:16.652Z,23.90208,0.0,0.0,0.0,96.34,2025-09-20 08:24:16.652,1.365277777778
Yeast Grow 4 Days,pioreactor02,2025-09-20T06:24:21.908Z,23.97008,0.0,0.0,0.0,96.34,2025-09-20 08:24:21.908,1.366666666667
Yeast Grow 4 Days,pioreactor02,2025-09-20T06:24:44.908Z,23.93608,0.0,0.0,0.0,96.34,2025-09-20 08:24:44.908,1.373055555556
Yeast Grow 4 Days,pioreactor02,2025-09-20T06:25:07.908Z,23.91258,0.0,0.0,0.0,96.34,2025-09-20 08:25:07.908,1.379444444444
Yeast Grow 4 Days,pioreactor02,2025-09-20T06:25:30.908Z,23.95308,0.0,0.0,0.0,96.34,2025-09-20 08:25:30.908,1.385833333333
Yeast Grow 4 Days,pioreactor02,2025-09-20T06:25:45.183Z,23.95308,0.0,0.0,0.0,0.0,2025-09-20 08:25:45.183,1.39
Yeast Grow 4 Days,pioreactor02,2025-09-20T06:25:53.908Z,23.98858,0.0,0.0,0.0,0.0,2025-09-20 08:25:53.908,1.392222222222
Yeast Grow 4 Days,pioreactor02,2025-09-20T06:26:16.908Z,23.93308,0.0,0.0,0.0,0.0,2025-09-20 08:26:16.908,1.398611111111
Yeast Grow 4 Days,pioreactor02,2025-09-20T06:26:39.908Z,23.95358,0.0,0.0,0.0,0.0,2025-09-20 08:26:39.908,1.405
Yeast Grow 4 Days,pioreactor02,2025-09-20T06:27:02.912Z,23.91808,0.0,0.0,0.0,0.0,2025-09-20 08:27:02.912,1.411388888889
Yeast Grow 4 Days,pioreactor02,2025-09-20T06:27:25.908Z,23.92758,0.0,0.0,0.0,0.0,2025-09-20 08:27:25.908,1.417777777778
Yeast Grow 4 Days,pioreactor02,2025-09-20T06:27:36.608Z,23.92758,0.0,0.0,0.0,96.34,2025-09-20 08:27:36.608,1.420833333333
Yeast Grow 4 Days,pioreactor02,2025-09-20T06:27:36.652Z,23.92758,0.0,0.0,0.0,94.46,2025-09-20 08:27:36.652,1.420833333333
Yeast Grow 4 Days,pioreactor02,2025-09-20T06:27:48.908Z,24.10158,0.0,0.0,0.0,94.46,2025-09-20 08:27:48.908,1.424166666667
Yeast Grow 4 Days,pioreactor02,2025-09-20T06:28:11.908Z,24.09958,0.0,0.0,0.0,94.46,2025-09-20 08:28:11.908,1.430555555556
Yeast Grow 4 Days,pioreactor02,2025-09-20T06:28:34.908Z,24.11358,0.0,0.0,0.0,94.46,2025-09-20 08:28:34.908,1.436944444444
Yeast Grow 4 Days,pioreactor02,2025-09-20T06:28:57.908Z,24.05808,0.0,0.0,0.0,94.46,2025-09-20 08:28:57.908,1.443333333333
Yeast Grow 4 Days,pioreactor02,2025-09-20T06:29:05.183Z,24.05808,0.0,0.0,0.0,0.0,2025-09-20 08:29:05.183,1.445555555556
Yeast Grow 4 Days,pioreactor02,2025-09-20T06:29:20.908Z,23.99708,0.0,0.0,0.0,0.0,2025-09-20 08:29:20.908,1.449722222222
Yeast Grow 4 Days,pioreactor02,2025-09-20T06:29:43.908Z,24.07208,0.0,0.0,0.0,0.0,2025-09-20 08:29:43.908,1.456111111111
Yeast Grow 4 Days,pioreactor02,2025-09-20T06:30:06.908Z,24.03208,0.0,0.0,0.0,0.0,2025-09-20 08:30:06.908,1.4625
Yeast Grow 4 Days,pioreactor02,2025-09-20T06:30:29.908Z,23.94858,0.0,0.0,0.0,0.0,2025-09-20 08:30:29.908,1.468888888889
Yeast Grow 4 Days,pioreactor02,2025-09-20T06:30:52.908Z,23.91858,0.0,0.0,0.0,0.0,2025-09-20 08:30:52.908,1.475277777778
Yeast Grow 4 Days,pioreactor02,2025-09-20T06:30:56.608Z,23.91858,0.0,0.0,0.0,94.46,2025-09-20 08:30:56.608,1.476388888889
Yeast Grow 4 Days,pioreactor02,2025-09-20T06:30:56.653Z,23.91858,0.0,0.0,0.0,92.27,2025-09-20 08:30:56.653,1.476388888889
Yeast Grow 4 Days,pioreactor02,2025-09-20T06:31:15.908Z,23.95708,0.0,0.0,0.0,92.27,2025-09-20 08:31:15.908,1.481666666667
Yeast Grow 4 Days,pioreactor02,2025-09-20T06:31:38.908Z,23.95358,0.0,0.0,0.0,92.27,2025-09-20 08:31:38.908,1.488055555556
Yeast Grow 4 Days,pioreactor02,2025-09-20T06:32:01.908Z,23.99958,0.0,0.0,0.0,92.27,2025-09-20 08:32:01.908,1.494444444444
Yeast Grow 4 Days,pioreactor02,2025-09-20T06:32:24.908Z,24.02358,0.0,0.0,0.0,92.27,2025-09-20 08:32:24.908,1.500833333333
Yeast Grow 4 Days,pioreactor02,2025-09-20T06:32:25.183Z,24.02358,0.0,0.0,0.0,0.0,2025-09-20 08:32:25.183,1.501111111111
Yeast Grow 4 Days,pioreactor02,2025-09-20T06:32:47.908Z,24.00658,0.0,0.0,0.0,0.0,2025-09-20 08:32:47.908,1.507222222222
Yeast Grow 4 Days,pioreactor02,2025-09-20T06:33:10.908Z,24.01158,0.0,0.0,0.0,0.0,2025-09-20 08:33:10.908,1.513611111111
Yeast Grow 4 Days,pioreactor02,2025-09-20T06:33:33.908Z,23.96608,0.0,0.0,0.0,0.0,2025-09-20 08:33:33.908,1.52
Yeast Grow 4 Days,pioreactor02,2025-09-20T06:33:56.908Z,23.97958,0.0,0.0,0.0,0.0,2025-09-20 08:33:56.908,1.526388888889
Yeast Grow 4 Days,pioreactor02,2025-09-20T06:34:16.609Z,23.97958,0.0,0.0,0.0,92.27,2025-09-20 08:34:16.609,1.531944444444
Yeast Grow 4 Days,pioreactor02,2025-09-20T06:34:16.652Z,23.97958,0.0,0.0,0.0,90.79,2025-09-20 08:34:16.652,1.531944444444
Yeast Grow 4 Days,pioreactor02,2025-09-20T06:34:19.908Z,24.04958,0.0,0.0,0.0,90.79,2025-09-20 08:34:19.908,1.532777777778
Yeast Grow 4 Days,pioreactor02,2025-09-20T06:34:42.908Z,24.03808,0.0,0.0,0.0,90.79,2025-09-20 08:34:42.908,1.539166666667
Yeast Grow 4 Days,pioreactor02,2025-09-20T06:35:05.908Z,24.13258,0.0,0.0,0.0,90.79,2025-09-20 08:35:05.908,1.545555555556
Yeast Grow 4 Days,pioreactor02,2025-09-20T06:35:28.908Z,24.12508,0.0,0.0,0.0,90.79,2025-09-20 08:35:28.908,1.551944444444
Yeast Grow 4 Days,pioreactor02,2025-09-20T06:35:45.184Z,24.12508,0.0,0.0,0.0,0.0,2025-09-20 08:35:45.184,1.556666666667
Yeast Grow 4 Days,pioreactor02,2025-09-20T06:35:51.908Z,24.07358,0.0,0.0,0.0,0.0,2025-09-20 08:35:51.908,1.558333333333
Yeast Grow 4 Days,pioreactor02,2025-09-20T06:36:14.908Z,23.99208,0.0,0.0,0.0,0.0,2025-09-20 08:36:14.908,1.564722222222
Yeast Grow 4 Days,pioreactor02,2025-09-20T06:36:37.908Z,24.01908,0.0,0.0,0.0,0.0,2025-09-20 08:36:37.908,1.571111111111
Yeast Grow 4 Days,pioreactor02,2025-09-20T06:37:00.908Z,24.07008,0.0,0.0,0.0,0.0,2025-09-20 08:37:00.908,1.5775
Yeast Grow 4 Days,pioreactor02,2025-09-20T06:37:23.908Z,23.99758,0.0,0.0,0.0,0.0,2025-09-20 08:37:23.908,1.583888888889
Yeast Grow 4 Days,pioreactor02,2025-09-20T06:37:36.611Z,23.99758,0.0,0.0,0.0,90.79,2025-09-20 08:37:36.611,1.5875
Yeast Grow 4 Days,pioreactor02,2025-09-20T06:37:36.652Z,23.99758,0.0,0.0,0.0,89.07,2025-09-20 08:37:36.652,1.5875
Yeast Grow 4 Days,pioreactor02,2025-09-20T06:37:46.908Z,24.06408,0.0,0.0,0.0,89.07,2025-09-20 08:37:46.908,1.590277777778
Yeast Grow 4 Days,pioreactor02,2025-09-20T06:38:09.908Z,24.03008,0.0,0.0,0.0,89.07,2025-09-20 08:38:09.908,1.596666666667
Yeast Grow 4 Days,pioreactor02,2025-09-20T06:38:32.908Z,24.11708,0.0,0.0,0.0,89.07,2025-09-20 08:38:32.908,1.603055555556
Yeast Grow 4 Days,pioreactor02,2025-09-20T06:38:55.908Z,24.15958,0.0,0.0,0.0,89.07,2025-09-20 08:38:55.908,1.609444444444
Yeast Grow 4 Days,pioreactor02,2025-09-20T06:39:05.183Z,24.15958,0.0,0.0,0.0,0.0,2025-09-20 08:39:05.183,1.612222222222
Yeast Grow 4 Days,pioreactor02,2025-09-20T06:39:18.908Z,24.09158,0.0,0.0,0.0,0.0,2025-09-20 08:39:18.908,1.615833333333
Yeast Grow 4 Days,pioreactor02,2025-09-20T06:39:41.908Z,24.01508,0.0,0.0,0.0,0.0,2025-09-20 08:39:41.908,1.622222222222
Yeast Grow 4 Days,pioreactor02,2025-09-20T06:40:04.908Z,23.94408,0.0,0.0,0.0,0.0,2025-09-20 08:40:04.908,1.628611111111
Yeast Grow 4 Days,pioreactor02,2025-09-20T06:40:27.908Z,23.94008,0.0,0.0,0.0,0.0,2025-09-20 08:40:27.908,1.635
Yeast Grow 4 Days,pioreactor02,2025-09-20T06:40:50.908Z,23.97208,0.0,0.0,0.0,0.0,2025-09-20 08:40:50.908,1.641388888889
Yeast Grow 4 Days,pioreactor02,2025-09-20T06:40:56.609Z,23.97208,0.0,0.0,0.0,89.07,2025-09-20 08:40:56.609,1.643055555556
Yeast Grow 4 Days,pioreactor02,2025-09-20T06:40:56.656Z,23.97208,0.0,0.0,0.0,88.98,2025-09-20 08:40:56.656,1.643055555556
Yeast Grow 4 Days,pioreactor02,2025-09-20T06:41:13.908Z,23.98908,0.0,0.0,0.0,88.98,2025-09-20 08:41:13.908,1.647777777778
Yeast Grow 4 Days,pioreactor02,2025-09-20T06:41:36.912Z,24.11308,0.0,0.0,0.0,88.98,2025-09-20 08:41:36.912,1.654166666667
Yeast Grow 4 Days,pioreactor02,2025-09-20T06:41:59.908Z,24.09258,0.0,0.0,0.0,88.98,2025-09-20 08:41:59.908,1.660555555556
Yeast Grow 4 Days,pioreactor02,2025-09-20T06:42:22.908Z,24.15208,0.0,0.0,0.0,88.98,2025-09-20 08:42:22.908,1.666944444444
Yeast Grow 4 Days,pioreactor02,2025-09-20T06:42:25.183Z,24.15208,0.0,0.0,0.0,0.0,2025-09-20 08:42:25.183,1.667777777778
Yeast Grow 4 Days,pioreactor02,2025-09-20T06:42:45.908Z,24.10208,0.0,0.0,0.0,0.0,2025-09-20 08:42:45.908,1.673333333333
Yeast Grow 4 Days,pioreactor02,2025-09-20T06:43:08.908Z,24.12808,0.0,0.0,0.0,0.0,2025-09-20 08:43:08.908,1.679722222222
Yeast Grow 4 Days,pioreactor02,2025-09-20T06:43:31.908Z,24.15908,0.0,0.0,0.0,0.0,2025-09-20 08:43:31.908,1.686111111111
Yeast Grow 4 Days,pioreactor02,2025-09-20T06:43:54.908Z,24.11708,0.0,0.0,0.0,0.0,2025-09-20 08:43:54.908,1.6925
Yeast Grow 4 Days,pioreactor02,2025-09-20T06:44:16.608Z,24.11708,0.0,0.0,0.0,88.98,2025-09-20 08:44:16.608,1.698611111111
Yeast Grow 4 Days,pioreactor02,2025-09-20T06:44:16.652Z,24.11708,0.0,0.0,0.0,87.82,2025-09-20 08:44:16.652,1.698611111111
Yeast Grow 4 Days,pioreactor02,2025-09-20T06:44:17.908Z,24.10508,0.0,0.0,0.0,87.82,2025-09-20 08:44:17.908,1.698888888889
Yeast Grow 4 Days,pioreactor02,2025-09-20T06:44:40.908Z,24.10308,0.0,0.0,0.0,87.82,2025-09-20 08:44:40.908,1.705277777778
Yeast Grow 4 Days,pioreactor02,2025-09-20T06:45:03.908Z,24.15958,0.0,0.0,0.0,87.82,2025-09-20 08:45:03.908,1.711666666667
Yeast Grow 4 Days,pioreactor02,2025-09-20T06:45:26.908Z,24.13958,0.0,0.0,0.0,87.82,2025-09-20 08:45:26.908,1.718055555556
Yeast Grow 4 Days,pioreactor02,2025-09-20T06:45:45.184Z,24.13958,0.0,0.0,0.0,0.0,2025-09-20 08:45:45.184,1.723333333333
Yeast Grow 4 Days,pioreactor02,2025-09-20T06:45:49.908Z,24.08458,0.0,0.0,0.0,0.0,2025-09-20 08:45:49.908,1.724444444444
Yeast Grow 4 Days,pioreactor02,2025-09-20T06:46:12.908Z,23.99308,0.0,0.0,0.0,0.0,2025-09-20 08:46:12.908,1.730833333333
Yeast Grow 4 Days,pioreactor02,2025-09-20T06:46:35.908Z,23.94858,0.0,0.0,0.0,0.0,2025-09-20 08:46:35.908,1.737222222222
Yeast Grow 4 Days,pioreactor02,2025-09-20T06:46:58.908Z,24.02308,0.0,0.0,0.0,0.0,2025-09-20 08:46:58.908,1.743611111111
Yeast Grow 4 Days,pioreactor02,2025-09-20T06:47:21.908Z,24.05158,0.0,0.0,0.0,0.0,2025-09-20 08:47:21.908,1.75
Yeast Grow 4 Days,pioreactor02,2025-09-20T06:47:36.609Z,24.05158,0.0,0.0,0.0,87.82,2025-09-20 08:47:36.609,1.754166666667
Yeast Grow 4 Days,pioreactor02,2025-09-20T06:47:36.653Z,24.05158,0.0,0.0,0.0,86.11,2025-09-20 08:47:36.653,1.754166666667
Yeast Grow 4 Days,pioreactor02,2025-09-20T06:47:44.908Z,24.16908,0.0,0.0,0.0,86.11,2025-09-20 08:47:44.908,1.756388888889
Yeast Grow 4 Days,pioreactor02,2025-09-20T06:48:07.908Z,24.15158,0.0,0.0,0.0,86.11,2025-09-20 08:48:07.908,1.762777777778
Yeast Grow 4 Days,pioreactor02,2025-09-20T06:48:30.908Z,24.13008,0.0,0.0,0.0,86.11,2025-09-20 08:48:30.908,1.769166666667
Yeast Grow 4 Days,pioreactor02,2025-09-20T06:48:53.908Z,24.09608,0.0,0.0,0.0,86.11,2025-09-20 08:48:53.908,1.775555555556
Yeast Grow 4 Days,pioreactor02,2025-09-20T06:49:05.183Z,24.09608,0.0,0.0,0.0,0.0,2025-09-20 08:49:05.183,1.778888888889
Yeast Grow 4 Days,pioreactor02,2025-09-20T06:49:16.908Z,24.04508,0.0,0.0,0.0,0.0,2025-09-20 08:49:16.908,1.781944444444
Yeast Grow 4 Days,pioreactor02,2025-09-20T06:49:39.908Z,24.05408,0.0,0.0,0.0,0.0,2025-09-20 08:49:39.908,1.788333333333
Yeast Grow 4 Days,pioreactor02,2025-09-20T06:50:02.912Z,23.98758,0.0,0.0,0.0,0.0,2025-09-20 08:50:02.912,1.794722222222
Yeast Grow 4 Days,pioreactor02,2025-09-20T06:50:25.908Z,23.96258,0.0,0.0,0.0,0.0,2025-09-20 08:50:25.908,1.801111111111
Yeast Grow 4 Days,pioreactor02,2025-09-20T06:50:48.908Z,23.91608,0.0,0.0,0.0,0.0,2025-09-20 08:50:48.908,1.8075
Yeast Grow 4 Days,pioreactor02,2025-09-20T06:50:56.610Z,23.91608,0.0,0.0,0.0,86.11,2025-09-20 08:50:56.610,1.809722222222
Yeast Grow 4 Days,pioreactor02,2025-09-20T06:50:56.652Z,23.91608,0.0,0.0,0.0,84.31,2025-09-20 08:50:56.652,1.809722222222
Yeast Grow 4 Days,pioreactor02,2025-09-20T06:51:11.912Z,24.22408,0.0,0.0,0.0,84.31,2025-09-20 08:51:11.912,1.813888888889
Yeast Grow 4 Days,pioreactor02,2025-09-20T06:51:34.908Z,24.58558,0.0,0.0,0.0,84.31,2025-09-20 08:51:34.908,1.820277777778
Yeast Grow 4 Days,pioreactor02,2025-09-20T06:51:57.908Z,24.91308,0.0,0.0,0.0,84.31,2025-09-20 08:51:57.908,1.826666666667
Yeast Grow 4 Days,pioreactor02,2025-09-20T06:52:20.908Z,24.74908,0.0,0.0,0.0,84.31,2025-09-20 08:52:20.908,1.833055555556
Yeast Grow 4 Days,pioreactor02,2025-09-20T06:52:25.183Z,24.74908,0.0,0.0,0.0,0.0,2025-09-20 08:52:25.183,1.834444444444
Yeast Grow 4 Days,pioreactor02,2025-09-20T06:52:43.908Z,24.57208,0.0,0.0,0.0,0.0,2025-09-20 08:52:43.908,1.839444444444
Yeast Grow 4 Days,pioreactor02,2025-09-20T06:53:06.912Z,24.50458,0.0,0.0,0.0,0.0,2025-09-20 08:53:06.912,1.845833333333
Yeast Grow 4 Days,pioreactor02,2025-09-20T06:53:29.908Z,24.38158,0.0,0.0,0.0,0.0,2025-09-20 08:53:29.908,1.852222222222
Yeast Grow 4 Days,pioreactor02,2025-09-20T06:53:52.908Z,24.27908,0.0,0.0,0.0,0.0,2025-09-20 08:53:52.908,1.858611111111
Yeast Grow 4 Days,pioreactor02,2025-09-20T06:54:15.908Z,24.34708,0.0,0.0,0.0,0.0,2025-09-20 08:54:15.908,1.865
Yeast Grow 4 Days,pioreactor02,2025-09-20T06:54:16.610Z,24.34708,0.0,0.0,0.0,84.31,2025-09-20 08:54:16.610,1.865277777778
Yeast Grow 4 Days,pioreactor02,2025-09-20T06:54:16.653Z,24.34708,0.0,0.0,0.0,84.2,2025-09-20 08:54:16.653,1.865277777778
Yeast Grow 4 Days,pioreactor02,2025-09-20T06:54:38.908Z,24.32758,0.0,0.0,0.0,84.2,2025-09-20 08:54:38.908,1.871388888889
Yeast Grow 4 Days,pioreactor02,2025-09-20T06:55:01.908Z,24.24558,0.0,0.0,0.0,84.2,2025-09-20 08:55:01.908,1.877777777778
Yeast Grow 4 Days,pioreactor02,2025-09-20T06:55:24.908Z,24.21058,0.0,0.0,0.0,84.2,2025-09-20 08:55:24.908,1.884166666667
Yeast Grow 4 Days,pioreactor02,2025-09-20T06:55:45.183Z,24.21058,0.0,0.0,0.0,0.0,2025-09-20 08:55:45.183,1.89
Yeast Grow 4 Days,pioreactor02,2025-09-20T06:55:47.908Z,24.12308,0.0,0.0,0.0,0.0,2025-09-20 08:55:47.908,1.890555555556
Yeast Grow 4 Days,pioreactor02,2025-09-20T06:56:10.908Z,24.02208,0.0,0.0,0.0,0.0,2025-09-20 08:56:10.908,1.896944444444
Yeast Grow 4 Days,pioreactor02,2025-09-20T06:56:33.908Z,23.96658,0.0,0.0,0.0,0.0,2025-09-20 08:56:33.908,1.903333333333
Yeast Grow 4 Days,pioreactor02,2025-09-20T06:56:56.908Z,23.93458,0.0,0.0,0.0,0.0,2025-09-20 08:56:56.908,1.909722222222
Yeast Grow 4 Days,pioreactor02,2025-09-20T06:57:19.908Z,23.99108,0.0,0.0,0.0,0.0,2025-09-20 08:57:19.908,1.916111111111
Yeast Grow 4 Days,pioreactor02,2025-09-20T06:57:36.609Z,23.99108,0.0,0.0,0.0,84.2,2025-09-20 08:57:36.609,1.920833333333
Yeast Grow 4 Days,pioreactor02,2025-09-20T06:57:36.652Z,23.99108,0.0,0.0,0.0,85.44,2025-09-20 08:57:36.652,1.920833333333
Yeast Grow 4 Days,pioreactor02,2025-09-20T06:57:42.908Z,24.04558,0.0,0.0,0.0,85.44,2025-09-20 08:57:42.908,1.9225
Yeast Grow 4 Days,pioreactor02,2025-09-20T06:58:05.908Z,24.45258,0.0,0.0,0.0,85.44,2025-09-20 08:58:05.908,1.928888888889
Yeast Grow 4 Days,pioreactor02,2025-09-20T06:58:28.908Z,24.41558,0.0,0.0,0.0,85.44,2025-09-20 08:58:28.908,1.935277777778
Yeast Grow 4 Days,pioreactor02,2025-09-20T06:58:51.908Z,24.41608,0.0,0.0,0.0,85.44,2025-09-20 08:58:51.908,1.941666666667
Yeast Grow 4 Days,pioreactor02,2025-09-20T06:59:05.184Z,24.41608,0.0,0.0,0.0,0.0,2025-09-20 08:59:05.184,1.945555555556
Yeast Grow 4 Days,pioreactor02,2025-09-20T06:59:14.908Z,24.31558,0.0,0.0,0.0,0.0,2025-09-20 08:59:14.908,1.948055555556
Yeast Grow 4 Days,pioreactor02,2025-09-20T06:59:37.912Z,24.22658,0.0,0.0,0.0,0.0,2025-09-20 08:59:37.912,1.954444444444
Yeast Grow 4 Days,pioreactor02,2025-09-20T07:00:00.908Z,24.17908,0.0,0.0,0.0,0.0,2025-09-20 09:00:00.908,1.960833333333
Yeast Grow 4 Days,pioreactor02,2025-09-20T07:00:23.908Z,24.10758,0.0,0.0,0.0,0.0,2025-09-20 09:00:23.908,1.967222222222
Yeast Grow 4 Days,pioreactor02,2025-09-20T07:00:46.908Z,24.08658,0.0,0.0,0.0,0.0,2025-09-20 09:00:46.908,1.973611111111
Yeast Grow 4 Days,pioreactor02,2025-09-20T07:00:56.611Z,24.08658,0.0,0.0,0.0,85.44,2025-09-20 09:00:56.611,1.976388888889
Yeast Grow 4 Days,pioreactor02,2025-09-20T07:00:56.652Z,24.08658,0.0,0.0,0.0,84.61,2025-09-20 09:00:56.652,1.976388888889
Yeast Grow 4 Days,pioreactor02,2025-09-20T07:01:09.912Z,24.12208,0.0,0.0,0.0,84.61,2025-09-20 09:01:09.912,1.98
Yeast Grow 4 Days,pioreactor02,2025-09-20T07:01:32.908Z,24.14008,0.0,0.0,0.0,84.61,2025-09-20 09:01:32.908,1.986388888889
Yeast Grow 4 Days,pioreactor02,2025-09-20T07:01:55.908Z,24.10308,0.0,0.0,0.0,84.61,2025-09-20 09:01:55.908,1.992777777778
Yeast Grow 4 Days,pioreactor02,2025-09-20T07:02:18.908Z,24.11708,0.0,0.0,0.0,84.61,2025-09-20 09:02:18.908,1.999166666667
Yeast Grow 4 Days,pioreactor02,2025-09-20T07:02:25.183Z,24.11708,0.0,0.0,0.0,0.0,2025-09-20 09:02:25.183,2.001111111111
Yeast Grow 4 Days,pioreactor02,2025-09-20T07:02:41.908Z,24.16508,0.0,0.0,0.0,0.0,2025-09-20 09:02:41.908,2.005555555556
Yeast Grow 4 Days,pioreactor02,2025-09-20T07:03:04.908Z,24.12208,0.0,0.0,0.0,0.0,2025-09-20 09:03:04.908,2.011944444444
Yeast Grow 4 Days,pioreactor02,2025-09-20T07:03:27.908Z,24.05758,0.0,0.0,0.0,0.0,2025-09-20 09:03:27.908,2.018333333333
Yeast Grow 4 Days,pioreactor02,2025-09-20T07:03:50.908Z,24.03358,0.0,0.0,0.0,0.0,2025-09-20 09:03:50.908,2.024722222222
Yeast Grow 4 Days,pioreactor02,2025-09-20T07:04:13.908Z,24.06658,0.0,0.0,0.0,0.0,2025-09-20 09:04:13.908,2.031111111111
Yeast Grow 4 Days,pioreactor02,2025-09-20T07:04:16.607Z,24.06658,0.0,0.0,0.0,84.61,2025-09-20 09:04:16.607,2.031944444444
Yeast Grow 4 Days,pioreactor02,2025-09-20T07:04:16.652Z,24.06658,0.0,0.0,0.0,84.12,2025-09-20 09:04:16.652,2.031944444444
Yeast Grow 4 Days,pioreactor02,2025-09-20T07:04:36.908Z,24.47258,0.0,0.0,0.0,84.12,2025-09-20 09:04:36.908,2.0375
Yeast Grow 4 Days,pioreactor02,2025-09-20T07:04:59.908Z,24.83958,0.0,0.0,0.0,84.12,2025-09-20 09:04:59.908,2.043888888889
Yeast Grow 4 Days,pioreactor02,2025-09-20T07:05:22.908Z,24.65858,0.0,0.0,0.0,84.12,2025-09-20 09:05:22.908,2.050277777778
Yeast Grow 4 Days,pioreactor02,2025-09-20T07:05:45.183Z,24.65858,0.0,0.0,0.0,0.0,2025-09-20 09:05:45.183,2.056666666667
Yeast Grow 4 Days,pioreactor02,2025-09-20T07:05:45.912Z,24.51108,0.0,0.0,0.0,0.0,2025-09-20 09:05:45.912,2.056666666667
Yeast Grow 4 Days,pioreactor02,2025-09-20T07:06:08.908Z,24.36208,0.0,0.0,0.0,0.0,2025-09-20 09:06:08.908,2.063055555556
Yeast Grow 4 Days,pioreactor02,2025-09-20T07:06:31.908Z,24.23108,0.0,0.0,0.0,0.0,2025-09-20 09:06:31.908,2.069444444444
Yeast Grow 4 Days,pioreactor02,2025-09-20T07:06:54.908Z,24.14058,0.0,0.0,0.0,0.0,2025-09-20 09:06:54.908,2.075833333333
Yeast Grow 4 Days,pioreactor02,2025-09-20T07:07:17.908Z,24.06908,0.0,0.0,0.0,0.0,2025-09-20 09:07:17.908,2.082222222222
Yeast Grow 4 Days,pioreactor02,2025-09-20T07:07:36.628Z,24.06908,0.0,0.0,0.0,84.12,2025-09-20 09:07:36.628,2.0875
Yeast Grow 4 Days,pioreactor02,2025-09-20T07:07:36.672Z,24.06908,0.0,0.0,0.0,84.18,2025-09-20 09:07:36.672,2.0875
Yeast Grow 4 Days,pioreactor02,2025-09-20T07:07:40.908Z,24.14908,0.0,0.0,0.0,84.18,2025-09-20 09:07:40.908,2.088611111111
Yeast Grow 4 Days,pioreactor02,2025-09-20T07:08:03.908Z,24.15758,0.0,0.0,0.0,84.18,2025-09-20 09:08:03.908,2.095
Yeast Grow 4 Days,pioreactor02,2025-09-20T07:08:26.908Z,24.19108,0.0,0.0,0.0,84.18,2025-09-20 09:08:26.908,2.101388888889
Yeast Grow 4 Days,pioreactor02,2025-09-20T07:08:49.908Z,24.26308,0.0,0.0,0.0,84.18,2025-09-20 09:08:49.908,2.107777777778
Yeast Grow 4 Days,pioreactor02,2025-09-20T07:09:05.183Z,24.26308,0.0,0.0,0.0,0.0,2025-09-20 09:09:05.183,2.112222222222
Yeast Grow 4 Days,pioreactor02,2025-09-20T07:09:12.908Z,24.16658,0.0,0.0,0.0,0.0,2025-09-20 09:09:12.908,2.114166666667
Yeast Grow 4 Days,pioreactor02,2025-09-20T07:09:35.908Z,24.10208,0.0,0.0,0.0,0.0,2025-09-20 09:09:35.908,2.120555555556
Yeast Grow 4 Days,pioreactor02,2025-09-20T07:09:58.908Z,24.09508,0.0,0.0,0.0,0.0,2025-09-20 09:09:58.908,2.126944444444
Yeast Grow 4 Days,pioreactor02,2025-09-20T07:10:21.908Z,24.16758,0.0,0.0,0.0,0.0,2025-09-20 09:10:21.908,2.133333333333
Yeast Grow 4 Days,pioreactor02,2025-09-20T07:10:44.908Z,24.14458,0.0,0.0,0.0,0.0,2025-09-20 09:10:44.908,2.139722222222
Yeast Grow 4 Days,pioreactor02,2025-09-20T07:10:56.609Z,24.14458,0.0,0.0,0.0,84.18,2025-09-20 09:10:56.609,2.143055555556
Yeast Grow 4 Days,pioreactor02,2025-09-20T07:10:56.656Z,24.14458,0.0,0.0,0.0,84.42,2025-09-20 09:10:56.656,2.143055555556
Yeast Grow 4 Days,pioreactor02,2025-09-20T07:11:07.908Z,24.12558,0.0,0.0,0.0,84.42,2025-09-20 09:11:07.908,2.146111111111
Yeast Grow 4 Days,pioreactor02,2025-09-20T07:11:30.908Z,24.16958,0.0,0.0,0.0,84.42,2025-09-20 09:11:30.908,2.1525
Yeast Grow 4 Days,pioreactor02,2025-09-20T07:11:53.908Z,24.08858,0.0,0.0,0.0,84.42,2025-09-20 09:11:53.908,2.158888888889
Yeast Grow 4 Days,pioreactor02,2025-09-20T07:12:16.908Z,24.01408,0.0,0.0,0.0,84.42,2025-09-20 09:12:16.908,2.165277777778
Yeast Grow 4 Days,pioreactor02,2025-09-20T07:12:25.183Z,24.01408,0.0,0.0,0.0,0.0,2025-09-20 09:12:25.183,2.167777777778
Yeast Grow 4 Days,pioreactor02,2025-09-20T07:12:39.908Z,23.93608,0.0,0.0,0.0,0.0,2025-09-20 09:12:39.908,2.171666666667
Yeast Grow 4 Days,pioreactor02,2025-09-20T07:13:02.908Z,23.90708,0.0,0.0,0.0,0.0,2025-09-20 09:13:02.908,2.178055555556
Yeast Grow 4 Days,pioreactor02,2025-09-20T07:13:25.908Z,23.92658,0.0,0.0,0.0,0.0,2025-09-20 09:13:25.908,2.184444444444
Yeast Grow 4 Days,pioreactor02,2025-09-20T07:13:48.908Z,23.95708,0.0,0.0,0.0,0.0,2025-09-20 09:13:48.908,2.190833333333
Yeast Grow 4 Days,pioreactor02,2025-09-20T07:14:11.908Z,23.95808,0.0,0.0,0.0,0.0,2025-09-20 09:14:11.908,2.197222222222
Yeast Grow 4 Days,pioreactor02,2025-09-20T07:14:16.611Z,23.95808,0.0,0.0,0.0,84.42,2025-09-20 09:14:16.611,2.198611111111
Yeast Grow 4 Days,pioreactor02,2025-09-20T07:14:16.652Z,23.95808,0.0,0.0,0.0,83.84,2025-09-20 09:14:16.652,2.198611111111
Yeast Grow 4 Days,pioreactor02,2025-09-20T07:14:34.908Z,24.38058,0.0,0.0,0.0,83.84,2025-09-20 09:14:34.908,2.203611111111
Yeast Grow 4 Days,pioreactor02,2025-09-20T07:14:57.908Z,24.40558,0.0,0.0,0.0,83.84,2025-09-20 09:14:57.908,2.21
Yeast Grow 4 Days,pioreactor02,2025-09-20T07:15:20.908Z,24.34808,0.0,0.0,0.0,83.84,2025-09-20 09:15:20.908,2.216388888889
Yeast Grow 4 Days,pioreactor02,2025-09-20T07:15:43.908Z,24.30558,0.0,0.0,0.0,83.84,2025-09-20 09:15:43.908,2.222777777778
Yeast Grow 4 Days,pioreactor02,2025-09-20T07:15:45.183Z,24.30558,0.0,0.0,0.0,0.0,2025-09-20 09:15:45.183,2.223333333333
Yeast Grow 4 Days,pioreactor02,2025-09-20T07:16:06.908Z,24.19308,0.0,0.0,0.0,0.0,2025-09-20 09:16:06.908,2.229166666667
Yeast Grow 4 Days,pioreactor02,2025-09-20T07:16:29.908Z,24.10308,0.0,0.0,0.0,0.0,2025-09-20 09:16:29.908,2.235555555556
Yeast Grow 4 Days,pioreactor02,2025-09-20T07:16:52.908Z,24.12058,0.0,0.0,0.0,0.0,2025-09-20 09:16:52.908,2.241944444444
Yeast Grow 4 Days,pioreactor02,2025-09-20T07:17:15.908Z,24.14508,0.0,0.0,0.0,0.0,2025-09-20 09:17:15.908,2.248333333333
Yeast Grow 4 Days,pioreactor02,2025-09-20T07:17:36.610Z,24.14508,0.0,0.0,0.0,83.84,2025-09-20 09:17:36.610,2.254166666667
Yeast Grow 4 Days,pioreactor02,2025-09-20T07:17:36.652Z,24.14508,0.0,0.0,0.0,84.3,2025-09-20 09:17:36.652,2.254166666667
Yeast Grow 4 Days,pioreactor02,2025-09-20T07:17:38.908Z,24.23358,0.0,0.0,0.0,84.3,2025-09-20 09:17:38.908,2.254722222222
Yeast Grow 4 Days,pioreactor02,2025-09-20T07:18:01.908Z,24.21858,0.0,0.0,0.0,84.3,2025-09-20 09:18:01.908,2.261111111111
Yeast Grow 4 Days,pioreactor02,2025-09-20T07:18:24.908Z,24.16558,0.0,0.0,0.0,84.3,2025-09-20 09:18:24.908,2.2675
Yeast Grow 4 Days,pioreactor02,2025-09-20T07:18:47.908Z,24.54258,0.0,0.0,0.0,84.3,2025-09-20 09:18:47.908,2.273888888889
Yeast Grow 4 Days,pioreactor02,2025-09-20T07:19:05.183Z,24.54258,0.0,0.0,0.0,0.0,2025-09-20 09:19:05.183,2.278888888889
Yeast Grow 4 Days,pioreactor02,2025-09-20T07:19:10.908Z,24.38108,0.0,0.0,0.0,0.0,2025-09-20 09:19:10.908,2.280277777778
Yeast Grow 4 Days,pioreactor02,2025-09-20T07:19:33.908Z,24.31158,0.0,0.0,0.0,0.0,2025-09-20 09:19:33.908,2.286666666667
Yeast Grow 4 Days,pioreactor02,2025-09-20T07:19:56.908Z,24.31558,0.0,0.0,0.0,0.0,2025-09-20 09:19:56.908,2.293055555556
Yeast Grow 4 Days,pioreactor02,2025-09-20T07:20:19.908Z,24.22508,0.0,0.0,0.0,0.0,2025-09-20 09:20:19.908,2.299444444444
Yeast Grow 4 Days,pioreactor02,2025-09-20T07:20:42.908Z,24.16958,0.0,0.0,0.0,0.0,2025-09-20 09:20:42.908,2.305833333333
Yeast Grow 4 Days,pioreactor02,2025-09-20T07:20:56.610Z,24.16958,0.0,0.0,0.0,84.3,2025-09-20 09:20:56.610,2.309722222222
Yeast Grow 4 Days,pioreactor02,2025-09-20T07:20:56.652Z,24.16958,0.0,0.0,0.0,83.94,2025-09-20 09:20:56.652,2.309722222222
Yeast Grow 4 Days,pioreactor02,2025-09-20T07:21:05.908Z,24.18758,0.0,0.0,0.0,83.94,2025-09-20 09:21:05.908,2.312222222222
Yeast Grow 4 Days,pioreactor02,2025-09-20T07:21:28.908Z,24.25458,0.0,0.0,0.0,83.94,2025-09-20 09:21:28.908,2.318611111111
Yeast Grow 4 Days,pioreactor02,2025-09-20T07:21:51.908Z,24.20508,0.0,0.0,0.0,83.94,2025-09-20 09:21:51.908,2.325
Yeast Grow 4 Days,pioreactor02,2025-09-20T07:22:14.908Z,24.20608,0.0,0.0,0.0,83.94,2025-09-20 09:22:14.908,2.331388888889
Yeast Grow 4 Days,pioreactor02,2025-09-20T07:22:25.183Z,24.20608,0.0,0.0,0.0,0.0,2025-09-20 09:22:25.183,2.334444444444
Yeast Grow 4 Days,pioreactor02,2025-09-20T07:22:37.908Z,24.12558,0.0,0.0,0.0,0.0,2025-09-20 09:22:37.908,2.337777777778
Yeast Grow 4 Days,pioreactor02,2025-09-20T07:23:00.908Z,24.09358,0.0,0.0,0.0,0.0,2025-09-20 09:23:00.908,2.344166666667
Yeast Grow 4 Days,pioreactor02,2025-09-20T07:23:23.908Z,23.99558,0.0,0.0,0.0,0.0,2025-09-20 09:23:23.908,2.350555555556
Yeast Grow 4 Days,pioreactor02,2025-09-20T07:23:46.908Z,23.93958,0.0,0.0,0.0,0.0,2025-09-20 09:23:46.908,2.356944444444
Yeast Grow 4 Days,pioreactor02,2025-09-20T07:24:09.908Z,24.32258,0.0,0.0,0.0,0.0,2025-09-20 09:24:09.908,2.363333333333
Yeast Grow 4 Days,pioreactor02,2025-09-20T07:24:16.609Z,24.32258,0.0,0.0,0.0,83.94,2025-09-20 09:24:16.609,2.365277777778
Yeast Grow 4 Days,pioreactor02,2025-09-20T07:24:16.653Z,24.32258,0.0,0.0,0.0,82.51,2025-09-20 09:24:16.653,2.365277777778
Yeast Grow 4 Days,pioreactor02,2025-09-20T07:24:32.908Z,24.68958,0.0,0.0,0.0,82.51,2025-09-20 09:24:32.908,2.369722222222
Yeast Grow 4 Days,pioreactor02,2025-09-20T07:24:55.908Z,24.53508,0.0,0.0,0.0,82.51,2025-09-20 09:24:55.908,2.376111111111
Yeast Grow 4 Days,pioreactor02,2025-09-20T07:25:18.908Z,24.38808,0.0,0.0,0.0,82.51,2025-09-20 09:25:18.908,2.3825
Yeast Grow 4 Days,pioreactor02,2025-09-20T07:25:41.908Z,24.31108,0.0,0.0,0.0,82.51,2025-09-20 09:25:41.908,2.388888888889
Yeast Grow 4 Days,pioreactor02,2025-09-20T07:25:45.183Z,24.31108,0.0,0.0,0.0,0.0,2025-09-20 09:25:45.183,2.39
Yeast Grow 4 Days,pioreactor02,2025-09-20T07:26:04.908Z,24.19908,0.0,0.0,0.0,0.0,2025-09-20 09:26:04.908,2.395277777778
Yeast Grow 4 Days,pioreactor02,2025-09-20T07:26:27.908Z,24.19608,0.0,0.0,0.0,0.0,2025-09-20 09:26:27.908,2.401666666667
Yeast Grow 4 Days,pioreactor02,2025-09-20T07:26:50.908Z,24.13008,0.0,0.0,0.0,0.0,2025-09-20 09:26:50.908,2.408055555556
Yeast Grow 4 Days,pioreactor02,2025-09-20T07:27:13.908Z,24.12058,0.0,0.0,0.0,0.0,2025-09-20 09:27:13.908,2.414444444444
Yeast Grow 4 Days,pioreactor02,2025-09-20T07:27:36.609Z,24.12058,0.0,0.0,0.0,82.51,2025-09-20 09:27:36.609,2.420833333333
Yeast Grow 4 Days,pioreactor02,2025-09-20T07:27:36.652Z,24.12058,0.0,0.0,0.0,82.2,2025-09-20 09:27:36.652,2.420833333333
Yeast Grow 4 Days,pioreactor02,2025-09-20T07:27:36.908Z,24.11658,0.0,0.0,0.0,82.2,2025-09-20 09:27:36.908,2.420833333333
Yeast Grow 4 Days,pioreactor02,2025-09-20T07:27:59.908Z,24.50758,0.0,0.0,0.0,82.2,2025-09-20 09:27:59.908,2.427222222222
Yeast Grow 4 Days,pioreactor02,2025-09-20T07:28:22.908Z,24.46358,0.0,0.0,0.0,82.2,2025-09-20 09:28:22.908,2.433611111111
Yeast Grow 4 Days,pioreactor02,2025-09-20T07:28:45.908Z,24.41808,0.0,0.0,0.0,82.2,2025-09-20 09:28:45.908,2.44
Yeast Grow 4 Days,pioreactor02,2025-09-20T07:29:05.183Z,24.41808,0.0,0.0,0.0,0.0,2025-09-20 09:29:05.183,2.445555555556
Yeast Grow 4 Days,pioreactor02,2025-09-20T07:29:08.908Z,24.30908,0.0,0.0,0.0,0.0,2025-09-20 09:29:08.908,2.446388888889
Yeast Grow 4 Days,pioreactor02,2025-09-20T07:29:31.908Z,24.21658,0.0,0.0,0.0,0.0,2025-09-20 09:29:31.908,2.452777777778
Yeast Grow 4 Days,pioreactor02,2025-09-20T07:29:54.908Z,24.14408,0.0,0.0,0.0,0.0,2025-09-20 09:29:54.908,2.459166666667
Yeast Grow 4 Days,pioreactor02,2025-09-20T07:30:17.908Z,24.13058,0.0,0.0,0.0,0.0,2025-09-20 09:30:17.908,2.465555555556
Yeast Grow 4 Days,pioreactor02,2025-09-20T07:30:40.908Z,24.19008,0.0,0.0,0.0,0.0,2025-09-20 09:30:40.908,2.471944444444
Yeast Grow 4 Days,pioreactor02,2025-09-20T07:30:56.611Z,24.19008,0.0,0.0,0.0,82.2,2025-09-20 09:30:56.611,2.476388888889
Yeast Grow 4 Days,pioreactor02,2025-09-20T07:30:56.652Z,24.19008,0.0,0.0,0.0,82.93,2025-09-20 09:30:56.652,2.476388888889
Yeast Grow 4 Days,pioreactor02,2025-09-20T07:31:03.908Z,24.45158,0.0,0.0,0.0,82.93,2025-09-20 09:31:03.908,2.478333333333
Yeast Grow 4 Days,pioreactor02,2025-09-20T07:31:26.908Z,24.38658,0.0,0.0,0.0,82.93,2025-09-20 09:31:26.908,2.484722222222
Yeast Grow 4 Days,pioreactor02,2025-09-20T07:31:49.908Z,24.32508,0.0,0.0,0.0,82.93,2025-09-20 09:31:49.908,2.491111111111
Yeast Grow 4 Days,pioreactor02,2025-09-20T07:32:12.908Z,24.27958,0.0,0.0,0.0,82.93,2025-09-20 09:32:12.908,2.4975
Yeast Grow 4 Days,pioreactor02,2025-09-20T07:32:25.183Z,24.27958,0.0,0.0,0.0,0.0,2025-09-20 09:32:25.183,2.501111111111
Yeast Grow 4 Days,pioreactor02,2025-09-20T07:32:35.908Z,24.22008,0.0,0.0,0.0,0.0,2025-09-20 09:32:35.908,2.503888888889
Yeast Grow 4 Days,pioreactor02,2025-09-20T07:32:58.908Z,24.13408,0.0,0.0,0.0,0.0,2025-09-20 09:32:58.908,2.510277777778
Yeast Grow 4 Days,pioreactor02,2025-09-20T07:33:21.908Z,24.10958,0.0,0.0,0.0,0.0,2025-09-20 09:33:21.908,2.516666666667
Yeast Grow 4 Days,pioreactor02,2025-09-20T07:33:44.908Z,24.13608,0.0,0.0,0.0,0.0,2025-09-20 09:33:44.908,2.523055555556
Yeast Grow 4 Days,pioreactor02,2025-09-20T07:34:07.908Z,24.09958,0.0,0.0,0.0,0.0,2025-09-20 09:34:07.908,2.529444444444
Yeast Grow 4 Days,pioreactor02,2025-09-20T07:34:16.609Z,24.09958,0.0,0.0,0.0,82.93,2025-09-20 09:34:16.609,2.531944444444
Yeast Grow 4 Days,pioreactor02,2025-09-20T07:34:16.653Z,24.09958,0.0,0.0,0.0,83.96,2025-09-20 09:34:16.653,2.531944444444
Yeast Grow 4 Days,pioreactor02,2025-09-20T07:34:30.908Z,24.22358,0.0,0.0,0.0,83.96,2025-09-20 09:34:30.908,2.535833333333
Yeast Grow 4 Days,pioreactor02,2025-09-20T07:34:53.908Z,24.25608,0.0,0.0,0.0,83.96,2025-09-20 09:34:53.908,2.542222222222
Yeast Grow 4 Days,pioreactor02,2025-09-20T07:35:16.908Z,24.17058,0.0,0.0,0.0,83.96,2025-09-20 09:35:16.908,2.548611111111
Yeast Grow 4 Days,pioreactor02,2025-09-20T07:35:39.908Z,24.16958,0.0,0.0,0.0,83.96,2025-09-20 09:35:39.908,2.555
Yeast Grow 4 Days,pioreactor02,2025-09-20T07:35:45.183Z,24.16958,0.0,0.0,0.0,0.0,2025-09-20 09:35:45.183,2.556666666667
Yeast Grow 4 Days,pioreactor02,2025-09-20T07:36:02.908Z,24.17708,0.0,0.0,0.0,0.0,2025-09-20 09:36:02.908,2.561388888889
Yeast Grow 4 Days,pioreactor02,2025-09-20T07:36:25.908Z,24.17658,0.0,0.0,0.0,0.0,2025-09-20 09:36:25.908,2.567777777778
Yeast Grow 4 Days,pioreactor02,2025-09-20T07:36:48.908Z,24.13108,0.0,0.0,0.0,0.0,2025-09-20 09:36:48.908,2.574166666667
Yeast Grow 4 Days,pioreactor02,2025-09-20T07:37:11.908Z,24.08858,0.0,0.0,0.0,0.0,2025-09-20 09:37:11.908,2.580555555556
Yeast Grow 4 Days,pioreactor02,2025-09-20T07:37:34.908Z,24.06858,0.0,0.0,0.0,0.0,2025-09-20 09:37:34.908,2.586944444444
Yeast Grow 4 Days,pioreactor02,2025-09-20T07:37:36.610Z,24.06858,0.0,0.0,0.0,83.96,2025-09-20 09:37:36.610,2.5875
Yeast Grow 4 Days,pioreactor02,2025-09-20T07:37:36.652Z,24.06858,0.0,0.0,0.0,84.01,2025-09-20 09:37:36.652,2.5875
Yeast Grow 4 Days,pioreactor02,2025-09-20T07:37:57.908Z,24.11508,0.0,0.0,0.0,84.01,2025-09-20 09:37:57.908,2.593333333333
Yeast Grow 4 Days,pioreactor02,2025-09-20T07:38:20.908Z,24.50958,0.0,0.0,0.0,84.01,2025-09-20 09:38:20.908,2.599722222222
Yeast Grow 4 Days,pioreactor02,2025-09-20T07:38:43.908Z,24.85158,0.0,0.0,0.0,84.01,2025-09-20 09:38:43.908,2.606111111111
Yeast Grow 4 Days,pioreactor02,2025-09-20T07:39:05.183Z,24.85158,0.0,0.0,0.0,0.0,2025-09-20 09:39:05.183,2.612222222222
Yeast Grow 4 Days,pioreactor02,2025-09-20T07:39:06.908Z,24.68258,0.0,0.0,0.0,0.0,2025-09-20 09:39:06.908,2.6125
Yeast Grow 4 Days,pioreactor02,2025-09-20T07:39:29.908Z,24.49258,0.0,0.0,0.0,0.0,2025-09-20 09:39:29.908,2.618888888889
Yeast Grow 4 Days,pioreactor02,2025-09-20T07:39:52.908Z,24.41958,0.0,0.0,0.0,0.0,2025-09-20 09:39:52.908,2.625277777778
Yeast Grow 4 Days,pioreactor02,2025-09-20T07:40:15.908Z,24.31258,0.0,0.0,0.0,0.0,2025-09-20 09:40:15.908,2.631666666667
Yeast Grow 4 Days,pioreactor02,2025-09-20T07:40:38.908Z,24.26358,0.0,0.0,0.0,0.0,2025-09-20 09:40:38.908,2.638055555556
Yeast Grow 4 Days,pioreactor02,2025-09-20T07:40:56.609Z,24.26358,0.0,0.0,0.0,84.01,2025-09-20 09:40:56.609,2.643055555556
Yeast Grow 4 Days,pioreactor02,2025-09-20T07:40:56.652Z,24.26358,0.0,0.0,0.0,83.67,2025-09-20 09:40:56.652,2.643055555556
Yeast Grow 4 Days,pioreactor02,2025-09-20T07:41:01.908Z,24.28358,0.0,0.0,0.0,83.67,2025-09-20 09:41:01.908,2.644444444444
Yeast Grow 4 Days,pioreactor02,2025-09-20T07:41:24.908Z,24.27658,0.0,0.0,0.0,83.67,2025-09-20 09:41:24.908,2.650833333333
Yeast Grow 4 Days,pioreactor02,2025-09-20T07:41:47.908Z,24.19058,0.0,0.0,0.0,83.67,2025-09-20 09:41:47.908,2.657222222222
Yeast Grow 4 Days,pioreactor02,2025-09-20T07:42:10.908Z,24.23208,0.0,0.0,0.0,83.67,2025-09-20 09:42:10.908,2.663611111111
Yeast Grow 4 Days,pioreactor02,2025-09-20T07:42:25.183Z,24.23208,0.0,0.0,0.0,0.0,2025-09-20 09:42:25.183,2.667777777778
Yeast Grow 4 Days,pioreactor02,2025-09-20T07:42:33.908Z,24.22608,0.0,0.0,0.0,0.0,2025-09-20 09:42:33.908,2.67
Yeast Grow 4 Days,pioreactor02,2025-09-20T07:42:56.908Z,24.19458,0.0,0.0,0.0,0.0,2025-09-20 09:42:56.908,2.676388888889
Yeast Grow 4 Days,pioreactor02,2025-09-20T07:43:19.908Z,24.14108,0.0,0.0,0.0,0.0,2025-09-20 09:43:19.908,2.682777777778
Yeast Grow 4 Days,pioreactor02,2025-09-20T07:43:42.908Z,24.08458,0.0,0.0,0.0,0.0,2025-09-20 09:43:42.908,2.689166666667
Yeast Grow 4 Days,pioreactor02,2025-09-20T07:44:05.908Z,24.07108,0.0,0.0,0.0,0.0,2025-09-20 09:44:05.908,2.695555555556
Yeast Grow 4 Days,pioreactor02,2025-09-20T07:44:16.609Z,24.07108,0.0,0.0,0.0,83.67,2025-09-20 09:44:16.609,2.698611111111
Yeast Grow 4 Days,pioreactor02,2025-09-20T07:44:16.653Z,24.07108,0.0,0.0,0.0,84.78,2025-09-20 09:44:16.653,2.698611111111
Yeast Grow 4 Days,pioreactor02,2025-09-20T07:44:28.908Z,24.07608,0.0,0.0,0.0,84.78,2025-09-20 09:44:28.908,2.701944444444
Yeast Grow 4 Days,pioreactor02,2025-09-20T07:44:51.908Z,24.11608,0.0,0.0,0.0,84.78,2025-09-20 09:44:51.908,2.708333333333
Yeast Grow 4 Days,pioreactor02,2025-09-20T07:45:14.908Z,24.50808,0.0,0.0,0.0,84.78,2025-09-20 09:45:14.908,2.714722222222
Yeast Grow 4 Days,pioreactor02,2025-09-20T07:45:37.912Z,24.48358,0.0,0.0,0.0,84.78,2025-09-20 09:45:37.912,2.721111111111
Yeast Grow 4 Days,pioreactor02,2025-09-20T07:45:45.184Z,24.48358,0.0,0.0,0.0,0.0,2025-09-20 09:45:45.184,2.723333333333
Yeast Grow 4 Days,pioreactor02,2025-09-20T07:46:00.908Z,24.38508,0.0,0.0,0.0,0.0,2025-09-20 09:46:00.908,2.7275
Yeast Grow 4 Days,pioreactor02,2025-09-20T07:46:23.908Z,24.29708,0.0,0.0,0.0,0.0,2025-09-20 09:46:23.908,2.733888888889
Yeast Grow 4 Days,pioreactor02,2025-09-20T07:46:46.908Z,24.19558,0.0,0.0,0.0,0.0,2025-09-20 09:46:46.908,2.740277777778
Yeast Grow 4 Days,pioreactor02,2025-09-20T07:47:09.908Z,24.15658,0.0,0.0,0.0,0.0,2025-09-20 09:47:09.908,2.746666666667
Yeast Grow 4 Days,pioreactor02,2025-09-20T07:47:32.908Z,24.16808,0.0,0.0,0.0,0.0,2025-09-20 09:47:32.908,2.753055555556
Yeast Grow 4 Days,pioreactor02,2025-09-20T07:47:36.612Z,24.16808,0.0,0.0,0.0,84.78,2025-09-20 09:47:36.612,2.754166666667
Yeast Grow 4 Days,pioreactor02,2025-09-20T07:47:36.652Z,24.16808,0.0,0.0,0.0,84.91,2025-09-20 09:47:36.652,2.754166666667
Yeast Grow 4 Days,pioreactor02,2025-09-20T07:47:55.908Z,24.19158,0.0,0.0,0.0,84.91,2025-09-20 09:47:55.908,2.759444444444
Yeast Grow 4 Days,pioreactor02,2025-09-20T07:48:18.908Z,24.58458,0.0,0.0,0.0,84.91,2025-09-20 09:48:18.908,2.765833333333
Yeast Grow 4 Days,pioreactor02,2025-09-20T07:48:41.908Z,24.49908,0.0,0.0,0.0,84.91,2025-09-20 09:48:41.908,2.772222222222
Yeast Grow 4 Days,pioreactor02,2025-09-20T07:49:04.908Z,24.45608,0.0,0.0,0.0,84.91,2025-09-20 09:49:04.908,2.778611111111
Yeast Grow 4 Days,pioreactor02,2025-09-20T07:49:05.183Z,24.45608,0.0,0.0,0.0,0.0,2025-09-20 09:49:05.183,2.778888888889
Yeast Grow 4 Days,pioreactor02,2025-09-20T07:49:27.912Z,24.33908,0.0,0.0,0.0,0.0,2025-09-20 09:49:27.912,2.785
Yeast Grow 4 Days,pioreactor02,2025-09-20T07:49:50.908Z,24.22708,0.0,0.0,0.0,0.0,2025-09-20 09:49:50.908,2.791388888889
Yeast Grow 4 Days,pioreactor02,2025-09-20T07:50:13.908Z,24.19558,0.0,0.0,0.0,0.0,2025-09-20 09:50:13.908,2.797777777778
Yeast Grow 4 Days,pioreactor02,2025-09-20T07:50:36.908Z,24.14708,0.0,0.0,0.0,0.0,2025-09-20 09:50:36.908,2.804166666667
Yeast Grow 4 Days,pioreactor02,2025-09-20T07:50:56.611Z,24.14708,0.0,0.0,0.0,84.91,2025-09-20 09:50:56.611,2.809722222222
Yeast Grow 4 Days,pioreactor02,2025-09-20T07:50:56.652Z,24.14708,0.0,0.0,0.0,84.86,2025-09-20 09:50:56.652,2.809722222222
Yeast Grow 4 Days,pioreactor02,2025-09-20T07:50:59.912Z,24.18858,0.0,0.0,0.0,84.86,2025-09-20 09:50:59.912,2.810555555556
Yeast Grow 4 Days,pioreactor02,2025-09-20T07:51:22.908Z,24.19858,0.0,0.0,0.0,84.86,2025-09-20 09:51:22.908,2.816944444444
Yeast Grow 4 Days,pioreactor02,2025-09-20T07:51:45.908Z,24.21458,0.0,0.0,0.0,84.86,2025-09-20 09:51:45.908,2.823333333333
Yeast Grow 4 Days,pioreactor02,2025-09-20T07:52:08.908Z,24.17158,0.0,0.0,0.0,84.86,2025-09-20 09:52:08.908,2.829722222222
Yeast Grow 4 Days,pioreactor02,2025-09-20T07:52:25.183Z,24.17158,0.0,0.0,0.0,0.0,2025-09-20 09:52:25.183,2.834444444444
Yeast Grow 4 Days,pioreactor02,2025-09-20T07:52:31.908Z,24.13308,0.0,0.0,0.0,0.0,2025-09-20 09:52:31.908,2.836111111111
Yeast Grow 4 Days,pioreactor02,2025-09-20T07:52:54.908Z,24.06558,0.0,0.0,0.0,0.0,2025-09-20 09:52:54.908,2.8425
Yeast Grow 4 Days,pioreactor02,2025-09-20T07:53:17.908Z,24.04208,0.0,0.0,0.0,0.0,2025-09-20 09:53:17.908,2.848888888889
Yeast Grow 4 Days,pioreactor02,2025-09-20T07:53:40.912Z,23.99808,0.0,0.0,0.0,0.0,2025-09-20 09:53:40.912,2.855277777778
Yeast Grow 4 Days,pioreactor02,2025-09-20T07:54:03.912Z,23.97558,0.0,0.0,0.0,0.0,2025-09-20 09:54:03.912,2.861666666667
Yeast Grow 4 Days,pioreactor02,2025-09-20T07:54:16.610Z,23.97558,0.0,0.0,0.0,84.86,2025-09-20 09:54:16.610,2.865277777778
Yeast Grow 4 Days,pioreactor02,2025-09-20T07:54:16.652Z,23.97558,0.0,0.0,0.0,85.26,2025-09-20 09:54:16.652,2.865277777778
Yeast Grow 4 Days,pioreactor02,2025-09-20T07:54:26.908Z,24.06758,0.0,0.0,0.0,85.26,2025-09-20 09:54:26.908,2.868055555556
Yeast Grow 4 Days,pioreactor02,2025-09-20T07:54:49.908Z,24.08258,0.0,0.0,0.0,85.26,2025-09-20 09:54:49.908,2.874444444444
Yeast Grow 4 Days,pioreactor02,2025-09-20T07:55:12.908Z,24.14808,0.0,0.0,0.0,85.26,2025-09-20 09:55:12.908,2.880833333333
Yeast Grow 4 Days,pioreactor02,2025-09-20T07:55:35.908Z,24.51508,0.0,0.0,0.0,85.26,2025-09-20 09:55:35.908,2.887222222222
Yeast Grow 4 Days,pioreactor02,2025-09-20T07:55:45.183Z,24.51508,0.0,0.0,0.0,0.0,2025-09-20 09:55:45.183,2.89
Yeast Grow 4 Days,pioreactor02,2025-09-20T07:55:58.908Z,24.37158,0.0,0.0,0.0,0.0,2025-09-20 09:55:58.908,2.893611111111
Yeast Grow 4 Days,pioreactor02,2025-09-20T07:56:21.908Z,24.24108,0.0,0.0,0.0,0.0,2025-09-20 09:56:21.908,2.9
Yeast Grow 4 Days,pioreactor02,2025-09-20T07:56:44.908Z,24.20708,0.0,0.0,0.0,0.0,2025-09-20 09:56:44.908,2.906388888889
Yeast Grow 4 Days,pioreactor02,2025-09-20T07:57:07.908Z,24.21208,0.0,0.0,0.0,0.0,2025-09-20 09:57:07.908,2.912777777778
Yeast Grow 4 Days,pioreactor02,2025-09-20T07:57:30.908Z,24.17108,0.0,0.0,0.0,0.0,2025-09-20 09:57:30.908,2.919166666667
Yeast Grow 4 Days,pioreactor02,2025-09-20T07:57:36.611Z,24.17108,0.0,0.0,0.0,85.26,2025-09-20 09:57:36.611,2.920833333333
Yeast Grow 4 Days,pioreactor02,2025-09-20T07:57:36.652Z,24.17108,0.0,0.0,0.0,86.96,2025-09-20 09:57:36.652,2.920833333333
Yeast Grow 4 Days,pioreactor02,2025-09-20T07:57:53.908Z,24.25058,0.0,0.0,0.0,86.96,2025-09-20 09:57:53.908,2.925555555556
Yeast Grow 4 Days,pioreactor02,2025-09-20T07:58:16.908Z,24.21758,0.0,0.0,0.0,86.96,2025-09-20 09:58:16.908,2.931944444444
Yeast Grow 4 Days,pioreactor02,2025-09-20T07:58:39.908Z,24.19908,0.0,0.0,0.0,86.96,2025-09-20 09:58:39.908,2.938333333333
Yeast Grow 4 Days,pioreactor02,2025-09-20T07:59:02.912Z,24.12708,0.0,0.0,0.0,86.96,2025-09-20 09:59:02.912,2.944722222222
Yeast Grow 4 Days,pioreactor02,2025-09-20T07:59:05.183Z,24.12708,0.0,0.0,0.0,0.0,2025-09-20 09:59:05.183,2.945555555556
Yeast Grow 4 Days,pioreactor02,2025-09-20T07:59:25.908Z,24.10058,0.0,0.0,0.0,0.0,2025-09-20 09:59:25.908,2.951111111111
Yeast Grow 4 Days,pioreactor02,2025-09-20T07:59:48.908Z,24.06108,0.0,0.0,0.0,0.0,2025-09-20 09:59:48.908,2.9575
Yeast Grow 4 Days,pioreactor02,2025-09-20T08:00:11.908Z,24.06708,0.0,0.0,0.0,0.0,2025-09-20 10:00:11.908,2.963888888889
Yeast Grow 4 Days,pioreactor02,2025-09-20T08:00:34.908Z,24.03758,0.0,0.0,0.0,0.0,2025-09-20 10:00:34.908,2.970277777778
Yeast Grow 4 Days,pioreactor02,2025-09-20T08:00:56.610Z,24.03758,0.0,0.0,0.0,86.96,2025-09-20 10:00:56.610,2.976388888889
Yeast Grow 4 Days,pioreactor02,2025-09-20T08:00:56.652Z,24.03758,0.0,0.0,0.0,85.8,2025-09-20 10:00:56.652,2.976388888889
Yeast Grow 4 Days,pioreactor02,2025-09-20T08:00:57.908Z,24.04958,0.0,0.0,0.0,85.8,2025-09-20 10:00:57.908,2.976666666667
Yeast Grow 4 Days,pioreactor02,2025-09-20T08:01:20.912Z,24.45308,0.0,0.0,0.0,85.8,2025-09-20 10:01:20.912,2.983055555556
Yeast Grow 4 Days,pioreactor02,2025-09-20T08:01:43.908Z,24.83808,0.0,0.0,0.0,85.8,2025-09-20 10:01:43.908,2.989444444444
Yeast Grow 4 Days,pioreactor02,2025-09-20T08:02:06.908Z,24.75358,0.0,0.0,0.0,85.8,2025-09-20 10:02:06.908,2.995833333333
Yeast Grow 4 Days,pioreactor02,2025-09-20T08:02:25.183Z,24.75358,0.0,0.0,0.0,0.0,2025-09-20 10:02:25.183,3.001111111111
Yeast Grow 4 Days,pioreactor02,2025-09-20T08:02:29.908Z,24.60008,0.0,0.0,0.0,0.0,2025-09-20 10:02:29.908,3.002222222222
Yeast Grow 4 Days,pioreactor02,2025-09-20T08:02:52.908Z,24.46908,0.0,0.0,0.0,0.0,2025-09-20 10:02:52.908,3.008611111111
Yeast Grow 4 Days,pioreactor02,2025-09-20T08:03:15.908Z,24.39508,0.0,0.0,0.0,0.0,2025-09-20 10:03:15.908,3.015
Yeast Grow 4 Days,pioreactor02,2025-09-20T08:03:38.908Z,24.32908,0.0,0.0,0.0,0.0,2025-09-20 10:03:38.908,3.021388888889
Yeast Grow 4 Days,pioreactor02,2025-09-20T08:04:01.908Z,24.21208,0.0,0.0,0.0,0.0,2025-09-20 10:04:01.908,3.027777777778
Yeast Grow 4 Days,pioreactor02,2025-09-20T08:04:16.609Z,24.21208,0.0,0.0,0.0,85.8,2025-09-20 10:04:16.609,3.031944444444
Yeast Grow 4 Days,pioreactor02,2025-09-20T08:04:16.656Z,24.21208,0.0,0.0,0.0,86.24,2025-09-20 10:04:16.656,3.031944444444
Yeast Grow 4 Days,pioreactor02,2025-09-20T08:04:24.912Z,24.13658,0.0,0.0,0.0,86.24,2025-09-20 10:04:24.912,3.034166666667
Yeast Grow 4 Days,pioreactor02,2025-09-20T08:04:47.908Z,24.18108,0.0,0.0,0.0,86.24,2025-09-20 10:04:47.908,3.040555555556
Yeast Grow 4 Days,pioreactor02,2025-09-20T08:05:10.908Z,24.15558,0.0,0.0,0.0,86.24,2025-09-20 10:05:10.908,3.046944444444
Yeast Grow 4 Days,pioreactor02,2025-09-20T08:05:33.908Z,24.14808,0.0,0.0,0.0,86.24,2025-09-20 10:05:33.908,3.053333333333
Yeast Grow 4 Days,pioreactor02,2025-09-20T08:05:45.183Z,24.14808,0.0,0.0,0.0,0.0,2025-09-20 10:05:45.183,3.056666666667
Yeast Grow 4 Days,pioreactor02,2025-09-20T08:05:56.908Z,24.14458,0.0,0.0,0.0,0.0,2025-09-20 10:05:56.908,3.059722222222
Yeast Grow 4 Days,pioreactor02,2025-09-20T08:06:19.908Z,24.12808,0.0,0.0,0.0,0.0,2025-09-20 10:06:19.908,3.066111111111
Yeast Grow 4 Days,pioreactor02,2025-09-20T08:06:42.908Z,24.04308,0.0,0.0,0.0,0.0,2025-09-20 10:06:42.908,3.0725
Yeast Grow 4 Days,pioreactor02,2025-09-20T08:07:05.908Z,24.06708,0.0,0.0,0.0,0.0,2025-09-20 10:07:05.908,3.078888888889
Yeast Grow 4 Days,pioreactor02,2025-09-20T08:07:28.908Z,24.11808,0.0,0.0,0.0,0.0,2025-09-20 10:07:28.908,3.085277777778
Yeast Grow 4 Days,pioreactor02,2025-09-20T08:07:36.609Z,24.11808,0.0,0.0,0.0,86.24,2025-09-20 10:07:36.609,3.0875
Yeast Grow 4 Days,pioreactor02,2025-09-20T08:07:36.652Z,24.11808,0.0,0.0,0.0,86.45,2025-09-20 10:07:36.652,3.0875
Yeast Grow 4 Days,pioreactor02,2025-09-20T08:07:51.908Z,24.25308,0.0,0.0,0.0,86.45,2025-09-20 10:07:51.908,3.091666666667
Yeast Grow 4 Days,pioreactor02,2025-09-20T08:08:14.908Z,24.17758,0.0,0.0,0.0,86.45,2025-09-20 10:08:14.908,3.098055555556
Yeast Grow 4 Days,pioreactor02,2025-09-20T08:08:37.908Z,24.15208,0.0,0.0,0.0,86.45,2025-09-20 10:08:37.908,3.104444444444
Yeast Grow 4 Days,pioreactor02,2025-09-20T08:09:00.908Z,24.16158,0.0,0.0,0.0,86.45,2025-09-20 10:09:00.908,3.110833333333
Yeast Grow 4 Days,pioreactor02,2025-09-20T08:09:05.183Z,24.16158,0.0,0.0,0.0,0.0,2025-09-20 10:09:05.183,3.112222222222
Yeast Grow 4 Days,pioreactor02,2025-09-20T08:09:23.908Z,24.10508,0.0,0.0,0.0,0.0,2025-09-20 10:09:23.908,3.117222222222
Yeast Grow 4 Days,pioreactor02,2025-09-20T08:09:46.908Z,24.06808,0.0,0.0,0.0,0.0,2025-09-20 10:09:46.908,3.123611111111
Yeast Grow 4 Days,pioreactor02,2025-09-20T08:10:09.908Z,24.05958,0.0,0.0,0.0,0.0,2025-09-20 10:10:09.908,3.13
Yeast Grow 4 Days,pioreactor02,2025-09-20T08:10:32.908Z,24.01908,0.0,0.0,0.0,0.0,2025-09-20 10:10:32.908,3.136388888889
Yeast Grow 4 Days,pioreactor02,2025-09-20T08:10:55.908Z,24.07108,0.0,0.0,0.0,0.0,2025-09-20 10:10:55.908,3.142777777778
Yeast Grow 4 Days,pioreactor02,2025-09-20T08:10:56.609Z,24.07108,0.0,0.0,0.0,86.45,2025-09-20 10:10:56.609,3.143055555556
Yeast Grow 4 Days,pioreactor02,2025-09-20T08:10:56.652Z,24.07108,0.0,0.0,0.0,85.87,2025-09-20 10:10:56.652,3.143055555556
Yeast Grow 4 Days,pioreactor02,2025-09-20T08:11:18.912Z,24.44408,0.0,0.0,0.0,85.87,2025-09-20 10:11:18.912,3.149166666667
Yeast Grow 4 Days,pioreactor02,2025-09-20T08:11:41.908Z,24.80608,0.0,0.0,0.0,85.87,2025-09-20 10:11:41.908,3.155555555556
Yeast Grow 4 Days,pioreactor02,2025-09-20T08:12:04.912Z,24.66208,0.0,0.0,0.0,85.87,2025-09-20 10:12:04.912,3.161944444444
Yeast Grow 4 Days,pioreactor02,2025-09-20T08:12:25.183Z,24.66208,0.0,0.0,0.0,0.0,2025-09-20 10:12:25.183,3.167777777778
Yeast Grow 4 Days,pioreactor02,2025-09-20T08:12:27.908Z,24.49608,0.0,0.0,0.0,0.0,2025-09-20 10:12:27.908,3.168333333333
Yeast Grow 4 Days,pioreactor02,2025-09-20T08:12:50.912Z,24.41558,0.0,0.0,0.0,0.0,2025-09-20 10:12:50.912,3.174722222222
Yeast Grow 4 Days,pioreactor02,2025-09-20T08:13:13.908Z,24.36158,0.0,0.0,0.0,0.0,2025-09-20 10:13:13.908,3.181111111111
Yeast Grow 4 Days,pioreactor02,2025-09-20T08:13:36.908Z,24.27358,0.0,0.0,0.0,0.0,2025-09-20 10:13:36.908,3.1875
Yeast Grow 4 Days,pioreactor02,2025-09-20T08:13:59.908Z,24.20058,0.0,0.0,0.0,0.0,2025-09-20 10:13:59.908,3.193888888889
Yeast Grow 4 Days,pioreactor02,2025-09-20T08:14:16.610Z,24.20058,0.0,0.0,0.0,85.87,2025-09-20 10:14:16.610,3.198611111111
Yeast Grow 4 Days,pioreactor02,2025-09-20T08:14:16.652Z,24.20058,0.0,0.0,0.0,85.79,2025-09-20 10:14:16.652,3.198611111111
Yeast Grow 4 Days,pioreactor02,2025-09-20T08:14:22.908Z,24.18908,0.0,0.0,0.0,85.79,2025-09-20 10:14:22.908,3.200277777778
Yeast Grow 4 Days,pioreactor02,2025-09-20T08:14:45.908Z,24.18958,0.0,0.0,0.0,85.79,2025-09-20 10:14:45.908,3.206666666667
Yeast Grow 4 Days,pioreactor02,2025-09-20T08:15:08.908Z,24.18358,0.0,0.0,0.0,85.79,2025-09-20 10:15:08.908,3.213055555556
Yeast Grow 4 Days,pioreactor02,2025-09-20T08:15:31.908Z,24.18008,0.0,0.0,0.0,85.79,2025-09-20 10:15:31.908,3.219444444444
Yeast Grow 4 Days,pioreactor02,2025-09-20T08:15:45.183Z,24.18008,0.0,0.0,0.0,0.0,2025-09-20 10:15:45.183,3.223333333333
Yeast Grow 4 Days,pioreactor02,2025-09-20T08:15:54.908Z,24.09658,0.0,0.0,0.0,0.0,2025-09-20 10:15:54.908,3.225833333333
Yeast Grow 4 Days,pioreactor02,2025-09-20T08:16:17.908Z,24.18808,0.0,0.0,0.0,0.0,2025-09-20 10:16:17.908,3.232222222222
Yeast Grow 4 Days,pioreactor02,2025-09-20T08:16:40.908Z,24.10408,0.0,0.0,0.0,0.0,2025-09-20 10:16:40.908,3.238611111111
Yeast Grow 4 Days,pioreactor02,2025-09-20T08:17:03.908Z,24.03908,0.0,0.0,0.0,0.0,2025-09-20 10:17:03.908,3.245
Yeast Grow 4 Days,pioreactor02,2025-09-20T08:17:26.908Z,24.08608,0.0,0.0,0.0,0.0,2025-09-20 10:17:26.908,3.251388888889
Yeast Grow 4 Days,pioreactor02,2025-09-20T08:17:36.608Z,24.08608,0.0,0.0,0.0,85.79,2025-09-20 10:17:36.608,3.254166666667
Yeast Grow 4 Days,pioreactor02,2025-09-20T08:17:36.652Z,24.08608,0.0,0.0,0.0,87.01,2025-09-20 10:17:36.652,3.254166666667
Yeast Grow 4 Days,pioreactor02,2025-09-20T08:17:49.908Z,24.08608,0.0,0.0,0.0,87.01,2025-09-20 10:17:49.908,3.257777777778
Yeast Grow 4 Days,pioreactor02,2025-09-20T08:18:12.908Z,24.06658,0.0,0.0,0.0,87.01,2025-09-20 10:18:12.908,3.264166666667
Yeast Grow 4 Days,pioreactor02,2025-09-20T08:18:35.908Z,24.10208,0.0,0.0,0.0,87.01,2025-09-20 10:18:35.908,3.270555555556
Yeast Grow 4 Days,pioreactor02,2025-09-20T08:18:58.908Z,24.13058,0.0,0.0,0.0,87.01,2025-09-20 10:18:58.908,3.276944444444
Yeast Grow 4 Days,pioreactor02,2025-09-20T08:19:05.183Z,24.13058,0.0,0.0,0.0,0.0,2025-09-20 10:19:05.183,3.278888888889
Yeast Grow 4 Days,pioreactor02,2025-09-20T08:19:21.908Z,24.13908,0.0,0.0,0.0,0.0,2025-09-20 10:19:21.908,3.283333333333
Yeast Grow 4 Days,pioreactor02,2025-09-20T08:19:44.908Z,24.17358,0.0,0.0,0.0,0.0,2025-09-20 10:19:44.908,3.289722222222
Yeast Grow 4 Days,pioreactor02,2025-09-20T08:20:07.908Z,24.09158,0.0,0.0,0.0,0.0,2025-09-20 10:20:07.908,3.296111111111
Yeast Grow 4 Days,pioreactor02,2025-09-20T08:20:30.908Z,24.05508,0.0,0.0,0.0,0.0,2025-09-20 10:20:30.908,3.3025
Yeast Grow 4 Days,pioreactor02,2025-09-20T08:20:53.908Z,24.05658,0.0,0.0,0.0,0.0,2025-09-20 10:20:53.908,3.308888888889
Yeast Grow 4 Days,pioreactor02,2025-09-20T08:20:56.607Z,24.05658,0.0,0.0,0.0,87.01,2025-09-20 10:20:56.607,3.309722222222
Yeast Grow 4 Days,pioreactor02,2025-09-20T08:20:56.648Z,24.05658,0.0,0.0,0.0,86.9,2025-09-20 10:20:56.648,3.309722222222
Yeast Grow 4 Days,pioreactor02,2025-09-20T08:21:16.908Z,24.46458,0.0,0.0,0.0,86.9,2025-09-20 10:21:16.908,3.315277777778
Yeast Grow 4 Days,pioreactor02,2025-09-20T08:21:39.908Z,24.79908,0.0,0.0,0.0,86.9,2025-09-20 10:21:39.908,3.321666666667
Yeast Grow 4 Days,pioreactor02,2025-09-20T08:22:02.908Z,24.64508,0.0,0.0,0.0,86.9,2025-09-20 10:22:02.908,3.328055555556
Yeast Grow 4 Days,pioreactor02,2025-09-20T08:22:25.183Z,24.64508,0.0,0.0,0.0,0.0,2025-09-20 10:22:25.183,3.334444444444
Yeast Grow 4 Days,pioreactor02,2025-09-20T08:22:25.908Z,24.54958,0.0,0.0,0.0,0.0,2025-09-20 10:22:25.908,3.334444444444
Yeast Grow 4 Days,pioreactor02,2025-09-20T08:22:48.908Z,24.49558,0.0,0.0,0.0,0.0,2025-09-20 10:22:48.908,3.340833333333
Yeast Grow 4 Days,pioreactor02,2025-09-20T08:23:11.908Z,24.44658,0.0,0.0,0.0,0.0,2025-09-20 10:23:11.908,3.347222222222
Yeast Grow 4 Days,pioreactor02,2025-09-20T08:23:34.908Z,24.32158,0.0,0.0,0.0,0.0,2025-09-20 10:23:34.908,3.353611111111
Yeast Grow 4 Days,pioreactor02,2025-09-20T08:23:57.908Z,24.27208,0.0,0.0,0.0,0.0,2025-09-20 10:23:57.908,3.36
Yeast Grow 4 Days,pioreactor02,2025-09-20T08:24:16.608Z,24.27208,0.0,0.0,0.0,86.9,2025-09-20 10:24:16.608,3.365277777778
Yeast Grow 4 Days,pioreactor02,2025-09-20T08:24:16.652Z,24.27208,0.0,0.0,0.0,86.82,2025-09-20 10:24:16.652,3.365277777778
Yeast Grow 4 Days,pioreactor02,2025-09-20T08:24:20.908Z,24.32758,0.0,0.0,0.0,86.82,2025-09-20 10:24:20.908,3.366388888889
Yeast Grow 4 Days,pioreactor02,2025-09-20T08:24:43.908Z,24.25208,0.0,0.0,0.0,86.82,2025-09-20 10:24:43.908,3.372777777778
Yeast Grow 4 Days,pioreactor02,2025-09-20T08:25:06.908Z,24.20458,0.0,0.0,0.0,86.82,2025-09-20 10:25:06.908,3.379166666667
Yeast Grow 4 Days,pioreactor02,2025-09-20T08:25:29.908Z,24.14908,0.0,0.0,0.0,86.82,2025-09-20 10:25:29.908,3.385555555556
Yeast Grow 4 Days,pioreactor02,2025-09-20T08:25:45.183Z,24.14908,0.0,0.0,0.0,0.0,2025-09-20 10:25:45.183,3.39
Yeast Grow 4 Days,pioreactor02,2025-09-20T08:25:52.908Z,24.12008,0.0,0.0,0.0,0.0,2025-09-20 10:25:52.908,3.391944444444
Yeast Grow 4 Days,pioreactor02,2025-09-20T08:26:15.908Z,24.07358,0.0,0.0,0.0,0.0,2025-09-20 10:26:15.908,3.398333333333
Yeast Grow 4 Days,pioreactor02,2025-09-20T08:26:38.908Z,24.11958,0.0,0.0,0.0,0.0,2025-09-20 10:26:38.908,3.404722222222
Yeast Grow 4 Days,pioreactor02,2025-09-20T08:27:01.908Z,24.26758,0.0,0.0,0.0,0.0,2025-09-20 10:27:01.908,3.411111111111
Yeast Grow 4 Days,pioreactor02,2025-09-20T08:27:24.908Z,24.20758,0.0,0.0,0.0,0.0,2025-09-20 10:27:24.908,3.4175
Yeast Grow 4 Days,pioreactor02,2025-09-20T08:27:36.609Z,24.20758,0.0,0.0,0.0,86.82,2025-09-20 10:27:36.609,3.420833333333
Yeast Grow 4 Days,pioreactor02,2025-09-20T08:27:36.653Z,24.20758,0.0,0.0,0.0,85.48,2025-09-20 10:27:36.653,3.420833333333
Yeast Grow 4 Days,pioreactor02,2025-09-20T08:27:47.908Z,24.19408,0.0,0.0,0.0,85.48,2025-09-20 10:27:47.908,3.423888888889
Yeast Grow 4 Days,pioreactor02,2025-09-20T08:28:10.908Z,24.12558,0.0,0.0,0.0,85.48,2025-09-20 10:28:10.908,3.430277777778
Yeast Grow 4 Days,pioreactor02,2025-09-20T08:28:33.908Z,24.09458,0.0,0.0,0.0,85.48,2025-09-20 10:28:33.908,3.436666666667
Yeast Grow 4 Days,pioreactor02,2025-09-20T08:28:56.908Z,24.06858,0.0,0.0,0.0,85.48,2025-09-20 10:28:56.908,3.443055555556
Yeast Grow 4 Days,pioreactor02,2025-09-20T08:29:05.183Z,24.06858,0.0,0.0,0.0,0.0,2025-09-20 10:29:05.183,3.445555555556
Yeast Grow 4 Days,pioreactor02,2025-09-20T08:29:19.908Z,24.08308,0.0,0.0,0.0,0.0,2025-09-20 10:29:19.908,3.449444444444
Yeast Grow 4 Days,pioreactor02,2025-09-20T08:29:42.908Z,24.08708,0.0,0.0,0.0,0.0,2025-09-20 10:29:42.908,3.455833333333
Yeast Grow 4 Days,pioreactor02,2025-09-20T08:30:05.908Z,24.04308,0.0,0.0,0.0,0.0,2025-09-20 10:30:05.908,3.462222222222
Yeast Grow 4 Days,pioreactor02,2025-09-20T08:30:28.908Z,24.07108,0.0,0.0,0.0,0.0,2025-09-20 10:30:28.908,3.468611111111
Yeast Grow 4 Days,pioreactor02,2025-09-20T08:30:51.908Z,24.06458,0.0,0.0,0.0,0.0,2025-09-20 10:30:51.908,3.475
Yeast Grow 4 Days,pioreactor02,2025-09-20T08:30:56.611Z,24.06458,0.0,0.0,0.0,85.48,2025-09-20 10:30:56.611,3.476388888889
Yeast Grow 4 Days,pioreactor02,2025-09-20T08:30:56.652Z,24.06458,0.0,0.0,0.0,85.78,2025-09-20 10:30:56.652,3.476388888889
Yeast Grow 4 Days,pioreactor02,2025-09-20T08:31:14.908Z,24.04358,0.0,0.0,0.0,85.78,2025-09-20 10:31:14.908,3.481388888889
Yeast Grow 4 Days,pioreactor02,2025-09-20T08:31:37.908Z,24.08558,0.0,0.0,0.0,85.78,2025-09-20 10:31:37.908,3.487777777778
Yeast Grow 4 Days,pioreactor02,2025-09-20T08:32:00.908Z,24.17108,0.0,0.0,0.0,85.78,2025-09-20 10:32:00.908,3.494166666667
Yeast Grow 4 Days,pioreactor02,2025-09-20T08:32:23.908Z,24.12358,0.0,0.0,0.0,85.78,2025-09-20 10:32:23.908,3.500555555556
Yeast Grow 4 Days,pioreactor02,2025-09-20T08:32:25.183Z,24.12358,0.0,0.0,0.0,0.0,2025-09-20 10:32:25.183,3.501111111111
Yeast Grow 4 Days,pioreactor02,2025-09-20T08:32:46.908Z,24.11008,0.0,0.0,0.0,0.0,2025-09-20 10:32:46.908,3.506944444444
Yeast Grow 4 Days,pioreactor02,2025-09-20T08:33:09.908Z,24.09658,0.0,0.0,0.0,0.0,2025-09-20 10:33:09.908,3.513333333333
Yeast Grow 4 Days,pioreactor02,2025-09-20T08:33:32.908Z,24.10458,0.0,0.0,0.0,0.0,2025-09-20 10:33:32.908,3.519722222222
Yeast Grow 4 Days,pioreactor02,2025-09-20T08:33:55.912Z,24.07058,0.0,0.0,0.0,0.0,2025-09-20 10:33:55.912,3.526111111111
Yeast Grow 4 Days,pioreactor02,2025-09-20T08:34:16.610Z,24.07058,0.0,0.0,0.0,85.78,2025-09-20 10:34:16.610,3.531944444444
Yeast Grow 4 Days,pioreactor02,2025-09-20T08:34:16.652Z,24.07058,0.0,0.0,0.0,84.69,2025-09-20 10:34:16.652,3.531944444444
Yeast Grow 4 Days,pioreactor02,2025-09-20T08:34:18.908Z,24.09158,0.0,0.0,0.0,84.69,2025-09-20 10:34:18.908,3.5325
Yeast Grow 4 Days,pioreactor02,2025-09-20T08:34:41.908Z,24.10608,0.0,0.0,0.0,84.69,2025-09-20 10:34:41.908,3.538888888889
Yeast Grow 4 Days,pioreactor02,2025-09-20T08:35:04.908Z,24.18258,0.0,0.0,0.0,84.69,2025-09-20 10:35:04.908,3.545277777778
Yeast Grow 4 Days,pioreactor02,2025-09-20T08:35:27.908Z,24.17858,0.0,0.0,0.0,84.69,2025-09-20 10:35:27.908,3.551666666667
Yeast Grow 4 Days,pioreactor02,2025-09-20T08:35:45.183Z,24.17858,0.0,0.0,0.0,0.0,2025-09-20 10:35:45.183,3.556666666667
Yeast Grow 4 Days,pioreactor02,2025-09-20T08:35:50.908Z,24.15458,0.0,0.0,0.0,0.0,2025-09-20 10:35:50.908,3.558055555556
Yeast Grow 4 Days,pioreactor02,2025-09-20T08:36:13.908Z,24.20708,0.0,0.0,0.0,0.0,2025-09-20 10:36:13.908,3.564444444444
Yeast Grow 4 Days,pioreactor02,2025-09-20T08:36:36.908Z,24.20308,0.0,0.0,0.0,0.0,2025-09-20 10:36:36.908,3.570833333333
Yeast Grow 4 Days,pioreactor02,2025-09-20T08:36:59.908Z,24.21958,0.0,0.0,0.0,0.0,2025-09-20 10:36:59.908,3.577222222222
Yeast Grow 4 Days,pioreactor02,2025-09-20T08:37:22.908Z,24.13158,0.0,0.0,0.0,0.0,2025-09-20 10:37:22.908,3.583611111111
Yeast Grow 4 Days,pioreactor02,2025-09-20T08:37:36.609Z,24.13158,0.0,0.0,0.0,84.69,2025-09-20 10:37:36.609,3.5875
Yeast Grow 4 Days,pioreactor02,2025-09-20T08:37:36.652Z,24.13158,0.0,0.0,0.0,84.63,2025-09-20 10:37:36.652,3.5875
Yeast Grow 4 Days,pioreactor02,2025-09-20T08:37:45.908Z,24.13308,0.0,0.0,0.0,84.63,2025-09-20 10:37:45.908,3.59
Yeast Grow 4 Days,pioreactor02,2025-09-20T08:38:08.908Z,24.15658,0.0,0.0,0.0,84.63,2025-09-20 10:38:08.908,3.596388888889
Yeast Grow 4 Days,pioreactor02,2025-09-20T08:38:31.908Z,24.18408,0.0,0.0,0.0,84.63,2025-09-20 10:38:31.908,3.602777777778
Yeast Grow 4 Days,pioreactor02,2025-09-20T08:38:54.912Z,24.18658,0.0,0.0,0.0,84.63,2025-09-20 10:38:54.912,3.609166666667
Yeast Grow 4 Days,pioreactor02,2025-09-20T08:39:05.183Z,24.18658,0.0,0.0,0.0,0.0,2025-09-20 10:39:05.183,3.612222222222
Yeast Grow 4 Days,pioreactor02,2025-09-20T08:39:17.908Z,24.24908,0.0,0.0,0.0,0.0,2025-09-20 10:39:17.908,3.615555555556
Yeast Grow 4 Days,pioreactor02,2025-09-20T08:39:40.908Z,24.21058,0.0,0.0,0.0,0.0,2025-09-20 10:39:40.908,3.621944444444
Yeast Grow 4 Days,pioreactor02,2025-09-20T08:40:03.908Z,24.18458,0.0,0.0,0.0,0.0,2025-09-20 10:40:03.908,3.628333333333
Yeast Grow 4 Days,pioreactor02,2025-09-20T08:40:26.908Z,24.14458,0.0,0.0,0.0,0.0,2025-09-20 10:40:26.908,3.634722222222
Yeast Grow 4 Days,pioreactor02,2025-09-20T08:40:49.908Z,24.09558,0.0,0.0,0.0,0.0,2025-09-20 10:40:49.908,3.641111111111
Yeast Grow 4 Days,pioreactor02,2025-09-20T08:40:56.609Z,24.09558,0.0,0.0,0.0,84.63,2025-09-20 10:40:56.609,3.643055555556
Yeast Grow 4 Days,pioreactor02,2025-09-20T08:40:56.652Z,24.09558,0.0,0.0,0.0,84.0,2025-09-20 10:40:56.652,3.643055555556
Yeast Grow 4 Days,pioreactor02,2025-09-20T08:41:12.908Z,24.09658,0.0,0.0,0.0,84.0,2025-09-20 10:41:12.908,3.6475
Yeast Grow 4 Days,pioreactor02,2025-09-20T08:41:35.908Z,24.04508,0.0,0.0,0.0,84.0,2025-09-20 10:41:35.908,3.653888888889
Yeast Grow 4 Days,pioreactor02,2025-09-20T08:41:58.908Z,24.06908,0.0,0.0,0.0,84.0,2025-09-20 10:41:58.908,3.660277777778
Yeast Grow 4 Days,pioreactor02,2025-09-20T08:42:21.908Z,24.05558,0.0,0.0,0.0,84.0,2025-09-20 10:42:21.908,3.666666666667
Yeast Grow 4 Days,pioreactor02,2025-09-20T08:42:25.183Z,24.05558,0.0,0.0,0.0,0.0,2025-09-20 10:42:25.183,3.667777777778
Yeast Grow 4 Days,pioreactor02,2025-09-20T08:42:44.908Z,24.11558,0.0,0.0,0.0,0.0,2025-09-20 10:42:44.908,3.673055555556
Yeast Grow 4 Days,pioreactor02,2025-09-20T08:43:07.908Z,24.07108,0.0,0.0,0.0,0.0,2025-09-20 10:43:07.908,3.679444444444
Yeast Grow 4 Days,pioreactor02,2025-09-20T08:43:30.908Z,24.07808,0.0,0.0,0.0,0.0,2025-09-20 10:43:30.908,3.685833333333
Yeast Grow 4 Days,pioreactor02,2025-09-20T08:43:53.908Z,24.07758,0.0,0.0,0.0,0.0,2025-09-20 10:43:53.908,3.692222222222
Yeast Grow 4 Days,pioreactor02,2025-09-20T08:44:16.611Z,24.07758,0.0,0.0,0.0,84.0,2025-09-20 10:44:16.611,3.698611111111
Yeast Grow 4 Days,pioreactor02,2025-09-20T08:44:16.652Z,24.07758,0.0,0.0,0.0,88.02,2025-09-20 10:44:16.652,3.698611111111
Yeast Grow 4 Days,pioreactor02,2025-09-20T08:44:16.908Z,24.45008,0.0,0.0,0.0,88.02,2025-09-20 10:44:16.908,3.698611111111
Yeast Grow 4 Days,pioreactor02,2025-09-20T08:44:39.908Z,24.43508,0.0,0.0,0.0,88.02,2025-09-20 10:44:39.908,3.705
Yeast Grow 4 Days,pioreactor02,2025-09-20T08:45:02.908Z,24.44508,0.0,0.0,0.0,88.02,2025-09-20 10:45:02.908,3.711388888889
Yeast Grow 4 Days,pioreactor02,2025-09-20T08:45:25.908Z,24.34458,0.0,0.0,0.0,88.02,2025-09-20 10:45:25.908,3.717777777778
Yeast Grow 4 Days,pioreactor02,2025-09-20T08:45:45.183Z,24.34458,0.0,0.0,0.0,0.0,2025-09-20 10:45:45.183,3.723333333333
Yeast Grow 4 Days,pioreactor02,2025-09-20T08:45:48.908Z,24.27008,0.0,0.0,0.0,0.0,2025-09-20 10:45:48.908,3.724166666667
Yeast Grow 4 Days,pioreactor02,2025-09-20T08:46:11.908Z,24.16208,0.0,0.0,0.0,0.0,2025-09-20 10:46:11.908,3.730555555556
Yeast Grow 4 Days,pioreactor02,2025-09-20T08:46:34.908Z,24.09258,0.0,0.0,0.0,0.0,2025-09-20 10:46:34.908,3.736944444444
Yeast Grow 4 Days,pioreactor02,2025-09-20T08:46:57.908Z,24.07558,0.0,0.0,0.0,0.0,2025-09-20 10:46:57.908,3.743333333333
Yeast Grow 4 Days,pioreactor02,2025-09-20T08:47:20.908Z,24.04308,0.0,0.0,0.0,0.0,2025-09-20 10:47:20.908,3.749722222222
Yeast Grow 4 Days,pioreactor02,2025-09-20T08:47:36.608Z,24.04308,0.0,0.0,0.0,88.02,2025-09-20 10:47:36.608,3.754166666667
Yeast Grow 4 Days,pioreactor02,2025-09-20T08:47:36.653Z,24.04308,0.0,0.0,0.0,85.81,2025-09-20 10:47:36.653,3.754166666667
Yeast Grow 4 Days,pioreactor02,2025-09-20T08:47:43.908Z,24.06358,0.0,0.0,0.0,85.81,2025-09-20 10:47:43.908,3.756111111111
Yeast Grow 4 Days,pioreactor02,2025-09-20T08:48:06.908Z,24.07358,0.0,0.0,0.0,85.81,2025-09-20 10:48:06.908,3.7625
Yeast Grow 4 Days,pioreactor02,2025-09-20T08:48:29.908Z,24.07458,0.0,0.0,0.0,85.81,2025-09-20 10:48:29.908,3.768888888889
Yeast Grow 4 Days,pioreactor02,2025-09-20T08:48:52.908Z,24.09858,0.0,0.0,0.0,85.81,2025-09-20 10:48:52.908,3.775277777778
Yeast Grow 4 Days,pioreactor02,2025-09-20T08:49:05.183Z,24.09858,0.0,0.0,0.0,0.0,2025-09-20 10:49:05.183,3.778888888889
Yeast Grow 4 Days,pioreactor02,2025-09-20T08:49:15.908Z,24.07558,0.0,0.0,0.0,0.0,2025-09-20 10:49:15.908,3.781666666667
Yeast Grow 4 Days,pioreactor02,2025-09-20T08:49:38.908Z,24.08308,0.0,0.0,0.0,0.0,2025-09-20 10:49:38.908,3.788055555556
Yeast Grow 4 Days,pioreactor02,2025-09-20T08:50:01.908Z,24.06758,0.0,0.0,0.0,0.0,2025-09-20 10:50:01.908,3.794444444444
Yeast Grow 4 Days,pioreactor02,2025-09-20T08:50:24.908Z,24.08308,0.0,0.0,0.0,0.0,2025-09-20 10:50:24.908,3.800833333333
Yeast Grow 4 Days,pioreactor02,2025-09-20T08:50:47.908Z,24.02708,0.0,0.0,0.0,0.0,2025-09-20 10:50:47.908,3.807222222222
Yeast Grow 4 Days,pioreactor02,2025-09-20T08:50:56.610Z,24.02708,0.0,0.0,0.0,85.81,2025-09-20 10:50:56.610,3.809722222222
Yeast Grow 4 Days,pioreactor02,2025-09-20T08:50:56.652Z,24.02708,0.0,0.0,0.0,85.54,2025-09-20 10:50:56.652,3.809722222222
Yeast Grow 4 Days,pioreactor02,2025-09-20T08:51:10.908Z,24.01308,0.0,0.0,0.0,85.54,2025-09-20 10:51:10.908,3.813611111111
Yeast Grow 4 Days,pioreactor02,2025-09-20T08:51:33.908Z,24.11958,0.0,0.0,0.0,85.54,2025-09-20 10:51:33.908,3.82
Yeast Grow 4 Days,pioreactor02,2025-09-20T08:51:56.908Z,24.11708,0.0,0.0,0.0,85.54,2025-09-20 10:51:56.908,3.826388888889
Yeast Grow 4 Days,pioreactor02,2025-09-20T08:52:19.908Z,24.12108,0.0,0.0,0.0,85.54,2025-09-20 10:52:19.908,3.832777777778
Yeast Grow 4 Days,pioreactor02,2025-09-20T08:52:25.183Z,24.12108,0.0,0.0,0.0,0.0,2025-09-20 10:52:25.183,3.834444444444
Yeast Grow 4 Days,pioreactor02,2025-09-20T08:52:42.908Z,24.12058,0.0,0.0,0.0,0.0,2025-09-20 10:52:42.908,3.839166666667
Yeast Grow 4 Days,pioreactor02,2025-09-20T08:53:05.908Z,24.16958,0.0,0.0,0.0,0.0,2025-09-20 10:53:05.908,3.845555555556
Yeast Grow 4 Days,pioreactor02,2025-09-20T08:53:28.908Z,24.13658,0.0,0.0,0.0,0.0,2025-09-20 10:53:28.908,3.851944444444
Yeast Grow 4 Days,pioreactor02,2025-09-20T08:53:51.908Z,24.17058,0.0,0.0,0.0,0.0,2025-09-20 10:53:51.908,3.858333333333
Yeast Grow 4 Days,pioreactor02,2025-09-20T08:54:14.908Z,24.11808,0.0,0.0,0.0,0.0,2025-09-20 10:54:14.908,3.864722222222
Yeast Grow 4 Days,pioreactor02,2025-09-20T08:54:16.609Z,24.11808,0.0,0.0,0.0,85.54,2025-09-20 10:54:16.609,3.865277777778
Yeast Grow 4 Days,pioreactor02,2025-09-20T08:54:16.652Z,24.11808,0.0,0.0,0.0,85.41,2025-09-20 10:54:16.652,3.865277777778
Yeast Grow 4 Days,pioreactor02,2025-09-20T08:54:37.908Z,24.31458,0.0,0.0,0.0,85.41,2025-09-20 10:54:37.908,3.871111111111
Yeast Grow 4 Days,pioreactor02,2025-09-20T08:55:00.908Z,24.70758,0.0,0.0,0.0,85.41,2025-09-20 10:55:00.908,3.8775
Yeast Grow 4 Days,pioreactor02,2025-09-20T08:55:23.908Z,24.63308,0.0,0.0,0.0,85.41,2025-09-20 10:55:23.908,3.883888888889
Yeast Grow 4 Days,pioreactor02,2025-09-20T08:55:45.183Z,24.63308,0.0,0.0,0.0,0.0,2025-09-20 10:55:45.183,3.89
Yeast Grow 4 Days,pioreactor02,2025-09-20T08:55:46.912Z,24.57158,0.0,0.0,0.0,0.0,2025-09-20 10:55:46.912,3.890277777778
Yeast Grow 4 Days,pioreactor02,2025-09-20T08:56:09.908Z,24.44708,0.0,0.0,0.0,0.0,2025-09-20 10:56:09.908,3.896666666667
Yeast Grow 4 Days,pioreactor02,2025-09-20T08:56:32.908Z,24.36708,0.0,0.0,0.0,0.0,2025-09-20 10:56:32.908,3.903055555556
Yeast Grow 4 Days,pioreactor02,2025-09-20T08:56:55.908Z,24.28058,0.0,0.0,0.0,0.0,2025-09-20 10:56:55.908,3.909444444444
Yeast Grow 4 Days,pioreactor02,2025-09-20T08:57:18.908Z,24.24408,0.0,0.0,0.0,0.0,2025-09-20 10:57:18.908,3.915833333333
Yeast Grow 4 Days,pioreactor02,2025-09-20T08:57:36.609Z,24.24408,0.0,0.0,0.0,85.41,2025-09-20 10:57:36.609,3.920833333333
Yeast Grow 4 Days,pioreactor02,2025-09-20T08:57:36.653Z,24.24408,0.0,0.0,0.0,85.21,2025-09-20 10:57:36.653,3.920833333333
Yeast Grow 4 Days,pioreactor02,2025-09-20T08:57:41.912Z,24.22958,0.0,0.0,0.0,85.21,2025-09-20 10:57:41.912,3.922222222222
Yeast Grow 4 Days,pioreactor02,2025-09-20T08:58:04.908Z,24.24608,0.0,0.0,0.0,85.21,2025-09-20 10:58:04.908,3.928611111111
Yeast Grow 4 Days,pioreactor02,2025-09-20T08:58:27.908Z,24.23508,0.0,0.0,0.0,85.21,2025-09-20 10:58:27.908,3.935
Yeast Grow 4 Days,pioreactor02,2025-09-20T08:58:50.908Z,24.18108,0.0,0.0,0.0,85.21,2025-09-20 10:58:50.908,3.941388888889
Yeast Grow 4 Days,pioreactor02,2025-09-20T08:59:05.183Z,24.18108,0.0,0.0,0.0,0.0,2025-09-20 10:59:05.183,3.945555555556
Yeast Grow 4 Days,pioreactor02,2025-09-20T08:59:13.908Z,24.08658,0.0,0.0,0.0,0.0,2025-09-20 10:59:13.908,3.947777777778
Yeast Grow 4 Days,pioreactor02,2025-09-20T08:59:36.908Z,24.09008,0.0,0.0,0.0,0.0,2025-09-20 10:59:36.908,3.954166666667
Yeast Grow 4 Days,pioreactor02,2025-09-20T08:59:59.908Z,24.13458,0.0,0.0,0.0,0.0,2025-09-20 10:59:59.908,3.960555555556
Yeast Grow 4 Days,pioreactor02,2025-09-20T09:00:22.908Z,24.20058,0.0,0.0,0.0,0.0,2025-09-20 11:00:22.908,3.966944444444
Yeast Grow 4 Days,pioreactor02,2025-09-20T09:00:45.908Z,24.18858,0.0,0.0,0.0,0.0,2025-09-20 11:00:45.908,3.973333333333
Yeast Grow 4 Days,pioreactor02,2025-09-20T09:00:56.610Z,24.18858,0.0,0.0,0.0,85.21,2025-09-20 11:00:56.610,3.976388888889
Yeast Grow 4 Days,pioreactor02,2025-09-20T09:00:56.653Z,24.18858,0.0,0.0,0.0,82.68,2025-09-20 11:00:56.653,3.976388888889
Yeast Grow 4 Days,pioreactor02,2025-09-20T09:01:08.908Z,24.12858,0.0,0.0,0.0,82.68,2025-09-20 11:01:08.908,3.979722222222
Yeast Grow 4 Days,pioreactor02,2025-09-20T09:01:31.908Z,24.13458,0.0,0.0,0.0,82.68,2025-09-20 11:01:31.908,3.986111111111
Yeast Grow 4 Days,pioreactor02,2025-09-20T09:01:54.908Z,24.13158,0.0,0.0,0.0,82.68,2025-09-20 11:01:54.908,3.9925
Yeast Grow 4 Days,pioreactor02,2025-09-20T09:02:17.908Z,24.13758,0.0,0.0,0.0,82.68,2025-09-20 11:02:17.908,3.998888888889
Yeast Grow 4 Days,pioreactor02,2025-09-20T09:02:25.183Z,24.13758,0.0,0.0,0.0,0.0,2025-09-20 11:02:25.183,4.001111111111
Yeast Grow 4 Days,pioreactor02,2025-09-20T09:02:40.908Z,24.11908,0.0,0.0,0.0,0.0,2025-09-20 11:02:40.908,4.005277777778
Yeast Grow 4 Days,pioreactor02,2025-09-20T09:03:03.908Z,24.08358,0.0,0.0,0.0,0.0,2025-09-20 11:03:03.908,4.011666666667
Yeast Grow 4 Days,pioreactor02,2025-09-20T09:03:26.908Z,24.06708,0.0,0.0,0.0,0.0,2025-09-20 11:03:26.908,4.018055555556
Yeast Grow 4 Days,pioreactor02,2025-09-20T09:03:49.908Z,24.03858,0.0,0.0,0.0,0.0,2025-09-20 11:03:49.908,4.024444444444
Yeast Grow 4 Days,pioreactor02,2025-09-20T09:04:12.908Z,23.96158,0.0,0.0,0.0,0.0,2025-09-20 11:04:12.908,4.030833333333
Yeast Grow 4 Days,pioreactor02,2025-09-20T09:04:16.610Z,23.96158,0.0,0.0,0.0,82.68,2025-09-20 11:04:16.610,4.031944444444
Yeast Grow 4 Days,pioreactor02,2025-09-20T09:04:16.653Z,23.96158,0.0,0.0,0.0,82.67,2025-09-20 11:04:16.653,4.031944444444
Yeast Grow 4 Days,pioreactor02,2025-09-20T09:04:35.908Z,24.06608,0.0,0.0,0.0,82.67,2025-09-20 11:04:35.908,4.037222222222
Yeast Grow 4 Days,pioreactor02,2025-09-20T09:04:58.908Z,24.44408,0.0,0.0,0.0,82.67,2025-09-20 11:04:58.908,4.043611111111
Yeast Grow 4 Days,pioreactor02,2025-09-20T09:05:21.908Z,24.78058,0.0,0.0,0.0,82.67,2025-09-20 11:05:21.908,4.05
Yeast Grow 4 Days,pioreactor02,2025-09-20T09:05:44.908Z,24.62108,0.0,0.0,0.0,82.67,2025-09-20 11:05:44.908,4.056388888889
Yeast Grow 4 Days,pioreactor02,2025-09-20T09:05:45.183Z,24.62108,0.0,0.0,0.0,0.0,2025-09-20 11:05:45.183,4.056666666667
Yeast Grow 4 Days,pioreactor02,2025-09-20T09:06:07.908Z,24.48108,0.0,0.0,0.0,0.0,2025-09-20 11:06:07.908,4.062777777778
Yeast Grow 4 Days,pioreactor02,2025-09-20T09:06:30.908Z,24.39708,0.0,0.0,0.0,0.0,2025-09-20 11:06:30.908,4.069166666667
Yeast Grow 4 Days,pioreactor02,2025-09-20T09:06:53.908Z,24.30608,0.0,0.0,0.0,0.0,2025-09-20 11:06:53.908,4.075555555556
Yeast Grow 4 Days,pioreactor02,2025-09-20T09:07:16.908Z,24.21558,0.0,0.0,0.0,0.0,2025-09-20 11:07:16.908,4.081944444444
Yeast Grow 4 Days,pioreactor02,2025-09-20T09:07:36.609Z,24.21558,0.0,0.0,0.0,82.67,2025-09-20 11:07:36.609,4.0875
Yeast Grow 4 Days,pioreactor02,2025-09-20T09:07:36.652Z,24.21558,0.0,0.0,0.0,84.25,2025-09-20 11:07:36.652,4.0875
Yeast Grow 4 Days,pioreactor02,2025-09-20T09:07:39.908Z,24.17058,0.0,0.0,0.0,84.25,2025-09-20 11:07:39.908,4.088333333333
Yeast Grow 4 Days,pioreactor02,2025-09-20T09:08:02.908Z,24.17908,0.0,0.0,0.0,84.25,2025-09-20 11:08:02.908,4.094722222222
Yeast Grow 4 Days,pioreactor02,2025-09-20T09:08:25.908Z,24.17158,0.0,0.0,0.0,84.25,2025-09-20 11:08:25.908,4.101111111111
Yeast Grow 4 Days,pioreactor02,2025-09-20T09:08:48.908Z,24.21808,0.0,0.0,0.0,84.25,2025-09-20 11:08:48.908,4.1075
Yeast Grow 4 Days,pioreactor02,2025-09-20T09:09:05.183Z,24.21808,0.0,0.0,0.0,0.0,2025-09-20 11:09:05.183,4.112222222222
Yeast Grow 4 Days,pioreactor02,2025-09-20T09:09:11.908Z,24.14008,0.0,0.0,0.0,0.0,2025-09-20 11:09:11.908,4.113888888889
Yeast Grow 4 Days,pioreactor02,2025-09-20T09:09:34.908Z,24.06758,0.0,0.0,0.0,0.0,2025-09-20 11:09:34.908,4.120277777778
Yeast Grow 4 Days,pioreactor02,2025-09-20T09:09:57.908Z,24.06558,0.0,0.0,0.0,0.0,2025-09-20 11:09:57.908,4.126666666667
Yeast Grow 4 Days,pioreactor02,2025-09-20T09:10:20.908Z,24.08608,0.0,0.0,0.0,0.0,2025-09-20 11:10:20.908,4.133055555556
Yeast Grow 4 Days,pioreactor02,2025-09-20T09:10:43.908Z,24.02458,0.0,0.0,0.0,0.0,2025-09-20 11:10:43.908,4.139444444444
Yeast Grow 4 Days,pioreactor02,2025-09-20T09:10:56.611Z,24.02458,0.0,0.0,0.0,84.25,2025-09-20 11:10:56.611,4.143055555556
Yeast Grow 4 Days,pioreactor02,2025-09-20T09:10:56.652Z,24.02458,0.0,0.0,0.0,83.25,2025-09-20 11:10:56.652,4.143055555556
Yeast Grow 4 Days,pioreactor02,2025-09-20T09:11:06.908Z,24.23258,0.0,0.0,0.0,83.25,2025-09-20 11:11:06.908,4.145833333333
Yeast Grow 4 Days,pioreactor02,2025-09-20T09:11:29.912Z,24.58908,0.0,0.0,0.0,83.25,2025-09-20 11:11:29.912,4.152222222222
Yeast Grow 4 Days,pioreactor02,2025-09-20T09:11:52.908Z,24.48208,0.0,0.0,0.0,83.25,2025-09-20 11:11:52.908,4.158611111111
Yeast Grow 4 Days,pioreactor02,2025-09-20T09:12:15.908Z,24.37858,0.0,0.0,0.0,83.25,2025-09-20 11:12:15.908,4.165
Yeast Grow 4 Days,pioreactor02,2025-09-20T09:12:25.183Z,24.37858,0.0,0.0,0.0,0.0,2025-09-20 11:12:25.183,4.167777777778
Yeast Grow 4 Days,pioreactor02,2025-09-20T09:12:38.908Z,24.26308,0.0,0.0,0.0,0.0,2025-09-20 11:12:38.908,4.171388888889
Yeast Grow 4 Days,pioreactor02,2025-09-20T09:13:01.908Z,24.24658,0.0,0.0,0.0,0.0,2025-09-20 11:13:01.908,4.177777777778
Yeast Grow 4 Days,pioreactor02,2025-09-20T09:13:24.908Z,24.20458,0.0,0.0,0.0,0.0,2025-09-20 11:13:24.908,4.184166666667
Yeast Grow 4 Days,pioreactor02,2025-09-20T09:13:47.908Z,24.13808,0.0,0.0,0.0,0.0,2025-09-20 11:13:47.908,4.190555555556
Yeast Grow 4 Days,pioreactor02,2025-09-20T09:14:10.908Z,24.18358,0.0,0.0,0.0,0.0,2025-09-20 11:14:10.908,4.196944444444
Yeast Grow 4 Days,pioreactor02,2025-09-20T09:14:16.610Z,24.18358,0.0,0.0,0.0,83.25,2025-09-20 11:14:16.610,4.198611111111
Yeast Grow 4 Days,pioreactor02,2025-09-20T09:14:16.653Z,24.18358,0.0,0.0,0.0,81.69,2025-09-20 11:14:16.653,4.198611111111
Yeast Grow 4 Days,pioreactor02,2025-09-20T09:14:33.908Z,24.19008,0.0,0.0,0.0,81.69,2025-09-20 11:14:33.908,4.203333333333
Yeast Grow 4 Days,pioreactor02,2025-09-20T09:14:56.912Z,24.16358,0.0,0.0,0.0,81.69,2025-09-20 11:14:56.912,4.209722222222
Yeast Grow 4 Days,pioreactor02,2025-09-20T09:15:19.912Z,24.26008,0.0,0.0,0.0,81.69,2025-09-20 11:15:19.912,4.216111111111
Yeast Grow 4 Days,pioreactor02,2025-09-20T09:15:42.908Z,24.19958,0.0,0.0,0.0,81.69,2025-09-20 11:15:42.908,4.2225
Yeast Grow 4 Days,pioreactor02,2025-09-20T09:15:45.183Z,24.19958,0.0,0.0,0.0,0.0,2025-09-20 11:15:45.183,4.223333333333
Yeast Grow 4 Days,pioreactor02,2025-09-20T09:16:05.908Z,24.09908,0.0,0.0,0.0,0.0,2025-09-20 11:16:05.908,4.228888888889
Yeast Grow 4 Days,pioreactor02,2025-09-20T09:16:28.908Z,24.18008,0.0,0.0,0.0,0.0,2025-09-20 11:16:28.908,4.235277777778
Yeast Grow 4 Days,pioreactor02,2025-09-20T09:16:51.908Z,24.20958,0.0,0.0,0.0,0.0,2025-09-20 11:16:51.908,4.241666666667
Yeast Grow 4 Days,pioreactor02,2025-09-20T09:17:14.908Z,24.19308,0.0,0.0,0.0,0.0,2025-09-20 11:17:14.908,4.248055555556
Yeast Grow 4 Days,pioreactor02,2025-09-20T09:17:36.611Z,24.19308,0.0,0.0,0.0,81.69,2025-09-20 11:17:36.611,4.254166666667
Yeast Grow 4 Days,pioreactor02,2025-09-20T09:17:36.652Z,24.19308,0.0,0.0,0.0,82.11,2025-09-20 11:17:36.652,4.254166666667
Yeast Grow 4 Days,pioreactor02,2025-09-20T09:17:37.908Z,24.18458,0.0,0.0,0.0,82.11,2025-09-20 11:17:37.908,4.254444444444
Yeast Grow 4 Days,pioreactor02,2025-09-20T09:18:00.908Z,24.18058,0.0,0.0,0.0,82.11,2025-09-20 11:18:00.908,4.260833333333
Yeast Grow 4 Days,pioreactor02,2025-09-20T09:18:23.908Z,24.11708,0.0,0.0,0.0,82.11,2025-09-20 11:18:23.908,4.267222222222
Yeast Grow 4 Days,pioreactor02,2025-09-20T09:18:46.912Z,24.10208,0.0,0.0,0.0,82.11,2025-09-20 11:18:46.912,4.273611111111
Yeast Grow 4 Days,pioreactor02,2025-09-20T09:19:05.184Z,24.10208,0.0,0.0,0.0,0.0,2025-09-20 11:19:05.184,4.278888888889
Yeast Grow 4 Days,pioreactor02,2025-09-20T09:19:09.908Z,24.12058,0.0,0.0,0.0,0.0,2025-09-20 11:19:09.908,4.28
Yeast Grow 4 Days,pioreactor02,2025-09-20T09:19:32.908Z,24.13658,0.0,0.0,0.0,0.0,2025-09-20 11:19:32.908,4.286388888889
Yeast Grow 4 Days,pioreactor02,2025-09-20T09:19:55.908Z,24.06108,0.0,0.0,0.0,0.0,2025-09-20 11:19:55.908,4.292777777778
Yeast Grow 4 Days,pioreactor02,2025-09-20T09:20:18.908Z,24.10008,0.0,0.0,0.0,0.0,2025-09-20 11:20:18.908,4.299166666667
Yeast Grow 4 Days,pioreactor02,2025-09-20T09:20:41.908Z,24.03558,0.0,0.0,0.0,0.0,2025-09-20 11:20:41.908,4.305555555556
Yeast Grow 4 Days,pioreactor02,2025-09-20T09:20:56.610Z,24.03558,0.0,0.0,0.0,82.11,2025-09-20 11:20:56.610,4.309722222222
Yeast Grow 4 Days,pioreactor02,2025-09-20T09:20:56.652Z,24.03558,0.0,0.0,0.0,82.59,2025-09-20 11:20:56.652,4.309722222222
Yeast Grow 4 Days,pioreactor02,2025-09-20T09:21:04.908Z,24.13458,0.0,0.0,0.0,82.59,2025-09-20 11:21:04.908,4.311944444444
Yeast Grow 4 Days,pioreactor02,2025-09-20T09:21:27.908Z,24.50708,0.0,0.0,0.0,82.59,2025-09-20 11:21:27.908,4.318333333333
Yeast Grow 4 Days,pioreactor02,2025-09-20T09:21:50.908Z,24.53358,0.0,0.0,0.0,82.59,2025-09-20 11:21:50.908,4.324722222222
Yeast Grow 4 Days,pioreactor02,2025-09-20T09:22:13.908Z,24.44458,0.0,0.0,0.0,82.59,2025-09-20 11:22:13.908,4.331111111111
Yeast Grow 4 Days,pioreactor02,2025-09-20T09:22:25.184Z,24.44458,0.0,0.0,0.0,0.0,2025-09-20 11:22:25.184,4.334444444444
Yeast Grow 4 Days,pioreactor02,2025-09-20T09:22:36.908Z,24.41208,0.0,0.0,0.0,0.0,2025-09-20 11:22:36.908,4.3375
Yeast Grow 4 Days,pioreactor02,2025-09-20T09:22:59.908Z,24.28308,0.0,0.0,0.0,0.0,2025-09-20 11:22:59.908,4.343888888889
Yeast Grow 4 Days,pioreactor02,2025-09-20T09:23:22.908Z,24.23608,0.0,0.0,0.0,0.0,2025-09-20 11:23:22.908,4.350277777778
Yeast Grow 4 Days,pioreactor02,2025-09-20T09:23:45.908Z,24.13958,0.0,0.0,0.0,0.0,2025-09-20 11:23:45.908,4.356666666667
Yeast Grow 4 Days,pioreactor02,2025-09-20T09:24:08.908Z,24.15308,0.0,0.0,0.0,0.0,2025-09-20 11:24:08.908,4.363055555556
Yeast Grow 4 Days,pioreactor02,2025-09-20T09:24:16.608Z,24.15308,0.0,0.0,0.0,82.59,2025-09-20 11:24:16.608,4.365277777778
Yeast Grow 4 Days,pioreactor02,2025-09-20T09:24:16.653Z,24.15308,0.0,0.0,0.0,83.0,2025-09-20 11:24:16.653,4.365277777778
Yeast Grow 4 Days,pioreactor02,2025-09-20T09:24:31.908Z,24.17808,0.0,0.0,0.0,83.0,2025-09-20 11:24:31.908,4.369444444444
Yeast Grow 4 Days,pioreactor02,2025-09-20T09:24:54.908Z,24.16258,0.0,0.0,0.0,83.0,2025-09-20 11:24:54.908,4.375833333333
Yeast Grow 4 Days,pioreactor02,2025-09-20T09:25:17.908Z,24.20708,0.0,0.0,0.0,83.0,2025-09-20 11:25:17.908,4.382222222222
Yeast Grow 4 Days,pioreactor02,2025-09-20T09:25:40.908Z,24.20508,0.0,0.0,0.0,83.0,2025-09-20 11:25:40.908,4.388611111111
Yeast Grow 4 Days,pioreactor02,2025-09-20T09:25:45.183Z,24.20508,0.0,0.0,0.0,0.0,2025-09-20 11:25:45.183,4.39
Yeast Grow 4 Days,pioreactor02,2025-09-20T09:26:03.908Z,24.12758,0.0,0.0,0.0,0.0,2025-09-20 11:26:03.908,4.395
Yeast Grow 4 Days,pioreactor02,2025-09-20T09:26:26.908Z,24.05558,0.0,0.0,0.0,0.0,2025-09-20 11:26:26.908,4.401388888889
Yeast Grow 4 Days,pioreactor02,2025-09-20T09:26:49.908Z,24.06508,0.0,0.0,0.0,0.0,2025-09-20 11:26:49.908,4.407777777778
Yeast Grow 4 Days,pioreactor02,2025-09-20T09:27:12.908Z,24.05358,0.0,0.0,0.0,0.0,2025-09-20 11:27:12.908,4.414166666667
Yeast Grow 4 Days,pioreactor02,2025-09-20T09:27:35.908Z,24.01208,0.0,0.0,0.0,0.0,2025-09-20 11:27:35.908,4.420555555556
Yeast Grow 4 Days,pioreactor02,2025-09-20T09:27:36.609Z,24.01208,0.0,0.0,0.0,83.0,2025-09-20 11:27:36.609,4.420833333333
Yeast Grow 4 Days,pioreactor02,2025-09-20T09:27:36.652Z,24.01208,0.0,0.0,0.0,82.99,2025-09-20 11:27:36.652,4.420833333333
Yeast Grow 4 Days,pioreactor02,2025-09-20T09:27:58.908Z,24.14508,0.0,0.0,0.0,82.99,2025-09-20 11:27:58.908,4.426944444444
Yeast Grow 4 Days,pioreactor02,2025-09-20T09:28:21.908Z,24.45708,0.0,0.0,0.0,82.99,2025-09-20 11:28:21.908,4.433333333333
Yeast Grow 4 Days,pioreactor02,2025-09-20T09:28:44.908Z,24.36208,0.0,0.0,0.0,82.99,2025-09-20 11:28:44.908,4.439722222222
Yeast Grow 4 Days,pioreactor02,2025-09-20T09:29:05.183Z,24.36208,0.0,0.0,0.0,0.0,2025-09-20 11:29:05.183,4.445555555556
Yeast Grow 4 Days,pioreactor02,2025-09-20T09:29:07.908Z,24.35208,0.0,0.0,0.0,0.0,2025-09-20 11:29:07.908,4.446111111111
Yeast Grow 4 Days,pioreactor02,2025-09-20T09:29:30.908Z,24.24308,0.0,0.0,0.0,0.0,2025-09-20 11:29:30.908,4.4525
Yeast Grow 4 Days,pioreactor02,2025-09-20T09:29:53.908Z,24.20558,0.0,0.0,0.0,0.0,2025-09-20 11:29:53.908,4.458888888889
Yeast Grow 4 Days,pioreactor02,2025-09-20T09:30:16.908Z,24.14408,0.0,0.0,0.0,0.0,2025-09-20 11:30:16.908,4.465277777778
Yeast Grow 4 Days,pioreactor02,2025-09-20T09:30:39.908Z,24.13208,0.0,0.0,0.0,0.0,2025-09-20 11:30:39.908,4.471666666667
Yeast Grow 4 Days,pioreactor02,2025-09-20T09:30:56.609Z,24.13208,0.0,0.0,0.0,82.99,2025-09-20 11:30:56.609,4.476388888889
Yeast Grow 4 Days,pioreactor02,2025-09-20T09:30:56.652Z,24.13208,0.0,0.0,0.0,81.99,2025-09-20 11:30:56.652,4.476388888889
Yeast Grow 4 Days,pioreactor02,2025-09-20T09:31:02.908Z,24.17508,0.0,0.0,0.0,81.99,2025-09-20 11:31:02.908,4.478055555556
Yeast Grow 4 Days,pioreactor02,2025-09-20T09:31:25.912Z,24.13858,0.0,0.0,0.0,81.99,2025-09-20 11:31:25.912,4.484444444444
Yeast Grow 4 Days,pioreactor02,2025-09-20T09:31:48.912Z,24.51308,0.0,0.0,0.0,81.99,2025-09-20 11:31:48.912,4.490833333333
Yeast Grow 4 Days,pioreactor02,2025-09-20T09:32:11.912Z,24.40108,0.0,0.0,0.0,81.99,2025-09-20 11:32:11.912,4.497222222222
Yeast Grow 4 Days,pioreactor02,2025-09-20T09:32:25.183Z,24.40108,0.0,0.0,0.0,0.0,2025-09-20 11:32:25.183,4.501111111111
Yeast Grow 4 Days,pioreactor02,2025-09-20T09:32:34.908Z,24.29108,0.0,0.0,0.0,0.0,2025-09-20 11:32:34.908,4.503611111111
Yeast Grow 4 Days,pioreactor02,2025-09-20T09:32:57.908Z,24.29208,0.0,0.0,0.0,0.0,2025-09-20 11:32:57.908,4.51
Yeast Grow 4 Days,pioreactor02,2025-09-20T09:33:20.908Z,24.20908,0.0,0.0,0.0,0.0,2025-09-20 11:33:20.908,4.516388888889
Yeast Grow 4 Days,pioreactor02,2025-09-20T09:33:43.908Z,24.14108,0.0,0.0,0.0,0.0,2025-09-20 11:33:43.908,4.522777777778
Yeast Grow 4 Days,pioreactor02,2025-09-20T09:34:06.908Z,24.22008,0.0,0.0,0.0,0.0,2025-09-20 11:34:06.908,4.529166666667
Yeast Grow 4 Days,pioreactor02,2025-09-20T09:34:16.609Z,24.22008,0.0,0.0,0.0,81.99,2025-09-20 11:34:16.609,4.531944444444
Yeast Grow 4 Days,pioreactor02,2025-09-20T09:34:16.653Z,24.22008,0.0,0.0,0.0,81.25,2025-09-20 11:34:16.653,4.531944444444
Yeast Grow 4 Days,pioreactor02,2025-09-20T09:34:29.908Z,24.20358,0.0,0.0,0.0,81.25,2025-09-20 11:34:29.908,4.535555555556
Yeast Grow 4 Days,pioreactor02,2025-09-20T09:34:52.908Z,24.57058,0.0,0.0,0.0,81.25,2025-09-20 11:34:52.908,4.541944444444
Yeast Grow 4 Days,pioreactor02,2025-09-20T09:35:15.908Z,24.46208,0.0,0.0,0.0,81.25,2025-09-20 11:35:15.908,4.548333333333
Yeast Grow 4 Days,pioreactor02,2025-09-20T09:35:38.908Z,24.46158,0.0,0.0,0.0,81.25,2025-09-20 11:35:38.908,4.554722222222
Yeast Grow 4 Days,pioreactor02,2025-09-20T09:35:45.183Z,24.46158,0.0,0.0,0.0,0.0,2025-09-20 11:35:45.183,4.556666666667
Yeast Grow 4 Days,pioreactor02,2025-09-20T09:36:01.908Z,24.37858,0.0,0.0,0.0,0.0,2025-09-20 11:36:01.908,4.561111111111
Yeast Grow 4 Days,pioreactor02,2025-09-20T09:36:24.908Z,24.27008,0.0,0.0,0.0,0.0,2025-09-20 11:36:24.908,4.5675
Yeast Grow 4 Days,pioreactor02,2025-09-20T09:36:47.908Z,24.26308,0.0,0.0,0.0,0.0,2025-09-20 11:36:47.908,4.573888888889
Yeast Grow 4 Days,pioreactor02,2025-09-20T09:37:10.908Z,24.24608,0.0,0.0,0.0,0.0,2025-09-20 11:37:10.908,4.580277777778
Yeast Grow 4 Days,pioreactor02,2025-09-20T09:37:33.908Z,24.16608,0.0,0.0,0.0,0.0,2025-09-20 11:37:33.908,4.586666666667
Yeast Grow 4 Days,pioreactor02,2025-09-20T09:37:36.609Z,24.16608,0.0,0.0,0.0,81.25,2025-09-20 11:37:36.609,4.5875
Yeast Grow 4 Days,pioreactor02,2025-09-20T09:37:36.653Z,24.16608,0.0,0.0,0.0,80.28,2025-09-20 11:37:36.653,4.5875
Yeast Grow 4 Days,pioreactor02,2025-09-20T09:37:56.908Z,24.33158,0.0,0.0,0.0,80.28,2025-09-20 11:37:56.908,4.593055555556
Yeast Grow 4 Days,pioreactor02,2025-09-20T09:38:19.908Z,24.28558,0.0,0.0,0.0,80.28,2025-09-20 11:38:19.908,4.599444444444
Yeast Grow 4 Days,pioreactor02,2025-09-20T09:38:42.908Z,24.26858,0.0,0.0,0.0,80.28,2025-09-20 11:38:42.908,4.605833333333
Yeast Grow 4 Days,pioreactor02,2025-09-20T09:39:05.183Z,24.26858,0.0,0.0,0.0,0.0,2025-09-20 11:39:05.183,4.612222222222
Yeast Grow 4 Days,pioreactor02,2025-09-20T09:39:05.908Z,24.26808,0.0,0.0,0.0,0.0,2025-09-20 11:39:05.908,4.612222222222
Yeast Grow 4 Days,pioreactor02,2025-09-20T09:39:28.908Z,24.20908,0.0,0.0,0.0,0.0,2025-09-20 11:39:28.908,4.618611111111
Yeast Grow 4 Days,pioreactor02,2025-09-20T09:39:51.908Z,24.14658,0.0,0.0,0.0,0.0,2025-09-20 11:39:51.908,4.625
Yeast Grow 4 Days,pioreactor02,2025-09-20T09:40:14.908Z,24.08858,0.0,0.0,0.0,0.0,2025-09-20 11:40:14.908,4.631388888889
Yeast Grow 4 Days,pioreactor02,2025-09-20T09:40:37.912Z,24.13108,0.0,0.0,0.0,0.0,2025-09-20 11:40:37.912,4.637777777778
Yeast Grow 4 Days,pioreactor02,2025-09-20T09:40:56.611Z,24.13108,0.0,0.0,0.0,80.28,2025-09-20 11:40:56.611,4.643055555556
Yeast Grow 4 Days,pioreactor02,2025-09-20T09:40:56.652Z,24.13108,0.0,0.0,0.0,80.06,2025-09-20 11:40:56.652,4.643055555556
Yeast Grow 4 Days,pioreactor02,2025-09-20T09:41:00.908Z,24.19858,0.0,0.0,0.0,80.06,2025-09-20 11:41:00.908,4.644166666667
Yeast Grow 4 Days,pioreactor02,2025-09-20T09:41:23.908Z,24.28658,0.0,0.0,0.0,80.06,2025-09-20 11:41:23.908,4.650555555556
Yeast Grow 4 Days,pioreactor02,2025-09-20T09:41:46.908Z,24.28108,0.0,0.0,0.0,80.06,2025-09-20 11:41:46.908,4.656944444444
Yeast Grow 4 Days,pioreactor02,2025-09-20T09:42:09.908Z,24.26008,0.0,0.0,0.0,80.06,2025-09-20 11:42:09.908,4.663333333333
Yeast Grow 4 Days,pioreactor02,2025-09-20T09:42:25.183Z,24.26008,0.0,0.0,0.0,0.0,2025-09-20 11:42:25.183,4.667777777778
Yeast Grow 4 Days,pioreactor02,2025-09-20T09:42:32.908Z,24.20508,0.0,0.0,0.0,0.0,2025-09-20 11:42:32.908,4.669722222222
Yeast Grow 4 Days,pioreactor02,2025-09-20T09:42:55.908Z,24.19008,0.0,0.0,0.0,0.0,2025-09-20 11:42:55.908,4.676111111111
Yeast Grow 4 Days,pioreactor02,2025-09-20T09:43:18.908Z,24.15158,0.0,0.0,0.0,0.0,2025-09-20 11:43:18.908,4.6825
Yeast Grow 4 Days,pioreactor02,2025-09-20T09:43:41.908Z,24.06958,0.0,0.0,0.0,0.0,2025-09-20 11:43:41.908,4.688888888889
Yeast Grow 4 Days,pioreactor02,2025-09-20T09:44:04.908Z,24.02908,0.0,0.0,0.0,0.0,2025-09-20 11:44:04.908,4.695277777778
Yeast Grow 4 Days,pioreactor02,2025-09-20T09:44:16.609Z,24.02908,0.0,0.0,0.0,80.06,2025-09-20 11:44:16.609,4.698611111111
Yeast Grow 4 Days,pioreactor02,2025-09-20T09:44:16.652Z,24.02908,0.0,0.0,0.0,81.15,2025-09-20 11:44:16.652,4.698611111111
Yeast Grow 4 Days,pioreactor02,2025-09-20T09:44:27.908Z,24.08908,0.0,0.0,0.0,81.15,2025-09-20 11:44:27.908,4.701666666667
Yeast Grow 4 Days,pioreactor02,2025-09-20T09:44:50.908Z,24.13658,0.0,0.0,0.0,81.15,2025-09-20 11:44:50.908,4.708055555556
Yeast Grow 4 Days,pioreactor02,2025-09-20T09:45:13.908Z,24.16558,0.0,0.0,0.0,81.15,2025-09-20 11:45:13.908,4.714444444444
Yeast Grow 4 Days,pioreactor02,2025-09-20T09:45:36.912Z,24.12058,0.0,0.0,0.0,81.15,2025-09-20 11:45:36.912,4.720833333333
Yeast Grow 4 Days,pioreactor02,2025-09-20T09:45:45.184Z,24.12058,0.0,0.0,0.0,0.0,2025-09-20 11:45:45.184,4.723333333333
Yeast Grow 4 Days,pioreactor02,2025-09-20T09:45:59.908Z,24.17458,0.0,0.0,0.0,0.0,2025-09-20 11:45:59.908,4.727222222222
Yeast Grow 4 Days,pioreactor02,2025-09-20T09:46:22.908Z,24.17958,0.0,0.0,0.0,0.0,2025-09-20 11:46:22.908,4.733611111111
Yeast Grow 4 Days,pioreactor02,2025-09-20T09:46:45.908Z,24.12958,0.0,0.0,0.0,0.0,2025-09-20 11:46:45.908,4.74
Yeast Grow 4 Days,pioreactor02,2025-09-20T09:47:08.908Z,24.13008,0.0,0.0,0.0,0.0,2025-09-20 11:47:08.908,4.746388888889
Yeast Grow 4 Days,pioreactor02,2025-09-20T09:47:31.908Z,24.05758,0.0,0.0,0.0,0.0,2025-09-20 11:47:31.908,4.752777777778
Yeast Grow 4 Days,pioreactor02,2025-09-20T09:47:36.608Z,24.05758,0.0,0.0,0.0,81.15,2025-09-20 11:47:36.608,4.754166666667
Yeast Grow 4 Days,pioreactor02,2025-09-20T09:47:36.656Z,24.05758,0.0,0.0,0.0,80.22,2025-09-20 11:47:36.656,4.754166666667
Yeast Grow 4 Days,pioreactor02,2025-09-20T09:47:54.912Z,24.44608,0.0,0.0,0.0,80.22,2025-09-20 11:47:54.912,4.759166666667
Yeast Grow 4 Days,pioreactor02,2025-09-20T09:48:17.912Z,24.74258,0.0,0.0,0.0,80.22,2025-09-20 11:48:17.912,4.765555555556
Yeast Grow 4 Days,pioreactor02,2025-09-20T09:48:40.908Z,24.59458,0.0,0.0,0.0,80.22,2025-09-20 11:48:40.908,4.771944444444
Yeast Grow 4 Days,pioreactor02,2025-09-20T09:49:03.908Z,24.51408,0.0,0.0,0.0,80.22,2025-09-20 11:49:03.908,4.778333333333
Yeast Grow 4 Days,pioreactor02,2025-09-20T09:49:05.183Z,24.51408,0.0,0.0,0.0,0.0,2025-09-20 11:49:05.183,4.778888888889
Yeast Grow 4 Days,pioreactor02,2025-09-20T09:49:26.912Z,24.40708,0.0,0.0,0.0,0.0,2025-09-20 11:49:26.912,4.784722222222
Yeast Grow 4 Days,pioreactor02,2025-09-20T09:49:49.908Z,24.31158,0.0,0.0,0.0,0.0,2025-09-20 11:49:49.908,4.791111111111
Yeast Grow 4 Days,pioreactor02,2025-09-20T09:50:12.908Z,24.29658,0.0,0.0,0.0,0.0,2025-09-20 11:50:12.908,4.7975
Yeast Grow 4 Days,pioreactor02,2025-09-20T09:50:35.908Z,24.20108,0.0,0.0,0.0,0.0,2025-09-20 11:50:35.908,4.803888888889
Yeast Grow 4 Days,pioreactor02,2025-09-20T09:50:56.610Z,24.20108,0.0,0.0,0.0,80.22,2025-09-20 11:50:56.610,4.809722222222
Yeast Grow 4 Days,pioreactor02,2025-09-20T09:50:56.653Z,24.20108,0.0,0.0,0.0,80.37,2025-09-20 11:50:56.653,4.809722222222
Yeast Grow 4 Days,pioreactor02,2025-09-20T09:50:58.908Z,24.25008,0.0,0.0,0.0,80.37,2025-09-20 11:50:58.908,4.810277777778
Yeast Grow 4 Days,pioreactor02,2025-09-20T09:51:21.908Z,24.32508,0.0,0.0,0.0,80.37,2025-09-20 11:51:21.908,4.816666666667
Yeast Grow 4 Days,pioreactor02,2025-09-20T09:51:44.908Z,24.35858,0.0,0.0,0.0,80.37,2025-09-20 11:51:44.908,4.823055555556
Yeast Grow 4 Days,pioreactor02,2025-09-20T09:52:07.912Z,24.28058,0.0,0.0,0.0,80.37,2025-09-20 11:52:07.912,4.829444444444
Yeast Grow 4 Days,pioreactor02,2025-09-20T09:52:25.183Z,24.28058,0.0,0.0,0.0,0.0,2025-09-20 11:52:25.183,4.834444444444
Yeast Grow 4 Days,pioreactor02,2025-09-20T09:52:30.908Z,24.22108,0.0,0.0,0.0,0.0,2025-09-20 11:52:30.908,4.835833333333
Yeast Grow 4 Days,pioreactor02,2025-09-20T09:52:53.908Z,24.24658,0.0,0.0,0.0,0.0,2025-09-20 11:52:53.908,4.842222222222
Yeast Grow 4 Days,pioreactor02,2025-09-20T09:53:16.912Z,24.28758,0.0,0.0,0.0,0.0,2025-09-20 11:53:16.912,4.848611111111
Yeast Grow 4 Days,pioreactor02,2025-09-20T09:53:39.908Z,24.23958,0.0,0.0,0.0,0.0,2025-09-20 11:53:39.908,4.855
Yeast Grow 4 Days,pioreactor02,2025-09-20T09:54:02.908Z,24.29608,0.0,0.0,0.0,0.0,2025-09-20 11:54:02.908,4.861388888889
Yeast Grow 4 Days,pioreactor02,2025-09-20T09:54:16.607Z,24.29608,0.0,0.0,0.0,80.37,2025-09-20 11:54:16.607,4.865277777778
Yeast Grow 4 Days,pioreactor02,2025-09-20T09:54:16.649Z,24.29608,0.0,0.0,0.0,80.89,2025-09-20 11:54:16.649,4.865277777778
Yeast Grow 4 Days,pioreactor02,2025-09-20T09:54:25.908Z,24.27208,0.0,0.0,0.0,80.89,2025-09-20 11:54:25.908,4.867777777778
Yeast Grow 4 Days,pioreactor02,2025-09-20T09:54:48.908Z,24.21608,0.0,0.0,0.0,80.89,2025-09-20 11:54:48.908,4.874166666667
Yeast Grow 4 Days,pioreactor02,2025-09-20T09:55:11.908Z,24.25308,0.0,0.0,0.0,80.89,2025-09-20 11:55:11.908,4.880555555556
Yeast Grow 4 Days,pioreactor02,2025-09-20T09:55:34.908Z,24.19808,0.0,0.0,0.0,80.89,2025-09-20 11:55:34.908,4.886944444444
Yeast Grow 4 Days,pioreactor02,2025-09-20T09:55:45.183Z,24.19808,0.0,0.0,0.0,0.0,2025-09-20 11:55:45.183,4.89
Yeast Grow 4 Days,pioreactor02,2025-09-20T09:55:57.908Z,24.13408,0.0,0.0,0.0,0.0,2025-09-20 11:55:57.908,4.893333333333
Yeast Grow 4 Days,pioreactor02,2025-09-20T09:56:20.908Z,24.09808,0.0,0.0,0.0,0.0,2025-09-20 11:56:20.908,4.899722222222
Yeast Grow 4 Days,pioreactor02,2025-09-20T09:56:43.908Z,24.09458,0.0,0.0,0.0,0.0,2025-09-20 11:56:43.908,4.906111111111
Yeast Grow 4 Days,pioreactor02,2025-09-20T09:57:06.908Z,24.02908,0.0,0.0,0.0,0.0,2025-09-20 11:57:06.908,4.9125
Yeast Grow 4 Days,pioreactor02,2025-09-20T09:57:29.908Z,24.03358,0.0,0.0,0.0,0.0,2025-09-20 11:57:29.908,4.918888888889
Yeast Grow 4 Days,pioreactor02,2025-09-20T09:57:36.609Z,24.03358,0.0,0.0,0.0,80.89,2025-09-20 11:57:36.609,4.920833333333
Yeast Grow 4 Days,pioreactor02,2025-09-20T09:57:36.652Z,24.03358,0.0,0.0,0.0,81.71,2025-09-20 11:57:36.652,4.920833333333
Yeast Grow 4 Days,pioreactor02,2025-09-20T09:57:52.908Z,24.08108,0.0,0.0,0.0,81.71,2025-09-20 11:57:52.908,4.925277777778
Yeast Grow 4 Days,pioreactor02,2025-09-20T09:58:15.908Z,24.10158,0.0,0.0,0.0,81.71,2025-09-20 11:58:15.908,4.931666666667
Yeast Grow 4 Days,pioreactor02,2025-09-20T09:58:38.908Z,24.07558,0.0,0.0,0.0,81.71,2025-09-20 11:58:38.908,4.938055555556
Yeast Grow 4 Days,pioreactor02,2025-09-20T09:59:01.908Z,24.21658,0.0,0.0,0.0,81.71,2025-09-20 11:59:01.908,4.944444444444
Yeast Grow 4 Days,pioreactor02,2025-09-20T09:59:05.183Z,24.21658,0.0,0.0,0.0,0.0,2025-09-20 11:59:05.183,4.945555555556
Yeast Grow 4 Days,pioreactor02,2025-09-20T09:59:24.908Z,24.14708,0.0,0.0,0.0,0.0,2025-09-20 11:59:24.908,4.950833333333
Yeast Grow 4 Days,pioreactor02,2025-09-20T09:59:47.908Z,24.11008,0.0,0.0,0.0,0.0,2025-09-20 11:59:47.908,4.957222222222
Yeast Grow 4 Days,pioreactor02,2025-09-20T10:00:10.908Z,24.05358,0.0,0.0,0.0,0.0,2025-09-20 12:00:10.908,4.963611111111
Yeast Grow 4 Days,pioreactor02,2025-09-20T10:00:33.908Z,24.06058,0.0,0.0,0.0,0.0,2025-09-20 12:00:33.908,4.97
Yeast Grow 4 Days,pioreactor02,2025-09-20T10:00:56.610Z,24.06058,0.0,0.0,0.0,81.71,2025-09-20 12:00:56.610,4.976388888889
Yeast Grow 4 Days,pioreactor02,2025-09-20T10:00:56.652Z,24.06058,0.0,0.0,0.0,81.14,2025-09-20 12:00:56.652,4.976388888889
Yeast Grow 4 Days,pioreactor02,2025-09-20T10:00:56.908Z,24.10358,0.0,0.0,0.0,81.14,2025-09-20 12:00:56.908,4.976388888889
Yeast Grow 4 Days,pioreactor02,2025-09-20T10:01:19.908Z,24.26608,0.0,0.0,0.0,81.14,2025-09-20 12:01:19.908,4.982777777778
Yeast Grow 4 Days,pioreactor02,2025-09-20T10:01:42.908Z,24.63358,0.0,0.0,0.0,81.14,2025-09-20 12:01:42.908,4.989166666667
Yeast Grow 4 Days,pioreactor02,2025-09-20T10:02:05.908Z,24.94258,0.0,0.0,0.0,81.14,2025-09-20 12:02:05.908,4.995555555556
Yeast Grow 4 Days,pioreactor02,2025-09-20T10:02:25.183Z,24.94258,0.0,0.0,0.0,0.0,2025-09-20 12:02:25.183,5.001111111111
Yeast Grow 4 Days,pioreactor02,2025-09-20T10:02:28.908Z,24.80508,0.0,0.0,0.0,0.0,2025-09-20 12:02:28.908,5.001944444444
Yeast Grow 4 Days,pioreactor02,2025-09-20T10:02:51.908Z,24.75258,0.0,0.0,0.0,0.0,2025-09-20 12:02:51.908,5.008333333333
Yeast Grow 4 Days,pioreactor02,2025-09-20T10:03:14.908Z,24.66858,0.0,0.0,0.0,0.0,2025-09-20 12:03:14.908,5.014722222222
Yeast Grow 4 Days,pioreactor02,2025-09-20T10:03:37.908Z,24.61208,0.0,0.0,0.0,0.0,2025-09-20 12:03:37.908,5.021111111111
Yeast Grow 4 Days,pioreactor02,2025-09-20T10:04:00.908Z,24.50508,0.0,0.0,0.0,0.0,2025-09-20 12:04:00.908,5.0275
Yeast Grow 4 Days,pioreactor02,2025-09-20T10:04:16.609Z,24.50508,0.0,0.0,0.0,81.14,2025-09-20 12:04:16.609,5.031944444444
Yeast Grow 4 Days,pioreactor02,2025-09-20T10:04:16.656Z,24.50508,0.0,0.0,0.0,81.67,2025-09-20 12:04:16.656,5.031944444444
Yeast Grow 4 Days,pioreactor02,2025-09-20T10:04:23.908Z,24.51108,0.0,0.0,0.0,81.67,2025-09-20 12:04:23.908,5.033888888889
Yeast Grow 4 Days,pioreactor02,2025-09-20T10:04:46.908Z,24.50508,0.0,0.0,0.0,81.67,2025-09-20 12:04:46.908,5.040277777778
Yeast Grow 4 Days,pioreactor02,2025-09-20T10:05:09.912Z,24.48358,0.0,0.0,0.0,81.67,2025-09-20 12:05:09.912,5.046666666667
Yeast Grow 4 Days,pioreactor02,2025-09-20T10:05:32.908Z,24.43358,0.0,0.0,0.0,81.67,2025-09-20 12:05:32.908,5.053055555556
Yeast Grow 4 Days,pioreactor02,2025-09-20T10:05:45.183Z,24.43358,0.0,0.0,0.0,0.0,2025-09-20 12:05:45.183,5.056666666667
Yeast Grow 4 Days,pioreactor02,2025-09-20T10:05:55.908Z,24.42708,0.0,0.0,0.0,0.0,2025-09-20 12:05:55.908,5.059444444444
Yeast Grow 4 Days,pioreactor02,2025-09-20T10:06:18.908Z,24.40808,0.0,0.0,0.0,0.0,2025-09-20 12:06:18.908,5.065833333333
Yeast Grow 4 Days,pioreactor02,2025-09-20T10:06:41.908Z,24.41658,0.0,0.0,0.0,0.0,2025-09-20 12:06:41.908,5.072222222222
Yeast Grow 4 Days,pioreactor02,2025-09-20T10:07:04.908Z,24.35908,0.0,0.0,0.0,0.0,2025-09-20 12:07:04.908,5.078611111111
Yeast Grow 4 Days,pioreactor02,2025-09-20T10:07:27.908Z,24.31008,0.0,0.0,0.0,0.0,2025-09-20 12:07:27.908,5.085
Yeast Grow 4 Days,pioreactor02,2025-09-20T10:07:36.609Z,24.31008,0.0,0.0,0.0,81.67,2025-09-20 12:07:36.609,5.0875
Yeast Grow 4 Days,pioreactor02,2025-09-20T10:07:36.652Z,24.31008,0.0,0.0,0.0,81.09,2025-09-20 12:07:36.652,5.0875
Yeast Grow 4 Days,pioreactor02,2025-09-20T10:07:50.908Z,24.70558,0.0,0.0,0.0,81.09,2025-09-20 12:07:50.908,5.091388888889
Yeast Grow 4 Days,pioreactor02,2025-09-20T10:08:13.908Z,25.05558,0.0,0.0,0.0,81.09,2025-09-20 12:08:13.908,5.097777777778
Yeast Grow 4 Days,pioreactor02,2025-09-20T10:08:36.908Z,24.90558,0.0,0.0,0.0,81.09,2025-09-20 12:08:36.908,5.104166666667
Yeast Grow 4 Days,pioreactor02,2025-09-20T10:08:59.908Z,24.76258,0.0,0.0,0.0,81.09,2025-09-20 12:08:59.908,5.110555555556
Yeast Grow 4 Days,pioreactor02,2025-09-20T10:09:05.183Z,24.76258,0.0,0.0,0.0,0.0,2025-09-20 12:09:05.183,5.112222222222
Yeast Grow 4 Days,pioreactor02,2025-09-20T10:09:22.908Z,24.66108,0.0,0.0,0.0,0.0,2025-09-20 12:09:22.908,5.116944444444
Yeast Grow 4 Days,pioreactor02,2025-09-20T10:09:45.908Z,24.60158,0.0,0.0,0.0,0.0,2025-09-20 12:09:45.908,5.123333333333
Yeast Grow 4 Days,pioreactor02,2025-09-20T10:10:08.908Z,24.70358,0.0,0.0,0.0,0.0,2025-09-20 12:10:08.908,5.129722222222
Yeast Grow 4 Days,pioreactor02,2025-09-20T10:10:31.908Z,24.70158,0.0,0.0,0.0,0.0,2025-09-20 12:10:31.908,5.136111111111
Yeast Grow 4 Days,pioreactor02,2025-09-20T10:10:54.908Z,24.62208,0.0,0.0,0.0,0.0,2025-09-20 12:10:54.908,5.1425
Yeast Grow 4 Days,pioreactor02,2025-09-20T10:10:56.608Z,24.62208,0.0,0.0,0.0,81.09,2025-09-20 12:10:56.608,5.143055555556
Yeast Grow 4 Days,pioreactor02,2025-09-20T10:10:56.652Z,24.62208,0.0,0.0,0.0,82.16,2025-09-20 12:10:56.652,5.143055555556
Yeast Grow 4 Days,pioreactor02,2025-09-20T10:11:17.908Z,24.62958,0.0,0.0,0.0,82.16,2025-09-20 12:11:17.908,5.148888888889
Yeast Grow 4 Days,pioreactor02,2025-09-20T10:11:40.908Z,24.60858,0.0,0.0,0.0,82.16,2025-09-20 12:11:40.908,5.155277777778
Yeast Grow 4 Days,pioreactor02,2025-09-20T10:12:03.908Z,24.61258,0.0,0.0,0.0,82.16,2025-09-20 12:12:03.908,5.161666666667
Yeast Grow 4 Days,pioreactor02,2025-09-20T10:12:25.183Z,24.61258,0.0,0.0,0.0,0.0,2025-09-20 12:12:25.183,5.167777777778
Yeast Grow 4 Days,pioreactor02,2025-09-20T10:12:26.908Z,24.53158,0.0,0.0,0.0,0.0,2025-09-20 12:12:26.908,5.168055555556
Yeast Grow 4 Days,pioreactor02,2025-09-20T10:12:49.908Z,24.46658,0.0,0.0,0.0,0.0,2025-09-20 12:12:49.908,5.174444444444
Yeast Grow 4 Days,pioreactor02,2025-09-20T10:13:12.908Z,24.46058,0.0,0.0,0.0,0.0,2025-09-20 12:13:12.908,5.180833333333
Yeast Grow 4 Days,pioreactor02,2025-09-20T10:13:35.908Z,24.39708,0.0,0.0,0.0,0.0,2025-09-20 12:13:35.908,5.187222222222
Yeast Grow 4 Days,pioreactor02,2025-09-20T10:13:58.908Z,24.40158,0.0,0.0,0.0,0.0,2025-09-20 12:13:58.908,5.193611111111
Yeast Grow 4 Days,pioreactor02,2025-09-20T10:14:16.608Z,24.40158,0.0,0.0,0.0,82.16,2025-09-20 12:14:16.608,5.198611111111
Yeast Grow 4 Days,pioreactor02,2025-09-20T10:14:16.652Z,24.40158,0.0,0.0,0.0,82.43,2025-09-20 12:14:16.652,5.198611111111
Yeast Grow 4 Days,pioreactor02,2025-09-20T10:14:21.908Z,24.42958,0.0,0.0,0.0,82.43,2025-09-20 12:14:21.908,5.2
Yeast Grow 4 Days,pioreactor02,2025-09-20T10:14:44.908Z,24.49058,0.0,0.0,0.0,82.43,2025-09-20 12:14:44.908,5.206388888889
Yeast Grow 4 Days,pioreactor02,2025-09-20T10:15:07.908Z,24.57858,0.0,0.0,0.0,82.43,2025-09-20 12:15:07.908,5.212777777778
Yeast Grow 4 Days,pioreactor02,2025-09-20T10:15:30.908Z,24.54308,0.0,0.0,0.0,82.43,2025-09-20 12:15:30.908,5.219166666667
Yeast Grow 4 Days,pioreactor02,2025-09-20T10:15:45.183Z,24.54308,0.0,0.0,0.0,0.0,2025-09-20 12:15:45.183,5.223333333333
Yeast Grow 4 Days,pioreactor02,2025-09-20T10:15:53.908Z,24.45508,0.0,0.0,0.0,0.0,2025-09-20 12:15:53.908,5.225555555556
Yeast Grow 4 Days,pioreactor02,2025-09-20T10:16:16.908Z,24.44008,0.0,0.0,0.0,0.0,2025-09-20 12:16:16.908,5.231944444444
Yeast Grow 4 Days,pioreactor02,2025-09-20T10:16:39.908Z,24.42258,0.0,0.0,0.0,0.0,2025-09-20 12:16:39.908,5.238333333333
Yeast Grow 4 Days,pioreactor02,2025-09-20T10:17:02.908Z,24.81008,0.0,0.0,0.0,0.0,2025-09-20 12:17:02.908,5.244722222222
Yeast Grow 4 Days,pioreactor02,2025-09-20T10:17:25.908Z,25.15308,0.0,0.0,0.0,0.0,2025-09-20 12:17:25.908,5.251111111111
Yeast Grow 4 Days,pioreactor02,2025-09-20T10:17:36.609Z,25.15308,0.0,0.0,0.0,82.43,2025-09-20 12:17:36.609,5.254166666667
Yeast Grow 4 Days,pioreactor02,2025-09-20T10:17:36.653Z,25.15308,0.0,0.0,0.0,82.67,2025-09-20 12:17:36.653,5.254166666667
Yeast Grow 4 Days,pioreactor02,2025-09-20T10:17:48.908Z,25.02008,0.0,0.0,0.0,82.67,2025-09-20 12:17:48.908,5.2575
Yeast Grow 4 Days,pioreactor02,2025-09-20T10:18:11.908Z,24.94858,0.0,0.0,0.0,82.67,2025-09-20 12:18:11.908,5.263888888889
Yeast Grow 4 Days,pioreactor02,2025-09-20T10:18:34.908Z,24.86158,0.0,0.0,0.0,82.67,2025-09-20 12:18:34.908,5.270277777778
Yeast Grow 4 Days,pioreactor02,2025-09-20T10:18:57.908Z,24.83558,0.0,0.0,0.0,82.67,2025-09-20 12:18:57.908,5.276666666667
Yeast Grow 4 Days,pioreactor02,2025-09-20T10:19:05.183Z,24.83558,0.0,0.0,0.0,0.0,2025-09-20 12:19:05.183,5.278888888889
Yeast Grow 4 Days,pioreactor02,2025-09-20T10:19:20.908Z,24.73608,0.0,0.0,0.0,0.0,2025-09-20 12:19:20.908,5.283055555556
Yeast Grow 4 Days,pioreactor02,2025-09-20T10:19:43.908Z,24.68508,0.0,0.0,0.0,0.0,2025-09-20 12:19:43.908,5.289444444444
Yeast Grow 4 Days,pioreactor02,2025-09-20T10:20:06.908Z,24.60558,0.0,0.0,0.0,0.0,2025-09-20 12:20:06.908,5.295833333333
Yeast Grow 4 Days,pioreactor02,2025-09-20T10:20:29.908Z,24.60708,0.0,0.0,0.0,0.0,2025-09-20 12:20:29.908,5.302222222222
Yeast Grow 4 Days,pioreactor02,2025-09-20T10:20:52.908Z,24.60958,0.0,0.0,0.0,0.0,2025-09-20 12:20:52.908,5.308611111111
Yeast Grow 4 Days,pioreactor02,2025-09-20T10:20:56.608Z,24.60958,0.0,0.0,0.0,82.67,2025-09-20 12:20:56.608,5.309722222222
Yeast Grow 4 Days,pioreactor02,2025-09-20T10:20:56.653Z,24.60958,0.0,0.0,0.0,84.25,2025-09-20 12:20:56.653,5.309722222222
Yeast Grow 4 Days,pioreactor02,2025-09-20T10:21:15.908Z,24.60908,0.0,0.0,0.0,84.25,2025-09-20 12:21:15.908,5.315
Yeast Grow 4 Days,pioreactor02,2025-09-20T10:21:38.908Z,24.54458,0.0,0.0,0.0,84.25,2025-09-20 12:21:38.908,5.321388888889
Yeast Grow 4 Days,pioreactor02,2025-09-20T10:22:01.908Z,24.58108,0.0,0.0,0.0,84.25,2025-09-20 12:22:01.908,5.327777777778
Yeast Grow 4 Days,pioreactor02,2025-09-20T10:22:24.908Z,24.56458,0.0,0.0,0.0,84.25,2025-09-20 12:22:24.908,5.334166666667
Yeast Grow 4 Days,pioreactor02,2025-09-20T10:22:25.183Z,24.56458,0.0,0.0,0.0,0.0,2025-09-20 12:22:25.183,5.334444444444
Yeast Grow 4 Days,pioreactor02,2025-09-20T10:22:47.908Z,24.56408,0.0,0.0,0.0,0.0,2025-09-20 12:22:47.908,5.340555555556
Yeast Grow 4 Days,pioreactor02,2025-09-20T10:23:10.908Z,24.54358,0.0,0.0,0.0,0.0,2025-09-20 12:23:10.908,5.346944444444
Yeast Grow 4 Days,pioreactor02,2025-09-20T10:23:33.908Z,24.48158,0.0,0.0,0.0,0.0,2025-09-20 12:23:33.908,5.353333333333
Yeast Grow 4 Days,pioreactor02,2025-09-20T10:23:56.908Z,24.51558,0.0,0.0,0.0,0.0,2025-09-20 12:23:56.908,5.359722222222
Yeast Grow 4 Days,pioreactor02,2025-09-20T10:24:16.611Z,24.51558,0.0,0.0,0.0,84.25,2025-09-20 12:24:16.611,5.365277777778
Yeast Grow 4 Days,pioreactor02,2025-09-20T10:24:16.652Z,24.51558,0.0,0.0,0.0,84.21,2025-09-20 12:24:16.652,5.365277777778
Yeast Grow 4 Days,pioreactor02,2025-09-20T10:24:19.912Z,24.58208,0.0,0.0,0.0,84.21,2025-09-20 12:24:19.912,5.366111111111
Yeast Grow 4 Days,pioreactor02,2025-09-20T10:24:42.908Z,24.55108,0.0,0.0,0.0,84.21,2025-09-20 12:24:42.908,5.3725
Yeast Grow 4 Days,pioreactor02,2025-09-20T10:25:05.908Z,24.61708,0.0,0.0,0.0,84.21,2025-09-20 12:25:05.908,5.378888888889
Yeast Grow 4 Days,pioreactor02,2025-09-20T10:25:28.908Z,25.00158,0.0,0.0,0.0,84.21,2025-09-20 12:25:28.908,5.385277777778
Yeast Grow 4 Days,pioreactor02,2025-09-20T10:25:45.183Z,25.00158,0.0,0.0,0.0,0.0,2025-09-20 12:25:45.183,5.39
Yeast Grow 4 Days,pioreactor02,2025-09-20T10:25:51.908Z,25.01108,0.0,0.0,0.0,0.0,2025-09-20 12:25:51.908,5.391666666667
Yeast Grow 4 Days,pioreactor02,2025-09-20T10:26:14.908Z,24.82408,0.0,0.0,0.0,0.0,2025-09-20 12:26:14.908,5.398055555556
Yeast Grow 4 Days,pioreactor02,2025-09-20T10:26:37.908Z,24.78358,0.0,0.0,0.0,0.0,2025-09-20 12:26:37.908,5.404444444444
Yeast Grow 4 Days,pioreactor02,2025-09-20T10:27:00.908Z,24.78558,0.0,0.0,0.0,0.0,2025-09-20 12:27:00.908,5.410833333333
Yeast Grow 4 Days,pioreactor02,2025-09-20T10:27:23.908Z,24.74408,0.0,0.0,0.0,0.0,2025-09-20 12:27:23.908,5.417222222222
Yeast Grow 4 Days,pioreactor02,2025-09-20T10:27:36.608Z,24.74408,0.0,0.0,0.0,84.21,2025-09-20 12:27:36.608,5.420833333333
Yeast Grow 4 Days,pioreactor02,2025-09-20T10:27:36.652Z,24.74408,0.0,0.0,0.0,83.67,2025-09-20 12:27:36.652,5.420833333333
Yeast Grow 4 Days,pioreactor02,2025-09-20T10:27:46.908Z,24.82358,0.0,0.0,0.0,83.67,2025-09-20 12:27:46.908,5.423611111111
Yeast Grow 4 Days,pioreactor02,2025-09-20T10:28:09.908Z,24.85408,0.0,0.0,0.0,83.67,2025-09-20 12:28:09.908,5.43
Yeast Grow 4 Days,pioreactor02,2025-09-20T10:28:32.908Z,24.80208,0.0,0.0,0.0,83.67,2025-09-20 12:28:32.908,5.436388888889
Yeast Grow 4 Days,pioreactor02,2025-09-20T10:28:55.908Z,24.77958,0.0,0.0,0.0,83.67,2025-09-20 12:28:55.908,5.442777777778
Yeast Grow 4 Days,pioreactor02,2025-09-20T10:29:05.184Z,24.77958,0.0,0.0,0.0,0.0,2025-09-20 12:29:05.184,5.445555555556
Yeast Grow 4 Days,pioreactor02,2025-09-20T10:29:18.908Z,24.79108,0.0,0.0,0.0,0.0,2025-09-20 12:29:18.908,5.449166666667
Yeast Grow 4 Days,pioreactor02,2025-09-20T10:29:41.908Z,24.78008,0.0,0.0,0.0,0.0,2025-09-20 12:29:41.908,5.455555555556
Yeast Grow 4 Days,pioreactor02,2025-09-20T10:30:04.908Z,24.74108,0.0,0.0,0.0,0.0,2025-09-20 12:30:04.908,5.461944444444
Yeast Grow 4 Days,pioreactor02,2025-09-20T10:30:27.908Z,24.71658,0.0,0.0,0.0,0.0,2025-09-20 12:30:27.908,5.468333333333
Yeast Grow 4 Days,pioreactor02,2025-09-20T10:30:50.908Z,24.87558,0.0,0.0,0.0,0.0,2025-09-20 12:30:50.908,5.474722222222
Yeast Grow 4 Days,pioreactor02,2025-09-20T10:30:56.611Z,24.87558,0.0,0.0,0.0,83.67,2025-09-20 12:30:56.611,5.476388888889
Yeast Grow 4 Days,pioreactor02,2025-09-20T10:30:56.656Z,24.87558,0.0,0.0,0.0,83.99,2025-09-20 12:30:56.656,5.476388888889
Yeast Grow 4 Days,pioreactor02,2025-09-20T10:31:13.908Z,24.82858,0.0,0.0,0.0,83.99,2025-09-20 12:31:13.908,5.481111111111
Yeast Grow 4 Days,pioreactor02,2025-09-20T10:31:36.908Z,24.83808,0.0,0.0,0.0,83.99,2025-09-20 12:31:36.908,5.4875
Yeast Grow 4 Days,pioreactor02,2025-09-20T10:31:59.912Z,24.76458,0.0,0.0,0.0,83.99,2025-09-20 12:31:59.912,5.493888888889
Yeast Grow 4 Days,pioreactor02,2025-09-20T10:32:22.908Z,24.70658,0.0,0.0,0.0,83.99,2025-09-20 12:32:22.908,5.500277777778
Yeast Grow 4 Days,pioreactor02,2025-09-20T10:32:25.183Z,24.70658,0.0,0.0,0.0,0.0,2025-09-20 12:32:25.183,5.501111111111
Yeast Grow 4 Days,pioreactor02,2025-09-20T10:32:45.908Z,24.62608,0.0,0.0,0.0,0.0,2025-09-20 12:32:45.908,5.506666666667
Yeast Grow 4 Days,pioreactor02,2025-09-20T10:33:08.908Z,24.66508,0.0,0.0,0.0,0.0,2025-09-20 12:33:08.908,5.513055555556
Yeast Grow 4 Days,pioreactor02,2025-09-20T10:33:31.908Z,24.61758,0.0,0.0,0.0,0.0,2025-09-20 12:33:31.908,5.519444444444
Yeast Grow 4 Days,pioreactor02,2025-09-20T10:33:54.908Z,24.59708,0.0,0.0,0.0,0.0,2025-09-20 12:33:54.908,5.525833333333
Yeast Grow 4 Days,pioreactor02,2025-09-20T10:34:16.609Z,24.59708,0.0,0.0,0.0,83.99,2025-09-20 12:34:16.609,5.531944444444
Yeast Grow 4 Days,pioreactor02,2025-09-20T10:34:16.652Z,24.59708,0.0,0.0,0.0,85.04,2025-09-20 12:34:16.652,5.531944444444
Yeast Grow 4 Days,pioreactor02,2025-09-20T10:34:17.908Z,24.59908,0.0,0.0,0.0,85.04,2025-09-20 12:34:17.908,5.532222222222
Yeast Grow 4 Days,pioreactor02,2025-09-20T10:34:40.908Z,24.59158,0.0,0.0,0.0,85.04,2025-09-20 12:34:40.908,5.538611111111
Yeast Grow 4 Days,pioreactor02,2025-09-20T10:35:03.908Z,24.60958,0.0,0.0,0.0,85.04,2025-09-20 12:35:03.908,5.545
Yeast Grow 4 Days,pioreactor02,2025-09-20T10:35:26.908Z,24.56508,0.0,0.0,0.0,85.04,2025-09-20 12:35:26.908,5.551388888889
Yeast Grow 4 Days,pioreactor02,2025-09-20T10:35:45.183Z,24.56508,0.0,0.0,0.0,0.0,2025-09-20 12:35:45.183,5.556666666667
Yeast Grow 4 Days,pioreactor02,2025-09-20T10:35:49.908Z,24.56258,0.0,0.0,0.0,0.0,2025-09-20 12:35:49.908,5.557777777778
Yeast Grow 4 Days,pioreactor02,2025-09-20T10:36:12.908Z,24.55508,0.0,0.0,0.0,0.0,2025-09-20 12:36:12.908,5.564166666667
Yeast Grow 4 Days,pioreactor02,2025-09-20T10:36:35.908Z,24.52158,0.0,0.0,0.0,0.0,2025-09-20 12:36:35.908,5.570555555556
Yeast Grow 4 Days,pioreactor02,2025-09-20T10:36:58.908Z,24.47958,0.0,0.0,0.0,0.0,2025-09-20 12:36:58.908,5.576944444444
Yeast Grow 4 Days,pioreactor02,2025-09-20T10:37:21.908Z,24.46308,0.0,0.0,0.0,0.0,2025-09-20 12:37:21.908,5.583333333333
Yeast Grow 4 Days,pioreactor02,2025-09-20T10:37:36.608Z,24.46308,0.0,0.0,0.0,85.04,2025-09-20 12:37:36.608,5.5875
Yeast Grow 4 Days,pioreactor02,2025-09-20T10:37:36.652Z,24.46308,0.0,0.0,0.0,86.4,2025-09-20 12:37:36.652,5.5875
Yeast Grow 4 Days,pioreactor02,2025-09-20T10:37:44.908Z,24.49058,0.0,0.0,0.0,86.4,2025-09-20 12:37:44.908,5.589722222222
Yeast Grow 4 Days,pioreactor02,2025-09-20T10:38:07.908Z,24.53958,0.0,0.0,0.0,86.4,2025-09-20 12:38:07.908,5.596111111111
Yeast Grow 4 Days,pioreactor02,2025-09-20T10:38:30.908Z,24.57108,0.0,0.0,0.0,86.4,2025-09-20 12:38:30.908,5.6025
Yeast Grow 4 Days,pioreactor02,2025-09-20T10:38:53.908Z,24.57608,0.0,0.0,0.0,86.4,2025-09-20 12:38:53.908,5.608888888889
Yeast Grow 4 Days,pioreactor02,2025-09-20T10:39:05.183Z,24.57608,0.0,0.0,0.0,0.0,2025-09-20 12:39:05.183,5.612222222222
Yeast Grow 4 Days,pioreactor02,2025-09-20T10:39:16.908Z,24.53608,0.0,0.0,0.0,0.0,2025-09-20 12:39:16.908,5.615277777778
Yeast Grow 4 Days,pioreactor02,2025-09-20T10:39:39.908Z,24.48108,0.0,0.0,0.0,0.0,2025-09-20 12:39:39.908,5.621666666667
Yeast Grow 4 Days,pioreactor02,2025-09-20T10:40:02.908Z,24.61558,0.0,0.0,0.0,0.0,2025-09-20 12:40:02.908,5.628055555556
Yeast Grow 4 Days,pioreactor02,2025-09-20T10:40:25.908Z,24.58108,0.0,0.0,0.0,0.0,2025-09-20 12:40:25.908,5.634444444444
Yeast Grow 4 Days,pioreactor02,2025-09-20T10:40:48.908Z,24.56708,0.0,0.0,0.0,0.0,2025-09-20 12:40:48.908,5.640833333333
Yeast Grow 4 Days,pioreactor02,2025-09-20T10:40:56.609Z,24.56708,0.0,0.0,0.0,86.4,2025-09-20 12:40:56.609,5.643055555556
Yeast Grow 4 Days,pioreactor02,2025-09-20T10:40:56.652Z,24.56708,0.0,0.0,0.0,85.91,2025-09-20 12:40:56.652,5.643055555556
Yeast Grow 4 Days,pioreactor02,2025-09-20T10:41:11.908Z,24.55808,0.0,0.0,0.0,85.91,2025-09-20 12:41:11.908,5.647222222222
Yeast Grow 4 Days,pioreactor02,2025-09-20T10:41:34.908Z,24.90958,0.0,0.0,0.0,85.91,2025-09-20 12:41:34.908,5.653611111111
Yeast Grow 4 Days,pioreactor02,2025-09-20T10:41:57.908Z,25.27208,0.0,0.0,0.0,85.91,2025-09-20 12:41:57.908,5.66
Yeast Grow 4 Days,pioreactor02,2025-09-20T10:42:20.908Z,25.13708,0.0,0.0,0.0,85.91,2025-09-20 12:42:20.908,5.666388888889
Yeast Grow 4 Days,pioreactor02,2025-09-20T10:42:25.183Z,25.13708,0.0,0.0,0.0,0.0,2025-09-20 12:42:25.183,5.667777777778
Yeast Grow 4 Days,pioreactor02,2025-09-20T10:42:43.908Z,25.02758,0.0,0.0,0.0,0.0,2025-09-20 12:42:43.908,5.672777777778
Yeast Grow 4 Days,pioreactor02,2025-09-20T10:43:06.908Z,24.90608,0.0,0.0,0.0,0.0,2025-09-20 12:43:06.908,5.679166666667
Yeast Grow 4 Days,pioreactor02,2025-09-20T10:43:29.908Z,24.77708,0.0,0.0,0.0,0.0,2025-09-20 12:43:29.908,5.685555555556
Yeast Grow 4 Days,pioreactor02,2025-09-20T10:43:52.908Z,24.75008,0.0,0.0,0.0,0.0,2025-09-20 12:43:52.908,5.691944444444
Yeast Grow 4 Days,pioreactor02,2025-09-20T10:44:15.908Z,24.70008,0.0,0.0,0.0,0.0,2025-09-20 12:44:15.908,5.698333333333
Yeast Grow 4 Days,pioreactor02,2025-09-20T10:44:16.608Z,24.70008,0.0,0.0,0.0,85.91,2025-09-20 12:44:16.608,5.698611111111
Yeast Grow 4 Days,pioreactor02,2025-09-20T10:44:16.652Z,24.70008,0.0,0.0,0.0,85.17,2025-09-20 12:44:16.652,5.698611111111
Yeast Grow 4 Days,pioreactor02,2025-09-20T10:44:38.908Z,25.06258,0.0,0.0,0.0,85.17,2025-09-20 12:44:38.908,5.704722222222
Yeast Grow 4 Days,pioreactor02,2025-09-20T10:45:01.908Z,25.38108,0.0,0.0,0.0,85.17,2025-09-20 12:45:01.908,5.711111111111
Yeast Grow 4 Days,pioreactor02,2025-09-20T10:45:24.908Z,25.28608,0.0,0.0,0.0,85.17,2025-09-20 12:45:24.908,5.7175
Yeast Grow 4 Days,pioreactor02,2025-09-20T10:45:45.184Z,25.28608,0.0,0.0,0.0,0.0,2025-09-20 12:45:45.184,5.723333333333
Yeast Grow 4 Days,pioreactor02,2025-09-20T10:45:47.908Z,25.12358,0.0,0.0,0.0,0.0,2025-09-20 12:45:47.908,5.723888888889
Yeast Grow 4 Days,pioreactor02,2025-09-20T10:46:10.908Z,24.98808,0.0,0.0,0.0,0.0,2025-09-20 12:46:10.908,5.730277777778
Yeast Grow 4 Days,pioreactor02,2025-09-20T10:46:33.908Z,24.94208,0.0,0.0,0.0,0.0,2025-09-20 12:46:33.908,5.736666666667
Yeast Grow 4 Days,pioreactor02,2025-09-20T10:46:56.908Z,24.83058,0.0,0.0,0.0,0.0,2025-09-20 12:46:56.908,5.743055555556
Yeast Grow 4 Days,pioreactor02,2025-09-20T10:47:19.908Z,24.77758,0.0,0.0,0.0,0.0,2025-09-20 12:47:19.908,5.749444444444
Yeast Grow 4 Days,pioreactor02,2025-09-20T10:47:36.609Z,24.77758,0.0,0.0,0.0,85.17,2025-09-20 12:47:36.609,5.754166666667
Yeast Grow 4 Days,pioreactor02,2025-09-20T10:47:36.653Z,24.77758,0.0,0.0,0.0,84.83,2025-09-20 12:47:36.653,5.754166666667
Yeast Grow 4 Days,pioreactor02,2025-09-20T10:47:42.908Z,24.76158,0.0,0.0,0.0,84.83,2025-09-20 12:47:42.908,5.755833333333
Yeast Grow 4 Days,pioreactor02,2025-09-20T10:48:05.908Z,24.70358,0.0,0.0,0.0,84.83,2025-09-20 12:48:05.908,5.762222222222
Yeast Grow 4 Days,pioreactor02,2025-09-20T10:48:28.908Z,24.79858,0.0,0.0,0.0,84.83,2025-09-20 12:48:28.908,5.768611111111
Yeast Grow 4 Days,pioreactor02,2025-09-20T10:48:51.908Z,25.16608,0.0,0.0,0.0,84.83,2025-09-20 12:48:51.908,5.775
Yeast Grow 4 Days,pioreactor02,2025-09-20T10:49:05.183Z,25.16608,0.0,0.0,0.0,0.0,2025-09-20 12:49:05.183,5.778888888889
Yeast Grow 4 Days,pioreactor02,2025-09-20T10:49:14.908Z,25.02658,0.0,0.0,0.0,0.0,2025-09-20 12:49:14.908,5.781388888889
Yeast Grow 4 Days,pioreactor02,2025-09-20T10:49:37.908Z,24.92708,0.0,0.0,0.0,0.0,2025-09-20 12:49:37.908,5.787777777778
Yeast Grow 4 Days,pioreactor02,2025-09-20T10:50:00.908Z,24.87808,0.0,0.0,0.0,0.0,2025-09-20 12:50:00.908,5.794166666667
Yeast Grow 4 Days,pioreactor02,2025-09-20T10:50:23.908Z,24.79058,0.0,0.0,0.0,0.0,2025-09-20 12:50:23.908,5.800555555556
Yeast Grow 4 Days,pioreactor02,2025-09-20T10:50:46.908Z,24.71808,0.0,0.0,0.0,0.0,2025-09-20 12:50:46.908,5.806944444444
Yeast Grow 4 Days,pioreactor02,2025-09-20T10:50:56.611Z,24.71808,0.0,0.0,0.0,84.83,2025-09-20 12:50:56.611,5.809722222222
Yeast Grow 4 Days,pioreactor02,2025-09-20T10:50:56.652Z,24.71808,0.0,0.0,0.0,83.81,2025-09-20 12:50:56.652,5.809722222222
Yeast Grow 4 Days,pioreactor02,2025-09-20T10:51:09.908Z,24.69458,0.0,0.0,0.0,83.81,2025-09-20 12:51:09.908,5.813333333333
Yeast Grow 4 Days,pioreactor02,2025-09-20T10:51:32.908Z,24.68658,0.0,0.0,0.0,83.81,2025-09-20 12:51:32.908,5.819722222222
Yeast Grow 4 Days,pioreactor02,2025-09-20T10:51:55.908Z,24.69758,0.0,0.0,0.0,83.81,2025-09-20 12:51:55.908,5.826111111111
Yeast Grow 4 Days,pioreactor02,2025-09-20T10:52:18.908Z,24.69308,0.0,0.0,0.0,83.81,2025-09-20 12:52:18.908,5.8325
Yeast Grow 4 Days,pioreactor02,2025-09-20T10:52:25.183Z,24.69308,0.0,0.0,0.0,0.0,2025-09-20 12:52:25.183,5.834444444444
Yeast Grow 4 Days,pioreactor02,2025-09-20T10:52:41.908Z,24.61258,0.0,0.0,0.0,0.0,2025-09-20 12:52:41.908,5.838888888889
Yeast Grow 4 Days,pioreactor02,2025-09-20T10:53:04.908Z,24.58458,0.0,0.0,0.0,0.0,2025-09-20 12:53:04.908,5.845277777778
Yeast Grow 4 Days,pioreactor02,2025-09-20T10:53:27.908Z,24.56308,0.0,0.0,0.0,0.0,2025-09-20 12:53:27.908,5.851666666667
Yeast Grow 4 Days,pioreactor02,2025-09-20T10:53:50.908Z,24.59658,0.0,0.0,0.0,0.0,2025-09-20 12:53:50.908,5.858055555556
Yeast Grow 4 Days,pioreactor02,2025-09-20T10:54:13.912Z,24.54458,0.0,0.0,0.0,0.0,2025-09-20 12:54:13.912,5.864444444444
Yeast Grow 4 Days,pioreactor02,2025-09-20T10:54:16.609Z,24.54458,0.0,0.0,0.0,83.81,2025-09-20 12:54:16.609,5.865277777778
Yeast Grow 4 Days,pioreactor02,2025-09-20T10:54:16.652Z,24.54458,0.0,0.0,0.0,82.33,2025-09-20 12:54:16.652,5.865277777778
Yeast Grow 4 Days,pioreactor02,2025-09-20T10:54:36.908Z,24.53058,0.0,0.0,0.0,82.33,2025-09-20 12:54:36.908,5.870833333333
Yeast Grow 4 Days,pioreactor02,2025-09-20T10:54:59.908Z,24.52758,0.0,0.0,0.0,82.33,2025-09-20 12:54:59.908,5.877222222222
Yeast Grow 4 Days,pioreactor02,2025-09-20T10:55:22.908Z,24.56858,0.0,0.0,0.0,82.33,2025-09-20 12:55:22.908,5.883611111111
Yeast Grow 4 Days,pioreactor02,2025-09-20T10:55:45.183Z,24.56858,0.0,0.0,0.0,0.0,2025-09-20 12:55:45.183,5.89
Yeast Grow 4 Days,pioreactor02,2025-09-20T10:55:45.908Z,24.96308,0.0,0.0,0.0,0.0,2025-09-20 12:55:45.908,5.89
Yeast Grow 4 Days,pioreactor02,2025-09-20T10:56:08.908Z,25.31208,0.0,0.0,0.0,0.0,2025-09-20 12:56:08.908,5.896388888889
Yeast Grow 4 Days,pioreactor02,2025-09-20T10:56:31.908Z,25.15108,0.0,0.0,0.0,0.0,2025-09-20 12:56:31.908,5.902777777778
Yeast Grow 4 Days,pioreactor02,2025-09-20T10:56:54.908Z,25.06008,0.0,0.0,0.0,0.0,2025-09-20 12:56:54.908,5.909166666667
Yeast Grow 4 Days,pioreactor02,2025-09-20T10:57:17.908Z,24.97258,0.0,0.0,0.0,0.0,2025-09-20 12:57:17.908,5.915555555556
Yeast Grow 4 Days,pioreactor02,2025-09-20T10:57:36.610Z,24.97258,0.0,0.0,0.0,82.33,2025-09-20 12:57:36.610,5.920833333333
Yeast Grow 4 Days,pioreactor02,2025-09-20T10:57:36.653Z,24.97258,0.0,0.0,0.0,81.21,2025-09-20 12:57:36.653,5.920833333333
Yeast Grow 4 Days,pioreactor02,2025-09-20T10:57:40.908Z,24.98208,0.0,0.0,0.0,81.21,2025-09-20 12:57:40.908,5.921944444444
Yeast Grow 4 Days,pioreactor02,2025-09-20T10:58:03.908Z,24.92808,0.0,0.0,0.0,81.21,2025-09-20 12:58:03.908,5.928333333333
Yeast Grow 4 Days,pioreactor02,2025-09-20T10:58:26.908Z,24.85758,0.0,0.0,0.0,81.21,2025-09-20 12:58:26.908,5.934722222222
Yeast Grow 4 Days,pioreactor02,2025-09-20T10:58:49.908Z,24.84708,0.0,0.0,0.0,81.21,2025-09-20 12:58:49.908,5.941111111111
Yeast Grow 4 Days,pioreactor02,2025-09-20T10:59:05.183Z,24.84708,0.0,0.0,0.0,0.0,2025-09-20 12:59:05.183,5.945555555556
Yeast Grow 4 Days,pioreactor02,2025-09-20T10:59:12.908Z,24.79458,0.0,0.0,0.0,0.0,2025-09-20 12:59:12.908,5.9475
Yeast Grow 4 Days,pioreactor02,2025-09-20T10:59:35.908Z,24.73058,0.0,0.0,0.0,0.0,2025-09-20 12:59:35.908,5.953888888889
Yeast Grow 4 Days,pioreactor02,2025-09-20T10:59:58.908Z,24.73108,0.0,0.0,0.0,0.0,2025-09-20 12:59:58.908,5.960277777778
Yeast Grow 4 Days,pioreactor02,2025-09-20T11:00:21.908Z,24.70108,0.0,0.0,0.0,0.0,2025-09-20 13:00:21.908,5.966666666667
Yeast Grow 4 Days,pioreactor02,2025-09-20T11:00:44.908Z,24.69808,0.0,0.0,0.0,0.0,2025-09-20 13:00:44.908,5.973055555556
Yeast Grow 4 Days,pioreactor02,2025-09-20T11:00:56.609Z,24.69808,0.0,0.0,0.0,81.21,2025-09-20 13:00:56.609,5.976388888889
Yeast Grow 4 Days,pioreactor02,2025-09-20T11:00:56.653Z,24.69808,0.0,0.0,0.0,82.0,2025-09-20 13:00:56.653,5.976388888889
Yeast Grow 4 Days,pioreactor02,2025-09-20T11:01:07.908Z,24.76108,0.0,0.0,0.0,82.0,2025-09-20 13:01:07.908,5.979444444444
Yeast Grow 4 Days,pioreactor02,2025-09-20T11:01:30.908Z,24.81108,0.0,0.0,0.0,82.0,2025-09-20 13:01:30.908,5.985833333333
Yeast Grow 4 Days,pioreactor02,2025-09-20T11:01:53.908Z,24.78808,0.0,0.0,0.0,82.0,2025-09-20 13:01:53.908,5.992222222222
Yeast Grow 4 Days,pioreactor02,2025-09-20T11:02:16.908Z,24.77258,0.0,0.0,0.0,82.0,2025-09-20 13:02:16.908,5.998611111111
Yeast Grow 4 Days,pioreactor02,2025-09-20T11:02:25.183Z,24.77258,0.0,0.0,0.0,0.0,2025-09-20 13:02:25.183,6.001111111111
Yeast Grow 4 Days,pioreactor02,2025-09-20T11:02:39.908Z,24.72958,0.0,0.0,0.0,0.0,2025-09-20 13:02:39.908,6.005
Yeast Grow 4 Days,pioreactor02,2025-09-20T11:03:02.908Z,24.72108,0.0,0.0,0.0,0.0,2025-09-20 13:03:02.908,6.011388888889
Yeast Grow 4 Days,pioreactor02,2025-09-20T11:03:25.908Z,24.65458,0.0,0.0,0.0,0.0,2025-09-20 13:03:25.908,6.017777777778
Yeast Grow 4 Days,pioreactor02,2025-09-20T11:03:48.908Z,24.64308,0.0,0.0,0.0,0.0,2025-09-20 13:03:48.908,6.024166666667
Yeast Grow 4 Days,pioreactor02,2025-09-20T11:04:11.912Z,24.69058,0.0,0.0,0.0,0.0,2025-09-20 13:04:11.912,6.030555555556
Yeast Grow 4 Days,pioreactor02,2025-09-20T11:04:16.611Z,24.69058,0.0,0.0,0.0,82.0,2025-09-20 13:04:16.611,6.031944444444
Yeast Grow 4 Days,pioreactor02,2025-09-20T11:04:16.652Z,24.69058,0.0,0.0,0.0,82.05,2025-09-20 13:04:16.652,6.031944444444
Yeast Grow 4 Days,pioreactor02,2025-09-20T11:04:34.908Z,25.04258,0.0,0.0,0.0,82.05,2025-09-20 13:04:34.908,6.036944444444
Yeast Grow 4 Days,pioreactor02,2025-09-20T11:04:57.908Z,25.37958,0.0,0.0,0.0,82.05,2025-09-20 13:04:57.908,6.043333333333
Yeast Grow 4 Days,pioreactor02,2025-09-20T11:05:20.908Z,25.24108,0.0,0.0,0.0,82.05,2025-09-20 13:05:20.908,6.049722222222
Yeast Grow 4 Days,pioreactor02,2025-09-20T11:05:43.908Z,25.13908,0.0,0.0,0.0,82.05,2025-09-20 13:05:43.908,6.056111111111
Yeast Grow 4 Days,pioreactor02,2025-09-20T11:05:45.183Z,25.13908,0.0,0.0,0.0,0.0,2025-09-20 13:05:45.183,6.056666666667
Yeast Grow 4 Days,pioreactor02,2025-09-20T11:06:06.908Z,25.07758,0.0,0.0,0.0,0.0,2025-09-20 13:06:06.908,6.0625
Yeast Grow 4 Days,pioreactor02,2025-09-20T11:06:29.908Z,24.95758,0.0,0.0,0.0,0.0,2025-09-20 13:06:29.908,6.068888888889
Yeast Grow 4 Days,pioreactor02,2025-09-20T11:06:52.908Z,24.89608,0.0,0.0,0.0,0.0,2025-09-20 13:06:52.908,6.075277777778
Yeast Grow 4 Days,pioreactor02,2025-09-20T11:07:15.908Z,24.81258,0.0,0.0,0.0,0.0,2025-09-20 13:07:15.908,6.081666666667
Yeast Grow 4 Days,pioreactor02,2025-09-20T11:07:36.608Z,24.81258,0.0,0.0,0.0,82.05,2025-09-20 13:07:36.608,6.0875
Yeast Grow 4 Days,pioreactor02,2025-09-20T11:07:36.656Z,24.81258,0.0,0.0,0.0,81.87,2025-09-20 13:07:36.656,6.0875
Yeast Grow 4 Days,pioreactor02,2025-09-20T11:07:38.908Z,24.82358,0.0,0.0,0.0,81.87,2025-09-20 13:07:38.908,6.088055555556
Yeast Grow 4 Days,pioreactor02,2025-09-20T11:08:01.908Z,24.82408,0.0,0.0,0.0,81.87,2025-09-20 13:08:01.908,6.094444444444
Yeast Grow 4 Days,pioreactor02,2025-09-20T11:08:24.908Z,24.80658,0.0,0.0,0.0,81.87,2025-09-20 13:08:24.908,6.100833333333
Yeast Grow 4 Days,pioreactor02,2025-09-20T11:08:47.908Z,24.82008,0.0,0.0,0.0,81.87,2025-09-20 13:08:47.908,6.107222222222
Yeast Grow 4 Days,pioreactor02,2025-09-20T11:09:05.183Z,24.82008,0.0,0.0,0.0,0.0,2025-09-20 13:09:05.183,6.112222222222
Yeast Grow 4 Days,pioreactor02,2025-09-20T11:09:10.908Z,24.78808,0.0,0.0,0.0,0.0,2025-09-20 13:09:10.908,6.113611111111
Yeast Grow 4 Days,pioreactor02,2025-09-20T11:09:33.908Z,24.70258,0.0,0.0,0.0,0.0,2025-09-20 13:09:33.908,6.12
Yeast Grow 4 Days,pioreactor02,2025-09-20T11:09:56.908Z,24.62608,0.0,0.0,0.0,0.0,2025-09-20 13:09:56.908,6.126388888889
Yeast Grow 4 Days,pioreactor02,2025-09-20T11:10:19.908Z,24.64558,0.0,0.0,0.0,0.0,2025-09-20 13:10:19.908,6.132777777778
Yeast Grow 4 Days,pioreactor02,2025-09-20T11:10:42.908Z,24.64008,0.0,0.0,0.0,0.0,2025-09-20 13:10:42.908,6.139166666667
Yeast Grow 4 Days,pioreactor02,2025-09-20T11:10:56.609Z,24.64008,0.0,0.0,0.0,81.87,2025-09-20 13:10:56.609,6.143055555556
Yeast Grow 4 Days,pioreactor02,2025-09-20T11:10:56.652Z,24.64008,0.0,0.0,0.0,82.77,2025-09-20 13:10:56.652,6.143055555556
Yeast Grow 4 Days,pioreactor02,2025-09-20T11:11:05.908Z,24.72258,0.0,0.0,0.0,82.77,2025-09-20 13:11:05.908,6.145555555556
Yeast Grow 4 Days,pioreactor02,2025-09-20T11:11:28.908Z,24.70808,0.0,0.0,0.0,82.77,2025-09-20 13:11:28.908,6.151944444444
Yeast Grow 4 Days,pioreactor02,2025-09-20T11:11:51.908Z,24.68708,0.0,0.0,0.0,82.77,2025-09-20 13:11:51.908,6.158333333333
Yeast Grow 4 Days,pioreactor02,2025-09-20T11:12:14.908Z,24.69008,0.0,0.0,0.0,82.77,2025-09-20 13:12:14.908,6.164722222222
Yeast Grow 4 Days,pioreactor02,2025-09-20T11:12:25.183Z,24.69008,0.0,0.0,0.0,0.0,2025-09-20 13:12:25.183,6.167777777778
Yeast Grow 4 Days,pioreactor02,2025-09-20T11:12:37.908Z,24.62758,0.0,0.0,0.0,0.0,2025-09-20 13:12:37.908,6.171111111111
Yeast Grow 4 Days,pioreactor02,2025-09-20T11:13:00.908Z,24.62508,0.0,0.0,0.0,0.0,2025-09-20 13:13:00.908,6.1775
Yeast Grow 4 Days,pioreactor02,2025-09-20T11:13:23.908Z,24.62808,0.0,0.0,0.0,0.0,2025-09-20 13:13:23.908,6.183888888889
Yeast Grow 4 Days,pioreactor02,2025-09-20T11:13:46.908Z,24.55658,0.0,0.0,0.0,0.0,2025-09-20 13:13:46.908,6.190277777778
Yeast Grow 4 Days,pioreactor02,2025-09-20T11:14:09.908Z,24.53008,0.0,0.0,0.0,0.0,2025-09-20 13:14:09.908,6.196666666667
Yeast Grow 4 Days,pioreactor02,2025-09-20T11:14:16.610Z,24.53008,0.0,0.0,0.0,82.77,2025-09-20 13:14:16.610,6.198611111111
Yeast Grow 4 Days,pioreactor02,2025-09-20T11:14:16.652Z,24.53008,0.0,0.0,0.0,81.47,2025-09-20 13:14:16.652,6.198611111111
Yeast Grow 4 Days,pioreactor02,2025-09-20T11:14:32.908Z,24.92308,0.0,0.0,0.0,81.47,2025-09-20 13:14:32.908,6.203055555556
Yeast Grow 4 Days,pioreactor02,2025-09-20T11:14:55.908Z,25.28208,0.0,0.0,0.0,81.47,2025-09-20 13:14:55.908,6.209444444444
Yeast Grow 4 Days,pioreactor02,2025-09-20T11:15:18.908Z,25.16008,0.0,0.0,0.0,81.47,2025-09-20 13:15:18.908,6.215833333333
Yeast Grow 4 Days,pioreactor02,2025-09-20T11:15:41.908Z,25.07858,0.0,0.0,0.0,81.47,2025-09-20 13:15:41.908,6.222222222222
Yeast Grow 4 Days,pioreactor02,2025-09-20T11:15:45.183Z,25.07858,0.0,0.0,0.0,0.0,2025-09-20 13:15:45.183,6.223333333333
Yeast Grow 4 Days,pioreactor02,2025-09-20T11:16:04.908Z,24.99608,0.0,0.0,0.0,0.0,2025-09-20 13:16:04.908,6.228611111111
Yeast Grow 4 Days,pioreactor02,2025-09-20T11:16:27.908Z,24.89658,0.0,0.0,0.0,0.0,2025-09-20 13:16:27.908,6.235
Yeast Grow 4 Days,pioreactor02,2025-09-20T11:16:50.908Z,24.84608,0.0,0.0,0.0,0.0,2025-09-20 13:16:50.908,6.241388888889
Yeast Grow 4 Days,pioreactor02,2025-09-20T11:17:13.908Z,24.80558,0.0,0.0,0.0,0.0,2025-09-20 13:17:13.908,6.247777777778
Yeast Grow 4 Days,pioreactor02,2025-09-20T11:17:36.609Z,24.80558,0.0,0.0,0.0,81.47,2025-09-20 13:17:36.609,6.254166666667
Yeast Grow 4 Days,pioreactor02,2025-09-20T11:17:36.656Z,24.80558,0.0,0.0,0.0,82.43,2025-09-20 13:17:36.656,6.254166666667
Yeast Grow 4 Days,pioreactor02,2025-09-20T11:17:36.908Z,24.77558,0.0,0.0,0.0,82.43,2025-09-20 13:17:36.908,6.254166666667
Yeast Grow 4 Days,pioreactor02,2025-09-20T11:17:59.908Z,24.75008,0.0,0.0,0.0,82.43,2025-09-20 13:17:59.908,6.260555555556
Yeast Grow 4 Days,pioreactor02,2025-09-20T11:18:22.908Z,24.75508,0.0,0.0,0.0,82.43,2025-09-20 13:18:22.908,6.266944444444
Yeast Grow 4 Days,pioreactor02,2025-09-20T11:18:45.908Z,24.75108,0.0,0.0,0.0,82.43,2025-09-20 13:18:45.908,6.273333333333
Yeast Grow 4 Days,pioreactor02,2025-09-20T11:19:05.183Z,24.75108,0.0,0.0,0.0,0.0,2025-09-20 13:19:05.183,6.278888888889
Yeast Grow 4 Days,pioreactor02,2025-09-20T11:19:08.908Z,24.71708,0.0,0.0,0.0,0.0,2025-09-20 13:19:08.908,6.279722222222
Yeast Grow 4 Days,pioreactor02,2025-09-20T11:19:31.908Z,24.66008,0.0,0.0,0.0,0.0,2025-09-20 13:19:31.908,6.286111111111
Yeast Grow 4 Days,pioreactor02,2025-09-20T11:19:54.908Z,24.64458,0.0,0.0,0.0,0.0,2025-09-20 13:19:54.908,6.2925
Yeast Grow 4 Days,pioreactor02,2025-09-20T11:20:17.908Z,24.65958,0.0,0.0,0.0,0.0,2025-09-20 13:20:17.908,6.298888888889
Yeast Grow 4 Days,pioreactor02,2025-09-20T11:20:40.908Z,24.60908,0.0,0.0,0.0,0.0,2025-09-20 13:20:40.908,6.305277777778
Yeast Grow 4 Days,pioreactor02,2025-09-20T11:20:56.610Z,24.60908,0.0,0.0,0.0,82.43,2025-09-20 13:20:56.610,6.309722222222
Yeast Grow 4 Days,pioreactor02,2025-09-20T11:20:56.652Z,24.60908,0.0,0.0,0.0,80.9,2025-09-20 13:20:56.652,6.309722222222
Yeast Grow 4 Days,pioreactor02,2025-09-20T11:21:03.908Z,24.60158,0.0,0.0,0.0,80.9,2025-09-20 13:21:03.908,6.311666666667
Yeast Grow 4 Days,pioreactor02,2025-09-20T11:21:26.908Z,24.59408,0.0,0.0,0.0,80.9,2025-09-20 13:21:26.908,6.318055555556
Yeast Grow 4 Days,pioreactor02,2025-09-20T11:21:49.908Z,24.57058,0.0,0.0,0.0,80.9,2025-09-20 13:21:49.908,6.324444444444
Yeast Grow 4 Days,pioreactor02,2025-09-20T11:22:12.908Z,24.59358,0.0,0.0,0.0,80.9,2025-09-20 13:22:12.908,6.330833333333
Yeast Grow 4 Days,pioreactor02,2025-09-20T11:22:25.183Z,24.59358,0.0,0.0,0.0,0.0,2025-09-20 13:22:25.183,6.334444444444
Yeast Grow 4 Days,pioreactor02,2025-09-20T11:22:35.908Z,24.59308,0.0,0.0,0.0,0.0,2025-09-20 13:22:35.908,6.337222222222
Yeast Grow 4 Days,pioreactor02,2025-09-20T11:22:58.908Z,24.56108,0.0,0.0,0.0,0.0,2025-09-20 13:22:58.908,6.343611111111
Yeast Grow 4 Days,pioreactor02,2025-09-20T11:23:21.908Z,24.54708,0.0,0.0,0.0,0.0,2025-09-20 13:23:21.908,6.35
Yeast Grow 4 Days,pioreactor02,2025-09-20T11:23:44.908Z,24.54408,0.0,0.0,0.0,0.0,2025-09-20 13:23:44.908,6.356388888889
Yeast Grow 4 Days,pioreactor02,2025-09-20T11:24:07.908Z,24.56958,0.0,0.0,0.0,0.0,2025-09-20 13:24:07.908,6.362777777778
Yeast Grow 4 Days,pioreactor02,2025-09-20T11:24:16.609Z,24.56958,0.0,0.0,0.0,80.9,2025-09-20 13:24:16.609,6.365277777778
Yeast Grow 4 Days,pioreactor02,2025-09-20T11:24:16.652Z,24.56958,0.0,0.0,0.0,78.99,2025-09-20 13:24:16.652,6.365277777778
Yeast Grow 4 Days,pioreactor02,2025-09-20T11:24:30.908Z,24.97358,0.0,0.0,0.0,78.99,2025-09-20 13:24:30.908,6.369166666667
Yeast Grow 4 Days,pioreactor02,2025-09-20T11:24:53.908Z,25.31558,0.0,0.0,0.0,78.99,2025-09-20 13:24:53.908,6.375555555556
Yeast Grow 4 Days,pioreactor02,2025-09-20T11:25:16.908Z,25.21808,0.0,0.0,0.0,78.99,2025-09-20 13:25:16.908,6.381944444444
Yeast Grow 4 Days,pioreactor02,2025-09-20T11:25:39.908Z,25.14008,0.0,0.0,0.0,78.99,2025-09-20 13:25:39.908,6.388333333333
Yeast Grow 4 Days,pioreactor02,2025-09-20T11:25:45.183Z,25.14008,0.0,0.0,0.0,0.0,2025-09-20 13:25:45.183,6.39
Yeast Grow 4 Days,pioreactor02,2025-09-20T11:26:02.908Z,25.02608,0.0,0.0,0.0,0.0,2025-09-20 13:26:02.908,6.394722222222
Yeast Grow 4 Days,pioreactor02,2025-09-20T11:26:25.908Z,24.92908,0.0,0.0,0.0,0.0,2025-09-20 13:26:25.908,6.401111111111
Yeast Grow 4 Days,pioreactor02,2025-09-20T11:26:48.908Z,24.83408,0.0,0.0,0.0,0.0,2025-09-20 13:26:48.908,6.4075
Yeast Grow 4 Days,pioreactor02,2025-09-20T11:27:11.908Z,24.79108,0.0,0.0,0.0,0.0,2025-09-20 13:27:11.908,6.413888888889
Yeast Grow 4 Days,pioreactor02,2025-09-20T11:27:34.908Z,24.70608,0.0,0.0,0.0,0.0,2025-09-20 13:27:34.908,6.420277777778
Yeast Grow 4 Days,pioreactor02,2025-09-20T11:27:36.610Z,24.70608,0.0,0.0,0.0,78.99,2025-09-20 13:27:36.610,6.420833333333
Yeast Grow 4 Days,pioreactor02,2025-09-20T11:27:36.653Z,24.70608,0.0,0.0,0.0,77.93,2025-09-20 13:27:36.653,6.420833333333
Yeast Grow 4 Days,pioreactor02,2025-09-20T11:27:57.908Z,24.76458,0.0,0.0,0.0,77.93,2025-09-20 13:27:57.908,6.426666666667
Yeast Grow 4 Days,pioreactor02,2025-09-20T11:28:20.908Z,24.78458,0.0,0.0,0.0,77.93,2025-09-20 13:28:20.908,6.433055555556
Yeast Grow 4 Days,pioreactor02,2025-09-20T11:28:43.908Z,24.73808,0.0,0.0,0.0,77.93,2025-09-20 13:28:43.908,6.439444444444
Yeast Grow 4 Days,pioreactor02,2025-09-20T11:29:05.183Z,24.73808,0.0,0.0,0.0,0.0,2025-09-20 13:29:05.183,6.445555555556
Yeast Grow 4 Days,pioreactor02,2025-09-20T11:29:06.912Z,24.70358,0.0,0.0,0.0,0.0,2025-09-20 13:29:06.912,6.445833333333
Yeast Grow 4 Days,pioreactor02,2025-09-20T11:29:29.908Z,24.65108,0.0,0.0,0.0,0.0,2025-09-20 13:29:29.908,6.452222222222
Yeast Grow 4 Days,pioreactor02,2025-09-20T11:29:52.908Z,24.64708,0.0,0.0,0.0,0.0,2025-09-20 13:29:52.908,6.458611111111
Yeast Grow 4 Days,pioreactor02,2025-09-20T11:30:15.908Z,24.63908,0.0,0.0,0.0,0.0,2025-09-20 13:30:15.908,6.465
Yeast Grow 4 Days,pioreactor02,2025-09-20T11:30:38.908Z,24.63458,0.0,0.0,0.0,0.0,2025-09-20 13:30:38.908,6.471388888889
Yeast Grow 4 Days,pioreactor02,2025-09-20T11:30:56.610Z,24.63458,0.0,0.0,0.0,77.93,2025-09-20 13:30:56.610,6.476388888889
Yeast Grow 4 Days,pioreactor02,2025-09-20T11:30:56.652Z,24.63458,0.0,0.0,0.0,78.07,2025-09-20 13:30:56.652,6.476388888889
Yeast Grow 4 Days,pioreactor02,2025-09-20T11:31:01.908Z,24.64058,0.0,0.0,0.0,78.07,2025-09-20 13:31:01.908,6.477777777778
Yeast Grow 4 Days,pioreactor02,2025-09-20T11:31:24.908Z,24.66158,0.0,0.0,0.0,78.07,2025-09-20 13:31:24.908,6.484166666667
Yeast Grow 4 Days,pioreactor02,2025-09-20T11:31:47.908Z,24.69658,0.0,0.0,0.0,78.07,2025-09-20 13:31:47.908,6.490555555556
Yeast Grow 4 Days,pioreactor02,2025-09-20T11:32:10.908Z,24.74458,0.0,0.0,0.0,78.07,2025-09-20 13:32:10.908,6.496944444444
Yeast Grow 4 Days,pioreactor02,2025-09-20T11:32:25.183Z,24.74458,0.0,0.0,0.0,0.0,2025-09-20 13:32:25.183,6.501111111111
Yeast Grow 4 Days,pioreactor02,2025-09-20T11:32:33.908Z,24.67958,0.0,0.0,0.0,0.0,2025-09-20 13:32:33.908,6.503333333333
Yeast Grow 4 Days,pioreactor02,2025-09-20T11:32:56.908Z,24.74858,0.0,0.0,0.0,0.0,2025-09-20 13:32:56.908,6.509722222222
Yeast Grow 4 Days,pioreactor02,2025-09-20T11:33:19.908Z,24.75108,0.0,0.0,0.0,0.0,2025-09-20 13:33:19.908,6.516111111111
Yeast Grow 4 Days,pioreactor02,2025-09-20T11:33:42.912Z,24.76858,0.0,0.0,0.0,0.0,2025-09-20 13:33:42.912,6.5225
Yeast Grow 4 Days,pioreactor02,2025-09-20T11:34:05.908Z,24.78908,0.0,0.0,0.0,0.0,2025-09-20 13:34:05.908,6.528888888889
Yeast Grow 4 Days,pioreactor02,2025-09-20T11:34:16.609Z,24.78908,0.0,0.0,0.0,78.07,2025-09-20 13:34:16.609,6.531944444444
Yeast Grow 4 Days,pioreactor02,2025-09-20T11:34:16.653Z,24.78908,0.0,0.0,0.0,78.41,2025-09-20 13:34:16.653,6.531944444444
Yeast Grow 4 Days,pioreactor02,2025-09-20T11:34:28.908Z,24.77158,0.0,0.0,0.0,78.41,2025-09-20 13:34:28.908,6.535277777778
Yeast Grow 4 Days,pioreactor02,2025-09-20T11:34:51.908Z,24.75208,0.0,0.0,0.0,78.41,2025-09-20 13:34:51.908,6.541666666667
Yeast Grow 4 Days,pioreactor02,2025-09-20T11:35:14.908Z,24.85958,0.0,0.0,0.0,78.41,2025-09-20 13:35:14.908,6.548055555556
Yeast Grow 4 Days,pioreactor02,2025-09-20T11:35:37.908Z,24.86708,0.0,0.0,0.0,78.41,2025-09-20 13:35:37.908,6.554444444444
Yeast Grow 4 Days,pioreactor02,2025-09-20T11:35:45.183Z,24.86708,0.0,0.0,0.0,0.0,2025-09-20 13:35:45.183,6.556666666667
Yeast Grow 4 Days,pioreactor02,2025-09-20T11:36:00.908Z,24.78208,0.0,0.0,0.0,0.0,2025-09-20 13:36:00.908,6.560833333333
Yeast Grow 4 Days,pioreactor02,2025-09-20T11:36:23.908Z,24.66958,0.0,0.0,0.0,0.0,2025-09-20 13:36:23.908,6.567222222222
Yeast Grow 4 Days,pioreactor02,2025-09-20T11:36:46.908Z,24.69208,0.0,0.0,0.0,0.0,2025-09-20 13:36:46.908,6.573611111111
Yeast Grow 4 Days,pioreactor02,2025-09-20T11:37:09.908Z,24.70258,0.0,0.0,0.0,0.0,2025-09-20 13:37:09.908,6.58
Yeast Grow 4 Days,pioreactor02,2025-09-20T11:37:32.908Z,24.72358,0.0,0.0,0.0,0.0,2025-09-20 13:37:32.908,6.586388888889
Yeast Grow 4 Days,pioreactor02,2025-09-20T11:37:36.610Z,24.72358,0.0,0.0,0.0,78.41,2025-09-20 13:37:36.610,6.5875
Yeast Grow 4 Days,pioreactor02,2025-09-20T11:37:36.653Z,24.72358,0.0,0.0,0.0,78.15,2025-09-20 13:37:36.653,6.5875
Yeast Grow 4 Days,pioreactor02,2025-09-20T11:37:55.908Z,24.72158,0.0,0.0,0.0,78.15,2025-09-20 13:37:55.908,6.592777777778
Yeast Grow 4 Days,pioreactor02,2025-09-20T11:38:18.908Z,24.69008,0.0,0.0,0.0,78.15,2025-09-20 13:38:18.908,6.599166666667
Yeast Grow 4 Days,pioreactor02,2025-09-20T11:38:41.908Z,24.66458,0.0,0.0,0.0,78.15,2025-09-20 13:38:41.908,6.605555555556
Yeast Grow 4 Days,pioreactor02,2025-09-20T11:39:04.908Z,24.63208,0.0,0.0,0.0,78.15,2025-09-20 13:39:04.908,6.611944444444
Yeast Grow 4 Days,pioreactor02,2025-09-20T11:39:05.183Z,24.63208,0.0,0.0,0.0,0.0,2025-09-20 13:39:05.183,6.612222222222
Yeast Grow 4 Days,pioreactor02,2025-09-20T11:39:27.908Z,24.61458,0.0,0.0,0.0,0.0,2025-09-20 13:39:27.908,6.618333333333
Yeast Grow 4 Days,pioreactor02,2025-09-20T11:39:50.908Z,24.60958,0.0,0.0,0.0,0.0,2025-09-20 13:39:50.908,6.624722222222
Yeast Grow 4 Days,pioreactor02,2025-09-20T11:40:13.908Z,24.65608,0.0,0.0,0.0,0.0,2025-09-20 13:40:13.908,6.631111111111
Yeast Grow 4 Days,pioreactor02,2025-09-20T11:40:36.908Z,24.62408,0.0,0.0,0.0,0.0,2025-09-20 13:40:36.908,6.6375
Yeast Grow 4 Days,pioreactor02,2025-09-20T11:40:56.610Z,24.62408,0.0,0.0,0.0,78.15,2025-09-20 13:40:56.610,6.643055555556
Yeast Grow 4 Days,pioreactor02,2025-09-20T11:40:56.652Z,24.62408,0.0,0.0,0.0,79.83,2025-09-20 13:40:56.652,6.643055555556
Yeast Grow 4 Days,pioreactor02,2025-09-20T11:40:59.908Z,24.68758,0.0,0.0,0.0,79.83,2025-09-20 13:40:59.908,6.643888888889
Yeast Grow 4 Days,pioreactor02,2025-09-20T11:41:22.908Z,24.69708,0.0,0.0,0.0,79.83,2025-09-20 13:41:22.908,6.650277777778
Yeast Grow 4 Days,pioreactor02,2025-09-20T11:41:45.908Z,24.65458,0.0,0.0,0.0,79.83,2025-09-20 13:41:45.908,6.656666666667
Yeast Grow 4 Days,pioreactor02,2025-09-20T11:42:08.912Z,25.05408,0.0,0.0,0.0,79.83,2025-09-20 13:42:08.912,6.663055555556
Yeast Grow 4 Days,pioreactor02,2025-09-20T11:42:25.183Z,25.05408,0.0,0.0,0.0,0.0,2025-09-20 13:42:25.183,6.667777777778
Yeast Grow 4 Days,pioreactor02,2025-09-20T11:42:31.908Z,25.07458,0.0,0.0,0.0,0.0,2025-09-20 13:42:31.908,6.669444444444
Yeast Grow 4 Days,pioreactor02,2025-09-20T11:42:54.908Z,25.00708,0.0,0.0,0.0,0.0,2025-09-20 13:42:54.908,6.675833333333
Yeast Grow 4 Days,pioreactor02,2025-09-20T11:43:17.908Z,24.90858,0.0,0.0,0.0,0.0,2025-09-20 13:43:17.908,6.682222222222
Yeast Grow 4 Days,pioreactor02,2025-09-20T11:43:40.908Z,24.85958,0.0,0.0,0.0,0.0,2025-09-20 13:43:40.908,6.688611111111
Yeast Grow 4 Days,pioreactor02,2025-09-20T11:44:03.908Z,24.79308,0.0,0.0,0.0,0.0,2025-09-20 13:44:03.908,6.695
Yeast Grow 4 Days,pioreactor02,2025-09-20T11:44:16.609Z,24.79308,0.0,0.0,0.0,79.83,2025-09-20 13:44:16.609,6.698611111111
Yeast Grow 4 Days,pioreactor02,2025-09-20T11:44:16.652Z,24.79308,0.0,0.0,0.0,79.19,2025-09-20 13:44:16.652,6.698611111111
Yeast Grow 4 Days,pioreactor02,2025-09-20T11:44:26.908Z,24.76508,0.0,0.0,0.0,79.19,2025-09-20 13:44:26.908,6.701388888889
Yeast Grow 4 Days,pioreactor02,2025-09-20T11:44:49.908Z,24.76058,0.0,0.0,0.0,79.19,2025-09-20 13:44:49.908,6.707777777778
Yeast Grow 4 Days,pioreactor02,2025-09-20T11:45:12.908Z,24.74808,0.0,0.0,0.0,79.19,2025-09-20 13:45:12.908,6.714166666667
Yeast Grow 4 Days,pioreactor02,2025-09-20T11:45:35.908Z,24.79508,0.0,0.0,0.0,79.19,2025-09-20 13:45:35.908,6.720555555556
Yeast Grow 4 Days,pioreactor02,2025-09-20T11:45:45.183Z,24.79508,0.0,0.0,0.0,0.0,2025-09-20 13:45:45.183,6.723333333333
Yeast Grow 4 Days,pioreactor02,2025-09-20T11:45:58.908Z,24.74408,0.0,0.0,0.0,0.0,2025-09-20 13:45:58.908,6.726944444444
Yeast Grow 4 Days,pioreactor02,2025-09-20T11:46:21.908Z,24.69258,0.0,0.0,0.0,0.0,2025-09-20 13:46:21.908,6.733333333333
Yeast Grow 4 Days,pioreactor02,2025-09-20T11:46:44.908Z,24.65408,0.0,0.0,0.0,0.0,2025-09-20 13:46:44.908,6.739722222222
Yeast Grow 4 Days,pioreactor02,2025-09-20T11:47:07.908Z,24.63158,0.0,0.0,0.0,0.0,2025-09-20 13:47:07.908,6.746111111111
Yeast Grow 4 Days,pioreactor02,2025-09-20T11:47:30.908Z,24.68458,0.0,0.0,0.0,0.0,2025-09-20 13:47:30.908,6.7525
Yeast Grow 4 Days,pioreactor02,2025-09-20T11:47:36.609Z,24.68458,0.0,0.0,0.0,79.19,2025-09-20 13:47:36.609,6.754166666667
Yeast Grow 4 Days,pioreactor02,2025-09-20T11:47:36.652Z,24.68458,0.0,0.0,0.0,79.6,2025-09-20 13:47:36.652,6.754166666667
Yeast Grow 4 Days,pioreactor02,2025-09-20T11:47:53.908Z,24.68058,0.0,0.0,0.0,79.6,2025-09-20 13:47:53.908,6.758888888889
Yeast Grow 4 Days,pioreactor02,2025-09-20T11:48:16.908Z,24.69758,0.0,0.0,0.0,79.6,2025-09-20 13:48:16.908,6.765277777778
Yeast Grow 4 Days,pioreactor02,2025-09-20T11:48:39.908Z,24.69408,0.0,0.0,0.0,79.6,2025-09-20 13:48:39.908,6.771666666667
Yeast Grow 4 Days,pioreactor02,2025-09-20T11:49:02.908Z,24.72208,0.0,0.0,0.0,79.6,2025-09-20 13:49:02.908,6.778055555556
Yeast Grow 4 Days,pioreactor02,2025-09-20T11:49:05.183Z,24.72208,0.0,0.0,0.0,0.0,2025-09-20 13:49:05.183,6.778888888889
Yeast Grow 4 Days,pioreactor02,2025-09-20T11:49:25.908Z,24.72608,0.0,0.0,0.0,0.0,2025-09-20 13:49:25.908,6.784444444444
Yeast Grow 4 Days,pioreactor02,2025-09-20T11:49:48.912Z,24.69808,0.0,0.0,0.0,0.0,2025-09-20 13:49:48.912,6.790833333333
Yeast Grow 4 Days,pioreactor02,2025-09-20T11:50:11.908Z,24.70958,0.0,0.0,0.0,0.0,2025-09-20 13:50:11.908,6.797222222222
Yeast Grow 4 Days,pioreactor02,2025-09-20T11:50:34.908Z,24.71508,0.0,0.0,0.0,0.0,2025-09-20 13:50:34.908,6.803611111111
Yeast Grow 4 Days,pioreactor02,2025-09-20T11:50:56.608Z,24.71508,0.0,0.0,0.0,79.6,2025-09-20 13:50:56.608,6.809722222222
Yeast Grow 4 Days,pioreactor02,2025-09-20T11:50:56.652Z,24.71508,0.0,0.0,0.0,82.81,2025-09-20 13:50:56.652,6.809722222222
Yeast Grow 4 Days,pioreactor02,2025-09-20T11:50:57.908Z,24.73208,0.0,0.0,0.0,82.81,2025-09-20 13:50:57.908,6.81
Yeast Grow 4 Days,pioreactor02,2025-09-20T11:51:20.908Z,24.69658,0.0,0.0,0.0,82.81,2025-09-20 13:51:20.908,6.816388888889
Yeast Grow 4 Days,pioreactor02,2025-09-20T11:51:43.908Z,24.72708,0.0,0.0,0.0,82.81,2025-09-20 13:51:43.908,6.822777777778
Yeast Grow 4 Days,pioreactor02,2025-09-20T11:52:06.908Z,24.79708,0.0,0.0,0.0,82.81,2025-09-20 13:52:06.908,6.829166666667
Yeast Grow 4 Days,pioreactor02,2025-09-20T11:52:25.183Z,24.79708,0.0,0.0,0.0,0.0,2025-09-20 13:52:25.183,6.834444444444
Yeast Grow 4 Days,pioreactor02,2025-09-20T11:52:29.908Z,24.73758,0.0,0.0,0.0,0.0,2025-09-20 13:52:29.908,6.835555555556
Yeast Grow 4 Days,pioreactor02,2025-09-20T11:52:52.908Z,24.74208,0.0,0.0,0.0,0.0,2025-09-20 13:52:52.908,6.841944444444
Yeast Grow 4 Days,pioreactor02,2025-09-20T11:53:15.908Z,24.73608,0.0,0.0,0.0,0.0,2025-09-20 13:53:15.908,6.848333333333
Yeast Grow 4 Days,pioreactor02,2025-09-20T11:53:38.908Z,24.65858,0.0,0.0,0.0,0.0,2025-09-20 13:53:38.908,6.854722222222
Yeast Grow 4 Days,pioreactor02,2025-09-20T11:54:01.908Z,24.70008,0.0,0.0,0.0,0.0,2025-09-20 13:54:01.908,6.861111111111
Yeast Grow 4 Days,pioreactor02,2025-09-20T11:54:16.609Z,24.70008,0.0,0.0,0.0,82.81,2025-09-20 13:54:16.609,6.865277777778
Yeast Grow 4 Days,pioreactor02,2025-09-20T11:54:16.653Z,24.70008,0.0,0.0,0.0,83.15,2025-09-20 13:54:16.653,6.865277777778
Yeast Grow 4 Days,pioreactor02,2025-09-20T11:54:24.908Z,24.69408,0.0,0.0,0.0,83.15,2025-09-20 13:54:24.908,6.8675
Yeast Grow 4 Days,pioreactor02,2025-09-20T11:54:47.908Z,24.67908,0.0,0.0,0.0,83.15,2025-09-20 13:54:47.908,6.873888888889
Yeast Grow 4 Days,pioreactor02,2025-09-20T11:55:10.908Z,24.77308,0.0,0.0,0.0,83.15,2025-09-20 13:55:10.908,6.880277777778
Yeast Grow 4 Days,pioreactor02,2025-09-20T11:55:33.908Z,24.77208,0.0,0.0,0.0,83.15,2025-09-20 13:55:33.908,6.886666666667
Yeast Grow 4 Days,pioreactor02,2025-09-20T11:55:45.183Z,24.77208,0.0,0.0,0.0,0.0,2025-09-20 13:55:45.183,6.89
Yeast Grow 4 Days,pioreactor02,2025-09-20T11:55:56.908Z,24.72108,0.0,0.0,0.0,0.0,2025-09-20 13:55:56.908,6.893055555556
Yeast Grow 4 Days,pioreactor02,2025-09-20T11:56:19.908Z,24.69358,0.0,0.0,0.0,0.0,2025-09-20 13:56:19.908,6.899444444444
Yeast Grow 4 Days,pioreactor02,2025-09-20T11:56:42.908Z,24.63508,0.0,0.0,0.0,0.0,2025-09-20 13:56:42.908,6.905833333333
Yeast Grow 4 Days,pioreactor02,2025-09-20T11:57:05.908Z,24.63308,0.0,0.0,0.0,0.0,2025-09-20 13:57:05.908,6.912222222222
Yeast Grow 4 Days,pioreactor02,2025-09-20T11:57:28.908Z,24.64508,0.0,0.0,0.0,0.0,2025-09-20 13:57:28.908,6.918611111111
Yeast Grow 4 Days,pioreactor02,2025-09-20T11:57:36.610Z,24.64508,0.0,0.0,0.0,83.15,2025-09-20 13:57:36.610,6.920833333333
Yeast Grow 4 Days,pioreactor02,2025-09-20T11:57:36.656Z,24.64508,0.0,0.0,0.0,84.88,2025-09-20 13:57:36.656,6.920833333333
Yeast Grow 4 Days,pioreactor02,2025-09-20T11:57:51.908Z,24.66508,0.0,0.0,0.0,84.88,2025-09-20 13:57:51.908,6.925
Yeast Grow 4 Days,pioreactor02,2025-09-20T11:58:14.908Z,24.71908,0.0,0.0,0.0,84.88,2025-09-20 13:58:14.908,6.931388888889
Yeast Grow 4 Days,pioreactor02,2025-09-20T11:58:37.912Z,24.71708,0.0,0.0,0.0,84.88,2025-09-20 13:58:37.912,6.937777777778
Yeast Grow 4 Days,pioreactor02,2025-09-20T11:59:00.908Z,24.69858,0.0,0.0,0.0,84.88,2025-09-20 13:59:00.908,6.944166666667
Yeast Grow 4 Days,pioreactor02,2025-09-20T11:59:05.183Z,24.69858,0.0,0.0,0.0,0.0,2025-09-20 13:59:05.183,6.945555555556
Yeast Grow 4 Days,pioreactor02,2025-09-20T11:59:23.908Z,24.66758,0.0,0.0,0.0,0.0,2025-09-20 13:59:23.908,6.950555555556
Yeast Grow 4 Days,pioreactor02,2025-09-20T11:59:46.908Z,24.66508,0.0,0.0,0.0,0.0,2025-09-20 13:59:46.908,6.956944444444
Yeast Grow 4 Days,pioreactor02,2025-09-20T12:00:09.908Z,24.73458,0.0,0.0,0.0,0.0,2025-09-20 14:00:09.908,6.963333333333
Yeast Grow 4 Days,pioreactor02,2025-09-20T12:00:32.908Z,24.73058,0.0,0.0,0.0,0.0,2025-09-20 14:00:32.908,6.969722222222
Yeast Grow 4 Days,pioreactor02,2025-09-20T12:00:55.908Z,24.69008,0.0,0.0,0.0,0.0,2025-09-20 14:00:55.908,6.976111111111
Yeast Grow 4 Days,pioreactor02,2025-09-20T12:00:56.608Z,24.69008,0.0,0.0,0.0,84.88,2025-09-20 14:00:56.608,6.976388888889
Yeast Grow 4 Days,pioreactor02,2025-09-20T12:00:56.652Z,24.69008,0.0,0.0,0.0,84.88,2025-09-20 14:00:56.652,6.976388888889
Yeast Grow 4 Days,pioreactor02,2025-09-20T12:01:18.908Z,24.70758,0.0,0.0,0.0,84.88,2025-09-20 14:01:18.908,6.9825
Yeast Grow 4 Days,pioreactor02,2025-09-20T12:01:41.908Z,24.76208,0.0,0.0,0.0,84.88,2025-09-20 14:01:41.908,6.988888888889
Yeast Grow 4 Days,pioreactor02,2025-09-20T12:02:04.908Z,24.80808,0.0,0.0,0.0,84.88,2025-09-20 14:02:04.908,6.995277777778
Yeast Grow 4 Days,pioreactor02,2025-09-20T12:02:25.183Z,24.80808,0.0,0.0,0.0,0.0,2025-09-20 14:02:25.183,7.001111111111
Yeast Grow 4 Days,pioreactor02,2025-09-20T12:02:27.908Z,24.89158,0.0,0.0,0.0,0.0,2025-09-20 14:02:27.908,7.001666666667
Yeast Grow 4 Days,pioreactor02,2025-09-20T12:02:50.908Z,24.82908,0.0,0.0,0.0,0.0,2025-09-20 14:02:50.908,7.008055555556
Yeast Grow 4 Days,pioreactor02,2025-09-20T12:03:13.908Z,24.77308,0.0,0.0,0.0,0.0,2025-09-20 14:03:13.908,7.014444444444
Yeast Grow 4 Days,pioreactor02,2025-09-20T12:03:36.908Z,24.73358,0.0,0.0,0.0,0.0,2025-09-20 14:03:36.908,7.020833333333
Yeast Grow 4 Days,pioreactor02,2025-09-20T12:03:59.908Z,24.73808,0.0,0.0,0.0,0.0,2025-09-20 14:03:59.908,7.027222222222
Yeast Grow 4 Days,pioreactor02,2025-09-20T12:04:16.609Z,24.73808,0.0,0.0,0.0,84.88,2025-09-20 14:04:16.609,7.031944444444
Yeast Grow 4 Days,pioreactor02,2025-09-20T12:04:16.652Z,24.73808,0.0,0.0,0.0,84.58,2025-09-20 14:04:16.652,7.031944444444
Yeast Grow 4 Days,pioreactor02,2025-09-20T12:04:22.908Z,24.74258,0.0,0.0,0.0,84.58,2025-09-20 14:04:22.908,7.033611111111
Yeast Grow 4 Days,pioreactor02,2025-09-20T12:04:45.908Z,24.71108,0.0,0.0,0.0,84.58,2025-09-20 14:04:45.908,7.04
Yeast Grow 4 Days,pioreactor02,2025-09-20T12:05:08.908Z,24.73508,0.0,0.0,0.0,84.58,2025-09-20 14:05:08.908,7.046388888889
Yeast Grow 4 Days,pioreactor02,2025-09-20T12:05:31.908Z,24.75608,0.0,0.0,0.0,84.58,2025-09-20 14:05:31.908,7.052777777778
Yeast Grow 4 Days,pioreactor02,2025-09-20T12:05:45.183Z,24.75608,0.0,0.0,0.0,0.0,2025-09-20 14:05:45.183,7.056666666667
Yeast Grow 4 Days,pioreactor02,2025-09-20T12:05:54.908Z,24.77958,0.0,0.0,0.0,0.0,2025-09-20 14:05:54.908,7.059166666667
Yeast Grow 4 Days,pioreactor02,2025-09-20T12:06:17.908Z,24.77858,0.0,0.0,0.0,0.0,2025-09-20 14:06:17.908,7.065555555556
Yeast Grow 4 Days,pioreactor02,2025-09-20T12:06:40.908Z,24.73958,0.0,0.0,0.0,0.0,2025-09-20 14:06:40.908,7.071944444444
Yeast Grow 4 Days,pioreactor02,2025-09-20T12:07:03.908Z,24.67658,0.0,0.0,0.0,0.0,2025-09-20 14:07:03.908,7.078333333333
Yeast Grow 4 Days,pioreactor02,2025-09-20T12:07:26.908Z,25.01208,0.0,0.0,0.0,0.0,2025-09-20 14:07:26.908,7.084722222222
Yeast Grow 4 Days,pioreactor02,2025-09-20T12:07:36.610Z,25.01208,0.0,0.0,0.0,84.58,2025-09-20 14:07:36.610,7.0875
Yeast Grow 4 Days,pioreactor02,2025-09-20T12:07:36.652Z,25.01208,0.0,0.0,0.0,84.39,2025-09-20 14:07:36.652,7.0875
Yeast Grow 4 Days,pioreactor02,2025-09-20T12:07:49.912Z,24.98008,0.0,0.0,0.0,84.39,2025-09-20 14:07:49.912,7.091111111111
Yeast Grow 4 Days,pioreactor02,2025-09-20T12:08:12.908Z,24.94658,0.0,0.0,0.0,84.39,2025-09-20 14:08:12.908,7.0975
Yeast Grow 4 Days,pioreactor02,2025-09-20T12:08:35.908Z,24.87658,0.0,0.0,0.0,84.39,2025-09-20 14:08:35.908,7.103888888889
Yeast Grow 4 Days,pioreactor02,2025-09-20T12:08:58.908Z,24.88458,0.0,0.0,0.0,84.39,2025-09-20 14:08:58.908,7.110277777778
Yeast Grow 4 Days,pioreactor02,2025-09-20T12:09:05.183Z,24.88458,0.0,0.0,0.0,0.0,2025-09-20 14:09:05.183,7.112222222222
Yeast Grow 4 Days,pioreactor02,2025-09-20T12:09:21.912Z,24.78458,0.0,0.0,0.0,0.0,2025-09-20 14:09:21.912,7.116666666667
Yeast Grow 4 Days,pioreactor02,2025-09-20T12:09:44.908Z,24.71658,0.0,0.0,0.0,0.0,2025-09-20 14:09:44.908,7.123055555556
Yeast Grow 4 Days,pioreactor02,2025-09-20T12:10:07.912Z,24.67308,0.0,0.0,0.0,0.0,2025-09-20 14:10:07.912,7.129444444444
Yeast Grow 4 Days,pioreactor02,2025-09-20T12:10:30.908Z,24.66058,0.0,0.0,0.0,0.0,2025-09-20 14:10:30.908,7.135833333333
Yeast Grow 4 Days,pioreactor02,2025-09-20T12:10:53.908Z,24.69708,0.0,0.0,0.0,0.0,2025-09-20 14:10:53.908,7.142222222222
Yeast Grow 4 Days,pioreactor02,2025-09-20T12:10:56.610Z,24.69708,0.0,0.0,0.0,84.39,2025-09-20 14:10:56.610,7.143055555556
Yeast Grow 4 Days,pioreactor02,2025-09-20T12:10:56.653Z,24.69708,0.0,0.0,0.0,83.64,2025-09-20 14:10:56.653,7.143055555556
Yeast Grow 4 Days,pioreactor02,2025-09-20T12:11:16.908Z,24.75108,0.0,0.0,0.0,83.64,2025-09-20 14:11:16.908,7.148611111111
Yeast Grow 4 Days,pioreactor02,2025-09-20T12:11:39.908Z,24.75308,0.0,0.0,0.0,83.64,2025-09-20 14:11:39.908,7.155
Yeast Grow 4 Days,pioreactor02,2025-09-20T12:12:02.908Z,24.72608,0.0,0.0,0.0,83.64,2025-09-20 14:12:02.908,7.161388888889
Yeast Grow 4 Days,pioreactor02,2025-09-20T12:12:25.183Z,24.72608,0.0,0.0,0.0,0.0,2025-09-20 14:12:25.183,7.167777777778
Yeast Grow 4 Days,pioreactor02,2025-09-20T12:12:25.908Z,24.70658,0.0,0.0,0.0,0.0,2025-09-20 14:12:25.908,7.167777777778
Yeast Grow 4 Days,pioreactor02,2025-09-20T12:12:48.908Z,24.64208,0.0,0.0,0.0,0.0,2025-09-20 14:12:48.908,7.174166666667
Yeast Grow 4 Days,pioreactor02,2025-09-20T12:13:11.908Z,24.61058,0.0,0.0,0.0,0.0,2025-09-20 14:13:11.908,7.180555555556
Yeast Grow 4 Days,pioreactor02,2025-09-20T12:13:34.908Z,24.61408,0.0,0.0,0.0,0.0,2025-09-20 14:13:34.908,7.186944444444
Yeast Grow 4 Days,pioreactor02,2025-09-20T12:13:57.908Z,24.58608,0.0,0.0,0.0,0.0,2025-09-20 14:13:57.908,7.193333333333
Yeast Grow 4 Days,pioreactor02,2025-09-20T12:14:16.609Z,24.58608,0.0,0.0,0.0,83.64,2025-09-20 14:14:16.609,7.198611111111
Yeast Grow 4 Days,pioreactor02,2025-09-20T12:14:16.652Z,24.58608,0.0,0.0,0.0,82.91,2025-09-20 14:14:16.652,7.198611111111
Yeast Grow 4 Days,pioreactor02,2025-09-20T12:14:20.908Z,24.73158,0.0,0.0,0.0,82.91,2025-09-20 14:14:20.908,7.199722222222
Yeast Grow 4 Days,pioreactor02,2025-09-20T12:14:43.908Z,24.69108,0.0,0.0,0.0,82.91,2025-09-20 14:14:43.908,7.206111111111
Yeast Grow 4 Days,pioreactor02,2025-09-20T12:15:06.908Z,24.74808,0.0,0.0,0.0,82.91,2025-09-20 14:15:06.908,7.2125
Yeast Grow 4 Days,pioreactor02,2025-09-20T12:15:29.908Z,24.67708,0.0,0.0,0.0,82.91,2025-09-20 14:15:29.908,7.218888888889
Yeast Grow 4 Days,pioreactor02,2025-09-20T12:15:45.183Z,24.67708,0.0,0.0,0.0,0.0,2025-09-20 14:15:45.183,7.223333333333
Yeast Grow 4 Days,pioreactor02,2025-09-20T12:15:52.908Z,24.71058,0.0,0.0,0.0,0.0,2025-09-20 14:15:52.908,7.225277777778
Yeast Grow 4 Days,pioreactor02,2025-09-20T12:16:15.908Z,24.72008,0.0,0.0,0.0,0.0,2025-09-20 14:16:15.908,7.231666666667
Yeast Grow 4 Days,pioreactor02,2025-09-20T12:16:38.908Z,24.68258,0.0,0.0,0.0,0.0,2025-09-20 14:16:38.908,7.238055555556
Yeast Grow 4 Days,pioreactor02,2025-09-20T12:17:01.908Z,24.69008,0.0,0.0,0.0,0.0,2025-09-20 14:17:01.908,7.244444444444
Yeast Grow 4 Days,pioreactor02,2025-09-20T12:17:24.908Z,24.63208,0.0,0.0,0.0,0.0,2025-09-20 14:17:24.908,7.250833333333
Yeast Grow 4 Days,pioreactor02,2025-09-20T12:17:36.610Z,24.63208,0.0,0.0,0.0,82.91,2025-09-20 14:17:36.610,7.254166666667
Yeast Grow 4 Days,pioreactor02,2025-09-20T12:17:36.653Z,24.63208,0.0,0.0,0.0,82.62,2025-09-20 14:17:36.653,7.254166666667
Yeast Grow 4 Days,pioreactor02,2025-09-20T12:17:47.908Z,24.64908,0.0,0.0,0.0,82.62,2025-09-20 14:17:47.908,7.257222222222
Yeast Grow 4 Days,pioreactor02,2025-09-20T12:18:10.908Z,24.70658,0.0,0.0,0.0,82.62,2025-09-20 14:18:10.908,7.263611111111
Yeast Grow 4 Days,pioreactor02,2025-09-20T12:18:33.908Z,25.06208,0.0,0.0,0.0,82.62,2025-09-20 14:18:33.908,7.27
Yeast Grow 4 Days,pioreactor02,2025-09-20T12:18:56.908Z,25.06408,0.0,0.0,0.0,82.62,2025-09-20 14:18:56.908,7.276388888889
Yeast Grow 4 Days,pioreactor02,2025-09-20T12:19:05.184Z,25.06408,0.0,0.0,0.0,0.0,2025-09-20 14:19:05.184,7.278888888889
Yeast Grow 4 Days,pioreactor02,2025-09-20T12:19:19.908Z,24.96158,0.0,0.0,0.0,0.0,2025-09-20 14:19:19.908,7.282777777778
Yeast Grow 4 Days,pioreactor02,2025-09-20T12:19:42.908Z,24.87658,0.0,0.0,0.0,0.0,2025-09-20 14:19:42.908,7.289166666667
Yeast Grow 4 Days,pioreactor02,2025-09-20T12:20:05.908Z,24.83308,0.0,0.0,0.0,0.0,2025-09-20 14:20:05.908,7.295555555556
Yeast Grow 4 Days,pioreactor02,2025-09-20T12:20:28.908Z,24.74308,0.0,0.0,0.0,0.0,2025-09-20 14:20:28.908,7.301944444444
Yeast Grow 4 Days,pioreactor02,2025-09-20T12:20:51.908Z,24.77708,0.0,0.0,0.0,0.0,2025-09-20 14:20:51.908,7.308333333333
Yeast Grow 4 Days,pioreactor02,2025-09-20T12:20:56.610Z,24.77708,0.0,0.0,0.0,82.62,2025-09-20 14:20:56.610,7.309722222222
Yeast Grow 4 Days,pioreactor02,2025-09-20T12:20:56.652Z,24.77708,0.0,0.0,0.0,81.78,2025-09-20 14:20:56.652,7.309722222222
Yeast Grow 4 Days,pioreactor02,2025-09-20T12:21:14.908Z,24.74558,0.0,0.0,0.0,81.78,2025-09-20 14:21:14.908,7.314722222222
Yeast Grow 4 Days,pioreactor02,2025-09-20T12:21:37.908Z,24.80058,0.0,0.0,0.0,81.78,2025-09-20 14:21:37.908,7.321111111111
Yeast Grow 4 Days,pioreactor02,2025-09-20T12:22:00.908Z,24.77108,0.0,0.0,0.0,81.78,2025-09-20 14:22:00.908,7.3275
Yeast Grow 4 Days,pioreactor02,2025-09-20T12:22:23.908Z,25.12108,0.0,0.0,0.0,81.78,2025-09-20 14:22:23.908,7.333888888889
Yeast Grow 4 Days,pioreactor02,2025-09-20T12:22:25.183Z,25.12108,0.0,0.0,0.0,0.0,2025-09-20 14:22:25.183,7.334444444444
Yeast Grow 4 Days,pioreactor02,2025-09-20T12:22:46.908Z,25.03758,0.0,0.0,0.0,0.0,2025-09-20 14:22:46.908,7.340277777778
Yeast Grow 4 Days,pioreactor02,2025-09-20T12:23:09.908Z,24.95708,0.0,0.0,0.0,0.0,2025-09-20 14:23:09.908,7.346666666667
Yeast Grow 4 Days,pioreactor02,2025-09-20T12:23:32.908Z,24.85408,0.0,0.0,0.0,0.0,2025-09-20 14:23:32.908,7.353055555556
Yeast Grow 4 Days,pioreactor02,2025-09-20T12:23:55.908Z,24.76658,0.0,0.0,0.0,0.0,2025-09-20 14:23:55.908,7.359444444444
Yeast Grow 4 Days,pioreactor02,2025-09-20T12:24:16.608Z,24.76658,0.0,0.0,0.0,81.78,2025-09-20 14:24:16.608,7.365277777778
Yeast Grow 4 Days,pioreactor02,2025-09-20T12:24:16.652Z,24.76658,0.0,0.0,0.0,81.98,2025-09-20 14:24:16.652,7.365277777778
Yeast Grow 4 Days,pioreactor02,2025-09-20T12:24:18.908Z,24.72208,0.0,0.0,0.0,81.98,2025-09-20 14:24:18.908,7.365833333333
Yeast Grow 4 Days,pioreactor02,2025-09-20T12:24:41.908Z,24.71858,0.0,0.0,0.0,81.98,2025-09-20 14:24:41.908,7.372222222222
Yeast Grow 4 Days,pioreactor02,2025-09-20T12:25:04.908Z,24.79808,0.0,0.0,0.0,81.98,2025-09-20 14:25:04.908,7.378611111111
Yeast Grow 4 Days,pioreactor02,2025-09-20T12:25:27.908Z,24.72658,0.0,0.0,0.0,81.98,2025-09-20 14:25:27.908,7.385
Yeast Grow 4 Days,pioreactor02,2025-09-20T12:25:45.184Z,24.72658,0.0,0.0,0.0,0.0,2025-09-20 14:25:45.184,7.39
Yeast Grow 4 Days,pioreactor02,2025-09-20T12:25:50.908Z,24.66958,0.0,0.0,0.0,0.0,2025-09-20 14:25:50.908,7.391388888889
Yeast Grow 4 Days,pioreactor02,2025-09-20T12:26:13.908Z,24.69008,0.0,0.0,0.0,0.0,2025-09-20 14:26:13.908,7.397777777778
Yeast Grow 4 Days,pioreactor02,2025-09-20T12:26:36.908Z,24.65308,0.0,0.0,0.0,0.0,2025-09-20 14:26:36.908,7.404166666667
Yeast Grow 4 Days,pioreactor02,2025-09-20T12:26:59.908Z,24.62858,0.0,0.0,0.0,0.0,2025-09-20 14:26:59.908,7.410555555556
Yeast Grow 4 Days,pioreactor02,2025-09-20T12:27:22.908Z,24.58008,0.0,0.0,0.0,0.0,2025-09-20 14:27:22.908,7.416944444444
Yeast Grow 4 Days,pioreactor02,2025-09-20T12:27:36.609Z,24.58008,0.0,0.0,0.0,81.98,2025-09-20 14:27:36.609,7.420833333333
Yeast Grow 4 Days,pioreactor02,2025-09-20T12:27:36.652Z,24.58008,0.0,0.0,0.0,81.86,2025-09-20 14:27:36.652,7.420833333333
Yeast Grow 4 Days,pioreactor02,2025-09-20T12:27:45.908Z,24.57408,0.0,0.0,0.0,81.86,2025-09-20 14:27:45.908,7.423333333333
Yeast Grow 4 Days,pioreactor02,2025-09-20T12:28:08.908Z,24.58008,0.0,0.0,0.0,81.86,2025-09-20 14:28:08.908,7.429722222222
Yeast Grow 4 Days,pioreactor02,2025-09-20T12:28:31.908Z,24.61558,0.0,0.0,0.0,81.86,2025-09-20 14:28:31.908,7.436111111111
Yeast Grow 4 Days,pioreactor02,2025-09-20T12:28:54.908Z,24.58658,0.0,0.0,0.0,81.86,2025-09-20 14:28:54.908,7.4425
Yeast Grow 4 Days,pioreactor02,2025-09-20T12:29:05.183Z,24.58658,0.0,0.0,0.0,0.0,2025-09-20 14:29:05.183,7.445555555556
Yeast Grow 4 Days,pioreactor02,2025-09-20T12:29:17.908Z,24.60258,0.0,0.0,0.0,0.0,2025-09-20 14:29:17.908,7.448888888889
Yeast Grow 4 Days,pioreactor02,2025-09-20T12:29:40.908Z,24.55958,0.0,0.0,0.0,0.0,2025-09-20 14:29:40.908,7.455277777778
Yeast Grow 4 Days,pioreactor02,2025-09-20T12:30:03.908Z,24.54208,0.0,0.0,0.0,0.0,2025-09-20 14:30:03.908,7.461666666667
Yeast Grow 4 Days,pioreactor02,2025-09-20T12:30:26.908Z,24.48808,0.0,0.0,0.0,0.0,2025-09-20 14:30:26.908,7.468055555556
Yeast Grow 4 Days,pioreactor02,2025-09-20T12:30:49.908Z,24.45908,0.0,0.0,0.0,0.0,2025-09-20 14:30:49.908,7.474444444444
Yeast Grow 4 Days,pioreactor02,2025-09-20T12:30:56.609Z,24.45908,0.0,0.0,0.0,81.86,2025-09-20 14:30:56.609,7.476388888889
Yeast Grow 4 Days,pioreactor02,2025-09-20T12:30:56.652Z,24.45908,0.0,0.0,0.0,81.0,2025-09-20 14:30:56.652,7.476388888889
Yeast Grow 4 Days,pioreactor02,2025-09-20T12:31:12.908Z,24.83708,0.0,0.0,0.0,81.0,2025-09-20 14:31:12.908,7.480833333333
Yeast Grow 4 Days,pioreactor02,2025-09-20T12:31:35.908Z,25.11158,0.0,0.0,0.0,81.0,2025-09-20 14:31:35.908,7.487222222222
Yeast Grow 4 Days,pioreactor02,2025-09-20T12:31:58.908Z,25.00258,0.0,0.0,0.0,81.0,2025-09-20 14:31:58.908,7.493611111111
Yeast Grow 4 Days,pioreactor02,2025-09-20T12:32:21.908Z,24.94808,0.0,0.0,0.0,81.0,2025-09-20 14:32:21.908,7.5
Yeast Grow 4 Days,pioreactor02,2025-09-20T12:32:25.183Z,24.94808,0.0,0.0,0.0,0.0,2025-09-20 14:32:25.183,7.501111111111
Yeast Grow 4 Days,pioreactor02,2025-09-20T12:32:44.908Z,24.86358,0.0,0.0,0.0,0.0,2025-09-20 14:32:44.908,7.506388888889
Yeast Grow 4 Days,pioreactor02,2025-09-20T12:33:07.908Z,24.71558,0.0,0.0,0.0,0.0,2025-09-20 14:33:07.908,7.512777777778
Yeast Grow 4 Days,pioreactor02,2025-09-20T12:33:30.908Z,24.71408,0.0,0.0,0.0,0.0,2025-09-20 14:33:30.908,7.519166666667
Yeast Grow 4 Days,pioreactor02,2025-09-20T12:33:53.908Z,24.74558,0.0,0.0,0.0,0.0,2025-09-20 14:33:53.908,7.525555555556
Yeast Grow 4 Days,pioreactor02,2025-09-20T12:34:16.611Z,24.74558,0.0,0.0,0.0,81.0,2025-09-20 14:34:16.611,7.531944444444
Yeast Grow 4 Days,pioreactor02,2025-09-20T12:34:16.652Z,24.74558,0.0,0.0,0.0,81.13,2025-09-20 14:34:16.652,7.531944444444
Yeast Grow 4 Days,pioreactor02,2025-09-20T12:34:16.908Z,24.64758,0.0,0.0,0.0,81.13,2025-09-20 14:34:16.908,7.531944444444
Yeast Grow 4 Days,pioreactor02,2025-09-20T12:34:39.912Z,24.67408,0.0,0.0,0.0,81.13,2025-09-20 14:34:39.912,7.538333333333
Yeast Grow 4 Days,pioreactor02,2025-09-20T12:35:02.908Z,24.68858,0.0,0.0,0.0,81.13,2025-09-20 14:35:02.908,7.544722222222
Yeast Grow 4 Days,pioreactor02,2025-09-20T12:35:25.908Z,24.71808,0.0,0.0,0.0,81.13,2025-09-20 14:35:25.908,7.551111111111
Yeast Grow 4 Days,pioreactor02,2025-09-20T12:35:45.183Z,24.71808,0.0,0.0,0.0,0.0,2025-09-20 14:35:45.183,7.556666666667
Yeast Grow 4 Days,pioreactor02,2025-09-20T12:35:48.908Z,24.62908,0.0,0.0,0.0,0.0,2025-09-20 14:35:48.908,7.5575
Yeast Grow 4 Days,pioreactor02,2025-09-20T12:36:11.908Z,24.60958,0.0,0.0,0.0,0.0,2025-09-20 14:36:11.908,7.563888888889
Yeast Grow 4 Days,pioreactor02,2025-09-20T12:36:34.908Z,24.85508,0.0,0.0,0.0,0.0,2025-09-20 14:36:34.908,7.570277777778
Yeast Grow 4 Days,pioreactor02,2025-09-20T12:36:57.908Z,24.81658,0.0,0.0,0.0,0.0,2025-09-20 14:36:57.908,7.576666666667
Yeast Grow 4 Days,pioreactor02,2025-09-20T12:37:20.908Z,24.73758,0.0,0.0,0.0,0.0,2025-09-20 14:37:20.908,7.583055555556
Yeast Grow 4 Days,pioreactor02,2025-09-20T12:37:36.608Z,24.73758,0.0,0.0,0.0,81.13,2025-09-20 14:37:36.608,7.5875
Yeast Grow 4 Days,pioreactor02,2025-09-20T12:37:36.652Z,24.73758,0.0,0.0,0.0,82.7,2025-09-20 14:37:36.652,7.5875
Yeast Grow 4 Days,pioreactor02,2025-09-20T12:37:43.908Z,24.76358,0.0,0.0,0.0,82.7,2025-09-20 14:37:43.908,7.589444444444
Yeast Grow 4 Days,pioreactor02,2025-09-20T12:38:06.908Z,24.73008,0.0,0.0,0.0,82.7,2025-09-20 14:38:06.908,7.595833333333
Yeast Grow 4 Days,pioreactor02,2025-09-20T12:38:29.908Z,24.70508,0.0,0.0,0.0,82.7,2025-09-20 14:38:29.908,7.602222222222
Yeast Grow 4 Days,pioreactor02,2025-09-20T12:38:52.908Z,24.72458,0.0,0.0,0.0,82.7,2025-09-20 14:38:52.908,7.608611111111
Yeast Grow 4 Days,pioreactor02,2025-09-20T12:39:05.183Z,24.72458,0.0,0.0,0.0,0.0,2025-09-20 14:39:05.183,7.612222222222
Yeast Grow 4 Days,pioreactor02,2025-09-20T12:39:15.908Z,24.65308,0.0,0.0,0.0,0.0,2025-09-20 14:39:15.908,7.615
Yeast Grow 4 Days,pioreactor02,2025-09-20T12:39:38.908Z,24.64908,0.0,0.0,0.0,0.0,2025-09-20 14:39:38.908,7.621388888889
Yeast Grow 4 Days,pioreactor02,2025-09-20T12:40:01.912Z,24.59108,0.0,0.0,0.0,0.0,2025-09-20 14:40:01.912,7.627777777778
Yeast Grow 4 Days,pioreactor02,2025-09-20T12:40:24.908Z,24.53908,0.0,0.0,0.0,0.0,2025-09-20 14:40:24.908,7.634166666667
Yeast Grow 4 Days,pioreactor02,2025-09-20T12:40:47.908Z,24.50908,0.0,0.0,0.0,0.0,2025-09-20 14:40:47.908,7.640555555556
Yeast Grow 4 Days,pioreactor02,2025-09-20T12:40:56.610Z,24.50908,0.0,0.0,0.0,82.7,2025-09-20 14:40:56.610,7.643055555556
Yeast Grow 4 Days,pioreactor02,2025-09-20T12:40:56.652Z,24.50908,0.0,0.0,0.0,84.2,2025-09-20 14:40:56.652,7.643055555556
Yeast Grow 4 Days,pioreactor02,2025-09-20T12:41:10.908Z,24.52058,0.0,0.0,0.0,84.2,2025-09-20 14:41:10.908,7.646944444444
Yeast Grow 4 Days,pioreactor02,2025-09-20T12:41:33.908Z,24.60908,0.0,0.0,0.0,84.2,2025-09-20 14:41:33.908,7.653333333333
Yeast Grow 4 Days,pioreactor02,2025-09-20T12:41:56.908Z,24.57308,0.0,0.0,0.0,84.2,2025-09-20 14:41:56.908,7.659722222222
Yeast Grow 4 Days,pioreactor02,2025-09-20T12:42:19.908Z,24.66108,0.0,0.0,0.0,84.2,2025-09-20 14:42:19.908,7.666111111111
Yeast Grow 4 Days,pioreactor02,2025-09-20T12:42:25.184Z,24.66108,0.0,0.0,0.0,0.0,2025-09-20 14:42:25.184,7.667777777778
Yeast Grow 4 Days,pioreactor02,2025-09-20T12:42:42.908Z,24.61858,0.0,0.0,0.0,0.0,2025-09-20 14:42:42.908,7.6725
Yeast Grow 4 Days,pioreactor02,2025-09-20T12:43:05.908Z,24.57458,0.0,0.0,0.0,0.0,2025-09-20 14:43:05.908,7.678888888889
Yeast Grow 4 Days,pioreactor02,2025-09-20T12:43:28.908Z,24.58158,0.0,0.0,0.0,0.0,2025-09-20 14:43:28.908,7.685277777778
Yeast Grow 4 Days,pioreactor02,2025-09-20T12:43:51.912Z,24.54408,0.0,0.0,0.0,0.0,2025-09-20 14:43:51.912,7.691666666667
Yeast Grow 4 Days,pioreactor02,2025-09-20T12:44:14.908Z,24.48558,0.0,0.0,0.0,0.0,2025-09-20 14:44:14.908,7.698055555556
Yeast Grow 4 Days,pioreactor02,2025-09-20T12:44:16.610Z,24.48558,0.0,0.0,0.0,84.2,2025-09-20 14:44:16.610,7.698611111111
Yeast Grow 4 Days,pioreactor02,2025-09-20T12:44:16.652Z,24.48558,0.0,0.0,0.0,85.01,2025-09-20 14:44:16.652,7.698611111111
Yeast Grow 4 Days,pioreactor02,2025-09-20T12:44:37.908Z,24.51058,0.0,0.0,0.0,85.01,2025-09-20 14:44:37.908,7.704444444444
Yeast Grow 4 Days,pioreactor02,2025-09-20T12:45:00.912Z,24.59858,0.0,0.0,0.0,85.01,2025-09-20 14:45:00.912,7.710833333333
Yeast Grow 4 Days,pioreactor02,2025-09-20T12:45:23.908Z,24.61408,0.0,0.0,0.0,85.01,2025-09-20 14:45:23.908,7.717222222222
Yeast Grow 4 Days,pioreactor02,2025-09-20T12:45:45.183Z,24.61408,0.0,0.0,0.0,0.0,2025-09-20 14:45:45.183,7.723333333333
Yeast Grow 4 Days,pioreactor02,2025-09-20T12:45:46.912Z,24.56708,0.0,0.0,0.0,0.0,2025-09-20 14:45:46.912,7.723611111111
Yeast Grow 4 Days,pioreactor02,2025-09-20T12:46:09.908Z,24.56858,0.0,0.0,0.0,0.0,2025-09-20 14:46:09.908,7.73
Yeast Grow 4 Days,pioreactor02,2025-09-20T12:46:32.908Z,24.55308,0.0,0.0,0.0,0.0,2025-09-20 14:46:32.908,7.736388888889
Yeast Grow 4 Days,pioreactor02,2025-09-20T12:46:55.908Z,24.58358,0.0,0.0,0.0,0.0,2025-09-20 14:46:55.908,7.742777777778
Yeast Grow 4 Days,pioreactor02,2025-09-20T12:47:18.908Z,24.59908,0.0,0.0,0.0,0.0,2025-09-20 14:47:18.908,7.749166666667
Yeast Grow 4 Days,pioreactor02,2025-09-20T12:47:36.610Z,24.59908,0.0,0.0,0.0,85.01,2025-09-20 14:47:36.610,7.754166666667
Yeast Grow 4 Days,pioreactor02,2025-09-20T12:47:36.652Z,24.59908,0.0,0.0,0.0,86.03,2025-09-20 14:47:36.652,7.754166666667
Yeast Grow 4 Days,pioreactor02,2025-09-20T12:47:41.908Z,24.57308,0.0,0.0,0.0,86.03,2025-09-20 14:47:41.908,7.755555555556
Yeast Grow 4 Days,pioreactor02,2025-09-20T12:48:04.908Z,24.57108,0.0,0.0,0.0,86.03,2025-09-20 14:48:04.908,7.761944444444
Yeast Grow 4 Days,pioreactor02,2025-09-20T12:48:27.908Z,24.96008,0.0,0.0,0.0,86.03,2025-09-20 14:48:27.908,7.768333333333
Yeast Grow 4 Days,pioreactor02,2025-09-20T12:48:50.908Z,24.89408,0.0,0.0,0.0,86.03,2025-09-20 14:48:50.908,7.774722222222
Yeast Grow 4 Days,pioreactor02,2025-09-20T12:49:05.183Z,24.89408,0.0,0.0,0.0,0.0,2025-09-20 14:49:05.183,7.778888888889
Yeast Grow 4 Days,pioreactor02,2025-09-20T12:49:13.912Z,24.87658,0.0,0.0,0.0,0.0,2025-09-20 14:49:13.912,7.781111111111
Yeast Grow 4 Days,pioreactor02,2025-09-20T12:49:36.908Z,24.83608,0.0,0.0,0.0,0.0,2025-09-20 14:49:36.908,7.7875
Yeast Grow 4 Days,pioreactor02,2025-09-20T12:49:59.908Z,24.76458,0.0,0.0,0.0,0.0,2025-09-20 14:49:59.908,7.793888888889
Yeast Grow 4 Days,pioreactor02,2025-09-20T12:50:22.908Z,24.69958,0.0,0.0,0.0,0.0,2025-09-20 14:50:22.908,7.800277777778
Yeast Grow 4 Days,pioreactor02,2025-09-20T12:50:45.908Z,24.68008,0.0,0.0,0.0,0.0,2025-09-20 14:50:45.908,7.806666666667
Yeast Grow 4 Days,pioreactor02,2025-09-20T12:50:56.610Z,24.68008,0.0,0.0,0.0,86.03,2025-09-20 14:50:56.610,7.809722222222
Yeast Grow 4 Days,pioreactor02,2025-09-20T12:50:56.653Z,24.68008,0.0,0.0,0.0,86.12,2025-09-20 14:50:56.653,7.809722222222
Yeast Grow 4 Days,pioreactor02,2025-09-20T12:51:08.908Z,24.68358,0.0,0.0,0.0,86.12,2025-09-20 14:51:08.908,7.813055555556
Yeast Grow 4 Days,pioreactor02,2025-09-20T12:51:31.908Z,24.67558,0.0,0.0,0.0,86.12,2025-09-20 14:51:31.908,7.819444444444
Yeast Grow 4 Days,pioreactor02,2025-09-20T12:51:54.908Z,24.71958,0.0,0.0,0.0,86.12,2025-09-20 14:51:54.908,7.825833333333
Yeast Grow 4 Days,pioreactor02,2025-09-20T12:52:17.908Z,24.73558,0.0,0.0,0.0,86.12,2025-09-20 14:52:17.908,7.832222222222
Yeast Grow 4 Days,pioreactor02,2025-09-20T12:52:25.183Z,24.73558,0.0,0.0,0.0,0.0,2025-09-20 14:52:25.183,7.834444444444
Yeast Grow 4 Days,pioreactor02,2025-09-20T12:52:40.908Z,24.63208,0.0,0.0,0.0,0.0,2025-09-20 14:52:40.908,7.838611111111
Yeast Grow 4 Days,pioreactor02,2025-09-20T12:53:03.912Z,24.60758,0.0,0.0,0.0,0.0,2025-09-20 14:53:03.912,7.845
Yeast Grow 4 Days,pioreactor02,2025-09-20T12:53:26.908Z,24.63208,0.0,0.0,0.0,0.0,2025-09-20 14:53:26.908,7.851388888889
Yeast Grow 4 Days,pioreactor02,2025-09-20T12:53:49.908Z,24.56608,0.0,0.0,0.0,0.0,2025-09-20 14:53:49.908,7.857777777778
Yeast Grow 4 Days,pioreactor02,2025-09-20T12:54:12.908Z,24.52808,0.0,0.0,0.0,0.0,2025-09-20 14:54:12.908,7.864166666667
Yeast Grow 4 Days,pioreactor02,2025-09-20T12:54:16.607Z,24.52808,0.0,0.0,0.0,86.12,2025-09-20 14:54:16.607,7.865277777778
Yeast Grow 4 Days,pioreactor02,2025-09-20T12:54:16.648Z,24.52808,0.0,0.0,0.0,85.93,2025-09-20 14:54:16.648,7.865277777778
Yeast Grow 4 Days,pioreactor02,2025-09-20T12:54:35.908Z,24.56808,0.0,0.0,0.0,85.93,2025-09-20 14:54:35.908,7.870555555556
Yeast Grow 4 Days,pioreactor02,2025-09-20T12:54:58.912Z,24.55758,0.0,0.0,0.0,85.93,2025-09-20 14:54:58.912,7.876944444444
Yeast Grow 4 Days,pioreactor02,2025-09-20T12:55:21.908Z,24.56508,0.0,0.0,0.0,85.93,2025-09-20 14:55:21.908,7.883333333333
Yeast Grow 4 Days,pioreactor02,2025-09-20T12:55:44.908Z,24.54158,0.0,0.0,0.0,85.93,2025-09-20 14:55:44.908,7.889722222222
Yeast Grow 4 Days,pioreactor02,2025-09-20T12:55:45.183Z,24.54158,0.0,0.0,0.0,0.0,2025-09-20 14:55:45.183,7.89
Yeast Grow 4 Days,pioreactor02,2025-09-20T12:56:07.908Z,24.52458,0.0,0.0,0.0,0.0,2025-09-20 14:56:07.908,7.896111111111
Yeast Grow 4 Days,pioreactor02,2025-09-20T12:56:30.908Z,24.50308,0.0,0.0,0.0,0.0,2025-09-20 14:56:30.908,7.9025
Yeast Grow 4 Days,pioreactor02,2025-09-20T12:56:53.908Z,24.44358,0.0,0.0,0.0,0.0,2025-09-20 14:56:53.908,7.908888888889
Yeast Grow 4 Days,pioreactor02,2025-09-20T12:57:16.908Z,24.44608,0.0,0.0,0.0,0.0,2025-09-20 14:57:16.908,7.915277777778
Yeast Grow 4 Days,pioreactor02,2025-09-20T12:57:36.609Z,24.44608,0.0,0.0,0.0,85.93,2025-09-20 14:57:36.609,7.920833333333
Yeast Grow 4 Days,pioreactor02,2025-09-20T12:57:36.652Z,24.44608,0.0,0.0,0.0,85.88,2025-09-20 14:57:36.652,7.920833333333
Yeast Grow 4 Days,pioreactor02,2025-09-20T12:57:39.908Z,24.50908,0.0,0.0,0.0,85.88,2025-09-20 14:57:39.908,7.921666666667
Yeast Grow 4 Days,pioreactor02,2025-09-20T12:58:02.908Z,24.66808,0.0,0.0,0.0,85.88,2025-09-20 14:58:02.908,7.928055555556
Yeast Grow 4 Days,pioreactor02,2025-09-20T12:58:25.909Z,24.62508,0.0,0.0,0.0,85.88,2025-09-20 14:58:25.909,7.934444444444
Yeast Grow 4 Days,pioreactor02,2025-09-20T12:58:48.908Z,24.58608,0.0,0.0,0.0,85.88,2025-09-20 14:58:48.908,7.940833333333
Yeast Grow 4 Days,pioreactor02,2025-09-20T12:59:05.183Z,24.58608,0.0,0.0,0.0,0.0,2025-09-20 14:59:05.183,7.945555555556
Yeast Grow 4 Days,pioreactor02,2025-09-20T12:59:11.908Z,24.50408,0.0,0.0,0.0,0.0,2025-09-20 14:59:11.908,7.947222222222
Yeast Grow 4 Days,pioreactor02,2025-09-20T12:59:34.912Z,24.48358,0.0,0.0,0.0,0.0,2025-09-20 14:59:34.912,7.953611111111
Yeast Grow 4 Days,pioreactor02,2025-09-20T12:59:57.908Z,24.48908,0.0,0.0,0.0,0.0,2025-09-20 14:59:57.908,7.96
Yeast Grow 4 Days,pioreactor02,2025-09-20T13:00:20.908Z,24.48508,0.0,0.0,0.0,0.0,2025-09-20 15:00:20.908,7.966388888889
Yeast Grow 4 Days,pioreactor02,2025-09-20T13:00:43.908Z,24.55108,0.0,0.0,0.0,0.0,2025-09-20 15:00:43.908,7.972777777778
Yeast Grow 4 Days,pioreactor02,2025-09-20T13:00:56.610Z,24.55108,0.0,0.0,0.0,85.88,2025-09-20 15:00:56.610,7.976388888889
Yeast Grow 4 Days,pioreactor02,2025-09-20T13:00:56.652Z,24.55108,0.0,0.0,0.0,84.91,2025-09-20 15:00:56.652,7.976388888889
Yeast Grow 4 Days,pioreactor02,2025-09-20T13:01:06.908Z,24.54558,0.0,0.0,0.0,84.91,2025-09-20 15:01:06.908,7.979166666667
Yeast Grow 4 Days,pioreactor02,2025-09-20T13:01:29.908Z,24.55458,0.0,0.0,0.0,84.91,2025-09-20 15:01:29.908,7.985555555556
Yeast Grow 4 Days,pioreactor02,2025-09-20T13:01:52.908Z,24.74408,0.0,0.0,0.0,84.91,2025-09-20 15:01:52.908,7.991944444444
Yeast Grow 4 Days,pioreactor02,2025-09-20T13:02:15.908Z,24.69858,0.0,0.0,0.0,84.91,2025-09-20 15:02:15.908,7.998333333333
Yeast Grow 4 Days,pioreactor02,2025-09-20T13:02:25.183Z,24.69858,0.0,0.0,0.0,0.0,2025-09-20 15:02:25.183,8.001111111111
Yeast Grow 4 Days,pioreactor02,2025-09-20T13:02:38.908Z,24.61758,0.0,0.0,0.0,0.0,2025-09-20 15:02:38.908,8.004722222222
Yeast Grow 4 Days,pioreactor02,2025-09-20T13:03:01.908Z,24.58108,0.0,0.0,0.0,0.0,2025-09-20 15:03:01.908,8.011111111111
Yeast Grow 4 Days,pioreactor02,2025-09-20T13:03:24.908Z,24.54758,0.0,0.0,0.0,0.0,2025-09-20 15:03:24.908,8.0175
Yeast Grow 4 Days,pioreactor02,2025-09-20T13:03:47.908Z,24.50458,0.0,0.0,0.0,0.0,2025-09-20 15:03:47.908,8.023888888889
Yeast Grow 4 Days,pioreactor02,2025-09-20T13:04:10.908Z,24.53508,0.0,0.0,0.0,0.0,2025-09-20 15:04:10.908,8.030277777778
Yeast Grow 4 Days,pioreactor02,2025-09-20T13:04:16.609Z,24.53508,0.0,0.0,0.0,84.91,2025-09-20 15:04:16.609,8.031944444444
Yeast Grow 4 Days,pioreactor02,2025-09-20T13:04:16.652Z,24.53508,0.0,0.0,0.0,83.52,2025-09-20 15:04:16.652,8.031944444444
Yeast Grow 4 Days,pioreactor02,2025-09-20T13:04:33.912Z,24.91858,0.0,0.0,0.0,83.52,2025-09-20 15:04:33.912,8.036666666667
Yeast Grow 4 Days,pioreactor02,2025-09-20T13:04:56.908Z,25.25158,0.0,0.0,0.0,83.52,2025-09-20 15:04:56.908,8.043055555556
Yeast Grow 4 Days,pioreactor02,2025-09-20T13:05:19.908Z,25.11958,0.0,0.0,0.0,83.52,2025-09-20 15:05:19.908,8.049444444444
Yeast Grow 4 Days,pioreactor02,2025-09-20T13:05:42.908Z,24.99708,0.0,0.0,0.0,83.52,2025-09-20 15:05:42.908,8.055833333333
Yeast Grow 4 Days,pioreactor02,2025-09-20T13:05:45.183Z,24.99708,0.0,0.0,0.0,0.0,2025-09-20 15:05:45.183,8.056666666667
Yeast Grow 4 Days,pioreactor02,2025-09-20T13:06:05.908Z,24.86258,0.0,0.0,0.0,0.0,2025-09-20 15:06:05.908,8.062222222222
Yeast Grow 4 Days,pioreactor02,2025-09-20T13:06:28.908Z,24.74058,0.0,0.0,0.0,0.0,2025-09-20 15:06:28.908,8.068611111111
Yeast Grow 4 Days,pioreactor02,2025-09-20T13:06:51.908Z,24.65758,0.0,0.0,0.0,0.0,2025-09-20 15:06:51.908,8.075
Yeast Grow 4 Days,pioreactor02,2025-09-20T13:07:14.908Z,24.68608,0.0,0.0,0.0,0.0,2025-09-20 15:07:14.908,8.081388888889
Yeast Grow 4 Days,pioreactor02,2025-09-20T13:07:36.609Z,24.68608,0.0,0.0,0.0,83.52,2025-09-20 15:07:36.609,8.0875
Yeast Grow 4 Days,pioreactor02,2025-09-20T13:07:36.652Z,24.68608,0.0,0.0,0.0,83.16,2025-09-20 15:07:36.652,8.0875
Yeast Grow 4 Days,pioreactor02,2025-09-20T13:07:37.912Z,24.65058,0.0,0.0,0.0,83.16,2025-09-20 15:07:37.912,8.087777777778
Yeast Grow 4 Days,pioreactor02,2025-09-20T13:08:00.908Z,24.64158,0.0,0.0,0.0,83.16,2025-09-20 15:08:00.908,8.094166666667
Yeast Grow 4 Days,pioreactor02,2025-09-20T13:08:23.908Z,24.64808,0.0,0.0,0.0,83.16,2025-09-20 15:08:23.908,8.100555555556
Yeast Grow 4 Days,pioreactor02,2025-09-20T13:08:46.908Z,24.67208,0.0,0.0,0.0,83.16,2025-09-20 15:08:46.908,8.106944444444
Yeast Grow 4 Days,pioreactor02,2025-09-20T13:09:05.183Z,24.67208,0.0,0.0,0.0,0.0,2025-09-20 15:09:05.183,8.112222222222
Yeast Grow 4 Days,pioreactor02,2025-09-20T13:09:09.908Z,24.65908,0.0,0.0,0.0,0.0,2025-09-20 15:09:09.908,8.113333333333
Yeast Grow 4 Days,pioreactor02,2025-09-20T13:09:32.908Z,24.57408,0.0,0.0,0.0,0.0,2025-09-20 15:09:32.908,8.119722222222
Yeast Grow 4 Days,pioreactor02,2025-09-20T13:09:55.908Z,24.52908,0.0,0.0,0.0,0.0,2025-09-20 15:09:55.908,8.126111111111
Yeast Grow 4 Days,pioreactor02,2025-09-20T13:10:18.908Z,24.49708,0.0,0.0,0.0,0.0,2025-09-20 15:10:18.908,8.1325
Yeast Grow 4 Days,pioreactor02,2025-09-20T13:10:41.908Z,24.49458,0.0,0.0,0.0,0.0,2025-09-20 15:10:41.908,8.138888888889
Yeast Grow 4 Days,pioreactor02,2025-09-20T13:10:56.612Z,24.49458,0.0,0.0,0.0,83.16,2025-09-20 15:10:56.612,8.143055555556
Yeast Grow 4 Days,pioreactor02,2025-09-20T13:10:56.656Z,24.49458,0.0,0.0,0.0,83.41,2025-09-20 15:10:56.656,8.143055555556
Yeast Grow 4 Days,pioreactor02,2025-09-20T13:11:04.908Z,24.49758,0.0,0.0,0.0,83.41,2025-09-20 15:11:04.908,8.145277777778
Yeast Grow 4 Days,pioreactor02,2025-09-20T13:11:27.908Z,24.49508,0.0,0.0,0.0,83.41,2025-09-20 15:11:27.908,8.151666666667
Yeast Grow 4 Days,pioreactor02,2025-09-20T13:11:50.908Z,24.50508,0.0,0.0,0.0,83.41,2025-09-20 15:11:50.908,8.158055555556
Yeast Grow 4 Days,pioreactor02,2025-09-20T13:12:13.908Z,24.48958,0.0,0.0,0.0,83.41,2025-09-20 15:12:13.908,8.164444444444
Yeast Grow 4 Days,pioreactor02,2025-09-20T13:12:25.183Z,24.48958,0.0,0.0,0.0,0.0,2025-09-20 15:12:25.183,8.167777777778
Yeast Grow 4 Days,pioreactor02,2025-09-20T13:12:36.912Z,24.42908,0.0,0.0,0.0,0.0,2025-09-20 15:12:36.912,8.170833333333
Yeast Grow 4 Days,pioreactor02,2025-09-20T13:12:59.908Z,24.41758,0.0,0.0,0.0,0.0,2025-09-20 15:12:59.908,8.177222222222
Yeast Grow 4 Days,pioreactor02,2025-09-20T13:13:22.908Z,24.37508,0.0,0.0,0.0,0.0,2025-09-20 15:13:22.908,8.183611111111
Yeast Grow 4 Days,pioreactor02,2025-09-20T13:13:45.908Z,24.36058,0.0,0.0,0.0,0.0,2025-09-20 15:13:45.908,8.19
Yeast Grow 4 Days,pioreactor02,2025-09-20T13:14:08.908Z,24.33208,0.0,0.0,0.0,0.0,2025-09-20 15:14:08.908,8.196388888889
Yeast Grow 4 Days,pioreactor02,2025-09-20T13:14:16.610Z,24.33208,0.0,0.0,0.0,83.41,2025-09-20 15:14:16.610,8.198611111111
Yeast Grow 4 Days,pioreactor02,2025-09-20T13:14:16.652Z,24.33208,0.0,0.0,0.0,82.86,2025-09-20 15:14:16.652,8.198611111111
Yeast Grow 4 Days,pioreactor02,2025-09-20T13:14:31.908Z,24.32408,0.0,0.0,0.0,82.86,2025-09-20 15:14:31.908,8.202777777778
Yeast Grow 4 Days,pioreactor02,2025-09-20T13:14:54.908Z,24.37408,0.0,0.0,0.0,82.86,2025-09-20 15:14:54.908,8.209166666667
Yeast Grow 4 Days,pioreactor02,2025-09-20T13:15:17.908Z,24.40658,0.0,0.0,0.0,82.86,2025-09-20 15:15:17.908,8.215555555556
Yeast Grow 4 Days,pioreactor02,2025-09-20T13:15:40.908Z,24.46858,0.0,0.0,0.0,82.86,2025-09-20 15:15:40.908,8.221944444444
Yeast Grow 4 Days,pioreactor02,2025-09-20T13:15:45.183Z,24.46858,0.0,0.0,0.0,0.0,2025-09-20 15:15:45.183,8.223333333333
Yeast Grow 4 Days,pioreactor02,2025-09-20T13:16:03.908Z,24.43858,0.0,0.0,0.0,0.0,2025-09-20 15:16:03.908,8.228333333333
Yeast Grow 4 Days,pioreactor02,2025-09-20T13:16:26.908Z,24.40308,0.0,0.0,0.0,0.0,2025-09-20 15:16:26.908,8.234722222222
Yeast Grow 4 Days,pioreactor02,2025-09-20T13:16:49.908Z,24.40158,0.0,0.0,0.0,0.0,2025-09-20 15:16:49.908,8.241111111111
Yeast Grow 4 Days,pioreactor02,2025-09-20T13:17:12.908Z,24.41708,0.0,0.0,0.0,0.0,2025-09-20 15:17:12.908,8.2475
Yeast Grow 4 Days,pioreactor02,2025-09-20T13:17:35.908Z,24.42008,0.0,0.0,0.0,0.0,2025-09-20 15:17:35.908,8.253888888889
Yeast Grow 4 Days,pioreactor02,2025-09-20T13:17:36.609Z,24.42008,0.0,0.0,0.0,82.86,2025-09-20 15:17:36.609,8.254166666667
Yeast Grow 4 Days,pioreactor02,2025-09-20T13:17:36.652Z,24.42008,0.0,0.0,0.0,82.78,2025-09-20 15:17:36.652,8.254166666667
Yeast Grow 4 Days,pioreactor02,2025-09-20T13:17:58.908Z,24.46708,0.0,0.0,0.0,82.78,2025-09-20 15:17:58.908,8.260277777778
Yeast Grow 4 Days,pioreactor02,2025-09-20T13:18:21.912Z,24.47858,0.0,0.0,0.0,82.78,2025-09-20 15:18:21.912,8.266666666667
Yeast Grow 4 Days,pioreactor02,2025-09-20T13:18:44.912Z,24.49758,0.0,0.0,0.0,82.78,2025-09-20 15:18:44.912,8.273055555556
Yeast Grow 4 Days,pioreactor02,2025-09-20T13:19:05.183Z,24.49758,0.0,0.0,0.0,0.0,2025-09-20 15:19:05.183,8.278888888889
Yeast Grow 4 Days,pioreactor02,2025-09-20T13:19:07.908Z,24.42608,0.0,0.0,0.0,0.0,2025-09-20 15:19:07.908,8.279444444444
Yeast Grow 4 Days,pioreactor02,2025-09-20T13:19:30.908Z,24.42608,0.0,0.0,0.0,0.0,2025-09-20 15:19:30.908,8.285833333333
Yeast Grow 4 Days,pioreactor02,2025-09-20T13:19:53.908Z,24.46558,0.0,0.0,0.0,0.0,2025-09-20 15:19:53.908,8.292222222222
Yeast Grow 4 Days,pioreactor02,2025-09-20T13:20:16.908Z,24.45608,0.0,0.0,0.0,0.0,2025-09-20 15:20:16.908,8.298611111111
Yeast Grow 4 Days,pioreactor02,2025-09-20T13:20:39.908Z,24.47658,0.0,0.0,0.0,0.0,2025-09-20 15:20:39.908,8.305
Yeast Grow 4 Days,pioreactor02,2025-09-20T13:20:56.610Z,24.47658,0.0,0.0,0.0,82.78,2025-09-20 15:20:56.610,8.309722222222
Yeast Grow 4 Days,pioreactor02,2025-09-20T13:20:56.652Z,24.47658,0.0,0.0,0.0,82.74,2025-09-20 15:20:56.652,8.309722222222
Yeast Grow 4 Days,pioreactor02,2025-09-20T13:21:02.908Z,24.52008,0.0,0.0,0.0,82.74,2025-09-20 15:21:02.908,8.311388888889
Yeast Grow 4 Days,pioreactor02,2025-09-20T13:21:25.908Z,24.51108,0.0,0.0,0.0,82.74,2025-09-20 15:21:25.908,8.317777777778
Yeast Grow 4 Days,pioreactor02,2025-09-20T13:21:48.908Z,24.65658,0.0,0.0,0.0,82.74,2025-09-20 15:21:48.908,8.324166666667
Yeast Grow 4 Days,pioreactor02,2025-09-20T13:22:11.908Z,25.05708,0.0,0.0,0.0,82.74,2025-09-20 15:22:11.908,8.330555555556
Yeast Grow 4 Days,pioreactor02,2025-09-20T13:22:25.184Z,25.05708,0.0,0.0,0.0,0.0,2025-09-20 15:22:25.184,8.334444444444
Yeast Grow 4 Days,pioreactor02,2025-09-20T13:22:34.908Z,24.92308,0.0,0.0,0.0,0.0,2025-09-20 15:22:34.908,8.336944444444
Yeast Grow 4 Days,pioreactor02,2025-09-20T13:22:57.908Z,24.85258,0.0,0.0,0.0,0.0,2025-09-20 15:22:57.908,8.343333333333
Yeast Grow 4 Days,pioreactor02,2025-09-20T13:23:20.908Z,24.80258,0.0,0.0,0.0,0.0,2025-09-20 15:23:20.908,8.349722222222
Yeast Grow 4 Days,pioreactor02,2025-09-20T13:23:43.908Z,24.68258,0.0,0.0,0.0,0.0,2025-09-20 15:23:43.908,8.356111111111
Yeast Grow 4 Days,pioreactor02,2025-09-20T13:24:06.908Z,24.61258,0.0,0.0,0.0,0.0,2025-09-20 15:24:06.908,8.3625
Yeast Grow 4 Days,pioreactor02,2025-09-20T13:24:16.609Z,24.61258,0.0,0.0,0.0,82.74,2025-09-20 15:24:16.609,8.365277777778
Yeast Grow 4 Days,pioreactor02,2025-09-20T13:24:16.653Z,24.61258,0.0,0.0,0.0,83.42,2025-09-20 15:24:16.653,8.365277777778
Yeast Grow 4 Days,pioreactor02,2025-09-20T13:24:29.908Z,24.65308,0.0,0.0,0.0,83.42,2025-09-20 15:24:29.908,8.368888888889
Yeast Grow 4 Days,pioreactor02,2025-09-20T13:24:52.908Z,24.64208,0.0,0.0,0.0,83.42,2025-09-20 15:24:52.908,8.375277777778
Yeast Grow 4 Days,pioreactor02,2025-09-20T13:25:15.908Z,24.66108,0.0,0.0,0.0,83.42,2025-09-20 15:25:15.908,8.381666666667
Yeast Grow 4 Days,pioreactor02,2025-09-20T13:25:38.908Z,24.63058,0.0,0.0,0.0,83.42,2025-09-20 15:25:38.908,8.388055555556
Yeast Grow 4 Days,pioreactor02,2025-09-20T13:25:45.183Z,24.63058,0.0,0.0,0.0,0.0,2025-09-20 15:25:45.183,8.39
Yeast Grow 4 Days,pioreactor02,2025-09-20T13:26:01.908Z,24.61608,0.0,0.0,0.0,0.0,2025-09-20 15:26:01.908,8.394444444444
Yeast Grow 4 Days,pioreactor02,2025-09-20T13:26:24.908Z,24.51608,0.0,0.0,0.0,0.0,2025-09-20 15:26:24.908,8.400833333333
Yeast Grow 4 Days,pioreactor02,2025-09-20T13:26:47.908Z,24.54558,0.0,0.0,0.0,0.0,2025-09-20 15:26:47.908,8.407222222222
Yeast Grow 4 Days,pioreactor02,2025-09-20T13:27:10.908Z,24.49558,0.0,0.0,0.0,0.0,2025-09-20 15:27:10.908,8.413611111111
Yeast Grow 4 Days,pioreactor02,2025-09-20T13:27:33.908Z,24.44958,0.0,0.0,0.0,0.0,2025-09-20 15:27:33.908,8.42
Yeast Grow 4 Days,pioreactor02,2025-09-20T13:27:36.610Z,24.44958,0.0,0.0,0.0,83.42,2025-09-20 15:27:36.610,8.420833333333
Yeast Grow 4 Days,pioreactor02,2025-09-20T13:27:36.656Z,24.44958,0.0,0.0,0.0,84.05,2025-09-20 15:27:36.656,8.420833333333
Yeast Grow 4 Days,pioreactor02,2025-09-20T13:27:56.908Z,24.48408,0.0,0.0,0.0,84.05,2025-09-20 15:27:56.908,8.426388888889
Yeast Grow 4 Days,pioreactor02,2025-09-20T13:28:19.908Z,24.53758,0.0,0.0,0.0,84.05,2025-09-20 15:28:19.908,8.432777777778
Yeast Grow 4 Days,pioreactor02,2025-09-20T13:28:42.908Z,24.53958,0.0,0.0,0.0,84.05,2025-09-20 15:28:42.908,8.439166666667
Yeast Grow 4 Days,pioreactor02,2025-09-20T13:29:05.183Z,24.53958,0.0,0.0,0.0,0.0,2025-09-20 15:29:05.183,8.445555555556
Yeast Grow 4 Days,pioreactor02,2025-09-20T13:29:05.908Z,24.50908,0.0,0.0,0.0,0.0,2025-09-20 15:29:05.908,8.445555555556
Yeast Grow 4 Days,pioreactor02,2025-09-20T13:29:28.908Z,24.47008,0.0,0.0,0.0,0.0,2025-09-20 15:29:28.908,8.451944444444
Yeast Grow 4 Days,pioreactor02,2025-09-20T13:29:51.908Z,24.46908,0.0,0.0,0.0,0.0,2025-09-20 15:29:51.908,8.458333333333
Yeast Grow 4 Days,pioreactor02,2025-09-20T13:30:14.908Z,24.47508,0.0,0.0,0.0,0.0,2025-09-20 15:30:14.908,8.464722222222
Yeast Grow 4 Days,pioreactor02,2025-09-20T13:30:37.908Z,24.51908,0.0,0.0,0.0,0.0,2025-09-20 15:30:37.908,8.471111111111
Yeast Grow 4 Days,pioreactor02,2025-09-20T13:30:56.609Z,24.51908,0.0,0.0,0.0,84.05,2025-09-20 15:30:56.609,8.476388888889
Yeast Grow 4 Days,pioreactor02,2025-09-20T13:30:56.652Z,24.51908,0.0,0.0,0.0,85.08,2025-09-20 15:30:56.652,8.476388888889
Yeast Grow 4 Days,pioreactor02,2025-09-20T13:31:00.908Z,24.52008,0.0,0.0,0.0,85.08,2025-09-20 15:31:00.908,8.4775
Yeast Grow 4 Days,pioreactor02,2025-09-20T13:31:23.908Z,24.48608,0.0,0.0,0.0,85.08,2025-09-20 15:31:23.908,8.483888888889
Yeast Grow 4 Days,pioreactor02,2025-09-20T13:31:46.908Z,24.48358,0.0,0.0,0.0,85.08,2025-09-20 15:31:46.908,8.490277777778
Yeast Grow 4 Days,pioreactor02,2025-09-20T13:32:09.908Z,24.48708,0.0,0.0,0.0,85.08,2025-09-20 15:32:09.908,8.496666666667
Yeast Grow 4 Days,pioreactor02,2025-09-20T13:32:25.183Z,24.48708,0.0,0.0,0.0,0.0,2025-09-20 15:32:25.183,8.501111111111
Yeast Grow 4 Days,pioreactor02,2025-09-20T13:32:32.908Z,24.47858,0.0,0.0,0.0,0.0,2025-09-20 15:32:32.908,8.503055555556
Yeast Grow 4 Days,pioreactor02,2025-09-20T13:32:55.908Z,24.47108,0.0,0.0,0.0,0.0,2025-09-20 15:32:55.908,8.509444444444
Yeast Grow 4 Days,pioreactor02,2025-09-20T13:33:18.908Z,24.46308,0.0,0.0,0.0,0.0,2025-09-20 15:33:18.908,8.515833333333
Yeast Grow 4 Days,pioreactor02,2025-09-20T13:33:41.908Z,24.44808,0.0,0.0,0.0,0.0,2025-09-20 15:33:41.908,8.522222222222
Yeast Grow 4 Days,pioreactor02,2025-09-20T13:34:04.908Z,24.47558,0.0,0.0,0.0,0.0,2025-09-20 15:34:04.908,8.528611111111
Yeast Grow 4 Days,pioreactor02,2025-09-20T13:34:16.609Z,24.47558,0.0,0.0,0.0,85.08,2025-09-20 15:34:16.609,8.531944444444
Yeast Grow 4 Days,pioreactor02,2025-09-20T13:34:16.652Z,24.47558,0.0,0.0,0.0,85.8,2025-09-20 15:34:16.652,8.531944444444
Yeast Grow 4 Days,pioreactor02,2025-09-20T13:34:27.908Z,24.42708,0.0,0.0,0.0,85.8,2025-09-20 15:34:27.908,8.535
Yeast Grow 4 Days,pioreactor02,2025-09-20T13:34:50.908Z,24.61658,0.0,0.0,0.0,85.8,2025-09-20 15:34:50.908,8.541388888889
Yeast Grow 4 Days,pioreactor02,2025-09-20T13:35:13.912Z,24.68808,0.0,0.0,0.0,85.8,2025-09-20 15:35:13.912,8.547777777778
Yeast Grow 4 Days,pioreactor02,2025-09-20T13:35:36.908Z,24.69358,0.0,0.0,0.0,85.8,2025-09-20 15:35:36.908,8.554166666667
Yeast Grow 4 Days,pioreactor02,2025-09-20T13:35:45.183Z,24.69358,0.0,0.0,0.0,0.0,2025-09-20 15:35:45.183,8.556666666667
Yeast Grow 4 Days,pioreactor02,2025-09-20T13:35:59.908Z,24.64658,0.0,0.0,0.0,0.0,2025-09-20 15:35:59.908,8.560555555556
Yeast Grow 4 Days,pioreactor02,2025-09-20T13:36:22.908Z,24.58408,0.0,0.0,0.0,0.0,2025-09-20 15:36:22.908,8.566944444444
Yeast Grow 4 Days,pioreactor02,2025-09-20T13:36:45.908Z,24.53458,0.0,0.0,0.0,0.0,2025-09-20 15:36:45.908,8.573333333333
Yeast Grow 4 Days,pioreactor02,2025-09-20T13:37:08.908Z,24.53808,0.0,0.0,0.0,0.0,2025-09-20 15:37:08.908,8.579722222222
Yeast Grow 4 Days,pioreactor02,2025-09-20T13:37:31.908Z,24.51258,0.0,0.0,0.0,0.0,2025-09-20 15:37:31.908,8.586111111111
Yeast Grow 4 Days,pioreactor02,2025-09-20T13:37:36.610Z,24.51258,0.0,0.0,0.0,85.8,2025-09-20 15:37:36.610,8.5875
Yeast Grow 4 Days,pioreactor02,2025-09-20T13:37:36.652Z,24.51258,0.0,0.0,0.0,85.92,2025-09-20 15:37:36.652,8.5875
Yeast Grow 4 Days,pioreactor02,2025-09-20T13:37:54.908Z,24.55758,0.0,0.0,0.0,85.92,2025-09-20 15:37:54.908,8.5925
Yeast Grow 4 Days,pioreactor02,2025-09-20T13:38:17.908Z,24.89308,0.0,0.0,0.0,85.92,2025-09-20 15:38:17.908,8.598888888889
Yeast Grow 4 Days,pioreactor02,2025-09-20T13:38:40.908Z,25.27058,0.0,0.0,0.0,85.92,2025-09-20 15:38:40.908,8.605277777778
Yeast Grow 4 Days,pioreactor02,2025-09-20T13:39:03.908Z,25.13108,0.0,0.0,0.0,85.92,2025-09-20 15:39:03.908,8.611666666667
Yeast Grow 4 Days,pioreactor02,2025-09-20T13:39:05.183Z,25.13108,0.0,0.0,0.0,0.0,2025-09-20 15:39:05.183,8.612222222222
Yeast Grow 4 Days,pioreactor02,2025-09-20T13:39:26.908Z,24.99958,0.0,0.0,0.0,0.0,2025-09-20 15:39:26.908,8.618055555556
Yeast Grow 4 Days,pioreactor02,2025-09-20T13:39:49.908Z,24.92808,0.0,0.0,0.0,0.0,2025-09-20 15:39:49.908,8.624444444444
Yeast Grow 4 Days,pioreactor02,2025-09-20T13:40:12.908Z,24.78058,0.0,0.0,0.0,0.0,2025-09-20 15:40:12.908,8.630833333333
Yeast Grow 4 Days,pioreactor02,2025-09-20T13:40:35.908Z,24.68158,0.0,0.0,0.0,0.0,2025-09-20 15:40:35.908,8.637222222222
Yeast Grow 4 Days,pioreactor02,2025-09-20T13:40:56.613Z,24.68158,0.0,0.0,0.0,85.92,2025-09-20 15:40:56.613,8.643055555556
Yeast Grow 4 Days,pioreactor02,2025-09-20T13:40:56.656Z,24.68158,0.0,0.0,0.0,85.28,2025-09-20 15:40:56.656,8.643055555556
Yeast Grow 4 Days,pioreactor02,2025-09-20T13:40:58.908Z,24.76708,0.0,0.0,0.0,85.28,2025-09-20 15:40:58.908,8.643611111111
Yeast Grow 4 Days,pioreactor02,2025-09-20T13:41:21.908Z,24.74758,0.0,0.0,0.0,85.28,2025-09-20 15:41:21.908,8.65
Yeast Grow 4 Days,pioreactor02,2025-09-20T13:41:44.908Z,24.73308,0.0,0.0,0.0,85.28,2025-09-20 15:41:44.908,8.656388888889
Yeast Grow 4 Days,pioreactor02,2025-09-20T13:42:07.908Z,24.64658,0.0,0.0,0.0,85.28,2025-09-20 15:42:07.908,8.662777777778
Yeast Grow 4 Days,pioreactor02,2025-09-20T13:42:25.183Z,24.64658,0.0,0.0,0.0,0.0,2025-09-20 15:42:25.183,8.667777777778
Yeast Grow 4 Days,pioreactor02,2025-09-20T13:42:30.908Z,24.64258,0.0,0.0,0.0,0.0,2025-09-20 15:42:30.908,8.669166666667
Yeast Grow 4 Days,pioreactor02,2025-09-20T13:42:53.908Z,24.62358,0.0,0.0,0.0,0.0,2025-09-20 15:42:53.908,8.675555555556
Yeast Grow 4 Days,pioreactor02,2025-09-20T13:43:16.908Z,24.63408,0.0,0.0,0.0,0.0,2025-09-20 15:43:16.908,8.681944444444
Yeast Grow 4 Days,pioreactor02,2025-09-20T13:43:39.908Z,24.61358,0.0,0.0,0.0,0.0,2025-09-20 15:43:39.908,8.688333333333
Yeast Grow 4 Days,pioreactor02,2025-09-20T13:44:02.908Z,24.54908,0.0,0.0,0.0,0.0,2025-09-20 15:44:02.908,8.694722222222
Yeast Grow 4 Days,pioreactor02,2025-09-20T13:44:16.611Z,24.54908,0.0,0.0,0.0,85.28,2025-09-20 15:44:16.611,8.698611111111
Yeast Grow 4 Days,pioreactor02,2025-09-20T13:44:16.652Z,24.54908,0.0,0.0,0.0,85.76,2025-09-20 15:44:16.652,8.698611111111
Yeast Grow 4 Days,pioreactor02,2025-09-20T13:44:25.908Z,24.57608,0.0,0.0,0.0,85.76,2025-09-20 15:44:25.908,8.701111111111
Yeast Grow 4 Days,pioreactor02,2025-09-20T13:44:48.908Z,24.58258,0.0,0.0,0.0,85.76,2025-09-20 15:44:48.908,8.7075
Yeast Grow 4 Days,pioreactor02,2025-09-20T13:45:11.912Z,24.52308,0.0,0.0,0.0,85.76,2025-09-20 15:45:11.912,8.713888888889
Yeast Grow 4 Days,pioreactor02,2025-09-20T13:45:34.908Z,24.49258,0.0,0.0,0.0,85.76,2025-09-20 15:45:34.908,8.720277777778
Yeast Grow 4 Days,pioreactor02,2025-09-20T13:45:45.183Z,24.49258,0.0,0.0,0.0,0.0,2025-09-20 15:45:45.183,8.723333333333
Yeast Grow 4 Days,pioreactor02,2025-09-20T13:45:57.908Z,24.43958,0.0,0.0,0.0,0.0,2025-09-20 15:45:57.908,8.726666666667
Yeast Grow 4 Days,pioreactor02,2025-09-20T13:46:20.908Z,24.44708,0.0,0.0,0.0,0.0,2025-09-20 15:46:20.908,8.733055555556
Yeast Grow 4 Days,pioreactor02,2025-09-20T13:46:43.908Z,24.49908,0.0,0.0,0.0,0.0,2025-09-20 15:46:43.908,8.739444444444
Yeast Grow 4 Days,pioreactor02,2025-09-20T13:47:06.912Z,24.51808,0.0,0.0,0.0,0.0,2025-09-20 15:47:06.912,8.745833333333
Yeast Grow 4 Days,pioreactor02,2025-09-20T13:47:29.908Z,24.47758,0.0,0.0,0.0,0.0,2025-09-20 15:47:29.908,8.752222222222
Yeast Grow 4 Days,pioreactor02,2025-09-20T13:47:36.610Z,24.47758,0.0,0.0,0.0,85.76,2025-09-20 15:47:36.610,8.754166666667
Yeast Grow 4 Days,pioreactor02,2025-09-20T13:47:36.652Z,24.47758,0.0,0.0,0.0,85.9,2025-09-20 15:47:36.652,8.754166666667
Yeast Grow 4 Days,pioreactor02,2025-09-20T13:47:52.908Z,24.84558,0.0,0.0,0.0,85.9,2025-09-20 15:47:52.908,8.758611111111
Yeast Grow 4 Days,pioreactor02,2025-09-20T13:48:15.912Z,25.17008,0.0,0.0,0.0,85.9,2025-09-20 15:48:15.912,8.765
Yeast Grow 4 Days,pioreactor02,2025-09-20T13:48:38.908Z,25.05958,0.0,0.0,0.0,85.9,2025-09-20 15:48:38.908,8.771388888889
Yeast Grow 4 Days,pioreactor02,2025-09-20T13:49:01.908Z,24.93308,0.0,0.0,0.0,85.9,2025-09-20 15:49:01.908,8.777777777778
Yeast Grow 4 Days,pioreactor02,2025-09-20T13:49:05.183Z,24.93308,0.0,0.0,0.0,0.0,2025-09-20 15:49:05.183,8.778888888889
Yeast Grow 4 Days,pioreactor02,2025-09-20T13:49:24.908Z,24.79758,0.0,0.0,0.0,0.0,2025-09-20 15:49:24.908,8.784166666667
Yeast Grow 4 Days,pioreactor02,2025-09-20T13:49:47.912Z,24.72258,0.0,0.0,0.0,0.0,2025-09-20 15:49:47.912,8.790555555556
Yeast Grow 4 Days,pioreactor02,2025-09-20T13:50:10.908Z,24.65908,0.0,0.0,0.0,0.0,2025-09-20 15:50:10.908,8.796944444444
Yeast Grow 4 Days,pioreactor02,2025-09-20T13:50:33.908Z,24.61258,0.0,0.0,0.0,0.0,2025-09-20 15:50:33.908,8.803333333333
Yeast Grow 4 Days,pioreactor02,2025-09-20T13:50:56.609Z,24.61258,0.0,0.0,0.0,85.9,2025-09-20 15:50:56.609,8.809722222222
Yeast Grow 4 Days,pioreactor02,2025-09-20T13:50:56.652Z,24.61258,0.0,0.0,0.0,85.15,2025-09-20 15:50:56.652,8.809722222222
Yeast Grow 4 Days,pioreactor02,2025-09-20T13:50:56.908Z,24.62458,0.0,0.0,0.0,85.15,2025-09-20 15:50:56.908,8.809722222222
Yeast Grow 4 Days,pioreactor02,2025-09-20T13:51:19.908Z,24.62908,0.0,0.0,0.0,85.15,2025-09-20 15:51:19.908,8.816111111111
Yeast Grow 4 Days,pioreactor02,2025-09-20T13:51:42.908Z,24.62158,0.0,0.0,0.0,85.15,2025-09-20 15:51:42.908,8.8225
Yeast Grow 4 Days,pioreactor02,2025-09-20T13:52:05.908Z,24.66758,0.0,0.0,0.0,85.15,2025-09-20 15:52:05.908,8.828888888889
Yeast Grow 4 Days,pioreactor02,2025-09-20T13:52:25.183Z,24.66758,0.0,0.0,0.0,0.0,2025-09-20 15:52:25.183,8.834444444444
Yeast Grow 4 Days,pioreactor02,2025-09-20T13:52:28.908Z,24.59958,0.0,0.0,0.0,0.0,2025-09-20 15:52:28.908,8.835277777778
Yeast Grow 4 Days,pioreactor02,2025-09-20T13:52:51.908Z,24.58108,0.0,0.0,0.0,0.0,2025-09-20 15:52:51.908,8.841666666667
Yeast Grow 4 Days,pioreactor02,2025-09-20T13:53:14.912Z,24.48408,0.0,0.0,0.0,0.0,2025-09-20 15:53:14.912,8.848055555556
Yeast Grow 4 Days,pioreactor02,2025-09-20T13:53:37.908Z,24.42508,0.0,0.0,0.0,0.0,2025-09-20 15:53:37.908,8.854444444444
Yeast Grow 4 Days,pioreactor02,2025-09-20T13:54:00.908Z,24.46908,0.0,0.0,0.0,0.0,2025-09-20 15:54:00.908,8.860833333333
Yeast Grow 4 Days,pioreactor02,2025-09-20T13:54:16.610Z,24.46908,0.0,0.0,0.0,85.15,2025-09-20 15:54:16.610,8.865277777778
Yeast Grow 4 Days,pioreactor02,2025-09-20T13:54:16.652Z,24.46908,0.0,0.0,0.0,85.07,2025-09-20 15:54:16.652,8.865277777778
Yeast Grow 4 Days,pioreactor02,2025-09-20T13:54:23.908Z,24.85008,0.0,0.0,0.0,85.07,2025-09-20 15:54:23.908,8.867222222222
Yeast Grow 4 Days,pioreactor02,2025-09-20T13:54:46.908Z,25.17008,0.0,0.0,0.0,85.07,2025-09-20 15:54:46.908,8.873611111111
Yeast Grow 4 Days,pioreactor02,2025-09-20T13:55:09.908Z,25.03508,0.0,0.0,0.0,85.07,2025-09-20 15:55:09.908,8.88
Yeast Grow 4 Days,pioreactor02,2025-09-20T13:55:32.908Z,24.95758,0.0,0.0,0.0,85.07,2025-09-20 15:55:32.908,8.886388888889
Yeast Grow 4 Days,pioreactor02,2025-09-20T13:55:45.183Z,24.95758,0.0,0.0,0.0,0.0,2025-09-20 15:55:45.183,8.89
Yeast Grow 4 Days,pioreactor02,2025-09-20T13:55:55.908Z,24.83908,0.0,0.0,0.0,0.0,2025-09-20 15:55:55.908,8.892777777778
Yeast Grow 4 Days,pioreactor02,2025-09-20T13:56:18.912Z,24.74058,0.0,0.0,0.0,0.0,2025-09-20 15:56:18.912,8.899166666667
Yeast Grow 4 Days,pioreactor02,2025-09-20T13:56:41.908Z,24.74158,0.0,0.0,0.0,0.0,2025-09-20 15:56:41.908,8.905555555556
Yeast Grow 4 Days,pioreactor02,2025-09-20T13:57:04.908Z,24.66208,0.0,0.0,0.0,0.0,2025-09-20 15:57:04.908,8.911944444444
Yeast Grow 4 Days,pioreactor02,2025-09-20T13:57:27.908Z,24.58458,0.0,0.0,0.0,0.0,2025-09-20 15:57:27.908,8.918333333333
Yeast Grow 4 Days,pioreactor02,2025-09-20T13:57:36.610Z,24.58458,0.0,0.0,0.0,85.07,2025-09-20 15:57:36.610,8.920833333333
Yeast Grow 4 Days,pioreactor02,2025-09-20T13:57:36.652Z,24.58458,0.0,0.0,0.0,84.87,2025-09-20 15:57:36.652,8.920833333333
Yeast Grow 4 Days,pioreactor02,2025-09-20T13:57:50.908Z,24.57108,0.0,0.0,0.0,84.87,2025-09-20 15:57:50.908,8.924722222222
Yeast Grow 4 Days,pioreactor02,2025-09-20T13:58:13.908Z,24.57358,0.0,0.0,0.0,84.87,2025-09-20 15:58:13.908,8.931111111111
Yeast Grow 4 Days,pioreactor02,2025-09-20T13:58:36.908Z,24.55458,0.0,0.0,0.0,84.87,2025-09-20 15:58:36.908,8.9375
Yeast Grow 4 Days,pioreactor02,2025-09-20T13:58:59.908Z,24.52808,0.0,0.0,0.0,84.87,2025-09-20 15:58:59.908,8.943888888889
Yeast Grow 4 Days,pioreactor02,2025-09-20T13:59:05.183Z,24.52808,0.0,0.0,0.0,0.0,2025-09-20 15:59:05.183,8.945555555556
Yeast Grow 4 Days,pioreactor02,2025-09-20T13:59:22.908Z,24.57158,0.0,0.0,0.0,0.0,2025-09-20 15:59:22.908,8.950277777778
Yeast Grow 4 Days,pioreactor02,2025-09-20T13:59:45.908Z,24.54008,0.0,0.0,0.0,0.0,2025-09-20 15:59:45.908,8.956666666667
Yeast Grow 4 Days,pioreactor02,2025-09-20T14:00:08.908Z,24.56658,0.0,0.0,0.0,0.0,2025-09-20 16:00:08.908,8.963055555556
Yeast Grow 4 Days,pioreactor02,2025-09-20T14:00:31.908Z,24.47208,0.0,0.0,0.0,0.0,2025-09-20 16:00:31.908,8.969444444444
Yeast Grow 4 Days,pioreactor02,2025-09-20T14:00:54.908Z,24.46358,0.0,0.0,0.0,0.0,2025-09-20 16:00:54.908,8.975833333333
Yeast Grow 4 Days,pioreactor02,2025-09-20T14:00:56.609Z,24.46358,0.0,0.0,0.0,84.87,2025-09-20 16:00:56.609,8.976388888889
Yeast Grow 4 Days,pioreactor02,2025-09-20T14:00:56.652Z,24.46358,0.0,0.0,0.0,84.71,2025-09-20 16:00:56.652,8.976388888889
Yeast Grow 4 Days,pioreactor02,2025-09-20T14:01:17.908Z,24.48208,0.0,0.0,0.0,84.71,2025-09-20 16:01:17.908,8.982222222222
Yeast Grow 4 Days,pioreactor02,2025-09-20T14:01:40.908Z,24.47258,0.0,0.0,0.0,84.71,2025-09-20 16:01:40.908,8.988611111111
Yeast Grow 4 Days,pioreactor02,2025-09-20T14:02:03.908Z,24.47758,0.0,0.0,0.0,84.71,2025-09-20 16:02:03.908,8.995
Yeast Grow 4 Days,pioreactor02,2025-09-20T14:02:25.183Z,24.47758,0.0,0.0,0.0,0.0,2025-09-20 16:02:25.183,9.001111111111
Yeast Grow 4 Days,pioreactor02,2025-09-20T14:02:26.908Z,24.44258,0.0,0.0,0.0,0.0,2025-09-20 16:02:26.908,9.001388888889
Yeast Grow 4 Days,pioreactor02,2025-09-20T14:02:49.908Z,24.40958,0.0,0.0,0.0,0.0,2025-09-20 16:02:49.908,9.007777777778
Yeast Grow 4 Days,pioreactor02,2025-09-20T14:03:12.908Z,24.40608,0.0,0.0,0.0,0.0,2025-09-20 16:03:12.908,9.014166666667
Yeast Grow 4 Days,pioreactor02,2025-09-20T14:03:35.908Z,24.43458,0.0,0.0,0.0,0.0,2025-09-20 16:03:35.908,9.020555555556
Yeast Grow 4 Days,pioreactor02,2025-09-20T14:03:58.908Z,24.44958,0.0,0.0,0.0,0.0,2025-09-20 16:03:58.908,9.026944444444
Yeast Grow 4 Days,pioreactor02,2025-09-20T14:04:16.608Z,24.44958,0.0,0.0,0.0,84.71,2025-09-20 16:04:16.608,9.031944444444
Yeast Grow 4 Days,pioreactor02,2025-09-20T14:04:16.652Z,24.44958,0.0,0.0,0.0,84.7,2025-09-20 16:04:16.652,9.031944444444
Yeast Grow 4 Days,pioreactor02,2025-09-20T14:04:21.908Z,24.53858,0.0,0.0,0.0,84.7,2025-09-20 16:04:21.908,9.033333333333
Yeast Grow 4 Days,pioreactor02,2025-09-20T14:04:44.908Z,24.52408,0.0,0.0,0.0,84.7,2025-09-20 16:04:44.908,9.039722222222
Yeast Grow 4 Days,pioreactor02,2025-09-20T14:05:07.908Z,24.54158,0.0,0.0,0.0,84.7,2025-09-20 16:05:07.908,9.046111111111
Yeast Grow 4 Days,pioreactor02,2025-09-20T14:05:30.908Z,24.54858,0.0,0.0,0.0,84.7,2025-09-20 16:05:30.908,9.0525
Yeast Grow 4 Days,pioreactor02,2025-09-20T14:05:45.183Z,24.54858,0.0,0.0,0.0,0.0,2025-09-20 16:05:45.183,9.056666666667
Yeast Grow 4 Days,pioreactor02,2025-09-20T14:05:53.908Z,24.48908,0.0,0.0,0.0,0.0,2025-09-20 16:05:53.908,9.058888888889
Yeast Grow 4 Days,pioreactor02,2025-09-20T14:06:16.908Z,24.44208,0.0,0.0,0.0,0.0,2025-09-20 16:06:16.908,9.065277777778
Yeast Grow 4 Days,pioreactor02,2025-09-20T14:06:39.908Z,24.46858,0.0,0.0,0.0,0.0,2025-09-20 16:06:39.908,9.071666666667
Yeast Grow 4 Days,pioreactor02,2025-09-20T14:07:02.908Z,24.40858,0.0,0.0,0.0,0.0,2025-09-20 16:07:02.908,9.078055555556
Yeast Grow 4 Days,pioreactor02,2025-09-20T14:07:25.908Z,24.38458,0.0,0.0,0.0,0.0,2025-09-20 16:07:25.908,9.084444444444
Yeast Grow 4 Days,pioreactor02,2025-09-20T14:07:36.609Z,24.38458,0.0,0.0,0.0,84.7,2025-09-20 16:07:36.609,9.0875
Yeast Grow 4 Days,pioreactor02,2025-09-20T14:07:36.652Z,24.38458,0.0,0.0,0.0,84.24,2025-09-20 16:07:36.652,9.0875
Yeast Grow 4 Days,pioreactor02,2025-09-20T14:07:48.908Z,24.73858,0.0,0.0,0.0,84.24,2025-09-20 16:07:48.908,9.090833333333
Yeast Grow 4 Days,pioreactor02,2025-09-20T14:08:11.908Z,25.06458,0.0,0.0,0.0,84.24,2025-09-20 16:08:11.908,9.097222222222
Yeast Grow 4 Days,pioreactor02,2025-09-20T14:08:34.908Z,24.95608,0.0,0.0,0.0,84.24,2025-09-20 16:08:34.908,9.103611111111
Yeast Grow 4 Days,pioreactor02,2025-09-20T14:08:57.912Z,24.87158,0.0,0.0,0.0,84.24,2025-09-20 16:08:57.912,9.11
Yeast Grow 4 Days,pioreactor02,2025-09-20T14:09:05.183Z,24.87158,0.0,0.0,0.0,0.0,2025-09-20 16:09:05.183,9.112222222222
Yeast Grow 4 Days,pioreactor02,2025-09-20T14:09:20.908Z,24.74558,0.0,0.0,0.0,0.0,2025-09-20 16:09:20.908,9.116388888889
Yeast Grow 4 Days,pioreactor02,2025-09-20T14:09:43.912Z,24.65408,0.0,0.0,0.0,0.0,2025-09-20 16:09:43.912,9.122777777778
Yeast Grow 4 Days,pioreactor02,2025-09-20T14:10:06.908Z,24.62358,0.0,0.0,0.0,0.0,2025-09-20 16:10:06.908,9.129166666667
Yeast Grow 4 Days,pioreactor02,2025-09-20T14:10:29.908Z,24.60408,0.0,0.0,0.0,0.0,2025-09-20 16:10:29.908,9.135555555556
Yeast Grow 4 Days,pioreactor02,2025-09-20T14:10:52.908Z,24.62608,0.0,0.0,0.0,0.0,2025-09-20 16:10:52.908,9.141944444444
Yeast Grow 4 Days,pioreactor02,2025-09-20T14:10:56.610Z,24.62608,0.0,0.0,0.0,84.24,2025-09-20 16:10:56.610,9.143055555556
Yeast Grow 4 Days,pioreactor02,2025-09-20T14:10:56.653Z,24.62608,0.0,0.0,0.0,83.65,2025-09-20 16:10:56.653,9.143055555556
Yeast Grow 4 Days,pioreactor02,2025-09-20T14:11:15.908Z,24.67758,0.0,0.0,0.0,83.65,2025-09-20 16:11:15.908,9.148333333333
Yeast Grow 4 Days,pioreactor02,2025-09-20T14:11:38.908Z,24.64158,0.0,0.0,0.0,83.65,2025-09-20 16:11:38.908,9.154722222222
Yeast Grow 4 Days,pioreactor02,2025-09-20T14:12:01.908Z,24.63858,0.0,0.0,0.0,83.65,2025-09-20 16:12:01.908,9.161111111111
Yeast Grow 4 Days,pioreactor02,2025-09-20T14:12:24.908Z,24.58758,0.0,0.0,0.0,83.65,2025-09-20 16:12:24.908,9.1675
Yeast Grow 4 Days,pioreactor02,2025-09-20T14:12:25.183Z,24.58758,0.0,0.0,0.0,0.0,2025-09-20 16:12:25.183,9.167777777778
Yeast Grow 4 Days,pioreactor02,2025-09-20T14:12:47.908Z,24.52108,0.0,0.0,0.0,0.0,2025-09-20 16:12:47.908,9.173888888889
Yeast Grow 4 Days,pioreactor02,2025-09-20T14:13:10.908Z,24.53208,0.0,0.0,0.0,0.0,2025-09-20 16:13:10.908,9.180277777778
Yeast Grow 4 Days,pioreactor02,2025-09-20T14:13:33.908Z,24.47458,0.0,0.0,0.0,0.0,2025-09-20 16:13:33.908,9.186666666667
Yeast Grow 4 Days,pioreactor02,2025-09-20T14:13:56.908Z,24.87908,0.0,0.0,0.0,0.0,2025-09-20 16:13:56.908,9.193055555556
Yeast Grow 4 Days,pioreactor02,2025-09-20T14:14:16.609Z,24.87908,0.0,0.0,0.0,83.65,2025-09-20 16:14:16.609,9.198611111111
Yeast Grow 4 Days,pioreactor02,2025-09-20T14:14:16.653Z,24.87908,0.0,0.0,0.0,84.58,2025-09-20 16:14:16.653,9.198611111111
Yeast Grow 4 Days,pioreactor02,2025-09-20T14:14:19.908Z,25.17258,0.0,0.0,0.0,84.58,2025-09-20 16:14:19.908,9.199444444444
Yeast Grow 4 Days,pioreactor02,2025-09-20T14:14:42.908Z,25.12008,0.0,0.0,0.0,84.58,2025-09-20 16:14:42.908,9.205833333333
Yeast Grow 4 Days,pioreactor02,2025-09-20T14:15:05.908Z,25.03208,0.0,0.0,0.0,84.58,2025-09-20 16:15:05.908,9.212222222222
Yeast Grow 4 Days,pioreactor02,2025-09-20T14:15:28.912Z,24.97558,0.0,0.0,0.0,84.58,2025-09-20 16:15:28.912,9.218611111111
Yeast Grow 4 Days,pioreactor02,2025-09-20T14:15:45.183Z,24.97558,0.0,0.0,0.0,0.0,2025-09-20 16:15:45.183,9.223333333333
Yeast Grow 4 Days,pioreactor02,2025-09-20T14:15:51.908Z,24.85158,0.0,0.0,0.0,0.0,2025-09-20 16:15:51.908,9.225
Yeast Grow 4 Days,pioreactor02,2025-09-20T14:16:14.908Z,24.74508,0.0,0.0,0.0,0.0,2025-09-20 16:16:14.908,9.231388888889
Yeast Grow 4 Days,pioreactor02,2025-09-20T14:16:37.908Z,24.72808,0.0,0.0,0.0,0.0,2025-09-20 16:16:37.908,9.237777777778
Yeast Grow 4 Days,pioreactor02,2025-09-20T14:17:00.908Z,24.68558,0.0,0.0,0.0,0.0,2025-09-20 16:17:00.908,9.244166666667
Yeast Grow 4 Days,pioreactor02,2025-09-20T14:17:23.908Z,24.62558,0.0,0.0,0.0,0.0,2025-09-20 16:17:23.908,9.250555555556
Yeast Grow 4 Days,pioreactor02,2025-09-20T14:17:36.610Z,24.62558,0.0,0.0,0.0,84.58,2025-09-20 16:17:36.610,9.254166666667
Yeast Grow 4 Days,pioreactor02,2025-09-20T14:17:36.652Z,24.62558,0.0,0.0,0.0,84.4,2025-09-20 16:17:36.652,9.254166666667
Yeast Grow 4 Days,pioreactor02,2025-09-20T14:17:46.908Z,24.59608,0.0,0.0,0.0,84.4,2025-09-20 16:17:46.908,9.256944444444
Yeast Grow 4 Days,pioreactor02,2025-09-20T14:18:09.912Z,24.58958,0.0,0.0,0.0,84.4,2025-09-20 16:18:09.912,9.263333333333
Yeast Grow 4 Days,pioreactor02,2025-09-20T14:18:32.908Z,24.60208,0.0,0.0,0.0,84.4,2025-09-20 16:18:32.908,9.269722222222
Yeast Grow 4 Days,pioreactor02,2025-09-20T14:18:55.908Z,24.58108,0.0,0.0,0.0,84.4,2025-09-20 16:18:55.908,9.276111111111
Yeast Grow 4 Days,pioreactor02,2025-09-20T14:19:05.183Z,24.58108,0.0,0.0,0.0,0.0,2025-09-20 16:19:05.183,9.278888888889
Yeast Grow 4 Days,pioreactor02,2025-09-20T14:19:18.908Z,24.54808,0.0,0.0,0.0,0.0,2025-09-20 16:19:18.908,9.2825
Yeast Grow 4 Days,pioreactor02,2025-09-20T14:19:41.908Z,24.54008,0.0,0.0,0.0,0.0,2025-09-20 16:19:41.908,9.288888888889
Yeast Grow 4 Days,pioreactor02,2025-09-20T14:20:04.908Z,24.56608,0.0,0.0,0.0,0.0,2025-09-20 16:20:04.908,9.295277777778
Yeast Grow 4 Days,pioreactor02,2025-09-20T14:20:27.908Z,24.56808,0.0,0.0,0.0,0.0,2025-09-20 16:20:27.908,9.301666666667
Yeast Grow 4 Days,pioreactor02,2025-09-20T14:20:50.908Z,24.52258,0.0,0.0,0.0,0.0,2025-09-20 16:20:50.908,9.308055555556
Yeast Grow 4 Days,pioreactor02,2025-09-20T14:20:56.609Z,24.52258,0.0,0.0,0.0,84.4,2025-09-20 16:20:56.609,9.309722222222
Yeast Grow 4 Days,pioreactor02,2025-09-20T14:20:56.653Z,24.52258,0.0,0.0,0.0,83.25,2025-09-20 16:20:56.653,9.309722222222
Yeast Grow 4 Days,pioreactor02,2025-09-20T14:21:13.908Z,24.48308,0.0,0.0,0.0,83.25,2025-09-20 16:21:13.908,9.314444444444
Yeast Grow 4 Days,pioreactor02,2025-09-20T14:21:36.908Z,24.53208,0.0,0.0,0.0,83.25,2025-09-20 16:21:36.908,9.320833333333
Yeast Grow 4 Days,pioreactor02,2025-09-20T14:21:59.908Z,24.53108,0.0,0.0,0.0,83.25,2025-09-20 16:21:59.908,9.327222222222
Yeast Grow 4 Days,pioreactor02,2025-09-20T14:22:22.908Z,24.49408,0.0,0.0,0.0,83.25,2025-09-20 16:22:22.908,9.333611111111
Yeast Grow 4 Days,pioreactor02,2025-09-20T14:22:25.183Z,24.49408,0.0,0.0,0.0,0.0,2025-09-20 16:22:25.183,9.334444444444
Yeast Grow 4 Days,pioreactor02,2025-09-20T14:22:45.908Z,24.44608,0.0,0.0,0.0,0.0,2025-09-20 16:22:45.908,9.34
Yeast Grow 4 Days,pioreactor02,2025-09-20T14:23:08.908Z,24.40108,0.0,0.0,0.0,0.0,2025-09-20 16:23:08.908,9.346388888889
Yeast Grow 4 Days,pioreactor02,2025-09-20T14:23:31.908Z,24.37508,0.0,0.0,0.0,0.0,2025-09-20 16:23:31.908,9.352777777778
Yeast Grow 4 Days,pioreactor02,2025-09-20T14:23:54.908Z,24.45058,0.0,0.0,0.0,0.0,2025-09-20 16:23:54.908,9.359166666667
Yeast Grow 4 Days,pioreactor02,2025-09-20T14:24:16.610Z,24.45058,0.0,0.0,0.0,83.25,2025-09-20 16:24:16.610,9.365277777778
Yeast Grow 4 Days,pioreactor02,2025-09-20T14:24:16.652Z,24.45058,0.0,0.0,0.0,83.77,2025-09-20 16:24:16.652,9.365277777778
Yeast Grow 4 Days,pioreactor02,2025-09-20T14:24:17.908Z,24.42808,0.0,0.0,0.0,83.77,2025-09-20 16:24:17.908,9.365555555556
Yeast Grow 4 Days,pioreactor02,2025-09-20T14:24:40.908Z,24.40258,0.0,0.0,0.0,83.77,2025-09-20 16:24:40.908,9.371944444444
Yeast Grow 4 Days,pioreactor02,2025-09-20T14:25:03.908Z,24.78558,0.0,0.0,0.0,83.77,2025-09-20 16:25:03.908,9.378333333333
Yeast Grow 4 Days,pioreactor02,2025-09-20T14:25:26.908Z,24.77158,0.0,0.0,0.0,83.77,2025-09-20 16:25:26.908,9.384722222222
Yeast Grow 4 Days,pioreactor02,2025-09-20T14:25:45.183Z,24.77158,0.0,0.0,0.0,0.0,2025-09-20 16:25:45.183,9.39
Yeast Grow 4 Days,pioreactor02,2025-09-20T14:25:49.908Z,24.69458,0.0,0.0,0.0,0.0,2025-09-20 16:25:49.908,9.391111111111
Yeast Grow 4 Days,pioreactor02,2025-09-20T14:26:12.908Z,24.72808,0.0,0.0,0.0,0.0,2025-09-20 16:26:12.908,9.3975
Yeast Grow 4 Days,pioreactor02,2025-09-20T14:26:35.908Z,24.73458,0.0,0.0,0.0,0.0,2025-09-20 16:26:35.908,9.403888888889
Yeast Grow 4 Days,pioreactor02,2025-09-20T14:26:58.908Z,24.65808,0.0,0.0,0.0,0.0,2025-09-20 16:26:58.908,9.410277777778
Yeast Grow 4 Days,pioreactor02,2025-09-20T14:27:21.908Z,24.63058,0.0,0.0,0.0,0.0,2025-09-20 16:27:21.908,9.416666666667
Yeast Grow 4 Days,pioreactor02,2025-09-20T14:27:36.609Z,24.63058,0.0,0.0,0.0,83.77,2025-09-20 16:27:36.609,9.420833333333
Yeast Grow 4 Days,pioreactor02,2025-09-20T14:27:36.657Z,24.63058,0.0,0.0,0.0,83.84,2025-09-20 16:27:36.657,9.420833333333
Yeast Grow 4 Days,pioreactor02,2025-09-20T14:27:44.908Z,24.64758,0.0,0.0,0.0,83.84,2025-09-20 16:27:44.908,9.423055555556
Yeast Grow 4 Days,pioreactor02,2025-09-20T14:28:07.908Z,24.64508,0.0,0.0,0.0,83.84,2025-09-20 16:28:07.908,9.429444444444
Yeast Grow 4 Days,pioreactor02,2025-09-20T14:28:30.908Z,24.66208,0.0,0.0,0.0,83.84,2025-09-20 16:28:30.908,9.435833333333
Yeast Grow 4 Days,pioreactor02,2025-09-20T14:28:53.908Z,24.64508,0.0,0.0,0.0,83.84,2025-09-20 16:28:53.908,9.442222222222
Yeast Grow 4 Days,pioreactor02,2025-09-20T14:29:05.183Z,24.64508,0.0,0.0,0.0,0.0,2025-09-20 16:29:05.183,9.445555555556
Yeast Grow 4 Days,pioreactor02,2025-09-20T14:29:16.908Z,24.61258,0.0,0.0,0.0,0.0,2025-09-20 16:29:16.908,9.448611111111
Yeast Grow 4 Days,pioreactor02,2025-09-20T14:29:39.908Z,24.56508,0.0,0.0,0.0,0.0,2025-09-20 16:29:39.908,9.455
Yeast Grow 4 Days,pioreactor02,2025-09-20T14:30:02.908Z,24.50208,0.0,0.0,0.0,0.0,2025-09-20 16:30:02.908,9.461388888889
Yeast Grow 4 Days,pioreactor02,2025-09-20T14:30:25.908Z,24.58908,0.0,0.0,0.0,0.0,2025-09-20 16:30:25.908,9.467777777778
Yeast Grow 4 Days,pioreactor02,2025-09-20T14:30:48.908Z,24.51208,0.0,0.0,0.0,0.0,2025-09-20 16:30:48.908,9.474166666667
Yeast Grow 4 Days,pioreactor02,2025-09-20T14:30:56.609Z,24.51208,0.0,0.0,0.0,83.84,2025-09-20 16:30:56.609,9.476388888889
Yeast Grow 4 Days,pioreactor02,2025-09-20T14:30:56.652Z,24.51208,0.0,0.0,0.0,83.96,2025-09-20 16:30:56.652,9.476388888889
Yeast Grow 4 Days,pioreactor02,2025-09-20T14:31:11.908Z,24.52808,0.0,0.0,0.0,83.96,2025-09-20 16:31:11.908,9.480555555556
Yeast Grow 4 Days,pioreactor02,2025-09-20T14:31:34.908Z,24.51058,0.0,0.0,0.0,83.96,2025-09-20 16:31:34.908,9.486944444444
Yeast Grow 4 Days,pioreactor02,2025-09-20T14:31:57.908Z,24.52208,0.0,0.0,0.0,83.96,2025-09-20 16:31:57.908,9.493333333333
Yeast Grow 4 Days,pioreactor02,2025-09-20T14:32:20.908Z,24.52158,0.0,0.0,0.0,83.96,2025-09-20 16:32:20.908,9.499722222222
Yeast Grow 4 Days,pioreactor02,2025-09-20T14:32:25.183Z,24.52158,0.0,0.0,0.0,0.0,2025-09-20 16:32:25.183,9.501111111111
Yeast Grow 4 Days,pioreactor02,2025-09-20T14:32:43.908Z,24.48208,0.0,0.0,0.0,0.0,2025-09-20 16:32:43.908,9.506111111111
Yeast Grow 4 Days,pioreactor02,2025-09-20T14:33:06.908Z,24.41208,0.0,0.0,0.0,0.0,2025-09-20 16:33:06.908,9.5125
Yeast Grow 4 Days,pioreactor02,2025-09-20T14:33:29.908Z,24.36608,0.0,0.0,0.0,0.0,2025-09-20 16:33:29.908,9.518888888889
Yeast Grow 4 Days,pioreactor02,2025-09-20T14:33:52.908Z,24.31508,0.0,0.0,0.0,0.0,2025-09-20 16:33:52.908,9.525277777778
Yeast Grow 4 Days,pioreactor02,2025-09-20T14:34:15.908Z,24.32808,0.0,0.0,0.0,0.0,2025-09-20 16:34:15.908,9.531666666667
Yeast Grow 4 Days,pioreactor02,2025-09-20T14:34:16.609Z,24.32808,0.0,0.0,0.0,83.96,2025-09-20 16:34:16.609,9.531944444444
Yeast Grow 4 Days,pioreactor02,2025-09-20T14:34:16.656Z,24.32808,0.0,0.0,0.0,85.21,2025-09-20 16:34:16.656,9.531944444444
Yeast Grow 4 Days,pioreactor02,2025-09-20T14:34:38.908Z,24.68858,0.0,0.0,0.0,85.21,2025-09-20 16:34:38.908,9.538055555556
Yeast Grow 4 Days,pioreactor02,2025-09-20T14:35:01.908Z,25.04608,0.0,0.0,0.0,85.21,2025-09-20 16:35:01.908,9.544444444444
Yeast Grow 4 Days,pioreactor02,2025-09-20T14:35:24.908Z,24.98508,0.0,0.0,0.0,85.21,2025-09-20 16:35:24.908,9.550833333333
Yeast Grow 4 Days,pioreactor02,2025-09-20T14:35:45.183Z,24.98508,0.0,0.0,0.0,0.0,2025-09-20 16:35:45.183,9.556666666667
Yeast Grow 4 Days,pioreactor02,2025-09-20T14:35:47.912Z,24.84158,0.0,0.0,0.0,0.0,2025-09-20 16:35:47.912,9.557222222222
Yeast Grow 4 Days,pioreactor02,2025-09-20T14:36:10.908Z,24.74958,0.0,0.0,0.0,0.0,2025-09-20 16:36:10.908,9.563611111111
Yeast Grow 4 Days,pioreactor02,2025-09-20T14:36:33.908Z,24.77408,0.0,0.0,0.0,0.0,2025-09-20 16:36:33.908,9.57
Yeast Grow 4 Days,pioreactor02,2025-09-20T14:36:56.908Z,24.63008,0.0,0.0,0.0,0.0,2025-09-20 16:36:56.908,9.576388888889
Yeast Grow 4 Days,pioreactor02,2025-09-20T14:37:19.912Z,24.63208,0.0,0.0,0.0,0.0,2025-09-20 16:37:19.912,9.582777777778
Yeast Grow 4 Days,pioreactor02,2025-09-20T14:37:36.611Z,24.63208,0.0,0.0,0.0,85.21,2025-09-20 16:37:36.611,9.5875
Yeast Grow 4 Days,pioreactor02,2025-09-20T14:37:36.652Z,24.63208,0.0,0.0,0.0,85.46,2025-09-20 16:37:36.652,9.5875
Yeast Grow 4 Days,pioreactor02,2025-09-20T14:37:42.908Z,24.68558,0.0,0.0,0.0,85.46,2025-09-20 16:37:42.908,9.589166666667
Yeast Grow 4 Days,pioreactor02,2025-09-20T14:38:05.908Z,24.67708,0.0,0.0,0.0,85.46,2025-09-20 16:38:05.908,9.595555555556
Yeast Grow 4 Days,pioreactor02,2025-09-20T14:38:28.908Z,24.63858,0.0,0.0,0.0,85.46,2025-09-20 16:38:28.908,9.601944444444
Yeast Grow 4 Days,pioreactor02,2025-09-20T14:38:51.908Z,24.61708,0.0,0.0,0.0,85.46,2025-09-20 16:38:51.908,9.608333333333
Yeast Grow 4 Days,pioreactor02,2025-09-20T14:39:05.183Z,24.61708,0.0,0.0,0.0,0.0,2025-09-20 16:39:05.183,9.612222222222
Yeast Grow 4 Days,pioreactor02,2025-09-20T14:39:14.908Z,24.56258,0.0,0.0,0.0,0.0,2025-09-20 16:39:14.908,9.614722222222
Yeast Grow 4 Days,pioreactor02,2025-09-20T14:39:37.908Z,24.48208,0.0,0.0,0.0,0.0,2025-09-20 16:39:37.908,9.621111111111
Yeast Grow 4 Days,pioreactor02,2025-09-20T14:40:00.908Z,24.47158,0.0,0.0,0.0,0.0,2025-09-20 16:40:00.908,9.6275
Yeast Grow 4 Days,pioreactor02,2025-09-20T14:40:23.908Z,24.44758,0.0,0.0,0.0,0.0,2025-09-20 16:40:23.908,9.633888888889
Yeast Grow 4 Days,pioreactor02,2025-09-20T14:40:46.908Z,24.49708,0.0,0.0,0.0,0.0,2025-09-20 16:40:46.908,9.640277777778
Yeast Grow 4 Days,pioreactor02,2025-09-20T14:40:56.608Z,24.49708,0.0,0.0,0.0,85.46,2025-09-20 16:40:56.608,9.643055555556
Yeast Grow 4 Days,pioreactor02,2025-09-20T14:40:56.648Z,24.49708,0.0,0.0,0.0,84.77,2025-09-20 16:40:56.648,9.643055555556
Yeast Grow 4 Days,pioreactor02,2025-09-20T14:41:09.908Z,24.51658,0.0,0.0,0.0,84.77,2025-09-20 16:41:09.908,9.646666666667
Yeast Grow 4 Days,pioreactor02,2025-09-20T14:41:32.908Z,24.50208,0.0,0.0,0.0,84.77,2025-09-20 16:41:32.908,9.653055555556
Yeast Grow 4 Days,pioreactor02,2025-09-20T14:41:55.908Z,24.52058,0.0,0.0,0.0,84.77,2025-09-20 16:41:55.908,9.659444444444
Yeast Grow 4 Days,pioreactor02,2025-09-20T14:42:18.908Z,24.63558,0.0,0.0,0.0,84.77,2025-09-20 16:42:18.908,9.665833333333
Yeast Grow 4 Days,pioreactor02,2025-09-20T14:42:25.183Z,24.63558,0.0,0.0,0.0,0.0,2025-09-20 16:42:25.183,9.667777777778
Yeast Grow 4 Days,pioreactor02,2025-09-20T14:42:41.908Z,24.62008,0.0,0.0,0.0,0.0,2025-09-20 16:42:41.908,9.672222222222
Yeast Grow 4 Days,pioreactor02,2025-09-20T14:43:04.908Z,24.60658,0.0,0.0,0.0,0.0,2025-09-20 16:43:04.908,9.678611111111
Yeast Grow 4 Days,pioreactor02,2025-09-20T14:43:27.908Z,24.61108,0.0,0.0,0.0,0.0,2025-09-20 16:43:27.908,9.685
Yeast Grow 4 Days,pioreactor02,2025-09-20T14:43:50.908Z,24.98058,0.0,0.0,0.0,0.0,2025-09-20 16:43:50.908,9.691388888889
Yeast Grow 4 Days,pioreactor02,2025-09-20T14:44:13.908Z,24.85408,0.0,0.0,0.0,0.0,2025-09-20 16:44:13.908,9.697777777778
Yeast Grow 4 Days,pioreactor02,2025-09-20T14:44:16.610Z,24.85408,0.0,0.0,0.0,84.77,2025-09-20 16:44:16.610,9.698611111111
Yeast Grow 4 Days,pioreactor02,2025-09-20T14:44:16.653Z,24.85408,0.0,0.0,0.0,83.55,2025-09-20 16:44:16.653,9.698611111111
Yeast Grow 4 Days,pioreactor02,2025-09-20T14:44:36.908Z,24.78608,0.0,0.0,0.0,83.55,2025-09-20 16:44:36.908,9.704166666667
Yeast Grow 4 Days,pioreactor02,2025-09-20T14:44:59.908Z,24.76008,0.0,0.0,0.0,83.55,2025-09-20 16:44:59.908,9.710555555556
Yeast Grow 4 Days,pioreactor02,2025-09-20T14:45:22.908Z,24.71058,0.0,0.0,0.0,83.55,2025-09-20 16:45:22.908,9.716944444444
Yeast Grow 4 Days,pioreactor02,2025-09-20T14:45:45.183Z,24.71058,0.0,0.0,0.0,0.0,2025-09-20 16:45:45.183,9.723333333333
Yeast Grow 4 Days,pioreactor02,2025-09-20T14:45:45.908Z,24.69158,0.0,0.0,0.0,0.0,2025-09-20 16:45:45.908,9.723333333333
Yeast Grow 4 Days,pioreactor02,2025-09-20T14:46:08.908Z,24.66208,0.0,0.0,0.0,0.0,2025-09-20 16:46:08.908,9.729722222222
Yeast Grow 4 Days,pioreactor02,2025-09-20T14:46:31.908Z,24.60208,0.0,0.0,0.0,0.0,2025-09-20 16:46:31.908,9.736111111111
Yeast Grow 4 Days,pioreactor02,2025-09-20T14:46:54.908Z,24.52458,0.0,0.0,0.0,0.0,2025-09-20 16:46:54.908,9.7425
Yeast Grow 4 Days,pioreactor02,2025-09-20T14:47:17.908Z,24.51608,0.0,0.0,0.0,0.0,2025-09-20 16:47:17.908,9.748888888889
Yeast Grow 4 Days,pioreactor02,2025-09-20T14:47:36.611Z,24.51608,0.0,0.0,0.0,83.55,2025-09-20 16:47:36.611,9.754166666667
Yeast Grow 4 Days,pioreactor02,2025-09-20T14:47:36.652Z,24.51608,0.0,0.0,0.0,84.4,2025-09-20 16:47:36.652,9.754166666667
Yeast Grow 4 Days,pioreactor02,2025-09-20T14:47:40.908Z,24.53658,0.0,0.0,0.0,84.4,2025-09-20 16:47:40.908,9.755277777778
Yeast Grow 4 Days,pioreactor02,2025-09-20T14:48:03.908Z,24.66208,0.0,0.0,0.0,84.4,2025-09-20 16:48:03.908,9.761666666667
Yeast Grow 4 Days,pioreactor02,2025-09-20T14:48:26.908Z,25.06458,0.0,0.0,0.0,84.4,2025-09-20 16:48:26.908,9.768055555556
Yeast Grow 4 Days,pioreactor02,2025-09-20T14:48:49.908Z,24.96708,0.0,0.0,0.0,84.4,2025-09-20 16:48:49.908,9.774444444444
Yeast Grow 4 Days,pioreactor02,2025-09-20T14:49:05.183Z,24.96708,0.0,0.0,0.0,0.0,2025-09-20 16:49:05.183,9.778888888889
Yeast Grow 4 Days,pioreactor02,2025-09-20T14:49:12.908Z,24.83108,0.0,0.0,0.0,0.0,2025-09-20 16:49:12.908,9.780833333333
Yeast Grow 4 Days,pioreactor02,2025-09-20T14:49:35.908Z,24.73958,0.0,0.0,0.0,0.0,2025-09-20 16:49:35.908,9.787222222222
Yeast Grow 4 Days,pioreactor02,2025-09-20T14:49:58.908Z,24.73558,0.0,0.0,0.0,0.0,2025-09-20 16:49:58.908,9.793611111111
Yeast Grow 4 Days,pioreactor02,2025-09-20T14:50:21.908Z,24.70558,0.0,0.0,0.0,0.0,2025-09-20 16:50:21.908,9.8
Yeast Grow 4 Days,pioreactor02,2025-09-20T14:50:44.908Z,24.66458,0.0,0.0,0.0,0.0,2025-09-20 16:50:44.908,9.806388888889
Yeast Grow 4 Days,pioreactor02,2025-09-20T14:50:56.612Z,24.66458,0.0,0.0,0.0,84.4,2025-09-20 16:50:56.612,9.809722222222
Yeast Grow 4 Days,pioreactor02,2025-09-20T14:50:56.656Z,24.66458,0.0,0.0,0.0,83.27,2025-09-20 16:50:56.656,9.809722222222
Yeast Grow 4 Days,pioreactor02,2025-09-20T14:51:07.908Z,24.71058,0.0,0.0,0.0,83.27,2025-09-20 16:51:07.908,9.812777777778
Yeast Grow 4 Days,pioreactor02,2025-09-20T14:51:30.912Z,24.70808,0.0,0.0,0.0,83.27,2025-09-20 16:51:30.912,9.819166666667
Yeast Grow 4 Days,pioreactor02,2025-09-20T14:51:53.908Z,24.67508,0.0,0.0,0.0,83.27,2025-09-20 16:51:53.908,9.825555555556
Yeast Grow 4 Days,pioreactor02,2025-09-20T14:52:16.912Z,24.65458,0.0,0.0,0.0,83.27,2025-09-20 16:52:16.912,9.831944444444
Yeast Grow 4 Days,pioreactor02,2025-09-20T14:52:25.183Z,24.65458,0.0,0.0,0.0,0.0,2025-09-20 16:52:25.183,9.834444444444
Yeast Grow 4 Days,pioreactor02,2025-09-20T14:52:39.908Z,24.61108,0.0,0.0,0.0,0.0,2025-09-20 16:52:39.908,9.838333333333
Yeast Grow 4 Days,pioreactor02,2025-09-20T14:53:02.912Z,24.57958,0.0,0.0,0.0,0.0,2025-09-20 16:53:02.912,9.844722222222
Yeast Grow 4 Days,pioreactor02,2025-09-20T14:53:25.908Z,24.54108,0.0,0.0,0.0,0.0,2025-09-20 16:53:25.908,9.851111111111
Yeast Grow 4 Days,pioreactor02,2025-09-20T14:53:48.912Z,24.47458,0.0,0.0,0.0,0.0,2025-09-20 16:53:48.912,9.8575
Yeast Grow 4 Days,pioreactor02,2025-09-20T14:54:11.908Z,24.53408,0.0,0.0,0.0,0.0,2025-09-20 16:54:11.908,9.863888888889
Yeast Grow 4 Days,pioreactor02,2025-09-20T14:54:16.609Z,24.53408,0.0,0.0,0.0,83.27,2025-09-20 16:54:16.609,9.865277777778
Yeast Grow 4 Days,pioreactor02,2025-09-20T14:54:16.652Z,24.53408,0.0,0.0,0.0,83.24,2025-09-20 16:54:16.652,9.865277777778
Yeast Grow 4 Days,pioreactor02,2025-09-20T14:54:34.908Z,24.55108,0.0,0.0,0.0,83.24,2025-09-20 16:54:34.908,9.870277777778
Yeast Grow 4 Days,pioreactor02,2025-09-20T14:54:57.908Z,24.55908,0.0,0.0,0.0,83.24,2025-09-20 16:54:57.908,9.876666666667
Yeast Grow 4 Days,pioreactor02,2025-09-20T14:55:20.908Z,24.55958,0.0,0.0,0.0,83.24,2025-09-20 16:55:20.908,9.883055555556
Yeast Grow 4 Days,pioreactor02,2025-09-20T14:55:43.908Z,24.63958,0.0,0.0,0.0,83.24,2025-09-20 16:55:43.908,9.889444444444
Yeast Grow 4 Days,pioreactor02,2025-09-20T14:55:45.183Z,24.63958,0.0,0.0,0.0,0.0,2025-09-20 16:55:45.183,9.89
Yeast Grow 4 Days,pioreactor02,2025-09-20T14:56:06.908Z,24.58508,0.0,0.0,0.0,0.0,2025-09-20 16:56:06.908,9.895833333333
Yeast Grow 4 Days,pioreactor02,2025-09-20T14:56:29.908Z,24.52358,0.0,0.0,0.0,0.0,2025-09-20 16:56:29.908,9.902222222222
Yeast Grow 4 Days,pioreactor02,2025-09-20T14:56:52.908Z,24.50108,0.0,0.0,0.0,0.0,2025-09-20 16:56:52.908,9.908611111111
Yeast Grow 4 Days,pioreactor02,2025-09-20T14:57:15.908Z,24.44158,0.0,0.0,0.0,0.0,2025-09-20 16:57:15.908,9.915
Yeast Grow 4 Days,pioreactor02,2025-09-20T14:57:36.610Z,24.44158,0.0,0.0,0.0,83.24,2025-09-20 16:57:36.610,9.920833333333
Yeast Grow 4 Days,pioreactor02,2025-09-20T14:57:36.652Z,24.44158,0.0,0.0,0.0,83.12,2025-09-20 16:57:36.652,9.920833333333
Yeast Grow 4 Days,pioreactor02,2025-09-20T14:57:38.908Z,24.47108,0.0,0.0,0.0,83.12,2025-09-20 16:57:38.908,9.921388888889
Yeast Grow 4 Days,pioreactor02,2025-09-20T14:58:01.908Z,24.46258,0.0,0.0,0.0,83.12,2025-09-20 16:58:01.908,9.927777777778
Yeast Grow 4 Days,pioreactor02,2025-09-20T14:58:24.908Z,24.56258,0.0,0.0,0.0,83.12,2025-09-20 16:58:24.908,9.934166666667
Yeast Grow 4 Days,pioreactor02,2025-09-20T14:58:47.908Z,24.95008,0.0,0.0,0.0,83.12,2025-09-20 16:58:47.908,9.940555555556
Yeast Grow 4 Days,pioreactor02,2025-09-20T14:59:05.183Z,24.95008,0.0,0.0,0.0,0.0,2025-09-20 16:59:05.183,9.945555555556
Yeast Grow 4 Days,pioreactor02,2025-09-20T14:59:10.908Z,25.14108,0.0,0.0,0.0,0.0,2025-09-20 16:59:10.908,9.946944444444
Yeast Grow 4 Days,pioreactor02,2025-09-20T14:59:33.908Z,25.00208,0.0,0.0,0.0,0.0,2025-09-20 16:59:33.908,9.953333333333
Yeast Grow 4 Days,pioreactor02,2025-09-20T14:59:56.908Z,24.90308,0.0,0.0,0.0,0.0,2025-09-20 16:59:56.908,9.959722222222
Yeast Grow 4 Days,pioreactor02,2025-09-20T15:00:19.912Z,24.79958,0.0,0.0,0.0,0.0,2025-09-20 17:00:19.912,9.966111111111
Yeast Grow 4 Days,pioreactor02,2025-09-20T15:00:42.908Z,24.81758,0.0,0.0,0.0,0.0,2025-09-20 17:00:42.908,9.9725
Yeast Grow 4 Days,pioreactor02,2025-09-20T15:00:56.609Z,24.81758,0.0,0.0,0.0,83.12,2025-09-20 17:00:56.609,9.976388888889
Yeast Grow 4 Days,pioreactor02,2025-09-20T15:00:56.652Z,24.81758,0.0,0.0,0.0,83.2,2025-09-20 17:00:56.652,9.976388888889
Yeast Grow 4 Days,pioreactor02,2025-09-20T15:01:05.908Z,24.81758,0.0,0.0,0.0,83.2,2025-09-20 17:01:05.908,9.978888888889
Yeast Grow 4 Days,pioreactor02,2025-09-20T15:01:28.908Z,24.72158,0.0,0.0,0.0,83.2,2025-09-20 17:01:28.908,9.985277777778
Yeast Grow 4 Days,pioreactor02,2025-09-20T15:01:51.908Z,24.69458,0.0,0.0,0.0,83.2,2025-09-20 17:01:51.908,9.991666666667
Yeast Grow 4 Days,pioreactor02,2025-09-20T15:02:14.908Z,24.63708,0.0,0.0,0.0,83.2,2025-09-20 17:02:14.908,9.998055555556
Yeast Grow 4 Days,pioreactor02,2025-09-20T15:02:25.183Z,24.63708,0.0,0.0,0.0,0.0,2025-09-20 17:02:25.183,10.001111111111
Yeast Grow 4 Days,pioreactor02,2025-09-20T15:02:37.908Z,24.58458,0.0,0.0,0.0,0.0,2025-09-20 17:02:37.908,10.004444444444
Yeast Grow 4 Days,pioreactor02,2025-09-20T15:03:00.908Z,24.55708,0.0,0.0,0.0,0.0,2025-09-20 17:03:00.908,10.010833333333
Yeast Grow 4 Days,pioreactor02,2025-09-20T15:03:23.908Z,24.49008,0.0,0.0,0.0,0.0,2025-09-20 17:03:23.908,10.017222222222
Yeast Grow 4 Days,pioreactor02,2025-09-20T15:03:46.908Z,24.45208,0.0,0.0,0.0,0.0,2025-09-20 17:03:46.908,10.023611111111
Yeast Grow 4 Days,pioreactor02,2025-09-20T15:04:09.908Z,24.41058,0.0,0.0,0.0,0.0,2025-09-20 17:04:09.908,10.03
Yeast Grow 4 Days,pioreactor02,2025-09-20T15:04:16.609Z,24.41058,0.0,0.0,0.0,83.2,2025-09-20 17:04:16.609,10.031944444444
Yeast Grow 4 Days,pioreactor02,2025-09-20T15:04:16.653Z,24.41058,0.0,0.0,0.0,84.39,2025-09-20 17:04:16.653,10.031944444444
Yeast Grow 4 Days,pioreactor02,2025-09-20T15:04:32.908Z,24.53408,0.0,0.0,0.0,84.39,2025-09-20 17:04:32.908,10.036388888889
Yeast Grow 4 Days,pioreactor02,2025-09-20T15:04:55.908Z,24.58858,0.0,0.0,0.0,84.39,2025-09-20 17:04:55.908,10.042777777778
Yeast Grow 4 Days,pioreactor02,2025-09-20T15:05:18.908Z,24.60358,0.0,0.0,0.0,84.39,2025-09-20 17:05:18.908,10.049166666667
Yeast Grow 4 Days,pioreactor02,2025-09-20T15:05:41.908Z,24.60558,0.0,0.0,0.0,84.39,2025-09-20 17:05:41.908,10.055555555556
Yeast Grow 4 Days,pioreactor02,2025-09-20T15:05:45.183Z,24.60558,0.0,0.0,0.0,0.0,2025-09-20 17:05:45.183,10.056666666667
Yeast Grow 4 Days,pioreactor02,2025-09-20T15:06:04.908Z,24.50658,0.0,0.0,0.0,0.0,2025-09-20 17:06:04.908,10.061944444444
Yeast Grow 4 Days,pioreactor02,2025-09-20T15:06:27.912Z,24.44658,0.0,0.0,0.0,0.0,2025-09-20 17:06:27.912,10.068333333333
Yeast Grow 4 Days,pioreactor02,2025-09-20T15:06:50.908Z,24.41758,0.0,0.0,0.0,0.0,2025-09-20 17:06:50.908,10.074722222222
Yeast Grow 4 Days,pioreactor02,2025-09-20T15:07:13.908Z,24.37658,0.0,0.0,0.0,0.0,2025-09-20 17:07:13.908,10.081111111111
Yeast Grow 4 Days,pioreactor02,2025-09-20T15:07:36.609Z,24.37658,0.0,0.0,0.0,84.39,2025-09-20 17:07:36.609,10.0875
Yeast Grow 4 Days,pioreactor02,2025-09-20T15:07:36.652Z,24.37658,0.0,0.0,0.0,84.61,2025-09-20 17:07:36.652,10.0875
Yeast Grow 4 Days,pioreactor02,2025-09-20T15:07:36.908Z,24.36108,0.0,0.0,0.0,84.61,2025-09-20 17:07:36.908,10.0875
Yeast Grow 4 Days,pioreactor02,2025-09-20T15:07:59.908Z,24.37908,0.0,0.0,0.0,84.61,2025-09-20 17:07:59.908,10.093888888889
Yeast Grow 4 Days,pioreactor02,2025-09-20T15:08:22.908Z,24.51308,0.0,0.0,0.0,84.61,2025-09-20 17:08:22.908,10.100277777778
Yeast Grow 4 Days,pioreactor02,2025-09-20T15:08:45.908Z,24.78308,0.0,0.0,0.0,84.61,2025-09-20 17:08:45.908,10.106666666667
Yeast Grow 4 Days,pioreactor02,2025-09-20T15:09:05.184Z,24.78308,0.0,0.0,0.0,0.0,2025-09-20 17:09:05.184,10.112222222222
Yeast Grow 4 Days,pioreactor02,2025-09-20T15:09:08.908Z,25.11708,0.0,0.0,0.0,0.0,2025-09-20 17:09:08.908,10.113055555556
Yeast Grow 4 Days,pioreactor02,2025-09-20T15:09:31.908Z,24.98758,0.0,0.0,0.0,0.0,2025-09-20 17:09:31.908,10.119444444444
Yeast Grow 4 Days,pioreactor02,2025-09-20T15:09:54.912Z,24.85708,0.0,0.0,0.0,0.0,2025-09-20 17:09:54.912,10.125833333333
Yeast Grow 4 Days,pioreactor02,2025-09-20T15:10:17.908Z,24.79558,0.0,0.0,0.0,0.0,2025-09-20 17:10:17.908,10.132222222222
Yeast Grow 4 Days,pioreactor02,2025-09-20T15:10:40.912Z,24.71608,0.0,0.0,0.0,0.0,2025-09-20 17:10:40.912,10.138611111111
Yeast Grow 4 Days,pioreactor02,2025-09-20T15:10:56.608Z,24.71608,0.0,0.0,0.0,84.61,2025-09-20 17:10:56.608,10.143055555556
Yeast Grow 4 Days,pioreactor02,2025-09-20T15:10:56.652Z,24.71608,0.0,0.0,0.0,85.57,2025-09-20 17:10:56.652,10.143055555556
Yeast Grow 4 Days,pioreactor02,2025-09-20T15:11:03.908Z,25.08958,0.0,0.0,0.0,85.57,2025-09-20 17:11:03.908,10.145
Yeast Grow 4 Days,pioreactor02,2025-09-20T15:11:26.908Z,25.43358,0.0,0.0,0.0,85.57,2025-09-20 17:11:26.908,10.151388888889
Yeast Grow 4 Days,pioreactor02,2025-09-20T15:11:49.908Z,25.28558,0.0,0.0,0.0,85.57,2025-09-20 17:11:49.908,10.157777777778
Yeast Grow 4 Days,pioreactor02,2025-09-20T15:12:12.908Z,25.16208,0.0,0.0,0.0,85.57,2025-09-20 17:12:12.908,10.164166666667
Yeast Grow 4 Days,pioreactor02,2025-09-20T15:12:25.183Z,25.16208,0.0,0.0,0.0,0.0,2025-09-20 17:12:25.183,10.167777777778
Yeast Grow 4 Days,pioreactor02,2025-09-20T15:12:35.912Z,24.96358,0.0,0.0,0.0,0.0,2025-09-20 17:12:35.912,10.170555555556
Yeast Grow 4 Days,pioreactor02,2025-09-20T15:12:58.908Z,24.88408,0.0,0.0,0.0,0.0,2025-09-20 17:12:58.908,10.176944444444
Yeast Grow 4 Days,pioreactor02,2025-09-20T15:13:21.908Z,24.85008,0.0,0.0,0.0,0.0,2025-09-20 17:13:21.908,10.183333333333
Yeast Grow 4 Days,pioreactor02,2025-09-20T15:13:44.908Z,24.75608,0.0,0.0,0.0,0.0,2025-09-20 17:13:44.908,10.189722222222
Yeast Grow 4 Days,pioreactor02,2025-09-20T15:14:07.908Z,24.67408,0.0,0.0,0.0,0.0,2025-09-20 17:14:07.908,10.196111111111
Yeast Grow 4 Days,pioreactor02,2025-09-20T15:14:16.612Z,24.67408,0.0,0.0,0.0,85.57,2025-09-20 17:14:16.612,10.198611111111
Yeast Grow 4 Days,pioreactor02,2025-09-20T15:14:16.660Z,24.67408,0.0,0.0,0.0,86.19,2025-09-20 17:14:16.660,10.198611111111
Yeast Grow 4 Days,pioreactor02,2025-09-20T15:14:30.908Z,25.01708,0.0,0.0,0.0,86.19,2025-09-20 17:14:30.908,10.2025
Yeast Grow 4 Days,pioreactor02,2025-09-20T15:14:53.908Z,24.92958,0.0,0.0,0.0,86.19,2025-09-20 17:14:53.908,10.208888888889
Yeast Grow 4 Days,pioreactor02,2025-09-20T15:15:16.908Z,24.86508,0.0,0.0,0.0,86.19,2025-09-20 17:15:16.908,10.215277777778
Yeast Grow 4 Days,pioreactor02,2025-09-20T15:15:39.908Z,24.83508,0.0,0.0,0.0,86.19,2025-09-20 17:15:39.908,10.221666666667
Yeast Grow 4 Days,pioreactor02,2025-09-20T15:15:45.183Z,24.83508,0.0,0.0,0.0,0.0,2025-09-20 17:15:45.183,10.223333333333
Yeast Grow 4 Days,pioreactor02,2025-09-20T15:16:02.908Z,24.74858,0.0,0.0,0.0,0.0,2025-09-20 17:16:02.908,10.228055555556
Yeast Grow 4 Days,pioreactor02,2025-09-20T15:16:25.908Z,24.63458,0.0,0.0,0.0,0.0,2025-09-20 17:16:25.908,10.234444444444
Yeast Grow 4 Days,pioreactor02,2025-09-20T15:16:48.908Z,24.58458,0.0,0.0,0.0,0.0,2025-09-20 17:16:48.908,10.240833333333
Yeast Grow 4 Days,pioreactor02,2025-09-20T15:17:11.908Z,24.58458,0.0,0.0,0.0,0.0,2025-09-20 17:17:11.908,10.247222222222
Yeast Grow 4 Days,pioreactor02,2025-09-20T15:17:34.908Z,24.51308,0.0,0.0,0.0,0.0,2025-09-20 17:17:34.908,10.253611111111
Yeast Grow 4 Days,pioreactor02,2025-09-20T15:17:36.608Z,24.51308,0.0,0.0,0.0,86.19,2025-09-20 17:17:36.608,10.254166666667
Yeast Grow 4 Days,pioreactor02,2025-09-20T15:17:36.652Z,24.51308,0.0,0.0,0.0,86.76,2025-09-20 17:17:36.652,10.254166666667
Yeast Grow 4 Days,pioreactor02,2025-09-20T15:17:57.912Z,24.88108,0.0,0.0,0.0,86.76,2025-09-20 17:17:57.912,10.26
Yeast Grow 4 Days,pioreactor02,2025-09-20T15:18:20.908Z,24.80508,0.0,0.0,0.0,86.76,2025-09-20 17:18:20.908,10.266388888889
Yeast Grow 4 Days,pioreactor02,2025-09-20T15:18:43.908Z,24.78108,0.0,0.0,0.0,86.76,2025-09-20 17:18:43.908,10.272777777778
Yeast Grow 4 Days,pioreactor02,2025-09-20T15:19:05.183Z,24.78108,0.0,0.0,0.0,0.0,2025-09-20 17:19:05.183,10.278888888889
Yeast Grow 4 Days,pioreactor02,2025-09-20T15:19:06.908Z,24.65158,0.0,0.0,0.0,0.0,2025-09-20 17:19:06.908,10.279166666667
Yeast Grow 4 Days,pioreactor02,2025-09-20T15:19:29.908Z,24.60108,0.0,0.0,0.0,0.0,2025-09-20 17:19:29.908,10.285555555556
Yeast Grow 4 Days,pioreactor02,2025-09-20T15:19:52.912Z,24.60308,0.0,0.0,0.0,0.0,2025-09-20 17:19:52.912,10.291944444444
Yeast Grow 4 Days,pioreactor02,2025-09-20T15:20:15.908Z,24.52258,0.0,0.0,0.0,0.0,2025-09-20 17:20:15.908,10.298333333333
Yeast Grow 4 Days,pioreactor02,2025-09-20T15:20:38.908Z,24.48808,0.0,0.0,0.0,0.0,2025-09-20 17:20:38.908,10.304722222222
Yeast Grow 4 Days,pioreactor02,2025-09-20T15:20:56.608Z,24.48808,0.0,0.0,0.0,86.76,2025-09-20 17:20:56.608,10.309722222222
Yeast Grow 4 Days,pioreactor02,2025-09-20T15:20:56.652Z,24.48808,0.0,0.0,0.0,86.4,2025-09-20 17:20:56.652,10.309722222222
Yeast Grow 4 Days,pioreactor02,2025-09-20T15:21:01.908Z,24.52708,0.0,0.0,0.0,86.4,2025-09-20 17:21:01.908,10.311111111111
Yeast Grow 4 Days,pioreactor02,2025-09-20T15:21:24.908Z,24.57608,0.0,0.0,0.0,86.4,2025-09-20 17:21:24.908,10.3175
Yeast Grow 4 Days,pioreactor02,2025-09-20T15:21:47.908Z,24.60558,0.0,0.0,0.0,86.4,2025-09-20 17:21:47.908,10.323888888889
Yeast Grow 4 Days,pioreactor02,2025-09-20T15:22:10.908Z,24.58708,0.0,0.0,0.0,86.4,2025-09-20 17:22:10.908,10.330277777778
Yeast Grow 4 Days,pioreactor02,2025-09-20T15:22:25.183Z,24.58708,0.0,0.0,0.0,0.0,2025-09-20 17:22:25.183,10.334444444444
Yeast Grow 4 Days,pioreactor02,2025-09-20T15:22:33.908Z,24.56558,0.0,0.0,0.0,0.0,2025-09-20 17:22:33.908,10.336666666667
Yeast Grow 4 Days,pioreactor02,2025-09-20T15:22:56.908Z,24.53008,0.0,0.0,0.0,0.0,2025-09-20 17:22:56.908,10.343055555556
Yeast Grow 4 Days,pioreactor02,2025-09-20T15:23:19.908Z,24.52408,0.0,0.0,0.0,0.0,2025-09-20 17:23:19.908,10.349444444444
Yeast Grow 4 Days,pioreactor02,2025-09-20T15:23:42.908Z,24.55858,0.0,0.0,0.0,0.0,2025-09-20 17:23:42.908,10.355833333333
Yeast Grow 4 Days,pioreactor02,2025-09-20T15:24:05.908Z,24.61908,0.0,0.0,0.0,0.0,2025-09-20 17:24:05.908,10.362222222222
Yeast Grow 4 Days,pioreactor02,2025-09-20T15:24:16.611Z,24.61908,0.0,0.0,0.0,86.4,2025-09-20 17:24:16.611,10.365277777778
Yeast Grow 4 Days,pioreactor02,2025-09-20T15:24:16.652Z,24.61908,0.0,0.0,0.0,86.49,2025-09-20 17:24:16.652,10.365277777778
Yeast Grow 4 Days,pioreactor02,2025-09-20T15:24:28.908Z,24.59758,0.0,0.0,0.0,86.49,2025-09-20 17:24:28.908,10.368611111111
Yeast Grow 4 Days,pioreactor02,2025-09-20T15:24:51.908Z,24.60358,0.0,0.0,0.0,86.49,2025-09-20 17:24:51.908,10.375
Yeast Grow 4 Days,pioreactor02,2025-09-20T15:25:14.908Z,24.66258,0.0,0.0,0.0,86.49,2025-09-20 17:25:14.908,10.381388888889
Yeast Grow 4 Days,pioreactor02,2025-09-20T15:25:37.908Z,24.69258,0.0,0.0,0.0,86.49,2025-09-20 17:25:37.908,10.387777777778
Yeast Grow 4 Days,pioreactor02,2025-09-20T15:25:45.183Z,24.69258,0.0,0.0,0.0,0.0,2025-09-20 17:25:45.183,10.39
Yeast Grow 4 Days,pioreactor02,2025-09-20T15:26:00.908Z,24.63058,0.0,0.0,0.0,0.0,2025-09-20 17:26:00.908,10.394166666667
Yeast Grow 4 Days,pioreactor02,2025-09-20T15:26:23.908Z,24.56558,0.0,0.0,0.0,0.0,2025-09-20 17:26:23.908,10.400555555556
Yeast Grow 4 Days,pioreactor02,2025-09-20T15:26:46.908Z,24.52808,0.0,0.0,0.0,0.0,2025-09-20 17:26:46.908,10.406944444444
Yeast Grow 4 Days,pioreactor02,2025-09-20T15:27:09.912Z,24.48058,0.0,0.0,0.0,0.0,2025-09-20 17:27:09.912,10.413333333333
Yeast Grow 4 Days,pioreactor02,2025-09-20T15:27:32.908Z,24.39508,0.0,0.0,0.0,0.0,2025-09-20 17:27:32.908,10.419722222222
Yeast Grow 4 Days,pioreactor02,2025-09-20T15:27:36.608Z,24.39508,0.0,0.0,0.0,86.49,2025-09-20 17:27:36.608,10.420833333333
Yeast Grow 4 Days,pioreactor02,2025-09-20T15:27:36.648Z,24.39508,0.0,0.0,0.0,85.38,2025-09-20 17:27:36.648,10.420833333333
Yeast Grow 4 Days,pioreactor02,2025-09-20T15:27:55.908Z,24.62258,0.0,0.0,0.0,85.38,2025-09-20 17:27:55.908,10.426111111111
Yeast Grow 4 Days,pioreactor02,2025-09-20T15:28:18.908Z,24.99008,0.0,0.0,0.0,85.38,2025-09-20 17:28:18.908,10.4325
Yeast Grow 4 Days,pioreactor02,2025-09-20T15:28:41.908Z,24.89508,0.0,0.0,0.0,85.38,2025-09-20 17:28:41.908,10.438888888889
Yeast Grow 4 Days,pioreactor02,2025-09-20T15:29:04.908Z,24.82958,0.0,0.0,0.0,85.38,2025-09-20 17:29:04.908,10.445277777778
Yeast Grow 4 Days,pioreactor02,2025-09-20T15:29:05.183Z,24.82958,0.0,0.0,0.0,0.0,2025-09-20 17:29:05.183,10.445555555556
Yeast Grow 4 Days,pioreactor02,2025-09-20T15:29:27.908Z,24.77158,0.0,0.0,0.0,0.0,2025-09-20 17:29:27.908,10.451666666667
Yeast Grow 4 Days,pioreactor02,2025-09-20T15:29:50.908Z,24.65758,0.0,0.0,0.0,0.0,2025-09-20 17:29:50.908,10.458055555556
Yeast Grow 4 Days,pioreactor02,2025-09-20T15:30:13.908Z,24.57808,0.0,0.0,0.0,0.0,2025-09-20 17:30:13.908,10.464444444444
Yeast Grow 4 Days,pioreactor02,2025-09-20T15:30:36.908Z,24.53908,0.0,0.0,0.0,0.0,2025-09-20 17:30:36.908,10.470833333333
Yeast Grow 4 Days,pioreactor02,2025-09-20T15:30:56.607Z,24.53908,0.0,0.0,0.0,85.38,2025-09-20 17:30:56.607,10.476388888889
Yeast Grow 4 Days,pioreactor02,2025-09-20T15:30:56.648Z,24.53908,0.0,0.0,0.0,85.96,2025-09-20 17:30:56.648,10.476388888889
Yeast Grow 4 Days,pioreactor02,2025-09-20T15:30:59.908Z,24.54508,0.0,0.0,0.0,85.96,2025-09-20 17:30:59.908,10.477222222222
Yeast Grow 4 Days,pioreactor02,2025-09-20T15:31:22.908Z,24.48208,0.0,0.0,0.0,85.96,2025-09-20 17:31:22.908,10.483611111111
Yeast Grow 4 Days,pioreactor02,2025-09-20T15:31:45.908Z,24.58058,0.0,0.0,0.0,85.96,2025-09-20 17:31:45.908,10.49
Yeast Grow 4 Days,pioreactor02,2025-09-20T15:32:08.908Z,24.66908,0.0,0.0,0.0,85.96,2025-09-20 17:32:08.908,10.496388888889
Yeast Grow 4 Days,pioreactor02,2025-09-20T15:32:25.183Z,24.66908,0.0,0.0,0.0,0.0,2025-09-20 17:32:25.183,10.501111111111
Yeast Grow 4 Days,pioreactor02,2025-09-20T15:32:31.908Z,24.61758,0.0,0.0,0.0,0.0,2025-09-20 17:32:31.908,10.502777777778
Yeast Grow 4 Days,pioreactor02,2025-09-20T15:32:54.908Z,24.58508,0.0,0.0,0.0,0.0,2025-09-20 17:32:54.908,10.509166666667
Yeast Grow 4 Days,pioreactor02,2025-09-20T15:33:17.908Z,24.69808,0.0,0.0,0.0,0.0,2025-09-20 17:33:17.908,10.515555555556
Yeast Grow 4 Days,pioreactor02,2025-09-20T15:33:40.908Z,24.67508,0.0,0.0,0.0,0.0,2025-09-20 17:33:40.908,10.521944444444
Yeast Grow 4 Days,pioreactor02,2025-09-20T15:34:03.912Z,24.63308,0.0,0.0,0.0,0.0,2025-09-20 17:34:03.912,10.528333333333
Yeast Grow 4 Days,pioreactor02,2025-09-20T15:34:16.609Z,24.63308,0.0,0.0,0.0,85.96,2025-09-20 17:34:16.609,10.531944444444
Yeast Grow 4 Days,pioreactor02,2025-09-20T15:34:16.652Z,24.63308,0.0,0.0,0.0,84.83,2025-09-20 17:34:16.652,10.531944444444
Yeast Grow 4 Days,pioreactor02,2025-09-20T15:34:26.908Z,24.61008,0.0,0.0,0.0,84.83,2025-09-20 17:34:26.908,10.534722222222
Yeast Grow 4 Days,pioreactor02,2025-09-20T15:34:49.908Z,24.60758,0.0,0.0,0.0,84.83,2025-09-20 17:34:49.908,10.541111111111
Yeast Grow 4 Days,pioreactor02,2025-09-20T15:35:12.908Z,24.59458,0.0,0.0,0.0,84.83,2025-09-20 17:35:12.908,10.5475
Yeast Grow 4 Days,pioreactor02,2025-09-20T15:35:35.912Z,24.54208,0.0,0.0,0.0,84.83,2025-09-20 17:35:35.912,10.553888888889
Yeast Grow 4 Days,pioreactor02,2025-09-20T15:35:45.183Z,24.54208,0.0,0.0,0.0,0.0,2025-09-20 17:35:45.183,10.556666666667
Yeast Grow 4 Days,pioreactor02,2025-09-20T15:35:58.908Z,24.49058,0.0,0.0,0.0,0.0,2025-09-20 17:35:58.908,10.560277777778
Yeast Grow 4 Days,pioreactor02,2025-09-20T15:36:21.908Z,24.53158,0.0,0.0,0.0,0.0,2025-09-20 17:36:21.908,10.566666666667
Yeast Grow 4 Days,pioreactor02,2025-09-20T15:36:44.908Z,24.53858,0.0,0.0,0.0,0.0,2025-09-20 17:36:44.908,10.573055555556
Yeast Grow 4 Days,pioreactor02,2025-09-20T15:37:07.908Z,24.51158,0.0,0.0,0.0,0.0,2025-09-20 17:37:07.908,10.579444444444
Yeast Grow 4 Days,pioreactor02,2025-09-20T15:37:30.908Z,24.49658,0.0,0.0,0.0,0.0,2025-09-20 17:37:30.908,10.585833333333
Yeast Grow 4 Days,pioreactor02,2025-09-20T15:37:36.609Z,24.49658,0.0,0.0,0.0,84.83,2025-09-20 17:37:36.609,10.5875
Yeast Grow 4 Days,pioreactor02,2025-09-20T15:37:36.652Z,24.49658,0.0,0.0,0.0,85.52,2025-09-20 17:37:36.652,10.5875
Yeast Grow 4 Days,pioreactor02,2025-09-20T15:37:53.908Z,24.54958,0.0,0.0,0.0,85.52,2025-09-20 17:37:53.908,10.592222222222
Yeast Grow 4 Days,pioreactor02,2025-09-20T15:38:16.908Z,24.50858,0.0,0.0,0.0,85.52,2025-09-20 17:38:16.908,10.598611111111
Yeast Grow 4 Days,pioreactor02,2025-09-20T15:38:39.908Z,24.54708,0.0,0.0,0.0,85.52,2025-09-20 17:38:39.908,10.605
Yeast Grow 4 Days,pioreactor02,2025-09-20T15:39:02.908Z,24.54308,0.0,0.0,0.0,85.52,2025-09-20 17:39:02.908,10.611388888889
Yeast Grow 4 Days,pioreactor02,2025-09-20T15:39:05.183Z,24.54308,0.0,0.0,0.0,0.0,2025-09-20 17:39:05.183,10.612222222222
Yeast Grow 4 Days,pioreactor02,2025-09-20T15:39:25.908Z,24.49158,0.0,0.0,0.0,0.0,2025-09-20 17:39:25.908,10.617777777778
Yeast Grow 4 Days,pioreactor02,2025-09-20T15:39:48.908Z,24.43058,0.0,0.0,0.0,0.0,2025-09-20 17:39:48.908,10.624166666667
Yeast Grow 4 Days,pioreactor02,2025-09-20T15:40:11.908Z,24.37258,0.0,0.0,0.0,0.0,2025-09-20 17:40:11.908,10.630555555556
Yeast Grow 4 Days,pioreactor02,2025-09-20T15:40:34.908Z,24.39658,0.0,0.0,0.0,0.0,2025-09-20 17:40:34.908,10.636944444444
Yeast Grow 4 Days,pioreactor02,2025-09-20T15:40:56.609Z,24.39658,0.0,0.0,0.0,85.52,2025-09-20 17:40:56.609,10.643055555556
Yeast Grow 4 Days,pioreactor02,2025-09-20T15:40:56.652Z,24.39658,0.0,0.0,0.0,84.94,2025-09-20 17:40:56.652,10.643055555556
Yeast Grow 4 Days,pioreactor02,2025-09-20T15:40:57.908Z,24.48708,0.0,0.0,0.0,84.94,2025-09-20 17:40:57.908,10.643333333333
Yeast Grow 4 Days,pioreactor02,2025-09-20T15:41:20.908Z,24.59808,0.0,0.0,0.0,84.94,2025-09-20 17:41:20.908,10.649722222222
Yeast Grow 4 Days,pioreactor02,2025-09-20T15:41:43.908Z,24.57408,0.0,0.0,0.0,84.94,2025-09-20 17:41:43.908,10.656111111111
Yeast Grow 4 Days,pioreactor02,2025-09-20T15:42:06.908Z,24.61758,0.0,0.0,0.0,84.94,2025-09-20 17:42:06.908,10.6625
Yeast Grow 4 Days,pioreactor02,2025-09-20T15:42:25.184Z,24.61758,0.0,0.0,0.0,0.0,2025-09-20 17:42:25.184,10.667777777778
Yeast Grow 4 Days,pioreactor02,2025-09-20T15:42:29.908Z,24.54058,0.0,0.0,0.0,0.0,2025-09-20 17:42:29.908,10.668888888889
Yeast Grow 4 Days,pioreactor02,2025-09-20T15:42:52.908Z,24.55208,0.0,0.0,0.0,0.0,2025-09-20 17:42:52.908,10.675277777778
Yeast Grow 4 Days,pioreactor02,2025-09-20T15:43:15.908Z,24.52608,0.0,0.0,0.0,0.0,2025-09-20 17:43:15.908,10.681666666667
Yeast Grow 4 Days,pioreactor02,2025-09-20T15:43:38.908Z,24.48558,0.0,0.0,0.0,0.0,2025-09-20 17:43:38.908,10.688055555556
Yeast Grow 4 Days,pioreactor02,2025-09-20T15:44:01.908Z,24.47758,0.0,0.0,0.0,0.0,2025-09-20 17:44:01.908,10.694444444444
Yeast Grow 4 Days,pioreactor02,2025-09-20T15:44:16.609Z,24.47758,0.0,0.0,0.0,84.94,2025-09-20 17:44:16.609,10.698611111111
Yeast Grow 4 Days,pioreactor02,2025-09-20T15:44:16.652Z,24.47758,0.0,0.0,0.0,84.16,2025-09-20 17:44:16.652,10.698611111111
Yeast Grow 4 Days,pioreactor02,2025-09-20T15:44:24.908Z,24.61858,0.0,0.0,0.0,84.16,2025-09-20 17:44:24.908,10.700833333333
Yeast Grow 4 Days,pioreactor02,2025-09-20T15:44:47.908Z,24.61858,0.0,0.0,0.0,84.16,2025-09-20 17:44:47.908,10.707222222222
Yeast Grow 4 Days,pioreactor02,2025-09-20T15:45:10.908Z,24.57608,0.0,0.0,0.0,84.16,2025-09-20 17:45:10.908,10.713611111111
Yeast Grow 4 Days,pioreactor02,2025-09-20T15:45:33.908Z,24.62158,0.0,0.0,0.0,84.16,2025-09-20 17:45:33.908,10.72
Yeast Grow 4 Days,pioreactor02,2025-09-20T15:45:45.183Z,24.62158,0.0,0.0,0.0,0.0,2025-09-20 17:45:45.183,10.723333333333
Yeast Grow 4 Days,pioreactor02,2025-09-20T15:45:56.912Z,24.52908,0.0,0.0,0.0,0.0,2025-09-20 17:45:56.912,10.726388888889
Yeast Grow 4 Days,pioreactor02,2025-09-20T15:46:19.908Z,24.48408,0.0,0.0,0.0,0.0,2025-09-20 17:46:19.908,10.732777777778
Yeast Grow 4 Days,pioreactor02,2025-09-20T15:46:42.908Z,24.49058,0.0,0.0,0.0,0.0,2025-09-20 17:46:42.908,10.739166666667
Yeast Grow 4 Days,pioreactor02,2025-09-20T15:47:05.908Z,24.43708,0.0,0.0,0.0,0.0,2025-09-20 17:47:05.908,10.745555555556
Yeast Grow 4 Days,pioreactor02,2025-09-20T15:47:28.908Z,24.33358,0.0,0.0,0.0,0.0,2025-09-20 17:47:28.908,10.751944444444
Yeast Grow 4 Days,pioreactor02,2025-09-20T15:47:36.610Z,24.33358,0.0,0.0,0.0,84.16,2025-09-20 17:47:36.610,10.754166666667
Yeast Grow 4 Days,pioreactor02,2025-09-20T15:47:36.652Z,24.33358,0.0,0.0,0.0,85.04,2025-09-20 17:47:36.652,10.754166666667
Yeast Grow 4 Days,pioreactor02,2025-09-20T15:47:51.908Z,24.75158,0.0,0.0,0.0,85.04,2025-09-20 17:47:51.908,10.758333333333
Yeast Grow 4 Days,pioreactor02,2025-09-20T15:48:14.908Z,25.12158,0.0,0.0,0.0,85.04,2025-09-20 17:48:14.908,10.764722222222
Yeast Grow 4 Days,pioreactor02,2025-09-20T15:48:37.908Z,25.00308,0.0,0.0,0.0,85.04,2025-09-20 17:48:37.908,10.771111111111
Yeast Grow 4 Days,pioreactor02,2025-09-20T15:49:00.908Z,24.97358,0.0,0.0,0.0,85.04,2025-09-20 17:49:00.908,10.7775
Yeast Grow 4 Days,pioreactor02,2025-09-20T15:49:05.183Z,24.97358,0.0,0.0,0.0,0.0,2025-09-20 17:49:05.183,10.778888888889
Yeast Grow 4 Days,pioreactor02,2025-09-20T15:49:23.908Z,24.84508,0.0,0.0,0.0,0.0,2025-09-20 17:49:23.908,10.783888888889
Yeast Grow 4 Days,pioreactor02,2025-09-20T15:49:46.908Z,24.70458,0.0,0.0,0.0,0.0,2025-09-20 17:49:46.908,10.790277777778
Yeast Grow 4 Days,pioreactor02,2025-09-20T15:50:09.908Z,24.61408,0.0,0.0,0.0,0.0,2025-09-20 17:50:09.908,10.796666666667
Yeast Grow 4 Days,pioreactor02,2025-09-20T15:50:32.908Z,24.56508,0.0,0.0,0.0,0.0,2025-09-20 17:50:32.908,10.803055555556
Yeast Grow 4 Days,pioreactor02,2025-09-20T15:50:55.908Z,24.64908,0.0,0.0,0.0,0.0,2025-09-20 17:50:55.908,10.809444444444
Yeast Grow 4 Days,pioreactor02,2025-09-20T15:50:56.609Z,24.64908,0.0,0.0,0.0,85.04,2025-09-20 17:50:56.609,10.809722222222
Yeast Grow 4 Days,pioreactor02,2025-09-20T15:50:56.652Z,24.64908,0.0,0.0,0.0,85.31,2025-09-20 17:50:56.652,10.809722222222
Yeast Grow 4 Days,pioreactor02,2025-09-20T15:51:18.908Z,24.62008,0.0,0.0,0.0,85.31,2025-09-20 17:51:18.908,10.815833333333
Yeast Grow 4 Days,pioreactor02,2025-09-20T15:51:41.908Z,25.00608,0.0,0.0,0.0,85.31,2025-09-20 17:51:41.908,10.822222222222
Yeast Grow 4 Days,pioreactor02,2025-09-20T15:52:04.908Z,24.94008,0.0,0.0,0.0,85.31,2025-09-20 17:52:04.908,10.828611111111
Yeast Grow 4 Days,pioreactor02,2025-09-20T15:52:25.183Z,24.94008,0.0,0.0,0.0,0.0,2025-09-20 17:52:25.183,10.834444444444
Yeast Grow 4 Days,pioreactor02,2025-09-20T15:52:27.908Z,24.79758,0.0,0.0,0.0,0.0,2025-09-20 17:52:27.908,10.835
Yeast Grow 4 Days,pioreactor02,2025-09-20T15:52:50.908Z,24.69408,0.0,0.0,0.0,0.0,2025-09-20 17:52:50.908,10.841388888889
Yeast Grow 4 Days,pioreactor02,2025-09-20T15:53:13.908Z,24.67158,0.0,0.0,0.0,0.0,2025-09-20 17:53:13.908,10.847777777778
Yeast Grow 4 Days,pioreactor02,2025-09-20T15:53:36.908Z,24.57258,0.0,0.0,0.0,0.0,2025-09-20 17:53:36.908,10.854166666667
Yeast Grow 4 Days,pioreactor02,2025-09-20T15:53:59.908Z,24.52908,0.0,0.0,0.0,0.0,2025-09-20 17:53:59.908,10.860555555556
Yeast Grow 4 Days,pioreactor02,2025-09-20T15:54:16.610Z,24.52908,0.0,0.0,0.0,85.31,2025-09-20 17:54:16.610,10.865277777778
Yeast Grow 4 Days,pioreactor02,2025-09-20T15:54:16.652Z,24.52908,0.0,0.0,0.0,85.15,2025-09-20 17:54:16.652,10.865277777778
Yeast Grow 4 Days,pioreactor02,2025-09-20T15:54:22.908Z,24.58758,0.0,0.0,0.0,85.15,2025-09-20 17:54:22.908,10.866944444444
Yeast Grow 4 Days,pioreactor02,2025-09-20T15:54:45.908Z,24.56208,0.0,0.0,0.0,85.15,2025-09-20 17:54:45.908,10.873333333333
Yeast Grow 4 Days,pioreactor02,2025-09-20T15:55:08.908Z,24.55758,0.0,0.0,0.0,85.15,2025-09-20 17:55:08.908,10.879722222222
Yeast Grow 4 Days,pioreactor02,2025-09-20T15:55:31.908Z,24.59958,0.0,0.0,0.0,85.15,2025-09-20 17:55:31.908,10.886111111111
Yeast Grow 4 Days,pioreactor02,2025-09-20T15:55:45.183Z,24.59958,0.0,0.0,0.0,0.0,2025-09-20 17:55:45.183,10.89
Yeast Grow 4 Days,pioreactor02,2025-09-20T15:55:54.908Z,24.49958,0.0,0.0,0.0,0.0,2025-09-20 17:55:54.908,10.8925
Yeast Grow 4 Days,pioreactor02,2025-09-20T15:56:17.908Z,24.52508,0.0,0.0,0.0,0.0,2025-09-20 17:56:17.908,10.898888888889
Yeast Grow 4 Days,pioreactor02,2025-09-20T15:56:40.908Z,24.46858,0.0,0.0,0.0,0.0,2025-09-20 17:56:40.908,10.905277777778
Yeast Grow 4 Days,pioreactor02,2025-09-20T15:57:03.908Z,24.59308,0.0,0.0,0.0,0.0,2025-09-20 17:57:03.908,10.911666666667
Yeast Grow 4 Days,pioreactor02,2025-09-20T15:57:26.908Z,24.54658,0.0,0.0,0.0,0.0,2025-09-20 17:57:26.908,10.918055555556
Yeast Grow 4 Days,pioreactor02,2025-09-20T15:57:36.609Z,24.54658,0.0,0.0,0.0,85.15,2025-09-20 17:57:36.609,10.920833333333
Yeast Grow 4 Days,pioreactor02,2025-09-20T15:57:36.652Z,24.54658,0.0,0.0,0.0,85.1,2025-09-20 17:57:36.652,10.920833333333
Yeast Grow 4 Days,pioreactor02,2025-09-20T15:57:49.908Z,24.56008,0.0,0.0,0.0,85.1,2025-09-20 17:57:49.908,10.924444444444
Yeast Grow 4 Days,pioreactor02,2025-09-20T15:58:12.912Z,24.55908,0.0,0.0,0.0,85.1,2025-09-20 17:58:12.912,10.930833333333
Yeast Grow 4 Days,pioreactor02,2025-09-20T15:58:35.908Z,24.55508,0.0,0.0,0.0,85.1,2025-09-20 17:58:35.908,10.937222222222
Yeast Grow 4 Days,pioreactor02,2025-09-20T15:58:58.908Z,24.61658,0.0,0.0,0.0,85.1,2025-09-20 17:58:58.908,10.943611111111
Yeast Grow 4 Days,pioreactor02,2025-09-20T15:59:05.183Z,24.61658,0.0,0.0,0.0,0.0,2025-09-20 17:59:05.183,10.945555555556
Yeast Grow 4 Days,pioreactor02,2025-09-20T15:59:21.908Z,24.59808,0.0,0.0,0.0,0.0,2025-09-20 17:59:21.908,10.95
Yeast Grow 4 Days,pioreactor02,2025-09-20T15:59:44.908Z,24.51908,0.0,0.0,0.0,0.0,2025-09-20 17:59:44.908,10.956388888889
Yeast Grow 4 Days,pioreactor02,2025-09-20T16:00:07.908Z,24.59208,0.0,0.0,0.0,0.0,2025-09-20 18:00:07.908,10.962777777778
Yeast Grow 4 Days,pioreactor02,2025-09-20T16:00:30.908Z,24.59608,0.0,0.0,0.0,0.0,2025-09-20 18:00:30.908,10.969166666667
Yeast Grow 4 Days,pioreactor02,2025-09-20T16:00:53.908Z,24.60308,0.0,0.0,0.0,0.0,2025-09-20 18:00:53.908,10.975555555556
Yeast Grow 4 Days,pioreactor02,2025-09-20T16:00:56.609Z,24.60308,0.0,0.0,0.0,85.1,2025-09-20 18:00:56.609,10.976388888889
Yeast Grow 4 Days,pioreactor02,2025-09-20T16:00:56.652Z,24.60308,0.0,0.0,0.0,84.09,2025-09-20 18:00:56.652,10.976388888889
Yeast Grow 4 Days,pioreactor02,2025-09-20T16:01:16.908Z,24.56408,0.0,0.0,0.0,84.09,2025-09-20 18:01:16.908,10.981944444444
Yeast Grow 4 Days,pioreactor02,2025-09-20T16:01:39.908Z,24.62308,0.0,0.0,0.0,84.09,2025-09-20 18:01:39.908,10.988333333333
Yeast Grow 4 Days,pioreactor02,2025-09-20T16:02:02.908Z,24.60708,0.0,0.0,0.0,84.09,2025-09-20 18:02:02.908,10.994722222222
Yeast Grow 4 Days,pioreactor02,2025-09-20T16:02:25.183Z,24.60708,0.0,0.0,0.0,0.0,2025-09-20 18:02:25.183,11.001111111111
Yeast Grow 4 Days,pioreactor02,2025-09-20T16:02:25.908Z,24.59358,0.0,0.0,0.0,0.0,2025-09-20 18:02:25.908,11.001111111111
Yeast Grow 4 Days,pioreactor02,2025-09-20T16:02:48.908Z,24.50708,0.0,0.0,0.0,0.0,2025-09-20 18:02:48.908,11.0075
Yeast Grow 4 Days,pioreactor02,2025-09-20T16:03:11.908Z,24.49308,0.0,0.0,0.0,0.0,2025-09-20 18:03:11.908,11.013888888889
Yeast Grow 4 Days,pioreactor02,2025-09-20T16:03:34.908Z,24.47658,0.0,0.0,0.0,0.0,2025-09-20 18:03:34.908,11.020277777778
Yeast Grow 4 Days,pioreactor02,2025-09-20T16:03:57.912Z,24.45758,0.0,0.0,0.0,0.0,2025-09-20 18:03:57.912,11.026666666667
Yeast Grow 4 Days,pioreactor02,2025-09-20T16:04:16.609Z,24.45758,0.0,0.0,0.0,84.09,2025-09-20 18:04:16.609,11.031944444444
Yeast Grow 4 Days,pioreactor02,2025-09-20T16:04:16.656Z,24.45758,0.0,0.0,0.0,84.66,2025-09-20 18:04:16.656,11.031944444444
Yeast Grow 4 Days,pioreactor02,2025-09-20T16:04:20.908Z,24.46058,0.0,0.0,0.0,84.66,2025-09-20 18:04:20.908,11.033055555556
Yeast Grow 4 Days,pioreactor02,2025-09-20T16:04:43.908Z,24.50008,0.0,0.0,0.0,84.66,2025-09-20 18:04:43.908,11.039444444444
Yeast Grow 4 Days,pioreactor02,2025-09-20T16:05:06.908Z,24.48458,0.0,0.0,0.0,84.66,2025-09-20 18:05:06.908,11.045833333333
Yeast Grow 4 Days,pioreactor02,2025-09-20T16:05:29.908Z,24.45908,0.0,0.0,0.0,84.66,2025-09-20 18:05:29.908,11.052222222222
Yeast Grow 4 Days,pioreactor02,2025-09-20T16:05:45.183Z,24.45908,0.0,0.0,0.0,0.0,2025-09-20 18:05:45.183,11.056666666667
Yeast Grow 4 Days,pioreactor02,2025-09-20T16:05:52.908Z,24.40908,0.0,0.0,0.0,0.0,2025-09-20 18:05:52.908,11.058611111111
Yeast Grow 4 Days,pioreactor02,2025-09-20T16:06:15.908Z,24.38208,0.0,0.0,0.0,0.0,2025-09-20 18:06:15.908,11.065
Yeast Grow 4 Days,pioreactor02,2025-09-20T16:06:38.912Z,24.33858,0.0,0.0,0.0,0.0,2025-09-20 18:06:38.912,11.071388888889
Yeast Grow 4 Days,pioreactor02,2025-09-20T16:07:01.912Z,24.31408,0.0,0.0,0.0,0.0,2025-09-20 18:07:01.912,11.077777777778
Yeast Grow 4 Days,pioreactor02,2025-09-20T16:07:24.908Z,24.31658,0.0,0.0,0.0,0.0,2025-09-20 18:07:24.908,11.084166666667
Yeast Grow 4 Days,pioreactor02,2025-09-20T16:07:36.609Z,24.31658,0.0,0.0,0.0,84.66,2025-09-20 18:07:36.609,11.0875
Yeast Grow 4 Days,pioreactor02,2025-09-20T16:07:36.652Z,24.31658,0.0,0.0,0.0,84.78,2025-09-20 18:07:36.652,11.0875
Yeast Grow 4 Days,pioreactor02,2025-09-20T16:07:47.908Z,24.33208,0.0,0.0,0.0,84.78,2025-09-20 18:07:47.908,11.090555555556
Yeast Grow 4 Days,pioreactor02,2025-09-20T16:08:10.908Z,24.36958,0.0,0.0,0.0,84.78,2025-09-20 18:08:10.908,11.096944444444
Yeast Grow 4 Days,pioreactor02,2025-09-20T16:08:33.908Z,24.75758,0.0,0.0,0.0,84.78,2025-09-20 18:08:33.908,11.103333333333
Yeast Grow 4 Days,pioreactor02,2025-09-20T16:08:56.908Z,24.72108,0.0,0.0,0.0,84.78,2025-09-20 18:08:56.908,11.109722222222
Yeast Grow 4 Days,pioreactor02,2025-09-20T16:09:05.183Z,24.72108,0.0,0.0,0.0,0.0,2025-09-20 18:09:05.183,11.112222222222
Yeast Grow 4 Days,pioreactor02,2025-09-20T16:09:19.908Z,24.58708,0.0,0.0,0.0,0.0,2025-09-20 18:09:19.908,11.116111111111
Yeast Grow 4 Days,pioreactor02,2025-09-20T16:09:42.908Z,24.58658,0.0,0.0,0.0,0.0,2025-09-20 18:09:42.908,11.1225
Yeast Grow 4 Days,pioreactor02,2025-09-20T16:10:05.908Z,24.55958,0.0,0.0,0.0,0.0,2025-09-20 18:10:05.908,11.128888888889
Yeast Grow 4 Days,pioreactor02,2025-09-20T16:10:28.908Z,24.56908,0.0,0.0,0.0,0.0,2025-09-20 18:10:28.908,11.135277777778
Yeast Grow 4 Days,pioreactor02,2025-09-20T16:10:51.908Z,24.50608,0.0,0.0,0.0,0.0,2025-09-20 18:10:51.908,11.141666666667
Yeast Grow 4 Days,pioreactor02,2025-09-20T16:10:56.610Z,24.50608,0.0,0.0,0.0,84.78,2025-09-20 18:10:56.610,11.143055555556
Yeast Grow 4 Days,pioreactor02,2025-09-20T16:10:56.652Z,24.50608,0.0,0.0,0.0,85.6,2025-09-20 18:10:56.652,11.143055555556
Yeast Grow 4 Days,pioreactor02,2025-09-20T16:11:14.908Z,24.54708,0.0,0.0,0.0,85.6,2025-09-20 18:11:14.908,11.148055555556
Yeast Grow 4 Days,pioreactor02,2025-09-20T16:11:37.908Z,24.55058,0.0,0.0,0.0,85.6,2025-09-20 18:11:37.908,11.154444444444
Yeast Grow 4 Days,pioreactor02,2025-09-20T16:12:00.908Z,24.56908,0.0,0.0,0.0,85.6,2025-09-20 18:12:00.908,11.160833333333
Yeast Grow 4 Days,pioreactor02,2025-09-20T16:12:23.908Z,24.55408,0.0,0.0,0.0,85.6,2025-09-20 18:12:23.908,11.167222222222
Yeast Grow 4 Days,pioreactor02,2025-09-20T16:12:25.183Z,24.55408,0.0,0.0,0.0,0.0,2025-09-20 18:12:25.183,11.167777777778
Yeast Grow 4 Days,pioreactor02,2025-09-20T16:12:46.908Z,24.50758,0.0,0.0,0.0,0.0,2025-09-20 18:12:46.908,11.173611111111
Yeast Grow 4 Days,pioreactor02,2025-09-20T16:13:09.908Z,24.46708,0.0,0.0,0.0,0.0,2025-09-20 18:13:09.908,11.18
Yeast Grow 4 Days,pioreactor02,2025-09-20T16:13:32.908Z,24.43258,0.0,0.0,0.0,0.0,2025-09-20 18:13:32.908,11.186388888889
Yeast Grow 4 Days,pioreactor02,2025-09-20T16:13:55.908Z,24.36208,0.0,0.0,0.0,0.0,2025-09-20 18:13:55.908,11.192777777778
Yeast Grow 4 Days,pioreactor02,2025-09-20T16:14:16.608Z,24.36208,0.0,0.0,0.0,85.6,2025-09-20 18:14:16.608,11.198611111111
Yeast Grow 4 Days,pioreactor02,2025-09-20T16:14:16.656Z,24.36208,0.0,0.0,0.0,86.49,2025-09-20 18:14:16.656,11.198611111111
Yeast Grow 4 Days,pioreactor02,2025-09-20T16:14:18.908Z,24.41708,0.0,0.0,0.0,86.49,2025-09-20 18:14:18.908,11.199166666667
Yeast Grow 4 Days,pioreactor02,2025-09-20T16:14:41.908Z,24.77908,0.0,0.0,0.0,86.49,2025-09-20 18:14:41.908,11.205555555556
Yeast Grow 4 Days,pioreactor02,2025-09-20T16:15:04.908Z,25.14108,0.0,0.0,0.0,86.49,2025-09-20 18:15:04.908,11.211944444444
Yeast Grow 4 Days,pioreactor02,2025-09-20T16:15:27.908Z,25.03608,0.0,0.0,0.0,86.49,2025-09-20 18:15:27.908,11.218333333333
Yeast Grow 4 Days,pioreactor02,2025-09-20T16:15:45.183Z,25.03608,0.0,0.0,0.0,0.0,2025-09-20 18:15:45.183,11.223333333333
Yeast Grow 4 Days,pioreactor02,2025-09-20T16:15:50.908Z,24.87908,0.0,0.0,0.0,0.0,2025-09-20 18:15:50.908,11.224722222222
Yeast Grow 4 Days,pioreactor02,2025-09-20T16:16:13.908Z,24.73758,0.0,0.0,0.0,0.0,2025-09-20 18:16:13.908,11.231111111111
Yeast Grow 4 Days,pioreactor02,2025-09-20T16:16:36.908Z,24.68208,0.0,0.0,0.0,0.0,2025-09-20 18:16:36.908,11.2375
Yeast Grow 4 Days,pioreactor02,2025-09-20T16:16:59.908Z,24.59808,0.0,0.0,0.0,0.0,2025-09-20 18:16:59.908,11.243888888889
Yeast Grow 4 Days,pioreactor02,2025-09-20T16:17:22.908Z,24.63558,0.0,0.0,0.0,0.0,2025-09-20 18:17:22.908,11.250277777778
Yeast Grow 4 Days,pioreactor02,2025-09-20T16:17:36.609Z,24.63558,0.0,0.0,0.0,86.49,2025-09-20 18:17:36.609,11.254166666667
Yeast Grow 4 Days,pioreactor02,2025-09-20T16:17:36.653Z,24.63558,0.0,0.0,0.0,85.21,2025-09-20 18:17:36.653,11.254166666667
Yeast Grow 4 Days,pioreactor02,2025-09-20T16:17:45.912Z,24.74208,0.0,0.0,0.0,85.21,2025-09-20 18:17:45.912,11.256666666667
Yeast Grow 4 Days,pioreactor02,2025-09-20T16:18:08.908Z,25.07558,0.0,0.0,0.0,85.21,2025-09-20 18:18:08.908,11.263055555556
Yeast Grow 4 Days,pioreactor02,2025-09-20T16:18:31.908Z,24.99558,0.0,0.0,0.0,85.21,2025-09-20 18:18:31.908,11.269444444444
Yeast Grow 4 Days,pioreactor02,2025-09-20T16:18:54.908Z,24.87608,0.0,0.0,0.0,85.21,2025-09-20 18:18:54.908,11.275833333333
Yeast Grow 4 Days,pioreactor02,2025-09-20T16:19:05.183Z,24.87608,0.0,0.0,0.0,0.0,2025-09-20 18:19:05.183,11.278888888889
Yeast Grow 4 Days,pioreactor02,2025-09-20T16:19:17.908Z,24.72958,0.0,0.0,0.0,0.0,2025-09-20 18:19:17.908,11.282222222222
Yeast Grow 4 Days,pioreactor02,2025-09-20T16:19:40.908Z,24.61858,0.0,0.0,0.0,0.0,2025-09-20 18:19:40.908,11.288611111111
Yeast Grow 4 Days,pioreactor02,2025-09-20T16:20:03.908Z,24.55558,0.0,0.0,0.0,0.0,2025-09-20 18:20:03.908,11.295
Yeast Grow 4 Days,pioreactor02,2025-09-20T16:20:26.908Z,24.50958,0.0,0.0,0.0,0.0,2025-09-20 18:20:26.908,11.301388888889
Yeast Grow 4 Days,pioreactor02,2025-09-20T16:20:49.908Z,24.51108,0.0,0.0,0.0,0.0,2025-09-20 18:20:49.908,11.307777777778
Yeast Grow 4 Days,pioreactor02,2025-09-20T16:20:56.609Z,24.51108,0.0,0.0,0.0,85.21,2025-09-20 18:20:56.609,11.309722222222
Yeast Grow 4 Days,pioreactor02,2025-09-20T16:20:56.653Z,24.51108,0.0,0.0,0.0,84.36,2025-09-20 18:20:56.653,11.309722222222
Yeast Grow 4 Days,pioreactor02,2025-09-20T16:21:12.908Z,24.51108,0.0,0.0,0.0,84.36,2025-09-20 18:21:12.908,11.314166666667
Yeast Grow 4 Days,pioreactor02,2025-09-20T16:21:35.908Z,24.51158,0.0,0.0,0.0,84.36,2025-09-20 18:21:35.908,11.320555555556
Yeast Grow 4 Days,pioreactor02,2025-09-20T16:21:58.908Z,24.59508,0.0,0.0,0.0,84.36,2025-09-20 18:21:58.908,11.326944444444
Yeast Grow 4 Days,pioreactor02,2025-09-20T16:22:21.908Z,24.53658,0.0,0.0,0.0,84.36,2025-09-20 18:22:21.908,11.333333333333
Yeast Grow 4 Days,pioreactor02,2025-09-20T16:22:25.184Z,24.53658,0.0,0.0,0.0,0.0,2025-09-20 18:22:25.184,11.334444444444
Yeast Grow 4 Days,pioreactor02,2025-09-20T16:22:44.908Z,24.47008,0.0,0.0,0.0,0.0,2025-09-20 18:22:44.908,11.339722222222
Yeast Grow 4 Days,pioreactor02,2025-09-20T16:23:07.908Z,24.40358,0.0,0.0,0.0,0.0,2025-09-20 18:23:07.908,11.346111111111
Yeast Grow 4 Days,pioreactor02,2025-09-20T16:23:30.908Z,24.39058,0.0,0.0,0.0,0.0,2025-09-20 18:23:30.908,11.3525
Yeast Grow 4 Days,pioreactor02,2025-09-20T16:23:53.908Z,24.41658,0.0,0.0,0.0,0.0,2025-09-20 18:23:53.908,11.358888888889
Yeast Grow 4 Days,pioreactor02,2025-09-20T16:24:16.609Z,24.41658,0.0,0.0,0.0,84.36,2025-09-20 18:24:16.609,11.365277777778
Yeast Grow 4 Days,pioreactor02,2025-09-20T16:24:16.656Z,24.41658,0.0,0.0,0.0,86.42,2025-09-20 18:24:16.656,11.365277777778
Yeast Grow 4 Days,pioreactor02,2025-09-20T16:24:16.908Z,24.39908,0.0,0.0,0.0,86.42,2025-09-20 18:24:16.908,11.365277777778
Yeast Grow 4 Days,pioreactor02,2025-09-20T16:24:39.908Z,24.75558,0.0,0.0,0.0,86.42,2025-09-20 18:24:39.908,11.371666666667
Yeast Grow 4 Days,pioreactor02,2025-09-20T16:25:02.908Z,25.04858,0.0,0.0,0.0,86.42,2025-09-20 18:25:02.908,11.378055555556
Yeast Grow 4 Days,pioreactor02,2025-09-20T16:25:25.908Z,24.96658,0.0,0.0,0.0,86.42,2025-09-20 18:25:25.908,11.384444444444
Yeast Grow 4 Days,pioreactor02,2025-09-20T16:25:45.183Z,24.96658,0.0,0.0,0.0,0.0,2025-09-20 18:25:45.183,11.39
Yeast Grow 4 Days,pioreactor02,2025-09-20T16:25:48.908Z,24.83408,0.0,0.0,0.0,0.0,2025-09-20 18:25:48.908,11.390833333333
Yeast Grow 4 Days,pioreactor02,2025-09-20T16:26:11.908Z,24.78908,0.0,0.0,0.0,0.0,2025-09-20 18:26:11.908,11.397222222222
Yeast Grow 4 Days,pioreactor02,2025-09-20T16:26:34.908Z,24.70558,0.0,0.0,0.0,0.0,2025-09-20 18:26:34.908,11.403611111111
Yeast Grow 4 Days,pioreactor02,2025-09-20T16:26:57.908Z,24.62658,0.0,0.0,0.0,0.0,2025-09-20 18:26:57.908,11.41
Yeast Grow 4 Days,pioreactor02,2025-09-20T16:27:20.908Z,24.55208,0.0,0.0,0.0,0.0,2025-09-20 18:27:20.908,11.416388888889
Yeast Grow 4 Days,pioreactor02,2025-09-20T16:27:36.608Z,24.55208,0.0,0.0,0.0,86.42,2025-09-20 18:27:36.608,11.420833333333
Yeast Grow 4 Days,pioreactor02,2025-09-20T16:27:36.652Z,24.55208,0.0,0.0,0.0,85.76,2025-09-20 18:27:36.652,11.420833333333
Yeast Grow 4 Days,pioreactor02,2025-09-20T16:27:43.908Z,24.58008,0.0,0.0,0.0,85.76,2025-09-20 18:27:43.908,11.422777777778
Yeast Grow 4 Days,pioreactor02,2025-09-20T16:28:06.908Z,24.60408,0.0,0.0,0.0,85.76,2025-09-20 18:28:06.908,11.429166666667
Yeast Grow 4 Days,pioreactor02,2025-09-20T16:28:29.908Z,24.55208,0.0,0.0,0.0,85.76,2025-09-20 18:28:29.908,11.435555555556
Yeast Grow 4 Days,pioreactor02,2025-09-20T16:28:52.908Z,24.59408,0.0,0.0,0.0,85.76,2025-09-20 18:28:52.908,11.441944444444
Yeast Grow 4 Days,pioreactor02,2025-09-20T16:29:05.183Z,24.59408,0.0,0.0,0.0,0.0,2025-09-20 18:29:05.183,11.445555555556
Yeast Grow 4 Days,pioreactor02,2025-09-20T16:29:15.908Z,24.55158,0.0,0.0,0.0,0.0,2025-09-20 18:29:15.908,11.448333333333
Yeast Grow 4 Days,pioreactor02,2025-09-20T16:29:38.908Z,24.52458,0.0,0.0,0.0,0.0,2025-09-20 18:29:38.908,11.454722222222
Yeast Grow 4 Days,pioreactor02,2025-09-20T16:30:01.908Z,24.51408,0.0,0.0,0.0,0.0,2025-09-20 18:30:01.908,11.461111111111
Yeast Grow 4 Days,pioreactor02,2025-09-20T16:30:24.908Z,24.44908,0.0,0.0,0.0,0.0,2025-09-20 18:30:24.908,11.4675
Yeast Grow 4 Days,pioreactor02,2025-09-20T16:30:47.908Z,24.44908,0.0,0.0,0.0,0.0,2025-09-20 18:30:47.908,11.473888888889
Yeast Grow 4 Days,pioreactor02,2025-09-20T16:30:56.609Z,24.44908,0.0,0.0,0.0,85.76,2025-09-20 18:30:56.609,11.476388888889
Yeast Grow 4 Days,pioreactor02,2025-09-20T16:30:56.652Z,24.44908,0.0,0.0,0.0,86.05,2025-09-20 18:30:56.652,11.476388888889
Yeast Grow 4 Days,pioreactor02,2025-09-20T16:31:10.908Z,24.44108,0.0,0.0,0.0,86.05,2025-09-20 18:31:10.908,11.480277777778
Yeast Grow 4 Days,pioreactor02,2025-09-20T16:31:33.908Z,24.40508,0.0,0.0,0.0,86.05,2025-09-20 18:31:33.908,11.486666666667
Yeast Grow 4 Days,pioreactor02,2025-09-20T16:31:56.908Z,24.43108,0.0,0.0,0.0,86.05,2025-09-20 18:31:56.908,11.493055555556
Yeast Grow 4 Days,pioreactor02,2025-09-20T16:32:19.908Z,24.42108,0.0,0.0,0.0,86.05,2025-09-20 18:32:19.908,11.499444444444
Yeast Grow 4 Days,pioreactor02,2025-09-20T16:32:25.183Z,24.42108,0.0,0.0,0.0,0.0,2025-09-20 18:32:25.183,11.501111111111
Yeast Grow 4 Days,pioreactor02,2025-09-20T16:32:42.908Z,24.38108,0.0,0.0,0.0,0.0,2025-09-20 18:32:42.908,11.505833333333
Yeast Grow 4 Days,pioreactor02,2025-09-20T16:33:05.912Z,24.31958,0.0,0.0,0.0,0.0,2025-09-20 18:33:05.912,11.512222222222
Yeast Grow 4 Days,pioreactor02,2025-09-20T16:33:28.908Z,24.30858,0.0,0.0,0.0,0.0,2025-09-20 18:33:28.908,11.518611111111
Yeast Grow 4 Days,pioreactor02,2025-09-20T16:33:51.908Z,24.30758,0.0,0.0,0.0,0.0,2025-09-20 18:33:51.908,11.525
Yeast Grow 4 Days,pioreactor02,2025-09-20T16:34:14.908Z,24.33258,0.0,0.0,0.0,0.0,2025-09-20 18:34:14.908,11.531388888889
Yeast Grow 4 Days,pioreactor02,2025-09-20T16:34:16.608Z,24.33258,0.0,0.0,0.0,86.05,2025-09-20 18:34:16.608,11.531944444444
Yeast Grow 4 Days,pioreactor02,2025-09-20T16:34:16.652Z,24.33258,0.0,0.0,0.0,86.57,2025-09-20 18:34:16.652,11.531944444444
Yeast Grow 4 Days,pioreactor02,2025-09-20T16:34:37.908Z,24.33158,0.0,0.0,0.0,86.57,2025-09-20 18:34:37.908,11.537777777778
Yeast Grow 4 Days,pioreactor02,2025-09-20T16:35:00.908Z,24.33008,0.0,0.0,0.0,86.57,2025-09-20 18:35:00.908,11.544166666667
Yeast Grow 4 Days,pioreactor02,2025-09-20T16:35:23.908Z,24.34758,0.0,0.0,0.0,86.57,2025-09-20 18:35:23.908,11.550555555556
Yeast Grow 4 Days,pioreactor02,2025-09-20T16:35:45.183Z,24.34758,0.0,0.0,0.0,0.0,2025-09-20 18:35:45.183,11.556666666667
Yeast Grow 4 Days,pioreactor02,2025-09-20T16:35:46.908Z,24.34708,0.0,0.0,0.0,0.0,2025-09-20 18:35:46.908,11.556944444444
Yeast Grow 4 Days,pioreactor02,2025-09-20T16:36:09.908Z,24.32758,0.0,0.0,0.0,0.0,2025-09-20 18:36:09.908,11.563333333333
Yeast Grow 4 Days,pioreactor02,2025-09-20T16:36:32.908Z,24.30258,0.0,0.0,0.0,0.0,2025-09-20 18:36:32.908,11.569722222222
Yeast Grow 4 Days,pioreactor02,2025-09-20T16:36:55.908Z,24.28558,0.0,0.0,0.0,0.0,2025-09-20 18:36:55.908,11.576111111111
Yeast Grow 4 Days,pioreactor02,2025-09-20T16:37:18.908Z,24.27708,0.0,0.0,0.0,0.0,2025-09-20 18:37:18.908,11.5825
Yeast Grow 4 Days,pioreactor02,2025-09-20T16:37:36.608Z,24.27708,0.0,0.0,0.0,86.57,2025-09-20 18:37:36.608,11.5875
Yeast Grow 4 Days,pioreactor02,2025-09-20T16:37:36.652Z,24.27708,0.0,0.0,0.0,86.64,2025-09-20 18:37:36.652,11.5875
Yeast Grow 4 Days,pioreactor02,2025-09-20T16:37:41.908Z,24.65758,0.0,0.0,0.0,86.64,2025-09-20 18:37:41.908,11.588888888889
Yeast Grow 4 Days,pioreactor02,2025-09-20T16:38:04.908Z,25.01608,0.0,0.0,0.0,86.64,2025-09-20 18:38:04.908,11.595277777778
Yeast Grow 4 Days,pioreactor02,2025-09-20T16:38:27.908Z,24.93008,0.0,0.0,0.0,86.64,2025-09-20 18:38:27.908,11.601666666667
Yeast Grow 4 Days,pioreactor02,2025-09-20T16:38:50.908Z,24.89058,0.0,0.0,0.0,86.64,2025-09-20 18:38:50.908,11.608055555556
Yeast Grow 4 Days,pioreactor02,2025-09-20T16:39:05.183Z,24.89058,0.0,0.0,0.0,0.0,2025-09-20 18:39:05.183,11.612222222222
Yeast Grow 4 Days,pioreactor02,2025-09-20T16:39:13.908Z,24.83158,0.0,0.0,0.0,0.0,2025-09-20 18:39:13.908,11.614444444444
Yeast Grow 4 Days,pioreactor02,2025-09-20T16:39:36.908Z,24.70808,0.0,0.0,0.0,0.0,2025-09-20 18:39:36.908,11.620833333333
Yeast Grow 4 Days,pioreactor02,2025-09-20T16:39:59.908Z,24.62708,0.0,0.0,0.0,0.0,2025-09-20 18:39:59.908,11.627222222222
Yeast Grow 4 Days,pioreactor02,2025-09-20T16:40:22.908Z,24.61108,0.0,0.0,0.0,0.0,2025-09-20 18:40:22.908,11.633611111111
Yeast Grow 4 Days,pioreactor02,2025-09-20T16:40:45.908Z,24.60858,0.0,0.0,0.0,0.0,2025-09-20 18:40:45.908,11.64
Yeast Grow 4 Days,pioreactor02,2025-09-20T16:40:56.609Z,24.60858,0.0,0.0,0.0,86.64,2025-09-20 18:40:56.609,11.643055555556
Yeast Grow 4 Days,pioreactor02,2025-09-20T16:40:56.652Z,24.60858,0.0,0.0,0.0,86.27,2025-09-20 18:40:56.652,11.643055555556
Yeast Grow 4 Days,pioreactor02,2025-09-20T16:41:08.908Z,24.66258,0.0,0.0,0.0,86.27,2025-09-20 18:41:08.908,11.646388888889
Yeast Grow 4 Days,pioreactor02,2025-09-20T16:41:31.908Z,24.68108,0.0,0.0,0.0,86.27,2025-09-20 18:41:31.908,11.652777777778
Yeast Grow 4 Days,pioreactor02,2025-09-20T16:41:54.908Z,24.64208,0.0,0.0,0.0,86.27,2025-09-20 18:41:54.908,11.659166666667
Yeast Grow 4 Days,pioreactor02,2025-09-20T16:42:17.908Z,24.64958,0.0,0.0,0.0,86.27,2025-09-20 18:42:17.908,11.665555555556
Yeast Grow 4 Days,pioreactor02,2025-09-20T16:42:25.183Z,24.64958,0.0,0.0,0.0,0.0,2025-09-20 18:42:25.183,11.667777777778
Yeast Grow 4 Days,pioreactor02,2025-09-20T16:42:40.908Z,24.56258,0.0,0.0,0.0,0.0,2025-09-20 18:42:40.908,11.671944444444
Yeast Grow 4 Days,pioreactor02,2025-09-20T16:43:03.908Z,24.56108,0.0,0.0,0.0,0.0,2025-09-20 18:43:03.908,11.678333333333
Yeast Grow 4 Days,pioreactor02,2025-09-20T16:43:26.908Z,24.50858,0.0,0.0,0.0,0.0,2025-09-20 18:43:26.908,11.684722222222
Yeast Grow 4 Days,pioreactor02,2025-09-20T16:43:49.908Z,24.47008,0.0,0.0,0.0,0.0,2025-09-20 18:43:49.908,11.691111111111
Yeast Grow 4 Days,pioreactor02,2025-09-20T16:44:12.908Z,24.47358,0.0,0.0,0.0,0.0,2025-09-20 18:44:12.908,11.6975
Yeast Grow 4 Days,pioreactor02,2025-09-20T16:44:16.608Z,24.47358,0.0,0.0,0.0,86.27,2025-09-20 18:44:16.608,11.698611111111
Yeast Grow 4 Days,pioreactor02,2025-09-20T16:44:16.652Z,24.47358,0.0,0.0,0.0,87.71,2025-09-20 18:44:16.652,11.698611111111
Yeast Grow 4 Days,pioreactor02,2025-09-20T16:44:35.908Z,24.49758,0.0,0.0,0.0,87.71,2025-09-20 18:44:35.908,11.703888888889
Yeast Grow 4 Days,pioreactor02,2025-09-20T16:44:58.908Z,24.50058,0.0,0.0,0.0,87.71,2025-09-20 18:44:58.908,11.710277777778
Yeast Grow 4 Days,pioreactor02,2025-09-20T16:45:21.908Z,24.54608,0.0,0.0,0.0,87.71,2025-09-20 18:45:21.908,11.716666666667
Yeast Grow 4 Days,pioreactor02,2025-09-20T16:45:44.908Z,24.58858,0.0,0.0,0.0,87.71,2025-09-20 18:45:44.908,11.723055555556
Yeast Grow 4 Days,pioreactor02,2025-09-20T16:45:45.183Z,24.58858,0.0,0.0,0.0,0.0,2025-09-20 18:45:45.183,11.723333333333
Yeast Grow 4 Days,pioreactor02,2025-09-20T16:46:07.908Z,24.56358,0.0,0.0,0.0,0.0,2025-09-20 18:46:07.908,11.729444444444
Yeast Grow 4 Days,pioreactor02,2025-09-20T16:46:30.908Z,24.49358,0.0,0.0,0.0,0.0,2025-09-20 18:46:30.908,11.735833333333
Yeast Grow 4 Days,pioreactor02,2025-09-20T16:46:53.908Z,24.46258,0.0,0.0,0.0,0.0,2025-09-20 18:46:53.908,11.742222222222
Yeast Grow 4 Days,pioreactor02,2025-09-20T16:47:16.908Z,24.41358,0.0,0.0,0.0,0.0,2025-09-20 18:47:16.908,11.748611111111
Yeast Grow 4 Days,pioreactor02,2025-09-20T16:47:36.610Z,24.41358,0.0,0.0,0.0,87.71,2025-09-20 18:47:36.610,11.754166666667
Yeast Grow 4 Days,pioreactor02,2025-09-20T16:47:36.652Z,24.41358,0.0,0.0,0.0,87.22,2025-09-20 18:47:36.652,11.754166666667
Yeast Grow 4 Days,pioreactor02,2025-09-20T16:47:39.908Z,24.77558,0.0,0.0,0.0,87.22,2025-09-20 18:47:39.908,11.755
Yeast Grow 4 Days,pioreactor02,2025-09-20T16:48:02.908Z,25.12058,0.0,0.0,0.0,87.22,2025-09-20 18:48:02.908,11.761388888889
Yeast Grow 4 Days,pioreactor02,2025-09-20T16:48:25.908Z,25.02508,0.0,0.0,0.0,87.22,2025-09-20 18:48:25.908,11.767777777778
Yeast Grow 4 Days,pioreactor02,2025-09-20T16:48:48.908Z,24.99958,0.0,0.0,0.0,87.22,2025-09-20 18:48:48.908,11.774166666667
Yeast Grow 4 Days,pioreactor02,2025-09-20T16:49:05.183Z,24.99958,0.0,0.0,0.0,0.0,2025-09-20 18:49:05.183,11.778888888889
Yeast Grow 4 Days,pioreactor02,2025-09-20T16:49:11.908Z,24.94658,0.0,0.0,0.0,0.0,2025-09-20 18:49:11.908,11.780555555556
Yeast Grow 4 Days,pioreactor02,2025-09-20T16:49:34.908Z,24.81508,0.0,0.0,0.0,0.0,2025-09-20 18:49:34.908,11.786944444444
Yeast Grow 4 Days,pioreactor02,2025-09-20T16:49:57.908Z,24.75458,0.0,0.0,0.0,0.0,2025-09-20 18:49:57.908,11.793333333333
Yeast Grow 4 Days,pioreactor02,2025-09-20T16:50:20.912Z,24.62258,0.0,0.0,0.0,0.0,2025-09-20 18:50:20.912,11.799722222222
Yeast Grow 4 Days,pioreactor02,2025-09-20T16:50:43.908Z,24.62658,0.0,0.0,0.0,0.0,2025-09-20 18:50:43.908,11.806111111111
Yeast Grow 4 Days,pioreactor02,2025-09-20T16:50:56.609Z,24.62658,0.0,0.0,0.0,87.22,2025-09-20 18:50:56.609,11.809722222222
Yeast Grow 4 Days,pioreactor02,2025-09-20T16:50:56.652Z,24.62658,0.0,0.0,0.0,86.37,2025-09-20 18:50:56.652,11.809722222222
Yeast Grow 4 Days,pioreactor02,2025-09-20T16:51:06.908Z,24.63558,0.0,0.0,0.0,86.37,2025-09-20 18:51:06.908,11.8125
Yeast Grow 4 Days,pioreactor02,2025-09-20T16:51:29.908Z,24.58858,0.0,0.0,0.0,86.37,2025-09-20 18:51:29.908,11.818888888889
Yeast Grow 4 Days,pioreactor02,2025-09-20T16:51:52.908Z,24.58608,0.0,0.0,0.0,86.37,2025-09-20 18:51:52.908,11.825277777778
Yeast Grow 4 Days,pioreactor02,2025-09-20T16:52:15.908Z,24.57558,0.0,0.0,0.0,86.37,2025-09-20 18:52:15.908,11.831666666667
Yeast Grow 4 Days,pioreactor02,2025-09-20T16:52:25.183Z,24.57558,0.0,0.0,0.0,0.0,2025-09-20 18:52:25.183,11.834444444444
Yeast Grow 4 Days,pioreactor02,2025-09-20T16:52:38.912Z,24.51508,0.0,0.0,0.0,0.0,2025-09-20 18:52:38.912,11.838055555556
Yeast Grow 4 Days,pioreactor02,2025-09-20T16:53:01.908Z,24.42908,0.0,0.0,0.0,0.0,2025-09-20 18:53:01.908,11.844444444444
Yeast Grow 4 Days,pioreactor02,2025-09-20T16:53:24.908Z,24.40108,0.0,0.0,0.0,0.0,2025-09-20 18:53:24.908,11.850833333333
Yeast Grow 4 Days,pioreactor02,2025-09-20T16:53:47.908Z,24.35158,0.0,0.0,0.0,0.0,2025-09-20 18:53:47.908,11.857222222222
Yeast Grow 4 Days,pioreactor02,2025-09-20T16:54:10.908Z,24.37308,0.0,0.0,0.0,0.0,2025-09-20 18:54:10.908,11.863611111111
Yeast Grow 4 Days,pioreactor02,2025-09-20T16:54:16.611Z,24.37308,0.0,0.0,0.0,86.37,2025-09-20 18:54:16.611,11.865277777778
Yeast Grow 4 Days,pioreactor02,2025-09-20T16:54:16.652Z,24.37308,0.0,0.0,0.0,85.73,2025-09-20 18:54:16.652,11.865277777778
Yeast Grow 4 Days,pioreactor02,2025-09-20T16:54:33.908Z,24.39408,0.0,0.0,0.0,85.73,2025-09-20 18:54:33.908,11.87
Yeast Grow 4 Days,pioreactor02,2025-09-20T16:54:56.908Z,24.47308,0.0,0.0,0.0,85.73,2025-09-20 18:54:56.908,11.876388888889
Yeast Grow 4 Days,pioreactor02,2025-09-20T16:55:19.908Z,24.44758,0.0,0.0,0.0,85.73,2025-09-20 18:55:19.908,11.882777777778
Yeast Grow 4 Days,pioreactor02,2025-09-20T16:55:42.908Z,24.46208,0.0,0.0,0.0,85.73,2025-09-20 18:55:42.908,11.889166666667
Yeast Grow 4 Days,pioreactor02,2025-09-20T16:55:45.183Z,24.46208,0.0,0.0,0.0,0.0,2025-09-20 18:55:45.183,11.89
Yeast Grow 4 Days,pioreactor02,2025-09-20T16:56:05.908Z,24.46008,0.0,0.0,0.0,0.0,2025-09-20 18:56:05.908,11.895555555556
Yeast Grow 4 Days,pioreactor02,2025-09-20T16:56:28.908Z,24.43558,0.0,0.0,0.0,0.0,2025-09-20 18:56:28.908,11.901944444444
Yeast Grow 4 Days,pioreactor02,2025-09-20T16:56:51.912Z,24.40258,0.0,0.0,0.0,0.0,2025-09-20 18:56:51.912,11.908333333333
Yeast Grow 4 Days,pioreactor02,2025-09-20T16:57:14.908Z,24.35558,0.0,0.0,0.0,0.0,2025-09-20 18:57:14.908,11.914722222222
Yeast Grow 4 Days,pioreactor02,2025-09-20T16:57:36.609Z,24.35558,0.0,0.0,0.0,85.73,2025-09-20 18:57:36.609,11.920833333333
Yeast Grow 4 Days,pioreactor02,2025-09-20T16:57:36.652Z,24.35558,0.0,0.0,0.0,86.3,2025-09-20 18:57:36.652,11.920833333333
Yeast Grow 4 Days,pioreactor02,2025-09-20T16:57:37.908Z,24.37158,0.0,0.0,0.0,86.3,2025-09-20 18:57:37.908,11.921111111111
Yeast Grow 4 Days,pioreactor02,2025-09-20T16:58:00.912Z,24.40808,0.0,0.0,0.0,86.3,2025-09-20 18:58:00.912,11.9275
Yeast Grow 4 Days,pioreactor02,2025-09-20T16:58:23.908Z,24.41508,0.0,0.0,0.0,86.3,2025-09-20 18:58:23.908,11.933888888889
Yeast Grow 4 Days,pioreactor02,2025-09-20T16:58:46.908Z,24.38658,0.0,0.0,0.0,86.3,2025-09-20 18:58:46.908,11.940277777778
Yeast Grow 4 Days,pioreactor02,2025-09-20T16:59:05.183Z,24.38658,0.0,0.0,0.0,0.0,2025-09-20 18:59:05.183,11.945555555556
Yeast Grow 4 Days,pioreactor02,2025-09-20T16:59:09.908Z,24.35208,0.0,0.0,0.0,0.0,2025-09-20 18:59:09.908,11.946666666667
Yeast Grow 4 Days,pioreactor02,2025-09-20T16:59:32.908Z,24.31308,0.0,0.0,0.0,0.0,2025-09-20 18:59:32.908,11.953055555556
Yeast Grow 4 Days,pioreactor02,2025-09-20T16:59:55.908Z,24.30158,0.0,0.0,0.0,0.0,2025-09-20 18:59:55.908,11.959444444444
Yeast Grow 4 Days,pioreactor02,2025-09-20T17:00:18.908Z,24.40458,0.0,0.0,0.0,0.0,2025-09-20 19:00:18.908,11.965833333333
Yeast Grow 4 Days,pioreactor02,2025-09-20T17:00:41.908Z,24.43408,0.0,0.0,0.0,0.0,2025-09-20 19:00:41.908,11.972222222222
Yeast Grow 4 Days,pioreactor02,2025-09-20T17:00:56.609Z,24.43408,0.0,0.0,0.0,86.3,2025-09-20 19:00:56.609,11.976388888889
Yeast Grow 4 Days,pioreactor02,2025-09-20T17:00:56.652Z,24.43408,0.0,0.0,0.0,85.77,2025-09-20 19:00:56.652,11.976388888889
Yeast Grow 4 Days,pioreactor02,2025-09-20T17:01:04.908Z,24.46758,0.0,0.0,0.0,85.77,2025-09-20 19:01:04.908,11.978611111111
Yeast Grow 4 Days,pioreactor02,2025-09-20T17:01:27.908Z,24.51258,0.0,0.0,0.0,85.77,2025-09-20 19:01:27.908,11.985
Yeast Grow 4 Days,pioreactor02,2025-09-20T17:01:50.908Z,24.49958,0.0,0.0,0.0,85.77,2025-09-20 19:01:50.908,11.991388888889
Yeast Grow 4 Days,pioreactor02,2025-09-20T17:02:13.908Z,24.50658,0.0,0.0,0.0,85.77,2025-09-20 19:02:13.908,11.997777777778
Yeast Grow 4 Days,pioreactor02,2025-09-20T17:02:25.183Z,24.50658,0.0,0.0,0.0,0.0,2025-09-20 19:02:25.183,12.001111111111
Yeast Grow 4 Days,pioreactor02,2025-09-20T17:02:36.908Z,24.45608,0.0,0.0,0.0,0.0,2025-09-20 19:02:36.908,12.004166666667
Yeast Grow 4 Days,pioreactor02,2025-09-20T17:02:59.908Z,24.40258,0.0,0.0,0.0,0.0,2025-09-20 19:02:59.908,12.010555555556
Yeast Grow 4 Days,pioreactor02,2025-09-20T17:03:22.908Z,24.49108,0.0,0.0,0.0,0.0,2025-09-20 19:03:22.908,12.016944444444
Yeast Grow 4 Days,pioreactor02,2025-09-20T17:03:45.908Z,24.53408,0.0,0.0,0.0,0.0,2025-09-20 19:03:45.908,12.023333333333
Yeast Grow 4 Days,pioreactor02,2025-09-20T17:04:08.908Z,24.52758,0.0,0.0,0.0,0.0,2025-09-20 19:04:08.908,12.029722222222
Yeast Grow 4 Days,pioreactor02,2025-09-20T17:04:16.608Z,24.52758,0.0,0.0,0.0,85.77,2025-09-20 19:04:16.608,12.031944444444
Yeast Grow 4 Days,pioreactor02,2025-09-20T17:04:16.652Z,24.52758,0.0,0.0,0.0,84.84,2025-09-20 19:04:16.652,12.031944444444
Yeast Grow 4 Days,pioreactor02,2025-09-20T17:04:31.908Z,24.53658,0.0,0.0,0.0,84.84,2025-09-20 19:04:31.908,12.036111111111
Yeast Grow 4 Days,pioreactor02,2025-09-20T17:04:54.908Z,24.53458,0.0,0.0,0.0,84.84,2025-09-20 19:04:54.908,12.0425
Yeast Grow 4 Days,pioreactor02,2025-09-20T17:05:17.908Z,24.95658,0.0,0.0,0.0,84.84,2025-09-20 19:05:17.908,12.048888888889
Yeast Grow 4 Days,pioreactor02,2025-09-20T17:05:40.908Z,24.84808,0.0,0.0,0.0,84.84,2025-09-20 19:05:40.908,12.055277777778
Yeast Grow 4 Days,pioreactor02,2025-09-20T17:05:45.183Z,24.84808,0.0,0.0,0.0,0.0,2025-09-20 19:05:45.183,12.056666666667
Yeast Grow 4 Days,pioreactor02,2025-09-20T17:06:03.908Z,24.73908,0.0,0.0,0.0,0.0,2025-09-20 19:06:03.908,12.061666666667
Yeast Grow 4 Days,pioreactor02,2025-09-20T17:06:26.908Z,24.62458,0.0,0.0,0.0,0.0,2025-09-20 19:06:26.908,12.068055555556
Yeast Grow 4 Days,pioreactor02,2025-09-20T17:06:49.908Z,24.61758,0.0,0.0,0.0,0.0,2025-09-20 19:06:49.908,12.074444444444
Yeast Grow 4 Days,pioreactor02,2025-09-20T17:07:12.908Z,24.56008,0.0,0.0,0.0,0.0,2025-09-20 19:07:12.908,12.080833333333
Yeast Grow 4 Days,pioreactor02,2025-09-20T17:07:35.908Z,24.50658,0.0,0.0,0.0,0.0,2025-09-20 19:07:35.908,12.087222222222
Yeast Grow 4 Days,pioreactor02,2025-09-20T17:07:36.608Z,24.50658,0.0,0.0,0.0,84.84,2025-09-20 19:07:36.608,12.0875
Yeast Grow 4 Days,pioreactor02,2025-09-20T17:07:36.652Z,24.50658,0.0,0.0,0.0,85.02,2025-09-20 19:07:36.652,12.0875
Yeast Grow 4 Days,pioreactor02,2025-09-20T17:07:58.908Z,24.48208,0.0,0.0,0.0,85.02,2025-09-20 19:07:58.908,12.093611111111
Yeast Grow 4 Days,pioreactor02,2025-09-20T17:08:21.908Z,24.49158,0.0,0.0,0.0,85.02,2025-09-20 19:08:21.908,12.1
Yeast Grow 4 Days,pioreactor02,2025-09-20T17:08:44.908Z,24.56708,0.0,0.0,0.0,85.02,2025-09-20 19:08:44.908,12.106388888889
Yeast Grow 4 Days,pioreactor02,2025-09-20T17:09:05.183Z,24.56708,0.0,0.0,0.0,0.0,2025-09-20 19:09:05.183,12.112222222222
Yeast Grow 4 Days,pioreactor02,2025-09-20T17:09:07.908Z,24.89908,0.0,0.0,0.0,0.0,2025-09-20 19:09:07.908,12.112777777778
Yeast Grow 4 Days,pioreactor02,2025-09-20T17:09:30.908Z,24.77808,0.0,0.0,0.0,0.0,2025-09-20 19:09:30.908,12.119166666667
Yeast Grow 4 Days,pioreactor02,2025-09-20T17:09:53.912Z,24.77958,0.0,0.0,0.0,0.0,2025-09-20 19:09:53.912,12.125555555556
Yeast Grow 4 Days,pioreactor02,2025-09-20T17:10:16.908Z,24.66758,0.0,0.0,0.0,0.0,2025-09-20 19:10:16.908,12.131944444444
Yeast Grow 4 Days,pioreactor02,2025-09-20T17:10:39.908Z,24.62458,0.0,0.0,0.0,0.0,2025-09-20 19:10:39.908,12.138333333333
Yeast Grow 4 Days,pioreactor02,2025-09-20T17:10:56.608Z,24.62458,0.0,0.0,0.0,85.02,2025-09-20 19:10:56.608,12.143055555556
Yeast Grow 4 Days,pioreactor02,2025-09-20T17:10:56.652Z,24.62458,0.0,0.0,0.0,84.86,2025-09-20 19:10:56.652,12.143055555556
Yeast Grow 4 Days,pioreactor02,2025-09-20T17:11:02.908Z,24.64658,0.0,0.0,0.0,84.86,2025-09-20 19:11:02.908,12.144722222222
Yeast Grow 4 Days,pioreactor02,2025-09-20T17:11:25.908Z,24.68058,0.0,0.0,0.0,84.86,2025-09-20 19:11:25.908,12.151111111111
Yeast Grow 4 Days,pioreactor02,2025-09-20T17:11:48.908Z,24.66908,0.0,0.0,0.0,84.86,2025-09-20 19:11:48.908,12.1575
Yeast Grow 4 Days,pioreactor02,2025-09-20T17:12:11.912Z,24.66658,0.0,0.0,0.0,84.86,2025-09-20 19:12:11.912,12.163888888889
Yeast Grow 4 Days,pioreactor02,2025-09-20T17:12:25.183Z,24.66658,0.0,0.0,0.0,0.0,2025-09-20 19:12:25.183,12.167777777778
Yeast Grow 4 Days,pioreactor02,2025-09-20T17:12:34.908Z,24.59558,0.0,0.0,0.0,0.0,2025-09-20 19:12:34.908,12.170277777778
Yeast Grow 4 Days,pioreactor02,2025-09-20T17:12:57.908Z,24.51308,0.0,0.0,0.0,0.0,2025-09-20 19:12:57.908,12.176666666667
Yeast Grow 4 Days,pioreactor02,2025-09-20T17:13:20.908Z,24.45858,0.0,0.0,0.0,0.0,2025-09-20 19:13:20.908,12.183055555556
Yeast Grow 4 Days,pioreactor02,2025-09-20T17:13:43.908Z,24.43708,0.0,0.0,0.0,0.0,2025-09-20 19:13:43.908,12.189444444444
Yeast Grow 4 Days,pioreactor02,2025-09-20T17:14:06.908Z,24.43758,0.0,0.0,0.0,0.0,2025-09-20 19:14:06.908,12.195833333333
Yeast Grow 4 Days,pioreactor02,2025-09-20T17:14:16.610Z,24.43758,0.0,0.0,0.0,84.86,2025-09-20 19:14:16.610,12.198611111111
Yeast Grow 4 Days,pioreactor02,2025-09-20T17:14:16.652Z,24.43758,0.0,0.0,0.0,84.72,2025-09-20 19:14:16.652,12.198611111111
Yeast Grow 4 Days,pioreactor02,2025-09-20T17:14:29.908Z,24.47808,0.0,0.0,0.0,84.72,2025-09-20 19:14:29.908,12.202222222222
Yeast Grow 4 Days,pioreactor02,2025-09-20T17:14:52.908Z,24.45308,0.0,0.0,0.0,84.72,2025-09-20 19:14:52.908,12.208611111111
Yeast Grow 4 Days,pioreactor02,2025-09-20T17:15:15.908Z,24.55258,0.0,0.0,0.0,84.72,2025-09-20 19:15:15.908,12.215
Yeast Grow 4 Days,pioreactor02,2025-09-20T17:15:38.912Z,24.54308,0.0,0.0,0.0,84.72,2025-09-20 19:15:38.912,12.221388888889
Yeast Grow 4 Days,pioreactor02,2025-09-20T17:15:45.183Z,24.54308,0.0,0.0,0.0,0.0,2025-09-20 19:15:45.183,12.223333333333
Yeast Grow 4 Days,pioreactor02,2025-09-20T17:16:01.908Z,24.49008,0.0,0.0,0.0,0.0,2025-09-20 19:16:01.908,12.227777777778
Yeast Grow 4 Days,pioreactor02,2025-09-20T17:16:24.908Z,24.50108,0.0,0.0,0.0,0.0,2025-09-20 19:16:24.908,12.234166666667
Yeast Grow 4 Days,pioreactor02,2025-09-20T17:16:47.908Z,24.46858,0.0,0.0,0.0,0.0,2025-09-20 19:16:47.908,12.240555555556
Yeast Grow 4 Days,pioreactor02,2025-09-20T17:17:10.908Z,24.44908,0.0,0.0,0.0,0.0,2025-09-20 19:17:10.908,12.246944444444
Yeast Grow 4 Days,pioreactor02,2025-09-20T17:17:33.908Z,24.61708,0.0,0.0,0.0,0.0,2025-09-20 19:17:33.908,12.253333333333
Yeast Grow 4 Days,pioreactor02,2025-09-20T17:17:36.610Z,24.61708,0.0,0.0,0.0,84.72,2025-09-20 19:17:36.610,12.254166666667
Yeast Grow 4 Days,pioreactor02,2025-09-20T17:17:36.652Z,24.61708,0.0,0.0,0.0,84.68,2025-09-20 19:17:36.652,12.254166666667
Yeast Grow 4 Days,pioreactor02,2025-09-20T17:17:56.908Z,24.59008,0.0,0.0,0.0,84.68,2025-09-20 19:17:56.908,12.259722222222
Yeast Grow 4 Days,pioreactor02,2025-09-20T17:18:19.908Z,24.54758,0.0,0.0,0.0,84.68,2025-09-20 19:18:19.908,12.266111111111
Yeast Grow 4 Days,pioreactor02,2025-09-20T17:18:42.908Z,24.59608,0.0,0.0,0.0,84.68,2025-09-20 19:18:42.908,12.2725
Yeast Grow 4 Days,pioreactor02,2025-09-20T17:19:05.183Z,24.59608,0.0,0.0,0.0,0.0,2025-09-20 19:19:05.183,12.278888888889
Yeast Grow 4 Days,pioreactor02,2025-09-20T17:19:05.908Z,24.55858,0.0,0.0,0.0,0.0,2025-09-20 19:19:05.908,12.278888888889
Yeast Grow 4 Days,pioreactor02,2025-09-20T17:19:28.908Z,24.45608,0.0,0.0,0.0,0.0,2025-09-20 19:19:28.908,12.285277777778
Yeast Grow 4 Days,pioreactor02,2025-09-20T17:19:51.908Z,24.42758,0.0,0.0,0.0,0.0,2025-09-20 19:19:51.908,12.291666666667
Yeast Grow 4 Days,pioreactor02,2025-09-20T17:20:14.908Z,24.41008,0.0,0.0,0.0,0.0,2025-09-20 19:20:14.908,12.298055555556
Yeast Grow 4 Days,pioreactor02,2025-09-20T17:20:37.908Z,24.35358,0.0,0.0,0.0,0.0,2025-09-20 19:20:37.908,12.304444444444
Yeast Grow 4 Days,pioreactor02,2025-09-20T17:20:56.610Z,24.35358,0.0,0.0,0.0,84.68,2025-09-20 19:20:56.610,12.309722222222
Yeast Grow 4 Days,pioreactor02,2025-09-20T17:20:56.652Z,24.35358,0.0,0.0,0.0,84.98,2025-09-20 19:20:56.652,12.309722222222
Yeast Grow 4 Days,pioreactor02,2025-09-20T17:21:00.908Z,24.66108,0.0,0.0,0.0,84.98,2025-09-20 19:21:00.908,12.310833333333
Yeast Grow 4 Days,pioreactor02,2025-09-20T17:21:23.908Z,25.02808,0.0,0.0,0.0,84.98,2025-09-20 19:21:23.908,12.317222222222
Yeast Grow 4 Days,pioreactor02,2025-09-20T17:21:46.908Z,25.04758,0.0,0.0,0.0,84.98,2025-09-20 19:21:46.908,12.323611111111
Yeast Grow 4 Days,pioreactor02,2025-09-20T17:22:09.908Z,24.91058,0.0,0.0,0.0,84.98,2025-09-20 19:22:09.908,12.33
Yeast Grow 4 Days,pioreactor02,2025-09-20T17:22:25.183Z,24.91058,0.0,0.0,0.0,0.0,2025-09-20 19:22:25.183,12.334444444444
Yeast Grow 4 Days,pioreactor02,2025-09-20T17:22:32.908Z,24.78258,0.0,0.0,0.0,0.0,2025-09-20 19:22:32.908,12.336388888889
Yeast Grow 4 Days,pioreactor02,2025-09-20T17:22:55.908Z,24.69508,0.0,0.0,0.0,0.0,2025-09-20 19:22:55.908,12.342777777778
Yeast Grow 4 Days,pioreactor02,2025-09-20T17:23:18.912Z,24.62408,0.0,0.0,0.0,0.0,2025-09-20 19:23:18.912,12.349166666667
Yeast Grow 4 Days,pioreactor02,2025-09-20T17:23:41.908Z,24.57108,0.0,0.0,0.0,0.0,2025-09-20 19:23:41.908,12.355555555556
Yeast Grow 4 Days,pioreactor02,2025-09-20T17:24:04.908Z,24.53708,0.0,0.0,0.0,0.0,2025-09-20 19:24:04.908,12.361944444444
Yeast Grow 4 Days,pioreactor02,2025-09-20T17:24:16.609Z,24.53708,0.0,0.0,0.0,84.98,2025-09-20 19:24:16.609,12.365277777778
Yeast Grow 4 Days,pioreactor02,2025-09-20T17:24:16.652Z,24.53708,0.0,0.0,0.0,86.95,2025-09-20 19:24:16.652,12.365277777778
Yeast Grow 4 Days,pioreactor02,2025-09-20T17:24:27.912Z,24.53308,0.0,0.0,0.0,86.95,2025-09-20 19:24:27.912,12.368333333333
Yeast Grow 4 Days,pioreactor02,2025-09-20T17:24:50.908Z,24.51158,0.0,0.0,0.0,86.95,2025-09-20 19:24:50.908,12.374722222222
Yeast Grow 4 Days,pioreactor02,2025-09-20T17:25:13.908Z,24.56358,0.0,0.0,0.0,86.95,2025-09-20 19:25:13.908,12.381111111111
Yeast Grow 4 Days,pioreactor02,2025-09-20T17:25:36.908Z,24.56658,0.0,0.0,0.0,86.95,2025-09-20 19:25:36.908,12.3875
Yeast Grow 4 Days,pioreactor02,2025-09-20T17:25:45.183Z,24.56658,0.0,0.0,0.0,0.0,2025-09-20 19:25:45.183,12.39
Yeast Grow 4 Days,pioreactor02,2025-09-20T17:25:59.908Z,24.57408,0.0,0.0,0.0,0.0,2025-09-20 19:25:59.908,12.393888888889
Yeast Grow 4 Days,pioreactor02,2025-09-20T17:26:22.908Z,24.51108,0.0,0.0,0.0,0.0,2025-09-20 19:26:22.908,12.400277777778
Yeast Grow 4 Days,pioreactor02,2025-09-20T17:26:45.908Z,24.61158,0.0,0.0,0.0,0.0,2025-09-20 19:26:45.908,12.406666666667
Yeast Grow 4 Days,pioreactor02,2025-09-20T17:27:08.908Z,24.59858,0.0,0.0,0.0,0.0,2025-09-20 19:27:08.908,12.413055555556
Yeast Grow 4 Days,pioreactor02,2025-09-20T17:27:31.908Z,24.54008,0.0,0.0,0.0,0.0,2025-09-20 19:27:31.908,12.419444444444
Yeast Grow 4 Days,pioreactor02,2025-09-20T17:27:36.607Z,24.54008,0.0,0.0,0.0,86.95,2025-09-20 19:27:36.607,12.420833333333
Yeast Grow 4 Days,pioreactor02,2025-09-20T17:27:36.648Z,24.54008,0.0,0.0,0.0,86.09,2025-09-20 19:27:36.648,12.420833333333
Yeast Grow 4 Days,pioreactor02,2025-09-20T17:27:54.912Z,24.62958,0.0,0.0,0.0,86.09,2025-09-20 19:27:54.912,12.425833333333
Yeast Grow 4 Days,pioreactor02,2025-09-20T17:28:17.908Z,24.59158,0.0,0.0,0.0,86.09,2025-09-20 19:28:17.908,12.432222222222
Yeast Grow 4 Days,pioreactor02,2025-09-20T17:28:40.908Z,24.61258,0.0,0.0,0.0,86.09,2025-09-20 19:28:40.908,12.438611111111
Yeast Grow 4 Days,pioreactor02,2025-09-20T17:29:03.908Z,24.60008,0.0,0.0,0.0,86.09,2025-09-20 19:29:03.908,12.445
Yeast Grow 4 Days,pioreactor02,2025-09-20T17:29:05.183Z,24.60008,0.0,0.0,0.0,0.0,2025-09-20 19:29:05.183,12.445555555556
Yeast Grow 4 Days,pioreactor02,2025-09-20T17:29:26.908Z,24.55658,0.0,0.0,0.0,0.0,2025-09-20 19:29:26.908,12.451388888889
Yeast Grow 4 Days,pioreactor02,2025-09-20T17:29:49.908Z,24.50308,0.0,0.0,0.0,0.0,2025-09-20 19:29:49.908,12.457777777778
Yeast Grow 4 Days,pioreactor02,2025-09-20T17:30:12.908Z,24.46158,0.0,0.0,0.0,0.0,2025-09-20 19:30:12.908,12.464166666667
Yeast Grow 4 Days,pioreactor02,2025-09-20T17:30:35.908Z,24.52158,0.0,0.0,0.0,0.0,2025-09-20 19:30:35.908,12.470555555556
Yeast Grow 4 Days,pioreactor02,2025-09-20T17:30:56.609Z,24.52158,0.0,0.0,0.0,86.09,2025-09-20 19:30:56.609,12.476388888889
Yeast Grow 4 Days,pioreactor02,2025-09-20T17:30:56.652Z,24.52158,0.0,0.0,0.0,86.25,2025-09-20 19:30:56.652,12.476388888889
Yeast Grow 4 Days,pioreactor02,2025-09-20T17:30:58.908Z,24.53408,0.0,0.0,0.0,86.25,2025-09-20 19:30:58.908,12.476944444444
Yeast Grow 4 Days,pioreactor02,2025-09-20T17:31:21.912Z,24.55108,0.0,0.0,0.0,86.25,2025-09-20 19:31:21.912,12.483333333333
Yeast Grow 4 Days,pioreactor02,2025-09-20T17:31:44.908Z,24.55758,0.0,0.0,0.0,86.25,2025-09-20 19:31:44.908,12.489722222222
Yeast Grow 4 Days,pioreactor02,2025-09-20T17:32:07.908Z,24.51508,0.0,0.0,0.0,86.25,2025-09-20 19:32:07.908,12.496111111111
Yeast Grow 4 Days,pioreactor02,2025-09-20T17:32:25.183Z,24.51508,0.0,0.0,0.0,0.0,2025-09-20 19:32:25.183,12.501111111111
Yeast Grow 4 Days,pioreactor02,2025-09-20T17:32:30.908Z,24.43108,0.0,0.0,0.0,0.0,2025-09-20 19:32:30.908,12.5025
Yeast Grow 4 Days,pioreactor02,2025-09-20T17:32:53.908Z,24.37008,0.0,0.0,0.0,0.0,2025-09-20 19:32:53.908,12.508888888889
Yeast Grow 4 Days,pioreactor02,2025-09-20T17:33:16.908Z,24.31508,0.0,0.0,0.0,0.0,2025-09-20 19:33:16.908,12.515277777778
Yeast Grow 4 Days,pioreactor02,2025-09-20T17:33:39.908Z,24.32308,0.0,0.0,0.0,0.0,2025-09-20 19:33:39.908,12.521666666667
Yeast Grow 4 Days,pioreactor02,2025-09-20T17:34:02.908Z,24.26958,0.0,0.0,0.0,0.0,2025-09-20 19:34:02.908,12.528055555556
Yeast Grow 4 Days,pioreactor02,2025-09-20T17:34:16.609Z,24.26958,0.0,0.0,0.0,86.25,2025-09-20 19:34:16.609,12.531944444444
Yeast Grow 4 Days,pioreactor02,2025-09-20T17:34:16.652Z,24.26958,0.0,0.0,0.0,87.77,2025-09-20 19:34:16.652,12.531944444444
Yeast Grow 4 Days,pioreactor02,2025-09-20T17:34:25.908Z,24.26808,0.0,0.0,0.0,87.77,2025-09-20 19:34:25.908,12.534444444444
Yeast Grow 4 Days,pioreactor02,2025-09-20T17:34:48.908Z,24.64958,0.0,0.0,0.0,87.77,2025-09-20 19:34:48.908,12.540833333333
Yeast Grow 4 Days,pioreactor02,2025-09-20T17:35:11.908Z,24.95808,0.0,0.0,0.0,87.77,2025-09-20 19:35:11.908,12.547222222222
Yeast Grow 4 Days,pioreactor02,2025-09-20T17:35:34.908Z,24.86658,0.0,0.0,0.0,87.77,2025-09-20 19:35:34.908,12.553611111111
Yeast Grow 4 Days,pioreactor02,2025-09-20T17:35:45.183Z,24.86658,0.0,0.0,0.0,0.0,2025-09-20 19:35:45.183,12.556666666667
Yeast Grow 4 Days,pioreactor02,2025-09-20T17:35:57.908Z,24.70308,0.0,0.0,0.0,0.0,2025-09-20 19:35:57.908,12.56
Yeast Grow 4 Days,pioreactor02,2025-09-20T17:36:20.908Z,24.63408,0.0,0.0,0.0,0.0,2025-09-20 19:36:20.908,12.566388888889
Yeast Grow 4 Days,pioreactor02,2025-09-20T17:36:43.908Z,24.58108,0.0,0.0,0.0,0.0,2025-09-20 19:36:43.908,12.572777777778
Yeast Grow 4 Days,pioreactor02,2025-09-20T17:37:06.912Z,24.53058,0.0,0.0,0.0,0.0,2025-09-20 19:37:06.912,12.579166666667
Yeast Grow 4 Days,pioreactor02,2025-09-20T17:37:29.912Z,24.41708,0.0,0.0,0.0,0.0,2025-09-20 19:37:29.912,12.585555555556
Yeast Grow 4 Days,pioreactor02,2025-09-20T17:37:36.608Z,24.41708,0.0,0.0,0.0,87.77,2025-09-20 19:37:36.608,12.5875
Yeast Grow 4 Days,pioreactor02,2025-09-20T17:37:36.652Z,24.41708,0.0,0.0,0.0,85.61,2025-09-20 19:37:36.652,12.5875
Yeast Grow 4 Days,pioreactor02,2025-09-20T17:37:52.908Z,24.45308,0.0,0.0,0.0,85.61,2025-09-20 19:37:52.908,12.591944444444
Yeast Grow 4 Days,pioreactor02,2025-09-20T17:38:15.908Z,24.48208,0.0,0.0,0.0,85.61,2025-09-20 19:38:15.908,12.598333333333
Yeast Grow 4 Days,pioreactor02,2025-09-20T17:38:38.908Z,24.45108,0.0,0.0,0.0,85.61,2025-09-20 19:38:38.908,12.604722222222
Yeast Grow 4 Days,pioreactor02,2025-09-20T17:39:01.908Z,24.83608,0.0,0.0,0.0,85.61,2025-09-20 19:39:01.908,12.611111111111
Yeast Grow 4 Days,pioreactor02,2025-09-20T17:39:05.183Z,24.83608,0.0,0.0,0.0,0.0,2025-09-20 19:39:05.183,12.612222222222
Yeast Grow 4 Days,pioreactor02,2025-09-20T17:39:24.908Z,24.74508,0.0,0.0,0.0,0.0,2025-09-20 19:39:24.908,12.6175
Yeast Grow 4 Days,pioreactor02,2025-09-20T17:39:47.908Z,24.65458,0.0,0.0,0.0,0.0,2025-09-20 19:39:47.908,12.623888888889
Yeast Grow 4 Days,pioreactor02,2025-09-20T17:40:10.908Z,24.61808,0.0,0.0,0.0,0.0,2025-09-20 19:40:10.908,12.630277777778
Yeast Grow 4 Days,pioreactor02,2025-09-20T17:40:33.908Z,24.57408,0.0,0.0,0.0,0.0,2025-09-20 19:40:33.908,12.636666666667
Yeast Grow 4 Days,pioreactor02,2025-09-20T17:40:56.610Z,24.57408,0.0,0.0,0.0,85.61,2025-09-20 19:40:56.610,12.643055555556
Yeast Grow 4 Days,pioreactor02,2025-09-20T17:40:56.652Z,24.57408,0.0,0.0,0.0,84.67,2025-09-20 19:40:56.652,12.643055555556
Yeast Grow 4 Days,pioreactor02,2025-09-20T17:40:56.908Z,24.54758,0.0,0.0,0.0,84.67,2025-09-20 19:40:56.908,12.643055555556
Yeast Grow 4 Days,pioreactor02,2025-09-20T17:41:19.908Z,24.56258,0.0,0.0,0.0,84.67,2025-09-20 19:41:19.908,12.649444444444
Yeast Grow 4 Days,pioreactor02,2025-09-20T17:41:42.912Z,24.61358,0.0,0.0,0.0,84.67,2025-09-20 19:41:42.912,12.655833333333
Yeast Grow 4 Days,pioreactor02,2025-09-20T17:42:05.908Z,24.86208,0.0,0.0,0.0,84.67,2025-09-20 19:42:05.908,12.662222222222
Yeast Grow 4 Days,pioreactor02,2025-09-20T17:42:25.183Z,24.86208,0.0,0.0,0.0,0.0,2025-09-20 19:42:25.183,12.667777777778
Yeast Grow 4 Days,pioreactor02,2025-09-20T17:42:28.908Z,25.14608,0.0,0.0,0.0,0.0,2025-09-20 19:42:28.908,12.668611111111
Yeast Grow 4 Days,pioreactor02,2025-09-20T17:42:51.908Z,24.95608,0.0,0.0,0.0,0.0,2025-09-20 19:42:51.908,12.675
Yeast Grow 4 Days,pioreactor02,2025-09-20T17:43:14.908Z,24.79208,0.0,0.0,0.0,0.0,2025-09-20 19:43:14.908,12.681388888889
Yeast Grow 4 Days,pioreactor02,2025-09-20T17:43:37.908Z,24.84908,0.0,0.0,0.0,0.0,2025-09-20 19:43:37.908,12.687777777778
Yeast Grow 4 Days,pioreactor02,2025-09-20T17:44:00.908Z,24.82058,0.0,0.0,0.0,0.0,2025-09-20 19:44:00.908,12.694166666667
Yeast Grow 4 Days,pioreactor02,2025-09-20T17:44:16.608Z,24.82058,0.0,0.0,0.0,84.67,2025-09-20 19:44:16.608,12.698611111111
Yeast Grow 4 Days,pioreactor02,2025-09-20T17:44:16.652Z,24.82058,0.0,0.0,0.0,85.54,2025-09-20 19:44:16.652,12.698611111111
Yeast Grow 4 Days,pioreactor02,2025-09-20T17:44:23.908Z,24.80158,0.0,0.0,0.0,85.54,2025-09-20 19:44:23.908,12.700555555556
Yeast Grow 4 Days,pioreactor02,2025-09-20T17:44:46.908Z,24.75108,0.0,0.0,0.0,85.54,2025-09-20 19:44:46.908,12.706944444444
Yeast Grow 4 Days,pioreactor02,2025-09-20T17:45:09.908Z,24.76108,0.0,0.0,0.0,85.54,2025-09-20 19:45:09.908,12.713333333333
Yeast Grow 4 Days,pioreactor02,2025-09-20T17:45:32.908Z,24.74708,0.0,0.0,0.0,85.54,2025-09-20 19:45:32.908,12.719722222222
Yeast Grow 4 Days,pioreactor02,2025-09-20T17:45:45.183Z,24.74708,0.0,0.0,0.0,0.0,2025-09-20 19:45:45.183,12.723333333333
Yeast Grow 4 Days,pioreactor02,2025-09-20T17:45:55.908Z,24.68108,0.0,0.0,0.0,0.0,2025-09-20 19:45:55.908,12.726111111111
Yeast Grow 4 Days,pioreactor02,2025-09-20T17:46:18.908Z,24.67708,0.0,0.0,0.0,0.0,2025-09-20 19:46:18.908,12.7325
Yeast Grow 4 Days,pioreactor02,2025-09-20T17:46:41.908Z,24.57908,0.0,0.0,0.0,0.0,2025-09-20 19:46:41.908,12.738888888889
Yeast Grow 4 Days,pioreactor02,2025-09-20T17:47:04.908Z,24.54758,0.0,0.0,0.0,0.0,2025-09-20 19:47:04.908,12.745277777778
Yeast Grow 4 Days,pioreactor02,2025-09-20T17:47:27.908Z,24.50458,0.0,0.0,0.0,0.0,2025-09-20 19:47:27.908,12.751666666667
Yeast Grow 4 Days,pioreactor02,2025-09-20T17:47:36.608Z,24.50458,0.0,0.0,0.0,85.54,2025-09-20 19:47:36.608,12.754166666667
Yeast Grow 4 Days,pioreactor02,2025-09-20T17:47:36.652Z,24.50458,0.0,0.0,0.0,86.57,2025-09-20 19:47:36.652,12.754166666667
Yeast Grow 4 Days,pioreactor02,2025-09-20T17:47:50.908Z,24.51608,0.0,0.0,0.0,86.57,2025-09-20 19:47:50.908,12.758055555556
Yeast Grow 4 Days,pioreactor02,2025-09-20T17:48:13.908Z,24.49858,0.0,0.0,0.0,86.57,2025-09-20 19:48:13.908,12.764444444444
Yeast Grow 4 Days,pioreactor02,2025-09-20T17:48:36.912Z,24.89908,0.0,0.0,0.0,86.57,2025-09-20 19:48:36.912,12.770833333333
Yeast Grow 4 Days,pioreactor02,2025-09-20T17:48:59.912Z,25.23208,0.0,0.0,0.0,86.57,2025-09-20 19:48:59.912,12.777222222222
Yeast Grow 4 Days,pioreactor02,2025-09-20T17:49:05.183Z,25.23208,0.0,0.0,0.0,0.0,2025-09-20 19:49:05.183,12.778888888889
Yeast Grow 4 Days,pioreactor02,2025-09-20T17:49:22.908Z,25.02708,0.0,0.0,0.0,0.0,2025-09-20 19:49:22.908,12.783611111111
Yeast Grow 4 Days,pioreactor02,2025-09-20T17:49:45.908Z,24.88808,0.0,0.0,0.0,0.0,2025-09-20 19:49:45.908,12.79
Yeast Grow 4 Days,pioreactor02,2025-09-20T17:50:08.908Z,24.81908,0.0,0.0,0.0,0.0,2025-09-20 19:50:08.908,12.796388888889
Yeast Grow 4 Days,pioreactor02,2025-09-20T17:50:31.908Z,24.70708,0.0,0.0,0.0,0.0,2025-09-20 19:50:31.908,12.802777777778
Yeast Grow 4 Days,pioreactor02,2025-09-20T17:50:54.908Z,24.62708,0.0,0.0,0.0,0.0,2025-09-20 19:50:54.908,12.809166666667
Yeast Grow 4 Days,pioreactor02,2025-09-20T17:50:56.609Z,24.62708,0.0,0.0,0.0,86.57,2025-09-20 19:50:56.609,12.809722222222
Yeast Grow 4 Days,pioreactor02,2025-09-20T17:50:56.652Z,24.62708,0.0,0.0,0.0,85.68,2025-09-20 19:50:56.652,12.809722222222
Yeast Grow 4 Days,pioreactor02,2025-09-20T17:51:17.908Z,24.61808,0.0,0.0,0.0,85.68,2025-09-20 19:51:17.908,12.815555555556
Yeast Grow 4 Days,pioreactor02,2025-09-20T17:51:40.912Z,24.63608,0.0,0.0,0.0,85.68,2025-09-20 19:51:40.912,12.821944444444
Yeast Grow 4 Days,pioreactor02,2025-09-20T17:52:03.908Z,24.58758,0.0,0.0,0.0,85.68,2025-09-20 19:52:03.908,12.828333333333
Yeast Grow 4 Days,pioreactor02,2025-09-20T17:52:25.183Z,24.58758,0.0,0.0,0.0,0.0,2025-09-20 19:52:25.183,12.834444444444
Yeast Grow 4 Days,pioreactor02,2025-09-20T17:52:26.908Z,24.56158,0.0,0.0,0.0,0.0,2025-09-20 19:52:26.908,12.834722222222
Yeast Grow 4 Days,pioreactor02,2025-09-20T17:52:49.908Z,24.49808,0.0,0.0,0.0,0.0,2025-09-20 19:52:49.908,12.841111111111
Yeast Grow 4 Days,pioreactor02,2025-09-20T17:53:12.908Z,24.49608,0.0,0.0,0.0,0.0,2025-09-20 19:53:12.908,12.8475
Yeast Grow 4 Days,pioreactor02,2025-09-20T17:53:35.908Z,24.42558,0.0,0.0,0.0,0.0,2025-09-20 19:53:35.908,12.853888888889
Yeast Grow 4 Days,pioreactor02,2025-09-20T17:53:58.908Z,24.47658,0.0,0.0,0.0,0.0,2025-09-20 19:53:58.908,12.860277777778
Yeast Grow 4 Days,pioreactor02,2025-09-20T17:54:16.608Z,24.47658,0.0,0.0,0.0,85.68,2025-09-20 19:54:16.608,12.865277777778
Yeast Grow 4 Days,pioreactor02,2025-09-20T17:54:16.656Z,24.47658,0.0,0.0,0.0,85.07,2025-09-20 19:54:16.656,12.865277777778
Yeast Grow 4 Days,pioreactor02,2025-09-20T17:54:21.908Z,24.53858,0.0,0.0,0.0,85.07,2025-09-20 19:54:21.908,12.866666666667
Yeast Grow 4 Days,pioreactor02,2025-09-20T17:54:44.908Z,24.53858,0.0,0.0,0.0,85.07,2025-09-20 19:54:44.908,12.873055555556
Yeast Grow 4 Days,pioreactor02,2025-09-20T17:55:07.908Z,24.51708,0.0,0.0,0.0,85.07,2025-09-20 19:55:07.908,12.879444444444
Yeast Grow 4 Days,pioreactor02,2025-09-20T17:55:30.908Z,24.53958,0.0,0.0,0.0,85.07,2025-09-20 19:55:30.908,12.885833333333
Yeast Grow 4 Days,pioreactor02,2025-09-20T17:55:45.183Z,24.53958,0.0,0.0,0.0,0.0,2025-09-20 19:55:45.183,12.89
Yeast Grow 4 Days,pioreactor02,2025-09-20T17:55:53.908Z,24.53758,0.0,0.0,0.0,0.0,2025-09-20 19:55:53.908,12.892222222222
Yeast Grow 4 Days,pioreactor02,2025-09-20T17:56:16.908Z,24.48758,0.0,0.0,0.0,0.0,2025-09-20 19:56:16.908,12.898611111111
Yeast Grow 4 Days,pioreactor02,2025-09-20T17:56:39.908Z,24.48008,0.0,0.0,0.0,0.0,2025-09-20 19:56:39.908,12.905
Yeast Grow 4 Days,pioreactor02,2025-09-20T17:57:02.908Z,24.43308,0.0,0.0,0.0,0.0,2025-09-20 19:57:02.908,12.911388888889
Yeast Grow 4 Days,pioreactor02,2025-09-20T17:57:25.908Z,24.41508,0.0,0.0,0.0,0.0,2025-09-20 19:57:25.908,12.917777777778
Yeast Grow 4 Days,pioreactor02,2025-09-20T17:57:36.610Z,24.41508,0.0,0.0,0.0,85.07,2025-09-20 19:57:36.610,12.920833333333
Yeast Grow 4 Days,pioreactor02,2025-09-20T17:57:36.652Z,24.41508,0.0,0.0,0.0,85.86,2025-09-20 19:57:36.652,12.920833333333
Yeast Grow 4 Days,pioreactor02,2025-09-20T17:57:48.908Z,24.75658,0.0,0.0,0.0,85.86,2025-09-20 19:57:48.908,12.924166666667
Yeast Grow 4 Days,pioreactor02,2025-09-20T17:58:11.908Z,25.07658,0.0,0.0,0.0,85.86,2025-09-20 19:58:11.908,12.930555555556
Yeast Grow 4 Days,pioreactor02,2025-09-20T17:58:34.908Z,24.95608,0.0,0.0,0.0,85.86,2025-09-20 19:58:34.908,12.936944444444
Yeast Grow 4 Days,pioreactor02,2025-09-20T17:58:57.908Z,24.82608,0.0,0.0,0.0,85.86,2025-09-20 19:58:57.908,12.943333333333
Yeast Grow 4 Days,pioreactor02,2025-09-20T17:59:05.183Z,24.82608,0.0,0.0,0.0,0.0,2025-09-20 19:59:05.183,12.945555555556
Yeast Grow 4 Days,pioreactor02,2025-09-20T17:59:20.908Z,24.75208,0.0,0.0,0.0,0.0,2025-09-20 19:59:20.908,12.949722222222
Yeast Grow 4 Days,pioreactor02,2025-09-20T17:59:43.908Z,24.68258,0.0,0.0,0.0,0.0,2025-09-20 19:59:43.908,12.956111111111
Yeast Grow 4 Days,pioreactor02,2025-09-20T18:00:06.908Z,24.62308,0.0,0.0,0.0,0.0,2025-09-20 20:00:06.908,12.9625
Yeast Grow 4 Days,pioreactor02,2025-09-20T18:00:29.908Z,24.57958,0.0,0.0,0.0,0.0,2025-09-20 20:00:29.908,12.968888888889
Yeast Grow 4 Days,pioreactor02,2025-09-20T18:00:52.908Z,24.52658,0.0,0.0,0.0,0.0,2025-09-20 20:00:52.908,12.975277777778
Yeast Grow 4 Days,pioreactor02,2025-09-20T18:00:56.609Z,24.52658,0.0,0.0,0.0,85.86,2025-09-20 20:00:56.609,12.976388888889
Yeast Grow 4 Days,pioreactor02,2025-09-20T18:00:56.656Z,24.52658,0.0,0.0,0.0,86.18,2025-09-20 20:00:56.656,12.976388888889
Yeast Grow 4 Days,pioreactor02,2025-09-20T18:01:15.908Z,24.48858,0.0,0.0,0.0,86.18,2025-09-20 20:01:15.908,12.981666666667
Yeast Grow 4 Days,pioreactor02,2025-09-20T18:01:38.908Z,24.46908,0.0,0.0,0.0,86.18,2025-09-20 20:01:38.908,12.988055555556
Yeast Grow 4 Days,pioreactor02,2025-09-20T18:02:01.912Z,24.58408,0.0,0.0,0.0,86.18,2025-09-20 20:02:01.912,12.994444444444
Yeast Grow 4 Days,pioreactor02,2025-09-20T18:02:24.908Z,24.56008,0.0,0.0,0.0,86.18,2025-09-20 20:02:24.908,13.000833333333
Yeast Grow 4 Days,pioreactor02,2025-09-20T18:02:25.183Z,24.56008,0.0,0.0,0.0,0.0,2025-09-20 20:02:25.183,13.001111111111
Yeast Grow 4 Days,pioreactor02,2025-09-20T18:02:47.908Z,24.52808,0.0,0.0,0.0,0.0,2025-09-20 20:02:47.908,13.007222222222
Yeast Grow 4 Days,pioreactor02,2025-09-20T18:03:10.908Z,24.52008,0.0,0.0,0.0,0.0,2025-09-20 20:03:10.908,13.013611111111
Yeast Grow 4 Days,pioreactor02,2025-09-20T18:03:33.908Z,24.48308,0.0,0.0,0.0,0.0,2025-09-20 20:03:33.908,13.02
Yeast Grow 4 Days,pioreactor02,2025-09-20T18:03:56.908Z,24.46708,0.0,0.0,0.0,0.0,2025-09-20 20:03:56.908,13.026388888889
Yeast Grow 4 Days,pioreactor02,2025-09-20T18:04:16.610Z,24.46708,0.0,0.0,0.0,86.18,2025-09-20 20:04:16.610,13.031944444444
Yeast Grow 4 Days,pioreactor02,2025-09-20T18:04:16.652Z,24.46708,0.0,0.0,0.0,86.79,2025-09-20 20:04:16.652,13.031944444444
Yeast Grow 4 Days,pioreactor02,2025-09-20T18:04:19.908Z,24.66508,0.0,0.0,0.0,86.79,2025-09-20 20:04:19.908,13.032777777778
Yeast Grow 4 Days,pioreactor02,2025-09-20T18:04:42.908Z,25.03008,0.0,0.0,0.0,86.79,2025-09-20 20:04:42.908,13.039166666667
Yeast Grow 4 Days,pioreactor02,2025-09-20T18:05:05.908Z,24.90358,0.0,0.0,0.0,86.79,2025-09-20 20:05:05.908,13.045555555556
Yeast Grow 4 Days,pioreactor02,2025-09-20T18:05:28.908Z,24.81358,0.0,0.0,0.0,86.79,2025-09-20 20:05:28.908,13.051944444444
Yeast Grow 4 Days,pioreactor02,2025-09-20T18:05:45.183Z,24.81358,0.0,0.0,0.0,0.0,2025-09-20 20:05:45.183,13.056666666667
Yeast Grow 4 Days,pioreactor02,2025-09-20T18:05:51.908Z,24.66158,0.0,0.0,0.0,0.0,2025-09-20 20:05:51.908,13.058333333333
Yeast Grow 4 Days,pioreactor02,2025-09-20T18:06:14.908Z,24.59808,0.0,0.0,0.0,0.0,2025-09-20 20:06:14.908,13.064722222222
Yeast Grow 4 Days,pioreactor02,2025-09-20T18:06:37.908Z,24.53458,0.0,0.0,0.0,0.0,2025-09-20 20:06:37.908,13.071111111111
Yeast Grow 4 Days,pioreactor02,2025-09-20T18:07:00.908Z,24.58458,0.0,0.0,0.0,0.0,2025-09-20 20:07:00.908,13.0775
Yeast Grow 4 Days,pioreactor02,2025-09-20T18:07:23.908Z,24.51608,0.0,0.0,0.0,0.0,2025-09-20 20:07:23.908,13.083888888889
Yeast Grow 4 Days,pioreactor02,2025-09-20T18:07:36.610Z,24.51608,0.0,0.0,0.0,86.79,2025-09-20 20:07:36.610,13.0875
Yeast Grow 4 Days,pioreactor02,2025-09-20T18:07:36.652Z,24.51608,0.0,0.0,0.0,86.41,2025-09-20 20:07:36.652,13.0875
Yeast Grow 4 Days,pioreactor02,2025-09-20T18:07:46.908Z,24.55708,0.0,0.0,0.0,86.41,2025-09-20 20:07:46.908,13.090277777778
Yeast Grow 4 Days,pioreactor02,2025-09-20T18:08:09.908Z,24.57508,0.0,0.0,0.0,86.41,2025-09-20 20:08:09.908,13.096666666667
Yeast Grow 4 Days,pioreactor02,2025-09-20T18:08:32.908Z,24.57408,0.0,0.0,0.0,86.41,2025-09-20 20:08:32.908,13.103055555556
Yeast Grow 4 Days,pioreactor02,2025-09-20T18:08:55.908Z,24.57558,0.0,0.0,0.0,86.41,2025-09-20 20:08:55.908,13.109444444444
Yeast Grow 4 Days,pioreactor02,2025-09-20T18:09:05.183Z,24.57558,0.0,0.0,0.0,0.0,2025-09-20 20:09:05.183,13.112222222222
Yeast Grow 4 Days,pioreactor02,2025-09-20T18:09:18.908Z,24.52958,0.0,0.0,0.0,0.0,2025-09-20 20:09:18.908,13.115833333333
Yeast Grow 4 Days,pioreactor02,2025-09-20T18:09:41.912Z,24.48558,0.0,0.0,0.0,0.0,2025-09-20 20:09:41.912,13.122222222222
Yeast Grow 4 Days,pioreactor02,2025-09-20T18:10:04.908Z,24.51408,0.0,0.0,0.0,0.0,2025-09-20 20:10:04.908,13.128611111111
Yeast Grow 4 Days,pioreactor02,2025-09-20T18:10:27.908Z,24.49808,0.0,0.0,0.0,0.0,2025-09-20 20:10:27.908,13.135
Yeast Grow 4 Days,pioreactor02,2025-09-20T18:10:50.908Z,24.57058,0.0,0.0,0.0,0.0,2025-09-20 20:10:50.908,13.141388888889
Yeast Grow 4 Days,pioreactor02,2025-09-20T18:10:56.607Z,24.57058,0.0,0.0,0.0,86.41,2025-09-20 20:10:56.607,13.143055555556
Yeast Grow 4 Days,pioreactor02,2025-09-20T18:10:56.648Z,24.57058,0.0,0.0,0.0,84.33,2025-09-20 20:10:56.648,13.143055555556
Yeast Grow 4 Days,pioreactor02,2025-09-20T18:11:13.908Z,24.96708,0.0,0.0,0.0,84.33,2025-09-20 20:11:13.908,13.147777777778
Yeast Grow 4 Days,pioreactor02,2025-09-20T18:11:36.908Z,24.96308,0.0,0.0,0.0,84.33,2025-09-20 20:11:36.908,13.154166666667
Yeast Grow 4 Days,pioreactor02,2025-09-20T18:11:59.908Z,24.86558,0.0,0.0,0.0,84.33,2025-09-20 20:11:59.908,13.160555555556
Yeast Grow 4 Days,pioreactor02,2025-09-20T18:12:22.908Z,24.75358,0.0,0.0,0.0,84.33,2025-09-20 20:12:22.908,13.166944444444
Yeast Grow 4 Days,pioreactor02,2025-09-20T18:12:25.183Z,24.75358,0.0,0.0,0.0,0.0,2025-09-20 20:12:25.183,13.167777777778
Yeast Grow 4 Days,pioreactor02,2025-09-20T18:12:45.908Z,24.67258,0.0,0.0,0.0,0.0,2025-09-20 20:12:45.908,13.173333333333
Yeast Grow 4 Days,pioreactor02,2025-09-20T18:13:08.908Z,24.72308,0.0,0.0,0.0,0.0,2025-09-20 20:13:08.908,13.179722222222
Yeast Grow 4 Days,pioreactor02,2025-09-20T18:13:31.908Z,24.64308,0.0,0.0,0.0,0.0,2025-09-20 20:13:31.908,13.186111111111
Yeast Grow 4 Days,pioreactor02,2025-09-20T18:13:54.908Z,24.58858,0.0,0.0,0.0,0.0,2025-09-20 20:13:54.908,13.1925
Yeast Grow 4 Days,pioreactor02,2025-09-20T18:14:16.609Z,24.58858,0.0,0.0,0.0,84.33,2025-09-20 20:14:16.609,13.198611111111
Yeast Grow 4 Days,pioreactor02,2025-09-20T18:14:16.652Z,24.58858,0.0,0.0,0.0,85.07,2025-09-20 20:14:16.652,13.198611111111
Yeast Grow 4 Days,pioreactor02,2025-09-20T18:14:17.912Z,24.56758,0.0,0.0,0.0,85.07,2025-09-20 20:14:17.912,13.198888888889
Yeast Grow 4 Days,pioreactor02,2025-09-20T18:14:40.908Z,24.52258,0.0,0.0,0.0,85.07,2025-09-20 20:14:40.908,13.205277777778
Yeast Grow 4 Days,pioreactor02,2025-09-20T18:15:03.908Z,24.53308,0.0,0.0,0.0,85.07,2025-09-20 20:15:03.908,13.211666666667
Yeast Grow 4 Days,pioreactor02,2025-09-20T18:15:26.908Z,24.55858,0.0,0.0,0.0,85.07,2025-09-20 20:15:26.908,13.218055555556
Yeast Grow 4 Days,pioreactor02,2025-09-20T18:15:45.183Z,24.55858,0.0,0.0,0.0,0.0,2025-09-20 20:15:45.183,13.223333333333
Yeast Grow 4 Days,pioreactor02,2025-09-20T18:15:49.908Z,24.56108,0.0,0.0,0.0,0.0,2025-09-20 20:15:49.908,13.224444444444
Yeast Grow 4 Days,pioreactor02,2025-09-20T18:16:12.908Z,24.59108,0.0,0.0,0.0,0.0,2025-09-20 20:16:12.908,13.230833333333
Yeast Grow 4 Days,pioreactor02,2025-09-20T18:16:35.908Z,24.55358,0.0,0.0,0.0,0.0,2025-09-20 20:16:35.908,13.237222222222
Yeast Grow 4 Days,pioreactor02,2025-09-20T18:16:58.908Z,24.53958,0.0,0.0,0.0,0.0,2025-09-20 20:16:58.908,13.243611111111
Yeast Grow 4 Days,pioreactor02,2025-09-20T18:17:21.908Z,24.53858,0.0,0.0,0.0,0.0,2025-09-20 20:17:21.908,13.25
Yeast Grow 4 Days,pioreactor02,2025-09-20T18:17:36.609Z,24.53858,0.0,0.0,0.0,85.07,2025-09-20 20:17:36.609,13.254166666667
Yeast Grow 4 Days,pioreactor02,2025-09-20T18:17:36.657Z,24.53858,0.0,0.0,0.0,85.9,2025-09-20 20:17:36.657,13.254166666667
Yeast Grow 4 Days,pioreactor02,2025-09-20T18:17:44.908Z,24.54458,0.0,0.0,0.0,85.9,2025-09-20 20:17:44.908,13.256388888889
Yeast Grow 4 Days,pioreactor02,2025-09-20T18:18:07.908Z,24.55408,0.0,0.0,0.0,85.9,2025-09-20 20:18:07.908,13.262777777778
Yeast Grow 4 Days,pioreactor02,2025-09-20T18:18:30.908Z,24.52758,0.0,0.0,0.0,85.9,2025-09-20 20:18:30.908,13.269166666667
Yeast Grow 4 Days,pioreactor02,2025-09-20T18:18:53.908Z,24.57008,0.0,0.0,0.0,85.9,2025-09-20 20:18:53.908,13.275555555556
Yeast Grow 4 Days,pioreactor02,2025-09-20T18:19:05.183Z,24.57008,0.0,0.0,0.0,0.0,2025-09-20 20:19:05.183,13.278888888889
Yeast Grow 4 Days,pioreactor02,2025-09-20T18:19:16.908Z,24.52708,0.0,0.0,0.0,0.0,2025-09-20 20:19:16.908,13.281944444444
Yeast Grow 4 Days,pioreactor02,2025-09-20T18:19:39.908Z,24.49408,0.0,0.0,0.0,0.0,2025-09-20 20:19:39.908,13.288333333333
Yeast Grow 4 Days,pioreactor02,2025-09-20T18:20:02.908Z,24.49158,0.0,0.0,0.0,0.0,2025-09-20 20:20:02.908,13.294722222222
Yeast Grow 4 Days,pioreactor02,2025-09-20T18:20:25.908Z,24.44908,0.0,0.0,0.0,0.0,2025-09-20 20:20:25.908,13.301111111111
Yeast Grow 4 Days,pioreactor02,2025-09-20T18:20:48.908Z,24.45058,0.0,0.0,0.0,0.0,2025-09-20 20:20:48.908,13.3075
Yeast Grow 4 Days,pioreactor02,2025-09-20T18:20:56.609Z,24.45058,0.0,0.0,0.0,85.9,2025-09-20 20:20:56.609,13.309722222222
Yeast Grow 4 Days,pioreactor02,2025-09-20T18:20:56.652Z,24.45058,0.0,0.0,0.0,87.81,2025-09-20 20:20:56.652,13.309722222222
Yeast Grow 4 Days,pioreactor02,2025-09-20T18:21:11.908Z,24.50908,0.0,0.0,0.0,87.81,2025-09-20 20:21:11.908,13.313888888889
Yeast Grow 4 Days,pioreactor02,2025-09-20T18:21:34.908Z,24.54258,0.0,0.0,0.0,87.81,2025-09-20 20:21:34.908,13.320277777778
Yeast Grow 4 Days,pioreactor02,2025-09-20T18:21:57.908Z,24.60008,0.0,0.0,0.0,87.81,2025-09-20 20:21:57.908,13.326666666667
Yeast Grow 4 Days,pioreactor02,2025-09-20T18:22:20.908Z,24.59258,0.0,0.0,0.0,87.81,2025-09-20 20:22:20.908,13.333055555556
Yeast Grow 4 Days,pioreactor02,2025-09-20T18:22:25.183Z,24.59258,0.0,0.0,0.0,0.0,2025-09-20 20:22:25.183,13.334444444444
Yeast Grow 4 Days,pioreactor02,2025-09-20T18:22:43.908Z,24.56658,0.0,0.0,0.0,0.0,2025-09-20 20:22:43.908,13.339444444444
Yeast Grow 4 Days,pioreactor02,2025-09-20T18:23:06.908Z,24.50558,0.0,0.0,0.0,0.0,2025-09-20 20:23:06.908,13.345833333333
Yeast Grow 4 Days,pioreactor02,2025-09-20T18:23:29.908Z,24.50458,0.0,0.0,0.0,0.0,2025-09-20 20:23:29.908,13.352222222222
Yeast Grow 4 Days,pioreactor02,2025-09-20T18:23:52.908Z,24.51208,0.0,0.0,0.0,0.0,2025-09-20 20:23:52.908,13.358611111111
Yeast Grow 4 Days,pioreactor02,2025-09-20T18:24:15.908Z,24.49308,0.0,0.0,0.0,0.0,2025-09-20 20:24:15.908,13.365
Yeast Grow 4 Days,pioreactor02,2025-09-20T18:24:16.609Z,24.49308,0.0,0.0,0.0,87.81,2025-09-20 20:24:16.609,13.365277777778
Yeast Grow 4 Days,pioreactor02,2025-09-20T18:24:16.652Z,24.49308,0.0,0.0,0.0,88.83,2025-09-20 20:24:16.652,13.365277777778
Yeast Grow 4 Days,pioreactor02,2025-09-20T18:24:38.908Z,24.51808,0.0,0.0,0.0,88.83,2025-09-20 20:24:38.908,13.371388888889
Yeast Grow 4 Days,pioreactor02,2025-09-20T18:25:01.908Z,24.50808,0.0,0.0,0.0,88.83,2025-09-20 20:25:01.908,13.377777777778
Yeast Grow 4 Days,pioreactor02,2025-09-20T18:25:24.908Z,24.49608,0.0,0.0,0.0,88.83,2025-09-20 20:25:24.908,13.384166666667
Yeast Grow 4 Days,pioreactor02,2025-09-20T18:25:45.183Z,24.49608,0.0,0.0,0.0,0.0,2025-09-20 20:25:45.183,13.39
Yeast Grow 4 Days,pioreactor02,2025-09-20T18:25:47.908Z,24.50508,0.0,0.0,0.0,0.0,2025-09-20 20:25:47.908,13.390555555556
Yeast Grow 4 Days,pioreactor02,2025-09-20T18:26:10.908Z,24.47258,0.0,0.0,0.0,0.0,2025-09-20 20:26:10.908,13.396944444444
Yeast Grow 4 Days,pioreactor02,2025-09-20T18:26:33.908Z,24.45008,0.0,0.0,0.0,0.0,2025-09-20 20:26:33.908,13.403333333333
Yeast Grow 4 Days,pioreactor02,2025-09-20T18:26:56.908Z,24.42558,0.0,0.0,0.0,0.0,2025-09-20 20:26:56.908,13.409722222222
Yeast Grow 4 Days,pioreactor02,2025-09-20T18:27:19.908Z,24.43508,0.0,0.0,0.0,0.0,2025-09-20 20:27:19.908,13.416111111111
Yeast Grow 4 Days,pioreactor02,2025-09-20T18:27:36.609Z,24.43508,0.0,0.0,0.0,88.83,2025-09-20 20:27:36.609,13.420833333333
Yeast Grow 4 Days,pioreactor02,2025-09-20T18:27:36.653Z,24.43508,0.0,0.0,0.0,88.56,2025-09-20 20:27:36.653,13.420833333333
Yeast Grow 4 Days,pioreactor02,2025-09-20T18:27:42.908Z,24.52258,0.0,0.0,0.0,88.56,2025-09-20 20:27:42.908,13.4225
Yeast Grow 4 Days,pioreactor02,2025-09-20T18:28:05.912Z,24.53158,0.0,0.0,0.0,88.56,2025-09-20 20:28:05.912,13.428888888889
Yeast Grow 4 Days,pioreactor02,2025-09-20T18:28:28.908Z,24.59108,0.0,0.0,0.0,88.56,2025-09-20 20:28:28.908,13.435277777778
Yeast Grow 4 Days,pioreactor02,2025-09-20T18:28:51.908Z,24.58908,0.0,0.0,0.0,88.56,2025-09-20 20:28:51.908,13.441666666667
Yeast Grow 4 Days,pioreactor02,2025-09-20T18:29:05.183Z,24.58908,0.0,0.0,0.0,0.0,2025-09-20 20:29:05.183,13.445555555556
Yeast Grow 4 Days,pioreactor02,2025-09-20T18:29:14.908Z,24.52308,0.0,0.0,0.0,0.0,2025-09-20 20:29:14.908,13.448055555556
Yeast Grow 4 Days,pioreactor02,2025-09-20T18:29:37.912Z,24.49008,0.0,0.0,0.0,0.0,2025-09-20 20:29:37.912,13.454444444444
Yeast Grow 4 Days,pioreactor02,2025-09-20T18:30:00.908Z,24.46758,0.0,0.0,0.0,0.0,2025-09-20 20:30:00.908,13.460833333333
Yeast Grow 4 Days,pioreactor02,2025-09-20T18:30:23.908Z,24.44758,0.0,0.0,0.0,0.0,2025-09-20 20:30:23.908,13.467222222222
Yeast Grow 4 Days,pioreactor02,2025-09-20T18:30:46.908Z,24.67808,0.0,0.0,0.0,0.0,2025-09-20 20:30:46.908,13.473611111111
Yeast Grow 4 Days,pioreactor02,2025-09-20T18:30:56.608Z,24.67808,0.0,0.0,0.0,88.56,2025-09-20 20:30:56.608,13.476388888889
Yeast Grow 4 Days,pioreactor02,2025-09-20T18:30:56.652Z,24.67808,0.0,0.0,0.0,88.45,2025-09-20 20:30:56.652,13.476388888889
Yeast Grow 4 Days,pioreactor02,2025-09-20T18:31:09.912Z,25.02758,0.0,0.0,0.0,88.45,2025-09-20 20:31:09.912,13.48
Yeast Grow 4 Days,pioreactor02,2025-09-20T18:31:32.908Z,24.95958,0.0,0.0,0.0,88.45,2025-09-20 20:31:32.908,13.486388888889
Yeast Grow 4 Days,pioreactor02,2025-09-20T18:31:55.908Z,24.90308,0.0,0.0,0.0,88.45,2025-09-20 20:31:55.908,13.492777777778
Yeast Grow 4 Days,pioreactor02,2025-09-20T18:32:18.908Z,24.81808,0.0,0.0,0.0,88.45,2025-09-20 20:32:18.908,13.499166666667
Yeast Grow 4 Days,pioreactor02,2025-09-20T18:32:25.183Z,24.81808,0.0,0.0,0.0,0.0,2025-09-20 20:32:25.183,13.501111111111
Yeast Grow 4 Days,pioreactor02,2025-09-20T18:32:41.908Z,24.70758,0.0,0.0,0.0,0.0,2025-09-20 20:32:41.908,13.505555555556
Yeast Grow 4 Days,pioreactor02,2025-09-20T18:33:04.908Z,24.62608,0.0,0.0,0.0,0.0,2025-09-20 20:33:04.908,13.511944444444
Yeast Grow 4 Days,pioreactor02,2025-09-20T18:33:27.908Z,24.55008,0.0,0.0,0.0,0.0,2025-09-20 20:33:27.908,13.518333333333
Yeast Grow 4 Days,pioreactor02,2025-09-20T18:33:50.908Z,24.53358,0.0,0.0,0.0,0.0,2025-09-20 20:33:50.908,13.524722222222
Yeast Grow 4 Days,pioreactor02,2025-09-20T18:34:13.908Z,24.54908,0.0,0.0,0.0,0.0,2025-09-20 20:34:13.908,13.531111111111
Yeast Grow 4 Days,pioreactor02,2025-09-20T18:34:16.609Z,24.54908,0.0,0.0,0.0,88.45,2025-09-20 20:34:16.609,13.531944444444
Yeast Grow 4 Days,pioreactor02,2025-09-20T18:34:16.653Z,24.54908,0.0,0.0,0.0,88.06,2025-09-20 20:34:16.653,13.531944444444
Yeast Grow 4 Days,pioreactor02,2025-09-20T18:34:36.908Z,24.53008,0.0,0.0,0.0,88.06,2025-09-20 20:34:36.908,13.5375
Yeast Grow 4 Days,pioreactor02,2025-09-20T18:34:59.908Z,24.55508,0.0,0.0,0.0,88.06,2025-09-20 20:34:59.908,13.543888888889
Yeast Grow 4 Days,pioreactor02,2025-09-20T18:35:22.908Z,24.52108,0.0,0.0,0.0,88.06,2025-09-20 20:35:22.908,13.550277777778
Yeast Grow 4 Days,pioreactor02,2025-09-20T18:35:45.183Z,24.52108,0.0,0.0,0.0,0.0,2025-09-20 20:35:45.183,13.556666666667
Yeast Grow 4 Days,pioreactor02,2025-09-20T18:35:45.908Z,24.53558,0.0,0.0,0.0,0.0,2025-09-20 20:35:45.908,13.556666666667
Yeast Grow 4 Days,pioreactor02,2025-09-20T18:36:08.908Z,24.46608,0.0,0.0,0.0,0.0,2025-09-20 20:36:08.908,13.563055555556
Yeast Grow 4 Days,pioreactor02,2025-09-20T18:36:31.912Z,24.47358,0.0,0.0,0.0,0.0,2025-09-20 20:36:31.912,13.569444444444
Yeast Grow 4 Days,pioreactor02,2025-09-20T18:36:54.908Z,24.85508,0.0,0.0,0.0,0.0,2025-09-20 20:36:54.908,13.575833333333
Yeast Grow 4 Days,pioreactor02,2025-09-20T18:37:17.908Z,24.73308,0.0,0.0,0.0,0.0,2025-09-20 20:37:17.908,13.582222222222
Yeast Grow 4 Days,pioreactor02,2025-09-20T18:37:36.610Z,24.73308,0.0,0.0,0.0,88.06,2025-09-20 20:37:36.610,13.5875
Yeast Grow 4 Days,pioreactor02,2025-09-20T18:37:36.653Z,24.73308,0.0,0.0,0.0,87.01,2025-09-20 20:37:36.653,13.5875
Yeast Grow 4 Days,pioreactor02,2025-09-20T18:37:40.908Z,24.73008,0.0,0.0,0.0,87.01,2025-09-20 20:37:40.908,13.588611111111
Yeast Grow 4 Days,pioreactor02,2025-09-20T18:38:03.908Z,24.69858,0.0,0.0,0.0,87.01,2025-09-20 20:38:03.908,13.595
Yeast Grow 4 Days,pioreactor02,2025-09-20T18:38:26.908Z,24.66558,0.0,0.0,0.0,87.01,2025-09-20 20:38:26.908,13.601388888889
Yeast Grow 4 Days,pioreactor02,2025-09-20T18:38:49.908Z,24.67408,0.0,0.0,0.0,87.01,2025-09-20 20:38:49.908,13.607777777778
Yeast Grow 4 Days,pioreactor02,2025-09-20T18:39:05.183Z,24.67408,0.0,0.0,0.0,0.0,2025-09-20 20:39:05.183,13.612222222222
Yeast Grow 4 Days,pioreactor02,2025-09-20T18:39:12.908Z,24.61108,0.0,0.0,0.0,0.0,2025-09-20 20:39:12.908,13.614166666667
Yeast Grow 4 Days,pioreactor02,2025-09-20T18:39:35.912Z,24.55008,0.0,0.0,0.0,0.0,2025-09-20 20:39:35.912,13.620555555556
Yeast Grow 4 Days,pioreactor02,2025-09-20T18:39:58.908Z,24.50158,0.0,0.0,0.0,0.0,2025-09-20 20:39:58.908,13.626944444444
Yeast Grow 4 Days,pioreactor02,2025-09-20T18:40:21.908Z,24.49658,0.0,0.0,0.0,0.0,2025-09-20 20:40:21.908,13.633333333333
Yeast Grow 4 Days,pioreactor02,2025-09-20T18:40:44.908Z,24.45908,0.0,0.0,0.0,0.0,2025-09-20 20:40:44.908,13.639722222222
Yeast Grow 4 Days,pioreactor02,2025-09-20T18:40:56.609Z,24.45908,0.0,0.0,0.0,87.01,2025-09-20 20:40:56.609,13.643055555556
Yeast Grow 4 Days,pioreactor02,2025-09-20T18:40:56.652Z,24.45908,0.0,0.0,0.0,86.5,2025-09-20 20:40:56.652,13.643055555556
Yeast Grow 4 Days,pioreactor02,2025-09-20T18:41:07.908Z,24.53008,0.0,0.0,0.0,86.5,2025-09-20 20:41:07.908,13.646111111111
Yeast Grow 4 Days,pioreactor02,2025-09-20T18:41:30.908Z,24.52908,0.0,0.0,0.0,86.5,2025-09-20 20:41:30.908,13.6525
Yeast Grow 4 Days,pioreactor02,2025-09-20T18:41:53.908Z,24.51108,0.0,0.0,0.0,86.5,2025-09-20 20:41:53.908,13.658888888889
Yeast Grow 4 Days,pioreactor02,2025-09-20T18:42:16.908Z,24.57808,0.0,0.0,0.0,86.5,2025-09-20 20:42:16.908,13.665277777778
Yeast Grow 4 Days,pioreactor02,2025-09-20T18:42:25.183Z,24.57808,0.0,0.0,0.0,0.0,2025-09-20 20:42:25.183,13.667777777778
Yeast Grow 4 Days,pioreactor02,2025-09-20T18:42:39.908Z,24.50808,0.0,0.0,0.0,0.0,2025-09-20 20:42:39.908,13.671666666667
Yeast Grow 4 Days,pioreactor02,2025-09-20T18:43:02.908Z,24.44558,0.0,0.0,0.0,0.0,2025-09-20 20:43:02.908,13.678055555556
Yeast Grow 4 Days,pioreactor02,2025-09-20T18:43:25.908Z,24.47408,0.0,0.0,0.0,0.0,2025-09-20 20:43:25.908,13.684444444444
Yeast Grow 4 Days,pioreactor02,2025-09-20T18:43:48.908Z,24.38808,0.0,0.0,0.0,0.0,2025-09-20 20:43:48.908,13.690833333333
Yeast Grow 4 Days,pioreactor02,2025-09-20T18:44:11.908Z,24.38158,0.0,0.0,0.0,0.0,2025-09-20 20:44:11.908,13.697222222222
Yeast Grow 4 Days,pioreactor02,2025-09-20T18:44:16.608Z,24.38158,0.0,0.0,0.0,86.5,2025-09-20 20:44:16.608,13.698611111111
Yeast Grow 4 Days,pioreactor02,2025-09-20T18:44:16.652Z,24.38158,0.0,0.0,0.0,85.65,2025-09-20 20:44:16.652,13.698611111111
Yeast Grow 4 Days,pioreactor02,2025-09-20T18:44:34.908Z,24.35408,0.0,0.0,0.0,85.65,2025-09-20 20:44:34.908,13.703611111111
Yeast Grow 4 Days,pioreactor02,2025-09-20T18:44:57.908Z,24.75058,0.0,0.0,0.0,85.65,2025-09-20 20:44:57.908,13.71
Yeast Grow 4 Days,pioreactor02,2025-09-20T18:45:20.908Z,25.04808,0.0,0.0,0.0,85.65,2025-09-20 20:45:20.908,13.716388888889
Yeast Grow 4 Days,pioreactor02,2025-09-20T18:45:43.908Z,24.92558,0.0,0.0,0.0,85.65,2025-09-20 20:45:43.908,13.722777777778
Yeast Grow 4 Days,pioreactor02,2025-09-20T18:45:45.183Z,24.92558,0.0,0.0,0.0,0.0,2025-09-20 20:45:45.183,13.723333333333
Yeast Grow 4 Days,pioreactor02,2025-09-20T18:46:06.908Z,24.81358,0.0,0.0,0.0,0.0,2025-09-20 20:46:06.908,13.729166666667
Yeast Grow 4 Days,pioreactor02,2025-09-20T18:46:29.908Z,24.76408,0.0,0.0,0.0,0.0,2025-09-20 20:46:29.908,13.735555555556
Yeast Grow 4 Days,pioreactor02,2025-09-20T18:46:52.908Z,24.71108,0.0,0.0,0.0,0.0,2025-09-20 20:46:52.908,13.741944444444
Yeast Grow 4 Days,pioreactor02,2025-09-20T18:47:15.908Z,24.59658,0.0,0.0,0.0,0.0,2025-09-20 20:47:15.908,13.748333333333
Yeast Grow 4 Days,pioreactor02,2025-09-20T18:47:36.609Z,24.59658,0.0,0.0,0.0,85.65,2025-09-20 20:47:36.609,13.754166666667
Yeast Grow 4 Days,pioreactor02,2025-09-20T18:47:36.652Z,24.59658,0.0,0.0,0.0,85.15,2025-09-20 20:47:36.652,13.754166666667
Yeast Grow 4 Days,pioreactor02,2025-09-20T18:47:38.908Z,24.64508,0.0,0.0,0.0,85.15,2025-09-20 20:47:38.908,13.754722222222
Yeast Grow 4 Days,pioreactor02,2025-09-20T18:48:01.908Z,24.62108,0.0,0.0,0.0,85.15,2025-09-20 20:48:01.908,13.761111111111
Yeast Grow 4 Days,pioreactor02,2025-09-20T18:48:24.908Z,24.56908,0.0,0.0,0.0,85.15,2025-09-20 20:48:24.908,13.7675
Yeast Grow 4 Days,pioreactor02,2025-09-20T18:48:47.908Z,24.57608,0.0,0.0,0.0,85.15,2025-09-20 20:48:47.908,13.773888888889
Yeast Grow 4 Days,pioreactor02,2025-09-20T18:49:05.183Z,24.57608,0.0,0.0,0.0,0.0,2025-09-20 20:49:05.183,13.778888888889
Yeast Grow 4 Days,pioreactor02,2025-09-20T18:49:10.908Z,24.61308,0.0,0.0,0.0,0.0,2025-09-20 20:49:10.908,13.780277777778
Yeast Grow 4 Days,pioreactor02,2025-09-20T18:49:33.908Z,24.53708,0.0,0.0,0.0,0.0,2025-09-20 20:49:33.908,13.786666666667
Yeast Grow 4 Days,pioreactor02,2025-09-20T18:49:56.908Z,24.45958,0.0,0.0,0.0,0.0,2025-09-20 20:49:56.908,13.793055555556
Yeast Grow 4 Days,pioreactor02,2025-09-20T18:50:19.908Z,24.42458,0.0,0.0,0.0,0.0,2025-09-20 20:50:19.908,13.799444444444
Yeast Grow 4 Days,pioreactor02,2025-09-20T18:50:42.908Z,24.46058,0.0,0.0,0.0,0.0,2025-09-20 20:50:42.908,13.805833333333
Yeast Grow 4 Days,pioreactor02,2025-09-20T18:50:56.610Z,24.46058,0.0,0.0,0.0,85.15,2025-09-20 20:50:56.610,13.809722222222
Yeast Grow 4 Days,pioreactor02,2025-09-20T18:50:56.652Z,24.46058,0.0,0.0,0.0,84.32,2025-09-20 20:50:56.652,13.809722222222
Yeast Grow 4 Days,pioreactor02,2025-09-20T18:51:05.912Z,24.46708,0.0,0.0,0.0,84.32,2025-09-20 20:51:05.912,13.812222222222
Yeast Grow 4 Days,pioreactor02,2025-09-20T18:51:28.908Z,24.53358,0.0,0.0,0.0,84.32,2025-09-20 20:51:28.908,13.818611111111
Yeast Grow 4 Days,pioreactor02,2025-09-20T18:51:51.908Z,24.48408,0.0,0.0,0.0,84.32,2025-09-20 20:51:51.908,13.825
Yeast Grow 4 Days,pioreactor02,2025-09-20T18:52:14.908Z,24.49808,0.0,0.0,0.0,84.32,2025-09-20 20:52:14.908,13.831388888889
Yeast Grow 4 Days,pioreactor02,2025-09-20T18:52:25.183Z,24.49808,0.0,0.0,0.0,0.0,2025-09-20 20:52:25.183,13.834444444444
Yeast Grow 4 Days,pioreactor02,2025-09-20T18:52:37.908Z,24.50308,0.0,0.0,0.0,0.0,2025-09-20 20:52:37.908,13.837777777778
Yeast Grow 4 Days,pioreactor02,2025-09-20T18:53:00.908Z,24.51758,0.0,0.0,0.0,0.0,2025-09-20 20:53:00.908,13.844166666667
Yeast Grow 4 Days,pioreactor02,2025-09-20T18:53:23.908Z,24.51258,0.0,0.0,0.0,0.0,2025-09-20 20:53:23.908,13.850555555556
Yeast Grow 4 Days,pioreactor02,2025-09-20T18:53:46.908Z,24.48008,0.0,0.0,0.0,0.0,2025-09-20 20:53:46.908,13.856944444444
Yeast Grow 4 Days,pioreactor02,2025-09-20T18:54:09.908Z,24.53258,0.0,0.0,0.0,0.0,2025-09-20 20:54:09.908,13.863333333333
Yeast Grow 4 Days,pioreactor02,2025-09-20T18:54:16.610Z,24.53258,0.0,0.0,0.0,84.32,2025-09-20 20:54:16.610,13.865277777778
Yeast Grow 4 Days,pioreactor02,2025-09-20T18:54:16.652Z,24.53258,0.0,0.0,0.0,84.1,2025-09-20 20:54:16.652,13.865277777778
Yeast Grow 4 Days,pioreactor02,2025-09-20T18:54:32.908Z,24.53258,0.0,0.0,0.0,84.1,2025-09-20 20:54:32.908,13.869722222222
Yeast Grow 4 Days,pioreactor02,2025-09-20T18:54:55.908Z,24.54458,0.0,0.0,0.0,84.1,2025-09-20 20:54:55.908,13.876111111111
Yeast Grow 4 Days,pioreactor02,2025-09-20T18:55:18.908Z,24.57208,0.0,0.0,0.0,84.1,2025-09-20 20:55:18.908,13.8825
Yeast Grow 4 Days,pioreactor02,2025-09-20T18:55:41.908Z,24.59708,0.0,0.0,0.0,84.1,2025-09-20 20:55:41.908,13.888888888889
Yeast Grow 4 Days,pioreactor02,2025-09-20T18:55:45.183Z,24.59708,0.0,0.0,0.0,0.0,2025-09-20 20:55:45.183,13.89
Yeast Grow 4 Days,pioreactor02,2025-09-20T18:56:04.908Z,24.56908,0.0,0.0,0.0,0.0,2025-09-20 20:56:04.908,13.895277777778
Yeast Grow 4 Days,pioreactor02,2025-09-20T18:56:27.908Z,24.69358,0.0,0.0,0.0,0.0,2025-09-20 20:56:27.908,13.901666666667
Yeast Grow 4 Days,pioreactor02,2025-09-20T18:56:50.908Z,24.58708,0.0,0.0,0.0,0.0,2025-09-20 20:56:50.908,13.908055555556
Yeast Grow 4 Days,pioreactor02,2025-09-20T18:57:13.908Z,24.58858,0.0,0.0,0.0,0.0,2025-09-20 20:57:13.908,13.914444444444
Yeast Grow 4 Days,pioreactor02,2025-09-20T18:57:36.610Z,24.58858,0.0,0.0,0.0,84.1,2025-09-20 20:57:36.610,13.920833333333
Yeast Grow 4 Days,pioreactor02,2025-09-20T18:57:36.652Z,24.58858,0.0,0.0,0.0,85.26,2025-09-20 20:57:36.652,13.920833333333
Yeast Grow 4 Days,pioreactor02,2025-09-20T18:57:36.908Z,24.58008,0.0,0.0,0.0,85.26,2025-09-20 20:57:36.908,13.920833333333
Yeast Grow 4 Days,pioreactor02,2025-09-20T18:57:59.908Z,24.59058,0.0,0.0,0.0,85.26,2025-09-20 20:57:59.908,13.927222222222
Yeast Grow 4 Days,pioreactor02,2025-09-20T18:58:22.908Z,24.57458,0.0,0.0,0.0,85.26,2025-09-20 20:58:22.908,13.933611111111
Yeast Grow 4 Days,pioreactor02,2025-09-20T18:58:45.912Z,24.60958,0.0,0.0,0.0,85.26,2025-09-20 20:58:45.912,13.94
Yeast Grow 4 Days,pioreactor02,2025-09-20T18:59:05.183Z,24.60958,0.0,0.0,0.0,0.0,2025-09-20 20:59:05.183,13.945555555556
Yeast Grow 4 Days,pioreactor02,2025-09-20T18:59:08.908Z,24.57208,0.0,0.0,0.0,0.0,2025-09-20 20:59:08.908,13.946388888889
Yeast Grow 4 Days,pioreactor02,2025-09-20T18:59:31.908Z,24.56508,0.0,0.0,0.0,0.0,2025-09-20 20:59:31.908,13.952777777778
Yeast Grow 4 Days,pioreactor02,2025-09-20T18:59:54.908Z,24.50158,0.0,0.0,0.0,0.0,2025-09-20 20:59:54.908,13.959166666667
Yeast Grow 4 Days,pioreactor02,2025-09-20T19:00:17.908Z,24.49608,0.0,0.0,0.0,0.0,2025-09-20 21:00:17.908,13.965555555556
Yeast Grow 4 Days,pioreactor02,2025-09-20T19:00:40.908Z,24.47908,0.0,0.0,0.0,0.0,2025-09-20 21:00:40.908,13.971944444444
Yeast Grow 4 Days,pioreactor02,2025-09-20T19:00:56.610Z,24.47908,0.0,0.0,0.0,85.26,2025-09-20 21:00:56.610,13.976388888889
Yeast Grow 4 Days,pioreactor02,2025-09-20T19:00:56.652Z,24.47908,0.0,0.0,0.0,85.94,2025-09-20 21:00:56.652,13.976388888889
Yeast Grow 4 Days,pioreactor02,2025-09-20T19:01:03.908Z,24.47808,0.0,0.0,0.0,85.94,2025-09-20 21:01:03.908,13.978333333333
Yeast Grow 4 Days,pioreactor02,2025-09-20T19:01:26.908Z,24.68508,0.0,0.0,0.0,85.94,2025-09-20 21:01:26.908,13.984722222222
Yeast Grow 4 Days,pioreactor02,2025-09-20T19:01:49.908Z,24.64908,0.0,0.0,0.0,85.94,2025-09-20 21:01:49.908,13.991111111111
Yeast Grow 4 Days,pioreactor02,2025-09-20T19:02:12.908Z,24.64708,0.0,0.0,0.0,85.94,2025-09-20 21:02:12.908,13.9975
Yeast Grow 4 Days,pioreactor02,2025-09-20T19:02:25.183Z,24.64708,0.0,0.0,0.0,0.0,2025-09-20 21:02:25.183,14.001111111111
Yeast Grow 4 Days,pioreactor02,2025-09-20T19:02:35.908Z,24.57458,0.0,0.0,0.0,0.0,2025-09-20 21:02:35.908,14.003888888889
Yeast Grow 4 Days,pioreactor02,2025-09-20T19:02:58.908Z,24.48408,0.0,0.0,0.0,0.0,2025-09-20 21:02:58.908,14.010277777778
Yeast Grow 4 Days,pioreactor02,2025-09-20T19:03:21.908Z,24.47008,0.0,0.0,0.0,0.0,2025-09-20 21:03:21.908,14.016666666667
Yeast Grow 4 Days,pioreactor02,2025-09-20T19:03:44.908Z,24.49808,0.0,0.0,0.0,0.0,2025-09-20 21:03:44.908,14.023055555556
Yeast Grow 4 Days,pioreactor02,2025-09-20T19:04:07.908Z,24.40908,0.0,0.0,0.0,0.0,2025-09-20 21:04:07.908,14.029444444444
Yeast Grow 4 Days,pioreactor02,2025-09-20T19:04:16.609Z,24.40908,0.0,0.0,0.0,85.94,2025-09-20 21:04:16.609,14.031944444444
Yeast Grow 4 Days,pioreactor02,2025-09-20T19:04:16.652Z,24.40908,0.0,0.0,0.0,86.83,2025-09-20 21:04:16.652,14.031944444444
Yeast Grow 4 Days,pioreactor02,2025-09-20T19:04:30.908Z,24.45358,0.0,0.0,0.0,86.83,2025-09-20 21:04:30.908,14.035833333333
Yeast Grow 4 Days,pioreactor02,2025-09-20T19:04:53.908Z,24.45208,0.0,0.0,0.0,86.83,2025-09-20 21:04:53.908,14.042222222222
Yeast Grow 4 Days,pioreactor02,2025-09-20T19:05:16.908Z,24.47958,0.0,0.0,0.0,86.83,2025-09-20 21:05:16.908,14.048611111111
Yeast Grow 4 Days,pioreactor02,2025-09-20T19:05:39.908Z,24.51308,0.0,0.0,0.0,86.83,2025-09-20 21:05:39.908,14.055
Yeast Grow 4 Days,pioreactor02,2025-09-20T19:05:45.183Z,24.51308,0.0,0.0,0.0,0.0,2025-09-20 21:05:45.183,14.056666666667
Yeast Grow 4 Days,pioreactor02,2025-09-20T19:06:02.908Z,24.47108,0.0,0.0,0.0,0.0,2025-09-20 21:06:02.908,14.061388888889
Yeast Grow 4 Days,pioreactor02,2025-09-20T19:06:25.908Z,24.40658,0.0,0.0,0.0,0.0,2025-09-20 21:06:25.908,14.067777777778
Yeast Grow 4 Days,pioreactor02,2025-09-20T19:06:48.908Z,24.35908,0.0,0.0,0.0,0.0,2025-09-20 21:06:48.908,14.074166666667
Yeast Grow 4 Days,pioreactor02,2025-09-20T19:07:11.908Z,24.31908,0.0,0.0,0.0,0.0,2025-09-20 21:07:11.908,14.080555555556
Yeast Grow 4 Days,pioreactor02,2025-09-20T19:07:34.908Z,24.32008,0.0,0.0,0.0,0.0,2025-09-20 21:07:34.908,14.086944444444
Yeast Grow 4 Days,pioreactor02,2025-09-20T19:07:36.609Z,24.32008,0.0,0.0,0.0,86.83,2025-09-20 21:07:36.609,14.0875
Yeast Grow 4 Days,pioreactor02,2025-09-20T19:07:36.653Z,24.32008,0.0,0.0,0.0,87.21,2025-09-20 21:07:36.653,14.0875
Yeast Grow 4 Days,pioreactor02,2025-09-20T19:07:57.908Z,24.35258,0.0,0.0,0.0,87.21,2025-09-20 21:07:57.908,14.093333333333
Yeast Grow 4 Days,pioreactor02,2025-09-20T19:08:20.908Z,24.35308,0.0,0.0,0.0,87.21,2025-09-20 21:08:20.908,14.099722222222
Yeast Grow 4 Days,pioreactor02,2025-09-20T19:08:43.908Z,24.35358,0.0,0.0,0.0,87.21,2025-09-20 21:08:43.908,14.106111111111
Yeast Grow 4 Days,pioreactor02,2025-09-20T19:09:05.183Z,24.35358,0.0,0.0,0.0,0.0,2025-09-20 21:09:05.183,14.112222222222
Yeast Grow 4 Days,pioreactor02,2025-09-20T19:09:06.908Z,24.33158,0.0,0.0,0.0,0.0,2025-09-20 21:09:06.908,14.1125
Yeast Grow 4 Days,pioreactor02,2025-09-20T19:09:29.908Z,24.33208,0.0,0.0,0.0,0.0,2025-09-20 21:09:29.908,14.118888888889
Yeast Grow 4 Days,pioreactor02,2025-09-20T19:09:52.908Z,24.41308,0.0,0.0,0.0,0.0,2025-09-20 21:09:52.908,14.125277777778
Yeast Grow 4 Days,pioreactor02,2025-09-20T19:10:15.908Z,24.34258,0.0,0.0,0.0,0.0,2025-09-20 21:10:15.908,14.131666666667
Yeast Grow 4 Days,pioreactor02,2025-09-20T19:10:38.908Z,24.34758,0.0,0.0,0.0,0.0,2025-09-20 21:10:38.908,14.138055555556
Yeast Grow 4 Days,pioreactor02,2025-09-20T19:10:56.609Z,24.34758,0.0,0.0,0.0,87.21,2025-09-20 21:10:56.609,14.143055555556
Yeast Grow 4 Days,pioreactor02,2025-09-20T19:10:56.652Z,24.34758,0.0,0.0,0.0,87.1,2025-09-20 21:10:56.652,14.143055555556
Yeast Grow 4 Days,pioreactor02,2025-09-20T19:11:01.908Z,24.35708,0.0,0.0,0.0,87.1,2025-09-20 21:11:01.908,14.144444444444
Yeast Grow 4 Days,pioreactor02,2025-09-20T19:11:24.908Z,24.41908,0.0,0.0,0.0,87.1,2025-09-20 21:11:24.908,14.150833333333
Yeast Grow 4 Days,pioreactor02,2025-09-20T19:11:47.912Z,24.45058,0.0,0.0,0.0,87.1,2025-09-20 21:11:47.912,14.157222222222
Yeast Grow 4 Days,pioreactor02,2025-09-20T19:12:10.908Z,24.43458,0.0,0.0,0.0,87.1,2025-09-20 21:12:10.908,14.163611111111
Yeast Grow 4 Days,pioreactor02,2025-09-20T19:12:25.183Z,24.43458,0.0,0.0,0.0,0.0,2025-09-20 21:12:25.183,14.167777777778
Yeast Grow 4 Days,pioreactor02,2025-09-20T19:12:33.908Z,24.40958,0.0,0.0,0.0,0.0,2025-09-20 21:12:33.908,14.17
Yeast Grow 4 Days,pioreactor02,2025-09-20T19:12:56.908Z,24.39108,0.0,0.0,0.0,0.0,2025-09-20 21:12:56.908,14.176388888889
Yeast Grow 4 Days,pioreactor02,2025-09-20T19:13:19.908Z,24.36008,0.0,0.0,0.0,0.0,2025-09-20 21:13:19.908,14.182777777778
Yeast Grow 4 Days,pioreactor02,2025-09-20T19:13:42.912Z,24.35058,0.0,0.0,0.0,0.0,2025-09-20 21:13:42.912,14.189166666667
Yeast Grow 4 Days,pioreactor02,2025-09-20T19:14:05.908Z,24.45208,0.0,0.0,0.0,0.0,2025-09-20 21:14:05.908,14.195555555556
Yeast Grow 4 Days,pioreactor02,2025-09-20T19:14:16.610Z,24.45208,0.0,0.0,0.0,87.1,2025-09-20 21:14:16.610,14.198611111111
Yeast Grow 4 Days,pioreactor02,2025-09-20T19:14:16.652Z,24.45208,0.0,0.0,0.0,87.36,2025-09-20 21:14:16.652,14.198611111111
Yeast Grow 4 Days,pioreactor02,2025-09-20T19:14:28.908Z,24.50108,0.0,0.0,0.0,87.36,2025-09-20 21:14:28.908,14.201944444444
Yeast Grow 4 Days,pioreactor02,2025-09-20T19:14:51.908Z,24.87708,0.0,0.0,0.0,87.36,2025-09-20 21:14:51.908,14.208333333333
Yeast Grow 4 Days,pioreactor02,2025-09-20T19:15:14.912Z,24.78458,0.0,0.0,0.0,87.36,2025-09-20 21:15:14.912,14.214722222222
Yeast Grow 4 Days,pioreactor02,2025-09-20T19:15:37.908Z,24.68458,0.0,0.0,0.0,87.36,2025-09-20 21:15:37.908,14.221111111111
Yeast Grow 4 Days,pioreactor02,2025-09-20T19:15:45.184Z,24.68458,0.0,0.0,0.0,0.0,2025-09-20 21:15:45.184,14.223333333333
Yeast Grow 4 Days,pioreactor02,2025-09-20T19:16:00.908Z,24.58608,0.0,0.0,0.0,0.0,2025-09-20 21:16:00.908,14.2275
Yeast Grow 4 Days,pioreactor02,2025-09-20T19:16:23.908Z,24.55558,0.0,0.0,0.0,0.0,2025-09-20 21:16:23.908,14.233888888889
Yeast Grow 4 Days,pioreactor02,2025-09-20T19:16:46.908Z,24.55758,0.0,0.0,0.0,0.0,2025-09-20 21:16:46.908,14.240277777778
Yeast Grow 4 Days,pioreactor02,2025-09-20T19:17:09.908Z,24.51958,0.0,0.0,0.0,0.0,2025-09-20 21:17:09.908,14.246666666667
Yeast Grow 4 Days,pioreactor02,2025-09-20T19:17:32.908Z,24.49508,0.0,0.0,0.0,0.0,2025-09-20 21:17:32.908,14.253055555556
Yeast Grow 4 Days,pioreactor02,2025-09-20T19:17:36.610Z,24.49508,0.0,0.0,0.0,87.36,2025-09-20 21:17:36.610,14.254166666667
Yeast Grow 4 Days,pioreactor02,2025-09-20T19:17:36.652Z,24.49508,0.0,0.0,0.0,87.98,2025-09-20 21:17:36.652,14.254166666667
Yeast Grow 4 Days,pioreactor02,2025-09-20T19:17:55.908Z,24.51208,0.0,0.0,0.0,87.98,2025-09-20 21:17:55.908,14.259444444444
Yeast Grow 4 Days,pioreactor02,2025-09-20T19:18:18.908Z,24.51758,0.0,0.0,0.0,87.98,2025-09-20 21:18:18.908,14.265833333333
Yeast Grow 4 Days,pioreactor02,2025-09-20T19:18:41.908Z,24.54558,0.0,0.0,0.0,87.98,2025-09-20 21:18:41.908,14.272222222222
Yeast Grow 4 Days,pioreactor02,2025-09-20T19:19:04.908Z,24.51058,0.0,0.0,0.0,87.98,2025-09-20 21:19:04.908,14.278611111111
Yeast Grow 4 Days,pioreactor02,2025-09-20T19:19:05.183Z,24.51058,0.0,0.0,0.0,0.0,2025-09-20 21:19:05.183,14.278888888889
Yeast Grow 4 Days,pioreactor02,2025-09-20T19:19:27.908Z,24.41758,0.0,0.0,0.0,0.0,2025-09-20 21:19:27.908,14.285
Yeast Grow 4 Days,pioreactor02,2025-09-20T19:19:50.908Z,24.40858,0.0,0.0,0.0,0.0,2025-09-20 21:19:50.908,14.291388888889
Yeast Grow 4 Days,pioreactor02,2025-09-20T19:20:13.908Z,24.37758,0.0,0.0,0.0,0.0,2025-09-20 21:20:13.908,14.297777777778
Yeast Grow 4 Days,pioreactor02,2025-09-20T19:20:36.908Z,24.35758,0.0,0.0,0.0,0.0,2025-09-20 21:20:36.908,14.304166666667
Yeast Grow 4 Days,pioreactor02,2025-09-20T19:20:56.609Z,24.35758,0.0,0.0,0.0,87.98,2025-09-20 21:20:56.609,14.309722222222
Yeast Grow 4 Days,pioreactor02,2025-09-20T19:20:56.652Z,24.35758,0.0,0.0,0.0,87.07,2025-09-20 21:20:56.652,14.309722222222
Yeast Grow 4 Days,pioreactor02,2025-09-20T19:20:59.908Z,24.36808,0.0,0.0,0.0,87.07,2025-09-20 21:20:59.908,14.310555555556
Yeast Grow 4 Days,pioreactor02,2025-09-20T19:21:22.912Z,24.48158,0.0,0.0,0.0,87.07,2025-09-20 21:21:22.912,14.316944444444
Yeast Grow 4 Days,pioreactor02,2025-09-20T19:21:45.908Z,24.44308,0.0,0.0,0.0,87.07,2025-09-20 21:21:45.908,14.323333333333
Yeast Grow 4 Days,pioreactor02,2025-09-20T19:22:08.912Z,24.43708,0.0,0.0,0.0,87.07,2025-09-20 21:22:08.912,14.329722222222
Yeast Grow 4 Days,pioreactor02,2025-09-20T19:22:25.183Z,24.43708,0.0,0.0,0.0,0.0,2025-09-20 21:22:25.183,14.334444444444
Yeast Grow 4 Days,pioreactor02,2025-09-20T19:22:31.908Z,24.42858,0.0,0.0,0.0,0.0,2025-09-20 21:22:31.908,14.336111111111
Yeast Grow 4 Days,pioreactor02,2025-09-20T19:22:54.908Z,24.37708,0.0,0.0,0.0,0.0,2025-09-20 21:22:54.908,14.3425
Yeast Grow 4 Days,pioreactor02,2025-09-20T19:23:17.908Z,24.36358,0.0,0.0,0.0,0.0,2025-09-20 21:23:17.908,14.348888888889
Yeast Grow 4 Days,pioreactor02,2025-09-20T19:23:40.908Z,24.31708,0.0,0.0,0.0,0.0,2025-09-20 21:23:40.908,14.355277777778
Yeast Grow 4 Days,pioreactor02,2025-09-20T19:24:03.908Z,24.33708,0.0,0.0,0.0,0.0,2025-09-20 21:24:03.908,14.361666666667
Yeast Grow 4 Days,pioreactor02,2025-09-20T19:24:16.611Z,24.33708,0.0,0.0,0.0,87.07,2025-09-20 21:24:16.611,14.365277777778
Yeast Grow 4 Days,pioreactor02,2025-09-20T19:24:16.652Z,24.33708,0.0,0.0,0.0,87.14,2025-09-20 21:24:16.652,14.365277777778
Yeast Grow 4 Days,pioreactor02,2025-09-20T19:24:26.908Z,24.71258,0.0,0.0,0.0,87.14,2025-09-20 21:24:26.908,14.368055555556
Yeast Grow 4 Days,pioreactor02,2025-09-20T19:24:49.908Z,25.06358,0.0,0.0,0.0,87.14,2025-09-20 21:24:49.908,14.374444444444
Yeast Grow 4 Days,pioreactor02,2025-09-20T19:25:12.908Z,25.00908,0.0,0.0,0.0,87.14,2025-09-20 21:25:12.908,14.380833333333
Yeast Grow 4 Days,pioreactor02,2025-09-20T19:25:35.908Z,24.91708,0.0,0.0,0.0,87.14,2025-09-20 21:25:35.908,14.387222222222
Yeast Grow 4 Days,pioreactor02,2025-09-20T19:25:45.183Z,24.91708,0.0,0.0,0.0,0.0,2025-09-20 21:25:45.183,14.39
Yeast Grow 4 Days,pioreactor02,2025-09-20T19:25:58.908Z,24.82558,0.0,0.0,0.0,0.0,2025-09-20 21:25:58.908,14.393611111111
Yeast Grow 4 Days,pioreactor02,2025-09-20T19:26:21.908Z,24.69458,0.0,0.0,0.0,0.0,2025-09-20 21:26:21.908,14.4
Yeast Grow 4 Days,pioreactor02,2025-09-20T19:26:44.908Z,24.56658,0.0,0.0,0.0,0.0,2025-09-20 21:26:44.908,14.406388888889
Yeast Grow 4 Days,pioreactor02,2025-09-20T19:27:07.908Z,24.52508,0.0,0.0,0.0,0.0,2025-09-20 21:27:07.908,14.412777777778
Yeast Grow 4 Days,pioreactor02,2025-09-20T19:27:30.908Z,24.55008,0.0,0.0,0.0,0.0,2025-09-20 21:27:30.908,14.419166666667
Yeast Grow 4 Days,pioreactor02,2025-09-20T19:27:36.611Z,24.55008,0.0,0.0,0.0,87.14,2025-09-20 21:27:36.611,14.420833333333
Yeast Grow 4 Days,pioreactor02,2025-09-20T19:27:36.652Z,24.55008,0.0,0.0,0.0,86.61,2025-09-20 21:27:36.652,14.420833333333
Yeast Grow 4 Days,pioreactor02,2025-09-20T19:27:53.908Z,24.52808,0.0,0.0,0.0,86.61,2025-09-20 21:27:53.908,14.425555555556
Yeast Grow 4 Days,pioreactor02,2025-09-20T19:28:16.908Z,24.48158,0.0,0.0,0.0,86.61,2025-09-20 21:28:16.908,14.431944444444
Yeast Grow 4 Days,pioreactor02,2025-09-20T19:28:39.908Z,24.43458,0.0,0.0,0.0,86.61,2025-09-20 21:28:39.908,14.438333333333
Yeast Grow 4 Days,pioreactor02,2025-09-20T19:29:02.908Z,24.42758,0.0,0.0,0.0,86.61,2025-09-20 21:29:02.908,14.444722222222
Yeast Grow 4 Days,pioreactor02,2025-09-20T19:29:05.183Z,24.42758,0.0,0.0,0.0,0.0,2025-09-20 21:29:05.183,14.445555555556
Yeast Grow 4 Days,pioreactor02,2025-09-20T19:29:25.908Z,24.43158,0.0,0.0,0.0,0.0,2025-09-20 21:29:25.908,14.451111111111
Yeast Grow 4 Days,pioreactor02,2025-09-20T19:29:48.908Z,24.46358,0.0,0.0,0.0,0.0,2025-09-20 21:29:48.908,14.4575
Yeast Grow 4 Days,pioreactor02,2025-09-20T19:30:11.908Z,24.43908,0.0,0.0,0.0,0.0,2025-09-20 21:30:11.908,14.463888888889
Yeast Grow 4 Days,pioreactor02,2025-09-20T19:30:34.908Z,24.42408,0.0,0.0,0.0,0.0,2025-09-20 21:30:34.908,14.470277777778
Yeast Grow 4 Days,pioreactor02,2025-09-20T19:30:56.610Z,24.42408,0.0,0.0,0.0,86.61,2025-09-20 21:30:56.610,14.476388888889
Yeast Grow 4 Days,pioreactor02,2025-09-20T19:30:56.656Z,24.42408,0.0,0.0,0.0,85.75,2025-09-20 21:30:56.656,14.476388888889
Yeast Grow 4 Days,pioreactor02,2025-09-20T19:30:57.908Z,24.44608,0.0,0.0,0.0,85.75,2025-09-20 21:30:57.908,14.476666666667
Yeast Grow 4 Days,pioreactor02,2025-09-20T19:31:20.908Z,24.47608,0.0,0.0,0.0,85.75,2025-09-20 21:31:20.908,14.483055555556
Yeast Grow 4 Days,pioreactor02,2025-09-20T19:31:43.908Z,24.45158,0.0,0.0,0.0,85.75,2025-09-20 21:31:43.908,14.489444444444
Yeast Grow 4 Days,pioreactor02,2025-09-20T19:32:06.908Z,24.49658,0.0,0.0,0.0,85.75,2025-09-20 21:32:06.908,14.495833333333
Yeast Grow 4 Days,pioreactor02,2025-09-20T19:32:25.184Z,24.49658,0.0,0.0,0.0,0.0,2025-09-20 21:32:25.184,14.501111111111
Yeast Grow 4 Days,pioreactor02,2025-09-20T19:32:29.908Z,24.45858,0.0,0.0,0.0,0.0,2025-09-20 21:32:29.908,14.502222222222
Yeast Grow 4 Days,pioreactor02,2025-09-20T19:32:52.908Z,24.46708,0.0,0.0,0.0,0.0,2025-09-20 21:32:52.908,14.508611111111
Yeast Grow 4 Days,pioreactor02,2025-09-20T19:33:15.908Z,24.46958,0.0,0.0,0.0,0.0,2025-09-20 21:33:15.908,14.515
Yeast Grow 4 Days,pioreactor02,2025-09-20T19:33:38.908Z,24.42158,0.0,0.0,0.0,0.0,2025-09-20 21:33:38.908,14.521388888889
Yeast Grow 4 Days,pioreactor02,2025-09-20T19:34:01.908Z,24.42158,0.0,0.0,0.0,0.0,2025-09-20 21:34:01.908,14.527777777778
Yeast Grow 4 Days,pioreactor02,2025-09-20T19:34:16.611Z,24.42158,0.0,0.0,0.0,85.75,2025-09-20 21:34:16.611,14.531944444444
Yeast Grow 4 Days,pioreactor02,2025-09-20T19:34:16.652Z,24.42158,0.0,0.0,0.0,85.45,2025-09-20 21:34:16.652,14.531944444444
Yeast Grow 4 Days,pioreactor02,2025-09-20T19:34:24.908Z,24.48158,0.0,0.0,0.0,85.45,2025-09-20 21:34:24.908,14.534166666667
Yeast Grow 4 Days,pioreactor02,2025-09-20T19:34:47.908Z,24.48758,0.0,0.0,0.0,85.45,2025-09-20 21:34:47.908,14.540555555556
Yeast Grow 4 Days,pioreactor02,2025-09-20T19:35:10.908Z,24.50908,0.0,0.0,0.0,85.45,2025-09-20 21:35:10.908,14.546944444444
Yeast Grow 4 Days,pioreactor02,2025-09-20T19:35:33.908Z,24.49058,0.0,0.0,0.0,85.45,2025-09-20 21:35:33.908,14.553333333333
Yeast Grow 4 Days,pioreactor02,2025-09-20T19:35:45.183Z,24.49058,0.0,0.0,0.0,0.0,2025-09-20 21:35:45.183,14.556666666667
Yeast Grow 4 Days,pioreactor02,2025-09-20T19:35:56.908Z,24.42208,0.0,0.0,0.0,0.0,2025-09-20 21:35:56.908,14.559722222222
Yeast Grow 4 Days,pioreactor02,2025-09-20T19:36:19.908Z,24.38208,0.0,0.0,0.0,0.0,2025-09-20 21:36:19.908,14.566111111111
Yeast Grow 4 Days,pioreactor02,2025-09-20T19:36:42.908Z,24.33008,0.0,0.0,0.0,0.0,2025-09-20 21:36:42.908,14.5725
Yeast Grow 4 Days,pioreactor02,2025-09-20T19:37:05.908Z,24.31308,0.0,0.0,0.0,0.0,2025-09-20 21:37:05.908,14.578888888889
Yeast Grow 4 Days,pioreactor02,2025-09-20T19:37:28.908Z,24.32208,0.0,0.0,0.0,0.0,2025-09-20 21:37:28.908,14.585277777778
Yeast Grow 4 Days,pioreactor02,2025-09-20T19:37:36.608Z,24.32208,0.0,0.0,0.0,85.45,2025-09-20 21:37:36.608,14.5875
Yeast Grow 4 Days,pioreactor02,2025-09-20T19:37:36.652Z,24.32208,0.0,0.0,0.0,86.5,2025-09-20 21:37:36.652,14.5875
Yeast Grow 4 Days,pioreactor02,2025-09-20T19:37:51.908Z,24.37858,0.0,0.0,0.0,86.5,2025-09-20 21:37:51.908,14.591666666667
Yeast Grow 4 Days,pioreactor02,2025-09-20T19:38:14.908Z,24.46058,0.0,0.0,0.0,86.5,2025-09-20 21:38:14.908,14.598055555556
Yeast Grow 4 Days,pioreactor02,2025-09-20T19:38:37.908Z,24.53558,0.0,0.0,0.0,86.5,2025-09-20 21:38:37.908,14.604444444444
Yeast Grow 4 Days,pioreactor02,2025-09-20T19:39:00.908Z,24.57708,0.0,0.0,0.0,86.5,2025-09-20 21:39:00.908,14.610833333333
Yeast Grow 4 Days,pioreactor02,2025-09-20T19:39:05.183Z,24.57708,0.0,0.0,0.0,0.0,2025-09-20 21:39:05.183,14.612222222222
Yeast Grow 4 Days,pioreactor02,2025-09-20T19:39:23.908Z,24.48908,0.0,0.0,0.0,0.0,2025-09-20 21:39:23.908,14.617222222222
Yeast Grow 4 Days,pioreactor02,2025-09-20T19:39:46.908Z,24.49758,0.0,0.0,0.0,0.0,2025-09-20 21:39:46.908,14.623611111111
Yeast Grow 4 Days,pioreactor02,2025-09-20T19:40:09.908Z,24.43308,0.0,0.0,0.0,0.0,2025-09-20 21:40:09.908,14.63
Yeast Grow 4 Days,pioreactor02,2025-09-20T19:40:32.912Z,24.47008,0.0,0.0,0.0,0.0,2025-09-20 21:40:32.912,14.636388888889
Yeast Grow 4 Days,pioreactor02,2025-09-20T19:40:55.908Z,24.47358,0.0,0.0,0.0,0.0,2025-09-20 21:40:55.908,14.642777777778
Yeast Grow 4 Days,pioreactor02,2025-09-20T19:40:56.609Z,24.47358,0.0,0.0,0.0,86.5,2025-09-20 21:40:56.609,14.643055555556
Yeast Grow 4 Days,pioreactor02,2025-09-20T19:40:56.653Z,24.47358,0.0,0.0,0.0,87.57,2025-09-20 21:40:56.653,14.643055555556
Yeast Grow 4 Days,pioreactor02,2025-09-20T19:41:18.908Z,24.48658,0.0,0.0,0.0,87.57,2025-09-20 21:41:18.908,14.649166666667
Yeast Grow 4 Days,pioreactor02,2025-09-20T19:41:41.908Z,24.59258,0.0,0.0,0.0,87.57,2025-09-20 21:41:41.908,14.655555555556
Yeast Grow 4 Days,pioreactor02,2025-09-20T19:42:04.908Z,24.59158,0.0,0.0,0.0,87.57,2025-09-20 21:42:04.908,14.661944444444
Yeast Grow 4 Days,pioreactor02,2025-09-20T19:42:25.183Z,24.59158,0.0,0.0,0.0,0.0,2025-09-20 21:42:25.183,14.667777777778
Yeast Grow 4 Days,pioreactor02,2025-09-20T19:42:27.908Z,24.52808,0.0,0.0,0.0,0.0,2025-09-20 21:42:27.908,14.668333333333
Yeast Grow 4 Days,pioreactor02,2025-09-20T19:42:50.912Z,24.49158,0.0,0.0,0.0,0.0,2025-09-20 21:42:50.912,14.674722222222
Yeast Grow 4 Days,pioreactor02,2025-09-20T19:43:13.908Z,24.47708,0.0,0.0,0.0,0.0,2025-09-20 21:43:13.908,14.681111111111
Yeast Grow 4 Days,pioreactor02,2025-09-20T19:43:36.908Z,24.44758,0.0,0.0,0.0,0.0,2025-09-20 21:43:36.908,14.6875
Yeast Grow 4 Days,pioreactor02,2025-09-20T19:43:59.908Z,24.45558,0.0,0.0,0.0,0.0,2025-09-20 21:43:59.908,14.693888888889
Yeast Grow 4 Days,pioreactor02,2025-09-20T19:44:16.613Z,24.45558,0.0,0.0,0.0,87.57,2025-09-20 21:44:16.613,14.698611111111
Yeast Grow 4 Days,pioreactor02,2025-09-20T19:44:16.656Z,24.45558,0.0,0.0,0.0,88.11,2025-09-20 21:44:16.656,14.698611111111
Yeast Grow 4 Days,pioreactor02,2025-09-20T19:44:22.908Z,24.60708,0.0,0.0,0.0,88.11,2025-09-20 21:44:22.908,14.700277777778
Yeast Grow 4 Days,pioreactor02,2025-09-20T19:44:45.908Z,24.58708,0.0,0.0,0.0,88.11,2025-09-20 21:44:45.908,14.706666666667
Yeast Grow 4 Days,pioreactor02,2025-09-20T19:45:08.908Z,24.56658,0.0,0.0,0.0,88.11,2025-09-20 21:45:08.908,14.713055555556
Yeast Grow 4 Days,pioreactor02,2025-09-20T19:45:31.908Z,24.55558,0.0,0.0,0.0,88.11,2025-09-20 21:45:31.908,14.719444444444
Yeast Grow 4 Days,pioreactor02,2025-09-20T19:45:45.183Z,24.55558,0.0,0.0,0.0,0.0,2025-09-20 21:45:45.183,14.723333333333
Yeast Grow 4 Days,pioreactor02,2025-09-20T19:45:54.908Z,24.46908,0.0,0.0,0.0,0.0,2025-09-20 21:45:54.908,14.725833333333
Yeast Grow 4 Days,pioreactor02,2025-09-20T19:46:17.908Z,24.42908,0.0,0.0,0.0,0.0,2025-09-20 21:46:17.908,14.732222222222
Yeast Grow 4 Days,pioreactor02,2025-09-20T19:46:40.908Z,24.42558,0.0,0.0,0.0,0.0,2025-09-20 21:46:40.908,14.738611111111
Yeast Grow 4 Days,pioreactor02,2025-09-20T19:47:03.908Z,24.41058,0.0,0.0,0.0,0.0,2025-09-20 21:47:03.908,14.745
Yeast Grow 4 Days,pioreactor02,2025-09-20T19:47:26.908Z,24.37208,0.0,0.0,0.0,0.0,2025-09-20 21:47:26.908,14.751388888889
Yeast Grow 4 Days,pioreactor02,2025-09-20T19:47:36.609Z,24.37208,0.0,0.0,0.0,88.11,2025-09-20 21:47:36.609,14.754166666667
Yeast Grow 4 Days,pioreactor02,2025-09-20T19:47:36.652Z,24.37208,0.0,0.0,0.0,88.17,2025-09-20 21:47:36.652,14.754166666667
Yeast Grow 4 Days,pioreactor02,2025-09-20T19:47:49.912Z,24.45908,0.0,0.0,0.0,88.17,2025-09-20 21:47:49.912,14.757777777778
Yeast Grow 4 Days,pioreactor02,2025-09-20T19:48:12.908Z,24.51158,0.0,0.0,0.0,88.17,2025-09-20 21:48:12.908,14.764166666667
Yeast Grow 4 Days,pioreactor02,2025-09-20T19:48:35.908Z,24.54808,0.0,0.0,0.0,88.17,2025-09-20 21:48:35.908,14.770555555556
Yeast Grow 4 Days,pioreactor02,2025-09-20T19:48:58.908Z,24.55708,0.0,0.0,0.0,88.17,2025-09-20 21:48:58.908,14.776944444444
Yeast Grow 4 Days,pioreactor02,2025-09-20T19:49:05.183Z,24.55708,0.0,0.0,0.0,0.0,2025-09-20 21:49:05.183,14.778888888889
Yeast Grow 4 Days,pioreactor02,2025-09-20T19:49:21.908Z,24.50158,0.0,0.0,0.0,0.0,2025-09-20 21:49:21.908,14.783333333333
Yeast Grow 4 Days,pioreactor02,2025-09-20T19:49:44.908Z,24.47508,0.0,0.0,0.0,0.0,2025-09-20 21:49:44.908,14.789722222222
Yeast Grow 4 Days,pioreactor02,2025-09-20T19:50:07.908Z,24.40158,0.0,0.0,0.0,0.0,2025-09-20 21:50:07.908,14.796111111111
Yeast Grow 4 Days,pioreactor02,2025-09-20T19:50:30.908Z,24.33808,0.0,0.0,0.0,0.0,2025-09-20 21:50:30.908,14.8025
Yeast Grow 4 Days,pioreactor02,2025-09-20T19:50:53.908Z,24.70008,0.0,0.0,0.0,0.0,2025-09-20 21:50:53.908,14.808888888889
Yeast Grow 4 Days,pioreactor02,2025-09-20T19:50:56.610Z,24.70008,0.0,0.0,0.0,88.17,2025-09-20 21:50:56.610,14.809722222222
Yeast Grow 4 Days,pioreactor02,2025-09-20T19:50:56.652Z,24.70008,0.0,0.0,0.0,87.36,2025-09-20 21:50:56.652,14.809722222222
Yeast Grow 4 Days,pioreactor02,2025-09-20T19:51:16.912Z,25.02258,0.0,0.0,0.0,87.36,2025-09-20 21:51:16.912,14.815277777778
Yeast Grow 4 Days,pioreactor02,2025-09-20T19:51:39.912Z,24.88308,0.0,0.0,0.0,87.36,2025-09-20 21:51:39.912,14.821666666667
Yeast Grow 4 Days,pioreactor02,2025-09-20T19:52:02.908Z,24.80958,0.0,0.0,0.0,87.36,2025-09-20 21:52:02.908,14.828055555556
Yeast Grow 4 Days,pioreactor02,2025-09-20T19:52:25.183Z,24.80958,0.0,0.0,0.0,0.0,2025-09-20 21:52:25.183,14.834444444444
Yeast Grow 4 Days,pioreactor02,2025-09-20T19:52:25.908Z,24.77608,0.0,0.0,0.0,0.0,2025-09-20 21:52:25.908,14.834444444444
Yeast Grow 4 Days,pioreactor02,2025-09-20T19:52:48.908Z,24.63858,0.0,0.0,0.0,0.0,2025-09-20 21:52:48.908,14.840833333333
Yeast Grow 4 Days,pioreactor02,2025-09-20T19:53:11.908Z,24.59358,0.0,0.0,0.0,0.0,2025-09-20 21:53:11.908,14.847222222222
Yeast Grow 4 Days,pioreactor02,2025-09-20T19:53:34.908Z,24.60408,0.0,0.0,0.0,0.0,2025-09-20 21:53:34.908,14.853611111111
Yeast Grow 4 Days,pioreactor02,2025-09-20T19:53:57.908Z,24.49808,0.0,0.0,0.0,0.0,2025-09-20 21:53:57.908,14.86
Yeast Grow 4 Days,pioreactor02,2025-09-20T19:54:16.610Z,24.49808,0.0,0.0,0.0,87.36,2025-09-20 21:54:16.610,14.865277777778
Yeast Grow 4 Days,pioreactor02,2025-09-20T19:54:16.652Z,24.49808,0.0,0.0,0.0,87.5,2025-09-20 21:54:16.652,14.865277777778
Yeast Grow 4 Days,pioreactor02,2025-09-20T19:54:20.908Z,24.67608,0.0,0.0,0.0,87.5,2025-09-20 21:54:20.908,14.866388888889
Yeast Grow 4 Days,pioreactor02,2025-09-20T19:54:43.908Z,25.02808,0.0,0.0,0.0,87.5,2025-09-20 21:54:43.908,14.872777777778
Yeast Grow 4 Days,pioreactor02,2025-09-20T19:55:06.908Z,24.94458,0.0,0.0,0.0,87.5,2025-09-20 21:55:06.908,14.879166666667
Yeast Grow 4 Days,pioreactor02,2025-09-20T19:55:29.908Z,24.83358,0.0,0.0,0.0,87.5,2025-09-20 21:55:29.908,14.885555555556
Yeast Grow 4 Days,pioreactor02,2025-09-20T19:55:45.183Z,24.83358,0.0,0.0,0.0,0.0,2025-09-20 21:55:45.183,14.89
Yeast Grow 4 Days,pioreactor02,2025-09-20T19:55:52.908Z,24.80458,0.0,0.0,0.0,0.0,2025-09-20 21:55:52.908,14.891944444444
Yeast Grow 4 Days,pioreactor02,2025-09-20T19:56:15.908Z,24.71908,0.0,0.0,0.0,0.0,2025-09-20 21:56:15.908,14.898333333333
Yeast Grow 4 Days,pioreactor02,2025-09-20T19:56:38.908Z,24.71558,0.0,0.0,0.0,0.0,2025-09-20 21:56:38.908,14.904722222222
Yeast Grow 4 Days,pioreactor02,2025-09-20T19:57:01.908Z,24.63258,0.0,0.0,0.0,0.0,2025-09-20 21:57:01.908,14.911111111111
Yeast Grow 4 Days,pioreactor02,2025-09-20T19:57:24.908Z,24.59008,0.0,0.0,0.0,0.0,2025-09-20 21:57:24.908,14.9175
Yeast Grow 4 Days,pioreactor02,2025-09-20T19:57:36.608Z,24.59008,0.0,0.0,0.0,87.5,2025-09-20 21:57:36.608,14.920833333333
Yeast Grow 4 Days,pioreactor02,2025-09-20T19:57:36.653Z,24.59008,0.0,0.0,0.0,85.99,2025-09-20 21:57:36.653,14.920833333333
Yeast Grow 4 Days,pioreactor02,2025-09-20T19:57:47.908Z,24.57808,0.0,0.0,0.0,85.99,2025-09-20 21:57:47.908,14.923888888889
Yeast Grow 4 Days,pioreactor02,2025-09-20T19:58:10.908Z,24.53758,0.0,0.0,0.0,85.99,2025-09-20 21:58:10.908,14.930277777778
Yeast Grow 4 Days,pioreactor02,2025-09-20T19:58:33.908Z,24.58358,0.0,0.0,0.0,85.99,2025-09-20 21:58:33.908,14.936666666667
Yeast Grow 4 Days,pioreactor02,2025-09-20T19:58:56.908Z,24.57258,0.0,0.0,0.0,85.99,2025-09-20 21:58:56.908,14.943055555556
Yeast Grow 4 Days,pioreactor02,2025-09-20T19:59:05.183Z,24.57258,0.0,0.0,0.0,0.0,2025-09-20 21:59:05.183,14.945555555556
Yeast Grow 4 Days,pioreactor02,2025-09-20T19:59:19.908Z,24.55458,0.0,0.0,0.0,0.0,2025-09-20 21:59:19.908,14.949444444444
Yeast Grow 4 Days,pioreactor02,2025-09-20T19:59:42.908Z,24.50758,0.0,0.0,0.0,0.0,2025-09-20 21:59:42.908,14.955833333333
Yeast Grow 4 Days,pioreactor02,2025-09-20T20:00:05.908Z,24.48258,0.0,0.0,0.0,0.0,2025-09-20 22:00:05.908,14.962222222222
Yeast Grow 4 Days,pioreactor02,2025-09-20T20:00:28.908Z,24.45458,0.0,0.0,0.0,0.0,2025-09-20 22:00:28.908,14.968611111111
Yeast Grow 4 Days,pioreactor02,2025-09-20T20:00:51.908Z,24.40658,0.0,0.0,0.0,0.0,2025-09-20 22:00:51.908,14.975
Yeast Grow 4 Days,pioreactor02,2025-09-20T20:00:56.609Z,24.40658,0.0,0.0,0.0,85.99,2025-09-20 22:00:56.609,14.976388888889
Yeast Grow 4 Days,pioreactor02,2025-09-20T20:00:56.652Z,24.40658,0.0,0.0,0.0,85.37,2025-09-20 22:00:56.652,14.976388888889
Yeast Grow 4 Days,pioreactor02,2025-09-20T20:01:14.908Z,24.49858,0.0,0.0,0.0,85.37,2025-09-20 22:01:14.908,14.981388888889
Yeast Grow 4 Days,pioreactor02,2025-09-20T20:01:37.908Z,24.60208,0.0,0.0,0.0,85.37,2025-09-20 22:01:37.908,14.987777777778
Yeast Grow 4 Days,pioreactor02,2025-09-20T20:02:00.908Z,24.65608,0.0,0.0,0.0,85.37,2025-09-20 22:02:00.908,14.994166666667
Yeast Grow 4 Days,pioreactor02,2025-09-20T20:02:23.908Z,24.63758,0.0,0.0,0.0,85.37,2025-09-20 22:02:23.908,15.000555555556
Yeast Grow 4 Days,pioreactor02,2025-09-20T20:02:25.183Z,24.63758,0.0,0.0,0.0,0.0,2025-09-20 22:02:25.183,15.001111111111
Yeast Grow 4 Days,pioreactor02,2025-09-20T20:02:46.908Z,24.57208,0.0,0.0,0.0,0.0,2025-09-20 22:02:46.908,15.006944444444
Yeast Grow 4 Days,pioreactor02,2025-09-20T20:03:09.908Z,24.56908,0.0,0.0,0.0,0.0,2025-09-20 22:03:09.908,15.013333333333
Yeast Grow 4 Days,pioreactor02,2025-09-20T20:03:32.908Z,24.54608,0.0,0.0,0.0,0.0,2025-09-20 22:03:32.908,15.019722222222
Yeast Grow 4 Days,pioreactor02,2025-09-20T20:03:55.908Z,24.47658,0.0,0.0,0.0,0.0,2025-09-20 22:03:55.908,15.026111111111
Yeast Grow 4 Days,pioreactor02,2025-09-20T20:04:16.609Z,24.47658,0.0,0.0,0.0,85.37,2025-09-20 22:04:16.609,15.031944444444
Yeast Grow 4 Days,pioreactor02,2025-09-20T20:04:16.652Z,24.47658,0.0,0.0,0.0,86.38,2025-09-20 22:04:16.652,15.031944444444
Yeast Grow 4 Days,pioreactor02,2025-09-20T20:04:18.908Z,24.47608,0.0,0.0,0.0,86.38,2025-09-20 22:04:18.908,15.0325
Yeast Grow 4 Days,pioreactor02,2025-09-20T20:04:41.908Z,24.47508,0.0,0.0,0.0,86.38,2025-09-20 22:04:41.908,15.038888888889
Yeast Grow 4 Days,pioreactor02,2025-09-20T20:05:04.908Z,24.50808,0.0,0.0,0.0,86.38,2025-09-20 22:05:04.908,15.045277777778
Yeast Grow 4 Days,pioreactor02,2025-09-20T20:05:27.912Z,24.48908,0.0,0.0,0.0,86.38,2025-09-20 22:05:27.912,15.051666666667
Yeast Grow 4 Days,pioreactor02,2025-09-20T20:05:45.183Z,24.48908,0.0,0.0,0.0,0.0,2025-09-20 22:05:45.183,15.056666666667
Yeast Grow 4 Days,pioreactor02,2025-09-20T20:05:50.908Z,24.46858,0.0,0.0,0.0,0.0,2025-09-20 22:05:50.908,15.058055555556
Yeast Grow 4 Days,pioreactor02,2025-09-20T20:06:13.908Z,24.49508,0.0,0.0,0.0,0.0,2025-09-20 22:06:13.908,15.064444444444
Yeast Grow 4 Days,pioreactor02,2025-09-20T20:06:36.908Z,24.46658,0.0,0.0,0.0,0.0,2025-09-20 22:06:36.908,15.070833333333
Yeast Grow 4 Days,pioreactor02,2025-09-20T20:06:59.908Z,24.54408,0.0,0.0,0.0,0.0,2025-09-20 22:06:59.908,15.077222222222
Yeast Grow 4 Days,pioreactor02,2025-09-20T20:07:22.908Z,24.53608,0.0,0.0,0.0,0.0,2025-09-20 22:07:22.908,15.083611111111
Yeast Grow 4 Days,pioreactor02,2025-09-20T20:07:36.609Z,24.53608,0.0,0.0,0.0,86.38,2025-09-20 22:07:36.609,15.0875
Yeast Grow 4 Days,pioreactor02,2025-09-20T20:07:36.652Z,24.53608,0.0,0.0,0.0,87.39,2025-09-20 22:07:36.652,15.0875
Yeast Grow 4 Days,pioreactor02,2025-09-20T20:07:45.908Z,24.54658,0.0,0.0,0.0,87.39,2025-09-20 22:07:45.908,15.09
Yeast Grow 4 Days,pioreactor02,2025-09-20T20:08:08.908Z,24.63058,0.0,0.0,0.0,87.39,2025-09-20 22:08:08.908,15.096388888889
Yeast Grow 4 Days,pioreactor02,2025-09-20T20:08:31.908Z,24.61108,0.0,0.0,0.0,87.39,2025-09-20 22:08:31.908,15.102777777778
Yeast Grow 4 Days,pioreactor02,2025-09-20T20:08:54.908Z,24.58208,0.0,0.0,0.0,87.39,2025-09-20 22:08:54.908,15.109166666667
Yeast Grow 4 Days,pioreactor02,2025-09-20T20:09:05.183Z,24.58208,0.0,0.0,0.0,0.0,2025-09-20 22:09:05.183,15.112222222222
Yeast Grow 4 Days,pioreactor02,2025-09-20T20:09:17.908Z,24.50808,0.0,0.0,0.0,0.0,2025-09-20 22:09:17.908,15.115555555556
Yeast Grow 4 Days,pioreactor02,2025-09-20T20:09:40.912Z,24.45558,0.0,0.0,0.0,0.0,2025-09-20 22:09:40.912,15.121944444444
Yeast Grow 4 Days,pioreactor02,2025-09-20T20:10:03.908Z,24.52308,0.0,0.0,0.0,0.0,2025-09-20 22:10:03.908,15.128333333333
Yeast Grow 4 Days,pioreactor02,2025-09-20T20:10:26.908Z,24.48858,0.0,0.0,0.0,0.0,2025-09-20 22:10:26.908,15.134722222222
Yeast Grow 4 Days,pioreactor02,2025-09-20T20:10:49.908Z,24.42658,0.0,0.0,0.0,0.0,2025-09-20 22:10:49.908,15.141111111111
Yeast Grow 4 Days,pioreactor02,2025-09-20T20:10:56.609Z,24.42658,0.0,0.0,0.0,87.39,2025-09-20 22:10:56.609,15.143055555556
Yeast Grow 4 Days,pioreactor02,2025-09-20T20:10:56.652Z,24.42658,0.0,0.0,0.0,87.18,2025-09-20 22:10:56.652,15.143055555556
Yeast Grow 4 Days,pioreactor02,2025-09-20T20:11:12.908Z,24.50158,0.0,0.0,0.0,87.18,2025-09-20 22:11:12.908,15.1475
Yeast Grow 4 Days,pioreactor02,2025-09-20T20:11:35.908Z,24.48558,0.0,0.0,0.0,87.18,2025-09-20 22:11:35.908,15.153888888889
Yeast Grow 4 Days,pioreactor02,2025-09-20T20:11:58.908Z,24.49708,0.0,0.0,0.0,87.18,2025-09-20 22:11:58.908,15.160277777778
Yeast Grow 4 Days,pioreactor02,2025-09-20T20:12:21.908Z,24.46658,0.0,0.0,0.0,87.18,2025-09-20 22:12:21.908,15.166666666667
Yeast Grow 4 Days,pioreactor02,2025-09-20T20:12:25.183Z,24.46658,0.0,0.0,0.0,0.0,2025-09-20 22:12:25.183,15.167777777778
Yeast Grow 4 Days,pioreactor02,2025-09-20T20:12:44.908Z,24.38358,0.0,0.0,0.0,0.0,2025-09-20 22:12:44.908,15.173055555556
Yeast Grow 4 Days,pioreactor02,2025-09-20T20:13:07.908Z,24.37508,0.0,0.0,0.0,0.0,2025-09-20 22:13:07.908,15.179444444444
Yeast Grow 4 Days,pioreactor02,2025-09-20T20:13:30.908Z,24.33258,0.0,0.0,0.0,0.0,2025-09-20 22:13:30.908,15.185833333333
Yeast Grow 4 Days,pioreactor02,2025-09-20T20:13:53.908Z,24.37408,0.0,0.0,0.0,0.0,2025-09-20 22:13:53.908,15.192222222222
Yeast Grow 4 Days,pioreactor02,2025-09-20T20:14:16.609Z,24.37408,0.0,0.0,0.0,87.18,2025-09-20 22:14:16.609,15.198611111111
Yeast Grow 4 Days,pioreactor02,2025-09-20T20:14:16.652Z,24.37408,0.0,0.0,0.0,87.91,2025-09-20 22:14:16.652,15.198611111111
Yeast Grow 4 Days,pioreactor02,2025-09-20T20:14:16.908Z,24.72458,0.0,0.0,0.0,87.91,2025-09-20 22:14:16.908,15.198611111111
Yeast Grow 4 Days,pioreactor02,2025-09-20T20:14:39.908Z,25.04058,0.0,0.0,0.0,87.91,2025-09-20 22:14:39.908,15.205
Yeast Grow 4 Days,pioreactor02,2025-09-20T20:15:02.912Z,24.90108,0.0,0.0,0.0,87.91,2025-09-20 22:15:02.912,15.211388888889
Yeast Grow 4 Days,pioreactor02,2025-09-20T20:15:25.908Z,24.91258,0.0,0.0,0.0,87.91,2025-09-20 22:15:25.908,15.217777777778
Yeast Grow 4 Days,pioreactor02,2025-09-20T20:15:45.183Z,24.91258,0.0,0.0,0.0,0.0,2025-09-20 22:15:45.183,15.223333333333
Yeast Grow 4 Days,pioreactor02,2025-09-20T20:15:48.908Z,24.79458,0.0,0.0,0.0,0.0,2025-09-20 22:15:48.908,15.224166666667
Yeast Grow 4 Days,pioreactor02,2025-09-20T20:16:11.908Z,24.71108,0.0,0.0,0.0,0.0,2025-09-20 22:16:11.908,15.230555555556
Yeast Grow 4 Days,pioreactor02,2025-09-20T20:16:34.908Z,24.59408,0.0,0.0,0.0,0.0,2025-09-20 22:16:34.908,15.236944444444
Yeast Grow 4 Days,pioreactor02,2025-09-20T20:16:57.912Z,24.54058,0.0,0.0,0.0,0.0,2025-09-20 22:16:57.912,15.243333333333
Yeast Grow 4 Days,pioreactor02,2025-09-20T20:17:20.908Z,24.52158,0.0,0.0,0.0,0.0,2025-09-20 22:17:20.908,15.249722222222
Yeast Grow 4 Days,pioreactor02,2025-09-20T20:17:36.612Z,24.52158,0.0,0.0,0.0,87.91,2025-09-20 22:17:36.612,15.254166666667
Yeast Grow 4 Days,pioreactor02,2025-09-20T20:17:36.657Z,24.52158,0.0,0.0,0.0,88.49,2025-09-20 22:17:36.657,15.254166666667
Yeast Grow 4 Days,pioreactor02,2025-09-20T20:17:43.908Z,24.57408,0.0,0.0,0.0,88.49,2025-09-20 22:17:43.908,15.256111111111
Yeast Grow 4 Days,pioreactor02,2025-09-20T20:18:06.908Z,24.59058,0.0,0.0,0.0,88.49,2025-09-20 22:18:06.908,15.2625
Yeast Grow 4 Days,pioreactor02,2025-09-20T20:18:29.912Z,24.61408,0.0,0.0,0.0,88.49,2025-09-20 22:18:29.912,15.268888888889
Yeast Grow 4 Days,pioreactor02,2025-09-20T20:18:52.908Z,24.55608,0.0,0.0,0.0,88.49,2025-09-20 22:18:52.908,15.275277777778
Yeast Grow 4 Days,pioreactor02,2025-09-20T20:19:05.183Z,24.55608,0.0,0.0,0.0,0.0,2025-09-20 22:19:05.183,15.278888888889
Yeast Grow 4 Days,pioreactor02,2025-09-20T20:19:15.908Z,24.47558,0.0,0.0,0.0,0.0,2025-09-20 22:19:15.908,15.281666666667
Yeast Grow 4 Days,pioreactor02,2025-09-20T20:19:38.908Z,24.40708,0.0,0.0,0.0,0.0,2025-09-20 22:19:38.908,15.288055555556
Yeast Grow 4 Days,pioreactor02,2025-09-20T20:20:01.908Z,24.36008,0.0,0.0,0.0,0.0,2025-09-20 22:20:01.908,15.294444444444
Yeast Grow 4 Days,pioreactor02,2025-09-20T20:20:24.908Z,24.29858,0.0,0.0,0.0,0.0,2025-09-20 22:20:24.908,15.300833333333
Yeast Grow 4 Days,pioreactor02,2025-09-20T20:20:47.908Z,24.27558,0.0,0.0,0.0,0.0,2025-09-20 22:20:47.908,15.307222222222
Yeast Grow 4 Days,pioreactor02,2025-09-20T20:20:56.610Z,24.27558,0.0,0.0,0.0,88.49,2025-09-20 22:20:56.610,15.309722222222
Yeast Grow 4 Days,pioreactor02,2025-09-20T20:20:56.653Z,24.27558,0.0,0.0,0.0,89.0,2025-09-20 22:20:56.653,15.309722222222
Yeast Grow 4 Days,pioreactor02,2025-09-20T20:21:10.908Z,24.60608,0.0,0.0,0.0,89.0,2025-09-20 22:21:10.908,15.313611111111
Yeast Grow 4 Days,pioreactor02,2025-09-20T20:21:33.908Z,24.95408,0.0,0.0,0.0,89.0,2025-09-20 22:21:33.908,15.32
Yeast Grow 4 Days,pioreactor02,2025-09-20T20:21:56.908Z,24.87658,0.0,0.0,0.0,89.0,2025-09-20 22:21:56.908,15.326388888889
Yeast Grow 4 Days,pioreactor02,2025-09-20T20:22:19.908Z,24.79508,0.0,0.0,0.0,89.0,2025-09-20 22:22:19.908,15.332777777778
Yeast Grow 4 Days,pioreactor02,2025-09-20T20:22:25.184Z,24.79508,0.0,0.0,0.0,0.0,2025-09-20 22:22:25.184,15.334444444444
Yeast Grow 4 Days,pioreactor02,2025-09-20T20:22:42.908Z,24.63008,0.0,0.0,0.0,0.0,2025-09-20 22:22:42.908,15.339166666667
Yeast Grow 4 Days,pioreactor02,2025-09-20T20:23:05.908Z,24.56658,0.0,0.0,0.0,0.0,2025-09-20 22:23:05.908,15.345555555556
Yeast Grow 4 Days,pioreactor02,2025-09-20T20:23:28.908Z,24.54258,0.0,0.0,0.0,0.0,2025-09-20 22:23:28.908,15.351944444444
Yeast Grow 4 Days,pioreactor02,2025-09-20T20:23:51.908Z,24.51058,0.0,0.0,0.0,0.0,2025-09-20 22:23:51.908,15.358333333333
Yeast Grow 4 Days,pioreactor02,2025-09-20T20:24:14.908Z,24.52358,0.0,0.0,0.0,0.0,2025-09-20 22:24:14.908,15.364722222222
Yeast Grow 4 Days,pioreactor02,2025-09-20T20:24:16.610Z,24.52358,0.0,0.0,0.0,89.0,2025-09-20 22:24:16.610,15.365277777778
Yeast Grow 4 Days,pioreactor02,2025-09-20T20:24:16.652Z,24.52358,0.0,0.0,0.0,89.11,2025-09-20 22:24:16.652,15.365277777778
Yeast Grow 4 Days,pioreactor02,2025-09-20T20:24:37.908Z,24.88208,0.0,0.0,0.0,89.11,2025-09-20 22:24:37.908,15.371111111111
Yeast Grow 4 Days,pioreactor02,2025-09-20T20:25:00.908Z,24.80558,0.0,0.0,0.0,89.11,2025-09-20 22:25:00.908,15.3775
Yeast Grow 4 Days,pioreactor02,2025-09-20T20:25:23.908Z,24.73958,0.0,0.0,0.0,89.11,2025-09-20 22:25:23.908,15.383888888889
Yeast Grow 4 Days,pioreactor02,2025-09-20T20:25:45.183Z,24.73958,0.0,0.0,0.0,0.0,2025-09-20 22:25:45.183,15.39
Yeast Grow 4 Days,pioreactor02,2025-09-20T20:25:46.908Z,24.62608,0.0,0.0,0.0,0.0,2025-09-20 22:25:46.908,15.390277777778
Yeast Grow 4 Days,pioreactor02,2025-09-20T20:26:09.908Z,24.52208,0.0,0.0,0.0,0.0,2025-09-20 22:26:09.908,15.396666666667
Yeast Grow 4 Days,pioreactor02,2025-09-20T20:26:32.908Z,24.42158,0.0,0.0,0.0,0.0,2025-09-20 22:26:32.908,15.403055555556
Yeast Grow 4 Days,pioreactor02,2025-09-20T20:26:55.908Z,24.40608,0.0,0.0,0.0,0.0,2025-09-20 22:26:55.908,15.409444444444
Yeast Grow 4 Days,pioreactor02,2025-09-20T20:27:18.908Z,24.35408,0.0,0.0,0.0,0.0,2025-09-20 22:27:18.908,15.415833333333
Yeast Grow 4 Days,pioreactor02,2025-09-20T20:27:36.610Z,24.35408,0.0,0.0,0.0,89.11,2025-09-20 22:27:36.610,15.420833333333
Yeast Grow 4 Days,pioreactor02,2025-09-20T20:27:36.653Z,24.35408,0.0,0.0,0.0,88.73,2025-09-20 22:27:36.653,15.420833333333
Yeast Grow 4 Days,pioreactor02,2025-09-20T20:27:41.908Z,24.40608,0.0,0.0,0.0,88.73,2025-09-20 22:27:41.908,15.422222222222
Yeast Grow 4 Days,pioreactor02,2025-09-20T20:28:04.908Z,24.40958,0.0,0.0,0.0,88.73,2025-09-20 22:28:04.908,15.428611111111
Yeast Grow 4 Days,pioreactor02,2025-09-20T20:28:27.908Z,24.46058,0.0,0.0,0.0,88.73,2025-09-20 22:28:27.908,15.435
Yeast Grow 4 Days,pioreactor02,2025-09-20T20:28:50.908Z,24.46358,0.0,0.0,0.0,88.73,2025-09-20 22:28:50.908,15.441388888889
Yeast Grow 4 Days,pioreactor02,2025-09-20T20:29:05.183Z,24.46358,0.0,0.0,0.0,0.0,2025-09-20 22:29:05.183,15.445555555556
Yeast Grow 4 Days,pioreactor02,2025-09-20T20:29:13.908Z,24.43308,0.0,0.0,0.0,0.0,2025-09-20 22:29:13.908,15.447777777778
Yeast Grow 4 Days,pioreactor02,2025-09-20T20:29:36.908Z,24.36308,0.0,0.0,0.0,0.0,2025-09-20 22:29:36.908,15.454166666667
Yeast Grow 4 Days,pioreactor02,2025-09-20T20:29:59.908Z,24.33458,0.0,0.0,0.0,0.0,2025-09-20 22:29:59.908,15.460555555556
Yeast Grow 4 Days,pioreactor02,2025-09-20T20:30:22.908Z,24.32358,0.0,0.0,0.0,0.0,2025-09-20 22:30:22.908,15.466944444444
Yeast Grow 4 Days,pioreactor02,2025-09-20T20:30:45.908Z,24.43908,0.0,0.0,0.0,0.0,2025-09-20 22:30:45.908,15.473333333333
Yeast Grow 4 Days,pioreactor02,2025-09-20T20:30:56.608Z,24.43908,0.0,0.0,0.0,88.73,2025-09-20 22:30:56.608,15.476388888889
Yeast Grow 4 Days,pioreactor02,2025-09-20T20:30:56.653Z,24.43908,0.0,0.0,0.0,87.8,2025-09-20 22:30:56.653,15.476388888889
Yeast Grow 4 Days,pioreactor02,2025-09-20T20:31:08.912Z,24.83958,0.0,0.0,0.0,87.8,2025-09-20 22:31:08.912,15.479722222222
Yeast Grow 4 Days,pioreactor02,2025-09-20T20:31:31.908Z,25.12158,0.0,0.0,0.0,87.8,2025-09-20 22:31:31.908,15.486111111111
Yeast Grow 4 Days,pioreactor02,2025-09-20T20:31:54.908Z,25.01358,0.0,0.0,0.0,87.8,2025-09-20 22:31:54.908,15.4925
Yeast Grow 4 Days,pioreactor02,2025-09-20T20:32:17.908Z,24.90858,0.0,0.0,0.0,87.8,2025-09-20 22:32:17.908,15.498888888889
Yeast Grow 4 Days,pioreactor02,2025-09-20T20:32:25.183Z,24.90858,0.0,0.0,0.0,0.0,2025-09-20 22:32:25.183,15.501111111111
Yeast Grow 4 Days,pioreactor02,2025-09-20T20:32:40.908Z,24.80508,0.0,0.0,0.0,0.0,2025-09-20 22:32:40.908,15.505277777778
Yeast Grow 4 Days,pioreactor02,2025-09-20T20:33:03.908Z,24.74658,0.0,0.0,0.0,0.0,2025-09-20 22:33:03.908,15.511666666667
Yeast Grow 4 Days,pioreactor02,2025-09-20T20:33:26.908Z,24.61658,0.0,0.0,0.0,0.0,2025-09-20 22:33:26.908,15.518055555556
Yeast Grow 4 Days,pioreactor02,2025-09-20T20:33:49.908Z,24.59808,0.0,0.0,0.0,0.0,2025-09-20 22:33:49.908,15.524444444444
Yeast Grow 4 Days,pioreactor02,2025-09-20T20:34:12.908Z,24.53608,0.0,0.0,0.0,0.0,2025-09-20 22:34:12.908,15.530833333333
Yeast Grow 4 Days,pioreactor02,2025-09-20T20:34:16.608Z,24.53608,0.0,0.0,0.0,87.8,2025-09-20 22:34:16.608,15.531944444444
Yeast Grow 4 Days,pioreactor02,2025-09-20T20:34:16.653Z,24.53608,0.0,0.0,0.0,88.23,2025-09-20 22:34:16.653,15.531944444444
Yeast Grow 4 Days,pioreactor02,2025-09-20T20:34:35.908Z,24.50058,0.0,0.0,0.0,88.23,2025-09-20 22:34:35.908,15.537222222222
Yeast Grow 4 Days,pioreactor02,2025-09-20T20:34:58.908Z,24.47558,0.0,0.0,0.0,88.23,2025-09-20 22:34:58.908,15.543611111111
Yeast Grow 4 Days,pioreactor02,2025-09-20T20:35:21.912Z,24.49358,0.0,0.0,0.0,88.23,2025-09-20 22:35:21.912,15.55
Yeast Grow 4 Days,pioreactor02,2025-09-20T20:35:44.908Z,24.51008,0.0,0.0,0.0,88.23,2025-09-20 22:35:44.908,15.556388888889
Yeast Grow 4 Days,pioreactor02,2025-09-20T20:35:45.183Z,24.51008,0.0,0.0,0.0,0.0,2025-09-20 22:35:45.183,15.556666666667
Yeast Grow 4 Days,pioreactor02,2025-09-20T20:36:07.908Z,24.43658,0.0,0.0,0.0,0.0,2025-09-20 22:36:07.908,15.562777777778
Yeast Grow 4 Days,pioreactor02,2025-09-20T20:36:30.908Z,24.47358,0.0,0.0,0.0,0.0,2025-09-20 22:36:30.908,15.569166666667
Yeast Grow 4 Days,pioreactor02,2025-09-20T20:36:53.908Z,24.50508,0.0,0.0,0.0,0.0,2025-09-20 22:36:53.908,15.575555555556
Yeast Grow 4 Days,pioreactor02,2025-09-20T20:37:16.908Z,24.46258,0.0,0.0,0.0,0.0,2025-09-20 22:37:16.908,15.581944444444
Yeast Grow 4 Days,pioreactor02,2025-09-20T20:37:36.610Z,24.46258,0.0,0.0,0.0,88.23,2025-09-20 22:37:36.610,15.5875
Yeast Grow 4 Days,pioreactor02,2025-09-20T20:37:36.656Z,24.46258,0.0,0.0,0.0,87.41,2025-09-20 22:37:36.656,15.5875
Yeast Grow 4 Days,pioreactor02,2025-09-20T20:37:39.908Z,24.47158,0.0,0.0,0.0,87.41,2025-09-20 22:37:39.908,15.588333333333
Yeast Grow 4 Days,pioreactor02,2025-09-20T20:38:02.908Z,24.46508,0.0,0.0,0.0,87.41,2025-09-20 22:38:02.908,15.594722222222
Yeast Grow 4 Days,pioreactor02,2025-09-20T20:38:25.908Z,24.50508,0.0,0.0,0.0,87.41,2025-09-20 22:38:25.908,15.601111111111
Yeast Grow 4 Days,pioreactor02,2025-09-20T20:38:48.908Z,24.47658,0.0,0.0,0.0,87.41,2025-09-20 22:38:48.908,15.6075
Yeast Grow 4 Days,pioreactor02,2025-09-20T20:39:05.183Z,24.47658,0.0,0.0,0.0,0.0,2025-09-20 22:39:05.183,15.612222222222
Yeast Grow 4 Days,pioreactor02,2025-09-20T20:39:11.908Z,24.40158,0.0,0.0,0.0,0.0,2025-09-20 22:39:11.908,15.613888888889
Yeast Grow 4 Days,pioreactor02,2025-09-20T20:39:34.908Z,24.40858,0.0,0.0,0.0,0.0,2025-09-20 22:39:34.908,15.620277777778
Yeast Grow 4 Days,pioreactor02,2025-09-20T20:39:57.908Z,24.39658,0.0,0.0,0.0,0.0,2025-09-20 22:39:57.908,15.626666666667
Yeast Grow 4 Days,pioreactor02,2025-09-20T20:40:20.908Z,24.39008,0.0,0.0,0.0,0.0,2025-09-20 22:40:20.908,15.633055555556
Yeast Grow 4 Days,pioreactor02,2025-09-20T20:40:43.908Z,24.37808,0.0,0.0,0.0,0.0,2025-09-20 22:40:43.908,15.639444444444
Yeast Grow 4 Days,pioreactor02,2025-09-20T20:40:56.608Z,24.37808,0.0,0.0,0.0,87.41,2025-09-20 22:40:56.608,15.643055555556
Yeast Grow 4 Days,pioreactor02,2025-09-20T20:40:56.656Z,24.37808,0.0,0.0,0.0,87.31,2025-09-20 22:40:56.656,15.643055555556
Yeast Grow 4 Days,pioreactor02,2025-09-20T20:41:06.908Z,24.75508,0.0,0.0,0.0,87.31,2025-09-20 22:41:06.908,15.645833333333
Yeast Grow 4 Days,pioreactor02,2025-09-20T20:41:29.908Z,25.13408,0.0,0.0,0.0,87.31,2025-09-20 22:41:29.908,15.652222222222
Yeast Grow 4 Days,pioreactor02,2025-09-20T20:41:52.908Z,25.04408,0.0,0.0,0.0,87.31,2025-09-20 22:41:52.908,15.658611111111
Yeast Grow 4 Days,pioreactor02,2025-09-20T20:42:15.908Z,24.92858,0.0,0.0,0.0,87.31,2025-09-20 22:42:15.908,15.665
Yeast Grow 4 Days,pioreactor02,2025-09-20T20:42:25.183Z,24.92858,0.0,0.0,0.0,0.0,2025-09-20 22:42:25.183,15.667777777778
Yeast Grow 4 Days,pioreactor02,2025-09-20T20:42:38.908Z,24.90758,0.0,0.0,0.0,0.0,2025-09-20 22:42:38.908,15.671388888889
Yeast Grow 4 Days,pioreactor02,2025-09-20T20:43:01.908Z,24.80358,0.0,0.0,0.0,0.0,2025-09-20 22:43:01.908,15.677777777778
Yeast Grow 4 Days,pioreactor02,2025-09-20T20:43:24.908Z,24.73458,0.0,0.0,0.0,0.0,2025-09-20 22:43:24.908,15.684166666667
Yeast Grow 4 Days,pioreactor02,2025-09-20T20:43:47.908Z,24.60258,0.0,0.0,0.0,0.0,2025-09-20 22:43:47.908,15.690555555556
Yeast Grow 4 Days,pioreactor02,2025-09-20T20:44:10.908Z,24.49858,0.0,0.0,0.0,0.0,2025-09-20 22:44:10.908,15.696944444444
Yeast Grow 4 Days,pioreactor02,2025-09-20T20:44:16.609Z,24.49858,0.0,0.0,0.0,87.31,2025-09-20 22:44:16.609,15.698611111111
Yeast Grow 4 Days,pioreactor02,2025-09-20T20:44:16.656Z,24.49858,0.0,0.0,0.0,87.87,2025-09-20 22:44:16.656,15.698611111111
Yeast Grow 4 Days,pioreactor02,2025-09-20T20:44:33.908Z,24.84558,0.0,0.0,0.0,87.87,2025-09-20 22:44:33.908,15.703333333333
Yeast Grow 4 Days,pioreactor02,2025-09-20T20:44:56.908Z,24.79308,0.0,0.0,0.0,87.87,2025-09-20 22:44:56.908,15.709722222222
Yeast Grow 4 Days,pioreactor02,2025-09-20T20:45:19.908Z,24.76608,0.0,0.0,0.0,87.87,2025-09-20 22:45:19.908,15.716111111111
Yeast Grow 4 Days,pioreactor02,2025-09-20T20:45:42.908Z,24.73458,0.0,0.0,0.0,87.87,2025-09-20 22:45:42.908,15.7225
Yeast Grow 4 Days,pioreactor02,2025-09-20T20:45:45.183Z,24.73458,0.0,0.0,0.0,0.0,2025-09-20 22:45:45.183,15.723333333333
Yeast Grow 4 Days,pioreactor02,2025-09-20T20:46:05.908Z,24.62108,0.0,0.0,0.0,0.0,2025-09-20 22:46:05.908,15.728888888889
Yeast Grow 4 Days,pioreactor02,2025-09-20T20:46:28.908Z,24.63358,0.0,0.0,0.0,0.0,2025-09-20 22:46:28.908,15.735277777778
Yeast Grow 4 Days,pioreactor02,2025-09-20T20:46:51.908Z,24.55508,0.0,0.0,0.0,0.0,2025-09-20 22:46:51.908,15.741666666667
Yeast Grow 4 Days,pioreactor02,2025-09-20T20:47:14.908Z,24.48358,0.0,0.0,0.0,0.0,2025-09-20 22:47:14.908,15.748055555556
Yeast Grow 4 Days,pioreactor02,2025-09-20T20:47:36.610Z,24.48358,0.0,0.0,0.0,87.87,2025-09-20 22:47:36.610,15.754166666667
Yeast Grow 4 Days,pioreactor02,2025-09-20T20:47:36.653Z,24.48358,0.0,0.0,0.0,87.78,2025-09-20 22:47:36.653,15.754166666667
Yeast Grow 4 Days,pioreactor02,2025-09-20T20:47:37.908Z,24.45508,0.0,0.0,0.0,87.78,2025-09-20 22:47:37.908,15.754444444444
Yeast Grow 4 Days,pioreactor02,2025-09-20T20:48:00.908Z,24.44908,0.0,0.0,0.0,87.78,2025-09-20 22:48:00.908,15.760833333333
Yeast Grow 4 Days,pioreactor02,2025-09-20T20:48:23.908Z,24.45308,0.0,0.0,0.0,87.78,2025-09-20 22:48:23.908,15.767222222222
Yeast Grow 4 Days,pioreactor02,2025-09-20T20:48:46.908Z,24.50058,0.0,0.0,0.0,87.78,2025-09-20 22:48:46.908,15.773611111111
Yeast Grow 4 Days,pioreactor02,2025-09-20T20:49:05.183Z,24.50058,0.0,0.0,0.0,0.0,2025-09-20 22:49:05.183,15.778888888889
Yeast Grow 4 Days,pioreactor02,2025-09-20T20:49:09.908Z,24.49308,0.0,0.0,0.0,0.0,2025-09-20 22:49:09.908,15.78
Yeast Grow 4 Days,pioreactor02,2025-09-20T20:49:32.908Z,24.41708,0.0,0.0,0.0,0.0,2025-09-20 22:49:32.908,15.786388888889
Yeast Grow 4 Days,pioreactor02,2025-09-20T20:49:55.908Z,24.44358,0.0,0.0,0.0,0.0,2025-09-20 22:49:55.908,15.792777777778
Yeast Grow 4 Days,pioreactor02,2025-09-20T20:50:18.908Z,24.36958,0.0,0.0,0.0,0.0,2025-09-20 22:50:18.908,15.799166666667
Yeast Grow 4 Days,pioreactor02,2025-09-20T20:50:41.908Z,24.31308,0.0,0.0,0.0,0.0,2025-09-20 22:50:41.908,15.805555555556
Yeast Grow 4 Days,pioreactor02,2025-09-20T20:50:56.609Z,24.31308,0.0,0.0,0.0,87.78,2025-09-20 22:50:56.609,15.809722222222
Yeast Grow 4 Days,pioreactor02,2025-09-20T20:50:56.652Z,24.31308,0.0,0.0,0.0,86.77,2025-09-20 22:50:56.652,15.809722222222
Yeast Grow 4 Days,pioreactor02,2025-09-20T20:51:04.908Z,24.40858,0.0,0.0,0.0,86.77,2025-09-20 22:51:04.908,15.811944444444
Yeast Grow 4 Days,pioreactor02,2025-09-20T20:51:27.908Z,24.38008,0.0,0.0,0.0,86.77,2025-09-20 22:51:27.908,15.818333333333
Yeast Grow 4 Days,pioreactor02,2025-09-20T20:51:50.908Z,24.38508,0.0,0.0,0.0,86.77,2025-09-20 22:51:50.908,15.824722222222
Yeast Grow 4 Days,pioreactor02,2025-09-20T20:52:13.908Z,24.36208,0.0,0.0,0.0,86.77,2025-09-20 22:52:13.908,15.831111111111
Yeast Grow 4 Days,pioreactor02,2025-09-20T20:52:25.183Z,24.36208,0.0,0.0,0.0,0.0,2025-09-20 22:52:25.183,15.834444444444
Yeast Grow 4 Days,pioreactor02,2025-09-20T20:52:36.908Z,24.69158,0.0,0.0,0.0,0.0,2025-09-20 22:52:36.908,15.8375
Yeast Grow 4 Days,pioreactor02,2025-09-20T20:52:59.908Z,24.60508,0.0,0.0,0.0,0.0,2025-09-20 22:52:59.908,15.843888888889
Yeast Grow 4 Days,pioreactor02,2025-09-20T20:53:22.908Z,24.50008,0.0,0.0,0.0,0.0,2025-09-20 22:53:22.908,15.850277777778
Yeast Grow 4 Days,pioreactor02,2025-09-20T20:53:45.908Z,24.49558,0.0,0.0,0.0,0.0,2025-09-20 22:53:45.908,15.856666666667
Yeast Grow 4 Days,pioreactor02,2025-09-20T20:54:08.908Z,24.50358,0.0,0.0,0.0,0.0,2025-09-20 22:54:08.908,15.863055555556
Yeast Grow 4 Days,pioreactor02,2025-09-20T20:54:16.608Z,24.50358,0.0,0.0,0.0,86.77,2025-09-20 22:54:16.608,15.865277777778
Yeast Grow 4 Days,pioreactor02,2025-09-20T20:54:16.652Z,24.50358,0.0,0.0,0.0,86.62,2025-09-20 22:54:16.652,15.865277777778
Yeast Grow 4 Days,pioreactor02,2025-09-20T20:54:31.908Z,24.50408,0.0,0.0,0.0,86.62,2025-09-20 22:54:31.908,15.869444444444
Yeast Grow 4 Days,pioreactor02,2025-09-20T20:54:54.908Z,24.56808,0.0,0.0,0.0,86.62,2025-09-20 22:54:54.908,15.875833333333
Yeast Grow 4 Days,pioreactor02,2025-09-20T20:55:17.908Z,24.54308,0.0,0.0,0.0,86.62,2025-09-20 22:55:17.908,15.882222222222
Yeast Grow 4 Days,pioreactor02,2025-09-20T20:55:40.908Z,24.50158,0.0,0.0,0.0,86.62,2025-09-20 22:55:40.908,15.888611111111
Yeast Grow 4 Days,pioreactor02,2025-09-20T20:55:45.183Z,24.50158,0.0,0.0,0.0,0.0,2025-09-20 22:55:45.183,15.89
Yeast Grow 4 Days,pioreactor02,2025-09-20T20:56:03.908Z,24.44408,0.0,0.0,0.0,0.0,2025-09-20 22:56:03.908,15.895
Yeast Grow 4 Days,pioreactor02,2025-09-20T20:56:26.908Z,24.42608,0.0,0.0,0.0,0.0,2025-09-20 22:56:26.908,15.901388888889
Yeast Grow 4 Days,pioreactor02,2025-09-20T20:56:49.908Z,24.45058,0.0,0.0,0.0,0.0,2025-09-20 22:56:49.908,15.907777777778
Yeast Grow 4 Days,pioreactor02,2025-09-20T20:57:12.908Z,24.44108,0.0,0.0,0.0,0.0,2025-09-20 22:57:12.908,15.914166666667
Yeast Grow 4 Days,pioreactor02,2025-09-20T20:57:35.908Z,24.45508,0.0,0.0,0.0,0.0,2025-09-20 22:57:35.908,15.920555555556
Yeast Grow 4 Days,pioreactor02,2025-09-20T20:57:36.610Z,24.45508,0.0,0.0,0.0,86.62,2025-09-20 22:57:36.610,15.920833333333
Yeast Grow 4 Days,pioreactor02,2025-09-20T20:57:36.652Z,24.45508,0.0,0.0,0.0,86.41,2025-09-20 22:57:36.652,15.920833333333
Yeast Grow 4 Days,pioreactor02,2025-09-20T20:57:58.908Z,24.46308,0.0,0.0,0.0,86.41,2025-09-20 22:57:58.908,15.926944444444
Yeast Grow 4 Days,pioreactor02,2025-09-20T20:58:21.908Z,24.47908,0.0,0.0,0.0,86.41,2025-09-20 22:58:21.908,15.933333333333
Yeast Grow 4 Days,pioreactor02,2025-09-20T20:58:44.908Z,24.47908,0.0,0.0,0.0,86.41,2025-09-20 22:58:44.908,15.939722222222
Yeast Grow 4 Days,pioreactor02,2025-09-20T20:59:05.183Z,24.47908,0.0,0.0,0.0,0.0,2025-09-20 22:59:05.183,15.945555555556
Yeast Grow 4 Days,pioreactor02,2025-09-20T20:59:07.908Z,24.44808,0.0,0.0,0.0,0.0,2025-09-20 22:59:07.908,15.946111111111
Yeast Grow 4 Days,pioreactor02,2025-09-20T20:59:30.908Z,24.39158,0.0,0.0,0.0,0.0,2025-09-20 22:59:30.908,15.9525
Yeast Grow 4 Days,pioreactor02,2025-09-20T20:59:53.908Z,24.35258,0.0,0.0,0.0,0.0,2025-09-20 22:59:53.908,15.958888888889
Yeast Grow 4 Days,pioreactor02,2025-09-20T21:00:16.908Z,24.35458,0.0,0.0,0.0,0.0,2025-09-20 23:00:16.908,15.965277777778
Yeast Grow 4 Days,pioreactor02,2025-09-20T21:00:39.908Z,24.39558,0.0,0.0,0.0,0.0,2025-09-20 23:00:39.908,15.971666666667
Yeast Grow 4 Days,pioreactor02,2025-09-20T21:00:56.610Z,24.39558,0.0,0.0,0.0,86.41,2025-09-20 23:00:56.610,15.976388888889
Yeast Grow 4 Days,pioreactor02,2025-09-20T21:00:56.656Z,24.39558,0.0,0.0,0.0,85.65,2025-09-20 23:00:56.656,15.976388888889
Yeast Grow 4 Days,pioreactor02,2025-09-20T21:01:02.908Z,24.39508,0.0,0.0,0.0,85.65,2025-09-20 23:01:02.908,15.978055555556
Yeast Grow 4 Days,pioreactor02,2025-09-20T21:01:25.908Z,24.36758,0.0,0.0,0.0,85.65,2025-09-20 23:01:25.908,15.984444444444
Yeast Grow 4 Days,pioreactor02,2025-09-20T21:01:48.908Z,24.39208,0.0,0.0,0.0,85.65,2025-09-20 23:01:48.908,15.990833333333
Yeast Grow 4 Days,pioreactor02,2025-09-20T21:02:11.908Z,24.36558,0.0,0.0,0.0,85.65,2025-09-20 23:02:11.908,15.997222222222
Yeast Grow 4 Days,pioreactor02,2025-09-20T21:02:25.184Z,24.36558,0.0,0.0,0.0,0.0,2025-09-20 23:02:25.184,16.001111111111
Yeast Grow 4 Days,pioreactor02,2025-09-20T21:02:34.908Z,24.39908,0.0,0.0,0.0,0.0,2025-09-20 23:02:34.908,16.003611111111
Yeast Grow 4 Days,pioreactor02,2025-09-20T21:02:57.912Z,24.37358,0.0,0.0,0.0,0.0,2025-09-20 23:02:57.912,16.01
Yeast Grow 4 Days,pioreactor02,2025-09-20T21:03:20.908Z,24.31808,0.0,0.0,0.0,0.0,2025-09-20 23:03:20.908,16.016388888889
Yeast Grow 4 Days,pioreactor02,2025-09-20T21:03:43.912Z,24.30408,0.0,0.0,0.0,0.0,2025-09-20 23:03:43.912,16.022777777778
Yeast Grow 4 Days,pioreactor02,2025-09-20T21:04:06.908Z,24.35058,0.0,0.0,0.0,0.0,2025-09-20 23:04:06.908,16.029166666667
Yeast Grow 4 Days,pioreactor02,2025-09-20T21:04:16.610Z,24.35058,0.0,0.0,0.0,85.65,2025-09-20 23:04:16.610,16.031944444444
Yeast Grow 4 Days,pioreactor02,2025-09-20T21:04:16.652Z,24.35058,0.0,0.0,0.0,86.07,2025-09-20 23:04:16.652,16.031944444444
Yeast Grow 4 Days,pioreactor02,2025-09-20T21:04:29.908Z,24.38258,0.0,0.0,0.0,86.07,2025-09-20 23:04:29.908,16.035555555556
Yeast Grow 4 Days,pioreactor02,2025-09-20T21:04:52.908Z,24.38258,0.0,0.0,0.0,86.07,2025-09-20 23:04:52.908,16.041944444444
Yeast Grow 4 Days,pioreactor02,2025-09-20T21:05:15.908Z,24.37558,0.0,0.0,0.0,86.07,2025-09-20 23:05:15.908,16.048333333333
Yeast Grow 4 Days,pioreactor02,2025-09-20T21:05:38.908Z,24.45208,0.0,0.0,0.0,86.07,2025-09-20 23:05:38.908,16.054722222222
Yeast Grow 4 Days,pioreactor02,2025-09-20T21:05:45.183Z,24.45208,0.0,0.0,0.0,0.0,2025-09-20 23:05:45.183,16.056666666667
Yeast Grow 4 Days,pioreactor02,2025-09-20T21:06:01.908Z,24.38808,0.0,0.0,0.0,0.0,2025-09-20 23:06:01.908,16.061111111111
Yeast Grow 4 Days,pioreactor02,2025-09-20T21:06:24.908Z,24.36458,0.0,0.0,0.0,0.0,2025-09-20 23:06:24.908,16.0675
Yeast Grow 4 Days,pioreactor02,2025-09-20T21:06:47.908Z,24.36708,0.0,0.0,0.0,0.0,2025-09-20 23:06:47.908,16.073888888889
Yeast Grow 4 Days,pioreactor02,2025-09-20T21:07:10.908Z,24.35108,0.0,0.0,0.0,0.0,2025-09-20 23:07:10.908,16.080277777778
Yeast Grow 4 Days,pioreactor02,2025-09-20T21:07:33.908Z,24.72608,0.0,0.0,0.0,0.0,2025-09-20 23:07:33.908,16.086666666667
Yeast Grow 4 Days,pioreactor02,2025-09-20T21:07:36.610Z,24.72608,0.0,0.0,0.0,86.07,2025-09-20 23:07:36.610,16.0875
Yeast Grow 4 Days,pioreactor02,2025-09-20T21:07:36.656Z,24.72608,0.0,0.0,0.0,86.01,2025-09-20 23:07:36.656,16.0875
Yeast Grow 4 Days,pioreactor02,2025-09-20T21:07:56.908Z,25.10158,0.0,0.0,0.0,86.01,2025-09-20 23:07:56.908,16.093055555556
Yeast Grow 4 Days,pioreactor02,2025-09-20T21:08:19.908Z,24.95708,0.0,0.0,0.0,86.01,2025-09-20 23:08:19.908,16.099444444444
Yeast Grow 4 Days,pioreactor02,2025-09-20T21:08:42.908Z,24.84408,0.0,0.0,0.0,86.01,2025-09-20 23:08:42.908,16.105833333333
Yeast Grow 4 Days,pioreactor02,2025-09-20T21:09:05.183Z,24.84408,0.0,0.0,0.0,0.0,2025-09-20 23:09:05.183,16.112222222222
Yeast Grow 4 Days,pioreactor02,2025-09-20T21:09:05.908Z,24.78608,0.0,0.0,0.0,0.0,2025-09-20 23:09:05.908,16.112222222222
Yeast Grow 4 Days,pioreactor02,2025-09-20T21:09:28.908Z,24.68008,0.0,0.0,0.0,0.0,2025-09-20 23:09:28.908,16.118611111111
Yeast Grow 4 Days,pioreactor02,2025-09-20T21:09:51.908Z,24.61108,0.0,0.0,0.0,0.0,2025-09-20 23:09:51.908,16.125
Yeast Grow 4 Days,pioreactor02,2025-09-20T21:10:14.908Z,24.53508,0.0,0.0,0.0,0.0,2025-09-20 23:10:14.908,16.131388888889
Yeast Grow 4 Days,pioreactor02,2025-09-20T21:10:37.908Z,24.51308,0.0,0.0,0.0,0.0,2025-09-20 23:10:37.908,16.137777777778
Yeast Grow 4 Days,pioreactor02,2025-09-20T21:10:56.609Z,24.51308,0.0,0.0,0.0,86.01,2025-09-20 23:10:56.609,16.143055555556
Yeast Grow 4 Days,pioreactor02,2025-09-20T21:10:56.653Z,24.51308,0.0,0.0,0.0,87.27,2025-09-20 23:10:56.653,16.143055555556
Yeast Grow 4 Days,pioreactor02,2025-09-20T21:11:00.908Z,24.51408,0.0,0.0,0.0,87.27,2025-09-20 23:11:00.908,16.144166666667
Yeast Grow 4 Days,pioreactor02,2025-09-20T21:11:23.908Z,24.46358,0.0,0.0,0.0,87.27,2025-09-20 23:11:23.908,16.150555555556
Yeast Grow 4 Days,pioreactor02,2025-09-20T21:11:46.908Z,24.53758,0.0,0.0,0.0,87.27,2025-09-20 23:11:46.908,16.156944444444
Yeast Grow 4 Days,pioreactor02,2025-09-20T21:12:09.908Z,24.58108,0.0,0.0,0.0,87.27,2025-09-20 23:12:09.908,16.163333333333
Yeast Grow 4 Days,pioreactor02,2025-09-20T21:12:25.183Z,24.58108,0.0,0.0,0.0,0.0,2025-09-20 23:12:25.183,16.167777777778
Yeast Grow 4 Days,pioreactor02,2025-09-20T21:12:32.908Z,24.50808,0.0,0.0,0.0,0.0,2025-09-20 23:12:32.908,16.169722222222
Yeast Grow 4 Days,pioreactor02,2025-09-20T21:12:55.908Z,24.47058,0.0,0.0,0.0,0.0,2025-09-20 23:12:55.908,16.176111111111
Yeast Grow 4 Days,pioreactor02,2025-09-20T21:13:18.908Z,24.41808,0.0,0.0,0.0,0.0,2025-09-20 23:13:18.908,16.1825
Yeast Grow 4 Days,pioreactor02,2025-09-20T21:13:41.908Z,24.40058,0.0,0.0,0.0,0.0,2025-09-20 23:13:41.908,16.188888888889
Yeast Grow 4 Days,pioreactor02,2025-09-20T21:14:04.908Z,24.44408,0.0,0.0,0.0,0.0,2025-09-20 23:14:04.908,16.195277777778
Yeast Grow 4 Days,pioreactor02,2025-09-20T21:14:16.611Z,24.44408,0.0,0.0,0.0,87.27,2025-09-20 23:14:16.611,16.198611111111
Yeast Grow 4 Days,pioreactor02,2025-09-20T21:14:16.652Z,24.44408,0.0,0.0,0.0,86.87,2025-09-20 23:14:16.652,16.198611111111
Yeast Grow 4 Days,pioreactor02,2025-09-20T21:14:27.908Z,24.44608,0.0,0.0,0.0,86.87,2025-09-20 23:14:27.908,16.201666666667
Yeast Grow 4 Days,pioreactor02,2025-09-20T21:14:50.908Z,24.48158,0.0,0.0,0.0,86.87,2025-09-20 23:14:50.908,16.208055555556
Yeast Grow 4 Days,pioreactor02,2025-09-20T21:15:13.908Z,24.51858,0.0,0.0,0.0,86.87,2025-09-20 23:15:13.908,16.214444444444
Yeast Grow 4 Days,pioreactor02,2025-09-20T21:15:36.908Z,24.49408,0.0,0.0,0.0,86.87,2025-09-20 23:15:36.908,16.220833333333
Yeast Grow 4 Days,pioreactor02,2025-09-20T21:15:45.183Z,24.49408,0.0,0.0,0.0,0.0,2025-09-20 23:15:45.183,16.223333333333
Yeast Grow 4 Days,pioreactor02,2025-09-20T21:15:59.908Z,24.41408,0.0,0.0,0.0,0.0,2025-09-20 23:15:59.908,16.227222222222
Yeast Grow 4 Days,pioreactor02,2025-09-20T21:16:22.908Z,24.38608,0.0,0.0,0.0,0.0,2025-09-20 23:16:22.908,16.233611111111
Yeast Grow 4 Days,pioreactor02,2025-09-20T21:16:45.908Z,24.32508,0.0,0.0,0.0,0.0,2025-09-20 23:16:45.908,16.24
Yeast Grow 4 Days,pioreactor02,2025-09-20T21:17:08.908Z,24.32308,0.0,0.0,0.0,0.0,2025-09-20 23:17:08.908,16.246388888889
Yeast Grow 4 Days,pioreactor02,2025-09-20T21:17:31.908Z,24.28358,0.0,0.0,0.0,0.0,2025-09-20 23:17:31.908,16.252777777778
Yeast Grow 4 Days,pioreactor02,2025-09-20T21:17:36.608Z,24.28358,0.0,0.0,0.0,86.87,2025-09-20 23:17:36.608,16.254166666667
Yeast Grow 4 Days,pioreactor02,2025-09-20T21:17:36.652Z,24.28358,0.0,0.0,0.0,87.48,2025-09-20 23:17:36.652,16.254166666667
Yeast Grow 4 Days,pioreactor02,2025-09-20T21:17:54.908Z,24.31808,0.0,0.0,0.0,87.48,2025-09-20 23:17:54.908,16.259166666667
Yeast Grow 4 Days,pioreactor02,2025-09-20T21:18:17.908Z,24.36658,0.0,0.0,0.0,87.48,2025-09-20 23:18:17.908,16.265555555556
Yeast Grow 4 Days,pioreactor02,2025-09-20T21:18:40.908Z,24.51158,0.0,0.0,0.0,87.48,2025-09-20 23:18:40.908,16.271944444444
Yeast Grow 4 Days,pioreactor02,2025-09-20T21:19:03.908Z,24.52058,0.0,0.0,0.0,87.48,2025-09-20 23:19:03.908,16.278333333333
Yeast Grow 4 Days,pioreactor02,2025-09-20T21:19:05.184Z,24.52058,0.0,0.0,0.0,0.0,2025-09-20 23:19:05.184,16.278888888889
Yeast Grow 4 Days,pioreactor02,2025-09-20T21:19:26.908Z,24.49858,0.0,0.0,0.0,0.0,2025-09-20 23:19:26.908,16.284722222222
Yeast Grow 4 Days,pioreactor02,2025-09-20T21:19:49.908Z,24.45858,0.0,0.0,0.0,0.0,2025-09-20 23:19:49.908,16.291111111111
Yeast Grow 4 Days,pioreactor02,2025-09-20T21:20:12.908Z,24.44258,0.0,0.0,0.0,0.0,2025-09-20 23:20:12.908,16.2975
Yeast Grow 4 Days,pioreactor02,2025-09-20T21:20:35.908Z,24.47008,0.0,0.0,0.0,0.0,2025-09-20 23:20:35.908,16.303888888889
Yeast Grow 4 Days,pioreactor02,2025-09-20T21:20:56.608Z,24.47008,0.0,0.0,0.0,87.48,2025-09-20 23:20:56.608,16.309722222222
Yeast Grow 4 Days,pioreactor02,2025-09-20T21:20:56.652Z,24.47008,0.0,0.0,0.0,87.91,2025-09-20 23:20:56.652,16.309722222222
Yeast Grow 4 Days,pioreactor02,2025-09-20T21:20:58.908Z,24.60858,0.0,0.0,0.0,87.91,2025-09-20 23:20:58.908,16.310277777778
Yeast Grow 4 Days,pioreactor02,2025-09-20T21:21:21.908Z,25.02508,0.0,0.0,0.0,87.91,2025-09-20 23:21:21.908,16.316666666667
Yeast Grow 4 Days,pioreactor02,2025-09-20T21:21:44.908Z,24.91208,0.0,0.0,0.0,87.91,2025-09-20 23:21:44.908,16.323055555556
Yeast Grow 4 Days,pioreactor02,2025-09-20T21:22:07.908Z,24.83958,0.0,0.0,0.0,87.91,2025-09-20 23:22:07.908,16.329444444444
Yeast Grow 4 Days,pioreactor02,2025-09-20T21:22:25.183Z,24.83958,0.0,0.0,0.0,0.0,2025-09-20 23:22:25.183,16.334444444444
Yeast Grow 4 Days,pioreactor02,2025-09-20T21:22:30.908Z,24.77408,0.0,0.0,0.0,0.0,2025-09-20 23:22:30.908,16.335833333333
Yeast Grow 4 Days,pioreactor02,2025-09-20T21:22:53.908Z,24.63758,0.0,0.0,0.0,0.0,2025-09-20 23:22:53.908,16.342222222222
Yeast Grow 4 Days,pioreactor02,2025-09-20T21:23:16.908Z,24.51408,0.0,0.0,0.0,0.0,2025-09-20 23:23:16.908,16.348611111111
Yeast Grow 4 Days,pioreactor02,2025-09-20T21:23:39.908Z,24.53308,0.0,0.0,0.0,0.0,2025-09-20 23:23:39.908,16.355
Yeast Grow 4 Days,pioreactor02,2025-09-20T21:24:02.908Z,24.46608,0.0,0.0,0.0,0.0,2025-09-20 23:24:02.908,16.361388888889
Yeast Grow 4 Days,pioreactor02,2025-09-20T21:24:16.610Z,24.46608,0.0,0.0,0.0,87.91,2025-09-20 23:24:16.610,16.365277777778
Yeast Grow 4 Days,pioreactor02,2025-09-20T21:24:16.652Z,24.46608,0.0,0.0,0.0,87.1,2025-09-20 23:24:16.652,16.365277777778
Yeast Grow 4 Days,pioreactor02,2025-09-20T21:24:25.908Z,24.77158,0.0,0.0,0.0,87.1,2025-09-20 23:24:25.908,16.367777777778
Yeast Grow 4 Days,pioreactor02,2025-09-20T21:24:48.908Z,25.11808,0.0,0.0,0.0,87.1,2025-09-20 23:24:48.908,16.374166666667
Yeast Grow 4 Days,pioreactor02,2025-09-20T21:25:11.908Z,24.98908,0.0,0.0,0.0,87.1,2025-09-20 23:25:11.908,16.380555555556
Yeast Grow 4 Days,pioreactor02,2025-09-20T21:25:34.908Z,24.93458,0.0,0.0,0.0,87.1,2025-09-20 23:25:34.908,16.386944444444
Yeast Grow 4 Days,pioreactor02,2025-09-20T21:25:45.183Z,24.93458,0.0,0.0,0.0,0.0,2025-09-20 23:25:45.183,16.39
Yeast Grow 4 Days,pioreactor02,2025-09-20T21:25:57.908Z,24.81608,0.0,0.0,0.0,0.0,2025-09-20 23:25:57.908,16.393333333333
Yeast Grow 4 Days,pioreactor02,2025-09-20T21:26:20.908Z,24.67408,0.0,0.0,0.0,0.0,2025-09-20 23:26:20.908,16.399722222222
Yeast Grow 4 Days,pioreactor02,2025-09-20T21:26:43.908Z,24.59708,0.0,0.0,0.0,0.0,2025-09-20 23:26:43.908,16.406111111111
Yeast Grow 4 Days,pioreactor02,2025-09-20T21:27:06.908Z,24.54208,0.0,0.0,0.0,0.0,2025-09-20 23:27:06.908,16.4125
Yeast Grow 4 Days,pioreactor02,2025-09-20T21:27:29.908Z,24.49208,0.0,0.0,0.0,0.0,2025-09-20 23:27:29.908,16.418888888889
Yeast Grow 4 Days,pioreactor02,2025-09-20T21:27:36.611Z,24.49208,0.0,0.0,0.0,87.1,2025-09-20 23:27:36.611,16.420833333333
Yeast Grow 4 Days,pioreactor02,2025-09-20T21:27:36.653Z,24.49208,0.0,0.0,0.0,87.53,2025-09-20 23:27:36.653,16.420833333333
Yeast Grow 4 Days,pioreactor02,2025-09-20T21:27:52.908Z,24.51358,0.0,0.0,0.0,87.53,2025-09-20 23:27:52.908,16.425277777778
Yeast Grow 4 Days,pioreactor02,2025-09-20T21:28:15.908Z,24.45858,0.0,0.0,0.0,87.53,2025-09-20 23:28:15.908,16.431666666667
Yeast Grow 4 Days,pioreactor02,2025-09-20T21:28:38.912Z,24.42708,0.0,0.0,0.0,87.53,2025-09-20 23:28:38.912,16.438055555556
Yeast Grow 4 Days,pioreactor02,2025-09-20T21:29:01.908Z,24.46808,0.0,0.0,0.0,87.53,2025-09-20 23:29:01.908,16.444444444444
Yeast Grow 4 Days,pioreactor02,2025-09-20T21:29:05.183Z,24.46808,0.0,0.0,0.0,0.0,2025-09-20 23:29:05.183,16.445555555556
Yeast Grow 4 Days,pioreactor02,2025-09-20T21:29:24.908Z,24.51508,0.0,0.0,0.0,0.0,2025-09-20 23:29:24.908,16.450833333333
Yeast Grow 4 Days,pioreactor02,2025-09-20T21:29:47.908Z,24.45708,0.0,0.0,0.0,0.0,2025-09-20 23:29:47.908,16.457222222222
Yeast Grow 4 Days,pioreactor02,2025-09-20T21:30:10.908Z,24.45708,0.0,0.0,0.0,0.0,2025-09-20 23:30:10.908,16.463611111111
Yeast Grow 4 Days,pioreactor02,2025-09-20T21:30:33.908Z,24.42258,0.0,0.0,0.0,0.0,2025-09-20 23:30:33.908,16.47
Yeast Grow 4 Days,pioreactor02,2025-09-20T21:30:56.609Z,24.42258,0.0,0.0,0.0,87.53,2025-09-20 23:30:56.609,16.476388888889
Yeast Grow 4 Days,pioreactor02,2025-09-20T21:30:56.652Z,24.42258,0.0,0.0,0.0,86.91,2025-09-20 23:30:56.652,16.476388888889
Yeast Grow 4 Days,pioreactor02,2025-09-20T21:30:56.908Z,24.41658,0.0,0.0,0.0,86.91,2025-09-20 23:30:56.908,16.476388888889
Yeast Grow 4 Days,pioreactor02,2025-09-20T21:31:19.908Z,24.45058,0.0,0.0,0.0,86.91,2025-09-20 23:31:19.908,16.482777777778
Yeast Grow 4 Days,pioreactor02,2025-09-20T21:31:42.908Z,24.44508,0.0,0.0,0.0,86.91,2025-09-20 23:31:42.908,16.489166666667
Yeast Grow 4 Days,pioreactor02,2025-09-20T21:32:05.908Z,24.46758,0.0,0.0,0.0,86.91,2025-09-20 23:32:05.908,16.495555555556
Yeast Grow 4 Days,pioreactor02,2025-09-20T21:32:25.183Z,24.46758,0.0,0.0,0.0,0.0,2025-09-20 23:32:25.183,16.501111111111
Yeast Grow 4 Days,pioreactor02,2025-09-20T21:32:28.908Z,24.44858,0.0,0.0,0.0,0.0,2025-09-20 23:32:28.908,16.501944444444
Yeast Grow 4 Days,pioreactor02,2025-09-20T21:32:51.908Z,24.48108,0.0,0.0,0.0,0.0,2025-09-20 23:32:51.908,16.508333333333
Yeast Grow 4 Days,pioreactor02,2025-09-20T21:33:14.908Z,24.48908,0.0,0.0,0.0,0.0,2025-09-20 23:33:14.908,16.514722222222
Yeast Grow 4 Days,pioreactor02,2025-09-20T21:33:37.908Z,24.48258,0.0,0.0,0.0,0.0,2025-09-20 23:33:37.908,16.521111111111
Yeast Grow 4 Days,pioreactor02,2025-09-20T21:34:00.908Z,24.45208,0.0,0.0,0.0,0.0,2025-09-20 23:34:00.908,16.5275
Yeast Grow 4 Days,pioreactor02,2025-09-20T21:34:16.609Z,24.45208,0.0,0.0,0.0,86.91,2025-09-20 23:34:16.609,16.531944444444
Yeast Grow 4 Days,pioreactor02,2025-09-20T21:34:16.652Z,24.45208,0.0,0.0,0.0,87.04,2025-09-20 23:34:16.652,16.531944444444
Yeast Grow 4 Days,pioreactor02,2025-09-20T21:34:23.908Z,24.44658,0.0,0.0,0.0,87.04,2025-09-20 23:34:23.908,16.533888888889
Yeast Grow 4 Days,pioreactor02,2025-09-20T21:34:46.908Z,24.45608,0.0,0.0,0.0,87.04,2025-09-20 23:34:46.908,16.540277777778
Yeast Grow 4 Days,pioreactor02,2025-09-20T21:35:09.908Z,24.46108,0.0,0.0,0.0,87.04,2025-09-20 23:35:09.908,16.546666666667
Yeast Grow 4 Days,pioreactor02,2025-09-20T21:35:32.908Z,24.47908,0.0,0.0,0.0,87.04,2025-09-20 23:35:32.908,16.553055555556
Yeast Grow 4 Days,pioreactor02,2025-09-20T21:35:45.183Z,24.47908,0.0,0.0,0.0,0.0,2025-09-20 23:35:45.183,16.556666666667
Yeast Grow 4 Days,pioreactor02,2025-09-20T21:35:55.908Z,24.46058,0.0,0.0,0.0,0.0,2025-09-20 23:35:55.908,16.559444444444
Yeast Grow 4 Days,pioreactor02,2025-09-20T21:36:18.908Z,24.38608,0.0,0.0,0.0,0.0,2025-09-20 23:36:18.908,16.565833333333
Yeast Grow 4 Days,pioreactor02,2025-09-20T21:36:41.908Z,24.41608,0.0,0.0,0.0,0.0,2025-09-20 23:36:41.908,16.572222222222
Yeast Grow 4 Days,pioreactor02,2025-09-20T21:37:04.912Z,24.48408,0.0,0.0,0.0,0.0,2025-09-20 23:37:04.912,16.578611111111
Yeast Grow 4 Days,pioreactor02,2025-09-20T21:37:27.908Z,24.48208,0.0,0.0,0.0,0.0,2025-09-20 23:37:27.908,16.585
Yeast Grow 4 Days,pioreactor02,2025-09-20T21:37:36.608Z,24.48208,0.0,0.0,0.0,87.04,2025-09-20 23:37:36.608,16.5875
Yeast Grow 4 Days,pioreactor02,2025-09-20T21:37:36.652Z,24.48208,0.0,0.0,0.0,86.48,2025-09-20 23:37:36.652,16.5875
Yeast Grow 4 Days,pioreactor02,2025-09-20T21:37:50.908Z,24.57508,0.0,0.0,0.0,86.48,2025-09-20 23:37:50.908,16.591388888889
Yeast Grow 4 Days,pioreactor02,2025-09-20T21:38:13.912Z,24.52958,0.0,0.0,0.0,86.48,2025-09-20 23:38:13.912,16.597777777778
Yeast Grow 4 Days,pioreactor02,2025-09-20T21:38:36.908Z,24.60108,0.0,0.0,0.0,86.48,2025-09-20 23:38:36.908,16.604166666667
Yeast Grow 4 Days,pioreactor02,2025-09-20T21:38:59.908Z,24.58508,0.0,0.0,0.0,86.48,2025-09-20 23:38:59.908,16.610555555556
Yeast Grow 4 Days,pioreactor02,2025-09-20T21:39:05.183Z,24.58508,0.0,0.0,0.0,0.0,2025-09-20 23:39:05.183,16.612222222222
Yeast Grow 4 Days,pioreactor02,2025-09-20T21:39:22.908Z,24.52408,0.0,0.0,0.0,0.0,2025-09-20 23:39:22.908,16.616944444444
Yeast Grow 4 Days,pioreactor02,2025-09-20T21:39:45.908Z,24.47508,0.0,0.0,0.0,0.0,2025-09-20 23:39:45.908,16.623333333333
Yeast Grow 4 Days,pioreactor02,2025-09-20T21:40:08.908Z,24.44008,0.0,0.0,0.0,0.0,2025-09-20 23:40:08.908,16.629722222222
Yeast Grow 4 Days,pioreactor02,2025-09-20T21:40:31.912Z,24.43758,0.0,0.0,0.0,0.0,2025-09-20 23:40:31.912,16.636111111111
Yeast Grow 4 Days,pioreactor02,2025-09-20T21:40:54.908Z,24.43808,0.0,0.0,0.0,0.0,2025-09-20 23:40:54.908,16.6425
Yeast Grow 4 Days,pioreactor02,2025-09-20T21:40:56.609Z,24.43808,0.0,0.0,0.0,86.48,2025-09-20 23:40:56.609,16.643055555556
Yeast Grow 4 Days,pioreactor02,2025-09-20T21:40:56.652Z,24.43808,0.0,0.0,0.0,87.04,2025-09-20 23:40:56.652,16.643055555556
Yeast Grow 4 Days,pioreactor02,2025-09-20T21:41:17.908Z,24.47708,0.0,0.0,0.0,87.04,2025-09-20 23:41:17.908,16.648888888889
Yeast Grow 4 Days,pioreactor02,2025-09-20T21:41:40.908Z,24.45158,0.0,0.0,0.0,87.04,2025-09-20 23:41:40.908,16.655277777778
Yeast Grow 4 Days,pioreactor02,2025-09-20T21:42:03.908Z,24.48908,0.0,0.0,0.0,87.04,2025-09-20 23:42:03.908,16.661666666667
Yeast Grow 4 Days,pioreactor02,2025-09-20T21:42:25.183Z,24.48908,0.0,0.0,0.0,0.0,2025-09-20 23:42:25.183,16.667777777778
Yeast Grow 4 Days,pioreactor02,2025-09-20T21:42:26.908Z,24.51208,0.0,0.0,0.0,0.0,2025-09-20 23:42:26.908,16.668055555556
Yeast Grow 4 Days,pioreactor02,2025-09-20T21:42:49.908Z,24.46258,0.0,0.0,0.0,0.0,2025-09-20 23:42:49.908,16.674444444444
Yeast Grow 4 Days,pioreactor02,2025-09-20T21:43:12.908Z,24.55608,0.0,0.0,0.0,0.0,2025-09-20 23:43:12.908,16.680833333333
Yeast Grow 4 Days,pioreactor02,2025-09-20T21:43:35.908Z,24.54158,0.0,0.0,0.0,0.0,2025-09-20 23:43:35.908,16.687222222222
Yeast Grow 4 Days,pioreactor02,2025-09-20T21:43:58.908Z,24.46008,0.0,0.0,0.0,0.0,2025-09-20 23:43:58.908,16.693611111111
Yeast Grow 4 Days,pioreactor02,2025-09-20T21:44:16.611Z,24.46008,0.0,0.0,0.0,87.04,2025-09-20 23:44:16.611,16.698611111111
Yeast Grow 4 Days,pioreactor02,2025-09-20T21:44:16.652Z,24.46008,0.0,0.0,0.0,86.01,2025-09-20 23:44:16.652,16.698611111111
Yeast Grow 4 Days,pioreactor02,2025-09-20T21:44:21.908Z,24.55008,0.0,0.0,0.0,86.01,2025-09-20 23:44:21.908,16.7
Yeast Grow 4 Days,pioreactor02,2025-09-20T21:44:44.908Z,24.50908,0.0,0.0,0.0,86.01,2025-09-20 23:44:44.908,16.706388888889
Yeast Grow 4 Days,pioreactor02,2025-09-20T21:45:07.908Z,24.55508,0.0,0.0,0.0,86.01,2025-09-20 23:45:07.908,16.712777777778
Yeast Grow 4 Days,pioreactor02,2025-09-20T21:45:30.908Z,24.54008,0.0,0.0,0.0,86.01,2025-09-20 23:45:30.908,16.719166666667
Yeast Grow 4 Days,pioreactor02,2025-09-20T21:45:45.183Z,24.54008,0.0,0.0,0.0,0.0,2025-09-20 23:45:45.183,16.723333333333
Yeast Grow 4 Days,pioreactor02,2025-09-20T21:45:53.908Z,24.48508,0.0,0.0,0.0,0.0,2025-09-20 23:45:53.908,16.725555555556
Yeast Grow 4 Days,pioreactor02,2025-09-20T21:46:16.908Z,24.39908,0.0,0.0,0.0,0.0,2025-09-20 23:46:16.908,16.731944444444
Yeast Grow 4 Days,pioreactor02,2025-09-20T21:46:39.908Z,24.40108,0.0,0.0,0.0,0.0,2025-09-20 23:46:39.908,16.738333333333
Yeast Grow 4 Days,pioreactor02,2025-09-20T21:47:02.908Z,24.41708,0.0,0.0,0.0,0.0,2025-09-20 23:47:02.908,16.744722222222
Yeast Grow 4 Days,pioreactor02,2025-09-20T21:47:25.908Z,24.43558,0.0,0.0,0.0,0.0,2025-09-20 23:47:25.908,16.751111111111
Yeast Grow 4 Days,pioreactor02,2025-09-20T21:47:36.609Z,24.43558,0.0,0.0,0.0,86.01,2025-09-20 23:47:36.609,16.754166666667
Yeast Grow 4 Days,pioreactor02,2025-09-20T21:47:36.652Z,24.43558,0.0,0.0,0.0,86.68,2025-09-20 23:47:36.652,16.754166666667
Yeast Grow 4 Days,pioreactor02,2025-09-20T21:47:48.908Z,24.80208,0.0,0.0,0.0,86.68,2025-09-20 23:47:48.908,16.7575
Yeast Grow 4 Days,pioreactor02,2025-09-20T21:48:11.908Z,25.11308,0.0,0.0,0.0,86.68,2025-09-20 23:48:11.908,16.763888888889
Yeast Grow 4 Days,pioreactor02,2025-09-20T21:48:34.908Z,24.98358,0.0,0.0,0.0,86.68,2025-09-20 23:48:34.908,16.770277777778
Yeast Grow 4 Days,pioreactor02,2025-09-20T21:48:57.908Z,24.90708,0.0,0.0,0.0,86.68,2025-09-20 23:48:57.908,16.776666666667
Yeast Grow 4 Days,pioreactor02,2025-09-20T21:49:05.183Z,24.90708,0.0,0.0,0.0,0.0,2025-09-20 23:49:05.183,16.778888888889
Yeast Grow 4 Days,pioreactor02,2025-09-20T21:49:20.908Z,24.77758,0.0,0.0,0.0,0.0,2025-09-20 23:49:20.908,16.783055555556
Yeast Grow 4 Days,pioreactor02,2025-09-20T21:49:43.908Z,24.65808,0.0,0.0,0.0,0.0,2025-09-20 23:49:43.908,16.789444444444
Yeast Grow 4 Days,pioreactor02,2025-09-20T21:50:06.908Z,24.61708,0.0,0.0,0.0,0.0,2025-09-20 23:50:06.908,16.795833333333
Yeast Grow 4 Days,pioreactor02,2025-09-20T21:50:29.908Z,24.56858,0.0,0.0,0.0,0.0,2025-09-20 23:50:29.908,16.802222222222
Yeast Grow 4 Days,pioreactor02,2025-09-20T21:50:52.912Z,24.54408,0.0,0.0,0.0,0.0,2025-09-20 23:50:52.912,16.808611111111
Yeast Grow 4 Days,pioreactor02,2025-09-20T21:50:56.609Z,24.54408,0.0,0.0,0.0,86.68,2025-09-20 23:50:56.609,16.809722222222
Yeast Grow 4 Days,pioreactor02,2025-09-20T21:50:56.652Z,24.54408,0.0,0.0,0.0,86.42,2025-09-20 23:50:56.652,16.809722222222
Yeast Grow 4 Days,pioreactor02,2025-09-20T21:51:15.912Z,24.60008,0.0,0.0,0.0,86.42,2025-09-20 23:51:15.912,16.815
Yeast Grow 4 Days,pioreactor02,2025-09-20T21:51:38.912Z,24.60508,0.0,0.0,0.0,86.42,2025-09-20 23:51:38.912,16.821388888889
Yeast Grow 4 Days,pioreactor02,2025-09-20T21:52:01.908Z,24.61258,0.0,0.0,0.0,86.42,2025-09-20 23:52:01.908,16.827777777778
Yeast Grow 4 Days,pioreactor02,2025-09-20T21:52:24.908Z,24.56758,0.0,0.0,0.0,86.42,2025-09-20 23:52:24.908,16.834166666667
Yeast Grow 4 Days,pioreactor02,2025-09-20T21:52:25.183Z,24.56758,0.0,0.0,0.0,0.0,2025-09-20 23:52:25.183,16.834444444444
Yeast Grow 4 Days,pioreactor02,2025-09-20T21:52:47.908Z,24.53208,0.0,0.0,0.0,0.0,2025-09-20 23:52:47.908,16.840555555556
Yeast Grow 4 Days,pioreactor02,2025-09-20T21:53:10.912Z,24.48358,0.0,0.0,0.0,0.0,2025-09-20 23:53:10.912,16.846944444444
Yeast Grow 4 Days,pioreactor02,2025-09-20T21:53:33.908Z,24.47758,0.0,0.0,0.0,0.0,2025-09-20 23:53:33.908,16.853333333333
Yeast Grow 4 Days,pioreactor02,2025-09-20T21:53:56.908Z,24.40558,0.0,0.0,0.0,0.0,2025-09-20 23:53:56.908,16.859722222222
Yeast Grow 4 Days,pioreactor02,2025-09-20T21:54:16.608Z,24.40558,0.0,0.0,0.0,86.42,2025-09-20 23:54:16.608,16.865277777778
Yeast Grow 4 Days,pioreactor02,2025-09-20T21:54:16.652Z,24.40558,0.0,0.0,0.0,85.84,2025-09-20 23:54:16.652,16.865277777778
Yeast Grow 4 Days,pioreactor02,2025-09-20T21:54:19.908Z,24.48608,0.0,0.0,0.0,85.84,2025-09-20 23:54:19.908,16.866111111111
Yeast Grow 4 Days,pioreactor02,2025-09-20T21:54:42.908Z,24.48608,0.0,0.0,0.0,85.84,2025-09-20 23:54:42.908,16.8725
Yeast Grow 4 Days,pioreactor02,2025-09-20T21:55:05.908Z,24.45008,0.0,0.0,0.0,85.84,2025-09-20 23:55:05.908,16.878888888889
Yeast Grow 4 Days,pioreactor02,2025-09-20T21:55:28.908Z,24.46558,0.0,0.0,0.0,85.84,2025-09-20 23:55:28.908,16.885277777778
Yeast Grow 4 Days,pioreactor02,2025-09-20T21:55:45.183Z,24.46558,0.0,0.0,0.0,0.0,2025-09-20 23:55:45.183,16.89
Yeast Grow 4 Days,pioreactor02,2025-09-20T21:55:51.908Z,24.42208,0.0,0.0,0.0,0.0,2025-09-20 23:55:51.908,16.891666666667
Yeast Grow 4 Days,pioreactor02,2025-09-20T21:56:14.908Z,24.42658,0.0,0.0,0.0,0.0,2025-09-20 23:56:14.908,16.898055555556
Yeast Grow 4 Days,pioreactor02,2025-09-20T21:56:37.912Z,24.41958,0.0,0.0,0.0,0.0,2025-09-20 23:56:37.912,16.904444444444
Yeast Grow 4 Days,pioreactor02,2025-09-20T21:57:00.908Z,24.39858,0.0,0.0,0.0,0.0,2025-09-20 23:57:00.908,16.910833333333
Yeast Grow 4 Days,pioreactor02,2025-09-20T21:57:23.908Z,24.37808,0.0,0.0,0.0,0.0,2025-09-20 23:57:23.908,16.917222222222
Yeast Grow 4 Days,pioreactor02,2025-09-20T21:57:36.610Z,24.37808,0.0,0.0,0.0,85.84,2025-09-20 23:57:36.610,16.920833333333
Yeast Grow 4 Days,pioreactor02,2025-09-20T21:57:36.653Z,24.37808,0.0,0.0,0.0,87.45,2025-09-20 23:57:36.653,16.920833333333
Yeast Grow 4 Days,pioreactor02,2025-09-20T21:57:46.908Z,24.47508,0.0,0.0,0.0,87.45,2025-09-20 23:57:46.908,16.923611111111
Yeast Grow 4 Days,pioreactor02,2025-09-20T21:58:09.908Z,24.47608,0.0,0.0,0.0,87.45,2025-09-20 23:58:09.908,16.93
Yeast Grow 4 Days,pioreactor02,2025-09-20T21:58:32.908Z,24.47558,0.0,0.0,0.0,87.45,2025-09-20 23:58:32.908,16.936388888889
Yeast Grow 4 Days,pioreactor02,2025-09-20T21:58:55.908Z,24.46558,0.0,0.0,0.0,87.45,2025-09-20 23:58:55.908,16.942777777778
Yeast Grow 4 Days,pioreactor02,2025-09-20T21:59:05.184Z,24.46558,0.0,0.0,0.0,0.0,2025-09-20 23:59:05.184,16.945555555556
Yeast Grow 4 Days,pioreactor02,2025-09-20T21:59:18.908Z,24.37058,0.0,0.0,0.0,0.0,2025-09-20 23:59:18.908,16.949166666667
Yeast Grow 4 Days,pioreactor02,2025-09-20T21:59:41.908Z,24.32808,0.0,0.0,0.0,0.0,2025-09-20 23:59:41.908,16.955555555556
Yeast Grow 4 Days,pioreactor02,2025-09-20T22:00:04.908Z,24.29758,0.0,0.0,0.0,0.0,2025-09-21 00:00:04.908,16.961944444444
Yeast Grow 4 Days,pioreactor02,2025-09-20T22:00:27.908Z,24.27158,0.0,0.0,0.0,0.0,2025-09-21 00:00:27.908,16.968333333333
Yeast Grow 4 Days,pioreactor02,2025-09-20T22:00:50.908Z,24.26658,0.0,0.0,0.0,0.0,2025-09-21 00:00:50.908,16.974722222222
Yeast Grow 4 Days,pioreactor02,2025-09-20T22:00:56.611Z,24.26658,0.0,0.0,0.0,87.45,2025-09-21 00:00:56.611,16.976388888889
Yeast Grow 4 Days,pioreactor02,2025-09-20T22:00:56.652Z,24.26658,0.0,0.0,0.0,86.28,2025-09-21 00:00:56.652,16.976388888889
Yeast Grow 4 Days,pioreactor02,2025-09-20T22:01:13.908Z,24.66458,0.0,0.0,0.0,86.28,2025-09-21 00:01:13.908,16.981111111111
Yeast Grow 4 Days,pioreactor02,2025-09-20T22:01:36.908Z,25.01658,0.0,0.0,0.0,86.28,2025-09-21 00:01:36.908,16.9875
Yeast Grow 4 Days,pioreactor02,2025-09-20T22:01:59.908Z,24.86158,0.0,0.0,0.0,86.28,2025-09-21 00:01:59.908,16.993888888889
Yeast Grow 4 Days,pioreactor02,2025-09-20T22:02:22.908Z,24.81608,0.0,0.0,0.0,86.28,2025-09-21 00:02:22.908,17.000277777778
Yeast Grow 4 Days,pioreactor02,2025-09-20T22:02:25.183Z,24.81608,0.0,0.0,0.0,0.0,2025-09-21 00:02:25.183,17.001111111111
Yeast Grow 4 Days,pioreactor02,2025-09-20T22:02:45.908Z,24.73508,0.0,0.0,0.0,0.0,2025-09-21 00:02:45.908,17.006666666667
Yeast Grow 4 Days,pioreactor02,2025-09-20T22:03:08.908Z,24.65808,0.0,0.0,0.0,0.0,2025-09-21 00:03:08.908,17.013055555556
Yeast Grow 4 Days,pioreactor02,2025-09-20T22:03:31.908Z,24.63208,0.0,0.0,0.0,0.0,2025-09-21 00:03:31.908,17.019444444444
Yeast Grow 4 Days,pioreactor02,2025-09-20T22:03:54.908Z,24.64908,0.0,0.0,0.0,0.0,2025-09-21 00:03:54.908,17.025833333333
Yeast Grow 4 Days,pioreactor02,2025-09-20T22:04:16.610Z,24.64908,0.0,0.0,0.0,86.28,2025-09-21 00:04:16.610,17.031944444444
Yeast Grow 4 Days,pioreactor02,2025-09-20T22:04:16.652Z,24.64908,0.0,0.0,0.0,87.49,2025-09-21 00:04:16.652,17.031944444444
Yeast Grow 4 Days,pioreactor02,2025-09-20T22:04:17.908Z,24.57308,0.0,0.0,0.0,87.49,2025-09-21 00:04:17.908,17.032222222222
Yeast Grow 4 Days,pioreactor02,2025-09-20T22:04:40.908Z,24.63008,0.0,0.0,0.0,87.49,2025-09-21 00:04:40.908,17.038611111111
Yeast Grow 4 Days,pioreactor02,2025-09-20T22:05:03.908Z,24.57158,0.0,0.0,0.0,87.49,2025-09-21 00:05:03.908,17.045
Yeast Grow 4 Days,pioreactor02,2025-09-20T22:05:26.908Z,24.68208,0.0,0.0,0.0,87.49,2025-09-21 00:05:26.908,17.051388888889
Yeast Grow 4 Days,pioreactor02,2025-09-20T22:05:45.183Z,24.68208,0.0,0.0,0.0,0.0,2025-09-21 00:05:45.183,17.056666666667
Yeast Grow 4 Days,pioreactor02,2025-09-20T22:05:49.908Z,24.63008,0.0,0.0,0.0,0.0,2025-09-21 00:05:49.908,17.057777777778
Yeast Grow 4 Days,pioreactor02,2025-09-20T22:06:12.908Z,24.54558,0.0,0.0,0.0,0.0,2025-09-21 00:06:12.908,17.064166666667
Yeast Grow 4 Days,pioreactor02,2025-09-20T22:06:35.908Z,24.47108,0.0,0.0,0.0,0.0,2025-09-21 00:06:35.908,17.070555555556
Yeast Grow 4 Days,pioreactor02,2025-09-20T22:06:58.908Z,24.50858,0.0,0.0,0.0,0.0,2025-09-21 00:06:58.908,17.076944444444
Yeast Grow 4 Days,pioreactor02,2025-09-20T22:07:21.908Z,24.53158,0.0,0.0,0.0,0.0,2025-09-21 00:07:21.908,17.083333333333
Yeast Grow 4 Days,pioreactor02,2025-09-20T22:07:36.610Z,24.53158,0.0,0.0,0.0,87.49,2025-09-21 00:07:36.610,17.0875
Yeast Grow 4 Days,pioreactor02,2025-09-20T22:07:36.653Z,24.53158,0.0,0.0,0.0,87.4,2025-09-21 00:07:36.653,17.0875
Yeast Grow 4 Days,pioreactor02,2025-09-20T22:07:44.908Z,24.55708,0.0,0.0,0.0,87.4,2025-09-21 00:07:44.908,17.089722222222
Yeast Grow 4 Days,pioreactor02,2025-09-20T22:08:07.908Z,24.51408,0.0,0.0,0.0,87.4,2025-09-21 00:08:07.908,17.096111111111
Yeast Grow 4 Days,pioreactor02,2025-09-20T22:08:30.908Z,24.54358,0.0,0.0,0.0,87.4,2025-09-21 00:08:30.908,17.1025
Yeast Grow 4 Days,pioreactor02,2025-09-20T22:08:53.908Z,24.52408,0.0,0.0,0.0,87.4,2025-09-21 00:08:53.908,17.108888888889
Yeast Grow 4 Days,pioreactor02,2025-09-20T22:09:05.183Z,24.52408,0.0,0.0,0.0,0.0,2025-09-21 00:09:05.183,17.112222222222
Yeast Grow 4 Days,pioreactor02,2025-09-20T22:09:16.908Z,24.52408,0.0,0.0,0.0,0.0,2025-09-21 00:09:16.908,17.115277777778
Yeast Grow 4 Days,pioreactor02,2025-09-20T22:09:39.908Z,24.46408,0.0,0.0,0.0,0.0,2025-09-21 00:09:39.908,17.121666666667
Yeast Grow 4 Days,pioreactor02,2025-09-20T22:10:02.908Z,24.41858,0.0,0.0,0.0,0.0,2025-09-21 00:10:02.908,17.128055555556
Yeast Grow 4 Days,pioreactor02,2025-09-20T22:10:25.912Z,24.36458,0.0,0.0,0.0,0.0,2025-09-21 00:10:25.912,17.134444444444
Yeast Grow 4 Days,pioreactor02,2025-09-20T22:10:48.908Z,24.33208,0.0,0.0,0.0,0.0,2025-09-21 00:10:48.908,17.140833333333
Yeast Grow 4 Days,pioreactor02,2025-09-20T22:10:56.609Z,24.33208,0.0,0.0,0.0,87.4,2025-09-21 00:10:56.609,17.143055555556
Yeast Grow 4 Days,pioreactor02,2025-09-20T22:10:56.656Z,24.33208,0.0,0.0,0.0,87.37,2025-09-21 00:10:56.656,17.143055555556
Yeast Grow 4 Days,pioreactor02,2025-09-20T22:11:11.908Z,24.33758,0.0,0.0,0.0,87.37,2025-09-21 00:11:11.908,17.147222222222
Yeast Grow 4 Days,pioreactor02,2025-09-20T22:11:34.908Z,24.36358,0.0,0.0,0.0,87.37,2025-09-21 00:11:34.908,17.153611111111
Yeast Grow 4 Days,pioreactor02,2025-09-20T22:11:57.908Z,24.72108,0.0,0.0,0.0,87.37,2025-09-21 00:11:57.908,17.16
Yeast Grow 4 Days,pioreactor02,2025-09-20T22:12:20.908Z,25.11408,0.0,0.0,0.0,87.37,2025-09-21 00:12:20.908,17.166388888889
Yeast Grow 4 Days,pioreactor02,2025-09-20T22:12:25.183Z,25.11408,0.0,0.0,0.0,0.0,2025-09-21 00:12:25.183,17.167777777778
Yeast Grow 4 Days,pioreactor02,2025-09-20T22:12:43.908Z,24.92958,0.0,0.0,0.0,0.0,2025-09-21 00:12:43.908,17.172777777778
Yeast Grow 4 Days,pioreactor02,2025-09-20T22:13:06.908Z,24.82258,0.0,0.0,0.0,0.0,2025-09-21 00:13:06.908,17.179166666667
Yeast Grow 4 Days,pioreactor02,2025-09-20T22:13:29.908Z,24.73808,0.0,0.0,0.0,0.0,2025-09-21 00:13:29.908,17.185555555556
Yeast Grow 4 Days,pioreactor02,2025-09-20T22:13:52.908Z,24.69408,0.0,0.0,0.0,0.0,2025-09-21 00:13:52.908,17.191944444444
Yeast Grow 4 Days,pioreactor02,2025-09-20T22:14:15.908Z,24.63708,0.0,0.0,0.0,0.0,2025-09-21 00:14:15.908,17.198333333333
Yeast Grow 4 Days,pioreactor02,2025-09-20T22:14:16.610Z,24.63708,0.0,0.0,0.0,87.37,2025-09-21 00:14:16.610,17.198611111111
Yeast Grow 4 Days,pioreactor02,2025-09-20T22:14:16.652Z,24.63708,0.0,0.0,0.0,85.82,2025-09-21 00:14:16.652,17.198611111111
Yeast Grow 4 Days,pioreactor02,2025-09-20T22:14:38.908Z,24.65408,0.0,0.0,0.0,85.82,2025-09-21 00:14:38.908,17.204722222222
Yeast Grow 4 Days,pioreactor02,2025-09-20T22:15:01.908Z,24.66308,0.0,0.0,0.0,85.82,2025-09-21 00:15:01.908,17.211111111111
Yeast Grow 4 Days,pioreactor02,2025-09-20T22:15:24.908Z,24.66508,0.0,0.0,0.0,85.82,2025-09-21 00:15:24.908,17.2175
Yeast Grow 4 Days,pioreactor02,2025-09-20T22:15:45.184Z,24.66508,0.0,0.0,0.0,0.0,2025-09-21 00:15:45.184,17.223333333333
Yeast Grow 4 Days,pioreactor02,2025-09-20T22:15:47.912Z,24.61208,0.0,0.0,0.0,0.0,2025-09-21 00:15:47.912,17.223888888889
Yeast Grow 4 Days,pioreactor02,2025-09-20T22:16:10.908Z,24.53758,0.0,0.0,0.0,0.0,2025-09-21 00:16:10.908,17.230277777778
Yeast Grow 4 Days,pioreactor02,2025-09-20T22:16:33.908Z,24.50308,0.0,0.0,0.0,0.0,2025-09-21 00:16:33.908,17.236666666667
Yeast Grow 4 Days,pioreactor02,2025-09-20T22:16:56.908Z,24.45008,0.0,0.0,0.0,0.0,2025-09-21 00:16:56.908,17.243055555556
Yeast Grow 4 Days,pioreactor02,2025-09-20T22:17:19.908Z,24.41158,0.0,0.0,0.0,0.0,2025-09-21 00:17:19.908,17.249444444444
Yeast Grow 4 Days,pioreactor02,2025-09-20T22:17:36.609Z,24.41158,0.0,0.0,0.0,85.82,2025-09-21 00:17:36.609,17.254166666667
Yeast Grow 4 Days,pioreactor02,2025-09-20T22:17:36.652Z,24.41158,0.0,0.0,0.0,86.26,2025-09-21 00:17:36.652,17.254166666667
Yeast Grow 4 Days,pioreactor02,2025-09-20T22:17:42.908Z,24.38558,0.0,0.0,0.0,86.26,2025-09-21 00:17:42.908,17.255833333333
Yeast Grow 4 Days,pioreactor02,2025-09-20T22:18:05.908Z,24.36758,0.0,0.0,0.0,86.26,2025-09-21 00:18:05.908,17.262222222222
Yeast Grow 4 Days,pioreactor02,2025-09-20T22:18:28.908Z,24.39408,0.0,0.0,0.0,86.26,2025-09-21 00:18:28.908,17.268611111111
Yeast Grow 4 Days,pioreactor02,2025-09-20T22:18:51.908Z,24.42358,0.0,0.0,0.0,86.26,2025-09-21 00:18:51.908,17.275
Yeast Grow 4 Days,pioreactor02,2025-09-20T22:19:05.183Z,24.42358,0.0,0.0,0.0,0.0,2025-09-21 00:19:05.183,17.278888888889
Yeast Grow 4 Days,pioreactor02,2025-09-20T22:19:14.908Z,24.36208,0.0,0.0,0.0,0.0,2025-09-21 00:19:14.908,17.281388888889
Yeast Grow 4 Days,pioreactor02,2025-09-20T22:19:37.908Z,24.35608,0.0,0.0,0.0,0.0,2025-09-21 00:19:37.908,17.287777777778
Yeast Grow 4 Days,pioreactor02,2025-09-20T22:20:00.908Z,24.36158,0.0,0.0,0.0,0.0,2025-09-21 00:20:00.908,17.294166666667
Yeast Grow 4 Days,pioreactor02,2025-09-20T22:20:23.908Z,24.38008,0.0,0.0,0.0,0.0,2025-09-21 00:20:23.908,17.300555555556
Yeast Grow 4 Days,pioreactor02,2025-09-20T22:20:46.908Z,24.34508,0.0,0.0,0.0,0.0,2025-09-21 00:20:46.908,17.306944444444
Yeast Grow 4 Days,pioreactor02,2025-09-20T22:20:56.608Z,24.34508,0.0,0.0,0.0,86.26,2025-09-21 00:20:56.608,17.309722222222
Yeast Grow 4 Days,pioreactor02,2025-09-20T22:20:56.652Z,24.34508,0.0,0.0,0.0,85.46,2025-09-21 00:20:56.652,17.309722222222
Yeast Grow 4 Days,pioreactor02,2025-09-20T22:21:09.908Z,24.76158,0.0,0.0,0.0,85.46,2025-09-21 00:21:09.908,17.313333333333
Yeast Grow 4 Days,pioreactor02,2025-09-20T22:21:32.908Z,25.08458,0.0,0.0,0.0,85.46,2025-09-21 00:21:32.908,17.319722222222
Yeast Grow 4 Days,pioreactor02,2025-09-20T22:21:55.908Z,24.98258,0.0,0.0,0.0,85.46,2025-09-21 00:21:55.908,17.326111111111
Yeast Grow 4 Days,pioreactor02,2025-09-20T22:22:18.908Z,24.87008,0.0,0.0,0.0,85.46,2025-09-21 00:22:18.908,17.3325
Yeast Grow 4 Days,pioreactor02,2025-09-20T22:22:25.183Z,24.87008,0.0,0.0,0.0,0.0,2025-09-21 00:22:25.183,17.334444444444
Yeast Grow 4 Days,pioreactor02,2025-09-20T22:22:41.908Z,24.78158,0.0,0.0,0.0,0.0,2025-09-21 00:22:41.908,17.338888888889
Yeast Grow 4 Days,pioreactor02,2025-09-20T22:23:04.908Z,24.65058,0.0,0.0,0.0,0.0,2025-09-21 00:23:04.908,17.345277777778
Yeast Grow 4 Days,pioreactor02,2025-09-20T22:23:27.908Z,24.61908,0.0,0.0,0.0,0.0,2025-09-21 00:23:27.908,17.351666666667
Yeast Grow 4 Days,pioreactor02,2025-09-20T22:23:50.908Z,24.49708,0.0,0.0,0.0,0.0,2025-09-21 00:23:50.908,17.358055555556
Yeast Grow 4 Days,pioreactor02,2025-09-20T22:24:13.908Z,24.45958,0.0,0.0,0.0,0.0,2025-09-21 00:24:13.908,17.364444444444
Yeast Grow 4 Days,pioreactor02,2025-09-20T22:24:16.608Z,24.45958,0.0,0.0,0.0,85.46,2025-09-21 00:24:16.608,17.365277777778
Yeast Grow 4 Days,pioreactor02,2025-09-20T22:24:16.652Z,24.45958,0.0,0.0,0.0,86.01,2025-09-21 00:24:16.652,17.365277777778
Yeast Grow 4 Days,pioreactor02,2025-09-20T22:24:36.908Z,24.52358,0.0,0.0,0.0,86.01,2025-09-21 00:24:36.908,17.370833333333
Yeast Grow 4 Days,pioreactor02,2025-09-20T22:24:59.908Z,24.50708,0.0,0.0,0.0,86.01,2025-09-21 00:24:59.908,17.377222222222
Yeast Grow 4 Days,pioreactor02,2025-09-20T22:25:22.908Z,24.50058,0.0,0.0,0.0,86.01,2025-09-21 00:25:22.908,17.383611111111
Yeast Grow 4 Days,pioreactor02,2025-09-20T22:25:45.183Z,24.50058,0.0,0.0,0.0,0.0,2025-09-21 00:25:45.183,17.39
Yeast Grow 4 Days,pioreactor02,2025-09-20T22:25:45.912Z,24.49758,0.0,0.0,0.0,0.0,2025-09-21 00:25:45.912,17.39
Yeast Grow 4 Days,pioreactor02,2025-09-20T22:26:08.908Z,24.46458,0.0,0.0,0.0,0.0,2025-09-21 00:26:08.908,17.396388888889
Yeast Grow 4 Days,pioreactor02,2025-09-20T22:26:31.908Z,24.38208,0.0,0.0,0.0,0.0,2025-09-21 00:26:31.908,17.402777777778
Yeast Grow 4 Days,pioreactor02,2025-09-20T22:26:54.912Z,24.47708,0.0,0.0,0.0,0.0,2025-09-21 00:26:54.912,17.409166666667
Yeast Grow 4 Days,pioreactor02,2025-09-20T22:27:17.908Z,24.43808,0.0,0.0,0.0,0.0,2025-09-21 00:27:17.908,17.415555555556
Yeast Grow 4 Days,pioreactor02,2025-09-20T22:27:36.610Z,24.43808,0.0,0.0,0.0,86.01,2025-09-21 00:27:36.610,17.420833333333
Yeast Grow 4 Days,pioreactor02,2025-09-20T22:27:36.656Z,24.43808,0.0,0.0,0.0,87.47,2025-09-21 00:27:36.656,17.420833333333
Yeast Grow 4 Days,pioreactor02,2025-09-20T22:27:40.908Z,24.44058,0.0,0.0,0.0,87.47,2025-09-21 00:27:40.908,17.421944444444
Yeast Grow 4 Days,pioreactor02,2025-09-20T22:28:03.908Z,24.42908,0.0,0.0,0.0,87.47,2025-09-21 00:28:03.908,17.428333333333
Yeast Grow 4 Days,pioreactor02,2025-09-20T22:28:26.908Z,24.50658,0.0,0.0,0.0,87.47,2025-09-21 00:28:26.908,17.434722222222
Yeast Grow 4 Days,pioreactor02,2025-09-20T22:28:49.912Z,24.51108,0.0,0.0,0.0,87.47,2025-09-21 00:28:49.912,17.441111111111
Yeast Grow 4 Days,pioreactor02,2025-09-20T22:29:05.183Z,24.51108,0.0,0.0,0.0,0.0,2025-09-21 00:29:05.183,17.445555555556
Yeast Grow 4 Days,pioreactor02,2025-09-20T22:29:12.908Z,24.46358,0.0,0.0,0.0,0.0,2025-09-21 00:29:12.908,17.4475
Yeast Grow 4 Days,pioreactor02,2025-09-20T22:29:35.908Z,24.49858,0.0,0.0,0.0,0.0,2025-09-21 00:29:35.908,17.453888888889
Yeast Grow 4 Days,pioreactor02,2025-09-20T22:29:58.908Z,24.42608,0.0,0.0,0.0,0.0,2025-09-21 00:29:58.908,17.460277777778
Yeast Grow 4 Days,pioreactor02,2025-09-20T22:30:21.908Z,24.39458,0.0,0.0,0.0,0.0,2025-09-21 00:30:21.908,17.466666666667
Yeast Grow 4 Days,pioreactor02,2025-09-20T22:30:44.908Z,24.41358,0.0,0.0,0.0,0.0,2025-09-21 00:30:44.908,17.473055555556
Yeast Grow 4 Days,pioreactor02,2025-09-20T22:30:56.611Z,24.41358,0.0,0.0,0.0,87.47,2025-09-21 00:30:56.611,17.476388888889
Yeast Grow 4 Days,pioreactor02,2025-09-20T22:30:56.656Z,24.41358,0.0,0.0,0.0,86.96,2025-09-21 00:30:56.656,17.476388888889
Yeast Grow 4 Days,pioreactor02,2025-09-20T22:31:07.908Z,24.40208,0.0,0.0,0.0,86.96,2025-09-21 00:31:07.908,17.479444444444
Yeast Grow 4 Days,pioreactor02,2025-09-20T22:31:30.908Z,24.43208,0.0,0.0,0.0,86.96,2025-09-21 00:31:30.908,17.485833333333
Yeast Grow 4 Days,pioreactor02,2025-09-20T22:31:53.908Z,24.44358,0.0,0.0,0.0,86.96,2025-09-21 00:31:53.908,17.492222222222
Yeast Grow 4 Days,pioreactor02,2025-09-20T22:32:16.908Z,24.44858,0.0,0.0,0.0,86.96,2025-09-21 00:32:16.908,17.498611111111
Yeast Grow 4 Days,pioreactor02,2025-09-20T22:32:25.183Z,24.44858,0.0,0.0,0.0,0.0,2025-09-21 00:32:25.183,17.501111111111
Yeast Grow 4 Days,pioreactor02,2025-09-20T22:32:39.908Z,24.41508,0.0,0.0,0.0,0.0,2025-09-21 00:32:39.908,17.505
Yeast Grow 4 Days,pioreactor02,2025-09-20T22:33:02.908Z,24.36408,0.0,0.0,0.0,0.0,2025-09-21 00:33:02.908,17.511388888889
Yeast Grow 4 Days,pioreactor02,2025-09-20T22:33:25.912Z,24.39108,0.0,0.0,0.0,0.0,2025-09-21 00:33:25.912,17.517777777778
Yeast Grow 4 Days,pioreactor02,2025-09-20T22:33:48.908Z,24.37908,0.0,0.0,0.0,0.0,2025-09-21 00:33:48.908,17.524166666667
Yeast Grow 4 Days,pioreactor02,2025-09-20T22:34:11.908Z,24.38008,0.0,0.0,0.0,0.0,2025-09-21 00:34:11.908,17.530555555556
Yeast Grow 4 Days,pioreactor02,2025-09-20T22:34:16.610Z,24.38008,0.0,0.0,0.0,86.96,2025-09-21 00:34:16.610,17.531944444444
Yeast Grow 4 Days,pioreactor02,2025-09-20T22:34:16.652Z,24.38008,0.0,0.0,0.0,87.09,2025-09-21 00:34:16.652,17.531944444444
Yeast Grow 4 Days,pioreactor02,2025-09-20T22:34:34.908Z,24.36008,0.0,0.0,0.0,87.09,2025-09-21 00:34:34.908,17.536944444444
Yeast Grow 4 Days,pioreactor02,2025-09-20T22:34:57.908Z,24.70758,0.0,0.0,0.0,87.09,2025-09-21 00:34:57.908,17.543333333333
Yeast Grow 4 Days,pioreactor02,2025-09-20T22:35:20.908Z,25.03108,0.0,0.0,0.0,87.09,2025-09-21 00:35:20.908,17.549722222222
Yeast Grow 4 Days,pioreactor02,2025-09-20T22:35:43.908Z,24.91908,0.0,0.0,0.0,87.09,2025-09-21 00:35:43.908,17.556111111111
Yeast Grow 4 Days,pioreactor02,2025-09-20T22:35:45.183Z,24.91908,0.0,0.0,0.0,0.0,2025-09-21 00:35:45.183,17.556666666667
Yeast Grow 4 Days,pioreactor02,2025-09-20T22:36:06.908Z,24.78858,0.0,0.0,0.0,0.0,2025-09-21 00:36:06.908,17.5625
Yeast Grow 4 Days,pioreactor02,2025-09-20T22:36:29.908Z,24.66458,0.0,0.0,0.0,0.0,2025-09-21 00:36:29.908,17.568888888889
Yeast Grow 4 Days,pioreactor02,2025-09-20T22:36:52.908Z,24.55408,0.0,0.0,0.0,0.0,2025-09-21 00:36:52.908,17.575277777778
Yeast Grow 4 Days,pioreactor02,2025-09-20T22:37:15.908Z,24.46058,0.0,0.0,0.0,0.0,2025-09-21 00:37:15.908,17.581666666667
Yeast Grow 4 Days,pioreactor02,2025-09-20T22:37:36.610Z,24.46058,0.0,0.0,0.0,87.09,2025-09-21 00:37:36.610,17.5875
Yeast Grow 4 Days,pioreactor02,2025-09-20T22:37:36.656Z,24.46058,0.0,0.0,0.0,87.22,2025-09-21 00:37:36.656,17.5875
Yeast Grow 4 Days,pioreactor02,2025-09-20T22:37:38.908Z,24.50208,0.0,0.0,0.0,87.22,2025-09-21 00:37:38.908,17.588055555556
Yeast Grow 4 Days,pioreactor02,2025-09-20T22:38:01.908Z,24.49358,0.0,0.0,0.0,87.22,2025-09-21 00:38:01.908,17.594444444444
Yeast Grow 4 Days,pioreactor02,2025-09-20T22:38:24.908Z,24.45608,0.0,0.0,0.0,87.22,2025-09-21 00:38:24.908,17.600833333333
Yeast Grow 4 Days,pioreactor02,2025-09-20T22:38:47.908Z,24.41608,0.0,0.0,0.0,87.22,2025-09-21 00:38:47.908,17.607222222222
Yeast Grow 4 Days,pioreactor02,2025-09-20T22:39:05.183Z,24.41608,0.0,0.0,0.0,0.0,2025-09-21 00:39:05.183,17.612222222222
Yeast Grow 4 Days,pioreactor02,2025-09-20T22:39:10.908Z,24.45558,0.0,0.0,0.0,0.0,2025-09-21 00:39:10.908,17.613611111111
Yeast Grow 4 Days,pioreactor02,2025-09-20T22:39:33.908Z,24.38758,0.0,0.0,0.0,0.0,2025-09-21 00:39:33.908,17.62
Yeast Grow 4 Days,pioreactor02,2025-09-20T22:39:56.908Z,24.40958,0.0,0.0,0.0,0.0,2025-09-21 00:39:56.908,17.626388888889
Yeast Grow 4 Days,pioreactor02,2025-09-20T22:40:19.908Z,24.42108,0.0,0.0,0.0,0.0,2025-09-21 00:40:19.908,17.632777777778
Yeast Grow 4 Days,pioreactor02,2025-09-20T22:40:42.908Z,24.43358,0.0,0.0,0.0,0.0,2025-09-21 00:40:42.908,17.639166666667
Yeast Grow 4 Days,pioreactor02,2025-09-20T22:40:56.610Z,24.43358,0.0,0.0,0.0,87.22,2025-09-21 00:40:56.610,17.643055555556
Yeast Grow 4 Days,pioreactor02,2025-09-20T22:40:56.652Z,24.43358,0.0,0.0,0.0,87.78,2025-09-21 00:40:56.652,17.643055555556
Yeast Grow 4 Days,pioreactor02,2025-09-20T22:41:05.912Z,24.50408,0.0,0.0,0.0,87.78,2025-09-21 00:41:05.912,17.645555555556
Yeast Grow 4 Days,pioreactor02,2025-09-20T22:41:28.908Z,24.53658,0.0,0.0,0.0,87.78,2025-09-21 00:41:28.908,17.651944444444
Yeast Grow 4 Days,pioreactor02,2025-09-20T22:41:51.908Z,24.49258,0.0,0.0,0.0,87.78,2025-09-21 00:41:51.908,17.658333333333
Yeast Grow 4 Days,pioreactor02,2025-09-20T22:42:14.908Z,24.68258,0.0,0.0,0.0,87.78,2025-09-21 00:42:14.908,17.664722222222
Yeast Grow 4 Days,pioreactor02,2025-09-20T22:42:25.183Z,24.68258,0.0,0.0,0.0,0.0,2025-09-21 00:42:25.183,17.667777777778
Yeast Grow 4 Days,pioreactor02,2025-09-20T22:42:37.908Z,24.56108,0.0,0.0,0.0,0.0,2025-09-21 00:42:37.908,17.671111111111
Yeast Grow 4 Days,pioreactor02,2025-09-20T22:43:00.908Z,24.58758,0.0,0.0,0.0,0.0,2025-09-21 00:43:00.908,17.6775
Yeast Grow 4 Days,pioreactor02,2025-09-20T22:43:23.908Z,24.57508,0.0,0.0,0.0,0.0,2025-09-21 00:43:23.908,17.683888888889
Yeast Grow 4 Days,pioreactor02,2025-09-20T22:43:46.908Z,24.48558,0.0,0.0,0.0,0.0,2025-09-21 00:43:46.908,17.690277777778
Yeast Grow 4 Days,pioreactor02,2025-09-20T22:44:09.908Z,24.48658,0.0,0.0,0.0,0.0,2025-09-21 00:44:09.908,17.696666666667
Yeast Grow 4 Days,pioreactor02,2025-09-20T22:44:16.609Z,24.48658,0.0,0.0,0.0,87.78,2025-09-21 00:44:16.609,17.698611111111
Yeast Grow 4 Days,pioreactor02,2025-09-20T22:44:16.652Z,24.48658,0.0,0.0,0.0,87.42,2025-09-21 00:44:16.652,17.698611111111
Yeast Grow 4 Days,pioreactor02,2025-09-20T22:44:32.908Z,24.49208,0.0,0.0,0.0,87.42,2025-09-21 00:44:32.908,17.703055555556
Yeast Grow 4 Days,pioreactor02,2025-09-20T22:44:55.908Z,24.53258,0.0,0.0,0.0,87.42,2025-09-21 00:44:55.908,17.709444444444
Yeast Grow 4 Days,pioreactor02,2025-09-20T22:45:18.908Z,24.54308,0.0,0.0,0.0,87.42,2025-09-21 00:45:18.908,17.715833333333
Yeast Grow 4 Days,pioreactor02,2025-09-20T22:45:41.908Z,24.55458,0.0,0.0,0.0,87.42,2025-09-21 00:45:41.908,17.722222222222
Yeast Grow 4 Days,pioreactor02,2025-09-20T22:45:45.183Z,24.55458,0.0,0.0,0.0,0.0,2025-09-21 00:45:45.183,17.723333333333
Yeast Grow 4 Days,pioreactor02,2025-09-20T22:46:04.908Z,24.48608,0.0,0.0,0.0,0.0,2025-09-21 00:46:04.908,17.728611111111
Yeast Grow 4 Days,pioreactor02,2025-09-20T22:46:27.908Z,24.46158,0.0,0.0,0.0,0.0,2025-09-21 00:46:27.908,17.735
Yeast Grow 4 Days,pioreactor02,2025-09-20T22:46:50.908Z,24.42208,0.0,0.0,0.0,0.0,2025-09-21 00:46:50.908,17.741388888889
Yeast Grow 4 Days,pioreactor02,2025-09-20T22:47:13.908Z,24.42308,0.0,0.0,0.0,0.0,2025-09-21 00:47:13.908,17.747777777778
Yeast Grow 4 Days,pioreactor02,2025-09-20T22:47:36.610Z,24.42308,0.0,0.0,0.0,87.42,2025-09-21 00:47:36.610,17.754166666667
Yeast Grow 4 Days,pioreactor02,2025-09-20T22:47:36.656Z,24.42308,0.0,0.0,0.0,87.33,2025-09-21 00:47:36.656,17.754166666667
Yeast Grow 4 Days,pioreactor02,2025-09-20T22:47:36.908Z,24.37058,0.0,0.0,0.0,87.33,2025-09-21 00:47:36.908,17.754166666667
Yeast Grow 4 Days,pioreactor02,2025-09-20T22:47:59.908Z,24.38558,0.0,0.0,0.0,87.33,2025-09-21 00:47:59.908,17.760555555556
Yeast Grow 4 Days,pioreactor02,2025-09-20T22:48:22.908Z,24.45158,0.0,0.0,0.0,87.33,2025-09-21 00:48:22.908,17.766944444444
Yeast Grow 4 Days,pioreactor02,2025-09-20T22:48:45.908Z,24.53258,0.0,0.0,0.0,87.33,2025-09-21 00:48:45.908,17.773333333333
Yeast Grow 4 Days,pioreactor02,2025-09-20T22:49:05.183Z,24.53258,0.0,0.0,0.0,0.0,2025-09-21 00:49:05.183,17.778888888889
Yeast Grow 4 Days,pioreactor02,2025-09-20T22:49:08.908Z,24.54958,0.0,0.0,0.0,0.0,2025-09-21 00:49:08.908,17.779722222222
Yeast Grow 4 Days,pioreactor02,2025-09-20T22:49:31.908Z,24.53108,0.0,0.0,0.0,0.0,2025-09-21 00:49:31.908,17.786111111111
Yeast Grow 4 Days,pioreactor02,2025-09-20T22:49:54.908Z,24.45808,0.0,0.0,0.0,0.0,2025-09-21 00:49:54.908,17.7925
Yeast Grow 4 Days,pioreactor02,2025-09-20T22:50:17.908Z,24.46858,0.0,0.0,0.0,0.0,2025-09-21 00:50:17.908,17.798888888889
Yeast Grow 4 Days,pioreactor02,2025-09-20T22:50:40.908Z,24.49308,0.0,0.0,0.0,0.0,2025-09-21 00:50:40.908,17.805277777778
Yeast Grow 4 Days,pioreactor02,2025-09-20T22:50:56.613Z,24.49308,0.0,0.0,0.0,87.33,2025-09-21 00:50:56.613,17.809722222222
Yeast Grow 4 Days,pioreactor02,2025-09-20T22:50:56.656Z,24.49308,0.0,0.0,0.0,87.19,2025-09-21 00:50:56.656,17.809722222222
Yeast Grow 4 Days,pioreactor02,2025-09-20T22:51:03.908Z,24.50958,0.0,0.0,0.0,87.19,2025-09-21 00:51:03.908,17.811666666667
Yeast Grow 4 Days,pioreactor02,2025-09-20T22:51:26.908Z,24.53758,0.0,0.0,0.0,87.19,2025-09-21 00:51:26.908,17.818055555556
Yeast Grow 4 Days,pioreactor02,2025-09-20T22:51:49.908Z,24.54158,0.0,0.0,0.0,87.19,2025-09-21 00:51:49.908,17.824444444444
Yeast Grow 4 Days,pioreactor02,2025-09-20T22:52:12.908Z,24.54008,0.0,0.0,0.0,87.19,2025-09-21 00:52:12.908,17.830833333333
Yeast Grow 4 Days,pioreactor02,2025-09-20T22:52:25.183Z,24.54008,0.0,0.0,0.0,0.0,2025-09-21 00:52:25.183,17.834444444444
Yeast Grow 4 Days,pioreactor02,2025-09-20T22:52:35.908Z,24.50008,0.0,0.0,0.0,0.0,2025-09-21 00:52:35.908,17.837222222222
Yeast Grow 4 Days,pioreactor02,2025-09-20T22:52:58.908Z,24.43158,0.0,0.0,0.0,0.0,2025-09-21 00:52:58.908,17.843611111111
Yeast Grow 4 Days,pioreactor02,2025-09-20T22:53:21.908Z,24.41008,0.0,0.0,0.0,0.0,2025-09-21 00:53:21.908,17.85
Yeast Grow 4 Days,pioreactor02,2025-09-20T22:53:44.908Z,24.44058,0.0,0.0,0.0,0.0,2025-09-21 00:53:44.908,17.856388888889
Yeast Grow 4 Days,pioreactor02,2025-09-20T22:54:07.908Z,24.35258,0.0,0.0,0.0,0.0,2025-09-21 00:54:07.908,17.862777777778
Yeast Grow 4 Days,pioreactor02,2025-09-20T22:54:16.610Z,24.35258,0.0,0.0,0.0,87.19,2025-09-21 00:54:16.610,17.865277777778
Yeast Grow 4 Days,pioreactor02,2025-09-20T22:54:16.652Z,24.35258,0.0,0.0,0.0,87.79,2025-09-21 00:54:16.652,17.865277777778
Yeast Grow 4 Days,pioreactor02,2025-09-20T22:54:30.908Z,24.47958,0.0,0.0,0.0,87.79,2025-09-21 00:54:30.908,17.869166666667
Yeast Grow 4 Days,pioreactor02,2025-09-20T22:54:53.908Z,24.46458,0.0,0.0,0.0,87.79,2025-09-21 00:54:53.908,17.875555555556
Yeast Grow 4 Days,pioreactor02,2025-09-20T22:55:16.908Z,24.83908,0.0,0.0,0.0,87.79,2025-09-21 00:55:16.908,17.881944444444
Yeast Grow 4 Days,pioreactor02,2025-09-20T22:55:39.908Z,24.74658,0.0,0.0,0.0,87.79,2025-09-21 00:55:39.908,17.888333333333
Yeast Grow 4 Days,pioreactor02,2025-09-20T22:55:45.183Z,24.74658,0.0,0.0,0.0,0.0,2025-09-21 00:55:45.183,17.89
Yeast Grow 4 Days,pioreactor02,2025-09-20T22:56:02.908Z,24.59758,0.0,0.0,0.0,0.0,2025-09-21 00:56:02.908,17.894722222222
Yeast Grow 4 Days,pioreactor02,2025-09-20T22:56:25.908Z,24.53208,0.0,0.0,0.0,0.0,2025-09-21 00:56:25.908,17.901111111111
Yeast Grow 4 Days,pioreactor02,2025-09-20T22:56:48.908Z,24.48158,0.0,0.0,0.0,0.0,2025-09-21 00:56:48.908,17.9075
Yeast Grow 4 Days,pioreactor02,2025-09-20T22:57:11.908Z,24.47908,0.0,0.0,0.0,0.0,2025-09-21 00:57:11.908,17.913888888889
Yeast Grow 4 Days,pioreactor02,2025-09-20T22:57:34.908Z,24.42158,0.0,0.0,0.0,0.0,2025-09-21 00:57:34.908,17.920277777778
Yeast Grow 4 Days,pioreactor02,2025-09-20T22:57:36.610Z,24.42158,0.0,0.0,0.0,87.79,2025-09-21 00:57:36.610,17.920833333333
Yeast Grow 4 Days,pioreactor02,2025-09-20T22:57:36.652Z,24.42158,0.0,0.0,0.0,87.47,2025-09-21 00:57:36.652,17.920833333333
Yeast Grow 4 Days,pioreactor02,2025-09-20T22:57:57.908Z,24.40208,0.0,0.0,0.0,87.47,2025-09-21 00:57:57.908,17.926666666667
Yeast Grow 4 Days,pioreactor02,2025-09-20T22:58:20.908Z,24.40258,0.0,0.0,0.0,87.47,2025-09-21 00:58:20.908,17.933055555556
Yeast Grow 4 Days,pioreactor02,2025-09-20T22:58:43.908Z,24.39508,0.0,0.0,0.0,87.47,2025-09-21 00:58:43.908,17.939444444444
Yeast Grow 4 Days,pioreactor02,2025-09-20T22:59:05.183Z,24.39508,0.0,0.0,0.0,0.0,2025-09-21 00:59:05.183,17.945555555556
Yeast Grow 4 Days,pioreactor02,2025-09-20T22:59:06.908Z,24.46158,0.0,0.0,0.0,0.0,2025-09-21 00:59:06.908,17.945833333333
Yeast Grow 4 Days,pioreactor02,2025-09-20T22:59:29.908Z,24.37058,0.0,0.0,0.0,0.0,2025-09-21 00:59:29.908,17.952222222222
Yeast Grow 4 Days,pioreactor02,2025-09-20T22:59:52.908Z,24.36108,0.0,0.0,0.0,0.0,2025-09-21 00:59:52.908,17.958611111111
Yeast Grow 4 Days,pioreactor02,2025-09-20T23:00:15.908Z,24.35708,0.0,0.0,0.0,0.0,2025-09-21 01:00:15.908,17.965
Yeast Grow 4 Days,pioreactor02,2025-09-20T23:00:38.908Z,24.35208,0.0,0.0,0.0,0.0,2025-09-21 01:00:38.908,17.971388888889
Yeast Grow 4 Days,pioreactor02,2025-09-20T23:00:56.610Z,24.35208,0.0,0.0,0.0,87.47,2025-09-21 01:00:56.610,17.976388888889
Yeast Grow 4 Days,pioreactor02,2025-09-20T23:00:56.653Z,24.35208,0.0,0.0,0.0,87.61,2025-09-21 01:00:56.653,17.976388888889
Yeast Grow 4 Days,pioreactor02,2025-09-20T23:01:01.912Z,24.38708,0.0,0.0,0.0,87.61,2025-09-21 01:01:01.912,17.977777777778
Yeast Grow 4 Days,pioreactor02,2025-09-20T23:01:24.912Z,24.46308,0.0,0.0,0.0,87.61,2025-09-21 01:01:24.912,17.984166666667
Yeast Grow 4 Days,pioreactor02,2025-09-20T23:01:47.908Z,24.77858,0.0,0.0,0.0,87.61,2025-09-21 01:01:47.908,17.990555555556
Yeast Grow 4 Days,pioreactor02,2025-09-20T23:02:10.908Z,25.09758,0.0,0.0,0.0,87.61,2025-09-21 01:02:10.908,17.996944444444
Yeast Grow 4 Days,pioreactor02,2025-09-20T23:02:25.183Z,25.09758,0.0,0.0,0.0,0.0,2025-09-21 01:02:25.183,18.001111111111
Yeast Grow 4 Days,pioreactor02,2025-09-20T23:02:33.908Z,24.94858,0.0,0.0,0.0,0.0,2025-09-21 01:02:33.908,18.003333333333
Yeast Grow 4 Days,pioreactor02,2025-09-20T23:02:56.908Z,24.78008,0.0,0.0,0.0,0.0,2025-09-21 01:02:56.908,18.009722222222
Yeast Grow 4 Days,pioreactor02,2025-09-20T23:03:19.908Z,24.67408,0.0,0.0,0.0,0.0,2025-09-21 01:03:19.908,18.016111111111
Yeast Grow 4 Days,pioreactor02,2025-09-20T23:03:42.908Z,24.62158,0.0,0.0,0.0,0.0,2025-09-21 01:03:42.908,18.0225
Yeast Grow 4 Days,pioreactor02,2025-09-20T23:04:05.908Z,24.63458,0.0,0.0,0.0,0.0,2025-09-21 01:04:05.908,18.028888888889
Yeast Grow 4 Days,pioreactor02,2025-09-20T23:04:16.609Z,24.63458,0.0,0.0,0.0,87.61,2025-09-21 01:04:16.609,18.031944444444
Yeast Grow 4 Days,pioreactor02,2025-09-20T23:04:16.652Z,24.63458,0.0,0.0,0.0,88.24,2025-09-21 01:04:16.652,18.031944444444
Yeast Grow 4 Days,pioreactor02,2025-09-20T23:04:28.908Z,24.63508,0.0,0.0,0.0,88.24,2025-09-21 01:04:28.908,18.035277777778
Yeast Grow 4 Days,pioreactor02,2025-09-20T23:04:51.908Z,24.65908,0.0,0.0,0.0,88.24,2025-09-21 01:04:51.908,18.041666666667
Yeast Grow 4 Days,pioreactor02,2025-09-20T23:05:14.908Z,24.61908,0.0,0.0,0.0,88.24,2025-09-21 01:05:14.908,18.048055555556
Yeast Grow 4 Days,pioreactor02,2025-09-20T23:05:37.908Z,24.64558,0.0,0.0,0.0,88.24,2025-09-21 01:05:37.908,18.054444444444
Yeast Grow 4 Days,pioreactor02,2025-09-20T23:05:45.183Z,24.64558,0.0,0.0,0.0,0.0,2025-09-21 01:05:45.183,18.056666666667
Yeast Grow 4 Days,pioreactor02,2025-09-20T23:06:00.908Z,24.54208,0.0,0.0,0.0,0.0,2025-09-21 01:06:00.908,18.060833333333
Yeast Grow 4 Days,pioreactor02,2025-09-20T23:06:23.908Z,24.48308,0.0,0.0,0.0,0.0,2025-09-21 01:06:23.908,18.067222222222
Yeast Grow 4 Days,pioreactor02,2025-09-20T23:06:46.908Z,24.43108,0.0,0.0,0.0,0.0,2025-09-21 01:06:46.908,18.073611111111
Yeast Grow 4 Days,pioreactor02,2025-09-20T23:07:09.908Z,24.50808,0.0,0.0,0.0,0.0,2025-09-21 01:07:09.908,18.08
Yeast Grow 4 Days,pioreactor02,2025-09-20T23:07:32.908Z,24.52708,0.0,0.0,0.0,0.0,2025-09-21 01:07:32.908,18.086388888889
Yeast Grow 4 Days,pioreactor02,2025-09-20T23:07:36.611Z,24.52708,0.0,0.0,0.0,88.24,2025-09-21 01:07:36.611,18.0875
Yeast Grow 4 Days,pioreactor02,2025-09-20T23:07:36.656Z,24.52708,0.0,0.0,0.0,88.28,2025-09-21 01:07:36.656,18.0875
Yeast Grow 4 Days,pioreactor02,2025-09-20T23:07:55.908Z,24.52808,0.0,0.0,0.0,88.28,2025-09-21 01:07:55.908,18.092777777778
Yeast Grow 4 Days,pioreactor02,2025-09-20T23:08:18.908Z,24.51708,0.0,0.0,0.0,88.28,2025-09-21 01:08:18.908,18.099166666667
Yeast Grow 4 Days,pioreactor02,2025-09-20T23:08:41.908Z,24.44058,0.0,0.0,0.0,88.28,2025-09-21 01:08:41.908,18.105555555556
Yeast Grow 4 Days,pioreactor02,2025-09-20T23:09:04.908Z,24.43408,0.0,0.0,0.0,88.28,2025-09-21 01:09:04.908,18.111944444444
Yeast Grow 4 Days,pioreactor02,2025-09-20T23:09:05.183Z,24.43408,0.0,0.0,0.0,0.0,2025-09-21 01:09:05.183,18.112222222222
Yeast Grow 4 Days,pioreactor02,2025-09-20T23:09:27.908Z,24.40108,0.0,0.0,0.0,0.0,2025-09-21 01:09:27.908,18.118333333333
Yeast Grow 4 Days,pioreactor02,2025-09-20T23:09:50.912Z,24.35608,0.0,0.0,0.0,0.0,2025-09-21 01:09:50.912,18.124722222222
Yeast Grow 4 Days,pioreactor02,2025-09-20T23:10:13.908Z,24.28358,0.0,0.0,0.0,0.0,2025-09-21 01:10:13.908,18.131111111111
Yeast Grow 4 Days,pioreactor02,2025-09-20T23:10:36.908Z,24.33358,0.0,0.0,0.0,0.0,2025-09-21 01:10:36.908,18.1375
Yeast Grow 4 Days,pioreactor02,2025-09-20T23:10:56.609Z,24.33358,0.0,0.0,0.0,88.28,2025-09-21 01:10:56.609,18.143055555556
Yeast Grow 4 Days,pioreactor02,2025-09-20T23:10:56.656Z,24.33358,0.0,0.0,0.0,87.45,2025-09-21 01:10:56.656,18.143055555556
Yeast Grow 4 Days,pioreactor02,2025-09-20T23:10:59.908Z,24.34158,0.0,0.0,0.0,87.45,2025-09-21 01:10:59.908,18.143888888889
Yeast Grow 4 Days,pioreactor02,2025-09-20T23:11:22.908Z,24.33958,0.0,0.0,0.0,87.45,2025-09-21 01:11:22.908,18.150277777778
Yeast Grow 4 Days,pioreactor02,2025-09-20T23:11:45.908Z,24.56758,0.0,0.0,0.0,87.45,2025-09-21 01:11:45.908,18.156666666667
Yeast Grow 4 Days,pioreactor02,2025-09-20T23:12:08.908Z,24.88458,0.0,0.0,0.0,87.45,2025-09-21 01:12:08.908,18.163055555556
Yeast Grow 4 Days,pioreactor02,2025-09-20T23:12:25.183Z,24.88458,0.0,0.0,0.0,0.0,2025-09-21 01:12:25.183,18.167777777778
Yeast Grow 4 Days,pioreactor02,2025-09-20T23:12:31.908Z,24.70558,0.0,0.0,0.0,0.0,2025-09-21 01:12:31.908,18.169444444444
Yeast Grow 4 Days,pioreactor02,2025-09-20T23:12:54.908Z,24.57958,0.0,0.0,0.0,0.0,2025-09-21 01:12:54.908,18.175833333333
Yeast Grow 4 Days,pioreactor02,2025-09-20T23:13:17.908Z,24.47408,0.0,0.0,0.0,0.0,2025-09-21 01:13:17.908,18.182222222222
Yeast Grow 4 Days,pioreactor02,2025-09-20T23:13:40.908Z,24.45008,0.0,0.0,0.0,0.0,2025-09-21 01:13:40.908,18.188611111111
Yeast Grow 4 Days,pioreactor02,2025-09-20T23:14:03.908Z,24.42008,0.0,0.0,0.0,0.0,2025-09-21 01:14:03.908,18.195
Yeast Grow 4 Days,pioreactor02,2025-09-20T23:14:16.609Z,24.42008,0.0,0.0,0.0,87.45,2025-09-21 01:14:16.609,18.198611111111
Yeast Grow 4 Days,pioreactor02,2025-09-20T23:14:16.652Z,24.42008,0.0,0.0,0.0,86.48,2025-09-21 01:14:16.652,18.198611111111
Yeast Grow 4 Days,pioreactor02,2025-09-20T23:14:26.908Z,24.43658,0.0,0.0,0.0,86.48,2025-09-21 01:14:26.908,18.201388888889
Yeast Grow 4 Days,pioreactor02,2025-09-20T23:14:49.908Z,24.44508,0.0,0.0,0.0,86.48,2025-09-21 01:14:49.908,18.207777777778
Yeast Grow 4 Days,pioreactor02,2025-09-20T23:15:12.908Z,24.47058,0.0,0.0,0.0,86.48,2025-09-21 01:15:12.908,18.214166666667
Yeast Grow 4 Days,pioreactor02,2025-09-20T23:15:35.908Z,24.46908,0.0,0.0,0.0,86.48,2025-09-21 01:15:35.908,18.220555555556
Yeast Grow 4 Days,pioreactor02,2025-09-20T23:15:45.183Z,24.46908,0.0,0.0,0.0,0.0,2025-09-21 01:15:45.183,18.223333333333
Yeast Grow 4 Days,pioreactor02,2025-09-20T23:15:58.912Z,24.41308,0.0,0.0,0.0,0.0,2025-09-21 01:15:58.912,18.226944444444
Yeast Grow 4 Days,pioreactor02,2025-09-20T23:16:21.908Z,24.41908,0.0,0.0,0.0,0.0,2025-09-21 01:16:21.908,18.233333333333
Yeast Grow 4 Days,pioreactor02,2025-09-20T23:16:44.908Z,24.37958,0.0,0.0,0.0,0.0,2025-09-21 01:16:44.908,18.239722222222
Yeast Grow 4 Days,pioreactor02,2025-09-20T23:17:07.912Z,24.37758,0.0,0.0,0.0,0.0,2025-09-21 01:17:07.912,18.246111111111
Yeast Grow 4 Days,pioreactor02,2025-09-20T23:17:30.908Z,24.36808,0.0,0.0,0.0,0.0,2025-09-21 01:17:30.908,18.2525
Yeast Grow 4 Days,pioreactor02,2025-09-20T23:17:36.608Z,24.36808,0.0,0.0,0.0,86.48,2025-09-21 01:17:36.608,18.254166666667
Yeast Grow 4 Days,pioreactor02,2025-09-20T23:17:36.652Z,24.36808,0.0,0.0,0.0,85.44,2025-09-21 01:17:36.652,18.254166666667
Yeast Grow 4 Days,pioreactor02,2025-09-20T23:17:53.908Z,24.40308,0.0,0.0,0.0,85.44,2025-09-21 01:17:53.908,18.258888888889
Yeast Grow 4 Days,pioreactor02,2025-09-20T23:18:16.912Z,24.46408,0.0,0.0,0.0,85.44,2025-09-21 01:18:16.912,18.265277777778
Yeast Grow 4 Days,pioreactor02,2025-09-20T23:18:39.908Z,24.82958,0.0,0.0,0.0,85.44,2025-09-21 01:18:39.908,18.271666666667
Yeast Grow 4 Days,pioreactor02,2025-09-20T23:19:02.908Z,24.75058,0.0,0.0,0.0,85.44,2025-09-21 01:19:02.908,18.278055555556
Yeast Grow 4 Days,pioreactor02,2025-09-20T23:19:05.183Z,24.75058,0.0,0.0,0.0,0.0,2025-09-21 01:19:05.183,18.278888888889
Yeast Grow 4 Days,pioreactor02,2025-09-20T23:19:25.908Z,24.64258,0.0,0.0,0.0,0.0,2025-09-21 01:19:25.908,18.284444444444
Yeast Grow 4 Days,pioreactor02,2025-09-20T23:19:48.908Z,24.55958,0.0,0.0,0.0,0.0,2025-09-21 01:19:48.908,18.290833333333
Yeast Grow 4 Days,pioreactor02,2025-09-20T23:20:11.908Z,24.53408,0.0,0.0,0.0,0.0,2025-09-21 01:20:11.908,18.297222222222
Yeast Grow 4 Days,pioreactor02,2025-09-20T23:20:34.908Z,24.42458,0.0,0.0,0.0,0.0,2025-09-21 01:20:34.908,18.303611111111
Yeast Grow 4 Days,pioreactor02,2025-09-20T23:20:56.609Z,24.42458,0.0,0.0,0.0,85.44,2025-09-21 01:20:56.609,18.309722222222
Yeast Grow 4 Days,pioreactor02,2025-09-20T23:20:56.652Z,24.42458,0.0,0.0,0.0,85.99,2025-09-21 01:20:56.652,18.309722222222
Yeast Grow 4 Days,pioreactor02,2025-09-20T23:20:57.908Z,24.49158,0.0,0.0,0.0,85.99,2025-09-21 01:20:57.908,18.31
Yeast Grow 4 Days,pioreactor02,2025-09-20T23:21:20.908Z,24.48758,0.0,0.0,0.0,85.99,2025-09-21 01:21:20.908,18.316388888889
Yeast Grow 4 Days,pioreactor02,2025-09-20T23:21:43.908Z,24.51358,0.0,0.0,0.0,85.99,2025-09-21 01:21:43.908,18.322777777778
Yeast Grow 4 Days,pioreactor02,2025-09-20T23:22:06.908Z,24.50458,0.0,0.0,0.0,85.99,2025-09-21 01:22:06.908,18.329166666667
Yeast Grow 4 Days,pioreactor02,2025-09-20T23:22:25.183Z,24.50458,0.0,0.0,0.0,0.0,2025-09-21 01:22:25.183,18.334444444444
Yeast Grow 4 Days,pioreactor02,2025-09-20T23:22:29.908Z,24.51308,0.0,0.0,0.0,0.0,2025-09-21 01:22:29.908,18.335555555556
Yeast Grow 4 Days,pioreactor02,2025-09-20T23:22:52.908Z,24.46408,0.0,0.0,0.0,0.0,2025-09-21 01:22:52.908,18.341944444444
Yeast Grow 4 Days,pioreactor02,2025-09-20T23:23:15.908Z,24.45908,0.0,0.0,0.0,0.0,2025-09-21 01:23:15.908,18.348333333333
Yeast Grow 4 Days,pioreactor02,2025-09-20T23:23:38.908Z,24.41308,0.0,0.0,0.0,0.0,2025-09-21 01:23:38.908,18.354722222222
Yeast Grow 4 Days,pioreactor02,2025-09-20T23:24:01.908Z,24.40558,0.0,0.0,0.0,0.0,2025-09-21 01:24:01.908,18.361111111111
Yeast Grow 4 Days,pioreactor02,2025-09-20T23:24:16.609Z,24.40558,0.0,0.0,0.0,85.99,2025-09-21 01:24:16.609,18.365277777778
Yeast Grow 4 Days,pioreactor02,2025-09-20T23:24:16.652Z,24.40558,0.0,0.0,0.0,85.68,2025-09-21 01:24:16.652,18.365277777778
Yeast Grow 4 Days,pioreactor02,2025-09-20T23:24:24.908Z,24.58558,0.0,0.0,0.0,85.68,2025-09-21 01:24:24.908,18.3675
Yeast Grow 4 Days,pioreactor02,2025-09-20T23:24:47.908Z,24.57008,0.0,0.0,0.0,85.68,2025-09-21 01:24:47.908,18.373888888889
Yeast Grow 4 Days,pioreactor02,2025-09-20T23:25:10.908Z,24.62308,0.0,0.0,0.0,85.68,2025-09-21 01:25:10.908,18.380277777778
Yeast Grow 4 Days,pioreactor02,2025-09-20T23:25:33.908Z,24.55558,0.0,0.0,0.0,85.68,2025-09-21 01:25:33.908,18.386666666667
Yeast Grow 4 Days,pioreactor02,2025-09-20T23:25:45.183Z,24.55558,0.0,0.0,0.0,0.0,2025-09-21 01:25:45.183,18.39
Yeast Grow 4 Days,pioreactor02,2025-09-20T23:25:56.908Z,24.49308,0.0,0.0,0.0,0.0,2025-09-21 01:25:56.908,18.393055555556
Yeast Grow 4 Days,pioreactor02,2025-09-20T23:26:19.908Z,24.44058,0.0,0.0,0.0,0.0,2025-09-21 01:26:19.908,18.399444444444
Yeast Grow 4 Days,pioreactor02,2025-09-20T23:26:42.908Z,24.44158,0.0,0.0,0.0,0.0,2025-09-21 01:26:42.908,18.405833333333
Yeast Grow 4 Days,pioreactor02,2025-09-20T23:27:05.908Z,24.43908,0.0,0.0,0.0,0.0,2025-09-21 01:27:05.908,18.412222222222
Yeast Grow 4 Days,pioreactor02,2025-09-20T23:27:28.908Z,24.42458,0.0,0.0,0.0,0.0,2025-09-21 01:27:28.908,18.418611111111
Yeast Grow 4 Days,pioreactor02,2025-09-20T23:27:36.609Z,24.42458,0.0,0.0,0.0,85.68,2025-09-21 01:27:36.609,18.420833333333
Yeast Grow 4 Days,pioreactor02,2025-09-20T23:27:36.652Z,24.42458,0.0,0.0,0.0,85.13,2025-09-21 01:27:36.652,18.420833333333
Yeast Grow 4 Days,pioreactor02,2025-09-20T23:27:51.908Z,24.45908,0.0,0.0,0.0,85.13,2025-09-21 01:27:51.908,18.425
Yeast Grow 4 Days,pioreactor02,2025-09-20T23:28:14.908Z,24.51158,0.0,0.0,0.0,85.13,2025-09-21 01:28:14.908,18.431388888889
Yeast Grow 4 Days,pioreactor02,2025-09-20T23:28:37.908Z,24.49308,0.0,0.0,0.0,85.13,2025-09-21 01:28:37.908,18.437777777778
Yeast Grow 4 Days,pioreactor02,2025-09-20T23:29:00.908Z,24.49258,0.0,0.0,0.0,85.13,2025-09-21 01:29:00.908,18.444166666667
Yeast Grow 4 Days,pioreactor02,2025-09-20T23:29:05.183Z,24.49258,0.0,0.0,0.0,0.0,2025-09-21 01:29:05.183,18.445555555556
Yeast Grow 4 Days,pioreactor02,2025-09-20T23:29:23.908Z,24.44508,0.0,0.0,0.0,0.0,2025-09-21 01:29:23.908,18.450555555556
Yeast Grow 4 Days,pioreactor02,2025-09-20T23:29:46.908Z,24.36908,0.0,0.0,0.0,0.0,2025-09-21 01:29:46.908,18.456944444444
Yeast Grow 4 Days,pioreactor02,2025-09-20T23:30:09.908Z,24.35108,0.0,0.0,0.0,0.0,2025-09-21 01:30:09.908,18.463333333333
Yeast Grow 4 Days,pioreactor02,2025-09-20T23:30:32.908Z,24.45408,0.0,0.0,0.0,0.0,2025-09-21 01:30:32.908,18.469722222222
Yeast Grow 4 Days,pioreactor02,2025-09-20T23:30:55.908Z,24.49458,0.0,0.0,0.0,0.0,2025-09-21 01:30:55.908,18.476111111111
Yeast Grow 4 Days,pioreactor02,2025-09-20T23:30:56.610Z,24.49458,0.0,0.0,0.0,85.13,2025-09-21 01:30:56.610,18.476388888889
Yeast Grow 4 Days,pioreactor02,2025-09-20T23:30:56.653Z,24.49458,0.0,0.0,0.0,85.41,2025-09-21 01:30:56.653,18.476388888889
Yeast Grow 4 Days,pioreactor02,2025-09-20T23:31:18.908Z,24.48658,0.0,0.0,0.0,85.41,2025-09-21 01:31:18.908,18.4825
Yeast Grow 4 Days,pioreactor02,2025-09-20T23:31:41.908Z,24.46208,0.0,0.0,0.0,85.41,2025-09-21 01:31:41.908,18.488888888889
Yeast Grow 4 Days,pioreactor02,2025-09-20T23:32:04.908Z,24.45958,0.0,0.0,0.0,85.41,2025-09-21 01:32:04.908,18.495277777778
Yeast Grow 4 Days,pioreactor02,2025-09-20T23:32:25.183Z,24.45958,0.0,0.0,0.0,0.0,2025-09-21 01:32:25.183,18.501111111111
Yeast Grow 4 Days,pioreactor02,2025-09-20T23:32:27.908Z,24.81558,0.0,0.0,0.0,0.0,2025-09-21 01:32:27.908,18.501666666667
Yeast Grow 4 Days,pioreactor02,2025-09-20T23:32:50.908Z,24.76258,0.0,0.0,0.0,0.0,2025-09-21 01:32:50.908,18.508055555556
Yeast Grow 4 Days,pioreactor02,2025-09-20T23:33:13.908Z,24.66708,0.0,0.0,0.0,0.0,2025-09-21 01:33:13.908,18.514444444444
Yeast Grow 4 Days,pioreactor02,2025-09-20T23:33:36.908Z,24.63058,0.0,0.0,0.0,0.0,2025-09-21 01:33:36.908,18.520833333333
Yeast Grow 4 Days,pioreactor02,2025-09-20T23:33:59.908Z,24.57558,0.0,0.0,0.0,0.0,2025-09-21 01:33:59.908,18.527222222222
Yeast Grow 4 Days,pioreactor02,2025-09-20T23:34:16.610Z,24.57558,0.0,0.0,0.0,85.41,2025-09-21 01:34:16.610,18.531944444444
Yeast Grow 4 Days,pioreactor02,2025-09-20T23:34:16.652Z,24.57558,0.0,0.0,0.0,85.86,2025-09-21 01:34:16.652,18.531944444444
Yeast Grow 4 Days,pioreactor02,2025-09-20T23:34:22.908Z,24.51658,0.0,0.0,0.0,85.86,2025-09-21 01:34:22.908,18.533611111111
Yeast Grow 4 Days,pioreactor02,2025-09-20T23:34:45.908Z,24.60808,0.0,0.0,0.0,85.86,2025-09-21 01:34:45.908,18.54
Yeast Grow 4 Days,pioreactor02,2025-09-20T23:35:08.908Z,24.65058,0.0,0.0,0.0,85.86,2025-09-21 01:35:08.908,18.546388888889
Yeast Grow 4 Days,pioreactor02,2025-09-20T23:35:31.908Z,24.60958,0.0,0.0,0.0,85.86,2025-09-21 01:35:31.908,18.552777777778
Yeast Grow 4 Days,pioreactor02,2025-09-20T23:35:45.183Z,24.60958,0.0,0.0,0.0,0.0,2025-09-21 01:35:45.183,18.556666666667
Yeast Grow 4 Days,pioreactor02,2025-09-20T23:35:54.908Z,24.54008,0.0,0.0,0.0,0.0,2025-09-21 01:35:54.908,18.559166666667
Yeast Grow 4 Days,pioreactor02,2025-09-20T23:36:17.908Z,24.50708,0.0,0.0,0.0,0.0,2025-09-21 01:36:17.908,18.565555555556
Yeast Grow 4 Days,pioreactor02,2025-09-20T23:36:40.908Z,24.48558,0.0,0.0,0.0,0.0,2025-09-21 01:36:40.908,18.571944444444
Yeast Grow 4 Days,pioreactor02,2025-09-20T23:37:03.908Z,24.84758,0.0,0.0,0.0,0.0,2025-09-21 01:37:03.908,18.578333333333
Yeast Grow 4 Days,pioreactor02,2025-09-20T23:37:26.908Z,24.69858,0.0,0.0,0.0,0.0,2025-09-21 01:37:26.908,18.584722222222
Yeast Grow 4 Days,pioreactor02,2025-09-20T23:37:36.608Z,24.69858,0.0,0.0,0.0,85.86,2025-09-21 01:37:36.608,18.5875
Yeast Grow 4 Days,pioreactor02,2025-09-20T23:37:36.652Z,24.69858,0.0,0.0,0.0,85.94,2025-09-21 01:37:36.652,18.5875
Yeast Grow 4 Days,pioreactor02,2025-09-20T23:37:49.908Z,24.63558,0.0,0.0,0.0,85.94,2025-09-21 01:37:49.908,18.591111111111
Yeast Grow 4 Days,pioreactor02,2025-09-20T23:38:12.908Z,24.56558,0.0,0.0,0.0,85.94,2025-09-21 01:38:12.908,18.5975
Yeast Grow 4 Days,pioreactor02,2025-09-20T23:38:35.908Z,24.59208,0.0,0.0,0.0,85.94,2025-09-21 01:38:35.908,18.603888888889
Yeast Grow 4 Days,pioreactor02,2025-09-20T23:38:58.908Z,24.58808,0.0,0.0,0.0,85.94,2025-09-21 01:38:58.908,18.610277777778
Yeast Grow 4 Days,pioreactor02,2025-09-20T23:39:05.183Z,24.58808,0.0,0.0,0.0,0.0,2025-09-21 01:39:05.183,18.612222222222
Yeast Grow 4 Days,pioreactor02,2025-09-20T23:39:21.908Z,24.53558,0.0,0.0,0.0,0.0,2025-09-21 01:39:21.908,18.616666666667
Yeast Grow 4 Days,pioreactor02,2025-09-20T23:39:44.908Z,24.46458,0.0,0.0,0.0,0.0,2025-09-21 01:39:44.908,18.623055555556
Yeast Grow 4 Days,pioreactor02,2025-09-20T23:40:07.908Z,24.38208,0.0,0.0,0.0,0.0,2025-09-21 01:40:07.908,18.629444444444
Yeast Grow 4 Days,pioreactor02,2025-09-20T23:40:30.908Z,24.35358,0.0,0.0,0.0,0.0,2025-09-21 01:40:30.908,18.635833333333
Yeast Grow 4 Days,pioreactor02,2025-09-20T23:40:53.908Z,24.39758,0.0,0.0,0.0,0.0,2025-09-21 01:40:53.908,18.642222222222
Yeast Grow 4 Days,pioreactor02,2025-09-20T23:40:56.611Z,24.39758,0.0,0.0,0.0,85.94,2025-09-21 01:40:56.611,18.643055555556
Yeast Grow 4 Days,pioreactor02,2025-09-20T23:40:56.656Z,24.39758,0.0,0.0,0.0,87.53,2025-09-21 01:40:56.656,18.643055555556
Yeast Grow 4 Days,pioreactor02,2025-09-20T23:41:16.912Z,24.79858,0.0,0.0,0.0,87.53,2025-09-21 01:41:16.912,18.648611111111
Yeast Grow 4 Days,pioreactor02,2025-09-20T23:41:39.908Z,25.14708,0.0,0.0,0.0,87.53,2025-09-21 01:41:39.908,18.655
Yeast Grow 4 Days,pioreactor02,2025-09-20T23:42:02.908Z,24.99608,0.0,0.0,0.0,87.53,2025-09-21 01:42:02.908,18.661388888889
Yeast Grow 4 Days,pioreactor02,2025-09-20T23:42:25.183Z,24.99608,0.0,0.0,0.0,0.0,2025-09-21 01:42:25.183,18.667777777778
Yeast Grow 4 Days,pioreactor02,2025-09-20T23:42:25.908Z,24.90708,0.0,0.0,0.0,0.0,2025-09-21 01:42:25.908,18.667777777778
Yeast Grow 4 Days,pioreactor02,2025-09-20T23:42:48.908Z,24.82008,0.0,0.0,0.0,0.0,2025-09-21 01:42:48.908,18.674166666667
Yeast Grow 4 Days,pioreactor02,2025-09-20T23:43:11.908Z,24.71958,0.0,0.0,0.0,0.0,2025-09-21 01:43:11.908,18.680555555556
Yeast Grow 4 Days,pioreactor02,2025-09-20T23:43:34.908Z,24.64008,0.0,0.0,0.0,0.0,2025-09-21 01:43:34.908,18.686944444444
Yeast Grow 4 Days,pioreactor02,2025-09-20T23:43:57.908Z,24.57658,0.0,0.0,0.0,0.0,2025-09-21 01:43:57.908,18.693333333333
Yeast Grow 4 Days,pioreactor02,2025-09-20T23:44:16.609Z,24.57658,0.0,0.0,0.0,87.53,2025-09-21 01:44:16.609,18.698611111111
Yeast Grow 4 Days,pioreactor02,2025-09-20T23:44:16.652Z,24.57658,0.0,0.0,0.0,86.5,2025-09-21 01:44:16.652,18.698611111111
Yeast Grow 4 Days,pioreactor02,2025-09-20T23:44:20.908Z,24.52058,0.0,0.0,0.0,86.5,2025-09-21 01:44:20.908,18.699722222222
Yeast Grow 4 Days,pioreactor02,2025-09-20T23:44:43.908Z,24.90308,0.0,0.0,0.0,86.5,2025-09-21 01:44:43.908,18.706111111111
Yeast Grow 4 Days,pioreactor02,2025-09-20T23:45:06.908Z,25.26558,0.0,0.0,0.0,86.5,2025-09-21 01:45:06.908,18.7125
Yeast Grow 4 Days,pioreactor02,2025-09-20T23:45:29.908Z,25.08708,0.0,0.0,0.0,86.5,2025-09-21 01:45:29.908,18.718888888889
Yeast Grow 4 Days,pioreactor02,2025-09-20T23:45:45.183Z,25.08708,0.0,0.0,0.0,0.0,2025-09-21 01:45:45.183,18.723333333333
Yeast Grow 4 Days,pioreactor02,2025-09-20T23:45:52.908Z,24.98208,0.0,0.0,0.0,0.0,2025-09-21 01:45:52.908,18.725277777778
Yeast Grow 4 Days,pioreactor02,2025-09-20T23:46:15.908Z,24.85358,0.0,0.0,0.0,0.0,2025-09-21 01:46:15.908,18.731666666667
Yeast Grow 4 Days,pioreactor02,2025-09-20T23:46:38.908Z,24.76508,0.0,0.0,0.0,0.0,2025-09-21 01:46:38.908,18.738055555556
Yeast Grow 4 Days,pioreactor02,2025-09-20T23:47:01.908Z,24.70508,0.0,0.0,0.0,0.0,2025-09-21 01:47:01.908,18.744444444444
Yeast Grow 4 Days,pioreactor02,2025-09-20T23:47:24.908Z,24.61608,0.0,0.0,0.0,0.0,2025-09-21 01:47:24.908,18.750833333333
Yeast Grow 4 Days,pioreactor02,2025-09-20T23:47:36.610Z,24.61608,0.0,0.0,0.0,86.5,2025-09-21 01:47:36.610,18.754166666667
Yeast Grow 4 Days,pioreactor02,2025-09-20T23:47:36.652Z,24.61608,0.0,0.0,0.0,86.24,2025-09-21 01:47:36.652,18.754166666667
Yeast Grow 4 Days,pioreactor02,2025-09-20T23:47:47.908Z,24.73908,0.0,0.0,0.0,86.24,2025-09-21 01:47:47.908,18.757222222222
Yeast Grow 4 Days,pioreactor02,2025-09-20T23:48:10.908Z,24.71458,0.0,0.0,0.0,86.24,2025-09-21 01:48:10.908,18.763611111111
Yeast Grow 4 Days,pioreactor02,2025-09-20T23:48:33.908Z,24.68958,0.0,0.0,0.0,86.24,2025-09-21 01:48:33.908,18.77
Yeast Grow 4 Days,pioreactor02,2025-09-20T23:48:56.908Z,24.69408,0.0,0.0,0.0,86.24,2025-09-21 01:48:56.908,18.776388888889
Yeast Grow 4 Days,pioreactor02,2025-09-20T23:49:05.183Z,24.69408,0.0,0.0,0.0,0.0,2025-09-21 01:49:05.183,18.778888888889
Yeast Grow 4 Days,pioreactor02,2025-09-20T23:49:19.908Z,24.68608,0.0,0.0,0.0,0.0,2025-09-21 01:49:19.908,18.782777777778
Yeast Grow 4 Days,pioreactor02,2025-09-20T23:49:42.908Z,24.69258,0.0,0.0,0.0,0.0,2025-09-21 01:49:42.908,18.789166666667
Yeast Grow 4 Days,pioreactor02,2025-09-20T23:50:05.908Z,24.62458,0.0,0.0,0.0,0.0,2025-09-21 01:50:05.908,18.795555555556
Yeast Grow 4 Days,pioreactor02,2025-09-20T23:50:28.908Z,24.58858,0.0,0.0,0.0,0.0,2025-09-21 01:50:28.908,18.801944444444
Yeast Grow 4 Days,pioreactor02,2025-09-20T23:50:51.908Z,24.56608,0.0,0.0,0.0,0.0,2025-09-21 01:50:51.908,18.808333333333
Yeast Grow 4 Days,pioreactor02,2025-09-20T23:50:56.610Z,24.56608,0.0,0.0,0.0,86.24,2025-09-21 01:50:56.610,18.809722222222
Yeast Grow 4 Days,pioreactor02,2025-09-20T23:50:56.652Z,24.56608,0.0,0.0,0.0,86.23,2025-09-21 01:50:56.652,18.809722222222
Yeast Grow 4 Days,pioreactor02,2025-09-20T23:51:14.908Z,24.63658,0.0,0.0,0.0,86.23,2025-09-21 01:51:14.908,18.814722222222
Yeast Grow 4 Days,pioreactor02,2025-09-20T23:51:37.908Z,24.94108,0.0,0.0,0.0,86.23,2025-09-21 01:51:37.908,18.821111111111
Yeast Grow 4 Days,pioreactor02,2025-09-20T23:52:00.908Z,24.87158,0.0,0.0,0.0,86.23,2025-09-21 01:52:00.908,18.8275
Yeast Grow 4 Days,pioreactor02,2025-09-20T23:52:23.908Z,24.78158,0.0,0.0,0.0,86.23,2025-09-21 01:52:23.908,18.833888888889
Yeast Grow 4 Days,pioreactor02,2025-09-20T23:52:25.183Z,24.78158,0.0,0.0,0.0,0.0,2025-09-21 01:52:25.183,18.834444444444
Yeast Grow 4 Days,pioreactor02,2025-09-20T23:52:46.908Z,24.73458,0.0,0.0,0.0,0.0,2025-09-21 01:52:46.908,18.840277777778
Yeast Grow 4 Days,pioreactor02,2025-09-20T23:53:09.908Z,24.66008,0.0,0.0,0.0,0.0,2025-09-21 01:53:09.908,18.846666666667
Yeast Grow 4 Days,pioreactor02,2025-09-20T23:53:32.908Z,24.61258,0.0,0.0,0.0,0.0,2025-09-21 01:53:32.908,18.853055555556
Yeast Grow 4 Days,pioreactor02,2025-09-20T23:53:55.908Z,24.58658,0.0,0.0,0.0,0.0,2025-09-21 01:53:55.908,18.859444444444
Yeast Grow 4 Days,pioreactor02,2025-09-20T23:54:16.610Z,24.58658,0.0,0.0,0.0,86.23,2025-09-21 01:54:16.610,18.865277777778
Yeast Grow 4 Days,pioreactor02,2025-09-20T23:54:16.652Z,24.58658,0.0,0.0,0.0,87.4,2025-09-21 01:54:16.652,18.865277777778
Yeast Grow 4 Days,pioreactor02,2025-09-20T23:54:18.908Z,24.68908,0.0,0.0,0.0,87.4,2025-09-21 01:54:18.908,18.865833333333
Yeast Grow 4 Days,pioreactor02,2025-09-20T23:54:41.908Z,24.63708,0.0,0.0,0.0,87.4,2025-09-21 01:54:41.908,18.872222222222
Yeast Grow 4 Days,pioreactor02,2025-09-20T23:55:04.908Z,24.65408,0.0,0.0,0.0,87.4,2025-09-21 01:55:04.908,18.878611111111
Yeast Grow 4 Days,pioreactor02,2025-09-20T23:55:27.908Z,24.67258,0.0,0.0,0.0,87.4,2025-09-21 01:55:27.908,18.885
Yeast Grow 4 Days,pioreactor02,2025-09-20T23:55:45.183Z,24.67258,0.0,0.0,0.0,0.0,2025-09-21 01:55:45.183,18.89
Yeast Grow 4 Days,pioreactor02,2025-09-20T23:55:50.908Z,24.58408,0.0,0.0,0.0,0.0,2025-09-21 01:55:50.908,18.891388888889
Yeast Grow 4 Days,pioreactor02,2025-09-20T23:56:13.908Z,24.55808,0.0,0.0,0.0,0.0,2025-09-21 01:56:13.908,18.897777777778
Yeast Grow 4 Days,pioreactor02,2025-09-20T23:56:36.908Z,24.53908,0.0,0.0,0.0,0.0,2025-09-21 01:56:36.908,18.904166666667
Yeast Grow 4 Days,pioreactor02,2025-09-20T23:56:59.908Z,24.54508,0.0,0.0,0.0,0.0,2025-09-21 01:56:59.908,18.910555555556
Yeast Grow 4 Days,pioreactor02,2025-09-20T23:57:22.908Z,24.57408,0.0,0.0,0.0,0.0,2025-09-21 01:57:22.908,18.916944444444
Yeast Grow 4 Days,pioreactor02,2025-09-20T23:57:36.609Z,24.57408,0.0,0.0,0.0,87.4,2025-09-21 01:57:36.609,18.920833333333
Yeast Grow 4 Days,pioreactor02,2025-09-20T23:57:36.656Z,24.57408,0.0,0.0,0.0,88.51,2025-09-21 01:57:36.656,18.920833333333
Yeast Grow 4 Days,pioreactor02,2025-09-20T23:57:45.908Z,24.59908,0.0,0.0,0.0,88.51,2025-09-21 01:57:45.908,18.923333333333
Yeast Grow 4 Days,pioreactor02,2025-09-20T23:58:08.908Z,24.59358,0.0,0.0,0.0,88.51,2025-09-21 01:58:08.908,18.929722222222
Yeast Grow 4 Days,pioreactor02,2025-09-20T23:58:31.908Z,24.68358,0.0,0.0,0.0,88.51,2025-09-21 01:58:31.908,18.936111111111
Yeast Grow 4 Days,pioreactor02,2025-09-20T23:58:54.908Z,24.69858,0.0,0.0,0.0,88.51,2025-09-21 01:58:54.908,18.9425
Yeast Grow 4 Days,pioreactor02,2025-09-20T23:59:05.183Z,24.69858,0.0,0.0,0.0,0.0,2025-09-21 01:59:05.183,18.945555555556
Yeast Grow 4 Days,pioreactor02,2025-09-20T23:59:17.908Z,24.64808,0.0,0.0,0.0,0.0,2025-09-21 01:59:17.908,18.948888888889
Yeast Grow 4 Days,pioreactor02,2025-09-20T23:59:40.908Z,24.62008,0.0,0.0,0.0,0.0,2025-09-21 01:59:40.908,18.955277777778
Yeast Grow 4 Days,pioreactor02,2025-09-21T00:00:03.908Z,24.57158,0.0,0.0,0.0,0.0,2025-09-21 02:00:03.908,18.961666666667
Yeast Grow 4 Days,pioreactor02,2025-09-21T00:00:26.908Z,24.49358,0.0,0.0,0.0,0.0,2025-09-21 02:00:26.908,18.968055555556
Yeast Grow 4 Days,pioreactor02,2025-09-21T00:00:49.912Z,24.46658,0.0,0.0,0.0,0.0,2025-09-21 02:00:49.912,18.974444444444
Yeast Grow 4 Days,pioreactor02,2025-09-21T00:00:56.610Z,24.46658,0.0,0.0,0.0,88.51,2025-09-21 02:00:56.610,18.976388888889
Yeast Grow 4 Days,pioreactor02,2025-09-21T00:00:56.653Z,24.46658,0.0,0.0,0.0,88.08,2025-09-21 02:00:56.653,18.976388888889
Yeast Grow 4 Days,pioreactor02,2025-09-21T00:01:12.908Z,24.41208,0.0,0.0,0.0,88.08,2025-09-21 02:01:12.908,18.980833333333
Yeast Grow 4 Days,pioreactor02,2025-09-21T00:01:35.908Z,24.41058,0.0,0.0,0.0,88.08,2025-09-21 02:01:35.908,18.987222222222
Yeast Grow 4 Days,pioreactor02,2025-09-21T00:01:58.908Z,24.50158,0.0,0.0,0.0,88.08,2025-09-21 02:01:58.908,18.993611111111
Yeast Grow 4 Days,pioreactor02,2025-09-21T00:02:21.908Z,24.85958,0.0,0.0,0.0,88.08,2025-09-21 02:02:21.908,19.0
Yeast Grow 4 Days,pioreactor02,2025-09-21T00:02:25.183Z,24.85958,0.0,0.0,0.0,0.0,2025-09-21 02:02:25.183,19.001111111111
Yeast Grow 4 Days,pioreactor02,2025-09-21T00:02:44.908Z,24.75258,0.0,0.0,0.0,0.0,2025-09-21 02:02:44.908,19.006388888889
Yeast Grow 4 Days,pioreactor02,2025-09-21T00:03:07.908Z,24.72308,0.0,0.0,0.0,0.0,2025-09-21 02:03:07.908,19.012777777778
Yeast Grow 4 Days,pioreactor02,2025-09-21T00:03:30.908Z,24.62808,0.0,0.0,0.0,0.0,2025-09-21 02:03:30.908,19.019166666667
Yeast Grow 4 Days,pioreactor02,2025-09-21T00:03:53.908Z,24.57008,0.0,0.0,0.0,0.0,2025-09-21 02:03:53.908,19.025555555556
Yeast Grow 4 Days,pioreactor02,2025-09-21T00:04:16.608Z,24.57008,0.0,0.0,0.0,88.08,2025-09-21 02:04:16.608,19.031944444444
Yeast Grow 4 Days,pioreactor02,2025-09-21T00:04:16.652Z,24.57008,0.0,0.0,0.0,88.34,2025-09-21 02:04:16.652,19.031944444444
Yeast Grow 4 Days,pioreactor02,2025-09-21T00:04:16.908Z,24.48858,0.0,0.0,0.0,88.34,2025-09-21 02:04:16.908,19.031944444444
Yeast Grow 4 Days,pioreactor02,2025-09-21T00:04:39.908Z,24.86358,0.0,0.0,0.0,88.34,2025-09-21 02:04:39.908,19.038333333333
Yeast Grow 4 Days,pioreactor02,2025-09-21T00:05:02.908Z,24.83008,0.0,0.0,0.0,88.34,2025-09-21 02:05:02.908,19.044722222222
Yeast Grow 4 Days,pioreactor02,2025-09-21T00:05:25.908Z,24.77758,0.0,0.0,0.0,88.34,2025-09-21 02:05:25.908,19.051111111111
Yeast Grow 4 Days,pioreactor02,2025-09-21T00:05:45.184Z,24.77758,0.0,0.0,0.0,0.0,2025-09-21 02:05:45.184,19.056666666667
Yeast Grow 4 Days,pioreactor02,2025-09-21T00:05:48.908Z,24.72508,0.0,0.0,0.0,0.0,2025-09-21 02:05:48.908,19.0575
Yeast Grow 4 Days,pioreactor02,2025-09-21T00:06:11.908Z,24.59208,0.0,0.0,0.0,0.0,2025-09-21 02:06:11.908,19.063888888889
Yeast Grow 4 Days,pioreactor02,2025-09-21T00:06:34.908Z,24.64058,0.0,0.0,0.0,0.0,2025-09-21 02:06:34.908,19.070277777778
Yeast Grow 4 Days,pioreactor02,2025-09-21T00:06:57.908Z,24.60108,0.0,0.0,0.0,0.0,2025-09-21 02:06:57.908,19.076666666667
Yeast Grow 4 Days,pioreactor02,2025-09-21T00:07:20.908Z,24.55358,0.0,0.0,0.0,0.0,2025-09-21 02:07:20.908,19.083055555556
Yeast Grow 4 Days,pioreactor02,2025-09-21T00:07:36.608Z,24.55358,0.0,0.0,0.0,88.34,2025-09-21 02:07:36.608,19.0875
Yeast Grow 4 Days,pioreactor02,2025-09-21T00:07:36.652Z,24.55358,0.0,0.0,0.0,87.81,2025-09-21 02:07:36.652,19.0875
Yeast Grow 4 Days,pioreactor02,2025-09-21T00:07:43.908Z,24.96008,0.0,0.0,0.0,87.81,2025-09-21 02:07:43.908,19.089444444444
Yeast Grow 4 Days,pioreactor02,2025-09-21T00:08:06.908Z,25.32858,0.0,0.0,0.0,87.81,2025-09-21 02:08:06.908,19.095833333333
Yeast Grow 4 Days,pioreactor02,2025-09-21T00:08:29.908Z,25.21058,0.0,0.0,0.0,87.81,2025-09-21 02:08:29.908,19.102222222222
Yeast Grow 4 Days,pioreactor02,2025-09-21T00:08:52.908Z,25.04708,0.0,0.0,0.0,87.81,2025-09-21 02:08:52.908,19.108611111111
Yeast Grow 4 Days,pioreactor02,2025-09-21T00:09:05.183Z,25.04708,0.0,0.0,0.0,0.0,2025-09-21 02:09:05.183,19.112222222222
Yeast Grow 4 Days,pioreactor02,2025-09-21T00:09:15.908Z,24.93758,0.0,0.0,0.0,0.0,2025-09-21 02:09:15.908,19.115
Yeast Grow 4 Days,pioreactor02,2025-09-21T00:09:38.912Z,24.85358,0.0,0.0,0.0,0.0,2025-09-21 02:09:38.912,19.121388888889
Yeast Grow 4 Days,pioreactor02,2025-09-21T00:10:01.908Z,24.75558,0.0,0.0,0.0,0.0,2025-09-21 02:10:01.908,19.127777777778
Yeast Grow 4 Days,pioreactor02,2025-09-21T00:10:24.908Z,24.65008,0.0,0.0,0.0,0.0,2025-09-21 02:10:24.908,19.134166666667
Yeast Grow 4 Days,pioreactor02,2025-09-21T00:10:47.908Z,24.61408,0.0,0.0,0.0,0.0,2025-09-21 02:10:47.908,19.140555555556
Yeast Grow 4 Days,pioreactor02,2025-09-21T00:10:56.610Z,24.61408,0.0,0.0,0.0,87.81,2025-09-21 02:10:56.610,19.143055555556
Yeast Grow 4 Days,pioreactor02,2025-09-21T00:10:56.652Z,24.61408,0.0,0.0,0.0,87.28,2025-09-21 02:10:56.652,19.143055555556
Yeast Grow 4 Days,pioreactor02,2025-09-21T00:11:10.908Z,24.58058,0.0,0.0,0.0,87.28,2025-09-21 02:11:10.908,19.146944444444
Yeast Grow 4 Days,pioreactor02,2025-09-21T00:11:33.908Z,24.58708,0.0,0.0,0.0,87.28,2025-09-21 02:11:33.908,19.153333333333
Yeast Grow 4 Days,pioreactor02,2025-09-21T00:11:56.908Z,24.58258,0.0,0.0,0.0,87.28,2025-09-21 02:11:56.908,19.159722222222
Yeast Grow 4 Days,pioreactor02,2025-09-21T00:12:19.908Z,24.51058,0.0,0.0,0.0,87.28,2025-09-21 02:12:19.908,19.166111111111
Yeast Grow 4 Days,pioreactor02,2025-09-21T00:12:25.183Z,24.51058,0.0,0.0,0.0,0.0,2025-09-21 02:12:25.183,19.167777777778
Yeast Grow 4 Days,pioreactor02,2025-09-21T00:12:42.908Z,24.45908,0.0,0.0,0.0,0.0,2025-09-21 02:12:42.908,19.1725
Yeast Grow 4 Days,pioreactor02,2025-09-21T00:13:05.908Z,24.45658,0.0,0.0,0.0,0.0,2025-09-21 02:13:05.908,19.178888888889
Yeast Grow 4 Days,pioreactor02,2025-09-21T00:13:28.908Z,24.40558,0.0,0.0,0.0,0.0,2025-09-21 02:13:28.908,19.185277777778
Yeast Grow 4 Days,pioreactor02,2025-09-21T00:13:51.908Z,24.39508,0.0,0.0,0.0,0.0,2025-09-21 02:13:51.908,19.191666666667
Yeast Grow 4 Days,pioreactor02,2025-09-21T00:14:14.908Z,24.40458,0.0,0.0,0.0,0.0,2025-09-21 02:14:14.908,19.198055555556
Yeast Grow 4 Days,pioreactor02,2025-09-21T00:14:16.610Z,24.40458,0.0,0.0,0.0,87.28,2025-09-21 02:14:16.610,19.198611111111
Yeast Grow 4 Days,pioreactor02,2025-09-21T00:14:16.652Z,24.40458,0.0,0.0,0.0,88.58,2025-09-21 02:14:16.652,19.198611111111
Yeast Grow 4 Days,pioreactor02,2025-09-21T00:14:37.908Z,24.66708,0.0,0.0,0.0,88.58,2025-09-21 02:14:37.908,19.204444444444
Yeast Grow 4 Days,pioreactor02,2025-09-21T00:15:00.908Z,24.60908,0.0,0.0,0.0,88.58,2025-09-21 02:15:00.908,19.210833333333
Yeast Grow 4 Days,pioreactor02,2025-09-21T00:15:23.908Z,24.64058,0.0,0.0,0.0,88.58,2025-09-21 02:15:23.908,19.217222222222
Yeast Grow 4 Days,pioreactor02,2025-09-21T00:15:45.183Z,24.64058,0.0,0.0,0.0,0.0,2025-09-21 02:15:45.183,19.223333333333
Yeast Grow 4 Days,pioreactor02,2025-09-21T00:15:46.908Z,24.58608,0.0,0.0,0.0,0.0,2025-09-21 02:15:46.908,19.223611111111
Yeast Grow 4 Days,pioreactor02,2025-09-21T00:16:09.908Z,24.49158,0.0,0.0,0.0,0.0,2025-09-21 02:16:09.908,19.23
Yeast Grow 4 Days,pioreactor02,2025-09-21T00:16:32.908Z,24.44758,0.0,0.0,0.0,0.0,2025-09-21 02:16:32.908,19.236388888889
Yeast Grow 4 Days,pioreactor02,2025-09-21T00:16:55.908Z,24.44958,0.0,0.0,0.0,0.0,2025-09-21 02:16:55.908,19.242777777778
Yeast Grow 4 Days,pioreactor02,2025-09-21T00:17:18.908Z,24.44258,0.0,0.0,0.0,0.0,2025-09-21 02:17:18.908,19.249166666667
Yeast Grow 4 Days,pioreactor02,2025-09-21T00:17:36.609Z,24.44258,0.0,0.0,0.0,88.58,2025-09-21 02:17:36.609,19.254166666667
Yeast Grow 4 Days,pioreactor02,2025-09-21T00:17:36.652Z,24.44258,0.0,0.0,0.0,87.98,2025-09-21 02:17:36.652,19.254166666667
Yeast Grow 4 Days,pioreactor02,2025-09-21T00:17:41.908Z,24.46958,0.0,0.0,0.0,87.98,2025-09-21 02:17:41.908,19.255555555556
Yeast Grow 4 Days,pioreactor02,2025-09-21T00:18:04.908Z,24.61958,0.0,0.0,0.0,87.98,2025-09-21 02:18:04.908,19.261944444444
Yeast Grow 4 Days,pioreactor02,2025-09-21T00:18:27.908Z,24.61758,0.0,0.0,0.0,87.98,2025-09-21 02:18:27.908,19.268333333333
Yeast Grow 4 Days,pioreactor02,2025-09-21T00:18:50.908Z,24.53808,0.0,0.0,0.0,87.98,2025-09-21 02:18:50.908,19.274722222222
Yeast Grow 4 Days,pioreactor02,2025-09-21T00:19:05.183Z,24.53808,0.0,0.0,0.0,0.0,2025-09-21 02:19:05.183,19.278888888889
Yeast Grow 4 Days,pioreactor02,2025-09-21T00:19:13.908Z,24.49658,0.0,0.0,0.0,0.0,2025-09-21 02:19:13.908,19.281111111111
Yeast Grow 4 Days,pioreactor02,2025-09-21T00:19:36.908Z,24.44008,0.0,0.0,0.0,0.0,2025-09-21 02:19:36.908,19.2875
Yeast Grow 4 Days,pioreactor02,2025-09-21T00:19:59.908Z,24.39258,0.0,0.0,0.0,0.0,2025-09-21 02:19:59.908,19.293888888889
Yeast Grow 4 Days,pioreactor02,2025-09-21T00:20:22.908Z,24.33258,0.0,0.0,0.0,0.0,2025-09-21 02:20:22.908,19.300277777778
Yeast Grow 4 Days,pioreactor02,2025-09-21T00:20:45.908Z,24.42658,0.0,0.0,0.0,0.0,2025-09-21 02:20:45.908,19.306666666667
Yeast Grow 4 Days,pioreactor02,2025-09-21T00:20:56.610Z,24.42658,0.0,0.0,0.0,87.98,2025-09-21 02:20:56.610,19.309722222222
Yeast Grow 4 Days,pioreactor02,2025-09-21T00:20:56.652Z,24.42658,0.0,0.0,0.0,87.69,2025-09-21 02:20:56.652,19.309722222222
Yeast Grow 4 Days,pioreactor02,2025-09-21T00:21:08.908Z,24.43508,0.0,0.0,0.0,87.69,2025-09-21 02:21:08.908,19.313055555556
Yeast Grow 4 Days,pioreactor02,2025-09-21T00:21:31.908Z,24.46408,0.0,0.0,0.0,87.69,2025-09-21 02:21:31.908,19.319444444444
Yeast Grow 4 Days,pioreactor02,2025-09-21T00:21:54.908Z,24.47708,0.0,0.0,0.0,87.69,2025-09-21 02:21:54.908,19.325833333333
Yeast Grow 4 Days,pioreactor02,2025-09-21T00:22:17.908Z,24.49908,0.0,0.0,0.0,87.69,2025-09-21 02:22:17.908,19.332222222222
Yeast Grow 4 Days,pioreactor02,2025-09-21T00:22:25.184Z,24.49908,0.0,0.0,0.0,0.0,2025-09-21 02:22:25.184,19.334444444444
Yeast Grow 4 Days,pioreactor02,2025-09-21T00:22:40.908Z,24.42408,0.0,0.0,0.0,0.0,2025-09-21 02:22:40.908,19.338611111111
Yeast Grow 4 Days,pioreactor02,2025-09-21T00:23:03.908Z,24.36858,0.0,0.0,0.0,0.0,2025-09-21 02:23:03.908,19.345
Yeast Grow 4 Days,pioreactor02,2025-09-21T00:23:26.908Z,24.37758,0.0,0.0,0.0,0.0,2025-09-21 02:23:26.908,19.351388888889
Yeast Grow 4 Days,pioreactor02,2025-09-21T00:23:49.908Z,24.45008,0.0,0.0,0.0,0.0,2025-09-21 02:23:49.908,19.357777777778
Yeast Grow 4 Days,pioreactor02,2025-09-21T00:24:12.908Z,24.44308,0.0,0.0,0.0,0.0,2025-09-21 02:24:12.908,19.364166666667
Yeast Grow 4 Days,pioreactor02,2025-09-21T00:24:16.609Z,24.44308,0.0,0.0,0.0,87.69,2025-09-21 02:24:16.609,19.365277777778
Yeast Grow 4 Days,pioreactor02,2025-09-21T00:24:16.652Z,24.44308,0.0,0.0,0.0,87.87,2025-09-21 02:24:16.652,19.365277777778
Yeast Grow 4 Days,pioreactor02,2025-09-21T00:24:35.908Z,24.45808,0.0,0.0,0.0,87.87,2025-09-21 02:24:35.908,19.370555555556
Yeast Grow 4 Days,pioreactor02,2025-09-21T00:24:58.908Z,24.49508,0.0,0.0,0.0,87.87,2025-09-21 02:24:58.908,19.376944444444
Yeast Grow 4 Days,pioreactor02,2025-09-21T00:25:21.908Z,24.49958,0.0,0.0,0.0,87.87,2025-09-21 02:25:21.908,19.383333333333
Yeast Grow 4 Days,pioreactor02,2025-09-21T00:25:44.908Z,24.47408,0.0,0.0,0.0,87.87,2025-09-21 02:25:44.908,19.389722222222
Yeast Grow 4 Days,pioreactor02,2025-09-21T00:25:45.183Z,24.47408,0.0,0.0,0.0,0.0,2025-09-21 02:25:45.183,19.39
Yeast Grow 4 Days,pioreactor02,2025-09-21T00:26:07.908Z,24.40058,0.0,0.0,0.0,0.0,2025-09-21 02:26:07.908,19.396111111111
Yeast Grow 4 Days,pioreactor02,2025-09-21T00:26:30.908Z,24.37458,0.0,0.0,0.0,0.0,2025-09-21 02:26:30.908,19.4025
Yeast Grow 4 Days,pioreactor02,2025-09-21T00:26:53.908Z,24.31108,0.0,0.0,0.0,0.0,2025-09-21 02:26:53.908,19.408888888889
Yeast Grow 4 Days,pioreactor02,2025-09-21T00:27:16.908Z,24.29158,0.0,0.0,0.0,0.0,2025-09-21 02:27:16.908,19.415277777778
Yeast Grow 4 Days,pioreactor02,2025-09-21T00:27:36.608Z,24.29158,0.0,0.0,0.0,87.87,2025-09-21 02:27:36.608,19.420833333333
Yeast Grow 4 Days,pioreactor02,2025-09-21T00:27:36.652Z,24.29158,0.0,0.0,0.0,87.15,2025-09-21 02:27:36.652,19.420833333333
Yeast Grow 4 Days,pioreactor02,2025-09-21T00:27:39.912Z,24.30658,0.0,0.0,0.0,87.15,2025-09-21 02:27:39.912,19.421666666667
Yeast Grow 4 Days,pioreactor02,2025-09-21T00:28:02.908Z,24.72008,0.0,0.0,0.0,87.15,2025-09-21 02:28:02.908,19.428055555556
Yeast Grow 4 Days,pioreactor02,2025-09-21T00:28:25.908Z,25.11608,0.0,0.0,0.0,87.15,2025-09-21 02:28:25.908,19.434444444444
Yeast Grow 4 Days,pioreactor02,2025-09-21T00:28:48.908Z,25.00008,0.0,0.0,0.0,87.15,2025-09-21 02:28:48.908,19.440833333333
Yeast Grow 4 Days,pioreactor02,2025-09-21T00:29:05.183Z,25.00008,0.0,0.0,0.0,0.0,2025-09-21 02:29:05.183,19.445555555556
Yeast Grow 4 Days,pioreactor02,2025-09-21T00:29:11.908Z,24.88058,0.0,0.0,0.0,0.0,2025-09-21 02:29:11.908,19.447222222222
Yeast Grow 4 Days,pioreactor02,2025-09-21T00:29:34.908Z,24.72158,0.0,0.0,0.0,0.0,2025-09-21 02:29:34.908,19.453611111111
Yeast Grow 4 Days,pioreactor02,2025-09-21T00:29:57.908Z,24.68458,0.0,0.0,0.0,0.0,2025-09-21 02:29:57.908,19.46
Yeast Grow 4 Days,pioreactor02,2025-09-21T00:30:20.908Z,24.61058,0.0,0.0,0.0,0.0,2025-09-21 02:30:20.908,19.466388888889
Yeast Grow 4 Days,pioreactor02,2025-09-21T00:30:43.908Z,24.52958,0.0,0.0,0.0,0.0,2025-09-21 02:30:43.908,19.472777777778
Yeast Grow 4 Days,pioreactor02,2025-09-21T00:30:56.611Z,24.52958,0.0,0.0,0.0,87.15,2025-09-21 02:30:56.611,19.476388888889
Yeast Grow 4 Days,pioreactor02,2025-09-21T00:30:56.652Z,24.52958,0.0,0.0,0.0,86.67,2025-09-21 02:30:56.652,19.476388888889
Yeast Grow 4 Days,pioreactor02,2025-09-21T00:31:06.908Z,24.61858,0.0,0.0,0.0,86.67,2025-09-21 02:31:06.908,19.479166666667
Yeast Grow 4 Days,pioreactor02,2025-09-21T00:31:29.908Z,24.64308,0.0,0.0,0.0,86.67,2025-09-21 02:31:29.908,19.485555555556
Yeast Grow 4 Days,pioreactor02,2025-09-21T00:31:52.908Z,24.68008,0.0,0.0,0.0,86.67,2025-09-21 02:31:52.908,19.491944444444
Yeast Grow 4 Days,pioreactor02,2025-09-21T00:32:15.908Z,24.63908,0.0,0.0,0.0,86.67,2025-09-21 02:32:15.908,19.498333333333
Yeast Grow 4 Days,pioreactor02,2025-09-21T00:32:25.183Z,24.63908,0.0,0.0,0.0,0.0,2025-09-21 02:32:25.183,19.501111111111
Yeast Grow 4 Days,pioreactor02,2025-09-21T00:32:38.908Z,24.62508,0.0,0.0,0.0,0.0,2025-09-21 02:32:38.908,19.504722222222
Yeast Grow 4 Days,pioreactor02,2025-09-21T00:33:01.908Z,24.56058,0.0,0.0,0.0,0.0,2025-09-21 02:33:01.908,19.511111111111
Yeast Grow 4 Days,pioreactor02,2025-09-21T00:33:24.908Z,24.60958,0.0,0.0,0.0,0.0,2025-09-21 02:33:24.908,19.5175
Yeast Grow 4 Days,pioreactor02,2025-09-21T00:33:47.908Z,24.57508,0.0,0.0,0.0,0.0,2025-09-21 02:33:47.908,19.523888888889
Yeast Grow 4 Days,pioreactor02,2025-09-21T00:34:10.908Z,24.55158,0.0,0.0,0.0,0.0,2025-09-21 02:34:10.908,19.530277777778
Yeast Grow 4 Days,pioreactor02,2025-09-21T00:34:16.608Z,24.55158,0.0,0.0,0.0,86.67,2025-09-21 02:34:16.608,19.531944444444
Yeast Grow 4 Days,pioreactor02,2025-09-21T00:34:16.652Z,24.55158,0.0,0.0,0.0,86.98,2025-09-21 02:34:16.652,19.531944444444
Yeast Grow 4 Days,pioreactor02,2025-09-21T00:34:33.908Z,24.52558,0.0,0.0,0.0,86.98,2025-09-21 02:34:33.908,19.536666666667
Yeast Grow 4 Days,pioreactor02,2025-09-21T00:34:56.908Z,24.48508,0.0,0.0,0.0,86.98,2025-09-21 02:34:56.908,19.543055555556
Yeast Grow 4 Days,pioreactor02,2025-09-21T00:35:19.908Z,24.64958,0.0,0.0,0.0,86.98,2025-09-21 02:35:19.908,19.549444444444
Yeast Grow 4 Days,pioreactor02,2025-09-21T00:35:42.908Z,24.62008,0.0,0.0,0.0,86.98,2025-09-21 02:35:42.908,19.555833333333
Yeast Grow 4 Days,pioreactor02,2025-09-21T00:35:45.183Z,24.62008,0.0,0.0,0.0,0.0,2025-09-21 02:35:45.183,19.556666666667
Yeast Grow 4 Days,pioreactor02,2025-09-21T00:36:05.908Z,24.55758,0.0,0.0,0.0,0.0,2025-09-21 02:36:05.908,19.562222222222
Yeast Grow 4 Days,pioreactor02,2025-09-21T00:36:28.908Z,24.47558,0.0,0.0,0.0,0.0,2025-09-21 02:36:28.908,19.568611111111
Yeast Grow 4 Days,pioreactor02,2025-09-21T00:36:51.908Z,24.52758,0.0,0.0,0.0,0.0,2025-09-21 02:36:51.908,19.575
Yeast Grow 4 Days,pioreactor02,2025-09-21T00:37:14.908Z,24.51058,0.0,0.0,0.0,0.0,2025-09-21 02:37:14.908,19.581388888889
Yeast Grow 4 Days,pioreactor02,2025-09-21T00:37:36.609Z,24.51058,0.0,0.0,0.0,86.98,2025-09-21 02:37:36.609,19.5875
Yeast Grow 4 Days,pioreactor02,2025-09-21T00:37:36.653Z,24.51058,0.0,0.0,0.0,86.23,2025-09-21 02:37:36.653,19.5875
Yeast Grow 4 Days,pioreactor02,2025-09-21T00:37:37.908Z,24.47508,0.0,0.0,0.0,86.23,2025-09-21 02:37:37.908,19.587777777778
Yeast Grow 4 Days,pioreactor02,2025-09-21T00:38:00.908Z,24.43608,0.0,0.0,0.0,86.23,2025-09-21 02:38:00.908,19.594166666667
Yeast Grow 4 Days,pioreactor02,2025-09-21T00:38:23.908Z,24.42408,0.0,0.0,0.0,86.23,2025-09-21 02:38:23.908,19.600555555556
Yeast Grow 4 Days,pioreactor02,2025-09-21T00:38:46.908Z,24.41708,0.0,0.0,0.0,86.23,2025-09-21 02:38:46.908,19.606944444444
Yeast Grow 4 Days,pioreactor02,2025-09-21T00:39:05.183Z,24.41708,0.0,0.0,0.0,0.0,2025-09-21 02:39:05.183,19.612222222222
Yeast Grow 4 Days,pioreactor02,2025-09-21T00:39:09.908Z,24.35058,0.0,0.0,0.0,0.0,2025-09-21 02:39:09.908,19.613333333333
Yeast Grow 4 Days,pioreactor02,2025-09-21T00:39:32.908Z,24.36008,0.0,0.0,0.0,0.0,2025-09-21 02:39:32.908,19.619722222222
Yeast Grow 4 Days,pioreactor02,2025-09-21T00:39:55.908Z,24.36108,0.0,0.0,0.0,0.0,2025-09-21 02:39:55.908,19.626111111111
Yeast Grow 4 Days,pioreactor02,2025-09-21T00:40:18.912Z,24.32708,0.0,0.0,0.0,0.0,2025-09-21 02:40:18.912,19.6325
Yeast Grow 4 Days,pioreactor02,2025-09-21T00:40:41.908Z,24.32508,0.0,0.0,0.0,0.0,2025-09-21 02:40:41.908,19.638888888889
Yeast Grow 4 Days,pioreactor02,2025-09-21T00:40:56.610Z,24.32508,0.0,0.0,0.0,86.23,2025-09-21 02:40:56.610,19.643055555556
Yeast Grow 4 Days,pioreactor02,2025-09-21T00:40:56.652Z,24.32508,0.0,0.0,0.0,86.18,2025-09-21 02:40:56.652,19.643055555556
Yeast Grow 4 Days,pioreactor02,2025-09-21T00:41:04.908Z,24.68858,0.0,0.0,0.0,86.18,2025-09-21 02:41:04.908,19.645277777778
Yeast Grow 4 Days,pioreactor02,2025-09-21T00:41:27.908Z,25.03008,0.0,0.0,0.0,86.18,2025-09-21 02:41:27.908,19.651666666667
Yeast Grow 4 Days,pioreactor02,2025-09-21T00:41:50.908Z,24.90858,0.0,0.0,0.0,86.18,2025-09-21 02:41:50.908,19.658055555556
Yeast Grow 4 Days,pioreactor02,2025-09-21T00:42:13.908Z,24.82608,0.0,0.0,0.0,86.18,2025-09-21 02:42:13.908,19.664444444444
Yeast Grow 4 Days,pioreactor02,2025-09-21T00:42:25.183Z,24.82608,0.0,0.0,0.0,0.0,2025-09-21 02:42:25.183,19.667777777778
Yeast Grow 4 Days,pioreactor02,2025-09-21T00:42:36.908Z,24.74808,0.0,0.0,0.0,0.0,2025-09-21 02:42:36.908,19.670833333333
Yeast Grow 4 Days,pioreactor02,2025-09-21T00:42:59.908Z,24.65008,0.0,0.0,0.0,0.0,2025-09-21 02:42:59.908,19.677222222222
Yeast Grow 4 Days,pioreactor02,2025-09-21T00:43:22.908Z,24.56658,0.0,0.0,0.0,0.0,2025-09-21 02:43:22.908,19.683611111111
Yeast Grow 4 Days,pioreactor02,2025-09-21T00:43:45.908Z,24.58558,0.0,0.0,0.0,0.0,2025-09-21 02:43:45.908,19.69
Yeast Grow 4 Days,pioreactor02,2025-09-21T00:44:08.908Z,24.51408,0.0,0.0,0.0,0.0,2025-09-21 02:44:08.908,19.696388888889
Yeast Grow 4 Days,pioreactor02,2025-09-21T00:44:16.607Z,24.51408,0.0,0.0,0.0,86.18,2025-09-21 02:44:16.607,19.698611111111
Yeast Grow 4 Days,pioreactor02,2025-09-21T00:44:16.649Z,24.51408,0.0,0.0,0.0,85.3,2025-09-21 02:44:16.649,19.698611111111
Yeast Grow 4 Days,pioreactor02,2025-09-21T00:44:31.908Z,24.42958,0.0,0.0,0.0,85.3,2025-09-21 02:44:31.908,19.702777777778
Yeast Grow 4 Days,pioreactor02,2025-09-21T00:44:54.908Z,24.50458,0.0,0.0,0.0,85.3,2025-09-21 02:44:54.908,19.709166666667
Yeast Grow 4 Days,pioreactor02,2025-09-21T00:45:17.908Z,24.47508,0.0,0.0,0.0,85.3,2025-09-21 02:45:17.908,19.715555555556
Yeast Grow 4 Days,pioreactor02,2025-09-21T00:45:40.908Z,24.53308,0.0,0.0,0.0,85.3,2025-09-21 02:45:40.908,19.721944444444
Yeast Grow 4 Days,pioreactor02,2025-09-21T00:45:45.183Z,24.53308,0.0,0.0,0.0,0.0,2025-09-21 02:45:45.183,19.723333333333
Yeast Grow 4 Days,pioreactor02,2025-09-21T00:46:03.908Z,24.49508,0.0,0.0,0.0,0.0,2025-09-21 02:46:03.908,19.728333333333
Yeast Grow 4 Days,pioreactor02,2025-09-21T00:46:26.908Z,24.52058,0.0,0.0,0.0,0.0,2025-09-21 02:46:26.908,19.734722222222
Yeast Grow 4 Days,pioreactor02,2025-09-21T00:46:49.908Z,24.42608,0.0,0.0,0.0,0.0,2025-09-21 02:46:49.908,19.741111111111
Yeast Grow 4 Days,pioreactor02,2025-09-21T00:47:12.908Z,24.42558,0.0,0.0,0.0,0.0,2025-09-21 02:47:12.908,19.7475
Yeast Grow 4 Days,pioreactor02,2025-09-21T00:47:35.908Z,24.37308,0.0,0.0,0.0,0.0,2025-09-21 02:47:35.908,19.753888888889
Yeast Grow 4 Days,pioreactor02,2025-09-21T00:47:36.609Z,24.37308,0.0,0.0,0.0,85.3,2025-09-21 02:47:36.609,19.754166666667
Yeast Grow 4 Days,pioreactor02,2025-09-21T00:47:36.652Z,24.37308,0.0,0.0,0.0,85.62,2025-09-21 02:47:36.652,19.754166666667
Yeast Grow 4 Days,pioreactor02,2025-09-21T00:47:58.908Z,24.37508,0.0,0.0,0.0,85.62,2025-09-21 02:47:58.908,19.760277777778
Yeast Grow 4 Days,pioreactor02,2025-09-21T00:48:21.908Z,24.74408,0.0,0.0,0.0,85.62,2025-09-21 02:48:21.908,19.766666666667
Yeast Grow 4 Days,pioreactor02,2025-09-21T00:48:44.908Z,25.09358,0.0,0.0,0.0,85.62,2025-09-21 02:48:44.908,19.773055555556
Yeast Grow 4 Days,pioreactor02,2025-09-21T00:49:05.183Z,25.09358,0.0,0.0,0.0,0.0,2025-09-21 02:49:05.183,19.778888888889
Yeast Grow 4 Days,pioreactor02,2025-09-21T00:49:07.908Z,24.91858,0.0,0.0,0.0,0.0,2025-09-21 02:49:07.908,19.779444444444
Yeast Grow 4 Days,pioreactor02,2025-09-21T00:49:30.908Z,24.80308,0.0,0.0,0.0,0.0,2025-09-21 02:49:30.908,19.785833333333
Yeast Grow 4 Days,pioreactor02,2025-09-21T00:49:53.908Z,24.70058,0.0,0.0,0.0,0.0,2025-09-21 02:49:53.908,19.792222222222
Yeast Grow 4 Days,pioreactor02,2025-09-21T00:50:16.908Z,24.64308,0.0,0.0,0.0,0.0,2025-09-21 02:50:16.908,19.798611111111
Yeast Grow 4 Days,pioreactor02,2025-09-21T00:50:39.908Z,24.58408,0.0,0.0,0.0,0.0,2025-09-21 02:50:39.908,19.805
Yeast Grow 4 Days,pioreactor02,2025-09-21T00:50:56.608Z,24.58408,0.0,0.0,0.0,85.62,2025-09-21 02:50:56.608,19.809722222222
Yeast Grow 4 Days,pioreactor02,2025-09-21T00:50:56.652Z,24.58408,0.0,0.0,0.0,86.01,2025-09-21 02:50:56.652,19.809722222222
Yeast Grow 4 Days,pioreactor02,2025-09-21T00:51:02.908Z,24.99458,0.0,0.0,0.0,86.01,2025-09-21 02:51:02.908,19.811388888889
Yeast Grow 4 Days,pioreactor02,2025-09-21T00:51:25.908Z,24.90458,0.0,0.0,0.0,86.01,2025-09-21 02:51:25.908,19.817777777778
Yeast Grow 4 Days,pioreactor02,2025-09-21T00:51:48.908Z,24.82908,0.0,0.0,0.0,86.01,2025-09-21 02:51:48.908,19.824166666667
Yeast Grow 4 Days,pioreactor02,2025-09-21T00:52:11.908Z,24.75858,0.0,0.0,0.0,86.01,2025-09-21 02:52:11.908,19.830555555556
Yeast Grow 4 Days,pioreactor02,2025-09-21T00:52:25.183Z,24.75858,0.0,0.0,0.0,0.0,2025-09-21 02:52:25.183,19.834444444444
Yeast Grow 4 Days,pioreactor02,2025-09-21T00:52:34.908Z,24.69658,0.0,0.0,0.0,0.0,2025-09-21 02:52:34.908,19.836944444444
Yeast Grow 4 Days,pioreactor02,2025-09-21T00:52:57.908Z,24.59858,0.0,0.0,0.0,0.0,2025-09-21 02:52:57.908,19.843333333333
Yeast Grow 4 Days,pioreactor02,2025-09-21T00:53:20.908Z,24.58508,0.0,0.0,0.0,0.0,2025-09-21 02:53:20.908,19.849722222222
Yeast Grow 4 Days,pioreactor02,2025-09-21T00:53:43.908Z,24.52258,0.0,0.0,0.0,0.0,2025-09-21 02:53:43.908,19.856111111111
Yeast Grow 4 Days,pioreactor02,2025-09-21T00:54:06.908Z,24.50358,0.0,0.0,0.0,0.0,2025-09-21 02:54:06.908,19.8625
Yeast Grow 4 Days,pioreactor02,2025-09-21T00:54:16.608Z,24.50358,0.0,0.0,0.0,86.01,2025-09-21 02:54:16.608,19.865277777778
Yeast Grow 4 Days,pioreactor02,2025-09-21T00:54:16.652Z,24.50358,0.0,0.0,0.0,86.18,2025-09-21 02:54:16.652,19.865277777778
Yeast Grow 4 Days,pioreactor02,2025-09-21T00:54:29.908Z,24.48208,0.0,0.0,0.0,86.18,2025-09-21 02:54:29.908,19.868888888889
Yeast Grow 4 Days,pioreactor02,2025-09-21T00:54:52.908Z,24.55908,0.0,0.0,0.0,86.18,2025-09-21 02:54:52.908,19.875277777778
Yeast Grow 4 Days,pioreactor02,2025-09-21T00:55:15.908Z,24.55458,0.0,0.0,0.0,86.18,2025-09-21 02:55:15.908,19.881666666667
Yeast Grow 4 Days,pioreactor02,2025-09-21T00:55:38.908Z,24.60058,0.0,0.0,0.0,86.18,2025-09-21 02:55:38.908,19.888055555556
Yeast Grow 4 Days,pioreactor02,2025-09-21T00:55:45.183Z,24.60058,0.0,0.0,0.0,0.0,2025-09-21 02:55:45.183,19.89
Yeast Grow 4 Days,pioreactor02,2025-09-21T00:56:01.912Z,24.53808,0.0,0.0,0.0,0.0,2025-09-21 02:56:01.912,19.894444444444
Yeast Grow 4 Days,pioreactor02,2025-09-21T00:56:24.908Z,24.49858,0.0,0.0,0.0,0.0,2025-09-21 02:56:24.908,19.900833333333
Yeast Grow 4 Days,pioreactor02,2025-09-21T00:56:47.908Z,24.65808,0.0,0.0,0.0,0.0,2025-09-21 02:56:47.908,19.907222222222
Yeast Grow 4 Days,pioreactor02,2025-09-21T00:57:10.912Z,24.56008,0.0,0.0,0.0,0.0,2025-09-21 02:57:10.912,19.913611111111
Yeast Grow 4 Days,pioreactor02,2025-09-21T00:57:33.908Z,24.52258,0.0,0.0,0.0,0.0,2025-09-21 02:57:33.908,19.92
Yeast Grow 4 Days,pioreactor02,2025-09-21T00:57:36.608Z,24.52258,0.0,0.0,0.0,86.18,2025-09-21 02:57:36.608,19.920833333333
Yeast Grow 4 Days,pioreactor02,2025-09-21T00:57:36.652Z,24.52258,0.0,0.0,0.0,86.91,2025-09-21 02:57:36.652,19.920833333333
Yeast Grow 4 Days,pioreactor02,2025-09-21T00:57:56.908Z,24.92058,0.0,0.0,0.0,86.91,2025-09-21 02:57:56.908,19.926388888889
Yeast Grow 4 Days,pioreactor02,2025-09-21T00:58:19.908Z,24.80958,0.0,0.0,0.0,86.91,2025-09-21 02:58:19.908,19.932777777778
Yeast Grow 4 Days,pioreactor02,2025-09-21T00:58:42.908Z,24.71158,0.0,0.0,0.0,86.91,2025-09-21 02:58:42.908,19.939166666667
Yeast Grow 4 Days,pioreactor02,2025-09-21T00:59:05.183Z,24.71158,0.0,0.0,0.0,0.0,2025-09-21 02:59:05.183,19.945555555556
Yeast Grow 4 Days,pioreactor02,2025-09-21T00:59:05.908Z,24.63558,0.0,0.0,0.0,0.0,2025-09-21 02:59:05.908,19.945555555556
Yeast Grow 4 Days,pioreactor02,2025-09-21T00:59:28.908Z,24.49958,0.0,0.0,0.0,0.0,2025-09-21 02:59:28.908,19.951944444444
Yeast Grow 4 Days,pioreactor02,2025-09-21T00:59:51.908Z,24.50058,0.0,0.0,0.0,0.0,2025-09-21 02:59:51.908,19.958333333333
Yeast Grow 4 Days,pioreactor02,2025-09-21T01:00:14.908Z,24.46908,0.0,0.0,0.0,0.0,2025-09-21 03:00:14.908,19.964722222222
Yeast Grow 4 Days,pioreactor02,2025-09-21T01:00:37.908Z,24.46208,0.0,0.0,0.0,0.0,2025-09-21 03:00:37.908,19.971111111111
Yeast Grow 4 Days,pioreactor02,2025-09-21T01:00:56.609Z,24.46208,0.0,0.0,0.0,86.91,2025-09-21 03:00:56.609,19.976388888889
Yeast Grow 4 Days,pioreactor02,2025-09-21T01:00:56.653Z,24.46208,0.0,0.0,0.0,86.07,2025-09-21 03:00:56.653,19.976388888889
Yeast Grow 4 Days,pioreactor02,2025-09-21T01:01:00.908Z,24.42158,0.0,0.0,0.0,86.07,2025-09-21 03:01:00.908,19.9775
Yeast Grow 4 Days,pioreactor02,2025-09-21T01:01:23.908Z,24.42458,0.0,0.0,0.0,86.07,2025-09-21 03:01:23.908,19.983888888889
Yeast Grow 4 Days,pioreactor02,2025-09-21T01:01:46.908Z,24.48458,0.0,0.0,0.0,86.07,2025-09-21 03:01:46.908,19.990277777778
Yeast Grow 4 Days,pioreactor02,2025-09-21T01:02:09.908Z,24.48008,0.0,0.0,0.0,86.07,2025-09-21 03:02:09.908,19.996666666667
Yeast Grow 4 Days,pioreactor02,2025-09-21T01:02:25.183Z,24.48008,0.0,0.0,0.0,0.0,2025-09-21 03:02:25.183,20.001111111111
Yeast Grow 4 Days,pioreactor02,2025-09-21T01:02:32.908Z,24.41158,0.0,0.0,0.0,0.0,2025-09-21 03:02:32.908,20.003055555556
Yeast Grow 4 Days,pioreactor02,2025-09-21T01:02:55.908Z,24.32658,0.0,0.0,0.0,0.0,2025-09-21 03:02:55.908,20.009444444444
Yeast Grow 4 Days,pioreactor02,2025-09-21T01:03:18.912Z,24.30158,0.0,0.0,0.0,0.0,2025-09-21 03:03:18.912,20.015833333333
Yeast Grow 4 Days,pioreactor02,2025-09-21T01:03:41.912Z,24.27258,0.0,0.0,0.0,0.0,2025-09-21 03:03:41.912,20.022222222222
Yeast Grow 4 Days,pioreactor02,2025-09-21T01:04:04.908Z,24.37608,0.0,0.0,0.0,0.0,2025-09-21 03:04:04.908,20.028611111111
Yeast Grow 4 Days,pioreactor02,2025-09-21T01:04:16.609Z,24.37608,0.0,0.0,0.0,86.07,2025-09-21 03:04:16.609,20.031944444444
Yeast Grow 4 Days,pioreactor02,2025-09-21T01:04:16.657Z,24.37608,0.0,0.0,0.0,86.61,2025-09-21 03:04:16.657,20.031944444444
Yeast Grow 4 Days,pioreactor02,2025-09-21T01:04:27.908Z,24.60408,0.0,0.0,0.0,86.61,2025-09-21 03:04:27.908,20.035
Yeast Grow 4 Days,pioreactor02,2025-09-21T01:04:50.908Z,24.93758,0.0,0.0,0.0,86.61,2025-09-21 03:04:50.908,20.041388888889
Yeast Grow 4 Days,pioreactor02,2025-09-21T01:05:13.908Z,24.86408,0.0,0.0,0.0,86.61,2025-09-21 03:05:13.908,20.047777777778
Yeast Grow 4 Days,pioreactor02,2025-09-21T01:05:36.908Z,24.81558,0.0,0.0,0.0,86.61,2025-09-21 03:05:36.908,20.054166666667
Yeast Grow 4 Days,pioreactor02,2025-09-21T01:05:45.183Z,24.81558,0.0,0.0,0.0,0.0,2025-09-21 03:05:45.183,20.056666666667
Yeast Grow 4 Days,pioreactor02,2025-09-21T01:05:59.908Z,24.72158,0.0,0.0,0.0,0.0,2025-09-21 03:05:59.908,20.060555555556
Yeast Grow 4 Days,pioreactor02,2025-09-21T01:06:22.908Z,24.65558,0.0,0.0,0.0,0.0,2025-09-21 03:06:22.908,20.066944444444
Yeast Grow 4 Days,pioreactor02,2025-09-21T01:06:45.908Z,24.58908,0.0,0.0,0.0,0.0,2025-09-21 03:06:45.908,20.073333333333
Yeast Grow 4 Days,pioreactor02,2025-09-21T01:07:08.908Z,24.58458,0.0,0.0,0.0,0.0,2025-09-21 03:07:08.908,20.079722222222
Yeast Grow 4 Days,pioreactor02,2025-09-21T01:07:31.908Z,24.59408,0.0,0.0,0.0,0.0,2025-09-21 03:07:31.908,20.086111111111
Yeast Grow 4 Days,pioreactor02,2025-09-21T01:07:36.607Z,24.59408,0.0,0.0,0.0,86.61,2025-09-21 03:07:36.607,20.0875
Yeast Grow 4 Days,pioreactor02,2025-09-21T01:07:36.648Z,24.59408,0.0,0.0,0.0,85.37,2025-09-21 03:07:36.648,20.0875
Yeast Grow 4 Days,pioreactor02,2025-09-21T01:07:54.908Z,24.58108,0.0,0.0,0.0,85.37,2025-09-21 03:07:54.908,20.0925
Yeast Grow 4 Days,pioreactor02,2025-09-21T01:08:17.908Z,24.62258,0.0,0.0,0.0,85.37,2025-09-21 03:08:17.908,20.098888888889
Yeast Grow 4 Days,pioreactor02,2025-09-21T01:08:40.908Z,24.55658,0.0,0.0,0.0,85.37,2025-09-21 03:08:40.908,20.105277777778
Yeast Grow 4 Days,pioreactor02,2025-09-21T01:09:03.908Z,24.50258,0.0,0.0,0.0,85.37,2025-09-21 03:09:03.908,20.111666666667
Yeast Grow 4 Days,pioreactor02,2025-09-21T01:09:05.183Z,24.50258,0.0,0.0,0.0,0.0,2025-09-21 03:09:05.183,20.112222222222
Yeast Grow 4 Days,pioreactor02,2025-09-21T01:09:26.908Z,24.42408,0.0,0.0,0.0,0.0,2025-09-21 03:09:26.908,20.118055555556
Yeast Grow 4 Days,pioreactor02,2025-09-21T01:09:49.908Z,24.34758,0.0,0.0,0.0,0.0,2025-09-21 03:09:49.908,20.124444444444
Yeast Grow 4 Days,pioreactor02,2025-09-21T01:10:12.908Z,24.33608,0.0,0.0,0.0,0.0,2025-09-21 03:10:12.908,20.130833333333
Yeast Grow 4 Days,pioreactor02,2025-09-21T01:10:35.908Z,24.30908,0.0,0.0,0.0,0.0,2025-09-21 03:10:35.908,20.137222222222
Yeast Grow 4 Days,pioreactor02,2025-09-21T01:10:56.609Z,24.30908,0.0,0.0,0.0,85.37,2025-09-21 03:10:56.609,20.143055555556
Yeast Grow 4 Days,pioreactor02,2025-09-21T01:10:56.653Z,24.30908,0.0,0.0,0.0,85.87,2025-09-21 03:10:56.653,20.143055555556
Yeast Grow 4 Days,pioreactor02,2025-09-21T01:10:58.908Z,24.37608,0.0,0.0,0.0,85.87,2025-09-21 03:10:58.908,20.143611111111
Yeast Grow 4 Days,pioreactor02,2025-09-21T01:11:21.908Z,24.42308,0.0,0.0,0.0,85.87,2025-09-21 03:11:21.908,20.15
Yeast Grow 4 Days,pioreactor02,2025-09-21T01:11:44.908Z,24.42508,0.0,0.0,0.0,85.87,2025-09-21 03:11:44.908,20.156388888889
Yeast Grow 4 Days,pioreactor02,2025-09-21T01:12:07.908Z,24.46858,0.0,0.0,0.0,85.87,2025-09-21 03:12:07.908,20.162777777778
Yeast Grow 4 Days,pioreactor02,2025-09-21T01:12:25.183Z,24.46858,0.0,0.0,0.0,0.0,2025-09-21 03:12:25.183,20.167777777778
Yeast Grow 4 Days,pioreactor02,2025-09-21T01:12:30.908Z,24.39958,0.0,0.0,0.0,0.0,2025-09-21 03:12:30.908,20.169166666667
Yeast Grow 4 Days,pioreactor02,2025-09-21T01:12:53.908Z,24.31508,0.0,0.0,0.0,0.0,2025-09-21 03:12:53.908,20.175555555556
Yeast Grow 4 Days,pioreactor02,2025-09-21T01:13:16.908Z,24.30808,0.0,0.0,0.0,0.0,2025-09-21 03:13:16.908,20.181944444444
Yeast Grow 4 Days,pioreactor02,2025-09-21T01:13:39.908Z,24.31258,0.0,0.0,0.0,0.0,2025-09-21 03:13:39.908,20.188333333333
Yeast Grow 4 Days,pioreactor02,2025-09-21T01:14:02.908Z,24.27508,0.0,0.0,0.0,0.0,2025-09-21 03:14:02.908,20.194722222222
Yeast Grow 4 Days,pioreactor02,2025-09-21T01:14:16.610Z,24.27508,0.0,0.0,0.0,85.87,2025-09-21 03:14:16.610,20.198611111111
Yeast Grow 4 Days,pioreactor02,2025-09-21T01:14:16.652Z,24.27508,0.0,0.0,0.0,85.89,2025-09-21 03:14:16.652,20.198611111111
Yeast Grow 4 Days,pioreactor02,2025-09-21T01:14:25.908Z,24.28808,0.0,0.0,0.0,85.89,2025-09-21 03:14:25.908,20.201111111111
Yeast Grow 4 Days,pioreactor02,2025-09-21T01:14:48.908Z,24.25608,0.0,0.0,0.0,85.89,2025-09-21 03:14:48.908,20.2075
Yeast Grow 4 Days,pioreactor02,2025-09-21T01:15:11.908Z,24.25408,0.0,0.0,0.0,85.89,2025-09-21 03:15:11.908,20.213888888889
Yeast Grow 4 Days,pioreactor02,2025-09-21T01:15:34.908Z,24.24158,0.0,0.0,0.0,85.89,2025-09-21 03:15:34.908,20.220277777778
Yeast Grow 4 Days,pioreactor02,2025-09-21T01:15:45.183Z,24.24158,0.0,0.0,0.0,0.0,2025-09-21 03:15:45.183,20.223333333333
Yeast Grow 4 Days,pioreactor02,2025-09-21T01:15:57.908Z,24.16708,0.0,0.0,0.0,0.0,2025-09-21 03:15:57.908,20.226666666667
Yeast Grow 4 Days,pioreactor02,2025-09-21T01:16:20.908Z,24.19008,0.0,0.0,0.0,0.0,2025-09-21 03:16:20.908,20.233055555556
Yeast Grow 4 Days,pioreactor02,2025-09-21T01:16:43.908Z,24.21158,0.0,0.0,0.0,0.0,2025-09-21 03:16:43.908,20.239444444444
Yeast Grow 4 Days,pioreactor02,2025-09-21T01:17:06.908Z,24.30458,0.0,0.0,0.0,0.0,2025-09-21 03:17:06.908,20.245833333333
Yeast Grow 4 Days,pioreactor02,2025-09-21T01:17:29.908Z,24.37358,0.0,0.0,0.0,0.0,2025-09-21 03:17:29.908,20.252222222222
Yeast Grow 4 Days,pioreactor02,2025-09-21T01:17:36.610Z,24.37358,0.0,0.0,0.0,85.89,2025-09-21 03:17:36.610,20.254166666667
Yeast Grow 4 Days,pioreactor02,2025-09-21T01:17:36.652Z,24.37358,0.0,0.0,0.0,86.51,2025-09-21 03:17:36.652,20.254166666667
Yeast Grow 4 Days,pioreactor02,2025-09-21T01:17:52.908Z,24.43408,0.0,0.0,0.0,86.51,2025-09-21 03:17:52.908,20.258611111111
Yeast Grow 4 Days,pioreactor02,2025-09-21T01:18:15.908Z,24.44308,0.0,0.0,0.0,86.51,2025-09-21 03:18:15.908,20.265
Yeast Grow 4 Days,pioreactor02,2025-09-21T01:18:38.912Z,24.45708,0.0,0.0,0.0,86.51,2025-09-21 03:18:38.912,20.271388888889
Yeast Grow 4 Days,pioreactor02,2025-09-21T01:19:01.908Z,24.45058,0.0,0.0,0.0,86.51,2025-09-21 03:19:01.908,20.277777777778
Yeast Grow 4 Days,pioreactor02,2025-09-21T01:19:05.183Z,24.45058,0.0,0.0,0.0,0.0,2025-09-21 03:19:05.183,20.278888888889
Yeast Grow 4 Days,pioreactor02,2025-09-21T01:19:24.908Z,24.40808,0.0,0.0,0.0,0.0,2025-09-21 03:19:24.908,20.284166666667
Yeast Grow 4 Days,pioreactor02,2025-09-21T01:19:47.908Z,24.46808,0.0,0.0,0.0,0.0,2025-09-21 03:19:47.908,20.290555555556
Yeast Grow 4 Days,pioreactor02,2025-09-21T01:20:10.908Z,24.42458,0.0,0.0,0.0,0.0,2025-09-21 03:20:10.908,20.296944444444
Yeast Grow 4 Days,pioreactor02,2025-09-21T01:20:33.908Z,24.52908,0.0,0.0,0.0,0.0,2025-09-21 03:20:33.908,20.303333333333
Yeast Grow 4 Days,pioreactor02,2025-09-21T01:20:56.610Z,24.52908,0.0,0.0,0.0,86.51,2025-09-21 03:20:56.610,20.309722222222
Yeast Grow 4 Days,pioreactor02,2025-09-21T01:20:56.652Z,24.52908,0.0,0.0,0.0,87.44,2025-09-21 03:20:56.652,20.309722222222
Yeast Grow 4 Days,pioreactor02,2025-09-21T01:20:56.908Z,24.50858,0.0,0.0,0.0,87.44,2025-09-21 03:20:56.908,20.309722222222
Yeast Grow 4 Days,pioreactor02,2025-09-21T01:21:19.908Z,24.49358,0.0,0.0,0.0,87.44,2025-09-21 03:21:19.908,20.316111111111
Yeast Grow 4 Days,pioreactor02,2025-09-21T01:21:42.908Z,24.47808,0.0,0.0,0.0,87.44,2025-09-21 03:21:42.908,20.3225
Yeast Grow 4 Days,pioreactor02,2025-09-21T01:22:05.908Z,24.57258,0.0,0.0,0.0,87.44,2025-09-21 03:22:05.908,20.328888888889
Yeast Grow 4 Days,pioreactor02,2025-09-21T01:22:25.183Z,24.57258,0.0,0.0,0.0,0.0,2025-09-21 03:22:25.183,20.334444444444
Yeast Grow 4 Days,pioreactor02,2025-09-21T01:22:28.908Z,24.48008,0.0,0.0,0.0,0.0,2025-09-21 03:22:28.908,20.335277777778
Yeast Grow 4 Days,pioreactor02,2025-09-21T01:22:51.908Z,24.49958,0.0,0.0,0.0,0.0,2025-09-21 03:22:51.908,20.341666666667
Yeast Grow 4 Days,pioreactor02,2025-09-21T01:23:14.908Z,24.45658,0.0,0.0,0.0,0.0,2025-09-21 03:23:14.908,20.348055555556
Yeast Grow 4 Days,pioreactor02,2025-09-21T01:23:37.908Z,24.38008,0.0,0.0,0.0,0.0,2025-09-21 03:23:37.908,20.354444444444
Yeast Grow 4 Days,pioreactor02,2025-09-21T01:24:00.908Z,24.73008,0.0,0.0,0.0,0.0,2025-09-21 03:24:00.908,20.360833333333
Yeast Grow 4 Days,pioreactor02,2025-09-21T01:24:16.611Z,24.73008,0.0,0.0,0.0,87.44,2025-09-21 03:24:16.611,20.365277777778
Yeast Grow 4 Days,pioreactor02,2025-09-21T01:24:16.652Z,24.73008,0.0,0.0,0.0,86.83,2025-09-21 03:24:16.652,20.365277777778
Yeast Grow 4 Days,pioreactor02,2025-09-21T01:24:23.908Z,25.12008,0.0,0.0,0.0,86.83,2025-09-21 03:24:23.908,20.367222222222
Yeast Grow 4 Days,pioreactor02,2025-09-21T01:24:46.908Z,25.01008,0.0,0.0,0.0,86.83,2025-09-21 03:24:46.908,20.373611111111
Yeast Grow 4 Days,pioreactor02,2025-09-21T01:25:09.908Z,24.92108,0.0,0.0,0.0,86.83,2025-09-21 03:25:09.908,20.38
Yeast Grow 4 Days,pioreactor02,2025-09-21T01:25:32.912Z,24.85658,0.0,0.0,0.0,86.83,2025-09-21 03:25:32.912,20.386388888889
Yeast Grow 4 Days,pioreactor02,2025-09-21T01:25:45.183Z,24.85658,0.0,0.0,0.0,0.0,2025-09-21 03:25:45.183,20.39
Yeast Grow 4 Days,pioreactor02,2025-09-21T01:25:55.908Z,24.70058,0.0,0.0,0.0,0.0,2025-09-21 03:25:55.908,20.392777777778
Yeast Grow 4 Days,pioreactor02,2025-09-21T01:26:18.908Z,24.62808,0.0,0.0,0.0,0.0,2025-09-21 03:26:18.908,20.399166666667
Yeast Grow 4 Days,pioreactor02,2025-09-21T01:26:41.908Z,24.54458,0.0,0.0,0.0,0.0,2025-09-21 03:26:41.908,20.405555555556
Yeast Grow 4 Days,pioreactor02,2025-09-21T01:27:04.908Z,24.46808,0.0,0.0,0.0,0.0,2025-09-21 03:27:04.908,20.411944444444
Yeast Grow 4 Days,pioreactor02,2025-09-21T01:27:27.912Z,24.38158,0.0,0.0,0.0,0.0,2025-09-21 03:27:27.912,20.418333333333
Yeast Grow 4 Days,pioreactor02,2025-09-21T01:27:36.609Z,24.38158,0.0,0.0,0.0,86.83,2025-09-21 03:27:36.609,20.420833333333
Yeast Grow 4 Days,pioreactor02,2025-09-21T01:27:36.652Z,24.38158,0.0,0.0,0.0,86.4,2025-09-21 03:27:36.652,20.420833333333
Yeast Grow 4 Days,pioreactor02,2025-09-21T01:27:50.908Z,24.39558,0.0,0.0,0.0,86.4,2025-09-21 03:27:50.908,20.424722222222
Yeast Grow 4 Days,pioreactor02,2025-09-21T01:28:13.912Z,24.38208,0.0,0.0,0.0,86.4,2025-09-21 03:28:13.912,20.431111111111
Yeast Grow 4 Days,pioreactor02,2025-09-21T01:28:36.908Z,24.38158,0.0,0.0,0.0,86.4,2025-09-21 03:28:36.908,20.4375
Yeast Grow 4 Days,pioreactor02,2025-09-21T01:28:59.908Z,24.42108,0.0,0.0,0.0,86.4,2025-09-21 03:28:59.908,20.443888888889
Yeast Grow 4 Days,pioreactor02,2025-09-21T01:29:05.183Z,24.42108,0.0,0.0,0.0,0.0,2025-09-21 03:29:05.183,20.445555555556
Yeast Grow 4 Days,pioreactor02,2025-09-21T01:29:22.908Z,24.34808,0.0,0.0,0.0,0.0,2025-09-21 03:29:22.908,20.450277777778
Yeast Grow 4 Days,pioreactor02,2025-09-21T01:29:45.908Z,24.32458,0.0,0.0,0.0,0.0,2025-09-21 03:29:45.908,20.456666666667
Yeast Grow 4 Days,pioreactor02,2025-09-21T01:30:08.908Z,24.35058,0.0,0.0,0.0,0.0,2025-09-21 03:30:08.908,20.463055555556
Yeast Grow 4 Days,pioreactor02,2025-09-21T01:30:31.908Z,24.31058,0.0,0.0,0.0,0.0,2025-09-21 03:30:31.908,20.469444444444
Yeast Grow 4 Days,pioreactor02,2025-09-21T01:30:54.908Z,24.35108,0.0,0.0,0.0,0.0,2025-09-21 03:30:54.908,20.475833333333
Yeast Grow 4 Days,pioreactor02,2025-09-21T01:30:56.610Z,24.35108,0.0,0.0,0.0,86.4,2025-09-21 03:30:56.610,20.476388888889
Yeast Grow 4 Days,pioreactor02,2025-09-21T01:30:56.652Z,24.35108,0.0,0.0,0.0,86.73,2025-09-21 03:30:56.652,20.476388888889
Yeast Grow 4 Days,pioreactor02,2025-09-21T01:31:17.908Z,24.39458,0.0,0.0,0.0,86.73,2025-09-21 03:31:17.908,20.482222222222
Yeast Grow 4 Days,pioreactor02,2025-09-21T01:31:40.908Z,24.36708,0.0,0.0,0.0,86.73,2025-09-21 03:31:40.908,20.488611111111
Yeast Grow 4 Days,pioreactor02,2025-09-21T01:32:03.908Z,24.36258,0.0,0.0,0.0,86.73,2025-09-21 03:32:03.908,20.495
Yeast Grow 4 Days,pioreactor02,2025-09-21T01:32:25.183Z,24.36258,0.0,0.0,0.0,0.0,2025-09-21 03:32:25.183,20.501111111111
Yeast Grow 4 Days,pioreactor02,2025-09-21T01:32:26.908Z,24.45808,0.0,0.0,0.0,0.0,2025-09-21 03:32:26.908,20.501388888889
Yeast Grow 4 Days,pioreactor02,2025-09-21T01:32:49.908Z,24.48458,0.0,0.0,0.0,0.0,2025-09-21 03:32:49.908,20.507777777778
Yeast Grow 4 Days,pioreactor02,2025-09-21T01:33:12.908Z,24.79258,0.0,0.0,0.0,0.0,2025-09-21 03:33:12.908,20.514166666667
Yeast Grow 4 Days,pioreactor02,2025-09-21T01:33:35.908Z,24.72008,0.0,0.0,0.0,0.0,2025-09-21 03:33:35.908,20.520555555556
Yeast Grow 4 Days,pioreactor02,2025-09-21T01:33:58.912Z,24.72158,0.0,0.0,0.0,0.0,2025-09-21 03:33:58.912,20.526944444444
Yeast Grow 4 Days,pioreactor02,2025-09-21T01:34:16.609Z,24.72158,0.0,0.0,0.0,86.73,2025-09-21 03:34:16.609,20.531944444444
Yeast Grow 4 Days,pioreactor02,2025-09-21T01:34:16.652Z,24.72158,0.0,0.0,0.0,87.07,2025-09-21 03:34:16.652,20.531944444444
Yeast Grow 4 Days,pioreactor02,2025-09-21T01:34:21.908Z,25.06758,0.0,0.0,0.0,87.07,2025-09-21 03:34:21.908,20.533333333333
Yeast Grow 4 Days,pioreactor02,2025-09-21T01:34:44.908Z,24.98608,0.0,0.0,0.0,87.07,2025-09-21 03:34:44.908,20.539722222222
Yeast Grow 4 Days,pioreactor02,2025-09-21T01:35:07.908Z,24.95858,0.0,0.0,0.0,87.07,2025-09-21 03:35:07.908,20.546111111111
Yeast Grow 4 Days,pioreactor02,2025-09-21T01:35:30.908Z,24.83858,0.0,0.0,0.0,87.07,2025-09-21 03:35:30.908,20.5525
Yeast Grow 4 Days,pioreactor02,2025-09-21T01:35:45.183Z,24.83858,0.0,0.0,0.0,0.0,2025-09-21 03:35:45.183,20.556666666667
Yeast Grow 4 Days,pioreactor02,2025-09-21T01:35:53.908Z,24.79458,0.0,0.0,0.0,0.0,2025-09-21 03:35:53.908,20.558888888889
Yeast Grow 4 Days,pioreactor02,2025-09-21T01:36:16.908Z,24.71808,0.0,0.0,0.0,0.0,2025-09-21 03:36:16.908,20.565277777778
Yeast Grow 4 Days,pioreactor02,2025-09-21T01:36:39.908Z,24.68708,0.0,0.0,0.0,0.0,2025-09-21 03:36:39.908,20.571666666667
Yeast Grow 4 Days,pioreactor02,2025-09-21T01:37:02.908Z,24.68208,0.0,0.0,0.0,0.0,2025-09-21 03:37:02.908,20.578055555556
Yeast Grow 4 Days,pioreactor02,2025-09-21T01:37:25.908Z,24.65158,0.0,0.0,0.0,0.0,2025-09-21 03:37:25.908,20.584444444444
Yeast Grow 4 Days,pioreactor02,2025-09-21T01:37:36.609Z,24.65158,0.0,0.0,0.0,87.07,2025-09-21 03:37:36.609,20.5875
Yeast Grow 4 Days,pioreactor02,2025-09-21T01:37:36.652Z,24.65158,0.0,0.0,0.0,87.23,2025-09-21 03:37:36.652,20.5875
Yeast Grow 4 Days,pioreactor02,2025-09-21T01:37:48.908Z,24.68858,0.0,0.0,0.0,87.23,2025-09-21 03:37:48.908,20.590833333333
Yeast Grow 4 Days,pioreactor02,2025-09-21T01:38:11.908Z,24.76558,0.0,0.0,0.0,87.23,2025-09-21 03:38:11.908,20.597222222222
Yeast Grow 4 Days,pioreactor02,2025-09-21T01:38:34.908Z,24.71458,0.0,0.0,0.0,87.23,2025-09-21 03:38:34.908,20.603611111111
Yeast Grow 4 Days,pioreactor02,2025-09-21T01:38:57.908Z,24.66358,0.0,0.0,0.0,87.23,2025-09-21 03:38:57.908,20.61
Yeast Grow 4 Days,pioreactor02,2025-09-21T01:39:05.183Z,24.66358,0.0,0.0,0.0,0.0,2025-09-21 03:39:05.183,20.612222222222
Yeast Grow 4 Days,pioreactor02,2025-09-21T01:39:20.908Z,24.53158,0.0,0.0,0.0,0.0,2025-09-21 03:39:20.908,20.616388888889
Yeast Grow 4 Days,pioreactor02,2025-09-21T01:39:43.908Z,24.52058,0.0,0.0,0.0,0.0,2025-09-21 03:39:43.908,20.622777777778
Yeast Grow 4 Days,pioreactor02,2025-09-21T01:40:06.908Z,24.90858,0.0,0.0,0.0,0.0,2025-09-21 03:40:06.908,20.629166666667
Yeast Grow 4 Days,pioreactor02,2025-09-21T01:40:29.908Z,24.78908,0.0,0.0,0.0,0.0,2025-09-21 03:40:29.908,20.635555555556
Yeast Grow 4 Days,pioreactor02,2025-09-21T01:40:52.908Z,24.73808,0.0,0.0,0.0,0.0,2025-09-21 03:40:52.908,20.641944444444
Yeast Grow 4 Days,pioreactor02,2025-09-21T01:40:56.611Z,24.73808,0.0,0.0,0.0,87.23,2025-09-21 03:40:56.611,20.643055555556
Yeast Grow 4 Days,pioreactor02,2025-09-21T01:40:56.656Z,24.73808,0.0,0.0,0.0,87.82,2025-09-21 03:40:56.656,20.643055555556
Yeast Grow 4 Days,pioreactor02,2025-09-21T01:41:15.908Z,24.73558,0.0,0.0,0.0,87.82,2025-09-21 03:41:15.908,20.648333333333
Yeast Grow 4 Days,pioreactor02,2025-09-21T01:41:38.908Z,24.68458,0.0,0.0,0.0,87.82,2025-09-21 03:41:38.908,20.654722222222
Yeast Grow 4 Days,pioreactor02,2025-09-21T01:42:01.908Z,24.71108,0.0,0.0,0.0,87.82,2025-09-21 03:42:01.908,20.661111111111
Yeast Grow 4 Days,pioreactor02,2025-09-21T01:42:24.908Z,24.71308,0.0,0.0,0.0,87.82,2025-09-21 03:42:24.908,20.6675
Yeast Grow 4 Days,pioreactor02,2025-09-21T01:42:25.183Z,24.71308,0.0,0.0,0.0,0.0,2025-09-21 03:42:25.183,20.667777777778
Yeast Grow 4 Days,pioreactor02,2025-09-21T01:42:47.908Z,24.60608,0.0,0.0,0.0,0.0,2025-09-21 03:42:47.908,20.673888888889
Yeast Grow 4 Days,pioreactor02,2025-09-21T01:43:10.908Z,24.48608,0.0,0.0,0.0,0.0,2025-09-21 03:43:10.908,20.680277777778
Yeast Grow 4 Days,pioreactor02,2025-09-21T01:43:33.908Z,24.46858,0.0,0.0,0.0,0.0,2025-09-21 03:43:33.908,20.686666666667
Yeast Grow 4 Days,pioreactor02,2025-09-21T01:43:56.908Z,24.42808,0.0,0.0,0.0,0.0,2025-09-21 03:43:56.908,20.693055555556
Yeast Grow 4 Days,pioreactor02,2025-09-21T01:44:16.609Z,24.42808,0.0,0.0,0.0,87.82,2025-09-21 03:44:16.609,20.698611111111
Yeast Grow 4 Days,pioreactor02,2025-09-21T01:44:16.652Z,24.42808,0.0,0.0,0.0,87.41,2025-09-21 03:44:16.652,20.698611111111
Yeast Grow 4 Days,pioreactor02,2025-09-21T01:44:19.908Z,24.48808,0.0,0.0,0.0,87.41,2025-09-21 03:44:19.908,20.699444444444
Yeast Grow 4 Days,pioreactor02,2025-09-21T01:44:42.908Z,24.48358,0.0,0.0,0.0,87.41,2025-09-21 03:44:42.908,20.705833333333
Yeast Grow 4 Days,pioreactor02,2025-09-21T01:45:05.908Z,24.52808,0.0,0.0,0.0,87.41,2025-09-21 03:45:05.908,20.712222222222
Yeast Grow 4 Days,pioreactor02,2025-09-21T01:45:28.908Z,24.53608,0.0,0.0,0.0,87.41,2025-09-21 03:45:28.908,20.718611111111
Yeast Grow 4 Days,pioreactor02,2025-09-21T01:45:45.183Z,24.53608,0.0,0.0,0.0,0.0,2025-09-21 03:45:45.183,20.723333333333
Yeast Grow 4 Days,pioreactor02,2025-09-21T01:45:51.908Z,24.51058,0.0,0.0,0.0,0.0,2025-09-21 03:45:51.908,20.725
Yeast Grow 4 Days,pioreactor02,2025-09-21T01:46:14.908Z,24.46708,0.0,0.0,0.0,0.0,2025-09-21 03:46:14.908,20.731388888889
Yeast Grow 4 Days,pioreactor02,2025-09-21T01:46:37.908Z,24.47958,0.0,0.0,0.0,0.0,2025-09-21 03:46:37.908,20.737777777778
Yeast Grow 4 Days,pioreactor02,2025-09-21T01:47:00.908Z,24.42158,0.0,0.0,0.0,0.0,2025-09-21 03:47:00.908,20.744166666667
Yeast Grow 4 Days,pioreactor02,2025-09-21T01:47:23.908Z,24.78458,0.0,0.0,0.0,0.0,2025-09-21 03:47:23.908,20.750555555556
Yeast Grow 4 Days,pioreactor02,2025-09-21T01:47:36.609Z,24.78458,0.0,0.0,0.0,87.41,2025-09-21 03:47:36.609,20.754166666667
Yeast Grow 4 Days,pioreactor02,2025-09-21T01:47:36.652Z,24.78458,0.0,0.0,0.0,86.67,2025-09-21 03:47:36.652,20.754166666667
Yeast Grow 4 Days,pioreactor02,2025-09-21T01:47:46.908Z,24.72408,0.0,0.0,0.0,86.67,2025-09-21 03:47:46.908,20.756944444444
Yeast Grow 4 Days,pioreactor02,2025-09-21T01:48:09.908Z,24.72108,0.0,0.0,0.0,86.67,2025-09-21 03:48:09.908,20.763333333333
Yeast Grow 4 Days,pioreactor02,2025-09-21T01:48:32.908Z,24.66608,0.0,0.0,0.0,86.67,2025-09-21 03:48:32.908,20.769722222222
Yeast Grow 4 Days,pioreactor02,2025-09-21T01:48:55.908Z,24.67108,0.0,0.0,0.0,86.67,2025-09-21 03:48:55.908,20.776111111111
Yeast Grow 4 Days,pioreactor02,2025-09-21T01:49:05.183Z,24.67108,0.0,0.0,0.0,0.0,2025-09-21 03:49:05.183,20.778888888889
Yeast Grow 4 Days,pioreactor02,2025-09-21T01:49:18.908Z,24.62558,0.0,0.0,0.0,0.0,2025-09-21 03:49:18.908,20.7825
Yeast Grow 4 Days,pioreactor02,2025-09-21T01:49:41.908Z,24.62508,0.0,0.0,0.0,0.0,2025-09-21 03:49:41.908,20.788888888889
Yeast Grow 4 Days,pioreactor02,2025-09-21T01:50:04.908Z,24.63108,0.0,0.0,0.0,0.0,2025-09-21 03:50:04.908,20.795277777778
Yeast Grow 4 Days,pioreactor02,2025-09-21T01:50:27.908Z,24.57758,0.0,0.0,0.0,0.0,2025-09-21 03:50:27.908,20.801666666667
Yeast Grow 4 Days,pioreactor02,2025-09-21T01:50:50.908Z,24.50908,0.0,0.0,0.0,0.0,2025-09-21 03:50:50.908,20.808055555556
Yeast Grow 4 Days,pioreactor02,2025-09-21T01:50:56.609Z,24.50908,0.0,0.0,0.0,86.67,2025-09-21 03:50:56.609,20.809722222222
Yeast Grow 4 Days,pioreactor02,2025-09-21T01:50:56.652Z,24.50908,0.0,0.0,0.0,86.8,2025-09-21 03:50:56.652,20.809722222222
Yeast Grow 4 Days,pioreactor02,2025-09-21T01:51:13.908Z,24.46658,0.0,0.0,0.0,86.8,2025-09-21 03:51:13.908,20.814444444444
Yeast Grow 4 Days,pioreactor02,2025-09-21T01:51:36.908Z,24.81858,0.0,0.0,0.0,86.8,2025-09-21 03:51:36.908,20.820833333333
Yeast Grow 4 Days,pioreactor02,2025-09-21T01:51:59.908Z,24.74408,0.0,0.0,0.0,86.8,2025-09-21 03:51:59.908,20.827222222222
Yeast Grow 4 Days,pioreactor02,2025-09-21T01:52:22.908Z,24.70358,0.0,0.0,0.0,86.8,2025-09-21 03:52:22.908,20.833611111111
Yeast Grow 4 Days,pioreactor02,2025-09-21T01:52:25.183Z,24.70358,0.0,0.0,0.0,0.0,2025-09-21 03:52:25.183,20.834444444444
Yeast Grow 4 Days,pioreactor02,2025-09-21T01:52:45.908Z,24.62658,0.0,0.0,0.0,0.0,2025-09-21 03:52:45.908,20.84
Yeast Grow 4 Days,pioreactor02,2025-09-21T01:53:08.908Z,24.61308,0.0,0.0,0.0,0.0,2025-09-21 03:53:08.908,20.846388888889
Yeast Grow 4 Days,pioreactor02,2025-09-21T01:53:31.908Z,24.54308,0.0,0.0,0.0,0.0,2025-09-21 03:53:31.908,20.852777777778
Yeast Grow 4 Days,pioreactor02,2025-09-21T01:53:54.908Z,24.49708,0.0,0.0,0.0,0.0,2025-09-21 03:53:54.908,20.859166666667
Yeast Grow 4 Days,pioreactor02,2025-09-21T01:54:16.608Z,24.49708,0.0,0.0,0.0,86.8,2025-09-21 03:54:16.608,20.865277777778
Yeast Grow 4 Days,pioreactor02,2025-09-21T01:54:16.656Z,24.49708,0.0,0.0,0.0,87.2,2025-09-21 03:54:16.656,20.865277777778
Yeast Grow 4 Days,pioreactor02,2025-09-21T01:54:17.908Z,24.49858,0.0,0.0,0.0,87.2,2025-09-21 03:54:17.908,20.865555555556
Yeast Grow 4 Days,pioreactor02,2025-09-21T01:54:40.908Z,24.50258,0.0,0.0,0.0,87.2,2025-09-21 03:54:40.908,20.871944444444
Yeast Grow 4 Days,pioreactor02,2025-09-21T01:55:03.908Z,24.55658,0.0,0.0,0.0,87.2,2025-09-21 03:55:03.908,20.878333333333
Yeast Grow 4 Days,pioreactor02,2025-09-21T01:55:26.908Z,24.57558,0.0,0.0,0.0,87.2,2025-09-21 03:55:26.908,20.884722222222
Yeast Grow 4 Days,pioreactor02,2025-09-21T01:55:45.183Z,24.57558,0.0,0.0,0.0,0.0,2025-09-21 03:55:45.183,20.89
Yeast Grow 4 Days,pioreactor02,2025-09-21T01:55:49.908Z,24.47758,0.0,0.0,0.0,0.0,2025-09-21 03:55:49.908,20.891111111111
Yeast Grow 4 Days,pioreactor02,2025-09-21T01:56:12.908Z,24.42908,0.0,0.0,0.0,0.0,2025-09-21 03:56:12.908,20.8975
Yeast Grow 4 Days,pioreactor02,2025-09-21T01:56:35.908Z,24.42708,0.0,0.0,0.0,0.0,2025-09-21 03:56:35.908,20.903888888889
Yeast Grow 4 Days,pioreactor02,2025-09-21T01:56:58.908Z,24.40808,0.0,0.0,0.0,0.0,2025-09-21 03:56:58.908,20.910277777778
Yeast Grow 4 Days,pioreactor02,2025-09-21T01:57:21.908Z,24.40458,0.0,0.0,0.0,0.0,2025-09-21 03:57:21.908,20.916666666667
Yeast Grow 4 Days,pioreactor02,2025-09-21T01:57:36.609Z,24.40458,0.0,0.0,0.0,87.2,2025-09-21 03:57:36.609,20.920833333333
Yeast Grow 4 Days,pioreactor02,2025-09-21T01:57:36.653Z,24.40458,0.0,0.0,0.0,86.41,2025-09-21 03:57:36.653,20.920833333333
Yeast Grow 4 Days,pioreactor02,2025-09-21T01:57:44.908Z,24.44208,0.0,0.0,0.0,86.41,2025-09-21 03:57:44.908,20.923055555556
Yeast Grow 4 Days,pioreactor02,2025-09-21T01:58:07.908Z,24.40808,0.0,0.0,0.0,86.41,2025-09-21 03:58:07.908,20.929444444444
Yeast Grow 4 Days,pioreactor02,2025-09-21T01:58:30.908Z,24.37308,0.0,0.0,0.0,86.41,2025-09-21 03:58:30.908,20.935833333333
Yeast Grow 4 Days,pioreactor02,2025-09-21T01:58:53.908Z,24.46858,0.0,0.0,0.0,86.41,2025-09-21 03:58:53.908,20.942222222222
Yeast Grow 4 Days,pioreactor02,2025-09-21T01:59:05.183Z,24.46858,0.0,0.0,0.0,0.0,2025-09-21 03:59:05.183,20.945555555556
Yeast Grow 4 Days,pioreactor02,2025-09-21T01:59:16.912Z,24.45508,0.0,0.0,0.0,0.0,2025-09-21 03:59:16.912,20.948611111111
Yeast Grow 4 Days,pioreactor02,2025-09-21T01:59:39.908Z,24.40558,0.0,0.0,0.0,0.0,2025-09-21 03:59:39.908,20.955
Yeast Grow 4 Days,pioreactor02,2025-09-21T02:00:02.908Z,24.37608,0.0,0.0,0.0,0.0,2025-09-21 04:00:02.908,20.961388888889
Yeast Grow 4 Days,pioreactor02,2025-09-21T02:00:25.908Z,24.34708,0.0,0.0,0.0,0.0,2025-09-21 04:00:25.908,20.967777777778
Yeast Grow 4 Days,pioreactor02,2025-09-21T02:00:48.908Z,24.32108,0.0,0.0,0.0,0.0,2025-09-21 04:00:48.908,20.974166666667
Yeast Grow 4 Days,pioreactor02,2025-09-21T02:00:56.610Z,24.32108,0.0,0.0,0.0,86.41,2025-09-21 04:00:56.610,20.976388888889
Yeast Grow 4 Days,pioreactor02,2025-09-21T02:00:56.653Z,24.32108,0.0,0.0,0.0,86.97,2025-09-21 04:00:56.653,20.976388888889
Yeast Grow 4 Days,pioreactor02,2025-09-21T02:01:11.908Z,24.70708,0.0,0.0,0.0,86.97,2025-09-21 04:01:11.908,20.980555555556
Yeast Grow 4 Days,pioreactor02,2025-09-21T02:01:34.908Z,25.00758,0.0,0.0,0.0,86.97,2025-09-21 04:01:34.908,20.986944444444
Yeast Grow 4 Days,pioreactor02,2025-09-21T02:01:57.908Z,24.94208,0.0,0.0,0.0,86.97,2025-09-21 04:01:57.908,20.993333333333
Yeast Grow 4 Days,pioreactor02,2025-09-21T02:02:20.908Z,24.83508,0.0,0.0,0.0,86.97,2025-09-21 04:02:20.908,20.999722222222
Yeast Grow 4 Days,pioreactor02,2025-09-21T02:02:25.183Z,24.83508,0.0,0.0,0.0,0.0,2025-09-21 04:02:25.183,21.001111111111
Yeast Grow 4 Days,pioreactor02,2025-09-21T02:02:43.908Z,24.74158,0.0,0.0,0.0,0.0,2025-09-21 04:02:43.908,21.006111111111
Yeast Grow 4 Days,pioreactor02,2025-09-21T02:03:06.908Z,24.64008,0.0,0.0,0.0,0.0,2025-09-21 04:03:06.908,21.0125
Yeast Grow 4 Days,pioreactor02,2025-09-21T02:03:29.912Z,24.56658,0.0,0.0,0.0,0.0,2025-09-21 04:03:29.912,21.018888888889
Yeast Grow 4 Days,pioreactor02,2025-09-21T02:03:52.908Z,24.50658,0.0,0.0,0.0,0.0,2025-09-21 04:03:52.908,21.025277777778
Yeast Grow 4 Days,pioreactor02,2025-09-21T02:04:15.908Z,24.43758,0.0,0.0,0.0,0.0,2025-09-21 04:04:15.908,21.031666666667
Yeast Grow 4 Days,pioreactor02,2025-09-21T02:04:16.608Z,24.43758,0.0,0.0,0.0,86.97,2025-09-21 04:04:16.608,21.031944444444
Yeast Grow 4 Days,pioreactor02,2025-09-21T02:04:16.652Z,24.43758,0.0,0.0,0.0,87.31,2025-09-21 04:04:16.652,21.031944444444
Yeast Grow 4 Days,pioreactor02,2025-09-21T02:04:38.908Z,24.43208,0.0,0.0,0.0,87.31,2025-09-21 04:04:38.908,21.038055555556
Yeast Grow 4 Days,pioreactor02,2025-09-21T02:05:01.908Z,24.48408,0.0,0.0,0.0,87.31,2025-09-21 04:05:01.908,21.044444444444
Yeast Grow 4 Days,pioreactor02,2025-09-21T02:05:24.908Z,24.46208,0.0,0.0,0.0,87.31,2025-09-21 04:05:24.908,21.050833333333
Yeast Grow 4 Days,pioreactor02,2025-09-21T02:05:45.183Z,24.46208,0.0,0.0,0.0,0.0,2025-09-21 04:05:45.183,21.056666666667
Yeast Grow 4 Days,pioreactor02,2025-09-21T02:05:47.912Z,24.42158,0.0,0.0,0.0,0.0,2025-09-21 04:05:47.912,21.057222222222
Yeast Grow 4 Days,pioreactor02,2025-09-21T02:06:10.908Z,24.44408,0.0,0.0,0.0,0.0,2025-09-21 04:06:10.908,21.063611111111
Yeast Grow 4 Days,pioreactor02,2025-09-21T02:06:33.908Z,24.55108,0.0,0.0,0.0,0.0,2025-09-21 04:06:33.908,21.07
Yeast Grow 4 Days,pioreactor02,2025-09-21T02:06:56.908Z,24.47908,0.0,0.0,0.0,0.0,2025-09-21 04:06:56.908,21.076388888889
Yeast Grow 4 Days,pioreactor02,2025-09-21T02:07:19.908Z,24.45058,0.0,0.0,0.0,0.0,2025-09-21 04:07:19.908,21.082777777778
Yeast Grow 4 Days,pioreactor02,2025-09-21T02:07:36.608Z,24.45058,0.0,0.0,0.0,87.31,2025-09-21 04:07:36.608,21.0875
Yeast Grow 4 Days,pioreactor02,2025-09-21T02:07:36.652Z,24.45058,0.0,0.0,0.0,87.39,2025-09-21 04:07:36.652,21.0875
Yeast Grow 4 Days,pioreactor02,2025-09-21T02:07:42.908Z,24.46708,0.0,0.0,0.0,87.39,2025-09-21 04:07:42.908,21.089166666667
Yeast Grow 4 Days,pioreactor02,2025-09-21T02:08:05.908Z,24.48758,0.0,0.0,0.0,87.39,2025-09-21 04:08:05.908,21.095555555556
Yeast Grow 4 Days,pioreactor02,2025-09-21T02:08:28.908Z,24.48108,0.0,0.0,0.0,87.39,2025-09-21 04:08:28.908,21.101944444444
Yeast Grow 4 Days,pioreactor02,2025-09-21T02:08:51.908Z,24.49558,0.0,0.0,0.0,87.39,2025-09-21 04:08:51.908,21.108333333333
Yeast Grow 4 Days,pioreactor02,2025-09-21T02:09:05.183Z,24.49558,0.0,0.0,0.0,0.0,2025-09-21 04:09:05.183,21.112222222222
Yeast Grow 4 Days,pioreactor02,2025-09-21T02:09:14.912Z,24.47508,0.0,0.0,0.0,0.0,2025-09-21 04:09:14.912,21.114722222222
Yeast Grow 4 Days,pioreactor02,2025-09-21T02:09:37.908Z,24.41908,0.0,0.0,0.0,0.0,2025-09-21 04:09:37.908,21.121111111111
Yeast Grow 4 Days,pioreactor02,2025-09-21T02:10:00.908Z,24.40058,0.0,0.0,0.0,0.0,2025-09-21 04:10:00.908,21.1275
Yeast Grow 4 Days,pioreactor02,2025-09-21T02:10:23.908Z,24.71358,0.0,0.0,0.0,0.0,2025-09-21 04:10:23.908,21.133888888889
Yeast Grow 4 Days,pioreactor02,2025-09-21T02:10:46.908Z,24.78258,0.0,0.0,0.0,0.0,2025-09-21 04:10:46.908,21.140277777778
Yeast Grow 4 Days,pioreactor02,2025-09-21T02:10:56.610Z,24.78258,0.0,0.0,0.0,87.39,2025-09-21 04:10:56.610,21.143055555556
Yeast Grow 4 Days,pioreactor02,2025-09-21T02:10:56.652Z,24.78258,0.0,0.0,0.0,87.66,2025-09-21 04:10:56.652,21.143055555556
Yeast Grow 4 Days,pioreactor02,2025-09-21T02:11:09.908Z,24.73408,0.0,0.0,0.0,87.66,2025-09-21 04:11:09.908,21.146666666667
Yeast Grow 4 Days,pioreactor02,2025-09-21T02:11:32.908Z,24.72908,0.0,0.0,0.0,87.66,2025-09-21 04:11:32.908,21.153055555556
Yeast Grow 4 Days,pioreactor02,2025-09-21T02:11:55.908Z,24.67408,0.0,0.0,0.0,87.66,2025-09-21 04:11:55.908,21.159444444444
Yeast Grow 4 Days,pioreactor02,2025-09-21T02:12:18.908Z,24.62358,0.0,0.0,0.0,87.66,2025-09-21 04:12:18.908,21.165833333333
Yeast Grow 4 Days,pioreactor02,2025-09-21T02:12:25.183Z,24.62358,0.0,0.0,0.0,0.0,2025-09-21 04:12:25.183,21.167777777778
Yeast Grow 4 Days,pioreactor02,2025-09-21T02:12:41.908Z,24.57258,0.0,0.0,0.0,0.0,2025-09-21 04:12:41.908,21.172222222222
Yeast Grow 4 Days,pioreactor02,2025-09-21T02:13:04.908Z,24.59158,0.0,0.0,0.0,0.0,2025-09-21 04:13:04.908,21.178611111111
Yeast Grow 4 Days,pioreactor02,2025-09-21T02:13:27.908Z,24.53358,0.0,0.0,0.0,0.0,2025-09-21 04:13:27.908,21.185
Yeast Grow 4 Days,pioreactor02,2025-09-21T02:13:50.908Z,24.44208,0.0,0.0,0.0,0.0,2025-09-21 04:13:50.908,21.191388888889
Yeast Grow 4 Days,pioreactor02,2025-09-21T02:14:13.908Z,24.41808,0.0,0.0,0.0,0.0,2025-09-21 04:14:13.908,21.197777777778
Yeast Grow 4 Days,pioreactor02,2025-09-21T02:14:16.609Z,24.41808,0.0,0.0,0.0,87.66,2025-09-21 04:14:16.609,21.198611111111
Yeast Grow 4 Days,pioreactor02,2025-09-21T02:14:16.652Z,24.41808,0.0,0.0,0.0,85.97,2025-09-21 04:14:16.652,21.198611111111
Yeast Grow 4 Days,pioreactor02,2025-09-21T02:14:36.908Z,24.41958,0.0,0.0,0.0,85.97,2025-09-21 04:14:36.908,21.204166666667
Yeast Grow 4 Days,pioreactor02,2025-09-21T02:14:59.908Z,24.40958,0.0,0.0,0.0,85.97,2025-09-21 04:14:59.908,21.210555555556
Yeast Grow 4 Days,pioreactor02,2025-09-21T02:15:22.912Z,24.41708,0.0,0.0,0.0,85.97,2025-09-21 04:15:22.912,21.216944444444
Yeast Grow 4 Days,pioreactor02,2025-09-21T02:15:45.183Z,24.41708,0.0,0.0,0.0,0.0,2025-09-21 04:15:45.183,21.223333333333
Yeast Grow 4 Days,pioreactor02,2025-09-21T02:15:45.908Z,24.41958,0.0,0.0,0.0,0.0,2025-09-21 04:15:45.908,21.223333333333
Yeast Grow 4 Days,pioreactor02,2025-09-21T02:16:08.908Z,24.37608,0.0,0.0,0.0,0.0,2025-09-21 04:16:08.908,21.229722222222
Yeast Grow 4 Days,pioreactor02,2025-09-21T02:16:31.908Z,24.41608,0.0,0.0,0.0,0.0,2025-09-21 04:16:31.908,21.236111111111
Yeast Grow 4 Days,pioreactor02,2025-09-21T02:16:54.908Z,24.35958,0.0,0.0,0.0,0.0,2025-09-21 04:16:54.908,21.2425
Yeast Grow 4 Days,pioreactor02,2025-09-21T02:17:17.912Z,24.39008,0.0,0.0,0.0,0.0,2025-09-21 04:17:17.912,21.248888888889
Yeast Grow 4 Days,pioreactor02,2025-09-21T02:17:36.609Z,24.39008,0.0,0.0,0.0,85.97,2025-09-21 04:17:36.609,21.254166666667
Yeast Grow 4 Days,pioreactor02,2025-09-21T02:17:36.652Z,24.39008,0.0,0.0,0.0,85.4,2025-09-21 04:17:36.652,21.254166666667
Yeast Grow 4 Days,pioreactor02,2025-09-21T02:17:40.908Z,24.45708,0.0,0.0,0.0,85.4,2025-09-21 04:17:40.908,21.255277777778
Yeast Grow 4 Days,pioreactor02,2025-09-21T02:18:03.908Z,24.49358,0.0,0.0,0.0,85.4,2025-09-21 04:18:03.908,21.261666666667
Yeast Grow 4 Days,pioreactor02,2025-09-21T02:18:26.912Z,24.43258,0.0,0.0,0.0,85.4,2025-09-21 04:18:26.912,21.268055555556
Yeast Grow 4 Days,pioreactor02,2025-09-21T02:18:49.908Z,24.43258,0.0,0.0,0.0,85.4,2025-09-21 04:18:49.908,21.274444444444
Yeast Grow 4 Days,pioreactor02,2025-09-21T02:19:05.183Z,24.43258,0.0,0.0,0.0,0.0,2025-09-21 04:19:05.183,21.278888888889
Yeast Grow 4 Days,pioreactor02,2025-09-21T02:19:12.908Z,24.41658,0.0,0.0,0.0,0.0,2025-09-21 04:19:12.908,21.280833333333
Yeast Grow 4 Days,pioreactor02,2025-09-21T02:19:35.908Z,24.36858,0.0,0.0,0.0,0.0,2025-09-21 04:19:35.908,21.287222222222
Yeast Grow 4 Days,pioreactor02,2025-09-21T02:19:58.908Z,24.33308,0.0,0.0,0.0,0.0,2025-09-21 04:19:58.908,21.293611111111
Yeast Grow 4 Days,pioreactor02,2025-09-21T02:20:21.908Z,24.35158,0.0,0.0,0.0,0.0,2025-09-21 04:20:21.908,21.3
Yeast Grow 4 Days,pioreactor02,2025-09-21T02:20:44.908Z,24.29658,0.0,0.0,0.0,0.0,2025-09-21 04:20:44.908,21.306388888889
Yeast Grow 4 Days,pioreactor02,2025-09-21T02:20:56.610Z,24.29658,0.0,0.0,0.0,85.4,2025-09-21 04:20:56.610,21.309722222222
Yeast Grow 4 Days,pioreactor02,2025-09-21T02:20:56.652Z,24.29658,0.0,0.0,0.0,84.66,2025-09-21 04:20:56.652,21.309722222222
Yeast Grow 4 Days,pioreactor02,2025-09-21T02:21:07.908Z,24.43108,0.0,0.0,0.0,84.66,2025-09-21 04:21:07.908,21.312777777778
Yeast Grow 4 Days,pioreactor02,2025-09-21T02:21:30.908Z,24.40008,0.0,0.0,0.0,84.66,2025-09-21 04:21:30.908,21.319166666667
Yeast Grow 4 Days,pioreactor02,2025-09-21T02:21:53.908Z,24.38608,0.0,0.0,0.0,84.66,2025-09-21 04:21:53.908,21.325555555556
Yeast Grow 4 Days,pioreactor02,2025-09-21T02:22:16.908Z,24.37458,0.0,0.0,0.0,84.66,2025-09-21 04:22:16.908,21.331944444444
Yeast Grow 4 Days,pioreactor02,2025-09-21T02:22:25.183Z,24.37458,0.0,0.0,0.0,0.0,2025-09-21 04:22:25.183,21.334444444444
Yeast Grow 4 Days,pioreactor02,2025-09-21T02:22:39.908Z,24.31608,0.0,0.0,0.0,0.0,2025-09-21 04:22:39.908,21.338333333333
Yeast Grow 4 Days,pioreactor02,2025-09-21T02:23:02.912Z,24.25008,0.0,0.0,0.0,0.0,2025-09-21 04:23:02.912,21.344722222222
Yeast Grow 4 Days,pioreactor02,2025-09-21T02:23:25.908Z,24.27558,0.0,0.0,0.0,0.0,2025-09-21 04:23:25.908,21.351111111111
Yeast Grow 4 Days,pioreactor02,2025-09-21T02:23:48.908Z,24.64008,0.0,0.0,0.0,0.0,2025-09-21 04:23:48.908,21.3575
Yeast Grow 4 Days,pioreactor02,2025-09-21T02:24:11.908Z,24.54258,0.0,0.0,0.0,0.0,2025-09-21 04:24:11.908,21.363888888889
Yeast Grow 4 Days,pioreactor02,2025-09-21T02:24:16.611Z,24.54258,0.0,0.0,0.0,84.66,2025-09-21 04:24:16.611,21.365277777778
Yeast Grow 4 Days,pioreactor02,2025-09-21T02:24:16.652Z,24.54258,0.0,0.0,0.0,84.71,2025-09-21 04:24:16.652,21.365277777778
Yeast Grow 4 Days,pioreactor02,2025-09-21T02:24:34.912Z,24.52808,0.0,0.0,0.0,84.71,2025-09-21 04:24:34.912,21.370277777778
Yeast Grow 4 Days,pioreactor02,2025-09-21T02:24:57.908Z,24.54958,0.0,0.0,0.0,84.71,2025-09-21 04:24:57.908,21.376666666667
Yeast Grow 4 Days,pioreactor02,2025-09-21T02:25:20.908Z,24.53808,0.0,0.0,0.0,84.71,2025-09-21 04:25:20.908,21.383055555556
Yeast Grow 4 Days,pioreactor02,2025-09-21T02:25:43.908Z,24.55658,0.0,0.0,0.0,84.71,2025-09-21 04:25:43.908,21.389444444444
Yeast Grow 4 Days,pioreactor02,2025-09-21T02:25:45.183Z,24.55658,0.0,0.0,0.0,0.0,2025-09-21 04:25:45.183,21.39
Yeast Grow 4 Days,pioreactor02,2025-09-21T02:26:06.908Z,24.47508,0.0,0.0,0.0,0.0,2025-09-21 04:26:06.908,21.395833333333
Yeast Grow 4 Days,pioreactor02,2025-09-21T02:26:29.908Z,24.39558,0.0,0.0,0.0,0.0,2025-09-21 04:26:29.908,21.402222222222
Yeast Grow 4 Days,pioreactor02,2025-09-21T02:26:52.908Z,24.36608,0.0,0.0,0.0,0.0,2025-09-21 04:26:52.908,21.408611111111
Yeast Grow 4 Days,pioreactor02,2025-09-21T02:27:15.908Z,24.44608,0.0,0.0,0.0,0.0,2025-09-21 04:27:15.908,21.415
Yeast Grow 4 Days,pioreactor02,2025-09-21T02:27:36.608Z,24.44608,0.0,0.0,0.0,84.71,2025-09-21 04:27:36.608,21.420833333333
Yeast Grow 4 Days,pioreactor02,2025-09-21T02:27:36.653Z,24.44608,0.0,0.0,0.0,84.56,2025-09-21 04:27:36.653,21.420833333333
Yeast Grow 4 Days,pioreactor02,2025-09-21T02:27:38.908Z,24.42308,0.0,0.0,0.0,84.56,2025-09-21 04:27:38.908,21.421388888889
Yeast Grow 4 Days,pioreactor02,2025-09-21T02:28:01.908Z,24.45308,0.0,0.0,0.0,84.56,2025-09-21 04:28:01.908,21.427777777778
Yeast Grow 4 Days,pioreactor02,2025-09-21T02:28:24.908Z,24.49158,0.0,0.0,0.0,84.56,2025-09-21 04:28:24.908,21.434166666667
Yeast Grow 4 Days,pioreactor02,2025-09-21T02:28:47.908Z,24.52358,0.0,0.0,0.0,84.56,2025-09-21 04:28:47.908,21.440555555556
Yeast Grow 4 Days,pioreactor02,2025-09-21T02:29:05.183Z,24.52358,0.0,0.0,0.0,0.0,2025-09-21 04:29:05.183,21.445555555556
Yeast Grow 4 Days,pioreactor02,2025-09-21T02:29:10.908Z,24.52508,0.0,0.0,0.0,0.0,2025-09-21 04:29:10.908,21.446944444444
Yeast Grow 4 Days,pioreactor02,2025-09-21T02:29:33.908Z,24.53558,0.0,0.0,0.0,0.0,2025-09-21 04:29:33.908,21.453333333333
Yeast Grow 4 Days,pioreactor02,2025-09-21T02:29:56.908Z,24.49308,0.0,0.0,0.0,0.0,2025-09-21 04:29:56.908,21.459722222222
Yeast Grow 4 Days,pioreactor02,2025-09-21T02:30:19.908Z,24.47758,0.0,0.0,0.0,0.0,2025-09-21 04:30:19.908,21.466111111111
Yeast Grow 4 Days,pioreactor02,2025-09-21T02:30:42.908Z,24.38558,0.0,0.0,0.0,0.0,2025-09-21 04:30:42.908,21.4725
Yeast Grow 4 Days,pioreactor02,2025-09-21T02:30:56.610Z,24.38558,0.0,0.0,0.0,84.56,2025-09-21 04:30:56.610,21.476388888889
Yeast Grow 4 Days,pioreactor02,2025-09-21T02:30:56.652Z,24.38558,0.0,0.0,0.0,84.35,2025-09-21 04:30:56.652,21.476388888889
Yeast Grow 4 Days,pioreactor02,2025-09-21T02:31:05.908Z,24.35958,0.0,0.0,0.0,84.35,2025-09-21 04:31:05.908,21.478888888889
Yeast Grow 4 Days,pioreactor02,2025-09-21T02:31:28.908Z,24.42708,0.0,0.0,0.0,84.35,2025-09-21 04:31:28.908,21.485277777778
Yeast Grow 4 Days,pioreactor02,2025-09-21T02:31:51.908Z,24.38658,0.0,0.0,0.0,84.35,2025-09-21 04:31:51.908,21.491666666667
Yeast Grow 4 Days,pioreactor02,2025-09-21T02:32:14.908Z,24.45058,0.0,0.0,0.0,84.35,2025-09-21 04:32:14.908,21.498055555556
Yeast Grow 4 Days,pioreactor02,2025-09-21T02:32:25.183Z,24.45058,0.0,0.0,0.0,0.0,2025-09-21 04:32:25.183,21.501111111111
Yeast Grow 4 Days,pioreactor02,2025-09-21T02:32:37.908Z,24.39708,0.0,0.0,0.0,0.0,2025-09-21 04:32:37.908,21.504444444444
Yeast Grow 4 Days,pioreactor02,2025-09-21T02:33:00.908Z,24.39658,0.0,0.0,0.0,0.0,2025-09-21 04:33:00.908,21.510833333333
Yeast Grow 4 Days,pioreactor02,2025-09-21T02:33:23.908Z,24.44458,0.0,0.0,0.0,0.0,2025-09-21 04:33:23.908,21.517222222222
Yeast Grow 4 Days,pioreactor02,2025-09-21T02:33:46.908Z,24.41608,0.0,0.0,0.0,0.0,2025-09-21 04:33:46.908,21.523611111111
Yeast Grow 4 Days,pioreactor02,2025-09-21T02:34:09.908Z,24.40058,0.0,0.0,0.0,0.0,2025-09-21 04:34:09.908,21.53
Yeast Grow 4 Days,pioreactor02,2025-09-21T02:34:16.610Z,24.40058,0.0,0.0,0.0,84.35,2025-09-21 04:34:16.610,21.531944444444
Yeast Grow 4 Days,pioreactor02,2025-09-21T02:34:16.652Z,24.40058,0.0,0.0,0.0,83.37,2025-09-21 04:34:16.652,21.531944444444
Yeast Grow 4 Days,pioreactor02,2025-09-21T02:34:32.908Z,24.43658,0.0,0.0,0.0,83.37,2025-09-21 04:34:32.908,21.536388888889
Yeast Grow 4 Days,pioreactor02,2025-09-21T02:34:55.908Z,24.49508,0.0,0.0,0.0,83.37,2025-09-21 04:34:55.908,21.542777777778
Yeast Grow 4 Days,pioreactor02,2025-09-21T02:35:18.908Z,24.47008,0.0,0.0,0.0,83.37,2025-09-21 04:35:18.908,21.549166666667
Yeast Grow 4 Days,pioreactor02,2025-09-21T02:35:41.908Z,24.46858,0.0,0.0,0.0,83.37,2025-09-21 04:35:41.908,21.555555555556
Yeast Grow 4 Days,pioreactor02,2025-09-21T02:35:45.183Z,24.46858,0.0,0.0,0.0,0.0,2025-09-21 04:35:45.183,21.556666666667
Yeast Grow 4 Days,pioreactor02,2025-09-21T02:36:04.908Z,24.39458,0.0,0.0,0.0,0.0,2025-09-21 04:36:04.908,21.561944444444
Yeast Grow 4 Days,pioreactor02,2025-09-21T02:36:27.912Z,24.36458,0.0,0.0,0.0,0.0,2025-09-21 04:36:27.912,21.568333333333
Yeast Grow 4 Days,pioreactor02,2025-09-21T02:36:50.908Z,24.36408,0.0,0.0,0.0,0.0,2025-09-21 04:36:50.908,21.574722222222
Yeast Grow 4 Days,pioreactor02,2025-09-21T02:37:13.912Z,24.33708,0.0,0.0,0.0,0.0,2025-09-21 04:37:13.912,21.581111111111
Yeast Grow 4 Days,pioreactor02,2025-09-21T02:37:36.611Z,24.33708,0.0,0.0,0.0,83.37,2025-09-21 04:37:36.611,21.5875
Yeast Grow 4 Days,pioreactor02,2025-09-21T02:37:36.652Z,24.33708,0.0,0.0,0.0,83.14,2025-09-21 04:37:36.652,21.5875
Yeast Grow 4 Days,pioreactor02,2025-09-21T02:37:36.908Z,24.27108,0.0,0.0,0.0,83.14,2025-09-21 04:37:36.908,21.5875
Yeast Grow 4 Days,pioreactor02,2025-09-21T02:37:59.908Z,24.30258,0.0,0.0,0.0,83.14,2025-09-21 04:37:59.908,21.593888888889
Yeast Grow 4 Days,pioreactor02,2025-09-21T02:38:22.908Z,24.33458,0.0,0.0,0.0,83.14,2025-09-21 04:38:22.908,21.600277777778
Yeast Grow 4 Days,pioreactor02,2025-09-21T02:38:45.908Z,24.44858,0.0,0.0,0.0,83.14,2025-09-21 04:38:45.908,21.606666666667
Yeast Grow 4 Days,pioreactor02,2025-09-21T02:39:05.183Z,24.44858,0.0,0.0,0.0,0.0,2025-09-21 04:39:05.183,21.612222222222
Yeast Grow 4 Days,pioreactor02,2025-09-21T02:39:08.912Z,24.41008,0.0,0.0,0.0,0.0,2025-09-21 04:39:08.912,21.613055555556
Yeast Grow 4 Days,pioreactor02,2025-09-21T02:39:31.908Z,24.37358,0.0,0.0,0.0,0.0,2025-09-21 04:39:31.908,21.619444444444
Yeast Grow 4 Days,pioreactor02,2025-09-21T02:39:54.908Z,24.32908,0.0,0.0,0.0,0.0,2025-09-21 04:39:54.908,21.625833333333
Yeast Grow 4 Days,pioreactor02,2025-09-21T02:40:17.908Z,24.33258,0.0,0.0,0.0,0.0,2025-09-21 04:40:17.908,21.632222222222
Yeast Grow 4 Days,pioreactor02,2025-09-21T02:40:40.908Z,24.37608,0.0,0.0,0.0,0.0,2025-09-21 04:40:40.908,21.638611111111
Yeast Grow 4 Days,pioreactor02,2025-09-21T02:40:56.609Z,24.37608,0.0,0.0,0.0,83.14,2025-09-21 04:40:56.609,21.643055555556
Yeast Grow 4 Days,pioreactor02,2025-09-21T02:40:56.652Z,24.37608,0.0,0.0,0.0,84.16,2025-09-21 04:40:56.652,21.643055555556
Yeast Grow 4 Days,pioreactor02,2025-09-21T02:41:03.908Z,24.52708,0.0,0.0,0.0,84.16,2025-09-21 04:41:03.908,21.645
Yeast Grow 4 Days,pioreactor02,2025-09-21T02:41:26.908Z,24.55508,0.0,0.0,0.0,84.16,2025-09-21 04:41:26.908,21.651388888889
Yeast Grow 4 Days,pioreactor02,2025-09-21T02:41:49.908Z,24.56208,0.0,0.0,0.0,84.16,2025-09-21 04:41:49.908,21.657777777778
Yeast Grow 4 Days,pioreactor02,2025-09-21T02:42:12.908Z,24.54608,0.0,0.0,0.0,84.16,2025-09-21 04:42:12.908,21.664166666667
Yeast Grow 4 Days,pioreactor02,2025-09-21T02:42:25.183Z,24.54608,0.0,0.0,0.0,0.0,2025-09-21 04:42:25.183,21.667777777778
Yeast Grow 4 Days,pioreactor02,2025-09-21T02:42:35.908Z,24.50458,0.0,0.0,0.0,0.0,2025-09-21 04:42:35.908,21.670555555556
Yeast Grow 4 Days,pioreactor02,2025-09-21T02:42:58.908Z,24.50208,0.0,0.0,0.0,0.0,2025-09-21 04:42:58.908,21.676944444444
Yeast Grow 4 Days,pioreactor02,2025-09-21T02:43:21.908Z,24.47058,0.0,0.0,0.0,0.0,2025-09-21 04:43:21.908,21.683333333333
Yeast Grow 4 Days,pioreactor02,2025-09-21T02:43:44.908Z,24.44108,0.0,0.0,0.0,0.0,2025-09-21 04:43:44.908,21.689722222222
Yeast Grow 4 Days,pioreactor02,2025-09-21T02:44:07.908Z,24.52508,0.0,0.0,0.0,0.0,2025-09-21 04:44:07.908,21.696111111111
Yeast Grow 4 Days,pioreactor02,2025-09-21T02:44:16.610Z,24.52508,0.0,0.0,0.0,84.16,2025-09-21 04:44:16.610,21.698611111111
Yeast Grow 4 Days,pioreactor02,2025-09-21T02:44:16.652Z,24.52508,0.0,0.0,0.0,84.05,2025-09-21 04:44:16.652,21.698611111111
Yeast Grow 4 Days,pioreactor02,2025-09-21T02:44:30.908Z,24.67758,0.0,0.0,0.0,84.05,2025-09-21 04:44:30.908,21.7025
Yeast Grow 4 Days,pioreactor02,2025-09-21T02:44:53.908Z,24.65158,0.0,0.0,0.0,84.05,2025-09-21 04:44:53.908,21.708888888889
Yeast Grow 4 Days,pioreactor02,2025-09-21T02:45:16.908Z,24.62908,0.0,0.0,0.0,84.05,2025-09-21 04:45:16.908,21.715277777778
Yeast Grow 4 Days,pioreactor02,2025-09-21T02:45:39.912Z,24.60358,0.0,0.0,0.0,84.05,2025-09-21 04:45:39.912,21.721666666667
Yeast Grow 4 Days,pioreactor02,2025-09-21T02:45:45.183Z,24.60358,0.0,0.0,0.0,0.0,2025-09-21 04:45:45.183,21.723333333333
Yeast Grow 4 Days,pioreactor02,2025-09-21T02:46:02.908Z,24.56558,0.0,0.0,0.0,0.0,2025-09-21 04:46:02.908,21.728055555556
Yeast Grow 4 Days,pioreactor02,2025-09-21T02:46:25.908Z,24.58258,0.0,0.0,0.0,0.0,2025-09-21 04:46:25.908,21.734444444444
Yeast Grow 4 Days,pioreactor02,2025-09-21T02:46:48.908Z,24.50958,0.0,0.0,0.0,0.0,2025-09-21 04:46:48.908,21.740833333333
Yeast Grow 4 Days,pioreactor02,2025-09-21T02:47:11.908Z,24.52008,0.0,0.0,0.0,0.0,2025-09-21 04:47:11.908,21.747222222222
Yeast Grow 4 Days,pioreactor02,2025-09-21T02:47:34.908Z,24.47458,0.0,0.0,0.0,0.0,2025-09-21 04:47:34.908,21.753611111111
Yeast Grow 4 Days,pioreactor02,2025-09-21T02:47:36.610Z,24.47458,0.0,0.0,0.0,84.05,2025-09-21 04:47:36.610,21.754166666667
Yeast Grow 4 Days,pioreactor02,2025-09-21T02:47:36.653Z,24.47458,0.0,0.0,0.0,84.22,2025-09-21 04:47:36.653,21.754166666667
Yeast Grow 4 Days,pioreactor02,2025-09-21T02:47:57.908Z,24.47808,0.0,0.0,0.0,84.22,2025-09-21 04:47:57.908,21.76
Yeast Grow 4 Days,pioreactor02,2025-09-21T02:48:20.908Z,24.50708,0.0,0.0,0.0,84.22,2025-09-21 04:48:20.908,21.766388888889
Yeast Grow 4 Days,pioreactor02,2025-09-21T02:48:43.908Z,24.52408,0.0,0.0,0.0,84.22,2025-09-21 04:48:43.908,21.772777777778
Yeast Grow 4 Days,pioreactor02,2025-09-21T02:49:05.183Z,24.52408,0.0,0.0,0.0,0.0,2025-09-21 04:49:05.183,21.778888888889
Yeast Grow 4 Days,pioreactor02,2025-09-21T02:49:06.908Z,24.53558,0.0,0.0,0.0,0.0,2025-09-21 04:49:06.908,21.779166666667
Yeast Grow 4 Days,pioreactor02,2025-09-21T02:49:29.908Z,24.45708,0.0,0.0,0.0,0.0,2025-09-21 04:49:29.908,21.785555555556
Yeast Grow 4 Days,pioreactor02,2025-09-21T02:49:52.908Z,24.40508,0.0,0.0,0.0,0.0,2025-09-21 04:49:52.908,21.791944444444
Yeast Grow 4 Days,pioreactor02,2025-09-21T02:50:15.908Z,24.74658,0.0,0.0,0.0,0.0,2025-09-21 04:50:15.908,21.798333333333
Yeast Grow 4 Days,pioreactor02,2025-09-21T02:50:38.908Z,24.62108,0.0,0.0,0.0,0.0,2025-09-21 04:50:38.908,21.804722222222
Yeast Grow 4 Days,pioreactor02,2025-09-21T02:50:56.609Z,24.62108,0.0,0.0,0.0,84.22,2025-09-21 04:50:56.609,21.809722222222
Yeast Grow 4 Days,pioreactor02,2025-09-21T02:50:56.652Z,24.62108,0.0,0.0,0.0,84.8,2025-09-21 04:50:56.652,21.809722222222
Yeast Grow 4 Days,pioreactor02,2025-09-21T02:51:01.908Z,24.60608,0.0,0.0,0.0,84.8,2025-09-21 04:51:01.908,21.811111111111
Yeast Grow 4 Days,pioreactor02,2025-09-21T02:51:24.908Z,24.61008,0.0,0.0,0.0,84.8,2025-09-21 04:51:24.908,21.8175
Yeast Grow 4 Days,pioreactor02,2025-09-21T02:51:47.908Z,24.56608,0.0,0.0,0.0,84.8,2025-09-21 04:51:47.908,21.823888888889
Yeast Grow 4 Days,pioreactor02,2025-09-21T02:52:10.908Z,24.56558,0.0,0.0,0.0,84.8,2025-09-21 04:52:10.908,21.830277777778
Yeast Grow 4 Days,pioreactor02,2025-09-21T02:52:25.183Z,24.56558,0.0,0.0,0.0,0.0,2025-09-21 04:52:25.183,21.834444444444
Yeast Grow 4 Days,pioreactor02,2025-09-21T02:52:33.908Z,24.46158,0.0,0.0,0.0,0.0,2025-09-21 04:52:33.908,21.836666666667
Yeast Grow 4 Days,pioreactor02,2025-09-21T02:52:56.908Z,24.84608,0.0,0.0,0.0,0.0,2025-09-21 04:52:56.908,21.843055555556
Yeast Grow 4 Days,pioreactor02,2025-09-21T02:53:19.908Z,24.72508,0.0,0.0,0.0,0.0,2025-09-21 04:53:19.908,21.849444444444
Yeast Grow 4 Days,pioreactor02,2025-09-21T02:53:42.908Z,24.61258,0.0,0.0,0.0,0.0,2025-09-21 04:53:42.908,21.855833333333
Yeast Grow 4 Days,pioreactor02,2025-09-21T02:54:05.908Z,24.56008,0.0,0.0,0.0,0.0,2025-09-21 04:54:05.908,21.862222222222
Yeast Grow 4 Days,pioreactor02,2025-09-21T02:54:16.610Z,24.56008,0.0,0.0,0.0,84.8,2025-09-21 04:54:16.610,21.865277777778
Yeast Grow 4 Days,pioreactor02,2025-09-21T02:54:16.652Z,24.56008,0.0,0.0,0.0,84.34,2025-09-21 04:54:16.652,21.865277777778
Yeast Grow 4 Days,pioreactor02,2025-09-21T02:54:28.908Z,24.57208,0.0,0.0,0.0,84.34,2025-09-21 04:54:28.908,21.868611111111
Yeast Grow 4 Days,pioreactor02,2025-09-21T02:54:51.908Z,24.60758,0.0,0.0,0.0,84.34,2025-09-21 04:54:51.908,21.875
Yeast Grow 4 Days,pioreactor02,2025-09-21T02:55:14.908Z,24.62858,0.0,0.0,0.0,84.34,2025-09-21 04:55:14.908,21.881388888889
Yeast Grow 4 Days,pioreactor02,2025-09-21T02:55:37.908Z,24.57708,0.0,0.0,0.0,84.34,2025-09-21 04:55:37.908,21.887777777778
Yeast Grow 4 Days,pioreactor02,2025-09-21T02:55:45.184Z,24.57708,0.0,0.0,0.0,0.0,2025-09-21 04:55:45.184,21.89
Yeast Grow 4 Days,pioreactor02,2025-09-21T02:56:00.908Z,24.48258,0.0,0.0,0.0,0.0,2025-09-21 04:56:00.908,21.894166666667
Yeast Grow 4 Days,pioreactor02,2025-09-21T02:56:23.908Z,24.46308,0.0,0.0,0.0,0.0,2025-09-21 04:56:23.908,21.900555555556
Yeast Grow 4 Days,pioreactor02,2025-09-21T02:56:46.908Z,24.43408,0.0,0.0,0.0,0.0,2025-09-21 04:56:46.908,21.906944444444
Yeast Grow 4 Days,pioreactor02,2025-09-21T02:57:09.908Z,24.39458,0.0,0.0,0.0,0.0,2025-09-21 04:57:09.908,21.913333333333
Yeast Grow 4 Days,pioreactor02,2025-09-21T02:57:32.908Z,24.38808,0.0,0.0,0.0,0.0,2025-09-21 04:57:32.908,21.919722222222
Yeast Grow 4 Days,pioreactor02,2025-09-21T02:57:36.609Z,24.38808,0.0,0.0,0.0,84.34,2025-09-21 04:57:36.609,21.920833333333
Yeast Grow 4 Days,pioreactor02,2025-09-21T02:57:36.652Z,24.38808,0.0,0.0,0.0,86.14,2025-09-21 04:57:36.652,21.920833333333
Yeast Grow 4 Days,pioreactor02,2025-09-21T02:57:55.908Z,24.39258,0.0,0.0,0.0,86.14,2025-09-21 04:57:55.908,21.926111111111
Yeast Grow 4 Days,pioreactor02,2025-09-21T02:58:18.908Z,24.46208,0.0,0.0,0.0,86.14,2025-09-21 04:58:18.908,21.9325
Yeast Grow 4 Days,pioreactor02,2025-09-21T02:58:41.908Z,24.50808,0.0,0.0,0.0,86.14,2025-09-21 04:58:41.908,21.938888888889
Yeast Grow 4 Days,pioreactor02,2025-09-21T02:59:04.908Z,24.47208,0.0,0.0,0.0,86.14,2025-09-21 04:59:04.908,21.945277777778
Yeast Grow 4 Days,pioreactor02,2025-09-21T02:59:05.183Z,24.47208,0.0,0.0,0.0,0.0,2025-09-21 04:59:05.183,21.945555555556
Yeast Grow 4 Days,pioreactor02,2025-09-21T02:59:27.908Z,24.40708,0.0,0.0,0.0,0.0,2025-09-21 04:59:27.908,21.951666666667
Yeast Grow 4 Days,pioreactor02,2025-09-21T02:59:50.912Z,24.36158,0.0,0.0,0.0,0.0,2025-09-21 04:59:50.912,21.958055555556
Yeast Grow 4 Days,pioreactor02,2025-09-21T03:00:13.908Z,24.35208,0.0,0.0,0.0,0.0,2025-09-21 05:00:13.908,21.964444444444
Yeast Grow 4 Days,pioreactor02,2025-09-21T03:00:36.908Z,24.33358,0.0,0.0,0.0,0.0,2025-09-21 05:00:36.908,21.970833333333
Yeast Grow 4 Days,pioreactor02,2025-09-21T03:00:56.609Z,24.33358,0.0,0.0,0.0,86.14,2025-09-21 05:00:56.609,21.976388888889
Yeast Grow 4 Days,pioreactor02,2025-09-21T03:00:56.652Z,24.33358,0.0,0.0,0.0,86.29,2025-09-21 05:00:56.652,21.976388888889
Yeast Grow 4 Days,pioreactor02,2025-09-21T03:00:59.908Z,24.47608,0.0,0.0,0.0,86.29,2025-09-21 05:00:59.908,21.977222222222
Yeast Grow 4 Days,pioreactor02,2025-09-21T03:01:22.908Z,24.46208,0.0,0.0,0.0,86.29,2025-09-21 05:01:22.908,21.983611111111
Yeast Grow 4 Days,pioreactor02,2025-09-21T03:01:45.908Z,24.47958,0.0,0.0,0.0,86.29,2025-09-21 05:01:45.908,21.99
Yeast Grow 4 Days,pioreactor02,2025-09-21T03:02:08.908Z,24.49258,0.0,0.0,0.0,86.29,2025-09-21 05:02:08.908,21.996388888889
Yeast Grow 4 Days,pioreactor02,2025-09-21T03:02:25.183Z,24.49258,0.0,0.0,0.0,0.0,2025-09-21 05:02:25.183,22.001111111111
Yeast Grow 4 Days,pioreactor02,2025-09-21T03:02:31.908Z,24.45058,0.0,0.0,0.0,0.0,2025-09-21 05:02:31.908,22.002777777778
Yeast Grow 4 Days,pioreactor02,2025-09-21T03:02:54.908Z,24.38708,0.0,0.0,0.0,0.0,2025-09-21 05:02:54.908,22.009166666667
Yeast Grow 4 Days,pioreactor02,2025-09-21T03:03:17.908Z,24.37658,0.0,0.0,0.0,0.0,2025-09-21 05:03:17.908,22.015555555556
Yeast Grow 4 Days,pioreactor02,2025-09-21T03:03:40.908Z,24.38508,0.0,0.0,0.0,0.0,2025-09-21 05:03:40.908,22.021944444444
Yeast Grow 4 Days,pioreactor02,2025-09-21T03:04:03.908Z,24.36608,0.0,0.0,0.0,0.0,2025-09-21 05:04:03.908,22.028333333333
Yeast Grow 4 Days,pioreactor02,2025-09-21T03:04:16.608Z,24.36608,0.0,0.0,0.0,86.29,2025-09-21 05:04:16.608,22.031944444444
Yeast Grow 4 Days,pioreactor02,2025-09-21T03:04:16.652Z,24.36608,0.0,0.0,0.0,88.13,2025-09-21 05:04:16.652,22.031944444444
Yeast Grow 4 Days,pioreactor02,2025-09-21T03:04:26.908Z,24.49358,0.0,0.0,0.0,88.13,2025-09-21 05:04:26.908,22.034722222222
Yeast Grow 4 Days,pioreactor02,2025-09-21T03:04:49.908Z,24.45858,0.0,0.0,0.0,88.13,2025-09-21 05:04:49.908,22.041111111111
Yeast Grow 4 Days,pioreactor02,2025-09-21T03:05:12.912Z,24.44908,0.0,0.0,0.0,88.13,2025-09-21 05:05:12.912,22.0475
Yeast Grow 4 Days,pioreactor02,2025-09-21T03:05:35.908Z,24.48658,0.0,0.0,0.0,88.13,2025-09-21 05:05:35.908,22.053888888889
Yeast Grow 4 Days,pioreactor02,2025-09-21T03:05:45.183Z,24.48658,0.0,0.0,0.0,0.0,2025-09-21 05:05:45.183,22.056666666667
Yeast Grow 4 Days,pioreactor02,2025-09-21T03:05:58.908Z,24.38708,0.0,0.0,0.0,0.0,2025-09-21 05:05:58.908,22.060277777778
Yeast Grow 4 Days,pioreactor02,2025-09-21T03:06:21.908Z,24.35358,0.0,0.0,0.0,0.0,2025-09-21 05:06:21.908,22.066666666667
Yeast Grow 4 Days,pioreactor02,2025-09-21T03:06:44.908Z,24.37208,0.0,0.0,0.0,0.0,2025-09-21 05:06:44.908,22.073055555556
Yeast Grow 4 Days,pioreactor02,2025-09-21T03:07:07.908Z,24.36708,0.0,0.0,0.0,0.0,2025-09-21 05:07:07.908,22.079444444444
Yeast Grow 4 Days,pioreactor02,2025-09-21T03:07:30.908Z,24.35308,0.0,0.0,0.0,0.0,2025-09-21 05:07:30.908,22.085833333333
Yeast Grow 4 Days,pioreactor02,2025-09-21T03:07:36.610Z,24.35308,0.0,0.0,0.0,88.13,2025-09-21 05:07:36.610,22.0875
Yeast Grow 4 Days,pioreactor02,2025-09-21T03:07:36.652Z,24.35308,0.0,0.0,0.0,88.16,2025-09-21 05:07:36.652,22.0875
Yeast Grow 4 Days,pioreactor02,2025-09-21T03:07:53.908Z,24.60158,0.0,0.0,0.0,88.16,2025-09-21 05:07:53.908,22.092222222222
Yeast Grow 4 Days,pioreactor02,2025-09-21T03:08:16.908Z,24.57208,0.0,0.0,0.0,88.16,2025-09-21 05:08:16.908,22.098611111111
Yeast Grow 4 Days,pioreactor02,2025-09-21T03:08:39.908Z,24.50308,0.0,0.0,0.0,88.16,2025-09-21 05:08:39.908,22.105
Yeast Grow 4 Days,pioreactor02,2025-09-21T03:09:02.908Z,24.53158,0.0,0.0,0.0,88.16,2025-09-21 05:09:02.908,22.111388888889
Yeast Grow 4 Days,pioreactor02,2025-09-21T03:09:05.183Z,24.53158,0.0,0.0,0.0,0.0,2025-09-21 05:09:05.183,22.112222222222
Yeast Grow 4 Days,pioreactor02,2025-09-21T03:09:25.908Z,24.43558,0.0,0.0,0.0,0.0,2025-09-21 05:09:25.908,22.117777777778
Yeast Grow 4 Days,pioreactor02,2025-09-21T03:09:48.908Z,24.39708,0.0,0.0,0.0,0.0,2025-09-21 05:09:48.908,22.124166666667
Yeast Grow 4 Days,pioreactor02,2025-09-21T03:10:11.908Z,24.36658,0.0,0.0,0.0,0.0,2025-09-21 05:10:11.908,22.130555555556
Yeast Grow 4 Days,pioreactor02,2025-09-21T03:10:34.908Z,24.33908,0.0,0.0,0.0,0.0,2025-09-21 05:10:34.908,22.136944444444
Yeast Grow 4 Days,pioreactor02,2025-09-21T03:10:56.609Z,24.33908,0.0,0.0,0.0,88.16,2025-09-21 05:10:56.609,22.143055555556
Yeast Grow 4 Days,pioreactor02,2025-09-21T03:10:56.653Z,24.33908,0.0,0.0,0.0,86.84,2025-09-21 05:10:56.653,22.143055555556
Yeast Grow 4 Days,pioreactor02,2025-09-21T03:10:57.908Z,24.30608,0.0,0.0,0.0,86.84,2025-09-21 05:10:57.908,22.143333333333
Yeast Grow 4 Days,pioreactor02,2025-09-21T03:11:20.908Z,24.60658,0.0,0.0,0.0,86.84,2025-09-21 05:11:20.908,22.149722222222
Yeast Grow 4 Days,pioreactor02,2025-09-21T03:11:43.908Z,24.96758,0.0,0.0,0.0,86.84,2025-09-21 05:11:43.908,22.156111111111
Yeast Grow 4 Days,pioreactor02,2025-09-21T03:12:06.908Z,24.85608,0.0,0.0,0.0,86.84,2025-09-21 05:12:06.908,22.1625
Yeast Grow 4 Days,pioreactor02,2025-09-21T03:12:25.183Z,24.85608,0.0,0.0,0.0,0.0,2025-09-21 05:12:25.183,22.167777777778
Yeast Grow 4 Days,pioreactor02,2025-09-21T03:12:29.908Z,24.74858,0.0,0.0,0.0,0.0,2025-09-21 05:12:29.908,22.168888888889
Yeast Grow 4 Days,pioreactor02,2025-09-21T03:12:52.908Z,24.67108,0.0,0.0,0.0,0.0,2025-09-21 05:12:52.908,22.175277777778
Yeast Grow 4 Days,pioreactor02,2025-09-21T03:13:15.908Z,24.55008,0.0,0.0,0.0,0.0,2025-09-21 05:13:15.908,22.181666666667
Yeast Grow 4 Days,pioreactor02,2025-09-21T03:13:38.908Z,24.48608,0.0,0.0,0.0,0.0,2025-09-21 05:13:38.908,22.188055555556
Yeast Grow 4 Days,pioreactor02,2025-09-21T03:14:01.908Z,24.55408,0.0,0.0,0.0,0.0,2025-09-21 05:14:01.908,22.194444444444
Yeast Grow 4 Days,pioreactor02,2025-09-21T03:14:16.608Z,24.55408,0.0,0.0,0.0,86.84,2025-09-21 05:14:16.608,22.198611111111
Yeast Grow 4 Days,pioreactor02,2025-09-21T03:14:16.652Z,24.55408,0.0,0.0,0.0,86.98,2025-09-21 05:14:16.652,22.198611111111
Yeast Grow 4 Days,pioreactor02,2025-09-21T03:14:24.908Z,24.54958,0.0,0.0,0.0,86.98,2025-09-21 05:14:24.908,22.200833333333
Yeast Grow 4 Days,pioreactor02,2025-09-21T03:14:47.908Z,24.48958,0.0,0.0,0.0,86.98,2025-09-21 05:14:47.908,22.207222222222
Yeast Grow 4 Days,pioreactor02,2025-09-21T03:15:10.908Z,24.53208,0.0,0.0,0.0,86.98,2025-09-21 05:15:10.908,22.213611111111
Yeast Grow 4 Days,pioreactor02,2025-09-21T03:15:33.908Z,24.45558,0.0,0.0,0.0,86.98,2025-09-21 05:15:33.908,22.22
Yeast Grow 4 Days,pioreactor02,2025-09-21T03:15:45.183Z,24.45558,0.0,0.0,0.0,0.0,2025-09-21 05:15:45.183,22.223333333333
Yeast Grow 4 Days,pioreactor02,2025-09-21T03:15:56.908Z,24.44608,0.0,0.0,0.0,0.0,2025-09-21 05:15:56.908,22.226388888889
Yeast Grow 4 Days,pioreactor02,2025-09-21T03:16:19.908Z,24.43508,0.0,0.0,0.0,0.0,2025-09-21 05:16:19.908,22.232777777778
Yeast Grow 4 Days,pioreactor02,2025-09-21T03:16:42.908Z,24.47608,0.0,0.0,0.0,0.0,2025-09-21 05:16:42.908,22.239166666667
Yeast Grow 4 Days,pioreactor02,2025-09-21T03:17:05.908Z,24.48458,0.0,0.0,0.0,0.0,2025-09-21 05:17:05.908,22.245555555556
Yeast Grow 4 Days,pioreactor02,2025-09-21T03:17:28.908Z,24.46558,0.0,0.0,0.0,0.0,2025-09-21 05:17:28.908,22.251944444444
Yeast Grow 4 Days,pioreactor02,2025-09-21T03:17:36.609Z,24.46558,0.0,0.0,0.0,86.98,2025-09-21 05:17:36.609,22.254166666667
Yeast Grow 4 Days,pioreactor02,2025-09-21T03:17:36.652Z,24.46558,0.0,0.0,0.0,86.91,2025-09-21 05:17:36.652,22.254166666667
Yeast Grow 4 Days,pioreactor02,2025-09-21T03:17:51.908Z,24.48058,0.0,0.0,0.0,86.91,2025-09-21 05:17:51.908,22.258333333333
Yeast Grow 4 Days,pioreactor02,2025-09-21T03:18:14.908Z,24.50758,0.0,0.0,0.0,86.91,2025-09-21 05:18:14.908,22.264722222222
Yeast Grow 4 Days,pioreactor02,2025-09-21T03:18:37.908Z,24.53058,0.0,0.0,0.0,86.91,2025-09-21 05:18:37.908,22.271111111111
Yeast Grow 4 Days,pioreactor02,2025-09-21T03:19:00.908Z,24.60958,0.0,0.0,0.0,86.91,2025-09-21 05:19:00.908,22.2775
Yeast Grow 4 Days,pioreactor02,2025-09-21T03:19:05.183Z,24.60958,0.0,0.0,0.0,0.0,2025-09-21 05:19:05.183,22.278888888889
Yeast Grow 4 Days,pioreactor02,2025-09-21T03:19:23.908Z,24.54608,0.0,0.0,0.0,0.0,2025-09-21 05:19:23.908,22.283888888889
Yeast Grow 4 Days,pioreactor02,2025-09-21T03:19:46.908Z,24.54458,0.0,0.0,0.0,0.0,2025-09-21 05:19:46.908,22.290277777778
Yeast Grow 4 Days,pioreactor02,2025-09-21T03:20:09.908Z,24.47108,0.0,0.0,0.0,0.0,2025-09-21 05:20:09.908,22.296666666667
Yeast Grow 4 Days,pioreactor02,2025-09-21T03:20:32.908Z,24.47508,0.0,0.0,0.0,0.0,2025-09-21 05:20:32.908,22.303055555556
Yeast Grow 4 Days,pioreactor02,2025-09-21T03:20:55.908Z,24.42458,0.0,0.0,0.0,0.0,2025-09-21 05:20:55.908,22.309444444444
Yeast Grow 4 Days,pioreactor02,2025-09-21T03:20:56.609Z,24.42458,0.0,0.0,0.0,86.91,2025-09-21 05:20:56.609,22.309722222222
Yeast Grow 4 Days,pioreactor02,2025-09-21T03:20:56.652Z,24.42458,0.0,0.0,0.0,86.31,2025-09-21 05:20:56.652,22.309722222222
Yeast Grow 4 Days,pioreactor02,2025-09-21T03:21:18.908Z,24.45008,0.0,0.0,0.0,86.31,2025-09-21 05:21:18.908,22.315833333333
Yeast Grow 4 Days,pioreactor02,2025-09-21T03:21:41.908Z,24.41108,0.0,0.0,0.0,86.31,2025-09-21 05:21:41.908,22.322222222222
Yeast Grow 4 Days,pioreactor02,2025-09-21T03:22:04.908Z,24.49908,0.0,0.0,0.0,86.31,2025-09-21 05:22:04.908,22.328611111111
Yeast Grow 4 Days,pioreactor02,2025-09-21T03:22:25.183Z,24.49908,0.0,0.0,0.0,0.0,2025-09-21 05:22:25.183,22.334444444444
Yeast Grow 4 Days,pioreactor02,2025-09-21T03:22:27.908Z,24.48458,0.0,0.0,0.0,0.0,2025-09-21 05:22:27.908,22.335
Yeast Grow 4 Days,pioreactor02,2025-09-21T03:22:50.908Z,24.53858,0.0,0.0,0.0,0.0,2025-09-21 05:22:50.908,22.341388888889
Yeast Grow 4 Days,pioreactor02,2025-09-21T03:23:13.908Z,24.45858,0.0,0.0,0.0,0.0,2025-09-21 05:23:13.908,22.347777777778
Yeast Grow 4 Days,pioreactor02,2025-09-21T03:23:36.908Z,24.41658,0.0,0.0,0.0,0.0,2025-09-21 05:23:36.908,22.354166666667
Yeast Grow 4 Days,pioreactor02,2025-09-21T03:23:59.908Z,24.34658,0.0,0.0,0.0,0.0,2025-09-21 05:23:59.908,22.360555555556
Yeast Grow 4 Days,pioreactor02,2025-09-21T03:24:16.608Z,24.34658,0.0,0.0,0.0,86.31,2025-09-21 05:24:16.608,22.365277777778
Yeast Grow 4 Days,pioreactor02,2025-09-21T03:24:16.652Z,24.34658,0.0,0.0,0.0,86.15,2025-09-21 05:24:16.652,22.365277777778
Yeast Grow 4 Days,pioreactor02,2025-09-21T03:24:22.908Z,24.34508,0.0,0.0,0.0,86.15,2025-09-21 05:24:22.908,22.366944444444
Yeast Grow 4 Days,pioreactor02,2025-09-21T03:24:45.908Z,24.45608,0.0,0.0,0.0,86.15,2025-09-21 05:24:45.908,22.373333333333
Yeast Grow 4 Days,pioreactor02,2025-09-21T03:25:08.908Z,24.44408,0.0,0.0,0.0,86.15,2025-09-21 05:25:08.908,22.379722222222
Yeast Grow 4 Days,pioreactor02,2025-09-21T03:25:31.908Z,24.46358,0.0,0.0,0.0,86.15,2025-09-21 05:25:31.908,22.386111111111
Yeast Grow 4 Days,pioreactor02,2025-09-21T03:25:45.183Z,24.46358,0.0,0.0,0.0,0.0,2025-09-21 05:25:45.183,22.39
Yeast Grow 4 Days,pioreactor02,2025-09-21T03:25:54.908Z,24.37608,0.0,0.0,0.0,0.0,2025-09-21 05:25:54.908,22.3925
Yeast Grow 4 Days,pioreactor02,2025-09-21T03:26:17.908Z,24.37458,0.0,0.0,0.0,0.0,2025-09-21 05:26:17.908,22.398888888889
Yeast Grow 4 Days,pioreactor02,2025-09-21T03:26:40.908Z,24.39808,0.0,0.0,0.0,0.0,2025-09-21 05:26:40.908,22.405277777778
Yeast Grow 4 Days,pioreactor02,2025-09-21T03:27:03.908Z,24.40208,0.0,0.0,0.0,0.0,2025-09-21 05:27:03.908,22.411666666667
Yeast Grow 4 Days,pioreactor02,2025-09-21T03:27:26.908Z,24.37758,0.0,0.0,0.0,0.0,2025-09-21 05:27:26.908,22.418055555556
Yeast Grow 4 Days,pioreactor02,2025-09-21T03:27:36.608Z,24.37758,0.0,0.0,0.0,86.15,2025-09-21 05:27:36.608,22.420833333333
Yeast Grow 4 Days,pioreactor02,2025-09-21T03:27:36.652Z,24.37758,0.0,0.0,0.0,86.59,2025-09-21 05:27:36.652,22.420833333333
Yeast Grow 4 Days,pioreactor02,2025-09-21T03:27:49.908Z,24.50008,0.0,0.0,0.0,86.59,2025-09-21 05:27:49.908,22.424444444444
Yeast Grow 4 Days,pioreactor02,2025-09-21T03:28:12.908Z,24.52608,0.0,0.0,0.0,86.59,2025-09-21 05:28:12.908,22.430833333333
Yeast Grow 4 Days,pioreactor02,2025-09-21T03:28:35.908Z,24.49908,0.0,0.0,0.0,86.59,2025-09-21 05:28:35.908,22.437222222222
Yeast Grow 4 Days,pioreactor02,2025-09-21T03:28:58.908Z,24.60958,0.0,0.0,0.0,86.59,2025-09-21 05:28:58.908,22.443611111111
Yeast Grow 4 Days,pioreactor02,2025-09-21T03:29:05.183Z,24.60958,0.0,0.0,0.0,0.0,2025-09-21 05:29:05.183,22.445555555556
Yeast Grow 4 Days,pioreactor02,2025-09-21T03:29:21.908Z,24.59208,0.0,0.0,0.0,0.0,2025-09-21 05:29:21.908,22.45
Yeast Grow 4 Days,pioreactor02,2025-09-21T03:29:44.908Z,24.54858,0.0,0.0,0.0,0.0,2025-09-21 05:29:44.908,22.456388888889
Yeast Grow 4 Days,pioreactor02,2025-09-21T03:30:07.908Z,24.46258,0.0,0.0,0.0,0.0,2025-09-21 05:30:07.908,22.462777777778
Yeast Grow 4 Days,pioreactor02,2025-09-21T03:30:30.908Z,24.48558,0.0,0.0,0.0,0.0,2025-09-21 05:30:30.908,22.469166666667
Yeast Grow 4 Days,pioreactor02,2025-09-21T03:30:53.908Z,24.48158,0.0,0.0,0.0,0.0,2025-09-21 05:30:53.908,22.475555555556
Yeast Grow 4 Days,pioreactor02,2025-09-21T03:30:56.608Z,24.48158,0.0,0.0,0.0,86.59,2025-09-21 05:30:56.608,22.476388888889
Yeast Grow 4 Days,pioreactor02,2025-09-21T03:30:56.652Z,24.48158,0.0,0.0,0.0,86.33,2025-09-21 05:30:56.652,22.476388888889
Yeast Grow 4 Days,pioreactor02,2025-09-21T03:31:16.908Z,24.51708,0.0,0.0,0.0,86.33,2025-09-21 05:31:16.908,22.481944444444
Yeast Grow 4 Days,pioreactor02,2025-09-21T03:31:39.908Z,24.44608,0.0,0.0,0.0,86.33,2025-09-21 05:31:39.908,22.488333333333
Yeast Grow 4 Days,pioreactor02,2025-09-21T03:32:02.908Z,24.45708,0.0,0.0,0.0,86.33,2025-09-21 05:32:02.908,22.494722222222
Yeast Grow 4 Days,pioreactor02,2025-09-21T03:32:25.183Z,24.45708,0.0,0.0,0.0,0.0,2025-09-21 05:32:25.183,22.501111111111
Yeast Grow 4 Days,pioreactor02,2025-09-21T03:32:25.908Z,24.45458,0.0,0.0,0.0,0.0,2025-09-21 05:32:25.908,22.501111111111
Yeast Grow 4 Days,pioreactor02,2025-09-21T03:32:48.908Z,24.40058,0.0,0.0,0.0,0.0,2025-09-21 05:32:48.908,22.5075
Yeast Grow 4 Days,pioreactor02,2025-09-21T03:33:11.908Z,24.39908,0.0,0.0,0.0,0.0,2025-09-21 05:33:11.908,22.513888888889
Yeast Grow 4 Days,pioreactor02,2025-09-21T03:33:34.908Z,24.34808,0.0,0.0,0.0,0.0,2025-09-21 05:33:34.908,22.520277777778
Yeast Grow 4 Days,pioreactor02,2025-09-21T03:33:57.908Z,24.28508,0.0,0.0,0.0,0.0,2025-09-21 05:33:57.908,22.526666666667
Yeast Grow 4 Days,pioreactor02,2025-09-21T03:34:16.607Z,24.28508,0.0,0.0,0.0,86.33,2025-09-21 05:34:16.607,22.531944444444
Yeast Grow 4 Days,pioreactor02,2025-09-21T03:34:16.648Z,24.28508,0.0,0.0,0.0,85.24,2025-09-21 05:34:16.648,22.531944444444
Yeast Grow 4 Days,pioreactor02,2025-09-21T03:34:20.908Z,24.29658,0.0,0.0,0.0,85.24,2025-09-21 05:34:20.908,22.533055555556
Yeast Grow 4 Days,pioreactor02,2025-09-21T03:34:43.908Z,24.39108,0.0,0.0,0.0,85.24,2025-09-21 05:34:43.908,22.539444444444
Yeast Grow 4 Days,pioreactor02,2025-09-21T03:35:06.908Z,24.42658,0.0,0.0,0.0,85.24,2025-09-21 05:35:06.908,22.545833333333
Yeast Grow 4 Days,pioreactor02,2025-09-21T03:35:29.908Z,24.41558,0.0,0.0,0.0,85.24,2025-09-21 05:35:29.908,22.552222222222
Yeast Grow 4 Days,pioreactor02,2025-09-21T03:35:45.183Z,24.41558,0.0,0.0,0.0,0.0,2025-09-21 05:35:45.183,22.556666666667
Yeast Grow 4 Days,pioreactor02,2025-09-21T03:35:52.908Z,24.36358,0.0,0.0,0.0,0.0,2025-09-21 05:35:52.908,22.558611111111
Yeast Grow 4 Days,pioreactor02,2025-09-21T03:36:15.908Z,24.39208,0.0,0.0,0.0,0.0,2025-09-21 05:36:15.908,22.565
Yeast Grow 4 Days,pioreactor02,2025-09-21T03:36:38.908Z,24.36458,0.0,0.0,0.0,0.0,2025-09-21 05:36:38.908,22.571388888889
Yeast Grow 4 Days,pioreactor02,2025-09-21T03:37:01.908Z,24.36408,0.0,0.0,0.0,0.0,2025-09-21 05:37:01.908,22.577777777778
Yeast Grow 4 Days,pioreactor02,2025-09-21T03:37:24.908Z,24.32358,0.0,0.0,0.0,0.0,2025-09-21 05:37:24.908,22.584166666667
Yeast Grow 4 Days,pioreactor02,2025-09-21T03:37:36.610Z,24.32358,0.0,0.0,0.0,85.24,2025-09-21 05:37:36.610,22.5875
Yeast Grow 4 Days,pioreactor02,2025-09-21T03:37:36.652Z,24.32358,0.0,0.0,0.0,84.51,2025-09-21 05:37:36.652,22.5875
Yeast Grow 4 Days,pioreactor02,2025-09-21T03:37:47.908Z,24.37008,0.0,0.0,0.0,84.51,2025-09-21 05:37:47.908,22.590555555556
Yeast Grow 4 Days,pioreactor02,2025-09-21T03:38:10.908Z,24.36658,0.0,0.0,0.0,84.51,2025-09-21 05:38:10.908,22.596944444444
Yeast Grow 4 Days,pioreactor02,2025-09-21T03:38:33.908Z,24.38358,0.0,0.0,0.0,84.51,2025-09-21 05:38:33.908,22.603333333333
Yeast Grow 4 Days,pioreactor02,2025-09-21T03:38:56.908Z,24.59258,0.0,0.0,0.0,84.51,2025-09-21 05:38:56.908,22.609722222222
Yeast Grow 4 Days,pioreactor02,2025-09-21T03:39:05.183Z,24.59258,0.0,0.0,0.0,0.0,2025-09-21 05:39:05.183,22.612222222222
Yeast Grow 4 Days,pioreactor02,2025-09-21T03:39:19.908Z,24.53358,0.0,0.0,0.0,0.0,2025-09-21 05:39:19.908,22.616111111111
Yeast Grow 4 Days,pioreactor02,2025-09-21T03:39:42.908Z,24.45458,0.0,0.0,0.0,0.0,2025-09-21 05:39:42.908,22.6225
Yeast Grow 4 Days,pioreactor02,2025-09-21T03:40:05.908Z,24.39658,0.0,0.0,0.0,0.0,2025-09-21 05:40:05.908,22.628888888889
Yeast Grow 4 Days,pioreactor02,2025-09-21T03:40:28.908Z,24.37558,0.0,0.0,0.0,0.0,2025-09-21 05:40:28.908,22.635277777778
Yeast Grow 4 Days,pioreactor02,2025-09-21T03:40:51.908Z,24.36708,0.0,0.0,0.0,0.0,2025-09-21 05:40:51.908,22.641666666667
Yeast Grow 4 Days,pioreactor02,2025-09-21T03:40:56.609Z,24.36708,0.0,0.0,0.0,84.51,2025-09-21 05:40:56.609,22.643055555556
Yeast Grow 4 Days,pioreactor02,2025-09-21T03:40:56.652Z,24.36708,0.0,0.0,0.0,85.19,2025-09-21 05:40:56.652,22.643055555556
Yeast Grow 4 Days,pioreactor02,2025-09-21T03:41:14.908Z,24.74058,0.0,0.0,0.0,85.19,2025-09-21 05:41:14.908,22.648055555556
Yeast Grow 4 Days,pioreactor02,2025-09-21T03:41:37.908Z,24.90408,0.0,0.0,0.0,85.19,2025-09-21 05:41:37.908,22.654444444444
Yeast Grow 4 Days,pioreactor02,2025-09-21T03:42:00.908Z,24.89458,0.0,0.0,0.0,85.19,2025-09-21 05:42:00.908,22.660833333333
Yeast Grow 4 Days,pioreactor02,2025-09-21T03:42:23.908Z,24.78758,0.0,0.0,0.0,85.19,2025-09-21 05:42:23.908,22.667222222222
Yeast Grow 4 Days,pioreactor02,2025-09-21T03:42:25.183Z,24.78758,0.0,0.0,0.0,0.0,2025-09-21 05:42:25.183,22.667777777778
Yeast Grow 4 Days,pioreactor02,2025-09-21T03:42:46.908Z,24.70958,0.0,0.0,0.0,0.0,2025-09-21 05:42:46.908,22.673611111111
Yeast Grow 4 Days,pioreactor02,2025-09-21T03:43:09.908Z,25.06458,0.0,0.0,0.0,0.0,2025-09-21 05:43:09.908,22.68
Yeast Grow 4 Days,pioreactor02,2025-09-21T03:43:32.908Z,24.90908,0.0,0.0,0.0,0.0,2025-09-21 05:43:32.908,22.686388888889
Yeast Grow 4 Days,pioreactor02,2025-09-21T03:43:55.908Z,24.75008,0.0,0.0,0.0,0.0,2025-09-21 05:43:55.908,22.692777777778
Yeast Grow 4 Days,pioreactor02,2025-09-21T03:44:16.608Z,24.75008,0.0,0.0,0.0,85.19,2025-09-21 05:44:16.608,22.698611111111
Yeast Grow 4 Days,pioreactor02,2025-09-21T03:44:16.652Z,24.75008,0.0,0.0,0.0,84.8,2025-09-21 05:44:16.652,22.698611111111
Yeast Grow 4 Days,pioreactor02,2025-09-21T03:44:18.908Z,24.65958,0.0,0.0,0.0,84.8,2025-09-21 05:44:18.908,22.699166666667
Yeast Grow 4 Days,pioreactor02,2025-09-21T03:44:41.908Z,24.61008,0.0,0.0,0.0,84.8,2025-09-21 05:44:41.908,22.705555555556
Yeast Grow 4 Days,pioreactor02,2025-09-21T03:45:04.908Z,24.59108,0.0,0.0,0.0,84.8,2025-09-21 05:45:04.908,22.711944444444
Yeast Grow 4 Days,pioreactor02,2025-09-21T03:45:27.908Z,24.55558,0.0,0.0,0.0,84.8,2025-09-21 05:45:27.908,22.718333333333
Yeast Grow 4 Days,pioreactor02,2025-09-21T03:45:45.183Z,24.55558,0.0,0.0,0.0,0.0,2025-09-21 05:45:45.183,22.723333333333
Yeast Grow 4 Days,pioreactor02,2025-09-21T03:45:50.908Z,24.56308,0.0,0.0,0.0,0.0,2025-09-21 05:45:50.908,22.724722222222
Yeast Grow 4 Days,pioreactor02,2025-09-21T03:46:13.908Z,24.51408,0.0,0.0,0.0,0.0,2025-09-21 05:46:13.908,22.731111111111
Yeast Grow 4 Days,pioreactor02,2025-09-21T03:46:36.908Z,24.45058,0.0,0.0,0.0,0.0,2025-09-21 05:46:36.908,22.7375
Yeast Grow 4 Days,pioreactor02,2025-09-21T03:46:59.908Z,24.38908,0.0,0.0,0.0,0.0,2025-09-21 05:46:59.908,22.743888888889
Yeast Grow 4 Days,pioreactor02,2025-09-21T03:47:22.912Z,24.41208,0.0,0.0,0.0,0.0,2025-09-21 05:47:22.912,22.750277777778
Yeast Grow 4 Days,pioreactor02,2025-09-21T03:47:36.609Z,24.41208,0.0,0.0,0.0,84.8,2025-09-21 05:47:36.609,22.754166666667
Yeast Grow 4 Days,pioreactor02,2025-09-21T03:47:36.652Z,24.41208,0.0,0.0,0.0,83.73,2025-09-21 05:47:36.652,22.754166666667
Yeast Grow 4 Days,pioreactor02,2025-09-21T03:47:45.912Z,24.79308,0.0,0.0,0.0,83.73,2025-09-21 05:47:45.912,22.756666666667
Yeast Grow 4 Days,pioreactor02,2025-09-21T03:48:08.908Z,24.82208,0.0,0.0,0.0,83.73,2025-09-21 05:48:08.908,22.763055555556
Yeast Grow 4 Days,pioreactor02,2025-09-21T03:48:31.908Z,24.78958,0.0,0.0,0.0,83.73,2025-09-21 05:48:31.908,22.769444444444
Yeast Grow 4 Days,pioreactor02,2025-09-21T03:48:54.908Z,24.70858,0.0,0.0,0.0,83.73,2025-09-21 05:48:54.908,22.775833333333
Yeast Grow 4 Days,pioreactor02,2025-09-21T03:49:05.183Z,24.70858,0.0,0.0,0.0,0.0,2025-09-21 05:49:05.183,22.778888888889
Yeast Grow 4 Days,pioreactor02,2025-09-21T03:49:17.908Z,24.57958,0.0,0.0,0.0,0.0,2025-09-21 05:49:17.908,22.782222222222
Yeast Grow 4 Days,pioreactor02,2025-09-21T03:49:40.908Z,24.48158,0.0,0.0,0.0,0.0,2025-09-21 05:49:40.908,22.788611111111
Yeast Grow 4 Days,pioreactor02,2025-09-21T03:50:03.908Z,24.50958,0.0,0.0,0.0,0.0,2025-09-21 05:50:03.908,22.795
Yeast Grow 4 Days,pioreactor02,2025-09-21T03:50:26.908Z,24.44658,0.0,0.0,0.0,0.0,2025-09-21 05:50:26.908,22.801388888889
Yeast Grow 4 Days,pioreactor02,2025-09-21T03:50:49.908Z,24.53808,0.0,0.0,0.0,0.0,2025-09-21 05:50:49.908,22.807777777778
Yeast Grow 4 Days,pioreactor02,2025-09-21T03:50:56.609Z,24.53808,0.0,0.0,0.0,83.73,2025-09-21 05:50:56.609,22.809722222222
Yeast Grow 4 Days,pioreactor02,2025-09-21T03:50:56.656Z,24.53808,0.0,0.0,0.0,85.01,2025-09-21 05:50:56.656,22.809722222222
Yeast Grow 4 Days,pioreactor02,2025-09-21T03:51:12.912Z,24.55808,0.0,0.0,0.0,85.01,2025-09-21 05:51:12.912,22.814166666667
Yeast Grow 4 Days,pioreactor02,2025-09-21T03:51:35.908Z,24.56258,0.0,0.0,0.0,85.01,2025-09-21 05:51:35.908,22.820555555556
Yeast Grow 4 Days,pioreactor02,2025-09-21T03:51:58.908Z,24.57758,0.0,0.0,0.0,85.01,2025-09-21 05:51:58.908,22.826944444444
Yeast Grow 4 Days,pioreactor02,2025-09-21T03:52:21.908Z,24.56458,0.0,0.0,0.0,85.01,2025-09-21 05:52:21.908,22.833333333333
Yeast Grow 4 Days,pioreactor02,2025-09-21T03:52:25.183Z,24.56458,0.0,0.0,0.0,0.0,2025-09-21 05:52:25.183,22.834444444444
Yeast Grow 4 Days,pioreactor02,2025-09-21T03:52:44.908Z,24.49658,0.0,0.0,0.0,0.0,2025-09-21 05:52:44.908,22.839722222222
Yeast Grow 4 Days,pioreactor02,2025-09-21T03:53:07.908Z,24.45458,0.0,0.0,0.0,0.0,2025-09-21 05:53:07.908,22.846111111111
Yeast Grow 4 Days,pioreactor02,2025-09-21T03:53:30.908Z,24.43308,0.0,0.0,0.0,0.0,2025-09-21 05:53:30.908,22.8525
Yeast Grow 4 Days,pioreactor02,2025-09-21T03:53:53.908Z,24.38808,0.0,0.0,0.0,0.0,2025-09-21 05:53:53.908,22.858888888889
Yeast Grow 4 Days,pioreactor02,2025-09-21T03:54:16.609Z,24.38808,0.0,0.0,0.0,85.01,2025-09-21 05:54:16.609,22.865277777778
Yeast Grow 4 Days,pioreactor02,2025-09-21T03:54:16.656Z,24.38808,0.0,0.0,0.0,85.57,2025-09-21 05:54:16.656,22.865277777778
Yeast Grow 4 Days,pioreactor02,2025-09-21T03:54:16.908Z,24.44508,0.0,0.0,0.0,85.57,2025-09-21 05:54:16.908,22.865277777778
Yeast Grow 4 Days,pioreactor02,2025-09-21T03:54:39.908Z,24.43108,0.0,0.0,0.0,85.57,2025-09-21 05:54:39.908,22.871666666667
Yeast Grow 4 Days,pioreactor02,2025-09-21T03:55:02.908Z,24.47258,0.0,0.0,0.0,85.57,2025-09-21 05:55:02.908,22.878055555556
Yeast Grow 4 Days,pioreactor02,2025-09-21T03:55:25.908Z,24.48408,0.0,0.0,0.0,85.57,2025-09-21 05:55:25.908,22.884444444444
Yeast Grow 4 Days,pioreactor02,2025-09-21T03:55:45.183Z,24.48408,0.0,0.0,0.0,0.0,2025-09-21 05:55:45.183,22.89
Yeast Grow 4 Days,pioreactor02,2025-09-21T03:55:48.908Z,24.48408,0.0,0.0,0.0,0.0,2025-09-21 05:55:48.908,22.890833333333
Yeast Grow 4 Days,pioreactor02,2025-09-21T03:56:11.908Z,24.47808,0.0,0.0,0.0,0.0,2025-09-21 05:56:11.908,22.897222222222
Yeast Grow 4 Days,pioreactor02,2025-09-21T03:56:34.908Z,24.40558,0.0,0.0,0.0,0.0,2025-09-21 05:56:34.908,22.903611111111
Yeast Grow 4 Days,pioreactor02,2025-09-21T03:56:57.908Z,24.39708,0.0,0.0,0.0,0.0,2025-09-21 05:56:57.908,22.91
Yeast Grow 4 Days,pioreactor02,2025-09-21T03:57:20.908Z,24.38408,0.0,0.0,0.0,0.0,2025-09-21 05:57:20.908,22.916388888889
Yeast Grow 4 Days,pioreactor02,2025-09-21T03:57:36.611Z,24.38408,0.0,0.0,0.0,85.57,2025-09-21 05:57:36.611,22.920833333333
Yeast Grow 4 Days,pioreactor02,2025-09-21T03:57:36.652Z,24.38408,0.0,0.0,0.0,85.71,2025-09-21 05:57:36.652,22.920833333333
Yeast Grow 4 Days,pioreactor02,2025-09-21T03:57:43.908Z,24.41358,0.0,0.0,0.0,85.71,2025-09-21 05:57:43.908,22.922777777778
Yeast Grow 4 Days,pioreactor02,2025-09-21T03:58:06.908Z,24.43908,0.0,0.0,0.0,85.71,2025-09-21 05:58:06.908,22.929166666667
Yeast Grow 4 Days,pioreactor02,2025-09-21T03:58:29.908Z,24.45058,0.0,0.0,0.0,85.71,2025-09-21 05:58:29.908,22.935555555556
Yeast Grow 4 Days,pioreactor02,2025-09-21T03:58:52.908Z,24.47058,0.0,0.0,0.0,85.71,2025-09-21 05:58:52.908,22.941944444444
Yeast Grow 4 Days,pioreactor02,2025-09-21T03:59:05.183Z,24.47058,0.0,0.0,0.0,0.0,2025-09-21 05:59:05.183,22.945555555556
Yeast Grow 4 Days,pioreactor02,2025-09-21T03:59:15.908Z,24.40958,0.0,0.0,0.0,0.0,2025-09-21 05:59:15.908,22.948333333333
Yeast Grow 4 Days,pioreactor02,2025-09-21T03:59:38.908Z,24.37908,0.0,0.0,0.0,0.0,2025-09-21 05:59:38.908,22.954722222222
Yeast Grow 4 Days,pioreactor02,2025-09-21T04:00:01.908Z,24.34758,0.0,0.0,0.0,0.0,2025-09-21 06:00:01.908,22.961111111111
Yeast Grow 4 Days,pioreactor02,2025-09-21T04:00:24.908Z,24.29908,0.0,0.0,0.0,0.0,2025-09-21 06:00:24.908,22.9675
Yeast Grow 4 Days,pioreactor02,2025-09-21T04:00:47.908Z,24.31258,0.0,0.0,0.0,0.0,2025-09-21 06:00:47.908,22.973888888889
Yeast Grow 4 Days,pioreactor02,2025-09-21T04:00:56.610Z,24.31258,0.0,0.0,0.0,85.71,2025-09-21 06:00:56.610,22.976388888889
Yeast Grow 4 Days,pioreactor02,2025-09-21T04:00:56.652Z,24.31258,0.0,0.0,0.0,85.08,2025-09-21 06:00:56.652,22.976388888889
Yeast Grow 4 Days,pioreactor02,2025-09-21T04:01:10.908Z,24.38758,0.0,0.0,0.0,85.08,2025-09-21 06:01:10.908,22.980277777778
Yeast Grow 4 Days,pioreactor02,2025-09-21T04:01:33.912Z,24.45558,0.0,0.0,0.0,85.08,2025-09-21 06:01:33.912,22.986666666667
Yeast Grow 4 Days,pioreactor02,2025-09-21T04:01:56.908Z,24.44708,0.0,0.0,0.0,85.08,2025-09-21 06:01:56.908,22.993055555556
Yeast Grow 4 Days,pioreactor02,2025-09-21T04:02:19.908Z,24.41108,0.0,0.0,0.0,85.08,2025-09-21 06:02:19.908,22.999444444444
Yeast Grow 4 Days,pioreactor02,2025-09-21T04:02:25.183Z,24.41108,0.0,0.0,0.0,0.0,2025-09-21 06:02:25.183,23.001111111111
Yeast Grow 4 Days,pioreactor02,2025-09-21T04:02:42.908Z,24.41658,0.0,0.0,0.0,0.0,2025-09-21 06:02:42.908,23.005833333333
Yeast Grow 4 Days,pioreactor02,2025-09-21T04:03:05.908Z,24.42508,0.0,0.0,0.0,0.0,2025-09-21 06:03:05.908,23.012222222222
Yeast Grow 4 Days,pioreactor02,2025-09-21T04:03:28.908Z,24.35158,0.0,0.0,0.0,0.0,2025-09-21 06:03:28.908,23.018611111111
Yeast Grow 4 Days,pioreactor02,2025-09-21T04:03:51.908Z,24.35308,0.0,0.0,0.0,0.0,2025-09-21 06:03:51.908,23.025
Yeast Grow 4 Days,pioreactor02,2025-09-21T04:04:14.908Z,24.36308,0.0,0.0,0.0,0.0,2025-09-21 06:04:14.908,23.031388888889
Yeast Grow 4 Days,pioreactor02,2025-09-21T04:04:16.610Z,24.36308,0.0,0.0,0.0,85.08,2025-09-21 06:04:16.610,23.031944444444
Yeast Grow 4 Days,pioreactor02,2025-09-21T04:04:16.652Z,24.36308,0.0,0.0,0.0,85.29,2025-09-21 06:04:16.652,23.031944444444
Yeast Grow 4 Days,pioreactor02,2025-09-21T04:04:37.908Z,24.37108,0.0,0.0,0.0,85.29,2025-09-21 06:04:37.908,23.037777777778
Yeast Grow 4 Days,pioreactor02,2025-09-21T04:05:00.908Z,24.72858,0.0,0.0,0.0,85.29,2025-09-21 06:05:00.908,23.044166666667
Yeast Grow 4 Days,pioreactor02,2025-09-21T04:05:23.908Z,24.70358,0.0,0.0,0.0,85.29,2025-09-21 06:05:23.908,23.050555555556
Yeast Grow 4 Days,pioreactor02,2025-09-21T04:05:45.183Z,24.70358,0.0,0.0,0.0,0.0,2025-09-21 06:05:45.183,23.056666666667
Yeast Grow 4 Days,pioreactor02,2025-09-21T04:05:46.908Z,24.59608,0.0,0.0,0.0,0.0,2025-09-21 06:05:46.908,23.056944444444
Yeast Grow 4 Days,pioreactor02,2025-09-21T04:06:09.908Z,24.47158,0.0,0.0,0.0,0.0,2025-09-21 06:06:09.908,23.063333333333
Yeast Grow 4 Days,pioreactor02,2025-09-21T04:06:32.908Z,24.36308,0.0,0.0,0.0,0.0,2025-09-21 06:06:32.908,23.069722222222
Yeast Grow 4 Days,pioreactor02,2025-09-21T04:06:55.908Z,24.33158,0.0,0.0,0.0,0.0,2025-09-21 06:06:55.908,23.076111111111
Yeast Grow 4 Days,pioreactor02,2025-09-21T04:07:18.908Z,24.32408,0.0,0.0,0.0,0.0,2025-09-21 06:07:18.908,23.0825
Yeast Grow 4 Days,pioreactor02,2025-09-21T04:07:36.610Z,24.32408,0.0,0.0,0.0,85.29,2025-09-21 06:07:36.610,23.0875
Yeast Grow 4 Days,pioreactor02,2025-09-21T04:07:36.653Z,24.32408,0.0,0.0,0.0,86.04,2025-09-21 06:07:36.653,23.0875
Yeast Grow 4 Days,pioreactor02,2025-09-21T04:07:41.908Z,24.45108,0.0,0.0,0.0,86.04,2025-09-21 06:07:41.908,23.088888888889
Yeast Grow 4 Days,pioreactor02,2025-09-21T04:08:04.908Z,24.46508,0.0,0.0,0.0,86.04,2025-09-21 06:08:04.908,23.095277777778
Yeast Grow 4 Days,pioreactor02,2025-09-21T04:08:27.908Z,24.44108,0.0,0.0,0.0,86.04,2025-09-21 06:08:27.908,23.101666666667
Yeast Grow 4 Days,pioreactor02,2025-09-21T04:08:50.908Z,24.43608,0.0,0.0,0.0,86.04,2025-09-21 06:08:50.908,23.108055555556
Yeast Grow 4 Days,pioreactor02,2025-09-21T04:09:05.183Z,24.43608,0.0,0.0,0.0,0.0,2025-09-21 06:09:05.183,23.112222222222
Yeast Grow 4 Days,pioreactor02,2025-09-21T04:09:13.908Z,24.40958,0.0,0.0,0.0,0.0,2025-09-21 06:09:13.908,23.114444444444
Yeast Grow 4 Days,pioreactor02,2025-09-21T04:09:36.908Z,24.37158,0.0,0.0,0.0,0.0,2025-09-21 06:09:36.908,23.120833333333
Yeast Grow 4 Days,pioreactor02,2025-09-21T04:09:59.908Z,24.32558,0.0,0.0,0.0,0.0,2025-09-21 06:09:59.908,23.127222222222
Yeast Grow 4 Days,pioreactor02,2025-09-21T04:10:22.912Z,24.32958,0.0,0.0,0.0,0.0,2025-09-21 06:10:22.912,23.133611111111
Yeast Grow 4 Days,pioreactor02,2025-09-21T04:10:45.908Z,24.39508,0.0,0.0,0.0,0.0,2025-09-21 06:10:45.908,23.14
Yeast Grow 4 Days,pioreactor02,2025-09-21T04:10:56.610Z,24.39508,0.0,0.0,0.0,86.04,2025-09-21 06:10:56.610,23.143055555556
Yeast Grow 4 Days,pioreactor02,2025-09-21T04:10:56.652Z,24.39508,0.0,0.0,0.0,84.81,2025-09-21 06:10:56.652,23.143055555556
Yeast Grow 4 Days,pioreactor02,2025-09-21T04:11:08.908Z,24.45508,0.0,0.0,0.0,84.81,2025-09-21 06:11:08.908,23.146388888889
Yeast Grow 4 Days,pioreactor02,2025-09-21T04:11:31.908Z,24.45608,0.0,0.0,0.0,84.81,2025-09-21 06:11:31.908,23.152777777778
Yeast Grow 4 Days,pioreactor02,2025-09-21T04:11:54.908Z,24.44508,0.0,0.0,0.0,84.81,2025-09-21 06:11:54.908,23.159166666667
Yeast Grow 4 Days,pioreactor02,2025-09-21T04:12:17.908Z,24.56108,0.0,0.0,0.0,84.81,2025-09-21 06:12:17.908,23.165555555556
Yeast Grow 4 Days,pioreactor02,2025-09-21T04:12:25.183Z,24.56108,0.0,0.0,0.0,0.0,2025-09-21 06:12:25.183,23.167777777778
Yeast Grow 4 Days,pioreactor02,2025-09-21T04:12:40.908Z,24.51808,0.0,0.0,0.0,0.0,2025-09-21 06:12:40.908,23.171944444444
Yeast Grow 4 Days,pioreactor02,2025-09-21T04:13:03.908Z,24.43208,0.0,0.0,0.0,0.0,2025-09-21 06:13:03.908,23.178333333333
Yeast Grow 4 Days,pioreactor02,2025-09-21T04:13:26.908Z,24.34358,0.0,0.0,0.0,0.0,2025-09-21 06:13:26.908,23.184722222222
Yeast Grow 4 Days,pioreactor02,2025-09-21T04:13:49.908Z,24.35358,0.0,0.0,0.0,0.0,2025-09-21 06:13:49.908,23.191111111111
Yeast Grow 4 Days,pioreactor02,2025-09-21T04:14:12.908Z,24.39908,0.0,0.0,0.0,0.0,2025-09-21 06:14:12.908,23.1975
Yeast Grow 4 Days,pioreactor02,2025-09-21T04:14:16.609Z,24.39908,0.0,0.0,0.0,84.81,2025-09-21 06:14:16.609,23.198611111111
Yeast Grow 4 Days,pioreactor02,2025-09-21T04:14:16.652Z,24.39908,0.0,0.0,0.0,85.99,2025-09-21 06:14:16.652,23.198611111111
Yeast Grow 4 Days,pioreactor02,2025-09-21T04:14:35.908Z,24.38808,0.0,0.0,0.0,85.99,2025-09-21 06:14:35.908,23.203888888889
Yeast Grow 4 Days,pioreactor02,2025-09-21T04:14:58.908Z,24.40758,0.0,0.0,0.0,85.99,2025-09-21 06:14:58.908,23.210277777778
Yeast Grow 4 Days,pioreactor02,2025-09-21T04:15:21.908Z,24.44908,0.0,0.0,0.0,85.99,2025-09-21 06:15:21.908,23.216666666667
Yeast Grow 4 Days,pioreactor02,2025-09-21T04:15:44.908Z,24.47308,0.0,0.0,0.0,85.99,2025-09-21 06:15:44.908,23.223055555556
Yeast Grow 4 Days,pioreactor02,2025-09-21T04:15:45.183Z,24.47308,0.0,0.0,0.0,0.0,2025-09-21 06:15:45.183,23.223333333333
Yeast Grow 4 Days,pioreactor02,2025-09-21T04:16:07.908Z,24.40658,0.0,0.0,0.0,0.0,2025-09-21 06:16:07.908,23.229444444444
Yeast Grow 4 Days,pioreactor02,2025-09-21T04:16:30.908Z,24.38958,0.0,0.0,0.0,0.0,2025-09-21 06:16:30.908,23.235833333333
Yeast Grow 4 Days,pioreactor02,2025-09-21T04:16:53.908Z,24.34158,0.0,0.0,0.0,0.0,2025-09-21 06:16:53.908,23.242222222222
Yeast Grow 4 Days,pioreactor02,2025-09-21T04:17:16.908Z,24.33558,0.0,0.0,0.0,0.0,2025-09-21 06:17:16.908,23.248611111111
Yeast Grow 4 Days,pioreactor02,2025-09-21T04:17:36.610Z,24.33558,0.0,0.0,0.0,85.99,2025-09-21 06:17:36.610,23.254166666667
Yeast Grow 4 Days,pioreactor02,2025-09-21T04:17:36.652Z,24.33558,0.0,0.0,0.0,85.75,2025-09-21 06:17:36.652,23.254166666667
Yeast Grow 4 Days,pioreactor02,2025-09-21T04:17:39.908Z,24.32858,0.0,0.0,0.0,85.75,2025-09-21 06:17:39.908,23.255
Yeast Grow 4 Days,pioreactor02,2025-09-21T04:18:02.908Z,24.38558,0.0,0.0,0.0,85.75,2025-09-21 06:18:02.908,23.261388888889
Yeast Grow 4 Days,pioreactor02,2025-09-21T04:18:25.908Z,24.36608,0.0,0.0,0.0,85.75,2025-09-21 06:18:25.908,23.267777777778
Yeast Grow 4 Days,pioreactor02,2025-09-21T04:18:48.908Z,24.36708,0.0,0.0,0.0,85.75,2025-09-21 06:18:48.908,23.274166666667
Yeast Grow 4 Days,pioreactor02,2025-09-21T04:19:05.183Z,24.36708,0.0,0.0,0.0,0.0,2025-09-21 06:19:05.183,23.278888888889
Yeast Grow 4 Days,pioreactor02,2025-09-21T04:19:11.908Z,24.31808,0.0,0.0,0.0,0.0,2025-09-21 06:19:11.908,23.280555555556
Yeast Grow 4 Days,pioreactor02,2025-09-21T04:19:34.908Z,24.26108,0.0,0.0,0.0,0.0,2025-09-21 06:19:34.908,23.286944444444
Yeast Grow 4 Days,pioreactor02,2025-09-21T04:19:57.908Z,24.23608,0.0,0.0,0.0,0.0,2025-09-21 06:19:57.908,23.293333333333
Yeast Grow 4 Days,pioreactor02,2025-09-21T04:20:20.908Z,24.19158,0.0,0.0,0.0,0.0,2025-09-21 06:20:20.908,23.299722222222
Yeast Grow 4 Days,pioreactor02,2025-09-21T04:20:43.908Z,24.18808,0.0,0.0,0.0,0.0,2025-09-21 06:20:43.908,23.306111111111
Yeast Grow 4 Days,pioreactor02,2025-09-21T04:20:56.609Z,24.18808,0.0,0.0,0.0,85.75,2025-09-21 06:20:56.609,23.309722222222
Yeast Grow 4 Days,pioreactor02,2025-09-21T04:20:56.652Z,24.18808,0.0,0.0,0.0,84.68,2025-09-21 06:20:56.652,23.309722222222
Yeast Grow 4 Days,pioreactor02,2025-09-21T04:21:06.908Z,24.25758,0.0,0.0,0.0,84.68,2025-09-21 06:21:06.908,23.3125
Yeast Grow 4 Days,pioreactor02,2025-09-21T04:21:29.912Z,24.27408,0.0,0.0,0.0,84.68,2025-09-21 06:21:29.912,23.318888888889
Yeast Grow 4 Days,pioreactor02,2025-09-21T04:21:52.908Z,24.28208,0.0,0.0,0.0,84.68,2025-09-21 06:21:52.908,23.325277777778
Yeast Grow 4 Days,pioreactor02,2025-09-21T04:22:15.908Z,24.30308,0.0,0.0,0.0,84.68,2025-09-21 06:22:15.908,23.331666666667
Yeast Grow 4 Days,pioreactor02,2025-09-21T04:22:25.183Z,24.30308,0.0,0.0,0.0,0.0,2025-09-21 06:22:25.183,23.334444444444
Yeast Grow 4 Days,pioreactor02,2025-09-21T04:22:38.908Z,24.26658,0.0,0.0,0.0,0.0,2025-09-21 06:22:38.908,23.338055555556
Yeast Grow 4 Days,pioreactor02,2025-09-21T04:23:01.908Z,24.31758,0.0,0.0,0.0,0.0,2025-09-21 06:23:01.908,23.344444444444
Yeast Grow 4 Days,pioreactor02,2025-09-21T04:23:24.908Z,24.34108,0.0,0.0,0.0,0.0,2025-09-21 06:23:24.908,23.350833333333
Yeast Grow 4 Days,pioreactor02,2025-09-21T04:23:47.908Z,24.31958,0.0,0.0,0.0,0.0,2025-09-21 06:23:47.908,23.357222222222
Yeast Grow 4 Days,pioreactor02,2025-09-21T04:24:10.908Z,24.29358,0.0,0.0,0.0,0.0,2025-09-21 06:24:10.908,23.363611111111
Yeast Grow 4 Days,pioreactor02,2025-09-21T04:24:16.610Z,24.29358,0.0,0.0,0.0,84.68,2025-09-21 06:24:16.610,23.365277777778
Yeast Grow 4 Days,pioreactor02,2025-09-21T04:24:16.652Z,24.29358,0.0,0.0,0.0,83.05,2025-09-21 06:24:16.652,23.365277777778
Yeast Grow 4 Days,pioreactor02,2025-09-21T04:24:33.908Z,24.37358,0.0,0.0,0.0,83.05,2025-09-21 06:24:33.908,23.37
Yeast Grow 4 Days,pioreactor02,2025-09-21T04:24:56.908Z,24.41208,0.0,0.0,0.0,83.05,2025-09-21 06:24:56.908,23.376388888889
Yeast Grow 4 Days,pioreactor02,2025-09-21T04:25:19.908Z,24.80608,0.0,0.0,0.0,83.05,2025-09-21 06:25:19.908,23.382777777778
Yeast Grow 4 Days,pioreactor02,2025-09-21T04:25:42.908Z,24.71158,0.0,0.0,0.0,83.05,2025-09-21 06:25:42.908,23.389166666667
Yeast Grow 4 Days,pioreactor02,2025-09-21T04:25:45.183Z,24.71158,0.0,0.0,0.0,0.0,2025-09-21 06:25:45.183,23.39
Yeast Grow 4 Days,pioreactor02,2025-09-21T04:26:05.908Z,24.61158,0.0,0.0,0.0,0.0,2025-09-21 06:26:05.908,23.395555555556
Yeast Grow 4 Days,pioreactor02,2025-09-21T04:26:28.908Z,24.57858,0.0,0.0,0.0,0.0,2025-09-21 06:26:28.908,23.401944444444
Yeast Grow 4 Days,pioreactor02,2025-09-21T04:26:51.908Z,24.56608,0.0,0.0,0.0,0.0,2025-09-21 06:26:51.908,23.408333333333
Yeast Grow 4 Days,pioreactor02,2025-09-21T04:27:14.908Z,24.49608,0.0,0.0,0.0,0.0,2025-09-21 06:27:14.908,23.414722222222
Yeast Grow 4 Days,pioreactor02,2025-09-21T04:27:36.610Z,24.49608,0.0,0.0,0.0,83.05,2025-09-21 06:27:36.610,23.420833333333
Yeast Grow 4 Days,pioreactor02,2025-09-21T04:27:36.652Z,24.49608,0.0,0.0,0.0,83.47,2025-09-21 06:27:36.652,23.420833333333
Yeast Grow 4 Days,pioreactor02,2025-09-21T04:27:37.908Z,24.43858,0.0,0.0,0.0,83.47,2025-09-21 06:27:37.908,23.421111111111
Yeast Grow 4 Days,pioreactor02,2025-09-21T04:28:00.908Z,24.40658,0.0,0.0,0.0,83.47,2025-09-21 06:28:00.908,23.4275
Yeast Grow 4 Days,pioreactor02,2025-09-21T04:28:23.908Z,24.42008,0.0,0.0,0.0,83.47,2025-09-21 06:28:23.908,23.433888888889
Yeast Grow 4 Days,pioreactor02,2025-09-21T04:28:46.908Z,24.40758,0.0,0.0,0.0,83.47,2025-09-21 06:28:46.908,23.440277777778
Yeast Grow 4 Days,pioreactor02,2025-09-21T04:29:05.183Z,24.40758,0.0,0.0,0.0,0.0,2025-09-21 06:29:05.183,23.445555555556
Yeast Grow 4 Days,pioreactor02,2025-09-21T04:29:09.908Z,24.28608,0.0,0.0,0.0,0.0,2025-09-21 06:29:09.908,23.446666666667
Yeast Grow 4 Days,pioreactor02,2025-09-21T04:29:32.912Z,24.30558,0.0,0.0,0.0,0.0,2025-09-21 06:29:32.912,23.453055555556
Yeast Grow 4 Days,pioreactor02,2025-09-21T04:29:55.908Z,24.45408,0.0,0.0,0.0,0.0,2025-09-21 06:29:55.908,23.459444444444
Yeast Grow 4 Days,pioreactor02,2025-09-21T04:30:18.908Z,24.83758,0.0,0.0,0.0,0.0,2025-09-21 06:30:18.908,23.465833333333
Yeast Grow 4 Days,pioreactor02,2025-09-21T04:30:41.908Z,24.71158,0.0,0.0,0.0,0.0,2025-09-21 06:30:41.908,23.472222222222
Yeast Grow 4 Days,pioreactor02,2025-09-21T04:30:56.611Z,24.71158,0.0,0.0,0.0,83.47,2025-09-21 06:30:56.611,23.476388888889
Yeast Grow 4 Days,pioreactor02,2025-09-21T04:30:56.652Z,24.71158,0.0,0.0,0.0,82.31,2025-09-21 06:30:56.652,23.476388888889
Yeast Grow 4 Days,pioreactor02,2025-09-21T04:31:04.912Z,24.66258,0.0,0.0,0.0,82.31,2025-09-21 06:31:04.912,23.478611111111
Yeast Grow 4 Days,pioreactor02,2025-09-21T04:31:27.908Z,24.67408,0.0,0.0,0.0,82.31,2025-09-21 06:31:27.908,23.485
Yeast Grow 4 Days,pioreactor02,2025-09-21T04:31:50.908Z,24.61858,0.0,0.0,0.0,82.31,2025-09-21 06:31:50.908,23.491388888889
Yeast Grow 4 Days,pioreactor02,2025-09-21T04:32:13.908Z,24.57208,0.0,0.0,0.0,82.31,2025-09-21 06:32:13.908,23.497777777778
Yeast Grow 4 Days,pioreactor02,2025-09-21T04:32:25.183Z,24.57208,0.0,0.0,0.0,0.0,2025-09-21 06:32:25.183,23.501111111111
Yeast Grow 4 Days,pioreactor02,2025-09-21T04:32:36.912Z,24.48958,0.0,0.0,0.0,0.0,2025-09-21 06:32:36.912,23.504166666667
Yeast Grow 4 Days,pioreactor02,2025-09-21T04:32:59.908Z,24.48308,0.0,0.0,0.0,0.0,2025-09-21 06:32:59.908,23.510555555556
Yeast Grow 4 Days,pioreactor02,2025-09-21T04:33:22.908Z,24.39608,0.0,0.0,0.0,0.0,2025-09-21 06:33:22.908,23.516944444444
Yeast Grow 4 Days,pioreactor02,2025-09-21T04:33:45.908Z,24.38458,0.0,0.0,0.0,0.0,2025-09-21 06:33:45.908,23.523333333333
Yeast Grow 4 Days,pioreactor02,2025-09-21T04:34:08.908Z,24.35408,0.0,0.0,0.0,0.0,2025-09-21 06:34:08.908,23.529722222222
Yeast Grow 4 Days,pioreactor02,2025-09-21T04:34:16.609Z,24.35408,0.0,0.0,0.0,82.31,2025-09-21 06:34:16.609,23.531944444444
Yeast Grow 4 Days,pioreactor02,2025-09-21T04:34:16.652Z,24.35408,0.0,0.0,0.0,82.16,2025-09-21 06:34:16.652,23.531944444444
Yeast Grow 4 Days,pioreactor02,2025-09-21T04:34:31.908Z,24.41758,0.0,0.0,0.0,82.16,2025-09-21 06:34:31.908,23.536111111111
Yeast Grow 4 Days,pioreactor02,2025-09-21T04:34:54.908Z,24.41208,0.0,0.0,0.0,82.16,2025-09-21 06:34:54.908,23.5425
Yeast Grow 4 Days,pioreactor02,2025-09-21T04:35:17.908Z,24.41408,0.0,0.0,0.0,82.16,2025-09-21 06:35:17.908,23.548888888889
Yeast Grow 4 Days,pioreactor02,2025-09-21T04:35:40.908Z,24.46808,0.0,0.0,0.0,82.16,2025-09-21 06:35:40.908,23.555277777778
Yeast Grow 4 Days,pioreactor02,2025-09-21T04:35:45.183Z,24.46808,0.0,0.0,0.0,0.0,2025-09-21 06:35:45.183,23.556666666667
Yeast Grow 4 Days,pioreactor02,2025-09-21T04:36:03.908Z,24.38908,0.0,0.0,0.0,0.0,2025-09-21 06:36:03.908,23.561666666667
Yeast Grow 4 Days,pioreactor02,2025-09-21T04:36:26.908Z,24.34358,0.0,0.0,0.0,0.0,2025-09-21 06:36:26.908,23.568055555556
Yeast Grow 4 Days,pioreactor02,2025-09-21T04:36:49.908Z,24.34758,0.0,0.0,0.0,0.0,2025-09-21 06:36:49.908,23.574444444444
Yeast Grow 4 Days,pioreactor02,2025-09-21T04:37:12.908Z,24.30908,0.0,0.0,0.0,0.0,2025-09-21 06:37:12.908,23.580833333333
Yeast Grow 4 Days,pioreactor02,2025-09-21T04:37:35.908Z,24.32858,0.0,0.0,0.0,0.0,2025-09-21 06:37:35.908,23.587222222222
Yeast Grow 4 Days,pioreactor02,2025-09-21T04:37:36.608Z,24.32858,0.0,0.0,0.0,82.16,2025-09-21 06:37:36.608,23.5875
Yeast Grow 4 Days,pioreactor02,2025-09-21T04:37:36.652Z,24.32858,0.0,0.0,0.0,82.56,2025-09-21 06:37:36.652,23.5875
Yeast Grow 4 Days,pioreactor02,2025-09-21T04:37:58.908Z,24.43358,0.0,0.0,0.0,82.56,2025-09-21 06:37:58.908,23.593611111111
Yeast Grow 4 Days,pioreactor02,2025-09-21T04:38:21.908Z,24.47708,0.0,0.0,0.0,82.56,2025-09-21 06:38:21.908,23.6
Yeast Grow 4 Days,pioreactor02,2025-09-21T04:38:44.908Z,24.48258,0.0,0.0,0.0,82.56,2025-09-21 06:38:44.908,23.606388888889
Yeast Grow 4 Days,pioreactor02,2025-09-21T04:39:05.184Z,24.48258,0.0,0.0,0.0,0.0,2025-09-21 06:39:05.184,23.612222222222
Yeast Grow 4 Days,pioreactor02,2025-09-21T04:39:07.908Z,24.45708,0.0,0.0,0.0,0.0,2025-09-21 06:39:07.908,23.612777777778
Yeast Grow 4 Days,pioreactor02,2025-09-21T04:39:30.908Z,24.50258,0.0,0.0,0.0,0.0,2025-09-21 06:39:30.908,23.619166666667
Yeast Grow 4 Days,pioreactor02,2025-09-21T04:39:53.908Z,24.50908,0.0,0.0,0.0,0.0,2025-09-21 06:39:53.908,23.625555555556
Yeast Grow 4 Days,pioreactor02,2025-09-21T04:40:16.908Z,24.49958,0.0,0.0,0.0,0.0,2025-09-21 06:40:16.908,23.631944444444
Yeast Grow 4 Days,pioreactor02,2025-09-21T04:40:39.908Z,24.49358,0.0,0.0,0.0,0.0,2025-09-21 06:40:39.908,23.638333333333
Yeast Grow 4 Days,pioreactor02,2025-09-21T04:40:56.610Z,24.49358,0.0,0.0,0.0,82.56,2025-09-21 06:40:56.610,23.643055555556
Yeast Grow 4 Days,pioreactor02,2025-09-21T04:40:56.652Z,24.49358,0.0,0.0,0.0,82.4,2025-09-21 06:40:56.652,23.643055555556
Yeast Grow 4 Days,pioreactor02,2025-09-21T04:41:02.912Z,24.48958,0.0,0.0,0.0,82.4,2025-09-21 06:41:02.912,23.644722222222
Yeast Grow 4 Days,pioreactor02,2025-09-21T04:41:25.908Z,24.47408,0.0,0.0,0.0,82.4,2025-09-21 06:41:25.908,23.651111111111
Yeast Grow 4 Days,pioreactor02,2025-09-21T04:41:48.908Z,24.44458,0.0,0.0,0.0,82.4,2025-09-21 06:41:48.908,23.6575
Yeast Grow 4 Days,pioreactor02,2025-09-21T04:42:11.908Z,24.50508,0.0,0.0,0.0,82.4,2025-09-21 06:42:11.908,23.663888888889
Yeast Grow 4 Days,pioreactor02,2025-09-21T04:42:25.183Z,24.50508,0.0,0.0,0.0,0.0,2025-09-21 06:42:25.183,23.667777777778
Yeast Grow 4 Days,pioreactor02,2025-09-21T04:42:34.908Z,24.46358,0.0,0.0,0.0,0.0,2025-09-21 06:42:34.908,23.670277777778
Yeast Grow 4 Days,pioreactor02,2025-09-21T04:42:57.908Z,24.38908,0.0,0.0,0.0,0.0,2025-09-21 06:42:57.908,23.676666666667
Yeast Grow 4 Days,pioreactor02,2025-09-21T04:43:20.908Z,24.39458,0.0,0.0,0.0,0.0,2025-09-21 06:43:20.908,23.683055555556
Yeast Grow 4 Days,pioreactor02,2025-09-21T04:43:43.908Z,24.44458,0.0,0.0,0.0,0.0,2025-09-21 06:43:43.908,23.689444444444
Yeast Grow 4 Days,pioreactor02,2025-09-21T04:44:06.908Z,24.43208,0.0,0.0,0.0,0.0,2025-09-21 06:44:06.908,23.695833333333
Yeast Grow 4 Days,pioreactor02,2025-09-21T04:44:16.609Z,24.43208,0.0,0.0,0.0,82.4,2025-09-21 06:44:16.609,23.698611111111
Yeast Grow 4 Days,pioreactor02,2025-09-21T04:44:16.652Z,24.43208,0.0,0.0,0.0,82.68,2025-09-21 06:44:16.652,23.698611111111
Yeast Grow 4 Days,pioreactor02,2025-09-21T04:44:29.908Z,24.52658,0.0,0.0,0.0,82.68,2025-09-21 06:44:29.908,23.702222222222
Yeast Grow 4 Days,pioreactor02,2025-09-21T04:44:52.908Z,24.52558,0.0,0.0,0.0,82.68,2025-09-21 06:44:52.908,23.708611111111
Yeast Grow 4 Days,pioreactor02,2025-09-21T04:45:15.908Z,24.56508,0.0,0.0,0.0,82.68,2025-09-21 06:45:15.908,23.715
Yeast Grow 4 Days,pioreactor02,2025-09-21T04:45:38.908Z,24.58658,0.0,0.0,0.0,82.68,2025-09-21 06:45:38.908,23.721388888889
Yeast Grow 4 Days,pioreactor02,2025-09-21T04:45:45.183Z,24.58658,0.0,0.0,0.0,0.0,2025-09-21 06:45:45.183,23.723333333333
Yeast Grow 4 Days,pioreactor02,2025-09-21T04:46:01.908Z,24.48908,0.0,0.0,0.0,0.0,2025-09-21 06:46:01.908,23.727777777778
Yeast Grow 4 Days,pioreactor02,2025-09-21T04:46:24.908Z,24.40958,0.0,0.0,0.0,0.0,2025-09-21 06:46:24.908,23.734166666667
Yeast Grow 4 Days,pioreactor02,2025-09-21T04:46:47.908Z,24.33108,0.0,0.0,0.0,0.0,2025-09-21 06:46:47.908,23.740555555556
Yeast Grow 4 Days,pioreactor02,2025-09-21T04:47:10.908Z,24.35708,0.0,0.0,0.0,0.0,2025-09-21 06:47:10.908,23.746944444444
Yeast Grow 4 Days,pioreactor02,2025-09-21T04:47:33.908Z,24.31908,0.0,0.0,0.0,0.0,2025-09-21 06:47:33.908,23.753333333333
Yeast Grow 4 Days,pioreactor02,2025-09-21T04:47:36.609Z,24.31908,0.0,0.0,0.0,82.68,2025-09-21 06:47:36.609,23.754166666667
Yeast Grow 4 Days,pioreactor02,2025-09-21T04:47:36.652Z,24.31908,0.0,0.0,0.0,83.33,2025-09-21 06:47:36.652,23.754166666667
Yeast Grow 4 Days,pioreactor02,2025-09-21T04:47:56.908Z,24.40408,0.0,0.0,0.0,83.33,2025-09-21 06:47:56.908,23.759722222222
Yeast Grow 4 Days,pioreactor02,2025-09-21T04:48:19.908Z,24.41908,0.0,0.0,0.0,83.33,2025-09-21 06:48:19.908,23.766111111111
Yeast Grow 4 Days,pioreactor02,2025-09-21T04:48:42.908Z,24.39258,0.0,0.0,0.0,83.33,2025-09-21 06:48:42.908,23.7725
Yeast Grow 4 Days,pioreactor02,2025-09-21T04:49:05.183Z,24.39258,0.0,0.0,0.0,0.0,2025-09-21 06:49:05.183,23.778888888889
Yeast Grow 4 Days,pioreactor02,2025-09-21T04:49:05.908Z,24.41808,0.0,0.0,0.0,0.0,2025-09-21 06:49:05.908,23.778888888889
Yeast Grow 4 Days,pioreactor02,2025-09-21T04:49:28.908Z,24.38658,0.0,0.0,0.0,0.0,2025-09-21 06:49:28.908,23.785277777778
Yeast Grow 4 Days,pioreactor02,2025-09-21T04:49:51.908Z,24.36958,0.0,0.0,0.0,0.0,2025-09-21 06:49:51.908,23.791666666667
Yeast Grow 4 Days,pioreactor02,2025-09-21T04:50:14.908Z,24.32858,0.0,0.0,0.0,0.0,2025-09-21 06:50:14.908,23.798055555556
Yeast Grow 4 Days,pioreactor02,2025-09-21T04:50:37.908Z,24.34158,0.0,0.0,0.0,0.0,2025-09-21 06:50:37.908,23.804444444444
Yeast Grow 4 Days,pioreactor02,2025-09-21T04:50:56.609Z,24.34158,0.0,0.0,0.0,83.33,2025-09-21 06:50:56.609,23.809722222222
Yeast Grow 4 Days,pioreactor02,2025-09-21T04:50:56.652Z,24.34158,0.0,0.0,0.0,83.2,2025-09-21 06:50:56.652,23.809722222222
Yeast Grow 4 Days,pioreactor02,2025-09-21T04:51:00.908Z,24.48358,0.0,0.0,0.0,83.2,2025-09-21 06:51:00.908,23.810833333333
Yeast Grow 4 Days,pioreactor02,2025-09-21T04:51:23.908Z,24.86308,0.0,0.0,0.0,83.2,2025-09-21 06:51:23.908,23.817222222222
Yeast Grow 4 Days,pioreactor02,2025-09-21T04:51:46.908Z,24.91158,0.0,0.0,0.0,83.2,2025-09-21 06:51:46.908,23.823611111111
Yeast Grow 4 Days,pioreactor02,2025-09-21T04:52:09.908Z,24.80308,0.0,0.0,0.0,83.2,2025-09-21 06:52:09.908,23.83
Yeast Grow 4 Days,pioreactor02,2025-09-21T04:52:25.183Z,24.80308,0.0,0.0,0.0,0.0,2025-09-21 06:52:25.183,23.834444444444
Yeast Grow 4 Days,pioreactor02,2025-09-21T04:52:32.908Z,24.69208,0.0,0.0,0.0,0.0,2025-09-21 06:52:32.908,23.836388888889
Yeast Grow 4 Days,pioreactor02,2025-09-21T04:52:55.908Z,24.66258,0.0,0.0,0.0,0.0,2025-09-21 06:52:55.908,23.842777777778
Yeast Grow 4 Days,pioreactor02,2025-09-21T04:53:18.908Z,24.57608,0.0,0.0,0.0,0.0,2025-09-21 06:53:18.908,23.849166666667
Yeast Grow 4 Days,pioreactor02,2025-09-21T04:53:41.908Z,24.52158,0.0,0.0,0.0,0.0,2025-09-21 06:53:41.908,23.855555555556
Yeast Grow 4 Days,pioreactor02,2025-09-21T04:54:04.908Z,24.53558,0.0,0.0,0.0,0.0,2025-09-21 06:54:04.908,23.861944444444
Yeast Grow 4 Days,pioreactor02,2025-09-21T04:54:16.609Z,24.53558,0.0,0.0,0.0,83.2,2025-09-21 06:54:16.609,23.865277777778
Yeast Grow 4 Days,pioreactor02,2025-09-21T04:54:16.652Z,24.53558,0.0,0.0,0.0,84.96,2025-09-21 06:54:16.652,23.865277777778
Yeast Grow 4 Days,pioreactor02,2025-09-21T04:54:27.908Z,24.54758,0.0,0.0,0.0,84.96,2025-09-21 06:54:27.908,23.868333333333
Yeast Grow 4 Days,pioreactor02,2025-09-21T04:54:50.908Z,24.54708,0.0,0.0,0.0,84.96,2025-09-21 06:54:50.908,23.874722222222
Yeast Grow 4 Days,pioreactor02,2025-09-21T04:55:13.908Z,24.54508,0.0,0.0,0.0,84.96,2025-09-21 06:55:13.908,23.881111111111
Yeast Grow 4 Days,pioreactor02,2025-09-21T04:55:36.908Z,24.57658,0.0,0.0,0.0,84.96,2025-09-21 06:55:36.908,23.8875
Yeast Grow 4 Days,pioreactor02,2025-09-21T04:55:45.183Z,24.57658,0.0,0.0,0.0,0.0,2025-09-21 06:55:45.183,23.89
Yeast Grow 4 Days,pioreactor02,2025-09-21T04:55:59.908Z,24.53008,0.0,0.0,0.0,0.0,2025-09-21 06:55:59.908,23.893888888889
Yeast Grow 4 Days,pioreactor02,2025-09-21T04:56:22.908Z,24.46908,0.0,0.0,0.0,0.0,2025-09-21 06:56:22.908,23.900277777778
Yeast Grow 4 Days,pioreactor02,2025-09-21T04:56:45.908Z,24.45858,0.0,0.0,0.0,0.0,2025-09-21 06:56:45.908,23.906666666667
Yeast Grow 4 Days,pioreactor02,2025-09-21T04:57:08.908Z,24.49908,0.0,0.0,0.0,0.0,2025-09-21 06:57:08.908,23.913055555556
Yeast Grow 4 Days,pioreactor02,2025-09-21T04:57:31.912Z,24.82658,0.0,0.0,0.0,0.0,2025-09-21 06:57:31.912,23.919444444444
Yeast Grow 4 Days,pioreactor02,2025-09-21T04:57:36.611Z,24.82658,0.0,0.0,0.0,84.96,2025-09-21 06:57:36.611,23.920833333333
Yeast Grow 4 Days,pioreactor02,2025-09-21T04:57:36.652Z,24.82658,0.0,0.0,0.0,85.23,2025-09-21 06:57:36.652,23.920833333333
Yeast Grow 4 Days,pioreactor02,2025-09-21T04:57:54.908Z,24.77958,0.0,0.0,0.0,85.23,2025-09-21 06:57:54.908,23.925833333333
Yeast Grow 4 Days,pioreactor02,2025-09-21T04:58:17.908Z,24.72458,0.0,0.0,0.0,85.23,2025-09-21 06:58:17.908,23.932222222222
Yeast Grow 4 Days,pioreactor02,2025-09-21T04:58:40.908Z,24.66058,0.0,0.0,0.0,85.23,2025-09-21 06:58:40.908,23.938611111111
Yeast Grow 4 Days,pioreactor02,2025-09-21T04:59:03.908Z,24.66558,0.0,0.0,0.0,85.23,2025-09-21 06:59:03.908,23.945
Yeast Grow 4 Days,pioreactor02,2025-09-21T04:59:05.183Z,24.66558,0.0,0.0,0.0,0.0,2025-09-21 06:59:05.183,23.945555555556
Yeast Grow 4 Days,pioreactor02,2025-09-21T04:59:26.908Z,24.65908,0.0,0.0,0.0,0.0,2025-09-21 06:59:26.908,23.951388888889
Yeast Grow 4 Days,pioreactor02,2025-09-21T04:59:49.908Z,24.54508,0.0,0.0,0.0,0.0,2025-09-21 06:59:49.908,23.957777777778
Yeast Grow 4 Days,pioreactor02,2025-09-21T05:00:12.908Z,24.51008,0.0,0.0,0.0,0.0,2025-09-21 07:00:12.908,23.964166666667
Yeast Grow 4 Days,pioreactor02,2025-09-21T05:00:35.908Z,24.48358,0.0,0.0,0.0,0.0,2025-09-21 07:00:35.908,23.970555555556
Yeast Grow 4 Days,pioreactor02,2025-09-21T05:00:56.608Z,24.48358,0.0,0.0,0.0,85.23,2025-09-21 07:00:56.608,23.976388888889
Yeast Grow 4 Days,pioreactor02,2025-09-21T05:00:56.652Z,24.48358,0.0,0.0,0.0,85.92,2025-09-21 07:00:56.652,23.976388888889
Yeast Grow 4 Days,pioreactor02,2025-09-21T05:00:58.908Z,24.53408,0.0,0.0,0.0,85.92,2025-09-21 07:00:58.908,23.976944444444
Yeast Grow 4 Days,pioreactor02,2025-09-21T05:01:21.908Z,24.59758,0.0,0.0,0.0,85.92,2025-09-21 07:01:21.908,23.983333333333
Yeast Grow 4 Days,pioreactor02,2025-09-21T05:01:44.908Z,24.56208,0.0,0.0,0.0,85.92,2025-09-21 07:01:44.908,23.989722222222
Yeast Grow 4 Days,pioreactor02,2025-09-21T05:02:07.908Z,24.56108,0.0,0.0,0.0,85.92,2025-09-21 07:02:07.908,23.996111111111
Yeast Grow 4 Days,pioreactor02,2025-09-21T05:02:25.183Z,24.56108,0.0,0.0,0.0,0.0,2025-09-21 07:02:25.183,24.001111111111
Yeast Grow 4 Days,pioreactor02,2025-09-21T05:02:30.908Z,24.50658,0.0,0.0,0.0,0.0,2025-09-21 07:02:30.908,24.0025
Yeast Grow 4 Days,pioreactor02,2025-09-21T05:02:53.908Z,24.47108,0.0,0.0,0.0,0.0,2025-09-21 07:02:53.908,24.008888888889
Yeast Grow 4 Days,pioreactor02,2025-09-21T05:03:16.908Z,24.43008,0.0,0.0,0.0,0.0,2025-09-21 07:03:16.908,24.015277777778
Yeast Grow 4 Days,pioreactor02,2025-09-21T05:03:39.908Z,24.81708,0.0,0.0,0.0,0.0,2025-09-21 07:03:39.908,24.021666666667
Yeast Grow 4 Days,pioreactor02,2025-09-21T05:04:02.908Z,24.66558,0.0,0.0,0.0,0.0,2025-09-21 07:04:02.908,24.028055555556
Yeast Grow 4 Days,pioreactor02,2025-09-21T05:04:16.612Z,24.66558,0.0,0.0,0.0,85.92,2025-09-21 07:04:16.612,24.031944444444
Yeast Grow 4 Days,pioreactor02,2025-09-21T05:04:16.652Z,24.66558,0.0,0.0,0.0,86.23,2025-09-21 07:04:16.652,24.031944444444
Yeast Grow 4 Days,pioreactor02,2025-09-21T05:04:25.908Z,24.65208,0.0,0.0,0.0,86.23,2025-09-21 07:04:25.908,24.034444444444
Yeast Grow 4 Days,pioreactor02,2025-09-21T05:04:48.908Z,24.55658,0.0,0.0,0.0,86.23,2025-09-21 07:04:48.908,24.040833333333
Yeast Grow 4 Days,pioreactor02,2025-09-21T05:05:11.908Z,24.95358,0.0,0.0,0.0,86.23,2025-09-21 07:05:11.908,24.047222222222
Yeast Grow 4 Days,pioreactor02,2025-09-21T05:05:34.912Z,24.83958,0.0,0.0,0.0,86.23,2025-09-21 07:05:34.912,24.053611111111
Yeast Grow 4 Days,pioreactor02,2025-09-21T05:05:45.183Z,24.83958,0.0,0.0,0.0,0.0,2025-09-21 07:05:45.183,24.056666666667
Yeast Grow 4 Days,pioreactor02,2025-09-21T05:05:57.908Z,24.71608,0.0,0.0,0.0,0.0,2025-09-21 07:05:57.908,24.06
Yeast Grow 4 Days,pioreactor02,2025-09-21T05:06:20.908Z,24.64658,0.0,0.0,0.0,0.0,2025-09-21 07:06:20.908,24.066388888889
Yeast Grow 4 Days,pioreactor02,2025-09-21T05:06:43.908Z,24.58658,0.0,0.0,0.0,0.0,2025-09-21 07:06:43.908,24.072777777778
Yeast Grow 4 Days,pioreactor02,2025-09-21T05:07:06.908Z,24.52408,0.0,0.0,0.0,0.0,2025-09-21 07:07:06.908,24.079166666667
Yeast Grow 4 Days,pioreactor02,2025-09-21T05:07:29.908Z,24.43858,0.0,0.0,0.0,0.0,2025-09-21 07:07:29.908,24.085555555556
Yeast Grow 4 Days,pioreactor02,2025-09-21T05:07:36.608Z,24.43858,0.0,0.0,0.0,86.23,2025-09-21 07:07:36.608,24.0875
Yeast Grow 4 Days,pioreactor02,2025-09-21T05:07:36.652Z,24.43858,0.0,0.0,0.0,86.29,2025-09-21 07:07:36.652,24.0875
Yeast Grow 4 Days,pioreactor02,2025-09-21T05:07:52.908Z,24.47608,0.0,0.0,0.0,86.29,2025-09-21 07:07:52.908,24.091944444444
Yeast Grow 4 Days,pioreactor02,2025-09-21T05:08:15.908Z,24.49558,0.0,0.0,0.0,86.29,2025-09-21 07:08:15.908,24.098333333333
Yeast Grow 4 Days,pioreactor02,2025-09-21T05:08:38.908Z,24.48558,0.0,0.0,0.0,86.29,2025-09-21 07:08:38.908,24.104722222222
Yeast Grow 4 Days,pioreactor02,2025-09-21T05:09:01.908Z,24.47158,0.0,0.0,0.0,86.29,2025-09-21 07:09:01.908,24.111111111111
Yeast Grow 4 Days,pioreactor02,2025-09-21T05:09:05.183Z,24.47158,0.0,0.0,0.0,0.0,2025-09-21 07:09:05.183,24.112222222222
Yeast Grow 4 Days,pioreactor02,2025-09-21T05:09:24.908Z,24.41508,0.0,0.0,0.0,0.0,2025-09-21 07:09:24.908,24.1175
Yeast Grow 4 Days,pioreactor02,2025-09-21T05:09:47.908Z,24.38158,0.0,0.0,0.0,0.0,2025-09-21 07:09:47.908,24.123888888889
Yeast Grow 4 Days,pioreactor02,2025-09-21T05:10:10.908Z,24.38458,0.0,0.0,0.0,0.0,2025-09-21 07:10:10.908,24.130277777778
Yeast Grow 4 Days,pioreactor02,2025-09-21T05:10:33.908Z,24.38458,0.0,0.0,0.0,0.0,2025-09-21 07:10:33.908,24.136666666667
Yeast Grow 4 Days,pioreactor02,2025-09-21T05:10:56.612Z,24.38458,0.0,0.0,0.0,86.29,2025-09-21 07:10:56.612,24.143055555556
Yeast Grow 4 Days,pioreactor02,2025-09-21T05:10:56.656Z,24.38458,0.0,0.0,0.0,84.61,2025-09-21 07:10:56.656,24.143055555556
Yeast Grow 4 Days,pioreactor02,2025-09-21T05:10:56.908Z,24.41808,0.0,0.0,0.0,84.61,2025-09-21 07:10:56.908,24.143055555556
Yeast Grow 4 Days,pioreactor02,2025-09-21T05:11:19.908Z,24.47808,0.0,0.0,0.0,84.61,2025-09-21 07:11:19.908,24.149444444444
Yeast Grow 4 Days,pioreactor02,2025-09-21T05:11:42.908Z,24.46308,0.0,0.0,0.0,84.61,2025-09-21 07:11:42.908,24.155833333333
Yeast Grow 4 Days,pioreactor02,2025-09-21T05:12:05.908Z,24.49008,0.0,0.0,0.0,84.61,2025-09-21 07:12:05.908,24.162222222222
Yeast Grow 4 Days,pioreactor02,2025-09-21T05:12:25.183Z,24.49008,0.0,0.0,0.0,0.0,2025-09-21 07:12:25.183,24.167777777778
Yeast Grow 4 Days,pioreactor02,2025-09-21T05:12:28.908Z,24.52408,0.0,0.0,0.0,0.0,2025-09-21 07:12:28.908,24.168611111111
Yeast Grow 4 Days,pioreactor02,2025-09-21T05:12:51.908Z,24.43658,0.0,0.0,0.0,0.0,2025-09-21 07:12:51.908,24.175
Yeast Grow 4 Days,pioreactor02,2025-09-21T05:13:14.908Z,24.36808,0.0,0.0,0.0,0.0,2025-09-21 07:13:14.908,24.181388888889
Yeast Grow 4 Days,pioreactor02,2025-09-21T05:13:37.908Z,24.45358,0.0,0.0,0.0,0.0,2025-09-21 07:13:37.908,24.187777777778
Yeast Grow 4 Days,pioreactor02,2025-09-21T05:14:00.908Z,24.41258,0.0,0.0,0.0,0.0,2025-09-21 07:14:00.908,24.194166666667
Yeast Grow 4 Days,pioreactor02,2025-09-21T05:14:16.609Z,24.41258,0.0,0.0,0.0,84.61,2025-09-21 07:14:16.609,24.198611111111
Yeast Grow 4 Days,pioreactor02,2025-09-21T05:14:16.653Z,24.41258,0.0,0.0,0.0,85.88,2025-09-21 07:14:16.653,24.198611111111
Yeast Grow 4 Days,pioreactor02,2025-09-21T05:14:23.908Z,24.39158,0.0,0.0,0.0,85.88,2025-09-21 07:14:23.908,24.200555555556
Yeast Grow 4 Days,pioreactor02,2025-09-21T05:14:46.908Z,24.40008,0.0,0.0,0.0,85.88,2025-09-21 07:14:46.908,24.206944444444
Yeast Grow 4 Days,pioreactor02,2025-09-21T05:15:09.908Z,24.36408,0.0,0.0,0.0,85.88,2025-09-21 07:15:09.908,24.213333333333
Yeast Grow 4 Days,pioreactor02,2025-09-21T05:15:32.908Z,24.34858,0.0,0.0,0.0,85.88,2025-09-21 07:15:32.908,24.219722222222
Yeast Grow 4 Days,pioreactor02,2025-09-21T05:15:45.183Z,24.34858,0.0,0.0,0.0,0.0,2025-09-21 07:15:45.183,24.223333333333
Yeast Grow 4 Days,pioreactor02,2025-09-21T05:15:55.908Z,24.31958,0.0,0.0,0.0,0.0,2025-09-21 07:15:55.908,24.226111111111
Yeast Grow 4 Days,pioreactor02,2025-09-21T05:16:18.908Z,24.27758,0.0,0.0,0.0,0.0,2025-09-21 07:16:18.908,24.2325
Yeast Grow 4 Days,pioreactor02,2025-09-21T05:16:41.908Z,24.27458,0.0,0.0,0.0,0.0,2025-09-21 07:16:41.908,24.238888888889
Yeast Grow 4 Days,pioreactor02,2025-09-21T05:17:04.912Z,24.27508,0.0,0.0,0.0,0.0,2025-09-21 07:17:04.912,24.245277777778
Yeast Grow 4 Days,pioreactor02,2025-09-21T05:17:27.908Z,24.29508,0.0,0.0,0.0,0.0,2025-09-21 07:17:27.908,24.251666666667
Yeast Grow 4 Days,pioreactor02,2025-09-21T05:17:36.609Z,24.29508,0.0,0.0,0.0,85.88,2025-09-21 07:17:36.609,24.254166666667
Yeast Grow 4 Days,pioreactor02,2025-09-21T05:17:36.652Z,24.29508,0.0,0.0,0.0,84.79,2025-09-21 07:17:36.652,24.254166666667
Yeast Grow 4 Days,pioreactor02,2025-09-21T05:17:50.908Z,24.43208,0.0,0.0,0.0,84.79,2025-09-21 07:17:50.908,24.258055555556
Yeast Grow 4 Days,pioreactor02,2025-09-21T05:18:13.908Z,24.44808,0.0,0.0,0.0,84.79,2025-09-21 07:18:13.908,24.264444444444
Yeast Grow 4 Days,pioreactor02,2025-09-21T05:18:36.912Z,24.45758,0.0,0.0,0.0,84.79,2025-09-21 07:18:36.912,24.270833333333
Yeast Grow 4 Days,pioreactor02,2025-09-21T05:18:59.908Z,24.47308,0.0,0.0,0.0,84.79,2025-09-21 07:18:59.908,24.277222222222
Yeast Grow 4 Days,pioreactor02,2025-09-21T05:19:05.183Z,24.47308,0.0,0.0,0.0,0.0,2025-09-21 07:19:05.183,24.278888888889
Yeast Grow 4 Days,pioreactor02,2025-09-21T05:19:22.908Z,24.40958,0.0,0.0,0.0,0.0,2025-09-21 07:19:22.908,24.283611111111
Yeast Grow 4 Days,pioreactor02,2025-09-21T05:19:45.908Z,24.37858,0.0,0.0,0.0,0.0,2025-09-21 07:19:45.908,24.29
Yeast Grow 4 Days,pioreactor02,2025-09-21T05:20:08.908Z,24.30758,0.0,0.0,0.0,0.0,2025-09-21 07:20:08.908,24.296388888889
Yeast Grow 4 Days,pioreactor02,2025-09-21T05:20:31.908Z,24.37708,0.0,0.0,0.0,0.0,2025-09-21 07:20:31.908,24.302777777778
Yeast Grow 4 Days,pioreactor02,2025-09-21T05:20:54.908Z,24.32608,0.0,0.0,0.0,0.0,2025-09-21 07:20:54.908,24.309166666667
Yeast Grow 4 Days,pioreactor02,2025-09-21T05:20:56.610Z,24.32608,0.0,0.0,0.0,84.79,2025-09-21 07:20:56.610,24.309722222222
Yeast Grow 4 Days,pioreactor02,2025-09-21T05:20:56.652Z,24.32608,0.0,0.0,0.0,85.9,2025-09-21 07:20:56.652,24.309722222222
Yeast Grow 4 Days,pioreactor02,2025-09-21T05:21:17.908Z,24.68658,0.0,0.0,0.0,85.9,2025-09-21 07:21:17.908,24.315555555556
Yeast Grow 4 Days,pioreactor02,2025-09-21T05:21:40.908Z,24.97508,0.0,0.0,0.0,85.9,2025-09-21 07:21:40.908,24.321944444444
Yeast Grow 4 Days,pioreactor02,2025-09-21T05:22:03.908Z,24.85508,0.0,0.0,0.0,85.9,2025-09-21 07:22:03.908,24.328333333333
Yeast Grow 4 Days,pioreactor02,2025-09-21T05:22:25.184Z,24.85508,0.0,0.0,0.0,0.0,2025-09-21 07:22:25.184,24.334444444444
Yeast Grow 4 Days,pioreactor02,2025-09-21T05:22:26.908Z,24.73858,0.0,0.0,0.0,0.0,2025-09-21 07:22:26.908,24.334722222222
Yeast Grow 4 Days,pioreactor02,2025-09-21T05:22:49.912Z,24.74008,0.0,0.0,0.0,0.0,2025-09-21 07:22:49.912,24.341111111111
Yeast Grow 4 Days,pioreactor02,2025-09-21T05:23:12.908Z,24.63708,0.0,0.0,0.0,0.0,2025-09-21 07:23:12.908,24.3475
Yeast Grow 4 Days,pioreactor02,2025-09-21T05:23:35.908Z,24.55008,0.0,0.0,0.0,0.0,2025-09-21 07:23:35.908,24.353888888889
Yeast Grow 4 Days,pioreactor02,2025-09-21T05:23:58.908Z,24.46908,0.0,0.0,0.0,0.0,2025-09-21 07:23:58.908,24.360277777778
Yeast Grow 4 Days,pioreactor02,2025-09-21T05:24:16.610Z,24.46908,0.0,0.0,0.0,85.9,2025-09-21 07:24:16.610,24.365277777778
Yeast Grow 4 Days,pioreactor02,2025-09-21T05:24:16.652Z,24.46908,0.0,0.0,0.0,83.97,2025-09-21 07:24:16.652,24.365277777778
Yeast Grow 4 Days,pioreactor02,2025-09-21T05:24:21.912Z,24.48158,0.0,0.0,0.0,83.97,2025-09-21 07:24:21.912,24.366666666667
Yeast Grow 4 Days,pioreactor02,2025-09-21T05:24:44.908Z,24.86008,0.0,0.0,0.0,83.97,2025-09-21 07:24:44.908,24.373055555556
Yeast Grow 4 Days,pioreactor02,2025-09-21T05:25:07.908Z,24.76958,0.0,0.0,0.0,83.97,2025-09-21 07:25:07.908,24.379444444444
Yeast Grow 4 Days,pioreactor02,2025-09-21T05:25:30.908Z,24.73208,0.0,0.0,0.0,83.97,2025-09-21 07:25:30.908,24.385833333333
Yeast Grow 4 Days,pioreactor02,2025-09-21T05:25:45.183Z,24.73208,0.0,0.0,0.0,0.0,2025-09-21 07:25:45.183,24.39
Yeast Grow 4 Days,pioreactor02,2025-09-21T05:25:53.908Z,24.60858,0.0,0.0,0.0,0.0,2025-09-21 07:25:53.908,24.392222222222
Yeast Grow 4 Days,pioreactor02,2025-09-21T05:26:16.908Z,24.52358,0.0,0.0,0.0,0.0,2025-09-21 07:26:16.908,24.398611111111
Yeast Grow 4 Days,pioreactor02,2025-09-21T05:26:39.908Z,24.45408,0.0,0.0,0.0,0.0,2025-09-21 07:26:39.908,24.405
Yeast Grow 4 Days,pioreactor02,2025-09-21T05:27:02.908Z,24.41658,0.0,0.0,0.0,0.0,2025-09-21 07:27:02.908,24.411388888889
Yeast Grow 4 Days,pioreactor02,2025-09-21T05:27:25.908Z,24.40908,0.0,0.0,0.0,0.0,2025-09-21 07:27:25.908,24.417777777778
Yeast Grow 4 Days,pioreactor02,2025-09-21T05:27:36.610Z,24.40908,0.0,0.0,0.0,83.97,2025-09-21 07:27:36.610,24.420833333333
Yeast Grow 4 Days,pioreactor02,2025-09-21T05:27:36.652Z,24.40908,0.0,0.0,0.0,84.5,2025-09-21 07:27:36.652,24.420833333333
Yeast Grow 4 Days,pioreactor02,2025-09-21T05:27:48.908Z,24.49908,0.0,0.0,0.0,84.5,2025-09-21 07:27:48.908,24.424166666667
Yeast Grow 4 Days,pioreactor02,2025-09-21T05:28:11.908Z,24.48958,0.0,0.0,0.0,84.5,2025-09-21 07:28:11.908,24.430555555556
Yeast Grow 4 Days,pioreactor02,2025-09-21T05:28:34.908Z,24.48658,0.0,0.0,0.0,84.5,2025-09-21 07:28:34.908,24.436944444444
Yeast Grow 4 Days,pioreactor02,2025-09-21T05:28:57.912Z,24.50458,0.0,0.0,0.0,84.5,2025-09-21 07:28:57.912,24.443333333333
Yeast Grow 4 Days,pioreactor02,2025-09-21T05:29:05.183Z,24.50458,0.0,0.0,0.0,0.0,2025-09-21 07:29:05.183,24.445555555556
Yeast Grow 4 Days,pioreactor02,2025-09-21T05:29:20.908Z,24.45358,0.0,0.0,0.0,0.0,2025-09-21 07:29:20.908,24.449722222222
Yeast Grow 4 Days,pioreactor02,2025-09-21T05:29:43.908Z,24.45258,0.0,0.0,0.0,0.0,2025-09-21 07:29:43.908,24.456111111111
Yeast Grow 4 Days,pioreactor02,2025-09-21T05:30:06.908Z,24.45808,0.0,0.0,0.0,0.0,2025-09-21 07:30:06.908,24.4625
Yeast Grow 4 Days,pioreactor02,2025-09-21T05:30:29.912Z,24.37658,0.0,0.0,0.0,0.0,2025-09-21 07:30:29.912,24.468888888889
Yeast Grow 4 Days,pioreactor02,2025-09-21T05:30:52.908Z,24.35158,0.0,0.0,0.0,0.0,2025-09-21 07:30:52.908,24.475277777778
Yeast Grow 4 Days,pioreactor02,2025-09-21T05:30:56.612Z,24.35158,0.0,0.0,0.0,84.5,2025-09-21 07:30:56.612,24.476388888889
Yeast Grow 4 Days,pioreactor02,2025-09-21T05:30:56.652Z,24.35158,0.0,0.0,0.0,85.14,2025-09-21 07:30:56.652,24.476388888889
Yeast Grow 4 Days,pioreactor02,2025-09-21T05:31:15.908Z,24.32808,0.0,0.0,0.0,85.14,2025-09-21 07:31:15.908,24.481666666667
Yeast Grow 4 Days,pioreactor02,2025-09-21T05:31:38.908Z,24.35608,0.0,0.0,0.0,85.14,2025-09-21 07:31:38.908,24.488055555556
Yeast Grow 4 Days,pioreactor02,2025-09-21T05:32:01.908Z,24.39658,0.0,0.0,0.0,85.14,2025-09-21 07:32:01.908,24.494444444444
Yeast Grow 4 Days,pioreactor02,2025-09-21T05:32:24.908Z,24.41208,0.0,0.0,0.0,85.14,2025-09-21 07:32:24.908,24.500833333333
Yeast Grow 4 Days,pioreactor02,2025-09-21T05:32:25.183Z,24.41208,0.0,0.0,0.0,0.0,2025-09-21 07:32:25.183,24.501111111111
Yeast Grow 4 Days,pioreactor02,2025-09-21T05:32:47.908Z,24.41158,0.0,0.0,0.0,0.0,2025-09-21 07:32:47.908,24.507222222222
Yeast Grow 4 Days,pioreactor02,2025-09-21T05:33:10.908Z,24.36208,0.0,0.0,0.0,0.0,2025-09-21 07:33:10.908,24.513611111111
Yeast Grow 4 Days,pioreactor02,2025-09-21T05:33:33.908Z,24.30408,0.0,0.0,0.0,0.0,2025-09-21 07:33:33.908,24.52
Yeast Grow 4 Days,pioreactor02,2025-09-21T05:33:56.912Z,24.31208,0.0,0.0,0.0,0.0,2025-09-21 07:33:56.912,24.526388888889
Yeast Grow 4 Days,pioreactor02,2025-09-21T05:34:16.610Z,24.31208,0.0,0.0,0.0,85.14,2025-09-21 07:34:16.610,24.531944444444
Yeast Grow 4 Days,pioreactor02,2025-09-21T05:34:16.652Z,24.31208,0.0,0.0,0.0,85.05,2025-09-21 07:34:16.652,24.531944444444
Yeast Grow 4 Days,pioreactor02,2025-09-21T05:34:19.912Z,24.35858,0.0,0.0,0.0,85.05,2025-09-21 07:34:19.912,24.532777777778
Yeast Grow 4 Days,pioreactor02,2025-09-21T05:34:42.908Z,24.74508,0.0,0.0,0.0,85.05,2025-09-21 07:34:42.908,24.539166666667
Yeast Grow 4 Days,pioreactor02,2025-09-21T05:35:05.908Z,25.09608,0.0,0.0,0.0,85.05,2025-09-21 07:35:05.908,24.545555555556
Yeast Grow 4 Days,pioreactor02,2025-09-21T05:35:28.908Z,24.96808,0.0,0.0,0.0,85.05,2025-09-21 07:35:28.908,24.551944444444
Yeast Grow 4 Days,pioreactor02,2025-09-21T05:35:45.183Z,24.96808,0.0,0.0,0.0,0.0,2025-09-21 07:35:45.183,24.556666666667
Yeast Grow 4 Days,pioreactor02,2025-09-21T05:35:51.908Z,24.80458,0.0,0.0,0.0,0.0,2025-09-21 07:35:51.908,24.558333333333
Yeast Grow 4 Days,pioreactor02,2025-09-21T05:36:14.908Z,24.67008,0.0,0.0,0.0,0.0,2025-09-21 07:36:14.908,24.564722222222
Yeast Grow 4 Days,pioreactor02,2025-09-21T05:36:37.908Z,24.66108,0.0,0.0,0.0,0.0,2025-09-21 07:36:37.908,24.571111111111
Yeast Grow 4 Days,pioreactor02,2025-09-21T05:37:00.908Z,24.56508,0.0,0.0,0.0,0.0,2025-09-21 07:37:00.908,24.5775
Yeast Grow 4 Days,pioreactor02,2025-09-21T05:37:23.908Z,24.56208,0.0,0.0,0.0,0.0,2025-09-21 07:37:23.908,24.583888888889
Yeast Grow 4 Days,pioreactor02,2025-09-21T05:37:36.609Z,24.56208,0.0,0.0,0.0,85.05,2025-09-21 07:37:36.609,24.5875
Yeast Grow 4 Days,pioreactor02,2025-09-21T05:37:36.653Z,24.56208,0.0,0.0,0.0,84.67,2025-09-21 07:37:36.653,24.5875
Yeast Grow 4 Days,pioreactor02,2025-09-21T05:37:46.908Z,24.51858,0.0,0.0,0.0,84.67,2025-09-21 07:37:46.908,24.590277777778
Yeast Grow 4 Days,pioreactor02,2025-09-21T05:38:09.908Z,24.51458,0.0,0.0,0.0,84.67,2025-09-21 07:38:09.908,24.596666666667
Yeast Grow 4 Days,pioreactor02,2025-09-21T05:38:32.908Z,24.48008,0.0,0.0,0.0,84.67,2025-09-21 07:38:32.908,24.603055555556
Yeast Grow 4 Days,pioreactor02,2025-09-21T05:38:55.908Z,24.52308,0.0,0.0,0.0,84.67,2025-09-21 07:38:55.908,24.609444444444
Yeast Grow 4 Days,pioreactor02,2025-09-21T05:39:05.183Z,24.52308,0.0,0.0,0.0,0.0,2025-09-21 07:39:05.183,24.612222222222
Yeast Grow 4 Days,pioreactor02,2025-09-21T05:39:18.908Z,24.48358,0.0,0.0,0.0,0.0,2025-09-21 07:39:18.908,24.615833333333
Yeast Grow 4 Days,pioreactor02,2025-09-21T05:39:41.908Z,24.43708,0.0,0.0,0.0,0.0,2025-09-21 07:39:41.908,24.622222222222
Yeast Grow 4 Days,pioreactor02,2025-09-21T05:40:04.908Z,24.41758,0.0,0.0,0.0,0.0,2025-09-21 07:40:04.908,24.628611111111
Yeast Grow 4 Days,pioreactor02,2025-09-21T05:40:27.908Z,24.42658,0.0,0.0,0.0,0.0,2025-09-21 07:40:27.908,24.635
Yeast Grow 4 Days,pioreactor02,2025-09-21T05:40:50.908Z,24.38658,0.0,0.0,0.0,0.0,2025-09-21 07:40:50.908,24.641388888889
Yeast Grow 4 Days,pioreactor02,2025-09-21T05:40:56.609Z,24.38658,0.0,0.0,0.0,84.67,2025-09-21 07:40:56.609,24.643055555556
Yeast Grow 4 Days,pioreactor02,2025-09-21T05:40:56.653Z,24.38658,0.0,0.0,0.0,83.2,2025-09-21 07:40:56.653,24.643055555556
Yeast Grow 4 Days,pioreactor02,2025-09-21T05:41:13.908Z,24.41858,0.0,0.0,0.0,83.2,2025-09-21 07:41:13.908,24.647777777778
Yeast Grow 4 Days,pioreactor02,2025-09-21T05:41:36.908Z,24.42508,0.0,0.0,0.0,83.2,2025-09-21 07:41:36.908,24.654166666667
Yeast Grow 4 Days,pioreactor02,2025-09-21T05:41:59.908Z,24.49458,0.0,0.0,0.0,83.2,2025-09-21 07:41:59.908,24.660555555556
Yeast Grow 4 Days,pioreactor02,2025-09-21T05:42:22.908Z,24.51158,0.0,0.0,0.0,83.2,2025-09-21 07:42:22.908,24.666944444444
Yeast Grow 4 Days,pioreactor02,2025-09-21T05:42:25.183Z,24.51158,0.0,0.0,0.0,0.0,2025-09-21 07:42:25.183,24.667777777778
Yeast Grow 4 Days,pioreactor02,2025-09-21T05:42:45.908Z,24.43058,0.0,0.0,0.0,0.0,2025-09-21 07:42:45.908,24.673333333333
Yeast Grow 4 Days,pioreactor02,2025-09-21T05:43:08.908Z,24.40708,0.0,0.0,0.0,0.0,2025-09-21 07:43:08.908,24.679722222222
Yeast Grow 4 Days,pioreactor02,2025-09-21T05:43:31.908Z,24.37608,0.0,0.0,0.0,0.0,2025-09-21 07:43:31.908,24.686111111111
Yeast Grow 4 Days,pioreactor02,2025-09-21T05:43:54.908Z,24.32008,0.0,0.0,0.0,0.0,2025-09-21 07:43:54.908,24.6925
Yeast Grow 4 Days,pioreactor02,2025-09-21T05:44:16.610Z,24.32008,0.0,0.0,0.0,83.2,2025-09-21 07:44:16.610,24.698611111111
Yeast Grow 4 Days,pioreactor02,2025-09-21T05:44:16.656Z,24.32008,0.0,0.0,0.0,82.03,2025-09-21 07:44:16.656,24.698611111111
Yeast Grow 4 Days,pioreactor02,2025-09-21T05:44:17.908Z,24.30408,0.0,0.0,0.0,82.03,2025-09-21 07:44:17.908,24.698888888889
Yeast Grow 4 Days,pioreactor02,2025-09-21T05:44:40.908Z,24.31008,0.0,0.0,0.0,82.03,2025-09-21 07:44:40.908,24.705277777778
Yeast Grow 4 Days,pioreactor02,2025-09-21T05:45:03.908Z,24.32908,0.0,0.0,0.0,82.03,2025-09-21 07:45:03.908,24.711666666667
Yeast Grow 4 Days,pioreactor02,2025-09-21T05:45:26.908Z,24.33808,0.0,0.0,0.0,82.03,2025-09-21 07:45:26.908,24.718055555556
Yeast Grow 4 Days,pioreactor02,2025-09-21T05:45:45.184Z,24.33808,0.0,0.0,0.0,0.0,2025-09-21 07:45:45.184,24.723333333333
Yeast Grow 4 Days,pioreactor02,2025-09-21T05:45:49.908Z,24.28608,0.0,0.0,0.0,0.0,2025-09-21 07:45:49.908,24.724444444444
Yeast Grow 4 Days,pioreactor02,2025-09-21T05:46:12.908Z,24.28558,0.0,0.0,0.0,0.0,2025-09-21 07:46:12.908,24.730833333333
Yeast Grow 4 Days,pioreactor02,2025-09-21T05:46:35.908Z,24.25108,0.0,0.0,0.0,0.0,2025-09-21 07:46:35.908,24.737222222222
Yeast Grow 4 Days,pioreactor02,2025-09-21T05:46:58.908Z,24.18158,0.0,0.0,0.0,0.0,2025-09-21 07:46:58.908,24.743611111111
Yeast Grow 4 Days,pioreactor02,2025-09-21T05:47:21.908Z,24.16108,0.0,0.0,0.0,0.0,2025-09-21 07:47:21.908,24.75
Yeast Grow 4 Days,pioreactor02,2025-09-21T05:47:36.608Z,24.16108,0.0,0.0,0.0,82.03,2025-09-21 07:47:36.608,24.754166666667
Yeast Grow 4 Days,pioreactor02,2025-09-21T05:47:36.652Z,24.16108,0.0,0.0,0.0,83.02,2025-09-21 07:47:36.652,24.754166666667
Yeast Grow 4 Days,pioreactor02,2025-09-21T05:47:44.908Z,24.30258,0.0,0.0,0.0,83.02,2025-09-21 07:47:44.908,24.756388888889
Yeast Grow 4 Days,pioreactor02,2025-09-21T05:48:07.908Z,24.36308,0.0,0.0,0.0,83.02,2025-09-21 07:48:07.908,24.762777777778
Yeast Grow 4 Days,pioreactor02,2025-09-21T05:48:30.908Z,24.48858,0.0,0.0,0.0,83.02,2025-09-21 07:48:30.908,24.769166666667
Yeast Grow 4 Days,pioreactor02,2025-09-21T05:48:53.908Z,24.48108,0.0,0.0,0.0,83.02,2025-09-21 07:48:53.908,24.775555555556
Yeast Grow 4 Days,pioreactor02,2025-09-21T05:49:05.183Z,24.48108,0.0,0.0,0.0,0.0,2025-09-21 07:49:05.183,24.778888888889
Yeast Grow 4 Days,pioreactor02,2025-09-21T05:49:16.908Z,24.44308,0.0,0.0,0.0,0.0,2025-09-21 07:49:16.908,24.781944444444
Yeast Grow 4 Days,pioreactor02,2025-09-21T05:49:39.908Z,24.37158,0.0,0.0,0.0,0.0,2025-09-21 07:49:39.908,24.788333333333
Yeast Grow 4 Days,pioreactor02,2025-09-21T05:50:02.908Z,24.31808,0.0,0.0,0.0,0.0,2025-09-21 07:50:02.908,24.794722222222
Yeast Grow 4 Days,pioreactor02,2025-09-21T05:50:25.908Z,24.33158,0.0,0.0,0.0,0.0,2025-09-21 07:50:25.908,24.801111111111
Yeast Grow 4 Days,pioreactor02,2025-09-21T05:50:48.908Z,24.37008,0.0,0.0,0.0,0.0,2025-09-21 07:50:48.908,24.8075
Yeast Grow 4 Days,pioreactor02,2025-09-21T05:50:56.608Z,24.37008,0.0,0.0,0.0,83.02,2025-09-21 07:50:56.608,24.809722222222
Yeast Grow 4 Days,pioreactor02,2025-09-21T05:50:56.648Z,24.37008,0.0,0.0,0.0,84.3,2025-09-21 07:50:56.648,24.809722222222
Yeast Grow 4 Days,pioreactor02,2025-09-21T05:51:11.908Z,24.44908,0.0,0.0,0.0,84.3,2025-09-21 07:51:11.908,24.813888888889
Yeast Grow 4 Days,pioreactor02,2025-09-21T05:51:34.908Z,24.46258,0.0,0.0,0.0,84.3,2025-09-21 07:51:34.908,24.820277777778
Yeast Grow 4 Days,pioreactor02,2025-09-21T05:51:57.908Z,24.41908,0.0,0.0,0.0,84.3,2025-09-21 07:51:57.908,24.826666666667
Yeast Grow 4 Days,pioreactor02,2025-09-21T05:52:20.908Z,24.43308,0.0,0.0,0.0,84.3,2025-09-21 07:52:20.908,24.833055555556
Yeast Grow 4 Days,pioreactor02,2025-09-21T05:52:25.183Z,24.43308,0.0,0.0,0.0,0.0,2025-09-21 07:52:25.183,24.834444444444
Yeast Grow 4 Days,pioreactor02,2025-09-21T05:52:43.908Z,24.46258,0.0,0.0,0.0,0.0,2025-09-21 07:52:43.908,24.839444444444
Yeast Grow 4 Days,pioreactor02,2025-09-21T05:53:06.908Z,24.45158,0.0,0.0,0.0,0.0,2025-09-21 07:53:06.908,24.845833333333
Yeast Grow 4 Days,pioreactor02,2025-09-21T05:53:29.912Z,24.47558,0.0,0.0,0.0,0.0,2025-09-21 07:53:29.912,24.852222222222
Yeast Grow 4 Days,pioreactor02,2025-09-21T05:53:52.908Z,24.40158,0.0,0.0,0.0,0.0,2025-09-21 07:53:52.908,24.858611111111
Yeast Grow 4 Days,pioreactor02,2025-09-21T05:54:15.908Z,24.63258,0.0,0.0,0.0,0.0,2025-09-21 07:54:15.908,24.865
Yeast Grow 4 Days,pioreactor02,2025-09-21T05:54:16.609Z,24.63258,0.0,0.0,0.0,84.3,2025-09-21 07:54:16.609,24.865277777778
Yeast Grow 4 Days,pioreactor02,2025-09-21T05:54:16.652Z,24.63258,0.0,0.0,0.0,84.95,2025-09-21 07:54:16.652,24.865277777778
Yeast Grow 4 Days,pioreactor02,2025-09-21T05:54:38.908Z,25.00858,0.0,0.0,0.0,84.95,2025-09-21 07:54:38.908,24.871388888889
Yeast Grow 4 Days,pioreactor02,2025-09-21T05:55:01.908Z,24.91808,0.0,0.0,0.0,84.95,2025-09-21 07:55:01.908,24.877777777778
Yeast Grow 4 Days,pioreactor02,2025-09-21T05:55:24.908Z,24.87058,0.0,0.0,0.0,84.95,2025-09-21 07:55:24.908,24.884166666667
Yeast Grow 4 Days,pioreactor02,2025-09-21T05:55:45.183Z,24.87058,0.0,0.0,0.0,0.0,2025-09-21 07:55:45.183,24.89
Yeast Grow 4 Days,pioreactor02,2025-09-21T05:55:47.908Z,24.76408,0.0,0.0,0.0,0.0,2025-09-21 07:55:47.908,24.890555555556
Yeast Grow 4 Days,pioreactor02,2025-09-21T05:56:10.908Z,24.65058,0.0,0.0,0.0,0.0,2025-09-21 07:56:10.908,24.896944444444
Yeast Grow 4 Days,pioreactor02,2025-09-21T05:56:33.908Z,24.50958,0.0,0.0,0.0,0.0,2025-09-21 07:56:33.908,24.903333333333
Yeast Grow 4 Days,pioreactor02,2025-09-21T05:56:56.908Z,24.57508,0.0,0.0,0.0,0.0,2025-09-21 07:56:56.908,24.909722222222
Yeast Grow 4 Days,pioreactor02,2025-09-21T05:57:19.908Z,24.51358,0.0,0.0,0.0,0.0,2025-09-21 07:57:19.908,24.916111111111
Yeast Grow 4 Days,pioreactor02,2025-09-21T05:57:36.610Z,24.51358,0.0,0.0,0.0,84.95,2025-09-21 07:57:36.610,24.920833333333
Yeast Grow 4 Days,pioreactor02,2025-09-21T05:57:36.652Z,24.51358,0.0,0.0,0.0,84.84,2025-09-21 07:57:36.652,24.920833333333
Yeast Grow 4 Days,pioreactor02,2025-09-21T05:57:42.908Z,24.46508,0.0,0.0,0.0,84.84,2025-09-21 07:57:42.908,24.9225
Yeast Grow 4 Days,pioreactor02,2025-09-21T05:58:05.908Z,24.49108,0.0,0.0,0.0,84.84,2025-09-21 07:58:05.908,24.928888888889
Yeast Grow 4 Days,pioreactor02,2025-09-21T05:58:28.908Z,24.46408,0.0,0.0,0.0,84.84,2025-09-21 07:58:28.908,24.935277777778
Yeast Grow 4 Days,pioreactor02,2025-09-21T05:58:51.908Z,24.49358,0.0,0.0,0.0,84.84,2025-09-21 07:58:51.908,24.941666666667
Yeast Grow 4 Days,pioreactor02,2025-09-21T05:59:05.183Z,24.49358,0.0,0.0,0.0,0.0,2025-09-21 07:59:05.183,24.945555555556
Yeast Grow 4 Days,pioreactor02,2025-09-21T05:59:14.908Z,24.46408,0.0,0.0,0.0,0.0,2025-09-21 07:59:14.908,24.948055555556
Yeast Grow 4 Days,pioreactor02,2025-09-21T05:59:37.908Z,24.35508,0.0,0.0,0.0,0.0,2025-09-21 07:59:37.908,24.954444444444
Yeast Grow 4 Days,pioreactor02,2025-09-21T06:00:00.908Z,24.30858,0.0,0.0,0.0,0.0,2025-09-21 08:00:00.908,24.960833333333
Yeast Grow 4 Days,pioreactor02,2025-09-21T06:00:23.908Z,24.27058,0.0,0.0,0.0,0.0,2025-09-21 08:00:23.908,24.967222222222
Yeast Grow 4 Days,pioreactor02,2025-09-21T06:00:46.908Z,24.27608,0.0,0.0,0.0,0.0,2025-09-21 08:00:46.908,24.973611111111
Yeast Grow 4 Days,pioreactor02,2025-09-21T06:00:56.609Z,24.27608,0.0,0.0,0.0,84.84,2025-09-21 08:00:56.609,24.976388888889
Yeast Grow 4 Days,pioreactor02,2025-09-21T06:00:56.652Z,24.27608,0.0,0.0,0.0,85.03,2025-09-21 08:00:56.652,24.976388888889
Yeast Grow 4 Days,pioreactor02,2025-09-21T06:01:09.908Z,24.40408,0.0,0.0,0.0,85.03,2025-09-21 08:01:09.908,24.98
Yeast Grow 4 Days,pioreactor02,2025-09-21T06:01:32.908Z,24.42158,0.0,0.0,0.0,85.03,2025-09-21 08:01:32.908,24.986388888889
Yeast Grow 4 Days,pioreactor02,2025-09-21T06:01:55.908Z,24.40958,0.0,0.0,0.0,85.03,2025-09-21 08:01:55.908,24.992777777778
Yeast Grow 4 Days,pioreactor02,2025-09-21T06:02:18.908Z,24.44158,0.0,0.0,0.0,85.03,2025-09-21 08:02:18.908,24.999166666667
Yeast Grow 4 Days,pioreactor02,2025-09-21T06:02:25.183Z,24.44158,0.0,0.0,0.0,0.0,2025-09-21 08:02:25.183,25.001111111111
Yeast Grow 4 Days,pioreactor02,2025-09-21T06:02:41.908Z,24.37758,0.0,0.0,0.0,0.0,2025-09-21 08:02:41.908,25.005555555556
Yeast Grow 4 Days,pioreactor02,2025-09-21T06:03:04.908Z,24.39058,0.0,0.0,0.0,0.0,2025-09-21 08:03:04.908,25.011944444444
Yeast Grow 4 Days,pioreactor02,2025-09-21T06:03:27.912Z,24.37158,0.0,0.0,0.0,0.0,2025-09-21 08:03:27.912,25.018333333333
Yeast Grow 4 Days,pioreactor02,2025-09-21T06:03:50.908Z,24.35908,0.0,0.0,0.0,0.0,2025-09-21 08:03:50.908,25.024722222222
Yeast Grow 4 Days,pioreactor02,2025-09-21T06:04:13.908Z,24.34308,0.0,0.0,0.0,0.0,2025-09-21 08:04:13.908,25.031111111111
Yeast Grow 4 Days,pioreactor02,2025-09-21T06:04:16.610Z,24.34308,0.0,0.0,0.0,85.03,2025-09-21 08:04:16.610,25.031944444444
Yeast Grow 4 Days,pioreactor02,2025-09-21T06:04:16.652Z,24.34308,0.0,0.0,0.0,84.62,2025-09-21 08:04:16.652,25.031944444444
Yeast Grow 4 Days,pioreactor02,2025-09-21T06:04:36.908Z,24.37608,0.0,0.0,0.0,84.62,2025-09-21 08:04:36.908,25.0375
Yeast Grow 4 Days,pioreactor02,2025-09-21T06:04:59.908Z,24.41658,0.0,0.0,0.0,84.62,2025-09-21 08:04:59.908,25.043888888889
Yeast Grow 4 Days,pioreactor02,2025-09-21T06:05:22.908Z,24.35608,0.0,0.0,0.0,84.62,2025-09-21 08:05:22.908,25.050277777778
Yeast Grow 4 Days,pioreactor02,2025-09-21T06:05:45.183Z,24.35608,0.0,0.0,0.0,0.0,2025-09-21 08:05:45.183,25.056666666667
Yeast Grow 4 Days,pioreactor02,2025-09-21T06:05:45.908Z,24.39758,0.0,0.0,0.0,0.0,2025-09-21 08:05:45.908,25.056666666667
Yeast Grow 4 Days,pioreactor02,2025-09-21T06:06:08.908Z,24.39458,0.0,0.0,0.0,0.0,2025-09-21 08:06:08.908,25.063055555556
Yeast Grow 4 Days,pioreactor02,2025-09-21T06:06:31.908Z,24.35058,0.0,0.0,0.0,0.0,2025-09-21 08:06:31.908,25.069444444444
Yeast Grow 4 Days,pioreactor02,2025-09-21T06:06:54.908Z,24.45508,0.0,0.0,0.0,0.0,2025-09-21 08:06:54.908,25.075833333333
Yeast Grow 4 Days,pioreactor02,2025-09-21T06:07:17.908Z,24.47958,0.0,0.0,0.0,0.0,2025-09-21 08:07:17.908,25.082222222222
Yeast Grow 4 Days,pioreactor02,2025-09-21T06:07:36.608Z,24.47958,0.0,0.0,0.0,84.62,2025-09-21 08:07:36.608,25.0875
Yeast Grow 4 Days,pioreactor02,2025-09-21T06:07:36.652Z,24.47958,0.0,0.0,0.0,86.28,2025-09-21 08:07:36.652,25.0875
Yeast Grow 4 Days,pioreactor02,2025-09-21T06:07:40.912Z,24.88958,0.0,0.0,0.0,86.28,2025-09-21 08:07:40.912,25.088611111111
Yeast Grow 4 Days,pioreactor02,2025-09-21T06:08:03.908Z,24.78408,0.0,0.0,0.0,86.28,2025-09-21 08:08:03.908,25.095
Yeast Grow 4 Days,pioreactor02,2025-09-21T06:08:26.908Z,24.72758,0.0,0.0,0.0,86.28,2025-09-21 08:08:26.908,25.101388888889
Yeast Grow 4 Days,pioreactor02,2025-09-21T06:08:49.908Z,24.72758,0.0,0.0,0.0,86.28,2025-09-21 08:08:49.908,25.107777777778
Yeast Grow 4 Days,pioreactor02,2025-09-21T06:09:05.183Z,24.72758,0.0,0.0,0.0,0.0,2025-09-21 08:09:05.183,25.112222222222
Yeast Grow 4 Days,pioreactor02,2025-09-21T06:09:12.908Z,24.65258,0.0,0.0,0.0,0.0,2025-09-21 08:09:12.908,25.114166666667
Yeast Grow 4 Days,pioreactor02,2025-09-21T06:09:35.908Z,24.60958,0.0,0.0,0.0,0.0,2025-09-21 08:09:35.908,25.120555555556
Yeast Grow 4 Days,pioreactor02,2025-09-21T06:09:58.908Z,24.58408,0.0,0.0,0.0,0.0,2025-09-21 08:09:58.908,25.126944444444
Yeast Grow 4 Days,pioreactor02,2025-09-21T06:10:21.908Z,24.54208,0.0,0.0,0.0,0.0,2025-09-21 08:10:21.908,25.133333333333
Yeast Grow 4 Days,pioreactor02,2025-09-21T06:10:44.908Z,24.49508,0.0,0.0,0.0,0.0,2025-09-21 08:10:44.908,25.139722222222
Yeast Grow 4 Days,pioreactor02,2025-09-21T06:10:56.609Z,24.49508,0.0,0.0,0.0,86.28,2025-09-21 08:10:56.609,25.143055555556
Yeast Grow 4 Days,pioreactor02,2025-09-21T06:10:56.652Z,24.49508,0.0,0.0,0.0,85.51,2025-09-21 08:10:56.652,25.143055555556
Yeast Grow 4 Days,pioreactor02,2025-09-21T06:11:07.908Z,24.52958,0.0,0.0,0.0,85.51,2025-09-21 08:11:07.908,25.146111111111
Yeast Grow 4 Days,pioreactor02,2025-09-21T06:11:30.908Z,24.48958,0.0,0.0,0.0,85.51,2025-09-21 08:11:30.908,25.1525
Yeast Grow 4 Days,pioreactor02,2025-09-21T06:11:53.908Z,24.45808,0.0,0.0,0.0,85.51,2025-09-21 08:11:53.908,25.158888888889
Yeast Grow 4 Days,pioreactor02,2025-09-21T06:12:16.908Z,24.48808,0.0,0.0,0.0,85.51,2025-09-21 08:12:16.908,25.165277777778
Yeast Grow 4 Days,pioreactor02,2025-09-21T06:12:25.183Z,24.48808,0.0,0.0,0.0,0.0,2025-09-21 08:12:25.183,25.167777777778
Yeast Grow 4 Days,pioreactor02,2025-09-21T06:12:39.908Z,24.44758,0.0,0.0,0.0,0.0,2025-09-21 08:12:39.908,25.171666666667
Yeast Grow 4 Days,pioreactor02,2025-09-21T06:13:02.908Z,24.41808,0.0,0.0,0.0,0.0,2025-09-21 08:13:02.908,25.178055555556
Yeast Grow 4 Days,pioreactor02,2025-09-21T06:13:25.908Z,24.53158,0.0,0.0,0.0,0.0,2025-09-21 08:13:25.908,25.184444444444
Yeast Grow 4 Days,pioreactor02,2025-09-21T06:13:48.908Z,24.48258,0.0,0.0,0.0,0.0,2025-09-21 08:13:48.908,25.190833333333
Yeast Grow 4 Days,pioreactor02,2025-09-21T06:14:11.908Z,24.51008,0.0,0.0,0.0,0.0,2025-09-21 08:14:11.908,25.197222222222
Yeast Grow 4 Days,pioreactor02,2025-09-21T06:14:16.609Z,24.51008,0.0,0.0,0.0,85.51,2025-09-21 08:14:16.609,25.198611111111
Yeast Grow 4 Days,pioreactor02,2025-09-21T06:14:16.652Z,24.51008,0.0,0.0,0.0,85.54,2025-09-21 08:14:16.652,25.198611111111
Yeast Grow 4 Days,pioreactor02,2025-09-21T06:14:34.908Z,24.43358,0.0,0.0,0.0,85.54,2025-09-21 08:14:34.908,25.203611111111
Yeast Grow 4 Days,pioreactor02,2025-09-21T06:14:57.908Z,24.44008,0.0,0.0,0.0,85.54,2025-09-21 08:14:57.908,25.21
Yeast Grow 4 Days,pioreactor02,2025-09-21T06:15:20.908Z,24.39608,0.0,0.0,0.0,85.54,2025-09-21 08:15:20.908,25.216388888889
Yeast Grow 4 Days,pioreactor02,2025-09-21T06:15:43.908Z,24.37008,0.0,0.0,0.0,85.54,2025-09-21 08:15:43.908,25.222777777778
Yeast Grow 4 Days,pioreactor02,2025-09-21T06:15:45.183Z,24.37008,0.0,0.0,0.0,0.0,2025-09-21 08:15:45.183,25.223333333333
Yeast Grow 4 Days,pioreactor02,2025-09-21T06:16:06.908Z,24.34708,0.0,0.0,0.0,0.0,2025-09-21 08:16:06.908,25.229166666667
Yeast Grow 4 Days,pioreactor02,2025-09-21T06:16:29.908Z,24.32158,0.0,0.0,0.0,0.0,2025-09-21 08:16:29.908,25.235555555556
Yeast Grow 4 Days,pioreactor02,2025-09-21T06:16:52.908Z,24.66608,0.0,0.0,0.0,0.0,2025-09-21 08:16:52.908,25.241944444444
Yeast Grow 4 Days,pioreactor02,2025-09-21T06:17:15.908Z,24.58808,0.0,0.0,0.0,0.0,2025-09-21 08:17:15.908,25.248333333333
Yeast Grow 4 Days,pioreactor02,2025-09-21T06:17:36.608Z,24.58808,0.0,0.0,0.0,85.54,2025-09-21 08:17:36.608,25.254166666667
Yeast Grow 4 Days,pioreactor02,2025-09-21T06:17:36.653Z,24.58808,0.0,0.0,0.0,86.34,2025-09-21 08:17:36.653,25.254166666667
Yeast Grow 4 Days,pioreactor02,2025-09-21T06:17:38.908Z,24.54658,0.0,0.0,0.0,86.34,2025-09-21 08:17:38.908,25.254722222222
Yeast Grow 4 Days,pioreactor02,2025-09-21T06:18:01.908Z,24.52908,0.0,0.0,0.0,86.34,2025-09-21 08:18:01.908,25.261111111111
Yeast Grow 4 Days,pioreactor02,2025-09-21T06:18:24.908Z,24.52658,0.0,0.0,0.0,86.34,2025-09-21 08:18:24.908,25.2675
Yeast Grow 4 Days,pioreactor02,2025-09-21T06:18:47.908Z,24.47808,0.0,0.0,0.0,86.34,2025-09-21 08:18:47.908,25.273888888889
Yeast Grow 4 Days,pioreactor02,2025-09-21T06:19:05.183Z,24.47808,0.0,0.0,0.0,0.0,2025-09-21 08:19:05.183,25.278888888889
Yeast Grow 4 Days,pioreactor02,2025-09-21T06:19:10.912Z,24.68008,0.0,0.0,0.0,0.0,2025-09-21 08:19:10.912,25.280277777778
Yeast Grow 4 Days,pioreactor02,2025-09-21T06:19:33.908Z,24.57308,0.0,0.0,0.0,0.0,2025-09-21 08:19:33.908,25.286666666667
Yeast Grow 4 Days,pioreactor02,2025-09-21T06:19:56.908Z,24.47358,0.0,0.0,0.0,0.0,2025-09-21 08:19:56.908,25.293055555556
Yeast Grow 4 Days,pioreactor02,2025-09-21T06:20:19.908Z,24.41958,0.0,0.0,0.0,0.0,2025-09-21 08:20:19.908,25.299444444444
Yeast Grow 4 Days,pioreactor02,2025-09-21T06:20:42.908Z,24.43608,0.0,0.0,0.0,0.0,2025-09-21 08:20:42.908,25.305833333333
Yeast Grow 4 Days,pioreactor02,2025-09-21T06:20:56.610Z,24.43608,0.0,0.0,0.0,86.34,2025-09-21 08:20:56.610,25.309722222222
Yeast Grow 4 Days,pioreactor02,2025-09-21T06:20:56.652Z,24.43608,0.0,0.0,0.0,87.11,2025-09-21 08:20:56.652,25.309722222222
Yeast Grow 4 Days,pioreactor02,2025-09-21T06:21:05.908Z,24.52058,0.0,0.0,0.0,87.11,2025-09-21 08:21:05.908,25.312222222222
Yeast Grow 4 Days,pioreactor02,2025-09-21T06:21:28.912Z,24.45608,0.0,0.0,0.0,87.11,2025-09-21 08:21:28.912,25.318611111111
Yeast Grow 4 Days,pioreactor02,2025-09-21T06:21:51.908Z,24.50358,0.0,0.0,0.0,87.11,2025-09-21 08:21:51.908,25.325
Yeast Grow 4 Days,pioreactor02,2025-09-21T06:22:14.908Z,24.44058,0.0,0.0,0.0,87.11,2025-09-21 08:22:14.908,25.331388888889
Yeast Grow 4 Days,pioreactor02,2025-09-21T06:22:25.183Z,24.44058,0.0,0.0,0.0,0.0,2025-09-21 08:22:25.183,25.334444444444
Yeast Grow 4 Days,pioreactor02,2025-09-21T06:22:37.908Z,24.44058,0.0,0.0,0.0,0.0,2025-09-21 08:22:37.908,25.337777777778
Yeast Grow 4 Days,pioreactor02,2025-09-21T06:23:00.908Z,24.45558,0.0,0.0,0.0,0.0,2025-09-21 08:23:00.908,25.344166666667
Yeast Grow 4 Days,pioreactor02,2025-09-21T06:23:23.908Z,24.35958,0.0,0.0,0.0,0.0,2025-09-21 08:23:23.908,25.350555555556
Yeast Grow 4 Days,pioreactor02,2025-09-21T06:23:46.908Z,24.38858,0.0,0.0,0.0,0.0,2025-09-21 08:23:46.908,25.356944444444
Yeast Grow 4 Days,pioreactor02,2025-09-21T06:24:09.908Z,24.40508,0.0,0.0,0.0,0.0,2025-09-21 08:24:09.908,25.363333333333
Yeast Grow 4 Days,pioreactor02,2025-09-21T06:24:16.610Z,24.40508,0.0,0.0,0.0,87.11,2025-09-21 08:24:16.610,25.365277777778
Yeast Grow 4 Days,pioreactor02,2025-09-21T06:24:16.652Z,24.40508,0.0,0.0,0.0,87.03,2025-09-21 08:24:16.652,25.365277777778
Yeast Grow 4 Days,pioreactor02,2025-09-21T06:24:32.908Z,24.41058,0.0,0.0,0.0,87.03,2025-09-21 08:24:32.908,25.369722222222
Yeast Grow 4 Days,pioreactor02,2025-09-21T06:24:55.912Z,24.44058,0.0,0.0,0.0,87.03,2025-09-21 08:24:55.912,25.376111111111
Yeast Grow 4 Days,pioreactor02,2025-09-21T06:25:18.908Z,24.53158,0.0,0.0,0.0,87.03,2025-09-21 08:25:18.908,25.3825
Yeast Grow 4 Days,pioreactor02,2025-09-21T06:25:41.908Z,24.54708,0.0,0.0,0.0,87.03,2025-09-21 08:25:41.908,25.388888888889
Yeast Grow 4 Days,pioreactor02,2025-09-21T06:25:45.183Z,24.54708,0.0,0.0,0.0,0.0,2025-09-21 08:25:45.183,25.39
Yeast Grow 4 Days,pioreactor02,2025-09-21T06:26:04.908Z,24.50458,0.0,0.0,0.0,0.0,2025-09-21 08:26:04.908,25.395277777778
Yeast Grow 4 Days,pioreactor02,2025-09-21T06:26:27.908Z,24.39258,0.0,0.0,0.0,0.0,2025-09-21 08:26:27.908,25.401666666667
Yeast Grow 4 Days,pioreactor02,2025-09-21T06:26:50.908Z,24.38558,0.0,0.0,0.0,0.0,2025-09-21 08:26:50.908,25.408055555556
Yeast Grow 4 Days,pioreactor02,2025-09-21T06:27:13.908Z,24.36308,0.0,0.0,0.0,0.0,2025-09-21 08:27:13.908,25.414444444444
Yeast Grow 4 Days,pioreactor02,2025-09-21T06:27:36.610Z,24.36308,0.0,0.0,0.0,87.03,2025-09-21 08:27:36.610,25.420833333333
Yeast Grow 4 Days,pioreactor02,2025-09-21T06:27:36.652Z,24.36308,0.0,0.0,0.0,86.09,2025-09-21 08:27:36.652,25.420833333333
Yeast Grow 4 Days,pioreactor02,2025-09-21T06:27:36.908Z,24.44608,0.0,0.0,0.0,86.09,2025-09-21 08:27:36.908,25.420833333333
Yeast Grow 4 Days,pioreactor02,2025-09-21T06:27:59.908Z,24.42008,0.0,0.0,0.0,86.09,2025-09-21 08:27:59.908,25.427222222222
Yeast Grow 4 Days,pioreactor02,2025-09-21T06:28:22.908Z,24.39158,0.0,0.0,0.0,86.09,2025-09-21 08:28:22.908,25.433611111111
Yeast Grow 4 Days,pioreactor02,2025-09-21T06:28:45.908Z,24.39508,0.0,0.0,0.0,86.09,2025-09-21 08:28:45.908,25.44
Yeast Grow 4 Days,pioreactor02,2025-09-21T06:29:05.183Z,24.39508,0.0,0.0,0.0,0.0,2025-09-21 08:29:05.183,25.445555555556
Yeast Grow 4 Days,pioreactor02,2025-09-21T06:29:08.908Z,24.37858,0.0,0.0,0.0,0.0,2025-09-21 08:29:08.908,25.446388888889
Yeast Grow 4 Days,pioreactor02,2025-09-21T06:29:31.908Z,24.48508,0.0,0.0,0.0,0.0,2025-09-21 08:29:31.908,25.452777777778
Yeast Grow 4 Days,pioreactor02,2025-09-21T06:29:54.908Z,24.81508,0.0,0.0,0.0,0.0,2025-09-21 08:29:54.908,25.459166666667
Yeast Grow 4 Days,pioreactor02,2025-09-21T06:30:17.908Z,24.68758,0.0,0.0,0.0,0.0,2025-09-21 08:30:17.908,25.465555555556
Yeast Grow 4 Days,pioreactor02,2025-09-21T06:30:40.908Z,24.57408,0.0,0.0,0.0,0.0,2025-09-21 08:30:40.908,25.471944444444
Yeast Grow 4 Days,pioreactor02,2025-09-21T06:30:56.610Z,24.57408,0.0,0.0,0.0,86.09,2025-09-21 08:30:56.610,25.476388888889
Yeast Grow 4 Days,pioreactor02,2025-09-21T06:30:56.652Z,24.57408,0.0,0.0,0.0,84.49,2025-09-21 08:30:56.652,25.476388888889
Yeast Grow 4 Days,pioreactor02,2025-09-21T06:31:03.908Z,24.64858,0.0,0.0,0.0,84.49,2025-09-21 08:31:03.908,25.478333333333
Yeast Grow 4 Days,pioreactor02,2025-09-21T06:31:26.912Z,24.60558,0.0,0.0,0.0,84.49,2025-09-21 08:31:26.912,25.484722222222
Yeast Grow 4 Days,pioreactor02,2025-09-21T06:31:49.908Z,24.59408,0.0,0.0,0.0,84.49,2025-09-21 08:31:49.908,25.491111111111
Yeast Grow 4 Days,pioreactor02,2025-09-21T06:32:12.908Z,24.55558,0.0,0.0,0.0,84.49,2025-09-21 08:32:12.908,25.4975
Yeast Grow 4 Days,pioreactor02,2025-09-21T06:32:25.183Z,24.55558,0.0,0.0,0.0,0.0,2025-09-21 08:32:25.183,25.501111111111
Yeast Grow 4 Days,pioreactor02,2025-09-21T06:32:35.908Z,24.46608,0.0,0.0,0.0,0.0,2025-09-21 08:32:35.908,25.503888888889
Yeast Grow 4 Days,pioreactor02,2025-09-21T06:32:58.908Z,24.64358,0.0,0.0,0.0,0.0,2025-09-21 08:32:58.908,25.510277777778
Yeast Grow 4 Days,pioreactor02,2025-09-21T06:33:21.908Z,24.48758,0.0,0.0,0.0,0.0,2025-09-21 08:33:21.908,25.516666666667
Yeast Grow 4 Days,pioreactor02,2025-09-21T06:33:44.908Z,24.49008,0.0,0.0,0.0,0.0,2025-09-21 08:33:44.908,25.523055555556
Yeast Grow 4 Days,pioreactor02,2025-09-21T06:34:07.908Z,24.43108,0.0,0.0,0.0,0.0,2025-09-21 08:34:07.908,25.529444444444
Yeast Grow 4 Days,pioreactor02,2025-09-21T06:34:16.613Z,24.43108,0.0,0.0,0.0,84.49,2025-09-21 08:34:16.613,25.531944444444
Yeast Grow 4 Days,pioreactor02,2025-09-21T06:34:16.656Z,24.43108,0.0,0.0,0.0,82.16,2025-09-21 08:34:16.656,25.531944444444
Yeast Grow 4 Days,pioreactor02,2025-09-21T06:34:30.908Z,24.44308,0.0,0.0,0.0,82.16,2025-09-21 08:34:30.908,25.535833333333
Yeast Grow 4 Days,pioreactor02,2025-09-21T06:34:53.908Z,24.45158,0.0,0.0,0.0,82.16,2025-09-21 08:34:53.908,25.542222222222
Yeast Grow 4 Days,pioreactor02,2025-09-21T06:35:16.908Z,24.44808,0.0,0.0,0.0,82.16,2025-09-21 08:35:16.908,25.548611111111
Yeast Grow 4 Days,pioreactor02,2025-09-21T06:35:39.908Z,24.55708,0.0,0.0,0.0,82.16,2025-09-21 08:35:39.908,25.555
Yeast Grow 4 Days,pioreactor02,2025-09-21T06:35:45.183Z,24.55708,0.0,0.0,0.0,0.0,2025-09-21 08:35:45.183,25.556666666667
Yeast Grow 4 Days,pioreactor02,2025-09-21T06:36:02.908Z,24.46908,0.0,0.0,0.0,0.0,2025-09-21 08:36:02.908,25.561388888889
Yeast Grow 4 Days,pioreactor02,2025-09-21T06:36:25.908Z,24.37108,0.0,0.0,0.0,0.0,2025-09-21 08:36:25.908,25.567777777778
Yeast Grow 4 Days,pioreactor02,2025-09-21T06:36:48.908Z,24.30358,0.0,0.0,0.0,0.0,2025-09-21 08:36:48.908,25.574166666667
Yeast Grow 4 Days,pioreactor02,2025-09-21T06:37:11.908Z,24.26008,0.0,0.0,0.0,0.0,2025-09-21 08:37:11.908,25.580555555556
Yeast Grow 4 Days,pioreactor02,2025-09-21T06:37:34.908Z,24.31608,0.0,0.0,0.0,0.0,2025-09-21 08:37:34.908,25.586944444444
Yeast Grow 4 Days,pioreactor02,2025-09-21T06:37:36.608Z,24.31608,0.0,0.0,0.0,82.16,2025-09-21 08:37:36.608,25.5875
Yeast Grow 4 Days,pioreactor02,2025-09-21T06:37:36.652Z,24.31608,0.0,0.0,0.0,80.53,2025-09-21 08:37:36.652,25.5875
Yeast Grow 4 Days,pioreactor02,2025-09-21T06:37:57.908Z,24.36358,0.0,0.0,0.0,80.53,2025-09-21 08:37:57.908,25.593333333333
Yeast Grow 4 Days,pioreactor02,2025-09-21T06:38:20.908Z,24.35458,0.0,0.0,0.0,80.53,2025-09-21 08:38:20.908,25.599722222222
Yeast Grow 4 Days,pioreactor02,2025-09-21T06:38:43.908Z,24.41058,0.0,0.0,0.0,80.53,2025-09-21 08:38:43.908,25.606111111111
Yeast Grow 4 Days,pioreactor02,2025-09-21T06:39:05.183Z,24.41058,0.0,0.0,0.0,0.0,2025-09-21 08:39:05.183,25.612222222222
Yeast Grow 4 Days,pioreactor02,2025-09-21T06:39:06.908Z,24.35658,0.0,0.0,0.0,0.0,2025-09-21 08:39:06.908,25.6125
Yeast Grow 4 Days,pioreactor02,2025-09-21T06:39:29.912Z,24.32958,0.0,0.0,0.0,0.0,2025-09-21 08:39:29.912,25.618888888889
Yeast Grow 4 Days,pioreactor02,2025-09-21T06:39:52.908Z,24.33158,0.0,0.0,0.0,0.0,2025-09-21 08:39:52.908,25.625277777778
Yeast Grow 4 Days,pioreactor02,2025-09-21T06:40:15.908Z,24.30708,0.0,0.0,0.0,0.0,2025-09-21 08:40:15.908,25.631666666667
Yeast Grow 4 Days,pioreactor02,2025-09-21T06:40:38.908Z,24.26958,0.0,0.0,0.0,0.0,2025-09-21 08:40:38.908,25.638055555556
Yeast Grow 4 Days,pioreactor02,2025-09-21T06:40:56.609Z,24.26958,0.0,0.0,0.0,80.53,2025-09-21 08:40:56.609,25.643055555556
Yeast Grow 4 Days,pioreactor02,2025-09-21T06:40:56.653Z,24.26958,0.0,0.0,0.0,79.41,2025-09-21 08:40:56.653,25.643055555556
Yeast Grow 4 Days,pioreactor02,2025-09-21T06:41:01.908Z,24.31208,0.0,0.0,0.0,79.41,2025-09-21 08:41:01.908,25.644444444444
Yeast Grow 4 Days,pioreactor02,2025-09-21T06:41:24.912Z,24.27058,0.0,0.0,0.0,79.41,2025-09-21 08:41:24.912,25.650833333333
Yeast Grow 4 Days,pioreactor02,2025-09-21T06:41:47.908Z,24.25958,0.0,0.0,0.0,79.41,2025-09-21 08:41:47.908,25.657222222222
Yeast Grow 4 Days,pioreactor02,2025-09-21T06:42:10.908Z,24.36508,0.0,0.0,0.0,79.41,2025-09-21 08:42:10.908,25.663611111111
Yeast Grow 4 Days,pioreactor02,2025-09-21T06:42:25.183Z,24.36508,0.0,0.0,0.0,0.0,2025-09-21 08:42:25.183,25.667777777778
Yeast Grow 4 Days,pioreactor02,2025-09-21T06:42:33.908Z,24.34358,0.0,0.0,0.0,0.0,2025-09-21 08:42:33.908,25.67
Yeast Grow 4 Days,pioreactor02,2025-09-21T06:42:56.908Z,24.33908,0.0,0.0,0.0,0.0,2025-09-21 08:42:56.908,25.676388888889
Yeast Grow 4 Days,pioreactor02,2025-09-21T06:43:19.908Z,24.25908,0.0,0.0,0.0,0.0,2025-09-21 08:43:19.908,25.682777777778
Yeast Grow 4 Days,pioreactor02,2025-09-21T06:43:42.912Z,24.25808,0.0,0.0,0.0,0.0,2025-09-21 08:43:42.912,25.689166666667
Yeast Grow 4 Days,pioreactor02,2025-09-21T06:44:05.908Z,24.23208,0.0,0.0,0.0,0.0,2025-09-21 08:44:05.908,25.695555555556
Yeast Grow 4 Days,pioreactor02,2025-09-21T06:44:16.609Z,24.23208,0.0,0.0,0.0,79.41,2025-09-21 08:44:16.609,25.698611111111
Yeast Grow 4 Days,pioreactor02,2025-09-21T06:44:16.652Z,24.23208,0.0,0.0,0.0,76.17,2025-09-21 08:44:16.652,25.698611111111
Yeast Grow 4 Days,pioreactor02,2025-09-21T06:44:28.908Z,24.27808,0.0,0.0,0.0,76.17,2025-09-21 08:44:28.908,25.701944444444
Yeast Grow 4 Days,pioreactor02,2025-09-21T06:44:51.908Z,24.66558,0.0,0.0,0.0,76.17,2025-09-21 08:44:51.908,25.708333333333
Yeast Grow 4 Days,pioreactor02,2025-09-21T06:45:14.908Z,24.82358,0.0,0.0,0.0,76.17,2025-09-21 08:45:14.908,25.714722222222
Yeast Grow 4 Days,pioreactor02,2025-09-21T06:45:37.908Z,24.70608,0.0,0.0,0.0,76.17,2025-09-21 08:45:37.908,25.721111111111
Yeast Grow 4 Days,pioreactor02,2025-09-21T06:45:45.183Z,24.70608,0.0,0.0,0.0,0.0,2025-09-21 08:45:45.183,25.723333333333
Yeast Grow 4 Days,pioreactor02,2025-09-21T06:46:00.908Z,24.69158,0.0,0.0,0.0,0.0,2025-09-21 08:46:00.908,25.7275
Yeast Grow 4 Days,pioreactor02,2025-09-21T06:46:23.908Z,24.55758,0.0,0.0,0.0,0.0,2025-09-21 08:46:23.908,25.733888888889
Yeast Grow 4 Days,pioreactor02,2025-09-21T06:46:46.908Z,24.43158,0.0,0.0,0.0,0.0,2025-09-21 08:46:46.908,25.740277777778
Yeast Grow 4 Days,pioreactor02,2025-09-21T06:47:09.908Z,24.35958,0.0,0.0,0.0,0.0,2025-09-21 08:47:09.908,25.746666666667
Yeast Grow 4 Days,pioreactor02,2025-09-21T06:47:32.908Z,24.35158,0.0,0.0,0.0,0.0,2025-09-21 08:47:32.908,25.753055555556
Yeast Grow 4 Days,pioreactor02,2025-09-21T06:47:36.610Z,24.35158,0.0,0.0,0.0,76.17,2025-09-21 08:47:36.610,25.754166666667
Yeast Grow 4 Days,pioreactor02,2025-09-21T06:47:36.656Z,24.35158,0.0,0.0,0.0,75.97,2025-09-21 08:47:36.656,25.754166666667
Yeast Grow 4 Days,pioreactor02,2025-09-21T06:47:55.908Z,24.41458,0.0,0.0,0.0,75.97,2025-09-21 08:47:55.908,25.759444444444
Yeast Grow 4 Days,pioreactor02,2025-09-21T06:48:18.908Z,24.39058,0.0,0.0,0.0,75.97,2025-09-21 08:48:18.908,25.765833333333
Yeast Grow 4 Days,pioreactor02,2025-09-21T06:48:41.908Z,24.35458,0.0,0.0,0.0,75.97,2025-09-21 08:48:41.908,25.772222222222
Yeast Grow 4 Days,pioreactor02,2025-09-21T06:49:04.908Z,24.35008,0.0,0.0,0.0,75.97,2025-09-21 08:49:04.908,25.778611111111
Yeast Grow 4 Days,pioreactor02,2025-09-21T06:49:05.184Z,24.35008,0.0,0.0,0.0,0.0,2025-09-21 08:49:05.184,25.778888888889
Yeast Grow 4 Days,pioreactor02,2025-09-21T06:49:27.912Z,24.31408,0.0,0.0,0.0,0.0,2025-09-21 08:49:27.912,25.785
Yeast Grow 4 Days,pioreactor02,2025-09-21T06:49:50.908Z,24.42358,0.0,0.0,0.0,0.0,2025-09-21 08:49:50.908,25.791388888889
Yeast Grow 4 Days,pioreactor02,2025-09-21T06:50:13.908Z,24.40058,0.0,0.0,0.0,0.0,2025-09-21 08:50:13.908,25.797777777778
Yeast Grow 4 Days,pioreactor02,2025-09-21T06:50:36.912Z,24.41358,0.0,0.0,0.0,0.0,2025-09-21 08:50:36.912,25.804166666667
Yeast Grow 4 Days,pioreactor02,2025-09-21T06:50:56.610Z,24.41358,0.0,0.0,0.0,75.97,2025-09-21 08:50:56.610,25.809722222222
Yeast Grow 4 Days,pioreactor02,2025-09-21T06:50:56.652Z,24.41358,0.0,0.0,0.0,74.04,2025-09-21 08:50:56.652,25.809722222222
Yeast Grow 4 Days,pioreactor02,2025-09-21T06:50:59.908Z,24.41158,0.0,0.0,0.0,74.04,2025-09-21 08:50:59.908,25.810555555556
Yeast Grow 4 Days,pioreactor02,2025-09-21T06:51:22.908Z,24.43508,0.0,0.0,0.0,74.04,2025-09-21 08:51:22.908,25.816944444444
Yeast Grow 4 Days,pioreactor02,2025-09-21T06:51:45.908Z,24.38858,0.0,0.0,0.0,74.04,2025-09-21 08:51:45.908,25.823333333333
Yeast Grow 4 Days,pioreactor02,2025-09-21T06:52:08.908Z,24.40758,0.0,0.0,0.0,74.04,2025-09-21 08:52:08.908,25.829722222222
Yeast Grow 4 Days,pioreactor02,2025-09-21T06:52:25.183Z,24.40758,0.0,0.0,0.0,0.0,2025-09-21 08:52:25.183,25.834444444444
Yeast Grow 4 Days,pioreactor02,2025-09-21T06:52:31.908Z,24.34508,0.0,0.0,0.0,0.0,2025-09-21 08:52:31.908,25.836111111111
Yeast Grow 4 Days,pioreactor02,2025-09-21T06:52:54.908Z,24.37558,0.0,0.0,0.0,0.0,2025-09-21 08:52:54.908,25.8425
Yeast Grow 4 Days,pioreactor02,2025-09-21T06:53:17.908Z,24.33558,0.0,0.0,0.0,0.0,2025-09-21 08:53:17.908,25.848888888889
Yeast Grow 4 Days,pioreactor02,2025-09-21T06:53:40.908Z,24.31358,0.0,0.0,0.0,0.0,2025-09-21 08:53:40.908,25.855277777778
Yeast Grow 4 Days,pioreactor02,2025-09-21T06:54:03.908Z,24.28608,0.0,0.0,0.0,0.0,2025-09-21 08:54:03.908,25.861666666667
Yeast Grow 4 Days,pioreactor02,2025-09-21T06:54:16.610Z,24.28608,0.0,0.0,0.0,74.04,2025-09-21 08:54:16.610,25.865277777778
Yeast Grow 4 Days,pioreactor02,2025-09-21T06:54:16.652Z,24.28608,0.0,0.0,0.0,73.34,2025-09-21 08:54:16.652,25.865277777778
Yeast Grow 4 Days,pioreactor02,2025-09-21T06:54:26.908Z,24.37758,0.0,0.0,0.0,73.34,2025-09-21 08:54:26.908,25.868055555556
Yeast Grow 4 Days,pioreactor02,2025-09-21T06:54:49.908Z,24.39108,0.0,0.0,0.0,73.34,2025-09-21 08:54:49.908,25.874444444444
Yeast Grow 4 Days,pioreactor02,2025-09-21T06:55:12.908Z,24.36558,0.0,0.0,0.0,73.34,2025-09-21 08:55:12.908,25.880833333333
Yeast Grow 4 Days,pioreactor02,2025-09-21T06:55:35.908Z,24.36858,0.0,0.0,0.0,73.34,2025-09-21 08:55:35.908,25.887222222222
Yeast Grow 4 Days,pioreactor02,2025-09-21T06:55:45.183Z,24.36858,0.0,0.0,0.0,0.0,2025-09-21 08:55:45.183,25.89
Yeast Grow 4 Days,pioreactor02,2025-09-21T06:55:58.908Z,24.31158,0.0,0.0,0.0,0.0,2025-09-21 08:55:58.908,25.893611111111
Yeast Grow 4 Days,pioreactor02,2025-09-21T06:56:21.908Z,24.31208,0.0,0.0,0.0,0.0,2025-09-21 08:56:21.908,25.9
Yeast Grow 4 Days,pioreactor02,2025-09-21T06:56:44.908Z,24.26808,0.0,0.0,0.0,0.0,2025-09-21 08:56:44.908,25.906388888889
Yeast Grow 4 Days,pioreactor02,2025-09-21T06:57:07.908Z,24.32858,0.0,0.0,0.0,0.0,2025-09-21 08:57:07.908,25.912777777778
Yeast Grow 4 Days,pioreactor02,2025-09-21T06:57:30.908Z,24.37908,0.0,0.0,0.0,0.0,2025-09-21 08:57:30.908,25.919166666667
Yeast Grow 4 Days,pioreactor02,2025-09-21T06:57:36.609Z,24.37908,0.0,0.0,0.0,73.34,2025-09-21 08:57:36.609,25.920833333333
Yeast Grow 4 Days,pioreactor02,2025-09-21T06:57:36.652Z,24.37908,0.0,0.0,0.0,74.76,2025-09-21 08:57:36.652,25.920833333333
Yeast Grow 4 Days,pioreactor02,2025-09-21T06:57:53.908Z,24.76958,0.0,0.0,0.0,74.76,2025-09-21 08:57:53.908,25.925555555556
Yeast Grow 4 Days,pioreactor02,2025-09-21T06:58:16.908Z,24.68858,0.0,0.0,0.0,74.76,2025-09-21 08:58:16.908,25.931944444444
Yeast Grow 4 Days,pioreactor02,2025-09-21T06:58:39.908Z,24.60258,0.0,0.0,0.0,74.76,2025-09-21 08:58:39.908,25.938333333333
Yeast Grow 4 Days,pioreactor02,2025-09-21T06:59:02.908Z,24.52008,0.0,0.0,0.0,74.76,2025-09-21 08:59:02.908,25.944722222222
Yeast Grow 4 Days,pioreactor02,2025-09-21T06:59:05.183Z,24.52008,0.0,0.0,0.0,0.0,2025-09-21 08:59:05.183,25.945555555556
Yeast Grow 4 Days,pioreactor02,2025-09-21T06:59:25.908Z,24.41408,0.0,0.0,0.0,0.0,2025-09-21 08:59:25.908,25.951111111111
Yeast Grow 4 Days,pioreactor02,2025-09-21T06:59:48.908Z,24.71908,0.0,0.0,0.0,0.0,2025-09-21 08:59:48.908,25.9575
Yeast Grow 4 Days,pioreactor02,2025-09-21T07:00:11.912Z,24.59958,0.0,0.0,0.0,0.0,2025-09-21 09:00:11.912,25.963888888889
Yeast Grow 4 Days,pioreactor02,2025-09-21T07:00:34.908Z,24.50058,0.0,0.0,0.0,0.0,2025-09-21 09:00:34.908,25.970277777778
Yeast Grow 4 Days,pioreactor02,2025-09-21T07:00:56.609Z,24.50058,0.0,0.0,0.0,74.76,2025-09-21 09:00:56.609,25.976388888889
Yeast Grow 4 Days,pioreactor02,2025-09-21T07:00:56.652Z,24.50058,0.0,0.0,0.0,72.17,2025-09-21 09:00:56.652,25.976388888889
Yeast Grow 4 Days,pioreactor02,2025-09-21T07:00:57.908Z,24.45358,0.0,0.0,0.0,72.17,2025-09-21 09:00:57.908,25.976666666667
Yeast Grow 4 Days,pioreactor02,2025-09-21T07:01:20.908Z,24.41708,0.0,0.0,0.0,72.17,2025-09-21 09:01:20.908,25.983055555556
Yeast Grow 4 Days,pioreactor02,2025-09-21T07:01:43.912Z,24.38958,0.0,0.0,0.0,72.17,2025-09-21 09:01:43.912,25.989444444444
Yeast Grow 4 Days,pioreactor02,2025-09-21T07:02:06.908Z,24.38858,0.0,0.0,0.0,72.17,2025-09-21 09:02:06.908,25.995833333333
Yeast Grow 4 Days,pioreactor02,2025-09-21T07:02:25.183Z,24.38858,0.0,0.0,0.0,0.0,2025-09-21 09:02:25.183,26.001111111111
Yeast Grow 4 Days,pioreactor02,2025-09-21T07:02:29.908Z,24.74408,0.0,0.0,0.0,0.0,2025-09-21 09:02:29.908,26.002222222222
Yeast Grow 4 Days,pioreactor02,2025-09-21T07:02:52.908Z,24.61458,0.0,0.0,0.0,0.0,2025-09-21 09:02:52.908,26.008611111111
Yeast Grow 4 Days,pioreactor02,2025-09-21T07:03:15.908Z,24.49108,0.0,0.0,0.0,0.0,2025-09-21 09:03:15.908,26.015
Yeast Grow 4 Days,pioreactor02,2025-09-21T07:03:38.912Z,24.44758,0.0,0.0,0.0,0.0,2025-09-21 09:03:38.912,26.021388888889
Yeast Grow 4 Days,pioreactor02,2025-09-21T07:04:01.908Z,24.44158,0.0,0.0,0.0,0.0,2025-09-21 09:04:01.908,26.027777777778
Yeast Grow 4 Days,pioreactor02,2025-09-21T07:04:16.611Z,24.44158,0.0,0.0,0.0,72.17,2025-09-21 09:04:16.611,26.031944444444
Yeast Grow 4 Days,pioreactor02,2025-09-21T07:04:16.653Z,24.44158,0.0,0.0,0.0,70.69,2025-09-21 09:04:16.653,26.031944444444
Yeast Grow 4 Days,pioreactor02,2025-09-21T07:04:24.908Z,24.40458,0.0,0.0,0.0,70.69,2025-09-21 09:04:24.908,26.034166666667
Yeast Grow 4 Days,pioreactor02,2025-09-21T07:04:47.908Z,24.41158,0.0,0.0,0.0,70.69,2025-09-21 09:04:47.908,26.040555555556
Yeast Grow 4 Days,pioreactor02,2025-09-21T07:05:10.908Z,24.45858,0.0,0.0,0.0,70.69,2025-09-21 09:05:10.908,26.046944444444
Yeast Grow 4 Days,pioreactor02,2025-09-21T07:05:33.908Z,24.42358,0.0,0.0,0.0,70.69,2025-09-21 09:05:33.908,26.053333333333
Yeast Grow 4 Days,pioreactor02,2025-09-21T07:05:45.183Z,24.42358,0.0,0.0,0.0,0.0,2025-09-21 09:05:45.183,26.056666666667
Yeast Grow 4 Days,pioreactor02,2025-09-21T07:05:56.908Z,24.43458,0.0,0.0,0.0,0.0,2025-09-21 09:05:56.908,26.059722222222
Yeast Grow 4 Days,pioreactor02,2025-09-21T07:06:19.908Z,24.40558,0.0,0.0,0.0,0.0,2025-09-21 09:06:19.908,26.066111111111
Yeast Grow 4 Days,pioreactor02,2025-09-21T07:06:42.908Z,24.33058,0.0,0.0,0.0,0.0,2025-09-21 09:06:42.908,26.0725
Yeast Grow 4 Days,pioreactor02,2025-09-21T07:07:05.908Z,24.30908,0.0,0.0,0.0,0.0,2025-09-21 09:07:05.908,26.078888888889
Yeast Grow 4 Days,pioreactor02,2025-09-21T07:07:28.908Z,24.71458,0.0,0.0,0.0,0.0,2025-09-21 09:07:28.908,26.085277777778
Yeast Grow 4 Days,pioreactor02,2025-09-21T07:07:36.610Z,24.71458,0.0,0.0,0.0,70.69,2025-09-21 09:07:36.610,26.0875
Yeast Grow 4 Days,pioreactor02,2025-09-21T07:07:36.652Z,24.71458,0.0,0.0,0.0,70.38,2025-09-21 09:07:36.652,26.0875
Yeast Grow 4 Days,pioreactor02,2025-09-21T07:07:51.908Z,24.66558,0.0,0.0,0.0,70.38,2025-09-21 09:07:51.908,26.091666666667
Yeast Grow 4 Days,pioreactor02,2025-09-21T07:08:14.908Z,24.60108,0.0,0.0,0.0,70.38,2025-09-21 09:08:14.908,26.098055555556
Yeast Grow 4 Days,pioreactor02,2025-09-21T07:08:37.908Z,24.60008,0.0,0.0,0.0,70.38,2025-09-21 09:08:37.908,26.104444444444
Yeast Grow 4 Days,pioreactor02,2025-09-21T07:09:00.908Z,24.61558,0.0,0.0,0.0,70.38,2025-09-21 09:09:00.908,26.110833333333
Yeast Grow 4 Days,pioreactor02,2025-09-21T07:09:05.183Z,24.61558,0.0,0.0,0.0,0.0,2025-09-21 09:09:05.183,26.112222222222
Yeast Grow 4 Days,pioreactor02,2025-09-21T07:09:23.908Z,24.52158,0.0,0.0,0.0,0.0,2025-09-21 09:09:23.908,26.117222222222
Yeast Grow 4 Days,pioreactor02,2025-09-21T07:09:46.908Z,24.49358,0.0,0.0,0.0,0.0,2025-09-21 09:09:46.908,26.123611111111
Yeast Grow 4 Days,pioreactor02,2025-09-21T07:10:09.908Z,24.50858,0.0,0.0,0.0,0.0,2025-09-21 09:10:09.908,26.13
Yeast Grow 4 Days,pioreactor02,2025-09-21T07:10:32.908Z,24.41458,0.0,0.0,0.0,0.0,2025-09-21 09:10:32.908,26.136388888889
Yeast Grow 4 Days,pioreactor02,2025-09-21T07:10:55.908Z,24.37608,0.0,0.0,0.0,0.0,2025-09-21 09:10:55.908,26.142777777778
Yeast Grow 4 Days,pioreactor02,2025-09-21T07:10:56.609Z,24.37608,0.0,0.0,0.0,70.38,2025-09-21 09:10:56.609,26.143055555556
Yeast Grow 4 Days,pioreactor02,2025-09-21T07:10:56.652Z,24.37608,0.0,0.0,0.0,71.13,2025-09-21 09:10:56.652,26.143055555556
Yeast Grow 4 Days,pioreactor02,2025-09-21T07:11:18.908Z,24.37808,0.0,0.0,0.0,71.13,2025-09-21 09:11:18.908,26.149166666667
Yeast Grow 4 Days,pioreactor02,2025-09-21T07:11:41.908Z,24.38808,0.0,0.0,0.0,71.13,2025-09-21 09:11:41.908,26.155555555556
Yeast Grow 4 Days,pioreactor02,2025-09-21T07:12:04.908Z,24.38658,0.0,0.0,0.0,71.13,2025-09-21 09:12:04.908,26.161944444444
Yeast Grow 4 Days,pioreactor02,2025-09-21T07:12:25.183Z,24.38658,0.0,0.0,0.0,0.0,2025-09-21 09:12:25.183,26.167777777778
Yeast Grow 4 Days,pioreactor02,2025-09-21T07:12:27.908Z,24.33258,0.0,0.0,0.0,0.0,2025-09-21 09:12:27.908,26.168333333333
Yeast Grow 4 Days,pioreactor02,2025-09-21T07:12:50.908Z,24.29958,0.0,0.0,0.0,0.0,2025-09-21 09:12:50.908,26.174722222222
Yeast Grow 4 Days,pioreactor02,2025-09-21T07:13:13.908Z,24.25708,0.0,0.0,0.0,0.0,2025-09-21 09:13:13.908,26.181111111111
Yeast Grow 4 Days,pioreactor02,2025-09-21T07:13:36.908Z,24.40258,0.0,0.0,0.0,0.0,2025-09-21 09:13:36.908,26.1875
Yeast Grow 4 Days,pioreactor02,2025-09-21T07:13:59.908Z,24.47808,0.0,0.0,0.0,0.0,2025-09-21 09:13:59.908,26.193888888889
Yeast Grow 4 Days,pioreactor02,2025-09-21T07:14:16.610Z,24.47808,0.0,0.0,0.0,71.13,2025-09-21 09:14:16.610,26.198611111111
Yeast Grow 4 Days,pioreactor02,2025-09-21T07:14:16.652Z,24.47808,0.0,0.0,0.0,71.39,2025-09-21 09:14:16.652,26.198611111111
Yeast Grow 4 Days,pioreactor02,2025-09-21T07:14:22.908Z,24.54008,0.0,0.0,0.0,71.39,2025-09-21 09:14:22.908,26.200277777778
Yeast Grow 4 Days,pioreactor02,2025-09-21T07:14:45.908Z,24.57508,0.0,0.0,0.0,71.39,2025-09-21 09:14:45.908,26.206666666667
Yeast Grow 4 Days,pioreactor02,2025-09-21T07:15:08.908Z,24.57208,0.0,0.0,0.0,71.39,2025-09-21 09:15:08.908,26.213055555556
Yeast Grow 4 Days,pioreactor02,2025-09-21T07:15:31.908Z,24.56858,0.0,0.0,0.0,71.39,2025-09-21 09:15:31.908,26.219444444444
Yeast Grow 4 Days,pioreactor02,2025-09-21T07:15:45.183Z,24.56858,0.0,0.0,0.0,0.0,2025-09-21 09:15:45.183,26.223333333333
Yeast Grow 4 Days,pioreactor02,2025-09-21T07:15:54.908Z,24.47208,0.0,0.0,0.0,0.0,2025-09-21 09:15:54.908,26.225833333333
Yeast Grow 4 Days,pioreactor02,2025-09-21T07:16:17.908Z,24.45008,0.0,0.0,0.0,0.0,2025-09-21 09:16:17.908,26.232222222222
Yeast Grow 4 Days,pioreactor02,2025-09-21T07:16:40.908Z,24.33008,0.0,0.0,0.0,0.0,2025-09-21 09:16:40.908,26.238611111111
Yeast Grow 4 Days,pioreactor02,2025-09-21T07:17:03.908Z,24.29308,0.0,0.0,0.0,0.0,2025-09-21 09:17:03.908,26.245
Yeast Grow 4 Days,pioreactor02,2025-09-21T07:17:26.908Z,24.64508,0.0,0.0,0.0,0.0,2025-09-21 09:17:26.908,26.251388888889
Yeast Grow 4 Days,pioreactor02,2025-09-21T07:17:36.609Z,24.64508,0.0,0.0,0.0,71.39,2025-09-21 09:17:36.609,26.254166666667
Yeast Grow 4 Days,pioreactor02,2025-09-21T07:17:36.652Z,24.64508,0.0,0.0,0.0,72.8,2025-09-21 09:17:36.652,26.254166666667
Yeast Grow 4 Days,pioreactor02,2025-09-21T07:17:49.908Z,24.69608,0.0,0.0,0.0,72.8,2025-09-21 09:17:49.908,26.257777777778
Yeast Grow 4 Days,pioreactor02,2025-09-21T07:18:12.908Z,24.63608,0.0,0.0,0.0,72.8,2025-09-21 09:18:12.908,26.264166666667
Yeast Grow 4 Days,pioreactor02,2025-09-21T07:18:35.908Z,24.59408,0.0,0.0,0.0,72.8,2025-09-21 09:18:35.908,26.270555555556
Yeast Grow 4 Days,pioreactor02,2025-09-21T07:18:58.908Z,24.61858,0.0,0.0,0.0,72.8,2025-09-21 09:18:58.908,26.276944444444
Yeast Grow 4 Days,pioreactor02,2025-09-21T07:19:05.183Z,24.61858,0.0,0.0,0.0,0.0,2025-09-21 09:19:05.183,26.278888888889
Yeast Grow 4 Days,pioreactor02,2025-09-21T07:19:21.908Z,24.57558,0.0,0.0,0.0,0.0,2025-09-21 09:19:21.908,26.283333333333
Yeast Grow 4 Days,pioreactor02,2025-09-21T07:19:44.908Z,24.59058,0.0,0.0,0.0,0.0,2025-09-21 09:19:44.908,26.289722222222
Yeast Grow 4 Days,pioreactor02,2025-09-21T07:20:07.908Z,24.50458,0.0,0.0,0.0,0.0,2025-09-21 09:20:07.908,26.296111111111
Yeast Grow 4 Days,pioreactor02,2025-09-21T07:20:30.908Z,24.40808,0.0,0.0,0.0,0.0,2025-09-21 09:20:30.908,26.3025
Yeast Grow 4 Days,pioreactor02,2025-09-21T07:20:53.908Z,24.36858,0.0,0.0,0.0,0.0,2025-09-21 09:20:53.908,26.308888888889
Yeast Grow 4 Days,pioreactor02,2025-09-21T07:20:56.609Z,24.36858,0.0,0.0,0.0,72.8,2025-09-21 09:20:56.609,26.309722222222
Yeast Grow 4 Days,pioreactor02,2025-09-21T07:20:56.653Z,24.36858,0.0,0.0,0.0,72.81,2025-09-21 09:20:56.653,26.309722222222
Yeast Grow 4 Days,pioreactor02,2025-09-21T07:21:16.908Z,24.34108,0.0,0.0,0.0,72.81,2025-09-21 09:21:16.908,26.315277777778
Yeast Grow 4 Days,pioreactor02,2025-09-21T07:21:39.908Z,24.32458,0.0,0.0,0.0,72.81,2025-09-21 09:21:39.908,26.321666666667
Yeast Grow 4 Days,pioreactor02,2025-09-21T07:22:02.908Z,24.32558,0.0,0.0,0.0,72.81,2025-09-21 09:22:02.908,26.328055555556
Yeast Grow 4 Days,pioreactor02,2025-09-21T07:22:25.183Z,24.32558,0.0,0.0,0.0,0.0,2025-09-21 09:22:25.183,26.334444444444
Yeast Grow 4 Days,pioreactor02,2025-09-21T07:22:25.908Z,24.32808,0.0,0.0,0.0,0.0,2025-09-21 09:22:25.908,26.334444444444
Yeast Grow 4 Days,pioreactor02,2025-09-21T07:22:48.908Z,24.28058,0.0,0.0,0.0,0.0,2025-09-21 09:22:48.908,26.340833333333
Yeast Grow 4 Days,pioreactor02,2025-09-21T07:23:11.908Z,24.26258,0.0,0.0,0.0,0.0,2025-09-21 09:23:11.908,26.347222222222
Yeast Grow 4 Days,pioreactor02,2025-09-21T07:23:34.908Z,24.29858,0.0,0.0,0.0,0.0,2025-09-21 09:23:34.908,26.353611111111
Yeast Grow 4 Days,pioreactor02,2025-09-21T07:23:57.908Z,24.29858,0.0,0.0,0.0,0.0,2025-09-21 09:23:57.908,26.36
Yeast Grow 4 Days,pioreactor02,2025-09-21T07:24:16.610Z,24.29858,0.0,0.0,0.0,72.81,2025-09-21 09:24:16.610,26.365277777778
Yeast Grow 4 Days,pioreactor02,2025-09-21T07:24:16.652Z,24.29858,0.0,0.0,0.0,72.52,2025-09-21 09:24:16.652,26.365277777778
Yeast Grow 4 Days,pioreactor02,2025-09-21T07:24:20.908Z,24.33758,0.0,0.0,0.0,72.52,2025-09-21 09:24:20.908,26.366388888889
Yeast Grow 4 Days,pioreactor02,2025-09-21T07:24:43.908Z,24.71258,0.0,0.0,0.0,72.52,2025-09-21 09:24:43.908,26.372777777778
Yeast Grow 4 Days,pioreactor02,2025-09-21T07:25:06.908Z,24.67008,0.0,0.0,0.0,72.52,2025-09-21 09:25:06.908,26.379166666667
Yeast Grow 4 Days,pioreactor02,2025-09-21T07:25:29.908Z,24.62558,0.0,0.0,0.0,72.52,2025-09-21 09:25:29.908,26.385555555556
Yeast Grow 4 Days,pioreactor02,2025-09-21T07:25:45.183Z,24.62558,0.0,0.0,0.0,0.0,2025-09-21 09:25:45.183,26.39
Yeast Grow 4 Days,pioreactor02,2025-09-21T07:25:52.908Z,24.51208,0.0,0.0,0.0,0.0,2025-09-21 09:25:52.908,26.391944444444
Yeast Grow 4 Days,pioreactor02,2025-09-21T07:26:15.908Z,24.40358,0.0,0.0,0.0,0.0,2025-09-21 09:26:15.908,26.398333333333
Yeast Grow 4 Days,pioreactor02,2025-09-21T07:26:38.912Z,24.41408,0.0,0.0,0.0,0.0,2025-09-21 09:26:38.912,26.404722222222
Yeast Grow 4 Days,pioreactor02,2025-09-21T07:27:01.908Z,24.35608,0.0,0.0,0.0,0.0,2025-09-21 09:27:01.908,26.411111111111
Yeast Grow 4 Days,pioreactor02,2025-09-21T07:27:24.908Z,24.27308,0.0,0.0,0.0,0.0,2025-09-21 09:27:24.908,26.4175
Yeast Grow 4 Days,pioreactor02,2025-09-21T07:27:36.608Z,24.27308,0.0,0.0,0.0,72.52,2025-09-21 09:27:36.608,26.420833333333
Yeast Grow 4 Days,pioreactor02,2025-09-21T07:27:36.652Z,24.27308,0.0,0.0,0.0,73.68,2025-09-21 09:27:36.652,26.420833333333
Yeast Grow 4 Days,pioreactor02,2025-09-21T07:27:47.908Z,24.35608,0.0,0.0,0.0,73.68,2025-09-21 09:27:47.908,26.423888888889
Yeast Grow 4 Days,pioreactor02,2025-09-21T07:28:10.908Z,24.42458,0.0,0.0,0.0,73.68,2025-09-21 09:28:10.908,26.430277777778
Yeast Grow 4 Days,pioreactor02,2025-09-21T07:28:33.912Z,24.47658,0.0,0.0,0.0,73.68,2025-09-21 09:28:33.912,26.436666666667
Yeast Grow 4 Days,pioreactor02,2025-09-21T07:28:56.908Z,24.49658,0.0,0.0,0.0,73.68,2025-09-21 09:28:56.908,26.443055555556
Yeast Grow 4 Days,pioreactor02,2025-09-21T07:29:05.183Z,24.49658,0.0,0.0,0.0,0.0,2025-09-21 09:29:05.183,26.445555555556
Yeast Grow 4 Days,pioreactor02,2025-09-21T07:29:19.908Z,24.43708,0.0,0.0,0.0,0.0,2025-09-21 09:29:19.908,26.449444444444
Yeast Grow 4 Days,pioreactor02,2025-09-21T07:29:42.908Z,24.40408,0.0,0.0,0.0,0.0,2025-09-21 09:29:42.908,26.455833333333
Yeast Grow 4 Days,pioreactor02,2025-09-21T07:30:05.908Z,24.35858,0.0,0.0,0.0,0.0,2025-09-21 09:30:05.908,26.462222222222
Yeast Grow 4 Days,pioreactor02,2025-09-21T07:30:28.908Z,24.32808,0.0,0.0,0.0,0.0,2025-09-21 09:30:28.908,26.468611111111
Yeast Grow 4 Days,pioreactor02,2025-09-21T07:30:51.908Z,24.72358,0.0,0.0,0.0,0.0,2025-09-21 09:30:51.908,26.475
Yeast Grow 4 Days,pioreactor02,2025-09-21T07:30:56.609Z,24.72358,0.0,0.0,0.0,73.68,2025-09-21 09:30:56.609,26.476388888889
Yeast Grow 4 Days,pioreactor02,2025-09-21T07:30:56.653Z,24.72358,0.0,0.0,0.0,71.84,2025-09-21 09:30:56.653,26.476388888889
Yeast Grow 4 Days,pioreactor02,2025-09-21T07:31:14.908Z,24.63608,0.0,0.0,0.0,71.84,2025-09-21 09:31:14.908,26.481388888889
Yeast Grow 4 Days,pioreactor02,2025-09-21T07:31:37.908Z,24.58208,0.0,0.0,0.0,71.84,2025-09-21 09:31:37.908,26.487777777778
Yeast Grow 4 Days,pioreactor02,2025-09-21T07:32:00.908Z,24.49608,0.0,0.0,0.0,71.84,2025-09-21 09:32:00.908,26.494166666667
Yeast Grow 4 Days,pioreactor02,2025-09-21T07:32:23.908Z,24.47258,0.0,0.0,0.0,71.84,2025-09-21 09:32:23.908,26.500555555556
Yeast Grow 4 Days,pioreactor02,2025-09-21T07:32:25.183Z,24.47258,0.0,0.0,0.0,0.0,2025-09-21 09:32:25.183,26.501111111111
Yeast Grow 4 Days,pioreactor02,2025-09-21T07:32:46.908Z,24.35708,0.0,0.0,0.0,0.0,2025-09-21 09:32:46.908,26.506944444444
Yeast Grow 4 Days,pioreactor02,2025-09-21T07:33:09.908Z,24.34758,0.0,0.0,0.0,0.0,2025-09-21 09:33:09.908,26.513333333333
Yeast Grow 4 Days,pioreactor02,2025-09-21T07:33:32.908Z,24.28858,0.0,0.0,0.0,0.0,2025-09-21 09:33:32.908,26.519722222222
Yeast Grow 4 Days,pioreactor02,2025-09-21T07:33:55.908Z,24.30008,0.0,0.0,0.0,0.0,2025-09-21 09:33:55.908,26.526111111111
Yeast Grow 4 Days,pioreactor02,2025-09-21T07:34:16.610Z,24.30008,0.0,0.0,0.0,71.84,2025-09-21 09:34:16.610,26.531944444444
Yeast Grow 4 Days,pioreactor02,2025-09-21T07:34:16.653Z,24.30008,0.0,0.0,0.0,71.84,2025-09-21 09:34:16.653,26.531944444444
Yeast Grow 4 Days,pioreactor02,2025-09-21T07:34:18.908Z,24.33958,0.0,0.0,0.0,71.84,2025-09-21 09:34:18.908,26.5325
Yeast Grow 4 Days,pioreactor02,2025-09-21T07:34:41.908Z,24.35308,0.0,0.0,0.0,71.84,2025-09-21 09:34:41.908,26.538888888889
Yeast Grow 4 Days,pioreactor02,2025-09-21T07:35:04.908Z,24.38958,0.0,0.0,0.0,71.84,2025-09-21 09:35:04.908,26.545277777778
Yeast Grow 4 Days,pioreactor02,2025-09-21T07:35:27.908Z,24.49008,0.0,0.0,0.0,71.84,2025-09-21 09:35:27.908,26.551666666667
Yeast Grow 4 Days,pioreactor02,2025-09-21T07:35:45.183Z,24.49008,0.0,0.0,0.0,0.0,2025-09-21 09:35:45.183,26.556666666667
Yeast Grow 4 Days,pioreactor02,2025-09-21T07:35:50.908Z,24.43308,0.0,0.0,0.0,0.0,2025-09-21 09:35:50.908,26.558055555556
Yeast Grow 4 Days,pioreactor02,2025-09-21T07:36:13.912Z,24.39008,0.0,0.0,0.0,0.0,2025-09-21 09:36:13.912,26.564444444444
Yeast Grow 4 Days,pioreactor02,2025-09-21T07:36:36.908Z,24.38008,0.0,0.0,0.0,0.0,2025-09-21 09:36:36.908,26.570833333333
Yeast Grow 4 Days,pioreactor02,2025-09-21T07:36:59.908Z,24.28858,0.0,0.0,0.0,0.0,2025-09-21 09:36:59.908,26.577222222222
Yeast Grow 4 Days,pioreactor02,2025-09-21T07:37:22.912Z,24.30158,0.0,0.0,0.0,0.0,2025-09-21 09:37:22.912,26.583611111111
Yeast Grow 4 Days,pioreactor02,2025-09-21T07:37:36.611Z,24.30158,0.0,0.0,0.0,71.84,2025-09-21 09:37:36.611,26.5875
Yeast Grow 4 Days,pioreactor02,2025-09-21T07:37:36.652Z,24.30158,0.0,0.0,0.0,72.47,2025-09-21 09:37:36.652,26.5875
Yeast Grow 4 Days,pioreactor02,2025-09-21T07:37:45.908Z,24.34008,0.0,0.0,0.0,72.47,2025-09-21 09:37:45.908,26.59
Yeast Grow 4 Days,pioreactor02,2025-09-21T07:38:08.908Z,24.32658,0.0,0.0,0.0,72.47,2025-09-21 09:38:08.908,26.596388888889
Yeast Grow 4 Days,pioreactor02,2025-09-21T07:38:31.912Z,24.34858,0.0,0.0,0.0,72.47,2025-09-21 09:38:31.912,26.602777777778
Yeast Grow 4 Days,pioreactor02,2025-09-21T07:38:54.908Z,24.41008,0.0,0.0,0.0,72.47,2025-09-21 09:38:54.908,26.609166666667
Yeast Grow 4 Days,pioreactor02,2025-09-21T07:39:05.183Z,24.41008,0.0,0.0,0.0,0.0,2025-09-21 09:39:05.183,26.612222222222
Yeast Grow 4 Days,pioreactor02,2025-09-21T07:39:17.908Z,24.35858,0.0,0.0,0.0,0.0,2025-09-21 09:39:17.908,26.615555555556
Yeast Grow 4 Days,pioreactor02,2025-09-21T07:39:40.908Z,24.33858,0.0,0.0,0.0,0.0,2025-09-21 09:39:40.908,26.621944444444
Yeast Grow 4 Days,pioreactor02,2025-09-21T07:40:03.908Z,24.28908,0.0,0.0,0.0,0.0,2025-09-21 09:40:03.908,26.628333333333
Yeast Grow 4 Days,pioreactor02,2025-09-21T07:40:26.908Z,24.33658,0.0,0.0,0.0,0.0,2025-09-21 09:40:26.908,26.634722222222
Yeast Grow 4 Days,pioreactor02,2025-09-21T07:40:49.908Z,24.29708,0.0,0.0,0.0,0.0,2025-09-21 09:40:49.908,26.641111111111
Yeast Grow 4 Days,pioreactor02,2025-09-21T07:40:56.609Z,24.29708,0.0,0.0,0.0,72.47,2025-09-21 09:40:56.609,26.643055555556
Yeast Grow 4 Days,pioreactor02,2025-09-21T07:40:56.652Z,24.29708,0.0,0.0,0.0,72.76,2025-09-21 09:40:56.652,26.643055555556
Yeast Grow 4 Days,pioreactor02,2025-09-21T07:41:12.908Z,24.35008,0.0,0.0,0.0,72.76,2025-09-21 09:41:12.908,26.6475
Yeast Grow 4 Days,pioreactor02,2025-09-21T07:41:35.908Z,24.35658,0.0,0.0,0.0,72.76,2025-09-21 09:41:35.908,26.653888888889
Yeast Grow 4 Days,pioreactor02,2025-09-21T07:41:58.908Z,24.37508,0.0,0.0,0.0,72.76,2025-09-21 09:41:58.908,26.660277777778
Yeast Grow 4 Days,pioreactor02,2025-09-21T07:42:21.908Z,24.35658,0.0,0.0,0.0,72.76,2025-09-21 09:42:21.908,26.666666666667
Yeast Grow 4 Days,pioreactor02,2025-09-21T07:42:25.184Z,24.35658,0.0,0.0,0.0,0.0,2025-09-21 09:42:25.184,26.667777777778
Yeast Grow 4 Days,pioreactor02,2025-09-21T07:42:44.908Z,24.30308,0.0,0.0,0.0,0.0,2025-09-21 09:42:44.908,26.673055555556
Yeast Grow 4 Days,pioreactor02,2025-09-21T07:43:07.908Z,24.24958,0.0,0.0,0.0,0.0,2025-09-21 09:43:07.908,26.679444444444
Yeast Grow 4 Days,pioreactor02,2025-09-21T07:43:30.908Z,24.24908,0.0,0.0,0.0,0.0,2025-09-21 09:43:30.908,26.685833333333
Yeast Grow 4 Days,pioreactor02,2025-09-21T07:43:53.908Z,24.31358,0.0,0.0,0.0,0.0,2025-09-21 09:43:53.908,26.692222222222
Yeast Grow 4 Days,pioreactor02,2025-09-21T07:44:16.609Z,24.31358,0.0,0.0,0.0,72.76,2025-09-21 09:44:16.609,26.698611111111
Yeast Grow 4 Days,pioreactor02,2025-09-21T07:44:16.653Z,24.31358,0.0,0.0,0.0,73.78,2025-09-21 09:44:16.653,26.698611111111
Yeast Grow 4 Days,pioreactor02,2025-09-21T07:44:16.908Z,24.31408,0.0,0.0,0.0,73.78,2025-09-21 09:44:16.908,26.698611111111
Yeast Grow 4 Days,pioreactor02,2025-09-21T07:44:39.908Z,24.33858,0.0,0.0,0.0,73.78,2025-09-21 09:44:39.908,26.705
Yeast Grow 4 Days,pioreactor02,2025-09-21T07:45:02.908Z,24.72858,0.0,0.0,0.0,73.78,2025-09-21 09:45:02.908,26.711388888889
Yeast Grow 4 Days,pioreactor02,2025-09-21T07:45:25.908Z,25.02958,0.0,0.0,0.0,73.78,2025-09-21 09:45:25.908,26.717777777778
Yeast Grow 4 Days,pioreactor02,2025-09-21T07:45:45.183Z,25.02958,0.0,0.0,0.0,0.0,2025-09-21 09:45:45.183,26.723333333333
Yeast Grow 4 Days,pioreactor02,2025-09-21T07:45:48.908Z,24.88608,0.0,0.0,0.0,0.0,2025-09-21 09:45:48.908,26.724166666667
Yeast Grow 4 Days,pioreactor02,2025-09-21T07:46:11.912Z,24.73058,0.0,0.0,0.0,0.0,2025-09-21 09:46:11.912,26.730555555556
Yeast Grow 4 Days,pioreactor02,2025-09-21T07:46:34.908Z,24.64758,0.0,0.0,0.0,0.0,2025-09-21 09:46:34.908,26.736944444444
Yeast Grow 4 Days,pioreactor02,2025-09-21T07:46:57.908Z,24.62958,0.0,0.0,0.0,0.0,2025-09-21 09:46:57.908,26.743333333333
Yeast Grow 4 Days,pioreactor02,2025-09-21T07:47:20.908Z,24.52258,0.0,0.0,0.0,0.0,2025-09-21 09:47:20.908,26.749722222222
Yeast Grow 4 Days,pioreactor02,2025-09-21T07:47:36.609Z,24.52258,0.0,0.0,0.0,73.78,2025-09-21 09:47:36.609,26.754166666667
Yeast Grow 4 Days,pioreactor02,2025-09-21T07:47:36.652Z,24.52258,0.0,0.0,0.0,74.39,2025-09-21 09:47:36.652,26.754166666667
Yeast Grow 4 Days,pioreactor02,2025-09-21T07:47:43.908Z,24.54358,0.0,0.0,0.0,74.39,2025-09-21 09:47:43.908,26.756111111111
Yeast Grow 4 Days,pioreactor02,2025-09-21T07:48:06.908Z,24.48458,0.0,0.0,0.0,74.39,2025-09-21 09:48:06.908,26.7625
Yeast Grow 4 Days,pioreactor02,2025-09-21T07:48:29.908Z,24.46808,0.0,0.0,0.0,74.39,2025-09-21 09:48:29.908,26.768888888889
Yeast Grow 4 Days,pioreactor02,2025-09-21T07:48:52.908Z,24.53858,0.0,0.0,0.0,74.39,2025-09-21 09:48:52.908,26.775277777778
Yeast Grow 4 Days,pioreactor02,2025-09-21T07:49:05.183Z,24.53858,0.0,0.0,0.0,0.0,2025-09-21 09:49:05.183,26.778888888889
Yeast Grow 4 Days,pioreactor02,2025-09-21T07:49:15.908Z,24.44008,0.0,0.0,0.0,0.0,2025-09-21 09:49:15.908,26.781666666667
Yeast Grow 4 Days,pioreactor02,2025-09-21T07:49:38.908Z,24.48508,0.0,0.0,0.0,0.0,2025-09-21 09:49:38.908,26.788055555556
Yeast Grow 4 Days,pioreactor02,2025-09-21T07:50:01.908Z,24.55458,0.0,0.0,0.0,0.0,2025-09-21 09:50:01.908,26.794444444444
Yeast Grow 4 Days,pioreactor02,2025-09-21T07:50:24.908Z,24.46858,0.0,0.0,0.0,0.0,2025-09-21 09:50:24.908,26.800833333333
Yeast Grow 4 Days,pioreactor02,2025-09-21T07:50:47.908Z,24.41658,0.0,0.0,0.0,0.0,2025-09-21 09:50:47.908,26.807222222222
Yeast Grow 4 Days,pioreactor02,2025-09-21T07:50:56.610Z,24.41658,0.0,0.0,0.0,74.39,2025-09-21 09:50:56.610,26.809722222222
Yeast Grow 4 Days,pioreactor02,2025-09-21T07:50:56.652Z,24.41658,0.0,0.0,0.0,74.62,2025-09-21 09:50:56.652,26.809722222222
Yeast Grow 4 Days,pioreactor02,2025-09-21T07:51:10.908Z,24.48708,0.0,0.0,0.0,74.62,2025-09-21 09:51:10.908,26.813611111111
Yeast Grow 4 Days,pioreactor02,2025-09-21T07:51:33.908Z,24.47508,0.0,0.0,0.0,74.62,2025-09-21 09:51:33.908,26.82
Yeast Grow 4 Days,pioreactor02,2025-09-21T07:51:56.908Z,24.46908,0.0,0.0,0.0,74.62,2025-09-21 09:51:56.908,26.826388888889
Yeast Grow 4 Days,pioreactor02,2025-09-21T07:52:19.908Z,24.49008,0.0,0.0,0.0,74.62,2025-09-21 09:52:19.908,26.832777777778
Yeast Grow 4 Days,pioreactor02,2025-09-21T07:52:25.183Z,24.49008,0.0,0.0,0.0,0.0,2025-09-21 09:52:25.183,26.834444444444
Yeast Grow 4 Days,pioreactor02,2025-09-21T07:52:42.912Z,24.44108,0.0,0.0,0.0,0.0,2025-09-21 09:52:42.912,26.839166666667
Yeast Grow 4 Days,pioreactor02,2025-09-21T07:53:05.908Z,24.41708,0.0,0.0,0.0,0.0,2025-09-21 09:53:05.908,26.845555555556
Yeast Grow 4 Days,pioreactor02,2025-09-21T07:53:28.908Z,24.37408,0.0,0.0,0.0,0.0,2025-09-21 09:53:28.908,26.851944444444
Yeast Grow 4 Days,pioreactor02,2025-09-21T07:53:51.908Z,24.39358,0.0,0.0,0.0,0.0,2025-09-21 09:53:51.908,26.858333333333
Yeast Grow 4 Days,pioreactor02,2025-09-21T07:54:14.908Z,24.31858,0.0,0.0,0.0,0.0,2025-09-21 09:54:14.908,26.864722222222
Yeast Grow 4 Days,pioreactor02,2025-09-21T07:54:16.609Z,24.31858,0.0,0.0,0.0,74.62,2025-09-21 09:54:16.609,26.865277777778
Yeast Grow 4 Days,pioreactor02,2025-09-21T07:54:16.652Z,24.31858,0.0,0.0,0.0,75.83,2025-09-21 09:54:16.652,26.865277777778
Yeast Grow 4 Days,pioreactor02,2025-09-21T07:54:37.908Z,24.30958,0.0,0.0,0.0,75.83,2025-09-21 09:54:37.908,26.871111111111
Yeast Grow 4 Days,pioreactor02,2025-09-21T07:55:00.908Z,24.32408,0.0,0.0,0.0,75.83,2025-09-21 09:55:00.908,26.8775
Yeast Grow 4 Days,pioreactor02,2025-09-21T07:55:23.908Z,24.40708,0.0,0.0,0.0,75.83,2025-09-21 09:55:23.908,26.883888888889
Yeast Grow 4 Days,pioreactor02,2025-09-21T07:55:45.183Z,24.40708,0.0,0.0,0.0,0.0,2025-09-21 09:55:45.183,26.89
Yeast Grow 4 Days,pioreactor02,2025-09-21T07:55:46.908Z,24.38508,0.0,0.0,0.0,0.0,2025-09-21 09:55:46.908,26.890277777778
Yeast Grow 4 Days,pioreactor02,2025-09-21T07:56:09.908Z,24.35858,0.0,0.0,0.0,0.0,2025-09-21 09:56:09.908,26.896666666667
Yeast Grow 4 Days,pioreactor02,2025-09-21T07:56:32.908Z,24.41708,0.0,0.0,0.0,0.0,2025-09-21 09:56:32.908,26.903055555556
Yeast Grow 4 Days,pioreactor02,2025-09-21T07:56:55.908Z,24.38808,0.0,0.0,0.0,0.0,2025-09-21 09:56:55.908,26.909444444444
Yeast Grow 4 Days,pioreactor02,2025-09-21T07:57:18.908Z,24.33858,0.0,0.0,0.0,0.0,2025-09-21 09:57:18.908,26.915833333333
Yeast Grow 4 Days,pioreactor02,2025-09-21T07:57:36.609Z,24.33858,0.0,0.0,0.0,75.83,2025-09-21 09:57:36.609,26.920833333333
Yeast Grow 4 Days,pioreactor02,2025-09-21T07:57:36.652Z,24.33858,0.0,0.0,0.0,76.89,2025-09-21 09:57:36.652,26.920833333333
Yeast Grow 4 Days,pioreactor02,2025-09-21T07:57:41.908Z,24.33308,0.0,0.0,0.0,76.89,2025-09-21 09:57:41.908,26.922222222222
Yeast Grow 4 Days,pioreactor02,2025-09-21T07:58:04.908Z,24.31808,0.0,0.0,0.0,76.89,2025-09-21 09:58:04.908,26.928611111111
Yeast Grow 4 Days,pioreactor02,2025-09-21T07:58:27.908Z,24.35308,0.0,0.0,0.0,76.89,2025-09-21 09:58:27.908,26.935
Yeast Grow 4 Days,pioreactor02,2025-09-21T07:58:50.912Z,24.34758,0.0,0.0,0.0,76.89,2025-09-21 09:58:50.912,26.941388888889
Yeast Grow 4 Days,pioreactor02,2025-09-21T07:59:05.183Z,24.34758,0.0,0.0,0.0,0.0,2025-09-21 09:59:05.183,26.945555555556
Yeast Grow 4 Days,pioreactor02,2025-09-21T07:59:13.908Z,24.35258,0.0,0.0,0.0,0.0,2025-09-21 09:59:13.908,26.947777777778
Yeast Grow 4 Days,pioreactor02,2025-09-21T07:59:36.908Z,24.27708,0.0,0.0,0.0,0.0,2025-09-21 09:59:36.908,26.954166666667
Yeast Grow 4 Days,pioreactor02,2025-09-21T07:59:59.908Z,24.24058,0.0,0.0,0.0,0.0,2025-09-21 09:59:59.908,26.960555555556
Yeast Grow 4 Days,pioreactor02,2025-09-21T08:00:22.908Z,24.23958,0.0,0.0,0.0,0.0,2025-09-21 10:00:22.908,26.966944444444
Yeast Grow 4 Days,pioreactor02,2025-09-21T08:00:45.908Z,24.26908,0.0,0.0,0.0,0.0,2025-09-21 10:00:45.908,26.973333333333
Yeast Grow 4 Days,pioreactor02,2025-09-21T08:00:56.609Z,24.26908,0.0,0.0,0.0,76.89,2025-09-21 10:00:56.609,26.976388888889
Yeast Grow 4 Days,pioreactor02,2025-09-21T08:00:56.652Z,24.26908,0.0,0.0,0.0,74.41,2025-09-21 10:00:56.652,26.976388888889
Yeast Grow 4 Days,pioreactor02,2025-09-21T08:01:08.908Z,24.35558,0.0,0.0,0.0,74.41,2025-09-21 10:01:08.908,26.979722222222
Yeast Grow 4 Days,pioreactor02,2025-09-21T08:01:31.908Z,24.34008,0.0,0.0,0.0,74.41,2025-09-21 10:01:31.908,26.986111111111
Yeast Grow 4 Days,pioreactor02,2025-09-21T08:01:54.908Z,24.35858,0.0,0.0,0.0,74.41,2025-09-21 10:01:54.908,26.9925
Yeast Grow 4 Days,pioreactor02,2025-09-21T08:02:17.912Z,24.36058,0.0,0.0,0.0,74.41,2025-09-21 10:02:17.912,26.998888888889
Yeast Grow 4 Days,pioreactor02,2025-09-21T08:02:25.183Z,24.36058,0.0,0.0,0.0,0.0,2025-09-21 10:02:25.183,27.001111111111
Yeast Grow 4 Days,pioreactor02,2025-09-21T08:02:40.908Z,24.27158,0.0,0.0,0.0,0.0,2025-09-21 10:02:40.908,27.005277777778
Yeast Grow 4 Days,pioreactor02,2025-09-21T08:03:03.908Z,24.23958,0.0,0.0,0.0,0.0,2025-09-21 10:03:03.908,27.011666666667
Yeast Grow 4 Days,pioreactor02,2025-09-21T08:03:26.908Z,24.24708,0.0,0.0,0.0,0.0,2025-09-21 10:03:26.908,27.018055555556
Yeast Grow 4 Days,pioreactor02,2025-09-21T08:03:49.908Z,24.28958,0.0,0.0,0.0,0.0,2025-09-21 10:03:49.908,27.024444444444
Yeast Grow 4 Days,pioreactor02,2025-09-21T08:04:12.908Z,24.27408,0.0,0.0,0.0,0.0,2025-09-21 10:04:12.908,27.030833333333
Yeast Grow 4 Days,pioreactor02,2025-09-21T08:04:16.610Z,24.27408,0.0,0.0,0.0,74.41,2025-09-21 10:04:16.610,27.031944444444
Yeast Grow 4 Days,pioreactor02,2025-09-21T08:04:16.652Z,24.27408,0.0,0.0,0.0,75.13,2025-09-21 10:04:16.652,27.031944444444
Yeast Grow 4 Days,pioreactor02,2025-09-21T08:04:35.908Z,24.28658,0.0,0.0,0.0,75.13,2025-09-21 10:04:35.908,27.037222222222
Yeast Grow 4 Days,pioreactor02,2025-09-21T08:04:58.908Z,24.38508,0.0,0.0,0.0,75.13,2025-09-21 10:04:58.908,27.043611111111
Yeast Grow 4 Days,pioreactor02,2025-09-21T08:05:21.908Z,24.44958,0.0,0.0,0.0,75.13,2025-09-21 10:05:21.908,27.05
Yeast Grow 4 Days,pioreactor02,2025-09-21T08:05:44.908Z,24.41808,0.0,0.0,0.0,75.13,2025-09-21 10:05:44.908,27.056388888889
Yeast Grow 4 Days,pioreactor02,2025-09-21T08:05:45.183Z,24.41808,0.0,0.0,0.0,0.0,2025-09-21 10:05:45.183,27.056666666667
Yeast Grow 4 Days,pioreactor02,2025-09-21T08:06:07.908Z,24.47008,0.0,0.0,0.0,0.0,2025-09-21 10:06:07.908,27.062777777778
Yeast Grow 4 Days,pioreactor02,2025-09-21T08:06:30.908Z,24.43208,0.0,0.0,0.0,0.0,2025-09-21 10:06:30.908,27.069166666667
Yeast Grow 4 Days,pioreactor02,2025-09-21T08:06:53.908Z,24.37358,0.0,0.0,0.0,0.0,2025-09-21 10:06:53.908,27.075555555556
Yeast Grow 4 Days,pioreactor02,2025-09-21T08:07:16.908Z,24.31658,0.0,0.0,0.0,0.0,2025-09-21 10:07:16.908,27.081944444444
Yeast Grow 4 Days,pioreactor02,2025-09-21T08:07:36.609Z,24.31658,0.0,0.0,0.0,75.13,2025-09-21 10:07:36.609,27.0875
Yeast Grow 4 Days,pioreactor02,2025-09-21T08:07:36.652Z,24.31658,0.0,0.0,0.0,74.29,2025-09-21 10:07:36.652,27.0875
Yeast Grow 4 Days,pioreactor02,2025-09-21T08:07:39.908Z,24.31658,0.0,0.0,0.0,74.29,2025-09-21 10:07:39.908,27.088333333333
Yeast Grow 4 Days,pioreactor02,2025-09-21T08:08:02.908Z,24.36458,0.0,0.0,0.0,74.29,2025-09-21 10:08:02.908,27.094722222222
Yeast Grow 4 Days,pioreactor02,2025-09-21T08:08:25.908Z,24.40408,0.0,0.0,0.0,74.29,2025-09-21 10:08:25.908,27.101111111111
Yeast Grow 4 Days,pioreactor02,2025-09-21T08:08:48.908Z,24.41708,0.0,0.0,0.0,74.29,2025-09-21 10:08:48.908,27.1075
Yeast Grow 4 Days,pioreactor02,2025-09-21T08:09:05.183Z,24.41708,0.0,0.0,0.0,0.0,2025-09-21 10:09:05.183,27.112222222222
Yeast Grow 4 Days,pioreactor02,2025-09-21T08:09:11.908Z,24.37308,0.0,0.0,0.0,0.0,2025-09-21 10:09:11.908,27.113888888889
Yeast Grow 4 Days,pioreactor02,2025-09-21T08:09:34.908Z,24.30708,0.0,0.0,0.0,0.0,2025-09-21 10:09:34.908,27.120277777778
Yeast Grow 4 Days,pioreactor02,2025-09-21T08:09:57.908Z,24.38908,0.0,0.0,0.0,0.0,2025-09-21 10:09:57.908,27.126666666667
Yeast Grow 4 Days,pioreactor02,2025-09-21T08:10:20.908Z,24.32408,0.0,0.0,0.0,0.0,2025-09-21 10:10:20.908,27.133055555556
Yeast Grow 4 Days,pioreactor02,2025-09-21T08:10:43.908Z,24.32808,0.0,0.0,0.0,0.0,2025-09-21 10:10:43.908,27.139444444444
Yeast Grow 4 Days,pioreactor02,2025-09-21T08:10:56.610Z,24.32808,0.0,0.0,0.0,74.29,2025-09-21 10:10:56.610,27.143055555556
Yeast Grow 4 Days,pioreactor02,2025-09-21T08:10:56.652Z,24.32808,0.0,0.0,0.0,75.01,2025-09-21 10:10:56.652,27.143055555556
Yeast Grow 4 Days,pioreactor02,2025-09-21T08:11:06.908Z,24.44858,0.0,0.0,0.0,75.01,2025-09-21 10:11:06.908,27.145833333333
Yeast Grow 4 Days,pioreactor02,2025-09-21T08:11:29.908Z,24.46058,0.0,0.0,0.0,75.01,2025-09-21 10:11:29.908,27.152222222222
Yeast Grow 4 Days,pioreactor02,2025-09-21T08:11:52.908Z,24.42058,0.0,0.0,0.0,75.01,2025-09-21 10:11:52.908,27.158611111111
Yeast Grow 4 Days,pioreactor02,2025-09-21T08:12:15.908Z,24.42458,0.0,0.0,0.0,75.01,2025-09-21 10:12:15.908,27.165
Yeast Grow 4 Days,pioreactor02,2025-09-21T08:12:25.183Z,24.42458,0.0,0.0,0.0,0.0,2025-09-21 10:12:25.183,27.167777777778
Yeast Grow 4 Days,pioreactor02,2025-09-21T08:12:38.908Z,24.36958,0.0,0.0,0.0,0.0,2025-09-21 10:12:38.908,27.171388888889
Yeast Grow 4 Days,pioreactor02,2025-09-21T08:13:01.908Z,24.37158,0.0,0.0,0.0,0.0,2025-09-21 10:13:01.908,27.177777777778
Yeast Grow 4 Days,pioreactor02,2025-09-21T08:13:24.908Z,24.35258,0.0,0.0,0.0,0.0,2025-09-21 10:13:24.908,27.184166666667
Yeast Grow 4 Days,pioreactor02,2025-09-21T08:13:47.908Z,24.29008,0.0,0.0,0.0,0.0,2025-09-21 10:13:47.908,27.190555555556
Yeast Grow 4 Days,pioreactor02,2025-09-21T08:14:10.908Z,24.27758,0.0,0.0,0.0,0.0,2025-09-21 10:14:10.908,27.196944444444
Yeast Grow 4 Days,pioreactor02,2025-09-21T08:14:16.608Z,24.27758,0.0,0.0,0.0,75.01,2025-09-21 10:14:16.608,27.198611111111
Yeast Grow 4 Days,pioreactor02,2025-09-21T08:14:16.652Z,24.27758,0.0,0.0,0.0,74.8,2025-09-21 10:14:16.652,27.198611111111
Yeast Grow 4 Days,pioreactor02,2025-09-21T08:14:33.908Z,24.31208,0.0,0.0,0.0,74.8,2025-09-21 10:14:33.908,27.203333333333
Yeast Grow 4 Days,pioreactor02,2025-09-21T08:14:56.908Z,24.38658,0.0,0.0,0.0,74.8,2025-09-21 10:14:56.908,27.209722222222
Yeast Grow 4 Days,pioreactor02,2025-09-21T08:15:19.912Z,24.39358,0.0,0.0,0.0,74.8,2025-09-21 10:15:19.912,27.216111111111
Yeast Grow 4 Days,pioreactor02,2025-09-21T08:15:42.908Z,24.38358,0.0,0.0,0.0,74.8,2025-09-21 10:15:42.908,27.2225
Yeast Grow 4 Days,pioreactor02,2025-09-21T08:15:45.183Z,24.38358,0.0,0.0,0.0,0.0,2025-09-21 10:15:45.183,27.223333333333
Yeast Grow 4 Days,pioreactor02,2025-09-21T08:16:05.908Z,24.30208,0.0,0.0,0.0,0.0,2025-09-21 10:16:05.908,27.228888888889
Yeast Grow 4 Days,pioreactor02,2025-09-21T08:16:28.908Z,24.29008,0.0,0.0,0.0,0.0,2025-09-21 10:16:28.908,27.235277777778
Yeast Grow 4 Days,pioreactor02,2025-09-21T08:16:51.908Z,24.29458,0.0,0.0,0.0,0.0,2025-09-21 10:16:51.908,27.241666666667
Yeast Grow 4 Days,pioreactor02,2025-09-21T08:17:14.908Z,24.21408,0.0,0.0,0.0,0.0,2025-09-21 10:17:14.908,27.248055555556
Yeast Grow 4 Days,pioreactor02,2025-09-21T08:17:36.609Z,24.21408,0.0,0.0,0.0,74.8,2025-09-21 10:17:36.609,27.254166666667
Yeast Grow 4 Days,pioreactor02,2025-09-21T08:17:36.652Z,24.21408,0.0,0.0,0.0,73.91,2025-09-21 10:17:36.652,27.254166666667
Yeast Grow 4 Days,pioreactor02,2025-09-21T08:17:37.912Z,24.26558,0.0,0.0,0.0,73.91,2025-09-21 10:17:37.912,27.254444444444
Yeast Grow 4 Days,pioreactor02,2025-09-21T08:18:00.908Z,24.26758,0.0,0.0,0.0,73.91,2025-09-21 10:18:00.908,27.260833333333
Yeast Grow 4 Days,pioreactor02,2025-09-21T08:18:23.908Z,24.32408,0.0,0.0,0.0,73.91,2025-09-21 10:18:23.908,27.267222222222
Yeast Grow 4 Days,pioreactor02,2025-09-21T08:18:46.908Z,24.27858,0.0,0.0,0.0,73.91,2025-09-21 10:18:46.908,27.273611111111
Yeast Grow 4 Days,pioreactor02,2025-09-21T08:19:05.183Z,24.27858,0.0,0.0,0.0,0.0,2025-09-21 10:19:05.183,27.278888888889
Yeast Grow 4 Days,pioreactor02,2025-09-21T08:19:09.908Z,24.23008,0.0,0.0,0.0,0.0,2025-09-21 10:19:09.908,27.28
Yeast Grow 4 Days,pioreactor02,2025-09-21T08:19:32.908Z,24.26608,0.0,0.0,0.0,0.0,2025-09-21 10:19:32.908,27.286388888889
Yeast Grow 4 Days,pioreactor02,2025-09-21T08:19:55.908Z,24.25908,0.0,0.0,0.0,0.0,2025-09-21 10:19:55.908,27.292777777778
Yeast Grow 4 Days,pioreactor02,2025-09-21T08:19:58.043Z,0.0,0.0,0.0,0.0,0.0,2025-09-21 10:19:58.043,27.293611111111
Yeast Grow 4 Days,pioreactor02,2025-09-21T08:19:58.247Z,0.0,0.0,0.0,0.0,0.0,2025-09-21 10:19:58.247,27.293611111111
Yeast Grow 4 Days,pioreactor02,2025-09-21T08:19:58.288Z,0.0,0.0,0.0,0.0,0.0,2025-09-21 10:19:58.288,27.293611111111
Yeast Grow 4 Days,pioreactor02,2025-09-21T08:19:58.356Z,0.0,0.0,0.0,0.0,0.0,2025-09-21 10:19:58.356,27.293611111111
Yeast Grow 4 Days,pioreactor02,2025-09-21T08:19:58.400Z,0.0,0.0,0.0,0.0,0.0,2025-09-21 10:19:58.400,27.293611111111
Yeast Grow 4 Days,pioreactor02,2025-09-21T08:19:58.401Z,0.0,0.0,0.0,0.0,0.0,2025-09-21 10:19:58.401,27.293611111111
Yeast Grow 4 Days,pioreactor02,2025-09-21T08:19:58.467Z,0.0,0.0,0.0,0.0,0.0,2025-09-21 10:19:58.467,27.293611111111
