experiment,pioreactor_unit,timestamp,relative_intensity,timestamp_localtime,hours_since_experiment_created
Yeast Grow 4 Days,pioreactor02,2025-09-20T05:15:01.248000Z,0.074061131389,2025-09-20 07:15:01.248,0.211111111111
Yeast Grow 4 Days,pioreactor02,2025-09-20T05:15:51.246000Z,0.074084278969,2025-09-20 07:15:51.246,0.225
Yeast Grow 4 Days,pioreactor02,2025-09-20T05:15:56.247000Z,0.074085523622,2025-09-20 07:15:56.247,0.226388888889
Yeast Grow 4 Days,pioreactor02,2025-09-20T05:16:11.247000Z,0.074059374654,2025-09-20 07:16:11.247,0.230555555556
Yeast Grow 4 Days,pioreactor02,2025-09-20T05:16:41.247000Z,0.073996535086,2025-09-20 07:16:41.247,0.238888888889
Yeast Grow 4 Days,pioreactor02,2025-09-20T05:16:46.246000Z,0.073999443607,2025-09-20 07:16:46.246,0.240277777778
Yeast Grow 4 Days,pioreactor02,2025-09-20T05:17:16.247000Z,0.073984615011,2025-09-20 07:17:16.247,0.248611111111
Yeast Grow 4 Days,pioreactor02,2025-09-20T05:17:26.246000Z,0.073983628136,2025-09-20 07:17:26.246,0.251388888889
Yeast Grow 4 Days,pioreactor02,2025-09-20T05:18:01.246000Z,0.073953569014,2025-09-20 07:18:01.246,0.261111111111
Yeast Grow 4 Days,pioreactor02,2025-09-20T05:18:16.247000Z,0.073957035499,2025-09-20 07:18:16.247,0.265277777778
Yeast Grow 4 Days,pioreactor02,2025-09-20T05:20:01.246000Z,0.073920779065,2025-09-20 07:20:01.246,0.294444444444
Yeast Grow 4 Days,pioreactor02,2025-09-20T05:20:06.246000Z,0.073928496238,2025-09-20 07:20:06.246,0.295833333333
Yeast Grow 4 Days,pioreactor02,2025-09-20T05:20:16.246000Z,0.073916774367,2025-09-20 07:20:16.246,0.298611111111
Yeast Grow 4 Days,pioreactor02,2025-09-20T05:20:36.247000Z,0.0738901774,2025-09-20 07:20:36.247,0.304166666667
Yeast Grow 4 Days,pioreactor02,2025-09-20T05:21:26.246000Z,0.073858265448,2025-09-20 07:21:26.246,0.318055555556
Yeast Grow 4 Days,pioreactor02,2025-09-20T05:22:26.247000Z,0.073792957193,2025-09-20 07:22:26.247,0.334722222222
Yeast Grow 4 Days,pioreactor02,2025-09-20T05:22:51.246000Z,0.073763582245,2025-09-20 07:22:51.246,0.341666666667
Yeast Grow 4 Days,pioreactor02,2025-09-20T05:22:56.245000Z,0.073770271591,2025-09-20 07:22:56.245,0.343055555556
Yeast Grow 4 Days,pioreactor02,2025-09-20T05:23:16.246000Z,0.0737592576,2025-09-20 07:23:16.246,0.348611111111
Yeast Grow 4 Days,pioreactor02,2025-09-20T05:23:31.247000Z,0.073762948353,2025-09-20 07:23:31.247,0.352777777778
Yeast Grow 4 Days,pioreactor02,2025-09-20T05:24:16.246000Z,0.073691907416,2025-09-20 07:24:16.246,0.365277777778
Yeast Grow 4 Days,pioreactor02,2025-09-20T05:24:21.248000Z,0.073676142335,2025-09-20 07:24:21.248,0.366666666667
Yeast Grow 4 Days,pioreactor02,2025-09-20T05:24:56.245000Z,0.0736097883,2025-09-20 07:24:56.245,0.376388888889
Yeast Grow 4 Days,pioreactor02,2025-09-20T05:26:26.246000Z,0.073519188275,2025-09-20 07:26:26.246,0.401388888889
Yeast Grow 4 Days,pioreactor02,2025-09-20T05:26:36.250000Z,0.073496485438,2025-09-20 07:26:36.250,0.404166666667
Yeast Grow 4 Days,pioreactor02,2025-09-20T05:27:31.246000Z,0.073411422123,2025-09-20 07:27:31.246,0.419444444444
Yeast Grow 4 Days,pioreactor02,2025-09-20T05:27:56.248000Z,0.073347992562,2025-09-20 07:27:56.248,0.426388888889
Yeast Grow 4 Days,pioreactor02,2025-09-20T05:28:26.247000Z,0.073255040327,2025-09-20 07:28:26.247,0.434722222222
Yeast Grow 4 Days,pioreactor02,2025-09-20T05:29:36.247000Z,0.073125989679,2025-09-20 07:29:36.247,0.454166666667
Yeast Grow 4 Days,pioreactor02,2025-09-20T05:29:46.247000Z,0.073103853025,2025-09-20 07:29:46.247,0.456944444444
Yeast Grow 4 Days,pioreactor02,2025-09-20T05:30:36.246000Z,0.073012184922,2025-09-20 07:30:36.246,0.470833333333
Yeast Grow 4 Days,pioreactor02,2025-09-20T05:31:36.247000Z,0.072873800119,2025-09-20 07:31:36.247,0.4875
Yeast Grow 4 Days,pioreactor02,2025-09-20T05:33:16.248000Z,0.072738609901,2025-09-20 07:33:16.248,0.515277777778
Yeast Grow 4 Days,pioreactor02,2025-09-20T05:34:11.246000Z,0.072662357986,2025-09-20 07:34:11.246,0.530555555556
Yeast Grow 4 Days,pioreactor02,2025-09-20T05:34:16.247000Z,0.072659097637,2025-09-20 07:34:16.247,0.531944444444
Yeast Grow 4 Days,pioreactor02,2025-09-20T05:34:21.247000Z,0.072633812584,2025-09-20 07:34:21.247,0.533333333333
Yeast Grow 4 Days,pioreactor02,2025-09-20T05:34:56.246000Z,0.072567771737,2025-09-20 07:34:56.246,0.543055555556
Yeast Grow 4 Days,pioreactor02,2025-09-20T05:35:36.246000Z,0.072514433621,2025-09-20 07:35:36.246,0.554166666667
Yeast Grow 4 Days,pioreactor02,2025-09-20T05:36:11.248000Z,0.072456207063,2025-09-20 07:36:11.248,0.563888888889
Yeast Grow 4 Days,pioreactor02,2025-09-20T05:36:21.246000Z,0.072435702337,2025-09-20 07:36:21.246,0.566666666667
Yeast Grow 4 Days,pioreactor02,2025-09-20T05:36:41.247000Z,0.072403923723,2025-09-20 07:36:41.247,0.572222222222
Yeast Grow 4 Days,pioreactor02,2025-09-20T05:36:46.247000Z,0.07241757416,2025-09-20 07:36:46.247,0.573611111111
Yeast Grow 4 Days,pioreactor02,2025-09-20T05:37:11.248000Z,0.072359337183,2025-09-20 07:37:11.248,0.580555555556
Yeast Grow 4 Days,pioreactor02,2025-09-20T05:37:46.247000Z,0.072340531912,2025-09-20 07:37:46.247,0.590277777778
Yeast Grow 4 Days,pioreactor02,2025-09-20T05:38:41.247000Z,0.072236320593,2025-09-20 07:38:41.247,0.605555555556
Yeast Grow 4 Days,pioreactor02,2025-09-20T05:38:46.246000Z,0.072231521124,2025-09-20 07:38:46.246,0.606944444444
Yeast Grow 4 Days,pioreactor02,2025-09-20T05:39:06.246000Z,0.072211667046,2025-09-20 07:39:06.246,0.6125
Yeast Grow 4 Days,pioreactor02,2025-09-20T05:39:36.246000Z,0.072196113274,2025-09-20 07:39:36.246,0.620833333333
Yeast Grow 4 Days,pioreactor02,2025-09-20T05:40:21.247000Z,0.072115826582,2025-09-20 07:40:21.247,0.633333333333
Yeast Grow 4 Days,pioreactor02,2025-09-20T05:40:51.247000Z,0.072057747553,2025-09-20 07:40:51.247,0.641666666667
Yeast Grow 4 Days,pioreactor02,2025-09-20T05:41:01.248000Z,0.072057617168,2025-09-20 07:41:01.248,0.644444444444
Yeast Grow 4 Days,pioreactor02,2025-09-20T05:41:21.248000Z,0.072036941178,2025-09-20 07:41:21.248,0.65
Yeast Grow 4 Days,pioreactor02,2025-09-20T05:41:41.246000Z,0.072006771591,2025-09-20 07:41:41.246,0.655555555556
Yeast Grow 4 Days,pioreactor02,2025-09-20T05:42:11.247000Z,0.071978721424,2025-09-20 07:42:11.247,0.663888888889
Yeast Grow 4 Days,pioreactor02,2025-09-20T05:42:56.247000Z,0.071950194188,2025-09-20 07:42:56.247,0.676388888889
Yeast Grow 4 Days,pioreactor02,2025-09-20T05:43:06.246000Z,0.071930435526,2025-09-20 07:43:06.246,0.679166666667
Yeast Grow 4 Days,pioreactor02,2025-09-20T05:43:21.249000Z,0.071916598756,2025-09-20 07:43:21.249,0.683333333333
Yeast Grow 4 Days,pioreactor02,2025-09-20T05:43:46.246000Z,0.071861380893,2025-09-20 07:43:46.246,0.690277777778
Yeast Grow 4 Days,pioreactor02,2025-09-20T05:43:56.250000Z,0.07185120476,2025-09-20 07:43:56.250,0.693055555556
Yeast Grow 4 Days,pioreactor02,2025-09-20T05:44:11.246000Z,0.07183639486,2025-09-20 07:44:11.246,0.697222222222
Yeast Grow 4 Days,pioreactor02,2025-09-20T05:44:46.249000Z,0.07180257341,2025-09-20 07:44:46.249,0.706944444444
Yeast Grow 4 Days,pioreactor02,2025-09-20T05:45:31.246000Z,0.071807277092,2025-09-20 07:45:31.246,0.719444444444
Yeast Grow 4 Days,pioreactor02,2025-09-20T05:46:11.247000Z,0.071813379509,2025-09-20 07:46:11.247,0.730555555556
Yeast Grow 4 Days,pioreactor02,2025-09-20T05:46:16.246000Z,0.071802106949,2025-09-20 07:46:16.246,0.731944444444
Yeast Grow 4 Days,pioreactor02,2025-09-20T05:46:56.247000Z,0.071797033209,2025-09-20 07:46:56.247,0.743055555556
Yeast Grow 4 Days,pioreactor02,2025-09-20T05:47:11.248000Z,0.071792858209,2025-09-20 07:47:11.248,0.747222222222
Yeast Grow 4 Days,pioreactor02,2025-09-20T05:47:16.247000Z,0.071775687338,2025-09-20 07:47:16.247,0.748611111111
Yeast Grow 4 Days,pioreactor02,2025-09-20T05:47:26.247000Z,0.071782430046,2025-09-20 07:47:26.247,0.751388888889
Yeast Grow 4 Days,pioreactor02,2025-09-20T05:47:31.246000Z,0.071784172102,2025-09-20 07:47:31.246,0.752777777778
Yeast Grow 4 Days,pioreactor02,2025-09-20T05:47:41.246000Z,0.071787396978,2025-09-20 07:47:41.246,0.755555555556
Yeast Grow 4 Days,pioreactor02,2025-09-20T05:47:51.246000Z,0.071756289323,2025-09-20 07:47:51.246,0.758333333333
Yeast Grow 4 Days,pioreactor02,2025-09-20T05:48:11.246000Z,0.071725926035,2025-09-20 07:48:11.246,0.763888888889
Yeast Grow 4 Days,pioreactor02,2025-09-20T05:48:56.246000Z,0.071708710957,2025-09-20 07:48:56.246,0.776388888889
Yeast Grow 4 Days,pioreactor02,2025-09-20T05:49:21.245000Z,0.071714068312,2025-09-20 07:49:21.245,0.783333333333
Yeast Grow 4 Days,pioreactor02,2025-09-20T05:49:31.246000Z,0.071720474555,2025-09-20 07:49:31.246,0.786111111111
Yeast Grow 4 Days,pioreactor02,2025-09-20T05:49:36.246000Z,0.071708478599,2025-09-20 07:49:36.246,0.7875
Yeast Grow 4 Days,pioreactor02,2025-09-20T05:50:26.247000Z,0.071695663807,2025-09-20 07:50:26.247,0.801388888889
Yeast Grow 4 Days,pioreactor02,2025-09-20T05:51:11.246000Z,0.071658626927,2025-09-20 07:51:11.246,0.813888888889
Yeast Grow 4 Days,pioreactor02,2025-09-20T05:51:51.247000Z,0.071647249975,2025-09-20 07:51:51.247,0.825
Yeast Grow 4 Days,pioreactor02,2025-09-20T05:51:56.248000Z,0.071649561827,2025-09-20 07:51:56.248,0.826388888889
Yeast Grow 4 Days,pioreactor02,2025-09-20T05:52:31.246000Z,0.07165332004,2025-09-20 07:52:31.246,0.836111111111
Yeast Grow 4 Days,pioreactor02,2025-09-20T05:53:06.249000Z,0.071671067618,2025-09-20 07:53:06.249,0.845833333333
Yeast Grow 4 Days,pioreactor02,2025-09-20T05:53:21.246000Z,0.071682037555,2025-09-20 07:53:21.246,0.85
Yeast Grow 4 Days,pioreactor02,2025-09-20T05:53:31.247000Z,0.071669443057,2025-09-20 07:53:31.247,0.852777777778
Yeast Grow 4 Days,pioreactor02,2025-09-20T05:54:21.246000Z,0.071662911855,2025-09-20 07:54:21.246,0.866666666667
Yeast Grow 4 Days,pioreactor02,2025-09-20T05:56:46.247000Z,0.071565325538,2025-09-20 07:56:46.247,0.906944444444
Yeast Grow 4 Days,pioreactor02,2025-09-20T05:56:56.249000Z,0.071568603667,2025-09-20 07:56:56.249,0.909722222222
Yeast Grow 4 Days,pioreactor02,2025-09-20T05:57:01.246000Z,0.07157604561,2025-09-20 07:57:01.246,0.911111111111
Yeast Grow 4 Days,pioreactor02,2025-09-20T05:57:21.248000Z,0.071572850619,2025-09-20 07:57:21.248,0.916666666667
Yeast Grow 4 Days,pioreactor02,2025-09-20T05:58:21.247000Z,0.071519930775,2025-09-20 07:58:21.247,0.933333333333
Yeast Grow 4 Days,pioreactor02,2025-09-20T05:59:11.248000Z,0.071505645512,2025-09-20 07:59:11.248,0.947222222222
Yeast Grow 4 Days,pioreactor02,2025-09-20T05:59:36.247000Z,0.071504271579,2025-09-20 07:59:36.247,0.954166666667
Yeast Grow 4 Days,pioreactor02,2025-09-20T05:59:46.248000Z,0.071513084147,2025-09-20 07:59:46.248,0.956944444444
Yeast Grow 4 Days,pioreactor02,2025-09-20T06:00:01.246000Z,0.071496889445,2025-09-20 08:00:01.246,0.961111111111
Yeast Grow 4 Days,pioreactor02,2025-09-20T06:00:21.246000Z,0.071474524025,2025-09-20 08:00:21.246,0.966666666667
Yeast Grow 4 Days,pioreactor02,2025-09-20T06:00:31.249000Z,0.071466455175,2025-09-20 08:00:31.249,0.969444444444
Yeast Grow 4 Days,pioreactor02,2025-09-20T06:00:41.246000Z,0.07148867919,2025-09-20 08:00:41.246,0.972222222222
Yeast Grow 4 Days,pioreactor02,2025-09-20T06:01:11.246000Z,0.071482898452,2025-09-20 08:01:11.246,0.980555555556
Yeast Grow 4 Days,pioreactor02,2025-09-20T06:01:21.248000Z,0.071467171535,2025-09-20 08:01:21.248,0.983333333333
Yeast Grow 4 Days,pioreactor02,2025-09-20T06:02:21.246000Z,0.071411073573,2025-09-20 08:02:21.246,1.0
Yeast Grow 4 Days,pioreactor02,2025-09-20T06:02:41.246000Z,0.07139956658,2025-09-20 08:02:41.246,1.005555555556
Yeast Grow 4 Days,pioreactor02,2025-09-20T06:02:46.246000Z,0.071413377732,2025-09-20 08:02:46.246,1.006944444444
Yeast Grow 4 Days,pioreactor02,2025-09-20T06:03:06.247000Z,0.07140471729,2025-09-20 08:03:06.247,1.0125
Yeast Grow 4 Days,pioreactor02,2025-09-20T06:03:21.246000Z,0.071392503062,2025-09-20 08:03:21.246,1.016666666667
Yeast Grow 4 Days,pioreactor02,2025-09-20T06:04:06.246000Z,0.071375093855,2025-09-20 08:04:06.246,1.029166666667
Yeast Grow 4 Days,pioreactor02,2025-09-20T06:04:26.247000Z,0.071349873935,2025-09-20 08:04:26.247,1.034722222222
Yeast Grow 4 Days,pioreactor02,2025-09-20T06:05:41.250000Z,0.071323570039,2025-09-20 08:05:41.250,1.055555555556
Yeast Grow 4 Days,pioreactor02,2025-09-20T06:05:46.245000Z,0.071331236956,2025-09-20 08:05:46.245,1.056944444444
Yeast Grow 4 Days,pioreactor02,2025-09-20T06:05:56.246000Z,0.071332854943,2025-09-20 08:05:56.246,1.059722222222
Yeast Grow 4 Days,pioreactor02,2025-09-20T06:06:56.246000Z,0.071350234502,2025-09-20 08:06:56.246,1.076388888889
Yeast Grow 4 Days,pioreactor02,2025-09-20T06:07:36.247000Z,0.071317111384,2025-09-20 08:07:36.247,1.0875
Yeast Grow 4 Days,pioreactor02,2025-09-20T06:07:46.246000Z,0.071318852739,2025-09-20 08:07:46.246,1.090277777778
Yeast Grow 4 Days,pioreactor02,2025-09-20T06:08:16.248000Z,0.07126637747,2025-09-20 08:08:16.248,1.098611111111
Yeast Grow 4 Days,pioreactor02,2025-09-20T06:09:11.249000Z,0.071236985752,2025-09-20 08:09:11.249,1.113888888889
Yeast Grow 4 Days,pioreactor02,2025-09-20T06:09:31.246000Z,0.071227107697,2025-09-20 08:09:31.246,1.119444444444
Yeast Grow 4 Days,pioreactor02,2025-09-20T06:10:21.247000Z,0.071238133677,2025-09-20 08:10:21.247,1.133333333333
Yeast Grow 4 Days,pioreactor02,2025-09-20T06:10:26.246000Z,0.07122046091,2025-09-20 08:10:26.246,1.134722222222
Yeast Grow 4 Days,pioreactor02,2025-09-20T06:10:36.247000Z,0.071235259981,2025-09-20 08:10:36.247,1.1375
Yeast Grow 4 Days,pioreactor02,2025-09-20T06:10:56.246000Z,0.071221832925,2025-09-20 08:10:56.246,1.143055555556
Yeast Grow 4 Days,pioreactor02,2025-09-20T06:11:21.248000Z,0.071221973325,2025-09-20 08:11:21.248,1.15
Yeast Grow 4 Days,pioreactor02,2025-09-20T06:11:41.247000Z,0.071238674706,2025-09-20 08:11:41.247,1.155555555556
Yeast Grow 4 Days,pioreactor02,2025-09-20T06:12:11.246000Z,0.071219720889,2025-09-20 08:12:11.246,1.163888888889
Yeast Grow 4 Days,pioreactor02,2025-09-20T06:12:16.247000Z,0.07122713794,2025-09-20 08:12:16.247,1.165277777778
Yeast Grow 4 Days,pioreactor02,2025-09-20T06:13:01.246000Z,0.071209361666,2025-09-20 08:13:01.246,1.177777777778
Yeast Grow 4 Days,pioreactor02,2025-09-20T06:14:51.247000Z,0.071115807966,2025-09-20 08:14:51.247,1.208333333333
Yeast Grow 4 Days,pioreactor02,2025-09-20T06:15:01.246000Z,0.071127144368,2025-09-20 08:15:01.246,1.211111111111
Yeast Grow 4 Days,pioreactor02,2025-09-20T06:15:21.248000Z,0.071122276502,2025-09-20 08:15:21.248,1.216666666667
Yeast Grow 4 Days,pioreactor02,2025-09-20T06:15:41.249000Z,0.071113396353,2025-09-20 08:15:41.249,1.222222222222
Yeast Grow 4 Days,pioreactor02,2025-09-20T06:15:56.248000Z,0.071128274169,2025-09-20 08:15:56.248,1.226388888889
Yeast Grow 4 Days,pioreactor02,2025-09-20T06:16:36.247000Z,0.071112408816,2025-09-20 08:16:36.247,1.2375
Yeast Grow 4 Days,pioreactor02,2025-09-20T06:16:41.247000Z,0.071100115974,2025-09-20 08:16:41.247,1.238888888889
Yeast Grow 4 Days,pioreactor02,2025-09-20T06:16:56.246000Z,0.071090953594,2025-09-20 08:16:56.246,1.243055555556
Yeast Grow 4 Days,pioreactor02,2025-09-20T06:17:56.248000Z,0.071044826838,2025-09-20 08:17:56.248,1.259722222222
Yeast Grow 4 Days,pioreactor02,2025-09-20T06:18:01.246000Z,0.071032365865,2025-09-20 08:18:01.246,1.261111111111
Yeast Grow 4 Days,pioreactor02,2025-09-20T06:19:06.250000Z,0.071035702457,2025-09-20 08:19:06.250,1.279166666667
Yeast Grow 4 Days,pioreactor02,2025-09-20T06:20:16.247000Z,0.071005884094,2025-09-20 08:20:16.247,1.298611111111
Yeast Grow 4 Days,pioreactor02,2025-09-20T06:21:06.246000Z,0.071051913124,2025-09-20 08:21:06.246,1.3125
Yeast Grow 4 Days,pioreactor02,2025-09-20T06:21:11.246000Z,0.071033746752,2025-09-20 08:21:11.246,1.313888888889
Yeast Grow 4 Days,pioreactor02,2025-09-20T06:21:21.245000Z,0.071040241473,2025-09-20 08:21:21.245,1.316666666667
Yeast Grow 4 Days,pioreactor02,2025-09-20T06:21:51.246000Z,0.071015328073,2025-09-20 08:21:51.246,1.325
Yeast Grow 4 Days,pioreactor02,2025-09-20T06:22:06.247000Z,0.070984519766,2025-09-20 08:22:06.247,1.329166666667
Yeast Grow 4 Days,pioreactor02,2025-09-20T06:23:16.246000Z,0.070984525902,2025-09-20 08:23:16.246,1.348611111111
Yeast Grow 4 Days,pioreactor02,2025-09-20T06:23:56.246000Z,0.070963672027,2025-09-20 08:23:56.246,1.359722222222
Yeast Grow 4 Days,pioreactor02,2025-09-20T06:24:26.246000Z,0.070989114528,2025-09-20 08:24:26.246,1.368055555556
Yeast Grow 4 Days,pioreactor02,2025-09-20T06:24:31.245000Z,0.070989657725,2025-09-20 08:24:31.245,1.369444444444
Yeast Grow 4 Days,pioreactor02,2025-09-20T06:26:26.248000Z,0.071025699256,2025-09-20 08:26:26.248,1.401388888889
Yeast Grow 4 Days,pioreactor02,2025-09-20T06:26:46.248000Z,0.071019361137,2025-09-20 08:26:46.248,1.406944444444
Yeast Grow 4 Days,pioreactor02,2025-09-20T06:26:51.246000Z,0.071026179013,2025-09-20 08:26:51.246,1.408333333333
Yeast Grow 4 Days,pioreactor02,2025-09-20T06:27:16.248000Z,0.071047092585,2025-09-20 08:27:16.248,1.415277777778
Yeast Grow 4 Days,pioreactor02,2025-09-20T06:28:11.248000Z,0.071026141953,2025-09-20 08:28:11.248,1.430555555556
Yeast Grow 4 Days,pioreactor02,2025-09-20T06:28:31.247000Z,0.071009941792,2025-09-20 08:28:31.247,1.436111111111
Yeast Grow 4 Days,pioreactor02,2025-09-20T06:28:36.246000Z,0.071023829833,2025-09-20 08:28:36.246,1.4375
Yeast Grow 4 Days,pioreactor02,2025-09-20T06:29:06.247000Z,0.071035360701,2025-09-20 08:29:06.247,1.445833333333
Yeast Grow 4 Days,pioreactor02,2025-09-20T06:29:21.248000Z,0.071051922855,2025-09-20 08:29:21.248,1.45
Yeast Grow 4 Days,pioreactor02,2025-09-20T06:29:56.248000Z,0.071056534541,2025-09-20 08:29:56.248,1.459722222222
Yeast Grow 4 Days,pioreactor02,2025-09-20T06:30:16.247000Z,0.071065912213,2025-09-20 08:30:16.247,1.465277777778
Yeast Grow 4 Days,pioreactor02,2025-09-20T06:31:06.246000Z,0.071075338522,2025-09-20 08:31:06.246,1.479166666667
Yeast Grow 4 Days,pioreactor02,2025-09-20T06:31:26.246000Z,0.071075488891,2025-09-20 08:31:26.246,1.484722222222
Yeast Grow 4 Days,pioreactor02,2025-09-20T06:32:01.247000Z,0.071088061074,2025-09-20 08:32:01.247,1.494444444444
Yeast Grow 4 Days,pioreactor02,2025-09-20T06:32:36.246000Z,0.071081469431,2025-09-20 08:32:36.246,1.504166666667
Yeast Grow 4 Days,pioreactor02,2025-09-20T06:32:51.248000Z,0.071094789955,2025-09-20 08:32:51.248,1.508333333333
Yeast Grow 4 Days,pioreactor02,2025-09-20T06:33:51.247000Z,0.071097251956,2025-09-20 08:33:51.247,1.525
Yeast Grow 4 Days,pioreactor02,2025-09-20T06:34:01.247000Z,0.071070537646,2025-09-20 08:34:01.247,1.527777777778
Yeast Grow 4 Days,pioreactor02,2025-09-20T06:34:11.246000Z,0.071071516692,2025-09-20 08:34:11.246,1.530555555556
Yeast Grow 4 Days,pioreactor02,2025-09-20T06:35:21.245000Z,0.071133595268,2025-09-20 08:35:21.245,1.55
Yeast Grow 4 Days,pioreactor02,2025-09-20T06:36:16.246000Z,0.071130601204,2025-09-20 08:36:16.246,1.565277777778
Yeast Grow 4 Days,pioreactor02,2025-09-20T06:36:46.247000Z,0.071101407851,2025-09-20 08:36:46.247,1.573611111111
Yeast Grow 4 Days,pioreactor02,2025-09-20T06:37:26.246000Z,0.071099004094,2025-09-20 08:37:26.246,1.584722222222
Yeast Grow 4 Days,pioreactor02,2025-09-20T06:37:46.248000Z,0.071084334382,2025-09-20 08:37:46.248,1.590277777778
Yeast Grow 4 Days,pioreactor02,2025-09-20T06:38:16.246000Z,0.071074532678,2025-09-20 08:38:16.246,1.598611111111
Yeast Grow 4 Days,pioreactor02,2025-09-20T06:39:01.248000Z,0.07113035625,2025-09-20 08:39:01.248,1.611111111111
Yeast Grow 4 Days,pioreactor02,2025-09-20T06:39:06.247000Z,0.071133444095,2025-09-20 08:39:06.247,1.6125
Yeast Grow 4 Days,pioreactor02,2025-09-20T06:39:16.245000Z,0.071127193764,2025-09-20 08:39:16.245,1.615277777778
Yeast Grow 4 Days,pioreactor02,2025-09-20T06:39:56.246000Z,0.071140959884,2025-09-20 08:39:56.246,1.626388888889
Yeast Grow 4 Days,pioreactor02,2025-09-20T06:40:06.246000Z,0.071149828812,2025-09-20 08:40:06.246,1.629166666667
Yeast Grow 4 Days,pioreactor02,2025-09-20T06:40:26.246000Z,0.07115787822,2025-09-20 08:40:26.246,1.634722222222
Yeast Grow 4 Days,pioreactor02,2025-09-20T06:40:56.248000Z,0.071130606051,2025-09-20 08:40:56.248,1.643055555556
Yeast Grow 4 Days,pioreactor02,2025-09-20T06:41:56.247000Z,0.071056067908,2025-09-20 08:41:56.247,1.659722222222
Yeast Grow 4 Days,pioreactor02,2025-09-20T06:42:11.246000Z,0.071068555415,2025-09-20 08:42:11.246,1.663888888889
Yeast Grow 4 Days,pioreactor02,2025-09-20T06:44:26.246000Z,0.071067080254,2025-09-20 08:44:26.246,1.701388888889
Yeast Grow 4 Days,pioreactor02,2025-09-20T06:44:31.247000Z,0.071070776349,2025-09-20 08:44:31.247,1.702777777778
Yeast Grow 4 Days,pioreactor02,2025-09-20T06:46:36.246000Z,0.071052245181,2025-09-20 08:46:36.246,1.7375
Yeast Grow 4 Days,pioreactor02,2025-09-20T06:47:01.246000Z,0.07106926607,2025-09-20 08:47:01.246,1.744444444444
Yeast Grow 4 Days,pioreactor02,2025-09-20T06:47:31.246000Z,0.071044768912,2025-09-20 08:47:31.246,1.752777777778
Yeast Grow 4 Days,pioreactor02,2025-09-20T06:47:41.247000Z,0.071051934757,2025-09-20 08:47:41.247,1.755555555556
Yeast Grow 4 Days,pioreactor02,2025-09-20T06:48:26.246000Z,0.071068342977,2025-09-20 08:48:26.246,1.768055555556
Yeast Grow 4 Days,pioreactor02,2025-09-20T06:48:46.247000Z,0.07108379093,2025-09-20 08:48:46.247,1.773611111111
Yeast Grow 4 Days,pioreactor02,2025-09-20T06:49:01.246000Z,0.071108180907,2025-09-20 08:49:01.246,1.777777777778
Yeast Grow 4 Days,pioreactor02,2025-09-20T06:49:11.246000Z,0.071109187596,2025-09-20 08:49:11.246,1.780555555556
Yeast Grow 4 Days,pioreactor02,2025-09-20T06:50:16.248000Z,0.071091341501,2025-09-20 08:50:16.248,1.798611111111
Yeast Grow 4 Days,pioreactor02,2025-09-20T06:51:06.246000Z,0.071080943885,2025-09-20 08:51:06.246,1.8125
Yeast Grow 4 Days,pioreactor02,2025-09-20T06:51:31.247000Z,0.071084139849,2025-09-20 08:51:31.247,1.819444444444
Yeast Grow 4 Days,pioreactor02,2025-09-20T06:51:46.246000Z,0.071103285148,2025-09-20 08:51:46.246,1.823611111111
Yeast Grow 4 Days,pioreactor02,2025-09-20T06:52:21.247000Z,0.071050931914,2025-09-20 08:52:21.247,1.833333333333
Yeast Grow 4 Days,pioreactor02,2025-09-20T06:52:51.246000Z,0.071066062856,2025-09-20 08:52:51.246,1.841666666667
Yeast Grow 4 Days,pioreactor02,2025-09-20T06:53:21.246000Z,0.071067226115,2025-09-20 08:53:21.246,1.85
Yeast Grow 4 Days,pioreactor02,2025-09-20T06:53:46.246000Z,0.071109685621,2025-09-20 08:53:46.246,1.856944444444
Yeast Grow 4 Days,pioreactor02,2025-09-20T06:53:51.246000Z,0.071102254359,2025-09-20 08:53:51.246,1.858333333333
Yeast Grow 4 Days,pioreactor02,2025-09-20T06:54:01.246000Z,0.071110575878,2025-09-20 08:54:01.246,1.861111111111
Yeast Grow 4 Days,pioreactor02,2025-09-20T06:54:11.247000Z,0.071119878749,2025-09-20 08:54:11.247,1.863888888889
Yeast Grow 4 Days,pioreactor02,2025-09-20T06:54:36.247000Z,0.071141137779,2025-09-20 08:54:36.247,1.870833333333
Yeast Grow 4 Days,pioreactor02,2025-09-20T06:54:46.246000Z,0.071146972527,2025-09-20 08:54:46.246,1.873611111111
Yeast Grow 4 Days,pioreactor02,2025-09-20T06:55:41.246000Z,0.071131279729,2025-09-20 08:55:41.246,1.888888888889
Yeast Grow 4 Days,pioreactor02,2025-09-20T06:56:16.249000Z,0.071187613712,2025-09-20 08:56:16.249,1.898611111111
Yeast Grow 4 Days,pioreactor02,2025-09-20T06:56:26.246000Z,0.071184856952,2025-09-20 08:56:26.246,1.901388888889
Yeast Grow 4 Days,pioreactor02,2025-09-20T06:57:01.246000Z,0.071175982556,2025-09-20 08:57:01.246,1.911111111111
Yeast Grow 4 Days,pioreactor02,2025-09-20T06:57:46.246000Z,0.071182747528,2025-09-20 08:57:46.246,1.923611111111
Yeast Grow 4 Days,pioreactor02,2025-09-20T06:58:26.246000Z,0.071178039577,2025-09-20 08:58:26.246,1.934722222222
Yeast Grow 4 Days,pioreactor02,2025-09-20T06:59:16.246000Z,0.071191019907,2025-09-20 08:59:16.246,1.948611111111
Yeast Grow 4 Days,pioreactor02,2025-09-20T07:01:21.247000Z,0.071230623938,2025-09-20 09:01:21.247,1.983333333333
Yeast Grow 4 Days,pioreactor02,2025-09-20T07:01:56.246000Z,0.071224537067,2025-09-20 09:01:56.246,1.993055555556
Yeast Grow 4 Days,pioreactor02,2025-09-20T07:02:11.246000Z,0.07121533699,2025-09-20 09:02:11.246,1.997222222222
Yeast Grow 4 Days,pioreactor02,2025-09-20T07:02:46.248000Z,0.071240277606,2025-09-20 09:02:46.248,2.006944444444
Yeast Grow 4 Days,pioreactor02,2025-09-20T07:03:16.247000Z,0.07122287807,2025-09-20 09:03:16.247,2.015277777778
Yeast Grow 4 Days,pioreactor02,2025-09-20T07:03:26.247000Z,0.071226577863,2025-09-20 09:03:26.247,2.018055555556
Yeast Grow 4 Days,pioreactor02,2025-09-20T07:03:46.246000Z,0.071223036131,2025-09-20 09:03:46.246,2.023611111111
Yeast Grow 4 Days,pioreactor02,2025-09-20T07:04:31.246000Z,0.071196832835,2025-09-20 09:04:31.246,2.036111111111
Yeast Grow 4 Days,pioreactor02,2025-09-20T07:05:31.246000Z,0.071186741211,2025-09-20 09:05:31.246,2.052777777778
Yeast Grow 4 Days,pioreactor02,2025-09-20T07:05:41.246000Z,0.071175192956,2025-09-20 09:05:41.246,2.055555555556
Yeast Grow 4 Days,pioreactor02,2025-09-20T07:07:51.245000Z,0.071173827923,2025-09-20 09:07:51.245,2.091666666667
Yeast Grow 4 Days,pioreactor02,2025-09-20T07:08:36.246000Z,0.071208691667,2025-09-20 09:08:36.246,2.104166666667
Yeast Grow 4 Days,pioreactor02,2025-09-20T07:09:46.246000Z,0.071177823862,2025-09-20 09:09:46.246,2.123611111111
Yeast Grow 4 Days,pioreactor02,2025-09-20T07:11:06.247000Z,0.071157846062,2025-09-20 09:11:06.247,2.145833333333
Yeast Grow 4 Days,pioreactor02,2025-09-20T07:11:11.245000Z,0.071143260016,2025-09-20 09:11:11.245,2.147222222222
Yeast Grow 4 Days,pioreactor02,2025-09-20T07:11:41.246000Z,0.071146848855,2025-09-20 09:11:41.246,2.155555555556
Yeast Grow 4 Days,pioreactor02,2025-09-20T07:11:56.246000Z,0.071172760969,2025-09-20 09:11:56.246,2.159722222222
Yeast Grow 4 Days,pioreactor02,2025-09-20T07:12:26.247000Z,0.071159189185,2025-09-20 09:12:26.247,2.168055555556
Yeast Grow 4 Days,pioreactor02,2025-09-20T07:13:31.247000Z,0.071131423428,2025-09-20 09:13:31.247,2.186111111111
Yeast Grow 4 Days,pioreactor02,2025-09-20T07:13:36.246000Z,0.071145082335,2025-09-20 09:13:36.246,2.1875
Yeast Grow 4 Days,pioreactor02,2025-09-20T07:14:46.247000Z,0.071157014172,2025-09-20 09:14:46.247,2.206944444444
Yeast Grow 4 Days,pioreactor02,2025-09-20T07:15:01.249000Z,0.07112494497,2025-09-20 09:15:01.249,2.211111111111
Yeast Grow 4 Days,pioreactor02,2025-09-20T07:16:06.247000Z,0.071107710193,2025-09-20 09:16:06.247,2.229166666667
Yeast Grow 4 Days,pioreactor02,2025-09-20T07:16:31.248000Z,0.071143936302,2025-09-20 09:16:31.248,2.236111111111
Yeast Grow 4 Days,pioreactor02,2025-09-20T07:16:51.249000Z,0.071145218016,2025-09-20 09:16:51.249,2.241666666667
Yeast Grow 4 Days,pioreactor02,2025-09-20T07:18:31.246000Z,0.071162871341,2025-09-20 09:18:31.246,2.269444444444
Yeast Grow 4 Days,pioreactor02,2025-09-20T07:19:11.247000Z,0.071125800417,2025-09-20 09:19:11.247,2.280555555556
Yeast Grow 4 Days,pioreactor02,2025-09-20T07:19:21.246000Z,0.071141519624,2025-09-20 09:19:21.246,2.283333333333
Yeast Grow 4 Days,pioreactor02,2025-09-20T07:21:06.246000Z,0.071158936727,2025-09-20 09:21:06.246,2.3125
Yeast Grow 4 Days,pioreactor02,2025-09-20T07:21:51.247000Z,0.071129422107,2025-09-20 09:21:51.247,2.325
Yeast Grow 4 Days,pioreactor02,2025-09-20T07:22:51.247000Z,0.071104697595,2025-09-20 09:22:51.247,2.341666666667
Yeast Grow 4 Days,pioreactor02,2025-09-20T07:23:06.248000Z,0.071112897905,2025-09-20 09:23:06.248,2.345833333333
Yeast Grow 4 Days,pioreactor02,2025-09-20T07:24:11.246000Z,0.071111694114,2025-09-20 09:24:11.246,2.363888888889
Yeast Grow 4 Days,pioreactor02,2025-09-20T07:24:41.246000Z,0.071120518908,2025-09-20 09:24:41.246,2.372222222222
Yeast Grow 4 Days,pioreactor02,2025-09-20T07:24:51.246000Z,0.07112022649,2025-09-20 09:24:51.246,2.375
Yeast Grow 4 Days,pioreactor02,2025-09-20T07:25:06.246000Z,0.071122597515,2025-09-20 09:25:06.246,2.379166666667
Yeast Grow 4 Days,pioreactor02,2025-09-20T07:25:21.245000Z,0.071098968427,2025-09-20 09:25:21.245,2.383333333333
Yeast Grow 4 Days,pioreactor02,2025-09-20T07:26:01.246000Z,0.071142084296,2025-09-20 09:26:01.246,2.394444444444
Yeast Grow 4 Days,pioreactor02,2025-09-20T07:26:06.245000Z,0.071138386007,2025-09-20 09:26:06.245,2.395833333333
Yeast Grow 4 Days,pioreactor02,2025-09-20T07:26:11.246000Z,0.071126668876,2025-09-20 09:26:11.246,2.397222222222
Yeast Grow 4 Days,pioreactor02,2025-09-20T07:27:21.246000Z,0.071130801951,2025-09-20 09:27:21.246,2.416666666667
Yeast Grow 4 Days,pioreactor02,2025-09-20T07:27:41.246000Z,0.071147646733,2025-09-20 09:27:41.246,2.422222222222
Yeast Grow 4 Days,pioreactor02,2025-09-20T07:27:56.246000Z,0.071146421884,2025-09-20 09:27:56.246,2.426388888889
Yeast Grow 4 Days,pioreactor02,2025-09-20T07:28:26.246000Z,0.071143899895,2025-09-20 09:28:26.246,2.434722222222
Yeast Grow 4 Days,pioreactor02,2025-09-20T07:29:06.245000Z,0.071153465079,2025-09-20 09:29:06.245,2.445833333333
Yeast Grow 4 Days,pioreactor02,2025-09-20T07:31:06.246000Z,0.071162760088,2025-09-20 09:31:06.246,2.479166666667
Yeast Grow 4 Days,pioreactor02,2025-09-20T07:31:21.247000Z,0.071174966176,2025-09-20 09:31:21.247,2.483333333333
Yeast Grow 4 Days,pioreactor02,2025-09-20T07:32:11.248000Z,0.071182842161,2025-09-20 09:32:11.248,2.497222222222
Yeast Grow 4 Days,pioreactor02,2025-09-20T07:33:01.247000Z,0.07121108896,2025-09-20 09:33:01.247,2.511111111111
Yeast Grow 4 Days,pioreactor02,2025-09-20T07:33:11.250000Z,0.071200219909,2025-09-20 09:33:11.250,2.513888888889
Yeast Grow 4 Days,pioreactor02,2025-09-20T07:33:56.248000Z,0.071200929367,2025-09-20 09:33:56.248,2.526388888889
Yeast Grow 4 Days,pioreactor02,2025-09-20T07:35:31.247000Z,0.071180010002,2025-09-20 09:35:31.247,2.552777777778
Yeast Grow 4 Days,pioreactor02,2025-09-20T07:35:41.246000Z,0.071169219773,2025-09-20 09:35:41.246,2.555555555556
Yeast Grow 4 Days,pioreactor02,2025-09-20T07:36:06.248000Z,0.071157804938,2025-09-20 09:36:06.248,2.5625
Yeast Grow 4 Days,pioreactor02,2025-09-20T07:37:11.246000Z,0.071158909442,2025-09-20 09:37:11.246,2.580555555556
Yeast Grow 4 Days,pioreactor02,2025-09-20T07:37:26.247000Z,0.071165246076,2025-09-20 09:37:26.247,2.584722222222
Yeast Grow 4 Days,pioreactor02,2025-09-20T07:38:46.247000Z,0.071218976296,2025-09-20 09:38:46.247,2.606944444444
Yeast Grow 4 Days,pioreactor02,2025-09-20T07:38:56.247000Z,0.071207884769,2025-09-20 09:38:56.247,2.609722222222
Yeast Grow 4 Days,pioreactor02,2025-09-20T07:39:06.246000Z,0.071179355802,2025-09-20 09:39:06.246,2.6125
Yeast Grow 4 Days,pioreactor02,2025-09-20T07:39:16.246000Z,0.071200689596,2025-09-20 09:39:16.246,2.615277777778
Yeast Grow 4 Days,pioreactor02,2025-09-20T07:39:51.245000Z,0.071205330234,2025-09-20 09:39:51.245,2.625
Yeast Grow 4 Days,pioreactor02,2025-09-20T07:40:06.246000Z,0.071208909622,2025-09-20 09:40:06.246,2.629166666667
Yeast Grow 4 Days,pioreactor02,2025-09-20T07:40:11.247000Z,0.07121241984,2025-09-20 09:40:11.247,2.630555555556
Yeast Grow 4 Days,pioreactor02,2025-09-20T07:40:31.247000Z,0.071209138223,2025-09-20 09:40:31.247,2.636111111111
Yeast Grow 4 Days,pioreactor02,2025-09-20T07:41:16.246000Z,0.07119387208,2025-09-20 09:41:16.246,2.648611111111
Yeast Grow 4 Days,pioreactor02,2025-09-20T07:41:31.247000Z,0.071173102274,2025-09-20 09:41:31.247,2.652777777778
Yeast Grow 4 Days,pioreactor02,2025-09-20T07:41:51.246000Z,0.071198936951,2025-09-20 09:41:51.246,2.658333333333
Yeast Grow 4 Days,pioreactor02,2025-09-20T07:43:06.247000Z,0.071229510721,2025-09-20 09:43:06.247,2.679166666667
Yeast Grow 4 Days,pioreactor02,2025-09-20T07:43:56.246000Z,0.071239119789,2025-09-20 09:43:56.246,2.693055555556
Yeast Grow 4 Days,pioreactor02,2025-09-20T07:44:41.246000Z,0.07121936504,2025-09-20 09:44:41.246,2.705555555556
Yeast Grow 4 Days,pioreactor02,2025-09-20T07:45:06.246000Z,0.071224665909,2025-09-20 09:45:06.246,2.7125
Yeast Grow 4 Days,pioreactor02,2025-09-20T07:45:46.246000Z,0.071200860693,2025-09-20 09:45:46.246,2.723611111111
Yeast Grow 4 Days,pioreactor02,2025-09-20T07:46:16.248000Z,0.071227827421,2025-09-20 09:46:16.248,2.731944444444
Yeast Grow 4 Days,pioreactor02,2025-09-20T07:47:26.246000Z,0.071253955576,2025-09-20 09:47:26.246,2.751388888889
Yeast Grow 4 Days,pioreactor02,2025-09-20T07:47:36.246000Z,0.071251682465,2025-09-20 09:47:36.246,2.754166666667
Yeast Grow 4 Days,pioreactor02,2025-09-20T07:49:06.245000Z,0.071206126718,2025-09-20 09:49:06.245,2.779166666667
Yeast Grow 4 Days,pioreactor02,2025-09-20T07:49:11.246000Z,0.071204369096,2025-09-20 09:49:11.246,2.780555555556
Yeast Grow 4 Days,pioreactor02,2025-09-20T07:49:16.248000Z,0.071204378186,2025-09-20 09:49:16.248,2.781944444444
Yeast Grow 4 Days,pioreactor02,2025-09-20T07:50:21.247000Z,0.07121272571,2025-09-20 09:50:21.247,2.8
Yeast Grow 4 Days,pioreactor02,2025-09-20T07:50:31.246000Z,0.0712077986,2025-09-20 09:50:31.246,2.802777777778
Yeast Grow 4 Days,pioreactor02,2025-09-20T07:52:11.246000Z,0.071175483293,2025-09-20 09:52:11.246,2.830555555556
Yeast Grow 4 Days,pioreactor02,2025-09-20T07:53:36.246000Z,0.071193396508,2025-09-20 09:53:36.246,2.854166666667
Yeast Grow 4 Days,pioreactor02,2025-09-20T07:54:11.249000Z,0.071175862792,2025-09-20 09:54:11.249,2.863888888889
Yeast Grow 4 Days,pioreactor02,2025-09-20T07:54:41.248000Z,0.071184741508,2025-09-20 09:54:41.248,2.872222222222
Yeast Grow 4 Days,pioreactor02,2025-09-20T07:54:56.245000Z,0.071186368516,2025-09-20 09:54:56.245,2.876388888889
Yeast Grow 4 Days,pioreactor02,2025-09-20T07:55:41.249000Z,0.071140521011,2025-09-20 09:55:41.249,2.888888888889
Yeast Grow 4 Days,pioreactor02,2025-09-20T07:57:06.249000Z,0.071165891064,2025-09-20 09:57:06.249,2.9125
Yeast Grow 4 Days,pioreactor02,2025-09-20T07:57:31.246000Z,0.071167407309,2025-09-20 09:57:31.246,2.919444444444
Yeast Grow 4 Days,pioreactor02,2025-09-20T07:57:51.246000Z,0.071202824478,2025-09-20 09:57:51.246,2.925
Yeast Grow 4 Days,pioreactor02,2025-09-20T07:58:26.247000Z,0.071230083062,2025-09-20 09:58:26.247,2.934722222222
Yeast Grow 4 Days,pioreactor02,2025-09-20T07:58:31.246000Z,0.071223871956,2025-09-20 09:58:31.246,2.936111111111
Yeast Grow 4 Days,pioreactor02,2025-09-20T07:58:51.247000Z,0.071232596885,2025-09-20 09:58:51.247,2.941666666667
Yeast Grow 4 Days,pioreactor02,2025-09-20T07:59:11.247000Z,0.071222448585,2025-09-20 09:59:11.247,2.947222222222
Yeast Grow 4 Days,pioreactor02,2025-09-20T07:59:26.246000Z,0.071207637402,2025-09-20 09:59:26.246,2.951388888889
Yeast Grow 4 Days,pioreactor02,2025-09-20T07:59:51.247000Z,0.071190630705,2025-09-20 09:59:51.247,2.958333333333
Yeast Grow 4 Days,pioreactor02,2025-09-20T08:00:01.245000Z,0.071191514433,2025-09-20 10:00:01.245,2.961111111111
Yeast Grow 4 Days,pioreactor02,2025-09-20T08:00:36.246000Z,0.071192910748,2025-09-20 10:00:36.246,2.970833333333
Yeast Grow 4 Days,pioreactor02,2025-09-20T08:02:26.246000Z,0.071239839448,2025-09-20 10:02:26.246,3.001388888889
Yeast Grow 4 Days,pioreactor02,2025-09-20T08:03:11.246000Z,0.071196829903,2025-09-20 10:03:11.246,3.013888888889
Yeast Grow 4 Days,pioreactor02,2025-09-20T08:03:31.248000Z,0.071212346079,2025-09-20 10:03:31.248,3.019444444444
Yeast Grow 4 Days,pioreactor02,2025-09-20T08:03:51.246000Z,0.071221767429,2025-09-20 10:03:51.246,3.025
Yeast Grow 4 Days,pioreactor02,2025-09-20T08:04:36.246000Z,0.071267904721,2025-09-20 10:04:36.246,3.0375
Yeast Grow 4 Days,pioreactor02,2025-09-20T08:05:11.248000Z,0.071266163537,2025-09-20 10:05:11.248,3.047222222222
Yeast Grow 4 Days,pioreactor02,2025-09-20T08:05:26.247000Z,0.071231223404,2025-09-20 10:05:26.247,3.051388888889
Yeast Grow 4 Days,pioreactor02,2025-09-20T08:05:31.248000Z,0.071246748144,2025-09-20 10:05:31.248,3.052777777778
Yeast Grow 4 Days,pioreactor02,2025-09-20T08:05:36.246000Z,0.07125171635,2025-09-20 10:05:36.246,3.054166666667
Yeast Grow 4 Days,pioreactor02,2025-09-20T08:05:46.247000Z,0.071238756241,2025-09-20 10:05:46.247,3.056944444444
Yeast Grow 4 Days,pioreactor02,2025-09-20T08:05:56.246000Z,0.071247930138,2025-09-20 10:05:56.246,3.059722222222
Yeast Grow 4 Days,pioreactor02,2025-09-20T08:06:11.247000Z,0.071248691815,2025-09-20 10:06:11.247,3.063888888889
Yeast Grow 4 Days,pioreactor02,2025-09-20T08:06:46.246000Z,0.071243204891,2025-09-20 10:06:46.246,3.073611111111
Yeast Grow 4 Days,pioreactor02,2025-09-20T08:06:56.246000Z,0.071248486675,2025-09-20 10:06:56.246,3.076388888889
Yeast Grow 4 Days,pioreactor02,2025-09-20T08:07:06.246000Z,0.07126814096,2025-09-20 10:07:06.246,3.079166666667
Yeast Grow 4 Days,pioreactor02,2025-09-20T08:07:16.247000Z,0.071278729568,2025-09-20 10:07:16.247,3.081944444444
Yeast Grow 4 Days,pioreactor02,2025-09-20T08:07:51.247000Z,0.071264954724,2025-09-20 10:07:51.247,3.091666666667
Yeast Grow 4 Days,pioreactor02,2025-09-20T08:08:16.246000Z,0.071279777297,2025-09-20 10:08:16.246,3.098611111111
Yeast Grow 4 Days,pioreactor02,2025-09-20T08:08:41.246000Z,0.071252465886,2025-09-20 10:08:41.246,3.105555555556
Yeast Grow 4 Days,pioreactor02,2025-09-20T08:08:51.246000Z,0.071257746335,2025-09-20 10:08:51.246,3.108333333333
Yeast Grow 4 Days,pioreactor02,2025-09-20T08:09:26.246000Z,0.071270338665,2025-09-20 10:09:26.246,3.118055555556
Yeast Grow 4 Days,pioreactor02,2025-09-20T08:09:56.248000Z,0.071296727824,2025-09-20 10:09:56.248,3.126388888889
Yeast Grow 4 Days,pioreactor02,2025-09-20T08:10:01.247000Z,0.071301722292,2025-09-20 10:10:01.247,3.127777777778
Yeast Grow 4 Days,pioreactor02,2025-09-20T08:11:36.246000Z,0.071281003712,2025-09-20 10:11:36.246,3.154166666667
Yeast Grow 4 Days,pioreactor02,2025-09-20T08:12:01.247000Z,0.071225005708,2025-09-20 10:12:01.247,3.161111111111
Yeast Grow 4 Days,pioreactor02,2025-09-20T08:12:41.247000Z,0.071219772329,2025-09-20 10:12:41.247,3.172222222222
Yeast Grow 4 Days,pioreactor02,2025-09-20T08:13:26.248000Z,0.071245057394,2025-09-20 10:13:26.248,3.184722222222
Yeast Grow 4 Days,pioreactor02,2025-09-20T08:14:06.247000Z,0.071255916645,2025-09-20 10:14:06.247,3.195833333333
Yeast Grow 4 Days,pioreactor02,2025-09-20T08:14:31.246000Z,0.071288169189,2025-09-20 10:14:31.246,3.202777777778
Yeast Grow 4 Days,pioreactor02,2025-09-20T08:15:41.247000Z,0.071276364328,2025-09-20 10:15:41.247,3.222222222222
Yeast Grow 4 Days,pioreactor02,2025-09-20T08:15:56.246000Z,0.071274585835,2025-09-20 10:15:56.246,3.226388888889
Yeast Grow 4 Days,pioreactor02,2025-09-20T08:16:21.246000Z,0.071273536214,2025-09-20 10:16:21.246,3.233333333333
Yeast Grow 4 Days,pioreactor02,2025-09-20T08:16:36.246000Z,0.071264216372,2025-09-20 10:16:36.246,3.2375
Yeast Grow 4 Days,pioreactor02,2025-09-20T08:16:46.247000Z,0.071250116685,2025-09-20 10:16:46.247,3.240277777778
Yeast Grow 4 Days,pioreactor02,2025-09-20T08:16:56.247000Z,0.071269164195,2025-09-20 10:16:56.247,3.243055555556
Yeast Grow 4 Days,pioreactor02,2025-09-20T08:17:06.246000Z,0.071283097094,2025-09-20 10:17:06.246,3.245833333333
Yeast Grow 4 Days,pioreactor02,2025-09-20T08:17:11.246000Z,0.071276216104,2025-09-20 10:17:11.246,3.247222222222
Yeast Grow 4 Days,pioreactor02,2025-09-20T08:17:56.246000Z,0.071246766566,2025-09-20 10:17:56.246,3.259722222222
Yeast Grow 4 Days,pioreactor02,2025-09-20T08:18:46.246000Z,0.07119931812,2025-09-20 10:18:46.246,3.273611111111
Yeast Grow 4 Days,pioreactor02,2025-09-20T08:19:36.246000Z,0.071201262397,2025-09-20 10:19:36.246,3.2875
Yeast Grow 4 Days,pioreactor02,2025-09-20T08:19:51.245000Z,0.07121243715,2025-09-20 10:19:51.245,3.291666666667
Yeast Grow 4 Days,pioreactor02,2025-09-20T08:20:31.248000Z,0.071210397295,2025-09-20 10:20:31.248,3.302777777778
Yeast Grow 4 Days,pioreactor02,2025-09-20T08:21:06.246000Z,0.071189454146,2025-09-20 10:21:06.246,3.3125
Yeast Grow 4 Days,pioreactor02,2025-09-20T08:21:11.246000Z,0.071188702012,2025-09-20 10:21:11.246,3.313888888889
Yeast Grow 4 Days,pioreactor02,2025-09-20T08:21:46.248000Z,0.071174704171,2025-09-20 10:21:46.248,3.323611111111
Yeast Grow 4 Days,pioreactor02,2025-09-20T08:21:56.248000Z,0.071178931115,2025-09-20 10:21:56.248,3.326388888889
Yeast Grow 4 Days,pioreactor02,2025-09-20T08:22:01.247000Z,0.071176014143,2025-09-20 10:22:01.247,3.327777777778
Yeast Grow 4 Days,pioreactor02,2025-09-20T08:22:11.248000Z,0.071156234275,2025-09-20 10:22:11.248,3.330555555556
Yeast Grow 4 Days,pioreactor02,2025-09-20T08:22:26.247000Z,0.07114814188,2025-09-20 10:22:26.247,3.334722222222
Yeast Grow 4 Days,pioreactor02,2025-09-20T08:22:31.246000Z,0.071154947662,2025-09-20 10:22:31.246,3.336111111111
Yeast Grow 4 Days,pioreactor02,2025-09-20T08:22:46.247000Z,0.071135084211,2025-09-20 10:22:46.247,3.340277777778
Yeast Grow 4 Days,pioreactor02,2025-09-20T08:22:51.246000Z,0.07113032217,2025-09-20 10:22:51.246,3.341666666667
Yeast Grow 4 Days,pioreactor02,2025-09-20T08:23:01.248000Z,0.071136032975,2025-09-20 10:23:01.248,3.344444444444
Yeast Grow 4 Days,pioreactor02,2025-09-20T08:23:11.247000Z,0.071131068661,2025-09-20 10:23:11.247,3.347222222222
Yeast Grow 4 Days,pioreactor02,2025-09-20T08:23:46.246000Z,0.07114180261,2025-09-20 10:23:46.246,3.356944444444
Yeast Grow 4 Days,pioreactor02,2025-09-20T08:24:36.246000Z,0.071155683758,2025-09-20 10:24:36.246,3.370833333333
Yeast Grow 4 Days,pioreactor02,2025-09-20T08:24:46.248000Z,0.071171156234,2025-09-20 10:24:46.248,3.373611111111
Yeast Grow 4 Days,pioreactor02,2025-09-20T08:26:06.247000Z,0.071158838151,2025-09-20 10:26:06.247,3.395833333333
Yeast Grow 4 Days,pioreactor02,2025-09-20T08:26:11.249000Z,0.071167924586,2025-09-20 10:26:11.249,3.397222222222
Yeast Grow 4 Days,pioreactor02,2025-09-20T08:26:26.247000Z,0.071183137286,2025-09-20 10:26:26.247,3.401388888889
Yeast Grow 4 Days,pioreactor02,2025-09-20T08:26:51.248000Z,0.071164615581,2025-09-20 10:26:51.248,3.408333333333
Yeast Grow 4 Days,pioreactor02,2025-09-20T08:28:16.246000Z,0.071227137013,2025-09-20 10:28:16.246,3.431944444444
Yeast Grow 4 Days,pioreactor02,2025-09-20T08:28:41.250000Z,0.071223283979,2025-09-20 10:28:41.250,3.438888888889
Yeast Grow 4 Days,pioreactor02,2025-09-20T08:28:46.249000Z,0.071221191551,2025-09-20 10:28:46.249,3.440277777778
Yeast Grow 4 Days,pioreactor02,2025-09-20T08:29:01.246000Z,0.071218085974,2025-09-20 10:29:01.246,3.444444444444
Yeast Grow 4 Days,pioreactor02,2025-09-20T08:30:16.249000Z,0.071234382719,2025-09-20 10:30:16.249,3.465277777778
Yeast Grow 4 Days,pioreactor02,2025-09-20T08:30:21.249000Z,0.071225792897,2025-09-20 10:30:21.249,3.466666666667
Yeast Grow 4 Days,pioreactor02,2025-09-20T08:30:46.247000Z,0.071209432201,2025-09-20 10:30:46.247,3.473611111111
Yeast Grow 4 Days,pioreactor02,2025-09-20T08:30:56.245000Z,0.071206699054,2025-09-20 10:30:56.245,3.476388888889
Yeast Grow 4 Days,pioreactor02,2025-09-20T08:31:01.246000Z,0.071213237179,2025-09-20 10:31:01.246,3.477777777778
Yeast Grow 4 Days,pioreactor02,2025-09-20T08:31:56.246000Z,0.071153961892,2025-09-20 10:31:56.246,3.493055555556
Yeast Grow 4 Days,pioreactor02,2025-09-20T08:34:31.249000Z,0.071129887254,2025-09-20 10:34:31.249,3.536111111111
Yeast Grow 4 Days,pioreactor02,2025-09-20T08:35:26.247000Z,0.071158484263,2025-09-20 10:35:26.247,3.551388888889
Yeast Grow 4 Days,pioreactor02,2025-09-20T08:35:46.249000Z,0.071146551442,2025-09-20 10:35:46.249,3.556944444444
Yeast Grow 4 Days,pioreactor02,2025-09-20T08:36:36.248000Z,0.071152854408,2025-09-20 10:36:36.248,3.570833333333
Yeast Grow 4 Days,pioreactor02,2025-09-20T08:36:56.247000Z,0.071158754591,2025-09-20 10:36:56.247,3.576388888889
Yeast Grow 4 Days,pioreactor02,2025-09-20T08:37:31.246000Z,0.071143192386,2025-09-20 10:37:31.246,3.586111111111
Yeast Grow 4 Days,pioreactor02,2025-09-20T08:38:31.246000Z,0.071185326273,2025-09-20 10:38:31.246,3.602777777778
Yeast Grow 4 Days,pioreactor02,2025-09-20T08:38:36.246000Z,0.071179141466,2025-09-20 10:38:36.246,3.604166666667
Yeast Grow 4 Days,pioreactor02,2025-09-20T08:38:46.246000Z,0.07116629501,2025-09-20 10:38:46.246,3.606944444444
Yeast Grow 4 Days,pioreactor02,2025-09-20T08:38:56.248000Z,0.071175425287,2025-09-20 10:38:56.248,3.609722222222
Yeast Grow 4 Days,pioreactor02,2025-09-20T08:39:11.247000Z,0.071214032307,2025-09-20 10:39:11.247,3.613888888889
Yeast Grow 4 Days,pioreactor02,2025-09-20T08:40:06.247000Z,0.071251019497,2025-09-20 10:40:06.247,3.629166666667
Yeast Grow 4 Days,pioreactor02,2025-09-20T08:40:16.246000Z,0.071262367723,2025-09-20 10:40:16.246,3.631944444444
Yeast Grow 4 Days,pioreactor02,2025-09-20T08:40:56.247000Z,0.071227271963,2025-09-20 10:40:56.247,3.643055555556
Yeast Grow 4 Days,pioreactor02,2025-09-20T08:41:11.247000Z,0.071210828972,2025-09-20 10:41:11.247,3.647222222222
Yeast Grow 4 Days,pioreactor02,2025-09-20T08:41:21.246000Z,0.071219302544,2025-09-20 10:41:21.246,3.65
Yeast Grow 4 Days,pioreactor02,2025-09-20T08:42:01.247000Z,0.071235093368,2025-09-20 10:42:01.247,3.661111111111
Yeast Grow 4 Days,pioreactor02,2025-09-20T08:42:26.246000Z,0.071195638463,2025-09-20 10:42:26.246,3.668055555556
Yeast Grow 4 Days,pioreactor02,2025-09-20T08:42:36.246000Z,0.071193605611,2025-09-20 10:42:36.246,3.670833333333
Yeast Grow 4 Days,pioreactor02,2025-09-20T08:43:36.252000Z,0.071166964822,2025-09-20 10:43:36.252,3.6875
Yeast Grow 4 Days,pioreactor02,2025-09-20T08:43:51.246000Z,0.071148604653,2025-09-20 10:43:51.246,3.691666666667
Yeast Grow 4 Days,pioreactor02,2025-09-20T08:43:56.246000Z,0.071178129638,2025-09-20 10:43:56.246,3.693055555556
Yeast Grow 4 Days,pioreactor02,2025-09-20T08:44:21.248000Z,0.071171321876,2025-09-20 10:44:21.248,3.7
Yeast Grow 4 Days,pioreactor02,2025-09-20T08:45:51.246000Z,0.071225090112,2025-09-20 10:45:51.246,3.725
Yeast Grow 4 Days,pioreactor02,2025-09-20T08:46:01.246000Z,0.07119631325,2025-09-20 10:46:01.246,3.727777777778
Yeast Grow 4 Days,pioreactor02,2025-09-20T08:46:26.248000Z,0.07119790747,2025-09-20 10:46:26.248,3.734722222222
Yeast Grow 4 Days,pioreactor02,2025-09-20T08:46:31.247000Z,0.071203711933,2025-09-20 10:46:31.247,3.736111111111
Yeast Grow 4 Days,pioreactor02,2025-09-20T08:47:06.246000Z,0.071198097924,2025-09-20 10:47:06.246,3.745833333333
Yeast Grow 4 Days,pioreactor02,2025-09-20T08:47:26.246000Z,0.071201320965,2025-09-20 10:47:26.246,3.751388888889
Yeast Grow 4 Days,pioreactor02,2025-09-20T08:47:41.247000Z,0.071208091909,2025-09-20 10:47:41.247,3.755555555556
Yeast Grow 4 Days,pioreactor02,2025-09-20T08:47:46.246000Z,0.071206902448,2025-09-20 10:47:46.246,3.756944444444
Yeast Grow 4 Days,pioreactor02,2025-09-20T08:47:56.246000Z,0.071180562439,2025-09-20 10:47:56.246,3.759722222222
Yeast Grow 4 Days,pioreactor02,2025-09-20T08:48:56.246000Z,0.071143939415,2025-09-20 10:48:56.246,3.776388888889
Yeast Grow 4 Days,pioreactor02,2025-09-20T08:49:21.249000Z,0.071175067903,2025-09-20 10:49:21.249,3.783333333333
Yeast Grow 4 Days,pioreactor02,2025-09-20T08:49:41.245000Z,0.071181240446,2025-09-20 10:49:41.245,3.788888888889
Yeast Grow 4 Days,pioreactor02,2025-09-20T08:50:01.246000Z,0.071180386394,2025-09-20 10:50:01.246,3.794444444444
Yeast Grow 4 Days,pioreactor02,2025-09-20T08:50:31.248000Z,0.071181243663,2025-09-20 10:50:31.248,3.802777777778
Yeast Grow 4 Days,pioreactor02,2025-09-20T08:51:01.246000Z,0.07115090717,2025-09-20 10:51:01.246,3.811111111111
Yeast Grow 4 Days,pioreactor02,2025-09-20T08:51:06.247000Z,0.071143530743,2025-09-20 10:51:06.247,3.8125
Yeast Grow 4 Days,pioreactor02,2025-09-20T08:51:41.246000Z,0.071136026682,2025-09-20 10:51:41.246,3.822222222222
Yeast Grow 4 Days,pioreactor02,2025-09-20T08:53:11.246000Z,0.0711679582,2025-09-20 10:53:11.246,3.847222222222
Yeast Grow 4 Days,pioreactor02,2025-09-20T08:53:21.247000Z,0.071145230487,2025-09-20 10:53:21.247,3.85
Yeast Grow 4 Days,pioreactor02,2025-09-20T08:54:16.248000Z,0.071170229181,2025-09-20 10:54:16.248,3.865277777778
Yeast Grow 4 Days,pioreactor02,2025-09-20T08:54:36.247000Z,0.071137449172,2025-09-20 10:54:36.247,3.870833333333
Yeast Grow 4 Days,pioreactor02,2025-09-20T08:54:56.245000Z,0.071148180216,2025-09-20 10:54:56.245,3.876388888889
Yeast Grow 4 Days,pioreactor02,2025-09-20T08:55:01.247000Z,0.071154592195,2025-09-20 10:55:01.247,3.877777777778
Yeast Grow 4 Days,pioreactor02,2025-09-20T08:55:41.246000Z,0.071143100924,2025-09-20 10:55:41.246,3.888888888889
Yeast Grow 4 Days,pioreactor02,2025-09-20T08:56:31.247000Z,0.071165275554,2025-09-20 10:56:31.247,3.902777777778
Yeast Grow 4 Days,pioreactor02,2025-09-20T08:56:41.247000Z,0.071172726772,2025-09-20 10:56:41.247,3.905555555556
Yeast Grow 4 Days,pioreactor02,2025-09-20T08:57:06.246000Z,0.071178976313,2025-09-20 10:57:06.246,3.9125
Yeast Grow 4 Days,pioreactor02,2025-09-20T08:57:11.246000Z,0.071186689082,2025-09-20 10:57:11.246,3.913888888889
Yeast Grow 4 Days,pioreactor02,2025-09-20T08:57:46.246000Z,0.071164550232,2025-09-20 10:57:46.246,3.923611111111
Yeast Grow 4 Days,pioreactor02,2025-09-20T08:57:56.249000Z,0.071140494598,2025-09-20 10:57:56.249,3.926388888889
Yeast Grow 4 Days,pioreactor02,2025-09-20T08:58:21.246000Z,0.071141613401,2025-09-20 10:58:21.246,3.933333333333
Yeast Grow 4 Days,pioreactor02,2025-09-20T08:59:16.246000Z,0.071145249681,2025-09-20 10:59:16.246,3.948611111111
Yeast Grow 4 Days,pioreactor02,2025-09-20T09:00:41.246000Z,0.071082587746,2025-09-20 11:00:41.246,3.972222222222
Yeast Grow 4 Days,pioreactor02,2025-09-20T09:00:46.248000Z,0.071081251142,2025-09-20 11:00:46.248,3.973611111111
Yeast Grow 4 Days,pioreactor02,2025-09-20T09:01:06.246000Z,0.07108804382,2025-09-20 11:01:06.246,3.979166666667
Yeast Grow 4 Days,pioreactor02,2025-09-20T09:02:36.248000Z,0.071105755154,2025-09-20 11:02:36.248,4.004166666667
Yeast Grow 4 Days,pioreactor02,2025-09-20T09:03:36.246000Z,0.071089173691,2025-09-20 11:03:36.246,4.020833333333
Yeast Grow 4 Days,pioreactor02,2025-09-20T09:05:01.249000Z,0.071076733046,2025-09-20 11:05:01.249,4.044444444444
Yeast Grow 4 Days,pioreactor02,2025-09-20T09:05:56.246000Z,0.071083061982,2025-09-20 11:05:56.246,4.059722222222
Yeast Grow 4 Days,pioreactor02,2025-09-20T09:06:16.248000Z,0.07109608832,2025-09-20 11:06:16.248,4.065277777778
Yeast Grow 4 Days,pioreactor02,2025-09-20T09:07:31.245000Z,0.071090905938,2025-09-20 11:07:31.245,4.086111111111
Yeast Grow 4 Days,pioreactor02,2025-09-20T09:07:36.246000Z,0.071090792524,2025-09-20 11:07:36.246,4.0875
Yeast Grow 4 Days,pioreactor02,2025-09-20T09:08:26.247000Z,0.071093959045,2025-09-20 11:08:26.247,4.101388888889
Yeast Grow 4 Days,pioreactor02,2025-09-20T09:08:31.246000Z,0.071096868231,2025-09-20 11:08:31.246,4.102777777778
Yeast Grow 4 Days,pioreactor02,2025-09-20T09:08:41.247000Z,0.071113536508,2025-09-20 11:08:41.247,4.105555555556
Yeast Grow 4 Days,pioreactor02,2025-09-20T09:08:46.245000Z,0.071107407767,2025-09-20 11:08:46.245,4.106944444444
Yeast Grow 4 Days,pioreactor02,2025-09-20T09:09:06.246000Z,0.07110513621,2025-09-20 11:09:06.246,4.1125
Yeast Grow 4 Days,pioreactor02,2025-09-20T09:09:16.246000Z,0.071090603236,2025-09-20 11:09:16.246,4.115277777778
Yeast Grow 4 Days,pioreactor02,2025-09-20T09:09:21.247000Z,0.071093775473,2025-09-20 11:09:21.247,4.116666666667
Yeast Grow 4 Days,pioreactor02,2025-09-20T09:09:41.246000Z,0.071093378805,2025-09-20 11:09:41.246,4.122222222222
Yeast Grow 4 Days,pioreactor02,2025-09-20T09:09:46.246000Z,0.071104403445,2025-09-20 11:09:46.246,4.123611111111
Yeast Grow 4 Days,pioreactor02,2025-09-20T09:10:06.246000Z,0.07110217608,2025-09-20 11:10:06.246,4.129166666667
Yeast Grow 4 Days,pioreactor02,2025-09-20T09:10:11.247000Z,0.071101998612,2025-09-20 11:10:11.247,4.130555555556
Yeast Grow 4 Days,pioreactor02,2025-09-20T09:10:41.246000Z,0.071106562933,2025-09-20 11:10:41.246,4.138888888889
Yeast Grow 4 Days,pioreactor02,2025-09-20T09:11:41.246000Z,0.071067710096,2025-09-20 11:11:41.246,4.155555555556
Yeast Grow 4 Days,pioreactor02,2025-09-20T09:13:46.246000Z,0.07123194637,2025-09-20 11:13:46.246,4.190277777778
Yeast Grow 4 Days,pioreactor02,2025-09-20T09:13:56.247000Z,0.071216145612,2025-09-20 11:13:56.247,4.193055555556
Yeast Grow 4 Days,pioreactor02,2025-09-20T09:14:16.246000Z,0.071224565874,2025-09-20 11:14:16.246,4.198611111111
Yeast Grow 4 Days,pioreactor02,2025-09-20T09:15:06.247000Z,0.071209261078,2025-09-20 11:15:06.247,4.2125
Yeast Grow 4 Days,pioreactor02,2025-09-20T09:16:31.248000Z,0.071170274804,2025-09-20 11:16:31.248,4.236111111111
Yeast Grow 4 Days,pioreactor02,2025-09-20T09:16:46.248000Z,0.071167012789,2025-09-20 11:16:46.248,4.240277777778
Yeast Grow 4 Days,pioreactor02,2025-09-20T09:17:36.246000Z,0.071135862082,2025-09-20 11:17:36.246,4.254166666667
Yeast Grow 4 Days,pioreactor02,2025-09-20T09:17:56.246000Z,0.071143073768,2025-09-20 11:17:56.246,4.259722222222
Yeast Grow 4 Days,pioreactor02,2025-09-20T09:18:16.247000Z,0.071123380436,2025-09-20 11:18:16.247,4.265277777778
Yeast Grow 4 Days,pioreactor02,2025-09-20T09:18:26.247000Z,0.07109504433,2025-09-20 11:18:26.247,4.268055555556
Yeast Grow 4 Days,pioreactor02,2025-09-20T09:18:36.246000Z,0.071099670265,2025-09-20 11:18:36.246,4.270833333333
Yeast Grow 4 Days,pioreactor02,2025-09-20T09:20:41.246000Z,0.071126195194,2025-09-20 11:20:41.246,4.305555555556
Yeast Grow 4 Days,pioreactor02,2025-09-20T09:21:01.246000Z,0.07113788581,2025-09-20 11:21:01.246,4.311111111111
Yeast Grow 4 Days,pioreactor02,2025-09-20T09:21:31.246000Z,0.071117389466,2025-09-20 11:21:31.246,4.319444444444
Yeast Grow 4 Days,pioreactor02,2025-09-20T09:22:46.246000Z,0.071091797858,2025-09-20 11:22:46.246,4.340277777778
Yeast Grow 4 Days,pioreactor02,2025-09-20T09:23:01.247000Z,0.071112862237,2025-09-20 11:23:01.247,4.344444444444
Yeast Grow 4 Days,pioreactor02,2025-09-20T09:23:21.248000Z,0.07112969757,2025-09-20 11:23:21.248,4.35
Yeast Grow 4 Days,pioreactor02,2025-09-20T09:24:01.246000Z,0.071118115867,2025-09-20 11:24:01.246,4.361111111111
Yeast Grow 4 Days,pioreactor02,2025-09-20T09:24:31.247000Z,0.071091628782,2025-09-20 11:24:31.247,4.369444444444
Yeast Grow 4 Days,pioreactor02,2025-09-20T09:24:41.247000Z,0.071098907176,2025-09-20 11:24:41.247,4.372222222222
Yeast Grow 4 Days,pioreactor02,2025-09-20T09:24:51.249000Z,0.071111633749,2025-09-20 11:24:51.249,4.375
Yeast Grow 4 Days,pioreactor02,2025-09-20T09:25:26.249000Z,0.071095376026,2025-09-20 11:25:26.249,4.384722222222
Yeast Grow 4 Days,pioreactor02,2025-09-20T09:25:31.247000Z,0.071104507254,2025-09-20 11:25:31.247,4.386111111111
Yeast Grow 4 Days,pioreactor02,2025-09-20T09:25:56.247000Z,0.071123600047,2025-09-20 11:25:56.247,4.393055555556
Yeast Grow 4 Days,pioreactor02,2025-09-20T09:26:26.247000Z,0.071108987597,2025-09-20 11:26:26.247,4.401388888889
Yeast Grow 4 Days,pioreactor02,2025-09-20T09:26:31.246000Z,0.071106258117,2025-09-20 11:26:31.246,4.402777777778
Yeast Grow 4 Days,pioreactor02,2025-09-20T09:26:41.247000Z,0.07108896587,2025-09-20 11:26:41.247,4.405555555556
Yeast Grow 4 Days,pioreactor02,2025-09-20T09:27:06.248000Z,0.071091818242,2025-09-20 11:27:06.248,4.4125
Yeast Grow 4 Days,pioreactor02,2025-09-20T09:27:16.246000Z,0.071062046835,2025-09-20 11:27:16.246,4.415277777778
Yeast Grow 4 Days,pioreactor02,2025-09-20T09:27:41.247000Z,0.071024807497,2025-09-20 11:27:41.247,4.422222222222
Yeast Grow 4 Days,pioreactor02,2025-09-20T09:27:51.246000Z,0.071042721961,2025-09-20 11:27:51.246,4.425
Yeast Grow 4 Days,pioreactor02,2025-09-20T09:28:21.248000Z,0.071074181229,2025-09-20 11:28:21.248,4.433333333333
Yeast Grow 4 Days,pioreactor02,2025-09-20T09:30:16.246000Z,0.071059819483,2025-09-20 11:30:16.246,4.465277777778
Yeast Grow 4 Days,pioreactor02,2025-09-20T09:30:26.248000Z,0.071049467802,2025-09-20 11:30:26.248,4.468055555556
Yeast Grow 4 Days,pioreactor02,2025-09-20T09:31:11.248000Z,0.071051931819,2025-09-20 11:31:11.248,4.480555555556
Yeast Grow 4 Days,pioreactor02,2025-09-20T09:31:26.247000Z,0.071040774351,2025-09-20 11:31:26.247,4.484722222222
Yeast Grow 4 Days,pioreactor02,2025-09-20T09:31:36.248000Z,0.071034602904,2025-09-20 11:31:36.248,4.4875
Yeast Grow 4 Days,pioreactor02,2025-09-20T09:31:41.246000Z,0.071043783114,2025-09-20 11:31:41.246,4.488888888889
Yeast Grow 4 Days,pioreactor02,2025-09-20T09:33:16.246000Z,0.071058186157,2025-09-20 11:33:16.246,4.515277777778
Yeast Grow 4 Days,pioreactor02,2025-09-20T09:33:51.248000Z,0.07102631061,2025-09-20 11:33:51.248,4.525
Yeast Grow 4 Days,pioreactor02,2025-09-20T09:34:51.246000Z,0.071030144939,2025-09-20 11:34:51.246,4.541666666667
Yeast Grow 4 Days,pioreactor02,2025-09-20T09:35:41.248000Z,0.07103410226,2025-09-20 11:35:41.248,4.555555555556
Yeast Grow 4 Days,pioreactor02,2025-09-20T09:36:41.246000Z,0.071049542658,2025-09-20 11:36:41.246,4.572222222222
Yeast Grow 4 Days,pioreactor02,2025-09-20T09:37:01.247000Z,0.071052417576,2025-09-20 11:37:01.247,4.577777777778
Yeast Grow 4 Days,pioreactor02,2025-09-20T09:37:06.246000Z,0.071047376308,2025-09-20 11:37:06.246,4.579166666667
Yeast Grow 4 Days,pioreactor02,2025-09-20T09:37:26.246000Z,0.071054103172,2025-09-20 11:37:26.246,4.584722222222
Yeast Grow 4 Days,pioreactor02,2025-09-20T09:37:41.246000Z,0.071074739661,2025-09-20 11:37:41.246,4.588888888889
Yeast Grow 4 Days,pioreactor02,2025-09-20T09:38:21.247000Z,0.071039360194,2025-09-20 11:38:21.247,4.6
Yeast Grow 4 Days,pioreactor02,2025-09-20T09:38:41.253000Z,0.071036123963,2025-09-20 11:38:41.253,4.605555555556
Yeast Grow 4 Days,pioreactor02,2025-09-20T09:38:56.246000Z,0.07104746347,2025-09-20 11:38:56.246,4.609722222222
Yeast Grow 4 Days,pioreactor02,2025-09-20T09:39:06.247000Z,0.071047078717,2025-09-20 11:39:06.247,4.6125
Yeast Grow 4 Days,pioreactor02,2025-09-20T09:40:06.247000Z,0.071067555096,2025-09-20 11:40:06.247,4.629166666667
Yeast Grow 4 Days,pioreactor02,2025-09-20T09:40:11.249000Z,0.071063381916,2025-09-20 11:40:11.249,4.630555555556
Yeast Grow 4 Days,pioreactor02,2025-09-20T09:40:21.246000Z,0.07106374002,2025-09-20 11:40:21.246,4.633333333333
Yeast Grow 4 Days,pioreactor02,2025-09-20T09:40:31.247000Z,0.071055378269,2025-09-20 11:40:31.247,4.636111111111
Yeast Grow 4 Days,pioreactor02,2025-09-20T09:40:56.247000Z,0.071074495409,2025-09-20 11:40:56.247,4.643055555556
Yeast Grow 4 Days,pioreactor02,2025-09-20T09:41:51.246000Z,0.07106085682,2025-09-20 11:41:51.246,4.658333333333
Yeast Grow 4 Days,pioreactor02,2025-09-20T09:42:11.248000Z,0.071075908938,2025-09-20 11:42:11.248,4.663888888889
Yeast Grow 4 Days,pioreactor02,2025-09-20T09:42:41.248000Z,0.071079681303,2025-09-20 11:42:41.248,4.672222222222
Yeast Grow 4 Days,pioreactor02,2025-09-20T09:45:21.247000Z,0.071095704374,2025-09-20 11:45:21.247,4.716666666667
Yeast Grow 4 Days,pioreactor02,2025-09-20T09:45:56.246000Z,0.07111328744,2025-09-20 11:45:56.246,4.726388888889
Yeast Grow 4 Days,pioreactor02,2025-09-20T09:48:01.247000Z,0.071071249651,2025-09-20 11:48:01.247,4.761111111111
Yeast Grow 4 Days,pioreactor02,2025-09-20T09:49:01.247000Z,0.071076007493,2025-09-20 11:49:01.247,4.777777777778
Yeast Grow 4 Days,pioreactor02,2025-09-20T09:49:46.249000Z,0.071122970498,2025-09-20 11:49:46.249,4.790277777778
Yeast Grow 4 Days,pioreactor02,2025-09-20T09:50:01.247000Z,0.071134825991,2025-09-20 11:50:01.247,4.794444444444
Yeast Grow 4 Days,pioreactor02,2025-09-20T09:50:36.248000Z,0.071147955505,2025-09-20 11:50:36.248,4.804166666667
Yeast Grow 4 Days,pioreactor02,2025-09-20T09:50:41.246000Z,0.071165317594,2025-09-20 11:50:41.246,4.805555555556
Yeast Grow 4 Days,pioreactor02,2025-09-20T09:51:01.246000Z,0.071175150488,2025-09-20 11:51:01.246,4.811111111111
Yeast Grow 4 Days,pioreactor02,2025-09-20T09:51:16.247000Z,0.071170774922,2025-09-20 11:51:16.247,4.815277777778
Yeast Grow 4 Days,pioreactor02,2025-09-20T09:51:21.248000Z,0.07117044502,2025-09-20 11:51:21.248,4.816666666667
Yeast Grow 4 Days,pioreactor02,2025-09-20T09:52:06.246000Z,0.071146585885,2025-09-20 11:52:06.246,4.829166666667
Yeast Grow 4 Days,pioreactor02,2025-09-20T09:52:26.247000Z,0.071104784698,2025-09-20 11:52:26.247,4.834722222222
Yeast Grow 4 Days,pioreactor02,2025-09-20T09:52:56.247000Z,0.07113850023,2025-09-20 11:52:56.247,4.843055555556
Yeast Grow 4 Days,pioreactor02,2025-09-20T09:53:46.246000Z,0.071140434469,2025-09-20 11:53:46.246,4.856944444444
Yeast Grow 4 Days,pioreactor02,2025-09-20T09:53:56.247000Z,0.071144361308,2025-09-20 11:53:56.247,4.859722222222
Yeast Grow 4 Days,pioreactor02,2025-09-20T09:54:51.246000Z,0.071109534735,2025-09-20 11:54:51.246,4.875
Yeast Grow 4 Days,pioreactor02,2025-09-20T09:55:16.250000Z,0.07113154806,2025-09-20 11:55:16.250,4.881944444444
Yeast Grow 4 Days,pioreactor02,2025-09-20T09:55:56.246000Z,0.071149489969,2025-09-20 11:55:56.246,4.893055555556
Yeast Grow 4 Days,pioreactor02,2025-09-20T09:56:21.247000Z,0.071130187582,2025-09-20 11:56:21.247,4.9
Yeast Grow 4 Days,pioreactor02,2025-09-20T09:59:11.247000Z,0.071132062993,2025-09-20 11:59:11.247,4.947222222222
Yeast Grow 4 Days,pioreactor02,2025-09-20T09:59:21.246000Z,0.07114270384,2025-09-20 11:59:21.246,4.95
Yeast Grow 4 Days,pioreactor02,2025-09-20T09:59:31.246000Z,0.071149746715,2025-09-20 11:59:31.246,4.952777777778
Yeast Grow 4 Days,pioreactor02,2025-09-20T10:00:31.247000Z,0.071157946033,2025-09-20 12:00:31.247,4.969444444444
Yeast Grow 4 Days,pioreactor02,2025-09-20T10:00:46.245000Z,0.071158888987,2025-09-20 12:00:46.245,4.973611111111
Yeast Grow 4 Days,pioreactor02,2025-09-20T10:01:21.246000Z,0.071130439436,2025-09-20 12:01:21.246,4.983333333333
Yeast Grow 4 Days,pioreactor02,2025-09-20T10:01:36.246000Z,0.071135088181,2025-09-20 12:01:36.246,4.9875
Yeast Grow 4 Days,pioreactor02,2025-09-20T10:01:46.246000Z,0.071151249837,2025-09-20 12:01:46.246,4.990277777778
Yeast Grow 4 Days,pioreactor02,2025-09-20T10:02:06.246000Z,0.071136347582,2025-09-20 12:02:06.246,4.995833333333
Yeast Grow 4 Days,pioreactor02,2025-09-20T10:02:11.247000Z,0.071128912014,2025-09-20 12:02:11.247,4.997222222222
Yeast Grow 4 Days,pioreactor02,2025-09-20T10:02:56.247000Z,0.071164276596,2025-09-20 12:02:56.247,5.009722222222
Yeast Grow 4 Days,pioreactor02,2025-09-20T10:03:01.246000Z,0.071158620006,2025-09-20 12:03:01.246,5.011111111111
Yeast Grow 4 Days,pioreactor02,2025-09-20T10:03:51.246000Z,0.071132923918,2025-09-20 12:03:51.246,5.025
Yeast Grow 4 Days,pioreactor02,2025-09-20T10:04:01.246000Z,0.071122919607,2025-09-20 12:04:01.246,5.027777777778
Yeast Grow 4 Days,pioreactor02,2025-09-20T10:04:06.246000Z,0.071118698437,2025-09-20 12:04:06.246,5.029166666667
Yeast Grow 4 Days,pioreactor02,2025-09-20T10:04:41.246000Z,0.071120823126,2025-09-20 12:04:41.246,5.038888888889
Yeast Grow 4 Days,pioreactor02,2025-09-20T10:05:31.246000Z,0.07110836408,2025-09-20 12:05:31.246,5.052777777778
Yeast Grow 4 Days,pioreactor02,2025-09-20T10:05:36.246000Z,0.071102334062,2025-09-20 12:05:36.246,5.054166666667
Yeast Grow 4 Days,pioreactor02,2025-09-20T10:06:16.246000Z,0.071098430165,2025-09-20 12:06:16.246,5.065277777778
Yeast Grow 4 Days,pioreactor02,2025-09-20T10:06:21.246000Z,0.071094179028,2025-09-20 12:06:21.246,5.066666666667
Yeast Grow 4 Days,pioreactor02,2025-09-20T10:06:56.247000Z,0.071100110892,2025-09-20 12:06:56.247,5.076388888889
Yeast Grow 4 Days,pioreactor02,2025-09-20T10:07:46.246000Z,0.071126450847,2025-09-20 12:07:46.246,5.090277777778
Yeast Grow 4 Days,pioreactor02,2025-09-20T10:07:51.246000Z,0.071114530502,2025-09-20 12:07:51.246,5.091666666667
Yeast Grow 4 Days,pioreactor02,2025-09-20T10:08:01.246000Z,0.071092447689,2025-09-20 12:08:01.246,5.094444444444
Yeast Grow 4 Days,pioreactor02,2025-09-20T10:08:06.246000Z,0.07110312457,2025-09-20 12:08:06.246,5.095833333333
Yeast Grow 4 Days,pioreactor02,2025-09-20T10:08:11.246000Z,0.071091621353,2025-09-20 12:08:11.246,5.097222222222
Yeast Grow 4 Days,pioreactor02,2025-09-20T10:08:46.246000Z,0.071096372237,2025-09-20 12:08:46.246,5.106944444444
Yeast Grow 4 Days,pioreactor02,2025-09-20T10:09:31.247000Z,0.071071289614,2025-09-20 12:09:31.247,5.119444444444
Yeast Grow 4 Days,pioreactor02,2025-09-20T10:10:36.248000Z,0.071148619761,2025-09-20 12:10:36.248,5.1375
Yeast Grow 4 Days,pioreactor02,2025-09-20T10:10:51.246000Z,0.071151996175,2025-09-20 12:10:51.246,5.141666666667
Yeast Grow 4 Days,pioreactor02,2025-09-20T10:10:56.246000Z,0.071145127577,2025-09-20 12:10:56.246,5.143055555556
Yeast Grow 4 Days,pioreactor02,2025-09-20T10:11:56.248000Z,0.07116659314,2025-09-20 12:11:56.248,5.159722222222
Yeast Grow 4 Days,pioreactor02,2025-09-20T10:12:11.247000Z,0.07118394101,2025-09-20 12:12:11.247,5.163888888889
Yeast Grow 4 Days,pioreactor02,2025-09-20T10:13:06.247000Z,0.071167184621,2025-09-20 12:13:06.247,5.179166666667
Yeast Grow 4 Days,pioreactor02,2025-09-20T10:14:06.247000Z,0.071167281944,2025-09-20 12:14:06.247,5.195833333333
Yeast Grow 4 Days,pioreactor02,2025-09-20T10:14:51.246000Z,0.071184702926,2025-09-20 12:14:51.246,5.208333333333
Yeast Grow 4 Days,pioreactor02,2025-09-20T10:15:46.247000Z,0.071198592961,2025-09-20 12:15:46.247,5.223611111111
Yeast Grow 4 Days,pioreactor02,2025-09-20T10:15:51.260000Z,0.071209934595,2025-09-20 12:15:51.260,5.225
Yeast Grow 4 Days,pioreactor02,2025-09-20T10:16:06.247000Z,0.071216556556,2025-09-20 12:16:06.247,5.229166666667
Yeast Grow 4 Days,pioreactor02,2025-09-20T10:17:56.247000Z,0.071163415875,2025-09-20 12:17:56.247,5.259722222222
Yeast Grow 4 Days,pioreactor02,2025-09-20T10:18:16.247000Z,0.071171108843,2025-09-20 12:18:16.247,5.265277777778
Yeast Grow 4 Days,pioreactor02,2025-09-20T10:18:36.247000Z,0.071194502726,2025-09-20 12:18:36.247,5.270833333333
Yeast Grow 4 Days,pioreactor02,2025-09-20T10:19:11.247000Z,0.071220929372,2025-09-20 12:19:11.247,5.280555555556
Yeast Grow 4 Days,pioreactor02,2025-09-20T10:19:56.248000Z,0.07122533118,2025-09-20 12:19:56.248,5.293055555556
Yeast Grow 4 Days,pioreactor02,2025-09-20T10:20:06.248000Z,0.071233553725,2025-09-20 12:20:06.248,5.295833333333
Yeast Grow 4 Days,pioreactor02,2025-09-20T10:20:16.246000Z,0.071225187254,2025-09-20 12:20:16.246,5.298611111111
Yeast Grow 4 Days,pioreactor02,2025-09-20T10:23:21.246000Z,0.071218709529,2025-09-20 12:23:21.246,5.35
Yeast Grow 4 Days,pioreactor02,2025-09-20T10:23:41.247000Z,0.071229760285,2025-09-20 12:23:41.247,5.355555555556
Yeast Grow 4 Days,pioreactor02,2025-09-20T10:24:21.247000Z,0.071194927461,2025-09-20 12:24:21.247,5.366666666667
Yeast Grow 4 Days,pioreactor02,2025-09-20T10:25:41.248000Z,0.071189600348,2025-09-20 12:25:41.248,5.388888888889
Yeast Grow 4 Days,pioreactor02,2025-09-20T10:27:01.246000Z,0.071178022171,2025-09-20 12:27:01.246,5.411111111111
Yeast Grow 4 Days,pioreactor02,2025-09-20T10:28:36.246000Z,0.071144753673,2025-09-20 12:28:36.246,5.4375
Yeast Grow 4 Days,pioreactor02,2025-09-20T10:29:11.246000Z,0.071183558596,2025-09-20 12:29:11.246,5.447222222222
Yeast Grow 4 Days,pioreactor02,2025-09-20T10:29:41.246000Z,0.071164052763,2025-09-20 12:29:41.246,5.455555555556
Yeast Grow 4 Days,pioreactor02,2025-09-20T10:30:31.247000Z,0.071166886205,2025-09-20 12:30:31.247,5.469444444444
Yeast Grow 4 Days,pioreactor02,2025-09-20T10:31:01.246000Z,0.071158654829,2025-09-20 12:31:01.246,5.477777777778
Yeast Grow 4 Days,pioreactor02,2025-09-20T10:32:51.246000Z,0.071193438219,2025-09-20 12:32:51.246,5.508333333333
Yeast Grow 4 Days,pioreactor02,2025-09-20T10:32:56.248000Z,0.071204896707,2025-09-20 12:32:56.248,5.509722222222
Yeast Grow 4 Days,pioreactor02,2025-09-20T10:34:16.247000Z,0.071203519912,2025-09-20 12:34:16.247,5.531944444444
Yeast Grow 4 Days,pioreactor02,2025-09-20T10:34:21.246000Z,0.071195683841,2025-09-20 12:34:21.246,5.533333333333
Yeast Grow 4 Days,pioreactor02,2025-09-20T10:34:41.246000Z,0.071199128301,2025-09-20 12:34:41.246,5.538888888889
Yeast Grow 4 Days,pioreactor02,2025-09-20T10:34:46.247000Z,0.071187858791,2025-09-20 12:34:46.247,5.540277777778
Yeast Grow 4 Days,pioreactor02,2025-09-20T10:36:16.247000Z,0.07118404686,2025-09-20 12:36:16.247,5.565277777778
Yeast Grow 4 Days,pioreactor02,2025-09-20T10:36:26.248000Z,0.071176142572,2025-09-20 12:36:26.248,5.568055555556
Yeast Grow 4 Days,pioreactor02,2025-09-20T10:37:16.250000Z,0.0711591748,2025-09-20 12:37:16.250,5.581944444444
Yeast Grow 4 Days,pioreactor02,2025-09-20T10:38:21.247000Z,0.071151741282,2025-09-20 12:38:21.247,5.6
Yeast Grow 4 Days,pioreactor02,2025-09-20T10:38:56.246000Z,0.071125517353,2025-09-20 12:38:56.246,5.609722222222
Yeast Grow 4 Days,pioreactor02,2025-09-20T10:39:51.249000Z,0.071118188074,2025-09-20 12:39:51.249,5.625
Yeast Grow 4 Days,pioreactor02,2025-09-20T10:40:21.245000Z,0.071091016845,2025-09-20 12:40:21.245,5.633333333333
Yeast Grow 4 Days,pioreactor02,2025-09-20T10:40:26.246000Z,0.0711025212,2025-09-20 12:40:26.246,5.634722222222
Yeast Grow 4 Days,pioreactor02,2025-09-20T10:40:41.246000Z,0.071116847726,2025-09-20 12:40:41.246,5.638888888889
Yeast Grow 4 Days,pioreactor02,2025-09-20T10:40:56.249000Z,0.071090795823,2025-09-20 12:40:56.249,5.643055555556
Yeast Grow 4 Days,pioreactor02,2025-09-20T10:42:01.246000Z,0.071113474709,2025-09-20 12:42:01.246,5.661111111111
Yeast Grow 4 Days,pioreactor02,2025-09-20T10:43:06.246000Z,0.07111853052,2025-09-20 12:43:06.246,5.679166666667
Yeast Grow 4 Days,pioreactor02,2025-09-20T10:43:31.248000Z,0.071117170655,2025-09-20 12:43:31.248,5.686111111111
Yeast Grow 4 Days,pioreactor02,2025-09-20T10:43:46.247000Z,0.071132518294,2025-09-20 12:43:46.247,5.690277777778
Yeast Grow 4 Days,pioreactor02,2025-09-20T10:44:11.246000Z,0.071103316704,2025-09-20 12:44:11.246,5.697222222222
Yeast Grow 4 Days,pioreactor02,2025-09-20T10:44:26.247000Z,0.071105693106,2025-09-20 12:44:26.247,5.701388888889
Yeast Grow 4 Days,pioreactor02,2025-09-20T10:44:31.249000Z,0.071090018145,2025-09-20 12:44:31.249,5.702777777778
Yeast Grow 4 Days,pioreactor02,2025-09-20T10:44:36.247000Z,0.071066605801,2025-09-20 12:44:36.247,5.704166666667
Yeast Grow 4 Days,pioreactor02,2025-09-20T10:45:06.247000Z,0.07108494365,2025-09-20 12:45:06.247,5.7125
Yeast Grow 4 Days,pioreactor02,2025-09-20T10:45:26.246000Z,0.071104975452,2025-09-20 12:45:26.246,5.718055555556
Yeast Grow 4 Days,pioreactor02,2025-09-20T10:45:36.247000Z,0.071084483153,2025-09-20 12:45:36.247,5.720833333333
Yeast Grow 4 Days,pioreactor02,2025-09-20T10:46:01.248000Z,0.071068614997,2025-09-20 12:46:01.248,5.727777777778
Yeast Grow 4 Days,pioreactor02,2025-09-20T10:46:06.247000Z,0.071070709827,2025-09-20 12:46:06.247,5.729166666667
Yeast Grow 4 Days,pioreactor02,2025-09-20T10:46:26.249000Z,0.071081037737,2025-09-20 12:46:26.249,5.734722222222
Yeast Grow 4 Days,pioreactor02,2025-09-20T10:47:21.245000Z,0.071048202384,2025-09-20 12:47:21.245,5.75
Yeast Grow 4 Days,pioreactor02,2025-09-20T10:48:11.247000Z,0.07105038182,2025-09-20 12:48:11.247,5.763888888889
Yeast Grow 4 Days,pioreactor02,2025-09-20T10:49:56.246000Z,0.071065189779,2025-09-20 12:49:56.246,5.793055555556
Yeast Grow 4 Days,pioreactor02,2025-09-20T10:50:21.246000Z,0.071070114905,2025-09-20 12:50:21.246,5.8
Yeast Grow 4 Days,pioreactor02,2025-09-20T10:50:26.246000Z,0.071051719935,2025-09-20 12:50:26.246,5.801388888889
Yeast Grow 4 Days,pioreactor02,2025-09-20T10:50:51.246000Z,0.071075086226,2025-09-20 12:50:51.246,5.808333333333
Yeast Grow 4 Days,pioreactor02,2025-09-20T10:51:51.246000Z,0.071053184293,2025-09-20 12:51:51.246,5.825
Yeast Grow 4 Days,pioreactor02,2025-09-20T10:52:11.246000Z,0.071049072666,2025-09-20 12:52:11.246,5.830555555556
Yeast Grow 4 Days,pioreactor02,2025-09-20T10:53:26.246000Z,0.071093405805,2025-09-20 12:53:26.246,5.851388888889
Yeast Grow 4 Days,pioreactor02,2025-09-20T10:53:46.247000Z,0.071103585228,2025-09-20 12:53:46.247,5.856944444444
Yeast Grow 4 Days,pioreactor02,2025-09-20T10:54:01.248000Z,0.071090857635,2025-09-20 12:54:01.248,5.861111111111
Yeast Grow 4 Days,pioreactor02,2025-09-20T10:54:46.246000Z,0.071063455825,2025-09-20 12:54:46.246,5.873611111111
Yeast Grow 4 Days,pioreactor02,2025-09-20T10:55:26.246000Z,0.071097135897,2025-09-20 12:55:26.246,5.884722222222
Yeast Grow 4 Days,pioreactor02,2025-09-20T10:55:41.247000Z,0.07110498699,2025-09-20 12:55:41.247,5.888888888889
Yeast Grow 4 Days,pioreactor02,2025-09-20T10:56:11.250000Z,0.071099187748,2025-09-20 12:56:11.250,5.897222222222
Yeast Grow 4 Days,pioreactor02,2025-09-20T10:56:16.246000Z,0.071096669874,2025-09-20 12:56:16.246,5.898611111111
Yeast Grow 4 Days,pioreactor02,2025-09-20T10:56:51.246000Z,0.071090678719,2025-09-20 12:56:51.246,5.908333333333
Yeast Grow 4 Days,pioreactor02,2025-09-20T10:57:11.248000Z,0.071105333996,2025-09-20 12:57:11.248,5.913888888889
Yeast Grow 4 Days,pioreactor02,2025-09-20T10:57:51.246000Z,0.071073638243,2025-09-20 12:57:51.246,5.925
Yeast Grow 4 Days,pioreactor02,2025-09-20T10:58:26.245000Z,0.071084877109,2025-09-20 12:58:26.245,5.934722222222
Yeast Grow 4 Days,pioreactor02,2025-09-20T10:59:01.246000Z,0.071056904541,2025-09-20 12:59:01.246,5.944444444444
Yeast Grow 4 Days,pioreactor02,2025-09-20T10:59:21.246000Z,0.071096514868,2025-09-20 12:59:21.246,5.95
Yeast Grow 4 Days,pioreactor02,2025-09-20T10:59:31.246000Z,0.071094471451,2025-09-20 12:59:31.246,5.952777777778
Yeast Grow 4 Days,pioreactor02,2025-09-20T11:00:16.247000Z,0.071092383961,2025-09-20 13:00:16.247,5.965277777778
Yeast Grow 4 Days,pioreactor02,2025-09-20T11:00:31.247000Z,0.071066365787,2025-09-20 13:00:31.247,5.969444444444
Yeast Grow 4 Days,pioreactor02,2025-09-20T11:00:41.247000Z,0.071078956873,2025-09-20 13:00:41.247,5.972222222222
Yeast Grow 4 Days,pioreactor02,2025-09-20T11:00:51.247000Z,0.071105062872,2025-09-20 13:00:51.247,5.975
Yeast Grow 4 Days,pioreactor02,2025-09-20T11:02:11.245000Z,0.071096524507,2025-09-20 13:02:11.245,5.997222222222
Yeast Grow 4 Days,pioreactor02,2025-09-20T11:03:01.249000Z,0.071120588843,2025-09-20 13:03:01.249,6.011111111111
Yeast Grow 4 Days,pioreactor02,2025-09-20T11:03:06.247000Z,0.071129496469,2025-09-20 13:03:06.247,6.0125
Yeast Grow 4 Days,pioreactor02,2025-09-20T11:03:11.248000Z,0.071133780372,2025-09-20 13:03:11.248,6.013888888889
Yeast Grow 4 Days,pioreactor02,2025-09-20T11:03:46.247000Z,0.0711327537,2025-09-20 13:03:46.247,6.023611111111
Yeast Grow 4 Days,pioreactor02,2025-09-20T11:05:56.247000Z,0.071107491132,2025-09-20 13:05:56.247,6.059722222222
Yeast Grow 4 Days,pioreactor02,2025-09-20T11:06:21.246000Z,0.071099910805,2025-09-20 13:06:21.246,6.066666666667
Yeast Grow 4 Days,pioreactor02,2025-09-20T11:06:51.246000Z,0.071119103723,2025-09-20 13:06:51.246,6.075
Yeast Grow 4 Days,pioreactor02,2025-09-20T11:07:16.246000Z,0.071136248271,2025-09-20 13:07:16.246,6.081944444444
Yeast Grow 4 Days,pioreactor02,2025-09-20T11:07:36.247000Z,0.071134730383,2025-09-20 13:07:36.247,6.0875
Yeast Grow 4 Days,pioreactor02,2025-09-20T11:08:01.248000Z,0.071108977769,2025-09-20 13:08:01.248,6.094444444444
Yeast Grow 4 Days,pioreactor02,2025-09-20T11:09:31.246000Z,0.071179787162,2025-09-20 13:09:31.246,6.119444444444
Yeast Grow 4 Days,pioreactor02,2025-09-20T11:10:21.246000Z,0.0711703414,2025-09-20 13:10:21.246,6.133333333333
Yeast Grow 4 Days,pioreactor02,2025-09-20T11:10:46.248000Z,0.071166068509,2025-09-20 13:10:46.248,6.140277777778
Yeast Grow 4 Days,pioreactor02,2025-09-20T11:11:01.249000Z,0.071158848362,2025-09-20 13:11:01.249,6.144444444444
Yeast Grow 4 Days,pioreactor02,2025-09-20T11:11:06.247000Z,0.071151502146,2025-09-20 13:11:06.247,6.145833333333
Yeast Grow 4 Days,pioreactor02,2025-09-20T11:11:16.248000Z,0.071141575998,2025-09-20 13:11:16.248,6.148611111111
Yeast Grow 4 Days,pioreactor02,2025-09-20T11:11:46.245000Z,0.071141137994,2025-09-20 13:11:46.245,6.156944444444
Yeast Grow 4 Days,pioreactor02,2025-09-20T11:11:56.246000Z,0.071141949173,2025-09-20 13:11:56.246,6.159722222222
Yeast Grow 4 Days,pioreactor02,2025-09-20T11:12:06.246000Z,0.071138472268,2025-09-20 13:12:06.246,6.1625
Yeast Grow 4 Days,pioreactor02,2025-09-20T11:12:16.247000Z,0.071151081424,2025-09-20 13:12:16.247,6.165277777778
Yeast Grow 4 Days,pioreactor02,2025-09-20T11:13:01.247000Z,0.071145361264,2025-09-20 13:13:01.247,6.177777777778
Yeast Grow 4 Days,pioreactor02,2025-09-20T11:14:06.246000Z,0.071120739256,2025-09-20 13:14:06.246,6.195833333333
Yeast Grow 4 Days,pioreactor02,2025-09-20T11:14:16.246000Z,0.071103962057,2025-09-20 13:14:16.246,6.198611111111
Yeast Grow 4 Days,pioreactor02,2025-09-20T11:14:21.246000Z,0.071106837801,2025-09-20 13:14:21.246,6.2
Yeast Grow 4 Days,pioreactor02,2025-09-20T11:14:56.247000Z,0.071085281155,2025-09-20 13:14:56.247,6.209722222222
Yeast Grow 4 Days,pioreactor02,2025-09-20T11:15:26.246000Z,0.071085278747,2025-09-20 13:15:26.246,6.218055555556
Yeast Grow 4 Days,pioreactor02,2025-09-20T11:15:51.249000Z,0.071081660859,2025-09-20 13:15:51.249,6.225
Yeast Grow 4 Days,pioreactor02,2025-09-20T11:16:21.247000Z,0.071078846028,2025-09-20 13:16:21.247,6.233333333333
Yeast Grow 4 Days,pioreactor02,2025-09-20T11:16:46.246000Z,0.071101832481,2025-09-20 13:16:46.246,6.240277777778
Yeast Grow 4 Days,pioreactor02,2025-09-20T11:18:26.246000Z,0.071076367173,2025-09-20 13:18:26.246,6.268055555556
Yeast Grow 4 Days,pioreactor02,2025-09-20T11:18:36.246000Z,0.071075670713,2025-09-20 13:18:36.246,6.270833333333
Yeast Grow 4 Days,pioreactor02,2025-09-20T11:18:41.248000Z,0.071090990692,2025-09-20 13:18:41.248,6.272222222222
Yeast Grow 4 Days,pioreactor02,2025-09-20T11:18:51.247000Z,0.07107436121,2025-09-20 13:18:51.247,6.275
Yeast Grow 4 Days,pioreactor02,2025-09-20T11:19:01.246000Z,0.071090758613,2025-09-20 13:19:01.246,6.277777777778
Yeast Grow 4 Days,pioreactor02,2025-09-20T11:19:11.248000Z,0.071096566726,2025-09-20 13:19:11.248,6.280555555556
Yeast Grow 4 Days,pioreactor02,2025-09-20T11:20:36.247000Z,0.071107927244,2025-09-20 13:20:36.247,6.304166666667
Yeast Grow 4 Days,pioreactor02,2025-09-20T11:22:16.246000Z,0.071064467953,2025-09-20 13:22:16.246,6.331944444444
Yeast Grow 4 Days,pioreactor02,2025-09-20T11:23:06.247000Z,0.071098326398,2025-09-20 13:23:06.247,6.345833333333
Yeast Grow 4 Days,pioreactor02,2025-09-20T11:23:11.247000Z,0.071100794028,2025-09-20 13:23:11.247,6.347222222222
Yeast Grow 4 Days,pioreactor02,2025-09-20T11:25:16.248000Z,0.071079920274,2025-09-20 13:25:16.248,6.381944444444
Yeast Grow 4 Days,pioreactor02,2025-09-20T11:25:26.246000Z,0.071090413544,2025-09-20 13:25:26.246,6.384722222222
Yeast Grow 4 Days,pioreactor02,2025-09-20T11:25:31.249000Z,0.07110914995,2025-09-20 13:25:31.249,6.386111111111
Yeast Grow 4 Days,pioreactor02,2025-09-20T11:26:41.246000Z,0.071109964646,2025-09-20 13:26:41.246,6.405555555556
Yeast Grow 4 Days,pioreactor02,2025-09-20T11:27:01.246000Z,0.071105421885,2025-09-20 13:27:01.246,6.411111111111
Yeast Grow 4 Days,pioreactor02,2025-09-20T11:27:46.246000Z,0.071135298117,2025-09-20 13:27:46.246,6.423611111111
Yeast Grow 4 Days,pioreactor02,2025-09-20T11:28:01.246000Z,0.071134228902,2025-09-20 13:28:01.246,6.427777777778
Yeast Grow 4 Days,pioreactor02,2025-09-20T11:29:11.248000Z,0.07114087088,2025-09-20 13:29:11.248,6.447222222222
Yeast Grow 4 Days,pioreactor02,2025-09-20T11:29:56.246000Z,0.071141090344,2025-09-20 13:29:56.246,6.459722222222
Yeast Grow 4 Days,pioreactor02,2025-09-20T11:30:16.248000Z,0.071152314784,2025-09-20 13:30:16.248,6.465277777778
Yeast Grow 4 Days,pioreactor02,2025-09-20T11:30:31.246000Z,0.071137915139,2025-09-20 13:30:31.246,6.469444444444
Yeast Grow 4 Days,pioreactor02,2025-09-20T11:31:01.247000Z,0.071156594717,2025-09-20 13:31:01.247,6.477777777778
Yeast Grow 4 Days,pioreactor02,2025-09-20T11:31:21.249000Z,0.071148097179,2025-09-20 13:31:21.249,6.483333333333
Yeast Grow 4 Days,pioreactor02,2025-09-20T11:32:56.247000Z,0.07120344419,2025-09-20 13:32:56.247,6.509722222222
Yeast Grow 4 Days,pioreactor02,2025-09-20T11:33:36.246000Z,0.071195810059,2025-09-20 13:33:36.246,6.520833333333
Yeast Grow 4 Days,pioreactor02,2025-09-20T11:33:41.246000Z,0.071186598254,2025-09-20 13:33:41.246,6.522222222222
Yeast Grow 4 Days,pioreactor02,2025-09-20T11:34:01.247000Z,0.071205739938,2025-09-20 13:34:01.247,6.527777777778
Yeast Grow 4 Days,pioreactor02,2025-09-20T11:34:26.248000Z,0.071189478858,2025-09-20 13:34:26.248,6.534722222222
Yeast Grow 4 Days,pioreactor02,2025-09-20T11:34:31.246000Z,0.071191499102,2025-09-20 13:34:31.246,6.536111111111
Yeast Grow 4 Days,pioreactor02,2025-09-20T11:34:51.246000Z,0.071196423316,2025-09-20 13:34:51.246,6.541666666667
Yeast Grow 4 Days,pioreactor02,2025-09-20T11:34:56.246000Z,0.071212642224,2025-09-20 13:34:56.246,6.543055555556
Yeast Grow 4 Days,pioreactor02,2025-09-20T11:36:31.247000Z,0.071198377133,2025-09-20 13:36:31.247,6.569444444444
Yeast Grow 4 Days,pioreactor02,2025-09-20T11:37:41.246000Z,0.071250873726,2025-09-20 13:37:41.246,6.588888888889
Yeast Grow 4 Days,pioreactor02,2025-09-20T11:38:01.246000Z,0.071240244401,2025-09-20 13:38:01.246,6.594444444444
Yeast Grow 4 Days,pioreactor02,2025-09-20T11:38:06.246000Z,0.071226068221,2025-09-20 13:38:06.246,6.595833333333
Yeast Grow 4 Days,pioreactor02,2025-09-20T11:39:31.247000Z,0.071245747625,2025-09-20 13:39:31.247,6.619444444444
Yeast Grow 4 Days,pioreactor02,2025-09-20T11:39:51.246000Z,0.071254397393,2025-09-20 13:39:51.246,6.625
Yeast Grow 4 Days,pioreactor02,2025-09-20T11:40:41.246000Z,0.071266504934,2025-09-20 13:40:41.246,6.638888888889
Yeast Grow 4 Days,pioreactor02,2025-09-20T11:41:21.246000Z,0.071282513708,2025-09-20 13:41:21.246,6.65
Yeast Grow 4 Days,pioreactor02,2025-09-20T11:42:21.246000Z,0.071260449145,2025-09-20 13:42:21.246,6.666666666667
Yeast Grow 4 Days,pioreactor02,2025-09-20T11:42:26.246000Z,0.07126166638,2025-09-20 13:42:26.246,6.668055555556
Yeast Grow 4 Days,pioreactor02,2025-09-20T11:42:51.246000Z,0.071259534996,2025-09-20 13:42:51.246,6.675
Yeast Grow 4 Days,pioreactor02,2025-09-20T11:42:56.246000Z,0.071270619577,2025-09-20 13:42:56.246,6.676388888889
Yeast Grow 4 Days,pioreactor02,2025-09-20T11:43:16.246000Z,0.071281269011,2025-09-20 13:43:16.246,6.681944444444
Yeast Grow 4 Days,pioreactor02,2025-09-20T11:43:51.246000Z,0.071275333911,2025-09-20 13:43:51.246,6.691666666667
Yeast Grow 4 Days,pioreactor02,2025-09-20T11:44:16.246000Z,0.07127721206,2025-09-20 13:44:16.246,6.698611111111
Yeast Grow 4 Days,pioreactor02,2025-09-20T11:44:21.246000Z,0.071280954814,2025-09-20 13:44:21.246,6.7
Yeast Grow 4 Days,pioreactor02,2025-09-20T11:44:26.248000Z,0.071283270972,2025-09-20 13:44:26.248,6.701388888889
Yeast Grow 4 Days,pioreactor02,2025-09-20T11:44:51.248000Z,0.071257644664,2025-09-20 13:44:51.248,6.708333333333
Yeast Grow 4 Days,pioreactor02,2025-09-20T11:44:56.246000Z,0.071247809448,2025-09-20 13:44:56.246,6.709722222222
Yeast Grow 4 Days,pioreactor02,2025-09-20T11:45:16.246000Z,0.0712385477,2025-09-20 13:45:16.246,6.715277777778
Yeast Grow 4 Days,pioreactor02,2025-09-20T11:45:21.247000Z,0.07124477223,2025-09-20 13:45:21.247,6.716666666667
Yeast Grow 4 Days,pioreactor02,2025-09-20T11:45:46.248000Z,0.071246389234,2025-09-20 13:45:46.248,6.723611111111
Yeast Grow 4 Days,pioreactor02,2025-09-20T11:46:26.247000Z,0.071211777738,2025-09-20 13:46:26.247,6.734722222222
Yeast Grow 4 Days,pioreactor02,2025-09-20T11:46:36.246000Z,0.071216776537,2025-09-20 13:46:36.246,6.7375
Yeast Grow 4 Days,pioreactor02,2025-09-20T11:47:06.247000Z,0.071203973416,2025-09-20 13:47:06.247,6.745833333333
Yeast Grow 4 Days,pioreactor02,2025-09-20T11:48:16.246000Z,0.071190791282,2025-09-20 13:48:16.246,6.765277777778
Yeast Grow 4 Days,pioreactor02,2025-09-20T11:49:06.246000Z,0.071170554794,2025-09-20 13:49:06.246,6.779166666667
Yeast Grow 4 Days,pioreactor02,2025-09-20T11:49:16.248000Z,0.071190585382,2025-09-20 13:49:16.248,6.781944444444
Yeast Grow 4 Days,pioreactor02,2025-09-20T11:49:31.246000Z,0.071220702272,2025-09-20 13:49:31.246,6.786111111111
Yeast Grow 4 Days,pioreactor02,2025-09-20T11:49:51.248000Z,0.071262063238,2025-09-20 13:49:51.248,6.791666666667
Yeast Grow 4 Days,pioreactor02,2025-09-20T11:50:26.247000Z,0.07128781321,2025-09-20 13:50:26.247,6.801388888889
Yeast Grow 4 Days,pioreactor02,2025-09-20T11:51:01.246000Z,0.071249743444,2025-09-20 13:51:01.246,6.811111111111
Yeast Grow 4 Days,pioreactor02,2025-09-20T11:51:11.248000Z,0.071234657243,2025-09-20 13:51:11.248,6.813888888889
Yeast Grow 4 Days,pioreactor02,2025-09-20T11:52:11.248000Z,0.071257580127,2025-09-20 13:52:11.248,6.830555555556
Yeast Grow 4 Days,pioreactor02,2025-09-20T11:52:51.247000Z,0.071284824056,2025-09-20 13:52:51.247,6.841666666667
Yeast Grow 4 Days,pioreactor02,2025-09-20T11:53:26.246000Z,0.071310004955,2025-09-20 13:53:26.246,6.851388888889
Yeast Grow 4 Days,pioreactor02,2025-09-20T11:54:36.246000Z,0.071242638865,2025-09-20 13:54:36.246,6.870833333333
Yeast Grow 4 Days,pioreactor02,2025-09-20T11:55:21.249000Z,0.071238362876,2025-09-20 13:55:21.249,6.883333333333
Yeast Grow 4 Days,pioreactor02,2025-09-20T11:55:36.247000Z,0.071210226374,2025-09-20 13:55:36.247,6.8875
Yeast Grow 4 Days,pioreactor02,2025-09-20T11:56:41.246000Z,0.071241771821,2025-09-20 13:56:41.246,6.905555555556
Yeast Grow 4 Days,pioreactor02,2025-09-20T11:57:26.246000Z,0.071225750033,2025-09-20 13:57:26.246,6.918055555556
Yeast Grow 4 Days,pioreactor02,2025-09-20T11:58:16.246000Z,0.07123072581,2025-09-20 13:58:16.246,6.931944444444
Yeast Grow 4 Days,pioreactor02,2025-09-20T11:59:56.246000Z,0.071244096906,2025-09-20 13:59:56.246,6.959722222222
Yeast Grow 4 Days,pioreactor02,2025-09-20T12:00:16.246000Z,0.071242752953,2025-09-20 14:00:16.246,6.965277777778
Yeast Grow 4 Days,pioreactor02,2025-09-20T12:01:16.247000Z,0.071164719684,2025-09-20 14:01:16.247,6.981944444444
Yeast Grow 4 Days,pioreactor02,2025-09-20T12:02:06.247000Z,0.071174711369,2025-09-20 14:02:06.247,6.995833333333
Yeast Grow 4 Days,pioreactor02,2025-09-20T12:02:16.248000Z,0.071174652375,2025-09-20 14:02:16.248,6.998611111111
Yeast Grow 4 Days,pioreactor02,2025-09-20T12:03:01.248000Z,0.071153284438,2025-09-20 14:03:01.248,7.011111111111
Yeast Grow 4 Days,pioreactor02,2025-09-20T12:03:36.248000Z,0.071171074233,2025-09-20 14:03:36.248,7.020833333333
Yeast Grow 4 Days,pioreactor02,2025-09-20T12:03:51.248000Z,0.071150804694,2025-09-20 14:03:51.248,7.025
Yeast Grow 4 Days,pioreactor02,2025-09-20T12:03:56.247000Z,0.071159981354,2025-09-20 14:03:56.247,7.026388888889
Yeast Grow 4 Days,pioreactor02,2025-09-20T12:04:51.246000Z,0.071117662622,2025-09-20 14:04:51.246,7.041666666667
Yeast Grow 4 Days,pioreactor02,2025-09-20T12:06:31.246000Z,0.071113293435,2025-09-20 14:06:31.246,7.069444444444
Yeast Grow 4 Days,pioreactor02,2025-09-20T12:07:16.247000Z,0.071124466244,2025-09-20 14:07:16.247,7.081944444444
Yeast Grow 4 Days,pioreactor02,2025-09-20T12:07:31.246000Z,0.071145839049,2025-09-20 14:07:31.246,7.086111111111
Yeast Grow 4 Days,pioreactor02,2025-09-20T12:07:36.246000Z,0.071148169084,2025-09-20 14:07:36.246,7.0875
Yeast Grow 4 Days,pioreactor02,2025-09-20T12:07:46.246000Z,0.071130131244,2025-09-20 14:07:46.246,7.090277777778
Yeast Grow 4 Days,pioreactor02,2025-09-20T12:08:11.247000Z,0.07114042585,2025-09-20 14:08:11.247,7.097222222222
Yeast Grow 4 Days,pioreactor02,2025-09-20T12:08:21.246000Z,0.071118106158,2025-09-20 14:08:21.246,7.1
Yeast Grow 4 Days,pioreactor02,2025-09-20T12:08:51.247000Z,0.07114419853,2025-09-20 14:08:51.247,7.108333333333
Yeast Grow 4 Days,pioreactor02,2025-09-20T12:08:56.246000Z,0.071120311757,2025-09-20 14:08:56.246,7.109722222222
Yeast Grow 4 Days,pioreactor02,2025-09-20T12:09:56.246000Z,0.071136285323,2025-09-20 14:09:56.246,7.126388888889
Yeast Grow 4 Days,pioreactor02,2025-09-20T12:10:21.246000Z,0.071122938823,2025-09-20 14:10:21.246,7.133333333333
Yeast Grow 4 Days,pioreactor02,2025-09-20T12:11:21.246000Z,0.071119634768,2025-09-20 14:11:21.246,7.15
Yeast Grow 4 Days,pioreactor02,2025-09-20T12:11:41.246000Z,0.071141743412,2025-09-20 14:11:41.246,7.155555555556
Yeast Grow 4 Days,pioreactor02,2025-09-20T12:12:21.246000Z,0.071100510991,2025-09-20 14:12:21.246,7.166666666667
Yeast Grow 4 Days,pioreactor02,2025-09-20T12:12:31.246000Z,0.071123875474,2025-09-20 14:12:31.246,7.169444444444
Yeast Grow 4 Days,pioreactor02,2025-09-20T12:13:36.248000Z,0.071125402239,2025-09-20 14:13:36.248,7.1875
Yeast Grow 4 Days,pioreactor02,2025-09-20T12:13:46.250000Z,0.071126066379,2025-09-20 14:13:46.250,7.190277777778
Yeast Grow 4 Days,pioreactor02,2025-09-20T12:15:21.246000Z,0.071090073869,2025-09-20 14:15:21.246,7.216666666667
Yeast Grow 4 Days,pioreactor02,2025-09-20T12:15:31.247000Z,0.071097581639,2025-09-20 14:15:31.247,7.219444444444
Yeast Grow 4 Days,pioreactor02,2025-09-20T12:15:51.247000Z,0.071091377393,2025-09-20 14:15:51.247,7.225
Yeast Grow 4 Days,pioreactor02,2025-09-20T12:16:01.245000Z,0.071109738446,2025-09-20 14:16:01.245,7.227777777778
Yeast Grow 4 Days,pioreactor02,2025-09-20T12:16:06.248000Z,0.071114682461,2025-09-20 14:16:06.248,7.229166666667
Yeast Grow 4 Days,pioreactor02,2025-09-20T12:16:16.246000Z,0.071121796209,2025-09-20 14:16:16.246,7.231944444444
Yeast Grow 4 Days,pioreactor02,2025-09-20T12:19:01.247000Z,0.071086221751,2025-09-20 14:19:01.247,7.277777777778
Yeast Grow 4 Days,pioreactor02,2025-09-20T12:19:41.245000Z,0.071076839326,2025-09-20 14:19:41.245,7.288888888889
Yeast Grow 4 Days,pioreactor02,2025-09-20T12:19:51.246000Z,0.071058946039,2025-09-20 14:19:51.246,7.291666666667
Yeast Grow 4 Days,pioreactor02,2025-09-20T12:20:26.249000Z,0.071036783175,2025-09-20 14:20:26.249,7.301388888889
Yeast Grow 4 Days,pioreactor02,2025-09-20T12:20:36.248000Z,0.071046439226,2025-09-20 14:20:36.248,7.304166666667
Yeast Grow 4 Days,pioreactor02,2025-09-20T12:20:41.246000Z,0.071051856504,2025-09-20 14:20:41.246,7.305555555556
Yeast Grow 4 Days,pioreactor02,2025-09-20T12:20:46.247000Z,0.071063543703,2025-09-20 14:20:46.247,7.306944444444
Yeast Grow 4 Days,pioreactor02,2025-09-20T12:21:01.246000Z,0.071075778561,2025-09-20 14:21:01.246,7.311111111111
Yeast Grow 4 Days,pioreactor02,2025-09-20T12:21:31.246000Z,0.071088972749,2025-09-20 14:21:31.246,7.319444444444
Yeast Grow 4 Days,pioreactor02,2025-09-20T12:22:01.246000Z,0.071074877595,2025-09-20 14:22:01.246,7.327777777778
Yeast Grow 4 Days,pioreactor02,2025-09-20T12:22:21.246000Z,0.071064736471,2025-09-20 14:22:21.246,7.333333333333
Yeast Grow 4 Days,pioreactor02,2025-09-20T12:25:41.247000Z,0.071079117569,2025-09-20 14:25:41.247,7.388888888889
Yeast Grow 4 Days,pioreactor02,2025-09-20T12:25:46.246000Z,0.071073523332,2025-09-20 14:25:46.246,7.390277777778
Yeast Grow 4 Days,pioreactor02,2025-09-20T12:26:31.247000Z,0.071085947585,2025-09-20 14:26:31.247,7.402777777778
Yeast Grow 4 Days,pioreactor02,2025-09-20T12:27:06.250000Z,0.071068295772,2025-09-20 14:27:06.250,7.4125
Yeast Grow 4 Days,pioreactor02,2025-09-20T12:27:46.248000Z,0.071083068271,2025-09-20 14:27:46.248,7.423611111111
Yeast Grow 4 Days,pioreactor02,2025-09-20T12:28:06.247000Z,0.071052201195,2025-09-20 14:28:06.247,7.429166666667
Yeast Grow 4 Days,pioreactor02,2025-09-20T12:28:41.246000Z,0.071046027017,2025-09-20 14:28:41.246,7.438888888889
Yeast Grow 4 Days,pioreactor02,2025-09-20T12:28:56.246000Z,0.071045868326,2025-09-20 14:28:56.246,7.443055555556
Yeast Grow 4 Days,pioreactor02,2025-09-20T12:29:26.248000Z,0.071086918863,2025-09-20 14:29:26.248,7.451388888889
Yeast Grow 4 Days,pioreactor02,2025-09-20T12:29:36.247000Z,0.071082019808,2025-09-20 14:29:36.247,7.454166666667
Yeast Grow 4 Days,pioreactor02,2025-09-20T12:29:56.246000Z,0.071071166345,2025-09-20 14:29:56.246,7.459722222222
Yeast Grow 4 Days,pioreactor02,2025-09-20T12:30:01.248000Z,0.071053185561,2025-09-20 14:30:01.248,7.461111111111
Yeast Grow 4 Days,pioreactor02,2025-09-20T12:31:16.246000Z,0.071040492963,2025-09-20 14:31:16.246,7.481944444444
Yeast Grow 4 Days,pioreactor02,2025-09-20T12:31:41.246000Z,0.071062844042,2025-09-20 14:31:41.246,7.488888888889
Yeast Grow 4 Days,pioreactor02,2025-09-20T12:31:56.247000Z,0.071063187131,2025-09-20 14:31:56.247,7.493055555556
Yeast Grow 4 Days,pioreactor02,2025-09-20T12:32:31.247000Z,0.071096359053,2025-09-20 14:32:31.247,7.502777777778
Yeast Grow 4 Days,pioreactor02,2025-09-20T12:33:21.246000Z,0.071129937607,2025-09-20 14:33:21.246,7.516666666667
Yeast Grow 4 Days,pioreactor02,2025-09-20T12:33:46.249000Z,0.071157442265,2025-09-20 14:33:46.249,7.523611111111
Yeast Grow 4 Days,pioreactor02,2025-09-20T12:33:51.248000Z,0.071158373439,2025-09-20 14:33:51.248,7.525
Yeast Grow 4 Days,pioreactor02,2025-09-20T12:35:06.247000Z,0.071173874992,2025-09-20 14:35:06.247,7.545833333333
Yeast Grow 4 Days,pioreactor02,2025-09-20T12:35:21.247000Z,0.071160019849,2025-09-20 14:35:21.247,7.55
Yeast Grow 4 Days,pioreactor02,2025-09-20T12:35:26.246000Z,0.071153843774,2025-09-20 14:35:26.246,7.551388888889
Yeast Grow 4 Days,pioreactor02,2025-09-20T12:35:41.247000Z,0.071147676594,2025-09-20 14:35:41.247,7.555555555556
Yeast Grow 4 Days,pioreactor02,2025-09-20T12:35:56.246000Z,0.071160467522,2025-09-20 14:35:56.246,7.559722222222
Yeast Grow 4 Days,pioreactor02,2025-09-20T12:36:06.246000Z,0.071149992745,2025-09-20 14:36:06.246,7.5625
Yeast Grow 4 Days,pioreactor02,2025-09-20T12:36:11.249000Z,0.07115047491,2025-09-20 14:36:11.249,7.563888888889
Yeast Grow 4 Days,pioreactor02,2025-09-20T12:36:36.246000Z,0.071146315467,2025-09-20 14:36:36.246,7.570833333333
Yeast Grow 4 Days,pioreactor02,2025-09-20T12:36:51.246000Z,0.071135144994,2025-09-20 14:36:51.246,7.575
Yeast Grow 4 Days,pioreactor02,2025-09-20T12:37:06.246000Z,0.071146399072,2025-09-20 14:37:06.246,7.579166666667
Yeast Grow 4 Days,pioreactor02,2025-09-20T12:38:46.246000Z,0.07118747738,2025-09-20 14:38:46.246,7.606944444444
Yeast Grow 4 Days,pioreactor02,2025-09-20T12:38:56.247000Z,0.071190935925,2025-09-20 14:38:56.247,7.609722222222
Yeast Grow 4 Days,pioreactor02,2025-09-20T12:39:26.248000Z,0.07119973055,2025-09-20 14:39:26.248,7.618055555556
Yeast Grow 4 Days,pioreactor02,2025-09-20T12:39:41.246000Z,0.071197569932,2025-09-20 14:39:41.246,7.622222222222
Yeast Grow 4 Days,pioreactor02,2025-09-20T12:40:41.247000Z,0.071238849143,2025-09-20 14:40:41.247,7.638888888889
Yeast Grow 4 Days,pioreactor02,2025-09-20T12:40:46.247000Z,0.071235121809,2025-09-20 14:40:46.247,7.640277777778
Yeast Grow 4 Days,pioreactor02,2025-09-20T12:41:31.247000Z,0.07124187785,2025-09-20 14:41:31.247,7.652777777778
Yeast Grow 4 Days,pioreactor02,2025-09-20T12:42:11.247000Z,0.071226511533,2025-09-20 14:42:11.247,7.663888888889
Yeast Grow 4 Days,pioreactor02,2025-09-20T12:42:41.247000Z,0.071227575673,2025-09-20 14:42:41.247,7.672222222222
Yeast Grow 4 Days,pioreactor02,2025-09-20T12:43:31.247000Z,0.071253241305,2025-09-20 14:43:31.247,7.686111111111
Yeast Grow 4 Days,pioreactor02,2025-09-20T12:43:51.246000Z,0.071254265776,2025-09-20 14:43:51.246,7.691666666667
Yeast Grow 4 Days,pioreactor02,2025-09-20T12:44:41.247000Z,0.071304729727,2025-09-20 14:44:41.247,7.705555555556
Yeast Grow 4 Days,pioreactor02,2025-09-20T12:44:46.246000Z,0.071298421285,2025-09-20 14:44:46.246,7.706944444444
Yeast Grow 4 Days,pioreactor02,2025-09-20T12:46:06.246000Z,0.071247238488,2025-09-20 14:46:06.246,7.729166666667
Yeast Grow 4 Days,pioreactor02,2025-09-20T12:46:26.246000Z,0.071282720836,2025-09-20 14:46:26.246,7.734722222222
Yeast Grow 4 Days,pioreactor02,2025-09-20T12:46:31.248000Z,0.071291090452,2025-09-20 14:46:31.248,7.736111111111
Yeast Grow 4 Days,pioreactor02,2025-09-20T12:47:51.246000Z,0.071264316046,2025-09-20 14:47:51.246,7.758333333333
Yeast Grow 4 Days,pioreactor02,2025-09-20T12:48:11.245000Z,0.071272910174,2025-09-20 14:48:11.245,7.763888888889
Yeast Grow 4 Days,pioreactor02,2025-09-20T12:48:36.246000Z,0.071277654225,2025-09-20 14:48:36.246,7.770833333333
Yeast Grow 4 Days,pioreactor02,2025-09-20T12:48:46.246000Z,0.071271354169,2025-09-20 14:48:46.246,7.773611111111
Yeast Grow 4 Days,pioreactor02,2025-09-20T12:49:06.246000Z,0.071283554715,2025-09-20 14:49:06.246,7.779166666667
Yeast Grow 4 Days,pioreactor02,2025-09-20T12:49:21.246000Z,0.071286834026,2025-09-20 14:49:21.246,7.783333333333
Yeast Grow 4 Days,pioreactor02,2025-09-20T12:51:01.246000Z,0.071229099638,2025-09-20 14:51:01.246,7.811111111111
Yeast Grow 4 Days,pioreactor02,2025-09-20T12:51:26.247000Z,0.071226350436,2025-09-20 14:51:26.247,7.818055555556
Yeast Grow 4 Days,pioreactor02,2025-09-20T12:51:51.247000Z,0.071210408617,2025-09-20 14:51:51.247,7.825
Yeast Grow 4 Days,pioreactor02,2025-09-20T12:54:21.246000Z,0.071195666111,2025-09-20 14:54:21.246,7.866666666667
Yeast Grow 4 Days,pioreactor02,2025-09-20T12:56:16.246000Z,0.07114379006,2025-09-20 14:56:16.246,7.898611111111
Yeast Grow 4 Days,pioreactor02,2025-09-20T12:57:41.248000Z,0.071211837277,2025-09-20 14:57:41.248,7.922222222222
Yeast Grow 4 Days,pioreactor02,2025-09-20T12:58:06.246000Z,0.071187764465,2025-09-20 14:58:06.246,7.929166666667
Yeast Grow 4 Days,pioreactor02,2025-09-20T12:58:21.247000Z,0.071185597751,2025-09-20 14:58:21.247,7.933333333333
Yeast Grow 4 Days,pioreactor02,2025-09-20T12:58:41.246000Z,0.071170814206,2025-09-20 14:58:41.246,7.938888888889
Yeast Grow 4 Days,pioreactor02,2025-09-20T12:59:01.246000Z,0.07115576971,2025-09-20 14:59:01.246,7.944444444444
Yeast Grow 4 Days,pioreactor02,2025-09-20T12:59:16.250000Z,0.071170242996,2025-09-20 14:59:16.250,7.948611111111
Yeast Grow 4 Days,pioreactor02,2025-09-20T13:00:01.247000Z,0.07114657066,2025-09-20 15:00:01.247,7.961111111111
Yeast Grow 4 Days,pioreactor02,2025-09-20T13:00:51.246000Z,0.071118874659,2025-09-20 15:00:51.246,7.975
Yeast Grow 4 Days,pioreactor02,2025-09-20T13:01:16.246000Z,0.07109888385,2025-09-20 15:01:16.246,7.981944444444
Yeast Grow 4 Days,pioreactor02,2025-09-20T13:02:01.246000Z,0.071085163414,2025-09-20 15:02:01.246,7.994444444444
Yeast Grow 4 Days,pioreactor02,2025-09-20T13:02:36.247000Z,0.071072057427,2025-09-20 15:02:36.247,8.004166666667
Yeast Grow 4 Days,pioreactor02,2025-09-20T13:03:16.246000Z,0.07107885662,2025-09-20 15:03:16.246,8.015277777778
Yeast Grow 4 Days,pioreactor02,2025-09-20T13:03:21.249000Z,0.071065378298,2025-09-20 15:03:21.249,8.016666666667
Yeast Grow 4 Days,pioreactor02,2025-09-20T13:03:46.246000Z,0.071080879566,2025-09-20 15:03:46.246,8.023611111111
Yeast Grow 4 Days,pioreactor02,2025-09-20T13:03:51.247000Z,0.071076849029,2025-09-20 15:03:51.247,8.025
Yeast Grow 4 Days,pioreactor02,2025-09-20T13:04:11.246000Z,0.07110461303,2025-09-20 15:04:11.246,8.030555555556
Yeast Grow 4 Days,pioreactor02,2025-09-20T13:04:16.246000Z,0.071097075337,2025-09-20 15:04:16.246,8.031944444444
Yeast Grow 4 Days,pioreactor02,2025-09-20T13:05:01.247000Z,0.07110653166,2025-09-20 15:05:01.247,8.044444444444
Yeast Grow 4 Days,pioreactor02,2025-09-20T13:05:41.247000Z,0.071084867049,2025-09-20 15:05:41.247,8.055555555556
Yeast Grow 4 Days,pioreactor02,2025-09-20T13:06:41.246000Z,0.071107503549,2025-09-20 15:06:41.246,8.072222222222
Yeast Grow 4 Days,pioreactor02,2025-09-20T13:06:51.246000Z,0.071117422521,2025-09-20 15:06:51.246,8.075
Yeast Grow 4 Days,pioreactor02,2025-09-20T13:07:01.246000Z,0.071124584058,2025-09-20 15:07:01.246,8.077777777778
Yeast Grow 4 Days,pioreactor02,2025-09-20T13:07:16.247000Z,0.071129054124,2025-09-20 15:07:16.247,8.081944444444
Yeast Grow 4 Days,pioreactor02,2025-09-20T13:07:36.246000Z,0.071142737291,2025-09-20 15:07:36.246,8.0875
Yeast Grow 4 Days,pioreactor02,2025-09-20T13:07:41.245000Z,0.071144380802,2025-09-20 15:07:41.245,8.088888888889
Yeast Grow 4 Days,pioreactor02,2025-09-20T13:08:16.246000Z,0.071130771899,2025-09-20 15:08:16.246,8.098611111111
Yeast Grow 4 Days,pioreactor02,2025-09-20T13:10:36.250000Z,0.071069788084,2025-09-20 15:10:36.250,8.1375
Yeast Grow 4 Days,pioreactor02,2025-09-20T13:11:16.246000Z,0.071059835224,2025-09-20 15:11:16.246,8.148611111111
Yeast Grow 4 Days,pioreactor02,2025-09-20T13:12:06.246000Z,0.071115345671,2025-09-20 15:12:06.246,8.1625
Yeast Grow 4 Days,pioreactor02,2025-09-20T13:13:11.246000Z,0.071136110643,2025-09-20 15:13:11.246,8.180555555556
Yeast Grow 4 Days,pioreactor02,2025-09-20T13:13:21.247000Z,0.071157688053,2025-09-20 15:13:21.247,8.183333333333
Yeast Grow 4 Days,pioreactor02,2025-09-20T13:14:01.247000Z,0.071171678722,2025-09-20 15:14:01.247,8.194444444444
Yeast Grow 4 Days,pioreactor02,2025-09-20T13:14:36.247000Z,0.071172081355,2025-09-20 15:14:36.247,8.204166666667
Yeast Grow 4 Days,pioreactor02,2025-09-20T13:14:51.247000Z,0.071163956107,2025-09-20 15:14:51.247,8.208333333333
Yeast Grow 4 Days,pioreactor02,2025-09-20T13:15:21.248000Z,0.071121520332,2025-09-20 15:15:21.248,8.216666666667
Yeast Grow 4 Days,pioreactor02,2025-09-20T13:18:21.247000Z,0.071160460784,2025-09-20 15:18:21.247,8.266666666667
Yeast Grow 4 Days,pioreactor02,2025-09-20T13:19:01.246000Z,0.071156707198,2025-09-20 15:19:01.246,8.277777777778
Yeast Grow 4 Days,pioreactor02,2025-09-20T13:19:06.246000Z,0.071171826658,2025-09-20 15:19:06.246,8.279166666667
Yeast Grow 4 Days,pioreactor02,2025-09-20T13:19:26.246000Z,0.071170470228,2025-09-20 15:19:26.246,8.284722222222
Yeast Grow 4 Days,pioreactor02,2025-09-20T13:20:06.246000Z,0.071143134914,2025-09-20 15:20:06.246,8.295833333333
Yeast Grow 4 Days,pioreactor02,2025-09-20T13:20:26.246000Z,0.071123509347,2025-09-20 15:20:26.246,8.301388888889
Yeast Grow 4 Days,pioreactor02,2025-09-20T13:22:06.246000Z,0.071171511688,2025-09-20 15:22:06.246,8.329166666667
Yeast Grow 4 Days,pioreactor02,2025-09-20T13:22:51.247000Z,0.071172087637,2025-09-20 15:22:51.247,8.341666666667
Yeast Grow 4 Days,pioreactor02,2025-09-20T13:23:11.248000Z,0.071164243722,2025-09-20 15:23:11.248,8.347222222222
Yeast Grow 4 Days,pioreactor02,2025-09-20T13:23:16.246000Z,0.0711691813,2025-09-20 15:23:16.246,8.348611111111
Yeast Grow 4 Days,pioreactor02,2025-09-20T13:24:01.246000Z,0.071200916547,2025-09-20 15:24:01.246,8.361111111111
Yeast Grow 4 Days,pioreactor02,2025-09-20T13:24:36.246000Z,0.071191141247,2025-09-20 15:24:36.246,8.370833333333
Yeast Grow 4 Days,pioreactor02,2025-09-20T13:24:46.246000Z,0.071184816696,2025-09-20 15:24:46.246,8.373611111111
Yeast Grow 4 Days,pioreactor02,2025-09-20T13:24:51.250000Z,0.071179057016,2025-09-20 15:24:51.250,8.375
Yeast Grow 4 Days,pioreactor02,2025-09-20T13:25:46.246000Z,0.071206415034,2025-09-20 15:25:46.246,8.390277777778
Yeast Grow 4 Days,pioreactor02,2025-09-20T13:26:11.247000Z,0.071212899535,2025-09-20 15:26:11.247,8.397222222222
Yeast Grow 4 Days,pioreactor02,2025-09-20T13:26:56.246000Z,0.071202851096,2025-09-20 15:26:56.246,8.409722222222
Yeast Grow 4 Days,pioreactor02,2025-09-20T13:28:06.248000Z,0.071116540455,2025-09-20 15:28:06.248,8.429166666667
Yeast Grow 4 Days,pioreactor02,2025-09-20T13:28:26.247000Z,0.071120579883,2025-09-20 15:28:26.247,8.434722222222
Yeast Grow 4 Days,pioreactor02,2025-09-20T13:29:01.246000Z,0.071109840831,2025-09-20 15:29:01.246,8.444444444444
Yeast Grow 4 Days,pioreactor02,2025-09-20T13:29:31.246000Z,0.071145659478,2025-09-20 15:29:31.246,8.452777777778
Yeast Grow 4 Days,pioreactor02,2025-09-20T13:29:56.248000Z,0.071146498517,2025-09-20 15:29:56.248,8.459722222222
Yeast Grow 4 Days,pioreactor02,2025-09-20T13:30:06.246000Z,0.071145600208,2025-09-20 15:30:06.246,8.4625
Yeast Grow 4 Days,pioreactor02,2025-09-20T13:30:16.246000Z,0.071136956069,2025-09-20 15:30:16.246,8.465277777778
Yeast Grow 4 Days,pioreactor02,2025-09-20T13:31:01.247000Z,0.071133547399,2025-09-20 15:31:01.247,8.477777777778
Yeast Grow 4 Days,pioreactor02,2025-09-20T13:31:31.247000Z,0.071148406162,2025-09-20 15:31:31.247,8.486111111111
Yeast Grow 4 Days,pioreactor02,2025-09-20T13:31:56.246000Z,0.071126289521,2025-09-20 15:31:56.246,8.493055555556
Yeast Grow 4 Days,pioreactor02,2025-09-20T13:32:06.247000Z,0.071157592144,2025-09-20 15:32:06.247,8.495833333333
Yeast Grow 4 Days,pioreactor02,2025-09-20T13:32:26.246000Z,0.071144614231,2025-09-20 15:32:26.246,8.501388888889
Yeast Grow 4 Days,pioreactor02,2025-09-20T13:32:51.246000Z,0.071172071982,2025-09-20 15:32:51.246,8.508333333333
Yeast Grow 4 Days,pioreactor02,2025-09-20T13:33:26.246000Z,0.071190000166,2025-09-20 15:33:26.246,8.518055555556
Yeast Grow 4 Days,pioreactor02,2025-09-20T13:34:36.247000Z,0.071157378028,2025-09-20 15:34:36.247,8.5375
Yeast Grow 4 Days,pioreactor02,2025-09-20T13:35:26.246000Z,0.071129150606,2025-09-20 15:35:26.246,8.551388888889
Yeast Grow 4 Days,pioreactor02,2025-09-20T13:35:31.247000Z,0.071140929326,2025-09-20 15:35:31.247,8.552777777778
Yeast Grow 4 Days,pioreactor02,2025-09-20T13:35:51.245000Z,0.071152895439,2025-09-20 15:35:51.245,8.558333333333
Yeast Grow 4 Days,pioreactor02,2025-09-20T13:37:16.247000Z,0.071179701502,2025-09-20 15:37:16.247,8.581944444444
Yeast Grow 4 Days,pioreactor02,2025-09-20T13:37:36.247000Z,0.071185432533,2025-09-20 15:37:36.247,8.5875
Yeast Grow 4 Days,pioreactor02,2025-09-20T13:37:51.245000Z,0.071161734748,2025-09-20 15:37:51.245,8.591666666667
Yeast Grow 4 Days,pioreactor02,2025-09-20T13:38:06.247000Z,0.071153567198,2025-09-20 15:38:06.247,8.595833333333
Yeast Grow 4 Days,pioreactor02,2025-09-20T13:38:16.250000Z,0.071146354429,2025-09-20 15:38:16.250,8.598611111111
Yeast Grow 4 Days,pioreactor02,2025-09-20T13:38:41.248000Z,0.071158968106,2025-09-20 15:38:41.248,8.605555555556
Yeast Grow 4 Days,pioreactor02,2025-09-20T13:38:56.248000Z,0.071161763442,2025-09-20 15:38:56.248,8.609722222222
Yeast Grow 4 Days,pioreactor02,2025-09-20T13:39:21.247000Z,0.071153543687,2025-09-20 15:39:21.247,8.616666666667
Yeast Grow 4 Days,pioreactor02,2025-09-20T13:39:26.246000Z,0.071157956839,2025-09-20 15:39:26.246,8.618055555556
Yeast Grow 4 Days,pioreactor02,2025-09-20T13:39:31.248000Z,0.071156168545,2025-09-20 15:39:31.248,8.619444444444
Yeast Grow 4 Days,pioreactor02,2025-09-20T13:39:46.248000Z,0.071148196762,2025-09-20 15:39:46.248,8.623611111111
Yeast Grow 4 Days,pioreactor02,2025-09-20T13:40:01.246000Z,0.071134899329,2025-09-20 15:40:01.246,8.627777777778
Yeast Grow 4 Days,pioreactor02,2025-09-20T13:40:21.246000Z,0.071138837556,2025-09-20 15:40:21.246,8.633333333333
Yeast Grow 4 Days,pioreactor02,2025-09-20T13:40:31.247000Z,0.071147785771,2025-09-20 15:40:31.247,8.636111111111
Yeast Grow 4 Days,pioreactor02,2025-09-20T13:40:56.246000Z,0.071147943628,2025-09-20 15:40:56.246,8.643055555556
Yeast Grow 4 Days,pioreactor02,2025-09-20T13:41:21.246000Z,0.071168826475,2025-09-20 15:41:21.246,8.65
Yeast Grow 4 Days,pioreactor02,2025-09-20T13:42:56.247000Z,0.071115384327,2025-09-20 15:42:56.247,8.676388888889
Yeast Grow 4 Days,pioreactor02,2025-09-20T13:43:06.246000Z,0.071113091815,2025-09-20 15:43:06.246,8.679166666667
Yeast Grow 4 Days,pioreactor02,2025-09-20T13:43:11.246000Z,0.071121786403,2025-09-20 15:43:11.246,8.680555555556
Yeast Grow 4 Days,pioreactor02,2025-09-20T13:43:21.246000Z,0.071140520769,2025-09-20 15:43:21.246,8.683333333333
Yeast Grow 4 Days,pioreactor02,2025-09-20T13:43:46.246000Z,0.071170916948,2025-09-20 15:43:46.246,8.690277777778
Yeast Grow 4 Days,pioreactor02,2025-09-20T13:44:11.246000Z,0.071163440993,2025-09-20 15:44:11.246,8.697222222222
Yeast Grow 4 Days,pioreactor02,2025-09-20T13:45:11.247000Z,0.071131486539,2025-09-20 15:45:11.247,8.713888888889
Yeast Grow 4 Days,pioreactor02,2025-09-20T13:47:16.247000Z,0.071150794263,2025-09-20 15:47:16.247,8.748611111111
Yeast Grow 4 Days,pioreactor02,2025-09-20T13:47:36.246000Z,0.071153137614,2025-09-20 15:47:36.246,8.754166666667
Yeast Grow 4 Days,pioreactor02,2025-09-20T13:48:41.246000Z,0.071145197929,2025-09-20 15:48:41.246,8.772222222222
Yeast Grow 4 Days,pioreactor02,2025-09-20T13:50:36.247000Z,0.071148445896,2025-09-20 15:50:36.247,8.804166666667
Yeast Grow 4 Days,pioreactor02,2025-09-20T13:50:56.246000Z,0.071147395498,2025-09-20 15:50:56.246,8.809722222222
Yeast Grow 4 Days,pioreactor02,2025-09-20T13:51:41.246000Z,0.071094119998,2025-09-20 15:51:41.246,8.822222222222
Yeast Grow 4 Days,pioreactor02,2025-09-20T13:51:56.246000Z,0.071114407775,2025-09-20 15:51:56.246,8.826388888889
Yeast Grow 4 Days,pioreactor02,2025-09-20T13:52:26.247000Z,0.071125085181,2025-09-20 15:52:26.247,8.834722222222
Yeast Grow 4 Days,pioreactor02,2025-09-20T13:52:51.247000Z,0.071122647286,2025-09-20 15:52:51.247,8.841666666667
Yeast Grow 4 Days,pioreactor02,2025-09-20T13:54:21.247000Z,0.071120762218,2025-09-20 15:54:21.247,8.866666666667
Yeast Grow 4 Days,pioreactor02,2025-09-20T13:56:21.248000Z,0.07117842206,2025-09-20 15:56:21.248,8.9
Yeast Grow 4 Days,pioreactor02,2025-09-20T13:56:51.246000Z,0.071153534433,2025-09-20 15:56:51.246,8.908333333333
Yeast Grow 4 Days,pioreactor02,2025-09-20T13:56:56.247000Z,0.071159410889,2025-09-20 15:56:56.247,8.909722222222
Yeast Grow 4 Days,pioreactor02,2025-09-20T13:57:11.246000Z,0.071149810577,2025-09-20 15:57:11.246,8.913888888889
Yeast Grow 4 Days,pioreactor02,2025-09-20T13:57:16.247000Z,0.071151228169,2025-09-20 15:57:16.247,8.915277777778
Yeast Grow 4 Days,pioreactor02,2025-09-20T13:57:21.245000Z,0.071159966253,2025-09-20 15:57:21.245,8.916666666667
Yeast Grow 4 Days,pioreactor02,2025-09-20T13:58:01.249000Z,0.071143325683,2025-09-20 15:58:01.249,8.927777777778
Yeast Grow 4 Days,pioreactor02,2025-09-20T13:59:06.250000Z,0.071118411471,2025-09-20 15:59:06.250,8.945833333333
Yeast Grow 4 Days,pioreactor02,2025-09-20T13:59:11.246000Z,0.071122346064,2025-09-20 15:59:11.246,8.947222222222
Yeast Grow 4 Days,pioreactor02,2025-09-20T13:59:51.246000Z,0.071144596083,2025-09-20 15:59:51.246,8.958333333333
Yeast Grow 4 Days,pioreactor02,2025-09-20T14:01:01.246000Z,0.07107059429,2025-09-20 16:01:01.246,8.977777777778
Yeast Grow 4 Days,pioreactor02,2025-09-20T14:01:16.247000Z,0.071100345819,2025-09-20 16:01:16.247,8.981944444444
Yeast Grow 4 Days,pioreactor02,2025-09-20T14:01:26.246000Z,0.071102861179,2025-09-20 16:01:26.246,8.984722222222
Yeast Grow 4 Days,pioreactor02,2025-09-20T14:01:41.246000Z,0.071123040185,2025-09-20 16:01:41.246,8.988888888889
Yeast Grow 4 Days,pioreactor02,2025-09-20T14:03:11.246000Z,0.071135475739,2025-09-20 16:03:11.246,9.013888888889
Yeast Grow 4 Days,pioreactor02,2025-09-20T14:03:26.247000Z,0.07112545588,2025-09-20 16:03:26.247,9.018055555556
Yeast Grow 4 Days,pioreactor02,2025-09-20T14:04:01.246000Z,0.071139298243,2025-09-20 16:04:01.246,9.027777777778
Yeast Grow 4 Days,pioreactor02,2025-09-20T14:04:46.248000Z,0.071092382745,2025-09-20 16:04:46.248,9.040277777778
Yeast Grow 4 Days,pioreactor02,2025-09-20T14:05:11.246000Z,0.071087165849,2025-09-20 16:05:11.246,9.047222222222
Yeast Grow 4 Days,pioreactor02,2025-09-20T14:07:21.247000Z,0.071089374202,2025-09-20 16:07:21.247,9.083333333333
Yeast Grow 4 Days,pioreactor02,2025-09-20T14:07:41.247000Z,0.071066468525,2025-09-20 16:07:41.247,9.088888888889
Yeast Grow 4 Days,pioreactor02,2025-09-20T14:07:56.246000Z,0.071037167009,2025-09-20 16:07:56.246,9.093055555556
Yeast Grow 4 Days,pioreactor02,2025-09-20T14:08:11.248000Z,0.071035652998,2025-09-20 16:08:11.248,9.097222222222
Yeast Grow 4 Days,pioreactor02,2025-09-20T14:09:21.248000Z,0.071074515696,2025-09-20 16:09:21.248,9.116666666667
Yeast Grow 4 Days,pioreactor02,2025-09-20T14:09:26.247000Z,0.071077568066,2025-09-20 16:09:26.247,9.118055555556
Yeast Grow 4 Days,pioreactor02,2025-09-20T14:09:41.246000Z,0.071060428168,2025-09-20 16:09:41.246,9.122222222222
Yeast Grow 4 Days,pioreactor02,2025-09-20T14:10:36.248000Z,0.07105989265,2025-09-20 16:10:36.248,9.1375
Yeast Grow 4 Days,pioreactor02,2025-09-20T14:11:11.247000Z,0.071076583336,2025-09-20 16:11:11.247,9.147222222222
Yeast Grow 4 Days,pioreactor02,2025-09-20T14:11:46.246000Z,0.071084772163,2025-09-20 16:11:46.246,9.156944444444
Yeast Grow 4 Days,pioreactor02,2025-09-20T14:12:16.248000Z,0.071106677568,2025-09-20 16:12:16.248,9.165277777778
Yeast Grow 4 Days,pioreactor02,2025-09-20T14:12:36.246000Z,0.071109154019,2025-09-20 16:12:36.246,9.170833333333
Yeast Grow 4 Days,pioreactor02,2025-09-20T14:14:16.247000Z,0.071093082477,2025-09-20 16:14:16.247,9.198611111111
Yeast Grow 4 Days,pioreactor02,2025-09-20T14:15:26.247000Z,0.07104573851,2025-09-20 16:15:26.247,9.218055555556
Yeast Grow 4 Days,pioreactor02,2025-09-20T14:16:26.246000Z,0.071117537769,2025-09-20 16:16:26.246,9.234722222222
Yeast Grow 4 Days,pioreactor02,2025-09-20T14:18:21.246000Z,0.071103577804,2025-09-20 16:18:21.246,9.266666666667
Yeast Grow 4 Days,pioreactor02,2025-09-20T14:19:01.246000Z,0.071123977352,2025-09-20 16:19:01.246,9.277777777778
Yeast Grow 4 Days,pioreactor02,2025-09-20T14:21:26.247000Z,0.071161406323,2025-09-20 16:21:26.247,9.318055555556
Yeast Grow 4 Days,pioreactor02,2025-09-20T14:21:31.246000Z,0.071159406271,2025-09-20 16:21:31.246,9.319444444444
Yeast Grow 4 Days,pioreactor02,2025-09-20T14:21:36.246000Z,0.071142488564,2025-09-20 16:21:36.246,9.320833333333
Yeast Grow 4 Days,pioreactor02,2025-09-20T14:21:41.246000Z,0.071157518127,2025-09-20 16:21:41.246,9.322222222222
Yeast Grow 4 Days,pioreactor02,2025-09-20T14:23:51.247000Z,0.071166146916,2025-09-20 16:23:51.247,9.358333333333
Yeast Grow 4 Days,pioreactor02,2025-09-20T14:24:11.246000Z,0.071177056227,2025-09-20 16:24:11.246,9.363888888889
Yeast Grow 4 Days,pioreactor02,2025-09-20T14:27:41.247000Z,0.071155758618,2025-09-20 16:27:41.247,9.422222222222
Yeast Grow 4 Days,pioreactor02,2025-09-20T14:28:51.250000Z,0.07114841394,2025-09-20 16:28:51.250,9.441666666667
Yeast Grow 4 Days,pioreactor02,2025-09-20T14:29:01.248000Z,0.071134350661,2025-09-20 16:29:01.248,9.444444444444
Yeast Grow 4 Days,pioreactor02,2025-09-20T14:29:26.246000Z,0.07116775309,2025-09-20 16:29:26.246,9.451388888889
Yeast Grow 4 Days,pioreactor02,2025-09-20T14:29:56.246000Z,0.071163445143,2025-09-20 16:29:56.246,9.459722222222
Yeast Grow 4 Days,pioreactor02,2025-09-20T14:30:51.246000Z,0.071156211279,2025-09-20 16:30:51.246,9.475
Yeast Grow 4 Days,pioreactor02,2025-09-20T14:30:56.247000Z,0.071156557531,2025-09-20 16:30:56.247,9.476388888889
Yeast Grow 4 Days,pioreactor02,2025-09-20T14:31:06.246000Z,0.071146100902,2025-09-20 16:31:06.246,9.479166666667
Yeast Grow 4 Days,pioreactor02,2025-09-20T14:31:11.250000Z,0.071155541802,2025-09-20 16:31:11.250,9.480555555556
Yeast Grow 4 Days,pioreactor02,2025-09-20T14:31:31.246000Z,0.07113062338,2025-09-20 16:31:31.246,9.486111111111
Yeast Grow 4 Days,pioreactor02,2025-09-20T14:32:51.247000Z,0.071161197376,2025-09-20 16:32:51.247,9.508333333333
Yeast Grow 4 Days,pioreactor02,2025-09-20T14:32:56.247000Z,0.071155259349,2025-09-20 16:32:56.247,9.509722222222
Yeast Grow 4 Days,pioreactor02,2025-09-20T14:33:21.249000Z,0.071120375213,2025-09-20 16:33:21.249,9.516666666667
Yeast Grow 4 Days,pioreactor02,2025-09-20T14:33:51.248000Z,0.071119110134,2025-09-20 16:33:51.248,9.525
Yeast Grow 4 Days,pioreactor02,2025-09-20T14:35:06.246000Z,0.07112540335,2025-09-20 16:35:06.246,9.545833333333
Yeast Grow 4 Days,pioreactor02,2025-09-20T14:36:01.246000Z,0.071156271267,2025-09-20 16:36:01.246,9.561111111111
Yeast Grow 4 Days,pioreactor02,2025-09-20T14:36:36.246000Z,0.071190533618,2025-09-20 16:36:36.246,9.570833333333
Yeast Grow 4 Days,pioreactor02,2025-09-20T14:36:56.246000Z,0.071177591531,2025-09-20 16:36:56.246,9.576388888889
Yeast Grow 4 Days,pioreactor02,2025-09-20T14:37:21.248000Z,0.071155934575,2025-09-20 16:37:21.248,9.583333333333
Yeast Grow 4 Days,pioreactor02,2025-09-20T14:37:41.246000Z,0.071158643305,2025-09-20 16:37:41.246,9.588888888889
Yeast Grow 4 Days,pioreactor02,2025-09-20T14:37:51.247000Z,0.071157240467,2025-09-20 16:37:51.247,9.591666666667
Yeast Grow 4 Days,pioreactor02,2025-09-20T14:38:21.247000Z,0.07117204066,2025-09-20 16:38:21.247,9.6
Yeast Grow 4 Days,pioreactor02,2025-09-20T14:38:26.246000Z,0.071173107934,2025-09-20 16:38:26.246,9.601388888889
Yeast Grow 4 Days,pioreactor02,2025-09-20T14:38:51.248000Z,0.071192219791,2025-09-20 16:38:51.248,9.608333333333
Yeast Grow 4 Days,pioreactor02,2025-09-20T14:39:26.246000Z,0.071193233139,2025-09-20 16:39:26.246,9.618055555556
Yeast Grow 4 Days,pioreactor02,2025-09-20T14:40:41.247000Z,0.071193363038,2025-09-20 16:40:41.247,9.638888888889
Yeast Grow 4 Days,pioreactor02,2025-09-20T14:41:26.247000Z,0.071113753412,2025-09-20 16:41:26.247,9.651388888889
Yeast Grow 4 Days,pioreactor02,2025-09-20T14:42:01.246000Z,0.071120165229,2025-09-20 16:42:01.246,9.661111111111
Yeast Grow 4 Days,pioreactor02,2025-09-20T14:42:31.246000Z,0.071119790317,2025-09-20 16:42:31.246,9.669444444444
Yeast Grow 4 Days,pioreactor02,2025-09-20T14:43:11.246000Z,0.071149157,2025-09-20 16:43:11.246,9.680555555556
Yeast Grow 4 Days,pioreactor02,2025-09-20T14:43:21.247000Z,0.071174772034,2025-09-20 16:43:21.247,9.683333333333
Yeast Grow 4 Days,pioreactor02,2025-09-20T14:43:36.248000Z,0.07117467873,2025-09-20 16:43:36.248,9.6875
Yeast Grow 4 Days,pioreactor02,2025-09-20T14:43:56.247000Z,0.071164890749,2025-09-20 16:43:56.247,9.693055555556
Yeast Grow 4 Days,pioreactor02,2025-09-20T14:44:01.246000Z,0.071168965384,2025-09-20 16:44:01.246,9.694444444444
Yeast Grow 4 Days,pioreactor02,2025-09-20T14:44:21.247000Z,0.071182910488,2025-09-20 16:44:21.247,9.7
Yeast Grow 4 Days,pioreactor02,2025-09-20T14:45:06.247000Z,0.071214398499,2025-09-20 16:45:06.247,9.7125
Yeast Grow 4 Days,pioreactor02,2025-09-20T14:45:46.246000Z,0.071208240218,2025-09-20 16:45:46.246,9.723611111111
Yeast Grow 4 Days,pioreactor02,2025-09-20T14:45:51.247000Z,0.071211338937,2025-09-20 16:45:51.247,9.725
Yeast Grow 4 Days,pioreactor02,2025-09-20T14:46:01.248000Z,0.07123126737,2025-09-20 16:46:01.248,9.727777777778
Yeast Grow 4 Days,pioreactor02,2025-09-20T14:46:16.246000Z,0.07122953988,2025-09-20 16:46:16.246,9.731944444444
Yeast Grow 4 Days,pioreactor02,2025-09-20T14:46:31.246000Z,0.071220705797,2025-09-20 16:46:31.246,9.736111111111
Yeast Grow 4 Days,pioreactor02,2025-09-20T14:46:56.248000Z,0.071246459539,2025-09-20 16:46:56.248,9.743055555556
Yeast Grow 4 Days,pioreactor02,2025-09-20T14:47:31.247000Z,0.07126167758,2025-09-20 16:47:31.247,9.752777777778
Yeast Grow 4 Days,pioreactor02,2025-09-20T14:47:56.246000Z,0.071256253347,2025-09-20 16:47:56.246,9.759722222222
Yeast Grow 4 Days,pioreactor02,2025-09-20T14:48:11.247000Z,0.0712434444,2025-09-20 16:48:11.247,9.763888888889
Yeast Grow 4 Days,pioreactor02,2025-09-20T14:48:46.246000Z,0.071242949701,2025-09-20 16:48:46.246,9.773611111111
Yeast Grow 4 Days,pioreactor02,2025-09-20T14:49:01.247000Z,0.071266183847,2025-09-20 16:49:01.247,9.777777777778
Yeast Grow 4 Days,pioreactor02,2025-09-20T14:49:21.246000Z,0.071264788256,2025-09-20 16:49:21.246,9.783333333333
Yeast Grow 4 Days,pioreactor02,2025-09-20T14:49:56.251000Z,0.071291692998,2025-09-20 16:49:56.251,9.793055555556
Yeast Grow 4 Days,pioreactor02,2025-09-20T14:50:26.246000Z,0.071267689094,2025-09-20 16:50:26.246,9.801388888889
Yeast Grow 4 Days,pioreactor02,2025-09-20T14:50:56.248000Z,0.071251956578,2025-09-20 16:50:56.248,9.809722222222
Yeast Grow 4 Days,pioreactor02,2025-09-20T14:51:16.246000Z,0.071238514735,2025-09-20 16:51:16.246,9.815277777778
Yeast Grow 4 Days,pioreactor02,2025-09-20T14:52:11.246000Z,0.071243438872,2025-09-20 16:52:11.246,9.830555555556
Yeast Grow 4 Days,pioreactor02,2025-09-20T14:52:26.246000Z,0.071278634898,2025-09-20 16:52:26.246,9.834722222222
Yeast Grow 4 Days,pioreactor02,2025-09-20T14:53:06.246000Z,0.071245772933,2025-09-20 16:53:06.246,9.845833333333
Yeast Grow 4 Days,pioreactor02,2025-09-20T14:53:31.246000Z,0.071252790406,2025-09-20 16:53:31.246,9.852777777778
Yeast Grow 4 Days,pioreactor02,2025-09-20T14:53:41.247000Z,0.071233272893,2025-09-20 16:53:41.247,9.855555555556
Yeast Grow 4 Days,pioreactor02,2025-09-20T14:53:46.246000Z,0.071242690734,2025-09-20 16:53:46.246,9.856944444444
Yeast Grow 4 Days,pioreactor02,2025-09-20T14:54:56.247000Z,0.071278779009,2025-09-20 16:54:56.247,9.876388888889
Yeast Grow 4 Days,pioreactor02,2025-09-20T14:55:31.247000Z,0.071258097984,2025-09-20 16:55:31.247,9.886111111111
Yeast Grow 4 Days,pioreactor02,2025-09-20T14:56:01.248000Z,0.071279229381,2025-09-20 16:56:01.248,9.894444444444
Yeast Grow 4 Days,pioreactor02,2025-09-20T14:56:16.247000Z,0.071266105414,2025-09-20 16:56:16.247,9.898611111111
Yeast Grow 4 Days,pioreactor02,2025-09-20T14:57:01.247000Z,0.071271112411,2025-09-20 16:57:01.247,9.911111111111
Yeast Grow 4 Days,pioreactor02,2025-09-20T14:57:16.249000Z,0.071286325069,2025-09-20 16:57:16.249,9.915277777778
Yeast Grow 4 Days,pioreactor02,2025-09-20T14:57:21.246000Z,0.071266037062,2025-09-20 16:57:21.246,9.916666666667
Yeast Grow 4 Days,pioreactor02,2025-09-20T14:58:56.247000Z,0.071306072913,2025-09-20 16:58:56.247,9.943055555556
Yeast Grow 4 Days,pioreactor02,2025-09-20T14:59:31.245000Z,0.0712755674,2025-09-20 16:59:31.245,9.952777777778
Yeast Grow 4 Days,pioreactor02,2025-09-20T14:59:41.246000Z,0.071284782315,2025-09-20 16:59:41.246,9.955555555556
Yeast Grow 4 Days,pioreactor02,2025-09-20T15:00:26.246000Z,0.071304864074,2025-09-20 17:00:26.246,9.968055555556
Yeast Grow 4 Days,pioreactor02,2025-09-20T15:00:41.246000Z,0.071303793203,2025-09-20 17:00:41.246,9.972222222222
Yeast Grow 4 Days,pioreactor02,2025-09-20T15:00:46.246000Z,0.071299188022,2025-09-20 17:00:46.246,9.973611111111
Yeast Grow 4 Days,pioreactor02,2025-09-20T15:01:21.246000Z,0.071297555396,2025-09-20 17:01:21.246,9.983333333333
Yeast Grow 4 Days,pioreactor02,2025-09-20T15:01:46.246000Z,0.071295420323,2025-09-20 17:01:46.246,9.990277777778
Yeast Grow 4 Days,pioreactor02,2025-09-20T15:02:11.246000Z,0.071275083255,2025-09-20 17:02:11.246,9.997222222222
Yeast Grow 4 Days,pioreactor02,2025-09-20T15:02:21.246000Z,0.071271064944,2025-09-20 17:02:21.246,10.0
Yeast Grow 4 Days,pioreactor02,2025-09-20T15:02:26.248000Z,0.071277683219,2025-09-20 17:02:26.248,10.001388888889
Yeast Grow 4 Days,pioreactor02,2025-09-20T15:02:41.246000Z,0.071287693529,2025-09-20 17:02:41.246,10.005555555556
Yeast Grow 4 Days,pioreactor02,2025-09-20T15:02:56.247000Z,0.071261542888,2025-09-20 17:02:56.247,10.009722222222
Yeast Grow 4 Days,pioreactor02,2025-09-20T15:03:11.246000Z,0.071258710078,2025-09-20 17:03:11.246,10.013888888889
Yeast Grow 4 Days,pioreactor02,2025-09-20T15:03:31.246000Z,0.071289503187,2025-09-20 17:03:31.246,10.019444444444
Yeast Grow 4 Days,pioreactor02,2025-09-20T15:04:16.246000Z,0.071245882643,2025-09-20 17:04:16.246,10.031944444444
Yeast Grow 4 Days,pioreactor02,2025-09-20T15:04:26.248000Z,0.07126369075,2025-09-20 17:04:26.248,10.034722222222
Yeast Grow 4 Days,pioreactor02,2025-09-20T15:04:36.247000Z,0.071246173209,2025-09-20 17:04:36.247,10.0375
Yeast Grow 4 Days,pioreactor02,2025-09-20T15:05:06.246000Z,0.071255738549,2025-09-20 17:05:06.246,10.045833333333
Yeast Grow 4 Days,pioreactor02,2025-09-20T15:06:01.245000Z,0.071237533088,2025-09-20 17:06:01.245,10.061111111111
Yeast Grow 4 Days,pioreactor02,2025-09-20T15:06:41.246000Z,0.071218188658,2025-09-20 17:06:41.246,10.072222222222
Yeast Grow 4 Days,pioreactor02,2025-09-20T15:06:51.247000Z,0.071216948666,2025-09-20 17:06:51.247,10.075
Yeast Grow 4 Days,pioreactor02,2025-09-20T15:07:11.246000Z,0.07121882983,2025-09-20 17:07:11.246,10.080555555556
Yeast Grow 4 Days,pioreactor02,2025-09-20T15:07:31.246000Z,0.071204080495,2025-09-20 17:07:31.246,10.086111111111
Yeast Grow 4 Days,pioreactor02,2025-09-20T15:07:46.247000Z,0.071206924858,2025-09-20 17:07:46.247,10.090277777778
Yeast Grow 4 Days,pioreactor02,2025-09-20T15:08:01.247000Z,0.071232885227,2025-09-20 17:08:01.247,10.094444444444
Yeast Grow 4 Days,pioreactor02,2025-09-20T15:08:21.246000Z,0.071239643323,2025-09-20 17:08:21.246,10.1
Yeast Grow 4 Days,pioreactor02,2025-09-20T15:08:41.246000Z,0.071216417547,2025-09-20 17:08:41.246,10.105555555556
Yeast Grow 4 Days,pioreactor02,2025-09-20T15:09:26.249000Z,0.071208058368,2025-09-20 17:09:26.249,10.118055555556
Yeast Grow 4 Days,pioreactor02,2025-09-20T15:09:51.247000Z,0.071207345595,2025-09-20 17:09:51.247,10.125
Yeast Grow 4 Days,pioreactor02,2025-09-20T15:10:31.248000Z,0.071217008533,2025-09-20 17:10:31.248,10.136111111111
Yeast Grow 4 Days,pioreactor02,2025-09-20T15:10:56.247000Z,0.071248588839,2025-09-20 17:10:56.247,10.143055555556
Yeast Grow 4 Days,pioreactor02,2025-09-20T15:11:51.247000Z,0.071218983042,2025-09-20 17:11:51.247,10.158333333333
Yeast Grow 4 Days,pioreactor02,2025-09-20T15:13:16.248000Z,0.07119964004,2025-09-20 17:13:16.248,10.181944444444
Yeast Grow 4 Days,pioreactor02,2025-09-20T15:15:26.246000Z,0.071207580963,2025-09-20 17:15:26.246,10.218055555556
Yeast Grow 4 Days,pioreactor02,2025-09-20T15:15:36.246000Z,0.071211304702,2025-09-20 17:15:36.246,10.220833333333
Yeast Grow 4 Days,pioreactor02,2025-09-20T15:15:41.246000Z,0.071194829002,2025-09-20 17:15:41.246,10.222222222222
Yeast Grow 4 Days,pioreactor02,2025-09-20T15:15:51.247000Z,0.071202496408,2025-09-20 17:15:51.247,10.225
Yeast Grow 4 Days,pioreactor02,2025-09-20T15:16:06.247000Z,0.071216326231,2025-09-20 17:16:06.247,10.229166666667
Yeast Grow 4 Days,pioreactor02,2025-09-20T15:16:46.246000Z,0.071192680813,2025-09-20 17:16:46.246,10.240277777778
Yeast Grow 4 Days,pioreactor02,2025-09-20T15:17:16.246000Z,0.071186198724,2025-09-20 17:17:16.246,10.248611111111
Yeast Grow 4 Days,pioreactor02,2025-09-20T15:17:31.249000Z,0.071169385424,2025-09-20 17:17:31.249,10.252777777778
Yeast Grow 4 Days,pioreactor02,2025-09-20T15:17:36.246000Z,0.071171650372,2025-09-20 17:17:36.246,10.254166666667
Yeast Grow 4 Days,pioreactor02,2025-09-20T15:18:16.249000Z,0.071200693457,2025-09-20 17:18:16.249,10.265277777778
Yeast Grow 4 Days,pioreactor02,2025-09-20T15:18:21.247000Z,0.071195722541,2025-09-20 17:18:21.247,10.266666666667
Yeast Grow 4 Days,pioreactor02,2025-09-20T15:18:41.246000Z,0.07118435172,2025-09-20 17:18:41.246,10.272222222222
Yeast Grow 4 Days,pioreactor02,2025-09-20T15:18:56.246000Z,0.071182309656,2025-09-20 17:18:56.246,10.276388888889
Yeast Grow 4 Days,pioreactor02,2025-09-20T15:19:11.246000Z,0.071207816734,2025-09-20 17:19:11.246,10.280555555556
Yeast Grow 4 Days,pioreactor02,2025-09-20T15:19:31.247000Z,0.071178989801,2025-09-20 17:19:31.247,10.286111111111
Yeast Grow 4 Days,pioreactor02,2025-09-20T15:20:06.247000Z,0.071203813433,2025-09-20 17:20:06.247,10.295833333333
Yeast Grow 4 Days,pioreactor02,2025-09-20T15:21:51.247000Z,0.071221015937,2025-09-20 17:21:51.247,10.325
Yeast Grow 4 Days,pioreactor02,2025-09-20T15:21:56.248000Z,0.071218271693,2025-09-20 17:21:56.248,10.326388888889
Yeast Grow 4 Days,pioreactor02,2025-09-20T15:22:06.246000Z,0.071193670536,2025-09-20 17:22:06.246,10.329166666667
Yeast Grow 4 Days,pioreactor02,2025-09-20T15:22:56.248000Z,0.071217576519,2025-09-20 17:22:56.248,10.343055555556
Yeast Grow 4 Days,pioreactor02,2025-09-20T15:24:06.246000Z,0.071174289005,2025-09-20 17:24:06.246,10.3625
Yeast Grow 4 Days,pioreactor02,2025-09-20T15:24:31.246000Z,0.071178023548,2025-09-20 17:24:31.246,10.369444444444
Yeast Grow 4 Days,pioreactor02,2025-09-20T15:24:46.247000Z,0.071175831133,2025-09-20 17:24:46.247,10.373611111111
Yeast Grow 4 Days,pioreactor02,2025-09-20T15:24:56.246000Z,0.071164591273,2025-09-20 17:24:56.246,10.376388888889
Yeast Grow 4 Days,pioreactor02,2025-09-20T15:25:51.247000Z,0.071175356374,2025-09-20 17:25:51.247,10.391666666667
Yeast Grow 4 Days,pioreactor02,2025-09-20T15:26:11.246000Z,0.071170093403,2025-09-20 17:26:11.246,10.397222222222
Yeast Grow 4 Days,pioreactor02,2025-09-20T15:26:46.247000Z,0.071198557203,2025-09-20 17:26:46.247,10.406944444444
Yeast Grow 4 Days,pioreactor02,2025-09-20T15:26:51.246000Z,0.071198816792,2025-09-20 17:26:51.246,10.408333333333
Yeast Grow 4 Days,pioreactor02,2025-09-20T15:26:56.246000Z,0.071215065243,2025-09-20 17:26:56.246,10.409722222222
Yeast Grow 4 Days,pioreactor02,2025-09-20T15:27:51.246000Z,0.071247738937,2025-09-20 17:27:51.246,10.425
Yeast Grow 4 Days,pioreactor02,2025-09-20T15:28:06.246000Z,0.071222653348,2025-09-20 17:28:06.246,10.429166666667
Yeast Grow 4 Days,pioreactor02,2025-09-20T15:28:36.247000Z,0.071235621511,2025-09-20 17:28:36.247,10.4375
Yeast Grow 4 Days,pioreactor02,2025-09-20T15:28:41.246000Z,0.07122871972,2025-09-20 17:28:41.246,10.438888888889
Yeast Grow 4 Days,pioreactor02,2025-09-20T15:28:51.247000Z,0.07120277375,2025-09-20 17:28:51.247,10.441666666667
Yeast Grow 4 Days,pioreactor02,2025-09-20T15:29:31.246000Z,0.071210460234,2025-09-20 17:29:31.246,10.452777777778
Yeast Grow 4 Days,pioreactor02,2025-09-20T15:30:01.246000Z,0.071214594939,2025-09-20 17:30:01.246,10.461111111111
Yeast Grow 4 Days,pioreactor02,2025-09-20T15:30:11.247000Z,0.071213797978,2025-09-20 17:30:11.247,10.463888888889
Yeast Grow 4 Days,pioreactor02,2025-09-20T15:30:36.247000Z,0.071221771474,2025-09-20 17:30:36.247,10.470833333333
Yeast Grow 4 Days,pioreactor02,2025-09-20T15:30:56.246000Z,0.071215270488,2025-09-20 17:30:56.246,10.476388888889
Yeast Grow 4 Days,pioreactor02,2025-09-20T15:31:46.245000Z,0.071200694108,2025-09-20 17:31:46.245,10.490277777778
Yeast Grow 4 Days,pioreactor02,2025-09-20T15:32:01.246000Z,0.071206045004,2025-09-20 17:32:01.246,10.494444444444
Yeast Grow 4 Days,pioreactor02,2025-09-20T15:33:01.246000Z,0.071208378999,2025-09-20 17:33:01.246,10.511111111111
Yeast Grow 4 Days,pioreactor02,2025-09-20T15:33:51.246000Z,0.071149831158,2025-09-20 17:33:51.246,10.525
Yeast Grow 4 Days,pioreactor02,2025-09-20T15:34:06.248000Z,0.071166905989,2025-09-20 17:34:06.248,10.529166666667
Yeast Grow 4 Days,pioreactor02,2025-09-20T15:34:11.246000Z,0.07116426385,2025-09-20 17:34:11.246,10.530555555556
Yeast Grow 4 Days,pioreactor02,2025-09-20T15:35:36.246000Z,0.071172387632,2025-09-20 17:35:36.246,10.554166666667
Yeast Grow 4 Days,pioreactor02,2025-09-20T15:35:51.246000Z,0.071157940562,2025-09-20 17:35:51.246,10.558333333333
Yeast Grow 4 Days,pioreactor02,2025-09-20T15:36:21.247000Z,0.071169803521,2025-09-20 17:36:21.247,10.566666666667
Yeast Grow 4 Days,pioreactor02,2025-09-20T15:36:46.246000Z,0.071234252073,2025-09-20 17:36:46.246,10.573611111111
Yeast Grow 4 Days,pioreactor02,2025-09-20T15:37:01.246000Z,0.071234728861,2025-09-20 17:37:01.246,10.577777777778
Yeast Grow 4 Days,pioreactor02,2025-09-20T15:37:16.246000Z,0.071220352133,2025-09-20 17:37:16.246,10.581944444444
Yeast Grow 4 Days,pioreactor02,2025-09-20T15:37:51.247000Z,0.071234757,2025-09-20 17:37:51.247,10.591666666667
Yeast Grow 4 Days,pioreactor02,2025-09-20T15:39:31.247000Z,0.071276278646,2025-09-20 17:39:31.247,10.619444444444
Yeast Grow 4 Days,pioreactor02,2025-09-20T15:39:36.246000Z,0.071275458792,2025-09-20 17:39:36.246,10.620833333333
Yeast Grow 4 Days,pioreactor02,2025-09-20T15:40:41.246000Z,0.071264163919,2025-09-20 17:40:41.246,10.638888888889
Yeast Grow 4 Days,pioreactor02,2025-09-20T15:41:16.245000Z,0.071227554289,2025-09-20 17:41:16.245,10.648611111111
Yeast Grow 4 Days,pioreactor02,2025-09-20T15:41:51.247000Z,0.071196438424,2025-09-20 17:41:51.247,10.658333333333
Yeast Grow 4 Days,pioreactor02,2025-09-20T15:42:26.246000Z,0.071199827296,2025-09-20 17:42:26.246,10.668055555556
Yeast Grow 4 Days,pioreactor02,2025-09-20T15:43:16.246000Z,0.071173164682,2025-09-20 17:43:16.246,10.681944444444
Yeast Grow 4 Days,pioreactor02,2025-09-20T15:43:36.247000Z,0.071160476074,2025-09-20 17:43:36.247,10.6875
Yeast Grow 4 Days,pioreactor02,2025-09-20T15:43:56.247000Z,0.071168650086,2025-09-20 17:43:56.247,10.693055555556
Yeast Grow 4 Days,pioreactor02,2025-09-20T15:45:31.246000Z,0.071124796076,2025-09-20 17:45:31.246,10.719444444444
Yeast Grow 4 Days,pioreactor02,2025-09-20T15:45:46.248000Z,0.071136952591,2025-09-20 17:45:46.248,10.723611111111
Yeast Grow 4 Days,pioreactor02,2025-09-20T15:45:51.247000Z,0.071149106762,2025-09-20 17:45:51.247,10.725
Yeast Grow 4 Days,pioreactor02,2025-09-20T15:46:46.247000Z,0.071157705532,2025-09-20 17:46:46.247,10.740277777778
Yeast Grow 4 Days,pioreactor02,2025-09-20T15:46:51.246000Z,0.071149743469,2025-09-20 17:46:51.246,10.741666666667
Yeast Grow 4 Days,pioreactor02,2025-09-20T15:47:01.246000Z,0.071161744532,2025-09-20 17:47:01.246,10.744444444444
Yeast Grow 4 Days,pioreactor02,2025-09-20T15:47:26.246000Z,0.071178017328,2025-09-20 17:47:26.246,10.751388888889
Yeast Grow 4 Days,pioreactor02,2025-09-20T15:47:31.246000Z,0.071177402745,2025-09-20 17:47:31.246,10.752777777778
Yeast Grow 4 Days,pioreactor02,2025-09-20T15:48:36.247000Z,0.071186755009,2025-09-20 17:48:36.247,10.770833333333
Yeast Grow 4 Days,pioreactor02,2025-09-20T15:48:46.247000Z,0.071170958117,2025-09-20 17:48:46.247,10.773611111111
Yeast Grow 4 Days,pioreactor02,2025-09-20T15:50:01.245000Z,0.071206557333,2025-09-20 17:50:01.245,10.794444444444
Yeast Grow 4 Days,pioreactor02,2025-09-20T15:50:16.246000Z,0.071219682077,2025-09-20 17:50:16.246,10.798611111111
Yeast Grow 4 Days,pioreactor02,2025-09-20T15:50:56.247000Z,0.071208116085,2025-09-20 17:50:56.247,10.809722222222
Yeast Grow 4 Days,pioreactor02,2025-09-20T15:51:31.246000Z,0.071191512043,2025-09-20 17:51:31.246,10.819444444444
Yeast Grow 4 Days,pioreactor02,2025-09-20T15:51:46.246000Z,0.071189488702,2025-09-20 17:51:46.246,10.823611111111
Yeast Grow 4 Days,pioreactor02,2025-09-20T15:52:11.245000Z,0.071188403378,2025-09-20 17:52:11.245,10.830555555556
Yeast Grow 4 Days,pioreactor02,2025-09-20T15:52:46.247000Z,0.071166901198,2025-09-20 17:52:46.247,10.840277777778
Yeast Grow 4 Days,pioreactor02,2025-09-20T15:53:16.246000Z,0.071166822431,2025-09-20 17:53:16.246,10.848611111111
Yeast Grow 4 Days,pioreactor02,2025-09-20T15:54:11.247000Z,0.071161260313,2025-09-20 17:54:11.247,10.863888888889
Yeast Grow 4 Days,pioreactor02,2025-09-20T15:54:21.246000Z,0.071154547931,2025-09-20 17:54:21.246,10.866666666667
Yeast Grow 4 Days,pioreactor02,2025-09-20T15:55:01.245000Z,0.071138537209,2025-09-20 17:55:01.245,10.877777777778
Yeast Grow 4 Days,pioreactor02,2025-09-20T15:55:31.246000Z,0.071133542392,2025-09-20 17:55:31.246,10.886111111111
Yeast Grow 4 Days,pioreactor02,2025-09-20T15:55:46.248000Z,0.071148995023,2025-09-20 17:55:46.248,10.890277777778
Yeast Grow 4 Days,pioreactor02,2025-09-20T15:56:11.246000Z,0.071167962254,2025-09-20 17:56:11.246,10.897222222222
Yeast Grow 4 Days,pioreactor02,2025-09-20T15:57:36.250000Z,0.071112277907,2025-09-20 17:57:36.250,10.920833333333
Yeast Grow 4 Days,pioreactor02,2025-09-20T15:58:21.246000Z,0.07113764179,2025-09-20 17:58:21.246,10.933333333333
Yeast Grow 4 Days,pioreactor02,2025-09-20T15:58:26.247000Z,0.071134055441,2025-09-20 17:58:26.247,10.934722222222
Yeast Grow 4 Days,pioreactor02,2025-09-20T15:58:46.246000Z,0.071159377776,2025-09-20 17:58:46.246,10.940277777778
Yeast Grow 4 Days,pioreactor02,2025-09-20T15:59:01.246000Z,0.07115606129,2025-09-20 17:59:01.246,10.944444444444
Yeast Grow 4 Days,pioreactor02,2025-09-20T15:59:06.248000Z,0.071141894941,2025-09-20 17:59:06.248,10.945833333333
Yeast Grow 4 Days,pioreactor02,2025-09-20T15:59:26.249000Z,0.071168018352,2025-09-20 17:59:26.249,10.951388888889
Yeast Grow 4 Days,pioreactor02,2025-09-20T15:59:51.247000Z,0.071171607377,2025-09-20 17:59:51.247,10.958333333333
Yeast Grow 4 Days,pioreactor02,2025-09-20T16:00:01.248000Z,0.071143798526,2025-09-20 18:00:01.248,10.961111111111
Yeast Grow 4 Days,pioreactor02,2025-09-20T16:00:11.246000Z,0.071164975152,2025-09-20 18:00:11.246,10.963888888889
Yeast Grow 4 Days,pioreactor02,2025-09-20T16:00:16.246000Z,0.071160435507,2025-09-20 18:00:16.246,10.965277777778
Yeast Grow 4 Days,pioreactor02,2025-09-20T16:00:56.248000Z,0.071174199079,2025-09-20 18:00:56.248,10.976388888889
Yeast Grow 4 Days,pioreactor02,2025-09-20T16:01:36.246000Z,0.071192214183,2025-09-20 18:01:36.246,10.9875
Yeast Grow 4 Days,pioreactor02,2025-09-20T16:01:41.246000Z,0.071194497214,2025-09-20 18:01:41.246,10.988888888889
Yeast Grow 4 Days,pioreactor02,2025-09-20T16:02:11.246000Z,0.071185084661,2025-09-20 18:02:11.246,10.997222222222
Yeast Grow 4 Days,pioreactor02,2025-09-20T16:04:16.248000Z,0.071222186961,2025-09-20 18:04:16.248,11.031944444444
Yeast Grow 4 Days,pioreactor02,2025-09-20T16:04:26.248000Z,0.071229613666,2025-09-20 18:04:26.248,11.034722222222
Yeast Grow 4 Days,pioreactor02,2025-09-20T16:04:56.246000Z,0.071200547134,2025-09-20 18:04:56.246,11.043055555556
Yeast Grow 4 Days,pioreactor02,2025-09-20T16:05:11.246000Z,0.071192356678,2025-09-20 18:05:11.246,11.047222222222
Yeast Grow 4 Days,pioreactor02,2025-09-20T16:05:46.246000Z,0.071188438259,2025-09-20 18:05:46.246,11.056944444444
Yeast Grow 4 Days,pioreactor02,2025-09-20T16:06:26.247000Z,0.071163277047,2025-09-20 18:06:26.247,11.068055555556
Yeast Grow 4 Days,pioreactor02,2025-09-20T16:08:51.247000Z,0.0711698993,2025-09-20 18:08:51.247,11.108333333333
Yeast Grow 4 Days,pioreactor02,2025-09-20T16:10:16.247000Z,0.071147143051,2025-09-20 18:10:16.247,11.131944444444
Yeast Grow 4 Days,pioreactor02,2025-09-20T16:10:36.249000Z,0.071159749772,2025-09-20 18:10:36.249,11.1375
Yeast Grow 4 Days,pioreactor02,2025-09-20T16:10:46.246000Z,0.071158200877,2025-09-20 18:10:46.246,11.140277777778
Yeast Grow 4 Days,pioreactor02,2025-09-20T16:11:11.247000Z,0.071127314065,2025-09-20 18:11:11.247,11.147222222222
Yeast Grow 4 Days,pioreactor02,2025-09-20T16:11:21.247000Z,0.071115889668,2025-09-20 18:11:21.247,11.15
Yeast Grow 4 Days,pioreactor02,2025-09-20T16:11:26.247000Z,0.071119750911,2025-09-20 18:11:26.247,11.151388888889
Yeast Grow 4 Days,pioreactor02,2025-09-20T16:11:31.245000Z,0.07111801575,2025-09-20 18:11:31.245,11.152777777778
Yeast Grow 4 Days,pioreactor02,2025-09-20T16:11:36.247000Z,0.071110869725,2025-09-20 18:11:36.247,11.154166666667
Yeast Grow 4 Days,pioreactor02,2025-09-20T16:11:41.248000Z,0.071118144093,2025-09-20 18:11:41.248,11.155555555556
Yeast Grow 4 Days,pioreactor02,2025-09-20T16:12:01.247000Z,0.071110815359,2025-09-20 18:12:01.247,11.161111111111
Yeast Grow 4 Days,pioreactor02,2025-09-20T16:12:11.248000Z,0.071110176818,2025-09-20 18:12:11.248,11.163888888889
Yeast Grow 4 Days,pioreactor02,2025-09-20T16:14:06.247000Z,0.071137185462,2025-09-20 18:14:06.247,11.195833333333
Yeast Grow 4 Days,pioreactor02,2025-09-20T16:15:26.246000Z,0.071149567089,2025-09-20 18:15:26.246,11.218055555556
Yeast Grow 4 Days,pioreactor02,2025-09-20T16:15:46.246000Z,0.071166410372,2025-09-20 18:15:46.246,11.223611111111
Yeast Grow 4 Days,pioreactor02,2025-09-20T16:16:41.248000Z,0.07117294054,2025-09-20 18:16:41.248,11.238888888889
Yeast Grow 4 Days,pioreactor02,2025-09-20T16:17:06.246000Z,0.071166066749,2025-09-20 18:17:06.246,11.245833333333
Yeast Grow 4 Days,pioreactor02,2025-09-20T16:18:06.246000Z,0.071152871279,2025-09-20 18:18:06.246,11.2625
Yeast Grow 4 Days,pioreactor02,2025-09-20T16:18:16.247000Z,0.071132193331,2025-09-20 18:18:16.247,11.265277777778
Yeast Grow 4 Days,pioreactor02,2025-09-20T16:19:01.247000Z,0.071134089167,2025-09-20 18:19:01.247,11.277777777778
Yeast Grow 4 Days,pioreactor02,2025-09-20T16:20:51.246000Z,0.071165361159,2025-09-20 18:20:51.246,11.308333333333
Yeast Grow 4 Days,pioreactor02,2025-09-20T16:22:41.246000Z,0.071143682202,2025-09-20 18:22:41.246,11.338888888889
Yeast Grow 4 Days,pioreactor02,2025-09-20T16:24:16.246000Z,0.071153126756,2025-09-20 18:24:16.246,11.365277777778
Yeast Grow 4 Days,pioreactor02,2025-09-20T16:24:51.246000Z,0.071105580657,2025-09-20 18:24:51.246,11.375
Yeast Grow 4 Days,pioreactor02,2025-09-20T16:25:16.247000Z,0.07111450812,2025-09-20 18:25:16.247,11.381944444444
Yeast Grow 4 Days,pioreactor02,2025-09-20T16:25:31.246000Z,0.071131503343,2025-09-20 18:25:31.246,11.386111111111
Yeast Grow 4 Days,pioreactor02,2025-09-20T16:25:41.246000Z,0.07115289766,2025-09-20 18:25:41.246,11.388888888889
Yeast Grow 4 Days,pioreactor02,2025-09-20T16:28:11.246000Z,0.071170844725,2025-09-20 18:28:11.246,11.430555555556
Yeast Grow 4 Days,pioreactor02,2025-09-20T16:30:11.246000Z,0.071154859272,2025-09-20 18:30:11.246,11.463888888889
Yeast Grow 4 Days,pioreactor02,2025-09-20T16:30:16.246000Z,0.071161193594,2025-09-20 18:30:16.246,11.465277777778
Yeast Grow 4 Days,pioreactor02,2025-09-20T16:30:36.248000Z,0.071143479814,2025-09-20 18:30:36.248,11.470833333333
Yeast Grow 4 Days,pioreactor02,2025-09-20T16:30:51.246000Z,0.071161394502,2025-09-20 18:30:51.246,11.475
Yeast Grow 4 Days,pioreactor02,2025-09-20T16:31:26.247000Z,0.071152340812,2025-09-20 18:31:26.247,11.484722222222
Yeast Grow 4 Days,pioreactor02,2025-09-20T16:32:21.246000Z,0.071177194335,2025-09-20 18:32:21.246,11.5
Yeast Grow 4 Days,pioreactor02,2025-09-20T16:32:31.246000Z,0.071180921928,2025-09-20 18:32:31.246,11.502777777778
Yeast Grow 4 Days,pioreactor02,2025-09-20T16:33:16.246000Z,0.071216886203,2025-09-20 18:33:16.246,11.515277777778
Yeast Grow 4 Days,pioreactor02,2025-09-20T16:34:01.247000Z,0.071229920386,2025-09-20 18:34:01.247,11.527777777778
Yeast Grow 4 Days,pioreactor02,2025-09-20T16:34:16.250000Z,0.071195582228,2025-09-20 18:34:16.250,11.531944444444
Yeast Grow 4 Days,pioreactor02,2025-09-20T16:34:41.246000Z,0.071202483959,2025-09-20 18:34:41.246,11.538888888889
Yeast Grow 4 Days,pioreactor02,2025-09-20T16:34:56.246000Z,0.071175103853,2025-09-20 18:34:56.246,11.543055555556
Yeast Grow 4 Days,pioreactor02,2025-09-20T16:36:26.247000Z,0.071215700518,2025-09-20 18:36:26.247,11.568055555556
Yeast Grow 4 Days,pioreactor02,2025-09-20T16:36:51.246000Z,0.07123442474,2025-09-20 18:36:51.246,11.575
Yeast Grow 4 Days,pioreactor02,2025-09-20T16:37:26.248000Z,0.071247499603,2025-09-20 18:37:26.248,11.584722222222
Yeast Grow 4 Days,pioreactor02,2025-09-20T16:37:31.249000Z,0.071234935203,2025-09-20 18:37:31.249,11.586111111111
Yeast Grow 4 Days,pioreactor02,2025-09-20T16:37:41.247000Z,0.071228287553,2025-09-20 18:37:41.247,11.588888888889
Yeast Grow 4 Days,pioreactor02,2025-09-20T16:38:11.246000Z,0.071197937386,2025-09-20 18:38:11.246,11.597222222222
Yeast Grow 4 Days,pioreactor02,2025-09-20T16:38:36.247000Z,0.071228988235,2025-09-20 18:38:36.247,11.604166666667
Yeast Grow 4 Days,pioreactor02,2025-09-20T16:38:51.248000Z,0.071220904926,2025-09-20 18:38:51.248,11.608333333333
Yeast Grow 4 Days,pioreactor02,2025-09-20T16:40:26.246000Z,0.071202329463,2025-09-20 18:40:26.246,11.634722222222
Yeast Grow 4 Days,pioreactor02,2025-09-20T16:40:56.246000Z,0.071230196305,2025-09-20 18:40:56.246,11.643055555556
Yeast Grow 4 Days,pioreactor02,2025-09-20T16:41:01.248000Z,0.071229999025,2025-09-20 18:41:01.248,11.644444444444
Yeast Grow 4 Days,pioreactor02,2025-09-20T16:41:16.247000Z,0.07122981176,2025-09-20 18:41:16.247,11.648611111111
Yeast Grow 4 Days,pioreactor02,2025-09-20T16:41:41.247000Z,0.071205451857,2025-09-20 18:41:41.247,11.655555555556
Yeast Grow 4 Days,pioreactor02,2025-09-20T16:41:46.246000Z,0.071203313261,2025-09-20 18:41:46.246,11.656944444444
Yeast Grow 4 Days,pioreactor02,2025-09-20T16:41:51.246000Z,0.071203829515,2025-09-20 18:41:51.246,11.658333333333
Yeast Grow 4 Days,pioreactor02,2025-09-20T16:42:06.248000Z,0.071208414321,2025-09-20 18:42:06.248,11.6625
Yeast Grow 4 Days,pioreactor02,2025-09-20T16:42:36.246000Z,0.071195650491,2025-09-20 18:42:36.246,11.670833333333
Yeast Grow 4 Days,pioreactor02,2025-09-20T16:43:26.248000Z,0.071236786614,2025-09-20 18:43:26.248,11.684722222222
Yeast Grow 4 Days,pioreactor02,2025-09-20T16:44:41.247000Z,0.071248230627,2025-09-20 18:44:41.247,11.705555555556
Yeast Grow 4 Days,pioreactor02,2025-09-20T16:45:51.246000Z,0.071235814801,2025-09-20 18:45:51.246,11.725
Yeast Grow 4 Days,pioreactor02,2025-09-20T16:46:11.246000Z,0.071242934088,2025-09-20 18:46:11.246,11.730555555556
Yeast Grow 4 Days,pioreactor02,2025-09-20T16:46:36.246000Z,0.071270987779,2025-09-20 18:46:36.246,11.7375
Yeast Grow 4 Days,pioreactor02,2025-09-20T16:47:21.245000Z,0.071239450146,2025-09-20 18:47:21.245,11.75
Yeast Grow 4 Days,pioreactor02,2025-09-20T16:47:56.246000Z,0.071224620729,2025-09-20 18:47:56.246,11.759722222222
Yeast Grow 4 Days,pioreactor02,2025-09-20T16:48:11.246000Z,0.071204474408,2025-09-20 18:48:11.246,11.763888888889
Yeast Grow 4 Days,pioreactor02,2025-09-20T16:48:16.247000Z,0.071203812617,2025-09-20 18:48:16.247,11.765277777778
Yeast Grow 4 Days,pioreactor02,2025-09-20T16:48:31.247000Z,0.071201527862,2025-09-20 18:48:31.247,11.769444444444
Yeast Grow 4 Days,pioreactor02,2025-09-20T16:48:51.247000Z,0.071192606434,2025-09-20 18:48:51.247,11.775
Yeast Grow 4 Days,pioreactor02,2025-09-20T16:50:16.248000Z,0.071263641904,2025-09-20 18:50:16.248,11.798611111111
Yeast Grow 4 Days,pioreactor02,2025-09-20T16:51:11.246000Z,0.071218296652,2025-09-20 18:51:11.246,11.813888888889
Yeast Grow 4 Days,pioreactor02,2025-09-20T16:51:41.246000Z,0.071182965232,2025-09-20 18:51:41.246,11.822222222222
Yeast Grow 4 Days,pioreactor02,2025-09-20T16:51:46.246000Z,0.071201303149,2025-09-20 18:51:46.246,11.823611111111
Yeast Grow 4 Days,pioreactor02,2025-09-20T16:52:01.247000Z,0.071201623779,2025-09-20 18:52:01.247,11.827777777778
Yeast Grow 4 Days,pioreactor02,2025-09-20T16:52:31.246000Z,0.071175215996,2025-09-20 18:52:31.246,11.836111111111
Yeast Grow 4 Days,pioreactor02,2025-09-20T16:52:41.245000Z,0.07116311898,2025-09-20 18:52:41.245,11.838888888889
Yeast Grow 4 Days,pioreactor02,2025-09-20T16:52:46.246000Z,0.071159426612,2025-09-20 18:52:46.246,11.840277777778
Yeast Grow 4 Days,pioreactor02,2025-09-20T16:52:56.246000Z,0.071151474157,2025-09-20 18:52:56.246,11.843055555556
Yeast Grow 4 Days,pioreactor02,2025-09-20T16:53:46.246000Z,0.071143394752,2025-09-20 18:53:46.246,11.856944444444
Yeast Grow 4 Days,pioreactor02,2025-09-20T16:54:21.246000Z,0.071134576965,2025-09-20 18:54:21.246,11.866666666667
Yeast Grow 4 Days,pioreactor02,2025-09-20T16:54:26.249000Z,0.071124093428,2025-09-20 18:54:26.249,11.868055555556
Yeast Grow 4 Days,pioreactor02,2025-09-20T16:55:51.246000Z,0.071173422426,2025-09-20 18:55:51.246,11.891666666667
Yeast Grow 4 Days,pioreactor02,2025-09-20T16:55:56.247000Z,0.071164543543,2025-09-20 18:55:56.247,11.893055555556
Yeast Grow 4 Days,pioreactor02,2025-09-20T16:56:51.246000Z,0.071139491884,2025-09-20 18:56:51.246,11.908333333333
Yeast Grow 4 Days,pioreactor02,2025-09-20T16:56:56.247000Z,0.071136220466,2025-09-20 18:56:56.247,11.909722222222
Yeast Grow 4 Days,pioreactor02,2025-09-20T16:59:21.246000Z,0.071119246998,2025-09-20 18:59:21.246,11.95
Yeast Grow 4 Days,pioreactor02,2025-09-20T17:00:06.247000Z,0.071081342068,2025-09-20 19:00:06.247,11.9625
Yeast Grow 4 Days,pioreactor02,2025-09-20T17:00:26.247000Z,0.071083619577,2025-09-20 19:00:26.247,11.968055555556
Yeast Grow 4 Days,pioreactor02,2025-09-20T17:00:31.246000Z,0.071081862759,2025-09-20 19:00:31.246,11.969444444444
Yeast Grow 4 Days,pioreactor02,2025-09-20T17:01:36.248000Z,0.071081618617,2025-09-20 19:01:36.248,11.9875
Yeast Grow 4 Days,pioreactor02,2025-09-20T17:02:01.246000Z,0.071080301937,2025-09-20 19:02:01.246,11.994444444444
Yeast Grow 4 Days,pioreactor02,2025-09-20T17:02:16.248000Z,0.0710809192,2025-09-20 19:02:16.248,11.998611111111
Yeast Grow 4 Days,pioreactor02,2025-09-20T17:03:41.248000Z,0.071117974169,2025-09-20 19:03:41.248,12.022222222222
Yeast Grow 4 Days,pioreactor02,2025-09-20T17:05:51.246000Z,0.071110533264,2025-09-20 19:05:51.246,12.058333333333
Yeast Grow 4 Days,pioreactor02,2025-09-20T17:06:11.245000Z,0.071103392627,2025-09-20 19:06:11.245,12.063888888889
Yeast Grow 4 Days,pioreactor02,2025-09-20T17:06:51.247000Z,0.071117659127,2025-09-20 19:06:51.247,12.075
Yeast Grow 4 Days,pioreactor02,2025-09-20T17:07:01.247000Z,0.071106799944,2025-09-20 19:07:01.247,12.077777777778
Yeast Grow 4 Days,pioreactor02,2025-09-20T17:07:21.248000Z,0.071086949278,2025-09-20 19:07:21.248,12.083333333333
Yeast Grow 4 Days,pioreactor02,2025-09-20T17:07:36.246000Z,0.071107100703,2025-09-20 19:07:36.246,12.0875
Yeast Grow 4 Days,pioreactor02,2025-09-20T17:07:46.247000Z,0.071104238983,2025-09-20 19:07:46.247,12.090277777778
Yeast Grow 4 Days,pioreactor02,2025-09-20T17:09:51.246000Z,0.071126803361,2025-09-20 19:09:51.246,12.125
Yeast Grow 4 Days,pioreactor02,2025-09-20T17:10:16.246000Z,0.071129855823,2025-09-20 19:10:16.246,12.131944444444
Yeast Grow 4 Days,pioreactor02,2025-09-20T17:10:26.249000Z,0.071125647078,2025-09-20 19:10:26.249,12.134722222222
Yeast Grow 4 Days,pioreactor02,2025-09-20T17:11:31.249000Z,0.071108315315,2025-09-20 19:11:31.249,12.152777777778
Yeast Grow 4 Days,pioreactor02,2025-09-20T17:13:26.247000Z,0.07114617464,2025-09-20 19:13:26.247,12.184722222222
Yeast Grow 4 Days,pioreactor02,2025-09-20T17:13:41.248000Z,0.071144397448,2025-09-20 19:13:41.248,12.188888888889
Yeast Grow 4 Days,pioreactor02,2025-09-20T17:14:01.246000Z,0.071133858808,2025-09-20 19:14:01.246,12.194444444444
Yeast Grow 4 Days,pioreactor02,2025-09-20T17:15:11.246000Z,0.071114230096,2025-09-20 19:15:11.246,12.213888888889
Yeast Grow 4 Days,pioreactor02,2025-09-20T17:15:21.246000Z,0.071113597145,2025-09-20 19:15:21.246,12.216666666667
Yeast Grow 4 Days,pioreactor02,2025-09-20T17:15:41.246000Z,0.071110419026,2025-09-20 19:15:41.246,12.222222222222
Yeast Grow 4 Days,pioreactor02,2025-09-20T17:16:46.246000Z,0.071111885189,2025-09-20 19:16:46.246,12.240277777778
Yeast Grow 4 Days,pioreactor02,2025-09-20T17:16:51.248000Z,0.07112137952,2025-09-20 19:16:51.248,12.241666666667
Yeast Grow 4 Days,pioreactor02,2025-09-20T17:17:21.247000Z,0.071099388294,2025-09-20 19:17:21.247,12.25
Yeast Grow 4 Days,pioreactor02,2025-09-20T17:17:26.247000Z,0.071115092195,2025-09-20 19:17:26.247,12.251388888889
Yeast Grow 4 Days,pioreactor02,2025-09-20T17:17:51.247000Z,0.071110905246,2025-09-20 19:17:51.247,12.258333333333
Yeast Grow 4 Days,pioreactor02,2025-09-20T17:18:16.247000Z,0.071134698025,2025-09-20 19:18:16.247,12.265277777778
Yeast Grow 4 Days,pioreactor02,2025-09-20T17:18:21.248000Z,0.071139204772,2025-09-20 19:18:21.248,12.266666666667
Yeast Grow 4 Days,pioreactor02,2025-09-20T17:18:41.247000Z,0.071158946332,2025-09-20 19:18:41.247,12.272222222222
Yeast Grow 4 Days,pioreactor02,2025-09-20T17:19:06.246000Z,0.071171805602,2025-09-20 19:19:06.246,12.279166666667
Yeast Grow 4 Days,pioreactor02,2025-09-20T17:19:21.246000Z,0.071169861745,2025-09-20 19:19:21.246,12.283333333333
Yeast Grow 4 Days,pioreactor02,2025-09-20T17:19:41.246000Z,0.071159436795,2025-09-20 19:19:41.246,12.288888888889
Yeast Grow 4 Days,pioreactor02,2025-09-20T17:20:06.248000Z,0.071147751616,2025-09-20 19:20:06.248,12.295833333333
Yeast Grow 4 Days,pioreactor02,2025-09-20T17:21:01.247000Z,0.071138623182,2025-09-20 19:21:01.247,12.311111111111
Yeast Grow 4 Days,pioreactor02,2025-09-20T17:21:11.247000Z,0.071144279538,2025-09-20 19:21:11.247,12.313888888889
Yeast Grow 4 Days,pioreactor02,2025-09-20T17:21:31.247000Z,0.071152278045,2025-09-20 19:21:31.247,12.319444444444
Yeast Grow 4 Days,pioreactor02,2025-09-20T17:21:36.248000Z,0.07115377883,2025-09-20 19:21:36.248,12.320833333333
Yeast Grow 4 Days,pioreactor02,2025-09-20T17:21:46.246000Z,0.071162159363,2025-09-20 19:21:46.246,12.323611111111
Yeast Grow 4 Days,pioreactor02,2025-09-20T17:22:21.246000Z,0.071175266614,2025-09-20 19:22:21.246,12.333333333333
Yeast Grow 4 Days,pioreactor02,2025-09-20T17:23:51.246000Z,0.071225275065,2025-09-20 19:23:51.246,12.358333333333
Yeast Grow 4 Days,pioreactor02,2025-09-20T17:23:56.247000Z,0.071223893419,2025-09-20 19:23:56.247,12.359722222222
Yeast Grow 4 Days,pioreactor02,2025-09-20T17:24:11.249000Z,0.071196391001,2025-09-20 19:24:11.249,12.363888888889
Yeast Grow 4 Days,pioreactor02,2025-09-20T17:24:31.247000Z,0.071194220383,2025-09-20 19:24:31.247,12.369444444444
Yeast Grow 4 Days,pioreactor02,2025-09-20T17:24:36.246000Z,0.071195444665,2025-09-20 19:24:36.246,12.370833333333
Yeast Grow 4 Days,pioreactor02,2025-09-20T17:24:41.246000Z,0.071197695418,2025-09-20 19:24:41.246,12.372222222222
Yeast Grow 4 Days,pioreactor02,2025-09-20T17:26:16.249000Z,0.071158011983,2025-09-20 19:26:16.249,12.398611111111
Yeast Grow 4 Days,pioreactor02,2025-09-20T17:28:11.246000Z,0.071185772327,2025-09-20 19:28:11.246,12.430555555556
Yeast Grow 4 Days,pioreactor02,2025-09-20T17:28:41.247000Z,0.071180623761,2025-09-20 19:28:41.247,12.438888888889
Yeast Grow 4 Days,pioreactor02,2025-09-20T17:28:51.248000Z,0.071190958831,2025-09-20 19:28:51.248,12.441666666667
Yeast Grow 4 Days,pioreactor02,2025-09-20T17:29:41.247000Z,0.071211055531,2025-09-20 19:29:41.247,12.455555555556
Yeast Grow 4 Days,pioreactor02,2025-09-20T17:30:01.246000Z,0.071217401388,2025-09-20 19:30:01.246,12.461111111111
Yeast Grow 4 Days,pioreactor02,2025-09-20T17:30:16.246000Z,0.071177204666,2025-09-20 19:30:16.246,12.465277777778
Yeast Grow 4 Days,pioreactor02,2025-09-20T17:31:46.246000Z,0.07119485762,2025-09-20 19:31:46.246,12.490277777778
Yeast Grow 4 Days,pioreactor02,2025-09-20T17:31:51.246000Z,0.071199449368,2025-09-20 19:31:51.246,12.491666666667
Yeast Grow 4 Days,pioreactor02,2025-09-20T17:33:31.248000Z,0.071164563678,2025-09-20 19:33:31.248,12.519444444444
Yeast Grow 4 Days,pioreactor02,2025-09-20T17:34:01.246000Z,0.071158656489,2025-09-20 19:34:01.246,12.527777777778
Yeast Grow 4 Days,pioreactor02,2025-09-20T17:34:11.246000Z,0.071146098089,2025-09-20 19:34:11.246,12.530555555556
Yeast Grow 4 Days,pioreactor02,2025-09-20T17:34:16.247000Z,0.07115392579,2025-09-20 19:34:16.247,12.531944444444
Yeast Grow 4 Days,pioreactor02,2025-09-20T17:34:51.251000Z,0.071200898875,2025-09-20 19:34:51.251,12.541666666667
Yeast Grow 4 Days,pioreactor02,2025-09-20T17:35:21.247000Z,0.07120392116,2025-09-20 19:35:21.247,12.55
Yeast Grow 4 Days,pioreactor02,2025-09-20T17:36:36.249000Z,0.071144164924,2025-09-20 19:36:36.249,12.570833333333
Yeast Grow 4 Days,pioreactor02,2025-09-20T17:37:36.247000Z,0.071184740355,2025-09-20 19:37:36.247,12.5875
Yeast Grow 4 Days,pioreactor02,2025-09-20T17:37:56.247000Z,0.071175167523,2025-09-20 19:37:56.247,12.593055555556
Yeast Grow 4 Days,pioreactor02,2025-09-20T17:38:31.246000Z,0.071185498636,2025-09-20 19:38:31.246,12.602777777778
Yeast Grow 4 Days,pioreactor02,2025-09-20T17:38:41.246000Z,0.071167827822,2025-09-20 19:38:41.246,12.605555555556
Yeast Grow 4 Days,pioreactor02,2025-09-20T17:39:46.246000Z,0.07116511954,2025-09-20 19:39:46.246,12.623611111111
Yeast Grow 4 Days,pioreactor02,2025-09-20T17:41:51.246000Z,0.071145728442,2025-09-20 19:41:51.246,12.658333333333
Yeast Grow 4 Days,pioreactor02,2025-09-20T17:42:06.249000Z,0.071168436482,2025-09-20 19:42:06.249,12.6625
Yeast Grow 4 Days,pioreactor02,2025-09-20T17:42:21.247000Z,0.071179822868,2025-09-20 19:42:21.247,12.666666666667
Yeast Grow 4 Days,pioreactor02,2025-09-20T17:43:21.247000Z,0.071171488876,2025-09-20 19:43:21.247,12.683333333333
Yeast Grow 4 Days,pioreactor02,2025-09-20T17:43:31.246000Z,0.07116274143,2025-09-20 19:43:31.246,12.686111111111
Yeast Grow 4 Days,pioreactor02,2025-09-20T17:43:56.246000Z,0.071162715979,2025-09-20 19:43:56.246,12.693055555556
Yeast Grow 4 Days,pioreactor02,2025-09-20T17:44:06.246000Z,0.071153963932,2025-09-20 19:44:06.246,12.695833333333
Yeast Grow 4 Days,pioreactor02,2025-09-20T17:44:26.246000Z,0.071138901406,2025-09-20 19:44:26.246,12.701388888889
Yeast Grow 4 Days,pioreactor02,2025-09-20T17:44:46.247000Z,0.07114749684,2025-09-20 19:44:46.247,12.706944444444
Yeast Grow 4 Days,pioreactor02,2025-09-20T17:44:56.246000Z,0.07114987763,2025-09-20 19:44:56.246,12.709722222222
Yeast Grow 4 Days,pioreactor02,2025-09-20T17:45:01.247000Z,0.071161492907,2025-09-20 19:45:01.247,12.711111111111
Yeast Grow 4 Days,pioreactor02,2025-09-20T17:45:06.247000Z,0.071160245626,2025-09-20 19:45:06.247,12.7125
Yeast Grow 4 Days,pioreactor02,2025-09-20T17:46:36.246000Z,0.071165875387,2025-09-20 19:46:36.246,12.7375
Yeast Grow 4 Days,pioreactor02,2025-09-20T17:46:51.246000Z,0.071169214916,2025-09-20 19:46:51.246,12.741666666667
Yeast Grow 4 Days,pioreactor02,2025-09-20T17:47:36.246000Z,0.071202867564,2025-09-20 19:47:36.246,12.754166666667
Yeast Grow 4 Days,pioreactor02,2025-09-20T17:49:16.247000Z,0.071193981726,2025-09-20 19:49:16.247,12.781944444444
Yeast Grow 4 Days,pioreactor02,2025-09-20T17:49:21.249000Z,0.071191269464,2025-09-20 19:49:21.249,12.783333333333
Yeast Grow 4 Days,pioreactor02,2025-09-20T17:50:31.246000Z,0.071248276295,2025-09-20 19:50:31.246,12.802777777778
Yeast Grow 4 Days,pioreactor02,2025-09-20T17:50:41.246000Z,0.071221918931,2025-09-20 19:50:41.246,12.805555555556
Yeast Grow 4 Days,pioreactor02,2025-09-20T17:50:46.246000Z,0.071224687918,2025-09-20 19:50:46.246,12.806944444444
Yeast Grow 4 Days,pioreactor02,2025-09-20T17:50:56.246000Z,0.07123107781,2025-09-20 19:50:56.246,12.809722222222
Yeast Grow 4 Days,pioreactor02,2025-09-20T17:51:06.246000Z,0.071239503007,2025-09-20 19:51:06.246,12.8125
Yeast Grow 4 Days,pioreactor02,2025-09-20T17:51:56.247000Z,0.071215286991,2025-09-20 19:51:56.247,12.826388888889
Yeast Grow 4 Days,pioreactor02,2025-09-20T17:53:46.247000Z,0.071247493505,2025-09-20 19:53:46.247,12.856944444444
Yeast Grow 4 Days,pioreactor02,2025-09-20T17:53:51.247000Z,0.071250708965,2025-09-20 19:53:51.247,12.858333333333
Yeast Grow 4 Days,pioreactor02,2025-09-20T17:54:31.247000Z,0.07125793367,2025-09-20 19:54:31.247,12.869444444444
Yeast Grow 4 Days,pioreactor02,2025-09-20T17:54:51.248000Z,0.071255040694,2025-09-20 19:54:51.248,12.875
Yeast Grow 4 Days,pioreactor02,2025-09-20T17:55:21.246000Z,0.071213811207,2025-09-20 19:55:21.246,12.883333333333
Yeast Grow 4 Days,pioreactor02,2025-09-20T17:56:26.247000Z,0.071235525085,2025-09-20 19:56:26.247,12.901388888889
Yeast Grow 4 Days,pioreactor02,2025-09-20T17:56:46.249000Z,0.071225817085,2025-09-20 19:56:46.249,12.906944444444
Yeast Grow 4 Days,pioreactor02,2025-09-20T17:57:06.246000Z,0.071232901142,2025-09-20 19:57:06.246,12.9125
Yeast Grow 4 Days,pioreactor02,2025-09-20T17:59:41.247000Z,0.071182175606,2025-09-20 19:59:41.247,12.955555555556
Yeast Grow 4 Days,pioreactor02,2025-09-20T17:59:46.246000Z,0.071196514325,2025-09-20 19:59:46.246,12.956944444444
Yeast Grow 4 Days,pioreactor02,2025-09-20T17:59:56.247000Z,0.071195992728,2025-09-20 19:59:56.247,12.959722222222
Yeast Grow 4 Days,pioreactor02,2025-09-20T18:00:01.247000Z,0.071191808875,2025-09-20 20:00:01.247,12.961111111111
Yeast Grow 4 Days,pioreactor02,2025-09-20T18:00:56.249000Z,0.071193175156,2025-09-20 20:00:56.249,12.976388888889
Yeast Grow 4 Days,pioreactor02,2025-09-20T18:02:31.245000Z,0.071180849081,2025-09-20 20:02:31.245,13.002777777778
Yeast Grow 4 Days,pioreactor02,2025-09-20T18:03:26.247000Z,0.071197254316,2025-09-20 20:03:26.247,13.018055555556
Yeast Grow 4 Days,pioreactor02,2025-09-20T18:04:21.246000Z,0.071179393018,2025-09-20 20:04:21.246,13.033333333333
Yeast Grow 4 Days,pioreactor02,2025-09-20T18:06:11.247000Z,0.071163340007,2025-09-20 20:06:11.247,13.063888888889
Yeast Grow 4 Days,pioreactor02,2025-09-20T18:06:41.249000Z,0.071176444246,2025-09-20 20:06:41.249,13.072222222222
Yeast Grow 4 Days,pioreactor02,2025-09-20T18:06:56.247000Z,0.071193361318,2025-09-20 20:06:56.247,13.076388888889
Yeast Grow 4 Days,pioreactor02,2025-09-20T18:07:16.246000Z,0.071158611176,2025-09-20 20:07:16.246,13.081944444444
Yeast Grow 4 Days,pioreactor02,2025-09-20T18:07:46.247000Z,0.071190404469,2025-09-20 20:07:46.247,13.090277777778
Yeast Grow 4 Days,pioreactor02,2025-09-20T18:08:21.246000Z,0.071182232284,2025-09-20 20:08:21.246,13.1
Yeast Grow 4 Days,pioreactor02,2025-09-20T18:09:16.247000Z,0.071162143064,2025-09-20 20:09:16.247,13.115277777778
Yeast Grow 4 Days,pioreactor02,2025-09-20T18:09:46.246000Z,0.07118159418,2025-09-20 20:09:46.246,13.123611111111
Yeast Grow 4 Days,pioreactor02,2025-09-20T18:09:56.246000Z,0.071168453685,2025-09-20 20:09:56.246,13.126388888889
Yeast Grow 4 Days,pioreactor02,2025-09-20T18:10:51.246000Z,0.071202386559,2025-09-20 20:10:51.246,13.141666666667
Yeast Grow 4 Days,pioreactor02,2025-09-20T18:10:56.246000Z,0.071200738453,2025-09-20 20:10:56.246,13.143055555556
Yeast Grow 4 Days,pioreactor02,2025-09-20T18:11:01.246000Z,0.071193879708,2025-09-20 20:11:01.246,13.144444444444
Yeast Grow 4 Days,pioreactor02,2025-09-20T18:11:06.247000Z,0.071187862727,2025-09-20 20:11:06.247,13.145833333333
Yeast Grow 4 Days,pioreactor02,2025-09-20T18:11:56.246000Z,0.071162371638,2025-09-20 20:11:56.246,13.159722222222
Yeast Grow 4 Days,pioreactor02,2025-09-20T18:15:01.246000Z,0.071157775961,2025-09-20 20:15:01.246,13.211111111111
Yeast Grow 4 Days,pioreactor02,2025-09-20T18:15:31.246000Z,0.071144644731,2025-09-20 20:15:31.246,13.219444444444
Yeast Grow 4 Days,pioreactor02,2025-09-20T18:16:51.247000Z,0.07116109482,2025-09-20 20:16:51.247,13.241666666667
Yeast Grow 4 Days,pioreactor02,2025-09-20T18:16:56.247000Z,0.071170536858,2025-09-20 20:16:56.247,13.243055555556
Yeast Grow 4 Days,pioreactor02,2025-09-20T18:17:01.247000Z,0.071183939382,2025-09-20 20:17:01.247,13.244444444444
Yeast Grow 4 Days,pioreactor02,2025-09-20T18:18:56.248000Z,0.071156348254,2025-09-20 20:18:56.248,13.276388888889
Yeast Grow 4 Days,pioreactor02,2025-09-20T18:19:26.246000Z,0.071202602053,2025-09-20 20:19:26.246,13.284722222222
Yeast Grow 4 Days,pioreactor02,2025-09-20T18:19:31.246000Z,0.071207566347,2025-09-20 20:19:31.246,13.286111111111
Yeast Grow 4 Days,pioreactor02,2025-09-20T18:19:46.246000Z,0.071214167155,2025-09-20 20:19:46.246,13.290277777778
Yeast Grow 4 Days,pioreactor02,2025-09-20T18:20:46.246000Z,0.071222162166,2025-09-20 20:20:46.246,13.306944444444
Yeast Grow 4 Days,pioreactor02,2025-09-20T18:21:01.247000Z,0.07122379053,2025-09-20 20:21:01.247,13.311111111111
Yeast Grow 4 Days,pioreactor02,2025-09-20T18:22:16.246000Z,0.071247929369,2025-09-20 20:22:16.246,13.331944444444
Yeast Grow 4 Days,pioreactor02,2025-09-20T18:22:36.246000Z,0.07125071456,2025-09-20 20:22:36.246,13.3375
Yeast Grow 4 Days,pioreactor02,2025-09-20T18:22:46.247000Z,0.071229943437,2025-09-20 20:22:46.247,13.340277777778
Yeast Grow 4 Days,pioreactor02,2025-09-20T18:23:06.249000Z,0.071231676984,2025-09-20 20:23:06.249,13.345833333333
Yeast Grow 4 Days,pioreactor02,2025-09-20T18:23:21.247000Z,0.071233176006,2025-09-20 20:23:21.247,13.35
Yeast Grow 4 Days,pioreactor02,2025-09-20T18:23:51.246000Z,0.071239217977,2025-09-20 20:23:51.246,13.358333333333
Yeast Grow 4 Days,pioreactor02,2025-09-20T18:25:01.247000Z,0.071265087884,2025-09-20 20:25:01.247,13.377777777778
Yeast Grow 4 Days,pioreactor02,2025-09-20T18:25:31.246000Z,0.071252358011,2025-09-20 20:25:31.246,13.386111111111
Yeast Grow 4 Days,pioreactor02,2025-09-20T18:26:06.246000Z,0.071257674086,2025-09-20 20:26:06.246,13.395833333333
Yeast Grow 4 Days,pioreactor02,2025-09-20T18:27:26.250000Z,0.071268746586,2025-09-20 20:27:26.250,13.418055555556
Yeast Grow 4 Days,pioreactor02,2025-09-20T18:27:36.247000Z,0.071275377622,2025-09-20 20:27:36.247,13.420833333333
Yeast Grow 4 Days,pioreactor02,2025-09-20T18:29:16.247000Z,0.07121595684,2025-09-20 20:29:16.247,13.448611111111
Yeast Grow 4 Days,pioreactor02,2025-09-20T18:31:06.246000Z,0.071186491891,2025-09-20 20:31:06.246,13.479166666667
Yeast Grow 4 Days,pioreactor02,2025-09-20T18:31:16.246000Z,0.07117402656,2025-09-20 20:31:16.246,13.481944444444
Yeast Grow 4 Days,pioreactor02,2025-09-20T18:31:21.247000Z,0.071172481094,2025-09-20 20:31:21.247,13.483333333333
Yeast Grow 4 Days,pioreactor02,2025-09-20T18:32:31.246000Z,0.07115395133,2025-09-20 20:32:31.246,13.502777777778
Yeast Grow 4 Days,pioreactor02,2025-09-20T18:33:11.246000Z,0.071159156584,2025-09-20 20:33:11.246,13.513888888889
Yeast Grow 4 Days,pioreactor02,2025-09-20T18:33:16.246000Z,0.071167877845,2025-09-20 20:33:16.246,13.515277777778
Yeast Grow 4 Days,pioreactor02,2025-09-20T18:33:21.248000Z,0.071159932161,2025-09-20 20:33:21.248,13.516666666667
Yeast Grow 4 Days,pioreactor02,2025-09-20T18:34:06.247000Z,0.071150134875,2025-09-20 20:34:06.247,13.529166666667
Yeast Grow 4 Days,pioreactor02,2025-09-20T18:34:11.246000Z,0.071160422957,2025-09-20 20:34:11.246,13.530555555556
Yeast Grow 4 Days,pioreactor02,2025-09-20T18:34:31.246000Z,0.07113340216,2025-09-20 20:34:31.246,13.536111111111
Yeast Grow 4 Days,pioreactor02,2025-09-20T18:34:51.246000Z,0.071133358312,2025-09-20 20:34:51.246,13.541666666667
Yeast Grow 4 Days,pioreactor02,2025-09-20T18:34:56.246000Z,0.071129826231,2025-09-20 20:34:56.246,13.543055555556
Yeast Grow 4 Days,pioreactor02,2025-09-20T18:36:11.246000Z,0.071172249936,2025-09-20 20:36:11.246,13.563888888889
Yeast Grow 4 Days,pioreactor02,2025-09-20T18:36:26.246000Z,0.07117301578,2025-09-20 20:36:26.246,13.568055555556
Yeast Grow 4 Days,pioreactor02,2025-09-20T18:37:01.247000Z,0.071162373403,2025-09-20 20:37:01.247,13.577777777778
Yeast Grow 4 Days,pioreactor02,2025-09-20T18:38:41.247000Z,0.071124886249,2025-09-20 20:38:41.247,13.605555555556
Yeast Grow 4 Days,pioreactor02,2025-09-20T18:39:11.247000Z,0.071147918904,2025-09-20 20:39:11.247,13.613888888889
Yeast Grow 4 Days,pioreactor02,2025-09-20T18:39:51.247000Z,0.071110576478,2025-09-20 20:39:51.247,13.625
Yeast Grow 4 Days,pioreactor02,2025-09-20T18:39:56.247000Z,0.07110386302,2025-09-20 20:39:56.247,13.626388888889
Yeast Grow 4 Days,pioreactor02,2025-09-20T18:40:01.245000Z,0.071092009048,2025-09-20 20:40:01.245,13.627777777778
Yeast Grow 4 Days,pioreactor02,2025-09-20T18:40:21.248000Z,0.071091468725,2025-09-20 20:40:21.248,13.633333333333
Yeast Grow 4 Days,pioreactor02,2025-09-20T18:40:51.248000Z,0.071106026174,2025-09-20 20:40:51.248,13.641666666667
Yeast Grow 4 Days,pioreactor02,2025-09-20T18:40:56.246000Z,0.071109978887,2025-09-20 20:40:56.246,13.643055555556
Yeast Grow 4 Days,pioreactor02,2025-09-20T18:41:01.247000Z,0.071103713638,2025-09-20 20:41:01.247,13.644444444444
Yeast Grow 4 Days,pioreactor02,2025-09-20T18:41:21.246000Z,0.071088350296,2025-09-20 20:41:21.246,13.65
Yeast Grow 4 Days,pioreactor02,2025-09-20T18:41:31.246000Z,0.071111625142,2025-09-20 20:41:31.246,13.652777777778
Yeast Grow 4 Days,pioreactor02,2025-09-20T18:42:11.246000Z,0.071130301694,2025-09-20 20:42:11.246,13.663888888889
Yeast Grow 4 Days,pioreactor02,2025-09-20T18:42:26.247000Z,0.071142887391,2025-09-20 20:42:26.247,13.668055555556
Yeast Grow 4 Days,pioreactor02,2025-09-20T18:42:56.246000Z,0.07115033532,2025-09-20 20:42:56.246,13.676388888889
Yeast Grow 4 Days,pioreactor02,2025-09-20T18:43:41.246000Z,0.071140267119,2025-09-20 20:43:41.246,13.688888888889
Yeast Grow 4 Days,pioreactor02,2025-09-20T18:44:16.246000Z,0.071132221076,2025-09-20 20:44:16.246,13.698611111111
Yeast Grow 4 Days,pioreactor02,2025-09-20T18:45:01.247000Z,0.071130710323,2025-09-20 20:45:01.247,13.711111111111
Yeast Grow 4 Days,pioreactor02,2025-09-20T18:45:16.246000Z,0.071130148695,2025-09-20 20:45:16.246,13.715277777778
Yeast Grow 4 Days,pioreactor02,2025-09-20T18:45:21.247000Z,0.071126726095,2025-09-20 20:45:21.247,13.716666666667
Yeast Grow 4 Days,pioreactor02,2025-09-20T18:46:11.249000Z,0.071154509871,2025-09-20 20:46:11.249,13.730555555556
Yeast Grow 4 Days,pioreactor02,2025-09-20T18:46:31.246000Z,0.071156785115,2025-09-20 20:46:31.246,13.736111111111
Yeast Grow 4 Days,pioreactor02,2025-09-20T18:46:46.247000Z,0.071159577157,2025-09-20 20:46:46.247,13.740277777778
Yeast Grow 4 Days,pioreactor02,2025-09-20T18:47:06.246000Z,0.071171002732,2025-09-20 20:47:06.246,13.745833333333
Yeast Grow 4 Days,pioreactor02,2025-09-20T18:47:21.248000Z,0.071169867835,2025-09-20 20:47:21.248,13.75
Yeast Grow 4 Days,pioreactor02,2025-09-20T18:47:26.248000Z,0.071162371482,2025-09-20 20:47:26.248,13.751388888889
Yeast Grow 4 Days,pioreactor02,2025-09-20T18:48:06.248000Z,0.071130631742,2025-09-20 20:48:06.248,13.7625
Yeast Grow 4 Days,pioreactor02,2025-09-20T18:48:26.249000Z,0.071085536636,2025-09-20 20:48:26.249,13.768055555556
Yeast Grow 4 Days,pioreactor02,2025-09-20T18:49:01.246000Z,0.071098811812,2025-09-20 20:49:01.246,13.777777777778
Yeast Grow 4 Days,pioreactor02,2025-09-20T18:51:51.247000Z,0.071155708802,2025-09-20 20:51:51.247,13.825
Yeast Grow 4 Days,pioreactor02,2025-09-20T18:52:26.246000Z,0.071113440577,2025-09-20 20:52:26.246,13.834722222222
Yeast Grow 4 Days,pioreactor02,2025-09-20T18:53:16.247000Z,0.071149891032,2025-09-20 20:53:16.247,13.848611111111
Yeast Grow 4 Days,pioreactor02,2025-09-20T18:53:31.246000Z,0.071146418729,2025-09-20 20:53:31.246,13.852777777778
Yeast Grow 4 Days,pioreactor02,2025-09-20T18:54:21.246000Z,0.071123685251,2025-09-20 20:54:21.246,13.866666666667
Yeast Grow 4 Days,pioreactor02,2025-09-20T18:54:51.247000Z,0.071125658117,2025-09-20 20:54:51.247,13.875
Yeast Grow 4 Days,pioreactor02,2025-09-20T18:55:16.246000Z,0.071169737904,2025-09-20 20:55:16.246,13.881944444444
Yeast Grow 4 Days,pioreactor02,2025-09-20T18:55:41.246000Z,0.071167815698,2025-09-20 20:55:41.246,13.888888888889
Yeast Grow 4 Days,pioreactor02,2025-09-20T18:55:46.246000Z,0.071155165448,2025-09-20 20:55:46.246,13.890277777778
Yeast Grow 4 Days,pioreactor02,2025-09-20T18:56:06.246000Z,0.07118447242,2025-09-20 20:56:06.246,13.895833333333
Yeast Grow 4 Days,pioreactor02,2025-09-20T18:57:16.246000Z,0.071186688054,2025-09-20 20:57:16.246,13.915277777778
Yeast Grow 4 Days,pioreactor02,2025-09-20T18:57:46.247000Z,0.071204608364,2025-09-20 20:57:46.247,13.923611111111
Yeast Grow 4 Days,pioreactor02,2025-09-20T18:58:11.247000Z,0.071213025355,2025-09-20 20:58:11.247,13.930555555556
Yeast Grow 4 Days,pioreactor02,2025-09-20T18:58:41.248000Z,0.071184373866,2025-09-20 20:58:41.248,13.938888888889
Yeast Grow 4 Days,pioreactor02,2025-09-20T18:58:56.246000Z,0.07120006076,2025-09-20 20:58:56.246,13.943055555556
Yeast Grow 4 Days,pioreactor02,2025-09-20T18:59:01.247000Z,0.071206110684,2025-09-20 20:59:01.247,13.944444444444
Yeast Grow 4 Days,pioreactor02,2025-09-20T19:02:21.248000Z,0.07123207671,2025-09-20 21:02:21.248,14.0
Yeast Grow 4 Days,pioreactor02,2025-09-20T19:02:26.247000Z,0.071219906319,2025-09-20 21:02:26.247,14.001388888889
Yeast Grow 4 Days,pioreactor02,2025-09-20T19:03:11.246000Z,0.071217082564,2025-09-20 21:03:11.246,14.013888888889
Yeast Grow 4 Days,pioreactor02,2025-09-20T19:03:16.247000Z,0.071216270258,2025-09-20 21:03:16.247,14.015277777778
Yeast Grow 4 Days,pioreactor02,2025-09-20T19:03:26.247000Z,0.071216360995,2025-09-20 21:03:26.247,14.018055555556
Yeast Grow 4 Days,pioreactor02,2025-09-20T19:03:41.247000Z,0.071227002418,2025-09-20 21:03:41.247,14.022222222222
Yeast Grow 4 Days,pioreactor02,2025-09-20T19:03:51.245000Z,0.071225330238,2025-09-20 21:03:51.245,14.025
Yeast Grow 4 Days,pioreactor02,2025-09-20T19:04:01.247000Z,0.071236581618,2025-09-20 21:04:01.247,14.027777777778
Yeast Grow 4 Days,pioreactor02,2025-09-20T19:04:16.246000Z,0.071236564365,2025-09-20 21:04:16.246,14.031944444444
Yeast Grow 4 Days,pioreactor02,2025-09-20T19:04:36.246000Z,0.071232484296,2025-09-20 21:04:36.246,14.0375
Yeast Grow 4 Days,pioreactor02,2025-09-20T19:05:11.248000Z,0.0712350028,2025-09-20 21:05:11.248,14.047222222222
Yeast Grow 4 Days,pioreactor02,2025-09-20T19:05:36.247000Z,0.071222120978,2025-09-20 21:05:36.247,14.054166666667
Yeast Grow 4 Days,pioreactor02,2025-09-20T19:05:56.247000Z,0.071237270087,2025-09-20 21:05:56.247,14.059722222222
Yeast Grow 4 Days,pioreactor02,2025-09-20T19:06:31.248000Z,0.071230660191,2025-09-20 21:06:31.248,14.069444444444
Yeast Grow 4 Days,pioreactor02,2025-09-20T19:07:11.246000Z,0.071189131402,2025-09-20 21:07:11.246,14.080555555556
Yeast Grow 4 Days,pioreactor02,2025-09-20T19:07:21.246000Z,0.071188490465,2025-09-20 21:07:21.246,14.083333333333
Yeast Grow 4 Days,pioreactor02,2025-09-20T19:07:46.245000Z,0.071219770855,2025-09-20 21:07:46.245,14.090277777778
Yeast Grow 4 Days,pioreactor02,2025-09-20T19:07:51.248000Z,0.07121311291,2025-09-20 21:07:51.248,14.091666666667
Yeast Grow 4 Days,pioreactor02,2025-09-20T19:08:36.247000Z,0.071200715701,2025-09-20 21:08:36.247,14.104166666667
Yeast Grow 4 Days,pioreactor02,2025-09-20T19:09:06.247000Z,0.071193974458,2025-09-20 21:09:06.247,14.1125
Yeast Grow 4 Days,pioreactor02,2025-09-20T19:09:31.246000Z,0.071188067211,2025-09-20 21:09:31.246,14.119444444444
Yeast Grow 4 Days,pioreactor02,2025-09-20T19:11:01.245000Z,0.071143999915,2025-09-20 21:11:01.245,14.144444444444
Yeast Grow 4 Days,pioreactor02,2025-09-20T19:11:31.248000Z,0.071140094106,2025-09-20 21:11:31.248,14.152777777778
Yeast Grow 4 Days,pioreactor02,2025-09-20T19:12:06.248000Z,0.071143395852,2025-09-20 21:12:06.248,14.1625
Yeast Grow 4 Days,pioreactor02,2025-09-20T19:12:11.249000Z,0.071141596427,2025-09-20 21:12:11.249,14.163888888889
Yeast Grow 4 Days,pioreactor02,2025-09-20T19:12:46.246000Z,0.071138066574,2025-09-20 21:12:46.246,14.173611111111
Yeast Grow 4 Days,pioreactor02,2025-09-20T19:13:26.248000Z,0.07118685155,2025-09-20 21:13:26.248,14.184722222222
Yeast Grow 4 Days,pioreactor02,2025-09-20T19:13:36.247000Z,0.071188247048,2025-09-20 21:13:36.247,14.1875
Yeast Grow 4 Days,pioreactor02,2025-09-20T19:14:06.246000Z,0.071212037766,2025-09-20 21:14:06.246,14.195833333333
Yeast Grow 4 Days,pioreactor02,2025-09-20T19:14:11.246000Z,0.071209150079,2025-09-20 21:14:11.246,14.197222222222
Yeast Grow 4 Days,pioreactor02,2025-09-20T19:14:31.247000Z,0.071174104886,2025-09-20 21:14:31.247,14.202777777778
Yeast Grow 4 Days,pioreactor02,2025-09-20T19:14:36.246000Z,0.071167638347,2025-09-20 21:14:36.246,14.204166666667
Yeast Grow 4 Days,pioreactor02,2025-09-20T19:16:41.246000Z,0.071236227338,2025-09-20 21:16:41.246,14.238888888889
Yeast Grow 4 Days,pioreactor02,2025-09-20T19:17:21.248000Z,0.071213889794,2025-09-20 21:17:21.248,14.25
Yeast Grow 4 Days,pioreactor02,2025-09-20T19:18:06.247000Z,0.071163900842,2025-09-20 21:18:06.247,14.2625
Yeast Grow 4 Days,pioreactor02,2025-09-20T19:18:21.247000Z,0.071177449249,2025-09-20 21:18:21.247,14.266666666667
Yeast Grow 4 Days,pioreactor02,2025-09-20T19:19:36.248000Z,0.07118154922,2025-09-20 21:19:36.248,14.2875
Yeast Grow 4 Days,pioreactor02,2025-09-20T19:22:26.249000Z,0.071204165577,2025-09-20 21:22:26.249,14.334722222222
Yeast Grow 4 Days,pioreactor02,2025-09-20T19:23:16.246000Z,0.071177413612,2025-09-20 21:23:16.246,14.348611111111
Yeast Grow 4 Days,pioreactor02,2025-09-20T19:23:51.246000Z,0.07116162048,2025-09-20 21:23:51.246,14.358333333333
Yeast Grow 4 Days,pioreactor02,2025-09-20T19:23:56.246000Z,0.071160176002,2025-09-20 21:23:56.246,14.359722222222
Yeast Grow 4 Days,pioreactor02,2025-09-20T19:25:06.246000Z,0.07114191116,2025-09-20 21:25:06.246,14.379166666667
Yeast Grow 4 Days,pioreactor02,2025-09-20T19:25:31.246000Z,0.071120773215,2025-09-20 21:25:31.246,14.386111111111
Yeast Grow 4 Days,pioreactor02,2025-09-20T19:25:51.246000Z,0.071120604037,2025-09-20 21:25:51.246,14.391666666667
Yeast Grow 4 Days,pioreactor02,2025-09-20T19:26:51.247000Z,0.071130756886,2025-09-20 21:26:51.247,14.408333333333
Yeast Grow 4 Days,pioreactor02,2025-09-20T19:27:11.246000Z,0.071134953428,2025-09-20 21:27:11.246,14.413888888889
Yeast Grow 4 Days,pioreactor02,2025-09-20T19:27:36.246000Z,0.071120322503,2025-09-20 21:27:36.246,14.420833333333
Yeast Grow 4 Days,pioreactor02,2025-09-20T19:28:26.246000Z,0.071120206617,2025-09-20 21:28:26.246,14.434722222222
Yeast Grow 4 Days,pioreactor02,2025-09-20T19:29:16.246000Z,0.071121244798,2025-09-20 21:29:16.246,14.448611111111
Yeast Grow 4 Days,pioreactor02,2025-09-20T19:30:36.247000Z,0.071078223809,2025-09-20 21:30:36.247,14.470833333333
Yeast Grow 4 Days,pioreactor02,2025-09-20T19:31:01.246000Z,0.071075917921,2025-09-20 21:31:01.246,14.477777777778
Yeast Grow 4 Days,pioreactor02,2025-09-20T19:31:21.247000Z,0.071094337213,2025-09-20 21:31:21.247,14.483333333333
Yeast Grow 4 Days,pioreactor02,2025-09-20T19:31:36.247000Z,0.071079566824,2025-09-20 21:31:36.247,14.4875
Yeast Grow 4 Days,pioreactor02,2025-09-20T19:32:26.246000Z,0.07112890643,2025-09-20 21:32:26.246,14.501388888889
Yeast Grow 4 Days,pioreactor02,2025-09-20T19:32:36.248000Z,0.071135653533,2025-09-20 21:32:36.248,14.504166666667
Yeast Grow 4 Days,pioreactor02,2025-09-20T19:33:06.247000Z,0.071130232473,2025-09-20 21:33:06.247,14.5125
Yeast Grow 4 Days,pioreactor02,2025-09-20T19:33:16.246000Z,0.071140658149,2025-09-20 21:33:16.246,14.515277777778
Yeast Grow 4 Days,pioreactor02,2025-09-20T19:33:26.246000Z,0.071139681347,2025-09-20 21:33:26.246,14.518055555556
Yeast Grow 4 Days,pioreactor02,2025-09-20T19:33:31.246000Z,0.071142787702,2025-09-20 21:33:31.246,14.519444444444
Yeast Grow 4 Days,pioreactor02,2025-09-20T19:33:41.247000Z,0.071121029123,2025-09-20 21:33:41.247,14.522222222222
Yeast Grow 4 Days,pioreactor02,2025-09-20T19:35:01.247000Z,0.071154570113,2025-09-20 21:35:01.247,14.544444444444
Yeast Grow 4 Days,pioreactor02,2025-09-20T19:35:51.247000Z,0.071149099429,2025-09-20 21:35:51.247,14.558333333333
Yeast Grow 4 Days,pioreactor02,2025-09-20T19:36:01.248000Z,0.071173941253,2025-09-20 21:36:01.248,14.561111111111
Yeast Grow 4 Days,pioreactor02,2025-09-20T19:36:06.247000Z,0.071179057688,2025-09-20 21:36:06.247,14.5625
Yeast Grow 4 Days,pioreactor02,2025-09-20T19:37:11.246000Z,0.071132977523,2025-09-20 21:37:11.246,14.580555555556
Yeast Grow 4 Days,pioreactor02,2025-09-20T19:37:26.247000Z,0.071147507612,2025-09-20 21:37:26.247,14.584722222222
Yeast Grow 4 Days,pioreactor02,2025-09-20T19:37:41.250000Z,0.07113328156,2025-09-20 21:37:41.250,14.588888888889
Yeast Grow 4 Days,pioreactor02,2025-09-20T19:38:11.248000Z,0.071136421912,2025-09-20 21:38:11.248,14.597222222222
Yeast Grow 4 Days,pioreactor02,2025-09-20T19:38:41.247000Z,0.071118444733,2025-09-20 21:38:41.247,14.605555555556
Yeast Grow 4 Days,pioreactor02,2025-09-20T19:38:51.246000Z,0.071133977428,2025-09-20 21:38:51.246,14.608333333333
Yeast Grow 4 Days,pioreactor02,2025-09-20T19:39:01.246000Z,0.071130529292,2025-09-20 21:39:01.246,14.611111111111
Yeast Grow 4 Days,pioreactor02,2025-09-20T19:39:16.247000Z,0.071101743918,2025-09-20 21:39:16.247,14.615277777778
Yeast Grow 4 Days,pioreactor02,2025-09-20T19:39:26.247000Z,0.07110504625,2025-09-20 21:39:26.247,14.618055555556
Yeast Grow 4 Days,pioreactor02,2025-09-20T19:40:41.248000Z,0.071166570519,2025-09-20 21:40:41.248,14.638888888889
Yeast Grow 4 Days,pioreactor02,2025-09-20T19:41:26.247000Z,0.071179983706,2025-09-20 21:41:26.247,14.651388888889
Yeast Grow 4 Days,pioreactor02,2025-09-20T19:41:51.246000Z,0.071195160996,2025-09-20 21:41:51.246,14.658333333333
Yeast Grow 4 Days,pioreactor02,2025-09-20T19:42:11.248000Z,0.07116049659,2025-09-20 21:42:11.248,14.663888888889
Yeast Grow 4 Days,pioreactor02,2025-09-20T19:42:31.247000Z,0.071180470549,2025-09-20 21:42:31.247,14.669444444444
Yeast Grow 4 Days,pioreactor02,2025-09-20T19:43:31.247000Z,0.071193613019,2025-09-20 21:43:31.247,14.686111111111
Yeast Grow 4 Days,pioreactor02,2025-09-20T19:44:06.248000Z,0.071147545137,2025-09-20 21:44:06.248,14.695833333333
Yeast Grow 4 Days,pioreactor02,2025-09-20T19:44:26.246000Z,0.071136947561,2025-09-20 21:44:26.246,14.701388888889
Yeast Grow 4 Days,pioreactor02,2025-09-20T19:44:31.249000Z,0.071135457885,2025-09-20 21:44:31.249,14.702777777778
Yeast Grow 4 Days,pioreactor02,2025-09-20T19:44:41.246000Z,0.071124913012,2025-09-20 21:44:41.246,14.705555555556
Yeast Grow 4 Days,pioreactor02,2025-09-20T19:44:46.246000Z,0.0711283365,2025-09-20 21:44:46.246,14.706944444444
Yeast Grow 4 Days,pioreactor02,2025-09-20T19:45:06.247000Z,0.071131705803,2025-09-20 21:45:06.247,14.7125
Yeast Grow 4 Days,pioreactor02,2025-09-20T19:45:11.250000Z,0.071132467372,2025-09-20 21:45:11.250,14.713888888889
Yeast Grow 4 Days,pioreactor02,2025-09-20T19:45:26.248000Z,0.071152290215,2025-09-20 21:45:26.248,14.718055555556
Yeast Grow 4 Days,pioreactor02,2025-09-20T19:45:51.247000Z,0.071157583575,2025-09-20 21:45:51.247,14.725
Yeast Grow 4 Days,pioreactor02,2025-09-20T19:46:01.247000Z,0.071159787146,2025-09-20 21:46:01.247,14.727777777778
Yeast Grow 4 Days,pioreactor02,2025-09-20T19:46:36.246000Z,0.071140784924,2025-09-20 21:46:36.246,14.7375
Yeast Grow 4 Days,pioreactor02,2025-09-20T19:47:26.246000Z,0.071117612179,2025-09-20 21:47:26.246,14.751388888889
Yeast Grow 4 Days,pioreactor02,2025-09-20T19:47:56.247000Z,0.071130629388,2025-09-20 21:47:56.247,14.759722222222
Yeast Grow 4 Days,pioreactor02,2025-09-20T19:48:11.248000Z,0.071123844107,2025-09-20 21:48:11.248,14.763888888889
Yeast Grow 4 Days,pioreactor02,2025-09-20T19:48:21.247000Z,0.071112390223,2025-09-20 21:48:21.247,14.766666666667
Yeast Grow 4 Days,pioreactor02,2025-09-20T19:48:46.246000Z,0.07111940657,2025-09-20 21:48:46.246,14.773611111111
Yeast Grow 4 Days,pioreactor02,2025-09-20T19:49:21.247000Z,0.071102833936,2025-09-20 21:49:21.247,14.783333333333
Yeast Grow 4 Days,pioreactor02,2025-09-20T19:49:26.247000Z,0.071113798422,2025-09-20 21:49:26.247,14.784722222222
Yeast Grow 4 Days,pioreactor02,2025-09-20T19:49:36.246000Z,0.071115975268,2025-09-20 21:49:36.246,14.7875
Yeast Grow 4 Days,pioreactor02,2025-09-20T19:49:46.246000Z,0.07112581923,2025-09-20 21:49:46.246,14.790277777778
Yeast Grow 4 Days,pioreactor02,2025-09-20T19:49:51.247000Z,0.071119011387,2025-09-20 21:49:51.247,14.791666666667
Yeast Grow 4 Days,pioreactor02,2025-09-20T19:51:26.246000Z,0.071135006302,2025-09-20 21:51:26.246,14.818055555556
Yeast Grow 4 Days,pioreactor02,2025-09-20T19:51:31.246000Z,0.071142499382,2025-09-20 21:51:31.246,14.819444444444
Yeast Grow 4 Days,pioreactor02,2025-09-20T19:51:51.247000Z,0.071116486234,2025-09-20 21:51:51.247,14.825
Yeast Grow 4 Days,pioreactor02,2025-09-20T19:51:56.246000Z,0.071100991521,2025-09-20 21:51:56.246,14.826388888889
Yeast Grow 4 Days,pioreactor02,2025-09-20T19:52:36.246000Z,0.071091926953,2025-09-20 21:52:36.246,14.8375
Yeast Grow 4 Days,pioreactor02,2025-09-20T19:53:51.247000Z,0.07108766489,2025-09-20 21:53:51.247,14.858333333333
Yeast Grow 4 Days,pioreactor02,2025-09-20T19:54:06.247000Z,0.071104882067,2025-09-20 21:54:06.247,14.8625
Yeast Grow 4 Days,pioreactor02,2025-09-20T19:54:31.246000Z,0.071101514581,2025-09-20 21:54:31.246,14.869444444444
Yeast Grow 4 Days,pioreactor02,2025-09-20T19:55:21.246000Z,0.071097118747,2025-09-20 21:55:21.246,14.883333333333
Yeast Grow 4 Days,pioreactor02,2025-09-20T19:55:31.246000Z,0.071096435191,2025-09-20 21:55:31.246,14.886111111111
Yeast Grow 4 Days,pioreactor02,2025-09-20T19:55:36.246000Z,0.071103625132,2025-09-20 21:55:36.246,14.8875
Yeast Grow 4 Days,pioreactor02,2025-09-20T19:55:46.246000Z,0.071087886773,2025-09-20 21:55:46.246,14.890277777778
Yeast Grow 4 Days,pioreactor02,2025-09-20T19:56:41.247000Z,0.07110710012,2025-09-20 21:56:41.247,14.905555555556
Yeast Grow 4 Days,pioreactor02,2025-09-20T19:57:26.247000Z,0.071083799974,2025-09-20 21:57:26.247,14.918055555556
Yeast Grow 4 Days,pioreactor02,2025-09-20T19:57:46.246000Z,0.071072285897,2025-09-20 21:57:46.246,14.923611111111
Yeast Grow 4 Days,pioreactor02,2025-09-20T19:58:21.249000Z,0.071115353986,2025-09-20 21:58:21.249,14.933333333333
Yeast Grow 4 Days,pioreactor02,2025-09-20T20:00:16.247000Z,0.07114634451,2025-09-20 22:00:16.247,14.965277777778
Yeast Grow 4 Days,pioreactor02,2025-09-20T20:01:16.249000Z,0.071192341154,2025-09-20 22:01:16.249,14.981944444444
Yeast Grow 4 Days,pioreactor02,2025-09-20T20:01:36.248000Z,0.071197585371,2025-09-20 22:01:36.248,14.9875
Yeast Grow 4 Days,pioreactor02,2025-09-20T20:01:46.246000Z,0.071190136728,2025-09-20 22:01:46.246,14.990277777778
Yeast Grow 4 Days,pioreactor02,2025-09-20T20:02:46.250000Z,0.071184452376,2025-09-20 22:02:46.250,15.006944444444
Yeast Grow 4 Days,pioreactor02,2025-09-20T20:03:06.246000Z,0.07117463735,2025-09-20 22:03:06.246,15.0125
Yeast Grow 4 Days,pioreactor02,2025-09-20T20:04:31.246000Z,0.071218204144,2025-09-20 22:04:31.246,15.036111111111
Yeast Grow 4 Days,pioreactor02,2025-09-20T20:05:31.247000Z,0.071239716202,2025-09-20 22:05:31.247,15.052777777778
Yeast Grow 4 Days,pioreactor02,2025-09-20T20:05:41.245000Z,0.071242992395,2025-09-20 22:05:41.245,15.055555555556
Yeast Grow 4 Days,pioreactor02,2025-09-20T20:05:51.246000Z,0.071241430576,2025-09-20 22:05:51.246,15.058333333333
Yeast Grow 4 Days,pioreactor02,2025-09-20T20:07:21.247000Z,0.071304335621,2025-09-20 22:07:21.247,15.083333333333
Yeast Grow 4 Days,pioreactor02,2025-09-20T20:08:11.246000Z,0.07126125955,2025-09-20 22:08:11.246,15.097222222222
Yeast Grow 4 Days,pioreactor02,2025-09-20T20:08:16.247000Z,0.071267432575,2025-09-20 22:08:16.247,15.098611111111
Yeast Grow 4 Days,pioreactor02,2025-09-20T20:09:01.246000Z,0.071251828795,2025-09-20 22:09:01.246,15.111111111111
Yeast Grow 4 Days,pioreactor02,2025-09-20T20:09:06.246000Z,0.071253771166,2025-09-20 22:09:06.246,15.1125
Yeast Grow 4 Days,pioreactor02,2025-09-20T20:09:46.248000Z,0.071229785414,2025-09-20 22:09:46.248,15.123611111111
Yeast Grow 4 Days,pioreactor02,2025-09-20T20:09:56.247000Z,0.071232405536,2025-09-20 22:09:56.247,15.126388888889
Yeast Grow 4 Days,pioreactor02,2025-09-20T20:10:11.247000Z,0.071243093693,2025-09-20 22:10:11.247,15.130555555556
Yeast Grow 4 Days,pioreactor02,2025-09-20T20:10:46.246000Z,0.071239044593,2025-09-20 22:10:46.246,15.140277777778
Yeast Grow 4 Days,pioreactor02,2025-09-20T20:11:21.248000Z,0.071232548497,2025-09-20 22:11:21.248,15.15
Yeast Grow 4 Days,pioreactor02,2025-09-20T20:12:36.247000Z,0.071221474373,2025-09-20 22:12:36.247,15.170833333333
Yeast Grow 4 Days,pioreactor02,2025-09-20T20:13:06.246000Z,0.071222154344,2025-09-20 22:13:06.246,15.179166666667
Yeast Grow 4 Days,pioreactor02,2025-09-20T20:14:01.246000Z,0.071252020817,2025-09-20 22:14:01.246,15.194444444444
Yeast Grow 4 Days,pioreactor02,2025-09-20T20:14:11.246000Z,0.07124475377,2025-09-20 22:14:11.246,15.197222222222
Yeast Grow 4 Days,pioreactor02,2025-09-20T20:14:21.247000Z,0.071241340712,2025-09-20 22:14:21.247,15.2
Yeast Grow 4 Days,pioreactor02,2025-09-20T20:14:51.246000Z,0.071197620215,2025-09-20 22:14:51.246,15.208333333333
Yeast Grow 4 Days,pioreactor02,2025-09-20T20:15:06.246000Z,0.071179849414,2025-09-20 22:15:06.246,15.2125
Yeast Grow 4 Days,pioreactor02,2025-09-20T20:15:16.246000Z,0.071171364213,2025-09-20 22:15:16.246,15.215277777778
Yeast Grow 4 Days,pioreactor02,2025-09-20T20:15:36.246000Z,0.071156462858,2025-09-20 22:15:36.246,15.220833333333
Yeast Grow 4 Days,pioreactor02,2025-09-20T20:15:46.248000Z,0.071156585094,2025-09-20 22:15:46.248,15.223611111111
Yeast Grow 4 Days,pioreactor02,2025-09-20T20:16:01.247000Z,0.071160712978,2025-09-20 22:16:01.247,15.227777777778
Yeast Grow 4 Days,pioreactor02,2025-09-20T20:16:06.246000Z,0.07115203804,2025-09-20 22:16:06.246,15.229166666667
Yeast Grow 4 Days,pioreactor02,2025-09-20T20:17:21.246000Z,0.071191335575,2025-09-20 22:17:21.246,15.25
Yeast Grow 4 Days,pioreactor02,2025-09-20T20:17:41.249000Z,0.071164051512,2025-09-20 22:17:41.249,15.255555555556
Yeast Grow 4 Days,pioreactor02,2025-09-20T20:18:11.248000Z,0.071160564361,2025-09-20 22:18:11.248,15.263888888889
Yeast Grow 4 Days,pioreactor02,2025-09-20T20:22:06.246000Z,0.071117537533,2025-09-20 22:22:06.246,15.329166666667
Yeast Grow 4 Days,pioreactor02,2025-09-20T20:22:11.246000Z,0.071124032499,2025-09-20 22:22:11.246,15.330555555556
Yeast Grow 4 Days,pioreactor02,2025-09-20T20:23:11.247000Z,0.071126257424,2025-09-20 22:23:11.247,15.347222222222
Yeast Grow 4 Days,pioreactor02,2025-09-20T20:23:26.246000Z,0.071105910525,2025-09-20 22:23:26.246,15.351388888889
Yeast Grow 4 Days,pioreactor02,2025-09-20T20:23:31.247000Z,0.071095775222,2025-09-20 22:23:31.247,15.352777777778
Yeast Grow 4 Days,pioreactor02,2025-09-20T20:25:06.246000Z,0.071097773774,2025-09-20 22:25:06.246,15.379166666667
Yeast Grow 4 Days,pioreactor02,2025-09-20T20:25:31.248000Z,0.071098138806,2025-09-20 22:25:31.248,15.386111111111
Yeast Grow 4 Days,pioreactor02,2025-09-20T20:26:21.248000Z,0.071086294921,2025-09-20 22:26:21.248,15.4
Yeast Grow 4 Days,pioreactor02,2025-09-20T20:27:06.246000Z,0.07109196217,2025-09-20 22:27:06.246,15.4125
Yeast Grow 4 Days,pioreactor02,2025-09-20T20:27:21.246000Z,0.071090989632,2025-09-20 22:27:21.246,15.416666666667
Yeast Grow 4 Days,pioreactor02,2025-09-20T20:27:51.247000Z,0.071080331278,2025-09-20 22:27:51.247,15.425
Yeast Grow 4 Days,pioreactor02,2025-09-20T20:28:06.246000Z,0.071084015816,2025-09-20 22:28:06.246,15.429166666667
Yeast Grow 4 Days,pioreactor02,2025-09-20T20:28:31.246000Z,0.071103442232,2025-09-20 22:28:31.246,15.436111111111
Yeast Grow 4 Days,pioreactor02,2025-09-20T20:29:06.246000Z,0.071105275666,2025-09-20 22:29:06.246,15.445833333333
Yeast Grow 4 Days,pioreactor02,2025-09-20T20:29:31.245000Z,0.071143054905,2025-09-20 22:29:31.245,15.452777777778
Yeast Grow 4 Days,pioreactor02,2025-09-20T20:29:51.246000Z,0.071145765988,2025-09-20 22:29:51.246,15.458333333333
Yeast Grow 4 Days,pioreactor02,2025-09-20T20:30:31.246000Z,0.071160409498,2025-09-20 22:30:31.246,15.469444444444
Yeast Grow 4 Days,pioreactor02,2025-09-20T20:31:51.247000Z,0.07110461551,2025-09-20 22:31:51.247,15.491666666667
Yeast Grow 4 Days,pioreactor02,2025-09-20T20:32:06.247000Z,0.071108975979,2025-09-20 22:32:06.247,15.495833333333
Yeast Grow 4 Days,pioreactor02,2025-09-20T20:32:11.246000Z,0.071108013431,2025-09-20 22:32:11.246,15.497222222222
Yeast Grow 4 Days,pioreactor02,2025-09-20T20:32:31.246000Z,0.071121944222,2025-09-20 22:32:31.246,15.502777777778
Yeast Grow 4 Days,pioreactor02,2025-09-20T20:33:06.246000Z,0.071104755791,2025-09-20 22:33:06.246,15.5125
Yeast Grow 4 Days,pioreactor02,2025-09-20T20:33:26.251000Z,0.071115736308,2025-09-20 22:33:26.251,15.518055555556
Yeast Grow 4 Days,pioreactor02,2025-09-20T20:34:01.245000Z,0.071145292191,2025-09-20 22:34:01.245,15.527777777778
Yeast Grow 4 Days,pioreactor02,2025-09-20T20:34:06.246000Z,0.071143280332,2025-09-20 22:34:06.246,15.529166666667
Yeast Grow 4 Days,pioreactor02,2025-09-20T20:34:21.247000Z,0.071132775658,2025-09-20 22:34:21.247,15.533333333333
Yeast Grow 4 Days,pioreactor02,2025-09-20T20:34:51.246000Z,0.071115595243,2025-09-20 22:34:51.246,15.541666666667
Yeast Grow 4 Days,pioreactor02,2025-09-20T20:35:21.247000Z,0.071133475866,2025-09-20 22:35:21.247,15.55
Yeast Grow 4 Days,pioreactor02,2025-09-20T20:35:26.248000Z,0.0711303942,2025-09-20 22:35:26.248,15.551388888889
Yeast Grow 4 Days,pioreactor02,2025-09-20T20:35:31.247000Z,0.07113426982,2025-09-20 22:35:31.247,15.552777777778
Yeast Grow 4 Days,pioreactor02,2025-09-20T20:35:51.247000Z,0.071161351423,2025-09-20 22:35:51.247,15.558333333333
Yeast Grow 4 Days,pioreactor02,2025-09-20T20:36:56.247000Z,0.071151800156,2025-09-20 22:36:56.247,15.576388888889
Yeast Grow 4 Days,pioreactor02,2025-09-20T20:38:26.246000Z,0.071166320781,2025-09-20 22:38:26.246,15.601388888889
Yeast Grow 4 Days,pioreactor02,2025-09-20T20:39:16.246000Z,0.071154631762,2025-09-20 22:39:16.246,15.615277777778
Yeast Grow 4 Days,pioreactor02,2025-09-20T20:39:41.246000Z,0.071167803067,2025-09-20 22:39:41.246,15.622222222222
Yeast Grow 4 Days,pioreactor02,2025-09-20T20:40:56.247000Z,0.071091734337,2025-09-20 22:40:56.247,15.643055555556
Yeast Grow 4 Days,pioreactor02,2025-09-20T20:41:16.247000Z,0.071099871842,2025-09-20 22:41:16.247,15.648611111111
Yeast Grow 4 Days,pioreactor02,2025-09-20T20:42:26.246000Z,0.071083099302,2025-09-20 22:42:26.246,15.668055555556
Yeast Grow 4 Days,pioreactor02,2025-09-20T20:42:46.246000Z,0.071113496897,2025-09-20 22:42:46.246,15.673611111111
Yeast Grow 4 Days,pioreactor02,2025-09-20T20:43:16.246000Z,0.071155391119,2025-09-20 22:43:16.246,15.681944444444
Yeast Grow 4 Days,pioreactor02,2025-09-20T20:43:46.247000Z,0.071129477386,2025-09-20 22:43:46.247,15.690277777778
Yeast Grow 4 Days,pioreactor02,2025-09-20T20:45:16.247000Z,0.071158949414,2025-09-20 22:45:16.247,15.715277777778
Yeast Grow 4 Days,pioreactor02,2025-09-20T20:45:26.247000Z,0.071174250121,2025-09-20 22:45:26.247,15.718055555556
Yeast Grow 4 Days,pioreactor02,2025-09-20T20:45:41.247000Z,0.0711782112,2025-09-20 22:45:41.247,15.722222222222
Yeast Grow 4 Days,pioreactor02,2025-09-20T20:47:16.248000Z,0.071206519479,2025-09-20 22:47:16.248,15.748611111111
Yeast Grow 4 Days,pioreactor02,2025-09-20T20:47:26.246000Z,0.071196601299,2025-09-20 22:47:26.246,15.751388888889
Yeast Grow 4 Days,pioreactor02,2025-09-20T20:47:41.246000Z,0.07121446202,2025-09-20 22:47:41.246,15.755555555556
Yeast Grow 4 Days,pioreactor02,2025-09-20T20:48:06.247000Z,0.071168200681,2025-09-20 22:48:06.247,15.7625
Yeast Grow 4 Days,pioreactor02,2025-09-20T20:48:41.249000Z,0.071178793809,2025-09-20 22:48:41.249,15.772222222222
Yeast Grow 4 Days,pioreactor02,2025-09-20T20:49:06.246000Z,0.071172482294,2025-09-20 22:49:06.246,15.779166666667
Yeast Grow 4 Days,pioreactor02,2025-09-20T20:49:36.247000Z,0.071176921621,2025-09-20 22:49:36.247,15.7875
Yeast Grow 4 Days,pioreactor02,2025-09-20T20:49:51.248000Z,0.071180315667,2025-09-20 22:49:51.248,15.791666666667
Yeast Grow 4 Days,pioreactor02,2025-09-20T20:50:21.246000Z,0.071169002093,2025-09-20 22:50:21.246,15.8
Yeast Grow 4 Days,pioreactor02,2025-09-20T20:50:31.250000Z,0.071177681342,2025-09-20 22:50:31.250,15.802777777778
Yeast Grow 4 Days,pioreactor02,2025-09-20T20:50:36.247000Z,0.071184662898,2025-09-20 22:50:36.247,15.804166666667
Yeast Grow 4 Days,pioreactor02,2025-09-20T20:51:01.247000Z,0.071171182527,2025-09-20 22:51:01.247,15.811111111111
Yeast Grow 4 Days,pioreactor02,2025-09-20T20:51:21.246000Z,0.071164467035,2025-09-20 22:51:21.246,15.816666666667
Yeast Grow 4 Days,pioreactor02,2025-09-20T20:52:11.246000Z,0.071179837333,2025-09-20 22:52:11.246,15.830555555556
Yeast Grow 4 Days,pioreactor02,2025-09-20T20:52:21.246000Z,0.071176673724,2025-09-20 22:52:21.246,15.833333333333
Yeast Grow 4 Days,pioreactor02,2025-09-20T20:53:01.246000Z,0.071176813779,2025-09-20 22:53:01.246,15.844444444444
Yeast Grow 4 Days,pioreactor02,2025-09-20T20:53:11.248000Z,0.071174792596,2025-09-20 22:53:11.248,15.847222222222
Yeast Grow 4 Days,pioreactor02,2025-09-20T20:53:26.246000Z,0.071181336334,2025-09-20 22:53:26.246,15.851388888889
Yeast Grow 4 Days,pioreactor02,2025-09-20T20:53:56.247000Z,0.071143563225,2025-09-20 22:53:56.247,15.859722222222
Yeast Grow 4 Days,pioreactor02,2025-09-20T20:54:01.246000Z,0.071140965883,2025-09-20 22:54:01.246,15.861111111111
Yeast Grow 4 Days,pioreactor02,2025-09-20T20:54:26.247000Z,0.071143826247,2025-09-20 22:54:26.247,15.868055555556
Yeast Grow 4 Days,pioreactor02,2025-09-20T20:55:11.247000Z,0.07115653996,2025-09-20 22:55:11.247,15.880555555556
Yeast Grow 4 Days,pioreactor02,2025-09-20T20:56:06.248000Z,0.071182000867,2025-09-20 22:56:06.248,15.895833333333
Yeast Grow 4 Days,pioreactor02,2025-09-20T20:56:11.247000Z,0.07117494659,2025-09-20 22:56:11.247,15.897222222222
Yeast Grow 4 Days,pioreactor02,2025-09-20T20:56:16.246000Z,0.071195321911,2025-09-20 22:56:16.246,15.898611111111
Yeast Grow 4 Days,pioreactor02,2025-09-20T20:57:21.247000Z,0.071169133613,2025-09-20 22:57:21.247,15.916666666667
Yeast Grow 4 Days,pioreactor02,2025-09-20T20:57:36.247000Z,0.071163352532,2025-09-20 22:57:36.247,15.920833333333
Yeast Grow 4 Days,pioreactor02,2025-09-20T20:58:41.246000Z,0.071128625213,2025-09-20 22:58:41.246,15.938888888889
Yeast Grow 4 Days,pioreactor02,2025-09-20T21:00:01.246000Z,0.071161338254,2025-09-20 23:00:01.246,15.961111111111
Yeast Grow 4 Days,pioreactor02,2025-09-20T21:00:21.246000Z,0.071167184103,2025-09-20 23:00:21.246,15.966666666667
Yeast Grow 4 Days,pioreactor02,2025-09-20T21:01:16.247000Z,0.07113535388,2025-09-20 23:01:16.247,15.981944444444
Yeast Grow 4 Days,pioreactor02,2025-09-20T21:01:26.246000Z,0.071138462014,2025-09-20 23:01:26.246,15.984722222222
Yeast Grow 4 Days,pioreactor02,2025-09-20T21:01:36.246000Z,0.071154673548,2025-09-20 23:01:36.246,15.9875
Yeast Grow 4 Days,pioreactor02,2025-09-20T21:02:01.246000Z,0.07113468308,2025-09-20 23:02:01.246,15.994444444444
Yeast Grow 4 Days,pioreactor02,2025-09-20T21:02:06.246000Z,0.071157306612,2025-09-20 23:02:06.246,15.995833333333
Yeast Grow 4 Days,pioreactor02,2025-09-20T21:02:51.247000Z,0.071172229452,2025-09-20 23:02:51.247,16.008333333333
Yeast Grow 4 Days,pioreactor02,2025-09-20T21:03:06.247000Z,0.071171604724,2025-09-20 23:03:06.247,16.0125
Yeast Grow 4 Days,pioreactor02,2025-09-20T21:03:26.249000Z,0.071166027986,2025-09-20 23:03:26.249,16.018055555556
Yeast Grow 4 Days,pioreactor02,2025-09-20T21:03:31.247000Z,0.071176632627,2025-09-20 23:03:31.247,16.019444444444
Yeast Grow 4 Days,pioreactor02,2025-09-20T21:05:06.246000Z,0.071144394684,2025-09-20 23:05:06.246,16.045833333333
Yeast Grow 4 Days,pioreactor02,2025-09-20T21:06:41.249000Z,0.071210464049,2025-09-20 23:06:41.249,16.072222222222
Yeast Grow 4 Days,pioreactor02,2025-09-20T21:07:01.246000Z,0.071208645041,2025-09-20 23:07:01.246,16.077777777778
Yeast Grow 4 Days,pioreactor02,2025-09-20T21:07:21.247000Z,0.07118838652,2025-09-20 23:07:21.247,16.083333333333
Yeast Grow 4 Days,pioreactor02,2025-09-20T21:07:56.246000Z,0.071165116801,2025-09-20 23:07:56.246,16.093055555556
Yeast Grow 4 Days,pioreactor02,2025-09-20T21:08:11.246000Z,0.071165729852,2025-09-20 23:08:11.246,16.097222222222
Yeast Grow 4 Days,pioreactor02,2025-09-20T21:08:51.246000Z,0.071152240477,2025-09-20 23:08:51.246,16.108333333333
Yeast Grow 4 Days,pioreactor02,2025-09-20T21:09:31.246000Z,0.071152001026,2025-09-20 23:09:31.246,16.119444444444
Yeast Grow 4 Days,pioreactor02,2025-09-20T21:10:11.250000Z,0.071175620563,2025-09-20 23:10:11.250,16.130555555556
Yeast Grow 4 Days,pioreactor02,2025-09-20T21:10:21.246000Z,0.071169917134,2025-09-20 23:10:21.246,16.133333333333
Yeast Grow 4 Days,pioreactor02,2025-09-20T21:10:41.245000Z,0.071163488734,2025-09-20 23:10:41.245,16.138888888889
Yeast Grow 4 Days,pioreactor02,2025-09-20T21:10:56.246000Z,0.071180157656,2025-09-20 23:10:56.246,16.143055555556
Yeast Grow 4 Days,pioreactor02,2025-09-20T21:11:41.246000Z,0.071170668332,2025-09-20 23:11:41.246,16.155555555556
Yeast Grow 4 Days,pioreactor02,2025-09-20T21:12:01.247000Z,0.071167885207,2025-09-20 23:12:01.247,16.161111111111
Yeast Grow 4 Days,pioreactor02,2025-09-20T21:12:21.246000Z,0.071155904547,2025-09-20 23:12:21.246,16.166666666667
Yeast Grow 4 Days,pioreactor02,2025-09-20T21:12:36.246000Z,0.071173187671,2025-09-20 23:12:36.246,16.170833333333
Yeast Grow 4 Days,pioreactor02,2025-09-20T21:13:26.246000Z,0.071152898259,2025-09-20 23:13:26.246,16.184722222222
Yeast Grow 4 Days,pioreactor02,2025-09-20T21:13:51.250000Z,0.071143482222,2025-09-20 23:13:51.250,16.191666666667
Yeast Grow 4 Days,pioreactor02,2025-09-20T21:13:56.247000Z,0.07113456937,2025-09-20 23:13:56.247,16.193055555556
Yeast Grow 4 Days,pioreactor02,2025-09-20T21:14:06.247000Z,0.071143348481,2025-09-20 23:14:06.247,16.195833333333
Yeast Grow 4 Days,pioreactor02,2025-09-20T21:14:41.246000Z,0.071150989643,2025-09-20 23:14:41.246,16.205555555556
Yeast Grow 4 Days,pioreactor02,2025-09-20T21:14:46.246000Z,0.071163133099,2025-09-20 23:14:46.246,16.206944444444
Yeast Grow 4 Days,pioreactor02,2025-09-20T21:15:11.246000Z,0.071169500155,2025-09-20 23:15:11.246,16.213888888889
Yeast Grow 4 Days,pioreactor02,2025-09-20T21:15:26.246000Z,0.071190250913,2025-09-20 23:15:26.246,16.218055555556
Yeast Grow 4 Days,pioreactor02,2025-09-20T21:16:46.248000Z,0.071223213648,2025-09-20 23:16:46.248,16.240277777778
Yeast Grow 4 Days,pioreactor02,2025-09-20T21:17:06.246000Z,0.071222936181,2025-09-20 23:17:06.246,16.245833333333
Yeast Grow 4 Days,pioreactor02,2025-09-20T21:17:46.247000Z,0.071230871366,2025-09-20 23:17:46.247,16.256944444444
Yeast Grow 4 Days,pioreactor02,2025-09-20T21:18:01.248000Z,0.071248617766,2025-09-20 23:18:01.248,16.261111111111
Yeast Grow 4 Days,pioreactor02,2025-09-20T21:20:01.246000Z,0.0712081189,2025-09-20 23:20:01.246,16.294444444444
Yeast Grow 4 Days,pioreactor02,2025-09-20T21:20:06.246000Z,0.071211403,2025-09-20 23:20:06.246,16.295833333333
Yeast Grow 4 Days,pioreactor02,2025-09-20T21:20:41.246000Z,0.071230448221,2025-09-20 23:20:41.246,16.305555555556
Yeast Grow 4 Days,pioreactor02,2025-09-20T21:20:46.246000Z,0.071222833719,2025-09-20 23:20:46.246,16.306944444444
Yeast Grow 4 Days,pioreactor02,2025-09-20T21:20:51.246000Z,0.071220336477,2025-09-20 23:20:51.246,16.308333333333
Yeast Grow 4 Days,pioreactor02,2025-09-20T21:20:56.246000Z,0.071208206029,2025-09-20 23:20:56.246,16.309722222222
Yeast Grow 4 Days,pioreactor02,2025-09-20T21:21:01.246000Z,0.071204674267,2025-09-20 23:21:01.246,16.311111111111
Yeast Grow 4 Days,pioreactor02,2025-09-20T21:21:16.246000Z,0.071200234595,2025-09-20 23:21:16.246,16.315277777778
Yeast Grow 4 Days,pioreactor02,2025-09-20T21:21:41.250000Z,0.0712158882,2025-09-20 23:21:41.250,16.322222222222
Yeast Grow 4 Days,pioreactor02,2025-09-20T21:21:56.248000Z,0.071198774192,2025-09-20 23:21:56.248,16.326388888889
Yeast Grow 4 Days,pioreactor02,2025-09-20T21:22:26.250000Z,0.071189554688,2025-09-20 23:22:26.250,16.334722222222
Yeast Grow 4 Days,pioreactor02,2025-09-20T21:22:56.246000Z,0.071205410947,2025-09-20 23:22:56.246,16.343055555556
Yeast Grow 4 Days,pioreactor02,2025-09-20T21:23:11.246000Z,0.071178458422,2025-09-20 23:23:11.246,16.347222222222
Yeast Grow 4 Days,pioreactor02,2025-09-20T21:23:41.247000Z,0.071165654899,2025-09-20 23:23:41.247,16.355555555556
Yeast Grow 4 Days,pioreactor02,2025-09-20T21:23:46.246000Z,0.071164385079,2025-09-20 23:23:46.246,16.356944444444
Yeast Grow 4 Days,pioreactor02,2025-09-20T21:24:26.246000Z,0.071163522871,2025-09-20 23:24:26.246,16.368055555556
Yeast Grow 4 Days,pioreactor02,2025-09-20T21:24:36.247000Z,0.071157305245,2025-09-20 23:24:36.247,16.370833333333
Yeast Grow 4 Days,pioreactor02,2025-09-20T21:24:46.246000Z,0.071153531187,2025-09-20 23:24:46.246,16.373611111111
Yeast Grow 4 Days,pioreactor02,2025-09-20T21:24:56.245000Z,0.071152306785,2025-09-20 23:24:56.245,16.376388888889
Yeast Grow 4 Days,pioreactor02,2025-09-20T21:25:31.245000Z,0.071154923812,2025-09-20 23:25:31.245,16.386111111111
Yeast Grow 4 Days,pioreactor02,2025-09-20T21:26:26.246000Z,0.071142181789,2025-09-20 23:26:26.246,16.401388888889
Yeast Grow 4 Days,pioreactor02,2025-09-20T21:26:56.247000Z,0.071119995957,2025-09-20 23:26:56.247,16.409722222222
Yeast Grow 4 Days,pioreactor02,2025-09-20T21:27:41.246000Z,0.071063947561,2025-09-20 23:27:41.246,16.422222222222
Yeast Grow 4 Days,pioreactor02,2025-09-20T21:28:06.246000Z,0.071079681042,2025-09-20 23:28:06.246,16.429166666667
Yeast Grow 4 Days,pioreactor02,2025-09-20T21:28:36.247000Z,0.071083201149,2025-09-20 23:28:36.247,16.4375
Yeast Grow 4 Days,pioreactor02,2025-09-20T21:28:51.246000Z,0.071104806914,2025-09-20 23:28:51.246,16.441666666667
Yeast Grow 4 Days,pioreactor02,2025-09-20T21:28:56.247000Z,0.071110487463,2025-09-20 23:28:56.247,16.443055555556
Yeast Grow 4 Days,pioreactor02,2025-09-20T21:30:16.249000Z,0.071105217651,2025-09-20 23:30:16.249,16.465277777778
Yeast Grow 4 Days,pioreactor02,2025-09-20T21:30:26.246000Z,0.071097031554,2025-09-20 23:30:26.246,16.468055555556
Yeast Grow 4 Days,pioreactor02,2025-09-20T21:31:06.248000Z,0.071107421785,2025-09-20 23:31:06.248,16.479166666667
Yeast Grow 4 Days,pioreactor02,2025-09-20T21:31:26.249000Z,0.07108211989,2025-09-20 23:31:26.249,16.484722222222
Yeast Grow 4 Days,pioreactor02,2025-09-20T21:33:11.246000Z,0.071181803245,2025-09-20 23:33:11.246,16.513888888889
Yeast Grow 4 Days,pioreactor02,2025-09-20T21:34:06.246000Z,0.071163698515,2025-09-20 23:34:06.246,16.529166666667
Yeast Grow 4 Days,pioreactor02,2025-09-20T21:34:31.247000Z,0.071161546984,2025-09-20 23:34:31.247,16.536111111111
Yeast Grow 4 Days,pioreactor02,2025-09-20T21:35:41.245000Z,0.0711114062,2025-09-20 23:35:41.245,16.555555555556
Yeast Grow 4 Days,pioreactor02,2025-09-20T21:36:11.247000Z,0.07113816197,2025-09-20 23:36:11.247,16.563888888889
Yeast Grow 4 Days,pioreactor02,2025-09-20T21:37:21.247000Z,0.071123865831,2025-09-20 23:37:21.247,16.583333333333
Yeast Grow 4 Days,pioreactor02,2025-09-20T21:37:46.247000Z,0.071098180263,2025-09-20 23:37:46.247,16.590277777778
Yeast Grow 4 Days,pioreactor02,2025-09-20T21:38:16.246000Z,0.071123190348,2025-09-20 23:38:16.246,16.598611111111
Yeast Grow 4 Days,pioreactor02,2025-09-20T21:39:31.247000Z,0.071166634946,2025-09-20 23:39:31.247,16.619444444444
Yeast Grow 4 Days,pioreactor02,2025-09-20T21:40:41.246000Z,0.071171866119,2025-09-20 23:40:41.246,16.638888888889
Yeast Grow 4 Days,pioreactor02,2025-09-20T21:41:06.246000Z,0.071138693397,2025-09-20 23:41:06.246,16.645833333333
Yeast Grow 4 Days,pioreactor02,2025-09-20T21:41:16.246000Z,0.071139814967,2025-09-20 23:41:16.246,16.648611111111
Yeast Grow 4 Days,pioreactor02,2025-09-20T21:41:36.247000Z,0.071147104513,2025-09-20 23:41:36.247,16.654166666667
Yeast Grow 4 Days,pioreactor02,2025-09-20T21:41:56.245000Z,0.071148405077,2025-09-20 23:41:56.245,16.659722222222
Yeast Grow 4 Days,pioreactor02,2025-09-20T21:42:51.248000Z,0.071187749004,2025-09-20 23:42:51.248,16.675
Yeast Grow 4 Days,pioreactor02,2025-09-20T21:43:01.247000Z,0.071194689917,2025-09-20 23:43:01.247,16.677777777778
Yeast Grow 4 Days,pioreactor02,2025-09-20T21:43:11.247000Z,0.071198866076,2025-09-20 23:43:11.247,16.680555555556
Yeast Grow 4 Days,pioreactor02,2025-09-20T21:44:06.246000Z,0.071153925341,2025-09-20 23:44:06.246,16.695833333333
Yeast Grow 4 Days,pioreactor02,2025-09-20T21:44:16.248000Z,0.071141369038,2025-09-20 23:44:16.248,16.698611111111
Yeast Grow 4 Days,pioreactor02,2025-09-20T21:44:46.245000Z,0.071135605775,2025-09-20 23:44:46.245,16.706944444444
Yeast Grow 4 Days,pioreactor02,2025-09-20T21:45:56.248000Z,0.071230296095,2025-09-20 23:45:56.248,16.726388888889
Yeast Grow 4 Days,pioreactor02,2025-09-20T21:48:11.248000Z,0.071194070445,2025-09-20 23:48:11.248,16.763888888889
Yeast Grow 4 Days,pioreactor02,2025-09-20T21:48:16.247000Z,0.071195115081,2025-09-20 23:48:16.247,16.765277777778
Yeast Grow 4 Days,pioreactor02,2025-09-20T21:48:56.248000Z,0.07119467484,2025-09-20 23:48:56.248,16.776388888889
Yeast Grow 4 Days,pioreactor02,2025-09-20T21:49:36.247000Z,0.071223345824,2025-09-20 23:49:36.247,16.7875
Yeast Grow 4 Days,pioreactor02,2025-09-20T21:50:26.249000Z,0.07122465826,2025-09-20 23:50:26.249,16.801388888889
Yeast Grow 4 Days,pioreactor02,2025-09-20T21:51:26.246000Z,0.071209212426,2025-09-20 23:51:26.246,16.818055555556
Yeast Grow 4 Days,pioreactor02,2025-09-20T21:51:56.246000Z,0.071197648328,2025-09-20 23:51:56.246,16.826388888889
Yeast Grow 4 Days,pioreactor02,2025-09-20T21:52:01.247000Z,0.071195196666,2025-09-20 23:52:01.247,16.827777777778
Yeast Grow 4 Days,pioreactor02,2025-09-20T21:52:21.249000Z,0.071168963278,2025-09-20 23:52:21.249,16.833333333333
Yeast Grow 4 Days,pioreactor02,2025-09-20T21:52:41.247000Z,0.071189270284,2025-09-20 23:52:41.247,16.838888888889
Yeast Grow 4 Days,pioreactor02,2025-09-20T21:53:16.246000Z,0.071199226123,2025-09-20 23:53:16.246,16.848611111111
Yeast Grow 4 Days,pioreactor02,2025-09-20T21:53:36.246000Z,0.071203346392,2025-09-20 23:53:36.246,16.854166666667
Yeast Grow 4 Days,pioreactor02,2025-09-20T21:54:01.249000Z,0.071209840302,2025-09-20 23:54:01.249,16.861111111111
Yeast Grow 4 Days,pioreactor02,2025-09-20T21:54:36.247000Z,0.071200194364,2025-09-20 23:54:36.247,16.870833333333
Yeast Grow 4 Days,pioreactor02,2025-09-20T21:55:16.246000Z,0.071164613902,2025-09-20 23:55:16.246,16.881944444444
Yeast Grow 4 Days,pioreactor02,2025-09-20T21:55:41.246000Z,0.071155549046,2025-09-20 23:55:41.246,16.888888888889
Yeast Grow 4 Days,pioreactor02,2025-09-20T21:55:51.246000Z,0.071160329479,2025-09-20 23:55:51.246,16.891666666667
Yeast Grow 4 Days,pioreactor02,2025-09-20T21:56:16.246000Z,0.07117080419,2025-09-20 23:56:16.246,16.898611111111
Yeast Grow 4 Days,pioreactor02,2025-09-20T21:56:31.246000Z,0.071168709517,2025-09-20 23:56:31.246,16.902777777778
Yeast Grow 4 Days,pioreactor02,2025-09-20T21:57:01.246000Z,0.071205960012,2025-09-20 23:57:01.246,16.911111111111
Yeast Grow 4 Days,pioreactor02,2025-09-20T21:57:11.246000Z,0.071199923589,2025-09-20 23:57:11.246,16.913888888889
Yeast Grow 4 Days,pioreactor02,2025-09-20T21:57:26.248000Z,0.071168609553,2025-09-20 23:57:26.248,16.918055555556
Yeast Grow 4 Days,pioreactor02,2025-09-20T21:57:56.249000Z,0.071202487714,2025-09-20 23:57:56.249,16.926388888889
Yeast Grow 4 Days,pioreactor02,2025-09-20T21:58:01.246000Z,0.071196318432,2025-09-20 23:58:01.246,16.927777777778
Yeast Grow 4 Days,pioreactor02,2025-09-20T21:59:11.252000Z,0.071177779543,2025-09-20 23:59:11.252,16.947222222222
Yeast Grow 4 Days,pioreactor02,2025-09-20T21:59:36.247000Z,0.071199829119,2025-09-20 23:59:36.247,16.954166666667
Yeast Grow 4 Days,pioreactor02,2025-09-20T22:00:11.246000Z,0.071162844936,2025-09-21 00:00:11.246,16.963888888889
Yeast Grow 4 Days,pioreactor02,2025-09-20T22:00:36.246000Z,0.071190825628,2025-09-21 00:00:36.246,16.970833333333
Yeast Grow 4 Days,pioreactor02,2025-09-20T22:01:16.247000Z,0.071169086438,2025-09-21 00:01:16.247,16.981944444444
Yeast Grow 4 Days,pioreactor02,2025-09-20T22:01:21.246000Z,0.071173625784,2025-09-21 00:01:21.246,16.983333333333
Yeast Grow 4 Days,pioreactor02,2025-09-20T22:01:56.246000Z,0.071161346902,2025-09-21 00:01:56.246,16.993055555556
Yeast Grow 4 Days,pioreactor02,2025-09-20T22:02:06.247000Z,0.071162605448,2025-09-21 00:02:06.247,16.995833333333
Yeast Grow 4 Days,pioreactor02,2025-09-20T22:02:26.248000Z,0.071179106899,2025-09-21 00:02:26.248,17.001388888889
Yeast Grow 4 Days,pioreactor02,2025-09-20T22:02:36.246000Z,0.07118478967,2025-09-21 00:02:36.246,17.004166666667
Yeast Grow 4 Days,pioreactor02,2025-09-20T22:03:06.248000Z,0.071212698664,2025-09-21 00:03:06.248,17.0125
Yeast Grow 4 Days,pioreactor02,2025-09-20T22:03:36.247000Z,0.071242802622,2025-09-21 00:03:36.247,17.020833333333
Yeast Grow 4 Days,pioreactor02,2025-09-20T22:03:46.247000Z,0.071234099785,2025-09-21 00:03:46.247,17.023611111111
Yeast Grow 4 Days,pioreactor02,2025-09-20T22:04:51.246000Z,0.071242362006,2025-09-21 00:04:51.246,17.041666666667
Yeast Grow 4 Days,pioreactor02,2025-09-20T22:05:21.246000Z,0.071210078773,2025-09-21 00:05:21.246,17.05
Yeast Grow 4 Days,pioreactor02,2025-09-20T22:06:16.247000Z,0.071187355093,2025-09-21 00:06:16.247,17.065277777778
Yeast Grow 4 Days,pioreactor02,2025-09-20T22:06:56.246000Z,0.071148861511,2025-09-21 00:06:56.246,17.076388888889
Yeast Grow 4 Days,pioreactor02,2025-09-20T22:08:21.246000Z,0.071149982123,2025-09-21 00:08:21.246,17.1
Yeast Grow 4 Days,pioreactor02,2025-09-20T22:08:31.250000Z,0.071151745966,2025-09-21 00:08:31.250,17.102777777778
Yeast Grow 4 Days,pioreactor02,2025-09-20T22:11:01.248000Z,0.071167221947,2025-09-21 00:11:01.248,17.144444444444
Yeast Grow 4 Days,pioreactor02,2025-09-20T22:11:16.247000Z,0.071150151922,2025-09-21 00:11:16.247,17.148611111111
Yeast Grow 4 Days,pioreactor02,2025-09-20T22:11:31.245000Z,0.07115956005,2025-09-21 00:11:31.245,17.152777777778
Yeast Grow 4 Days,pioreactor02,2025-09-20T22:12:11.246000Z,0.071156896144,2025-09-21 00:12:11.246,17.163888888889
Yeast Grow 4 Days,pioreactor02,2025-09-20T22:12:16.248000Z,0.07116715564,2025-09-21 00:12:16.248,17.165277777778
Yeast Grow 4 Days,pioreactor02,2025-09-20T22:13:01.246000Z,0.07119747922,2025-09-21 00:13:01.246,17.177777777778
Yeast Grow 4 Days,pioreactor02,2025-09-20T22:13:46.246000Z,0.071174478136,2025-09-21 00:13:46.246,17.190277777778
Yeast Grow 4 Days,pioreactor02,2025-09-20T22:13:51.247000Z,0.071156339783,2025-09-21 00:13:51.247,17.191666666667
Yeast Grow 4 Days,pioreactor02,2025-09-20T22:13:56.247000Z,0.071152692585,2025-09-21 00:13:56.247,17.193055555556
Yeast Grow 4 Days,pioreactor02,2025-09-20T22:14:01.249000Z,0.071144848606,2025-09-21 00:14:01.249,17.194444444444
Yeast Grow 4 Days,pioreactor02,2025-09-20T22:15:41.246000Z,0.071108100469,2025-09-21 00:15:41.246,17.222222222222
Yeast Grow 4 Days,pioreactor02,2025-09-20T22:16:26.247000Z,0.071130941371,2025-09-21 00:16:26.247,17.234722222222
Yeast Grow 4 Days,pioreactor02,2025-09-20T22:16:46.247000Z,0.071124238616,2025-09-21 00:16:46.247,17.240277777778
Yeast Grow 4 Days,pioreactor02,2025-09-20T22:17:21.246000Z,0.07115730304,2025-09-21 00:17:21.246,17.25
Yeast Grow 4 Days,pioreactor02,2025-09-20T22:17:36.252000Z,0.071126083274,2025-09-21 00:17:36.252,17.254166666667
Yeast Grow 4 Days,pioreactor02,2025-09-20T22:18:46.246000Z,0.071107352473,2025-09-21 00:18:46.246,17.273611111111
Yeast Grow 4 Days,pioreactor02,2025-09-20T22:19:01.248000Z,0.071131336132,2025-09-21 00:19:01.248,17.277777777778
Yeast Grow 4 Days,pioreactor02,2025-09-20T22:19:11.247000Z,0.071142997034,2025-09-21 00:19:11.247,17.280555555556
Yeast Grow 4 Days,pioreactor02,2025-09-20T22:21:06.246000Z,0.071194419434,2025-09-21 00:21:06.246,17.3125
Yeast Grow 4 Days,pioreactor02,2025-09-20T22:21:16.247000Z,0.071186718575,2025-09-21 00:21:16.247,17.315277777778
Yeast Grow 4 Days,pioreactor02,2025-09-20T22:21:41.246000Z,0.071171303605,2025-09-21 00:21:41.246,17.322222222222
Yeast Grow 4 Days,pioreactor02,2025-09-20T22:22:21.247000Z,0.071106481192,2025-09-21 00:22:21.247,17.333333333333
Yeast Grow 4 Days,pioreactor02,2025-09-20T22:23:16.246000Z,0.0711497392,2025-09-21 00:23:16.246,17.348611111111
Yeast Grow 4 Days,pioreactor02,2025-09-20T22:23:31.248000Z,0.071143352327,2025-09-21 00:23:31.248,17.352777777778
Yeast Grow 4 Days,pioreactor02,2025-09-20T22:24:01.247000Z,0.071129662537,2025-09-21 00:24:01.247,17.361111111111
Yeast Grow 4 Days,pioreactor02,2025-09-20T22:24:06.248000Z,0.071137344803,2025-09-21 00:24:06.248,17.3625
Yeast Grow 4 Days,pioreactor02,2025-09-20T22:24:21.245000Z,0.071152340989,2025-09-21 00:24:21.245,17.366666666667
Yeast Grow 4 Days,pioreactor02,2025-09-20T22:24:31.246000Z,0.071178623067,2025-09-21 00:24:31.246,17.369444444444
Yeast Grow 4 Days,pioreactor02,2025-09-20T22:24:41.248000Z,0.071178243494,2025-09-21 00:24:41.248,17.372222222222
Yeast Grow 4 Days,pioreactor02,2025-09-20T22:25:11.246000Z,0.071179796523,2025-09-21 00:25:11.246,17.380555555556
Yeast Grow 4 Days,pioreactor02,2025-09-20T22:26:01.248000Z,0.071186888431,2025-09-21 00:26:01.248,17.394444444444
Yeast Grow 4 Days,pioreactor02,2025-09-20T22:26:06.248000Z,0.071194183928,2025-09-21 00:26:06.248,17.395833333333
Yeast Grow 4 Days,pioreactor02,2025-09-20T22:26:56.246000Z,0.071211018892,2025-09-21 00:26:56.246,17.409722222222
Yeast Grow 4 Days,pioreactor02,2025-09-20T22:27:16.249000Z,0.071206813886,2025-09-21 00:27:16.249,17.415277777778
Yeast Grow 4 Days,pioreactor02,2025-09-20T22:28:36.246000Z,0.071194566949,2025-09-21 00:28:36.246,17.4375
Yeast Grow 4 Days,pioreactor02,2025-09-20T22:28:41.246000Z,0.071190081734,2025-09-21 00:28:41.246,17.438888888889
Yeast Grow 4 Days,pioreactor02,2025-09-20T22:29:06.247000Z,0.071216427105,2025-09-21 00:29:06.247,17.445833333333
Yeast Grow 4 Days,pioreactor02,2025-09-20T22:29:11.248000Z,0.071226279545,2025-09-21 00:29:11.248,17.447222222222
Yeast Grow 4 Days,pioreactor02,2025-09-20T22:29:51.247000Z,0.071196505287,2025-09-21 00:29:51.247,17.458333333333
Yeast Grow 4 Days,pioreactor02,2025-09-20T22:30:21.249000Z,0.071200943557,2025-09-21 00:30:21.249,17.466666666667
Yeast Grow 4 Days,pioreactor02,2025-09-20T22:30:46.246000Z,0.071229329126,2025-09-21 00:30:46.246,17.473611111111
Yeast Grow 4 Days,pioreactor02,2025-09-20T22:31:51.247000Z,0.071193668788,2025-09-21 00:31:51.247,17.491666666667
Yeast Grow 4 Days,pioreactor02,2025-09-20T22:31:56.246000Z,0.071194169189,2025-09-21 00:31:56.246,17.493055555556
Yeast Grow 4 Days,pioreactor02,2025-09-20T22:32:21.247000Z,0.071162929865,2025-09-21 00:32:21.247,17.5
Yeast Grow 4 Days,pioreactor02,2025-09-20T22:32:41.246000Z,0.071143281694,2025-09-21 00:32:41.246,17.505555555556
Yeast Grow 4 Days,pioreactor02,2025-09-20T22:32:51.246000Z,0.071137434627,2025-09-21 00:32:51.246,17.508333333333
Yeast Grow 4 Days,pioreactor02,2025-09-20T22:33:06.246000Z,0.071143151047,2025-09-21 00:33:06.246,17.5125
Yeast Grow 4 Days,pioreactor02,2025-09-20T22:33:11.250000Z,0.071157297462,2025-09-21 00:33:11.250,17.513888888889
Yeast Grow 4 Days,pioreactor02,2025-09-20T22:33:31.248000Z,0.071143543862,2025-09-21 00:33:31.248,17.519444444444
Yeast Grow 4 Days,pioreactor02,2025-09-20T22:33:46.250000Z,0.071181366397,2025-09-21 00:33:46.250,17.523611111111
Yeast Grow 4 Days,pioreactor02,2025-09-20T22:34:11.246000Z,0.071168558935,2025-09-21 00:34:11.246,17.530555555556
Yeast Grow 4 Days,pioreactor02,2025-09-20T22:34:21.246000Z,0.071163761163,2025-09-21 00:34:21.246,17.533333333333
Yeast Grow 4 Days,pioreactor02,2025-09-20T22:34:36.247000Z,0.071157265597,2025-09-21 00:34:36.247,17.5375
Yeast Grow 4 Days,pioreactor02,2025-09-20T22:36:21.249000Z,0.071113168816,2025-09-21 00:36:21.249,17.566666666667
Yeast Grow 4 Days,pioreactor02,2025-09-20T22:36:31.247000Z,0.071104085534,2025-09-21 00:36:31.247,17.569444444444
Yeast Grow 4 Days,pioreactor02,2025-09-20T22:36:46.247000Z,0.071132332629,2025-09-21 00:36:46.247,17.573611111111
Yeast Grow 4 Days,pioreactor02,2025-09-20T22:37:16.246000Z,0.071142330631,2025-09-21 00:37:16.246,17.581944444444
Yeast Grow 4 Days,pioreactor02,2025-09-20T22:39:26.247000Z,0.071171974315,2025-09-21 00:39:26.247,17.618055555556
Yeast Grow 4 Days,pioreactor02,2025-09-20T22:40:06.246000Z,0.071160959253,2025-09-21 00:40:06.246,17.629166666667
Yeast Grow 4 Days,pioreactor02,2025-09-20T22:40:11.248000Z,0.071155894318,2025-09-21 00:40:11.248,17.630555555556
Yeast Grow 4 Days,pioreactor02,2025-09-20T22:40:26.246000Z,0.071144723409,2025-09-21 00:40:26.246,17.634722222222
Yeast Grow 4 Days,pioreactor02,2025-09-20T22:40:46.246000Z,0.071118860321,2025-09-21 00:40:46.246,17.640277777778
Yeast Grow 4 Days,pioreactor02,2025-09-20T22:41:11.249000Z,0.071119955717,2025-09-21 00:41:11.249,17.647222222222
Yeast Grow 4 Days,pioreactor02,2025-09-20T22:41:21.246000Z,0.071117814692,2025-09-21 00:41:21.246,17.65
Yeast Grow 4 Days,pioreactor02,2025-09-20T22:41:31.247000Z,0.071115798963,2025-09-21 00:41:31.247,17.652777777778
Yeast Grow 4 Days,pioreactor02,2025-09-20T22:41:51.246000Z,0.071120965044,2025-09-21 00:41:51.246,17.658333333333
Yeast Grow 4 Days,pioreactor02,2025-09-20T22:41:56.246000Z,0.07113104692,2025-09-21 00:41:56.246,17.659722222222
Yeast Grow 4 Days,pioreactor02,2025-09-20T22:42:01.246000Z,0.071134142578,2025-09-21 00:42:01.246,17.661111111111
Yeast Grow 4 Days,pioreactor02,2025-09-20T22:42:56.249000Z,0.071174644597,2025-09-21 00:42:56.249,17.676388888889
Yeast Grow 4 Days,pioreactor02,2025-09-20T22:43:16.246000Z,0.071176253724,2025-09-21 00:43:16.246,17.681944444444
Yeast Grow 4 Days,pioreactor02,2025-09-20T22:43:46.246000Z,0.071113491019,2025-09-21 00:43:46.246,17.690277777778
Yeast Grow 4 Days,pioreactor02,2025-09-20T22:44:26.246000Z,0.071094875043,2025-09-21 00:44:26.246,17.701388888889
Yeast Grow 4 Days,pioreactor02,2025-09-20T22:45:46.246000Z,0.071075297508,2025-09-21 00:45:46.246,17.723611111111
Yeast Grow 4 Days,pioreactor02,2025-09-20T22:47:51.246000Z,0.071122933331,2025-09-21 00:47:51.246,17.758333333333
Yeast Grow 4 Days,pioreactor02,2025-09-20T22:49:16.246000Z,0.071133263002,2025-09-21 00:49:16.246,17.781944444444
Yeast Grow 4 Days,pioreactor02,2025-09-20T22:49:21.246000Z,0.071135759932,2025-09-21 00:49:21.246,17.783333333333
Yeast Grow 4 Days,pioreactor02,2025-09-20T22:50:06.246000Z,0.071197022791,2025-09-21 00:50:06.246,17.795833333333
Yeast Grow 4 Days,pioreactor02,2025-09-20T22:50:51.246000Z,0.071218646932,2025-09-21 00:50:51.246,17.808333333333
Yeast Grow 4 Days,pioreactor02,2025-09-20T22:52:06.246000Z,0.071185009547,2025-09-21 00:52:06.246,17.829166666667
Yeast Grow 4 Days,pioreactor02,2025-09-20T22:52:21.246000Z,0.071168918581,2025-09-21 00:52:21.246,17.833333333333
Yeast Grow 4 Days,pioreactor02,2025-09-20T22:52:56.246000Z,0.071172620597,2025-09-21 00:52:56.246,17.843055555556
Yeast Grow 4 Days,pioreactor02,2025-09-20T22:54:06.245000Z,0.071201478671,2025-09-21 00:54:06.245,17.8625
Yeast Grow 4 Days,pioreactor02,2025-09-20T22:54:41.247000Z,0.071160610971,2025-09-21 00:54:41.247,17.872222222222
Yeast Grow 4 Days,pioreactor02,2025-09-20T22:54:51.248000Z,0.071161836,2025-09-21 00:54:51.248,17.875
Yeast Grow 4 Days,pioreactor02,2025-09-20T22:55:16.246000Z,0.071177390335,2025-09-21 00:55:16.246,17.881944444444
Yeast Grow 4 Days,pioreactor02,2025-09-20T22:55:36.247000Z,0.071178677841,2025-09-21 00:55:36.247,17.8875
Yeast Grow 4 Days,pioreactor02,2025-09-20T22:55:56.252000Z,0.071205959206,2025-09-21 00:55:56.252,17.893055555556
Yeast Grow 4 Days,pioreactor02,2025-09-20T22:56:01.246000Z,0.071218348466,2025-09-21 00:56:01.246,17.894444444444
Yeast Grow 4 Days,pioreactor02,2025-09-20T22:56:41.249000Z,0.071225932541,2025-09-21 00:56:41.249,17.905555555556
Yeast Grow 4 Days,pioreactor02,2025-09-20T22:57:01.246000Z,0.071187635113,2025-09-21 00:57:01.246,17.911111111111
Yeast Grow 4 Days,pioreactor02,2025-09-20T22:57:31.246000Z,0.071168978517,2025-09-21 00:57:31.246,17.919444444444
Yeast Grow 4 Days,pioreactor02,2025-09-20T22:58:11.247000Z,0.071171131502,2025-09-21 00:58:11.247,17.930555555556
Yeast Grow 4 Days,pioreactor02,2025-09-20T22:59:06.247000Z,0.071169007925,2025-09-21 00:59:06.247,17.945833333333
Yeast Grow 4 Days,pioreactor02,2025-09-20T22:59:21.246000Z,0.071159263762,2025-09-21 00:59:21.246,17.95
Yeast Grow 4 Days,pioreactor02,2025-09-20T22:59:26.246000Z,0.071156893176,2025-09-21 00:59:26.246,17.951388888889
Yeast Grow 4 Days,pioreactor02,2025-09-20T22:59:36.247000Z,0.071159195753,2025-09-21 00:59:36.247,17.954166666667
Yeast Grow 4 Days,pioreactor02,2025-09-20T22:59:46.247000Z,0.071164862219,2025-09-21 00:59:46.247,17.956944444444
Yeast Grow 4 Days,pioreactor02,2025-09-20T23:00:06.246000Z,0.071169447547,2025-09-21 01:00:06.246,17.9625
Yeast Grow 4 Days,pioreactor02,2025-09-20T23:00:31.246000Z,0.071192176803,2025-09-21 01:00:31.246,17.969444444444
Yeast Grow 4 Days,pioreactor02,2025-09-20T23:01:06.248000Z,0.071167522708,2025-09-21 01:01:06.248,17.979166666667
Yeast Grow 4 Days,pioreactor02,2025-09-20T23:01:36.246000Z,0.071145394654,2025-09-21 01:01:36.246,17.9875
Yeast Grow 4 Days,pioreactor02,2025-09-20T23:01:51.246000Z,0.071132078703,2025-09-21 01:01:51.246,17.991666666667
Yeast Grow 4 Days,pioreactor02,2025-09-20T23:02:21.246000Z,0.071151453327,2025-09-21 01:02:21.246,18.0
Yeast Grow 4 Days,pioreactor02,2025-09-20T23:02:26.247000Z,0.071155094674,2025-09-21 01:02:26.247,18.001388888889
Yeast Grow 4 Days,pioreactor02,2025-09-20T23:02:41.246000Z,0.071128651126,2025-09-21 01:02:41.246,18.005555555556
Yeast Grow 4 Days,pioreactor02,2025-09-20T23:03:01.247000Z,0.07112610813,2025-09-21 01:03:01.247,18.011111111111
Yeast Grow 4 Days,pioreactor02,2025-09-20T23:03:41.247000Z,0.071121814758,2025-09-21 01:03:41.247,18.022222222222
Yeast Grow 4 Days,pioreactor02,2025-09-20T23:04:31.247000Z,0.071149191631,2025-09-21 01:04:31.247,18.036111111111
Yeast Grow 4 Days,pioreactor02,2025-09-20T23:04:51.247000Z,0.07112857098,2025-09-21 01:04:51.247,18.041666666667
Yeast Grow 4 Days,pioreactor02,2025-09-20T23:05:06.248000Z,0.071127674246,2025-09-21 01:05:06.248,18.045833333333
Yeast Grow 4 Days,pioreactor02,2025-09-20T23:05:16.248000Z,0.071109273246,2025-09-21 01:05:16.248,18.048611111111
Yeast Grow 4 Days,pioreactor02,2025-09-20T23:05:31.248000Z,0.071106594257,2025-09-21 01:05:31.248,18.052777777778
Yeast Grow 4 Days,pioreactor02,2025-09-20T23:06:21.246000Z,0.071117261238,2025-09-21 01:06:21.246,18.066666666667
Yeast Grow 4 Days,pioreactor02,2025-09-20T23:06:46.248000Z,0.071126976583,2025-09-21 01:06:46.248,18.073611111111
Yeast Grow 4 Days,pioreactor02,2025-09-20T23:06:51.246000Z,0.071130149494,2025-09-21 01:06:51.246,18.075
Yeast Grow 4 Days,pioreactor02,2025-09-20T23:07:36.246000Z,0.071107151019,2025-09-21 01:07:36.246,18.0875
Yeast Grow 4 Days,pioreactor02,2025-09-20T23:07:41.248000Z,0.071115881197,2025-09-21 01:07:41.248,18.088888888889
Yeast Grow 4 Days,pioreactor02,2025-09-20T23:07:56.246000Z,0.071117972399,2025-09-21 01:07:56.246,18.093055555556
Yeast Grow 4 Days,pioreactor02,2025-09-20T23:08:01.246000Z,0.071116133679,2025-09-21 01:08:01.246,18.094444444444
Yeast Grow 4 Days,pioreactor02,2025-09-20T23:08:06.247000Z,0.071110348451,2025-09-21 01:08:06.247,18.095833333333
Yeast Grow 4 Days,pioreactor02,2025-09-20T23:08:36.248000Z,0.071087225947,2025-09-21 01:08:36.248,18.104166666667
Yeast Grow 4 Days,pioreactor02,2025-09-20T23:09:01.246000Z,0.071100767308,2025-09-21 01:09:01.246,18.111111111111
Yeast Grow 4 Days,pioreactor02,2025-09-20T23:09:06.246000Z,0.071115176897,2025-09-21 01:09:06.246,18.1125
Yeast Grow 4 Days,pioreactor02,2025-09-20T23:10:31.246000Z,0.071083744105,2025-09-21 01:10:31.246,18.136111111111
Yeast Grow 4 Days,pioreactor02,2025-09-20T23:11:16.246000Z,0.071114702516,2025-09-21 01:11:16.246,18.148611111111
Yeast Grow 4 Days,pioreactor02,2025-09-20T23:11:56.247000Z,0.071102060482,2025-09-21 01:11:56.247,18.159722222222
Yeast Grow 4 Days,pioreactor02,2025-09-20T23:12:26.246000Z,0.071113594379,2025-09-21 01:12:26.246,18.168055555556
Yeast Grow 4 Days,pioreactor02,2025-09-20T23:12:46.246000Z,0.071136630764,2025-09-21 01:12:46.246,18.173611111111
Yeast Grow 4 Days,pioreactor02,2025-09-20T23:14:11.247000Z,0.071099032521,2025-09-21 01:14:11.247,18.197222222222
Yeast Grow 4 Days,pioreactor02,2025-09-20T23:15:21.248000Z,0.071064813157,2025-09-21 01:15:21.248,18.216666666667
Yeast Grow 4 Days,pioreactor02,2025-09-20T23:15:26.246000Z,0.071065882541,2025-09-21 01:15:26.246,18.218055555556
Yeast Grow 4 Days,pioreactor02,2025-09-20T23:15:31.246000Z,0.071076238137,2025-09-21 01:15:31.246,18.219444444444
Yeast Grow 4 Days,pioreactor02,2025-09-20T23:15:46.246000Z,0.071070480383,2025-09-21 01:15:46.246,18.223611111111
Yeast Grow 4 Days,pioreactor02,2025-09-20T23:17:16.247000Z,0.07108927614,2025-09-21 01:17:16.247,18.248611111111
Yeast Grow 4 Days,pioreactor02,2025-09-20T23:18:06.247000Z,0.070996643123,2025-09-21 01:18:06.247,18.2625
Yeast Grow 4 Days,pioreactor02,2025-09-20T23:18:11.246000Z,0.07100363588,2025-09-21 01:18:11.246,18.263888888889
Yeast Grow 4 Days,pioreactor02,2025-09-20T23:18:56.246000Z,0.071030063377,2025-09-21 01:18:56.246,18.276388888889
Yeast Grow 4 Days,pioreactor02,2025-09-20T23:19:01.246000Z,0.071031734799,2025-09-21 01:19:01.246,18.277777777778
Yeast Grow 4 Days,pioreactor02,2025-09-20T23:19:16.247000Z,0.071040851386,2025-09-21 01:19:16.247,18.281944444444
Yeast Grow 4 Days,pioreactor02,2025-09-20T23:19:56.246000Z,0.071101856604,2025-09-21 01:19:56.246,18.293055555556
Yeast Grow 4 Days,pioreactor02,2025-09-20T23:20:06.246000Z,0.071117291281,2025-09-21 01:20:06.246,18.295833333333
Yeast Grow 4 Days,pioreactor02,2025-09-20T23:20:36.246000Z,0.071113227613,2025-09-21 01:20:36.246,18.304166666667
Yeast Grow 4 Days,pioreactor02,2025-09-20T23:20:46.247000Z,0.071118006925,2025-09-21 01:20:46.247,18.306944444444
Yeast Grow 4 Days,pioreactor02,2025-09-20T23:20:51.246000Z,0.071119028732,2025-09-21 01:20:51.246,18.308333333333
Yeast Grow 4 Days,pioreactor02,2025-09-20T23:21:36.248000Z,0.071096225447,2025-09-21 01:21:36.248,18.320833333333
Yeast Grow 4 Days,pioreactor02,2025-09-20T23:23:16.247000Z,0.071088703425,2025-09-21 01:23:16.247,18.348611111111
Yeast Grow 4 Days,pioreactor02,2025-09-20T23:23:21.247000Z,0.071102701212,2025-09-21 01:23:21.247,18.35
Yeast Grow 4 Days,pioreactor02,2025-09-20T23:23:46.247000Z,0.07111206174,2025-09-21 01:23:46.247,18.356944444444
Yeast Grow 4 Days,pioreactor02,2025-09-20T23:24:01.247000Z,0.071112925685,2025-09-21 01:24:01.247,18.361111111111
Yeast Grow 4 Days,pioreactor02,2025-09-20T23:24:06.246000Z,0.071117938097,2025-09-21 01:24:06.246,18.3625
Yeast Grow 4 Days,pioreactor02,2025-09-20T23:25:06.248000Z,0.071136054342,2025-09-21 01:25:06.248,18.379166666667
Yeast Grow 4 Days,pioreactor02,2025-09-20T23:25:21.247000Z,0.071135165199,2025-09-21 01:25:21.247,18.383333333333
Yeast Grow 4 Days,pioreactor02,2025-09-20T23:26:11.246000Z,0.071155593288,2025-09-21 01:26:11.246,18.397222222222
Yeast Grow 4 Days,pioreactor02,2025-09-20T23:27:16.246000Z,0.071145199502,2025-09-21 01:27:16.246,18.415277777778
Yeast Grow 4 Days,pioreactor02,2025-09-20T23:27:21.246000Z,0.071158827842,2025-09-21 01:27:21.246,18.416666666667
Yeast Grow 4 Days,pioreactor02,2025-09-20T23:27:26.246000Z,0.071141004178,2025-09-21 01:27:26.246,18.418055555556
Yeast Grow 4 Days,pioreactor02,2025-09-20T23:27:36.247000Z,0.071126893994,2025-09-21 01:27:36.247,18.420833333333
Yeast Grow 4 Days,pioreactor02,2025-09-20T23:28:31.246000Z,0.071151756875,2025-09-21 01:28:31.246,18.436111111111
Yeast Grow 4 Days,pioreactor02,2025-09-20T23:29:01.246000Z,0.071181610872,2025-09-21 01:29:01.246,18.444444444444
Yeast Grow 4 Days,pioreactor02,2025-09-20T23:29:36.247000Z,0.071184239871,2025-09-21 01:29:36.247,18.454166666667
Yeast Grow 4 Days,pioreactor02,2025-09-20T23:29:41.246000Z,0.071161524224,2025-09-21 01:29:41.246,18.455555555556
Yeast Grow 4 Days,pioreactor02,2025-09-20T23:30:21.246000Z,0.0711724117,2025-09-21 01:30:21.246,18.466666666667
Yeast Grow 4 Days,pioreactor02,2025-09-20T23:30:51.248000Z,0.07115414401,2025-09-21 01:30:51.248,18.475
Yeast Grow 4 Days,pioreactor02,2025-09-20T23:31:01.246000Z,0.071155991122,2025-09-21 01:31:01.246,18.477777777778
Yeast Grow 4 Days,pioreactor02,2025-09-20T23:31:16.246000Z,0.071136723009,2025-09-21 01:31:16.246,18.481944444444
Yeast Grow 4 Days,pioreactor02,2025-09-20T23:31:41.247000Z,0.071146995653,2025-09-21 01:31:41.247,18.488888888889
Yeast Grow 4 Days,pioreactor02,2025-09-20T23:32:36.247000Z,0.071186160106,2025-09-21 01:32:36.247,18.504166666667
Yeast Grow 4 Days,pioreactor02,2025-09-20T23:33:01.248000Z,0.071231054553,2025-09-21 01:33:01.248,18.511111111111
Yeast Grow 4 Days,pioreactor02,2025-09-20T23:33:06.246000Z,0.071233575048,2025-09-21 01:33:06.246,18.5125
Yeast Grow 4 Days,pioreactor02,2025-09-20T23:33:26.247000Z,0.071234994674,2025-09-21 01:33:26.247,18.518055555556
Yeast Grow 4 Days,pioreactor02,2025-09-20T23:33:31.246000Z,0.071235872297,2025-09-21 01:33:31.246,18.519444444444
Yeast Grow 4 Days,pioreactor02,2025-09-20T23:34:56.247000Z,0.07121685707,2025-09-21 01:34:56.247,18.543055555556
Yeast Grow 4 Days,pioreactor02,2025-09-20T23:35:36.247000Z,0.071200746321,2025-09-21 01:35:36.247,18.554166666667
Yeast Grow 4 Days,pioreactor02,2025-09-20T23:36:31.246000Z,0.071213982281,2025-09-21 01:36:31.246,18.569444444444
Yeast Grow 4 Days,pioreactor02,2025-09-20T23:36:41.246000Z,0.071220396868,2025-09-21 01:36:41.246,18.572222222222
Yeast Grow 4 Days,pioreactor02,2025-09-20T23:37:16.245000Z,0.071196518346,2025-09-21 01:37:16.245,18.581944444444
Yeast Grow 4 Days,pioreactor02,2025-09-20T23:39:51.246000Z,0.071195380892,2025-09-21 01:39:51.246,18.625
Yeast Grow 4 Days,pioreactor02,2025-09-20T23:40:36.246000Z,0.071171309522,2025-09-21 01:40:36.246,18.6375
Yeast Grow 4 Days,pioreactor02,2025-09-20T23:41:06.248000Z,0.071171766826,2025-09-21 01:41:06.248,18.645833333333
Yeast Grow 4 Days,pioreactor02,2025-09-20T23:41:56.246000Z,0.071167953368,2025-09-21 01:41:56.246,18.659722222222
Yeast Grow 4 Days,pioreactor02,2025-09-20T23:42:26.247000Z,0.071160038991,2025-09-21 01:42:26.247,18.668055555556
Yeast Grow 4 Days,pioreactor02,2025-09-20T23:42:41.246000Z,0.071153730208,2025-09-21 01:42:41.246,18.672222222222
Yeast Grow 4 Days,pioreactor02,2025-09-20T23:43:31.248000Z,0.071157856462,2025-09-21 01:43:31.248,18.686111111111
Yeast Grow 4 Days,pioreactor02,2025-09-20T23:43:46.245000Z,0.071142851186,2025-09-21 01:43:46.245,18.690277777778
Yeast Grow 4 Days,pioreactor02,2025-09-20T23:45:26.246000Z,0.071090489996,2025-09-21 01:45:26.246,18.718055555556
Yeast Grow 4 Days,pioreactor02,2025-09-20T23:45:51.248000Z,0.07110524987,2025-09-21 01:45:51.248,18.725
Yeast Grow 4 Days,pioreactor02,2025-09-20T23:45:56.246000Z,0.071106140973,2025-09-21 01:45:56.246,18.726388888889
Yeast Grow 4 Days,pioreactor02,2025-09-20T23:48:16.246000Z,0.071124313769,2025-09-21 01:48:16.246,18.765277777778
Yeast Grow 4 Days,pioreactor02,2025-09-20T23:48:21.246000Z,0.071125055612,2025-09-21 01:48:21.246,18.766666666667
Yeast Grow 4 Days,pioreactor02,2025-09-20T23:48:26.246000Z,0.071137690431,2025-09-21 01:48:26.246,18.768055555556
Yeast Grow 4 Days,pioreactor02,2025-09-20T23:49:21.246000Z,0.071193013607,2025-09-21 01:49:21.246,18.783333333333
Yeast Grow 4 Days,pioreactor02,2025-09-20T23:50:31.246000Z,0.071221036861,2025-09-21 01:50:31.246,18.802777777778
Yeast Grow 4 Days,pioreactor02,2025-09-20T23:51:06.247000Z,0.071222638514,2025-09-21 01:51:06.247,18.8125
Yeast Grow 4 Days,pioreactor02,2025-09-20T23:51:11.247000Z,0.071213601783,2025-09-21 01:51:11.247,18.813888888889
Yeast Grow 4 Days,pioreactor02,2025-09-20T23:51:46.250000Z,0.071219650898,2025-09-21 01:51:46.250,18.823611111111
Yeast Grow 4 Days,pioreactor02,2025-09-20T23:52:26.246000Z,0.071182117102,2025-09-21 01:52:26.246,18.834722222222
Yeast Grow 4 Days,pioreactor02,2025-09-20T23:52:36.246000Z,0.071196820475,2025-09-21 01:52:36.246,18.8375
Yeast Grow 4 Days,pioreactor02,2025-09-20T23:52:41.247000Z,0.071202466207,2025-09-21 01:52:41.247,18.838888888889
Yeast Grow 4 Days,pioreactor02,2025-09-20T23:52:46.247000Z,0.071204533907,2025-09-21 01:52:46.247,18.840277777778
Yeast Grow 4 Days,pioreactor02,2025-09-20T23:52:51.247000Z,0.071208479416,2025-09-21 01:52:51.247,18.841666666667
Yeast Grow 4 Days,pioreactor02,2025-09-20T23:53:41.251000Z,0.07122344519,2025-09-21 01:53:41.251,18.855555555556
Yeast Grow 4 Days,pioreactor02,2025-09-20T23:53:56.246000Z,0.071215653446,2025-09-21 01:53:56.246,18.859722222222
Yeast Grow 4 Days,pioreactor02,2025-09-20T23:54:26.248000Z,0.071226598569,2025-09-21 01:54:26.248,18.868055555556
Yeast Grow 4 Days,pioreactor02,2025-09-20T23:54:36.247000Z,0.071214536864,2025-09-21 01:54:36.247,18.870833333333
Yeast Grow 4 Days,pioreactor02,2025-09-20T23:55:36.245000Z,0.071170948438,2025-09-21 01:55:36.245,18.8875
Yeast Grow 4 Days,pioreactor02,2025-09-20T23:56:36.246000Z,0.071144091729,2025-09-21 01:56:36.246,18.904166666667
Yeast Grow 4 Days,pioreactor02,2025-09-20T23:57:31.246000Z,0.071154859597,2025-09-21 01:57:31.246,18.919444444444
Yeast Grow 4 Days,pioreactor02,2025-09-20T23:57:46.247000Z,0.071144021428,2025-09-21 01:57:46.247,18.923611111111
Yeast Grow 4 Days,pioreactor02,2025-09-20T23:57:51.248000Z,0.071149887945,2025-09-21 01:57:51.248,18.925
Yeast Grow 4 Days,pioreactor02,2025-09-20T23:58:46.246000Z,0.071174371078,2025-09-21 01:58:46.246,18.940277777778
Yeast Grow 4 Days,pioreactor02,2025-09-21T00:01:41.247000Z,0.071215389154,2025-09-21 02:01:41.247,18.988888888889
Yeast Grow 4 Days,pioreactor02,2025-09-21T00:01:46.247000Z,0.071198073239,2025-09-21 02:01:46.247,18.990277777778
Yeast Grow 4 Days,pioreactor02,2025-09-21T00:03:06.246000Z,0.071161016517,2025-09-21 02:03:06.246,19.0125
Yeast Grow 4 Days,pioreactor02,2025-09-21T00:03:11.246000Z,0.071158688585,2025-09-21 02:03:11.246,19.013888888889
Yeast Grow 4 Days,pioreactor02,2025-09-21T00:03:26.245000Z,0.071147343699,2025-09-21 02:03:26.245,19.018055555556
Yeast Grow 4 Days,pioreactor02,2025-09-21T00:05:51.246000Z,0.071173433599,2025-09-21 02:05:51.246,19.058333333333
Yeast Grow 4 Days,pioreactor02,2025-09-21T00:06:46.246000Z,0.07119469331,2025-09-21 02:06:46.246,19.073611111111
Yeast Grow 4 Days,pioreactor02,2025-09-21T00:07:16.246000Z,0.071170851308,2025-09-21 02:07:16.246,19.081944444444
Yeast Grow 4 Days,pioreactor02,2025-09-21T00:07:41.246000Z,0.071169505431,2025-09-21 02:07:41.246,19.088888888889
Yeast Grow 4 Days,pioreactor02,2025-09-21T00:08:11.247000Z,0.071147069254,2025-09-21 02:08:11.247,19.097222222222
Yeast Grow 4 Days,pioreactor02,2025-09-21T00:08:21.246000Z,0.071155007217,2025-09-21 02:08:21.246,19.1
Yeast Grow 4 Days,pioreactor02,2025-09-21T00:08:36.249000Z,0.071162696055,2025-09-21 02:08:36.249,19.104166666667
Yeast Grow 4 Days,pioreactor02,2025-09-21T00:08:41.247000Z,0.07116304667,2025-09-21 02:08:41.247,19.105555555556
Yeast Grow 4 Days,pioreactor02,2025-09-21T00:09:06.246000Z,0.071163644438,2025-09-21 02:09:06.246,19.1125
Yeast Grow 4 Days,pioreactor02,2025-09-21T00:09:46.247000Z,0.071191065321,2025-09-21 02:09:46.247,19.123611111111
Yeast Grow 4 Days,pioreactor02,2025-09-21T00:10:11.247000Z,0.071162595565,2025-09-21 02:10:11.247,19.130555555556
Yeast Grow 4 Days,pioreactor02,2025-09-21T00:10:16.247000Z,0.071168783098,2025-09-21 02:10:16.247,19.131944444444
Yeast Grow 4 Days,pioreactor02,2025-09-21T00:11:06.247000Z,0.071180014853,2025-09-21 02:11:06.247,19.145833333333
Yeast Grow 4 Days,pioreactor02,2025-09-21T00:11:21.246000Z,0.071181911308,2025-09-21 02:11:21.246,19.15
Yeast Grow 4 Days,pioreactor02,2025-09-21T00:11:46.247000Z,0.071172204012,2025-09-21 02:11:46.247,19.156944444444
Yeast Grow 4 Days,pioreactor02,2025-09-21T00:11:51.246000Z,0.071155738381,2025-09-21 02:11:51.246,19.158333333333
Yeast Grow 4 Days,pioreactor02,2025-09-21T00:12:06.247000Z,0.071174862615,2025-09-21 02:12:06.247,19.1625
Yeast Grow 4 Days,pioreactor02,2025-09-21T00:12:36.249000Z,0.071169839229,2025-09-21 02:12:36.249,19.170833333333
Yeast Grow 4 Days,pioreactor02,2025-09-21T00:13:11.246000Z,0.071164695918,2025-09-21 02:13:11.246,19.180555555556
Yeast Grow 4 Days,pioreactor02,2025-09-21T00:13:56.246000Z,0.071177516606,2025-09-21 02:13:56.246,19.193055555556
Yeast Grow 4 Days,pioreactor02,2025-09-21T00:14:01.250000Z,0.071172380186,2025-09-21 02:14:01.250,19.194444444444
Yeast Grow 4 Days,pioreactor02,2025-09-21T00:14:06.247000Z,0.071178336317,2025-09-21 02:14:06.247,19.195833333333
Yeast Grow 4 Days,pioreactor02,2025-09-21T00:14:11.247000Z,0.071179173125,2025-09-21 02:14:11.247,19.197222222222
Yeast Grow 4 Days,pioreactor02,2025-09-21T00:14:46.247000Z,0.071146579711,2025-09-21 02:14:46.247,19.206944444444
Yeast Grow 4 Days,pioreactor02,2025-09-21T00:15:26.248000Z,0.071154029929,2025-09-21 02:15:26.248,19.218055555556
Yeast Grow 4 Days,pioreactor02,2025-09-21T00:15:46.246000Z,0.071163416775,2025-09-21 02:15:46.246,19.223611111111
Yeast Grow 4 Days,pioreactor02,2025-09-21T00:16:26.250000Z,0.07113910645,2025-09-21 02:16:26.250,19.234722222222
Yeast Grow 4 Days,pioreactor02,2025-09-21T00:16:46.246000Z,0.071140309567,2025-09-21 02:16:46.246,19.240277777778
Yeast Grow 4 Days,pioreactor02,2025-09-21T00:18:31.248000Z,0.071073021722,2025-09-21 02:18:31.248,19.269444444444
Yeast Grow 4 Days,pioreactor02,2025-09-21T00:19:51.246000Z,0.071076338543,2025-09-21 02:19:51.246,19.291666666667
Yeast Grow 4 Days,pioreactor02,2025-09-21T00:20:56.246000Z,0.071076863197,2025-09-21 02:20:56.246,19.309722222222
Yeast Grow 4 Days,pioreactor02,2025-09-21T00:21:06.245000Z,0.071044965166,2025-09-21 02:21:06.245,19.3125
Yeast Grow 4 Days,pioreactor02,2025-09-21T00:24:21.247000Z,0.071045551795,2025-09-21 02:24:21.247,19.366666666667
Yeast Grow 4 Days,pioreactor02,2025-09-21T00:26:11.247000Z,0.071073490986,2025-09-21 02:26:11.247,19.397222222222
Yeast Grow 4 Days,pioreactor02,2025-09-21T00:26:16.246000Z,0.071074522247,2025-09-21 02:26:16.246,19.398611111111
Yeast Grow 4 Days,pioreactor02,2025-09-21T00:27:16.246000Z,0.071075062764,2025-09-21 02:27:16.246,19.415277777778
Yeast Grow 4 Days,pioreactor02,2025-09-21T00:28:06.246000Z,0.07105114391,2025-09-21 02:28:06.246,19.429166666667
Yeast Grow 4 Days,pioreactor02,2025-09-21T00:28:21.247000Z,0.071057690243,2025-09-21 02:28:21.247,19.433333333333
Yeast Grow 4 Days,pioreactor02,2025-09-21T00:28:46.246000Z,0.071067245637,2025-09-21 02:28:46.246,19.440277777778
Yeast Grow 4 Days,pioreactor02,2025-09-21T00:29:21.248000Z,0.071047523643,2025-09-21 02:29:21.248,19.45
Yeast Grow 4 Days,pioreactor02,2025-09-21T00:29:56.247000Z,0.071068903155,2025-09-21 02:29:56.247,19.459722222222
Yeast Grow 4 Days,pioreactor02,2025-09-21T00:30:11.247000Z,0.07107084201,2025-09-21 02:30:11.247,19.463888888889
Yeast Grow 4 Days,pioreactor02,2025-09-21T00:30:41.248000Z,0.07107144998,2025-09-21 02:30:41.248,19.472222222222
Yeast Grow 4 Days,pioreactor02,2025-09-21T00:30:46.247000Z,0.071073841432,2025-09-21 02:30:46.247,19.473611111111
Yeast Grow 4 Days,pioreactor02,2025-09-21T00:31:01.248000Z,0.071085068981,2025-09-21 02:31:01.248,19.477777777778
Yeast Grow 4 Days,pioreactor02,2025-09-21T00:31:36.246000Z,0.071075010642,2025-09-21 02:31:36.246,19.4875
Yeast Grow 4 Days,pioreactor02,2025-09-21T00:31:41.246000Z,0.071081997418,2025-09-21 02:31:41.246,19.488888888889
Yeast Grow 4 Days,pioreactor02,2025-09-21T00:32:41.248000Z,0.07109314501,2025-09-21 02:32:41.248,19.505555555556
Yeast Grow 4 Days,pioreactor02,2025-09-21T00:33:16.248000Z,0.071104138738,2025-09-21 02:33:16.248,19.515277777778
Yeast Grow 4 Days,pioreactor02,2025-09-21T00:33:21.246000Z,0.071105379754,2025-09-21 02:33:21.246,19.516666666667
Yeast Grow 4 Days,pioreactor02,2025-09-21T00:34:01.246000Z,0.071135214206,2025-09-21 02:34:01.246,19.527777777778
Yeast Grow 4 Days,pioreactor02,2025-09-21T00:34:26.246000Z,0.071143359361,2025-09-21 02:34:26.246,19.534722222222
Yeast Grow 4 Days,pioreactor02,2025-09-21T00:34:41.247000Z,0.071134734023,2025-09-21 02:34:41.247,19.538888888889
Yeast Grow 4 Days,pioreactor02,2025-09-21T00:36:51.246000Z,0.071139302012,2025-09-21 02:36:51.246,19.575
Yeast Grow 4 Days,pioreactor02,2025-09-21T00:37:21.246000Z,0.071108049053,2025-09-21 02:37:21.246,19.583333333333
Yeast Grow 4 Days,pioreactor02,2025-09-21T00:37:51.247000Z,0.071068413491,2025-09-21 02:37:51.247,19.591666666667
Yeast Grow 4 Days,pioreactor02,2025-09-21T00:39:31.247000Z,0.071101743959,2025-09-21 02:39:31.247,19.619444444444
Yeast Grow 4 Days,pioreactor02,2025-09-21T00:40:06.247000Z,0.071156301647,2025-09-21 02:40:06.247,19.629166666667
Yeast Grow 4 Days,pioreactor02,2025-09-21T00:40:31.246000Z,0.071142271237,2025-09-21 02:40:31.246,19.636111111111
Yeast Grow 4 Days,pioreactor02,2025-09-21T00:41:31.246000Z,0.071116013166,2025-09-21 02:41:31.246,19.652777777778
Yeast Grow 4 Days,pioreactor02,2025-09-21T00:41:51.246000Z,0.071134870992,2025-09-21 02:41:51.246,19.658333333333
Yeast Grow 4 Days,pioreactor02,2025-09-21T00:41:56.247000Z,0.071141904173,2025-09-21 02:41:56.247,19.659722222222
Yeast Grow 4 Days,pioreactor02,2025-09-21T00:42:06.246000Z,0.071130720376,2025-09-21 02:42:06.246,19.6625
Yeast Grow 4 Days,pioreactor02,2025-09-21T00:42:46.246000Z,0.071123126079,2025-09-21 02:42:46.246,19.673611111111
Yeast Grow 4 Days,pioreactor02,2025-09-21T00:44:21.247000Z,0.071139366095,2025-09-21 02:44:21.247,19.7
Yeast Grow 4 Days,pioreactor02,2025-09-21T00:44:36.246000Z,0.07115545496,2025-09-21 02:44:36.246,19.704166666667
Yeast Grow 4 Days,pioreactor02,2025-09-21T00:44:51.247000Z,0.071151108269,2025-09-21 02:44:51.247,19.708333333333
Yeast Grow 4 Days,pioreactor02,2025-09-21T00:44:56.246000Z,0.071160007832,2025-09-21 02:44:56.246,19.709722222222
Yeast Grow 4 Days,pioreactor02,2025-09-21T00:45:21.246000Z,0.071176942165,2025-09-21 02:45:21.246,19.716666666667
Yeast Grow 4 Days,pioreactor02,2025-09-21T00:45:26.248000Z,0.071170180338,2025-09-21 02:45:26.248,19.718055555556
Yeast Grow 4 Days,pioreactor02,2025-09-21T00:45:36.247000Z,0.071169007617,2025-09-21 02:45:36.247,19.720833333333
Yeast Grow 4 Days,pioreactor02,2025-09-21T00:46:11.248000Z,0.071187338436,2025-09-21 02:46:11.248,19.730555555556
Yeast Grow 4 Days,pioreactor02,2025-09-21T00:46:26.247000Z,0.071204597632,2025-09-21 02:46:26.247,19.734722222222
Yeast Grow 4 Days,pioreactor02,2025-09-21T00:47:06.246000Z,0.071187960937,2025-09-21 02:47:06.246,19.745833333333
Yeast Grow 4 Days,pioreactor02,2025-09-21T00:47:11.246000Z,0.071190242454,2025-09-21 02:47:11.246,19.747222222222
Yeast Grow 4 Days,pioreactor02,2025-09-21T00:48:01.246000Z,0.071192648392,2025-09-21 02:48:01.246,19.761111111111
Yeast Grow 4 Days,pioreactor02,2025-09-21T00:48:11.249000Z,0.071176912104,2025-09-21 02:48:11.249,19.763888888889
Yeast Grow 4 Days,pioreactor02,2025-09-21T00:48:31.246000Z,0.07119766195,2025-09-21 02:48:31.246,19.769444444444
Yeast Grow 4 Days,pioreactor02,2025-09-21T00:48:41.246000Z,0.071188553281,2025-09-21 02:48:41.246,19.772222222222
Yeast Grow 4 Days,pioreactor02,2025-09-21T00:49:06.246000Z,0.071165949405,2025-09-21 02:49:06.246,19.779166666667
Yeast Grow 4 Days,pioreactor02,2025-09-21T00:49:16.248000Z,0.071162631527,2025-09-21 02:49:16.248,19.781944444444
Yeast Grow 4 Days,pioreactor02,2025-09-21T00:49:21.246000Z,0.071171426154,2025-09-21 02:49:21.246,19.783333333333
Yeast Grow 4 Days,pioreactor02,2025-09-21T00:49:46.248000Z,0.071147940741,2025-09-21 02:49:46.248,19.790277777778
Yeast Grow 4 Days,pioreactor02,2025-09-21T00:51:11.246000Z,0.071151377721,2025-09-21 02:51:11.246,19.813888888889
Yeast Grow 4 Days,pioreactor02,2025-09-21T00:51:56.247000Z,0.071138033383,2025-09-21 02:51:56.247,19.826388888889
Yeast Grow 4 Days,pioreactor02,2025-09-21T00:52:01.246000Z,0.071131370465,2025-09-21 02:52:01.246,19.827777777778
Yeast Grow 4 Days,pioreactor02,2025-09-21T00:54:26.246000Z,0.071137002668,2025-09-21 02:54:26.246,19.868055555556
Yeast Grow 4 Days,pioreactor02,2025-09-21T00:56:16.248000Z,0.071017604232,2025-09-21 02:56:16.248,19.898611111111
Yeast Grow 4 Days,pioreactor02,2025-09-21T00:57:46.246000Z,0.071048311032,2025-09-21 02:57:46.246,19.923611111111
Yeast Grow 4 Days,pioreactor02,2025-09-21T00:58:51.247000Z,0.071044796971,2025-09-21 02:58:51.247,19.941666666667
Yeast Grow 4 Days,pioreactor02,2025-09-21T00:59:16.249000Z,0.071035414293,2025-09-21 02:59:16.249,19.948611111111
Yeast Grow 4 Days,pioreactor02,2025-09-21T00:59:41.248000Z,0.071058580886,2025-09-21 02:59:41.248,19.955555555556
Yeast Grow 4 Days,pioreactor02,2025-09-21T00:59:51.246000Z,0.071054330965,2025-09-21 02:59:51.246,19.958333333333
Yeast Grow 4 Days,pioreactor02,2025-09-21T01:00:16.247000Z,0.071046083811,2025-09-21 03:00:16.247,19.965277777778
Yeast Grow 4 Days,pioreactor02,2025-09-21T01:00:21.246000Z,0.07105160773,2025-09-21 03:00:21.246,19.966666666667
Yeast Grow 4 Days,pioreactor02,2025-09-21T01:00:36.247000Z,0.071048863422,2025-09-21 03:00:36.247,19.970833333333
Yeast Grow 4 Days,pioreactor02,2025-09-21T01:00:51.246000Z,0.07105522809,2025-09-21 03:00:51.246,19.975
Yeast Grow 4 Days,pioreactor02,2025-09-21T01:01:11.248000Z,0.071081955686,2025-09-21 03:01:11.248,19.980555555556
Yeast Grow 4 Days,pioreactor02,2025-09-21T01:02:46.246000Z,0.07108909643,2025-09-21 03:02:46.246,20.006944444444
Yeast Grow 4 Days,pioreactor02,2025-09-21T01:04:51.247000Z,0.071123359215,2025-09-21 03:04:51.247,20.041666666667
Yeast Grow 4 Days,pioreactor02,2025-09-21T01:04:56.246000Z,0.071117231264,2025-09-21 03:04:56.246,20.043055555556
Yeast Grow 4 Days,pioreactor02,2025-09-21T01:05:16.246000Z,0.071078441279,2025-09-21 03:05:16.246,20.048611111111
Yeast Grow 4 Days,pioreactor02,2025-09-21T01:06:26.248000Z,0.071052030492,2025-09-21 03:06:26.248,20.068055555556
Yeast Grow 4 Days,pioreactor02,2025-09-21T01:06:31.246000Z,0.071065110483,2025-09-21 03:06:31.246,20.069444444444
Yeast Grow 4 Days,pioreactor02,2025-09-21T01:07:11.247000Z,0.071043042669,2025-09-21 03:07:11.247,20.080555555556
Yeast Grow 4 Days,pioreactor02,2025-09-21T01:07:16.246000Z,0.071045120552,2025-09-21 03:07:16.246,20.081944444444
Yeast Grow 4 Days,pioreactor02,2025-09-21T01:08:06.247000Z,0.071067883256,2025-09-21 03:08:06.247,20.095833333333
Yeast Grow 4 Days,pioreactor02,2025-09-21T01:08:41.246000Z,0.071075100873,2025-09-21 03:08:41.246,20.105555555556
Yeast Grow 4 Days,pioreactor02,2025-09-21T01:08:51.246000Z,0.071090059682,2025-09-21 03:08:51.246,20.108333333333
Yeast Grow 4 Days,pioreactor02,2025-09-21T01:09:41.247000Z,0.07107547786,2025-09-21 03:09:41.247,20.122222222222
Yeast Grow 4 Days,pioreactor02,2025-09-21T01:09:46.247000Z,0.071089205794,2025-09-21 03:09:46.247,20.123611111111
Yeast Grow 4 Days,pioreactor02,2025-09-21T01:09:56.246000Z,0.071101054156,2025-09-21 03:09:56.246,20.126388888889
Yeast Grow 4 Days,pioreactor02,2025-09-21T01:10:16.246000Z,0.071094345809,2025-09-21 03:10:16.246,20.131944444444
Yeast Grow 4 Days,pioreactor02,2025-09-21T01:10:41.246000Z,0.071078942678,2025-09-21 03:10:41.246,20.138888888889
Yeast Grow 4 Days,pioreactor02,2025-09-21T01:10:51.247000Z,0.071089353041,2025-09-21 03:10:51.247,20.141666666667
Yeast Grow 4 Days,pioreactor02,2025-09-21T01:11:31.248000Z,0.071079449312,2025-09-21 03:11:31.248,20.152777777778
Yeast Grow 4 Days,pioreactor02,2025-09-21T01:12:26.247000Z,0.071089789566,2025-09-21 03:12:26.247,20.168055555556
Yeast Grow 4 Days,pioreactor02,2025-09-21T01:13:06.247000Z,0.071114862829,2025-09-21 03:13:06.247,20.179166666667
Yeast Grow 4 Days,pioreactor02,2025-09-21T01:13:46.246000Z,0.071145407175,2025-09-21 03:13:46.246,20.190277777778
Yeast Grow 4 Days,pioreactor02,2025-09-21T01:15:36.245000Z,0.071112256458,2025-09-21 03:15:36.245,20.220833333333
Yeast Grow 4 Days,pioreactor02,2025-09-21T01:15:56.247000Z,0.071114760619,2025-09-21 03:15:56.247,20.226388888889
Yeast Grow 4 Days,pioreactor02,2025-09-21T01:17:06.246000Z,0.071154855022,2025-09-21 03:17:06.246,20.245833333333
Yeast Grow 4 Days,pioreactor02,2025-09-21T01:18:01.250000Z,0.071134399087,2025-09-21 03:18:01.250,20.261111111111
Yeast Grow 4 Days,pioreactor02,2025-09-21T01:18:06.246000Z,0.071135594878,2025-09-21 03:18:06.246,20.2625
Yeast Grow 4 Days,pioreactor02,2025-09-21T01:18:36.247000Z,0.071127616214,2025-09-21 03:18:36.247,20.270833333333
Yeast Grow 4 Days,pioreactor02,2025-09-21T01:18:41.246000Z,0.071123311002,2025-09-21 03:18:41.246,20.272222222222
Yeast Grow 4 Days,pioreactor02,2025-09-21T01:19:36.249000Z,0.071171226764,2025-09-21 03:19:36.249,20.2875
Yeast Grow 4 Days,pioreactor02,2025-09-21T01:20:16.246000Z,0.071183037724,2025-09-21 03:20:16.246,20.298611111111
Yeast Grow 4 Days,pioreactor02,2025-09-21T01:20:36.246000Z,0.071160986825,2025-09-21 03:20:36.246,20.304166666667
Yeast Grow 4 Days,pioreactor02,2025-09-21T01:20:56.247000Z,0.071153649425,2025-09-21 03:20:56.247,20.309722222222
Yeast Grow 4 Days,pioreactor02,2025-09-21T01:21:11.246000Z,0.071129018805,2025-09-21 03:21:11.246,20.313888888889
Yeast Grow 4 Days,pioreactor02,2025-09-21T01:21:41.248000Z,0.071127572075,2025-09-21 03:21:41.248,20.322222222222
Yeast Grow 4 Days,pioreactor02,2025-09-21T01:21:51.248000Z,0.071146757156,2025-09-21 03:21:51.248,20.325
Yeast Grow 4 Days,pioreactor02,2025-09-21T01:22:01.246000Z,0.071154675955,2025-09-21 03:22:01.246,20.327777777778
Yeast Grow 4 Days,pioreactor02,2025-09-21T01:22:11.248000Z,0.071150314241,2025-09-21 03:22:11.248,20.330555555556
Yeast Grow 4 Days,pioreactor02,2025-09-21T01:22:36.249000Z,0.07116042334,2025-09-21 03:22:36.249,20.3375
Yeast Grow 4 Days,pioreactor02,2025-09-21T01:23:06.247000Z,0.071149293544,2025-09-21 03:23:06.247,20.345833333333
Yeast Grow 4 Days,pioreactor02,2025-09-21T01:23:36.246000Z,0.071162680405,2025-09-21 03:23:36.246,20.354166666667
Yeast Grow 4 Days,pioreactor02,2025-09-21T01:23:51.246000Z,0.071148054918,2025-09-21 03:23:51.246,20.358333333333
Yeast Grow 4 Days,pioreactor02,2025-09-21T01:23:56.246000Z,0.071157194656,2025-09-21 03:23:56.246,20.359722222222
Yeast Grow 4 Days,pioreactor02,2025-09-21T01:24:11.248000Z,0.071147513965,2025-09-21 03:24:11.248,20.363888888889
Yeast Grow 4 Days,pioreactor02,2025-09-21T01:24:46.246000Z,0.071169682603,2025-09-21 03:24:46.246,20.373611111111
Yeast Grow 4 Days,pioreactor02,2025-09-21T01:24:56.246000Z,0.071164208526,2025-09-21 03:24:56.246,20.376388888889
Yeast Grow 4 Days,pioreactor02,2025-09-21T01:25:31.247000Z,0.071121438154,2025-09-21 03:25:31.247,20.386111111111
Yeast Grow 4 Days,pioreactor02,2025-09-21T01:25:41.248000Z,0.071119930956,2025-09-21 03:25:41.248,20.388888888889
Yeast Grow 4 Days,pioreactor02,2025-09-21T01:25:56.247000Z,0.071128549889,2025-09-21 03:25:56.247,20.393055555556
Yeast Grow 4 Days,pioreactor02,2025-09-21T01:26:21.247000Z,0.071131913243,2025-09-21 03:26:21.247,20.4
Yeast Grow 4 Days,pioreactor02,2025-09-21T01:26:26.247000Z,0.071131426869,2025-09-21 03:26:26.247,20.401388888889
Yeast Grow 4 Days,pioreactor02,2025-09-21T01:26:41.246000Z,0.0711481285,2025-09-21 03:26:41.246,20.405555555556
Yeast Grow 4 Days,pioreactor02,2025-09-21T01:26:51.247000Z,0.071134765016,2025-09-21 03:26:51.247,20.408333333333
Yeast Grow 4 Days,pioreactor02,2025-09-21T01:26:56.246000Z,0.071148864535,2025-09-21 03:26:56.246,20.409722222222
Yeast Grow 4 Days,pioreactor02,2025-09-21T01:27:21.248000Z,0.071127887945,2025-09-21 03:27:21.248,20.416666666667
Yeast Grow 4 Days,pioreactor02,2025-09-21T01:28:16.247000Z,0.071101203534,2025-09-21 03:28:16.247,20.431944444444
Yeast Grow 4 Days,pioreactor02,2025-09-21T01:28:36.246000Z,0.071071688502,2025-09-21 03:28:36.246,20.4375
Yeast Grow 4 Days,pioreactor02,2025-09-21T01:30:56.247000Z,0.071080639277,2025-09-21 03:30:56.247,20.476388888889
Yeast Grow 4 Days,pioreactor02,2025-09-21T01:31:01.247000Z,0.071083903069,2025-09-21 03:31:01.247,20.477777777778
Yeast Grow 4 Days,pioreactor02,2025-09-21T01:31:21.252000Z,0.071056465392,2025-09-21 03:31:21.252,20.483333333333
Yeast Grow 4 Days,pioreactor02,2025-09-21T01:31:51.248000Z,0.07108488931,2025-09-21 03:31:51.248,20.491666666667
Yeast Grow 4 Days,pioreactor02,2025-09-21T01:32:01.247000Z,0.071107185987,2025-09-21 03:32:01.247,20.494444444444
Yeast Grow 4 Days,pioreactor02,2025-09-21T01:32:41.246000Z,0.071130391492,2025-09-21 03:32:41.246,20.505555555556
Yeast Grow 4 Days,pioreactor02,2025-09-21T01:33:06.246000Z,0.071129414232,2025-09-21 03:33:06.246,20.5125
Yeast Grow 4 Days,pioreactor02,2025-09-21T01:33:31.246000Z,0.071140231041,2025-09-21 03:33:31.246,20.519444444444
Yeast Grow 4 Days,pioreactor02,2025-09-21T01:34:41.246000Z,0.071141244699,2025-09-21 03:34:41.246,20.538888888889
Yeast Grow 4 Days,pioreactor02,2025-09-21T01:34:46.249000Z,0.071136078039,2025-09-21 03:34:46.249,20.540277777778
Yeast Grow 4 Days,pioreactor02,2025-09-21T01:35:26.247000Z,0.071141255505,2025-09-21 03:35:26.247,20.551388888889
Yeast Grow 4 Days,pioreactor02,2025-09-21T01:36:16.246000Z,0.07116629194,2025-09-21 03:36:16.246,20.565277777778
Yeast Grow 4 Days,pioreactor02,2025-09-21T01:36:56.248000Z,0.071136252394,2025-09-21 03:36:56.248,20.576388888889
Yeast Grow 4 Days,pioreactor02,2025-09-21T01:37:01.247000Z,0.071146237994,2025-09-21 03:37:01.247,20.577777777778
Yeast Grow 4 Days,pioreactor02,2025-09-21T01:37:31.248000Z,0.071124960226,2025-09-21 03:37:31.248,20.586111111111
Yeast Grow 4 Days,pioreactor02,2025-09-21T01:37:41.246000Z,0.071113626717,2025-09-21 03:37:41.246,20.588888888889
Yeast Grow 4 Days,pioreactor02,2025-09-21T01:38:06.249000Z,0.071089226895,2025-09-21 03:38:06.249,20.595833333333
Yeast Grow 4 Days,pioreactor02,2025-09-21T01:38:16.246000Z,0.071098225563,2025-09-21 03:38:16.246,20.598611111111
Yeast Grow 4 Days,pioreactor02,2025-09-21T01:38:51.246000Z,0.071115142619,2025-09-21 03:38:51.246,20.608333333333
Yeast Grow 4 Days,pioreactor02,2025-09-21T01:40:41.246000Z,0.071145835905,2025-09-21 03:40:41.246,20.638888888889
Yeast Grow 4 Days,pioreactor02,2025-09-21T01:40:56.246000Z,0.071159474436,2025-09-21 03:40:56.246,20.643055555556
Yeast Grow 4 Days,pioreactor02,2025-09-21T01:41:06.247000Z,0.071168226411,2025-09-21 03:41:06.247,20.645833333333
Yeast Grow 4 Days,pioreactor02,2025-09-21T01:41:36.246000Z,0.071144723249,2025-09-21 03:41:36.246,20.654166666667
Yeast Grow 4 Days,pioreactor02,2025-09-21T01:41:51.246000Z,0.071132221089,2025-09-21 03:41:51.246,20.658333333333
Yeast Grow 4 Days,pioreactor02,2025-09-21T01:42:16.247000Z,0.071139892205,2025-09-21 03:42:16.247,20.665277777778
Yeast Grow 4 Days,pioreactor02,2025-09-21T01:42:31.246000Z,0.071139242361,2025-09-21 03:42:31.246,20.669444444444
Yeast Grow 4 Days,pioreactor02,2025-09-21T01:42:56.247000Z,0.071140801369,2025-09-21 03:42:56.247,20.676388888889
Yeast Grow 4 Days,pioreactor02,2025-09-21T01:43:51.246000Z,0.071179212496,2025-09-21 03:43:51.246,20.691666666667
Yeast Grow 4 Days,pioreactor02,2025-09-21T01:43:56.246000Z,0.071186617447,2025-09-21 03:43:56.246,20.693055555556
Yeast Grow 4 Days,pioreactor02,2025-09-21T01:45:01.248000Z,0.071123101443,2025-09-21 03:45:01.248,20.711111111111
Yeast Grow 4 Days,pioreactor02,2025-09-21T01:45:06.247000Z,0.071106343019,2025-09-21 03:45:06.247,20.7125
Yeast Grow 4 Days,pioreactor02,2025-09-21T01:46:36.247000Z,0.07112274998,2025-09-21 03:46:36.247,20.7375
Yeast Grow 4 Days,pioreactor02,2025-09-21T01:47:51.246000Z,0.071156157648,2025-09-21 03:47:51.246,20.758333333333
Yeast Grow 4 Days,pioreactor02,2025-09-21T01:49:16.246000Z,0.071104557101,2025-09-21 03:49:16.246,20.781944444444
Yeast Grow 4 Days,pioreactor02,2025-09-21T01:50:46.246000Z,0.071106761681,2025-09-21 03:50:46.246,20.806944444444
Yeast Grow 4 Days,pioreactor02,2025-09-21T01:50:56.246000Z,0.071092308501,2025-09-21 03:50:56.246,20.809722222222
Yeast Grow 4 Days,pioreactor02,2025-09-21T01:51:36.247000Z,0.071056890402,2025-09-21 03:51:36.247,20.820833333333
Yeast Grow 4 Days,pioreactor02,2025-09-21T01:52:11.246000Z,0.071090520553,2025-09-21 03:52:11.246,20.830555555556
Yeast Grow 4 Days,pioreactor02,2025-09-21T01:52:36.247000Z,0.071076566174,2025-09-21 03:52:36.247,20.8375
Yeast Grow 4 Days,pioreactor02,2025-09-21T01:54:41.246000Z,0.071110205883,2025-09-21 03:54:41.246,20.872222222222
Yeast Grow 4 Days,pioreactor02,2025-09-21T01:55:11.246000Z,0.071118536622,2025-09-21 03:55:11.246,20.880555555556
Yeast Grow 4 Days,pioreactor02,2025-09-21T01:55:46.247000Z,0.071122176078,2025-09-21 03:55:46.247,20.890277777778
Yeast Grow 4 Days,pioreactor02,2025-09-21T01:56:01.247000Z,0.071113011437,2025-09-21 03:56:01.247,20.894444444444
Yeast Grow 4 Days,pioreactor02,2025-09-21T01:56:26.245000Z,0.071104387697,2025-09-21 03:56:26.245,20.901388888889
Yeast Grow 4 Days,pioreactor02,2025-09-21T01:56:36.246000Z,0.071121329702,2025-09-21 03:56:36.246,20.904166666667
Yeast Grow 4 Days,pioreactor02,2025-09-21T01:57:06.246000Z,0.071107079478,2025-09-21 03:57:06.246,20.9125
Yeast Grow 4 Days,pioreactor02,2025-09-21T01:57:56.247000Z,0.071107869767,2025-09-21 03:57:56.247,20.926388888889
Yeast Grow 4 Days,pioreactor02,2025-09-21T01:58:46.247000Z,0.071078161914,2025-09-21 03:58:46.247,20.940277777778
Yeast Grow 4 Days,pioreactor02,2025-09-21T01:59:36.246000Z,0.071075439336,2025-09-21 03:59:36.246,20.954166666667
Yeast Grow 4 Days,pioreactor02,2025-09-21T02:00:01.247000Z,0.071099878713,2025-09-21 04:00:01.247,20.961111111111
Yeast Grow 4 Days,pioreactor02,2025-09-21T02:00:16.246000Z,0.071103003207,2025-09-21 04:00:16.246,20.965277777778
Yeast Grow 4 Days,pioreactor02,2025-09-21T02:00:36.246000Z,0.071104664129,2025-09-21 04:00:36.246,20.970833333333
Yeast Grow 4 Days,pioreactor02,2025-09-21T02:00:46.247000Z,0.071113490014,2025-09-21 04:00:46.247,20.973611111111
Yeast Grow 4 Days,pioreactor02,2025-09-21T02:01:31.247000Z,0.071101967422,2025-09-21 04:01:31.247,20.986111111111
Yeast Grow 4 Days,pioreactor02,2025-09-21T02:02:36.246000Z,0.071122684446,2025-09-21 04:02:36.246,21.004166666667
Yeast Grow 4 Days,pioreactor02,2025-09-21T02:02:51.248000Z,0.071127965477,2025-09-21 04:02:51.248,21.008333333333
Yeast Grow 4 Days,pioreactor02,2025-09-21T02:03:01.247000Z,0.07112878796,2025-09-21 04:03:01.247,21.011111111111
Yeast Grow 4 Days,pioreactor02,2025-09-21T02:03:16.246000Z,0.071145122828,2025-09-21 04:03:16.246,21.015277777778
Yeast Grow 4 Days,pioreactor02,2025-09-21T02:04:01.247000Z,0.071115499718,2025-09-21 04:04:01.247,21.027777777778
Yeast Grow 4 Days,pioreactor02,2025-09-21T02:05:51.247000Z,0.071102752473,2025-09-21 04:05:51.247,21.058333333333
Yeast Grow 4 Days,pioreactor02,2025-09-21T02:06:41.246000Z,0.071147799725,2025-09-21 04:06:41.246,21.072222222222
Yeast Grow 4 Days,pioreactor02,2025-09-21T02:06:51.246000Z,0.07113879188,2025-09-21 04:06:51.246,21.075
Yeast Grow 4 Days,pioreactor02,2025-09-21T02:08:36.247000Z,0.071094527258,2025-09-21 04:08:36.247,21.104166666667
Yeast Grow 4 Days,pioreactor02,2025-09-21T02:09:36.246000Z,0.071063259088,2025-09-21 04:09:36.246,21.120833333333
Yeast Grow 4 Days,pioreactor02,2025-09-21T02:10:46.247000Z,0.071087961235,2025-09-21 04:10:46.247,21.140277777778
Yeast Grow 4 Days,pioreactor02,2025-09-21T02:11:46.245000Z,0.071081903192,2025-09-21 04:11:46.245,21.156944444444
Yeast Grow 4 Days,pioreactor02,2025-09-21T02:12:01.247000Z,0.071039635314,2025-09-21 04:12:01.247,21.161111111111
Yeast Grow 4 Days,pioreactor02,2025-09-21T02:12:11.248000Z,0.071036930111,2025-09-21 04:12:11.248,21.163888888889
Yeast Grow 4 Days,pioreactor02,2025-09-21T02:12:21.248000Z,0.071034658941,2025-09-21 04:12:21.248,21.166666666667
Yeast Grow 4 Days,pioreactor02,2025-09-21T02:12:56.247000Z,0.071028823817,2025-09-21 04:12:56.247,21.176388888889
Yeast Grow 4 Days,pioreactor02,2025-09-21T02:13:51.246000Z,0.071029825586,2025-09-21 04:13:51.246,21.191666666667
Yeast Grow 4 Days,pioreactor02,2025-09-21T02:13:56.248000Z,0.071022704317,2025-09-21 04:13:56.248,21.193055555556
Yeast Grow 4 Days,pioreactor02,2025-09-21T02:14:26.246000Z,0.071036010094,2025-09-21 04:14:26.246,21.201388888889
Yeast Grow 4 Days,pioreactor02,2025-09-21T02:14:31.246000Z,0.071033171774,2025-09-21 04:14:31.246,21.202777777778
Yeast Grow 4 Days,pioreactor02,2025-09-21T02:14:56.248000Z,0.071028903384,2025-09-21 04:14:56.248,21.209722222222
Yeast Grow 4 Days,pioreactor02,2025-09-21T02:15:46.246000Z,0.07102800275,2025-09-21 04:15:46.246,21.223611111111
Yeast Grow 4 Days,pioreactor02,2025-09-21T02:16:11.246000Z,0.07101247543,2025-09-21 04:16:11.246,21.230555555556
Yeast Grow 4 Days,pioreactor02,2025-09-21T02:16:26.246000Z,0.071011842814,2025-09-21 04:16:26.246,21.234722222222
Yeast Grow 4 Days,pioreactor02,2025-09-21T02:16:31.247000Z,0.071005408273,2025-09-21 04:16:31.247,21.236111111111
Yeast Grow 4 Days,pioreactor02,2025-09-21T02:16:51.248000Z,0.071002924184,2025-09-21 04:16:51.248,21.241666666667
Yeast Grow 4 Days,pioreactor02,2025-09-21T02:18:21.248000Z,0.071019655023,2025-09-21 04:18:21.248,21.266666666667
Yeast Grow 4 Days,pioreactor02,2025-09-21T02:18:36.247000Z,0.071003058703,2025-09-21 04:18:36.247,21.270833333333
Yeast Grow 4 Days,pioreactor02,2025-09-21T02:18:41.246000Z,0.071015732882,2025-09-21 04:18:41.246,21.272222222222
Yeast Grow 4 Days,pioreactor02,2025-09-21T02:19:51.247000Z,0.071078870844,2025-09-21 04:19:51.247,21.291666666667
Yeast Grow 4 Days,pioreactor02,2025-09-21T02:20:16.247000Z,0.071052347512,2025-09-21 04:20:16.247,21.298611111111
Yeast Grow 4 Days,pioreactor02,2025-09-21T02:20:31.247000Z,0.071032065872,2025-09-21 04:20:31.247,21.302777777778
Yeast Grow 4 Days,pioreactor02,2025-09-21T02:20:51.247000Z,0.071030976795,2025-09-21 04:20:51.247,21.308333333333
Yeast Grow 4 Days,pioreactor02,2025-09-21T02:21:11.247000Z,0.071014261076,2025-09-21 04:21:11.247,21.313888888889
Yeast Grow 4 Days,pioreactor02,2025-09-21T02:21:46.249000Z,0.070998005199,2025-09-21 04:21:46.249,21.323611111111
Yeast Grow 4 Days,pioreactor02,2025-09-21T02:23:46.246000Z,0.071066303363,2025-09-21 04:23:46.246,21.356944444444
Yeast Grow 4 Days,pioreactor02,2025-09-21T02:23:51.247000Z,0.071076218287,2025-09-21 04:23:51.247,21.358333333333
Yeast Grow 4 Days,pioreactor02,2025-09-21T02:24:01.249000Z,0.071073689708,2025-09-21 04:24:01.249,21.361111111111
Yeast Grow 4 Days,pioreactor02,2025-09-21T02:25:16.246000Z,0.071069721199,2025-09-21 04:25:16.246,21.381944444444
Yeast Grow 4 Days,pioreactor02,2025-09-21T02:28:36.247000Z,0.071058140797,2025-09-21 04:28:36.247,21.4375
Yeast Grow 4 Days,pioreactor02,2025-09-21T02:28:41.246000Z,0.071073916677,2025-09-21 04:28:41.246,21.438888888889
Yeast Grow 4 Days,pioreactor02,2025-09-21T02:29:56.246000Z,0.071067359263,2025-09-21 04:29:56.246,21.459722222222
Yeast Grow 4 Days,pioreactor02,2025-09-21T02:30:41.247000Z,0.071068234455,2025-09-21 04:30:41.247,21.472222222222
Yeast Grow 4 Days,pioreactor02,2025-09-21T02:31:01.248000Z,0.071080318412,2025-09-21 04:31:01.248,21.477777777778
Yeast Grow 4 Days,pioreactor02,2025-09-21T02:31:41.247000Z,0.071082487549,2025-09-21 04:31:41.247,21.488888888889
Yeast Grow 4 Days,pioreactor02,2025-09-21T02:33:26.247000Z,0.071090553096,2025-09-21 04:33:26.247,21.518055555556
Yeast Grow 4 Days,pioreactor02,2025-09-21T02:33:31.247000Z,0.071093018706,2025-09-21 04:33:31.247,21.519444444444
Yeast Grow 4 Days,pioreactor02,2025-09-21T02:33:46.248000Z,0.071072358487,2025-09-21 04:33:46.248,21.523611111111
Yeast Grow 4 Days,pioreactor02,2025-09-21T02:34:36.248000Z,0.071044832609,2025-09-21 04:34:36.248,21.5375
Yeast Grow 4 Days,pioreactor02,2025-09-21T02:36:21.247000Z,0.071059054274,2025-09-21 04:36:21.247,21.566666666667
Yeast Grow 4 Days,pioreactor02,2025-09-21T02:37:46.246000Z,0.071010838301,2025-09-21 04:37:46.246,21.590277777778
Yeast Grow 4 Days,pioreactor02,2025-09-21T02:37:51.246000Z,0.071006828871,2025-09-21 04:37:51.246,21.591666666667
Yeast Grow 4 Days,pioreactor02,2025-09-21T02:37:56.247000Z,0.071001122854,2025-09-21 04:37:56.247,21.593055555556
Yeast Grow 4 Days,pioreactor02,2025-09-21T02:38:21.247000Z,0.070993496299,2025-09-21 04:38:21.247,21.6
Yeast Grow 4 Days,pioreactor02,2025-09-21T02:39:01.247000Z,0.071010884483,2025-09-21 04:39:01.247,21.611111111111
Yeast Grow 4 Days,pioreactor02,2025-09-21T02:39:21.247000Z,0.071039752501,2025-09-21 04:39:21.247,21.616666666667
Yeast Grow 4 Days,pioreactor02,2025-09-21T02:39:31.246000Z,0.071038726507,2025-09-21 04:39:31.246,21.619444444444
Yeast Grow 4 Days,pioreactor02,2025-09-21T02:39:41.246000Z,0.071036770086,2025-09-21 04:39:41.246,21.622222222222
Yeast Grow 4 Days,pioreactor02,2025-09-21T02:41:51.247000Z,0.07105224825,2025-09-21 04:41:51.247,21.658333333333
Yeast Grow 4 Days,pioreactor02,2025-09-21T02:42:16.250000Z,0.071048399429,2025-09-21 04:42:16.250,21.665277777778
Yeast Grow 4 Days,pioreactor02,2025-09-21T02:43:06.246000Z,0.071090469465,2025-09-21 04:43:06.246,21.679166666667
Yeast Grow 4 Days,pioreactor02,2025-09-21T02:43:56.246000Z,0.071098619669,2025-09-21 04:43:56.246,21.693055555556
Yeast Grow 4 Days,pioreactor02,2025-09-21T02:44:46.246000Z,0.071051518546,2025-09-21 04:44:46.246,21.706944444444
Yeast Grow 4 Days,pioreactor02,2025-09-21T02:45:21.248000Z,0.071016571114,2025-09-21 04:45:21.248,21.716666666667
Yeast Grow 4 Days,pioreactor02,2025-09-21T02:47:01.247000Z,0.071021503819,2025-09-21 04:47:01.247,21.744444444444
Yeast Grow 4 Days,pioreactor02,2025-09-21T02:47:36.246000Z,0.071023543399,2025-09-21 04:47:36.246,21.754166666667
Yeast Grow 4 Days,pioreactor02,2025-09-21T02:47:51.246000Z,0.071005638836,2025-09-21 04:47:51.246,21.758333333333
Yeast Grow 4 Days,pioreactor02,2025-09-21T02:47:56.246000Z,0.071007222142,2025-09-21 04:47:56.246,21.759722222222
Yeast Grow 4 Days,pioreactor02,2025-09-21T02:48:01.247000Z,0.071023447718,2025-09-21 04:48:01.247,21.761111111111
Yeast Grow 4 Days,pioreactor02,2025-09-21T02:48:11.246000Z,0.071046456742,2025-09-21 04:48:11.246,21.763888888889
Yeast Grow 4 Days,pioreactor02,2025-09-21T02:49:51.247000Z,0.071071236631,2025-09-21 04:49:51.247,21.791666666667
Yeast Grow 4 Days,pioreactor02,2025-09-21T02:50:01.248000Z,0.071071641743,2025-09-21 04:50:01.248,21.794444444444
Yeast Grow 4 Days,pioreactor02,2025-09-21T02:50:36.246000Z,0.071056873172,2025-09-21 04:50:36.246,21.804166666667
Yeast Grow 4 Days,pioreactor02,2025-09-21T02:51:01.247000Z,0.071062004481,2025-09-21 04:51:01.247,21.811111111111
Yeast Grow 4 Days,pioreactor02,2025-09-21T02:52:01.248000Z,0.071079012853,2025-09-21 04:52:01.248,21.827777777778
Yeast Grow 4 Days,pioreactor02,2025-09-21T02:52:21.246000Z,0.071063337775,2025-09-21 04:52:21.246,21.833333333333
Yeast Grow 4 Days,pioreactor02,2025-09-21T02:53:11.249000Z,0.071107676016,2025-09-21 04:53:11.249,21.847222222222
Yeast Grow 4 Days,pioreactor02,2025-09-21T02:54:01.246000Z,0.07112505561,2025-09-21 04:54:01.246,21.861111111111
Yeast Grow 4 Days,pioreactor02,2025-09-21T02:54:11.251000Z,0.07109509887,2025-09-21 04:54:11.251,21.863888888889
Yeast Grow 4 Days,pioreactor02,2025-09-21T02:54:16.245000Z,0.071093576333,2025-09-21 04:54:16.245,21.865277777778
Yeast Grow 4 Days,pioreactor02,2025-09-21T02:54:51.247000Z,0.071114356667,2025-09-21 04:54:51.247,21.875
Yeast Grow 4 Days,pioreactor02,2025-09-21T02:55:01.247000Z,0.071105532857,2025-09-21 04:55:01.247,21.877777777778
Yeast Grow 4 Days,pioreactor02,2025-09-21T02:55:11.246000Z,0.071087756376,2025-09-21 04:55:11.246,21.880555555556
Yeast Grow 4 Days,pioreactor02,2025-09-21T02:55:16.246000Z,0.071101748348,2025-09-21 04:55:16.246,21.881944444444
Yeast Grow 4 Days,pioreactor02,2025-09-21T02:56:41.247000Z,0.071188724599,2025-09-21 04:56:41.247,21.905555555556
Yeast Grow 4 Days,pioreactor02,2025-09-21T02:56:56.246000Z,0.071176697515,2025-09-21 04:56:56.246,21.909722222222
Yeast Grow 4 Days,pioreactor02,2025-09-21T02:58:01.245000Z,0.071160581366,2025-09-21 04:58:01.245,21.927777777778
Yeast Grow 4 Days,pioreactor02,2025-09-21T02:59:11.248000Z,0.071181854031,2025-09-21 04:59:11.248,21.947222222222
Yeast Grow 4 Days,pioreactor02,2025-09-21T02:59:16.245000Z,0.071184709578,2025-09-21 04:59:16.245,21.948611111111
Yeast Grow 4 Days,pioreactor02,2025-09-21T02:59:36.245000Z,0.07121110717,2025-09-21 04:59:36.245,21.954166666667
Yeast Grow 4 Days,pioreactor02,2025-09-21T03:00:01.247000Z,0.07118231354,2025-09-21 05:00:01.247,21.961111111111
Yeast Grow 4 Days,pioreactor02,2025-09-21T03:00:06.246000Z,0.071178065496,2025-09-21 05:00:06.246,21.9625
Yeast Grow 4 Days,pioreactor02,2025-09-21T03:01:46.246000Z,0.071173640202,2025-09-21 05:01:46.246,21.990277777778
Yeast Grow 4 Days,pioreactor02,2025-09-21T03:02:31.246000Z,0.071162792248,2025-09-21 05:02:31.246,22.002777777778
Yeast Grow 4 Days,pioreactor02,2025-09-21T03:02:41.248000Z,0.071179112852,2025-09-21 05:02:41.248,22.005555555556
Yeast Grow 4 Days,pioreactor02,2025-09-21T03:03:06.246000Z,0.071181210539,2025-09-21 05:03:06.246,22.0125
Yeast Grow 4 Days,pioreactor02,2025-09-21T03:03:21.246000Z,0.071190390162,2025-09-21 05:03:21.246,22.016666666667
Yeast Grow 4 Days,pioreactor02,2025-09-21T03:03:31.246000Z,0.071197287937,2025-09-21 05:03:31.246,22.019444444444
Yeast Grow 4 Days,pioreactor02,2025-09-21T03:03:36.246000Z,0.071179915313,2025-09-21 05:03:36.246,22.020833333333
Yeast Grow 4 Days,pioreactor02,2025-09-21T03:04:36.247000Z,0.071148125063,2025-09-21 05:04:36.247,22.0375
Yeast Grow 4 Days,pioreactor02,2025-09-21T03:04:41.247000Z,0.071160690926,2025-09-21 05:04:41.247,22.038888888889
Yeast Grow 4 Days,pioreactor02,2025-09-21T03:05:11.246000Z,0.071167315924,2025-09-21 05:05:11.246,22.047222222222
Yeast Grow 4 Days,pioreactor02,2025-09-21T03:05:26.247000Z,0.071182264543,2025-09-21 05:05:26.247,22.051388888889
Yeast Grow 4 Days,pioreactor02,2025-09-21T03:05:31.247000Z,0.071166933289,2025-09-21 05:05:31.247,22.052777777778
Yeast Grow 4 Days,pioreactor02,2025-09-21T03:05:46.247000Z,0.071193271745,2025-09-21 05:05:46.247,22.056944444444
Yeast Grow 4 Days,pioreactor02,2025-09-21T03:05:56.249000Z,0.071194980638,2025-09-21 05:05:56.249,22.059722222222
Yeast Grow 4 Days,pioreactor02,2025-09-21T03:06:11.246000Z,0.071220809495,2025-09-21 05:06:11.246,22.063888888889
Yeast Grow 4 Days,pioreactor02,2025-09-21T03:06:21.247000Z,0.071216553539,2025-09-21 05:06:21.247,22.066666666667
Yeast Grow 4 Days,pioreactor02,2025-09-21T03:08:01.248000Z,0.071194483594,2025-09-21 05:08:01.248,22.094444444444
Yeast Grow 4 Days,pioreactor02,2025-09-21T03:08:26.249000Z,0.071178226744,2025-09-21 05:08:26.249,22.101388888889
Yeast Grow 4 Days,pioreactor02,2025-09-21T03:08:36.246000Z,0.071170855143,2025-09-21 05:08:36.246,22.104166666667
Yeast Grow 4 Days,pioreactor02,2025-09-21T03:08:51.247000Z,0.07115377072,2025-09-21 05:08:51.247,22.108333333333
Yeast Grow 4 Days,pioreactor02,2025-09-21T03:09:21.246000Z,0.07112253226,2025-09-21 05:09:21.246,22.116666666667
Yeast Grow 4 Days,pioreactor02,2025-09-21T03:10:11.251000Z,0.071122147313,2025-09-21 05:10:11.251,22.130555555556
Yeast Grow 4 Days,pioreactor02,2025-09-21T03:10:41.247000Z,0.071149983012,2025-09-21 05:10:41.247,22.138888888889
Yeast Grow 4 Days,pioreactor02,2025-09-21T03:11:01.247000Z,0.071127459668,2025-09-21 05:11:01.247,22.144444444444
Yeast Grow 4 Days,pioreactor02,2025-09-21T03:11:11.247000Z,0.071124823247,2025-09-21 05:11:11.247,22.147222222222
Yeast Grow 4 Days,pioreactor02,2025-09-21T03:11:21.246000Z,0.071116810268,2025-09-21 05:11:21.246,22.15
Yeast Grow 4 Days,pioreactor02,2025-09-21T03:11:36.247000Z,0.071136654759,2025-09-21 05:11:36.247,22.154166666667
Yeast Grow 4 Days,pioreactor02,2025-09-21T03:11:51.246000Z,0.071109374454,2025-09-21 05:11:51.246,22.158333333333
Yeast Grow 4 Days,pioreactor02,2025-09-21T03:12:06.247000Z,0.07112095071,2025-09-21 05:12:06.247,22.1625
Yeast Grow 4 Days,pioreactor02,2025-09-21T03:12:46.246000Z,0.071148552384,2025-09-21 05:12:46.246,22.173611111111
Yeast Grow 4 Days,pioreactor02,2025-09-21T03:13:56.247000Z,0.071128184305,2025-09-21 05:13:56.247,22.193055555556
Yeast Grow 4 Days,pioreactor02,2025-09-21T03:14:11.247000Z,0.071134783931,2025-09-21 05:14:11.247,22.197222222222
Yeast Grow 4 Days,pioreactor02,2025-09-21T03:14:51.248000Z,0.071088752368,2025-09-21 05:14:51.248,22.208333333333
Yeast Grow 4 Days,pioreactor02,2025-09-21T03:15:26.246000Z,0.071094781928,2025-09-21 05:15:26.246,22.218055555556
Yeast Grow 4 Days,pioreactor02,2025-09-21T03:15:46.246000Z,0.071111856931,2025-09-21 05:15:46.246,22.223611111111
Yeast Grow 4 Days,pioreactor02,2025-09-21T03:16:56.246000Z,0.071153377729,2025-09-21 05:16:56.246,22.243055555556
Yeast Grow 4 Days,pioreactor02,2025-09-21T03:17:36.248000Z,0.07109897104,2025-09-21 05:17:36.248,22.254166666667
Yeast Grow 4 Days,pioreactor02,2025-09-21T03:18:06.248000Z,0.071082594322,2025-09-21 05:18:06.248,22.2625
Yeast Grow 4 Days,pioreactor02,2025-09-21T03:19:21.247000Z,0.071081009075,2025-09-21 05:19:21.247,22.283333333333
Yeast Grow 4 Days,pioreactor02,2025-09-21T03:19:26.248000Z,0.071096736488,2025-09-21 05:19:26.248,22.284722222222
Yeast Grow 4 Days,pioreactor02,2025-09-21T03:19:36.246000Z,0.071107554002,2025-09-21 05:19:36.246,22.2875
Yeast Grow 4 Days,pioreactor02,2025-09-21T03:19:41.246000Z,0.071109232302,2025-09-21 05:19:41.246,22.288888888889
Yeast Grow 4 Days,pioreactor02,2025-09-21T03:20:06.247000Z,0.071136820216,2025-09-21 05:20:06.247,22.295833333333
Yeast Grow 4 Days,pioreactor02,2025-09-21T03:20:11.247000Z,0.071128209404,2025-09-21 05:20:11.247,22.297222222222
Yeast Grow 4 Days,pioreactor02,2025-09-21T03:20:26.246000Z,0.071141012359,2025-09-21 05:20:26.246,22.301388888889
Yeast Grow 4 Days,pioreactor02,2025-09-21T03:20:56.246000Z,0.071168339075,2025-09-21 05:20:56.246,22.309722222222
Yeast Grow 4 Days,pioreactor02,2025-09-21T03:21:06.248000Z,0.07113788757,2025-09-21 05:21:06.248,22.3125
Yeast Grow 4 Days,pioreactor02,2025-09-21T03:21:11.247000Z,0.071153189993,2025-09-21 05:21:11.247,22.313888888889
Yeast Grow 4 Days,pioreactor02,2025-09-21T03:21:21.246000Z,0.071133218745,2025-09-21 05:21:21.246,22.316666666667
Yeast Grow 4 Days,pioreactor02,2025-09-21T03:22:36.246000Z,0.071101573282,2025-09-21 05:22:36.246,22.3375
Yeast Grow 4 Days,pioreactor02,2025-09-21T03:23:11.246000Z,0.071097850781,2025-09-21 05:23:11.246,22.347222222222
Yeast Grow 4 Days,pioreactor02,2025-09-21T03:23:36.251000Z,0.071100064745,2025-09-21 05:23:36.251,22.354166666667
Yeast Grow 4 Days,pioreactor02,2025-09-21T03:25:16.249000Z,0.071147350798,2025-09-21 05:25:16.249,22.381944444444
Yeast Grow 4 Days,pioreactor02,2025-09-21T03:25:36.247000Z,0.071126932887,2025-09-21 05:25:36.247,22.3875
Yeast Grow 4 Days,pioreactor02,2025-09-21T03:27:56.246000Z,0.071089944801,2025-09-21 05:27:56.246,22.426388888889
Yeast Grow 4 Days,pioreactor02,2025-09-21T03:28:01.246000Z,0.071094170141,2025-09-21 05:28:01.246,22.427777777778
Yeast Grow 4 Days,pioreactor02,2025-09-21T03:28:11.247000Z,0.071095320814,2025-09-21 05:28:11.247,22.430555555556
Yeast Grow 4 Days,pioreactor02,2025-09-21T03:28:26.246000Z,0.071062840021,2025-09-21 05:28:26.246,22.434722222222
Yeast Grow 4 Days,pioreactor02,2025-09-21T03:28:31.247000Z,0.071064229359,2025-09-21 05:28:31.247,22.436111111111
Yeast Grow 4 Days,pioreactor02,2025-09-21T03:29:26.247000Z,0.071091680146,2025-09-21 05:29:26.247,22.451388888889
Yeast Grow 4 Days,pioreactor02,2025-09-21T03:29:31.248000Z,0.071099109972,2025-09-21 05:29:31.248,22.452777777778
Yeast Grow 4 Days,pioreactor02,2025-09-21T03:29:41.246000Z,0.071095404165,2025-09-21 05:29:41.246,22.455555555556
Yeast Grow 4 Days,pioreactor02,2025-09-21T03:30:26.246000Z,0.071086405175,2025-09-21 05:30:26.246,22.468055555556
Yeast Grow 4 Days,pioreactor02,2025-09-21T03:32:51.246000Z,0.071083434338,2025-09-21 05:32:51.246,22.508333333333
Yeast Grow 4 Days,pioreactor02,2025-09-21T03:33:36.246000Z,0.071103489898,2025-09-21 05:33:36.246,22.520833333333
Yeast Grow 4 Days,pioreactor02,2025-09-21T03:33:51.247000Z,0.071095778893,2025-09-21 05:33:51.247,22.525
Yeast Grow 4 Days,pioreactor02,2025-09-21T03:33:56.246000Z,0.071074280884,2025-09-21 05:33:56.246,22.526388888889
Yeast Grow 4 Days,pioreactor02,2025-09-21T03:34:06.247000Z,0.071083147905,2025-09-21 05:34:06.247,22.529166666667
Yeast Grow 4 Days,pioreactor02,2025-09-21T03:34:11.248000Z,0.071083023735,2025-09-21 05:34:11.248,22.530555555556
Yeast Grow 4 Days,pioreactor02,2025-09-21T03:34:36.247000Z,0.071099366535,2025-09-21 05:34:36.247,22.5375
Yeast Grow 4 Days,pioreactor02,2025-09-21T03:36:46.247000Z,0.071043896579,2025-09-21 05:36:46.247,22.573611111111
Yeast Grow 4 Days,pioreactor02,2025-09-21T03:37:06.246000Z,0.071038716539,2025-09-21 05:37:06.246,22.579166666667
Yeast Grow 4 Days,pioreactor02,2025-09-21T03:37:51.246000Z,0.071053945484,2025-09-21 05:37:51.246,22.591666666667
Yeast Grow 4 Days,pioreactor02,2025-09-21T03:37:56.247000Z,0.071060419166,2025-09-21 05:37:56.247,22.593055555556
Yeast Grow 4 Days,pioreactor02,2025-09-21T03:38:06.246000Z,0.071066957932,2025-09-21 05:38:06.246,22.595833333333
Yeast Grow 4 Days,pioreactor02,2025-09-21T03:39:31.246000Z,0.071061203981,2025-09-21 05:39:31.246,22.619444444444
Yeast Grow 4 Days,pioreactor02,2025-09-21T03:40:06.247000Z,0.071068106523,2025-09-21 05:40:06.247,22.629166666667
Yeast Grow 4 Days,pioreactor02,2025-09-21T03:40:21.247000Z,0.071041761372,2025-09-21 05:40:21.247,22.633333333333
Yeast Grow 4 Days,pioreactor02,2025-09-21T03:40:51.246000Z,0.071058166495,2025-09-21 05:40:51.246,22.641666666667
Yeast Grow 4 Days,pioreactor02,2025-09-21T03:42:26.246000Z,0.070996973574,2025-09-21 05:42:26.246,22.668055555556
Yeast Grow 4 Days,pioreactor02,2025-09-21T03:42:46.246000Z,0.071013009685,2025-09-21 05:42:46.246,22.673611111111
Yeast Grow 4 Days,pioreactor02,2025-09-21T03:42:51.247000Z,0.071004732766,2025-09-21 05:42:51.247,22.675
Yeast Grow 4 Days,pioreactor02,2025-09-21T03:43:01.248000Z,0.071005923835,2025-09-21 05:43:01.248,22.677777777778
Yeast Grow 4 Days,pioreactor02,2025-09-21T03:43:06.246000Z,0.070981526061,2025-09-21 05:43:06.246,22.679166666667
Yeast Grow 4 Days,pioreactor02,2025-09-21T03:43:16.246000Z,0.070984306775,2025-09-21 05:43:16.246,22.681944444444
Yeast Grow 4 Days,pioreactor02,2025-09-21T03:43:36.247000Z,0.070995620789,2025-09-21 05:43:36.247,22.6875
Yeast Grow 4 Days,pioreactor02,2025-09-21T03:44:41.246000Z,0.071010656254,2025-09-21 05:44:41.246,22.705555555556
Yeast Grow 4 Days,pioreactor02,2025-09-21T03:44:51.246000Z,0.071025295509,2025-09-21 05:44:51.246,22.708333333333
Yeast Grow 4 Days,pioreactor02,2025-09-21T03:45:11.246000Z,0.071032451623,2025-09-21 05:45:11.246,22.713888888889
Yeast Grow 4 Days,pioreactor02,2025-09-21T03:45:46.246000Z,0.07105749941,2025-09-21 05:45:46.246,22.723611111111
Yeast Grow 4 Days,pioreactor02,2025-09-21T03:48:16.246000Z,0.071024404083,2025-09-21 05:48:16.246,22.765277777778
Yeast Grow 4 Days,pioreactor02,2025-09-21T03:48:26.248000Z,0.071030302669,2025-09-21 05:48:26.248,22.768055555556
Yeast Grow 4 Days,pioreactor02,2025-09-21T03:49:11.246000Z,0.071045555352,2025-09-21 05:49:11.246,22.780555555556
Yeast Grow 4 Days,pioreactor02,2025-09-21T03:49:31.246000Z,0.071047296015,2025-09-21 05:49:31.246,22.786111111111
Yeast Grow 4 Days,pioreactor02,2025-09-21T03:50:06.246000Z,0.071098384025,2025-09-21 05:50:06.246,22.795833333333
Yeast Grow 4 Days,pioreactor02,2025-09-21T03:50:36.246000Z,0.07109774677,2025-09-21 05:50:36.246,22.804166666667
Yeast Grow 4 Days,pioreactor02,2025-09-21T03:50:41.246000Z,0.071107667153,2025-09-21 05:50:41.246,22.805555555556
Yeast Grow 4 Days,pioreactor02,2025-09-21T03:51:21.247000Z,0.07107831828,2025-09-21 05:51:21.247,22.816666666667
Yeast Grow 4 Days,pioreactor02,2025-09-21T03:52:41.246000Z,0.071068129091,2025-09-21 05:52:41.246,22.838888888889
Yeast Grow 4 Days,pioreactor02,2025-09-21T03:52:46.248000Z,0.071065000462,2025-09-21 05:52:46.248,22.840277777778
Yeast Grow 4 Days,pioreactor02,2025-09-21T03:54:51.246000Z,0.071020152921,2025-09-21 05:54:51.246,22.875
Yeast Grow 4 Days,pioreactor02,2025-09-21T03:55:41.247000Z,0.071059955187,2025-09-21 05:55:41.247,22.888888888889
Yeast Grow 4 Days,pioreactor02,2025-09-21T03:55:51.248000Z,0.071062777931,2025-09-21 05:55:51.248,22.891666666667
Yeast Grow 4 Days,pioreactor02,2025-09-21T03:57:06.247000Z,0.071044663501,2025-09-21 05:57:06.247,22.9125
Yeast Grow 4 Days,pioreactor02,2025-09-21T03:58:26.247000Z,0.071082101587,2025-09-21 05:58:26.247,22.934722222222
Yeast Grow 4 Days,pioreactor02,2025-09-21T03:58:51.246000Z,0.071059793144,2025-09-21 05:58:51.246,22.941666666667
Yeast Grow 4 Days,pioreactor02,2025-09-21T03:59:36.246000Z,0.071061334078,2025-09-21 05:59:36.246,22.954166666667
Yeast Grow 4 Days,pioreactor02,2025-09-21T03:59:41.246000Z,0.07107704402,2025-09-21 05:59:41.246,22.955555555556
Yeast Grow 4 Days,pioreactor02,2025-09-21T04:00:11.247000Z,0.071095922437,2025-09-21 06:00:11.247,22.963888888889
Yeast Grow 4 Days,pioreactor02,2025-09-21T04:00:16.246000Z,0.071104314614,2025-09-21 06:00:16.246,22.965277777778
Yeast Grow 4 Days,pioreactor02,2025-09-21T04:00:41.245000Z,0.071092437465,2025-09-21 06:00:41.245,22.972222222222
Yeast Grow 4 Days,pioreactor02,2025-09-21T04:00:56.246000Z,0.071097119985,2025-09-21 06:00:56.246,22.976388888889
Yeast Grow 4 Days,pioreactor02,2025-09-21T04:01:41.248000Z,0.071111175107,2025-09-21 06:01:41.248,22.988888888889
Yeast Grow 4 Days,pioreactor02,2025-09-21T04:02:11.247000Z,0.071117749557,2025-09-21 06:02:11.247,22.997222222222
Yeast Grow 4 Days,pioreactor02,2025-09-21T04:02:16.248000Z,0.071108531632,2025-09-21 06:02:16.248,22.998611111111
Yeast Grow 4 Days,pioreactor02,2025-09-21T04:02:21.248000Z,0.071089757828,2025-09-21 06:02:21.248,23.0
Yeast Grow 4 Days,pioreactor02,2025-09-21T04:02:51.248000Z,0.071121140059,2025-09-21 06:02:51.248,23.008333333333
Yeast Grow 4 Days,pioreactor02,2025-09-21T04:03:06.246000Z,0.071123912989,2025-09-21 06:03:06.246,23.0125
Yeast Grow 4 Days,pioreactor02,2025-09-21T04:03:11.246000Z,0.07111750479,2025-09-21 06:03:11.246,23.013888888889
Yeast Grow 4 Days,pioreactor02,2025-09-21T04:04:51.248000Z,0.0711537027,2025-09-21 06:04:51.248,23.041666666667
Yeast Grow 4 Days,pioreactor02,2025-09-21T04:05:51.248000Z,0.071105816975,2025-09-21 06:05:51.248,23.058333333333
Yeast Grow 4 Days,pioreactor02,2025-09-21T04:06:21.248000Z,0.07111451044,2025-09-21 06:06:21.248,23.066666666667
Yeast Grow 4 Days,pioreactor02,2025-09-21T04:06:36.248000Z,0.071121542005,2025-09-21 06:06:36.248,23.070833333333
Yeast Grow 4 Days,pioreactor02,2025-09-21T04:06:46.247000Z,0.071135121302,2025-09-21 06:06:46.247,23.073611111111
Yeast Grow 4 Days,pioreactor02,2025-09-21T04:07:11.247000Z,0.071128068527,2025-09-21 06:07:11.247,23.080555555556
Yeast Grow 4 Days,pioreactor02,2025-09-21T04:07:21.246000Z,0.071114180705,2025-09-21 06:07:21.246,23.083333333333
Yeast Grow 4 Days,pioreactor02,2025-09-21T04:07:41.246000Z,0.071124184305,2025-09-21 06:07:41.246,23.088888888889
Yeast Grow 4 Days,pioreactor02,2025-09-21T04:07:51.248000Z,0.071129656838,2025-09-21 06:07:51.248,23.091666666667
Yeast Grow 4 Days,pioreactor02,2025-09-21T04:08:46.249000Z,0.071155643724,2025-09-21 06:08:46.249,23.106944444444
Yeast Grow 4 Days,pioreactor02,2025-09-21T04:10:16.247000Z,0.071061014442,2025-09-21 06:10:16.247,23.131944444444
Yeast Grow 4 Days,pioreactor02,2025-09-21T04:10:56.246000Z,0.07105608771,2025-09-21 06:10:56.246,23.143055555556
Yeast Grow 4 Days,pioreactor02,2025-09-21T04:11:11.247000Z,0.071060116295,2025-09-21 06:11:11.247,23.147222222222
Yeast Grow 4 Days,pioreactor02,2025-09-21T04:12:21.246000Z,0.071069027976,2025-09-21 06:12:21.246,23.166666666667
Yeast Grow 4 Days,pioreactor02,2025-09-21T04:13:26.246000Z,0.071058748443,2025-09-21 06:13:26.246,23.184722222222
Yeast Grow 4 Days,pioreactor02,2025-09-21T04:13:51.246000Z,0.071085027975,2025-09-21 06:13:51.246,23.191666666667
Yeast Grow 4 Days,pioreactor02,2025-09-21T04:14:21.248000Z,0.071116581783,2025-09-21 06:14:21.248,23.2
Yeast Grow 4 Days,pioreactor02,2025-09-21T04:14:56.246000Z,0.071094025507,2025-09-21 06:14:56.246,23.209722222222
Yeast Grow 4 Days,pioreactor02,2025-09-21T04:15:26.246000Z,0.071098318861,2025-09-21 06:15:26.246,23.218055555556
Yeast Grow 4 Days,pioreactor02,2025-09-21T04:15:36.246000Z,0.07107834775,2025-09-21 06:15:36.246,23.220833333333
Yeast Grow 4 Days,pioreactor02,2025-09-21T04:15:56.248000Z,0.071084836518,2025-09-21 06:15:56.248,23.226388888889
Yeast Grow 4 Days,pioreactor02,2025-09-21T04:16:36.246000Z,0.071071860707,2025-09-21 06:16:36.246,23.2375
Yeast Grow 4 Days,pioreactor02,2025-09-21T04:17:11.246000Z,0.071063643837,2025-09-21 06:17:11.246,23.247222222222
Yeast Grow 4 Days,pioreactor02,2025-09-21T04:17:21.247000Z,0.071064529863,2025-09-21 06:17:21.247,23.25
Yeast Grow 4 Days,pioreactor02,2025-09-21T04:17:26.246000Z,0.071060098227,2025-09-21 06:17:26.246,23.251388888889
Yeast Grow 4 Days,pioreactor02,2025-09-21T04:17:46.246000Z,0.071048587778,2025-09-21 06:17:46.246,23.256944444444
Yeast Grow 4 Days,pioreactor02,2025-09-21T04:17:56.248000Z,0.071072257289,2025-09-21 06:17:56.248,23.259722222222
Yeast Grow 4 Days,pioreactor02,2025-09-21T04:18:51.246000Z,0.071064879026,2025-09-21 06:18:51.246,23.275
Yeast Grow 4 Days,pioreactor02,2025-09-21T04:19:11.246000Z,0.071055858782,2025-09-21 06:19:11.246,23.280555555556
Yeast Grow 4 Days,pioreactor02,2025-09-21T04:19:41.246000Z,0.071057301544,2025-09-21 06:19:41.246,23.288888888889
Yeast Grow 4 Days,pioreactor02,2025-09-21T04:20:41.246000Z,0.071034931188,2025-09-21 06:20:41.246,23.305555555556
Yeast Grow 4 Days,pioreactor02,2025-09-21T04:20:51.247000Z,0.071041469485,2025-09-21 06:20:51.247,23.308333333333
Yeast Grow 4 Days,pioreactor02,2025-09-21T04:22:16.246000Z,0.071032733277,2025-09-21 06:22:16.246,23.331944444444
Yeast Grow 4 Days,pioreactor02,2025-09-21T04:22:41.246000Z,0.071019471369,2025-09-21 06:22:41.246,23.338888888889
Yeast Grow 4 Days,pioreactor02,2025-09-21T04:24:06.247000Z,0.071028736292,2025-09-21 06:24:06.247,23.3625
Yeast Grow 4 Days,pioreactor02,2025-09-21T04:25:01.247000Z,0.071010146648,2025-09-21 06:25:01.247,23.377777777778
Yeast Grow 4 Days,pioreactor02,2025-09-21T04:25:26.245000Z,0.071035449452,2025-09-21 06:25:26.245,23.384722222222
Yeast Grow 4 Days,pioreactor02,2025-09-21T04:25:31.247000Z,0.071050423747,2025-09-21 06:25:31.247,23.386111111111
Yeast Grow 4 Days,pioreactor02,2025-09-21T04:26:21.247000Z,0.071062848155,2025-09-21 06:26:21.247,23.4
Yeast Grow 4 Days,pioreactor02,2025-09-21T04:27:11.247000Z,0.071025053442,2025-09-21 06:27:11.247,23.413888888889
Yeast Grow 4 Days,pioreactor02,2025-09-21T04:27:26.246000Z,0.071029588838,2025-09-21 06:27:26.246,23.418055555556
Yeast Grow 4 Days,pioreactor02,2025-09-21T04:28:06.246000Z,0.071012065554,2025-09-21 06:28:06.246,23.429166666667
Yeast Grow 4 Days,pioreactor02,2025-09-21T04:28:21.247000Z,0.070985617623,2025-09-21 06:28:21.247,23.433333333333
Yeast Grow 4 Days,pioreactor02,2025-09-21T04:28:51.247000Z,0.071017500919,2025-09-21 06:28:51.247,23.441666666667
Yeast Grow 4 Days,pioreactor02,2025-09-21T04:30:06.247000Z,0.07100499753,2025-09-21 06:30:06.247,23.4625
Yeast Grow 4 Days,pioreactor02,2025-09-21T04:30:11.247000Z,0.070986808027,2025-09-21 06:30:11.247,23.463888888889
Yeast Grow 4 Days,pioreactor02,2025-09-21T04:30:21.249000Z,0.070985401398,2025-09-21 06:30:21.249,23.466666666667
Yeast Grow 4 Days,pioreactor02,2025-09-21T04:31:11.245000Z,0.070937584824,2025-09-21 06:31:11.245,23.480555555556
Yeast Grow 4 Days,pioreactor02,2025-09-21T04:31:41.246000Z,0.070896716673,2025-09-21 06:31:41.246,23.488888888889
Yeast Grow 4 Days,pioreactor02,2025-09-21T04:32:21.247000Z,0.070953650302,2025-09-21 06:32:21.247,23.5
Yeast Grow 4 Days,pioreactor02,2025-09-21T04:32:56.246000Z,0.070972044981,2025-09-21 06:32:56.246,23.509722222222
Yeast Grow 4 Days,pioreactor02,2025-09-21T04:33:46.246000Z,0.070986722483,2025-09-21 06:33:46.246,23.523611111111
Yeast Grow 4 Days,pioreactor02,2025-09-21T04:34:46.246000Z,0.070982132277,2025-09-21 06:34:46.246,23.540277777778
Yeast Grow 4 Days,pioreactor02,2025-09-21T04:34:56.245000Z,0.070995536626,2025-09-21 06:34:56.245,23.543055555556
Yeast Grow 4 Days,pioreactor02,2025-09-21T04:35:21.248000Z,0.071014260081,2025-09-21 06:35:21.248,23.55
Yeast Grow 4 Days,pioreactor02,2025-09-21T04:36:41.247000Z,0.07100982901,2025-09-21 06:36:41.247,23.572222222222
Yeast Grow 4 Days,pioreactor02,2025-09-21T04:36:51.249000Z,0.071035837983,2025-09-21 06:36:51.249,23.575
Yeast Grow 4 Days,pioreactor02,2025-09-21T04:37:36.246000Z,0.071037803235,2025-09-21 06:37:36.246,23.5875
Yeast Grow 4 Days,pioreactor02,2025-09-21T04:38:31.246000Z,0.071051196076,2025-09-21 06:38:31.246,23.602777777778
Yeast Grow 4 Days,pioreactor02,2025-09-21T04:38:56.246000Z,0.07106251434,2025-09-21 06:38:56.246,23.609722222222
Yeast Grow 4 Days,pioreactor02,2025-09-21T04:39:01.246000Z,0.071062229056,2025-09-21 06:39:01.246,23.611111111111
Yeast Grow 4 Days,pioreactor02,2025-09-21T04:40:16.248000Z,0.07108282198,2025-09-21 06:40:16.248,23.631944444444
Yeast Grow 4 Days,pioreactor02,2025-09-21T04:40:21.246000Z,0.071079368802,2025-09-21 06:40:21.246,23.633333333333
Yeast Grow 4 Days,pioreactor02,2025-09-21T04:42:16.246000Z,0.071063815813,2025-09-21 06:42:16.246,23.665277777778
Yeast Grow 4 Days,pioreactor02,2025-09-21T04:43:01.246000Z,0.071083881571,2025-09-21 06:43:01.246,23.677777777778
Yeast Grow 4 Days,pioreactor02,2025-09-21T04:43:21.249000Z,0.071087788838,2025-09-21 06:43:21.249,23.683333333333
Yeast Grow 4 Days,pioreactor02,2025-09-21T04:43:36.248000Z,0.071110446609,2025-09-21 06:43:36.248,23.6875
Yeast Grow 4 Days,pioreactor02,2025-09-21T04:43:51.248000Z,0.071099659273,2025-09-21 06:43:51.248,23.691666666667
Yeast Grow 4 Days,pioreactor02,2025-09-21T04:44:01.245000Z,0.071078805798,2025-09-21 06:44:01.245,23.694444444444
Yeast Grow 4 Days,pioreactor02,2025-09-21T04:45:21.246000Z,0.071073199661,2025-09-21 06:45:21.246,23.716666666667
Yeast Grow 4 Days,pioreactor02,2025-09-21T04:45:51.248000Z,0.07107375567,2025-09-21 06:45:51.248,23.725
Yeast Grow 4 Days,pioreactor02,2025-09-21T04:46:06.248000Z,0.071100039437,2025-09-21 06:46:06.248,23.729166666667
Yeast Grow 4 Days,pioreactor02,2025-09-21T04:46:46.246000Z,0.071149207977,2025-09-21 06:46:46.246,23.740277777778
Yeast Grow 4 Days,pioreactor02,2025-09-21T04:46:51.246000Z,0.071144279259,2025-09-21 06:46:51.246,23.741666666667
Yeast Grow 4 Days,pioreactor02,2025-09-21T04:47:56.250000Z,0.07112207274,2025-09-21 06:47:56.250,23.759722222222
Yeast Grow 4 Days,pioreactor02,2025-09-21T04:48:16.248000Z,0.071135179817,2025-09-21 06:48:16.248,23.765277777778
Yeast Grow 4 Days,pioreactor02,2025-09-21T04:48:26.246000Z,0.071142123561,2025-09-21 06:48:26.246,23.768055555556
Yeast Grow 4 Days,pioreactor02,2025-09-21T04:49:01.247000Z,0.071155214154,2025-09-21 06:49:01.247,23.777777777778
Yeast Grow 4 Days,pioreactor02,2025-09-21T04:49:51.247000Z,0.071176119467,2025-09-21 06:49:51.247,23.791666666667
Yeast Grow 4 Days,pioreactor02,2025-09-21T04:50:56.246000Z,0.071129546687,2025-09-21 06:50:56.246,23.809722222222
Yeast Grow 4 Days,pioreactor02,2025-09-21T04:51:31.246000Z,0.071162488288,2025-09-21 06:51:31.246,23.819444444444
Yeast Grow 4 Days,pioreactor02,2025-09-21T04:51:46.247000Z,0.071174047339,2025-09-21 06:51:46.247,23.823611111111
Yeast Grow 4 Days,pioreactor02,2025-09-21T04:52:06.248000Z,0.071185203331,2025-09-21 06:52:06.248,23.829166666667
Yeast Grow 4 Days,pioreactor02,2025-09-21T04:52:26.246000Z,0.071177021644,2025-09-21 06:52:26.246,23.834722222222
Yeast Grow 4 Days,pioreactor02,2025-09-21T04:52:36.246000Z,0.071188554971,2025-09-21 06:52:36.246,23.8375
Yeast Grow 4 Days,pioreactor02,2025-09-21T04:52:51.246000Z,0.071192149008,2025-09-21 06:52:51.246,23.841666666667
Yeast Grow 4 Days,pioreactor02,2025-09-21T04:53:06.246000Z,0.071176681734,2025-09-21 06:53:06.246,23.845833333333
Yeast Grow 4 Days,pioreactor02,2025-09-21T04:53:41.248000Z,0.071148559262,2025-09-21 06:53:41.248,23.855555555556
Yeast Grow 4 Days,pioreactor02,2025-09-21T04:54:26.247000Z,0.071149597388,2025-09-21 06:54:26.247,23.868055555556
Yeast Grow 4 Days,pioreactor02,2025-09-21T04:54:31.247000Z,0.071159003849,2025-09-21 06:54:31.247,23.869444444444
Yeast Grow 4 Days,pioreactor02,2025-09-21T04:54:36.247000Z,0.071149578924,2025-09-21 06:54:36.247,23.870833333333
Yeast Grow 4 Days,pioreactor02,2025-09-21T04:54:56.247000Z,0.071144133361,2025-09-21 06:54:56.247,23.876388888889
Yeast Grow 4 Days,pioreactor02,2025-09-21T04:55:06.246000Z,0.071144801053,2025-09-21 06:55:06.246,23.879166666667
Yeast Grow 4 Days,pioreactor02,2025-09-21T04:55:41.247000Z,0.071154633432,2025-09-21 06:55:41.247,23.888888888889
Yeast Grow 4 Days,pioreactor02,2025-09-21T04:55:56.246000Z,0.071156072988,2025-09-21 06:55:56.246,23.893055555556
Yeast Grow 4 Days,pioreactor02,2025-09-21T04:56:16.246000Z,0.071147086878,2025-09-21 06:56:16.246,23.898611111111
Yeast Grow 4 Days,pioreactor02,2025-09-21T04:56:36.246000Z,0.07114975565,2025-09-21 06:56:36.246,23.904166666667
Yeast Grow 4 Days,pioreactor02,2025-09-21T04:57:06.247000Z,0.071132869843,2025-09-21 06:57:06.247,23.9125
Yeast Grow 4 Days,pioreactor02,2025-09-21T04:58:26.246000Z,0.071138714192,2025-09-21 06:58:26.246,23.934722222222
Yeast Grow 4 Days,pioreactor02,2025-09-21T04:59:11.247000Z,0.071172315865,2025-09-21 06:59:11.247,23.947222222222
Yeast Grow 4 Days,pioreactor02,2025-09-21T04:59:16.247000Z,0.071168430648,2025-09-21 06:59:16.247,23.948611111111
Yeast Grow 4 Days,pioreactor02,2025-09-21T04:59:21.246000Z,0.071171967944,2025-09-21 06:59:21.246,23.95
Yeast Grow 4 Days,pioreactor02,2025-09-21T04:59:36.246000Z,0.071141950831,2025-09-21 06:59:36.246,23.954166666667
Yeast Grow 4 Days,pioreactor02,2025-09-21T04:59:46.246000Z,0.071138803522,2025-09-21 06:59:46.246,23.956944444444
Yeast Grow 4 Days,pioreactor02,2025-09-21T05:00:51.246000Z,0.071170249409,2025-09-21 07:00:51.246,23.975
Yeast Grow 4 Days,pioreactor02,2025-09-21T05:02:11.246000Z,0.071168397183,2025-09-21 07:02:11.246,23.997222222222
Yeast Grow 4 Days,pioreactor02,2025-09-21T05:04:06.247000Z,0.071145826073,2025-09-21 07:04:06.247,24.029166666667
Yeast Grow 4 Days,pioreactor02,2025-09-21T05:04:26.246000Z,0.071142676052,2025-09-21 07:04:26.246,24.034722222222
Yeast Grow 4 Days,pioreactor02,2025-09-21T05:04:31.246000Z,0.071147644927,2025-09-21 07:04:31.246,24.036111111111
Yeast Grow 4 Days,pioreactor02,2025-09-21T05:04:41.246000Z,0.071146583126,2025-09-21 07:04:41.246,24.038888888889
Yeast Grow 4 Days,pioreactor02,2025-09-21T05:04:56.246000Z,0.071139460251,2025-09-21 07:04:56.246,24.043055555556
Yeast Grow 4 Days,pioreactor02,2025-09-21T05:05:16.247000Z,0.071132078894,2025-09-21 07:05:16.247,24.048611111111
Yeast Grow 4 Days,pioreactor02,2025-09-21T05:05:26.248000Z,0.071127425057,2025-09-21 07:05:26.248,24.051388888889
Yeast Grow 4 Days,pioreactor02,2025-09-21T05:07:21.248000Z,0.071103551111,2025-09-21 07:07:21.248,24.083333333333
Yeast Grow 4 Days,pioreactor02,2025-09-21T05:08:26.246000Z,0.071114426795,2025-09-21 07:08:26.246,24.101388888889
Yeast Grow 4 Days,pioreactor02,2025-09-21T05:08:56.247000Z,0.071107537604,2025-09-21 07:08:56.247,24.109722222222
Yeast Grow 4 Days,pioreactor02,2025-09-21T05:09:06.248000Z,0.071120959134,2025-09-21 07:09:06.248,24.1125
Yeast Grow 4 Days,pioreactor02,2025-09-21T05:09:16.246000Z,0.071107968571,2025-09-21 07:09:16.246,24.115277777778
Yeast Grow 4 Days,pioreactor02,2025-09-21T05:10:06.246000Z,0.071161341715,2025-09-21 07:10:06.246,24.129166666667
Yeast Grow 4 Days,pioreactor02,2025-09-21T05:10:56.246000Z,0.071151791085,2025-09-21 07:10:56.246,24.143055555556
Yeast Grow 4 Days,pioreactor02,2025-09-21T05:11:11.247000Z,0.071157094389,2025-09-21 07:11:11.247,24.147222222222
Yeast Grow 4 Days,pioreactor02,2025-09-21T05:11:46.247000Z,0.0711101901,2025-09-21 07:11:46.247,24.156944444444
Yeast Grow 4 Days,pioreactor02,2025-09-21T05:12:11.247000Z,0.071107191076,2025-09-21 07:12:11.247,24.163888888889
Yeast Grow 4 Days,pioreactor02,2025-09-21T05:12:36.248000Z,0.071130743219,2025-09-21 07:12:36.248,24.170833333333
Yeast Grow 4 Days,pioreactor02,2025-09-21T05:14:16.246000Z,0.071097718159,2025-09-21 07:14:16.246,24.198611111111
Yeast Grow 4 Days,pioreactor02,2025-09-21T05:15:26.246000Z,0.071158908925,2025-09-21 07:15:26.246,24.218055555556
Yeast Grow 4 Days,pioreactor02,2025-09-21T05:15:36.245000Z,0.071148991472,2025-09-21 07:15:36.245,24.220833333333
Yeast Grow 4 Days,pioreactor02,2025-09-21T05:16:36.247000Z,0.071130371924,2025-09-21 07:16:36.247,24.2375
Yeast Grow 4 Days,pioreactor02,2025-09-21T05:17:06.247000Z,0.071121884996,2025-09-21 07:17:06.247,24.245833333333
Yeast Grow 4 Days,pioreactor02,2025-09-21T05:17:11.247000Z,0.071123680536,2025-09-21 07:17:11.247,24.247222222222
Yeast Grow 4 Days,pioreactor02,2025-09-21T05:17:21.251000Z,0.071114859011,2025-09-21 07:17:21.251,24.25
Yeast Grow 4 Days,pioreactor02,2025-09-21T05:17:46.246000Z,0.071116327075,2025-09-21 07:17:46.246,24.256944444444
Yeast Grow 4 Days,pioreactor02,2025-09-21T05:18:36.246000Z,0.0710877464,2025-09-21 07:18:36.246,24.270833333333
Yeast Grow 4 Days,pioreactor02,2025-09-21T05:19:11.246000Z,0.071088591836,2025-09-21 07:19:11.246,24.280555555556
Yeast Grow 4 Days,pioreactor02,2025-09-21T05:19:36.247000Z,0.071104340368,2025-09-21 07:19:36.247,24.2875
Yeast Grow 4 Days,pioreactor02,2025-09-21T05:20:11.246000Z,0.071077455965,2025-09-21 07:20:11.246,24.297222222222
Yeast Grow 4 Days,pioreactor02,2025-09-21T05:20:41.247000Z,0.071100667339,2025-09-21 07:20:41.247,24.305555555556
Yeast Grow 4 Days,pioreactor02,2025-09-21T05:21:21.247000Z,0.071058862268,2025-09-21 07:21:21.247,24.316666666667
Yeast Grow 4 Days,pioreactor02,2025-09-21T05:21:26.247000Z,0.071068838312,2025-09-21 07:21:26.247,24.318055555556
Yeast Grow 4 Days,pioreactor02,2025-09-21T05:21:56.247000Z,0.071072425288,2025-09-21 07:21:56.247,24.326388888889
Yeast Grow 4 Days,pioreactor02,2025-09-21T05:22:26.245000Z,0.071055036708,2025-09-21 07:22:26.245,24.334722222222
Yeast Grow 4 Days,pioreactor02,2025-09-21T05:22:51.246000Z,0.07105484987,2025-09-21 07:22:51.246,24.341666666667
Yeast Grow 4 Days,pioreactor02,2025-09-21T05:23:36.250000Z,0.07104363021,2025-09-21 07:23:36.250,24.354166666667
Yeast Grow 4 Days,pioreactor02,2025-09-21T05:23:56.246000Z,0.071058515547,2025-09-21 07:23:56.246,24.359722222222
Yeast Grow 4 Days,pioreactor02,2025-09-21T05:24:36.246000Z,0.071059256621,2025-09-21 07:24:36.246,24.370833333333
Yeast Grow 4 Days,pioreactor02,2025-09-21T05:25:46.247000Z,0.07105546228,2025-09-21 07:25:46.247,24.390277777778
Yeast Grow 4 Days,pioreactor02,2025-09-21T05:25:56.246000Z,0.071079854922,2025-09-21 07:25:56.246,24.393055555556
Yeast Grow 4 Days,pioreactor02,2025-09-21T05:28:21.246000Z,0.071084141589,2025-09-21 07:28:21.246,24.433333333333
Yeast Grow 4 Days,pioreactor02,2025-09-21T05:29:01.248000Z,0.071071410015,2025-09-21 07:29:01.248,24.444444444444
Yeast Grow 4 Days,pioreactor02,2025-09-21T05:29:06.246000Z,0.071085792094,2025-09-21 07:29:06.246,24.445833333333
Yeast Grow 4 Days,pioreactor02,2025-09-21T05:30:11.246000Z,0.071060305231,2025-09-21 07:30:11.246,24.463888888889
Yeast Grow 4 Days,pioreactor02,2025-09-21T05:30:56.246000Z,0.070991119426,2025-09-21 07:30:56.246,24.476388888889
Yeast Grow 4 Days,pioreactor02,2025-09-21T05:33:31.245000Z,0.070997187776,2025-09-21 07:33:31.245,24.519444444444
Yeast Grow 4 Days,pioreactor02,2025-09-21T05:33:46.247000Z,0.071031384258,2025-09-21 07:33:46.247,24.523611111111
Yeast Grow 4 Days,pioreactor02,2025-09-21T05:34:31.247000Z,0.070997889691,2025-09-21 07:34:31.247,24.536111111111
Yeast Grow 4 Days,pioreactor02,2025-09-21T05:34:36.247000Z,0.071006961082,2025-09-21 07:34:36.247,24.5375
Yeast Grow 4 Days,pioreactor02,2025-09-21T05:34:51.247000Z,0.071002720305,2025-09-21 07:34:51.247,24.541666666667
Yeast Grow 4 Days,pioreactor02,2025-09-21T05:34:56.246000Z,0.071003623784,2025-09-21 07:34:56.246,24.543055555556
Yeast Grow 4 Days,pioreactor02,2025-09-21T05:35:11.246000Z,0.0709979721,2025-09-21 07:35:11.246,24.547222222222
Yeast Grow 4 Days,pioreactor02,2025-09-21T05:35:16.246000Z,0.07098462108,2025-09-21 07:35:16.246,24.548611111111
Yeast Grow 4 Days,pioreactor02,2025-09-21T05:38:01.247000Z,0.070997351061,2025-09-21 07:38:01.247,24.594444444444
Yeast Grow 4 Days,pioreactor02,2025-09-21T05:38:36.246000Z,0.071001794902,2025-09-21 07:38:36.246,24.604166666667
Yeast Grow 4 Days,pioreactor02,2025-09-21T05:39:51.246000Z,0.071004194265,2025-09-21 07:39:51.246,24.625
Yeast Grow 4 Days,pioreactor02,2025-09-21T05:40:26.247000Z,0.070964826651,2025-09-21 07:40:26.247,24.634722222222
Yeast Grow 4 Days,pioreactor02,2025-09-21T05:40:51.247000Z,0.070974506557,2025-09-21 07:40:51.247,24.641666666667
Yeast Grow 4 Days,pioreactor02,2025-09-21T05:41:06.247000Z,0.070978910036,2025-09-21 07:41:06.247,24.645833333333
Yeast Grow 4 Days,pioreactor02,2025-09-21T05:41:31.246000Z,0.070952393227,2025-09-21 07:41:31.246,24.652777777778
Yeast Grow 4 Days,pioreactor02,2025-09-21T05:41:46.248000Z,0.070947752076,2025-09-21 07:41:46.248,24.656944444444
Yeast Grow 4 Days,pioreactor02,2025-09-21T05:42:21.247000Z,0.070971839491,2025-09-21 07:42:21.247,24.666666666667
Yeast Grow 4 Days,pioreactor02,2025-09-21T05:42:31.246000Z,0.07098931646,2025-09-21 07:42:31.246,24.669444444444
Yeast Grow 4 Days,pioreactor02,2025-09-21T05:43:26.246000Z,0.070977216884,2025-09-21 07:43:26.246,24.684722222222
Yeast Grow 4 Days,pioreactor02,2025-09-21T05:43:31.246000Z,0.070979610186,2025-09-21 07:43:31.246,24.686111111111
Yeast Grow 4 Days,pioreactor02,2025-09-21T05:43:46.246000Z,0.07099640972,2025-09-21 07:43:46.246,24.690277777778
Yeast Grow 4 Days,pioreactor02,2025-09-21T05:44:26.248000Z,0.071024602185,2025-09-21 07:44:26.248,24.701388888889
Yeast Grow 4 Days,pioreactor02,2025-09-21T05:44:41.246000Z,0.071036563967,2025-09-21 07:44:41.246,24.705555555556
Yeast Grow 4 Days,pioreactor02,2025-09-21T05:44:46.246000Z,0.07103315185,2025-09-21 07:44:46.246,24.706944444444
Yeast Grow 4 Days,pioreactor02,2025-09-21T05:44:51.246000Z,0.071046328415,2025-09-21 07:44:51.246,24.708333333333
Yeast Grow 4 Days,pioreactor02,2025-09-21T05:45:46.247000Z,0.071034692302,2025-09-21 07:45:46.247,24.723611111111
Yeast Grow 4 Days,pioreactor02,2025-09-21T05:46:21.247000Z,0.071120799133,2025-09-21 07:46:21.247,24.733333333333
Yeast Grow 4 Days,pioreactor02,2025-09-21T05:46:51.246000Z,0.071108912447,2025-09-21 07:46:51.246,24.741666666667
Yeast Grow 4 Days,pioreactor02,2025-09-21T05:47:06.247000Z,0.071121420226,2025-09-21 07:47:06.247,24.745833333333
Yeast Grow 4 Days,pioreactor02,2025-09-21T05:47:36.246000Z,0.071124802547,2025-09-21 07:47:36.246,24.754166666667
Yeast Grow 4 Days,pioreactor02,2025-09-21T05:47:41.247000Z,0.071120004642,2025-09-21 07:47:41.247,24.755555555556
Yeast Grow 4 Days,pioreactor02,2025-09-21T05:48:01.246000Z,0.071125982679,2025-09-21 07:48:01.246,24.761111111111
Yeast Grow 4 Days,pioreactor02,2025-09-21T05:48:16.248000Z,0.071118278644,2025-09-21 07:48:16.248,24.765277777778
Yeast Grow 4 Days,pioreactor02,2025-09-21T05:48:41.246000Z,0.071149488484,2025-09-21 07:48:41.246,24.772222222222
Yeast Grow 4 Days,pioreactor02,2025-09-21T05:49:06.246000Z,0.071166547006,2025-09-21 07:49:06.246,24.779166666667
Yeast Grow 4 Days,pioreactor02,2025-09-21T05:49:21.248000Z,0.071185370435,2025-09-21 07:49:21.248,24.783333333333
Yeast Grow 4 Days,pioreactor02,2025-09-21T05:50:51.248000Z,0.071210065369,2025-09-21 07:50:51.248,24.808333333333
Yeast Grow 4 Days,pioreactor02,2025-09-21T05:51:36.249000Z,0.071186845307,2025-09-21 07:51:36.249,24.820833333333
Yeast Grow 4 Days,pioreactor02,2025-09-21T05:52:06.246000Z,0.071166808589,2025-09-21 07:52:06.246,24.829166666667
Yeast Grow 4 Days,pioreactor02,2025-09-21T05:52:21.246000Z,0.071153815208,2025-09-21 07:52:21.246,24.833333333333
Yeast Grow 4 Days,pioreactor02,2025-09-21T05:53:41.247000Z,0.071187279322,2025-09-21 07:53:41.247,24.855555555556
Yeast Grow 4 Days,pioreactor02,2025-09-21T05:54:01.248000Z,0.071186314002,2025-09-21 07:54:01.248,24.861111111111
Yeast Grow 4 Days,pioreactor02,2025-09-21T05:55:21.247000Z,0.071187302791,2025-09-21 07:55:21.247,24.883333333333
Yeast Grow 4 Days,pioreactor02,2025-09-21T05:56:06.253000Z,0.071219812807,2025-09-21 07:56:06.253,24.895833333333
Yeast Grow 4 Days,pioreactor02,2025-09-21T05:56:46.246000Z,0.071235698159,2025-09-21 07:56:46.246,24.906944444444
Yeast Grow 4 Days,pioreactor02,2025-09-21T05:57:26.248000Z,0.071228721946,2025-09-21 07:57:26.248,24.918055555556
Yeast Grow 4 Days,pioreactor02,2025-09-21T05:58:16.248000Z,0.071176420187,2025-09-21 07:58:16.248,24.931944444444
Yeast Grow 4 Days,pioreactor02,2025-09-21T05:58:46.246000Z,0.071222355213,2025-09-21 07:58:46.246,24.940277777778
Yeast Grow 4 Days,pioreactor02,2025-09-21T05:59:01.246000Z,0.071217796691,2025-09-21 07:59:01.246,24.944444444444
Yeast Grow 4 Days,pioreactor02,2025-09-21T05:59:56.248000Z,0.071212490623,2025-09-21 07:59:56.248,24.959722222222
Yeast Grow 4 Days,pioreactor02,2025-09-21T06:01:31.248000Z,0.071180371367,2025-09-21 08:01:31.248,24.986111111111
Yeast Grow 4 Days,pioreactor02,2025-09-21T06:01:36.246000Z,0.07118625656,2025-09-21 08:01:36.246,24.9875
Yeast Grow 4 Days,pioreactor02,2025-09-21T06:02:26.246000Z,0.071155417198,2025-09-21 08:02:26.246,25.001388888889
Yeast Grow 4 Days,pioreactor02,2025-09-21T06:02:41.247000Z,0.07116061787,2025-09-21 08:02:41.247,25.005555555556
Yeast Grow 4 Days,pioreactor02,2025-09-21T06:02:46.245000Z,0.071151109433,2025-09-21 08:02:46.245,25.006944444444
Yeast Grow 4 Days,pioreactor02,2025-09-21T06:02:56.246000Z,0.071166340941,2025-09-21 08:02:56.246,25.009722222222
Yeast Grow 4 Days,pioreactor02,2025-09-21T06:04:41.246000Z,0.071117893142,2025-09-21 08:04:41.246,25.038888888889
Yeast Grow 4 Days,pioreactor02,2025-09-21T06:06:01.246000Z,0.071170332931,2025-09-21 08:06:01.246,25.061111111111
Yeast Grow 4 Days,pioreactor02,2025-09-21T06:06:31.246000Z,0.071211879086,2025-09-21 08:06:31.246,25.069444444444
Yeast Grow 4 Days,pioreactor02,2025-09-21T06:07:36.248000Z,0.071195274678,2025-09-21 08:07:36.248,25.0875
Yeast Grow 4 Days,pioreactor02,2025-09-21T06:08:06.247000Z,0.071185070664,2025-09-21 08:08:06.247,25.095833333333
Yeast Grow 4 Days,pioreactor02,2025-09-21T06:08:31.246000Z,0.071182532973,2025-09-21 08:08:31.246,25.102777777778
Yeast Grow 4 Days,pioreactor02,2025-09-21T06:08:36.246000Z,0.071169508866,2025-09-21 08:08:36.246,25.104166666667
Yeast Grow 4 Days,pioreactor02,2025-09-21T06:08:41.247000Z,0.071163138789,2025-09-21 08:08:41.247,25.105555555556
Yeast Grow 4 Days,pioreactor02,2025-09-21T06:10:11.249000Z,0.071124965452,2025-09-21 08:10:11.249,25.130555555556
Yeast Grow 4 Days,pioreactor02,2025-09-21T06:10:21.247000Z,0.071126272863,2025-09-21 08:10:21.247,25.133333333333
Yeast Grow 4 Days,pioreactor02,2025-09-21T06:10:26.246000Z,0.071116442197,2025-09-21 08:10:26.246,25.134722222222
Yeast Grow 4 Days,pioreactor02,2025-09-21T06:10:41.246000Z,0.071123069222,2025-09-21 08:10:41.246,25.138888888889
Yeast Grow 4 Days,pioreactor02,2025-09-21T06:11:36.247000Z,0.07114514387,2025-09-21 08:11:36.247,25.154166666667
Yeast Grow 4 Days,pioreactor02,2025-09-21T06:12:51.248000Z,0.071062155192,2025-09-21 08:12:51.248,25.175
Yeast Grow 4 Days,pioreactor02,2025-09-21T06:13:26.246000Z,0.071118924244,2025-09-21 08:13:26.246,25.184722222222
Yeast Grow 4 Days,pioreactor02,2025-09-21T06:13:46.247000Z,0.071113294937,2025-09-21 08:13:46.247,25.190277777778
Yeast Grow 4 Days,pioreactor02,2025-09-21T06:14:01.246000Z,0.071112307415,2025-09-21 08:14:01.246,25.194444444444
Yeast Grow 4 Days,pioreactor02,2025-09-21T06:14:31.248000Z,0.07112013824,2025-09-21 08:14:31.248,25.202777777778
Yeast Grow 4 Days,pioreactor02,2025-09-21T06:14:51.246000Z,0.071120286457,2025-09-21 08:14:51.246,25.208333333333
Yeast Grow 4 Days,pioreactor02,2025-09-21T06:15:26.246000Z,0.071154966013,2025-09-21 08:15:26.246,25.218055555556
Yeast Grow 4 Days,pioreactor02,2025-09-21T06:17:11.247000Z,0.071134946144,2025-09-21 08:17:11.247,25.247222222222
Yeast Grow 4 Days,pioreactor02,2025-09-21T06:17:36.247000Z,0.07110569489,2025-09-21 08:17:36.247,25.254166666667
Yeast Grow 4 Days,pioreactor02,2025-09-21T06:18:26.247000Z,0.071155602156,2025-09-21 08:18:26.247,25.268055555556
Yeast Grow 4 Days,pioreactor02,2025-09-21T06:18:31.250000Z,0.07114884978,2025-09-21 08:18:31.250,25.269444444444
Yeast Grow 4 Days,pioreactor02,2025-09-21T06:19:26.247000Z,0.07115456765,2025-09-21 08:19:26.247,25.284722222222
Yeast Grow 4 Days,pioreactor02,2025-09-21T06:19:31.247000Z,0.071165728515,2025-09-21 08:19:31.247,25.286111111111
Yeast Grow 4 Days,pioreactor02,2025-09-21T06:20:11.246000Z,0.071159356635,2025-09-21 08:20:11.246,25.297222222222
Yeast Grow 4 Days,pioreactor02,2025-09-21T06:20:51.246000Z,0.071137267649,2025-09-21 08:20:51.246,25.308333333333
Yeast Grow 4 Days,pioreactor02,2025-09-21T06:21:41.248000Z,0.071110932237,2025-09-21 08:21:41.248,25.322222222222
Yeast Grow 4 Days,pioreactor02,2025-09-21T06:23:06.246000Z,0.071136084436,2025-09-21 08:23:06.246,25.345833333333
Yeast Grow 4 Days,pioreactor02,2025-09-21T06:23:51.246000Z,0.071154294523,2025-09-21 08:23:51.246,25.358333333333
Yeast Grow 4 Days,pioreactor02,2025-09-21T06:24:16.248000Z,0.071166689212,2025-09-21 08:24:16.248,25.365277777778
Yeast Grow 4 Days,pioreactor02,2025-09-21T06:25:21.246000Z,0.071144037505,2025-09-21 08:25:21.246,25.383333333333
Yeast Grow 4 Days,pioreactor02,2025-09-21T06:25:41.246000Z,0.071105090058,2025-09-21 08:25:41.246,25.388888888889
Yeast Grow 4 Days,pioreactor02,2025-09-21T06:26:06.249000Z,0.071089860599,2025-09-21 08:26:06.249,25.395833333333
Yeast Grow 4 Days,pioreactor02,2025-09-21T06:26:51.246000Z,0.071118676545,2025-09-21 08:26:51.246,25.408333333333
Yeast Grow 4 Days,pioreactor02,2025-09-21T06:27:36.247000Z,0.071104837598,2025-09-21 08:27:36.247,25.420833333333
Yeast Grow 4 Days,pioreactor02,2025-09-21T06:27:41.248000Z,0.071108776358,2025-09-21 08:27:41.248,25.422222222222
Yeast Grow 4 Days,pioreactor02,2025-09-21T06:27:46.247000Z,0.071113037452,2025-09-21 08:27:46.247,25.423611111111
Yeast Grow 4 Days,pioreactor02,2025-09-21T06:29:36.247000Z,0.071107776978,2025-09-21 08:29:36.247,25.454166666667
Yeast Grow 4 Days,pioreactor02,2025-09-21T06:29:56.246000Z,0.071101474816,2025-09-21 08:29:56.246,25.459722222222
Yeast Grow 4 Days,pioreactor02,2025-09-21T06:31:01.246000Z,0.071061664236,2025-09-21 08:31:01.246,25.477777777778
Yeast Grow 4 Days,pioreactor02,2025-09-21T06:31:31.246000Z,0.071026273112,2025-09-21 08:31:31.246,25.486111111111
Yeast Grow 4 Days,pioreactor02,2025-09-21T06:32:06.247000Z,0.071037110406,2025-09-21 08:32:06.247,25.495833333333
Yeast Grow 4 Days,pioreactor02,2025-09-21T06:32:31.246000Z,0.070997349521,2025-09-21 08:32:31.246,25.502777777778
Yeast Grow 4 Days,pioreactor02,2025-09-21T06:32:36.246000Z,0.070990329839,2025-09-21 08:32:36.246,25.504166666667
Yeast Grow 4 Days,pioreactor02,2025-09-21T06:33:11.246000Z,0.070963068449,2025-09-21 08:33:11.246,25.513888888889
Yeast Grow 4 Days,pioreactor02,2025-09-21T06:33:16.246000Z,0.070971368694,2025-09-21 08:33:16.246,25.515277777778
Yeast Grow 4 Days,pioreactor02,2025-09-21T06:34:41.246000Z,0.070883113997,2025-09-21 08:34:41.246,25.538888888889
Yeast Grow 4 Days,pioreactor02,2025-09-21T06:35:01.248000Z,0.070902891676,2025-09-21 08:35:01.248,25.544444444444
Yeast Grow 4 Days,pioreactor02,2025-09-21T06:35:31.246000Z,0.070896432124,2025-09-21 08:35:31.246,25.552777777778
Yeast Grow 4 Days,pioreactor02,2025-09-21T06:35:56.247000Z,0.07088195353,2025-09-21 08:35:56.247,25.559722222222
Yeast Grow 4 Days,pioreactor02,2025-09-21T06:36:21.245000Z,0.070900308044,2025-09-21 08:36:21.245,25.566666666667
Yeast Grow 4 Days,pioreactor02,2025-09-21T06:36:41.246000Z,0.070871492956,2025-09-21 08:36:41.246,25.572222222222
Yeast Grow 4 Days,pioreactor02,2025-09-21T06:37:01.246000Z,0.070855796387,2025-09-21 08:37:01.246,25.577777777778
Yeast Grow 4 Days,pioreactor02,2025-09-21T06:37:06.246000Z,0.070869169599,2025-09-21 08:37:06.246,25.579166666667
Yeast Grow 4 Days,pioreactor02,2025-09-21T06:37:11.246000Z,0.070866308709,2025-09-21 08:37:11.246,25.580555555556
Yeast Grow 4 Days,pioreactor02,2025-09-21T06:37:16.246000Z,0.070854760288,2025-09-21 08:37:16.246,25.581944444444
Yeast Grow 4 Days,pioreactor02,2025-09-21T06:37:21.247000Z,0.070857773619,2025-09-21 08:37:21.247,25.583333333333
Yeast Grow 4 Days,pioreactor02,2025-09-21T06:37:26.247000Z,0.070863632597,2025-09-21 08:37:26.247,25.584722222222
Yeast Grow 4 Days,pioreactor02,2025-09-21T06:37:36.246000Z,0.07082487695,2025-09-21 08:37:36.246,25.5875
Yeast Grow 4 Days,pioreactor02,2025-09-21T06:37:56.247000Z,0.070809924511,2025-09-21 08:37:56.247,25.593055555556
Yeast Grow 4 Days,pioreactor02,2025-09-21T06:38:26.246000Z,0.070845588763,2025-09-21 08:38:26.246,25.601388888889
Yeast Grow 4 Days,pioreactor02,2025-09-21T06:38:46.247000Z,0.070843863964,2025-09-21 08:38:46.247,25.606944444444
Yeast Grow 4 Days,pioreactor02,2025-09-21T06:39:11.248000Z,0.070868684544,2025-09-21 08:39:11.248,25.613888888889
Yeast Grow 4 Days,pioreactor02,2025-09-21T06:39:41.247000Z,0.070811114116,2025-09-21 08:39:41.247,25.622222222222
Yeast Grow 4 Days,pioreactor02,2025-09-21T06:40:26.246000Z,0.070751562742,2025-09-21 08:40:26.246,25.634722222222
Yeast Grow 4 Days,pioreactor02,2025-09-21T06:40:46.248000Z,0.070749761469,2025-09-21 08:40:46.248,25.640277777778
Yeast Grow 4 Days,pioreactor02,2025-09-21T06:42:01.251000Z,0.070758984523,2025-09-21 08:42:01.251,25.661111111111
Yeast Grow 4 Days,pioreactor02,2025-09-21T06:42:06.247000Z,0.070758637301,2025-09-21 08:42:06.247,25.6625
Yeast Grow 4 Days,pioreactor02,2025-09-21T06:43:11.246000Z,0.070731332787,2025-09-21 08:43:11.246,25.680555555556
Yeast Grow 4 Days,pioreactor02,2025-09-21T06:43:51.248000Z,0.070764793605,2025-09-21 08:43:51.248,25.691666666667
Yeast Grow 4 Days,pioreactor02,2025-09-21T06:44:16.246000Z,0.070765223557,2025-09-21 08:44:16.246,25.698611111111
Yeast Grow 4 Days,pioreactor02,2025-09-21T06:45:51.250000Z,0.070793888369,2025-09-21 08:45:51.250,25.725
Yeast Grow 4 Days,pioreactor02,2025-09-21T06:46:21.246000Z,0.070791082778,2025-09-21 08:46:21.246,25.733333333333
Yeast Grow 4 Days,pioreactor02,2025-09-21T06:47:01.248000Z,0.070790630859,2025-09-21 08:47:01.248,25.744444444444
Yeast Grow 4 Days,pioreactor02,2025-09-21T06:47:06.249000Z,0.070794341903,2025-09-21 08:47:06.249,25.745833333333
Yeast Grow 4 Days,pioreactor02,2025-09-21T06:48:11.246000Z,0.070814270603,2025-09-21 08:48:11.246,25.763888888889
Yeast Grow 4 Days,pioreactor02,2025-09-21T06:48:51.246000Z,0.07083883685,2025-09-21 08:48:51.246,25.775
Yeast Grow 4 Days,pioreactor02,2025-09-21T06:49:01.248000Z,0.070841615787,2025-09-21 08:49:01.248,25.777777777778
Yeast Grow 4 Days,pioreactor02,2025-09-21T06:50:16.246000Z,0.070822385313,2025-09-21 08:50:16.246,25.798611111111
Yeast Grow 4 Days,pioreactor02,2025-09-21T06:50:36.246000Z,0.070826531245,2025-09-21 08:50:36.246,25.804166666667
Yeast Grow 4 Days,pioreactor02,2025-09-21T06:52:51.246000Z,0.070871619858,2025-09-21 08:52:51.246,25.841666666667
Yeast Grow 4 Days,pioreactor02,2025-09-21T06:53:21.246000Z,0.070868156509,2025-09-21 08:53:21.246,25.85
Yeast Grow 4 Days,pioreactor02,2025-09-21T06:54:41.249000Z,0.07086703029,2025-09-21 08:54:41.249,25.872222222222
Yeast Grow 4 Days,pioreactor02,2025-09-21T06:56:06.246000Z,0.070853017673,2025-09-21 08:56:06.246,25.895833333333
Yeast Grow 4 Days,pioreactor02,2025-09-21T06:57:21.246000Z,0.070809140862,2025-09-21 08:57:21.246,25.916666666667
Yeast Grow 4 Days,pioreactor02,2025-09-21T06:59:16.245000Z,0.070811134402,2025-09-21 08:59:16.245,25.948611111111
Yeast Grow 4 Days,pioreactor02,2025-09-21T06:59:51.247000Z,0.070802981108,2025-09-21 08:59:51.247,25.958333333333
Yeast Grow 4 Days,pioreactor02,2025-09-21T07:00:56.246000Z,0.070803577039,2025-09-21 09:00:56.246,25.976388888889
Yeast Grow 4 Days,pioreactor02,2025-09-21T07:01:01.247000Z,0.070791818895,2025-09-21 09:01:01.247,25.977777777778
Yeast Grow 4 Days,pioreactor02,2025-09-21T07:01:36.247000Z,0.070775115032,2025-09-21 09:01:36.247,25.9875
Yeast Grow 4 Days,pioreactor02,2025-09-21T07:01:51.246000Z,0.070785047301,2025-09-21 09:01:51.246,25.991666666667
Yeast Grow 4 Days,pioreactor02,2025-09-21T07:02:41.247000Z,0.070771870571,2025-09-21 09:02:41.247,26.005555555556
Yeast Grow 4 Days,pioreactor02,2025-09-21T07:02:56.249000Z,0.07078038978,2025-09-21 09:02:56.249,26.009722222222
Yeast Grow 4 Days,pioreactor02,2025-09-21T07:03:31.246000Z,0.070785568112,2025-09-21 09:03:31.246,26.019444444444
Yeast Grow 4 Days,pioreactor02,2025-09-21T07:03:46.250000Z,0.07079693972,2025-09-21 09:03:46.250,26.023611111111
Yeast Grow 4 Days,pioreactor02,2025-09-21T07:04:11.246000Z,0.070790564195,2025-09-21 09:04:11.246,26.030555555556
Yeast Grow 4 Days,pioreactor02,2025-09-21T07:04:31.247000Z,0.070815454801,2025-09-21 09:04:31.247,26.036111111111
Yeast Grow 4 Days,pioreactor02,2025-09-21T07:04:41.246000Z,0.070817373439,2025-09-21 09:04:41.246,26.038888888889
Yeast Grow 4 Days,pioreactor02,2025-09-21T07:04:56.248000Z,0.070824259389,2025-09-21 09:04:56.248,26.043055555556
Yeast Grow 4 Days,pioreactor02,2025-09-21T07:05:11.247000Z,0.070809141055,2025-09-21 09:05:11.247,26.047222222222
Yeast Grow 4 Days,pioreactor02,2025-09-21T07:05:51.247000Z,0.070813205738,2025-09-21 09:05:51.247,26.058333333333
Yeast Grow 4 Days,pioreactor02,2025-09-21T07:06:21.246000Z,0.070873135432,2025-09-21 09:06:21.246,26.066666666667
Yeast Grow 4 Days,pioreactor02,2025-09-21T07:06:41.247000Z,0.070903828396,2025-09-21 09:06:41.247,26.072222222222
Yeast Grow 4 Days,pioreactor02,2025-09-21T07:07:06.245000Z,0.070913474301,2025-09-21 09:07:06.245,26.079166666667
Yeast Grow 4 Days,pioreactor02,2025-09-21T07:07:31.248000Z,0.070881445575,2025-09-21 09:07:31.248,26.086111111111
Yeast Grow 4 Days,pioreactor02,2025-09-21T07:09:36.246000Z,0.070870873668,2025-09-21 09:09:36.246,26.120833333333
Yeast Grow 4 Days,pioreactor02,2025-09-21T07:09:56.246000Z,0.070887843873,2025-09-21 09:09:56.246,26.126388888889
Yeast Grow 4 Days,pioreactor02,2025-09-21T07:10:11.247000Z,0.070895667845,2025-09-21 09:10:11.247,26.130555555556
Yeast Grow 4 Days,pioreactor02,2025-09-21T07:10:16.246000Z,0.070877839511,2025-09-21 09:10:16.246,26.131944444444
Yeast Grow 4 Days,pioreactor02,2025-09-21T07:10:56.246000Z,0.070861111514,2025-09-21 09:10:56.246,26.143055555556
Yeast Grow 4 Days,pioreactor02,2025-09-21T07:11:41.246000Z,0.07085529361,2025-09-21 09:11:41.246,26.155555555556
Yeast Grow 4 Days,pioreactor02,2025-09-21T07:11:46.248000Z,0.070851652279,2025-09-21 09:11:46.248,26.156944444444
Yeast Grow 4 Days,pioreactor02,2025-09-21T07:12:21.247000Z,0.070900164926,2025-09-21 09:12:21.247,26.166666666667
Yeast Grow 4 Days,pioreactor02,2025-09-21T07:13:36.247000Z,0.070884683357,2025-09-21 09:13:36.247,26.1875
Yeast Grow 4 Days,pioreactor02,2025-09-21T07:14:16.246000Z,0.070922003807,2025-09-21 09:14:16.246,26.198611111111
Yeast Grow 4 Days,pioreactor02,2025-09-21T07:14:51.246000Z,0.070942030547,2025-09-21 09:14:51.246,26.208333333333
Yeast Grow 4 Days,pioreactor02,2025-09-21T07:15:06.247000Z,0.070956496082,2025-09-21 09:15:06.247,26.2125
Yeast Grow 4 Days,pioreactor02,2025-09-21T07:15:56.247000Z,0.070923365773,2025-09-21 09:15:56.247,26.226388888889
Yeast Grow 4 Days,pioreactor02,2025-09-21T07:16:36.247000Z,0.07087376787,2025-09-21 09:16:36.247,26.2375
Yeast Grow 4 Days,pioreactor02,2025-09-21T07:16:51.247000Z,0.07087239247,2025-09-21 09:16:51.247,26.241666666667
Yeast Grow 4 Days,pioreactor02,2025-09-21T07:17:11.247000Z,0.070883813736,2025-09-21 09:17:11.247,26.247222222222
Yeast Grow 4 Days,pioreactor02,2025-09-21T07:17:21.248000Z,0.070887713401,2025-09-21 09:17:21.248,26.25
Yeast Grow 4 Days,pioreactor02,2025-09-21T07:17:51.247000Z,0.07089281349,2025-09-21 09:17:51.247,26.258333333333
Yeast Grow 4 Days,pioreactor02,2025-09-21T07:18:36.246000Z,0.070919057652,2025-09-21 09:18:36.246,26.270833333333
Yeast Grow 4 Days,pioreactor02,2025-09-21T07:19:16.246000Z,0.070890696885,2025-09-21 09:19:16.246,26.281944444444
Yeast Grow 4 Days,pioreactor02,2025-09-21T07:19:21.247000Z,0.070873036466,2025-09-21 09:19:21.247,26.283333333333
Yeast Grow 4 Days,pioreactor02,2025-09-21T07:20:21.247000Z,0.070833998829,2025-09-21 09:20:21.247,26.3
Yeast Grow 4 Days,pioreactor02,2025-09-21T07:20:56.246000Z,0.07083157505,2025-09-21 09:20:56.246,26.309722222222
Yeast Grow 4 Days,pioreactor02,2025-09-21T07:21:21.246000Z,0.0708151946,2025-09-21 09:21:21.246,26.316666666667
Yeast Grow 4 Days,pioreactor02,2025-09-21T07:22:06.247000Z,0.070868603431,2025-09-21 09:22:06.247,26.329166666667
Yeast Grow 4 Days,pioreactor02,2025-09-21T07:23:01.246000Z,0.070852975628,2025-09-21 09:23:01.246,26.344444444444
Yeast Grow 4 Days,pioreactor02,2025-09-21T07:23:11.249000Z,0.070846985863,2025-09-21 09:23:11.249,26.347222222222
Yeast Grow 4 Days,pioreactor02,2025-09-21T07:23:16.246000Z,0.070871585186,2025-09-21 09:23:16.246,26.348611111111
Yeast Grow 4 Days,pioreactor02,2025-09-21T07:23:31.246000Z,0.070851134139,2025-09-21 09:23:31.246,26.352777777778
Yeast Grow 4 Days,pioreactor02,2025-09-21T07:24:51.247000Z,0.070815723783,2025-09-21 09:24:51.247,26.375
Yeast Grow 4 Days,pioreactor02,2025-09-21T07:25:21.246000Z,0.070794330428,2025-09-21 09:25:21.246,26.383333333333
Yeast Grow 4 Days,pioreactor02,2025-09-21T07:26:16.246000Z,0.07079741841,2025-09-21 09:26:16.246,26.398611111111
Yeast Grow 4 Days,pioreactor02,2025-09-21T07:26:21.246000Z,0.070819724099,2025-09-21 09:26:21.246,26.4
Yeast Grow 4 Days,pioreactor02,2025-09-21T07:26:56.247000Z,0.070862910975,2025-09-21 09:26:56.247,26.409722222222
Yeast Grow 4 Days,pioreactor02,2025-09-21T07:27:36.246000Z,0.070830987598,2025-09-21 09:27:36.246,26.420833333333
Yeast Grow 4 Days,pioreactor02,2025-09-21T07:27:41.246000Z,0.070797606148,2025-09-21 09:27:41.246,26.422222222222
Yeast Grow 4 Days,pioreactor02,2025-09-21T07:28:01.247000Z,0.070800822234,2025-09-21 09:28:01.247,26.427777777778
Yeast Grow 4 Days,pioreactor02,2025-09-21T07:28:41.247000Z,0.070851237518,2025-09-21 09:28:41.247,26.438888888889
Yeast Grow 4 Days,pioreactor02,2025-09-21T07:29:06.245000Z,0.070851727229,2025-09-21 09:29:06.245,26.445833333333
Yeast Grow 4 Days,pioreactor02,2025-09-21T07:29:46.246000Z,0.070853003745,2025-09-21 09:29:46.246,26.456944444444
Yeast Grow 4 Days,pioreactor02,2025-09-21T07:29:51.247000Z,0.070858752971,2025-09-21 09:29:51.247,26.458333333333
Yeast Grow 4 Days,pioreactor02,2025-09-21T07:31:21.246000Z,0.070821428052,2025-09-21 09:31:21.246,26.483333333333
Yeast Grow 4 Days,pioreactor02,2025-09-21T07:31:26.246000Z,0.070832593847,2025-09-21 09:31:26.246,26.484722222222
Yeast Grow 4 Days,pioreactor02,2025-09-21T07:32:16.246000Z,0.070809175822,2025-09-21 09:32:16.246,26.498611111111
Yeast Grow 4 Days,pioreactor02,2025-09-21T07:33:06.247000Z,0.070832246552,2025-09-21 09:33:06.247,26.5125
Yeast Grow 4 Days,pioreactor02,2025-09-21T07:33:16.247000Z,0.0708341411,2025-09-21 09:33:16.247,26.515277777778
Yeast Grow 4 Days,pioreactor02,2025-09-21T07:33:31.247000Z,0.070815571405,2025-09-21 09:33:31.247,26.519444444444
Yeast Grow 4 Days,pioreactor02,2025-09-21T07:34:11.246000Z,0.070817954857,2025-09-21 09:34:11.246,26.530555555556
Yeast Grow 4 Days,pioreactor02,2025-09-21T07:34:21.250000Z,0.070818751105,2025-09-21 09:34:21.250,26.533333333333
Yeast Grow 4 Days,pioreactor02,2025-09-21T07:34:31.246000Z,0.070815513968,2025-09-21 09:34:31.246,26.536111111111
Yeast Grow 4 Days,pioreactor02,2025-09-21T07:34:51.247000Z,0.070797072417,2025-09-21 09:34:51.247,26.541666666667
Yeast Grow 4 Days,pioreactor02,2025-09-21T07:34:56.246000Z,0.070806388535,2025-09-21 09:34:56.246,26.543055555556
Yeast Grow 4 Days,pioreactor02,2025-09-21T07:35:21.246000Z,0.07081269672,2025-09-21 09:35:21.246,26.55
Yeast Grow 4 Days,pioreactor02,2025-09-21T07:35:36.248000Z,0.070818239093,2025-09-21 09:35:36.248,26.554166666667
Yeast Grow 4 Days,pioreactor02,2025-09-21T07:36:16.247000Z,0.070824596743,2025-09-21 09:36:16.247,26.565277777778
Yeast Grow 4 Days,pioreactor02,2025-09-21T07:37:11.246000Z,0.070801736063,2025-09-21 09:37:11.246,26.580555555556
Yeast Grow 4 Days,pioreactor02,2025-09-21T07:37:51.247000Z,0.070827413957,2025-09-21 09:37:51.247,26.591666666667
Yeast Grow 4 Days,pioreactor02,2025-09-21T07:39:36.246000Z,0.070789963159,2025-09-21 09:39:36.246,26.620833333333
Yeast Grow 4 Days,pioreactor02,2025-09-21T07:39:41.247000Z,0.070792422363,2025-09-21 09:39:41.247,26.622222222222
Yeast Grow 4 Days,pioreactor02,2025-09-21T07:39:46.247000Z,0.070788758877,2025-09-21 09:39:46.247,26.623611111111
Yeast Grow 4 Days,pioreactor02,2025-09-21T07:40:26.250000Z,0.07078360104,2025-09-21 09:40:26.250,26.634722222222
Yeast Grow 4 Days,pioreactor02,2025-09-21T07:40:41.246000Z,0.070803563289,2025-09-21 09:40:41.246,26.638888888889
Yeast Grow 4 Days,pioreactor02,2025-09-21T07:41:41.247000Z,0.070825991923,2025-09-21 09:41:41.247,26.655555555556
Yeast Grow 4 Days,pioreactor02,2025-09-21T07:42:36.246000Z,0.070859235415,2025-09-21 09:42:36.246,26.670833333333
Yeast Grow 4 Days,pioreactor02,2025-09-21T07:42:46.246000Z,0.070856514848,2025-09-21 09:42:46.246,26.673611111111
Yeast Grow 4 Days,pioreactor02,2025-09-21T07:47:11.246000Z,0.070831207515,2025-09-21 09:47:11.246,26.747222222222
Yeast Grow 4 Days,pioreactor02,2025-09-21T07:49:11.247000Z,0.070865778676,2025-09-21 09:49:11.247,26.780555555556
Yeast Grow 4 Days,pioreactor02,2025-09-21T07:49:51.246000Z,0.070898660875,2025-09-21 09:49:51.246,26.791666666667
Yeast Grow 4 Days,pioreactor02,2025-09-21T07:50:01.246000Z,0.070889687097,2025-09-21 09:50:01.246,26.794444444444
Yeast Grow 4 Days,pioreactor02,2025-09-21T07:51:56.247000Z,0.070871075742,2025-09-21 09:51:56.247,26.826388888889
Yeast Grow 4 Days,pioreactor02,2025-09-21T07:52:01.246000Z,0.070870539847,2025-09-21 09:52:01.246,26.827777777778
Yeast Grow 4 Days,pioreactor02,2025-09-21T07:52:16.248000Z,0.07086953463,2025-09-21 09:52:16.248,26.831944444444
Yeast Grow 4 Days,pioreactor02,2025-09-21T07:53:31.245000Z,0.070845873269,2025-09-21 09:53:31.245,26.852777777778
Yeast Grow 4 Days,pioreactor02,2025-09-21T07:54:06.247000Z,0.070855734831,2025-09-21 09:54:06.247,26.8625
Yeast Grow 4 Days,pioreactor02,2025-09-21T07:55:16.246000Z,0.07086552634,2025-09-21 09:55:16.246,26.881944444444
Yeast Grow 4 Days,pioreactor02,2025-09-21T07:55:21.247000Z,0.070880439036,2025-09-21 09:55:21.247,26.883333333333
Yeast Grow 4 Days,pioreactor02,2025-09-21T07:55:46.247000Z,0.07087650718,2025-09-21 09:55:46.247,26.890277777778
Yeast Grow 4 Days,pioreactor02,2025-09-21T07:55:51.246000Z,0.070879939832,2025-09-21 09:55:51.246,26.891666666667
Yeast Grow 4 Days,pioreactor02,2025-09-21T07:56:46.247000Z,0.070959909428,2025-09-21 09:56:46.247,26.906944444444
Yeast Grow 4 Days,pioreactor02,2025-09-21T07:56:51.246000Z,0.070953699065,2025-09-21 09:56:51.246,26.908333333333
Yeast Grow 4 Days,pioreactor02,2025-09-21T07:57:01.246000Z,0.070921422719,2025-09-21 09:57:01.246,26.911111111111
Yeast Grow 4 Days,pioreactor02,2025-09-21T07:57:36.246000Z,0.070906254477,2025-09-21 09:57:36.246,26.920833333333
Yeast Grow 4 Days,pioreactor02,2025-09-21T07:58:01.246000Z,0.070868929899,2025-09-21 09:58:01.246,26.927777777778
Yeast Grow 4 Days,pioreactor02,2025-09-21T07:59:11.246000Z,0.070919612107,2025-09-21 09:59:11.246,26.947222222222
Yeast Grow 4 Days,pioreactor02,2025-09-21T07:59:46.247000Z,0.070941239938,2025-09-21 09:59:46.247,26.956944444444
Yeast Grow 4 Days,pioreactor02,2025-09-21T08:01:21.246000Z,0.070884216497,2025-09-21 10:01:21.246,26.983333333333
Yeast Grow 4 Days,pioreactor02,2025-09-21T08:01:31.248000Z,0.070874248192,2025-09-21 10:01:31.248,26.986111111111
Yeast Grow 4 Days,pioreactor02,2025-09-21T08:02:21.246000Z,0.070863801658,2025-09-21 10:02:21.246,27.0
Yeast Grow 4 Days,pioreactor02,2025-09-21T08:02:56.246000Z,0.070861987138,2025-09-21 10:02:56.246,27.009722222222
Yeast Grow 4 Days,pioreactor02,2025-09-21T08:03:06.247000Z,0.07089336715,2025-09-21 10:03:06.247,27.0125
Yeast Grow 4 Days,pioreactor02,2025-09-21T08:03:21.248000Z,0.070918055019,2025-09-21 10:03:21.248,27.016666666667
Yeast Grow 4 Days,pioreactor02,2025-09-21T08:03:26.246000Z,0.070909242687,2025-09-21 10:03:26.246,27.018055555556
Yeast Grow 4 Days,pioreactor02,2025-09-21T08:03:56.246000Z,0.07092410512,2025-09-21 10:03:56.246,27.026388888889
Yeast Grow 4 Days,pioreactor02,2025-09-21T08:04:21.247000Z,0.070890325581,2025-09-21 10:04:21.247,27.033333333333
Yeast Grow 4 Days,pioreactor02,2025-09-21T08:04:26.247000Z,0.070883315393,2025-09-21 10:04:26.247,27.034722222222
Yeast Grow 4 Days,pioreactor02,2025-09-21T08:07:11.247000Z,0.070908770088,2025-09-21 10:07:11.247,27.080555555556
Yeast Grow 4 Days,pioreactor02,2025-09-21T08:07:46.246000Z,0.070910532683,2025-09-21 10:07:46.246,27.090277777778
Yeast Grow 4 Days,pioreactor02,2025-09-21T08:07:56.246000Z,0.070892124193,2025-09-21 10:07:56.246,27.093055555556
Yeast Grow 4 Days,pioreactor02,2025-09-21T08:09:06.247000Z,0.070850485971,2025-09-21 10:09:06.247,27.1125
Yeast Grow 4 Days,pioreactor02,2025-09-21T08:09:16.247000Z,0.070863008575,2025-09-21 10:09:16.247,27.115277777778
Yeast Grow 4 Days,pioreactor02,2025-09-21T08:09:21.246000Z,0.070866850487,2025-09-21 10:09:21.246,27.116666666667
Yeast Grow 4 Days,pioreactor02,2025-09-21T08:09:56.250000Z,0.070861768498,2025-09-21 10:09:56.250,27.126388888889
Yeast Grow 4 Days,pioreactor02,2025-09-21T08:10:31.246000Z,0.070838736127,2025-09-21 10:10:31.246,27.136111111111
Yeast Grow 4 Days,pioreactor02,2025-09-21T08:11:21.247000Z,0.070835136273,2025-09-21 10:11:21.247,27.15
Yeast Grow 4 Days,pioreactor02,2025-09-21T08:11:36.249000Z,0.070836673928,2025-09-21 10:11:36.249,27.154166666667
Yeast Grow 4 Days,pioreactor02,2025-09-21T08:12:01.247000Z,0.070838923895,2025-09-21 10:12:01.247,27.161111111111
Yeast Grow 4 Days,pioreactor02,2025-09-21T08:13:21.246000Z,0.070868508944,2025-09-21 10:13:21.246,27.183333333333
Yeast Grow 4 Days,pioreactor02,2025-09-21T08:13:31.246000Z,0.070866685835,2025-09-21 10:13:31.246,27.186111111111
Yeast Grow 4 Days,pioreactor02,2025-09-21T08:14:11.247000Z,0.070856187925,2025-09-21 10:14:11.247,27.197222222222
Yeast Grow 4 Days,pioreactor02,2025-09-21T08:14:26.247000Z,0.070838621546,2025-09-21 10:14:26.247,27.201388888889
Yeast Grow 4 Days,pioreactor02,2025-09-21T08:14:56.248000Z,0.070784249865,2025-09-21 10:14:56.248,27.209722222222
Yeast Grow 4 Days,pioreactor02,2025-09-21T08:15:01.247000Z,0.070761930979,2025-09-21 10:15:01.247,27.211111111111
Yeast Grow 4 Days,pioreactor02,2025-09-21T08:15:11.247000Z,0.07078360668,2025-09-21 10:15:11.247,27.213888888889
Yeast Grow 4 Days,pioreactor02,2025-09-21T08:15:36.246000Z,0.07075502683,2025-09-21 10:15:36.246,27.220833333333
Yeast Grow 4 Days,pioreactor02,2025-09-21T08:15:46.247000Z,0.070758835909,2025-09-21 10:15:46.247,27.223611111111
Yeast Grow 4 Days,pioreactor02,2025-09-21T08:15:51.245000Z,0.070767633968,2025-09-21 10:15:51.245,27.225
Yeast Grow 4 Days,pioreactor02,2025-09-21T08:16:06.247000Z,0.070765285468,2025-09-21 10:16:06.247,27.229166666667
Yeast Grow 4 Days,pioreactor02,2025-09-21T08:16:21.248000Z,0.070769509104,2025-09-21 10:16:21.248,27.233333333333
Yeast Grow 4 Days,pioreactor02,2025-09-21T08:17:41.246000Z,0.070790948459,2025-09-21 10:17:41.246,27.255555555556
Yeast Grow 4 Days,pioreactor02,2025-09-21T08:18:06.246000Z,0.070812488183,2025-09-21 10:18:06.246,27.2625
Yeast Grow 4 Days,pioreactor02,2025-09-21T08:18:36.251000Z,0.070830708489,2025-09-21 10:18:36.251,27.270833333333
Yeast Grow 4 Days,pioreactor02,2025-09-21T08:19:01.246000Z,0.070812180134,2025-09-21 10:19:01.246,27.277777777778
